{
	"credit": "Made with Blockbench",
	"textures": {
		"particle": "block/chair_b",
		"texture": "block/chair_b"
	},
	"elements": [
		{
			"name": "Voxels",
			"from": [0.5, 11, 1],
			"to": [1.5, 11.5, 3.5],
			"faces": {
				"north": {"uv": [14.625, 10.125, 14.375, 10.25], "texture": "#texture"},
				"east": {"uv": [13.375, 15.375, 12.75, 15.5], "texture": "#texture"},
				"south": {"uv": [14.125, 10.125, 14.375, 10.25], "texture": "#texture"},
				"west": {"uv": [2.125, 8, 2.75, 8.125], "texture": "#texture"},
				"up": {"uv": [15.5, 15.375, 15.75, 14.75], "texture": "#texture"},
				"down": {"uv": [15.75, 14.75, 16, 15.375], "texture": "#texture"}
			}
		},
		{
			"name": "Voxels",
			"from": [0.5, 11, 12],
			"to": [1.5, 11.5, 14.5],
			"faces": {
				"north": {"uv": [16, 10.25, 15.75, 10.375], "texture": "#texture"},
				"east": {"uv": [14.625, 15.375, 14, 15.5], "texture": "#texture"},
				"south": {"uv": [15.75, 11, 16, 11.125], "texture": "#texture"},
				"west": {"uv": [13.375, 15.375, 14, 15.5], "texture": "#texture"},
				"up": {"uv": [6, 8.75, 6.25, 8.125], "texture": "#texture"},
				"down": {"uv": [7.5, 8, 7.75, 8.625], "texture": "#texture"}
			}
		},
		{
			"name": "Voxels",
			"from": [0.5, 11.5, 1],
			"to": [1, 12.5, 3.5],
			"faces": {
				"north": {"uv": [13.875, 8.25, 13.75, 8.5], "texture": "#texture"},
				"east": {"uv": [11.375, 10.375, 10.75, 10.625], "texture": "#texture"},
				"south": {"uv": [13.75, 8.5, 13.875, 8.75], "texture": "#texture"},
				"west": {"uv": [10.75, 10.125, 11.375, 10.375], "texture": "#texture"},
				"up": {"uv": [6.25, 8.75, 6.375, 8.125], "texture": "#texture"},
				"down": {"uv": [14.25, 11, 14.375, 11.625], "texture": "#texture"}
			}
		},
		{
			"name": "Voxels",
			"from": [0.5, 11.5, 12],
			"to": [1, 12.5, 14.5],
			"faces": {
				"north": {"uv": [13.875, 9.25, 13.75, 9.5], "texture": "#texture"},
				"east": {"uv": [15.875, 15.75, 15.25, 16], "texture": "#texture"},
				"south": {"uv": [13.75, 9.5, 13.875, 9.75], "texture": "#texture"},
				"west": {"uv": [15.25, 15.5, 15.875, 15.75], "texture": "#texture"},
				"up": {"uv": [7.75, 8.625, 7.875, 8], "texture": "#texture"},
				"down": {"uv": [13.5, 11, 13.625, 11.625], "texture": "#texture"}
			}
		},
		{
			"name": "Voxels",
			"from": [1, 12, 1],
			"to": [14.5, 12.5, 3.5],
			"faces": {
				"north": {"uv": [12.75, 12.875, 9.375, 13], "texture": "#texture"},
				"east": {"uv": [15.5, 12.5, 14.875, 12.625], "texture": "#texture"},
				"south": {"uv": [9.375, 13, 12.75, 13.125], "texture": "#texture"},
				"west": {"uv": [15.25, 15.375, 15.875, 15.5], "texture": "#texture"},
				"up": {"uv": [6, 16, 9.375, 15.375], "texture": "#texture"},
				"down": {"uv": [9.375, 15.375, 12.75, 16], "texture": "#texture"}
			}
		},
		{
			"name": "Voxels",
			"from": [1, 12, 12],
			"to": [14.5, 12.5, 14.5],
			"faces": {
				"north": {"uv": [12.75, 13.125, 9.375, 13.25], "texture": "#texture"},
				"east": {"uv": [15.5, 12.625, 14.875, 12.75], "texture": "#texture"},
				"south": {"uv": [9.375, 13.25, 12.75, 13.375], "texture": "#texture"},
				"west": {"uv": [14.875, 12.75, 15.5, 12.875], "texture": "#texture"},
				"up": {"uv": [6, 15.375, 9.375, 14.75], "texture": "#texture"},
				"down": {"uv": [9.375, 14.75, 12.75, 15.375], "texture": "#texture"}
			}
		},
		{
			"name": "Voxels",
			"from": [2, -0.5, 1.5],
			"to": [3.5, 12, 3],
			"faces": {
				"north": {"uv": [5, 8, 4.625, 11.125], "texture": "#texture"},
				"east": {"uv": [6.375, 11.625, 6, 14.75], "texture": "#texture"},
				"south": {"uv": [5, 8, 5.375, 11.125], "texture": "#texture"},
				"west": {"uv": [5.375, 8, 5.75, 11.125], "texture": "#texture"},
				"up": {"uv": [8.625, 8.375, 9, 8], "texture": "#texture"},
				"down": {"uv": [11.75, 11.75, 12.125, 12.125], "texture": "#texture"}
			}
		},
		{
			"name": "Voxels",
			"from": [2, -0.5, 12.5],
			"to": [3.5, 12, 14],
			"faces": {
				"north": {"uv": [3.5, 8, 3.125, 11.125], "texture": "#texture"},
				"east": {"uv": [4.25, 8, 3.875, 11.125], "texture": "#texture"},
				"south": {"uv": [4.25, 8, 4.625, 11.125], "texture": "#texture"},
				"west": {"uv": [3.5, 8, 3.875, 11.125], "texture": "#texture"},
				"up": {"uv": [7.875, 8.375, 8.25, 8], "texture": "#texture"},
				"down": {"uv": [11.75, 10.25, 12.125, 10.625], "texture": "#texture"}
			}
		},
		{
			"name": "Voxels",
			"from": [2, 6, 3],
			"to": [14.5, 6.5, 12.5],
			"faces": {
				"north": {"uv": [15.875, 13.25, 12.75, 13.375], "texture": "#texture"},
				"east": {"uv": [15.75, 13.375, 13.375, 13.5], "texture": "#texture"},
				"south": {"uv": [12.75, 13.125, 15.875, 13.25], "texture": "#texture"},
				"west": {"uv": [13.375, 13.5, 15.75, 13.625], "texture": "#texture"},
				"up": {"uv": [0, 13.625, 3.125, 11.25], "texture": "#texture"},
				"down": {"uv": [0, 13.625, 3.125, 16], "texture": "#texture"}
			}
		},
		{
			"name": "Voxels",
			"from": [2.5, 1, 3],
			"to": [3, 2, 12.5],
			"faces": {
				"north": {"uv": [13.875, 9.75, 13.75, 10], "texture": "#texture"},
				"east": {"uv": [15.75, 13.625, 13.375, 13.875], "texture": "#texture"},
				"south": {"uv": [13.75, 10, 13.875, 10.25], "texture": "#texture"},
				"west": {"uv": [13.375, 14.125, 15.75, 14.375], "texture": "#texture"},
				"up": {"uv": [9.75, 10.875, 9.875, 8.5], "texture": "#texture"},
				"down": {"uv": [10.25, 9.75, 10.375, 12.125], "texture": "#texture"}
			}
		},
		{
			"name": "Voxels",
			"from": [2.5, 6.5, 3],
			"to": [14, 7, 12.5],
			"faces": {
				"north": {"uv": [15.625, 13, 12.75, 13.125], "texture": "#texture", "tintindex": 0},
				"east": {"uv": [14.5, 12.125, 12.125, 12.25], "texture": "#texture", "tintindex": 0},
				"south": {"uv": [12.75, 12.875, 15.625, 13], "texture": "#texture", "tintindex": 0},
				"west": {"uv": [13.375, 14.375, 15.75, 14.5], "texture": "#texture", "tintindex": 0},
				"up": {"uv": [0, 11.25, 2.875, 8.875], "texture": "#texture", "tintindex": 0},
				"down": {"uv": [3.125, 13.625, 6, 16], "texture": "#texture", "tintindex": 0}
			}
		},
		{
			"name": "Voxels",
			"from": [3.5, 1, 2],
			"to": [14.5, 2, 2.5],
			"faces": {
				"north": {"uv": [13.375, 14.5, 10.625, 14.75], "texture": "#texture"},
				"east": {"uv": [13.75, 8.75, 13.625, 9], "texture": "#texture"},
				"south": {"uv": [10.625, 14.125, 13.375, 14.375], "texture": "#texture"},
				"west": {"uv": [13.625, 8.5, 13.75, 8.75], "texture": "#texture"},
				"up": {"uv": [12.125, 12.625, 14.875, 12.5], "texture": "#texture"},
				"down": {"uv": [9.375, 12.5, 12.125, 12.625], "texture": "#texture"}
			}
		},
		{
			"name": "Voxels",
			"from": [3.5, 1, 13],
			"to": [14.5, 2, 13.5],
			"faces": {
				"north": {"uv": [10.625, 14.125, 7.875, 14.375], "texture": "#texture"},
				"east": {"uv": [13.75, 9.25, 13.625, 9.5], "texture": "#texture"},
				"south": {"uv": [10.625, 13.875, 13.375, 14.125], "texture": "#texture"},
				"west": {"uv": [13.625, 9, 13.75, 9.25], "texture": "#texture"},
				"up": {"uv": [9.375, 12.5, 12.125, 12.375], "texture": "#texture"},
				"down": {"uv": [9.375, 12.625, 12.125, 12.75], "texture": "#texture"}
			}
		},
		{
			"name": "Voxels",
			"from": [3.5, 6, 1.5],
			"to": [14.5, 6.5, 3],
			"faces": {
				"north": {"uv": [12.125, 12.25, 9.375, 12.375], "texture": "#texture"},
				"east": {"uv": [16, 13, 15.625, 13.125], "texture": "#texture"},
				"south": {"uv": [12.125, 12.25, 14.875, 12.375], "texture": "#texture"},
				"west": {"uv": [6, 8, 6.375, 8.125], "texture": "#texture"},
				"up": {"uv": [7.875, 14.75, 10.625, 14.375], "texture": "#texture"},
				"down": {"uv": [12.75, 15, 15.5, 15.375], "texture": "#texture"}
			}
		},
		{
			"name": "Voxels",
			"from": [3.5, 6, 12.5],
			"to": [14.5, 7, 13.5],
			"faces": {
				"north": {"uv": [10.625, 13.875, 7.875, 14.125], "texture": "#texture", "tintindex": 0},
				"east": {"uv": [16, 13.625, 15.75, 13.875], "texture": "#texture", "tintindex": 0},
				"south": {"uv": [7.875, 13.625, 10.625, 13.875], "texture": "#texture", "tintindex": 0},
				"west": {"uv": [2.875, 8.875, 3.125, 9.125], "texture": "#texture", "tintindex": 0},
				"up": {"uv": [10.625, 13.625, 13.375, 13.375], "texture": "#texture", "tintindex": 0},
				"down": {"uv": [7.875, 13.375, 10.625, 13.625], "texture": "#texture", "tintindex": 0}
			}
		},
		{
			"name": "Voxels",
			"from": [3.5, 6, 13.5],
			"to": [14.5, 6.5, 14],
			"faces": {
				"north": {"uv": [12.125, 12.75, 9.375, 12.875], "texture": "#texture"},
				"east": {"uv": [15.625, 10.25, 15.5, 10.375], "texture": "#texture"},
				"south": {"uv": [10.625, 14.375, 13.375, 14.5], "texture": "#texture"},
				"west": {"uv": [14.25, 8.75, 14.375, 8.875], "texture": "#texture"},
				"up": {"uv": [12.125, 12.875, 14.875, 12.75], "texture": "#texture"},
				"down": {"uv": [12.125, 12.625, 14.875, 12.75], "texture": "#texture"}
			}
		},
		{
			"name": "Voxels",
			"from": [3.5, 6.5, 2],
			"to": [14.5, 7, 3],
			"faces": {
				"north": {"uv": [14.875, 12.375, 12.125, 12.5], "texture": "#texture", "tintindex": 0},
				"east": {"uv": [6, 8, 5.75, 8.125], "texture": "#texture", "tintindex": 0},
				"south": {"uv": [9.375, 12.125, 12.125, 12.25], "texture": "#texture", "tintindex": 0},
				"west": {"uv": [14.625, 15.375, 14.875, 15.5], "texture": "#texture", "tintindex": 0},
				"up": {"uv": [12.75, 15, 15.5, 14.75], "texture": "#texture", "tintindex": 0},
				"down": {"uv": [10.625, 13.625, 13.375, 13.875], "texture": "#texture", "tintindex": 0}
			}
		},
		{
			"name": "Voxels",
			"from": [13, -0.5, 1.5],
			"to": [14.5, 6, 2],
			"faces": {
				"north": {"uv": [8.25, 11.75, 7.875, 13.375], "texture": "#texture"},
				"east": {"uv": [10, 8.125, 9.875, 9.75], "texture": "#texture"},
				"south": {"uv": [7.5, 8.625, 7.875, 10.25], "texture": "#texture"},
				"west": {"uv": [10, 8.125, 10.125, 9.75], "texture": "#texture"},
				"up": {"uv": [15.5, 12.875, 15.875, 12.75], "texture": "#texture"},
				"down": {"uv": [15.625, 12.875, 16, 13], "texture": "#texture"}
			}
		},
		{
			"name": "Voxels",
			"from": [13, -0.5, 2],
			"to": [14.5, 1, 3],
			"faces": {
				"north": {"uv": [11.75, 9.875, 11.375, 10.25], "texture": "#texture"},
				"east": {"uv": [9.875, 8.125, 9.625, 8.5], "texture": "#texture"},
				"south": {"uv": [11.75, 9.875, 12.125, 10.25], "texture": "#texture"},
				"west": {"uv": [9.375, 8, 9.625, 8.375], "texture": "#texture"},
				"up": {"uv": [14.25, 12.125, 14.625, 11.875], "texture": "#texture"},
				"down": {"uv": [14.625, 11.875, 15, 12.125], "texture": "#texture"}
			}
		},
		{
			"name": "Voxels",
			"from": [13, -0.5, 12.5],
			"to": [14.5, 6, 13],
			"faces": {
				"north": {"uv": [7.875, 10.25, 7.5, 11.875], "texture": "#texture"},
				"east": {"uv": [10.375, 8.125, 10.25, 9.75], "texture": "#texture"},
				"south": {"uv": [7.875, 10.125, 8.25, 11.75], "texture": "#texture"},
				"west": {"uv": [10.125, 8.125, 10.25, 9.75], "texture": "#texture"},
				"up": {"uv": [15.5, 12.625, 15.875, 12.5], "texture": "#texture"},
				"down": {"uv": [15.5, 12.625, 15.875, 12.75], "texture": "#texture"}
			}
		},
		{
			"name": "Voxels",
			"from": [13, -0.5, 13],
			"to": [14.5, 1, 14],
			"faces": {
				"north": {"uv": [11.75, 11.75, 11.375, 12.125], "texture": "#texture"},
				"east": {"uv": [16, 14.375, 15.75, 14.75], "texture": "#texture"},
				"south": {"uv": [10.75, 8.25, 11.125, 8.625], "texture": "#texture"},
				"west": {"uv": [11.125, 8.25, 11.375, 8.625], "texture": "#texture"},
				"up": {"uv": [13.875, 12.125, 14.25, 11.875], "texture": "#texture"},
				"down": {"uv": [9, 8, 9.375, 8.25], "texture": "#texture"}
			}
		},
		{
			"name": "Voxels",
			"from": [13, 1, 2.5],
			"to": [14.5, 6, 3],
			"faces": {
				"north": {"uv": [9.375, 12.125, 9, 13.375], "texture": "#texture"},
				"east": {"uv": [11.125, 10.625, 11, 11.875], "texture": "#texture"},
				"south": {"uv": [5.5, 11.125, 5.875, 12.375], "texture": "#texture"},
				"west": {"uv": [11.125, 10.625, 11.25, 11.875], "texture": "#texture"},
				"up": {"uv": [15.25, 12.5, 15.625, 12.375], "texture": "#texture"},
				"down": {"uv": [14.875, 12.375, 15.25, 12.5], "texture": "#texture"}
			}
		},
		{
			"name": "Voxels",
			"from": [13, 1, 13.5],
			"to": [14.5, 6, 14],
			"faces": {
				"north": {"uv": [9, 10.875, 8.625, 12.125], "texture": "#texture"},
				"east": {"uv": [10.875, 8.875, 10.75, 10.125], "texture": "#texture"},
				"south": {"uv": [8.625, 9.625, 9, 10.875], "texture": "#texture"},
				"west": {"uv": [11.25, 10.625, 11.375, 11.875], "texture": "#texture"},
				"up": {"uv": [14.875, 12.375, 15.25, 12.25], "texture": "#texture"},
				"down": {"uv": [15.625, 12.375, 16, 12.5], "texture": "#texture"}
			}
		},
		{
			"name": "Voxels",
			"from": [13, 2, 2],
			"to": [14.5, 6, 2.5],
			"faces": {
				"north": {"uv": [9.375, 10.125, 9, 11.125], "texture": "#texture"},
				"east": {"uv": [11.875, 8.875, 11.75, 9.875], "texture": "#texture"},
				"south": {"uv": [6.375, 8, 6.75, 9], "texture": "#texture"},
				"west": {"uv": [12, 10.75, 12.125, 11.75], "texture": "#texture"},
				"up": {"uv": [15.625, 12.375, 16, 12.25], "texture": "#texture"},
				"down": {"uv": [15.25, 12.25, 15.625, 12.375], "texture": "#texture"}
			}
		},
		{
			"name": "Voxels",
			"from": [13, 2, 13],
			"to": [14.5, 6, 13.5],
			"faces": {
				"north": {"uv": [7.125, 8, 6.75, 9], "texture": "#texture"},
				"east": {"uv": [12.125, 8.875, 12, 9.875], "texture": "#texture"},
				"south": {"uv": [9, 9.125, 9.375, 10.125], "texture": "#texture"},
				"west": {"uv": [11.875, 8.875, 12, 9.875], "texture": "#texture"},
				"up": {"uv": [14.875, 12.25, 15.25, 12.125], "texture": "#texture"},
				"down": {"uv": [14.5, 12.125, 14.875, 12.25], "texture": "#texture"}
			}
		},
		{
			"name": "Voxels",
			"from": [13, 6.5, 1.5],
			"to": [14.5, 12, 2],
			"faces": {
				"north": {"uv": [8.625, 12, 8.25, 13.375], "texture": "#texture"},
				"east": {"uv": [10.75, 10.75, 10.625, 12.125], "texture": "#texture"},
				"south": {"uv": [7.875, 8.75, 8.25, 10.125], "texture": "#texture"},
				"west": {"uv": [10.5, 8.625, 10.625, 10], "texture": "#texture"},
				"up": {"uv": [15.625, 12.25, 16, 12.125], "texture": "#texture"},
				"down": {"uv": [15.25, 12.125, 15.625, 12.25], "texture": "#texture"}
			}
		},
		{
			"name": "Voxels",
			"from": [13, 6.5, 13.5],
			"to": [14.5, 12, 14],
			"faces": {
				"north": {"uv": [8.625, 10.625, 8.25, 12], "texture": "#texture"},
				"east": {"uv": [10.5, 8.625, 10.375, 10], "texture": "#texture"},
				"south": {"uv": [8.25, 9.25, 8.625, 10.625], "texture": "#texture"},
				"west": {"uv": [10.625, 9.375, 10.75, 10.75], "texture": "#texture"},
				"up": {"uv": [14, 11.75, 14.375, 11.625], "texture": "#texture"},
				"down": {"uv": [14, 11.75, 14.375, 11.875], "texture": "#texture"}
			}
		},
		{
			"name": "Voxels",
			"from": [13, 7, 2],
			"to": [14.5, 12, 3],
			"faces": {
				"north": {"uv": [9, 12.125, 8.625, 13.375], "texture": "#texture"},
				"east": {"uv": [9.625, 10.875, 9.375, 12.125], "texture": "#texture"},
				"south": {"uv": [8.25, 8, 8.625, 9.25], "texture": "#texture"},
				"west": {"uv": [9.625, 10.875, 9.875, 12.125], "texture": "#texture"},
				"up": {"uv": [12.75, 11.875, 13.125, 11.625], "texture": "#texture"},
				"down": {"uv": [13.125, 11.625, 13.5, 11.875], "texture": "#texture"}
			}
		},
		{
			"name": "Voxels",
			"from": [13, 7, 12.5],
			"to": [14.5, 12, 13.5],
			"faces": {
				"north": {"uv": [9, 8.375, 8.625, 9.625], "texture": "#texture"},
				"east": {"uv": [9.625, 9.625, 9.375, 10.875], "texture": "#texture"},
				"south": {"uv": [5.5, 12.375, 5.875, 13.625], "texture": "#texture"},
				"west": {"uv": [9.375, 8.375, 9.625, 9.625], "texture": "#texture"},
				"up": {"uv": [15, 12.125, 15.375, 11.875], "texture": "#texture"},
				"down": {"uv": [15.375, 11.875, 15.75, 12.125], "texture": "#texture"}
			}
		},
		{
			"name": "Voxels",
			"from": [13, 12.5, 1.5],
			"to": [14.5, 24, 3],
			"faces": {
				"north": {"uv": [6.75, 11.875, 6.375, 14.75], "texture": "#texture"},
				"east": {"uv": [7.5, 9, 7.125, 11.875], "texture": "#texture"},
				"south": {"uv": [6, 8.75, 6.375, 11.625], "texture": "#texture"},
				"west": {"uv": [7.5, 11.875, 7.875, 14.75], "texture": "#texture"},
				"up": {"uv": [11.375, 8.375, 11.75, 8], "texture": "#texture"},
				"down": {"uv": [11.375, 8.375, 11.75, 8.75], "texture": "#texture"}
			}
		},
		{
			"name": "Voxels",
			"from": [13, 12.5, 12.5],
			"to": [14.5, 24, 14],
			"faces": {
				"north": {"uv": [7.5, 11.875, 7.125, 14.75], "texture": "#texture"},
				"east": {"uv": [6.75, 9, 6.375, 11.875], "texture": "#texture"},
				"south": {"uv": [6.75, 11.875, 7.125, 14.75], "texture": "#texture"},
				"west": {"uv": [6.75, 9, 7.125, 11.875], "texture": "#texture"},
				"up": {"uv": [11.375, 11.375, 11.75, 11], "texture": "#texture"},
				"down": {"uv": [11.375, 11.375, 11.75, 11.75], "texture": "#texture"}
			}
		},
		{
			"name": "Voxels",
			"from": [13, 24, 2],
			"to": [14.5, 25.5, 2.5],
			"faces": {
				"north": {"uv": [11.75, 10.25, 11.375, 10.625], "texture": "#texture"},
				"east": {"uv": [14.625, 10.25, 14.5, 10.625], "texture": "#texture"},
				"south": {"uv": [7.875, 8.375, 8.25, 8.75], "texture": "#texture"},
				"west": {"uv": [14.375, 10.25, 14.5, 10.625], "texture": "#texture"},
				"up": {"uv": [14.375, 11.75, 14.75, 11.625], "texture": "#texture"},
				"down": {"uv": [14.375, 11.75, 14.75, 11.875], "texture": "#texture"}
			}
		},
		{
			"name": "Voxels",
			"from": [13, 24, 13],
			"to": [14.5, 25.5, 13.5],
			"faces": {
				"north": {"uv": [3.125, 8.5, 2.75, 8.875], "texture": "#texture"},
				"east": {"uv": [13.25, 10.125, 13.125, 10.5], "texture": "#texture"},
				"south": {"uv": [11.375, 10.625, 11.75, 11], "texture": "#texture"},
				"west": {"uv": [12.25, 8, 12.375, 8.375], "texture": "#texture"},
				"up": {"uv": [14.875, 15.5, 15.25, 15.375], "texture": "#texture"},
				"down": {"uv": [1.75, 8, 2.125, 8.125], "texture": "#texture"}
			}
		},
		{
			"name": "Voxels",
			"from": [13.5, 1, 3],
			"to": [14, 2, 12.5],
			"faces": {
				"north": {"uv": [16, 15.5, 15.875, 15.75], "texture": "#texture"},
				"east": {"uv": [15.75, 13.875, 13.375, 14.125], "texture": "#texture"},
				"south": {"uv": [15.875, 15.75, 16, 16], "texture": "#texture"},
				"west": {"uv": [13.375, 14.5, 15.75, 14.75], "texture": "#texture"},
				"up": {"uv": [9.625, 10.875, 9.75, 8.5], "texture": "#texture"},
				"down": {"uv": [10.125, 9.75, 10.25, 12.125], "texture": "#texture"}
			}
		},
		{
			"name": "Voxels",
			"from": [13.5, 7, 3],
			"to": [14, 12, 12.5],
			"faces": {
				"north": {"uv": [11, 8.875, 10.875, 10.125], "texture": "#texture"},
				"east": {"uv": [5.5, 11.125, 3.125, 12.375], "texture": "#texture"},
				"south": {"uv": [10.75, 10.625, 10.875, 11.875], "texture": "#texture"},
				"west": {"uv": [3.125, 12.375, 5.5, 13.625], "texture": "#texture"},
				"up": {"uv": [9.875, 12.125, 10, 9.75], "texture": "#texture"},
				"down": {"uv": [10, 9.75, 10.125, 12.125], "texture": "#texture"}
			}
		},
		{
			"name": "Voxels",
			"from": [13.5, 12, 3.5],
			"to": [14.5, 12.5, 12],
			"faces": {
				"north": {"uv": [15.875, 10.125, 15.625, 10.25], "texture": "#texture"},
				"east": {"uv": [2.125, 8.125, 0, 8.25], "texture": "#texture"},
				"south": {"uv": [15.375, 10.125, 15.625, 10.25], "texture": "#texture"},
				"west": {"uv": [0, 8.25, 2.125, 8.375], "texture": "#texture"},
				"up": {"uv": [5.75, 11.125, 6, 9], "texture": "#texture"},
				"down": {"uv": [2.875, 9.125, 3.125, 11.25], "texture": "#texture"}
			}
		},
		{
			"name": "Voxels",
			"from": [13.5, 12.5, 3],
			"to": [14, 16.5, 3.5],
			"faces": {
				"north": {"uv": [12.25, 9.125, 12.125, 10.125], "texture": "#texture"},
				"east": {"uv": [12.375, 10.125, 12.25, 11.125], "texture": "#texture"},
				"south": {"uv": [12.125, 8.125, 12.25, 9.125], "texture": "#texture"},
				"west": {"uv": [12.25, 11.125, 12.375, 12.125], "texture": "#texture"},
				"up": {"uv": [15, 9.375, 15.125, 9.25], "texture": "#texture"},
				"down": {"uv": [14.25, 9.125, 14.375, 9.25], "texture": "#texture"}
			}
		},
		{
			"name": "Voxels",
			"from": [13.5, 12.5, 3.5],
			"to": [14, 15, 4],
			"faces": {
				"north": {"uv": [13.25, 11, 13.125, 11.625], "texture": "#texture"},
				"east": {"uv": [14, 11, 13.875, 11.625], "texture": "#texture"},
				"south": {"uv": [13.25, 11, 13.375, 11.625], "texture": "#texture"},
				"west": {"uv": [13.375, 11, 13.5, 11.625], "texture": "#texture"},
				"up": {"uv": [15, 9.5, 15.125, 9.375], "texture": "#texture"},
				"down": {"uv": [15.125, 9.375, 15.25, 9.5], "texture": "#texture"}
			}
		},
		{
			"name": "Voxels",
			"from": [13.5, 12.5, 4],
			"to": [14, 14.5, 12.5],
			"faces": {
				"north": {"uv": [13, 8, 12.875, 8.5], "texture": "#texture"},
				"east": {"uv": [2.125, 8.375, 0, 8.875], "texture": "#texture"},
				"south": {"uv": [13, 10.5, 13.125, 11], "texture": "#texture"},
				"west": {"uv": [12.75, 15.5, 14.875, 16], "texture": "#texture"},
				"up": {"uv": [10.5, 12.125, 10.625, 10], "texture": "#texture"},
				"down": {"uv": [10.375, 10, 10.5, 12.125], "texture": "#texture"}
			}
		},
		{
			"name": "Voxels",
			"from": [13.5, 14.5, 6],
			"to": [14, 15, 9.5],
			"faces": {
				"north": {"uv": [15, 9.375, 14.875, 9.5], "texture": "#texture"},
				"east": {"uv": [0.875, 8, 0, 8.125], "texture": "#texture"},
				"south": {"uv": [14.75, 9.375, 14.875, 9.5], "texture": "#texture"},
				"west": {"uv": [0.875, 8, 1.75, 8.125], "texture": "#texture"},
				"up": {"uv": [12.375, 11.875, 12.5, 11], "texture": "#texture"},
				"down": {"uv": [12.375, 10.125, 12.5, 11], "texture": "#texture"}
			}
		},
		{
			"name": "Voxels",
			"from": [13.5, 14.5, 11.5],
			"to": [14, 15, 12.5],
			"faces": {
				"north": {"uv": [16, 15.375, 15.875, 15.5], "texture": "#texture"},
				"east": {"uv": [9.875, 8, 9.625, 8.125], "texture": "#texture"},
				"south": {"uv": [14.625, 8.875, 14.75, 9], "texture": "#texture"},
				"west": {"uv": [11.125, 8.875, 11.375, 9], "texture": "#texture"},
				"up": {"uv": [13.875, 8.875, 14, 8.625], "texture": "#texture"},
				"down": {"uv": [13.875, 8.375, 14, 8.625], "texture": "#texture"}
			}
		},
		{
			"name": "Voxels",
			"from": [13.5, 15, 6.5],
			"to": [14, 16.5, 9],
			"faces": {
				"north": {"uv": [13.25, 9.75, 13.125, 10.125], "texture": "#texture"},
				"east": {"uv": [2.75, 8.5, 2.125, 8.875], "texture": "#texture"},
				"south": {"uv": [13.125, 9.375, 13.25, 9.75], "texture": "#texture"},
				"west": {"uv": [2.125, 8.125, 2.75, 8.5], "texture": "#texture"},
				"up": {"uv": [14.125, 11.625, 14.25, 11], "texture": "#texture"},
				"down": {"uv": [14, 11, 14.125, 11.625], "texture": "#texture"}
			}
		},
		{
			"name": "Voxels",
			"from": [13.5, 15, 12],
			"to": [14, 16.5, 12.5],
			"faces": {
				"north": {"uv": [13.25, 9, 13.125, 9.375], "texture": "#texture"},
				"east": {"uv": [13.375, 10.625, 13.25, 11], "texture": "#texture"},
				"south": {"uv": [13.125, 8.625, 13.25, 9], "texture": "#texture"},
				"west": {"uv": [13.125, 8.25, 13.25, 8.625], "texture": "#texture"},
				"up": {"uv": [15.5, 9.375, 15.625, 9.25], "texture": "#texture"},
				"down": {"uv": [15.625, 9.25, 15.75, 9.375], "texture": "#texture"}
			}
		},
		{
			"name": "Voxels",
			"from": [13.5, 16.5, 7],
			"to": [14, 20.5, 8.5],
			"faces": {
				"north": {"uv": [12.25, 10.125, 12.125, 11.125], "texture": "#texture"},
				"east": {"uv": [9.375, 11.125, 9, 12.125], "texture": "#texture"},
				"south": {"uv": [12.125, 11.125, 12.25, 12.125], "texture": "#texture"},
				"west": {"uv": [7.125, 8, 7.5, 9], "texture": "#texture"},
				"up": {"uv": [13.5, 11, 13.625, 10.625], "texture": "#texture"},
				"down": {"uv": [13.375, 10.625, 13.5, 11], "texture": "#texture"}
			}
		},
		{
			"name": "Voxels",
			"from": [13.5, 17.5, 3],
			"to": [14, 20.5, 3.5],
			"faces": {
				"north": {"uv": [12.75, 9.625, 12.625, 10.375], "texture": "#texture"},
				"east": {"uv": [12.625, 11.125, 12.5, 11.875], "texture": "#texture"},
				"south": {"uv": [12.375, 8.625, 12.5, 9.375], "texture": "#texture"},
				"west": {"uv": [12.375, 9.375, 12.5, 10.125], "texture": "#texture"},
				"up": {"uv": [15.75, 9.5, 15.875, 9.375], "texture": "#texture"},
				"down": {"uv": [14.5, 9.25, 14.625, 9.375], "texture": "#texture"}
			}
		},
		{
			"name": "Voxels",
			"from": [13.5, 17.5, 6.5],
			"to": [14, 20.5, 7],
			"faces": {
				"north": {"uv": [12.625, 10.375, 12.5, 11.125], "texture": "#texture"},
				"east": {"uv": [12.875, 10.125, 12.75, 10.875], "texture": "#texture"},
				"south": {"uv": [12.5, 8.875, 12.625, 9.625], "texture": "#texture"},
				"west": {"uv": [12.75, 10.875, 12.875, 11.625], "texture": "#texture"},
				"up": {"uv": [14.5, 9.5, 14.625, 9.375], "texture": "#texture"},
				"down": {"uv": [15.375, 9.375, 15.5, 9.5], "texture": "#texture"}
			}
		},
		{
			"name": "Voxels",
			"from": [13.5, 17.5, 8.5],
			"to": [14, 20.5, 9],
			"faces": {
				"north": {"uv": [12.625, 8.125, 12.5, 8.875], "texture": "#texture"},
				"east": {"uv": [12.875, 8.625, 12.75, 9.375], "texture": "#texture"},
				"south": {"uv": [12.625, 11.125, 12.75, 11.875], "texture": "#texture"},
				"west": {"uv": [12.75, 9.375, 12.875, 10.125], "texture": "#texture"},
				"up": {"uv": [14.375, 9, 14.5, 8.875], "texture": "#texture"},
				"down": {"uv": [14.375, 8.5, 14.5, 8.625], "texture": "#texture"}
			}
		},
		{
			"name": "Voxels",
			"from": [13.5, 17.5, 12],
			"to": [14, 20.5, 12.5],
			"faces": {
				"north": {"uv": [12.75, 10.375, 12.625, 11.125], "texture": "#texture"},
				"east": {"uv": [12.625, 9.625, 12.5, 10.375], "texture": "#texture"},
				"south": {"uv": [12.625, 8.875, 12.75, 9.625], "texture": "#texture"},
				"west": {"uv": [12.625, 8.125, 12.75, 8.875], "texture": "#texture"},
				"up": {"uv": [15.125, 9.375, 15.25, 9.25], "texture": "#texture"},
				"down": {"uv": [14.375, 9.25, 14.5, 9.375], "texture": "#texture"}
			}
		},
		{
			"name": "Voxels",
			"from": [13.5, 19, 3.5],
			"to": [14, 20.5, 4],
			"faces": {
				"north": {"uv": [13.875, 10.625, 13.75, 11], "texture": "#texture"},
				"east": {"uv": [14.25, 10.625, 14.125, 11], "texture": "#texture"},
				"south": {"uv": [13.875, 10.625, 14, 11], "texture": "#texture"},
				"west": {"uv": [14, 10.625, 14.125, 11], "texture": "#texture"},
				"up": {"uv": [14.5, 8.5, 14.625, 8.375], "texture": "#texture"},
				"down": {"uv": [15.75, 9.25, 15.875, 9.375], "texture": "#texture"}
			}
		},
		{
			"name": "Voxels",
			"from": [13.5, 19, 6],
			"to": [14, 21.5, 6.5],
			"faces": {
				"north": {"uv": [13.75, 11, 13.625, 11.625], "texture": "#texture"},
				"east": {"uv": [10.5, 8, 10.375, 8.625], "texture": "#texture"},
				"south": {"uv": [13.75, 11, 13.875, 11.625], "texture": "#texture"},
				"west": {"uv": [10.5, 8, 10.625, 8.625], "texture": "#texture"},
				"up": {"uv": [14.625, 9.375, 14.75, 9.25], "texture": "#texture"},
				"down": {"uv": [14.5, 8, 14.625, 8.125], "texture": "#texture"}
			}
		},
		{
			"name": "Voxels",
			"from": [13.5, 19, 9],
			"to": [14, 21.5, 9.5],
			"faces": {
				"north": {"uv": [13, 11, 12.875, 11.625], "texture": "#texture"},
				"east": {"uv": [12.5, 8, 12.375, 8.625], "texture": "#texture"},
				"south": {"uv": [13, 11, 13.125, 11.625], "texture": "#texture"},
				"west": {"uv": [12.75, 8, 12.875, 8.625], "texture": "#texture"},
				"up": {"uv": [14.375, 8.125, 14.5, 8], "texture": "#texture"},
				"down": {"uv": [14.375, 8.125, 14.5, 8.25], "texture": "#texture"}
			}
		},
		{
			"name": "Voxels",
			"from": [13.5, 19, 11.5],
			"to": [14, 20.5, 12],
			"faces": {
				"north": {"uv": [14.375, 10.625, 14.25, 11], "texture": "#texture"},
				"east": {"uv": [14.75, 10.625, 14.625, 11], "texture": "#texture"},
				"south": {"uv": [14.375, 10.625, 14.5, 11], "texture": "#texture"},
				"west": {"uv": [14.5, 10.625, 14.625, 11], "texture": "#texture"},
				"up": {"uv": [14.5, 8.625, 14.625, 8.5], "texture": "#texture"},
				"down": {"uv": [14.5, 9.125, 14.625, 9.25], "texture": "#texture"}
			}
		},
		{
			"name": "Voxels",
			"from": [13.5, 19.5, 4],
			"to": [14, 20.5, 6],
			"faces": {
				"north": {"uv": [11.375, 8, 11.25, 8.25], "texture": "#texture"},
				"east": {"uv": [13.375, 11.875, 12.875, 12.125], "texture": "#texture"},
				"south": {"uv": [13.125, 8, 13.25, 8.25], "texture": "#texture"},
				"west": {"uv": [13.375, 11.875, 13.875, 12.125], "texture": "#texture"},
				"up": {"uv": [13.125, 11, 13.25, 10.5], "texture": "#texture"},
				"down": {"uv": [15.25, 11.125, 15.375, 11.625], "texture": "#texture"}
			}
		},
		{
			"name": "Voxels",
			"from": [13.5, 19.5, 9.5],
			"to": [14, 20.5, 11.5],
			"faces": {
				"north": {"uv": [13.875, 8.75, 13.75, 9], "texture": "#texture"},
				"east": {"uv": [12.875, 11.875, 12.375, 12.125], "texture": "#texture"},
				"south": {"uv": [13.875, 8.875, 14, 9.125], "texture": "#texture"},
				"west": {"uv": [10.75, 8, 11.25, 8.25], "texture": "#texture"},
				"up": {"uv": [13, 10, 13.125, 9.5], "texture": "#texture"},
				"down": {"uv": [13, 8, 13.125, 8.5], "texture": "#texture"}
			}
		},
		{
			"name": "Voxels",
			"from": [13.5, 20.5, 4.5],
			"to": [14, 21, 5.5],
			"faces": {
				"north": {"uv": [16, 12.5, 15.875, 12.625], "texture": "#texture"},
				"east": {"uv": [14.875, 10.125, 14.625, 10.25], "texture": "#texture"},
				"south": {"uv": [9.875, 8, 10, 8.125], "texture": "#texture"},
				"west": {"uv": [13.875, 10.125, 14.125, 10.25], "texture": "#texture"},
				"up": {"uv": [13.625, 9.75, 13.75, 9.5], "texture": "#texture"},
				"down": {"uv": [13.875, 8.125, 14, 8.375], "texture": "#texture"}
			}
		},
		{
			"name": "Voxels",
			"from": [13.5, 20.5, 10],
			"to": [14, 21, 11],
			"faces": {
				"north": {"uv": [10.375, 8, 10.25, 8.125], "texture": "#texture"},
				"east": {"uv": [15.375, 10.125, 15.125, 10.25], "texture": "#texture"},
				"south": {"uv": [12, 10.625, 12.125, 10.75], "texture": "#texture"},
				"west": {"uv": [14.875, 10.125, 15.125, 10.25], "texture": "#texture"},
				"up": {"uv": [13.75, 9.25, 13.875, 9], "texture": "#texture"},
				"down": {"uv": [13.625, 8, 13.75, 8.25], "texture": "#texture"}
			}
		},
		{
			"name": "Voxels",
			"from": [13.5, 21.5, 5.5],
			"to": [14, 22, 6],
			"faces": {
				"north": {"uv": [14, 8, 13.875, 8.125], "texture": "#texture"},
				"east": {"uv": [15.875, 9.75, 15.75, 9.875], "texture": "#texture"},
				"south": {"uv": [15.625, 9.75, 15.75, 9.875], "texture": "#texture"},
				"west": {"uv": [15.625, 9.625, 15.75, 9.75], "texture": "#texture"},
				"up": {"uv": [15.875, 10.25, 16, 10.125], "texture": "#texture"},
				"down": {"uv": [15.625, 10.25, 15.75, 10.375], "texture": "#texture"}
			}
		},
		{
			"name": "Voxels",
			"from": [13.5, 21.5, 9.5],
			"to": [14, 22, 10],
			"faces": {
				"north": {"uv": [14.375, 9.375, 14.25, 9.5], "texture": "#texture"},
				"east": {"uv": [14.375, 8.125, 14.25, 8.25], "texture": "#texture"},
				"south": {"uv": [14.25, 9.25, 14.375, 9.375], "texture": "#texture"},
				"west": {"uv": [14.25, 8.25, 14.375, 8.375], "texture": "#texture"},
				"up": {"uv": [14.25, 9.625, 14.375, 9.5], "texture": "#texture"},
				"down": {"uv": [15.875, 9.75, 16, 9.875], "texture": "#texture"}
			}
		},
		{
			"name": "Voxels",
			"from": [13.5, 22, 5],
			"to": [14, 26.5, 5.5],
			"faces": {
				"north": {"uv": [11.625, 8.75, 11.5, 9.875], "texture": "#texture"},
				"east": {"uv": [11.375, 9, 11.25, 10.125], "texture": "#texture"},
				"south": {"uv": [11.625, 8.75, 11.75, 9.875], "texture": "#texture"},
				"west": {"uv": [11.375, 8.75, 11.5, 9.875], "texture": "#texture"},
				"up": {"uv": [14.625, 9.625, 14.75, 9.5], "texture": "#texture"},
				"down": {"uv": [14.5, 9.5, 14.625, 9.625], "texture": "#texture"}
			}
		},
		{
			"name": "Voxels",
			"from": [13.5, 22, 7.5],
			"to": [14, 25.5, 8.5],
			"faces": {
				"north": {"uv": [12.375, 8.375, 12.25, 9.25], "texture": "#texture"},
				"east": {"uv": [6, 8.125, 5.75, 9], "texture": "#texture"},
				"south": {"uv": [9.25, 8.25, 9.375, 9.125], "texture": "#texture"},
				"west": {"uv": [9, 8.25, 9.25, 9.125], "texture": "#texture"},
				"up": {"uv": [14.125, 9.125, 14.25, 8.875], "texture": "#texture"},
				"down": {"uv": [14.125, 9.125, 14.25, 9.375], "texture": "#texture"}
			}
		},
		{
			"name": "Voxels",
			"from": [13.5, 22, 8.5],
			"to": [14, 23, 9.5],
			"faces": {
				"north": {"uv": [15.625, 9.625, 15.5, 9.875], "texture": "#texture"},
				"east": {"uv": [16, 13.875, 15.75, 14.125], "texture": "#texture"},
				"south": {"uv": [13.625, 8.25, 13.75, 8.5], "texture": "#texture"},
				"west": {"uv": [15.75, 14.125, 16, 14.375], "texture": "#texture"},
				"up": {"uv": [15.375, 9.875, 15.5, 9.625], "texture": "#texture"},
				"down": {"uv": [15.25, 9.625, 15.375, 9.875], "texture": "#texture"}
			}
		},
		{
			"name": "Voxels",
			"from": [13.5, 22, 10],
			"to": [14, 26.5, 10.5],
			"faces": {
				"north": {"uv": [12, 10.625, 11.875, 11.75], "texture": "#texture"},
				"east": {"uv": [11.125, 9, 11, 10.125], "texture": "#texture"},
				"south": {"uv": [11.75, 10.625, 11.875, 11.75], "texture": "#texture"},
				"west": {"uv": [11.125, 9, 11.25, 10.125], "texture": "#texture"},
				"up": {"uv": [12.125, 8.125, 12.25, 8], "texture": "#texture"},
				"down": {"uv": [11, 8.875, 11.125, 9], "texture": "#texture"}
			}
		},
		{
			"name": "Voxels",
			"from": [13.5, 23, 3],
			"to": [14, 24, 3.5],
			"faces": {
				"north": {"uv": [15.25, 10.375, 15.125, 10.625], "texture": "#texture"},
				"east": {"uv": [15.625, 10.375, 15.5, 10.625], "texture": "#texture"},
				"south": {"uv": [15.25, 10.375, 15.375, 10.625], "texture": "#texture"},
				"west": {"uv": [15.375, 10.375, 15.5, 10.625], "texture": "#texture"},
				"up": {"uv": [14.25, 8.625, 14.375, 8.5], "texture": "#texture"},
				"down": {"uv": [14.25, 8.625, 14.375, 8.75], "texture": "#texture"}
			}
		},
		{
			"name": "Voxels",
			"from": [13.5, 23, 12],
			"to": [14, 24, 12.5],
			"faces": {
				"north": {"uv": [15.875, 10.375, 15.75, 10.625], "texture": "#texture"},
				"east": {"uv": [13.75, 9.75, 13.625, 10], "texture": "#texture"},
				"south": {"uv": [15.875, 10.375, 16, 10.625], "texture": "#texture"},
				"west": {"uv": [13.625, 10, 13.75, 10.25], "texture": "#texture"},
				"up": {"uv": [14.25, 8.125, 14.375, 8], "texture": "#texture"},
				"down": {"uv": [14.25, 8.375, 14.375, 8.5], "texture": "#texture"}
			}
		},
		{
			"name": "Voxels",
			"from": [13.5, 23.5, 3.5],
			"to": [14, 25.5, 4],
			"faces": {
				"north": {"uv": [14.875, 11.125, 14.75, 11.625], "texture": "#texture"},
				"east": {"uv": [15.125, 11.125, 15, 11.625], "texture": "#texture"},
				"south": {"uv": [13, 10, 13.125, 10.5], "texture": "#texture"},
				"west": {"uv": [14.875, 11.125, 15, 11.625], "texture": "#texture"},
				"up": {"uv": [15, 9.625, 15.125, 9.5], "texture": "#texture"},
				"down": {"uv": [14.375, 9.5, 14.5, 9.625], "texture": "#texture"}
			}
		},
		{
			"name": "Voxels",
			"from": [13.5, 23.5, 6],
			"to": [14, 28.5, 6.5],
			"faces": {
				"north": {"uv": [6, 11.125, 5.875, 12.375], "texture": "#texture"},
				"east": {"uv": [11, 10.625, 10.875, 11.875], "texture": "#texture"},
				"south": {"uv": [5.875, 12.375, 6, 13.625], "texture": "#texture"},
				"west": {"uv": [10.625, 8.125, 10.75, 9.375], "texture": "#texture"},
				"up": {"uv": [15.125, 9.625, 15.25, 9.5], "texture": "#texture"},
				"down": {"uv": [10.625, 8, 10.75, 8.125], "texture": "#texture"}
			}
		},
		{
			"name": "Voxels",
			"from": [13.5, 23.5, 6.5],
			"to": [14, 27, 7],
			"faces": {
				"north": {"uv": [12.375, 9.25, 12.25, 10.125], "texture": "#texture"},
				"east": {"uv": [12, 8, 11.875, 8.875], "texture": "#texture"},
				"south": {"uv": [11.75, 8, 11.875, 8.875], "texture": "#texture"},
				"west": {"uv": [12, 8, 12.125, 8.875], "texture": "#texture"},
				"up": {"uv": [15.375, 9.625, 15.5, 9.5], "texture": "#texture"},
				"down": {"uv": [15.25, 9.5, 15.375, 9.625], "texture": "#texture"}
			}
		},
		{
			"name": "Voxels",
			"from": [13.5, 23.5, 7],
			"to": [14, 24.5, 7.5],
			"faces": {
				"north": {"uv": [14, 9.875, 13.875, 10.125], "texture": "#texture"},
				"east": {"uv": [14, 9.125, 13.875, 9.375], "texture": "#texture"},
				"south": {"uv": [13.875, 9.625, 14, 9.875], "texture": "#texture"},
				"west": {"uv": [13.875, 9.375, 14, 9.625], "texture": "#texture"},
				"up": {"uv": [15.75, 9.625, 15.875, 9.5], "texture": "#texture"},
				"down": {"uv": [15.625, 9.5, 15.75, 9.625], "texture": "#texture"}
			}
		},
		{
			"name": "Voxels",
			"from": [13.5, 23.5, 11.5],
			"to": [14, 25.5, 12],
			"faces": {
				"north": {"uv": [15.25, 11.125, 15.125, 11.625], "texture": "#texture"},
				"east": {"uv": [15.625, 11.125, 15.5, 11.625], "texture": "#texture"},
				"south": {"uv": [14.625, 11.125, 14.75, 11.625], "texture": "#texture"},
				"west": {"uv": [15.375, 11.125, 15.5, 11.625], "texture": "#texture"},
				"up": {"uv": [14.375, 9.5, 14.5, 9.375], "texture": "#texture"},
				"down": {"uv": [15.875, 9.5, 16, 9.625], "texture": "#texture"}
			}
		},
		{
			"name": "Voxels",
			"from": [13.5, 24, 1.5],
			"to": [14, 25.5, 2],
			"faces": {
				"north": {"uv": [14.875, 10.625, 14.75, 11], "texture": "#texture"},
				"east": {"uv": [15.25, 10.625, 15.125, 11], "texture": "#texture"},
				"south": {"uv": [14.875, 10.625, 15, 11], "texture": "#texture"},
				"west": {"uv": [15, 10.625, 15.125, 11], "texture": "#texture"},
				"up": {"uv": [14.375, 8.75, 14.5, 8.625], "texture": "#texture"},
				"down": {"uv": [14.375, 8.75, 14.5, 8.875], "texture": "#texture"}
			}
		},
		{
			"name": "Voxels",
			"from": [13.5, 24, 2.5],
			"to": [14, 25.5, 3],
			"faces": {
				"north": {"uv": [15.375, 10.625, 15.25, 11], "texture": "#texture"},
				"east": {"uv": [15.75, 10.625, 15.625, 11], "texture": "#texture"},
				"south": {"uv": [15.375, 10.625, 15.5, 11], "texture": "#texture"},
				"west": {"uv": [15.5, 10.625, 15.625, 11], "texture": "#texture"},
				"up": {"uv": [15.25, 9.5, 15.375, 9.375], "texture": "#texture"},
				"down": {"uv": [14.625, 9.375, 14.75, 9.5], "texture": "#texture"}
			}
		},
		{
			"name": "Voxels",
			"from": [13.5, 24, 12.5],
			"to": [14, 25.5, 13],
			"faces": {
				"north": {"uv": [15.875, 10.625, 15.75, 11], "texture": "#texture"},
				"east": {"uv": [13.375, 9.875, 13.25, 10.25], "texture": "#texture"},
				"south": {"uv": [15.875, 10.625, 16, 11], "texture": "#texture"},
				"west": {"uv": [13.25, 10.25, 13.375, 10.625], "texture": "#texture"},
				"up": {"uv": [14.5, 8.75, 14.625, 8.625], "texture": "#texture"},
				"down": {"uv": [14.5, 8.75, 14.625, 8.875], "texture": "#texture"}
			}
		},
		{
			"name": "Voxels",
			"from": [13.5, 24, 13.5],
			"to": [14, 25.5, 14],
			"faces": {
				"north": {"uv": [13.375, 9.5, 13.25, 9.875], "texture": "#texture"},
				"east": {"uv": [13.375, 8.375, 13.25, 8.75], "texture": "#texture"},
				"south": {"uv": [13.25, 9.125, 13.375, 9.5], "texture": "#texture"},
				"west": {"uv": [13.25, 8.75, 13.375, 9.125], "texture": "#texture"},
				"up": {"uv": [14.875, 9.375, 15, 9.25], "texture": "#texture"},
				"down": {"uv": [14.75, 9.25, 14.875, 9.375], "texture": "#texture"}
			}
		},
		{
			"name": "Voxels",
			"from": [13.5, 24.5, 8.5],
			"to": [14, 25.5, 9.5],
			"faces": {
				"north": {"uv": [15.875, 11.625, 15.75, 11.875], "texture": "#texture"},
				"east": {"uv": [16, 11.875, 15.75, 12.125], "texture": "#texture"},
				"south": {"uv": [15.875, 11.625, 16, 11.875], "texture": "#texture"},
				"west": {"uv": [15.75, 13.375, 16, 13.625], "texture": "#texture"},
				"up": {"uv": [15.625, 11.875, 15.75, 11.625], "texture": "#texture"},
				"down": {"uv": [15.5, 11.625, 15.625, 11.875], "texture": "#texture"}
			}
		},
		{
			"name": "Voxels",
			"from": [13.5, 25.5, 2],
			"to": [14, 27, 2.5],
			"faces": {
				"north": {"uv": [13.375, 8, 13.25, 8.375], "texture": "#texture"},
				"east": {"uv": [13.5, 9.5, 13.375, 9.875], "texture": "#texture"},
				"south": {"uv": [13.375, 10.25, 13.5, 10.625], "texture": "#texture"},
				"west": {"uv": [13.375, 9.875, 13.5, 10.25], "texture": "#texture"},
				"up": {"uv": [15.875, 9.375, 16, 9.25], "texture": "#texture"},
				"down": {"uv": [15.875, 9.375, 16, 9.5], "texture": "#texture"}
			}
		},
		{
			"name": "Voxels",
			"from": [13.5, 25.5, 4],
			"to": [14, 27.5, 4.5],
			"faces": {
				"north": {"uv": [15.75, 11.125, 15.625, 11.625], "texture": "#texture"},
				"east": {"uv": [13, 10.5, 12.875, 11], "texture": "#texture"},
				"south": {"uv": [15.75, 11.125, 15.875, 11.625], "texture": "#texture"},
				"west": {"uv": [15.875, 11.125, 16, 11.625], "texture": "#texture"},
				"up": {"uv": [15.875, 13.25, 16, 13.125], "texture": "#texture"},
				"down": {"uv": [15.875, 13.25, 16, 13.375], "texture": "#texture"}
			}
		},
		{
			"name": "Voxels",
			"from": [13.5, 25.5, 11],
			"to": [14, 27.5, 11.5],
			"faces": {
				"north": {"uv": [13, 10, 12.875, 10.5], "texture": "#texture"},
				"east": {"uv": [13, 8.5, 12.875, 9], "texture": "#texture"},
				"south": {"uv": [12.875, 9.5, 13, 10], "texture": "#texture"},
				"west": {"uv": [12.875, 9, 13, 9.5], "texture": "#texture"},
				"up": {"uv": [15.875, 12.75, 16, 12.625], "texture": "#texture"},
				"down": {"uv": [15.875, 12.75, 16, 12.875], "texture": "#texture"}
			}
		},
		{
			"name": "Voxels",
			"from": [13.5, 25.5, 13],
			"to": [14, 27, 13.5],
			"faces": {
				"north": {"uv": [13.5, 9.125, 13.375, 9.5], "texture": "#texture"},
				"east": {"uv": [13.5, 8, 13.375, 8.375], "texture": "#texture"},
				"south": {"uv": [13.375, 8.75, 13.5, 9.125], "texture": "#texture"},
				"west": {"uv": [13.375, 8.375, 13.5, 8.75], "texture": "#texture"},
				"up": {"uv": [10.125, 8.125, 10.25, 8], "texture": "#texture"},
				"down": {"uv": [10, 8, 10.125, 8.125], "texture": "#texture"}
			}
		},
		{
			"name": "Voxels",
			"from": [13.5, 26, 7],
			"to": [14, 27, 8],
			"faces": {
				"north": {"uv": [15.75, 10.375, 15.625, 10.625], "texture": "#texture"},
				"east": {"uv": [14, 11.625, 13.75, 11.875], "texture": "#texture"},
				"south": {"uv": [14.125, 9.875, 14.25, 10.125], "texture": "#texture"},
				"west": {"uv": [13.5, 11.625, 13.75, 11.875], "texture": "#texture"},
				"up": {"uv": [13.75, 8.25, 13.875, 8], "texture": "#texture"},
				"down": {"uv": [14, 9.875, 14.125, 10.125], "texture": "#texture"}
			}
		},
		{
			"name": "Voxels",
			"from": [13.5, 26.5, 5.5],
			"to": [14, 27, 6],
			"faces": {
				"north": {"uv": [14.75, 11, 14.625, 11.125], "texture": "#texture"},
				"east": {"uv": [15.125, 11, 15, 11.125], "texture": "#texture"},
				"south": {"uv": [14.75, 11, 14.875, 11.125], "texture": "#texture"},
				"west": {"uv": [14.875, 11, 15, 11.125], "texture": "#texture"},
				"up": {"uv": [12.625, 8.125, 12.75, 8], "texture": "#texture"},
				"down": {"uv": [12.5, 8, 12.625, 8.125], "texture": "#texture"}
			}
		},
		{
			"name": "Voxels",
			"from": [13.5, 26.5, 9.5],
			"to": [14, 27, 10],
			"faces": {
				"north": {"uv": [15.5, 11, 15.375, 11.125], "texture": "#texture"},
				"east": {"uv": [15.25, 10.25, 15.125, 10.375], "texture": "#texture"},
				"south": {"uv": [15.5, 11, 15.625, 11.125], "texture": "#texture"},
				"west": {"uv": [15.625, 11, 15.75, 11.125], "texture": "#texture"},
				"up": {"uv": [15.25, 11.125, 15.375, 11], "texture": "#texture"},
				"down": {"uv": [15.125, 11, 15.25, 11.125], "texture": "#texture"}
			}
		},
		{
			"name": "Voxels",
			"from": [13.5, 27, 4.5],
			"to": [14, 28.5, 5],
			"faces": {
				"north": {"uv": [13.625, 10.25, 13.5, 10.625], "texture": "#texture"},
				"east": {"uv": [13.625, 9.125, 13.5, 9.5], "texture": "#texture"},
				"south": {"uv": [13.5, 9.875, 13.625, 10.25], "texture": "#texture"},
				"west": {"uv": [13.5, 9.5, 13.625, 9.875], "texture": "#texture"},
				"up": {"uv": [15.375, 10.375, 15.5, 10.25], "texture": "#texture"},
				"down": {"uv": [15.25, 10.25, 15.375, 10.375], "texture": "#texture"}
			}
		},
		{
			"name": "Voxels",
			"from": [13.5, 27, 9],
			"to": [14, 28.5, 9.5],
			"faces": {
				"north": {"uv": [13.625, 8.75, 13.5, 9.125], "texture": "#texture"},
				"east": {"uv": [13.75, 10.25, 13.625, 10.625], "texture": "#texture"},
				"south": {"uv": [13.5, 8.375, 13.625, 8.75], "texture": "#texture"},
				"west": {"uv": [13.5, 8, 13.625, 8.375], "texture": "#texture"},
				"up": {"uv": [14.125, 8.125, 14.25, 8], "texture": "#texture"},
				"down": {"uv": [14, 8, 14.125, 8.125], "texture": "#texture"}
			}
		},
		{
			"name": "Voxels",
			"from": [13.5, 27, 10.5],
			"to": [14, 28.5, 11],
			"faces": {
				"north": {"uv": [13.875, 10.25, 13.75, 10.625], "texture": "#texture"},
				"east": {"uv": [13.75, 10.625, 13.625, 11], "texture": "#texture"},
				"south": {"uv": [13.875, 10.25, 14, 10.625], "texture": "#texture"},
				"west": {"uv": [14, 10.25, 14.125, 10.625], "texture": "#texture"},
				"up": {"uv": [15.875, 9.75, 16, 9.625], "texture": "#texture"},
				"down": {"uv": [15.75, 9.625, 15.875, 9.75], "texture": "#texture"}
			}
		},
		{
			"name": "Voxels",
			"from": [13.5, 28, 5],
			"to": [14, 29, 5.5],
			"faces": {
				"north": {"uv": [14.375, 9.875, 14.25, 10.125], "texture": "#texture"},
				"east": {"uv": [14.75, 9.875, 14.625, 10.125], "texture": "#texture"},
				"south": {"uv": [14.375, 9.875, 14.5, 10.125], "texture": "#texture"},
				"west": {"uv": [14.5, 9.875, 14.625, 10.125], "texture": "#texture"},
				"up": {"uv": [14.25, 9, 14.375, 8.875], "texture": "#texture"},
				"down": {"uv": [14.25, 9, 14.375, 9.125], "texture": "#texture"}
			}
		},
		{
			"name": "Voxels",
			"from": [13.5, 28, 6.5],
			"to": [14, 29, 9],
			"faces": {
				"north": {"uv": [14.875, 9.875, 14.75, 10.125], "texture": "#texture"},
				"east": {"uv": [11.375, 8.625, 10.75, 8.875], "texture": "#texture"},
				"south": {"uv": [14.875, 9.875, 15, 10.125], "texture": "#texture"},
				"west": {"uv": [10.75, 11.875, 11.375, 12.125], "texture": "#texture"},
				"up": {"uv": [14.5, 11.625, 14.625, 11], "texture": "#texture"},
				"down": {"uv": [14.375, 11, 14.5, 11.625], "texture": "#texture"}
			}
		},
		{
			"name": "Voxels",
			"from": [13.5, 28, 10],
			"to": [14, 29, 10.5],
			"faces": {
				"north": {"uv": [15.125, 9.875, 15, 10.125], "texture": "#texture"},
				"east": {"uv": [15.5, 9.875, 15.375, 10.125], "texture": "#texture"},
				"south": {"uv": [15.125, 9.875, 15.25, 10.125], "texture": "#texture"},
				"west": {"uv": [15.25, 9.875, 15.375, 10.125], "texture": "#texture"},
				"up": {"uv": [14.875, 9.625, 15, 9.5], "texture": "#texture"},
				"down": {"uv": [14.75, 9.5, 14.875, 9.625], "texture": "#texture"}
			}
		},
		{
			"name": "Voxels",
			"from": [13.5, 28.5, 5.5],
			"to": [14, 29.5, 6],
			"faces": {
				"north": {"uv": [15.75, 9.875, 15.625, 10.125], "texture": "#texture"},
				"east": {"uv": [14.125, 9.625, 14, 9.875], "texture": "#texture"},
				"south": {"uv": [15.75, 9.875, 15.875, 10.125], "texture": "#texture"},
				"west": {"uv": [15.875, 9.875, 16, 10.125], "texture": "#texture"},
				"up": {"uv": [14.625, 8.875, 14.75, 8.75], "texture": "#texture"},
				"down": {"uv": [15.5, 9.5, 15.625, 9.625], "texture": "#texture"}
			}
		},
		{
			"name": "Voxels",
			"from": [13.5, 28.5, 9.5],
			"to": [14, 29.5, 10],
			"faces": {
				"north": {"uv": [14.125, 9.375, 14, 9.625], "texture": "#texture"},
				"east": {"uv": [14.125, 8.625, 14, 8.875], "texture": "#texture"},
				"south": {"uv": [14, 9.125, 14.125, 9.375], "texture": "#texture"},
				"west": {"uv": [14, 8.875, 14.125, 9.125], "texture": "#texture"},
				"up": {"uv": [14.375, 9.125, 14.5, 9], "texture": "#texture"},
				"down": {"uv": [14.375, 9.125, 14.5, 9.25], "texture": "#texture"}
			}
		},
		{
			"name": "Voxels",
			"from": [13.5, 29, 6],
			"to": [14, 30, 6.5],
			"faces": {
				"north": {"uv": [14.125, 8.375, 14, 8.625], "texture": "#texture"},
				"east": {"uv": [14.25, 9.375, 14.125, 9.625], "texture": "#texture"},
				"south": {"uv": [14, 8.125, 14.125, 8.375], "texture": "#texture"},
				"west": {"uv": [14.125, 9.625, 14.25, 9.875], "texture": "#texture"},
				"up": {"uv": [14.375, 8.375, 14.5, 8.25], "texture": "#texture"},
				"down": {"uv": [14.375, 8.375, 14.5, 8.5], "texture": "#texture"}
			}
		},
		{
			"name": "Voxels",
			"from": [13.5, 29, 7],
			"to": [14, 31, 8.5],
			"faces": {
				"north": {"uv": [13.125, 9, 13, 9.5], "texture": "#texture"},
				"east": {"uv": [15.25, 15.5, 14.875, 16], "texture": "#texture"},
				"south": {"uv": [13, 8.5, 13.125, 9], "texture": "#texture"},
				"west": {"uv": [2.75, 8, 3.125, 8.5], "texture": "#texture"},
				"up": {"uv": [14.25, 10.625, 14.375, 10.25], "texture": "#texture"},
				"down": {"uv": [14.125, 10.25, 14.25, 10.625], "texture": "#texture"}
			}
		},
		{
			"name": "Voxels",
			"from": [13.5, 29, 9],
			"to": [14, 30, 9.5],
			"faces": {
				"north": {"uv": [14.25, 8.625, 14.125, 8.875], "texture": "#texture"},
				"east": {"uv": [14.25, 8.125, 14.125, 8.375], "texture": "#texture"},
				"south": {"uv": [15.5, 9.875, 15.625, 10.125], "texture": "#texture"},
				"west": {"uv": [14.125, 8.375, 14.25, 8.625], "texture": "#texture"},
				"up": {"uv": [15.625, 9.5, 15.75, 9.375], "texture": "#texture"},
				"down": {"uv": [15.5, 9.375, 15.625, 9.5], "texture": "#texture"}
			}
		},
		{
			"name": "Voxels",
			"from": [13.5, 29.5, 6.5],
			"to": [14, 30.5, 7],
			"faces": {
				"north": {"uv": [14.375, 9.625, 14.25, 9.875], "texture": "#texture"},
				"east": {"uv": [14.75, 9.625, 14.625, 9.875], "texture": "#texture"},
				"south": {"uv": [14.375, 9.625, 14.5, 9.875], "texture": "#texture"},
				"west": {"uv": [14.5, 9.625, 14.625, 9.875], "texture": "#texture"},
				"up": {"uv": [14.5, 9, 14.625, 8.875], "texture": "#texture"},
				"down": {"uv": [14.5, 9, 14.625, 9.125], "texture": "#texture"}
			}
		},
		{
			"name": "Voxels",
			"from": [13.5, 29.5, 8.5],
			"to": [14, 30.5, 9],
			"faces": {
				"north": {"uv": [14.875, 9.625, 14.75, 9.875], "texture": "#texture"},
				"east": {"uv": [15.25, 9.625, 15.125, 9.875], "texture": "#texture"},
				"south": {"uv": [14.875, 9.625, 15, 9.875], "texture": "#texture"},
				"west": {"uv": [15, 9.625, 15.125, 9.875], "texture": "#texture"},
				"up": {"uv": [14.5, 8.25, 14.625, 8.125], "texture": "#texture"},
				"down": {"uv": [14.5, 8.25, 14.625, 8.375], "texture": "#texture"}
			}
		},
		{
			"name": "Voxels",
			"from": [14.5, 12, 1.5],
			"to": [15, 12.5, 3],
			"faces": {
				"north": {"uv": [15.375, 9.25, 15.25, 9.375], "texture": "#texture"},
				"east": {"uv": [15.125, 11.625, 14.75, 11.75], "texture": "#texture"},
				"south": {"uv": [15.375, 9.25, 15.5, 9.375], "texture": "#texture"},
				"west": {"uv": [14.75, 11.75, 15.125, 11.875], "texture": "#texture"},
				"up": {"uv": [14.75, 10.625, 14.875, 10.25], "texture": "#texture"},
				"down": {"uv": [14.625, 10.25, 14.75, 10.625], "texture": "#texture"}
			}
		},
		{
			"name": "Voxels",
			"from": [14.5, 12, 12.5],
			"to": [15, 12.5, 14],
			"faces": {
				"north": {"uv": [14.75, 9.125, 14.625, 9.25], "texture": "#texture"},
				"east": {"uv": [15.5, 11.625, 15.125, 11.75], "texture": "#texture"},
				"south": {"uv": [14.625, 9, 14.75, 9.125], "texture": "#texture"},
				"west": {"uv": [15.125, 11.75, 15.5, 11.875], "texture": "#texture"},
				"up": {"uv": [15, 10.625, 15.125, 10.25], "texture": "#texture"},
				"down": {"uv": [14.875, 10.25, 15, 10.625], "texture": "#texture"}
			}
		}
	],
	"display": {
		"thirdperson_righthand": {
			"rotation": [27, 36, 0],
			"translation": [-0.202, 2.7826, -0.695],
			"scale": [0.5, 0.5, 0.5]
		},
		"thirdperson_lefthand": {
			"rotation": [27, 36, 0],
			"translation": [-0.202, 2.7826, -0.695],
			"scale": [0.5, 0.5, 0.5]
		},
		"firstperson_righthand": {
			"rotation": [-14, 42, 0],
			"translation": [1.3922, 0, 0],
			"scale": [0.5, 0.5, 0.5]
		},
		"firstperson_lefthand": {
			"rotation": [-14, 42, 0],
			"translation": [1.3922, 0, 0],
			"scale": [0.5, 0.5, 0.5]
		},
		"ground": {
			"rotation": [0, 30, -28],
			"translation": [0, 2.7826, 0],
			"scale": [0.5, 0.5, 0.5]
		},
		"gui": {
			"rotation": [3, 63, 5],
			"translation": [0, -2.086, 0],
			"scale": [0.4, 0.4, 0.4]
		},
		"fixed": {
			"rotation": [-90, -90, 0],
			"translation": [0, 0, -18.47],
			"scale": [2.2, 2.3478, 2.2]
		}
	}
}