{
	"__comment": "Designed by Pashjn with Cubik Studio - https://cubik.studio",
	"textures": {
		"particle": "block/extractor",
		"texture": "block/extractor",
		"voxels_atlas": "block/extractor",
		"texture1": "item/aether/aethergreater"
	},
	"elements": [ 	 
		{
			"__comment": "Voxels",
			"from": [ 0, 0, 0 ],
			"to": [ 15.9889, 1.716, 15.9889 ],
			"faces": {
				"down": { "uv": [ 0, 14.5, 1.5, 16 ], "texture": "#voxels_atlas" },
				"up": { "uv": [ 0, 14.5, 1.5, 13 ], "texture": "#voxels_atlas" },
				"north": { "uv": [ 14.1875, 15.875, 12.6875, 16 ], "texture": "#voxels_atlas" },
				"south": { "uv": [ 11.1875, 15.875, 12.6875, 16 ], "texture": "#voxels_atlas" },
				"west": { "uv": [ 8.1875, 15.875, 9.6875, 16 ], "texture": "#voxels_atlas" },
				"east": { "uv": [ 8.1875, 15.875, 6.6875, 16 ], "texture": "#voxels_atlas" }
			}
		},
		{
			"__comment": "Voxels",
			"from": [ 0, 1.716, 0 ],
			"to": [ 2.664816, 16.302, 1.332408 ],
			"faces": {
				"down": { "uv": [ 4.9375, 10.125, 5.1875, 10.25 ], "texture": "#voxels_atlas" },
				"up": { "uv": [ 8.1875, 15.4375, 8.4375, 15.3125 ], "texture": "#voxels_atlas" },
				"north": { "uv": [ 4.875, 14.3125, 4.625, 15.375 ], "texture": "#voxels_atlas" },
				"south": { "uv": [ 4.375, 13.25, 4.625, 14.3125 ], "texture": "#voxels_atlas" },
				"west": { "uv": [ 5.125, 14.3125, 5.25, 15.375 ], "texture": "#voxels_atlas" },
				"east": { "uv": [ 5.25, 13.25, 5.125, 14.3125 ], "texture": "#voxels_atlas" }
			}
		},
		{
			"__comment": "Voxels",
			"from": [ 0, 1.716, 1.3324 ],
			"to": [ 15.9889, 15.444, 2.664808 ],
			"faces": {
				"down": { "uv": [ 6.6875, 14.75, 8.1875, 14.875 ], "texture": "#voxels_atlas" },
				"up": { "uv": [ 6.6875, 15, 8.1875, 14.875 ], "texture": "#voxels_atlas" },
				"north": { "uv": [ 1.5, 12, 0, 13 ], "texture": "#voxels_atlas" },
				"south": { "uv": [ 0, 11, 1.5, 12 ], "texture": "#voxels_atlas" },
				"west": { "uv": [ 4.75, 12.25, 4.875, 13.25 ], "texture": "#voxels_atlas" },
				"east": { "uv": [ 5, 12.25, 4.875, 13.25 ], "texture": "#voxels_atlas" }
			}
		},
		{
			"__comment": "Voxels",
			"from": [ 0, 1.716, 13.3241 ],
			"to": [ 15.9889, 15.444, 14.65651 ],
			"faces": {
				"down": { "uv": [ 14.1875, 15.875, 15.6875, 16 ], "texture": "#voxels_atlas" },
				"up": { "uv": [ 6.6875, 15.75, 8.1875, 15.625 ], "texture": "#voxels_atlas" },
				"north": { "uv": [ 1.5, 10, 0, 11 ], "texture": "#voxels_atlas" },
				"south": { "uv": [ 0, 9, 1.5, 10 ], "texture": "#voxels_atlas" },
				"west": { "uv": [ 5, 12.25, 5.125, 13.25 ], "texture": "#voxels_atlas" },
				"east": { "uv": [ 5.25, 12.25, 5.125, 13.25 ], "texture": "#voxels_atlas" }
			}
		},
		{
			"__comment": "Voxels",
			"from": [ 0, 1.716, 14.6565 ],
			"to": [ 15.9889, 12.012, 15.3227 ],
			"faces": {
				"down": { "uv": [ 6.6875, 11.5625, 8.1875, 11.625 ], "texture": "#voxels_atlas" },
				"up": { "uv": [ 6.6875, 11.5625, 8.1875, 11.5 ], "texture": "#voxels_atlas" },
				"north": { "uv": [ 4.375, 15.25, 2.875, 16 ], "texture": "#voxels_atlas" },
				"south": { "uv": [ 2.875, 14.5, 4.375, 15.25 ], "texture": "#voxels_atlas" },
				"west": { "uv": [ 5, 8.3125, 5.0625, 9.0625 ], "texture": "#voxels_atlas" },
				"east": { "uv": [ 5.125, 8.3125, 5.0625, 9.0625 ], "texture": "#voxels_atlas" }
			}
		},
		{
			"__comment": "Voxels",
			"from": [ 0, 1.716, 15.3227 ],
			"to": [ 2.664816, 16.302, 15.9889 ],
			"faces": {
				"down": { "uv": [ 8.1875, 11.875, 8.4375, 11.9375 ], "texture": "#voxels_atlas" },
				"up": { "uv": [ 8.1875, 11.875, 8.4375, 11.8125 ], "texture": "#voxels_atlas" },
				"north": { "uv": [ 4.625, 14.3125, 4.375, 15.375 ], "texture": "#voxels_atlas" },
				"south": { "uv": [ 4.875, 14.3125, 5.125, 15.375 ], "texture": "#voxels_atlas" },
				"west": { "uv": [ 4.375, 9.0625, 4.4375, 10.125 ], "texture": "#voxels_atlas" },
				"east": { "uv": [ 4.5, 9.0625, 4.4375, 10.125 ], "texture": "#voxels_atlas" }
			}
		},
		{
			"__comment": "Voxels",
			"from": [ 0, 3.432, 7.3282 ],
			"to": [ 14.65649, 7.722, 9.326812 ],
			"faces": {
				"down": { "uv": [ 5.25, 12.4375, 6.625, 12.625 ], "texture": "#voxels_atlas" },
				"up": { "uv": [ 5.25, 10.5625, 6.625, 10.375 ], "texture": "#voxels_atlas" },
				"north": { "uv": [ 4.25, 10.625, 2.875, 10.9375 ], "texture": "#voxels_atlas" },
				"south": { "uv": [ 2.875, 10, 4.25, 10.3125 ], "texture": "#voxels_atlas" },
				"west": { "uv": [ 4.6875, 9.25, 4.875, 9.5625 ], "texture": "#voxels_atlas" },
				"east": { "uv": [ 4.875, 9.5625, 4.6875, 9.875 ], "texture": "#voxels_atlas" }
			}
		},
		{
			"__comment": "Voxels",
			"from": [ 0, 4.29, 5.3296 ],
			"to": [ 15.32269, 6.006, 5.995804 ],
			"faces": {
				"down": { "uv": [ 6.6875, 10.625, 8.125, 10.6875 ], "texture": "#voxels_atlas" },
				"up": { "uv": [ 5.25, 8.0625, 6.6875, 8 ], "texture": "#voxels_atlas" },
				"north": { "uv": [ 6.6875, 8.5625, 5.25, 8.6875 ], "texture": "#voxels_atlas" },
				"south": { "uv": [ 5.25, 8.8125, 6.6875, 8.9375 ], "texture": "#voxels_atlas" },
				"west": { "uv": [ 8.4375, 12.875, 8.5, 13 ], "texture": "#voxels_atlas" },
				"east": { "uv": [ 8.5, 13, 8.4375, 13.125 ], "texture": "#voxels_atlas" }
			}
		},
		{
			"__comment": "Voxels",
			"from": [ 0, 4.29, 5.9958 ],
			"to": [ 15.32269, 5.148, 6.662004 ],
			"faces": {
				"down": { "uv": [ 6.6875, 9.8125, 8.125, 9.875 ], "texture": "#voxels_atlas" },
				"up": { "uv": [ 6.6875, 10.375, 8.125, 10.3125 ], "texture": "#voxels_atlas" },
				"north": { "uv": [ 8.125, 10.25, 6.6875, 10.3125 ], "texture": "#voxels_atlas" },
				"south": { "uv": [ 6.6875, 9.5625, 8.125, 9.625 ], "texture": "#voxels_atlas" },
				"west": { "uv": [ 8.125, 10.875, 8.1875, 10.9375 ], "texture": "#voxels_atlas" },
				"east": { "uv": [ 8.1875, 10.9375, 8.125, 11 ], "texture": "#voxels_atlas" }
			}
		},
		{
			"__comment": "Voxels",
			"from": [ 0, 4.29, 9.9931 ],
			"to": [ 15.9889, 6.864, 11.32551 ],
			"faces": {
				"down": { "uv": [ 6.6875, 15, 8.1875, 15.125 ], "texture": "#voxels_atlas" },
				"up": { "uv": [ 9.6875, 16, 11.1875, 15.875 ], "texture": "#voxels_atlas" },
				"north": { "uv": [ 4.375, 8.8125, 2.875, 9 ], "texture": "#voxels_atlas" },
				"south": { "uv": [ 2.875, 8.625, 4.375, 8.8125 ], "texture": "#voxels_atlas" },
				"west": { "uv": [ 4.25, 9.0625, 4.375, 9.25 ], "texture": "#voxels_atlas" },
				"east": { "uv": [ 4.875, 12.0625, 4.75, 12.25 ], "texture": "#voxels_atlas" }
			}
		},
		{
			"__comment": "Voxels",
			"from": [ 0, 5.148, 4.6634 ],
			"to": [ 15.32269, 6.006, 5.329604 ],
			"faces": {
				"down": { "uv": [ 6.6875, 10.1875, 8.125, 10.25 ], "texture": "#voxels_atlas" },
				"up": { "uv": [ 6.6875, 10.1875, 8.125, 10.125 ], "texture": "#voxels_atlas" },
				"north": { "uv": [ 8.125, 10.0625, 6.6875, 10.125 ], "texture": "#voxels_atlas" },
				"south": { "uv": [ 6.6875, 10, 8.125, 10.0625 ], "texture": "#voxels_atlas" },
				"west": { "uv": [ 8.125, 11, 8.1875, 11.0625 ], "texture": "#voxels_atlas" },
				"east": { "uv": [ 8.1875, 11.0625, 8.125, 11.125 ], "texture": "#voxels_atlas" }
			}
		},
		{
			"__comment": "Voxels",
			"from": [ 0, 5.148, 5.9958 ],
			"to": [ 14.65649, 13.728, 6.662004 ],
			"faces": {
				"down": { "uv": [ 6.6875, 8.625, 8.0625, 8.6875 ], "texture": "#voxels_atlas" },
				"up": { "uv": [ 6.6875, 8.75, 8.0625, 8.6875 ], "texture": "#voxels_atlas" },
				"north": { "uv": [ 2.875, 11.375, 1.5, 12 ], "texture": "#voxels_atlas" },
				"south": { "uv": [ 1.5, 10.75, 2.875, 11.375 ], "texture": "#voxels_atlas" },
				"west": { "uv": [ 2.8125, 14.5, 2.875, 15.125 ], "texture": "#voxels_atlas" },
				"east": { "uv": [ 2.875, 13.625, 2.8125, 14.25 ], "texture": "#voxels_atlas" }
			}
		},
		{
			"__comment": "Voxels",
			"from": [ 0, 5.148, 6.662 ],
			"to": [ 14.65649, 12.87, 7.328204 ],
			"faces": {
				"down": { "uv": [ 10.9375, 15.8125, 12.3125, 15.875 ], "texture": "#voxels_atlas" },
				"up": { "uv": [ 6.6875, 9.0625, 8.0625, 9 ], "texture": "#voxels_atlas" },
				"north": { "uv": [ 2.875, 10.1875, 1.5, 10.75 ], "texture": "#voxels_atlas" },
				"south": { "uv": [ 1.5, 9.625, 2.875, 10.1875 ], "texture": "#voxels_atlas" },
				"west": { "uv": [ 2.8125, 9.0625, 2.875, 9.625 ], "texture": "#voxels_atlas" },
				"east": { "uv": [ 4.375, 13.375, 4.3125, 13.9375 ], "texture": "#voxels_atlas" }
			}
		},
		{
			"__comment": "Voxels",
			"from": [ 0, 5.148, 9.3269 ],
			"to": [ 15.32269, 12.87, 9.993104 ],
			"faces": {
				"down": { "uv": [ 6.6875, 9.875, 8.125, 9.9375 ], "texture": "#voxels_atlas" },
				"up": { "uv": [ 6.6875, 10, 8.125, 9.9375 ], "texture": "#voxels_atlas" },
				"north": { "uv": [ 4.3125, 13.375, 2.875, 13.9375 ], "texture": "#voxels_atlas" },
				"south": { "uv": [ 2.875, 13.9375, 4.3125, 14.5 ], "texture": "#voxels_atlas" },
				"west": { "uv": [ 4.3125, 13.9375, 4.375, 14.5 ], "texture": "#voxels_atlas" },
				"east": { "uv": [ 2.875, 8.5, 2.8125, 9.0625 ], "texture": "#voxels_atlas" }
			}
		},
		{
			"__comment": "Voxels",
			"from": [ 0, 5.148, 11.3255 ],
			"to": [ 15.9889, 6.864, 11.9917 ],
			"faces": {
				"down": { "uv": [ 6.6875, 11.1875, 8.1875, 11.25 ], "texture": "#voxels_atlas" },
				"up": { "uv": [ 6.6875, 11.3125, 8.1875, 11.25 ], "texture": "#voxels_atlas" },
				"north": { "uv": [ 1.5, 8, 0, 8.125 ], "texture": "#voxels_atlas" },
				"south": { "uv": [ 6.6875, 15.75, 8.1875, 15.875 ], "texture": "#voxels_atlas" },
				"west": { "uv": [ 8.4375, 13.875, 8.5, 14 ], "texture": "#voxels_atlas" },
				"east": { "uv": [ 8.25, 8, 8.1875, 8.125 ], "texture": "#voxels_atlas" }
			}
		},
		{
			"__comment": "Voxels",
			"from": [ 0, 6.006, 4.6634 ],
			"to": [ 14.65649, 6.864, 5.995808 ],
			"faces": {
				"down": { "uv": [ 6.6875, 14.125, 8.0625, 14.25 ], "texture": "#voxels_atlas" },
				"up": { "uv": [ 6.6875, 14.125, 8.0625, 14 ], "texture": "#voxels_atlas" },
				"north": { "uv": [ 8.0625, 8.375, 6.6875, 8.4375 ], "texture": "#voxels_atlas" },
				"south": { "uv": [ 6.6875, 8, 8.0625, 8.0625 ], "texture": "#voxels_atlas" },
				"west": { "uv": [ 8.0625, 9.125, 8.1875, 9.1875 ], "texture": "#voxels_atlas" },
				"east": { "uv": [ 8.1875, 9.1875, 8.0625, 9.25 ], "texture": "#voxels_atlas" }
			}
		},
		{
			"__comment": "Voxels",
			"from": [ 0, 6.864, 5.3296 ],
			"to": [ 14.65649, 13.728, 5.995804 ],
			"faces": {
				"down": { "uv": [ 13.6875, 15.8125, 15.0625, 15.875 ], "texture": "#voxels_atlas" },
				"up": { "uv": [ 10.9375, 15.8125, 12.3125, 15.75 ], "texture": "#voxels_atlas" },
				"north": { "uv": [ 4.25, 11.875, 2.875, 12.375 ], "texture": "#voxels_atlas" },
				"south": { "uv": [ 1.5, 8, 2.875, 8.5 ], "texture": "#voxels_atlas" },
				"west": { "uv": [ 5.125, 8.5625, 5.1875, 9.0625 ], "texture": "#voxels_atlas" },
				"east": { "uv": [ 5.25, 8.5625, 5.1875, 9.0625 ], "texture": "#voxels_atlas" }
			}
		},
		{
			"__comment": "Voxels",
			"from": [ 0, 6.864, 9.9931 ],
			"to": [ 15.32269, 13.728, 11.32551 ],
			"faces": {
				"down": { "uv": [ 5.25, 9.6875, 6.6875, 9.8125 ], "texture": "#voxels_atlas" },
				"up": { "uv": [ 5.25, 8.8125, 6.6875, 8.6875 ], "texture": "#voxels_atlas" },
				"north": { "uv": [ 4.3125, 12.375, 2.875, 12.875 ], "texture": "#voxels_atlas" },
				"south": { "uv": [ 2.875, 12.875, 4.3125, 13.375 ], "texture": "#voxels_atlas" },
				"west": { "uv": [ 4.875, 10.375, 5, 10.875 ], "texture": "#voxels_atlas" },
				"east": { "uv": [ 4.375, 11.875, 4.25, 12.375 ], "texture": "#voxels_atlas" }
			}
		},
		{
			"__comment": "Voxels",
			"from": [ 0, 7.722, 3.9972 ],
			"to": [ 15.32269, 10.296, 5.329608 ],
			"faces": {
				"down": { "uv": [ 5.25, 8.3125, 6.6875, 8.4375 ], "texture": "#voxels_atlas" },
				"up": { "uv": [ 5.25, 8.1875, 6.6875, 8.0625 ], "texture": "#voxels_atlas" },
				"north": { "uv": [ 6.6875, 13.9375, 5.25, 14.125 ], "texture": "#voxels_atlas" },
				"south": { "uv": [ 5.25, 14.5, 6.6875, 14.6875 ], "texture": "#voxels_atlas" },
				"west": { "uv": [ 8.1875, 14.125, 8.3125, 14.3125 ], "texture": "#voxels_atlas" },
				"east": { "uv": [ 8.4375, 14.125, 8.3125, 14.3125 ], "texture": "#voxels_atlas" }
			}
		},
		{
			"__comment": "Voxels",
			"from": [ 0, 7.722, 11.3255 ],
			"to": [ 15.9889, 8.58, 12.65791 ],
			"faces": {
				"down": { "uv": [ 6.6875, 15.5, 8.1875, 15.625 ], "texture": "#voxels_atlas" },
				"up": { "uv": [ 6.6875, 15.5, 8.1875, 15.375 ], "texture": "#voxels_atlas" },
				"north": { "uv": [ 4.375, 8, 2.875, 8.0625 ], "texture": "#voxels_atlas" },
				"south": { "uv": [ 6.6875, 11.4375, 8.1875, 11.5 ], "texture": "#voxels_atlas" },
				"west": { "uv": [ 5.125, 8.3125, 5.25, 8.375 ], "texture": "#voxels_atlas" },
				"east": { "uv": [ 4.75, 12, 4.625, 12.0625 ], "texture": "#voxels_atlas" }
			}
		},
		{
			"__comment": "Voxels",
			"from": [ 0, 8.58, 11.3255 ],
			"to": [ 15.32269, 10.296, 12.65791 ],
			"faces": {
				"down": { "uv": [ 5.25, 9.4375, 6.6875, 9.5625 ], "texture": "#voxels_atlas" },
				"up": { "uv": [ 5.25, 9.4375, 6.6875, 9.3125 ], "texture": "#voxels_atlas" },
				"north": { "uv": [ 6.6875, 9.1875, 5.25, 9.3125 ], "texture": "#voxels_atlas" },
				"south": { "uv": [ 5.25, 9.0625, 6.6875, 9.1875 ], "texture": "#voxels_atlas" },
				"west": { "uv": [ 8.0625, 14, 8.1875, 14.125 ], "texture": "#voxels_atlas" },
				"east": { "uv": [ 8.1875, 13.875, 8.0625, 14 ], "texture": "#voxels_atlas" }
			}
		},
		{
			"__comment": "Voxels",
			"from": [ 0, 10.296, 7.3282 ],
			"to": [ 15.9889, 12.012, 9.326812 ],
			"faces": {
				"down": { "uv": [ 2.875, 8.4375, 4.375, 8.625 ], "texture": "#voxels_atlas" },
				"up": { "uv": [ 2.875, 8.4375, 4.375, 8.25 ], "texture": "#voxels_atlas" },
				"north": { "uv": [ 8.1875, 15.25, 6.6875, 15.375 ], "texture": "#voxels_atlas" },
				"south": { "uv": [ 6.6875, 15.125, 8.1875, 15.25 ], "texture": "#voxels_atlas" },
				"west": { "uv": [ 8, 12.5, 8.1875, 12.625 ], "texture": "#voxels_atlas" },
				"east": { "uv": [ 8.1875, 12.375, 8, 12.5 ], "texture": "#voxels_atlas" }
			}
		},
		{
			"__comment": "Voxels",
			"from": [ 0, 11.154, 4.6634 ],
			"to": [ 15.9889, 12.87, 5.329604 ],
			"faces": {
				"down": { "uv": [ 6.6875, 11.3125, 8.1875, 11.375 ], "texture": "#voxels_atlas" },
				"up": { "uv": [ 6.6875, 11.4375, 8.1875, 11.375 ], "texture": "#voxels_atlas" },
				"north": { "uv": [ 8.1875, 14.5, 6.6875, 14.625 ], "texture": "#voxels_atlas" },
				"south": { "uv": [ 6.6875, 14.625, 8.1875, 14.75 ], "texture": "#voxels_atlas" },
				"west": { "uv": [ 8.125, 12, 8.1875, 12.125 ], "texture": "#voxels_atlas" },
				"east": { "uv": [ 8.1875, 14.375, 8.125, 14.5 ], "texture": "#voxels_atlas" }
			}
		},
		{
			"__comment": "Voxels",
			"from": [ 0, 11.154, 11.3255 ],
			"to": [ 15.32269, 12.87, 11.9917 ],
			"faces": {
				"down": { "uv": [ 6.6875, 9.4375, 8.125, 9.5 ], "texture": "#voxels_atlas" },
				"up": { "uv": [ 6.6875, 9.4375, 8.125, 9.375 ], "texture": "#voxels_atlas" },
				"north": { "uv": [ 6.6875, 9.5625, 5.25, 9.6875 ], "texture": "#voxels_atlas" },
				"south": { "uv": [ 5.25, 9.9375, 6.6875, 10.0625 ], "texture": "#voxels_atlas" },
				"west": { "uv": [ 15.9375, 15.875, 16, 16 ], "texture": "#voxels_atlas" },
				"east": { "uv": [ 4.625, 8, 4.5625, 8.125 ], "texture": "#voxels_atlas" }
			}
		},
		{
			"__comment": "Voxels",
			"from": [ 0, 12.012, 7.3282 ],
			"to": [ 15.32269, 14.586, 9.326812 ],
			"faces": {
				"down": { "uv": [ 5.25, 14.875, 6.6875, 15.0625 ], "texture": "#voxels_atlas" },
				"up": { "uv": [ 5.25, 15.25, 6.6875, 15.0625 ], "texture": "#voxels_atlas" },
				"north": { "uv": [ 6.6875, 14.6875, 5.25, 14.875 ], "texture": "#voxels_atlas" },
				"south": { "uv": [ 5.25, 15.25, 6.6875, 15.4375 ], "texture": "#voxels_atlas" },
				"west": { "uv": [ 4.5, 9.0625, 4.6875, 9.25 ], "texture": "#voxels_atlas" },
				"east": { "uv": [ 5.25, 11.625, 5.0625, 11.8125 ], "texture": "#voxels_atlas" }
			}
		},
		{
			"__comment": "Voxels",
			"from": [ 0, 12.012, 14.6565 ],
			"to": [ 9.326857, 16.302, 15.3227 ],
			"faces": {
				"down": { "uv": [ 8.1875, 15.4375, 9.0625, 15.5 ], "texture": "#voxels_atlas" },
				"up": { "uv": [ 15.0625, 15.875, 15.9375, 15.8125 ], "texture": "#voxels_atlas" },
				"north": { "uv": [ 5.25, 15.375, 4.375, 15.6875 ], "texture": "#voxels_atlas" },
				"south": { "uv": [ 4.375, 15.6875, 5.25, 16 ], "texture": "#voxels_atlas" },
				"west": { "uv": [ 8.375, 12, 8.4375, 12.3125 ], "texture": "#voxels_atlas" },
				"east": { "uv": [ 8.375, 12.3125, 8.3125, 12.625 ], "texture": "#voxels_atlas" }
			}
		},
		{
			"__comment": "Voxels",
			"from": [ 0, 15.444, 1.3324 ],
			"to": [ 1.332408, 16.302, 14.65648 ],
			"faces": {
				"down": { "uv": [ 4.5, 12, 4.625, 13.25 ], "texture": "#voxels_atlas" },
				"up": { "uv": [ 4.375, 13.25, 4.5, 12 ], "texture": "#voxels_atlas" },
				"north": { "uv": [ 4.375, 9, 4.25, 9.0625 ], "texture": "#voxels_atlas" },
				"south": { "uv": [ 4.25, 10.9375, 4.375, 11 ], "texture": "#voxels_atlas" },
				"west": { "uv": [ 9.4375, 15.625, 10.6875, 15.6875 ], "texture": "#voxels_atlas" },
				"east": { "uv": [ 15.9375, 15.6875, 14.6875, 15.75 ], "texture": "#voxels_atlas" }
			}
		},
		{
			"__comment": "Voxels",
			"from": [ 0, 16.302, 0 ],
			"to": [ 1.332408, 18.876, 1.332408 ],
			"faces": {
				"down": { "uv": [ 8.0625, 13.75, 8.1875, 13.875 ], "texture": "#voxels_atlas" },
				"up": { "uv": [ 8.0625, 13.5, 8.1875, 13.375 ], "texture": "#voxels_atlas" },
				"north": { "uv": [ 8.3125, 13.1875, 8.1875, 13.375 ], "texture": "#voxels_atlas" },
				"south": { "uv": [ 8.3125, 13.75, 8.4375, 13.9375 ], "texture": "#voxels_atlas" },
				"west": { "uv": [ 8.3125, 13.375, 8.4375, 13.5625 ], "texture": "#voxels_atlas" },
				"east": { "uv": [ 8.3125, 13.375, 8.1875, 13.5625 ], "texture": "#voxels_atlas" }
			}
		},
		{
			"__comment": "Voxels",
			"from": [ 0, 16.302, 14.6565 ],
			"to": [ 1.332408, 18.876, 15.98891 ],
			"faces": {
				"down": { "uv": [ 8.0625, 13.25, 8.1875, 13.375 ], "texture": "#voxels_atlas" },
				"up": { "uv": [ 8.0625, 13.25, 8.1875, 13.125 ], "texture": "#voxels_atlas" },
				"north": { "uv": [ 8.3125, 13.9375, 8.1875, 14.125 ], "texture": "#voxels_atlas" },
				"south": { "uv": [ 1.375, 8.125, 1.5, 8.3125 ], "texture": "#voxels_atlas" },
				"west": { "uv": [ 4.625, 12.0625, 4.75, 12.25 ], "texture": "#voxels_atlas" },
				"east": { "uv": [ 4.875, 10.5, 4.75, 10.6875 ], "texture": "#voxels_atlas" }
			}
		},
		{
			"__comment": "Voxels",
			"from": [ 0.6662, 1.716, 2.6648 ],
			"to": [ 15.32269, 6.006, 4.663412 ],
			"faces": {
				"down": { "uv": [ 5.25, 11.875, 6.625, 12.0625 ], "texture": "#voxels_atlas" },
				"up": { "uv": [ 5.25, 12.8125, 6.625, 12.625 ], "texture": "#voxels_atlas" },
				"north": { "uv": [ 4.25, 10.9375, 2.875, 11.25 ], "texture": "#voxels_atlas" },
				"south": { "uv": [ 2.875, 11.25, 4.25, 11.5625 ], "texture": "#voxels_atlas" },
				"west": { "uv": [ 4.875, 9.5625, 5.0625, 9.875 ], "texture": "#voxels_atlas" },
				"east": { "uv": [ 5.25, 9.5625, 5.0625, 9.875 ], "texture": "#voxels_atlas" }
			}
		},
		{
			"__comment": "Voxels",
			"from": [ 0.6662, 1.716, 4.6634 ],
			"to": [ 15.32269, 5.148, 5.329604 ],
			"faces": {
				"down": { "uv": [ 6.6875, 9.1875, 8.0625, 9.25 ], "texture": "#voxels_atlas" },
				"up": { "uv": [ 8.1875, 15.8125, 9.5625, 15.75 ], "texture": "#voxels_atlas" },
				"north": { "uv": [ 4.25, 9, 2.875, 9.25 ], "texture": "#voxels_atlas" },
				"south": { "uv": [ 2.875, 9.25, 4.25, 9.5 ], "texture": "#voxels_atlas" },
				"west": { "uv": [ 4.3125, 9.75, 4.375, 10 ], "texture": "#voxels_atlas" },
				"east": { "uv": [ 4.375, 9.5, 4.3125, 9.75 ], "texture": "#voxels_atlas" }
			}
		},
		{
			"__comment": "Voxels",
			"from": [ 0.6662, 1.716, 5.3296 ],
			"to": [ 15.32269, 4.29, 7.328212 ],
			"faces": {
				"down": { "uv": [ 5.25, 12.8125, 6.625, 13 ], "texture": "#voxels_atlas" },
				"up": { "uv": [ 5.25, 13.5625, 6.625, 13.375 ], "texture": "#voxels_atlas" },
				"north": { "uv": [ 6.625, 13.75, 5.25, 13.9375 ], "texture": "#voxels_atlas" },
				"south": { "uv": [ 5.25, 10.5625, 6.625, 10.75 ], "texture": "#voxels_atlas" },
				"west": { "uv": [ 2.6875, 13.4375, 2.875, 13.625 ], "texture": "#voxels_atlas" },
				"east": { "uv": [ 5.25, 11.8125, 5.0625, 12 ], "texture": "#voxels_atlas" }
			}
		},
		{
			"__comment": "Voxels",
			"from": [ 0.6662, 1.716, 7.3282 ],
			"to": [ 14.65648, 3.432, 13.32404 ],
			"faces": {
				"down": { "uv": [ 1.5, 8.5, 2.8125, 9.0625 ], "texture": "#voxels_atlas" },
				"up": { "uv": [ 1.5, 9.625, 2.8125, 9.0625 ], "texture": "#voxels_atlas" },
				"north": { "uv": [ 8, 12.375, 6.6875, 12.5 ], "texture": "#voxels_atlas" },
				"south": { "uv": [ 6.6875, 12.25, 8, 12.375 ], "texture": "#voxels_atlas" },
				"west": { "uv": [ 4.375, 10.25, 4.9375, 10.375 ], "texture": "#voxels_atlas" },
				"east": { "uv": [ 5.0625, 11, 4.5, 11.125 ], "texture": "#voxels_atlas" }
			}
		},
		{
			"__comment": "Voxels",
			"from": [ 0.6662, 3.432, 9.3269 ],
			"to": [ 15.32269, 5.148, 9.993104 ],
			"faces": {
				"down": { "uv": [ 6.6875, 8.9375, 8.0625, 9 ], "texture": "#voxels_atlas" },
				"up": { "uv": [ 6.6875, 8.9375, 8.0625, 8.875 ], "texture": "#voxels_atlas" },
				"north": { "uv": [ 8.0625, 13.125, 6.6875, 13.25 ], "texture": "#voxels_atlas" },
				"south": { "uv": [ 6.6875, 13.25, 8.0625, 13.375 ], "texture": "#voxels_atlas" },
				"west": { "uv": [ 4.5, 8, 4.5625, 8.125 ], "texture": "#voxels_atlas" },
				"east": { "uv": [ 5.25, 11.375, 5.1875, 11.5 ], "texture": "#voxels_atlas" }
			}
		},
		{
			"__comment": "Voxels",
			"from": [ 0.6662, 3.432, 9.9931 ],
			"to": [ 15.98889, 4.29, 12.65792 ],
			"faces": {
				"down": { "uv": [ 2.875, 9.75, 4.3125, 10 ], "texture": "#voxels_atlas" },
				"up": { "uv": [ 2.875, 9.75, 4.3125, 9.5 ], "texture": "#voxels_atlas" },
				"north": { "uv": [ 8.125, 10.5625, 6.6875, 10.625 ], "texture": "#voxels_atlas" },
				"south": { "uv": [ 6.6875, 11, 8.125, 11.0625 ], "texture": "#voxels_atlas" },
				"west": { "uv": [ 8.1875, 11.6875, 8.4375, 11.75 ], "texture": "#voxels_atlas" },
				"east": { "uv": [ 8.4375, 11.625, 8.1875, 11.6875 ], "texture": "#voxels_atlas" }
			}
		},
		{
			"__comment": "Voxels",
			"from": [ 0.6662, 3.432, 12.6579 ],
			"to": [ 15.32269, 15.444, 13.3241 ],
			"faces": {
				"down": { "uv": [ 6.6875, 8.125, 8.0625, 8.1875 ], "texture": "#voxels_atlas" },
				"up": { "uv": [ 6.6875, 8.5625, 8.0625, 8.5 ], "texture": "#voxels_atlas" },
				"north": { "uv": [ 1.375, 8.125, 0, 9 ], "texture": "#voxels_atlas" },
				"south": { "uv": [ 1.5, 15.125, 2.875, 16 ], "texture": "#voxels_atlas" },
				"west": { "uv": [ 4.75, 8.1875, 4.8125, 9.0625 ], "texture": "#voxels_atlas" },
				"east": { "uv": [ 4.875, 8.1875, 4.8125, 9.0625 ], "texture": "#voxels_atlas" }
			}
		},
		{
			"__comment": "Voxels",
			"from": [ 0.6662, 4.29, 6.662 ],
			"to": [ 15.32269, 5.148, 7.328204 ],
			"faces": {
				"down": { "uv": [ 6.6875, 8.1875, 8.0625, 8.25 ], "texture": "#voxels_atlas" },
				"up": { "uv": [ 6.6875, 8.3125, 8.0625, 8.25 ], "texture": "#voxels_atlas" },
				"north": { "uv": [ 8.0625, 8.3125, 6.6875, 8.375 ], "texture": "#voxels_atlas" },
				"south": { "uv": [ 6.6875, 8.8125, 8.0625, 8.875 ], "texture": "#voxels_atlas" },
				"west": { "uv": [ 8.4375, 8.125, 8.5, 8.1875 ], "texture": "#voxels_atlas" },
				"east": { "uv": [ 8.5, 8, 8.4375, 8.0625 ], "texture": "#voxels_atlas" }
			}
		},
		{
			"__comment": "Voxels",
			"from": [ 0.6662, 4.29, 11.3255 ],
			"to": [ 15.98889, 5.148, 12.65791 ],
			"faces": {
				"down": { "uv": [ 5.25, 8.9375, 6.6875, 9.0625 ], "texture": "#voxels_atlas" },
				"up": { "uv": [ 5.25, 9.9375, 6.6875, 9.8125 ], "texture": "#voxels_atlas" },
				"north": { "uv": [ 8.125, 9.5, 6.6875, 9.5625 ], "texture": "#voxels_atlas" },
				"south": { "uv": [ 6.6875, 9.625, 8.125, 9.6875 ], "texture": "#voxels_atlas" },
				"west": { "uv": [ 5, 9.0625, 5.125, 9.125 ], "texture": "#voxels_atlas" },
				"east": { "uv": [ 8.625, 14.9375, 8.5, 15 ], "texture": "#voxels_atlas" }
			}
		},
		{
			"__comment": "Voxels",
			"from": [ 0.6662, 5.148, 11.9917 ],
			"to": [ 15.98889, 7.722, 12.6579 ],
			"faces": {
				"down": { "uv": [ 6.6875, 9.6875, 8.125, 9.75 ], "texture": "#voxels_atlas" },
				"up": { "uv": [ 6.6875, 9.8125, 8.125, 9.75 ], "texture": "#voxels_atlas" },
				"north": { "uv": [ 6.6875, 14.125, 5.25, 14.3125 ], "texture": "#voxels_atlas" },
				"south": { "uv": [ 5.25, 14.3125, 6.6875, 14.5 ], "texture": "#voxels_atlas" },
				"west": { "uv": [ 6.625, 10.375, 6.6875, 10.5625 ], "texture": "#voxels_atlas" },
				"east": { "uv": [ 4.375, 8.0625, 4.3125, 8.25 ], "texture": "#voxels_atlas" }
			}
		},
		{
			"__comment": "Voxels",
			"from": [ 0.6662, 6.006, 2.6648 ],
			"to": [ 14.65648, 15.444, 3.997208 ],
			"faces": {
				"down": { "uv": [ 6.6875, 12.125, 8, 12.25 ], "texture": "#voxels_atlas" },
				"up": { "uv": [ 6.6875, 12.625, 8, 12.5 ], "texture": "#voxels_atlas" },
				"north": { "uv": [ 2.8125, 12.6875, 1.5, 13.375 ], "texture": "#voxels_atlas" },
				"south": { "uv": [ 1.5, 12, 2.8125, 12.6875 ], "texture": "#voxels_atlas" },
				"west": { "uv": [ 1.375, 8.3125, 1.5, 9 ], "texture": "#voxels_atlas" },
				"east": { "uv": [ 2.8125, 14.4375, 2.6875, 15.125 ], "texture": "#voxels_atlas" }
			}
		},
		{
			"__comment": "Voxels",
			"from": [ 0.6662, 6.006, 3.9972 ],
			"to": [ 14.65648, 7.722, 4.663404 ],
			"faces": {
				"down": { "uv": [ 13.625, 15.75, 14.9375, 15.8125 ], "texture": "#voxels_atlas" },
				"up": { "uv": [ 12.125, 15.75, 13.4375, 15.6875 ], "texture": "#voxels_atlas" },
				"north": { "uv": [ 8, 12.625, 6.6875, 12.75 ], "texture": "#voxels_atlas" },
				"south": { "uv": [ 6.6875, 12.75, 8, 12.875 ], "texture": "#voxels_atlas" },
				"west": { "uv": [ 8.4375, 8.875, 8.5, 9 ], "texture": "#voxels_atlas" },
				"east": { "uv": [ 8.5, 9.25, 8.4375, 9.375 ], "texture": "#voxels_atlas" }
			}
		},
		{
			"__comment": "Voxels",
			"from": [ 0.6662, 6.864, 4.6634 ],
			"to": [ 14.65648, 7.722, 5.329604 ],
			"faces": {
				"down": { "uv": [ 8.1875, 15.6875, 9.5, 15.75 ], "texture": "#voxels_atlas" },
				"up": { "uv": [ 9.5, 15.75, 10.8125, 15.6875 ], "texture": "#voxels_atlas" },
				"north": { "uv": [ 12.125, 15.6875, 10.8125, 15.75 ], "texture": "#voxels_atlas" },
				"south": { "uv": [ 12.3125, 15.75, 13.625, 15.8125 ], "texture": "#voxels_atlas" },
				"west": { "uv": [ 8.125, 10.5625, 8.1875, 10.625 ], "texture": "#voxels_atlas" },
				"east": { "uv": [ 8.5625, 14.3125, 8.5, 14.375 ], "texture": "#voxels_atlas" }
			}
		},
		{
			"__comment": "Voxels",
			"from": [ 0.6662, 6.864, 11.3255 ],
			"to": [ 15.98889, 7.722, 11.9917 ],
			"faces": {
				"down": { "uv": [ 6.6875, 10.5, 8.125, 10.5625 ], "texture": "#voxels_atlas" },
				"up": { "uv": [ 6.6875, 10.75, 8.125, 10.6875 ], "texture": "#voxels_atlas" },
				"north": { "uv": [ 8.125, 10.75, 6.6875, 10.8125 ], "texture": "#voxels_atlas" },
				"south": { "uv": [ 6.6875, 10.8125, 8.125, 10.875 ], "texture": "#voxels_atlas" },
				"west": { "uv": [ 8.5625, 14.875, 8.625, 14.9375 ], "texture": "#voxels_atlas" },
				"east": { "uv": [ 8.5625, 14.875, 8.5, 14.9375 ], "texture": "#voxels_atlas" }
			}
		},
		{
			"__comment": "Voxels",
			"from": [ 0.6662, 7.722, 7.3282 ],
			"to": [ 15.32269, 10.296, 9.326812 ],
			"faces": {
				"down": { "uv": [ 5.25, 11.5, 6.625, 11.6875 ], "texture": "#voxels_atlas" },
				"up": { "uv": [ 5.25, 11.3125, 6.625, 11.125 ], "texture": "#voxels_atlas" },
				"north": { "uv": [ 6.625, 12.25, 5.25, 12.4375 ], "texture": "#voxels_atlas" },
				"south": { "uv": [ 5.25, 12.0625, 6.625, 12.25 ], "texture": "#voxels_atlas" },
				"west": { "uv": [ 4.6875, 9.0625, 4.875, 9.25 ], "texture": "#voxels_atlas" },
				"east": { "uv": [ 2.875, 14.25, 2.6875, 14.4375 ], "texture": "#voxels_atlas" }
			}
		},
		{
			"__comment": "Voxels",
			"from": [ 0.6662, 10.296, 3.9972 ],
			"to": [ 15.98889, 12.87, 4.663404 ],
			"faces": {
				"down": { "uv": [ 6.6875, 10.375, 8.125, 10.4375 ], "texture": "#voxels_atlas" },
				"up": { "uv": [ 6.6875, 9.375, 8.125, 9.3125 ], "texture": "#voxels_atlas" },
				"north": { "uv": [ 4.3125, 8.0625, 2.875, 8.25 ], "texture": "#voxels_atlas" },
				"south": { "uv": [ 5.25, 15.8125, 6.6875, 16 ], "texture": "#voxels_atlas" },
				"west": { "uv": [ 8.3125, 8.4375, 8.375, 8.625 ], "texture": "#voxels_atlas" },
				"east": { "uv": [ 8.25, 8.4375, 8.1875, 8.625 ], "texture": "#voxels_atlas" }
			}
		},
		{
			"__comment": "Voxels",
			"from": [ 0.6662, 10.296, 4.6634 ],
			"to": [ 15.98889, 11.154, 5.329604 ],
			"faces": {
				"down": { "uv": [ 6.6875, 9.25, 8.125, 9.3125 ], "texture": "#voxels_atlas" },
				"up": { "uv": [ 6.6875, 11.1875, 8.125, 11.125 ], "texture": "#voxels_atlas" },
				"north": { "uv": [ 8.125, 10.9375, 6.6875, 11 ], "texture": "#voxels_atlas" },
				"south": { "uv": [ 6.6875, 11.0625, 8.125, 11.125 ], "texture": "#voxels_atlas" },
				"west": { "uv": [ 8.125, 10.25, 8.1875, 10.3125 ], "texture": "#voxels_atlas" },
				"east": { "uv": [ 8.4375, 8.8125, 8.375, 8.875 ], "texture": "#voxels_atlas" }
			}
		},
		{
			"__comment": "Voxels",
			"from": [ 0.6662, 10.296, 11.3255 ],
			"to": [ 15.32269, 11.154, 12.65791 ],
			"faces": {
				"down": { "uv": [ 6.6875, 13.375, 8.0625, 13.5 ], "texture": "#voxels_atlas" },
				"up": { "uv": [ 6.6875, 14.375, 8.0625, 14.25 ], "texture": "#voxels_atlas" },
				"north": { "uv": [ 8.0625, 9.125, 6.6875, 9.1875 ], "texture": "#voxels_atlas" },
				"south": { "uv": [ 9.5625, 15.8125, 10.9375, 15.875 ], "texture": "#voxels_atlas" },
				"west": { "uv": [ 14.8125, 15.375, 14.9375, 15.4375 ], "texture": "#voxels_atlas" },
				"east": { "uv": [ 14.8125, 15.375, 14.6875, 15.4375 ], "texture": "#voxels_atlas" }
			}
		},
		{
			"__comment": "Voxels",
			"from": [ 0.6662, 11.154, 11.9917 ],
			"to": [ 15.32269, 15.444, 12.6579 ],
			"faces": {
				"down": { "uv": [ 8.1875, 15.8125, 9.5625, 15.875 ], "texture": "#voxels_atlas" },
				"up": { "uv": [ 6.6875, 8.125, 8.0625, 8.0625 ], "texture": "#voxels_atlas" },
				"north": { "uv": [ 4.25, 11.5625, 2.875, 11.875 ], "texture": "#voxels_atlas" },
				"south": { "uv": [ 2.875, 10.3125, 4.25, 10.625 ], "texture": "#voxels_atlas" },
				"west": { "uv": [ 8.375, 12.3125, 8.4375, 12.625 ], "texture": "#voxels_atlas" },
				"east": { "uv": [ 8.375, 12, 8.3125, 12.3125 ], "texture": "#voxels_atlas" }
			}
		},
		{
			"__comment": "Voxels",
			"from": [ 0.6662, 12.87, 3.9972 ],
			"to": [ 15.32269, 15.444, 5.329608 ],
			"faces": {
				"down": { "uv": [ 6.6875, 13.625, 8.0625, 13.75 ], "texture": "#voxels_atlas" },
				"up": { "uv": [ 6.6875, 13.625, 8.0625, 13.5 ], "texture": "#voxels_atlas" },
				"north": { "uv": [ 6.625, 13, 5.25, 13.1875 ], "texture": "#voxels_atlas" },
				"south": { "uv": [ 5.25, 13.1875, 6.625, 13.375 ], "texture": "#voxels_atlas" },
				"west": { "uv": [ 8.3125, 13.1875, 8.4375, 13.375 ], "texture": "#voxels_atlas" },
				"east": { "uv": [ 8.3125, 13, 8.1875, 13.1875 ], "texture": "#voxels_atlas" }
			}
		},
		{
			"__comment": "Voxels",
			"from": [ 0.6662, 12.87, 6.662 ],
			"to": [ 15.98889, 15.444, 7.328204 ],
			"faces": {
				"down": { "uv": [ 6.6875, 10.875, 8.125, 10.9375 ], "texture": "#voxels_atlas" },
				"up": { "uv": [ 6.6875, 10.5, 8.125, 10.4375 ], "texture": "#voxels_atlas" },
				"north": { "uv": [ 6.6875, 15.4375, 5.25, 15.625 ], "texture": "#voxels_atlas" },
				"south": { "uv": [ 5.25, 15.625, 6.6875, 15.8125 ], "texture": "#voxels_atlas" },
				"west": { "uv": [ 8.4375, 15, 8.5, 15.1875 ], "texture": "#voxels_atlas" },
				"east": { "uv": [ 4.8125, 8, 4.75, 8.1875 ], "texture": "#voxels_atlas" }
			}
		},
		{
			"__comment": "Voxels",
			"from": [ 0.6662, 12.87, 9.3269 ],
			"to": [ 15.32269, 15.444, 9.993104 ],
			"faces": {
				"down": { "uv": [ 9.5625, 15.75, 10.9375, 15.8125 ], "texture": "#voxels_atlas" },
				"up": { "uv": [ 6.6875, 9.125, 8.0625, 9.0625 ], "texture": "#voxels_atlas" },
				"north": { "uv": [ 6.625, 10.75, 5.25, 10.9375 ], "texture": "#voxels_atlas" },
				"south": { "uv": [ 5.25, 10.9375, 6.625, 11.125 ], "texture": "#voxels_atlas" },
				"west": { "uv": [ 8.4375, 15.1875, 8.5, 15.375 ], "texture": "#voxels_atlas" },
				"east": { "uv": [ 8.375, 9.5625, 8.3125, 9.75 ], "texture": "#voxels_atlas" }
			}
		},
		{
			"__comment": "Voxels",
			"from": [ 0.6662, 12.87, 11.3255 ],
			"to": [ 15.32269, 15.444, 11.9917 ],
			"faces": {
				"down": { "uv": [ 12.3125, 15.8125, 13.6875, 15.875 ], "texture": "#voxels_atlas" },
				"up": { "uv": [ 6.6875, 8.5, 8.0625, 8.4375 ], "texture": "#voxels_atlas" },
				"north": { "uv": [ 6.625, 11.3125, 5.25, 11.5 ], "texture": "#voxels_atlas" },
				"south": { "uv": [ 5.25, 11.6875, 6.625, 11.875 ], "texture": "#voxels_atlas" },
				"west": { "uv": [ 6.625, 13.1875, 6.6875, 13.375 ], "texture": "#voxels_atlas" },
				"east": { "uv": [ 4.875, 8, 4.8125, 8.1875 ], "texture": "#voxels_atlas" }
			}
		},
		{
			"__comment": "Voxels",
			"from": [ 0.6662, 13.728, 5.3296 ],
			"to": [ 15.98889, 15.444, 6.662008 ],
			"faces": {
				"down": { "uv": [ 5.25, 10.0625, 6.6875, 10.1875 ], "texture": "#voxels_atlas" },
				"up": { "uv": [ 5.25, 8.5625, 6.6875, 8.4375 ], "texture": "#voxels_atlas" },
				"north": { "uv": [ 6.6875, 8.1875, 5.25, 8.3125 ], "texture": "#voxels_atlas" },
				"south": { "uv": [ 6.6875, 14.375, 8.125, 14.5 ], "texture": "#voxels_atlas" },
				"west": { "uv": [ 8.3125, 11.5, 8.4375, 11.625 ], "texture": "#voxels_atlas" },
				"east": { "uv": [ 8.4375, 11.375, 8.3125, 11.5 ], "texture": "#voxels_atlas" }
			}
		},
		{
			"__comment": "Voxels",
			"from": [ 0.6662, 13.728, 9.9931 ],
			"to": [ 15.32269, 15.444, 11.32551 ],
			"faces": {
				"down": { "uv": [ 6.6875, 13, 8.0625, 13.125 ], "texture": "#voxels_atlas" },
				"up": { "uv": [ 6.6875, 14, 8.0625, 13.875 ], "texture": "#voxels_atlas" },
				"north": { "uv": [ 8.0625, 12.875, 6.6875, 13 ], "texture": "#voxels_atlas" },
				"south": { "uv": [ 6.6875, 13.75, 8.0625, 13.875 ], "texture": "#voxels_atlas" },
				"west": { "uv": [ 8.1875, 11.125, 8.3125, 11.25 ], "texture": "#voxels_atlas" },
				"east": { "uv": [ 8.4375, 11.125, 8.3125, 11.25 ], "texture": "#voxels_atlas" }
			}
		},
		{
			"__comment": "Voxels",
			"from": [ 0.6662, 14.586, 7.3282 ],
			"to": [ 15.32269, 15.444, 9.326812 ],
			"faces": {
				"down": { "uv": [ 5.25, 13.5625, 6.625, 13.75 ], "texture": "#voxels_atlas" },
				"up": { "uv": [ 5.25, 10.375, 6.625, 10.1875 ], "texture": "#voxels_atlas" },
				"north": { "uv": [ 8.0625, 8.5625, 6.6875, 8.625 ], "texture": "#voxels_atlas" },
				"south": { "uv": [ 6.6875, 8.75, 8.0625, 8.8125 ], "texture": "#voxels_atlas" },
				"west": { "uv": [ 2.6875, 13.375, 2.875, 13.4375 ], "texture": "#voxels_atlas" },
				"east": { "uv": [ 8.4375, 8.0625, 8.25, 8.125 ], "texture": "#voxels_atlas" }
			}
		},
		{
			"__comment": "Voxels",
			"from": [ 2.6648, 3.432, 0.6662 ],
			"to": [ 3.331004, 16.302, 1.332404 ],
			"faces": {
				"down": { "uv": [ 8.125, 9.375, 8.1875, 9.4375 ], "texture": "#voxels_atlas" },
				"up": { "uv": [ 8.125, 9.375, 8.1875, 9.3125 ], "texture": "#voxels_atlas" },
				"north": { "uv": [ 4.6875, 8.125, 4.625, 9.0625 ], "texture": "#voxels_atlas" },
				"south": { "uv": [ 4.6875, 8.125, 4.75, 9.0625 ], "texture": "#voxels_atlas" },
				"west": { "uv": [ 4.5, 8.125, 4.5625, 9.0625 ], "texture": "#voxels_atlas" },
				"east": { "uv": [ 4.625, 8.125, 4.5625, 9.0625 ], "texture": "#voxels_atlas" }
			}
		},
		{
			"__comment": "Voxels",
			"from": [ 2.6648, 9.438, 15.3227 ],
			"to": [ 4.663412, 13.728, 15.9889 ],
			"faces": {
				"down": { "uv": [ 8.25, 8.25, 8.4375, 8.3125 ], "texture": "#voxels_atlas" },
				"up": { "uv": [ 8.1875, 8.375, 8.375, 8.3125 ], "texture": "#voxels_atlas" },
				"north": { "uv": [ 4.6875, 9.5625, 4.5, 9.875 ], "texture": "#voxels_atlas" },
				"south": { "uv": [ 4.5, 9.25, 4.6875, 9.5625 ], "texture": "#voxels_atlas" },
				"west": { "uv": [ 8.25, 12.3125, 8.3125, 12.625 ], "texture": "#voxels_atlas" },
				"east": { "uv": [ 8.25, 12.3125, 8.1875, 12.625 ], "texture": "#voxels_atlas" }
			}
		},
		{
			"__comment": "Voxels",
			"from": [ 2.6648, 15.444, 0 ],
			"to": [ 15.98888, 16.302, 0.666204 ],
			"faces": {
				"down": { "uv": [ 13.1875, 15.625, 14.4375, 15.6875 ], "texture": "#voxels_atlas" },
				"up": { "uv": [ 11.9375, 15.6875, 13.1875, 15.625 ], "texture": "#voxels_atlas" },
				"north": { "uv": [ 15.6875, 15.625, 14.4375, 15.6875 ], "texture": "#voxels_atlas" },
				"south": { "uv": [ 9.4375, 15.5625, 10.6875, 15.625 ], "texture": "#voxels_atlas" },
				"west": { "uv": [ 8.125, 9.25, 8.1875, 9.3125 ], "texture": "#voxels_atlas" },
				"east": { "uv": [ 8.4375, 8.875, 8.375, 8.9375 ], "texture": "#voxels_atlas" }
			}
		},
		{
			"__comment": "Voxels",
			"from": [ 2.6648, 15.444, 15.3227 ],
			"to": [ 15.98888, 16.302, 15.9889 ],
			"faces": {
				"down": { "uv": [ 8.1875, 15.5625, 9.4375, 15.625 ], "texture": "#voxels_atlas" },
				"up": { "uv": [ 13.4375, 15.75, 14.6875, 15.6875 ], "texture": "#voxels_atlas" },
				"north": { "uv": [ 9.4375, 15.625, 8.1875, 15.6875 ], "texture": "#voxels_atlas" },
				"south": { "uv": [ 10.6875, 15.625, 11.9375, 15.6875 ], "texture": "#voxels_atlas" },
				"west": { "uv": [ 8.375, 8.625, 8.4375, 8.6875 ], "texture": "#voxels_atlas" },
				"east": { "uv": [ 8.4375, 8.375, 8.375, 8.4375 ], "texture": "#voxels_atlas" }
			}
		},
		{
			"__comment": "Voxels",
			"from": [ 3.331, 4.29, 0.6662 ],
			"to": [ 15.98888, 16.302, 1.332404 ],
			"faces": {
				"down": { "uv": [ 11.875, 15.5625, 13.0625, 15.625 ], "texture": "#voxels_atlas" },
				"up": { "uv": [ 10.6875, 15.625, 11.875, 15.5625 ], "texture": "#voxels_atlas" },
				"north": { "uv": [ 2.6875, 13.375, 1.5, 14.25 ], "texture": "#voxels_atlas" },
				"south": { "uv": [ 1.5, 14.25, 2.6875, 15.125 ], "texture": "#voxels_atlas" },
				"west": { "uv": [ 4.875, 8.1875, 4.9375, 9.0625 ], "texture": "#voxels_atlas" },
				"east": { "uv": [ 5, 8.1875, 4.9375, 9.0625 ], "texture": "#voxels_atlas" }
			}
		},
		{
			"__comment": "Voxels",
			"from": [ 3.331, 8.58, 15.3227 ],
			"to": [ 5.329612, 9.438, 15.9889 ],
			"faces": {
				"down": { "uv": [ 8.1875, 8.625, 8.375, 8.6875 ], "texture": "#voxels_atlas" },
				"up": { "uv": [ 8.1875, 8.75, 8.375, 8.6875 ], "texture": "#voxels_atlas" },
				"north": { "uv": [ 8.375, 8.75, 8.1875, 8.8125 ], "texture": "#voxels_atlas" },
				"south": { "uv": [ 8.1875, 8.8125, 8.375, 8.875 ], "texture": "#voxels_atlas" },
				"west": { "uv": [ 8.5, 14.75, 8.5625, 14.8125 ], "texture": "#voxels_atlas" },
				"east": { "uv": [ 8.625, 14.4375, 8.5625, 14.5 ], "texture": "#voxels_atlas" }
			}
		},
		{
			"__comment": "Voxels",
			"from": [ 3.331, 13.728, 15.3227 ],
			"to": [ 5.329612, 14.586, 15.9889 ],
			"faces": {
				"down": { "uv": [ 8.25, 8, 8.4375, 8.0625 ], "texture": "#voxels_atlas" },
				"up": { "uv": [ 8.25, 8.1875, 8.4375, 8.125 ], "texture": "#voxels_atlas" },
				"north": { "uv": [ 8.4375, 8.1875, 8.25, 8.25 ], "texture": "#voxels_atlas" },
				"south": { "uv": [ 8.1875, 8.375, 8.375, 8.4375 ], "texture": "#voxels_atlas" },
				"west": { "uv": [ 8.375, 9.0625, 8.4375, 9.125 ], "texture": "#voxels_atlas" },
				"east": { "uv": [ 8.1875, 9.875, 8.125, 9.9375 ], "texture": "#voxels_atlas" }
			}
		},
		{
			"__comment": "Voxels",
			"from": [ 3.9972, 7.722, 15.3227 ],
			"to": [ 5.329608, 8.58, 15.9889 ],
			"faces": {
				"down": { "uv": [ 8.5, 15.0625, 8.625, 15.125 ], "texture": "#voxels_atlas" },
				"up": { "uv": [ 8.5, 15.0625, 8.625, 15 ], "texture": "#voxels_atlas" },
				"north": { "uv": [ 4.375, 10.625, 4.25, 10.6875 ], "texture": "#voxels_atlas" },
				"south": { "uv": [ 4.25, 9.25, 4.375, 9.3125 ], "texture": "#voxels_atlas" },
				"west": { "uv": [ 2.8125, 12, 2.875, 12.0625 ], "texture": "#voxels_atlas" },
				"east": { "uv": [ 4.4375, 8, 4.375, 8.0625 ], "texture": "#voxels_atlas" }
			}
		},
		{
			"__comment": "Voxels",
			"from": [ 3.9972, 8.58, 0 ],
			"to": [ 7.994424, 11.154, 0.666204 ],
			"faces": {
				"down": { "uv": [ 4.875, 12, 5.25, 12.0625 ], "texture": "#voxels_atlas" },
				"up": { "uv": [ 11.5, 15.4375, 11.875, 15.375 ], "texture": "#voxels_atlas" },
				"north": { "uv": [ 4.875, 10.6875, 4.5, 10.875 ], "texture": "#voxels_atlas" },
				"south": { "uv": [ 4.875, 12.0625, 5.25, 12.25 ], "texture": "#voxels_atlas" },
				"west": { "uv": [ 6.625, 13.5625, 6.6875, 13.75 ], "texture": "#voxels_atlas" },
				"east": { "uv": [ 6.6875, 13.375, 6.625, 13.5625 ], "texture": "#voxels_atlas" }
			}
		},
		{
			"__comment": "Voxels",
			"from": [ 3.9972, 14.586, 15.3227 ],
			"to": [ 5.329608, 15.444, 15.9889 ],
			"faces": {
				"down": { "uv": [ 8.0625, 8.5, 8.1875, 8.5625 ], "texture": "#voxels_atlas" },
				"up": { "uv": [ 8.0625, 8.5, 8.1875, 8.4375 ], "texture": "#voxels_atlas" },
				"north": { "uv": [ 8.1875, 8.375, 8.0625, 8.4375 ], "texture": "#voxels_atlas" },
				"south": { "uv": [ 8.0625, 8.3125, 8.1875, 8.375 ], "texture": "#voxels_atlas" },
				"west": { "uv": [ 8.5, 14.5625, 8.5625, 14.625 ], "texture": "#voxels_atlas" },
				"east": { "uv": [ 8.625, 14.75, 8.5625, 14.8125 ], "texture": "#voxels_atlas" }
			}
		},
		{
			"__comment": "Voxels",
			"from": [ 4.6634, 3.432, 0.6662 ],
			"to": [ 15.98887, 4.29, 1.332404 ],
			"faces": {
				"down": { "uv": [ 13.0625, 15.5625, 14.125, 15.625 ], "texture": "#voxels_atlas" },
				"up": { "uv": [ 10.3125, 15.5625, 11.375, 15.5 ], "texture": "#voxels_atlas" },
				"north": { "uv": [ 15.1875, 15.5625, 14.125, 15.625 ], "texture": "#voxels_atlas" },
				"south": { "uv": [ 8.1875, 15.5, 9.25, 15.5625 ], "texture": "#voxels_atlas" },
				"west": { "uv": [ 15.9375, 15.375, 16, 15.4375 ], "texture": "#voxels_atlas" },
				"east": { "uv": [ 8.4375, 8.3125, 8.375, 8.375 ], "texture": "#voxels_atlas" }
			}
		},
		{
			"__comment": "Voxels",
			"from": [ 4.6634, 5.148, 0 ],
			"to": [ 10.65924, 6.864, 0.666204 ],
			"faces": {
				"down": { "uv": [ 15.375, 15.5, 15.9375, 15.5625 ], "texture": "#voxels_atlas" },
				"up": { "uv": [ 11.125, 15.5, 11.6875, 15.4375 ], "texture": "#voxels_atlas" },
				"north": { "uv": [ 5.0625, 10.875, 4.5, 11 ], "texture": "#voxels_atlas" },
				"south": { "uv": [ 4.375, 10.125, 4.9375, 10.25 ], "texture": "#voxels_atlas" },
				"west": { "uv": [ 8.4375, 12.625, 8.5, 12.75 ], "texture": "#voxels_atlas" },
				"east": { "uv": [ 8.5, 12.5, 8.4375, 12.625 ], "texture": "#voxels_atlas" }
			}
		},
		{
			"__comment": "Voxels",
			"from": [ 4.6634, 10.296, 15.3227 ],
			"to": [ 5.995808, 12.87, 15.9889 ],
			"faces": {
				"down": { "uv": [ 8.0625, 8.25, 8.1875, 8.3125 ], "texture": "#voxels_atlas" },
				"up": { "uv": [ 8.0625, 8.25, 8.1875, 8.1875 ], "texture": "#voxels_atlas" },
				"north": { "uv": [ 4.375, 9.3125, 4.25, 9.5 ], "texture": "#voxels_atlas" },
				"south": { "uv": [ 8.3125, 14.375, 8.4375, 14.5625 ], "texture": "#voxels_atlas" },
				"west": { "uv": [ 8.375, 8.4375, 8.4375, 8.625 ], "texture": "#voxels_atlas" },
				"east": { "uv": [ 8.25, 8.125, 8.1875, 8.3125 ], "texture": "#voxels_atlas" }
			}
		},
		{
			"__comment": "Voxels",
			"from": [ 4.6634, 12.87, 0 ],
			"to": [ 15.98887, 14.586, 0.666204 ],
			"faces": {
				"down": { "uv": [ 14.9375, 15.75, 16, 15.8125 ], "texture": "#voxels_atlas" },
				"up": { "uv": [ 9.25, 15.5625, 10.3125, 15.5 ], "texture": "#voxels_atlas" },
				"north": { "uv": [ 7.75, 11.875, 6.6875, 12 ], "texture": "#voxels_atlas" },
				"south": { "uv": [ 6.6875, 12, 7.75, 12.125 ], "texture": "#voxels_atlas" },
				"west": { "uv": [ 8.4375, 11.875, 8.5, 12 ], "texture": "#voxels_atlas" },
				"east": { "uv": [ 8.5, 11.75, 8.4375, 11.875 ], "texture": "#voxels_atlas" }
			}
		},
		{
			"__comment": "Voxels",
			"from": [ 5.3296, 1.716, 0.6662 ],
			"to": [ 15.98886, 3.432, 1.332404 ],
			"faces": {
				"down": { "uv": [ 13.375, 15.5, 14.375, 15.5625 ], "texture": "#voxels_atlas" },
				"up": { "uv": [ 14.375, 15.5625, 15.375, 15.5 ], "texture": "#voxels_atlas" },
				"north": { "uv": [ 7.6875, 11.75, 6.6875, 11.875 ], "texture": "#voxels_atlas" },
				"south": { "uv": [ 6.6875, 11.625, 7.6875, 11.75 ], "texture": "#voxels_atlas" },
				"west": { "uv": [ 8.4375, 11.625, 8.5, 11.75 ], "texture": "#voxels_atlas" },
				"east": { "uv": [ 8.5, 11.5, 8.4375, 11.625 ], "texture": "#voxels_atlas" }
			}
		},
		{
			"__comment": "Voxels",
			"from": [ 5.3296, 1.716, 15.3227 ],
			"to": [ 7.994416, 4.29, 15.9889 ],
			"faces": {
				"down": { "uv": [ 8.1875, 10.75, 8.4375, 10.8125 ], "texture": "#voxels_atlas" },
				"up": { "uv": [ 8.1875, 10.125, 8.4375, 10.0625 ], "texture": "#voxels_atlas" },
				"north": { "uv": [ 5.25, 10.4375, 5, 10.625 ], "texture": "#voxels_atlas" },
				"south": { "uv": [ 5, 8.125, 5.25, 8.3125 ], "texture": "#voxels_atlas" },
				"west": { "uv": [ 8.375, 9.5625, 8.4375, 9.75 ], "texture": "#voxels_atlas" },
				"east": { "uv": [ 8.5, 14.4375, 8.4375, 14.625 ], "texture": "#voxels_atlas" }
			}
		},
		{
			"__comment": "Voxels",
			"from": [ 5.3296, 4.29, 0 ],
			"to": [ 6.662008, 5.148, 0.666204 ],
			"faces": {
				"down": { "uv": [ 8.0625, 8.125, 8.1875, 8.1875 ], "texture": "#voxels_atlas" },
				"up": { "uv": [ 15.875, 15.625, 16, 15.5625 ], "texture": "#voxels_atlas" },
				"north": { "uv": [ 8.4375, 14.3125, 8.3125, 14.375 ], "texture": "#voxels_atlas" },
				"south": { "uv": [ 8.3125, 9.5, 8.4375, 9.5625 ], "texture": "#voxels_atlas" },
				"west": { "uv": [ 8.375, 9.125, 8.4375, 9.1875 ], "texture": "#voxels_atlas" },
				"east": { "uv": [ 8.5, 8.3125, 8.4375, 8.375 ], "texture": "#voxels_atlas" }
			}
		},
		{
			"__comment": "Voxels",
			"from": [ 5.3296, 6.864, 0 ],
			"to": [ 12.65784, 8.58, 0.666204 ],
			"faces": {
				"down": { "uv": [ 15.1875, 15.5625, 15.875, 15.625 ], "texture": "#voxels_atlas" },
				"up": { "uv": [ 9.0625, 15.5, 9.75, 15.4375 ], "texture": "#voxels_atlas" },
				"north": { "uv": [ 5.1875, 11.25, 4.5, 11.375 ], "texture": "#voxels_atlas" },
				"south": { "uv": [ 4.5, 11.375, 5.1875, 11.5 ], "texture": "#voxels_atlas" },
				"west": { "uv": [ 8.4375, 10.25, 8.5, 10.375 ], "texture": "#voxels_atlas" },
				"east": { "uv": [ 8.5, 10.125, 8.4375, 10.25 ], "texture": "#voxels_atlas" }
			}
		},
		{
			"__comment": "Voxels",
			"from": [ 5.3296, 11.154, 0 ],
			"to": [ 12.65784, 12.87, 0.666204 ],
			"faces": {
				"down": { "uv": [ 10.4375, 15.4375, 11.125, 15.5 ], "texture": "#voxels_atlas" },
				"up": { "uv": [ 9.75, 15.5, 10.4375, 15.4375 ], "texture": "#voxels_atlas" },
				"north": { "uv": [ 5.1875, 11.125, 4.5, 11.25 ], "texture": "#voxels_atlas" },
				"south": { "uv": [ 4.5, 11.5, 5.1875, 11.625 ], "texture": "#voxels_atlas" },
				"west": { "uv": [ 8.4375, 10, 8.5, 10.125 ], "texture": "#voxels_atlas" },
				"east": { "uv": [ 8.5, 9.875, 8.4375, 10 ], "texture": "#voxels_atlas" }
			}
		},
		{
			"__comment": "Voxels",
			"from": [ 5.3296, 14.586, 0 ],
			"to": [ 6.662008, 15.444, 0.666204 ],
			"faces": {
				"down": { "uv": [ 15.6875, 15.375, 15.8125, 15.4375 ], "texture": "#voxels_atlas" },
				"up": { "uv": [ 15.8125, 15.4375, 15.9375, 15.375 ], "texture": "#voxels_atlas" },
				"north": { "uv": [ 8.625, 15.3125, 8.5, 15.375 ], "texture": "#voxels_atlas" },
				"south": { "uv": [ 8.5, 15.25, 8.625, 15.3125 ], "texture": "#voxels_atlas" },
				"west": { "uv": [ 8.125, 10.5, 8.1875, 10.5625 ], "texture": "#voxels_atlas" },
				"east": { "uv": [ 8.1875, 10.3125, 8.125, 10.375 ], "texture": "#voxels_atlas" }
			}
		},
		{
			"__comment": "Voxels",
			"from": [ 5.9958, 5.148, 15.3227 ],
			"to": [ 7.328208, 6.864, 15.9889 ],
			"faces": {
				"down": { "uv": [ 8.5, 15.1875, 8.625, 15.25 ], "texture": "#voxels_atlas" },
				"up": { "uv": [ 8.5, 15.1875, 8.625, 15.125 ], "texture": "#voxels_atlas" },
				"north": { "uv": [ 8.4375, 10.3125, 8.3125, 10.4375 ], "texture": "#voxels_atlas" },
				"south": { "uv": [ 4.25, 10.3125, 4.375, 10.4375 ], "texture": "#voxels_atlas" },
				"west": { "uv": [ 8.4375, 9.75, 8.5, 9.875 ], "texture": "#voxels_atlas" },
				"east": { "uv": [ 8.5, 9.625, 8.4375, 9.75 ], "texture": "#voxels_atlas" }
			}
		},
		{
			"__comment": "Voxels",
			"from": [ 6.662, 4.29, 15.3227 ],
			"to": [ 11.32543, 5.148, 15.9889 ],
			"faces": {
				"down": { "uv": [ 11.0625, 15.375, 11.5, 15.4375 ], "texture": "#voxels_atlas" },
				"up": { "uv": [ 13.8125, 15.5, 14.25, 15.4375 ], "texture": "#voxels_atlas" },
				"north": { "uv": [ 14.6875, 15.4375, 14.25, 15.5 ], "texture": "#voxels_atlas" },
				"south": { "uv": [ 14.6875, 15.4375, 15.125, 15.5 ], "texture": "#voxels_atlas" },
				"west": { "uv": [ 8.125, 10.4375, 8.1875, 10.5 ], "texture": "#voxels_atlas" },
				"east": { "uv": [ 8.1875, 10.375, 8.125, 10.4375 ], "texture": "#voxels_atlas" }
			}
		},
		{
			"__comment": "Voxels",
			"from": [ 7.9944, 3.432, 0 ],
			"to": [ 9.993011, 5.148, 0.666204 ],
			"faces": {
				"down": { "uv": [ 8.1875, 9, 8.375, 9.0625 ], "texture": "#voxels_atlas" },
				"up": { "uv": [ 8.1875, 9.125, 8.375, 9.0625 ], "texture": "#voxels_atlas" },
				"north": { "uv": [ 5.25, 11, 5.0625, 11.125 ], "texture": "#voxels_atlas" },
				"south": { "uv": [ 8, 12.625, 8.1875, 12.75 ], "texture": "#voxels_atlas" },
				"west": { "uv": [ 8.4375, 8.625, 8.5, 8.75 ], "texture": "#voxels_atlas" },
				"east": { "uv": [ 8.5, 8.5, 8.4375, 8.625 ], "texture": "#voxels_atlas" }
			}
		},
		{
			"__comment": "Voxels",
			"from": [ 7.9944, 3.432, 15.3227 ],
			"to": [ 12.65783, 4.29, 15.9889 ],
			"faces": {
				"down": { "uv": [ 15.125, 15.4375, 15.5625, 15.5 ], "texture": "#voxels_atlas" },
				"up": { "uv": [ 15.5625, 15.5, 16, 15.4375 ], "texture": "#voxels_atlas" },
				"north": { "uv": [ 8.875, 15.375, 8.4375, 15.4375 ], "texture": "#voxels_atlas" },
				"south": { "uv": [ 8.875, 15.375, 9.3125, 15.4375 ], "texture": "#voxels_atlas" },
				"west": { "uv": [ 8.5, 14.8125, 8.5625, 14.875 ], "texture": "#voxels_atlas" },
				"east": { "uv": [ 8.625, 14.8125, 8.5625, 14.875 ], "texture": "#voxels_atlas" }
			}
		},
		{
			"__comment": "Voxels",
			"from": [ 7.9944, 5.148, 15.3227 ],
			"to": [ 9.993011, 6.864, 15.9889 ],
			"faces": {
				"down": { "uv": [ 8.1875, 8.875, 8.375, 8.9375 ], "texture": "#voxels_atlas" },
				"up": { "uv": [ 8.1875, 9, 8.375, 8.9375 ], "texture": "#voxels_atlas" },
				"north": { "uv": [ 8.1875, 12.125, 8, 12.25 ], "texture": "#voxels_atlas" },
				"south": { "uv": [ 8, 12.25, 8.1875, 12.375 ], "texture": "#voxels_atlas" },
				"west": { "uv": [ 5.1875, 11.25, 5.25, 11.375 ], "texture": "#voxels_atlas" },
				"east": { "uv": [ 5.25, 11.125, 5.1875, 11.25 ], "texture": "#voxels_atlas" }
			}
		},
		{
			"__comment": "Voxels",
			"from": [ 7.9944, 14.586, 0 ],
			"to": [ 9.993011, 15.444, 0.666204 ],
			"faces": {
				"down": { "uv": [ 8.1875, 9.3125, 8.375, 9.375 ], "texture": "#voxels_atlas" },
				"up": { "uv": [ 8.1875, 9.3125, 8.375, 9.25 ], "texture": "#voxels_atlas" },
				"north": { "uv": [ 8.375, 9.1875, 8.1875, 9.25 ], "texture": "#voxels_atlas" },
				"south": { "uv": [ 8.1875, 9.125, 8.375, 9.1875 ], "texture": "#voxels_atlas" },
				"west": { "uv": [ 2.8125, 14.4375, 2.875, 14.5 ], "texture": "#voxels_atlas" },
				"east": { "uv": [ 2.875, 12.6875, 2.8125, 12.75 ], "texture": "#voxels_atlas" }
			}
		},
		{
			"__comment": "Voxels",
			"from": [ 9.3269, 13.728, 14.6565 ],
			"to": [ 10.65931, 16.302, 15.3227 ],
			"faces": {
				"down": { "uv": [ 4.25, 11.5625, 4.375, 11.625 ], "texture": "#voxels_atlas" },
				"up": { "uv": [ 4.25, 11.3125, 4.375, 11.25 ], "texture": "#voxels_atlas" },
				"north": { "uv": [ 8.4375, 13.5625, 8.3125, 13.75 ], "texture": "#voxels_atlas" },
				"south": { "uv": [ 4.25, 10.4375, 4.375, 10.625 ], "texture": "#voxels_atlas" },
				"west": { "uv": [ 6.625, 13, 6.6875, 13.1875 ], "texture": "#voxels_atlas" },
				"east": { "uv": [ 6.6875, 12.8125, 6.625, 13 ], "texture": "#voxels_atlas" }
			}
		},
		{
			"__comment": "Voxels",
			"from": [ 9.9931, 1.716, 15.3227 ],
			"to": [ 12.65792, 3.432, 15.9889 ],
			"faces": {
				"down": { "uv": [ 5, 10.375, 5.25, 10.4375 ], "texture": "#voxels_atlas" },
				"up": { "uv": [ 8.1875, 12, 8.4375, 11.9375 ], "texture": "#voxels_atlas" },
				"north": { "uv": [ 5.25, 8, 5, 8.125 ], "texture": "#voxels_atlas" },
				"south": { "uv": [ 4.9375, 10.25, 5.1875, 10.375 ], "texture": "#voxels_atlas" },
				"west": { "uv": [ 4.625, 8, 4.6875, 8.125 ], "texture": "#voxels_atlas" },
				"east": { "uv": [ 4.75, 8, 4.6875, 8.125 ], "texture": "#voxels_atlas" }
			}
		},
		{
			"__comment": "Voxels",
			"from": [ 9.9931, 8.58, 0 ],
			"to": [ 15.98894, 11.154, 0.666204 ],
			"faces": {
				"down": { "uv": [ 11.6875, 15.4375, 12.25, 15.5 ], "texture": "#voxels_atlas" },
				"up": { "uv": [ 12.25, 15.5, 12.8125, 15.4375 ], "texture": "#voxels_atlas" },
				"north": { "uv": [ 5.0625, 11.8125, 4.5, 12 ], "texture": "#voxels_atlas" },
				"south": { "uv": [ 4.5, 11.625, 5.0625, 11.8125 ], "texture": "#voxels_atlas" },
				"west": { "uv": [ 6.625, 11.5, 6.6875, 11.6875 ], "texture": "#voxels_atlas" },
				"east": { "uv": [ 6.6875, 11.3125, 6.625, 11.5 ], "texture": "#voxels_atlas" }
			}
		},
		{
			"__comment": "Voxels",
			"from": [ 10.6593, 5.148, 15.3227 ],
			"to": [ 11.99171, 6.864, 15.9889 ],
			"faces": {
				"down": { "uv": [ 4.75, 12, 4.875, 12.0625 ], "texture": "#voxels_atlas" },
				"up": { "uv": [ 4.875, 9.125, 5, 9.0625 ], "texture": "#voxels_atlas" },
				"north": { "uv": [ 4.375, 10, 4.25, 10.125 ], "texture": "#voxels_atlas" },
				"south": { "uv": [ 4.75, 10.375, 4.875, 10.5 ], "texture": "#voxels_atlas" },
				"west": { "uv": [ 5.1875, 11.5, 5.25, 11.625 ], "texture": "#voxels_atlas" },
				"east": { "uv": [ 8.4375, 9.75, 8.375, 9.875 ], "texture": "#voxels_atlas" }
			}
		},
		{
			"__comment": "Voxels",
			"from": [ 10.6593, 6.006, 0 ],
			"to": [ 15.98893, 6.864, 0.666204 ],
			"faces": {
				"down": { "uv": [ 7.6875, 11.75, 8.1875, 11.8125 ], "texture": "#voxels_atlas" },
				"up": { "uv": [ 7.6875, 11.75, 8.1875, 11.6875 ], "texture": "#voxels_atlas" },
				"north": { "uv": [ 8.1875, 11.625, 7.6875, 11.6875 ], "texture": "#voxels_atlas" },
				"south": { "uv": [ 12.8125, 15.4375, 13.3125, 15.5 ], "texture": "#voxels_atlas" },
				"west": { "uv": [ 4.4375, 8, 4.5, 8.0625 ], "texture": "#voxels_atlas" },
				"east": { "uv": [ 8.1875, 11.125, 8.125, 11.1875 ], "texture": "#voxels_atlas" }
			}
		},
		{
			"__comment": "Voxels",
			"from": [ 10.6593, 14.586, 14.6565 ],
			"to": [ 15.98893, 16.302, 15.3227 ],
			"faces": {
				"down": { "uv": [ 13.3125, 15.4375, 13.8125, 15.5 ], "texture": "#voxels_atlas" },
				"up": { "uv": [ 7.6875, 11.875, 8.1875, 11.8125 ], "texture": "#voxels_atlas" },
				"north": { "uv": [ 5, 10, 4.5, 10.125 ], "texture": "#voxels_atlas" },
				"south": { "uv": [ 4.5, 9.875, 5, 10 ], "texture": "#voxels_atlas" },
				"west": { "uv": [ 8.4375, 13.625, 8.5, 13.75 ], "texture": "#voxels_atlas" },
				"east": { "uv": [ 8.5, 13.5, 8.4375, 13.625 ], "texture": "#voxels_atlas" }
			}
		},
		{
			"__comment": "Voxels",
			"from": [ 11.3255, 4.29, 0 ],
			"to": [ 12.65791, 6.006, 0.666204 ],
			"faces": {
				"down": { "uv": [ 8.0625, 8.9375, 8.1875, 9 ], "texture": "#voxels_atlas" },
				"up": { "uv": [ 8.0625, 8.9375, 8.1875, 8.875 ], "texture": "#voxels_atlas" },
				"north": { "uv": [ 8.1875, 14.25, 8.0625, 14.375 ], "texture": "#voxels_atlas" },
				"south": { "uv": [ 8.0625, 14.125, 8.1875, 14.25 ], "texture": "#voxels_atlas" },
				"west": { "uv": [ 8.4375, 13.375, 8.5, 13.5 ], "texture": "#voxels_atlas" },
				"east": { "uv": [ 8.5, 13.25, 8.4375, 13.375 ], "texture": "#voxels_atlas" }
			}
		},
		{
			"__comment": "Voxels",
			"from": [ 11.3255, 12.012, 14.6565 ],
			"to": [ 15.98893, 12.87, 15.3227 ],
			"faces": {
				"down": { "uv": [ 9.3125, 15.375, 9.75, 15.4375 ], "texture": "#voxels_atlas" },
				"up": { "uv": [ 9.75, 15.4375, 10.1875, 15.375 ], "texture": "#voxels_atlas" },
				"north": { "uv": [ 10.625, 15.375, 10.1875, 15.4375 ], "texture": "#voxels_atlas" },
				"south": { "uv": [ 10.625, 15.375, 11.0625, 15.4375 ], "texture": "#voxels_atlas" },
				"west": { "uv": [ 8.125, 10.8125, 8.1875, 10.875 ], "texture": "#voxels_atlas" },
				"east": { "uv": [ 8.1875, 10.75, 8.125, 10.8125 ], "texture": "#voxels_atlas" }
			}
		},
		{
			"__comment": "Voxels",
			"from": [ 11.3255, 14.586, 0 ],
			"to": [ 12.65791, 15.444, 0.666204 ],
			"faces": {
				"down": { "uv": [ 8.0625, 8.75, 8.1875, 8.8125 ], "texture": "#voxels_atlas" },
				"up": { "uv": [ 8.0625, 8.75, 8.1875, 8.6875 ], "texture": "#voxels_atlas" },
				"north": { "uv": [ 8.1875, 8.625, 8.0625, 8.6875 ], "texture": "#voxels_atlas" },
				"south": { "uv": [ 8.0625, 8.5625, 8.1875, 8.625 ], "texture": "#voxels_atlas" },
				"west": { "uv": [ 8.5625, 14.375, 8.625, 14.4375 ], "texture": "#voxels_atlas" },
				"east": { "uv": [ 8.5625, 14.375, 8.5, 14.4375 ], "texture": "#voxels_atlas" }
			}
		},
		{
			"__comment": "Voxels",
			"from": [ 12.6579, 5.148, 0 ],
			"to": [ 15.98892, 6.006, 0.666204 ],
			"faces": {
				"down": { "uv": [ 11.875, 15.375, 12.1875, 15.4375 ], "texture": "#voxels_atlas" },
				"up": { "uv": [ 12.1875, 15.4375, 12.5, 15.375 ], "texture": "#voxels_atlas" },
				"north": { "uv": [ 12.8125, 15.375, 12.5, 15.4375 ], "texture": "#voxels_atlas" },
				"south": { "uv": [ 12.8125, 15.375, 13.125, 15.4375 ], "texture": "#voxels_atlas" },
				"west": { "uv": [ 8.5, 14.4375, 8.5625, 14.5 ], "texture": "#voxels_atlas" },
				"east": { "uv": [ 8.625, 14.5625, 8.5625, 14.625 ], "texture": "#voxels_atlas" }
			}
		},
		{
			"__comment": "Voxels",
			"from": [ 12.6579, 12.87, 14.6565 ],
			"to": [ 15.98892, 13.728, 15.3227 ],
			"faces": {
				"down": { "uv": [ 13.125, 15.375, 13.4375, 15.4375 ], "texture": "#voxels_atlas" },
				"up": { "uv": [ 13.4375, 15.4375, 13.75, 15.375 ], "texture": "#voxels_atlas" },
				"north": { "uv": [ 14.0625, 15.375, 13.75, 15.4375 ], "texture": "#voxels_atlas" },
				"south": { "uv": [ 15.6875, 15.625, 16, 15.6875 ], "texture": "#voxels_atlas" },
				"west": { "uv": [ 8.5625, 14.625, 8.625, 14.6875 ], "texture": "#voxels_atlas" },
				"east": { "uv": [ 8.5625, 14.625, 8.5, 14.6875 ], "texture": "#voxels_atlas" }
			}
		},
		{
			"__comment": "Voxels",
			"from": [ 13.3241, 1.716, 0 ],
			"to": [ 15.98892, 5.148, 0.666204 ],
			"faces": {
				"down": { "uv": [ 8.1875, 11.75, 8.4375, 11.8125 ], "texture": "#voxels_atlas" },
				"up": { "uv": [ 8.1875, 10.875, 8.4375, 10.8125 ], "texture": "#voxels_atlas" },
				"north": { "uv": [ 4.75, 10.4375, 4.5, 10.6875 ], "texture": "#voxels_atlas" },
				"south": { "uv": [ 5, 10.625, 5.25, 10.875 ], "texture": "#voxels_atlas" },
				"west": { "uv": [ 8.1875, 11.375, 8.25, 11.625 ], "texture": "#voxels_atlas" },
				"east": { "uv": [ 8.3125, 11.375, 8.25, 11.625 ], "texture": "#voxels_atlas" }
			}
		},
		{
			"__comment": "Voxels",
			"from": [ 13.3241, 1.716, 15.3227 ],
			"to": [ 15.98892, 15.444, 15.9889 ],
			"faces": {
				"down": { "uv": [ 8.1875, 11.3125, 8.4375, 11.375 ], "texture": "#voxels_atlas" },
				"up": { "uv": [ 8.1875, 11.3125, 8.4375, 11.25 ], "texture": "#voxels_atlas" },
				"north": { "uv": [ 4.875, 13.3125, 4.625, 14.3125 ], "texture": "#voxels_atlas" },
				"south": { "uv": [ 4.875, 13.3125, 5.125, 14.3125 ], "texture": "#voxels_atlas" },
				"west": { "uv": [ 4.375, 8.0625, 4.4375, 9.0625 ], "texture": "#voxels_atlas" },
				"east": { "uv": [ 4.5, 8.0625, 4.4375, 9.0625 ], "texture": "#voxels_atlas" }
			}
		},
		{
			"__comment": "Voxels",
			"from": [ 13.3241, 6.864, 0 ],
			"to": [ 15.98892, 8.58, 0.666204 ],
			"faces": {
				"down": { "uv": [ 8.1875, 10.9375, 8.4375, 11 ], "texture": "#voxels_atlas" },
				"up": { "uv": [ 8.1875, 10.9375, 8.4375, 10.875 ], "texture": "#voxels_atlas" },
				"north": { "uv": [ 15.9375, 15.875, 15.6875, 16 ], "texture": "#voxels_atlas" },
				"south": { "uv": [ 8.1875, 15.1875, 8.4375, 15.3125 ], "texture": "#voxels_atlas" },
				"west": { "uv": [ 8.4375, 12.375, 8.5, 12.5 ], "texture": "#voxels_atlas" },
				"east": { "uv": [ 8.5, 12.25, 8.4375, 12.375 ], "texture": "#voxels_atlas" }
			}
		},
		{
			"__comment": "Voxels",
			"from": [ 13.3241, 11.154, 0 ],
			"to": [ 15.98892, 12.87, 0.666204 ],
			"faces": {
				"down": { "uv": [ 8.1875, 10.6875, 8.4375, 10.75 ], "texture": "#voxels_atlas" },
				"up": { "uv": [ 8.1875, 10.1875, 8.4375, 10.125 ], "texture": "#voxels_atlas" },
				"north": { "uv": [ 5.25, 9.875, 5, 10 ], "texture": "#voxels_atlas" },
				"south": { "uv": [ 5, 10, 5.25, 10.125 ], "texture": "#voxels_atlas" },
				"west": { "uv": [ 8.4375, 12.125, 8.5, 12.25 ], "texture": "#voxels_atlas" },
				"east": { "uv": [ 8.5, 12, 8.4375, 12.125 ], "texture": "#voxels_atlas" }
			}
		},
		{
			"__comment": "Voxels",
			"from": [ 13.3241, 13.728, 14.6565 ],
			"to": [ 15.98892, 14.586, 15.3227 ],
			"faces": {
				"down": { "uv": [ 8.1875, 10, 8.4375, 10.0625 ], "texture": "#voxels_atlas" },
				"up": { "uv": [ 8.1875, 10, 8.4375, 9.9375 ], "texture": "#voxels_atlas" },
				"north": { "uv": [ 8.4375, 9.875, 8.1875, 9.9375 ], "texture": "#voxels_atlas" },
				"south": { "uv": [ 8.1875, 9.4375, 8.4375, 9.5 ], "texture": "#voxels_atlas" },
				"west": { "uv": [ 8.125, 9.4375, 8.1875, 9.5 ], "texture": "#voxels_atlas" },
				"east": { "uv": [ 8.1875, 10, 8.125, 10.0625 ], "texture": "#voxels_atlas" }
			}
		},
		{
			"__comment": "Voxels",
			"from": [ 13.3241, 14.586, 0 ],
			"to": [ 15.98892, 15.444, 0.666204 ],
			"faces": {
				"down": { "uv": [ 8.1875, 9.375, 8.4375, 9.4375 ], "texture": "#voxels_atlas" },
				"up": { "uv": [ 4.625, 13.3125, 4.875, 13.25 ], "texture": "#voxels_atlas" },
				"north": { "uv": [ 5.125, 13.25, 4.875, 13.3125 ], "texture": "#voxels_atlas" },
				"south": { "uv": [ 4.5, 10.375, 4.75, 10.4375 ], "texture": "#voxels_atlas" },
				"west": { "uv": [ 8.125, 10.125, 8.1875, 10.1875 ], "texture": "#voxels_atlas" },
				"east": { "uv": [ 8.1875, 10.1875, 8.125, 10.25 ], "texture": "#voxels_atlas" }
			}
		},
		{
			"__comment": "Voxels",
			"from": [ 14.6565, 1.716, 8.6607 ],
			"to": [ 15.3227, 7.722, 9.326904 ],
			"faces": {
				"down": { "uv": [ 8.4375, 8.1875, 8.5, 8.25 ], "texture": "#voxels_atlas" },
				"up": { "uv": [ 8.4375, 8.3125, 8.5, 8.25 ], "texture": "#voxels_atlas" },
				"north": { "uv": [ 8.4375, 14.75, 8.375, 15.1875 ], "texture": "#voxels_atlas" },
				"south": { "uv": [ 8.1875, 14.3125, 8.25, 14.75 ], "texture": "#voxels_atlas" },
				"west": { "uv": [ 8.25, 14.3125, 8.3125, 14.75 ], "texture": "#voxels_atlas" },
				"east": { "uv": [ 8.25, 14.75, 8.1875, 15.1875 ], "texture": "#voxels_atlas" }
			}
		},
		{
			"__comment": "Voxels",
			"from": [ 14.6565, 1.716, 9.3269 ],
			"to": [ 15.3227, 3.432, 13.32412 ],
			"faces": {
				"down": { "uv": [ 8.1875, 13.5625, 8.25, 13.9375 ], "texture": "#voxels_atlas" },
				"up": { "uv": [ 8.25, 13.9375, 8.3125, 13.5625 ], "texture": "#voxels_atlas" },
				"north": { "uv": [ 8.5, 11.375, 8.4375, 11.5 ], "texture": "#voxels_atlas" },
				"south": { "uv": [ 8.4375, 11.25, 8.5, 11.375 ], "texture": "#voxels_atlas" },
				"west": { "uv": [ 7.75, 11.875, 8.125, 12 ], "texture": "#voxels_atlas" },
				"east": { "uv": [ 8.125, 12, 7.75, 12.125 ], "texture": "#voxels_atlas" }
			}
		},
		{
			"__comment": "Voxels",
			"from": [ 14.6565, 6.006, 6.662 ],
			"to": [ 15.3227, 12.87, 7.328204 ],
			"faces": {
				"down": { "uv": [ 8.125, 10.0625, 8.1875, 10.125 ], "texture": "#voxels_atlas" },
				"up": { "uv": [ 8.4375, 8.125, 8.5, 8.0625 ], "texture": "#voxels_atlas" },
				"north": { "uv": [ 5.25, 9.0625, 5.1875, 9.5625 ], "texture": "#voxels_atlas" },
				"south": { "uv": [ 5.125, 9.0625, 5.1875, 9.5625 ], "texture": "#voxels_atlas" },
				"west": { "uv": [ 4.3125, 12.375, 4.375, 12.875 ], "texture": "#voxels_atlas" },
				"east": { "uv": [ 4.375, 12.875, 4.3125, 13.375 ], "texture": "#voxels_atlas" }
			}
		},
		{
			"__comment": "Voxels",
			"from": [ 14.6565, 6.006, 7.3282 ],
			"to": [ 15.3227, 7.722, 8.660608 ],
			"faces": {
				"down": { "uv": [ 8.4375, 11.125, 8.5, 11.25 ], "texture": "#voxels_atlas" },
				"up": { "uv": [ 8.3125, 9.875, 8.375, 9.75 ], "texture": "#voxels_atlas" },
				"north": { "uv": [ 8.5, 11, 8.4375, 11.125 ], "texture": "#voxels_atlas" },
				"south": { "uv": [ 8.4375, 10.875, 8.5, 11 ], "texture": "#voxels_atlas" },
				"west": { "uv": [ 8.0625, 13.625, 8.1875, 13.75 ], "texture": "#voxels_atlas" },
				"east": { "uv": [ 8.1875, 13.5, 8.0625, 13.625 ], "texture": "#voxels_atlas" }
			}
		},
		{
			"__comment": "Voxels",
			"from": [ 14.6565, 7.722, 2.6648 ],
			"to": [ 15.3227, 16.302, 3.997208 ],
			"faces": {
				"down": { "uv": [ 8.4375, 10.75, 8.5, 10.875 ], "texture": "#voxels_atlas" },
				"up": { "uv": [ 8.4375, 10.75, 8.5, 10.625 ], "texture": "#voxels_atlas" },
				"north": { "uv": [ 2.875, 12.0625, 2.8125, 12.6875 ], "texture": "#voxels_atlas" },
				"south": { "uv": [ 2.8125, 12.75, 2.875, 13.375 ], "texture": "#voxels_atlas" },
				"west": { "uv": [ 4.375, 10.375, 4.5, 11 ], "texture": "#voxels_atlas" },
				"east": { "uv": [ 2.8125, 13.625, 2.6875, 14.25 ], "texture": "#voxels_atlas" }
			}
		},
		{
			"__comment": "Voxels",
			"from": [ 14.6565, 7.722, 5.3296 ],
			"to": [ 15.3227, 13.728, 6.662008 ],
			"faces": {
				"down": { "uv": [ 8.4375, 10.5, 8.5, 10.625 ], "texture": "#voxels_atlas" },
				"up": { "uv": [ 8.4375, 10.5, 8.5, 10.375 ], "texture": "#voxels_atlas" },
				"north": { "uv": [ 8.3125, 14.75, 8.25, 15.1875 ], "texture": "#voxels_atlas" },
				"south": { "uv": [ 8.3125, 14.75, 8.375, 15.1875 ], "texture": "#voxels_atlas" },
				"west": { "uv": [ 4.875, 9.125, 5, 9.5625 ], "texture": "#voxels_atlas" },
				"east": { "uv": [ 5.125, 9.125, 5, 9.5625 ], "texture": "#voxels_atlas" }
			}
		},
		{
			"__comment": "Voxels",
			"from": [ 14.6565, 15.444, 1.3324 ],
			"to": [ 15.98891, 16.302, 2.664808 ],
			"faces": {
				"down": { "uv": [ 8.0625, 13, 8.1875, 13.125 ], "texture": "#voxels_atlas" },
				"up": { "uv": [ 8.0625, 13, 8.1875, 12.875 ], "texture": "#voxels_atlas" },
				"north": { "uv": [ 15.0625, 15.375, 14.9375, 15.4375 ], "texture": "#voxels_atlas" },
				"south": { "uv": [ 15.0625, 15.375, 15.1875, 15.4375 ], "texture": "#voxels_atlas" },
				"west": { "uv": [ 15.1875, 15.375, 15.3125, 15.4375 ], "texture": "#voxels_atlas" },
				"east": { "uv": [ 15.4375, 15.375, 15.3125, 15.4375 ], "texture": "#voxels_atlas" }
			}
		},
		{
			"__comment": "Voxels",
			"from": [ 14.6565, 15.444, 3.9972 ],
			"to": [ 15.98891, 16.302, 14.65646 ],
			"faces": {
				"down": { "uv": [ 4.375, 11, 4.5, 12 ], "texture": "#voxels_atlas" },
				"up": { "uv": [ 4.625, 13.25, 4.75, 12.25 ], "texture": "#voxels_atlas" },
				"north": { "uv": [ 15.5625, 15.375, 15.4375, 15.4375 ], "texture": "#voxels_atlas" },
				"south": { "uv": [ 15.5625, 15.375, 15.6875, 15.4375 ], "texture": "#voxels_atlas" },
				"west": { "uv": [ 11.375, 15.5, 12.375, 15.5625 ], "texture": "#voxels_atlas" },
				"east": { "uv": [ 13.375, 15.5, 12.375, 15.5625 ], "texture": "#voxels_atlas" }
			}
		},
		{
			"__comment": "Voxels",
			"from": [ 14.6565, 16.302, 0 ],
			"to": [ 15.98891, 18.876, 1.332408 ],
			"faces": {
				"down": { "uv": [ 8.0625, 8, 8.1875, 8.125 ], "texture": "#voxels_atlas" },
				"up": { "uv": [ 8.3125, 12.8125, 8.4375, 12.6875 ], "texture": "#voxels_atlas" },
				"north": { "uv": [ 8.4375, 13, 8.3125, 13.1875 ], "texture": "#voxels_atlas" },
				"south": { "uv": [ 8.1875, 12.8125, 8.3125, 13 ], "texture": "#voxels_atlas" },
				"west": { "uv": [ 8.3125, 12.8125, 8.4375, 13 ], "texture": "#voxels_atlas" },
				"east": { "uv": [ 8.3125, 12.625, 8.1875, 12.8125 ], "texture": "#voxels_atlas" }
			}
		},
		{
			"__comment": "Voxels",
			"from": [ 14.6565, 16.302, 14.6565 ],
			"to": [ 15.98891, 18.876, 15.98891 ],
			"faces": {
				"down": { "uv": [ 8.1875, 11, 8.3125, 11.125 ], "texture": "#voxels_atlas" },
				"up": { "uv": [ 8.3125, 11.125, 8.4375, 11 ], "texture": "#voxels_atlas" },
				"north": { "uv": [ 4.375, 10.125, 4.25, 10.3125 ], "texture": "#voxels_atlas" },
				"south": { "uv": [ 8.3125, 13.9375, 8.4375, 14.125 ], "texture": "#voxels_atlas" },
				"west": { "uv": [ 5.125, 8.375, 5.25, 8.5625 ], "texture": "#voxels_atlas" },
				"east": { "uv": [ 8.4375, 14.5625, 8.3125, 14.75 ], "texture": "#voxels_atlas" }
			}
		},
		{
			"__comment": "Voxels",
			"from": [ 15.3227, 1.716, 9.9931 ],
			"to": [ 15.9889, 3.432, 11.99171 ],
			"faces": {
				"down": { "uv": [ 6.625, 10.1875, 6.6875, 10.375 ], "texture": "#voxels_atlas" },
				"up": { "uv": [ 6.625, 12.4375, 6.6875, 12.25 ], "texture": "#voxels_atlas" },
				"north": { "uv": [ 8.5, 9.5, 8.4375, 9.625 ], "texture": "#voxels_atlas" },
				"south": { "uv": [ 8.4375, 9.375, 8.5, 9.5 ], "texture": "#voxels_atlas" },
				"west": { "uv": [ 5.0625, 10.875, 5.25, 11 ], "texture": "#voxels_atlas" },
				"east": { "uv": [ 8.1875, 12.75, 8, 12.875 ], "texture": "#voxels_atlas" }
			}
		},
		{
			"__comment": "Voxels",
			"from": [ 15.3227, 2.574, 11.9917 ],
			"to": [ 15.9889, 3.432, 12.6579 ],
			"faces": {
				"down": { "uv": [ 8.5625, 14.3125, 8.625, 14.375 ], "texture": "#voxels_atlas" },
				"up": { "uv": [ 8.5, 14.25, 8.5625, 14.1875 ], "texture": "#voxels_atlas" },
				"north": { "uv": [ 8.625, 14.1875, 8.5625, 14.25 ], "texture": "#voxels_atlas" },
				"south": { "uv": [ 8.5, 14.125, 8.5625, 14.1875 ], "texture": "#voxels_atlas" },
				"west": { "uv": [ 8.5625, 14.125, 8.625, 14.1875 ], "texture": "#voxels_atlas" },
				"east": { "uv": [ 8.5625, 14, 8.5, 14.0625 ], "texture": "#voxels_atlas" }
			}
		},
		{
			"__comment": "Voxels",
			"from": [ 15.3227, 6.006, 12.6579 ],
			"to": [ 15.9889, 9.438, 13.3241 ],
			"faces": {
				"down": { "uv": [ 8.125, 10.6875, 8.1875, 10.75 ], "texture": "#voxels_atlas" },
				"up": { "uv": [ 8.125, 10.6875, 8.1875, 10.625 ], "texture": "#voxels_atlas" },
				"north": { "uv": [ 8.25, 10.4375, 8.1875, 10.6875 ], "texture": "#voxels_atlas" },
				"south": { "uv": [ 8.25, 10.4375, 8.3125, 10.6875 ], "texture": "#voxels_atlas" },
				"west": { "uv": [ 8.3125, 10.4375, 8.375, 10.6875 ], "texture": "#voxels_atlas" },
				"east": { "uv": [ 8.4375, 10.4375, 8.375, 10.6875 ], "texture": "#voxels_atlas" }
			}
		},
		{
			"__comment": "Voxels",
			"from": [ 15.3227, 6.864, 8.6607 ],
			"to": [ 15.9889, 10.296, 9.993108 ],
			"faces": {
				"down": { "uv": [ 8.4375, 9.125, 8.5, 9.25 ], "texture": "#voxels_atlas" },
				"up": { "uv": [ 8.4375, 9.125, 8.5, 9 ], "texture": "#voxels_atlas" },
				"north": { "uv": [ 8.25, 10.1875, 8.1875, 10.4375 ], "texture": "#voxels_atlas" },
				"south": { "uv": [ 8.25, 10.1875, 8.3125, 10.4375 ], "texture": "#voxels_atlas" },
				"west": { "uv": [ 4.25, 10.6875, 4.375, 10.9375 ], "texture": "#voxels_atlas" },
				"east": { "uv": [ 4.375, 11.3125, 4.25, 11.5625 ], "texture": "#voxels_atlas" }
			}
		},
		{
			"__comment": "Voxels",
			"from": [ 15.3227, 6.864, 10.6593 ],
			"to": [ 15.9889, 7.722, 11.3255 ],
			"faces": {
				"down": { "uv": [ 8.125, 9.9375, 8.1875, 10 ], "texture": "#voxels_atlas" },
				"up": { "uv": [ 8.5625, 14.0625, 8.625, 14 ], "texture": "#voxels_atlas" },
				"north": { "uv": [ 8.1875, 9.8125, 8.125, 9.875 ], "texture": "#voxels_atlas" },
				"south": { "uv": [ 8.125, 9.75, 8.1875, 9.8125 ], "texture": "#voxels_atlas" },
				"west": { "uv": [ 8.125, 9.6875, 8.1875, 9.75 ], "texture": "#voxels_atlas" },
				"east": { "uv": [ 8.1875, 9.625, 8.125, 9.6875 ], "texture": "#voxels_atlas" }
			}
		},
		{
			"__comment": "Voxels",
			"from": [ 15.3227, 7.722, 7.9944 ],
			"to": [ 15.9889, 10.296, 8.660604 ],
			"faces": {
				"down": { "uv": [ 8.125, 9.5625, 8.1875, 9.625 ], "texture": "#voxels_atlas" },
				"up": { "uv": [ 8.125, 9.5625, 8.1875, 9.5 ], "texture": "#voxels_atlas" },
				"north": { "uv": [ 8.5, 14.25, 8.4375, 14.4375 ], "texture": "#voxels_atlas" },
				"south": { "uv": [ 8.4375, 14.625, 8.5, 14.8125 ], "texture": "#voxels_atlas" },
				"west": { "uv": [ 8.4375, 14.8125, 8.5, 15 ], "texture": "#voxels_atlas" },
				"east": { "uv": [ 8.3125, 8.4375, 8.25, 8.625 ], "texture": "#voxels_atlas" }
			}
		},
		{
			"__comment": "Voxels",
			"from": [ 15.3227, 8.58, 11.9917 ],
			"to": [ 15.9889, 9.438, 12.6579 ],
			"faces": {
				"down": { "uv": [ 15.9375, 15.8125, 16, 15.875 ], "texture": "#voxels_atlas" },
				"up": { "uv": [ 15.9375, 15.75, 16, 15.6875 ], "texture": "#voxels_atlas" },
				"north": { "uv": [ 16, 15.5, 15.9375, 15.5625 ], "texture": "#voxels_atlas" },
				"south": { "uv": [ 8.375, 9.3125, 8.4375, 9.375 ], "texture": "#voxels_atlas" },
				"west": { "uv": [ 8.375, 9.25, 8.4375, 9.3125 ], "texture": "#voxels_atlas" },
				"east": { "uv": [ 8.4375, 9.1875, 8.375, 9.25 ], "texture": "#voxels_atlas" }
			}
		},
		{
			"__comment": "Voxels",
			"from": [ 15.3227, 9.438, 4.6634 ],
			"to": [ 15.9889, 10.296, 7.99442 ],
			"faces": {
				"down": { "uv": [ 8.1875, 12, 8.25, 12.3125 ], "texture": "#voxels_atlas" },
				"up": { "uv": [ 8.25, 12.3125, 8.3125, 12 ], "texture": "#voxels_atlas" },
				"north": { "uv": [ 8.4375, 9, 8.375, 9.0625 ], "texture": "#voxels_atlas" },
				"south": { "uv": [ 8.375, 8.9375, 8.4375, 9 ], "texture": "#voxels_atlas" },
				"west": { "uv": [ 14.0625, 15.375, 14.375, 15.4375 ], "texture": "#voxels_atlas" },
				"east": { "uv": [ 14.6875, 15.375, 14.375, 15.4375 ], "texture": "#voxels_atlas" }
			}
		},
		{
			"__comment": "Voxels",
			"from": [ 15.3227, 9.438, 9.9931 ],
			"to": [ 15.9889, 12.012, 10.6593 ],
			"faces": {
				"down": { "uv": [ 8.375, 8.75, 8.4375, 8.8125 ], "texture": "#voxels_atlas" },
				"up": { "uv": [ 8.375, 8.75, 8.4375, 8.6875 ], "texture": "#voxels_atlas" },
				"north": { "uv": [ 6.6875, 10.5625, 6.625, 10.75 ], "texture": "#voxels_atlas" },
				"south": { "uv": [ 6.625, 10.75, 6.6875, 10.9375 ], "texture": "#voxels_atlas" },
				"west": { "uv": [ 6.625, 10.9375, 6.6875, 11.125 ], "texture": "#voxels_atlas" },
				"east": { "uv": [ 6.6875, 11.125, 6.625, 11.3125 ], "texture": "#voxels_atlas" }
			}
		},
		{
			"__comment": "Voxels",
			"from": [ 15.3227, 10.296, 2.6648 ],
			"to": [ 15.9889, 12.012, 3.997208 ],
			"faces": {
				"down": { "uv": [ 8.4375, 8.375, 8.5, 8.5 ], "texture": "#voxels_atlas" },
				"up": { "uv": [ 5.1875, 10.375, 5.25, 10.25 ], "texture": "#voxels_atlas" },
				"north": { "uv": [ 5.25, 10.125, 5.1875, 10.25 ], "texture": "#voxels_atlas" },
				"south": { "uv": [ 8.4375, 8.75, 8.5, 8.875 ], "texture": "#voxels_atlas" },
				"west": { "uv": [ 8.3125, 10.1875, 8.4375, 10.3125 ], "texture": "#voxels_atlas" },
				"east": { "uv": [ 8.3125, 9.75, 8.1875, 9.875 ], "texture": "#voxels_atlas" }
			}
		},
		{
			"__comment": "Voxels",
			"from": [ 15.3227, 10.296, 5.3296 ],
			"to": [ 15.9889, 13.728, 6.662008 ],
			"faces": {
				"down": { "uv": [ 8.125, 11.875, 8.1875, 12 ], "texture": "#voxels_atlas" },
				"up": { "uv": [ 8.4375, 14.25, 8.5, 14.125 ], "texture": "#voxels_atlas" },
				"north": { "uv": [ 8.25, 9.5, 8.1875, 9.75 ], "texture": "#voxels_atlas" },
				"south": { "uv": [ 8.25, 9.5, 8.3125, 9.75 ], "texture": "#voxels_atlas" },
				"west": { "uv": [ 4.25, 11.625, 4.375, 11.875 ], "texture": "#voxels_atlas" },
				"east": { "uv": [ 4.375, 11, 4.25, 11.25 ], "texture": "#voxels_atlas" }
			}
		},
		{
			"__comment": "Voxels",
			"from": [ 15.3227, 10.296, 6.662 ],
			"to": [ 15.9889, 12.87, 7.328204 ],
			"faces": {
				"down": { "uv": [ 8.5, 14.6875, 8.5625, 14.75 ], "texture": "#voxels_atlas" },
				"up": { "uv": [ 8.5625, 14.75, 8.625, 14.6875 ], "texture": "#voxels_atlas" },
				"north": { "uv": [ 6.6875, 11.6875, 6.625, 11.875 ], "texture": "#voxels_atlas" },
				"south": { "uv": [ 6.625, 11.875, 6.6875, 12.0625 ], "texture": "#voxels_atlas" },
				"west": { "uv": [ 6.625, 12.0625, 6.6875, 12.25 ], "texture": "#voxels_atlas" },
				"east": { "uv": [ 6.6875, 12.4375, 6.625, 12.625 ], "texture": "#voxels_atlas" }
			}
		},
		{
			"__comment": "Voxels",
			"from": [ 15.3227, 10.296, 9.3269 ],
			"to": [ 15.9889, 12.87, 9.993104 ],
			"faces": {
				"down": { "uv": [ 8.5, 14.5, 8.5625, 14.5625 ], "texture": "#voxels_atlas" },
				"up": { "uv": [ 8.5625, 14.5625, 8.625, 14.5 ], "texture": "#voxels_atlas" },
				"north": { "uv": [ 6.6875, 12.625, 6.625, 12.8125 ], "texture": "#voxels_atlas" },
				"south": { "uv": [ 6.625, 13.75, 6.6875, 13.9375 ], "texture": "#voxels_atlas" },
				"west": { "uv": [ 4.9375, 8, 5, 8.1875 ], "texture": "#voxels_atlas" },
				"east": { "uv": [ 4.9375, 8, 4.875, 8.1875 ], "texture": "#voxels_atlas" }
			}
		},
		{
			"__comment": "Voxels",
			"from": [ 15.3227, 12.012, 7.9944 ],
			"to": [ 15.9889, 12.87, 9.326808 ],
			"faces": {
				"down": { "uv": [ 8.4375, 14, 8.5, 14.125 ], "texture": "#voxels_atlas" },
				"up": { "uv": [ 8.4375, 13.875, 8.5, 13.75 ], "texture": "#voxels_atlas" },
				"north": { "uv": [ 8.5625, 14.25, 8.5, 14.3125 ], "texture": "#voxels_atlas" },
				"south": { "uv": [ 8.5625, 14.25, 8.625, 14.3125 ], "texture": "#voxels_atlas" },
				"west": { "uv": [ 8.0625, 9.0625, 8.1875, 9.125 ], "texture": "#voxels_atlas" },
				"east": { "uv": [ 8.1875, 9, 8.0625, 9.0625 ], "texture": "#voxels_atlas" }
			}
		},
		{
			"__comment": "Voxels",
			"from": [ 15.3227, 15.444, 2.6648 ],
			"to": [ 15.9889, 16.302, 3.997208 ],
			"faces": {
				"down": { "uv": [ 8.4375, 13.125, 8.5, 13.25 ], "texture": "#voxels_atlas" },
				"up": { "uv": [ 8.4375, 12.875, 8.5, 12.75 ], "texture": "#voxels_atlas" },
				"north": { "uv": [ 8.5625, 14.0625, 8.5, 14.125 ], "texture": "#voxels_atlas" },
				"south": { "uv": [ 8.5625, 14.0625, 8.625, 14.125 ], "texture": "#voxels_atlas" },
				"west": { "uv": [ 8.0625, 8.8125, 8.1875, 8.875 ], "texture": "#voxels_atlas" },
				"east": { "uv": [ 8.4375, 12.625, 8.3125, 12.6875 ], "texture": "#voxels_atlas" }
			}
		}
	],
	"display": {
		"thirdperson_righthand": {
			"rotation":  [ 20, -9, 0 ],
			"scale":  [ 0.1, 0.1, 0.1 ]
		},
		"thirdperson_lefthand": {
			"rotation":  [ 20, -9, 0 ],
			"scale":  [ 0.1, 0.1, 0.1 ]
		},
		"firstperson_righthand": {
			"scale":  [ 0.4, 0.4, 0.4 ]
		},
		"firstperson_lefthand": {
			"scale":  [ 0.4, 0.4, 0.4 ]
		},
		"gui": {
			"rotation":  [ 34, 41, 0 ],
			"scale":  [ 0.2, 0.2, 0.2 ]
		},
		"ground": {
			"rotation":  [ 30, 0, 0 ],
			"scale":  [ 0.2, 0.2, 0.2 ]
		},
		"fixed": {
			"rotation":  [ -5, 41, 0 ],
			"scale":  [ 0.2, 0.2, 0.2 ]
		}
	}
}