{
	"__comment": "Designed by Elo106 with Cubik Studio - https://cubik.studio",
	"textures": {
		"particle": "items/steelsword",
		"texture": "items/steelsword",
		"alinorsword_atlas": "items/steelsword"
	},
	"elements": [ 	 
		{
			"__comment": "Voxels",
			"from": [ 3.5, -2, 7.5 ],
			"to": [ 5.5, -1.5, 8 ],
			"faces": {
				"down": { "uv": [ 5.75, 13, 6.75, 13.25 ], "texture": "#alinorsword_atlas", "cullface": "down" },
				"up": { "uv": [ 13.5, 14.75, 14.5, 14.5 ], "texture": "#alinorsword_atlas", "cullface": "down" },
				"north": { "uv": [ 15.5, 14.5, 14.5, 14.75 ], "texture": "#alinorsword_atlas", "cullface": "down" },
				"south": { "uv": [ 4.5, 13.25, 5.5, 13.5 ], "texture": "#alinorsword_atlas", "cullface": "down" },
				"west": { "uv": [ 5, 12.25, 5.25, 12.5 ], "texture": "#alinorsword_atlas", "cullface": "down" },
				"east": { "uv": [ 5.25, 12.5, 5, 12.75 ], "texture": "#alinorsword_atlas", "cullface": "down" }
			}
		},
		{
			"__comment": "Voxels",
			"from": [ 4, -2.5, 7.5 ],
			"to": [ 12, -2, 8 ],
			"faces": {
				"down": { "uv": [ 3.5, 15.75, 7.5, 16 ], "texture": "#alinorsword_atlas", "cullface": "down" },
				"up": { "uv": [ 7.5, 16, 11.5, 15.75 ], "texture": "#alinorsword_atlas", "cullface": "down" },
				"north": { "uv": [ 15.5, 15.75, 11.5, 16 ], "texture": "#alinorsword_atlas", "cullface": "down" },
				"south": { "uv": [ 3.5, 15.5, 7.5, 15.75 ], "texture": "#alinorsword_atlas", "cullface": "down" },
				"west": { "uv": [ 4.75, 12.25, 5, 12.5 ], "texture": "#alinorsword_atlas", "cullface": "down" },
				"east": { "uv": [ 5, 12.5, 4.75, 12.75 ], "texture": "#alinorsword_atlas", "cullface": "down" }
			}
		},
		{
			"__comment": "Voxels",
			"from": [ 4.5, -3, 7.5 ],
			"to": [ 11.5, -2.5, 8 ],
			"faces": {
				"down": { "uv": [ 7.5, 15.5, 11, 15.75 ], "texture": "#alinorsword_atlas", "cullface": "down" },
				"north": { "uv": [ 8, 15.25, 4.5, 15.5 ], "texture": "#alinorsword_atlas", "cullface": "down" },
				"south": { "uv": [ 4.5, 15, 8, 15.25 ], "texture": "#alinorsword_atlas", "cullface": "down" },
				"west": { "uv": [ 4.5, 12.25, 4.75, 12.5 ], "texture": "#alinorsword_atlas", "cullface": "down" },
				"east": { "uv": [ 15.5, 12.75, 15.25, 13 ], "texture": "#alinorsword_atlas", "cullface": "down" }
			}
		},
		{
			"__comment": "Voxels",
			"from": [ 5.5, -3.5, 7.5 ],
			"to": [ 10.5, -3, 8 ],
			"faces": {
				"down": { "uv": [ 4.5, 14.75, 7, 15 ], "texture": "#alinorsword_atlas", "cullface": "down" },
				"north": { "uv": [ 10.5, 15.25, 8, 15.5 ], "texture": "#alinorsword_atlas", "cullface": "down" },
				"south": { "uv": [ 8, 15, 10.5, 15.25 ], "texture": "#alinorsword_atlas", "cullface": "down" },
				"west": { "uv": [ 15, 12.75, 15.25, 13 ], "texture": "#alinorsword_atlas", "cullface": "down" },
				"east": { "uv": [ 15, 12.75, 14.75, 13 ], "texture": "#alinorsword_atlas", "cullface": "down" }
			}
		},
		{
			"__comment": "Voxels",
			"from": [ 6, -3, 7 ],
			"to": [ 10, -2.5, 7.5 ],
			"faces": {
				"down": { "uv": [ 8.5, 14.25, 10.5, 14.5 ], "texture": "#alinorsword_atlas", "cullface": "down" },
				"up": { "uv": [ 8.5, 14.25, 10.5, 14 ], "texture": "#alinorsword_atlas", "cullface": "down" },
				"north": { "uv": [ 10, 14.75, 8, 15 ], "texture": "#alinorsword_atlas", "cullface": "down" },
				"west": { "uv": [ 14, 12.75, 14.25, 13 ], "texture": "#alinorsword_atlas", "cullface": "down" },
				"east": { "uv": [ 13.25, 12.75, 13, 13 ], "texture": "#alinorsword_atlas", "cullface": "down" }
			}
		},
		{
			"__comment": "Voxels",
			"from": [ 6, -3, 8 ],
			"to": [ 10, -2.5, 8.5 ],
			"faces": {
				"down": { "uv": [ 10.5, 15.25, 12.5, 15.5 ], "texture": "#alinorsword_atlas", "cullface": "down" },
				"up": { "uv": [ 10.5, 15.25, 12.5, 15 ], "texture": "#alinorsword_atlas", "cullface": "down" },
				"south": { "uv": [ 10.5, 14.5, 12.5, 14.75 ], "texture": "#alinorsword_atlas", "cullface": "down" },
				"west": { "uv": [ 13.75, 12.75, 14, 13 ], "texture": "#alinorsword_atlas", "cullface": "down" },
				"east": { "uv": [ 13.75, 12.75, 13.5, 13 ], "texture": "#alinorsword_atlas", "cullface": "down" }
			}
		},
		{
			"__comment": "Voxels",
			"from": [ 6, -2, 7.5 ],
			"to": [ 10, -1.5, 8 ],
			"faces": {
				"up": { "uv": [ 6.5, 14.5, 8.5, 14.25 ], "texture": "#alinorsword_atlas", "cullface": "down" },
				"north": { "uv": [ 6.5, 14.25, 4.5, 14.5 ], "texture": "#alinorsword_atlas", "cullface": "down" },
				"south": { "uv": [ 4.5, 14, 6.5, 14.25 ], "texture": "#alinorsword_atlas", "cullface": "down" },
				"west": { "uv": [ 12.5, 12.75, 12.75, 13 ], "texture": "#alinorsword_atlas", "cullface": "down" },
				"east": { "uv": [ 16, 13, 15.75, 13.25 ], "texture": "#alinorsword_atlas", "cullface": "down" }
			}
		},
		{
			"__comment": "Voxels",
			"from": [ 6.5, -11.5, 7.5 ],
			"to": [ 9.5, -10, 8 ],
			"faces": {
				"down": { "uv": [ 10.5, 13.5, 12, 13.75 ], "texture": "#alinorsword_atlas", "cullface": "down" },
				"up": { "uv": [ 13.5, 14.25, 15, 14 ], "texture": "#alinorsword_atlas", "cullface": "down" },
				"north": { "uv": [ 1.5, 0.75, 0, 1.5 ], "texture": "#alinorsword_atlas", "cullface": "down" },
				"south": { "uv": [ 0, 0, 1.5, 0.75 ], "texture": "#alinorsword_atlas", "cullface": "down" },
				"west": { "uv": [ 3.5, 5, 3.75, 5.75 ], "texture": "#alinorsword_atlas", "cullface": "down" },
				"east": { "uv": [ 3.75, 4.25, 3.5, 5 ], "texture": "#alinorsword_atlas", "cullface": "down" }
			}
		},
		{
			"__comment": "Voxels",
			"from": [ 6.5, -4, 7.5 ],
			"to": [ 9.5, -3.5, 8 ],
			"faces": {
				"down": { "uv": [ 14.5, 15.5, 16, 15.75 ], "texture": "#alinorsword_atlas", "cullface": "down" },
				"north": { "uv": [ 10, 13.5, 8.5, 13.75 ], "texture": "#alinorsword_atlas", "cullface": "down" },
				"south": { "uv": [ 8.5, 13.25, 10, 13.5 ], "texture": "#alinorsword_atlas", "cullface": "down" },
				"west": { "uv": [ 3.5, 0, 3.75, 0.25 ], "texture": "#alinorsword_atlas", "cullface": "down" },
				"east": { "uv": [ 14.5, 12.75, 14.25, 13 ], "texture": "#alinorsword_atlas", "cullface": "down" }
			}
		},
		{
			"__comment": "Voxels",
			"from": [ 6.5, -2.5, 7 ],
			"to": [ 9.5, -2, 7.5 ],
			"faces": {
				"up": { "uv": [ 10.5, 14.25, 12, 14 ], "texture": "#alinorsword_atlas", "cullface": "down" },
				"north": { "uv": [ 12, 13.75, 10.5, 14 ], "texture": "#alinorsword_atlas", "cullface": "down" },
				"west": { "uv": [ 4.5, 12.5, 4.75, 12.75 ], "texture": "#alinorsword_atlas", "cullface": "down" },
				"east": { "uv": [ 4.5, 12.25, 4.25, 12.5 ], "texture": "#alinorsword_atlas", "cullface": "down" }
			}
		},
		{
			"__comment": "Voxels",
			"from": [ 6.5, -2.5, 8 ],
			"to": [ 9.5, -2, 8.5 ],
			"faces": {
				"up": { "uv": [ 12, 14.25, 13.5, 14 ], "texture": "#alinorsword_atlas", "cullface": "down" },
				"south": { "uv": [ 12, 13.5, 13.5, 13.75 ], "texture": "#alinorsword_atlas", "cullface": "down" },
				"west": { "uv": [ 15.75, 12.75, 16, 13 ], "texture": "#alinorsword_atlas", "cullface": "down" },
				"east": { "uv": [ 14.75, 12.75, 14.5, 13 ], "texture": "#alinorsword_atlas", "cullface": "down" }
			}
		},
		{
			"__comment": "Voxels",
			"from": [ 6.5, -1.5, 7.5 ],
			"to": [ 9.5, 23.5, 8 ],
			"faces": {
				"up": { "uv": [ 12, 13.5, 13.5, 13.25 ], "texture": "#alinorsword_atlas", "cullface": "up" },
				"north": { "uv": [ 3, 3.5, 1.5, 16 ], "texture": "#alinorsword_atlas", "cullface": "up" },
				"south": { "uv": [ 0, 3.5, 1.5, 16 ], "texture": "#alinorsword_atlas", "cullface": "up" },
				"west": { "uv": [ 3, 3.5, 3.25, 16 ], "texture": "#alinorsword_atlas", "cullface": "up" },
				"east": { "uv": [ 3.5, 3.5, 3.25, 16 ], "texture": "#alinorsword_atlas", "cullface": "up" }
			}
		},
		{
			"__comment": "Voxels",
			"from": [ 7, -12, 7.5 ],
			"to": [ 9, -11.5, 8 ],
			"faces": {
				"down": { "uv": [ 11.75, 13, 12.75, 13.25 ], "texture": "#alinorsword_atlas", "cullface": "down" },
				"north": { "uv": [ 9.75, 13, 8.75, 13.25 ], "texture": "#alinorsword_atlas", "cullface": "down" },
				"south": { "uv": [ 15, 13.75, 16, 14 ], "texture": "#alinorsword_atlas", "cullface": "down" },
				"west": { "uv": [ 15.5, 12.75, 15.75, 13 ], "texture": "#alinorsword_atlas", "cullface": "down" },
				"east": { "uv": [ 5.5, 12.5, 5.25, 12.75 ], "texture": "#alinorsword_atlas", "cullface": "down" }
			}
		},
		{
			"__comment": "Voxels",
			"from": [ 7, -11.5, 7 ],
			"to": [ 9, -10.5, 7.5 ],
			"faces": {
				"down": { "uv": [ 4.75, 12.75, 5.75, 13 ], "texture": "#alinorsword_atlas", "cullface": "down" },
				"up": { "uv": [ 3.75, 13, 4.75, 12.75 ], "texture": "#alinorsword_atlas", "cullface": "down" },
				"north": { "uv": [ 7.5, 13.75, 6.5, 14.25 ], "texture": "#alinorsword_atlas", "cullface": "down" },
				"west": { "uv": [ 14.5, 13.25, 14.75, 13.75 ], "texture": "#alinorsword_atlas", "cullface": "down" },
				"east": { "uv": [ 10.5, 13.25, 10.25, 13.75 ], "texture": "#alinorsword_atlas", "cullface": "down" }
			}
		},
		{
			"__comment": "Voxels",
			"from": [ 7, -11.5, 8 ],
			"to": [ 9, -10.5, 8.5 ],
			"faces": {
				"down": { "uv": [ 13.5, 13.25, 14.5, 13.5 ], "texture": "#alinorsword_atlas", "cullface": "down" },
				"up": { "uv": [ 15, 14.25, 16, 14 ], "texture": "#alinorsword_atlas", "cullface": "down" },
				"south": { "uv": [ 14.5, 14.75, 15.5, 15.25 ], "texture": "#alinorsword_atlas", "cullface": "down" },
				"west": { "uv": [ 3.5, 1.75, 3.75, 2.25 ], "texture": "#alinorsword_atlas", "cullface": "down" },
				"east": { "uv": [ 3.75, 1.25, 3.5, 1.75 ], "texture": "#alinorsword_atlas", "cullface": "down" }
			}
		},
		{
			"__comment": "Voxels",
			"from": [ 7, -10, 7.5 ],
			"to": [ 9, -9, 8 ],
			"faces": {
				"up": { "uv": [ 3.75, 13.25, 4.75, 13 ], "texture": "#alinorsword_atlas", "cullface": "down" },
				"north": { "uv": [ 8, 14.5, 7, 15 ], "texture": "#alinorsword_atlas", "cullface": "down" },
				"south": { "uv": [ 1.5, 0, 2.5, 0.5 ], "texture": "#alinorsword_atlas", "cullface": "down" },
				"west": { "uv": [ 4, 12.25, 4.25, 12.75 ], "texture": "#alinorsword_atlas", "cullface": "down" },
				"east": { "uv": [ 10.25, 13.25, 10, 13.75 ], "texture": "#alinorsword_atlas", "cullface": "down" }
			}
		},
		{
			"__comment": "Voxels",
			"from": [ 7, -6, 7.5 ],
			"to": [ 9, -4, 8 ],
			"faces": {
				"down": { "uv": [ 15, 13.5, 16, 13.75 ], "texture": "#alinorsword_atlas", "cullface": "down" },
				"north": { "uv": [ 4.5, 14.5, 3.5, 15.5 ], "texture": "#alinorsword_atlas", "cullface": "down" },
				"south": { "uv": [ 1.5, 0.5, 2.5, 1.5 ], "texture": "#alinorsword_atlas", "cullface": "down" },
				"west": { "uv": [ 3.5, 9.75, 3.75, 10.75 ], "texture": "#alinorsword_atlas", "cullface": "down" },
				"east": { "uv": [ 3.75, 8.75, 3.5, 9.75 ], "texture": "#alinorsword_atlas", "cullface": "down" }
			}
		},
		{
			"__comment": "Voxels",
			"from": [ 7, -2, 7 ],
			"to": [ 9, -1, 7.5 ],
			"faces": {
				"up": { "uv": [ 14.75, 13.25, 15.75, 13 ], "texture": "#alinorsword_atlas", "cullface": "down" },
				"north": { "uv": [ 6.5, 13.5, 5.5, 14 ], "texture": "#alinorsword_atlas", "cullface": "down" },
				"south": { "uv": [ 13.5, 14.75, 14.5, 15.25 ], "texture": "#alinorsword_atlas", "cullface": "down" },
				"west": { "uv": [ 14.75, 13.25, 15, 13.75 ], "texture": "#alinorsword_atlas", "cullface": "down" },
				"east": { "uv": [ 3.75, 3.75, 3.5, 4.25 ], "texture": "#alinorsword_atlas", "cullface": "down" }
			}
		},
		{
			"__comment": "Voxels",
			"from": [ 7, -2, 8 ],
			"to": [ 9, -1, 8.5 ],
			"faces": {
				"up": { "uv": [ 4.75, 13.25, 5.75, 13 ], "texture": "#alinorsword_atlas", "cullface": "down" },
				"north": { "uv": [ 13.5, 14.5, 12.5, 15 ], "texture": "#alinorsword_atlas", "cullface": "down" },
				"south": { "uv": [ 12.5, 15, 13.5, 15.5 ], "texture": "#alinorsword_atlas", "cullface": "down" },
				"west": { "uv": [ 3.5, 3.25, 3.75, 3.75 ], "texture": "#alinorsword_atlas", "cullface": "down" },
				"east": { "uv": [ 3.75, 2.75, 3.5, 3.25 ], "texture": "#alinorsword_atlas", "cullface": "down" }
			}
		},
		{
			"__comment": "Voxels",
			"from": [ 7, 23.5, 7.5 ],
			"to": [ 9, 27.5, 8 ],
			"faces": {
				"up": { "uv": [ 13.5, 13.75, 14.5, 13.5 ], "texture": "#alinorsword_atlas", "cullface": "up" },
				"north": { "uv": [ 2.5, 1.5, 1.5, 3.5 ], "texture": "#alinorsword_atlas", "cullface": "up" },
				"south": { "uv": [ 0, 1.5, 1, 3.5 ], "texture": "#alinorsword_atlas", "cullface": "up" },
				"west": { "uv": [ 3.25, 1.5, 3.5, 3.5 ], "texture": "#alinorsword_atlas", "cullface": "up" },
				"east": { "uv": [ 3.25, 1.5, 3, 3.5 ], "texture": "#alinorsword_atlas", "cullface": "up" }
			}
		},
		{
			"__comment": "Voxels",
			"from": [ 7.5, -10.5, 7 ],
			"to": [ 8.5, -10, 7.5 ],
			"faces": {
				"up": { "uv": [ 15.5, 15.5, 16, 15.25 ], "texture": "#alinorsword_atlas", "cullface": "down" },
				"north": { "uv": [ 8, 13.25, 7.5, 13.5 ], "texture": "#alinorsword_atlas", "cullface": "down" },
				"west": { "uv": [ 4.25, 12.5, 4.5, 12.75 ], "texture": "#alinorsword_atlas", "cullface": "down" },
				"east": { "uv": [ 12.5, 12.75, 12.25, 13 ], "texture": "#alinorsword_atlas", "cullface": "down" }
			}
		},
		{
			"__comment": "Voxels",
			"from": [ 7.5, -10.5, 8 ],
			"to": [ 8.5, -10, 8.5 ],
			"faces": {
				"up": { "uv": [ 10, 14, 10.5, 13.75 ], "texture": "#alinorsword_atlas", "cullface": "down" },
				"south": { "uv": [ 5.75, 12.75, 6.25, 13 ], "texture": "#alinorsword_atlas", "cullface": "down" },
				"west": { "uv": [ 12.75, 12.75, 13, 13 ], "texture": "#alinorsword_atlas", "cullface": "down" },
				"east": { "uv": [ 13.5, 12.75, 13.25, 13 ], "texture": "#alinorsword_atlas", "cullface": "down" }
			}
		},
		{
			"__comment": "Voxels",
			"from": [ 7.5, -9, 7.5 ],
			"to": [ 8.5, -6, 8 ],
			"faces": {
				"north": { "uv": [ 3, 2, 2.5, 3.5 ], "texture": "#alinorsword_atlas", "cullface": "down" },
				"south": { "uv": [ 1, 2, 1.5, 3.5 ], "texture": "#alinorsword_atlas", "cullface": "down" },
				"west": { "uv": [ 3, 0, 3.25, 1.5 ], "texture": "#alinorsword_atlas", "cullface": "down" },
				"east": { "uv": [ 3.5, 0, 3.25, 1.5 ], "texture": "#alinorsword_atlas", "cullface": "down" }
			}
		},
		{
			"__comment": "Voxels",
			"from": [ 7.5, -4, 7 ],
			"to": [ 8.5, -3, 7.5 ],
			"faces": {
				"down": { "uv": [ 7.25, 12.75, 7.75, 13 ], "texture": "#alinorsword_atlas", "cullface": "down" },
				"north": { "uv": [ 10.5, 14.5, 10, 15 ], "texture": "#alinorsword_atlas", "cullface": "down" },
				"south": { "uv": [ 2.5, 0, 3, 0.5 ], "texture": "#alinorsword_atlas", "cullface": "down" },
				"west": { "uv": [ 3.5, 0.75, 3.75, 1.25 ], "texture": "#alinorsword_atlas", "cullface": "down" },
				"east": { "uv": [ 3.75, 0.25, 3.5, 0.75 ], "texture": "#alinorsword_atlas", "cullface": "down" }
			}
		},
		{
			"__comment": "Voxels",
			"from": [ 7.5, -4, 8 ],
			"to": [ 8.5, -3, 8.5 ],
			"faces": {
				"down": { "uv": [ 8.25, 12.75, 8.75, 13 ], "texture": "#alinorsword_atlas", "cullface": "down" },
				"north": { "uv": [ 3, 1.5, 2.5, 2 ], "texture": "#alinorsword_atlas", "cullface": "down" },
				"south": { "uv": [ 1, 1.5, 1.5, 2 ], "texture": "#alinorsword_atlas", "cullface": "down" },
				"west": { "uv": [ 3.75, 12.25, 4, 12.75 ], "texture": "#alinorsword_atlas", "cullface": "down" },
				"east": { "uv": [ 3.75, 2.25, 3.5, 2.75 ], "texture": "#alinorsword_atlas", "cullface": "down" }
			}
		},
		{
			"__comment": "Voxels",
			"from": [ 7.5, -1, 7 ],
			"to": [ 8.5, 0.5, 7.5 ],
			"faces": {
				"up": { "uv": [ 9.75, 13, 10.25, 12.75 ], "texture": "#alinorsword_atlas", "cullface": "down" },
				"north": { "uv": [ 8, 13.5, 7.5, 14.25 ], "texture": "#alinorsword_atlas", "cullface": "down" },
				"west": { "uv": [ 3.5, 6.5, 3.75, 7.25 ], "texture": "#alinorsword_atlas", "cullface": "down" },
				"east": { "uv": [ 3.75, 7.25, 3.5, 8 ], "texture": "#alinorsword_atlas", "cullface": "down" }
			}
		},
		{
			"__comment": "Voxels",
			"from": [ 7.5, -1, 8 ],
			"to": [ 8.5, 0.5, 8.5 ],
			"faces": {
				"up": { "uv": [ 10.75, 13, 11.25, 12.75 ], "texture": "#alinorsword_atlas", "cullface": "down" },
				"south": { "uv": [ 15.5, 14.5, 16, 15.25 ], "texture": "#alinorsword_atlas", "cullface": "down" },
				"west": { "uv": [ 3.5, 8, 3.75, 8.75 ], "texture": "#alinorsword_atlas", "cullface": "down" },
				"east": { "uv": [ 3.75, 5.75, 3.5, 6.5 ], "texture": "#alinorsword_atlas", "cullface": "down" }
			}
		},
		{
			"__comment": "Voxels",
			"from": [ 7.5, 27.5, 7.5 ],
			"to": [ 8.5, 30, 8 ],
			"faces": {
				"up": { "uv": [ 11.75, 13, 12.25, 12.75 ], "texture": "#alinorsword_atlas", "cullface": "up" },
				"north": { "uv": [ 4, 13.25, 3.5, 14.5 ], "texture": "#alinorsword_atlas", "cullface": "up" },
				"south": { "uv": [ 4, 13.25, 4.5, 14.5 ], "texture": "#alinorsword_atlas", "cullface": "up" },
				"west": { "uv": [ 3.5, 10.75, 3.75, 12 ], "texture": "#alinorsword_atlas", "cullface": "up" },
				"east": { "uv": [ 3.75, 12, 3.5, 13.25 ], "texture": "#alinorsword_atlas", "cullface": "up" }
			}
		},
		{
			"__comment": "Voxels",
			"from": [ 10.5, -2, 7.5 ],
			"to": [ 12.5, -1.5, 8 ],
			"faces": {
				"down": { "uv": [ 13.5, 13.75, 14.5, 14 ], "texture": "#alinorsword_atlas", "cullface": "down" },
				"up": { "uv": [ 15, 14.5, 16, 14.25 ], "texture": "#alinorsword_atlas", "cullface": "down" },
				"north": { "uv": [ 6.5, 13.25, 5.5, 13.5 ], "texture": "#alinorsword_atlas", "cullface": "down" },
				"south": { "uv": [ 7.75, 13, 8.75, 13.25 ], "texture": "#alinorsword_atlas", "cullface": "down" },
				"west": { "uv": [ 5.25, 12.25, 5.5, 12.5 ], "texture": "#alinorsword_atlas", "cullface": "down" },
				"east": { "uv": [ 5.75, 12.5, 5.5, 12.75 ], "texture": "#alinorsword_atlas", "cullface": "down" }
			}
		}
	],
	"display": {
		"thirdperson_righthand": {
			"rotation":  [ 0, 45, 0 ],
			"translation":  [ 0, 5, 1 ],
			"scale":  [ 0.5, 0.5, 0.5 ]
		},
		"thirdperson_lefthand": {
			"rotation":  [ 0, 45, 0 ],
			"translation":  [ 0, 5, 1 ],
			"scale":  [ 0.5, 0.5, 0.5 ]
		},
		"firstperson_righthand": {
			"rotation":  [ -20, 100, 30 ],
			"translation":  [ 0, 9, 3 ],
			"scale":  [ 0.5, 0.5, 0.5 ]
		},
		"firstperson_lefthand": {
			"rotation":  [ -20, 100, 30 ],
			"translation":  [ 0, 9, 3 ],
			"scale":  [ 0.5, 0.5, 0.5 ]
		},
		"gui": {
			"rotation":  [ 0, 0, -45 ],
			"scale":  [ 0.5, 0.5, 0.5 ]
		},
		"ground": {
			"rotation":  [ 0, 0, 180 ],
			"translation":  [ 0, 6, 0 ],
			"scale":  [ 0.5, 0.5, 0.5 ]
		},
		"fixed": {
			"rotation":  [ 0, -180, -45 ],
			"scale":  [ 0.5, 0.5, 0.5 ]
		}
	}
}