{
	"__comment": "Designed by Pashjn with Cubik Studio - https://cubik.studio",
	"textures": {
		"particle": "block/flower_a",
		"texture": "block/flower_a",
		"voxels_atlas": "block/flower_a",
		"voxels_atlas1": "block/flower_a1"
	},
	"elements": [ 	 
		{
			"__comment": "Voxels",
			"from": [ 6, 0.5, 7 ],
			"to": [ 9.5, 1.5, 9.5 ],
			"faces": {
				"down": { "uv": [ 0, 13.5, 3.5, 16 ], "texture": "#voxels_atlas" },
				"up": { "uv": [ 0, 13.5, 3.5, 11 ], "texture": "#voxels_atlas" },
				"north": { "uv": [ 12, 13.5, 8.5, 14.5 ], "texture": "#voxels_atlas" },
				"south": { "uv": [ 12, 13.5, 15.5, 14.5 ], "texture": "#voxels_atlas" },
				"west": { "uv": [ 13.5, 15, 16, 16 ], "texture": "#voxels_atlas" },
				"east": { "uv": [ 11, 12.5, 8.5, 13.5 ], "texture": "#voxels_atlas" }
			}
		},
		{
			"__comment": "Voxels",
			"from": [ 6, 1.5, 7 ],
			"to": [ 6.5, 3, 9.5 ],
			"faces": {
				"down": { "uv": [ 10, 10, 10.5, 12.5 ], "texture": "#voxels_atlas" },
				"up": { "uv": [ 9.5, 12.5, 10, 10 ], "texture": "#voxels_atlas" },
				"north": { "uv": [ 11.5, 8.5, 11, 10 ], "texture": "#voxels_atlas" },
				"south": { "uv": [ 11.5, 8, 12, 9.5 ], "texture": "#voxels_atlas" },
				"west": { "uv": [ 6, 9.5, 8.5, 11 ], "texture": "#voxels_atlas" },
				"east": { "uv": [ 8.5, 8, 6, 9.5 ], "texture": "#voxels_atlas" }
			}
		},
		{
			"__comment": "Voxels",
			"from": [ 6.5, 0, 7 ],
			"to": [ 9, 0.5, 9.5 ],
			"faces": {
				"down": { "uv": [ 6, 13.5, 8.5, 16 ], "texture": "#voxels_atlas" },
				"up": { "uv": [ 0, 11, 2.5, 8.5 ], "texture": "#voxels_atlas" },
				"north": { "uv": [ 2.5, 8, 0, 8.5 ], "texture": "#voxels_atlas" },
				"south": { "uv": [ 3.5, 8, 6, 8.5 ], "texture": "#voxels_atlas" },
				"west": { "uv": [ 13.5, 14.5, 16, 15 ], "texture": "#voxels_atlas" },
				"east": { "uv": [ 13.5, 13, 11, 13.5 ], "texture": "#voxels_atlas" }
			}
		},
		{
			"__comment": "Voxels",
			"from": [ 6.5, 0.5, 6.5 ],
			"to": [ 9, 3, 7 ],
			"faces": {
				"down": { "uv": [ 13.5, 13, 16, 13.5 ], "texture": "#voxels_atlas" },
				"up": { "uv": [ 11, 13, 13.5, 12.5 ], "texture": "#voxels_atlas" },
				"north": { "uv": [ 6, 8.5, 3.5, 11 ], "texture": "#voxels_atlas" },
				"south": { "uv": [ 6, 11, 8.5, 13.5 ], "texture": "#voxels_atlas" },
				"west": { "uv": [ 10.5, 10, 11, 12.5 ], "texture": "#voxels_atlas" },
				"east": { "uv": [ 11.5, 10, 11, 12.5 ], "texture": "#voxels_atlas" }
			}
		},
		{
			"__comment": "Voxels",
			"from": [ 6.5, 0.5, 9.5 ],
			"to": [ 9, 3, 10 ],
			"faces": {
				"down": { "uv": [ 13.5, 12.5, 16, 13 ], "texture": "#voxels_atlas" },
				"up": { "uv": [ 11.5, 12.5, 14, 12 ], "texture": "#voxels_atlas" },
				"north": { "uv": [ 6, 13.5, 3.5, 16 ], "texture": "#voxels_atlas" },
				"south": { "uv": [ 3.5, 11, 6, 13.5 ], "texture": "#voxels_atlas" },
				"west": { "uv": [ 11.5, 9.5, 12, 12 ], "texture": "#voxels_atlas" },
				"east": { "uv": [ 12.5, 9.5, 12, 12 ], "texture": "#voxels_atlas" }
			}
		},
		{
			"__comment": "Voxels",
			"from": [ 7.4268, 4.8232, 7 ],
			"to": [ 7.9268, 5.3232, 7.5 ],
			"rotation": { "origin": [ 7.5, 5, 7 ], "axis": "z", "angle": 22.5 },
			"faces": {
				"down": { "uv": [ 14.5, 11, 13.5, 10 ], "texture": "#voxels_atlas", "rotation": 90 },
				"up": { "uv": [ 15.5, 10, 14.5, 11 ], "texture": "#voxels_atlas", "rotation": 270 },
				"north": { "uv": [ 14.5, 11, 13.5, 12 ], "texture": "#voxels_atlas", "rotation": 90 },
				"south": { "uv": [ 14.5, 11, 15.5, 12 ], "texture": "#voxels_atlas", "rotation": 270 },
				"west": { "uv": [ 10, 9.5, 11, 8.5 ], "texture": "#voxels_atlas", "rotation": 270 },
				"east": { "uv": [ 10, 9.5, 9, 8.5 ], "texture": "#voxels_atlas", "rotation": 90 }
			}
		},
		{
			"__comment": "Voxels",
			"from": [ 7.5, 1.5, 8 ],
			"to": [ 8, 4.5, 8.5 ],
			"faces": {
				"down": { "uv": [ 9.5, 9.5, 10, 10 ], "texture": "#voxels_atlas" },
				"up": { "uv": [ 10, 10, 10.5, 9.5 ], "texture": "#voxels_atlas" },
				"north": { "uv": [ 3.5, 8, 3, 11 ], "texture": "#voxels_atlas" },
				"south": { "uv": [ 2.5, 8, 3, 11 ], "texture": "#voxels_atlas" },
				"west": { "uv": [ 8.5, 9.5, 9, 12.5 ], "texture": "#voxels_atlas" },
				"east": { "uv": [ 9.5, 9.5, 9, 12.5 ], "texture": "#voxels_atlas" }
			}
		},
		{
			"__comment": "Voxels",
			"from": [ 7.5, 3.5, 9 ],
			"to": [ 8, 4, 10.5 ],
			"rotation": { "origin": [ 7.5, 3.5, 9 ], "axis": "x", "angle": 22.5 },
			"faces": {
				"down": { "uv": [ 8.5, 8, 9, 9.5 ], "texture": "#voxels_atlas" },
				"up": { "uv": [ 12, 9.5, 12.5, 8 ], "texture": "#voxels_atlas" },
				"north": { "uv": [ 16, 14, 15.5, 14.5 ], "texture": "#voxels_atlas" },
				"south": { "uv": [ 15.5, 13.5, 16, 14 ], "texture": "#voxels_atlas" },
				"west": { "uv": [ 14, 12, 15.5, 12.5 ], "texture": "#voxels_atlas" },
				"east": { "uv": [ 15, 9.5, 13.5, 10 ], "texture": "#voxels_atlas" }
			}
		},
		{
			"__comment": "Voxels",
			"from": [ 9, 1.5, 7 ],
			"to": [ 9.5, 3, 9.5 ],
			"faces": {
				"down": { "uv": [ 12.5, 9.5, 13, 12 ], "texture": "#voxels_atlas" },
				"up": { "uv": [ 13, 12, 13.5, 9.5 ], "texture": "#voxels_atlas" },
				"north": { "uv": [ 13, 8, 12.5, 9.5 ], "texture": "#voxels_atlas" },
				"south": { "uv": [ 13, 8, 13.5, 9.5 ], "texture": "#voxels_atlas" },
				"west": { "uv": [ 11, 14.5, 13.5, 16 ], "texture": "#voxels_atlas" },
				"east": { "uv": [ 11, 14.5, 8.5, 16 ], "texture": "#voxels_atlas" }
			}
		},
		{
			"__comment": "Voxels",
			"from": [ 7.5, 4, 8 ],
			"to": [ 8, 4.5, 9.5 ],
			"rotation": { "origin": [ 7.5, 4, 8 ], "axis": "x", "angle": 22.5 },
			"faces": {
				"down": { "uv": [ 12, 9.5, 12.5, 8 ], "texture": "#voxels_atlas" },
				"up": { "uv": [ 8.5, 8, 9, 9.5 ], "texture": "#voxels_atlas" },
				"north": { "uv": [ 16, 14, 15.5, 13.5 ], "texture": "#voxels_atlas" },
				"south": { "uv": [ 15.5, 14.5, 16, 14 ], "texture": "#voxels_atlas" },
				"west": { "uv": [ 14, 12, 15.5, 12.5 ], "texture": "#voxels_atlas", "rotation": 180 },
				"east": { "uv": [ 15, 9.5, 13.5, 10 ], "texture": "#voxels_atlas", "rotation": 180 }
			}
		},
		{
			"__comment": "Voxels",
			"from": [ 7.5, 4, 7 ],
			"to": [ 8, 4.5, 8.5 ],
			"rotation": { "origin": [ 7.5, 4.5, 8.5 ], "axis": "x", "angle": 45 },
			"faces": {
				"down": { "uv": [ 12, 9.5, 12.5, 8 ], "texture": "#voxels_atlas" },
				"up": { "uv": [ 8.5, 8, 9, 9.5 ], "texture": "#voxels_atlas" },
				"north": { "uv": [ 16, 14, 15.5, 13.5 ], "texture": "#voxels_atlas" },
				"south": { "uv": [ 15.5, 14.5, 16, 14 ], "texture": "#voxels_atlas" },
				"west": { "uv": [ 14, 12, 15.5, 12.5 ], "texture": "#voxels_atlas", "rotation": 180 },
				"east": { "uv": [ 15, 9.5, 13.5, 10 ], "texture": "#voxels_atlas", "rotation": 180 }
			}
		},
		{
			"__comment": "Voxels",
			"from": [ 7.5, 5, 5.5 ],
			"to": [ 8, 5.5, 7 ],
			"rotation": { "origin": [ 7.5, 5.5, 7 ], "axis": "x", "angle": -22.5, "rescale": true },
			"faces": {
				"down": { "uv": [ 12, 9.5, 12.5, 8 ], "texture": "#voxels_atlas" },
				"up": { "uv": [ 8.5, 8, 9, 9.5 ], "texture": "#voxels_atlas" },
				"north": { "uv": [ 16, 14, 15.5, 13.5 ], "texture": "#voxels_atlas" },
				"south": { "uv": [ 15.5, 14.5, 16, 14 ], "texture": "#voxels_atlas" },
				"west": { "uv": [ 14, 12, 15.5, 12.5 ], "texture": "#voxels_atlas", "rotation": 180 },
				"east": { "uv": [ 15, 9.5, 13.5, 10 ], "texture": "#voxels_atlas", "rotation": 180 }
			}
		},
		{
			"__comment": "Voxels",
			"from": [ 9, 4.5, 8.5 ],
			"to": [ 10.5, 5, 9 ],
			"rotation": { "origin": [ 9, 5, 8.5 ], "axis": "x", "angle": 22.5 },
			"faces": {
				"down": { "uv": [ 0, 0, 12, 4 ], "texture": "#voxels_atlas1" },
				"up": { "uv": [ 0, 8, 12, 4 ], "texture": "#voxels_atlas1" },
				"north": { "uv": [ 12, 16, 0, 12 ], "texture": "#voxels_atlas1" },
				"south": { "uv": [ 0, 12, 12, 8 ], "texture": "#voxels_atlas1" },
				"west": { "uv": [ 12, 12, 16, 16 ], "texture": "#voxels_atlas1", "rotation": 90 },
				"east": { "uv": [ 16, 8, 12, 12 ], "texture": "#voxels_atlas1", "rotation": 270 }
			}
		},
		{
			"__comment": "Voxels",
			"from": [ 8, 4, 8.5 ],
			"to": [ 9.5, 4.5, 9 ],
			"rotation": { "origin": [ 8, 4, 8.5 ], "axis": "z", "angle": 22.5 },
			"faces": {
				"down": { "uv": [ 0, 12, 12, 16 ], "texture": "#voxels_atlas1" },
				"up": { "uv": [ 0, 12, 12, 8 ], "texture": "#voxels_atlas1" },
				"north": { "uv": [ 12, 4, 0, 8 ], "texture": "#voxels_atlas1" },
				"south": { "uv": [ 0, 0, 12, 4 ], "texture": "#voxels_atlas1" },
				"west": { "uv": [ 12, 12, 16, 16 ], "texture": "#voxels_atlas1" },
				"east": { "uv": [ 16, 8, 12, 12 ], "texture": "#voxels_atlas1" }
			}
		},
		{
			"__comment": "Voxels",
			"from": [ 6.5, 3, 8 ],
			"to": [ 8, 3.5, 8.5 ],
			"rotation": { "origin": [ 8, 3.5, 8 ], "axis": "z", "angle": -45 },
			"faces": {
				"down": { "uv": [ 0, 12, 12, 8 ], "texture": "#voxels_atlas1", "rotation": 180 },
				"up": { "uv": [ 0, 12, 12, 16 ], "texture": "#voxels_atlas1", "rotation": 180 },
				"north": { "uv": [ 0, 8, 12, 4 ], "texture": "#voxels_atlas1" },
				"south": { "uv": [ 12, 4, 0, 0 ], "texture": "#voxels_atlas1" },
				"west": { "uv": [ 16, 8, 12, 12 ], "texture": "#voxels_atlas1", "rotation": 180 },
				"east": { "uv": [ 12, 12, 16, 16 ], "texture": "#voxels_atlas1", "rotation": 180 }
			}
		},
		{
			"__comment": "Voxels",
			"from": [ 8.9268, 3.8232, 8.5 ],
			"to": [ 9.4268, 4.3232, 9 ],
			"rotation": { "origin": [ 9, 4, 8.5 ], "axis": "z", "angle": 22.5 },
			"faces": {
				"down": { "uv": [ 11, 8.5, 10, 9.5 ], "texture": "#voxels_atlas" },
				"up": { "uv": [ 10, 9.5, 9, 8.5 ], "texture": "#voxels_atlas" },
				"north": { "uv": [ 14.5, 11, 13.5, 12 ], "texture": "#voxels_atlas", "rotation": 180 },
				"south": { "uv": [ 14.5, 11, 15.5, 12 ], "texture": "#voxels_atlas", "rotation": 180 },
				"west": { "uv": [ 15.5, 10, 14.5, 11 ], "texture": "#voxels_atlas", "rotation": 180 },
				"east": { "uv": [ 13.5, 10, 14.5, 11 ], "texture": "#voxels_atlas", "rotation": 180 }
			}
		},
		{
			"__comment": "Voxels",
			"from": [ 6.1768, 3.6, 8 ],
			"to": [ 6.6768, 4.1, 8.5 ],
			"faces": {
				"down": { "uv": [ 11, 8.5, 10, 9.5 ], "texture": "#voxels_atlas" },
				"up": { "uv": [ 10, 9.5, 9, 8.5 ], "texture": "#voxels_atlas" },
				"north": { "uv": [ 14.5, 11, 13.5, 12 ], "texture": "#voxels_atlas", "rotation": 180 },
				"south": { "uv": [ 14.5, 11, 15.5, 12 ], "texture": "#voxels_atlas", "rotation": 180 },
				"west": { "uv": [ 15.5, 10, 14.5, 11 ], "texture": "#voxels_atlas", "rotation": 180 },
				"east": { "uv": [ 13.5, 10, 14.5, 11 ], "texture": "#voxels_atlas", "rotation": 180 }
			}
		},
		{
			"__comment": "Voxels",
			"from": [ 7.5033, 2.508, 10 ],
			"to": [ 8.0033, 3.008, 10.5 ],
			"rotation": { "origin": [ 7.5, 2.5, 10 ], "axis": "z", "angle": 22.5 },
			"faces": {
				"down": { "uv": [ 14.5, 11, 13.5, 10 ], "texture": "#voxels_atlas", "rotation": 90 },
				"up": { "uv": [ 15.5, 10, 14.5, 11 ], "texture": "#voxels_atlas", "rotation": 270 },
				"north": { "uv": [ 14.5, 11, 13.5, 12 ], "texture": "#voxels_atlas", "rotation": 90 },
				"south": { "uv": [ 14.5, 11, 15.5, 12 ], "texture": "#voxels_atlas", "rotation": 270 },
				"west": { "uv": [ 10, 9.5, 11, 8.5 ], "texture": "#voxels_atlas", "rotation": 270 },
				"east": { "uv": [ 10, 9.5, 9, 8.5 ], "texture": "#voxels_atlas", "rotation": 90 }
			}
		},
		{
			"__comment": "Voxels",
			"from": [ 10.3232, 4.0732, 8.5 ],
			"to": [ 10.8232, 4.5732, 9 ],
			"faces": {
				"down": { "uv": [ 13.5, 10, 14.5, 11 ], "texture": "#voxels_atlas", "rotation": 270 },
				"up": { "uv": [ 14.5, 11, 15.5, 10 ], "texture": "#voxels_atlas", "rotation": 90 },
				"north": { "uv": [ 14.5, 11, 13.5, 12 ], "texture": "#voxels_atlas", "rotation": 90 },
				"south": { "uv": [ 14.5, 11, 15.5, 12 ], "texture": "#voxels_atlas", "rotation": 270 },
				"west": { "uv": [ 11, 8.5, 10, 9.5 ], "texture": "#voxels_atlas", "rotation": 90 },
				"east": { "uv": [ 9, 8.5, 10, 9.5 ], "texture": "#voxels_atlas", "rotation": 270 }
			}
		},
		{
			"__comment": "Voxels",
			"from": [ 7.4268, 3.8232, 5.5 ],
			"to": [ 7.9268, 4.3232, 6 ],
			"rotation": { "origin": [ 7.5, 4, 5.5 ], "axis": "z", "angle": 22.5 },
			"faces": {
				"down": { "uv": [ 14.5, 11, 13.5, 10 ], "texture": "#voxels_atlas", "rotation": 90 },
				"up": { "uv": [ 15.5, 10, 14.5, 11 ], "texture": "#voxels_atlas", "rotation": 270 },
				"north": { "uv": [ 14.5, 11, 13.5, 12 ], "texture": "#voxels_atlas", "rotation": 90 },
				"south": { "uv": [ 14.5, 11, 15.5, 12 ], "texture": "#voxels_atlas", "rotation": 270 },
				"west": { "uv": [ 10, 9.5, 11, 8.5 ], "texture": "#voxels_atlas", "rotation": 270 },
				"east": { "uv": [ 10, 9.5, 9, 8.5 ], "texture": "#voxels_atlas", "rotation": 90 }
			}
		},
		{
			"__comment": "Voxels",
			"from": [ 5.5, 4, 8 ],
			"to": [ 7, 4.5, 8.5 ],
			"rotation": { "origin": [ 7, 4.5, 8 ], "axis": "z", "angle": -22.5 },
			"faces": {
				"down": { "uv": [ 0, 12, 12, 8 ], "texture": "#voxels_atlas1", "rotation": 180 },
				"up": { "uv": [ 0, 12, 12, 16 ], "texture": "#voxels_atlas1", "rotation": 180 },
				"north": { "uv": [ 0, 8, 12, 4 ], "texture": "#voxels_atlas1" },
				"south": { "uv": [ 12, 4, 0, 0 ], "texture": "#voxels_atlas1" },
				"west": { "uv": [ 16, 8, 12, 12 ], "texture": "#voxels_atlas1", "rotation": 180 },
				"east": { "uv": [ 12, 12, 16, 16 ], "texture": "#voxels_atlas1", "rotation": 180 }
			}
		},
		{
			"__comment": "Voxels",
			"from": [ 8, 0.5, 7 ],
			"to": [ 8.5, 1, 7.5 ],
			"faces": {
				"down": { "uv": [ 11, 8.5, 10, 9.5 ], "texture": "#voxels_atlas" },
				"up": { "uv": [ 10, 9.5, 9, 8.5 ], "texture": "#voxels_atlas" },
				"north": { "uv": [ 14.5, 11, 13.5, 12 ], "texture": "#voxels_atlas", "rotation": 180 },
				"south": { "uv": [ 14.5, 11, 15.5, 12 ], "texture": "#voxels_atlas", "rotation": 180 },
				"west": { "uv": [ 15.5, 10, 14.5, 11 ], "texture": "#voxels_atlas", "rotation": 180 },
				"east": { "uv": [ 13.5, 10, 14.5, 11 ], "texture": "#voxels_atlas", "rotation": 180 }
			}
		},
		{
			"__comment": "Voxels",
			"from": [ 5.4268, 3.8232, 8 ],
			"to": [ 5.9268, 4.3232, 8.5 ],
			"rotation": { "origin": [ 5.5, 4, 8 ], "axis": "z", "angle": 22.5 },
			"faces": {
				"down": { "uv": [ 11, 8.5, 10, 9.5 ], "texture": "#voxels_atlas" },
				"up": { "uv": [ 10, 9.5, 9, 8.5 ], "texture": "#voxels_atlas" },
				"north": { "uv": [ 14.5, 11, 13.5, 12 ], "texture": "#voxels_atlas", "rotation": 180 },
				"south": { "uv": [ 14.5, 11, 15.5, 12 ], "texture": "#voxels_atlas", "rotation": 180 },
				"west": { "uv": [ 15.5, 10, 14.5, 11 ], "texture": "#voxels_atlas", "rotation": 180 },
				"east": { "uv": [ 13.5, 10, 14.5, 11 ], "texture": "#voxels_atlas", "rotation": 180 }
			}
		}
	],
	"display": {
		"thirdperson_righthand": {
			"translation":  [ 0, 6.9565, 0 ]
		},
		"thirdperson_lefthand": {
			"translation":  [ 0, 6.9565, 0 ]
		},
		"firstperson_righthand": {
			"translation":  [ -1.391, 7.6521, 0 ]
		},
		"firstperson_lefthand": {
			"translation":  [ -1.391, 7.6521, 0 ]
		},
		"gui": {
			"rotation":  [ 42, 0, 27 ],
			"translation":  [ -4.173, 7.6521, 0 ],
			"scale":  [ 2, 2, 2 ]
		},
		"ground": {
			"rotation":  [ 0, 0, 22 ],
			"translation":  [ -2.086, 4.1739, 0.6956 ]
		},
		"fixed": {
			"rotation":  [ -90, 0, 0 ],
			"translation":  [ 0, -0.696, -31.99 ],
			"scale":  [ 4, 4, 4 ]
		}
	}
}