{
	"__comment": "Designed by Pashjn with Cubik Studio - https://cubik.studio",
	"textures": {
		"particle": "block/flower_b",
		"texture": "block/flower_b",
		"voxels_atlas": "block/flower_b"
	},
	"elements": [ 	 
		{
			"__comment": "Voxels",
			"from": [ 4.5, 6.5, 6.5 ],
			"to": [ 5, 7, 7 ],
			"faces": {
				"down": { "uv": [ 12.5, 7.5, 13, 8 ], "texture": "#voxels_atlas" },
				"up": { "uv": [ 14, 8.5, 14.5, 8 ], "texture": "#voxels_atlas" },
				"north": { "uv": [ 15, 8, 14.5, 8.5 ], "texture": "#voxels_atlas" },
				"south": { "uv": [ 15, 8, 15.5, 8.5 ], "texture": "#voxels_atlas" },
				"west": { "uv": [ 15.5, 8, 16, 8.5 ], "texture": "#voxels_atlas" },
				"east": { "uv": [ 8, 5.5, 7.5, 6 ], "texture": "#voxels_atlas" }
			}
		},
		{
			"__comment": "Voxels",
			"from": [ 4.5, 9, 8.5 ],
			"to": [ 5.5, 9.5, 9 ],
			"faces": {
				"down": { "uv": [ 12, 9, 13, 9.5 ], "texture": "#voxels_atlas" },
				"up": { "uv": [ 9.5, 9, 10.5, 8.5 ], "texture": "#voxels_atlas" },
				"north": { "uv": [ 11.5, 8.5, 10.5, 9 ], "texture": "#voxels_atlas" },
				"south": { "uv": [ 11.5, 8.5, 12.5, 9 ], "texture": "#voxels_atlas" },
				"west": { "uv": [ 7.5, 5, 8, 5.5 ], "texture": "#voxels_atlas" },
				"east": { "uv": [ 8, 4.5, 7.5, 5 ], "texture": "#voxels_atlas" }
			}
		},
		{
			"__comment": "Voxels",
			"from": [ 5, 0.5, 7.5 ],
			"to": [ 8.5, 1.5, 10 ],
			"faces": {
				"down": { "uv": [ 0, 13.5, 3.5, 16 ], "texture": "#voxels_atlas" },
				"up": { "uv": [ 3.5, 16, 7, 13.5 ], "texture": "#voxels_atlas" },
				"north": { "uv": [ 6, 12.5, 2.5, 13.5 ], "texture": "#voxels_atlas" },
				"south": { "uv": [ 6, 12.5, 9.5, 13.5 ], "texture": "#voxels_atlas" },
				"west": { "uv": [ 9.5, 12.5, 12, 13.5 ], "texture": "#voxels_atlas" },
				"east": { "uv": [ 14.5, 12.5, 12, 13.5 ], "texture": "#voxels_atlas" }
			}
		},
		{
			"__comment": "Voxels",
			"from": [ 5, 1.5, 7.5 ],
			"to": [ 5.5, 3, 10 ],
			"faces": {
				"down": { "uv": [ 3.5, 6.5, 4, 9 ], "texture": "#voxels_atlas" },
				"up": { "uv": [ 4, 11.5, 4.5, 9 ], "texture": "#voxels_atlas" },
				"north": { "uv": [ 3.5, 0, 3, 1.5 ], "texture": "#voxels_atlas" },
				"south": { "uv": [ 2.5, 0, 3, 1.5 ], "texture": "#voxels_atlas" },
				"west": { "uv": [ 0, 4.5, 2.5, 6 ], "texture": "#voxels_atlas" },
				"east": { "uv": [ 2.5, 3, 0, 4.5 ], "texture": "#voxels_atlas" }
			}
		},
		{
			"__comment": "Voxels",
			"from": [ 5, 6.5, 7 ],
			"to": [ 5.5, 7, 7.5 ],
			"faces": {
				"down": { "uv": [ 7.5, 4, 8, 4.5 ], "texture": "#voxels_atlas" },
				"up": { "uv": [ 7.5, 4, 8, 3.5 ], "texture": "#voxels_atlas" },
				"north": { "uv": [ 8, 3, 7.5, 3.5 ], "texture": "#voxels_atlas" },
				"south": { "uv": [ 7.5, 2.5, 8, 3 ], "texture": "#voxels_atlas" },
				"west": { "uv": [ 7.5, 2, 8, 2.5 ], "texture": "#voxels_atlas" },
				"east": { "uv": [ 11.5, 7.5, 11, 8 ], "texture": "#voxels_atlas" }
			}
		},
		{
			"__comment": "Voxels",
			"from": [ 5, 8.5, 7 ],
			"to": [ 6, 9, 7.5 ],
			"faces": {
				"down": { "uv": [ 15, 11, 16, 11.5 ], "texture": "#voxels_atlas" },
				"up": { "uv": [ 5, 8, 6, 7.5 ], "texture": "#voxels_atlas" },
				"north": { "uv": [ 6, 7, 5, 7.5 ], "texture": "#voxels_atlas" },
				"south": { "uv": [ 5, 6.5, 6, 7 ], "texture": "#voxels_atlas" },
				"west": { "uv": [ 11.5, 7.5, 12, 8 ], "texture": "#voxels_atlas" },
				"east": { "uv": [ 12.5, 7.5, 12, 8 ], "texture": "#voxels_atlas" }
			}
		},
		{
			"__comment": "Voxels",
			"from": [ 5, 8.5, 8.5 ],
			"to": [ 6, 9, 9.5 ],
			"faces": {
				"down": { "uv": [ 6, 10, 7, 11 ], "texture": "#voxels_atlas" },
				"up": { "uv": [ 7, 11, 8, 10 ], "texture": "#voxels_atlas" },
				"north": { "uv": [ 14, 9, 13, 9.5 ], "texture": "#voxels_atlas" },
				"south": { "uv": [ 5.5, 1, 6.5, 1.5 ], "texture": "#voxels_atlas" },
				"west": { "uv": [ 5, 5.5, 6, 6 ], "texture": "#voxels_atlas" },
				"east": { "uv": [ 6, 6, 5, 6.5 ], "texture": "#voxels_atlas" }
			}
		},
		{
			"__comment": "Voxels",
			"from": [ 5.5, 0, 7.5 ],
			"to": [ 8, 0.5, 10 ],
			"faces": {
				"down": { "uv": [ 9.5, 13.5, 12, 16 ], "texture": "#voxels_atlas" },
				"up": { "uv": [ 12, 16, 14.5, 13.5 ], "texture": "#voxels_atlas" },
				"north": { "uv": [ 6, 12, 3.5, 12.5 ], "texture": "#voxels_atlas" },
				"south": { "uv": [ 6, 12, 8.5, 12.5 ], "texture": "#voxels_atlas" },
				"west": { "uv": [ 8.5, 11.5, 11, 12 ], "texture": "#voxels_atlas" },
				"east": { "uv": [ 11, 12, 8.5, 12.5 ], "texture": "#voxels_atlas" }
			}
		},
		{
			"__comment": "Voxels",
			"from": [ 5.5, 0.5, 7 ],
			"to": [ 8, 3, 7.5 ],
			"faces": {
				"down": { "uv": [ 3.5, 11.5, 6, 12 ], "texture": "#voxels_atlas" },
				"up": { "uv": [ 6, 12, 8.5, 11.5 ], "texture": "#voxels_atlas" },
				"north": { "uv": [ 2.5, 8.5, 0, 11 ], "texture": "#voxels_atlas" },
				"south": { "uv": [ 7, 13.5, 9.5, 16 ], "texture": "#voxels_atlas" },
				"west": { "uv": [ 4.5, 6.5, 5, 9 ], "texture": "#voxels_atlas" },
				"east": { "uv": [ 5, 9, 4.5, 11.5 ], "texture": "#voxels_atlas" }
			}
		},
		{
			"__comment": "Voxels",
			"from": [ 5.5, 0.5, 10 ],
			"to": [ 8, 3, 10.5 ],
			"faces": {
				"down": { "uv": [ 13.5, 12, 16, 12.5 ], "texture": "#voxels_atlas" },
				"up": { "uv": [ 11, 12.5, 13.5, 12 ], "texture": "#voxels_atlas" },
				"north": { "uv": [ 2.5, 11, 0, 13.5 ], "texture": "#voxels_atlas" },
				"south": { "uv": [ 0, 6, 2.5, 8.5 ], "texture": "#voxels_atlas" },
				"west": { "uv": [ 3.5, 9, 4, 11.5 ], "texture": "#voxels_atlas" },
				"east": { "uv": [ 4.5, 4, 4, 6.5 ], "texture": "#voxels_atlas" }
			}
		},
		{
			"__comment": "Voxels",
			"from": [ 5.5, 6, 7.5 ],
			"to": [ 6, 6.5, 8 ],
			"faces": {
				"down": { "uv": [ 13, 7.5, 13.5, 8 ], "texture": "#voxels_atlas" },
				"up": { "uv": [ 13.5, 8, 14, 7.5 ], "texture": "#voxels_atlas" },
				"north": { "uv": [ 14.5, 7.5, 14, 8 ], "texture": "#voxels_atlas" },
				"south": { "uv": [ 14.5, 7.5, 15, 8 ], "texture": "#voxels_atlas" },
				"west": { "uv": [ 15, 7.5, 15.5, 8 ], "texture": "#voxels_atlas" },
				"east": { "uv": [ 16, 7.5, 15.5, 8 ], "texture": "#voxels_atlas" }
			}
		},
		{
			"__comment": "Voxels",
			"from": [ 5.5, 7.5, 8 ],
			"to": [ 7.5, 8, 8.5 ],
			"faces": {
				"down": { "uv": [ 8, 10.5, 10, 11 ], "texture": "#voxels_atlas" },
				"up": { "uv": [ 8, 10.5, 10, 10 ], "texture": "#voxels_atlas" },
				"north": { "uv": [ 12, 10.5, 10, 11 ], "texture": "#voxels_atlas" },
				"south": { "uv": [ 10, 10, 12, 10.5 ], "texture": "#voxels_atlas" },
				"west": { "uv": [ 8, 7, 8.5, 7.5 ], "texture": "#voxels_atlas" },
				"east": { "uv": [ 8.5, 6.5, 8, 7 ], "texture": "#voxels_atlas" }
			}
		},
		{
			"__comment": "Voxels",
			"from": [ 5.5, 8, 7.5 ],
			"to": [ 6, 8.5, 10 ],
			"faces": {
				"down": { "uv": [ 3.5, 1.5, 4, 4 ], "texture": "#voxels_atlas" },
				"up": { "uv": [ 3.5, 6.5, 4, 4 ], "texture": "#voxels_atlas" },
				"north": { "uv": [ 8.5, 6, 8, 6.5 ], "texture": "#voxels_atlas" },
				"south": { "uv": [ 8, 5.5, 8.5, 6 ], "texture": "#voxels_atlas" },
				"west": { "uv": [ 13.5, 11.5, 16, 12 ], "texture": "#voxels_atlas" },
				"east": { "uv": [ 13.5, 11.5, 11, 12 ], "texture": "#voxels_atlas" }
			}
		},
		{
			"__comment": "Voxels",
			"from": [ 5.5, 8.5, 9.5 ],
			"to": [ 6, 9, 10.5 ],
			"faces": {
				"down": { "uv": [ 4.5, 0.5, 5, 1.5 ], "texture": "#voxels_atlas" },
				"up": { "uv": [ 5, 5.5, 5.5, 4.5 ], "texture": "#voxels_atlas" },
				"north": { "uv": [ 8.5, 4, 8, 4.5 ], "texture": "#voxels_atlas" },
				"south": { "uv": [ 8, 3.5, 8.5, 4 ], "texture": "#voxels_atlas" },
				"west": { "uv": [ 12.5, 8.5, 13.5, 9 ], "texture": "#voxels_atlas" },
				"east": { "uv": [ 12, 9, 11, 9.5 ], "texture": "#voxels_atlas" }
			}
		},
		{
			"__comment": "Voxels",
			"from": [ 6, 5.5, 8 ],
			"to": [ 6.5, 6, 8.5 ],
			"faces": {
				"down": { "uv": [ 8, 3, 8.5, 3.5 ], "texture": "#voxels_atlas" },
				"up": { "uv": [ 8, 3, 8.5, 2.5 ], "texture": "#voxels_atlas" },
				"north": { "uv": [ 8.5, 0, 8, 0.5 ], "texture": "#voxels_atlas" },
				"south": { "uv": [ 8.5, 7, 9, 7.5 ], "texture": "#voxels_atlas" },
				"west": { "uv": [ 9, 7, 9.5, 7.5 ], "texture": "#voxels_atlas" },
				"east": { "uv": [ 10, 7, 9.5, 7.5 ], "texture": "#voxels_atlas" }
			}
		},
		{
			"__comment": "Voxels",
			"from": [ 6, 7, 8.5 ],
			"to": [ 7.5, 8, 9 ],
			"faces": {
				"down": { "uv": [ 14.5, 13.5, 16, 14 ], "texture": "#voxels_atlas" },
				"up": { "uv": [ 12, 10.5, 13.5, 10 ], "texture": "#voxels_atlas" },
				"north": { "uv": [ 16, 15, 14.5, 16 ], "texture": "#voxels_atlas" },
				"south": { "uv": [ 14.5, 14, 16, 15 ], "texture": "#voxels_atlas" },
				"west": { "uv": [ 15.5, 12.5, 16, 13.5 ], "texture": "#voxels_atlas" },
				"east": { "uv": [ 5, 1.5, 4.5, 2.5 ], "texture": "#voxels_atlas" }
			}
		},
		{
			"__comment": "Voxels",
			"from": [ 6, 7.5, 7.5 ],
			"to": [ 7.5, 8, 8 ],
			"faces": {
				"down": { "uv": [ 5, 8, 6.5, 8.5 ], "texture": "#voxels_atlas" },
				"up": { "uv": [ 5, 9, 6.5, 8.5 ], "texture": "#voxels_atlas" },
				"north": { "uv": [ 11, 9.5, 9.5, 10 ], "texture": "#voxels_atlas" },
				"south": { "uv": [ 8, 9.5, 9.5, 10 ], "texture": "#voxels_atlas" },
				"west": { "uv": [ 11.5, 7, 12, 7.5 ], "texture": "#voxels_atlas" },
				"east": { "uv": [ 9, 2.5, 8.5, 3 ], "texture": "#voxels_atlas" }
			}
		},
		{
			"__comment": "Voxels",
			"from": [ 6, 7.5, 9 ],
			"to": [ 8, 8, 9.5 ],
			"faces": {
				"down": { "uv": [ 9, 11, 11, 11.5 ], "texture": "#voxels_atlas" },
				"up": { "uv": [ 11, 11.5, 13, 11 ], "texture": "#voxels_atlas" },
				"north": { "uv": [ 14, 10.5, 12, 11 ], "texture": "#voxels_atlas" },
				"south": { "uv": [ 5, 11, 7, 11.5 ], "texture": "#voxels_atlas" },
				"west": { "uv": [ 8.5, 2, 9, 2.5 ], "texture": "#voxels_atlas" },
				"east": { "uv": [ 9, 1.5, 8.5, 2 ], "texture": "#voxels_atlas" }
			}
		},
		{
			"__comment": "Voxels",
			"from": [ 6, 8, 8 ],
			"to": [ 6.5, 8.5, 10 ],
			"faces": {
				"down": { "uv": [ 4.5, 4.5, 5, 6.5 ], "texture": "#voxels_atlas" },
				"up": { "uv": [ 4.5, 4.5, 5, 2.5 ], "texture": "#voxels_atlas" },
				"north": { "uv": [ 9, 1, 8.5, 1.5 ], "texture": "#voxels_atlas" },
				"south": { "uv": [ 8.5, 0.5, 9, 1 ], "texture": "#voxels_atlas" },
				"west": { "uv": [ 7, 11, 9, 11.5 ], "texture": "#voxels_atlas" },
				"east": { "uv": [ 15, 11, 13, 11.5 ], "texture": "#voxels_atlas" }
			}
		},
		{
			"__comment": "Voxels",
			"from": [ 6, 8.5, 9 ],
			"to": [ 6.5, 9, 9.5 ],
			"faces": {
				"down": { "uv": [ 8.5, 0, 9, 0.5 ], "texture": "#voxels_atlas" },
				"up": { "uv": [ 9, 7, 9.5, 6.5 ], "texture": "#voxels_atlas" },
				"north": { "uv": [ 10, 6.5, 9.5, 7 ], "texture": "#voxels_atlas" },
				"south": { "uv": [ 14, 6.5, 14.5, 7 ], "texture": "#voxels_atlas" },
				"west": { "uv": [ 14.5, 6.5, 15, 7 ], "texture": "#voxels_atlas" },
				"east": { "uv": [ 15.5, 6.5, 15, 7 ], "texture": "#voxels_atlas" }
			}
		},
		{
			"__comment": "Voxels",
			"from": [ 6.5, 1.5, 8.5 ],
			"to": [ 7, 7, 9 ],
			"faces": {
				"down": { "uv": [ 15.5, 6.5, 16, 7 ], "texture": "#voxels_atlas" },
				"up": { "uv": [ 9, 6, 9.5, 5.5 ], "texture": "#voxels_atlas" },
				"north": { "uv": [ 3, 7, 2.5, 12.5 ], "texture": "#voxels_atlas" },
				"south": { "uv": [ 2.5, 1.5, 3, 7 ], "texture": "#voxels_atlas" },
				"west": { "uv": [ 3, 1.5, 3.5, 7 ], "texture": "#voxels_atlas" },
				"east": { "uv": [ 3.5, 7, 3, 12.5 ], "texture": "#voxels_atlas" }
			}
		},
		{
			"__comment": "Voxels",
			"from": [ 6.5, 3, 8 ],
			"to": [ 7, 3.5, 8.5 ],
			"faces": {
				"down": { "uv": [ 4.5, 0, 5, 0.5 ], "texture": "#voxels_atlas" },
				"up": { "uv": [ 13.5, 10.5, 14, 10 ], "texture": "#voxels_atlas" },
				"north": { "uv": [ 16, 10.5, 15.5, 11 ], "texture": "#voxels_atlas" },
				"south": { "uv": [ 15.5, 10, 16, 10.5 ], "texture": "#voxels_atlas" },
				"west": { "uv": [ 15.5, 9.5, 16, 10 ], "texture": "#voxels_atlas" },
				"east": { "uv": [ 6.5, 7.5, 6, 8 ], "texture": "#voxels_atlas" }
			}
		},
		{
			"__comment": "Voxels",
			"from": [ 6.5, 4, 9 ],
			"to": [ 7, 4.5, 9.5 ],
			"faces": {
				"down": { "uv": [ 6, 7, 6.5, 7.5 ], "texture": "#voxels_atlas" },
				"up": { "uv": [ 6, 7, 6.5, 6.5 ], "texture": "#voxels_atlas" },
				"north": { "uv": [ 6.5, 6, 6, 6.5 ], "texture": "#voxels_atlas" },
				"south": { "uv": [ 6, 5.5, 6.5, 6 ], "texture": "#voxels_atlas" },
				"west": { "uv": [ 6, 4, 6.5, 4.5 ], "texture": "#voxels_atlas" },
				"east": { "uv": [ 6.5, 3.5, 6, 4 ], "texture": "#voxels_atlas" }
			}
		},
		{
			"__comment": "Voxels",
			"from": [ 6.5, 4.5, 9.5 ],
			"to": [ 7, 5.5, 10 ],
			"faces": {
				"down": { "uv": [ 5, 0, 5.5, 0.5 ], "texture": "#voxels_atlas" },
				"up": { "uv": [ 6.5, 0.5, 7, 0 ], "texture": "#voxels_atlas" },
				"north": { "uv": [ 7, 4.5, 6.5, 5.5 ], "texture": "#voxels_atlas" },
				"south": { "uv": [ 6.5, 3.5, 7, 4.5 ], "texture": "#voxels_atlas" },
				"west": { "uv": [ 6.5, 6.5, 7, 7.5 ], "texture": "#voxels_atlas" },
				"east": { "uv": [ 7, 5.5, 6.5, 6.5 ], "texture": "#voxels_atlas" }
			}
		},
		{
			"__comment": "Voxels",
			"from": [ 6.5, 5, 8 ],
			"to": [ 7, 5.5, 8.5 ],
			"faces": {
				"down": { "uv": [ 7, 2.5, 7.5, 3 ], "texture": "#voxels_atlas" },
				"up": { "uv": [ 7, 2.5, 7.5, 2 ], "texture": "#voxels_atlas" },
				"north": { "uv": [ 7.5, 1.5, 7, 2 ], "texture": "#voxels_atlas" },
				"south": { "uv": [ 7, 1, 7.5, 1.5 ], "texture": "#voxels_atlas" },
				"west": { "uv": [ 7, 0.5, 7.5, 1 ], "texture": "#voxels_atlas" },
				"east": { "uv": [ 7.5, 0, 7, 0.5 ], "texture": "#voxels_atlas" }
			}
		},
		{
			"__comment": "Voxels",
			"from": [ 6.5, 5.5, 10 ],
			"to": [ 7, 6, 10.5 ],
			"faces": {
				"down": { "uv": [ 13.5, 8.5, 14, 9 ], "texture": "#voxels_atlas" },
				"up": { "uv": [ 14, 9, 14.5, 8.5 ], "texture": "#voxels_atlas" },
				"north": { "uv": [ 15, 8.5, 14.5, 9 ], "texture": "#voxels_atlas" },
				"south": { "uv": [ 15, 8.5, 15.5, 9 ], "texture": "#voxels_atlas" },
				"west": { "uv": [ 15.5, 8.5, 16, 9 ], "texture": "#voxels_atlas" },
				"east": { "uv": [ 8, 8, 7.5, 8.5 ], "texture": "#voxels_atlas" }
			}
		},
		{
			"__comment": "Voxels",
			"from": [ 6.5, 6, 10.5 ],
			"to": [ 7, 6.5, 11 ],
			"faces": {
				"down": { "uv": [ 8, 8, 8.5, 8.5 ], "texture": "#voxels_atlas" },
				"up": { "uv": [ 8.5, 8.5, 9, 8 ], "texture": "#voxels_atlas" },
				"north": { "uv": [ 9.5, 8, 9, 8.5 ], "texture": "#voxels_atlas" },
				"south": { "uv": [ 9.5, 8, 10, 8.5 ], "texture": "#voxels_atlas" },
				"west": { "uv": [ 10, 8, 10.5, 8.5 ], "texture": "#voxels_atlas" },
				"east": { "uv": [ 11, 8, 10.5, 8.5 ], "texture": "#voxels_atlas" }
			}
		},
		{
			"__comment": "Voxels",
			"from": [ 6.5, 7, 8 ],
			"to": [ 7, 7.5, 8.5 ],
			"faces": {
				"down": { "uv": [ 11, 8, 11.5, 8.5 ], "texture": "#voxels_atlas" },
				"up": { "uv": [ 11.5, 8.5, 12, 8 ], "texture": "#voxels_atlas" },
				"north": { "uv": [ 12.5, 8, 12, 8.5 ], "texture": "#voxels_atlas" },
				"south": { "uv": [ 12.5, 8, 13, 8.5 ], "texture": "#voxels_atlas" },
				"west": { "uv": [ 13, 8, 13.5, 8.5 ], "texture": "#voxels_atlas" },
				"east": { "uv": [ 14, 8, 13.5, 8.5 ], "texture": "#voxels_atlas" }
			}
		},
		{
			"__comment": "Voxels",
			"from": [ 6.5, 7, 9 ],
			"to": [ 7.5, 7.5, 9.5 ],
			"faces": {
				"down": { "uv": [ 5.5, 5, 6.5, 5.5 ], "texture": "#voxels_atlas" },
				"up": { "uv": [ 5.5, 5, 6.5, 4.5 ], "texture": "#voxels_atlas" },
				"north": { "uv": [ 6, 4, 5, 4.5 ], "texture": "#voxels_atlas" },
				"south": { "uv": [ 5, 3.5, 6, 4 ], "texture": "#voxels_atlas" },
				"west": { "uv": [ 7.5, 7.5, 8, 8 ], "texture": "#voxels_atlas" },
				"east": { "uv": [ 8, 7, 7.5, 7.5 ], "texture": "#voxels_atlas" }
			}
		},
		{
			"__comment": "Voxels",
			"from": [ 6.5, 8, 7 ],
			"to": [ 7, 9, 7.5 ],
			"faces": {
				"down": { "uv": [ 7.5, 6.5, 8, 7 ], "texture": "#voxels_atlas" },
				"up": { "uv": [ 7.5, 6.5, 8, 6 ], "texture": "#voxels_atlas" },
				"north": { "uv": [ 5.5, 2.5, 5, 3.5 ], "texture": "#voxels_atlas" },
				"south": { "uv": [ 5.5, 2.5, 6, 3.5 ], "texture": "#voxels_atlas" },
				"west": { "uv": [ 6, 2.5, 6.5, 3.5 ], "texture": "#voxels_atlas" },
				"east": { "uv": [ 5.5, 1.5, 5, 2.5 ], "texture": "#voxels_atlas" }
			}
		},
		{
			"__comment": "Voxels",
			"from": [ 6.5, 8, 7.5 ],
			"to": [ 8, 8.5, 8 ],
			"faces": {
				"down": { "uv": [ 14, 10.5, 15.5, 11 ], "texture": "#voxels_atlas" },
				"up": { "uv": [ 14, 10.5, 15.5, 10 ], "texture": "#voxels_atlas" },
				"north": { "uv": [ 6.5, 9.5, 5, 10 ], "texture": "#voxels_atlas" },
				"south": { "uv": [ 6.5, 9.5, 8, 10 ], "texture": "#voxels_atlas" },
				"west": { "uv": [ 7.5, 1.5, 8, 2 ], "texture": "#voxels_atlas" },
				"east": { "uv": [ 8, 1, 7.5, 1.5 ], "texture": "#voxels_atlas" }
			}
		},
		{
			"__comment": "Voxels",
			"from": [ 7, 3.5, 8 ],
			"to": [ 7.5, 4, 8.5 ],
			"faces": {
				"down": { "uv": [ 7.5, 0.5, 8, 1 ], "texture": "#voxels_atlas" },
				"up": { "uv": [ 7.5, 0.5, 8, 0 ], "texture": "#voxels_atlas" },
				"north": { "uv": [ 8.5, 7.5, 8, 8 ], "texture": "#voxels_atlas" },
				"south": { "uv": [ 8.5, 7.5, 9, 8 ], "texture": "#voxels_atlas" },
				"west": { "uv": [ 9, 7.5, 9.5, 8 ], "texture": "#voxels_atlas" },
				"east": { "uv": [ 10, 7.5, 9.5, 8 ], "texture": "#voxels_atlas" }
			}
		},
		{
			"__comment": "Voxels",
			"from": [ 7, 6, 11 ],
			"to": [ 7.5, 7, 11.5 ],
			"faces": {
				"down": { "uv": [ 10, 7.5, 10.5, 8 ], "texture": "#voxels_atlas" },
				"up": { "uv": [ 10.5, 8, 11, 7.5 ], "texture": "#voxels_atlas" },
				"north": { "uv": [ 6, 1.5, 5.5, 2.5 ], "texture": "#voxels_atlas" },
				"south": { "uv": [ 6, 1.5, 6.5, 2.5 ], "texture": "#voxels_atlas" },
				"west": { "uv": [ 5, 0.5, 5.5, 1.5 ], "texture": "#voxels_atlas" },
				"east": { "uv": [ 7, 1.5, 6.5, 2.5 ], "texture": "#voxels_atlas" }
			}
		},
		{
			"__comment": "Voxels",
			"from": [ 7, 7.5, 9.5 ],
			"to": [ 7.5, 8.5, 10.5 ],
			"faces": {
				"down": { "uv": [ 5.5, 0, 6, 1 ], "texture": "#voxels_atlas" },
				"up": { "uv": [ 6, 1, 6.5, 0 ], "texture": "#voxels_atlas" },
				"north": { "uv": [ 7, 8.5, 6.5, 9.5 ], "texture": "#voxels_atlas" },
				"south": { "uv": [ 6.5, 7.5, 7, 8.5 ], "texture": "#voxels_atlas" },
				"west": { "uv": [ 14.5, 12.5, 15.5, 13.5 ], "texture": "#voxels_atlas" },
				"east": { "uv": [ 6, 10, 5, 11 ], "texture": "#voxels_atlas" }
			}
		},
		{
			"__comment": "Voxels",
			"from": [ 7, 8, 8 ],
			"to": [ 8, 8.5, 8.5 ],
			"faces": {
				"down": { "uv": [ 7, 9, 8, 9.5 ], "texture": "#voxels_atlas" },
				"up": { "uv": [ 8, 9.5, 9, 9 ], "texture": "#voxels_atlas" },
				"north": { "uv": [ 10, 9, 9, 9.5 ], "texture": "#voxels_atlas" },
				"south": { "uv": [ 10, 9, 11, 9.5 ], "texture": "#voxels_atlas" },
				"west": { "uv": [ 8, 5, 8.5, 5.5 ], "texture": "#voxels_atlas" },
				"east": { "uv": [ 8.5, 4.5, 8, 5 ], "texture": "#voxels_atlas" }
			}
		},
		{
			"__comment": "Voxels",
			"from": [ 7, 8, 9 ],
			"to": [ 8.5, 8.5, 9.5 ],
			"faces": {
				"down": { "uv": [ 11, 9.5, 12.5, 10 ], "texture": "#voxels_atlas" },
				"up": { "uv": [ 12.5, 10, 14, 9.5 ], "texture": "#voxels_atlas" },
				"north": { "uv": [ 15.5, 9.5, 14, 10 ], "texture": "#voxels_atlas" },
				"south": { "uv": [ 5, 9, 6.5, 9.5 ], "texture": "#voxels_atlas" },
				"west": { "uv": [ 8, 2, 8.5, 2.5 ], "texture": "#voxels_atlas" },
				"east": { "uv": [ 8.5, 1.5, 8, 2 ], "texture": "#voxels_atlas" }
			}
		},
		{
			"__comment": "Voxels",
			"from": [ 7, 8, 10.5 ],
			"to": [ 7.5, 9, 11 ],
			"faces": {
				"down": { "uv": [ 8, 1, 8.5, 1.5 ], "texture": "#voxels_atlas" },
				"up": { "uv": [ 8, 1, 8.5, 0.5 ], "texture": "#voxels_atlas" },
				"north": { "uv": [ 7, 2.5, 6.5, 3.5 ], "texture": "#voxels_atlas" },
				"south": { "uv": [ 7, 3, 7.5, 4 ], "texture": "#voxels_atlas" },
				"west": { "uv": [ 6.5, 0.5, 7, 1.5 ], "texture": "#voxels_atlas" },
				"east": { "uv": [ 7.5, 8, 7, 9 ], "texture": "#voxels_atlas" }
			}
		},
		{
			"__comment": "Voxels",
			"from": [ 7, 8.5, 10 ],
			"to": [ 7.5, 9, 10.5 ],
			"faces": {
				"down": { "uv": [ 10, 7, 10.5, 7.5 ], "texture": "#voxels_atlas" },
				"up": { "uv": [ 10.5, 7.5, 11, 7 ], "texture": "#voxels_atlas" },
				"north": { "uv": [ 11.5, 7, 11, 7.5 ], "texture": "#voxels_atlas" },
				"south": { "uv": [ 9, 6, 9.5, 6.5 ], "texture": "#voxels_atlas" },
				"west": { "uv": [ 12, 7, 12.5, 7.5 ], "texture": "#voxels_atlas" },
				"east": { "uv": [ 13, 7, 12.5, 7.5 ], "texture": "#voxels_atlas" }
			}
		},
		{
			"__comment": "Voxels",
			"from": [ 7, 8.5, 11 ],
			"to": [ 7.5, 9, 11.5 ],
			"faces": {
				"down": { "uv": [ 13, 7, 13.5, 7.5 ], "texture": "#voxels_atlas" },
				"up": { "uv": [ 13.5, 7.5, 14, 7 ], "texture": "#voxels_atlas" },
				"north": { "uv": [ 14.5, 7, 14, 7.5 ], "texture": "#voxels_atlas" },
				"south": { "uv": [ 14.5, 7, 15, 7.5 ], "texture": "#voxels_atlas" },
				"west": { "uv": [ 15, 7, 15.5, 7.5 ], "texture": "#voxels_atlas" },
				"east": { "uv": [ 16, 7, 15.5, 7.5 ], "texture": "#voxels_atlas" }
			}
		},
		{
			"__comment": "Voxels",
			"from": [ 7.5, 3.5, 7.5 ],
			"to": [ 8, 4, 8 ],
			"faces": {
				"down": { "uv": [ 8.5, 6.5, 9, 7 ], "texture": "#voxels_atlas" },
				"up": { "uv": [ 8.5, 6.5, 9, 6 ], "texture": "#voxels_atlas" },
				"north": { "uv": [ 9, 5.5, 8.5, 6 ], "texture": "#voxels_atlas" },
				"south": { "uv": [ 8.5, 5, 9, 5.5 ], "texture": "#voxels_atlas" },
				"west": { "uv": [ 8.5, 4.5, 9, 5 ], "texture": "#voxels_atlas" },
				"east": { "uv": [ 9, 4, 8.5, 4.5 ], "texture": "#voxels_atlas" }
			}
		},
		{
			"__comment": "Voxels",
			"from": [ 7.5, 7.5, 8.5 ],
			"to": [ 8, 8.5, 9 ],
			"faces": {
				"down": { "uv": [ 8.5, 3.5, 9, 4 ], "texture": "#voxels_atlas" },
				"up": { "uv": [ 8.5, 3.5, 9, 3 ], "texture": "#voxels_atlas" },
				"north": { "uv": [ 7.5, 7, 7, 8 ], "texture": "#voxels_atlas" },
				"south": { "uv": [ 7, 6, 7.5, 7 ], "texture": "#voxels_atlas" },
				"west": { "uv": [ 7, 5, 7.5, 6 ], "texture": "#voxels_atlas" },
				"east": { "uv": [ 7.5, 4, 7, 5 ], "texture": "#voxels_atlas" }
			}
		},
		{
			"__comment": "Voxels",
			"from": [ 7.5, 8.5, 7.5 ],
			"to": [ 8.5, 9, 8 ],
			"faces": {
				"down": { "uv": [ 14, 9, 15, 9.5 ], "texture": "#voxels_atlas" },
				"up": { "uv": [ 15, 9.5, 16, 9 ], "texture": "#voxels_atlas" },
				"north": { "uv": [ 8.5, 8.5, 7.5, 9 ], "texture": "#voxels_atlas" },
				"south": { "uv": [ 8.5, 8.5, 9.5, 9 ], "texture": "#voxels_atlas" },
				"west": { "uv": [ 10, 6.5, 10.5, 7 ], "texture": "#voxels_atlas" },
				"east": { "uv": [ 11, 6.5, 10.5, 7 ], "texture": "#voxels_atlas" }
			}
		},
		{
			"__comment": "Voxels",
			"from": [ 7.5, 8.5, 8 ],
			"to": [ 8, 9, 8.5 ],
			"faces": {
				"down": { "uv": [ 11, 6.5, 11.5, 7 ], "texture": "#voxels_atlas" },
				"up": { "uv": [ 11.5, 7, 12, 6.5 ], "texture": "#voxels_atlas" },
				"north": { "uv": [ 12.5, 6.5, 12, 7 ], "texture": "#voxels_atlas" },
				"south": { "uv": [ 12.5, 6.5, 13, 7 ], "texture": "#voxels_atlas" },
				"west": { "uv": [ 13, 6.5, 13.5, 7 ], "texture": "#voxels_atlas" },
				"east": { "uv": [ 14, 6.5, 13.5, 7 ], "texture": "#voxels_atlas" }
			}
		},
		{
			"__comment": "Voxels",
			"from": [ 8, 1.5, 7.5 ],
			"to": [ 8.5, 3, 10 ],
			"faces": {
				"down": { "uv": [ 4, 1.5, 4.5, 4 ], "texture": "#voxels_atlas" },
				"up": { "uv": [ 4, 9, 4.5, 6.5 ], "texture": "#voxels_atlas" },
				"north": { "uv": [ 4, 0, 3.5, 1.5 ], "texture": "#voxels_atlas" },
				"south": { "uv": [ 4, 0, 4.5, 1.5 ], "texture": "#voxels_atlas" },
				"west": { "uv": [ 0, 1.5, 2.5, 3 ], "texture": "#voxels_atlas" },
				"east": { "uv": [ 2.5, 0, 0, 1.5 ], "texture": "#voxels_atlas" }
			}
		},
		{
			"__comment": "Voxels",
			"from": [ 8, 4, 7.5 ],
			"to": [ 8.5, 4.5, 8 ],
			"faces": {
				"down": { "uv": [ 9, 5, 9.5, 5.5 ], "texture": "#voxels_atlas" },
				"up": { "uv": [ 9, 5, 9.5, 4.5 ], "texture": "#voxels_atlas" },
				"north": { "uv": [ 9.5, 4, 9, 4.5 ], "texture": "#voxels_atlas" },
				"south": { "uv": [ 9, 3.5, 9.5, 4 ], "texture": "#voxels_atlas" },
				"west": { "uv": [ 9, 3, 9.5, 3.5 ], "texture": "#voxels_atlas" },
				"east": { "uv": [ 9.5, 2.5, 9, 3 ], "texture": "#voxels_atlas" }
			}
		},
		{
			"__comment": "Voxels",
			"from": [ 8, 8, 8.5 ],
			"to": [ 8.5, 8.5, 9 ],
			"faces": {
				"down": { "uv": [ 9, 2, 9.5, 2.5 ], "texture": "#voxels_atlas" },
				"up": { "uv": [ 9, 2, 9.5, 1.5 ], "texture": "#voxels_atlas" },
				"north": { "uv": [ 9.5, 1, 9, 1.5 ], "texture": "#voxels_atlas" },
				"south": { "uv": [ 9, 0.5, 9.5, 1 ], "texture": "#voxels_atlas" },
				"west": { "uv": [ 9, 0, 9.5, 0.5 ], "texture": "#voxels_atlas" },
				"east": { "uv": [ 10, 6, 9.5, 6.5 ], "texture": "#voxels_atlas" }
			}
		},
		{
			"__comment": "Voxels",
			"from": [ 8, 8.5, 9 ],
			"to": [ 8.5, 9, 9.5 ],
			"faces": {
				"down": { "uv": [ 10, 6, 10.5, 6.5 ], "texture": "#voxels_atlas" },
				"up": { "uv": [ 10.5, 6.5, 11, 6 ], "texture": "#voxels_atlas" },
				"north": { "uv": [ 11.5, 6, 11, 6.5 ], "texture": "#voxels_atlas" },
				"south": { "uv": [ 11.5, 6, 12, 6.5 ], "texture": "#voxels_atlas" },
				"west": { "uv": [ 12, 6, 12.5, 6.5 ], "texture": "#voxels_atlas" },
				"east": { "uv": [ 13, 6, 12.5, 6.5 ], "texture": "#voxels_atlas" }
			}
		},
		{
			"__comment": "Voxels",
			"from": [ 8.5, 4.5, 7 ],
			"to": [ 9, 5, 7.5 ],
			"faces": {
				"down": { "uv": [ 13, 6, 13.5, 6.5 ], "texture": "#voxels_atlas" },
				"up": { "uv": [ 13.5, 6.5, 14, 6 ], "texture": "#voxels_atlas" },
				"north": { "uv": [ 14.5, 6, 14, 6.5 ], "texture": "#voxels_atlas" },
				"south": { "uv": [ 14.5, 6, 15, 6.5 ], "texture": "#voxels_atlas" },
				"west": { "uv": [ 15, 6, 15.5, 6.5 ], "texture": "#voxels_atlas" },
				"east": { "uv": [ 16, 6, 15.5, 6.5 ], "texture": "#voxels_atlas" }
			}
		},
		{
			"__comment": "Voxels",
			"from": [ 9, 5, 7 ],
			"to": [ 9.5, 5.5, 7.5 ],
			"faces": {
				"down": { "uv": [ 9.5, 5.5, 10, 6 ], "texture": "#voxels_atlas" },
				"up": { "uv": [ 9.5, 5.5, 10, 5 ], "texture": "#voxels_atlas" },
				"north": { "uv": [ 10, 4.5, 9.5, 5 ], "texture": "#voxels_atlas" },
				"south": { "uv": [ 9.5, 4, 10, 4.5 ], "texture": "#voxels_atlas" },
				"west": { "uv": [ 9.5, 3.5, 10, 4 ], "texture": "#voxels_atlas" },
				"east": { "uv": [ 10, 3, 9.5, 3.5 ], "texture": "#voxels_atlas" }
			}
		},
		{
			"__comment": "Voxels",
			"from": [ 9.5, 5.5, 7 ],
			"to": [ 10, 6, 7.5 ],
			"faces": {
				"down": { "uv": [ 9.5, 2.5, 10, 3 ], "texture": "#voxels_atlas" },
				"up": { "uv": [ 9.5, 2.5, 10, 2 ], "texture": "#voxels_atlas" },
				"north": { "uv": [ 10, 1.5, 9.5, 2 ], "texture": "#voxels_atlas" },
				"south": { "uv": [ 9.5, 1, 10, 1.5 ], "texture": "#voxels_atlas" },
				"west": { "uv": [ 9.5, 0.5, 10, 1 ], "texture": "#voxels_atlas" },
				"east": { "uv": [ 10, 0, 9.5, 0.5 ], "texture": "#voxels_atlas" }
			}
		}
	],
	"display": {
		"thirdperson_righthand": {
			"translation":  [ 1.3913, 7.6521, 0 ]
		},
		"thirdperson_lefthand": {
			"translation":  [ 1.3913, 7.6521, 0 ]
		},
		"firstperson_righthand": {
			"translation":  [ 2.0869, 5.5652, 0 ]
		},
		"firstperson_lefthand": {
			"translation":  [ 2.0869, 5.5652, 0 ]
		},
		"gui": {
			"rotation":  [ 45, 0, 30 ],
			"translation":  [ -2.086, 2.7826, 0 ]
		},
		"ground": {
			"translation":  [ 0, 4.1739, 0 ]
		},
		"fixed": {
			"rotation":  [ -90, 0, 0 ],
			"translation":  [ 0, 0, -24.34 ],
			"scale":  [ 3, 3, 3 ]
		}
	}
}