{
   "littleroom.pharaoh.attack":{
		 "sounds": [
			"littleroom/pharaoh/attack"
		 ]
	},
   "littleroom.pharaoh.death":{
		 "sounds": [
			"littleroom/pharaoh/death"
		 ]
	},
   "littleroom.pharaoh.idle":{
		 "sounds": [
			"littleroom/pharaoh/idle"
		 ]
	},
   "littleroom.pharaoh.plague":{
		 "sounds": [
			"littleroom/pharaoh/plague"
		 ]
	},
   "littleroom.rattler.rattle":{
		 "sounds": [
			"littleroom/rattler/rattle"
		 ]
	},
   "littleroom.rattler.strike":{
		 "sounds": [
			"littleroom/rattler/strike"
		 ]
	},
   "littleroom.dirtdevil.wind":{
		 "sounds": [
			"littleroom/dirtdevil/wind"
		 ]
	},
   "littleroom.craftcitizen.door":{
		 "sounds": [
			"littleroom/craftcitizen/door"
		 ]
	}
}