{
	"__comment": "Designed by Elo106 with Cubik Studio - https://cubik.studio",
	"textures": {
		"particle": "items/bunny",
		"texture": "items/bunny",
		"bunnyear_atlas": "items/bunny"
	},
	"elements": [ 	 
		{
			"__comment": "Voxels",
			"from": [ -2, 5, 7 ],
			"to": [ 5, 12, 8 ],
			"faces": {
				"down": { "uv": [ 12.75, 14.5, 14.5, 15 ], "texture": "#bunnyear_atlas", "cullface": "west" },
				"up": { "uv": [ 12.75, 14.5, 14.5, 14 ], "texture": "#bunnyear_atlas", "cullface": "west" },
				"north": { "uv": [ 3.25, 12.5, 1.5, 16 ], "texture": "#bunnyear_atlas", "cullface": "west" },
				"south": { "uv": [ 1.5, 9, 3.25, 12.5 ], "texture": "#bunnyear_atlas", "cullface": "west" },
				"west": { "uv": [ 9.25, 7, 9.5, 10.5 ], "texture": "#bunnyear_atlas", "cullface": "west" },
				"east": { "uv": [ 9.5, 10.5, 9.25, 14 ], "texture": "#bunnyear_atlas", "cullface": "west" }
			}
		},
		{
			"__comment": "Voxels",
			"from": [ -2, 8, 6 ],
			"to": [ 0, 16, 7 ],
			"faces": {
				"down": { "uv": [ 12, 7, 12.5, 7.5 ], "texture": "#bunnyear_atlas" },
				"up": { "uv": [ 12.5, 7.5, 13, 7 ], "texture": "#bunnyear_atlas" },
				"north": { "uv": [ 4.75, 2, 4.25, 6 ], "texture": "#bunnyear_atlas" },
				"south": { "uv": [ 4.75, 2, 5.25, 6 ], "texture": "#bunnyear_atlas" },
				"west": { "uv": [ 7.25, 0, 7.5, 4 ], "texture": "#bunnyear_atlas" },
				"east": { "uv": [ 8.75, 6.5, 8.5, 10.5 ], "texture": "#bunnyear_atlas" }
			}
		},
		{
			"__comment": "Voxels",
			"from": [ -2, 12, 5 ],
			"to": [ 0, 16, 6 ],
			"faces": {
				"down": { "uv": [ 13, 7, 13.5, 7.5 ], "texture": "#bunnyear_atlas" },
				"up": { "uv": [ 14.5, 7.5, 15, 7 ], "texture": "#bunnyear_atlas" },
				"north": { "uv": [ 9.25, 12, 8.75, 14 ], "texture": "#bunnyear_atlas" },
				"west": { "uv": [ 10.75, 4.5, 11, 6.5 ], "texture": "#bunnyear_atlas" },
				"east": { "uv": [ 11, 2.5, 10.75, 4.5 ], "texture": "#bunnyear_atlas" }
			}
		},
		{
			"__comment": "Voxels",
			"from": [ -2, 12, 7 ],
			"to": [ 4, 14, 8 ],
			"faces": {
				"up": { "uv": [ 13, 14, 14.5, 13.5 ], "texture": "#bunnyear_atlas", "cullface": "west" },
				"north": { "uv": [ 12, 15, 10.5, 16 ], "texture": "#bunnyear_atlas", "cullface": "west" },
				"south": { "uv": [ 5.5, 2, 7, 3 ], "texture": "#bunnyear_atlas", "cullface": "west" },
				"west": { "uv": [ 12, 3, 12.25, 4 ], "texture": "#bunnyear_atlas", "cullface": "west" },
				"east": { "uv": [ 12.25, 2, 12, 3 ], "texture": "#bunnyear_atlas", "cullface": "west" }
			}
		},
		{
			"__comment": "Voxels",
			"from": [ -1, 0, 7 ],
			"to": [ 5, 5, 9 ],
			"faces": {
				"down": { "uv": [ 5.5, 3, 7, 4 ], "texture": "#bunnyear_atlas", "cullface": "west" },
				"up": { "uv": [ 5.5, 7.5, 7, 6.5 ], "texture": "#bunnyear_atlas", "cullface": "west" },
				"north": { "uv": [ 3, 2.5, 1.5, 5 ], "texture": "#bunnyear_atlas", "cullface": "west" },
				"south": { "uv": [ 1.5, 0, 3, 2.5 ], "texture": "#bunnyear_atlas", "cullface": "west" },
				"west": { "uv": [ 7.5, 12.5, 8, 15 ], "texture": "#bunnyear_atlas", "cullface": "west" },
				"east": { "uv": [ 8, 10, 7.5, 12.5 ], "texture": "#bunnyear_atlas", "cullface": "west" }
			}
		},
		{
			"__comment": "Voxels",
			"from": [ -1, 5, 6 ],
			"to": [ 1, 6, 7 ],
			"faces": {
				"down": { "uv": [ 15, 7, 15.5, 7.5 ], "texture": "#bunnyear_atlas", "cullface": "west" },
				"up": { "uv": [ 15.5, 7.5, 16, 7 ], "texture": "#bunnyear_atlas", "cullface": "west" },
				"north": { "uv": [ 12.75, 6.5, 12.25, 7 ], "texture": "#bunnyear_atlas", "cullface": "west" },
				"west": { "uv": [ 15.75, 12.5, 16, 13 ], "texture": "#bunnyear_atlas", "cullface": "west" },
				"east": { "uv": [ 12.5, 0, 12.25, 0.5 ], "texture": "#bunnyear_atlas", "cullface": "west" }
			}
		},
		{
			"__comment": "Voxels",
			"from": [ -1, 5, 8 ],
			"to": [ 5, 8, 9 ],
			"faces": {
				"up": { "uv": [ 11.25, 13.5, 12.75, 13 ], "texture": "#bunnyear_atlas", "cullface": "west" },
				"south": { "uv": [ 5.5, 10, 7, 11.5 ], "texture": "#bunnyear_atlas", "cullface": "west" },
				"west": { "uv": [ 9.75, 0, 10, 1.5 ], "texture": "#bunnyear_atlas", "cullface": "west" },
				"east": { "uv": [ 12, 0.5, 11.75, 2 ], "texture": "#bunnyear_atlas", "cullface": "west" }
			}
		},
		{
			"__comment": "Voxels",
			"from": [ -1, 6, 6 ],
			"to": [ 0, 8, 7 ],
			"faces": {
				"north": { "uv": [ 12.25, 1, 12, 2 ], "texture": "#bunnyear_atlas", "cullface": "west" },
				"west": { "uv": [ 12.25, 5.5, 12.5, 6.5 ], "texture": "#bunnyear_atlas", "cullface": "west" },
				"east": { "uv": [ 12.5, 4.5, 12.25, 5.5 ], "texture": "#bunnyear_atlas", "cullface": "west" }
			}
		},
		{
			"__comment": "Voxels",
			"from": [ -1, 8, 8 ],
			"to": [ 4, 13, 9 ],
			"faces": {
				"up": { "uv": [ 13.5, 12, 14.75, 11.5 ], "texture": "#bunnyear_atlas", "cullface": "west" },
				"north": { "uv": [ 5.5, 8.5, 4.25, 11 ], "texture": "#bunnyear_atlas", "cullface": "west" },
				"south": { "uv": [ 4.25, 6, 5.5, 8.5 ], "texture": "#bunnyear_atlas", "cullface": "west" },
				"west": { "uv": [ 9.75, 4, 10, 6.5 ], "texture": "#bunnyear_atlas", "cullface": "west" },
				"east": { "uv": [ 10.25, 8.5, 10, 11 ], "texture": "#bunnyear_atlas", "cullface": "west" }
			}
		},
		{
			"__comment": "Voxels",
			"from": [ -1, 11, 5 ],
			"to": [ 0, 12, 6 ],
			"faces": {
				"down": { "uv": [ 15, 6, 15.25, 6.5 ], "texture": "#bunnyear_atlas", "cullface": "west" },
				"north": { "uv": [ 13.75, 6, 13.5, 6.5 ], "texture": "#bunnyear_atlas", "cullface": "west" },
				"west": { "uv": [ 13, 6, 13.25, 6.5 ], "texture": "#bunnyear_atlas", "cullface": "west" },
				"east": { "uv": [ 12.75, 1, 12.5, 1.5 ], "texture": "#bunnyear_atlas", "cullface": "west" }
			}
		},
		{
			"__comment": "Voxels",
			"from": [ -1, 14, 7 ],
			"to": [ 4, 15, 8 ],
			"faces": {
				"up": { "uv": [ 9.75, 12, 11, 11.5 ], "texture": "#bunnyear_atlas", "cullface": "west" },
				"north": { "uv": [ 14, 10.5, 12.75, 11 ], "texture": "#bunnyear_atlas", "cullface": "west" },
				"south": { "uv": [ 11.5, 10.5, 12.75, 11 ], "texture": "#bunnyear_atlas", "cullface": "west" },
				"west": { "uv": [ 12.5, 1.5, 12.75, 2 ], "texture": "#bunnyear_atlas", "cullface": "west" },
				"east": { "uv": [ 12.75, 2, 12.5, 2.5 ], "texture": "#bunnyear_atlas", "cullface": "west" }
			}
		},
		{
			"__comment": "Voxels",
			"from": [ -1, 16, 5 ],
			"to": [ 3, 17, 7 ],
			"faces": {
				"down": { "uv": [ 9.75, 14, 10.75, 15 ], "texture": "#bunnyear_atlas" },
				"up": { "uv": [ 10.75, 15, 11.75, 14 ], "texture": "#bunnyear_atlas" },
				"north": { "uv": [ 11.75, 9, 10.75, 9.5 ], "texture": "#bunnyear_atlas" },
				"south": { "uv": [ 12.75, 9, 13.75, 9.5 ], "texture": "#bunnyear_atlas" },
				"west": { "uv": [ 14.5, 7.5, 15, 8 ], "texture": "#bunnyear_atlas" },
				"east": { "uv": [ 7.25, 8.5, 6.75, 9 ], "texture": "#bunnyear_atlas" }
			}
		},
		{
			"__comment": "Voxels",
			"from": [ 0, 0, 6 ],
			"to": [ 1, 5, 7 ],
			"faces": {
				"down": { "uv": [ 15.25, 6.5, 15.5, 7 ], "texture": "#bunnyear_atlas", "cullface": "down" },
				"north": { "uv": [ 10, 1.5, 9.75, 4 ], "texture": "#bunnyear_atlas" },
				"west": { "uv": [ 10.25, 8, 10.5, 10.5 ], "texture": "#bunnyear_atlas", "cullface": "west" },
				"east": { "uv": [ 10.25, 1, 10, 3.5 ], "texture": "#bunnyear_atlas" }
			}
		},
		{
			"__comment": "Voxels",
			"from": [ 0, 0, 9 ],
			"to": [ 4, 7, 10 ],
			"faces": {
				"down": { "uv": [ 11.75, 9.5, 12.75, 10 ], "texture": "#bunnyear_atlas", "cullface": "down" },
				"up": { "uv": [ 10.75, 10, 11.75, 9.5 ], "texture": "#bunnyear_atlas" },
				"north": { "uv": [ 4.25, 5.5, 3.25, 9 ], "texture": "#bunnyear_atlas" },
				"south": { "uv": [ 3.25, 2, 4.25, 5.5 ], "texture": "#bunnyear_atlas" },
				"west": { "uv": [ 8.75, 1.5, 9, 5 ], "texture": "#bunnyear_atlas", "cullface": "west" },
				"east": { "uv": [ 9.25, 5, 9, 8.5 ], "texture": "#bunnyear_atlas" }
			}
		},
		{
			"__comment": "Voxels",
			"from": [ 0, 7, 9 ],
			"to": [ 3, 10, 10 ],
			"faces": {
				"up": { "uv": [ 15.25, 11, 16, 10.5 ], "texture": "#bunnyear_atlas" },
				"north": { "uv": [ 8.75, 12, 8, 13.5 ], "texture": "#bunnyear_atlas" },
				"south": { "uv": [ 8, 10.5, 8.75, 12 ], "texture": "#bunnyear_atlas" },
				"west": { "uv": [ 7, 10, 7.25, 11.5 ], "texture": "#bunnyear_atlas", "cullface": "west" },
				"east": { "uv": [ 9.75, 0, 9.5, 1.5 ], "texture": "#bunnyear_atlas" }
			}
		},
		{
			"__comment": "Voxels",
			"from": [ 0, 10, 6 ],
			"to": [ 6, 12, 7 ],
			"faces": {
				"down": { "uv": [ 14.25, 12.5, 15.75, 13 ], "texture": "#bunnyear_atlas" },
				"up": { "uv": [ 9.75, 12.5, 11.25, 12 ], "texture": "#bunnyear_atlas" },
				"north": { "uv": [ 9, 15, 7.5, 16 ], "texture": "#bunnyear_atlas" },
				"south": { "uv": [ 5.5, 7.5, 7, 8.5 ], "texture": "#bunnyear_atlas" },
				"east": { "uv": [ 7.25, 6.5, 7, 7.5 ], "texture": "#bunnyear_atlas" }
			}
		},
		{
			"__comment": "Voxels",
			"from": [ 0, 12, 6 ],
			"to": [ 5, 15, 7 ],
			"faces": {
				"up": { "uv": [ 10, 11.5, 11.25, 11 ], "texture": "#bunnyear_atlas" },
				"north": { "uv": [ 6.75, 8.5, 5.5, 10 ], "texture": "#bunnyear_atlas" },
				"south": { "uv": [ 4.25, 0.5, 5.5, 2 ], "texture": "#bunnyear_atlas" },
				"east": { "uv": [ 11.25, 0, 11, 1.5 ], "texture": "#bunnyear_atlas" }
			}
		},
		{
			"__comment": "Voxels",
			"from": [ 0, 14, 5 ],
			"to": [ 5, 15, 6 ],
			"faces": {
				"down": { "uv": [ 11, 11.5, 12.25, 12 ], "texture": "#bunnyear_atlas" },
				"up": { "uv": [ 13, 10.5, 14.25, 10 ], "texture": "#bunnyear_atlas" },
				"north": { "uv": [ 15.5, 10, 14.25, 10.5 ], "texture": "#bunnyear_atlas" },
				"east": { "uv": [ 14.5, 6.5, 14.25, 7 ], "texture": "#bunnyear_atlas" }
			}
		},
		{
			"__comment": "Voxels",
			"from": [ 0, 15, 5 ],
			"to": [ 4, 16, 7 ],
			"faces": {
				"down": { "uv": [ 15, 15, 16, 16 ], "texture": "#bunnyear_atlas" },
				"up": { "uv": [ 8.75, 15, 9.75, 14 ], "texture": "#bunnyear_atlas", "cullface": "up" },
				"north": { "uv": [ 15, 8, 14, 8.5 ], "texture": "#bunnyear_atlas" },
				"south": { "uv": [ 12.75, 9.5, 13.75, 10 ], "texture": "#bunnyear_atlas" },
				"west": { "uv": [ 7.5, 0, 8, 0.5 ], "texture": "#bunnyear_atlas", "cullface": "west" },
				"east": { "uv": [ 9.25, 0, 8.75, 0.5 ], "texture": "#bunnyear_atlas" }
			}
		},
		{
			"__comment": "Voxels",
			"from": [ 2, 9, 6 ],
			"to": [ 6, 10, 7 ],
			"faces": {
				"down": { "uv": [ 3.25, 0, 4.25, 0.5 ], "texture": "#bunnyear_atlas" },
				"north": { "uv": [ 12.75, 9, 11.75, 9.5 ], "texture": "#bunnyear_atlas" },
				"south": { "uv": [ 12, 8, 13, 8.5 ], "texture": "#bunnyear_atlas" },
				"west": { "uv": [ 11.25, 0, 11.5, 0.5 ], "texture": "#bunnyear_atlas" },
				"east": { "uv": [ 11, 0, 10.75, 0.5 ], "texture": "#bunnyear_atlas" }
			}
		},
		{
			"__comment": "Voxels",
			"from": [ 2, 12, 5 ],
			"to": [ 5, 14, 6 ],
			"faces": {
				"down": { "uv": [ 11.25, 6.5, 12, 7 ], "texture": "#bunnyear_atlas" },
				"north": { "uv": [ 10.5, 12.5, 9.75, 13.5 ], "texture": "#bunnyear_atlas" },
				"west": { "uv": [ 7, 4, 7.25, 5 ], "texture": "#bunnyear_atlas" },
				"east": { "uv": [ 7.25, 3, 7, 4 ], "texture": "#bunnyear_atlas" }
			}
		},
		{
			"__comment": "Voxels",
			"from": [ 3, 0, 6 ],
			"to": [ 4, 9, 7 ],
			"faces": {
				"down": { "uv": [ 15.75, 9, 16, 9.5 ], "texture": "#bunnyear_atlas", "cullface": "down" },
				"north": { "uv": [ 7.75, 0.5, 7.5, 5 ], "texture": "#bunnyear_atlas" },
				"south": { "uv": [ 7.75, 0.5, 8, 5 ], "texture": "#bunnyear_atlas" },
				"west": { "uv": [ 8, 6, 8.25, 10.5 ], "texture": "#bunnyear_atlas" },
				"east": { "uv": [ 8.5, 6, 8.25, 10.5 ], "texture": "#bunnyear_atlas" }
			}
		},
		{
			"__comment": "Voxels",
			"from": [ 3, 10, 5 ],
			"to": [ 5, 12, 6 ],
			"faces": {
				"down": { "uv": [ 15.5, 10, 16, 10.5 ], "texture": "#bunnyear_atlas" },
				"north": { "uv": [ 7.25, 9, 6.75, 10 ], "texture": "#bunnyear_atlas" },
				"west": { "uv": [ 7, 2, 7.25, 3 ], "texture": "#bunnyear_atlas" },
				"east": { "uv": [ 7.25, 1, 7, 2 ], "texture": "#bunnyear_atlas" }
			}
		},
		{
			"__comment": "Voxels",
			"from": [ 4, 5, 6 ],
			"to": [ 5, 9, 7 ],
			"faces": {
				"down": { "uv": [ 15.75, 13, 16, 13.5 ], "texture": "#bunnyear_atlas" },
				"north": { "uv": [ 8.75, 0, 8.5, 2 ], "texture": "#bunnyear_atlas" },
				"east": { "uv": [ 11, 0.5, 10.75, 2.5 ], "texture": "#bunnyear_atlas" }
			}
		},
		{
			"__comment": "Voxels",
			"from": [ 9, 9, 6 ],
			"to": [ 13, 12, 7 ],
			"faces": {
				"down": { "uv": [ 13.75, 9, 14.75, 9.5 ], "texture": "#bunnyear_atlas" },
				"up": { "uv": [ 14.75, 9.5, 15.75, 9 ], "texture": "#bunnyear_atlas" },
				"north": { "uv": [ 6.5, 5, 5.5, 6.5 ], "texture": "#bunnyear_atlas" },
				"south": { "uv": [ 3.25, 0.5, 4.25, 2 ], "texture": "#bunnyear_atlas" },
				"west": { "uv": [ 7, 11.5, 7.25, 13 ], "texture": "#bunnyear_atlas" },
				"east": { "uv": [ 11.5, 5, 11.25, 6.5 ], "texture": "#bunnyear_atlas" }
			}
		},
		{
			"__comment": "Voxels",
			"from": [ 10, 0, 7 ],
			"to": [ 16, 12, 8 ],
			"faces": {
				"down": { "uv": [ 14.25, 13, 15.75, 13.5 ], "texture": "#bunnyear_atlas", "cullface": "down" },
				"up": { "uv": [ 12.75, 13, 14.25, 12.5 ], "texture": "#bunnyear_atlas" },
				"north": { "uv": [ 1.5, 10, 0, 16 ], "texture": "#bunnyear_atlas" },
				"south": { "uv": [ 0, 4, 1.5, 10 ], "texture": "#bunnyear_atlas" },
				"west": { "uv": [ 7.25, 4, 7.5, 10 ], "texture": "#bunnyear_atlas" },
				"east": { "uv": [ 7.5, 10, 7.25, 16 ], "texture": "#bunnyear_atlas", "cullface": "east" }
			}
		},
		{
			"__comment": "Voxels",
			"from": [ 10, 0, 8 ],
			"to": [ 16, 8, 9 ],
			"faces": {
				"down": { "uv": [ 12.75, 13, 14.25, 13.5 ], "texture": "#bunnyear_atlas", "cullface": "down" },
				"up": { "uv": [ 11.25, 13, 12.75, 12.5 ], "texture": "#bunnyear_atlas" },
				"south": { "uv": [ 1.5, 5, 3, 9 ], "texture": "#bunnyear_atlas" },
				"west": { "uv": [ 5.25, 2, 5.5, 6 ], "texture": "#bunnyear_atlas" },
				"east": { "uv": [ 3.25, 5, 3, 9 ], "texture": "#bunnyear_atlas", "cullface": "east" }
			}
		},
		{
			"__comment": "Voxels",
			"from": [ 10, 5, 6 ],
			"to": [ 12, 9, 7 ],
			"faces": {
				"down": { "uv": [ 15, 7.5, 15.5, 8 ], "texture": "#bunnyear_atlas" },
				"north": { "uv": [ 8.5, 4, 8, 6 ], "texture": "#bunnyear_atlas" },
				"west": { "uv": [ 8.5, 4, 8.75, 6 ], "texture": "#bunnyear_atlas" },
				"east": { "uv": [ 8.75, 2, 8.5, 4 ], "texture": "#bunnyear_atlas" }
			}
		},
		{
			"__comment": "Voxels",
			"from": [ 10, 10, 5 ],
			"to": [ 12, 15, 6 ],
			"faces": {
				"down": { "uv": [ 13.5, 7, 14, 7.5 ], "texture": "#bunnyear_atlas" },
				"up": { "uv": [ 14, 7.5, 14.5, 7 ], "texture": "#bunnyear_atlas" },
				"north": { "uv": [ 8, 7.5, 7.5, 10 ], "texture": "#bunnyear_atlas" },
				"south": { "uv": [ 7.5, 5, 8, 7.5 ], "texture": "#bunnyear_atlas" },
				"west": { "uv": [ 9.75, 6.5, 10, 9 ], "texture": "#bunnyear_atlas" },
				"east": { "uv": [ 3.25, 2.5, 3, 5 ], "texture": "#bunnyear_atlas" }
			}
		},
		{
			"__comment": "Voxels",
			"from": [ 10, 12, 6 ],
			"to": [ 17, 15, 7 ],
			"faces": {
				"down": { "uv": [ 11.25, 13.5, 13, 14 ], "texture": "#bunnyear_atlas", "cullface": "east" },
				"up": { "uv": [ 9.5, 14, 11.25, 13.5 ], "texture": "#bunnyear_atlas", "cullface": "east" },
				"north": { "uv": [ 7.25, 13, 5.5, 14.5 ], "texture": "#bunnyear_atlas", "cullface": "east" },
				"south": { "uv": [ 5.5, 14.5, 7.25, 16 ], "texture": "#bunnyear_atlas", "cullface": "east" },
				"west": { "uv": [ 11, 1.5, 11.25, 3 ], "texture": "#bunnyear_atlas", "cullface": "east" },
				"east": { "uv": [ 11.25, 4.5, 11, 6 ], "texture": "#bunnyear_atlas", "cullface": "east" }
			}
		},
		{
			"__comment": "Voxels",
			"from": [ 11, 0, 6 ],
			"to": [ 12, 5, 7 ],
			"faces": {
				"down": { "uv": [ 13.75, 6, 14, 6.5 ], "texture": "#bunnyear_atlas", "cullface": "down" },
				"north": { "uv": [ 10.5, 3, 10.25, 5.5 ], "texture": "#bunnyear_atlas" },
				"west": { "uv": [ 10.5, 7.5, 10.75, 10 ], "texture": "#bunnyear_atlas" },
				"east": { "uv": [ 3.25, 0, 3, 2.5 ], "texture": "#bunnyear_atlas" }
			}
		},
		{
			"__comment": "Voxels",
			"from": [ 11, 0, 9 ],
			"to": [ 15, 7, 10 ],
			"faces": {
				"down": { "uv": [ 13.75, 9.5, 14.75, 10 ], "texture": "#bunnyear_atlas", "cullface": "down" },
				"up": { "uv": [ 14.75, 10, 15.75, 9.5 ], "texture": "#bunnyear_atlas" },
				"south": { "uv": [ 3.25, 9, 4.25, 12.5 ], "texture": "#bunnyear_atlas" },
				"west": { "uv": [ 9.25, 0, 9.5, 3.5 ], "texture": "#bunnyear_atlas" },
				"east": { "uv": [ 9.25, 8.5, 9, 12 ], "texture": "#bunnyear_atlas" }
			}
		},
		{
			"__comment": "Voxels",
			"from": [ 11, 8, 8 ],
			"to": [ 16, 13, 9 ],
			"faces": {
				"up": { "uv": [ 10.25, 11, 11.5, 10.5 ], "texture": "#bunnyear_atlas" },
				"north": { "uv": [ 5.5, 13.5, 4.25, 16 ], "texture": "#bunnyear_atlas" },
				"south": { "uv": [ 4.25, 11, 5.5, 13.5 ], "texture": "#bunnyear_atlas" },
				"west": { "uv": [ 10, 6, 10.25, 8.5 ], "texture": "#bunnyear_atlas" },
				"east": { "uv": [ 10.25, 3.5, 10, 6 ], "texture": "#bunnyear_atlas", "cullface": "east" }
			}
		},
		{
			"__comment": "Voxels",
			"from": [ 11, 12, 7 ],
			"to": [ 17, 14, 8 ],
			"faces": {
				"down": { "uv": [ 12.75, 12, 14.25, 12.5 ], "texture": "#bunnyear_atlas", "cullface": "east" },
				"up": { "uv": [ 11.25, 12.5, 12.75, 12 ], "texture": "#bunnyear_atlas", "cullface": "east" },
				"south": { "uv": [ 5.5, 1, 7, 2 ], "texture": "#bunnyear_atlas", "cullface": "east" },
				"west": { "uv": [ 12, 5, 12.25, 6 ], "texture": "#bunnyear_atlas", "cullface": "east" },
				"east": { "uv": [ 12.25, 4, 12, 5 ], "texture": "#bunnyear_atlas", "cullface": "east" }
			}
		},
		{
			"__comment": "Voxels",
			"from": [ 11, 14, 7 ],
			"to": [ 16, 15, 8 ],
			"faces": {
				"up": { "uv": [ 10.5, 10.5, 11.75, 10 ], "texture": "#bunnyear_atlas" },
				"south": { "uv": [ 13.75, 11, 15, 11.5 ], "texture": "#bunnyear_atlas" },
				"west": { "uv": [ 15.25, 6, 15.5, 6.5 ], "texture": "#bunnyear_atlas" },
				"east": { "uv": [ 13, 5.5, 12.75, 6 ], "texture": "#bunnyear_atlas", "cullface": "east" }
			}
		},
		{
			"__comment": "Voxels",
			"from": [ 11, 15, 5 ],
			"to": [ 17, 16, 7 ],
			"faces": {
				"down": { "uv": [ 5.5, 0, 7, 1 ], "texture": "#bunnyear_atlas", "cullface": "east" },
				"up": { "uv": [ 9, 16, 10.5, 15 ], "texture": "#bunnyear_atlas", "cullface": "east" },
				"north": { "uv": [ 15.75, 12, 14.25, 12.5 ], "texture": "#bunnyear_atlas", "cullface": "east" },
				"south": { "uv": [ 14.5, 14.5, 16, 15 ], "texture": "#bunnyear_atlas", "cullface": "east" },
				"west": { "uv": [ 13.25, 6.5, 13.75, 7 ], "texture": "#bunnyear_atlas", "cullface": "east" },
				"east": { "uv": [ 14.25, 6.5, 13.75, 7 ], "texture": "#bunnyear_atlas", "cullface": "east" }
			}
		},
		{
			"__comment": "Voxels",
			"from": [ 12, 7, 9 ],
			"to": [ 15, 10, 10 ],
			"faces": {
				"up": { "uv": [ 11.25, 7.5, 12, 7 ], "texture": "#bunnyear_atlas" },
				"north": { "uv": [ 8.75, 13.5, 8, 15 ], "texture": "#bunnyear_atlas" },
				"south": { "uv": [ 6.5, 5, 7.25, 6.5 ], "texture": "#bunnyear_atlas" },
				"west": { "uv": [ 11.5, 5, 11.75, 6.5 ], "texture": "#bunnyear_atlas" },
				"east": { "uv": [ 12, 5, 11.75, 6.5 ], "texture": "#bunnyear_atlas" }
			}
		},
		{
			"__comment": "Voxels",
			"from": [ 12, 12, 5 ],
			"to": [ 13, 15, 6 ],
			"faces": {
				"down": { "uv": [ 15.5, 6.5, 15.75, 7 ], "texture": "#bunnyear_atlas" },
				"north": { "uv": [ 11.5, 3.5, 11.25, 5 ], "texture": "#bunnyear_atlas" },
				"east": { "uv": [ 11.75, 0.5, 11.5, 2 ], "texture": "#bunnyear_atlas" }
			}
		},
		{
			"__comment": "Voxels",
			"from": [ 12, 16, 5 ],
			"to": [ 16, 17, 7 ],
			"faces": {
				"up": { "uv": [ 11.75, 15, 12.75, 14 ], "texture": "#bunnyear_atlas" },
				"north": { "uv": [ 11.75, 8.5, 10.75, 9 ], "texture": "#bunnyear_atlas" },
				"south": { "uv": [ 15, 8, 16, 8.5 ], "texture": "#bunnyear_atlas" },
				"west": { "uv": [ 13.5, 7.5, 14, 8 ], "texture": "#bunnyear_atlas" },
				"east": { "uv": [ 14.5, 7.5, 14, 8 ], "texture": "#bunnyear_atlas" }
			}
		},
		{
			"__comment": "Voxels",
			"from": [ 13, 10, 6 ],
			"to": [ 17, 12, 7 ],
			"faces": {
				"down": { "uv": [ 11.75, 8.5, 12.75, 9 ], "texture": "#bunnyear_atlas", "cullface": "east" },
				"north": { "uv": [ 15, 15, 14, 16 ], "texture": "#bunnyear_atlas", "cullface": "east" },
				"south": { "uv": [ 13, 15, 14, 16 ], "texture": "#bunnyear_atlas", "cullface": "east" },
				"east": { "uv": [ 10.25, 0, 10, 1 ], "texture": "#bunnyear_atlas", "cullface": "east" }
			}
		},
		{
			"__comment": "Voxels",
			"from": [ 13, 14, 5 ],
			"to": [ 17, 15, 6 ],
			"faces": {
				"down": { "uv": [ 12.75, 8.5, 13.75, 9 ], "texture": "#bunnyear_atlas", "cullface": "east" },
				"north": { "uv": [ 15.75, 8.5, 14.75, 9 ], "texture": "#bunnyear_atlas", "cullface": "east" },
				"east": { "uv": [ 16, 9.5, 15.75, 10 ], "texture": "#bunnyear_atlas", "cullface": "east" }
			}
		},
		{
			"__comment": "Voxels",
			"from": [ 14, 0, 6 ],
			"to": [ 15, 6, 7 ],
			"faces": {
				"down": { "uv": [ 12.75, 4, 13, 4.5 ], "texture": "#bunnyear_atlas", "cullface": "down" },
				"up": { "uv": [ 15.75, 9, 16, 8.5 ], "texture": "#bunnyear_atlas" },
				"north": { "uv": [ 9.75, 10.5, 9.5, 13.5 ], "texture": "#bunnyear_atlas" },
				"west": { "uv": [ 9.5, 4.5, 9.75, 7.5 ], "texture": "#bunnyear_atlas" },
				"east": { "uv": [ 9.75, 1.5, 9.5, 4.5 ], "texture": "#bunnyear_atlas" }
			}
		},
		{
			"__comment": "Voxels",
			"from": [ 15, 5, 6 ],
			"to": [ 16, 10, 7 ],
			"faces": {
				"down": { "uv": [ 14.75, 6.5, 15, 7 ], "texture": "#bunnyear_atlas" },
				"north": { "uv": [ 10, 9, 9.75, 11.5 ], "texture": "#bunnyear_atlas" },
				"west": { "uv": [ 10.5, 2.5, 10.75, 5 ], "texture": "#bunnyear_atlas" },
				"east": { "uv": [ 10.75, 0, 10.5, 2.5 ], "texture": "#bunnyear_atlas", "cullface": "east" }
			}
		},
		{
			"__comment": "Voxels",
			"from": [ 15, 11, 5 ],
			"to": [ 16, 14, 6 ],
			"faces": {
				"down": { "uv": [ 12.5, 3, 12.75, 3.5 ], "texture": "#bunnyear_atlas" },
				"north": { "uv": [ 11.5, 2, 11.25, 3.5 ], "texture": "#bunnyear_atlas" },
				"south": { "uv": [ 11.5, 2, 11.75, 3.5 ], "texture": "#bunnyear_atlas" },
				"west": { "uv": [ 11.75, 2, 12, 3.5 ], "texture": "#bunnyear_atlas" },
				"east": { "uv": [ 11.5, 0.5, 11.25, 2 ], "texture": "#bunnyear_atlas", "cullface": "east" }
			}
		},
		{
			"__comment": "Voxels",
			"from": [ 16, 5, 7 ],
			"to": [ 17, 12, 8 ],
			"faces": {
				"down": { "uv": [ 12.5, 0, 12.75, 0.5 ], "texture": "#bunnyear_atlas", "cullface": "east" },
				"north": { "uv": [ 9.25, 1.5, 9, 5 ], "texture": "#bunnyear_atlas", "cullface": "east" },
				"south": { "uv": [ 9.25, 3.5, 9.5, 7 ], "texture": "#bunnyear_atlas", "cullface": "east" },
				"east": { "uv": [ 9, 5, 8.75, 8.5 ], "texture": "#bunnyear_atlas", "cullface": "east" }
			}
		},
		{
			"__comment": "Voxels",
			"from": [ 16, 8, 6 ],
			"to": [ 17, 10, 7 ],
			"faces": {
				"down": { "uv": [ 14, 6, 14.25, 6.5 ], "texture": "#bunnyear_atlas", "cullface": "east" },
				"north": { "uv": [ 12.5, 3.5, 12.25, 4.5 ], "texture": "#bunnyear_atlas", "cullface": "east" },
				"east": { "uv": [ 12.5, 0.5, 12.25, 1.5 ], "texture": "#bunnyear_atlas", "cullface": "east" }
			}
		},
		{
			"__comment": "Voxels",
			"from": [ 16, 12, 5 ],
			"to": [ 17, 14, 6 ],
			"faces": {
				"down": { "uv": [ 15.5, 6, 15.75, 6.5 ], "texture": "#bunnyear_atlas", "cullface": "east" },
				"north": { "uv": [ 12.75, 5.5, 12.5, 6.5 ], "texture": "#bunnyear_atlas", "cullface": "east" },
				"east": { "uv": [ 12.25, 6, 12, 7 ], "texture": "#bunnyear_atlas", "cullface": "east" }
			}
		}
	],
	"display": {
		"thirdperson_righthand": {
			"rotation":  [ 45, 90, -90 ],
			"translation":  [ 0, 0, -2 ],
			"scale":  [ 0.4, 0.4, 0.4 ]
		},
		"thirdperson_lefthand": {
			"rotation":  [ 45, 90, -90 ],
			"translation":  [ 0, 0, -2 ],
			"scale":  [ 0.4, 0.4, 0.4 ]
		},
		"firstperson_righthand": {
			"rotation":  [ -15, 125, 0 ],
			"scale":  [ 0.5, 0.5, 0.5 ]
		},
		"firstperson_lefthand": {
			"rotation":  [ -15, 125, 0 ],
			"scale":  [ 0.5, 0.5, 0.5 ]
		},
		"gui": {
			"rotation":  [ 0, 180, 0 ],
			"scale":  [ 0.9, 0.9, 0.9 ]
		},
		"head": {
			"translation":  [ 0.2, 11, 1 ],
			"scale":  [ 0.7, 0.7, 0.7 ]
		},
		"ground": {
			"translation":  [ 0, 1, 0 ],
			"scale":  [ 0.5, 0.5, 0.5 ]
		}
	}
}