{
	"credit": "Made with Blockbench",
	"texture_size": [128, 128],
	"textures": {
		"0": "modelengine:entity/pharaoh2"
	},
	"elements": [
		{
			"from": [11.7989, 9.83733, 4.75282],
			"to": [17.7989, 12.83733, 6.75282],
			"rotation": {"angle": 0, "axis": "y", "origin": [14.7989, 13.83733, -0.24718]},
			"faces": {
				"north": {"uv": [11.375, 7.125, 12.125, 7.5], "texture": "#0"},
				"east": {"uv": [9.375, 3, 9.625, 3.375], "texture": "#0"},
				"south": {"uv": [11.375, 7.5, 12.125, 7.875], "texture": "#0"},
				"west": {"uv": [7.625, 9.75, 7.875, 10.125], "texture": "#0"},
				"up": {"uv": [12.25, 2.125, 11.5, 1.875], "texture": "#0"},
				"down": {"uv": [12.25, 10.375, 11.5, 10.625], "texture": "#0"}
			}
		},
		{
			"from": [-1.72014, 9.83733, 4.75282],
			"to": [4.27986, 12.83733, 6.75282],
			"rotation": {"angle": 0, "axis": "y", "origin": [1.27986, 13.83733, -0.24718]},
			"faces": {
				"north": {"uv": [12.125, 7.125, 11.375, 7.5], "texture": "#0"},
				"east": {"uv": [7.875, 9.75, 7.625, 10.125], "texture": "#0"},
				"south": {"uv": [12.125, 7.5, 11.375, 7.875], "texture": "#0"},
				"west": {"uv": [9.625, 3, 9.375, 3.375], "texture": "#0"},
				"up": {"uv": [11.5, 2.125, 12.25, 1.875], "texture": "#0"},
				"down": {"uv": [11.5, 10.375, 12.25, 10.625], "texture": "#0"}
			}
		},
		{
			"from": [11.7989, 12.83733, 4.75282],
			"to": [17.7989, 14.83733, 10.75282],
			"rotation": {"angle": 0, "axis": "y", "origin": [14.7989, 13.83733, -0.24718]},
			"faces": {
				"north": {"uv": [7.5, 2.125, 8.25, 2.375], "texture": "#0"},
				"east": {"uv": [11.25, 6.375, 12, 6.625], "texture": "#0"},
				"south": {"uv": [11.375, 3, 12.125, 3.25], "texture": "#0"},
				"west": {"uv": [11.375, 7.875, 12.125, 8.125], "texture": "#0"},
				"up": {"uv": [10.75, 7, 10, 6.25], "texture": "#0"},
				"down": {"uv": [10.75, 8.5, 10, 9.25], "texture": "#0"}
			}
		},
		{
			"from": [-1.72014, 12.83733, 4.75282],
			"to": [4.27986, 14.83733, 10.75282],
			"rotation": {"angle": 0, "axis": "y", "origin": [1.27986, 13.83733, -0.24718]},
			"faces": {
				"north": {"uv": [8.25, 2.125, 7.5, 2.375], "texture": "#0"},
				"east": {"uv": [12.125, 7.875, 11.375, 8.125], "texture": "#0"},
				"south": {"uv": [12.125, 3, 11.375, 3.25], "texture": "#0"},
				"west": {"uv": [12, 6.375, 11.25, 6.625], "texture": "#0"},
				"up": {"uv": [10, 7, 10.75, 6.25], "texture": "#0"},
				"down": {"uv": [10, 8.5, 10.75, 9.25], "texture": "#0"}
			}
		},
		{
			"from": [9.61384, 13.30867, 4.75282],
			"to": [16.11384, 24.30867, 10.75282],
			"rotation": {"angle": 22.5, "axis": "z", "origin": [13.11384, 18.30867, 7.75282]},
			"faces": {
				"north": {"uv": [2, 8.25, 2.75, 9.625], "texture": "#0"},
				"east": {"uv": [0, 8.5, 0.75, 9.875], "texture": "#0"},
				"south": {"uv": [8.625, 2.125, 9.375, 3.5], "texture": "#0"},
				"west": {"uv": [8.75, 0.75, 9.5, 2.125], "texture": "#0"},
				"up": {"uv": [0.75, 10.625, 0, 9.875], "texture": "#0"},
				"down": {"uv": [3.375, 10, 2.625, 10.75], "texture": "#0"}
			}
		},
		{
			"from": [-0.03508, 13.30867, 4.75282],
			"to": [6.46492, 24.30867, 10.75282],
			"rotation": {"angle": -22.5, "axis": "z", "origin": [2.96492, 18.30867, 7.75282]},
			"faces": {
				"north": {"uv": [2.75, 8.25, 2, 9.625], "texture": "#0"},
				"east": {"uv": [9.5, 0.75, 8.75, 2.125], "texture": "#0"},
				"south": {"uv": [9.375, 2.125, 8.625, 3.5], "texture": "#0"},
				"west": {"uv": [0.75, 8.5, 0, 9.875], "texture": "#0"},
				"up": {"uv": [0, 10.625, 0.75, 9.875], "texture": "#0"},
				"down": {"uv": [2.625, 10, 3.375, 10.75], "texture": "#0"}
			}
		},
		{
			"from": [11.7989, 1.83733, 4.75282],
			"to": [15.7989, 9.83733, 6.75282],
			"rotation": {"angle": 0, "axis": "y", "origin": [13.7989, 5.83733, 4.75282]},
			"faces": {
				"north": {"uv": [3.375, 10, 3.875, 11], "texture": "#0"},
				"east": {"uv": [2, 6, 2.25, 7], "texture": "#0"},
				"south": {"uv": [0.75, 10.125, 1.25, 11.125], "texture": "#0"},
				"west": {"uv": [6.5, 7.125, 6.75, 8.125], "texture": "#0"},
				"up": {"uv": [10.25, 12, 9.75, 11.75], "texture": "#0"},
				"down": {"uv": [11.5, 11.75, 11, 12], "texture": "#0"}
			}
		},
		{
			"from": [0.27986, 1.83733, 4.75282],
			"to": [4.27986, 9.83733, 6.75282],
			"rotation": {"angle": 0, "axis": "y", "origin": [2.27986, 5.83733, 4.75282]},
			"faces": {
				"north": {"uv": [3.875, 10, 3.375, 11], "texture": "#0"},
				"east": {"uv": [6.75, 7.125, 6.5, 8.125], "texture": "#0"},
				"south": {"uv": [1.25, 10.125, 0.75, 11.125], "texture": "#0"},
				"west": {"uv": [2.25, 6, 2, 7], "texture": "#0"},
				"up": {"uv": [9.75, 12, 10.25, 11.75], "texture": "#0"},
				"down": {"uv": [11, 11.75, 11.5, 12], "texture": "#0"}
			}
		},
		{
			"from": [4.3422, 19, 0],
			"to": [10.3422, 25, 3],
			"rotation": {"angle": 22.5, "axis": "y", "origin": [10.3422, 19, 6]},
			"faces": {
				"north": {"uv": [9.75, 0, 10.5, 0.75], "texture": "#0"},
				"east": {"uv": [11.25, 5.25, 11.625, 6], "texture": "#0"},
				"south": {"uv": [6.875, 9.75, 7.625, 10.5], "texture": "#0"},
				"west": {"uv": [6.125, 11.25, 6.5, 12], "texture": "#0"},
				"up": {"uv": [12, 6.375, 11.25, 6], "texture": "#0"},
				"down": {"uv": [8.125, 11.25, 7.375, 11.625], "texture": "#0"}
			}
		},
		{
			"from": [5.75, 19, 0],
			"to": [11.75, 25, 3],
			"rotation": {"angle": -22.5, "axis": "y", "origin": [5.75, 19, 6]},
			"faces": {
				"north": {"uv": [9.625, 4, 10.375, 4.75], "texture": "#0"},
				"east": {"uv": [3.125, 7, 3.5, 7.75], "texture": "#0"},
				"south": {"uv": [9.625, 9.375, 10.375, 10.125], "texture": "#0"},
				"west": {"uv": [4.25, 11.25, 4.625, 12], "texture": "#0"},
				"up": {"uv": [11.875, 2.625, 11.125, 2.25], "texture": "#0"},
				"down": {"uv": [11.875, 8.75, 11.125, 9.125], "texture": "#0"}
			}
		},
		{
			"from": [2.48938, 19, 2.75282],
			"to": [13.58938, 25, 13.75282],
			"rotation": {"angle": 0, "axis": "y", "origin": [7.58938, 19, 9.75282]},
			"faces": {
				"north": {"uv": [3.875, 8.25, 5.25, 9], "texture": "#0"},
				"east": {"uv": [6.5, 8.25, 7.875, 9], "texture": "#0"},
				"south": {"uv": [8.375, 0, 9.75, 0.75], "texture": "#0"},
				"west": {"uv": [7.875, 8.5, 9.25, 9.25], "texture": "#0"},
				"up": {"uv": [6.375, 6.125, 5, 4.75], "texture": "#0"},
				"down": {"uv": [7.125, 0, 5.75, 1.375], "texture": "#0"}
			}
		},
		{
			"from": [2.48938, 14, 8.75282],
			"to": [13.58938, 19, 13.75282],
			"rotation": {"angle": 0, "axis": "y", "origin": [7.58938, 13, 9.75282]},
			"faces": {
				"north": {"uv": [3.875, 8.25, 5.25, 9], "texture": "#0"},
				"east": {"uv": [8.5, 0.125, 9.125, 0.75], "texture": "#0"},
				"south": {"uv": [8.5, 0.125, 9.875, 0.75], "texture": "#0"},
				"west": {"uv": [8.625, 0.125, 9.25, 0.75], "texture": "#0"},
				"up": {"uv": [6.375, 6.125, 5, 4.75], "texture": "#0"},
				"down": {"uv": [7.1375, 0, 5.75, 0.625], "texture": "#0"}
			}
		},
		{
			"from": [5.58938, 19, -0.24718],
			"to": [9.58938, 23, 2.75282],
			"rotation": {"angle": 0, "axis": "y", "origin": [7.58938, 19, 9.75282]},
			"faces": {
				"north": {"uv": [0, 12.125, 0.5, 12.625], "texture": "#0"},
				"east": {"uv": [0.875, 12.625, 1.25, 13.125], "texture": "#0"},
				"south": {"uv": [0, 12.625, 0.5, 13.125], "texture": "#0"},
				"west": {"uv": [0.5, 12.625, 0.875, 13.125], "texture": "#0"},
				"up": {"uv": [0.75, 12.25, 1.25, 12.625], "texture": "#0"},
				"down": {"uv": [1.25, 12.25, 1.75, 12.625], "texture": "#0"}
			}
		}
	],
	"display": {
		"thirdperson_righthand": {
			"rotation": [0, 30, 0],
			"translation": [0, -5.5, 0],
			"scale": [0.5, 0.5, 0.5]
		},
		"thirdperson_lefthand": {
			"rotation": [0, 30, 0],
			"translation": [0, -5.5, 0],
			"scale": [0.5, 0.5, 0.5]
		},
		"firstperson_righthand": {
			"rotation": [-1, 120, 18],
			"translation": [0, -2.25, 0],
			"scale": [0.5, 0.5, 0.5]
		},
		"firstperson_lefthand": {
			"rotation": [-1, 120, 18],
			"translation": [0, -2.25, 0],
			"scale": [0.5, 0.5, 0.5]
		},
		"ground": {
			"rotation": [-12, 2, 16],
			"translation": [0, 1.75, 0],
			"scale": [0.5, 0.5, 0.5]
		},
		"gui": {
			"rotation": [32, 147, 0],
			"translation": [0, -2.75, 0],
			"scale": [0.5, 0.5, 0.5]
		},
		"head": {
			"translation": [0, -15, 0],
			"scale": [1.5, 1.5, 1.5]
		},
		"fixed": {
			"translation": [0, -4.25, 2],
			"scale": [0.75, 0.75, 0.75]
		}
	}
}