{
	"credit": "Made with Blockbench",
	"texture_size": [128, 128],
	"textures": {
		"0": "items/silvercrown",
		"particle": "items/silvercrown"
	},
	"elements": [
		{
			"from": [3, 5, 11],
			"to": [11, 6, 12],
			"faces": {
				"north": {"uv": [3.75, 0, 6.75, 0.375], "texture": "#0"},
				"east": {"uv": [6.75, 0, 7.125, 0.375], "texture": "#0"},
				"south": {"uv": [3.75, 0, 6.75, 0.375], "texture": "#0"},
				"west": {"uv": [6.75, 0, 7.125, 0.375], "texture": "#0"},
				"up": {"uv": [3.75, 0, 6.75, 0.375], "texture": "#0"},
				"down": {"uv": [3.75, 0, 6.75, 0.375], "texture": "#0"}
			}
		},
		{
			"from": [3, 5, 4],
			"to": [11, 6, 5],
			"rotation": {"angle": 0, "axis": "y", "origin": [10.5, 5.5, 4.5]},
			"faces": {
				"north": {"uv": [3.75, 0, 6.75, 0.375], "texture": "#0"},
				"east": {"uv": [6.75, 0, 7.125, 0.375], "texture": "#0"},
				"south": {"uv": [3.75, 0, 6.75, 0.375], "texture": "#0"},
				"west": {"uv": [6.75, 0, 7.125, 0.375], "texture": "#0"},
				"up": {"uv": [3.75, 0, 6.75, 0.375], "texture": "#0"},
				"down": {"uv": [3.75, 0, 6.75, 0.375], "texture": "#0"}
			}
		},
		{
			"from": [3, 5, 4],
			"to": [4, 6, 12],
			"faces": {
				"north": {"uv": [6.75, 0, 7.125, 0.375], "texture": "#0"},
				"east": {"uv": [3.75, 0, 6.75, 0.375], "texture": "#0"},
				"south": {"uv": [6.75, 0, 7.125, 0.375], "texture": "#0"},
				"west": {"uv": [3.75, 0, 6.75, 0.375], "texture": "#0"},
				"up": {"uv": [3.75, 0, 6.75, 0.375], "rotation": 90, "texture": "#0"},
				"down": {"uv": [3.75, 0, 6.75, 0.375], "rotation": 270, "texture": "#0"}
			}
		},
		{
			"from": [10, 5, 4],
			"to": [11, 6, 12],
			"faces": {
				"north": {"uv": [6.75, 0, 7.125, 0.375], "texture": "#0"},
				"east": {"uv": [3.75, 0, 6.75, 0.375], "texture": "#0"},
				"south": {"uv": [6.75, 0, 7.125, 0.375], "texture": "#0"},
				"west": {"uv": [3.75, 0, 6.75, 0.375], "texture": "#0"},
				"up": {"uv": [3.75, 0, 6.75, 0.375], "rotation": 90, "texture": "#0"},
				"down": {"uv": [3.75, 0, 6.75, 0.375], "rotation": 270, "texture": "#0"}
			}
		},
		{
			"from": [4, 5, 3.8],
			"to": [10, 6, 4],
			"faces": {
				"north": {"uv": [4.375, 0, 6.625, 0.375], "texture": "#0"},
				"east": {"uv": [5.875, 0, 6, 0.375], "texture": "#0"},
				"south": {"uv": [4.125, 0, 6.375, 0.375], "texture": "#0"},
				"west": {"uv": [5.875, 0, 6, 0.375], "texture": "#0"},
				"up": {"uv": [4.125, 0.125, 6.375, 0.25], "texture": "#0"},
				"down": {"uv": [4, 0.125, 6.25, 0.25], "texture": "#0"}
			}
		},
		{
			"from": [8, 5, 12],
			"to": [10, 6, 12.2],
			"faces": {
				"north": {"uv": [0, 0, 3, 0.5], "texture": "#0"},
				"east": {"uv": [6.5, 0, 6.625, 0.375], "texture": "#0"},
				"south": {"uv": [5.625, 0, 6.375, 0.375], "texture": "#0"},
				"west": {"uv": [6, 0, 6.125, 0.375], "texture": "#0"},
				"up": {"uv": [5.75, 0, 6.5, 0.125], "texture": "#0"},
				"down": {"uv": [5.125, 0, 5.875, 0.125], "texture": "#0"}
			}
		},
		{
			"from": [4, 5, 12],
			"to": [6, 6, 12.2],
			"faces": {
				"north": {"uv": [0, 0, 3, 0.5], "texture": "#0"},
				"east": {"uv": [6.5, 0, 6.625, 0.375], "texture": "#0"},
				"south": {"uv": [5.625, 0, 6.375, 0.375], "texture": "#0"},
				"west": {"uv": [6, 0, 6.125, 0.375], "texture": "#0"},
				"up": {"uv": [5.75, 0, 6.5, 0.125], "texture": "#0"},
				"down": {"uv": [5.125, 0, 5.875, 0.125], "texture": "#0"}
			}
		},
		{
			"from": [2.8, 5, 5],
			"to": [3, 6, 11],
			"faces": {
				"north": {"uv": [4.5, 0, 4.625, 0.375], "texture": "#0"},
				"east": {"uv": [0, 0, 3, 0.5], "texture": "#0"},
				"south": {"uv": [6.875, 0, 7, 0.375], "texture": "#0"},
				"west": {"uv": [4.125, 0, 6.375, 0.375], "texture": "#0"},
				"up": {"uv": [3.75, 0, 3.875, 2.25], "texture": "#0"},
				"down": {"uv": [3.75, 0, 3.875, 2.25], "texture": "#0"}
			}
		},
		{
			"from": [11, 5, 5],
			"to": [11.2, 6, 11],
			"faces": {
				"north": {"uv": [4.5, 0, 4.625, 0.375], "texture": "#0"},
				"east": {"uv": [4.125, 0, 6.375, 0.375], "texture": "#0"},
				"south": {"uv": [6.875, 0, 7, 0.375], "texture": "#0"},
				"west": {"uv": [4.125, 0, 6.375, 0.375], "texture": "#0"},
				"up": {"uv": [3.75, 0, 3.875, 2.25], "texture": "#0"},
				"down": {"uv": [3.75, 0, 3.875, 2.25], "texture": "#0"}
			}
		},
		{
			"from": [5, 6, 3.8],
			"to": [9, 8, 4],
			"faces": {
				"north": {"uv": [3.875, 0.375, 5.375, 1.125], "texture": "#0"},
				"east": {"uv": [5, 0.375, 5.125, 1.125], "texture": "#0"},
				"south": {"uv": [3.875, 0.375, 5.375, 1.125], "texture": "#0"},
				"west": {"uv": [3.875, 0, 4, 0.75], "texture": "#0"},
				"up": {"uv": [3.75, 0.375, 5.25, 0.5], "texture": "#0"},
				"down": {"uv": [0, 0, 2, 0.1], "texture": "#0"}
			}
		},
		{
			"from": [6, 8, 3.8],
			"to": [8, 9, 4],
			"faces": {
				"north": {"uv": [4.5, 0.625, 5.25, 1], "texture": "#0"},
				"east": {"uv": [5.25, 0, 5.375, 0.375], "texture": "#0"},
				"south": {"uv": [4.25, 0, 5, 0.375], "texture": "#0"},
				"west": {"uv": [5, 0.125, 5.125, 0.5], "texture": "#0"},
				"up": {"uv": [4.625, 0, 5.375, 0.125], "texture": "#0"},
				"down": {"uv": [0, 0, 1, 0.1], "texture": "#0"}
			}
		},
		{
			"from": [6, 5, 12],
			"to": [8, 7, 12.2],
			"faces": {
				"north": {"uv": [3.75, 0, 0, 4.375], "texture": "#0"},
				"east": {"uv": [4, 0, 4.125, 0.375], "texture": "#0"},
				"south": {"uv": [0, 0, 3.75, 4.375], "texture": "#0"},
				"west": {"uv": [4, 0.625, 4.125, 1], "texture": "#0"},
				"up": {"uv": [4.25, 0.125, 5, 0.25], "texture": "#0"},
				"down": {"uv": [4.25, 0.75, 5, 0.875], "texture": "#0"}
			}
		},
		{
			"from": [11.1, 5.4, 6],
			"to": [11.3, 5.7, 6.3],
			"faces": {
				"north": {"uv": [4, 1.25, 4.125, 1.375], "texture": "#0"},
				"east": {"uv": [4, 1.25, 4.125, 1.375], "texture": "#0"},
				"south": {"uv": [4, 1.25, 4.1, 1.35], "texture": "#0"},
				"west": {"uv": [0, 0, 0.1, 0.1], "texture": "#0"},
				"up": {"uv": [4, 1.25, 4.1, 1.35], "texture": "#0"},
				"down": {"uv": [4, 1.25, 4.1, 1.35], "texture": "#0"}
			}
		},
		{
			"from": [2.7, 5.4, 6],
			"to": [2.9, 5.7, 6.3],
			"faces": {
				"north": {"uv": [4, 1.25, 4.125, 1.375], "texture": "#0"},
				"east": {"uv": [4, 1.25, 4.125, 1.375], "texture": "#0"},
				"south": {"uv": [4, 1.25, 4.1, 1.35], "texture": "#0"},
				"west": {"uv": [4, 1.25, 4.1, 1.35], "texture": "#0"},
				"up": {"uv": [4, 1.25, 4.1, 1.35], "texture": "#0"},
				"down": {"uv": [4, 1.25, 4.1, 1.35], "texture": "#0"}
			}
		},
		{
			"from": [2.7, 5.4, 8],
			"to": [2.9, 5.7, 8.3],
			"faces": {
				"north": {"uv": [4, 1.25, 4.125, 1.375], "texture": "#0"},
				"east": {"uv": [4, 1.25, 4.125, 1.375], "texture": "#0"},
				"south": {"uv": [4, 1.25, 4.1, 1.35], "texture": "#0"},
				"west": {"uv": [4, 1.25, 4.1, 1.35], "texture": "#0"},
				"up": {"uv": [4, 1.25, 4.1, 1.35], "texture": "#0"},
				"down": {"uv": [4, 1.25, 4.1, 1.35], "texture": "#0"}
			}
		},
		{
			"from": [2.7, 5.4, 10],
			"to": [2.9, 5.7, 10.3],
			"faces": {
				"north": {"uv": [4, 1.25, 4.125, 1.375], "texture": "#0"},
				"east": {"uv": [4, 1.25, 4.125, 1.375], "texture": "#0"},
				"south": {"uv": [4, 1.25, 4.1, 1.35], "texture": "#0"},
				"west": {"uv": [4, 1.25, 4.1, 1.35], "texture": "#0"},
				"up": {"uv": [4, 1.25, 4.1, 1.35], "texture": "#0"},
				"down": {"uv": [4, 1.25, 4.1, 1.35], "texture": "#0"}
			}
		},
		{
			"from": [11.1, 5.4, 8],
			"to": [11.3, 5.7, 8.3],
			"faces": {
				"north": {"uv": [4, 1.25, 4.125, 1.375], "texture": "#0"},
				"east": {"uv": [4, 1.25, 4.125, 1.375], "texture": "#0"},
				"south": {"uv": [4, 1.25, 4.1, 1.35], "texture": "#0"},
				"west": {"uv": [0, 0, 0.1, 0.1], "texture": "#0"},
				"up": {"uv": [4, 1.25, 4.1, 1.35], "texture": "#0"},
				"down": {"uv": [4, 1.25, 4.1, 1.35], "texture": "#0"}
			}
		},
		{
			"from": [11.1, 5.4, 10],
			"to": [11.3, 5.7, 10.3],
			"faces": {
				"north": {"uv": [4, 1.25, 4.125, 1.375], "texture": "#0"},
				"east": {"uv": [4, 1.25, 4.125, 1.375], "texture": "#0"},
				"south": {"uv": [4, 1.25, 4.1, 1.35], "texture": "#0"},
				"west": {"uv": [0, 0, 0.1, 0.1], "texture": "#0"},
				"up": {"uv": [4, 1.25, 4.1, 1.35], "texture": "#0"},
				"down": {"uv": [4, 1.25, 4.1, 1.35], "texture": "#0"}
			}
		},
		{
			"from": [6.4, 6, 3.7],
			"to": [7.6, 8, 3.8],
			"faces": {
				"north": {"uv": [5.5, 0.375, 6.375, 1.5], "texture": "#0"},
				"east": {"uv": [5.5, 0.375, 5.625, 1.5], "texture": "#0"},
				"south": {"uv": [0, 0, 0.15, 0.25], "texture": "#0"},
				"west": {"uv": [6.125, 0.375, 6.25, 1.5], "texture": "#0"},
				"up": {"uv": [5.5, 0.5, 5.625, 1.375], "texture": "#0"},
				"down": {"uv": [5.375, 0.375, 5.5, 1.25], "texture": "#0"}
			}
		},
		{
			"from": [6.2, 6.2, 3.7],
			"to": [6.4, 7.8, 3.8],
			"faces": {
				"north": {"uv": [6.375, 0.5, 6.5, 1.375], "texture": "#0"},
				"east": {"uv": [0, 0, 0.0125, 0.2], "texture": "#0"},
				"south": {"uv": [0, 0, 0.025, 0.2], "texture": "#0"},
				"west": {"uv": [6.375, 0.5, 6.5, 1.375], "texture": "#0"},
				"up": {"uv": [6.375, 0.75, 6.5, 0.875], "texture": "#0"},
				"down": {"uv": [5.5, 0.75, 5.625, 0.875], "texture": "#0"}
			}
		},
		{
			"from": [7.6, 6.2, 3.7],
			"to": [7.8, 7.8, 3.8],
			"faces": {
				"north": {"uv": [5.375, 0.5, 5.5, 1.375], "texture": "#0"},
				"east": {"uv": [5.375, 0.5, 5.5, 1.375], "texture": "#0"},
				"south": {"uv": [0, 0, 0.025, 0.2], "texture": "#0"},
				"west": {"uv": [0, 0, 0.0125, 0.2], "texture": "#0"},
				"up": {"uv": [5.375, 0.625, 5.5, 0.75], "texture": "#0"},
				"down": {"uv": [5.5, 0.75, 5.525, 0.7625], "texture": "#0"}
			}
		}
	],
	"display": {
		"thirdperson_righthand": {
			"translation": [1.25, 0, -2.25]
		},
		"thirdperson_lefthand": {
			"translation": [-0.75, 0.5, -2]
		},
		"gui": {
			"rotation": [-9, -148, 0],
			"translation": [-1, 1.25, 0]
		},
		"head": {
			"translation": [2.25, 9.25, 0],
			"scale": [2, 2, 2]
		},
		"fixed": {
			"rotation": [-90, 0, 0],
			"translation": [1.25, 0, -4.75],
			"scale": [1.5, 1.5, 1.5]
		}
	}
}