{
	"__comment": "Designed by Pashjn with Cubik Studio - https://cubik.studio",
	"textures": {
		"particle": "items/tut",
		"texture": "items/tut",
		"voxels_atlas": "items/tut"
	},
	"elements": [ 	 
		{
			"__comment": "Voxels",
			"from": [ 4, 12, 7 ],
			"to": [ 7, 13, 9 ],
			"faces": {
				"down": { "uv": [ 4, 14, 7, 16 ], "texture": "#voxels_atlas" },
				"up": { "uv": [ 7, 16, 10, 14 ], "texture": "#voxels_atlas" },
				"north": { "uv": [ 11, 11, 8, 12 ], "texture": "#voxels_atlas" },
				"south": { "uv": [ 8, 10, 11, 11 ], "texture": "#voxels_atlas" },
				"west": { "uv": [ 14, 11, 16, 12 ], "texture": "#voxels_atlas" },
				"east": { "uv": [ 16, 10, 14, 11 ], "texture": "#voxels_atlas" }
			}
		},
		{
			"__comment": "Voxels",
			"from": [ 4, 13, 7 ],
			"to": [ 6, 19, 9 ],
			"faces": {
				"down": { "uv": [ 4, 12, 6, 14 ], "texture": "#voxels_atlas" },
				"up": { "uv": [ 6, 14, 8, 12 ], "texture": "#voxels_atlas" },
				"north": { "uv": [ 2, 10, 0, 16 ], "texture": "#voxels_atlas" },
				"south": { "uv": [ 0, 4, 2, 10 ], "texture": "#voxels_atlas" },
				"west": { "uv": [ 2, 10, 4, 16 ], "texture": "#voxels_atlas" },
				"east": { "uv": [ 4, 4, 2, 10 ], "texture": "#voxels_atlas" }
			}
		},
		{
			"__comment": "Voxels",
			"from": [ 4, 17, 6 ],
			"to": [ 6, 19, 7 ],
			"faces": {
				"down": { "uv": [ 4, 9, 6, 10 ], "texture": "#voxels_atlas" },
				"up": { "uv": [ 4, 9, 6, 8 ], "texture": "#voxels_atlas" },
				"north": { "uv": [ 14, 12, 12, 14 ], "texture": "#voxels_atlas" },
				"south": { "uv": [ 14, 12, 16, 14 ], "texture": "#voxels_atlas" },
				"west": { "uv": [ 4, 6, 5, 8 ], "texture": "#voxels_atlas" },
				"east": { "uv": [ 6, 6, 5, 8 ], "texture": "#voxels_atlas" }
			}
		},
		{
			"__comment": "Voxels",
			"from": [ 4, 17, 9 ],
			"to": [ 6, 19, 10 ],
			"faces": {
				"down": { "uv": [ 4, 2, 6, 3 ], "texture": "#voxels_atlas" },
				"up": { "uv": [ 4, 6, 6, 5 ], "texture": "#voxels_atlas" },
				"north": { "uv": [ 2, 0, 0, 2 ], "texture": "#voxels_atlas" },
				"south": { "uv": [ 2, 2, 4, 4 ], "texture": "#voxels_atlas" },
				"west": { "uv": [ 4, 3, 5, 5 ], "texture": "#voxels_atlas" },
				"east": { "uv": [ 6, 3, 5, 5 ], "texture": "#voxels_atlas" }
			}
		},
		{
			"__comment": "Voxels",
			"from": [ 5, 10, 7 ],
			"to": [ 8, 11, 9 ],
			"faces": {
				"down": { "uv": [ 10, 14, 13, 16 ], "texture": "#voxels_atlas" },
				"up": { "uv": [ 13, 16, 16, 14 ], "texture": "#voxels_atlas" },
				"north": { "uv": [ 14, 11, 11, 12 ], "texture": "#voxels_atlas" },
				"south": { "uv": [ 11, 10, 14, 11 ], "texture": "#voxels_atlas" },
				"west": { "uv": [ 8, 8, 10, 9 ], "texture": "#voxels_atlas" },
				"east": { "uv": [ 12, 8, 10, 9 ], "texture": "#voxels_atlas" }
			}
		},
		{
			"__comment": "Voxels",
			"from": [ 5, 11, 7 ],
			"to": [ 7, 12, 9 ],
			"faces": {
				"down": { "uv": [ 8, 12, 10, 14 ], "texture": "#voxels_atlas" },
				"up": { "uv": [ 10, 14, 12, 12 ], "texture": "#voxels_atlas" },
				"north": { "uv": [ 6, 1, 4, 2 ], "texture": "#voxels_atlas" },
				"south": { "uv": [ 4, 0, 6, 1 ], "texture": "#voxels_atlas" },
				"west": { "uv": [ 6, 9, 8, 10 ], "texture": "#voxels_atlas" },
				"east": { "uv": [ 10, 9, 8, 10 ], "texture": "#voxels_atlas" }
			}
		},
		{
			"__comment": "Voxels",
			"from": [ 6, 9, 7 ],
			"to": [ 8, 10, 9 ],
			"faces": {
				"down": { "uv": [ 4, 10, 6, 12 ], "texture": "#voxels_atlas" },
				"up": { "uv": [ 6, 12, 8, 10 ], "texture": "#voxels_atlas" },
				"north": { "uv": [ 12, 9, 10, 10 ], "texture": "#voxels_atlas" },
				"south": { "uv": [ 12, 9, 14, 10 ], "texture": "#voxels_atlas" },
				"west": { "uv": [ 14, 9, 16, 10 ], "texture": "#voxels_atlas" },
				"east": { "uv": [ 8, 8, 6, 9 ], "texture": "#voxels_atlas" }
			}
		},
		{
			"__comment": "Voxels",
			"from": [ 7, 8, 7 ],
			"to": [ 9, 9, 9 ],
			"faces": {
				"down": { "uv": [ 0, 2, 2, 4 ], "texture": "#voxels_atlas" },
				"up": { "uv": [ 2, 2, 4, 0 ], "texture": "#voxels_atlas" },
				"north": { "uv": [ 14, 8, 12, 9 ], "texture": "#voxels_atlas" },
				"south": { "uv": [ 14, 8, 16, 9 ], "texture": "#voxels_atlas" },
				"west": { "uv": [ 6, 7, 8, 8 ], "texture": "#voxels_atlas" },
				"east": { "uv": [ 8, 6, 6, 7 ], "texture": "#voxels_atlas" }
			}
		}
	],
	"display": {
		"head": {
			"rotation":  [ 0, 90, 0 ],
			"translation":  [ 0, -17.39, -8.341 ]
		}
	}
}