{
	"__comment": "Designed by Elo106 with Cubik Studio - https://cubik.studio",
	"textures": {
		"particle": "items/vampiric_helm",
		"texture": "items/vampiric_helm",
		"voxels_atlas": "items/vampiric_helm",
		"wing": "itempieces/vampiric_wing"
	},
	"elements": [ 	 
		{
			"__comment": "Voxels",
			"from": [ -1, -2, 8 ],
			"to": [ 1, 11, 10 ],
			"faces": {
				"down": { "uv": [ 7.875, 9.5, 8.125, 10 ], "texture": "#voxels_atlas", "cullface": "west" },
				"up": { "uv": [ 12.875, 15, 13.125, 14.5 ], "texture": "#voxels_atlas", "cullface": "west" },
				"north": { "uv": [ 6.125, 0.75, 5.875, 4 ], "texture": "#voxels_atlas", "cullface": "west" },
				"south": { "uv": [ 7.875, 4.25, 8.125, 7.5 ], "texture": "#voxels_atlas", "cullface": "west" },
				"west": { "uv": [ 7.625, 4.25, 7.875, 7.5 ], "texture": "#voxels_atlas", "cullface": "west" },
				"east": { "uv": [ 7.625, 4.25, 7.375, 7.5 ], "texture": "#voxels_atlas", "cullface": "west" }
			}
		},
		{
			"__comment": "Voxels",
			"from": [ -1, -1, 7 ],
			"to": [ 1, 12, 8 ],
			"faces": {
				"down": { "uv": [ 14.375, 15, 14.625, 15.25 ], "texture": "#voxels_atlas", "cullface": "west" },
				"up": { "uv": [ 14.125, 15.25, 14.375, 15 ], "texture": "#voxels_atlas", "cullface": "west" },
				"north": { "uv": [ 7.375, 4.25, 7.125, 7.5 ], "texture": "#voxels_atlas", "cullface": "west" },
				"south": { "uv": [ 6.875, 4.25, 7.125, 7.5 ], "texture": "#voxels_atlas", "cullface": "west" },
				"west": { "uv": [ 8.75, 8.5, 8.875, 11.75 ], "texture": "#voxels_atlas", "cullface": "west" },
				"east": { "uv": [ 8.875, 11.75, 8.75, 15 ], "texture": "#voxels_atlas", "cullface": "west" }
			}
		},
		{
			"__comment": "Voxels",
			"from": [ -1, -1, 10 ],
			"to": [ 1, 11, 12 ],
			"faces": {
				"down": { "uv": [ 1.5, 0, 1.75, 0.5 ], "texture": "#voxels_atlas", "cullface": "west" },
				"up": { "uv": [ 7.875, 10.5, 8.125, 10 ], "texture": "#voxels_atlas", "cullface": "west" },
				"south": { "uv": [ 7.125, 1, 7.375, 4 ], "texture": "#voxels_atlas", "cullface": "west" },
				"west": { "uv": [ 6.375, 1, 6.625, 4 ], "texture": "#voxels_atlas", "cullface": "west" },
				"east": { "uv": [ 6.375, 1, 6.125, 4 ], "texture": "#voxels_atlas", "cullface": "west" }
			}
		},
		{
			"__comment": "Voxels",
			"from": [ -1, 0, 6 ],
			"to": [ 1, 12, 7 ],
			"faces": {
				"down": { "uv": [ 13.875, 15, 14.125, 15.25 ], "texture": "#voxels_atlas", "cullface": "west" },
				"up": { "uv": [ 13.625, 15.25, 13.875, 15 ], "texture": "#voxels_atlas", "cullface": "west" },
				"north": { "uv": [ 7.125, 1, 6.875, 4 ], "texture": "#voxels_atlas", "cullface": "west" },
				"west": { "uv": [ 8.75, 5.5, 8.875, 8.5 ], "texture": "#voxels_atlas", "cullface": "west" },
				"east": { "uv": [ 8.875, 2.5, 8.75, 5.5 ], "texture": "#voxels_atlas", "cullface": "west" }
			}
		},
		{
			"__comment": "Voxels",
			"from": [ -1, 2, 5 ],
			"to": [ 2, 13, 6 ],
			"faces": {
				"down": { "uv": [ 3.625, 9, 4, 9.25 ], "texture": "#voxels_atlas", "cullface": "west" },
				"up": { "uv": [ 7.375, 0.25, 7.75, 0 ], "texture": "#voxels_atlas", "cullface": "west" },
				"north": { "uv": [ 4.375, 5, 4, 7.75 ], "texture": "#voxels_atlas", "cullface": "west" },
				"south": { "uv": [ 4.375, 5, 4.75, 7.75 ], "texture": "#voxels_atlas", "cullface": "west" },
				"west": { "uv": [ 9, 8.5, 9.125, 11.25 ], "texture": "#voxels_atlas", "cullface": "west" },
				"east": { "uv": [ 9, 8.5, 8.875, 11.25 ], "texture": "#voxels_atlas", "cullface": "west" }
			}
		},
		{
			"__comment": "Voxels",
			"from": [ -1, 4, 3 ],
			"to": [ 17, 13, 4 ],
			"faces": {
				"down": { "uv": [ 10.75, 15.75, 13, 16 ], "texture": "#voxels_atlas", "cullface": "east" },
				"up": { "uv": [ 13, 16, 15.25, 15.75 ], "texture": "#voxels_atlas", "cullface": "east" },
				"north": { "uv": [ 4, 11.5, 1.75, 13.75 ], "texture": "#voxels_atlas", "cullface": "east" },
				"south": { "uv": [ 1.75, 13.75, 4, 16 ], "texture": "#voxels_atlas", "cullface": "east" },
				"west": { "uv": [ 9.125, 12, 9.25, 14.25 ], "texture": "#voxels_atlas", "cullface": "east" },
				"east": { "uv": [ 9.125, 1.5, 9, 3.75 ], "texture": "#voxels_atlas", "cullface": "east" }
			}
		},
		{
			"__comment": "Voxels",
			"from": [ -1, 4, 4 ],
			"to": [ 2, 13, 5 ],
			"faces": {
				"down": { "uv": [ 15.25, 15.75, 15.625, 16 ], "texture": "#voxels_atlas", "cullface": "west" },
				"up": { "uv": [ 15, 15.75, 15.375, 15.5 ], "texture": "#voxels_atlas", "cullface": "west" },
				"west": { "uv": [ 8.75, 0.25, 8.875, 2.5 ], "texture": "#voxels_atlas", "cullface": "west" },
				"east": { "uv": [ 9.25, 7.5, 9.125, 9.75 ], "texture": "#voxels_atlas", "cullface": "west" }
			}
		},
		{
			"__comment": "Voxels",
			"from": [ -1, 6, -1 ],
			"to": [ 17, 10, 3 ],
			"faces": {
				"down": { "uv": [ 1.75, 5, 4, 6 ], "texture": "#voxels_atlas" },
				"up": { "uv": [ 1.75, 7, 4, 6 ], "texture": "#voxels_atlas" },
				"north": { "uv": [ 4, 8, 1.75, 9 ], "texture": "#voxels_atlas" },
				"west": { "uv": [ 4.75, 5.25, 5.25, 6.25 ], "texture": "#voxels_atlas" },
				"east": { "uv": [ 5.75, 5.25, 5.25, 6.25 ], "texture": "#voxels_atlas" }
			}
		},
		{
			"__comment": "Voxels",
			"from": [ -1, 10, 2 ],
			"to": [ 17, 13, 3 ],
			"faces": {
				"up": { "uv": [ 8.75, 15.75, 11, 15.5 ], "texture": "#voxels_atlas", "cullface": "east" },
				"north": { "uv": [ 8.125, 14.5, 5.875, 15.25 ], "texture": "#voxels_atlas", "cullface": "east" },
				"west": { "uv": [ 13.375, 14.25, 13.5, 15 ], "texture": "#voxels_atlas", "cullface": "east" },
				"east": { "uv": [ 13.375, 14.25, 13.25, 15 ], "texture": "#voxels_atlas", "cullface": "east" }
			}
		},
		{
			"__comment": "Voxels",
			"from": [ 0, -2, 10 ],
			"to": [ 1, -1, 14 ],
			"faces": {
				"down": { "uv": [ 3.875, 0, 4, 1 ], "texture": "#voxels_atlas", "cullface": "down" },
				"up": { "uv": [ 5.75, 6.25, 5.875, 5.25 ], "texture": "#voxels_atlas", "cullface": "down" },
				"south": { "uv": [ 13, 14.25, 13.125, 14.5 ], "texture": "#voxels_atlas", "cullface": "down" },
				"west": { "uv": [ 4.75, 5, 5.25, 5.25 ], "texture": "#voxels_atlas", "cullface": "down" },
				"east": { "uv": [ 5.75, 5, 5.25, 5.25 ], "texture": "#voxels_atlas", "cullface": "down" }
			}
		},
		{
			"__comment": "Voxels",
			"from": [ 0, -1, 12 ],
			"to": [ 2, 13, 14 ],
			"faces": {
				"down": { "uv": [ 10.875, 14.5, 11.125, 15 ], "texture": "#voxels_atlas", "cullface": "down" },
				"up": { "uv": [ 11.125, 15, 11.375, 14.5 ], "texture": "#voxels_atlas", "cullface": "down" },
				"north": { "uv": [ 6.125, 4, 5.875, 7.5 ], "texture": "#voxels_atlas", "cullface": "down" },
				"south": { "uv": [ 6.125, 4, 6.375, 7.5 ], "texture": "#voxels_atlas", "cullface": "down" },
				"west": { "uv": [ 6.375, 4, 6.625, 7.5 ], "texture": "#voxels_atlas", "cullface": "down" },
				"east": { "uv": [ 6.875, 4, 6.625, 7.5 ], "texture": "#voxels_atlas", "cullface": "down" }
			}
		},
		{
			"__comment": "Voxels",
			"from": [ 0, 2, 0 ],
			"to": [ 16, 6, 3 ],
			"faces": {
				"down": { "uv": [ 5.875, 13.75, 7.875, 14.5 ], "texture": "#voxels_atlas" },
				"north": { "uv": [ 3.75, 2, 1.75, 3 ], "texture": "#voxels_atlas", "cullface": "north" },
				"south": { "uv": [ 1.75, 4, 3.75, 5 ], "texture": "#voxels_atlas" },
				"west": { "uv": [ 3.625, 9.25, 4, 10.25 ], "texture": "#voxels_atlas", "cullface": "west" },
				"east": { "uv": [ 4, 10.5, 3.625, 11.5 ], "texture": "#voxels_atlas", "cullface": "east" }
			}
		},
		{
			"__comment": "Voxels",
			"from": [ 0, 2, 3 ],
			"to": [ 16, 4, 4 ],
			"faces": {
				"down": { "uv": [ 8.75, 15.25, 10.75, 15.5 ], "texture": "#voxels_atlas" },
				"south": { "uv": [ 5.875, 9, 7.875, 9.5 ], "texture": "#voxels_atlas" },
				"west": { "uv": [ 14.625, 14.5, 14.75, 15 ], "texture": "#voxels_atlas", "cullface": "west" },
				"east": { "uv": [ 14.625, 14.5, 14.5, 15 ], "texture": "#voxels_atlas", "cullface": "east" }
			}
		},
		{
			"__comment": "Voxels",
			"from": [ 0, 2, 4 ],
			"to": [ 2, 4, 5 ],
			"faces": {
				"down": { "uv": [ 12.875, 15, 13.125, 15.25 ], "texture": "#voxels_atlas" },
				"west": { "uv": [ 14.375, 14.5, 14.5, 15 ], "texture": "#voxels_atlas", "cullface": "west" },
				"east": { "uv": [ 14.375, 14.5, 14.25, 15 ], "texture": "#voxels_atlas" }
			}
		},
		{
			"__comment": "Voxels",
			"from": [ 0, 10, 0 ],
			"to": [ 16, 13, 2 ],
			"faces": {
				"up": { "uv": [ 5.875, 8.5, 7.875, 8 ], "texture": "#voxels_atlas" },
				"north": { "uv": [ 7.875, 12.25, 5.875, 13 ], "texture": "#voxels_atlas", "cullface": "north" },
				"west": { "uv": [ 7.875, 13.75, 8.125, 14.5 ], "texture": "#voxels_atlas", "cullface": "west" },
				"east": { "uv": [ 7.125, 0.25, 6.875, 1 ], "texture": "#voxels_atlas", "cullface": "east" }
			}
		},
		{
			"__comment": "Voxels",
			"from": [ 0, 11, 8 ],
			"to": [ 16, 13, 12 ],
			"faces": {
				"down": { "uv": [ 1.75, 1, 3.75, 2 ], "texture": "#voxels_atlas" },
				"up": { "uv": [ 1.75, 4, 3.75, 3 ], "texture": "#voxels_atlas" },
				"north": { "uv": [ 7.875, 10.5, 5.875, 11 ], "texture": "#voxels_atlas" },
				"south": { "uv": [ 5.875, 10, 7.875, 10.5 ], "texture": "#voxels_atlas" },
				"west": { "uv": [ 10.375, 14.5, 10.875, 15 ], "texture": "#voxels_atlas", "cullface": "west" },
				"east": { "uv": [ 10.375, 14.5, 9.875, 15 ], "texture": "#voxels_atlas", "cullface": "east" }
			}
		},
		{
			"__comment": "Voxels",
			"from": [ 0, 12, 6 ],
			"to": [ 16, 13, 8 ],
			"faces": {
				"down": { "uv": [ 5.875, 7.5, 7.875, 8 ], "texture": "#voxels_atlas" },
				"up": { "uv": [ 5.875, 11.5, 7.875, 11 ], "texture": "#voxels_atlas" },
				"north": { "uv": [ 13, 15.5, 11, 15.75 ], "texture": "#voxels_atlas" },
				"west": { "uv": [ 7.125, 0, 7.375, 0.25 ], "texture": "#voxels_atlas", "cullface": "west" },
				"east": { "uv": [ 7.125, 0, 6.875, 0.25 ], "texture": "#voxels_atlas", "cullface": "east" }
			}
		},
		{
			"__comment": "Voxels",
			"from": [ 1, -2, 12 ],
			"to": [ 2, -1, 15 ],
			"faces": {
				"down": { "uv": [ 14, 14.25, 14.125, 15 ], "texture": "#voxels_atlas", "cullface": "down" },
				"up": { "uv": [ 13.875, 15, 14, 14.25 ], "texture": "#voxels_atlas", "cullface": "down" },
				"north": { "uv": [ 11.875, 14.25, 11.75, 14.5 ], "texture": "#voxels_atlas", "cullface": "down" },
				"south": { "uv": [ 11.625, 14.25, 11.75, 14.5 ], "texture": "#voxels_atlas", "cullface": "down" },
				"west": { "uv": [ 15.625, 15.75, 16, 16 ], "texture": "#voxels_atlas", "cullface": "down" },
				"east": { "uv": [ 4, 10.25, 3.625, 10.5 ], "texture": "#voxels_atlas", "cullface": "down" }
			}
		},
		{
			"__comment": "Voxels",
			"from": [ 1, -1, 14 ],
			"to": [ 3, 5, 15 ],
			"faces": {
				"down": { "uv": [ 7.125, 4, 7.375, 4.25 ], "texture": "#voxels_atlas", "cullface": "down" },
				"up": { "uv": [ 6.875, 4.25, 7.125, 4 ], "texture": "#voxels_atlas", "cullface": "down" },
				"north": { "uv": [ 5.875, 11.5, 5.625, 13 ], "texture": "#voxels_atlas", "cullface": "down" },
				"south": { "uv": [ 8.5, 1, 8.75, 2.5 ], "texture": "#voxels_atlas", "cullface": "down" },
				"west": { "uv": [ 9.25, 0, 9.375, 1.5 ], "texture": "#voxels_atlas", "cullface": "down" },
				"east": { "uv": [ 1.75, 0.5, 1.625, 2 ], "texture": "#voxels_atlas", "cullface": "down" }
			}
		},
		{
			"__comment": "Voxels",
			"from": [ 1, 2, 6 ],
			"to": [ 2, 12, 8 ],
			"faces": {
				"down": { "uv": [ 14.125, 14.5, 14.25, 15 ], "texture": "#voxels_atlas" },
				"south": { "uv": [ 8.375, 9.25, 8.5, 11.75 ], "texture": "#voxels_atlas" },
				"west": { "uv": [ 8.125, 11.75, 8.375, 14.25 ], "texture": "#voxels_atlas" },
				"east": { "uv": [ 8.375, 4.25, 8.125, 6.75 ], "texture": "#voxels_atlas" }
			}
		},
		{
			"__comment": "Voxels",
			"from": [ 1, 2, 8 ],
			"to": [ 2, 11, 12 ],
			"faces": {
				"down": { "uv": [ 9.625, 13.25, 9.75, 14.25 ], "texture": "#voxels_atlas" },
				"west": { "uv": [ 4, 7.75, 4.5, 10 ], "texture": "#voxels_atlas" },
				"east": { "uv": [ 5, 7.75, 4.5, 10 ], "texture": "#voxels_atlas" }
			}
		},
		{
			"__comment": "Voxels",
			"from": [ 1, 7, 14 ],
			"to": [ 15, 13, 15 ],
			"faces": {
				"down": { "uv": [ 12.75, 15.25, 14.5, 15.5 ], "texture": "#voxels_atlas" },
				"up": { "uv": [ 8.75, 15.25, 10.5, 15 ], "texture": "#voxels_atlas" },
				"north": { "uv": [ 1.75, 7, 0, 8.5 ], "texture": "#voxels_atlas" },
				"south": { "uv": [ 0, 8.5, 1.75, 10 ], "texture": "#voxels_atlas" },
				"west": { "uv": [ 9, 0, 9.125, 1.5 ], "texture": "#voxels_atlas" },
				"east": { "uv": [ 9, 0, 8.875, 1.5 ], "texture": "#voxels_atlas" }
			}
		},
		{
			"__comment": "Voxels",
			"from": [ 1, 13, 1 ],
			"to": [ 15, 15, 13 ],
			"faces": {
				"down": { "uv": [ 0, 10, 1.75, 13 ], "texture": "#voxels_atlas" },
				"up": { "uv": [ 0, 16, 1.75, 13 ], "texture": "#voxels_atlas" },
				"north": { "uv": [ 5.75, 1, 4, 1.5 ], "texture": "#voxels_atlas" },
				"south": { "uv": [ 4, 2, 5.75, 2.5 ], "texture": "#voxels_atlas" },
				"west": { "uv": [ 4, 0, 5.5, 0.5 ], "texture": "#voxels_atlas" },
				"east": { "uv": [ 5.5, 0.5, 4, 1 ], "texture": "#voxels_atlas" }
			}
		},
		{
			"__comment": "Voxels",
			"from": [ 2, -5, 15 ],
			"to": [ 4, 4, 16 ],
			"faces": {
				"down": { "uv": [ 6.625, 0, 6.875, 0.25 ], "texture": "#voxels_atlas", "cullface": "down" },
				"up": { "uv": [ 7.875, 4.25, 8.125, 4 ], "texture": "#voxels_atlas", "cullface": "down" },
				"north": { "uv": [ 8.75, 4.5, 8.5, 6.75 ], "texture": "#voxels_atlas", "cullface": "down" },
				"south": { "uv": [ 8.5, 11.25, 8.75, 13.5 ], "texture": "#voxels_atlas", "cullface": "down" },
				"west": { "uv": [ 9.125, 9.75, 9.25, 12 ], "texture": "#voxels_atlas", "cullface": "down" },
				"east": { "uv": [ 9, 3.75, 8.875, 6 ], "texture": "#voxels_atlas", "cullface": "down" }
			}
		},
		{
			"__comment": "Voxels",
			"from": [ 2, -3, 14 ],
			"to": [ 3, -1, 15 ],
			"faces": {
				"down": { "uv": [ 12.5, 14.25, 12.625, 14.5 ], "texture": "#voxels_atlas", "cullface": "down" },
				"north": { "uv": [ 5.875, 1.5, 5.75, 2 ], "texture": "#voxels_atlas", "cullface": "down" },
				"west": { "uv": [ 15.5, 14.5, 15.625, 15 ], "texture": "#voxels_atlas", "cullface": "down" },
				"east": { "uv": [ 15.5, 14.5, 15.375, 15 ], "texture": "#voxels_atlas", "cullface": "down" }
			}
		},
		{
			"__comment": "Voxels",
			"from": [ 2, -3, 16 ],
			"to": [ 4, -1, 17 ],
			"faces": {
				"down": { "uv": [ 15.375, 15, 15.625, 15.25 ], "texture": "#voxels_atlas" },
				"up": { "uv": [ 15.125, 15.25, 15.375, 15 ], "texture": "#voxels_atlas" },
				"south": { "uv": [ 12.625, 14.5, 12.875, 15 ], "texture": "#voxels_atlas" },
				"west": { "uv": [ 14.875, 14.5, 15, 15 ], "texture": "#voxels_atlas" },
				"east": { "uv": [ 14.875, 14.5, 14.75, 15 ], "texture": "#voxels_atlas" }
			}
		},
		{
			"__comment": "Voxels",
			"from": [ 2, -2, 13 ],
			"to": [ 3, 5, 14 ],
			"faces": {
				"down": { "uv": [ 14.125, 14.25, 14.25, 14.5 ], "texture": "#voxels_atlas", "cullface": "down" },
				"up": { "uv": [ 14.25, 14.5, 14.375, 14.25 ], "texture": "#voxels_atlas", "cullface": "down" },
				"north": { "uv": [ 9.5, 12.5, 9.375, 14.25 ], "texture": "#voxels_atlas", "cullface": "down" },
				"south": { "uv": [ 9.25, 5, 9.375, 6.75 ], "texture": "#voxels_atlas", "cullface": "down" },
				"west": { "uv": [ 9.375, 9, 9.5, 10.75 ], "texture": "#voxels_atlas", "cullface": "down" },
				"east": { "uv": [ 9.5, 7.25, 9.375, 9 ], "texture": "#voxels_atlas", "cullface": "down" }
			}
		},
		{
			"__comment": "Voxels",
			"from": [ 2, 7, 15 ],
			"to": [ 14, 12, 16 ],
			"faces": {
				"down": { "uv": [ 14.5, 15.25, 16, 15.5 ], "texture": "#voxels_atlas" },
				"up": { "uv": [ 10.5, 15.25, 12, 15 ], "texture": "#voxels_atlas" },
				"south": { "uv": [ 0, 2, 1.5, 3.25 ], "texture": "#voxels_atlas", "cullface": "south" },
				"west": { "uv": [ 9.375, 1.75, 9.5, 3 ], "texture": "#voxels_atlas" },
				"east": { "uv": [ 9.5, 3, 9.375, 4.25 ], "texture": "#voxels_atlas" }
			}
		},
		{
			"__comment": "Voxels",
			"from": [ 2, 8, 4 ],
			"to": [ 17, 13, 6 ],
			"faces": {
				"down": { "uv": [ 4, 3, 5.875, 3.5 ], "texture": "#voxels_atlas", "cullface": "east" },
				"up": { "uv": [ 4, 5, 5.875, 4.5 ], "texture": "#voxels_atlas", "cullface": "east" },
				"south": { "uv": [ 1.75, 9, 3.625, 10.25 ], "texture": "#voxels_atlas", "cullface": "east" },
				"west": { "uv": [ 1.5, 2, 1.75, 3.25 ], "texture": "#voxels_atlas", "cullface": "east" },
				"east": { "uv": [ 1.75, 3.25, 1.5, 4.5 ], "texture": "#voxels_atlas", "cullface": "east" }
			}
		},
		{
			"__comment": "Voxels",
			"from": [ 2, 8, 6 ],
			"to": [ 17, 12, 8 ],
			"faces": {
				"down": { "uv": [ 4, 3.5, 5.875, 4 ], "texture": "#voxels_atlas", "cullface": "east" },
				"up": { "uv": [ 4, 4.5, 5.875, 4 ], "texture": "#voxels_atlas", "cullface": "east" },
				"south": { "uv": [ 4, 13, 5.875, 14 ], "texture": "#voxels_atlas", "cullface": "east" },
				"east": { "uv": [ 4, 4, 3.75, 5 ], "texture": "#voxels_atlas", "cullface": "east" }
			}
		},
		{
			"__comment": "Voxels",
			"from": [ 2, 8, 8 ],
			"to": [ 17, 11, 12 ],
			"faces": {
				"down": { "uv": [ 4, 15, 5.875, 16 ], "texture": "#voxels_atlas", "cullface": "east" },
				"up": { "uv": [ 1.75, 1, 3.625, 0 ], "texture": "#voxels_atlas", "cullface": "east" },
				"south": { "uv": [ 4, 10.75, 5.875, 11.5 ], "texture": "#voxels_atlas", "cullface": "east" },
				"east": { "uv": [ 7.875, 0.25, 7.375, 1 ], "texture": "#voxels_atlas", "cullface": "east" }
			}
		},
		{
			"__comment": "Voxels",
			"from": [ 2, 8, 12 ],
			"to": [ 16, 13, 14 ],
			"faces": {
				"down": { "uv": [ 4, 2.5, 5.75, 3 ], "texture": "#voxels_atlas" },
				"up": { "uv": [ 4, 2, 5.75, 1.5 ], "texture": "#voxels_atlas" },
				"north": { "uv": [ 1.75, 4.5, 0, 5.75 ], "texture": "#voxels_atlas" },
				"south": { "uv": [ 0, 5.75, 1.75, 7 ], "texture": "#voxels_atlas" },
				"east": { "uv": [ 9.125, 6, 8.875, 7.25 ], "texture": "#voxels_atlas", "cullface": "east" }
			}
		},
		{
			"__comment": "Voxels",
			"from": [ 3, -1, 16 ],
			"to": [ 4, 3, 17 ],
			"faces": {
				"up": { "uv": [ 11.875, 14.5, 12, 14.25 ], "texture": "#voxels_atlas" },
				"south": { "uv": [ 9.875, 13.25, 10, 14.25 ], "texture": "#voxels_atlas" },
				"west": { "uv": [ 10.125, 13.25, 10.25, 14.25 ], "texture": "#voxels_atlas" },
				"east": { "uv": [ 10.375, 13.25, 10.25, 14.25 ], "texture": "#voxels_atlas" }
			}
		},
		{
			"__comment": "Voxels",
			"from": [ 4, 7, 16 ],
			"to": [ 12, 10, 17 ],
			"faces": {
				"down": { "uv": [ 0, 0.25, 1, 0.5 ], "texture": "#voxels_atlas", "cullface": "south" },
				"up": { "uv": [ 0, 0.25, 1, 0 ], "texture": "#voxels_atlas", "cullface": "south" },
				"south": { "uv": [ 4.75, 6.25, 5.75, 7 ], "texture": "#voxels_atlas", "cullface": "south" },
				"west": { "uv": [ 13.125, 14.25, 13.25, 15 ], "texture": "#voxels_atlas", "cullface": "south" },
				"east": { "uv": [ 5.875, 6.25, 5.75, 7 ], "texture": "#voxels_atlas", "cullface": "south" }
			}
		},
		{
			"__comment": "Voxels",
			"from": [ 6, 4, 15 ],
			"to": [ 10, 7, 17 ],
			"faces": {
				"down": { "uv": [ 1, 0, 1.5, 0.5 ], "texture": "#voxels_atlas", "cullface": "south" },
				"up": { "uv": [ 7.625, 1.5, 8.125, 1 ], "texture": "#voxels_atlas", "cullface": "south" },
				"north": { "uv": [ 9.875, 14.25, 9.375, 15 ], "texture": "#voxels_atlas", "cullface": "south" },
				"south": { "uv": [ 8.875, 14.25, 9.375, 15 ], "texture": "#voxels_atlas", "cullface": "south" },
				"west": { "uv": [ 7.875, 11.5, 8.125, 12.25 ], "texture": "#voxels_atlas", "cullface": "south" },
				"east": { "uv": [ 7.375, 0.25, 7.125, 1 ], "texture": "#voxels_atlas", "cullface": "south" }
			}
		},
		{
			"__comment": "Voxels",
			"from": [ 7, 3, 15 ],
			"to": [ 9, 4, 17 ],
			"faces": {
				"down": { "uv": [ 7.875, 11, 8.125, 11.5 ], "texture": "#voxels_atlas", "cullface": "south" },
				"north": { "uv": [ 10.375, 14.25, 10.125, 14.5 ], "texture": "#voxels_atlas", "cullface": "south" },
				"south": { "uv": [ 10.375, 14.25, 10.625, 14.5 ], "texture": "#voxels_atlas", "cullface": "south" },
				"west": { "uv": [ 10.625, 14.25, 10.875, 14.5 ], "texture": "#voxels_atlas", "cullface": "south" },
				"east": { "uv": [ 11.125, 14.25, 10.875, 14.5 ], "texture": "#voxels_atlas", "cullface": "south" }
			}
		},
		{
			"__comment": "Voxels",
			"from": [ 12, -5, 15 ],
			"to": [ 14, 4, 16 ],
			"faces": {
				"down": { "uv": [ 11.125, 14.25, 11.375, 14.5 ], "texture": "#voxels_atlas", "cullface": "down" },
				"up": { "uv": [ 11.375, 14.5, 11.625, 14.25 ], "texture": "#voxels_atlas", "cullface": "down" },
				"north": { "uv": [ 8.75, 13.5, 8.5, 15.75 ], "texture": "#voxels_atlas", "cullface": "down" },
				"south": { "uv": [ 8.125, 2, 8.375, 4.25 ], "texture": "#voxels_atlas", "cullface": "down" },
				"west": { "uv": [ 9, 3.75, 9.125, 6 ], "texture": "#voxels_atlas", "cullface": "down" },
				"east": { "uv": [ 5.875, 7.75, 5.75, 10 ], "texture": "#voxels_atlas", "cullface": "down" }
			}
		},
		{
			"__comment": "Voxels",
			"from": [ 12, -3, 16 ],
			"to": [ 14, -1, 17 ],
			"faces": {
				"down": { "uv": [ 7.375, 4, 7.625, 4.25 ], "texture": "#voxels_atlas" },
				"up": { "uv": [ 7.625, 4.25, 7.875, 4 ], "texture": "#voxels_atlas" },
				"south": { "uv": [ 7.875, 8.5, 8.125, 9 ], "texture": "#voxels_atlas" },
				"west": { "uv": [ 15, 14.5, 15.125, 15 ], "texture": "#voxels_atlas" },
				"east": { "uv": [ 5.875, 2.5, 5.75, 3 ], "texture": "#voxels_atlas" }
			}
		},
		{
			"__comment": "Voxels",
			"from": [ 12, -1, 16 ],
			"to": [ 13, 3, 17 ],
			"faces": {
				"up": { "uv": [ 7.75, 0.25, 7.875, 0 ], "texture": "#voxels_atlas" },
				"south": { "uv": [ 8, 0, 8.125, 1 ], "texture": "#voxels_atlas" },
				"west": { "uv": [ 8.5, 0, 8.625, 1 ], "texture": "#voxels_atlas" },
				"east": { "uv": [ 8, 0, 7.875, 1 ], "texture": "#voxels_atlas" }
			}
		},
		{
			"__comment": "Voxels",
			"from": [ 13, -3, 14 ],
			"to": [ 14, 5, 15 ],
			"faces": {
				"down": { "uv": [ 15.875, 15, 16, 15.25 ], "texture": "#voxels_atlas", "cullface": "down" },
				"up": { "uv": [ 8.75, 0.25, 8.875, 0 ], "texture": "#voxels_atlas", "cullface": "down" },
				"north": { "uv": [ 8.5, 0, 8.375, 2 ], "texture": "#voxels_atlas", "cullface": "down" },
				"south": { "uv": [ 9.125, 1, 9.25, 3 ], "texture": "#voxels_atlas", "cullface": "down" },
				"west": { "uv": [ 9.25, 12.25, 9.375, 14.25 ], "texture": "#voxels_atlas", "cullface": "down" },
				"east": { "uv": [ 9.375, 10.25, 9.25, 12.25 ], "texture": "#voxels_atlas", "cullface": "down" }
			}
		},
		{
			"__comment": "Voxels",
			"from": [ 13, -2, 13 ],
			"to": [ 16, 5, 14 ],
			"faces": {
				"down": { "uv": [ 15.375, 15.5, 15.75, 15.75 ], "texture": "#voxels_atlas", "cullface": "down" },
				"up": { "uv": [ 12, 15.25, 12.375, 15 ], "texture": "#voxels_atlas", "cullface": "down" },
				"north": { "uv": [ 8.5, 14.25, 8.125, 16 ], "texture": "#voxels_atlas", "cullface": "down" },
				"south": { "uv": [ 7.625, 2.25, 8, 4 ], "texture": "#voxels_atlas", "cullface": "down" },
				"west": { "uv": [ 9.25, 3.25, 9.375, 5 ], "texture": "#voxels_atlas", "cullface": "down" },
				"east": { "uv": [ 9.375, 1.5, 9.25, 3.25 ], "texture": "#voxels_atlas", "cullface": "down" }
			}
		},
		{
			"__comment": "Voxels",
			"from": [ 14, -2, 12 ],
			"to": [ 16, 8, 13 ],
			"faces": {
				"down": { "uv": [ 15.75, 15.5, 16, 15.75 ], "texture": "#voxels_atlas", "cullface": "down" },
				"north": { "uv": [ 8.375, 6.75, 8.125, 9.25 ], "texture": "#voxels_atlas", "cullface": "down" },
				"south": { "uv": [ 8.125, 9.25, 8.375, 11.75 ], "texture": "#voxels_atlas", "cullface": "down" },
				"west": { "uv": [ 8.375, 11.75, 8.5, 14.25 ], "texture": "#voxels_atlas", "cullface": "down" },
				"east": { "uv": [ 8.5, 6.75, 8.375, 9.25 ], "texture": "#voxels_atlas", "cullface": "down" }
			}
		},
		{
			"__comment": "Voxels",
			"from": [ 14, -2, 14 ],
			"to": [ 15, 5, 15 ],
			"faces": {
				"down": { "uv": [ 12.25, 14.25, 12.375, 14.5 ], "texture": "#voxels_atlas", "cullface": "down" },
				"up": { "uv": [ 12.125, 14.5, 12.25, 14.25 ], "texture": "#voxels_atlas", "cullface": "down" },
				"south": { "uv": [ 8, 2.25, 8.125, 4 ], "texture": "#voxels_atlas", "cullface": "down" },
				"east": { "uv": [ 9.375, 6.75, 9.25, 8.5 ], "texture": "#voxels_atlas", "cullface": "down" }
			}
		},
		{
			"__comment": "Voxels",
			"from": [ 14, 2, 4 ],
			"to": [ 16, 8, 12 ],
			"faces": {
				"down": { "uv": [ 8.5, 2.5, 8.75, 4.5 ], "texture": "#voxels_atlas" },
				"up": { "uv": [ 8.125, 2, 8.375, 0 ], "texture": "#voxels_atlas" },
				"north": { "uv": [ 9.125, 11.25, 8.875, 12.75 ], "texture": "#voxels_atlas" },
				"west": { "uv": [ 0, 0.5, 1, 2 ], "texture": "#voxels_atlas" },
				"east": { "uv": [ 5, 11.5, 4, 13 ], "texture": "#voxels_atlas", "cullface": "east" }
			}
		},
		{
			"__comment": "Voxels",
			"from": [ 14, 5, 13 ],
			"to": [ 16, 8, 14 ],
			"faces": {
				"south": { "uv": [ 7.875, 12.25, 8.125, 13 ], "texture": "#voxels_atlas" },
				"west": { "uv": [ 5.75, 7, 5.875, 7.75 ], "texture": "#voxels_atlas" },
				"east": { "uv": [ 13.75, 14.25, 13.625, 15 ], "texture": "#voxels_atlas", "cullface": "east" }
			}
		},
		{
			"__comment": "Voxels",
			"from": [ 15, -2, 8 ],
			"to": [ 17, 2, 10 ],
			"faces": {
				"down": { "uv": [ 7.875, 8, 8.125, 8.5 ], "texture": "#voxels_atlas", "cullface": "east" },
				"up": { "uv": [ 7.875, 8, 8.125, 7.5 ], "texture": "#voxels_atlas", "cullface": "east" },
				"north": { "uv": [ 4, 3, 3.75, 4 ], "texture": "#voxels_atlas", "cullface": "east" },
				"south": { "uv": [ 3.75, 2, 4, 3 ], "texture": "#voxels_atlas", "cullface": "east" },
				"west": { "uv": [ 3.75, 1, 4, 2 ], "texture": "#voxels_atlas", "cullface": "east" },
				"east": { "uv": [ 3.875, 0, 3.625, 1 ], "texture": "#voxels_atlas", "cullface": "east" }
			}
		},
		{
			"__comment": "Voxels",
			"from": [ 15, -2, 10 ],
			"to": [ 16, 2, 12 ],
			"faces": {
				"down": { "uv": [ 15.125, 14.5, 15.25, 15 ], "texture": "#voxels_atlas", "cullface": "down" },
				"west": { "uv": [ 5.5, 0, 5.75, 1 ], "texture": "#voxels_atlas", "cullface": "down" },
				"east": { "uv": [ 6.375, 0, 6.125, 1 ], "texture": "#voxels_atlas", "cullface": "down" }
			}
		},
		{
			"__comment": "Voxels",
			"from": [ 15, -1, 7 ],
			"to": [ 17, 2, 8 ],
			"faces": {
				"down": { "uv": [ 14.625, 15, 14.875, 15.25 ], "texture": "#voxels_atlas", "cullface": "east" },
				"up": { "uv": [ 14.875, 15.25, 15.125, 15 ], "texture": "#voxels_atlas", "cullface": "east" },
				"north": { "uv": [ 6.125, 0, 5.875, 0.75 ], "texture": "#voxels_atlas", "cullface": "east" },
				"west": { "uv": [ 13.75, 14.25, 13.875, 15 ], "texture": "#voxels_atlas", "cullface": "east" },
				"east": { "uv": [ 13.625, 14.25, 13.5, 15 ], "texture": "#voxels_atlas", "cullface": "east" }
			}
		},
		{
			"__comment": "Voxels",
			"from": [ 15, 0, 6 ],
			"to": [ 17, 2, 7 ],
			"faces": {
				"down": { "uv": [ 15.625, 15, 15.875, 15.25 ], "texture": "#voxels_atlas", "cullface": "east" },
				"up": { "uv": [ 9.875, 14.5, 10.125, 14.25 ], "texture": "#voxels_atlas", "cullface": "east" },
				"north": { "uv": [ 11.875, 14.5, 11.625, 15 ], "texture": "#voxels_atlas", "cullface": "east" },
				"west": { "uv": [ 15.625, 14.5, 15.75, 15 ], "texture": "#voxels_atlas", "cullface": "east" },
				"east": { "uv": [ 15.875, 14.5, 15.75, 15 ], "texture": "#voxels_atlas", "cullface": "east" }
			}
		},
		{
			"__comment": "Voxels",
			"from": [ 16, -1, 10 ],
			"to": [ 17, 8, 12 ],
			"faces": {
				"down": { "uv": [ 15.875, 14.5, 16, 15 ], "texture": "#voxels_atlas" },
				"north": { "uv": [ 9.25, 5.25, 9.125, 7.5 ], "texture": "#voxels_atlas" },
				"south": { "uv": [ 9.125, 3, 9.25, 5.25 ], "texture": "#voxels_atlas" },
				"west": { "uv": [ 8.5, 9, 8.75, 11.25 ], "texture": "#voxels_atlas" },
				"east": { "uv": [ 8.75, 6.75, 8.5, 9 ], "texture": "#voxels_atlas" }
			}
		},
		{
			"__comment": "Voxels",
			"from": [ 16, 2, 5 ],
			"to": [ 17, 8, 10 ],
			"faces": {
				"down": { "uv": [ 9.375, 0.5, 9.5, 1.75 ], "texture": "#voxels_atlas", "cullface": "east" },
				"up": { "uv": [ 9.5, 14.25, 9.625, 13 ], "texture": "#voxels_atlas", "cullface": "east" },
				"north": { "uv": [ 9.5, 5.75, 9.375, 7.25 ], "texture": "#voxels_atlas", "cullface": "east" },
				"east": { "uv": [ 1.625, 0.5, 1, 2 ], "texture": "#voxels_atlas", "cullface": "east" }
			}
		},
		{
			"__comment": "Voxels",
			"from": [ 16, 4, 4 ],
			"to": [ 17, 8, 5 ],
			"faces": {
				"down": { "uv": [ 12.625, 14.25, 12.75, 14.5 ], "texture": "#voxels_atlas", "cullface": "east" },
				"east": { "uv": [ 10.875, 13.25, 10.75, 14.25 ], "texture": "#voxels_atlas", "cullface": "east" }
			}
		},
		{
			"__comment": "Box53",
			"from": [ 22, -6, -5.5 ],
			"to": [ 22.001, 15.5, 13.5 ],
			"rotation": { "origin": [ 22, -6, -5.5 ], "axis": "y", "angle": -22.5 },
			"faces": {
				"down": { "uv": [ 0, 0, 0.000999451, 8.5 ], "texture": "#wing", "cullface": "down" },
				"up": { "uv": [ 0, 0, 0.000999451, 8.5 ], "texture": "#wing", "cullface": "down" },
				"north": { "uv": [ 0, 0, 0.000999451, 4.5 ], "texture": "#wing", "cullface": "down" },
				"south": { "uv": [ 0, 0, 0.000999451, 4.5 ], "texture": "#wing", "cullface": "down" },
				"west": { "uv": [ 0, 0, 16, 16 ], "texture": "#wing", "cullface": "down" },
				"east": { "uv": [ 16, 0, 0, 16 ], "texture": "#wing", "cullface": "down" }
			}
		},
		{
			"__comment": "Box53",
			"from": [ -6.25, -6, -5.5 ],
			"to": [ -6.249, 15.5, 13.5 ],
			"rotation": { "origin": [ -6.25, -6, -5.5 ], "axis": "y", "angle": 22.5 },
			"faces": {
				"down": { "uv": [ 0, 0, 0.000999451, 8.5 ], "texture": "#wing", "cullface": "down" },
				"up": { "uv": [ 0, 0, 0.000999451, 8.5 ], "texture": "#wing", "cullface": "down" },
				"north": { "uv": [ 0, 0, 0.000999451, 4.5 ], "texture": "#wing", "cullface": "down" },
				"south": { "uv": [ 0, 0, 0.000999451, 4.5 ], "texture": "#wing", "cullface": "down" },
				"west": { "uv": [ 0, 0, 16, 16 ], "texture": "#wing", "cullface": "down" },
				"east": { "uv": [ 16, 0, 0, 16 ], "texture": "#wing", "cullface": "down" }
			}
		}
	],
	"display": {
		"thirdperson_righthand": {
			"rotation":  [ 25, -170, 0 ],
			"translation":  [ 2, 0, -3 ],
			"scale":  [ 0.4, 0.4, 0.4 ]
		},
		"thirdperson_lefthand": {
			"rotation":  [ 25, -170, 0 ],
			"translation":  [ 2, 0, -3 ],
			"scale":  [ 0.4, 0.4, 0.4 ]
		},
		"firstperson_righthand": {
			"rotation":  [ -32, -60, -16 ],
			"translation":  [ 3, 3, -2 ],
			"scale":  [ 0.5, 0.5, 0.5 ]
		},
		"firstperson_lefthand": {
			"rotation":  [ -32, -60, -16 ],
			"translation":  [ 3, 3, -2 ],
			"scale":  [ 0.5, 0.5, 0.5 ]
		},
		"gui": {
			"rotation":  [ 10, 16, 0 ],
			"translation":  [ 1, 2, 0 ],
			"scale":  [ 0.6, 0.6, 0.6 ]
		},
		"head": {
			"rotation":  [ 0, 180, 0 ],
			"translation":  [ 0, 2, -1 ],
			"scale":  [ 1, 1, 1.1 ]
		},
		"ground": {
			"translation":  [ 0, 2, 0 ],
			"scale":  [ 0.5, 0.5, 0.5 ]
		},
		"fixed": {
			"rotation":  [ -64, 180, 0 ],
			"translation":  [ 0, 3, -10 ]
		}
	}
}