{
	"__comment": "Designed by Pashjn for CraftCitizen with Cubik Studio - https://cubik.studio",
	"textures": {
		"voxels_atlas": "items/tblue",
		"particle": "items/cc2",
		"texture": "items/cc2"
	},
	"elements": [ 	 
		{
			"__comment": "Voxels",
			"from": [ -6, 23, 7 ],
			"to": [ -5, 27, 9 ],
			"faces": {
				"down": { "uv": [ 11.375, 11.375, 11.5, 11.625 ], "texture": "#voxels_atlas" },
				"up": { "uv": [ 9.875, 8.5, 10, 8.25 ], "texture": "#voxels_atlas" },
				"north": { "uv": [ 15, 14.75, 14.875, 15.25 ], "texture": "#voxels_atlas" },
				"south": { "uv": [ 14.75, 14.75, 14.875, 15.25 ], "texture": "#voxels_atlas" },
				"west": { "uv": [ 8.75, 8, 9, 8.5 ], "texture": "#voxels_atlas" },
				"east": { "uv": [ 11, 14.75, 10.75, 15.25 ], "texture": "#voxels_atlas" }
			}
		},
		{
			"__comment": "Voxels",
			"from": [ -5, 21, 7 ],
			"to": [ -4, 23, 9 ],
			"faces": {
				"down": { "uv": [ 9.875, 8, 10, 8.25 ], "texture": "#voxels_atlas" },
				"up": { "uv": [ 10.125, 8.5, 10.25, 8.25 ], "texture": "#voxels_atlas" },
				"north": { "uv": [ 10.25, 8, 10.125, 8.25 ], "texture": "#voxels_atlas" },
				"south": { "uv": [ 10.25, 8.25, 10.375, 8.5 ], "texture": "#voxels_atlas" },
				"west": { "uv": [ 10.5, 9, 10.75, 9.25 ], "texture": "#voxels_atlas" },
				"east": { "uv": [ 10.5, 9, 10.25, 9.25 ], "texture": "#voxels_atlas" }
			}
		},
		{
			"__comment": "Voxels",
			"from": [ -5, 27, 7 ],
			"to": [ -3, 28, 9 ],
			"faces": {
				"down": { "uv": [ 11, 9.25, 11.25, 9.5 ], "texture": "#voxels_atlas" },
				"up": { "uv": [ 10.25, 9, 10.5, 8.75 ], "texture": "#voxels_atlas" },
				"north": { "uv": [ 7.5, 10, 7.25, 10.125 ], "texture": "#voxels_atlas" },
				"south": { "uv": [ 7.25, 8.5, 7.5, 8.625 ], "texture": "#voxels_atlas" },
				"west": { "uv": [ 9.375, 8.75, 9.625, 8.875 ], "texture": "#voxels_atlas" },
				"east": { "uv": [ 15.875, 13.75, 15.625, 13.875 ], "texture": "#voxels_atlas" }
			}
		},
		{
			"__comment": "Voxels",
			"from": [ -4, 20, 7 ],
			"to": [ -3, 21, 9 ],
			"faces": {
				"down": { "uv": [ 10.375, 8.25, 10.5, 8.5 ], "texture": "#voxels_atlas" },
				"up": { "uv": [ 10.25, 8.25, 10.375, 8 ], "texture": "#voxels_atlas" },
				"north": { "uv": [ 11.5, 10, 11.375, 10.125 ], "texture": "#voxels_atlas" },
				"south": { "uv": [ 11.5, 10.125, 11.625, 10.25 ], "texture": "#voxels_atlas" },
				"west": { "uv": [ 15.625, 13.625, 15.875, 13.75 ], "texture": "#voxels_atlas" },
				"east": { "uv": [ 15.875, 13.5, 15.625, 13.625 ], "texture": "#voxels_atlas" }
			}
		},
		{
			"__comment": "Voxels",
			"from": [ -3, 19, 7 ],
			"to": [ -1, 20, 9 ],
			"faces": {
				"down": { "uv": [ 10.25, 9.5, 10.5, 9.75 ], "texture": "#voxels_atlas" },
				"up": { "uv": [ 10.5, 9.75, 10.75, 9.5 ], "texture": "#voxels_atlas" },
				"north": { "uv": [ 15.875, 13.375, 15.625, 13.5 ], "texture": "#voxels_atlas" },
				"south": { "uv": [ 14.875, 13.25, 15.125, 13.375 ], "texture": "#voxels_atlas" },
				"west": { "uv": [ 15.125, 13.25, 15.375, 13.375 ], "texture": "#voxels_atlas" },
				"east": { "uv": [ 15.625, 13.25, 15.375, 13.375 ], "texture": "#voxels_atlas" }
			}
		},
		{
			"__comment": "Voxels",
			"from": [ -3, 26, 7 ],
			"to": [ -2, 27, 9 ],
			"faces": {
				"down": { "uv": [ 10.375, 8, 10.5, 8.25 ], "texture": "#voxels_atlas" },
				"up": { "uv": [ 10.5, 8.75, 10.625, 8.5 ], "texture": "#voxels_atlas" },
				"north": { "uv": [ 11.5, 10.375, 11.375, 10.5 ], "texture": "#voxels_atlas" },
				"south": { "uv": [ 11.5, 10.5, 11.625, 10.625 ], "texture": "#voxels_atlas" },
				"west": { "uv": [ 15.625, 13.25, 15.875, 13.375 ], "texture": "#voxels_atlas" },
				"east": { "uv": [ 15.125, 13.125, 14.875, 13.25 ], "texture": "#voxels_atlas" }
			}
		},
		{
			"__comment": "Voxels",
			"from": [ -2, 25, 7 ],
			"to": [ -1, 26, 9 ],
			"faces": {
				"down": { "uv": [ 10.5, 8.25, 10.625, 8.5 ], "texture": "#voxels_atlas" },
				"up": { "uv": [ 10.5, 8.25, 10.625, 8 ], "texture": "#voxels_atlas" },
				"north": { "uv": [ 11.5, 10.5, 11.375, 10.625 ], "texture": "#voxels_atlas" },
				"south": { "uv": [ 11.5, 10.625, 11.625, 10.75 ], "texture": "#voxels_atlas" },
				"west": { "uv": [ 15.125, 13.125, 15.375, 13.25 ], "texture": "#voxels_atlas" },
				"east": { "uv": [ 15.625, 13.125, 15.375, 13.25 ], "texture": "#voxels_atlas" }
			}
		},
		{
			"__comment": "Voxels",
			"from": [ -1, 18, 7 ],
			"to": [ 0, 19, 9 ],
			"faces": {
				"down": { "uv": [ 11.25, 12, 11.375, 12.25 ], "texture": "#voxels_atlas" },
				"up": { "uv": [ 10.75, 8.25, 10.875, 8 ], "texture": "#voxels_atlas" },
				"north": { "uv": [ 11.625, 11.375, 11.5, 11.5 ], "texture": "#voxels_atlas" },
				"south": { "uv": [ 11.5, 11.5, 11.625, 11.625 ], "texture": "#voxels_atlas" },
				"west": { "uv": [ 15.625, 13.125, 15.875, 13.25 ], "texture": "#voxels_atlas" },
				"east": { "uv": [ 15.125, 13, 14.875, 13.125 ], "texture": "#voxels_atlas" }
			}
		},
		{
			"__comment": "Voxels",
			"from": [ -1, 24, 7 ],
			"to": [ 0, 25, 9 ],
			"faces": {
				"down": { "uv": [ 10.875, 8.25, 11, 8.5 ], "texture": "#voxels_atlas" },
				"up": { "uv": [ 11, 8.5, 11.125, 8.25 ], "texture": "#voxels_atlas" },
				"north": { "uv": [ 16, 13, 15.875, 13.125 ], "texture": "#voxels_atlas" },
				"south": { "uv": [ 15.875, 13.125, 16, 13.25 ], "texture": "#voxels_atlas" },
				"west": { "uv": [ 15.125, 13, 15.375, 13.125 ], "texture": "#voxels_atlas" },
				"east": { "uv": [ 15.625, 12.875, 15.375, 13 ], "texture": "#voxels_atlas" }
			}
		},
		{
			"__comment": "Voxels",
			"from": [ 0, 16, 7 ],
			"to": [ 3, 18, 9 ],
			"faces": {
				"down": { "uv": [ 9, 8.25, 9.375, 8.5 ], "texture": "#voxels_atlas" },
				"up": { "uv": [ 9, 8.75, 9.375, 8.5 ], "texture": "#voxels_atlas" },
				"north": { "uv": [ 16, 15.125, 15.625, 15.375 ], "texture": "#voxels_atlas" },
				"south": { "uv": [ 15.625, 14.75, 16, 15 ], "texture": "#voxels_atlas" },
				"west": { "uv": [ 10.5, 9.75, 10.75, 10 ], "texture": "#voxels_atlas" },
				"east": { "uv": [ 10.5, 9.75, 10.25, 10 ], "texture": "#voxels_atlas" }
			}
		},
		{
			"__comment": "Voxels",
			"from": [ 0, 22, 7 ],
			"to": [ 3, 24, 9 ],
			"faces": {
				"down": { "uv": [ 15.25, 15.75, 15.625, 16 ], "texture": "#voxels_atlas" },
				"up": { "uv": [ 15.25, 15, 15.625, 14.75 ], "texture": "#voxels_atlas" },
				"north": { "uv": [ 15.625, 15.125, 15.25, 15.375 ], "texture": "#voxels_atlas" },
				"south": { "uv": [ 15.625, 15.75, 16, 16 ], "texture": "#voxels_atlas" },
				"west": { "uv": [ 10.75, 9.25, 11, 9.5 ], "texture": "#voxels_atlas" },
				"east": { "uv": [ 11.25, 9.75, 11, 10 ], "texture": "#voxels_atlas" }
			}
		},
		{
			"__comment": "Voxels",
			"from": [ 0, 26, 1 ],
			"to": [ 18, 27, 2 ],
			"faces": {
				"down": { "uv": [ 11.875, 14.125, 14.125, 14.25 ], "texture": "#voxels_atlas" },
				"up": { "uv": [ 9.625, 14.25, 11.875, 14.125 ], "texture": "#voxels_atlas" },
				"north": { "uv": [ 14.875, 14.25, 12.625, 14.375 ], "texture": "#voxels_atlas" },
				"south": { "uv": [ 12.625, 14.375, 14.875, 14.5 ], "texture": "#voxels_atlas" },
				"west": { "uv": [ 15.875, 13.75, 16, 13.875 ], "texture": "#voxels_atlas" },
				"east": { "uv": [ 16, 14.125, 15.875, 14.25 ], "texture": "#voxels_atlas" }
			}
		},
		{
			"__comment": "Voxels",
			"from": [ 0, 26, 2 ],
			"to": [ 3, 27, 15 ],
			"faces": {
				"down": { "uv": [ 9, 8.75, 9.375, 10.375 ], "texture": "#voxels_atlas" },
				"up": { "uv": [ 9, 12, 9.375, 10.375 ], "texture": "#voxels_atlas" },
				"north": { "uv": [ 16, 14, 15.625, 14.125 ], "texture": "#voxels_atlas" },
				"south": { "uv": [ 15.625, 13.875, 16, 14 ], "texture": "#voxels_atlas" },
				"west": { "uv": [ 9.625, 12.375, 11.25, 12.5 ], "texture": "#voxels_atlas" },
				"east": { "uv": [ 11.25, 12.25, 9.625, 12.375 ], "texture": "#voxels_atlas" }
			}
		},
		{
			"__comment": "Voxels",
			"from": [ 1, 0, 2 ],
			"to": [ 17, 2, 14 ],
			"faces": {
				"down": { "uv": [ 2, 13, 4, 14.5 ], "texture": "#voxels_atlas" },
				"up": { "uv": [ 2, 16, 4, 14.5 ], "texture": "#voxels_atlas" },
				"north": { "uv": [ 4, 8, 2, 8.25 ], "texture": "#voxels_atlas" },
				"south": { "uv": [ 2, 8.25, 4, 8.5 ], "texture": "#voxels_atlas" },
				"west": { "uv": [ 9.625, 14.5, 11.125, 14.75 ], "texture": "#voxels_atlas" },
				"east": { "uv": [ 12.625, 14.5, 11.125, 14.75 ], "texture": "#voxels_atlas" }
			}
		},
		{
			"__comment": "Voxels",
			"from": [ 1, 14, 1 ],
			"to": [ 17, 26, 2 ],
			"faces": {
				"down": { "uv": [ 11.625, 14, 13.625, 14.125 ], "texture": "#voxels_atlas" },
				"up": { "uv": [ 13.625, 13.875, 15.625, 13.75 ], "texture": "#voxels_atlas" },
				"north": { "uv": [ 4, 10, 2, 11.5 ], "texture": "#voxels_atlas" },
				"south": { "uv": [ 2, 11.5, 4, 13 ], "texture": "#voxels_atlas" },
				"west": { "uv": [ 10.125, 8.5, 10.25, 10 ], "texture": "#voxels_atlas" },
				"east": { "uv": [ 10, 8.5, 9.875, 10 ], "texture": "#voxels_atlas" }
			}
		},
		{
			"__comment": "Voxels",
			"from": [ 1, 14, 2 ],
			"to": [ 17, 15, 15 ],
			"faces": {
				"down": { "uv": [ 0, 12.75, 2, 14.375 ], "texture": "#voxels_atlas" },
				"up": { "uv": [ 0, 16, 2, 14.375 ], "texture": "#voxels_atlas" },
				"north": { "uv": [ 11.625, 13.625, 9.625, 13.75 ], "texture": "#voxels_atlas" },
				"south": { "uv": [ 13.625, 13.625, 15.625, 13.75 ], "texture": "#voxels_atlas" },
				"west": { "uv": [ 9.625, 12, 11.25, 12.125 ], "texture": "#voxels_atlas" },
				"east": { "uv": [ 11.25, 12.125, 9.625, 12.25 ], "texture": "#voxels_atlas" }
			}
		},
		{
			"__comment": "Voxels",
			"from": [ 1, 15, 2 ],
			"to": [ 3, 26, 7 ],
			"faces": {
				"down": { "uv": [ 15, 14.75, 15.25, 15.375 ], "texture": "#voxels_atlas" },
				"up": { "uv": [ 15, 16, 15.25, 15.375 ], "texture": "#voxels_atlas" },
				"north": { "uv": [ 7.5, 10.125, 7.25, 11.5 ], "texture": "#voxels_atlas" },
				"south": { "uv": [ 7.25, 8.625, 7.5, 10 ], "texture": "#voxels_atlas" },
				"west": { "uv": [ 9, 13.375, 9.625, 14.75 ], "texture": "#voxels_atlas" },
				"east": { "uv": [ 9.625, 12, 9, 13.375 ], "texture": "#voxels_atlas" }
			}
		},
		{
			"__comment": "Voxels",
			"from": [ 1, 15, 7 ],
			"to": [ 3, 16, 15 ],
			"faces": {
				"down": { "uv": [ 8.75, 9.25, 9, 10.25 ], "texture": "#voxels_atlas" },
				"up": { "uv": [ 8.5, 10.25, 8.75, 9.25 ], "texture": "#voxels_atlas" },
				"north": { "uv": [ 16, 12.25, 15.75, 12.375 ], "texture": "#voxels_atlas" },
				"south": { "uv": [ 11.375, 12.125, 11.625, 12.25 ], "texture": "#voxels_atlas" },
				"west": { "uv": [ 14.875, 14.25, 15.875, 14.375 ], "texture": "#voxels_atlas" },
				"east": { "uv": [ 15.875, 14.375, 14.875, 14.5 ], "texture": "#voxels_atlas" }
			}
		},
		{
			"__comment": "Voxels",
			"from": [ 1, 16, 9 ],
			"to": [ 3, 26, 15 ],
			"faces": {
				"down": { "uv": [ 14.75, 15.25, 15, 16 ], "texture": "#voxels_atlas" },
				"up": { "uv": [ 8.75, 9.25, 9, 8.5 ], "texture": "#voxels_atlas" },
				"north": { "uv": [ 8.75, 8, 8.5, 9.25 ], "texture": "#voxels_atlas" },
				"south": { "uv": [ 8.75, 10.25, 9, 11.5 ], "texture": "#voxels_atlas" },
				"west": { "uv": [ 1.25, 8, 2, 9.25 ], "texture": "#voxels_atlas" },
				"east": { "uv": [ 9.75, 14.75, 9, 16 ], "texture": "#voxels_atlas" }
			}
		},
		{
			"__comment": "Voxels",
			"from": [ 1, 18, 7 ],
			"to": [ 3, 22, 9 ],
			"faces": {
				"down": { "uv": [ 15.625, 14.5, 15.875, 14.75 ], "texture": "#voxels_atlas" },
				"up": { "uv": [ 9.25, 8.25, 9.5, 8 ], "texture": "#voxels_atlas" },
				"north": { "uv": [ 11.5, 14.75, 11.25, 15.25 ], "texture": "#voxels_atlas" },
				"south": { "uv": [ 11.5, 14.75, 11.75, 15.25 ], "texture": "#voxels_atlas" },
				"west": { "uv": [ 11.75, 14.75, 12, 15.25 ], "texture": "#voxels_atlas" },
				"east": { "uv": [ 12.25, 14.75, 12, 15.25 ], "texture": "#voxels_atlas" }
			}
		},
		{
			"__comment": "Voxels",
			"from": [ 1, 24, 7 ],
			"to": [ 3, 26, 9 ],
			"faces": {
				"down": { "uv": [ 9, 8, 9.25, 8.25 ], "texture": "#voxels_atlas" },
				"up": { "uv": [ 9.375, 8.5, 9.625, 8.25 ], "texture": "#voxels_atlas" },
				"north": { "uv": [ 9.625, 8.5, 9.375, 8.75 ], "texture": "#voxels_atlas" },
				"south": { "uv": [ 1.75, 9.25, 2, 9.5 ], "texture": "#voxels_atlas" },
				"west": { "uv": [ 1.75, 11, 2, 11.25 ], "texture": "#voxels_atlas" },
				"east": { "uv": [ 11, 9.75, 10.75, 10 ], "texture": "#voxels_atlas" }
			}
		},
		{
			"__comment": "Voxels",
			"from": [ 1, 26, 0 ],
			"to": [ 17, 27, 1 ],
			"faces": {
				"down": { "uv": [ 13.625, 14, 15.625, 14.125 ], "texture": "#voxels_atlas" },
				"up": { "uv": [ 9.625, 14, 11.625, 13.875 ], "texture": "#voxels_atlas" },
				"north": { "uv": [ 13.625, 13.75, 11.625, 13.875 ], "texture": "#voxels_atlas" },
				"south": { "uv": [ 11.625, 13.625, 13.625, 13.75 ], "texture": "#voxels_atlas" },
				"west": { "uv": [ 15.875, 14.25, 16, 14.375 ], "texture": "#voxels_atlas" },
				"east": { "uv": [ 16, 14.375, 15.875, 14.5 ], "texture": "#voxels_atlas" }
			}
		},
		{
			"__comment": "Voxels",
			"from": [ 1, 26, 15 ],
			"to": [ 17, 27, 16 ],
			"faces": {
				"down": { "uv": [ 9.625, 14, 11.625, 14.125 ], "texture": "#voxels_atlas" },
				"up": { "uv": [ 11.625, 14, 13.625, 13.875 ], "texture": "#voxels_atlas" },
				"north": { "uv": [ 15.625, 13.875, 13.625, 14 ], "texture": "#voxels_atlas" },
				"south": { "uv": [ 9.625, 13.75, 11.625, 13.875 ], "texture": "#voxels_atlas" },
				"west": { "uv": [ 11.375, 10.125, 11.5, 10.25 ], "texture": "#voxels_atlas" },
				"east": { "uv": [ 11.625, 10.25, 11.5, 10.375 ], "texture": "#voxels_atlas" }
			}
		},
		{
			"__comment": "Voxels",
			"from": [ 2, 0, 1 ],
			"to": [ 16, 2, 2 ],
			"faces": {
				"down": { "uv": [ 9.625, 13.125, 11.375, 13.25 ], "texture": "#voxels_atlas" },
				"up": { "uv": [ 11.375, 13.25, 13.125, 13.125 ], "texture": "#voxels_atlas" },
				"north": { "uv": [ 5.75, 8.25, 4, 8.5 ], "texture": "#voxels_atlas" },
				"south": { "uv": [ 5.75, 8, 7.5, 8.25 ], "texture": "#voxels_atlas" },
				"west": { "uv": [ 11.25, 9.25, 11.375, 9.5 ], "texture": "#voxels_atlas" },
				"east": { "uv": [ 11.375, 9, 11.25, 9.25 ], "texture": "#voxels_atlas" }
			}
		},
		{
			"__comment": "Voxels",
			"from": [ 2, 0, 14 ],
			"to": [ 16, 2, 15 ],
			"faces": {
				"down": { "uv": [ 11.375, 13.25, 13.125, 13.375 ], "texture": "#voxels_atlas" },
				"up": { "uv": [ 9.625, 12.875, 11.375, 12.75 ], "texture": "#voxels_atlas" },
				"north": { "uv": [ 7.5, 8.25, 5.75, 8.5 ], "texture": "#voxels_atlas" },
				"south": { "uv": [ 4, 8, 5.75, 8.25 ], "texture": "#voxels_atlas" },
				"west": { "uv": [ 11.25, 8.25, 11.375, 8.5 ], "texture": "#voxels_atlas" },
				"east": { "uv": [ 11.375, 8, 11.25, 8.25 ], "texture": "#voxels_atlas" }
			}
		},
		{
			"__comment": "Voxels",
			"from": [ 2, 2, 2 ],
			"to": [ 16, 3, 14 ],
			"faces": {
				"down": { "uv": [ 5.75, 14.5, 7.5, 16 ], "texture": "#voxels_atlas" },
				"up": { "uv": [ 4, 16, 5.75, 14.5 ], "texture": "#voxels_atlas" },
				"north": { "uv": [ 14.875, 12.75, 13.125, 12.875 ], "texture": "#voxels_atlas" },
				"south": { "uv": [ 9.625, 12.625, 11.375, 12.75 ], "texture": "#voxels_atlas" },
				"west": { "uv": [ 14.25, 12.5, 15.75, 12.625 ], "texture": "#voxels_atlas" },
				"east": { "uv": [ 11.125, 11.875, 9.625, 12 ], "texture": "#voxels_atlas" }
			}
		},
		{
			"__comment": "Voxels",
			"from": [ 2, 13, 1 ],
			"to": [ 16, 14, 15 ],
			"faces": {
				"down": { "uv": [ 0, 9.25, 1.75, 11 ], "texture": "#voxels_atlas" },
				"up": { "uv": [ 0, 12.75, 1.75, 11 ], "texture": "#voxels_atlas" },
				"north": { "uv": [ 14.875, 13.375, 13.125, 13.5 ], "texture": "#voxels_atlas" },
				"south": { "uv": [ 13.125, 13.25, 14.875, 13.375 ], "texture": "#voxels_atlas" },
				"west": { "uv": [ 13.125, 13.125, 14.875, 13.25 ], "texture": "#voxels_atlas" },
				"east": { "uv": [ 11.375, 13, 9.625, 13.125 ], "texture": "#voxels_atlas" }
			}
		},
		{
			"__comment": "Voxels",
			"from": [ 2, 14, 0 ],
			"to": [ 16, 26, 1 ],
			"faces": {
				"down": { "uv": [ 11.375, 12.875, 13.125, 13 ], "texture": "#voxels_atlas" },
				"up": { "uv": [ 13.125, 13, 14.875, 12.875 ], "texture": "#voxels_atlas" },
				"north": { "uv": [ 5.75, 8.5, 4, 10 ], "texture": "#voxels_atlas" },
				"south": { "uv": [ 4, 10, 5.75, 11.5 ], "texture": "#voxels_atlas" },
				"west": { "uv": [ 9.625, 8.5, 9.75, 10 ], "texture": "#voxels_atlas" },
				"east": { "uv": [ 9.75, 10, 9.625, 11.5 ], "texture": "#voxels_atlas" }
			}
		},
		{
			"__comment": "Voxels",
			"from": [ 2, 14, 15 ],
			"to": [ 16, 26, 16 ],
			"faces": {
				"down": { "uv": [ 13.125, 13, 14.875, 13.125 ], "texture": "#voxels_atlas" },
				"up": { "uv": [ 11.375, 12.875, 13.125, 12.75 ], "texture": "#voxels_atlas" },
				"north": { "uv": [ 7.5, 13, 5.75, 14.5 ], "texture": "#voxels_atlas" },
				"south": { "uv": [ 2, 8.5, 3.75, 10 ], "texture": "#voxels_atlas" },
				"west": { "uv": [ 9.5, 8.875, 9.625, 10.375 ], "texture": "#voxels_atlas" },
				"east": { "uv": [ 9.5, 8.875, 9.375, 10.375 ], "texture": "#voxels_atlas" }
			}
		},
		{
			"__comment": "Voxels",
			"from": [ 2, 26, -1 ],
			"to": [ 16, 27, 0 ],
			"faces": {
				"down": { "uv": [ 9.625, 13.5, 11.375, 13.625 ], "texture": "#voxels_atlas" },
				"up": { "uv": [ 11.375, 13.625, 13.125, 13.5 ], "texture": "#voxels_atlas" },
				"north": { "uv": [ 15.875, 14.125, 14.125, 14.25 ], "texture": "#voxels_atlas" },
				"south": { "uv": [ 9.625, 13.25, 11.375, 13.375 ], "texture": "#voxels_atlas" },
				"west": { "uv": [ 15.875, 13.625, 16, 13.75 ], "texture": "#voxels_atlas" },
				"east": { "uv": [ 16, 13.5, 15.875, 13.625 ], "texture": "#voxels_atlas" }
			}
		},
		{
			"__comment": "Voxels",
			"from": [ 2, 26, 16 ],
			"to": [ 16, 27, 17 ],
			"faces": {
				"down": { "uv": [ 11.375, 12.625, 13.125, 12.75 ], "texture": "#voxels_atlas" },
				"up": { "uv": [ 11.375, 13.125, 13.125, 13 ], "texture": "#voxels_atlas" },
				"north": { "uv": [ 13.125, 13.375, 11.375, 13.5 ], "texture": "#voxels_atlas" },
				"south": { "uv": [ 9.625, 13.375, 11.375, 13.5 ], "texture": "#voxels_atlas" },
				"west": { "uv": [ 11.5, 11, 11.625, 11.125 ], "texture": "#voxels_atlas" },
				"east": { "uv": [ 11.5, 10.875, 11.375, 11 ], "texture": "#voxels_atlas" }
			}
		},
		{
			"__comment": "Voxels",
			"from": [ 3, 0, 0 ],
			"to": [ 15, 2, 1 ],
			"faces": {
				"down": { "uv": [ 9.75, 10.75, 11.25, 10.875 ], "texture": "#voxels_atlas" },
				"up": { "uv": [ 9.75, 10.75, 11.25, 10.625 ], "texture": "#voxels_atlas" },
				"north": { "uv": [ 12.625, 14.25, 11.125, 14.5 ], "texture": "#voxels_atlas" },
				"south": { "uv": [ 12.625, 14.5, 14.125, 14.75 ], "texture": "#voxels_atlas" },
				"west": { "uv": [ 9.5, 8, 9.625, 8.25 ], "texture": "#voxels_atlas" },
				"east": { "uv": [ 16, 14.5, 15.875, 14.75 ], "texture": "#voxels_atlas" }
			}
		},
		{
			"__comment": "Voxels",
			"from": [ 3, 0, 15 ],
			"to": [ 15, 2, 16 ],
			"faces": {
				"down": { "uv": [ 9.75, 11.25, 11.25, 11.375 ], "texture": "#voxels_atlas" },
				"up": { "uv": [ 9.75, 11.5, 11.25, 11.375 ], "texture": "#voxels_atlas" },
				"north": { "uv": [ 15.625, 14.5, 14.125, 14.75 ], "texture": "#voxels_atlas" },
				"south": { "uv": [ 9.625, 14.25, 11.125, 14.5 ], "texture": "#voxels_atlas" },
				"west": { "uv": [ 10, 8.25, 10.125, 8.5 ], "texture": "#voxels_atlas" },
				"east": { "uv": [ 10.125, 8, 10, 8.25 ], "texture": "#voxels_atlas" }
			}
		},
		{
			"__comment": "Voxels",
			"from": [ 3, 2, 1 ],
			"to": [ 15, 3, 2 ],
			"faces": {
				"down": { "uv": [ 9.75, 10.375, 11.25, 10.5 ], "texture": "#voxels_atlas" },
				"up": { "uv": [ 9.75, 10.375, 11.25, 10.25 ], "texture": "#voxels_atlas" },
				"north": { "uv": [ 11.25, 10.125, 9.75, 10.25 ], "texture": "#voxels_atlas" },
				"south": { "uv": [ 9.75, 10, 11.25, 10.125 ], "texture": "#voxels_atlas" },
				"west": { "uv": [ 11.125, 11.625, 11.25, 11.75 ], "texture": "#voxels_atlas" },
				"east": { "uv": [ 11.25, 11.5, 11.125, 11.625 ], "texture": "#voxels_atlas" }
			}
		},
		{
			"__comment": "Voxels",
			"from": [ 3, 2, 14 ],
			"to": [ 15, 3, 15 ],
			"faces": {
				"down": { "uv": [ 11.25, 12.5, 12.75, 12.625 ], "texture": "#voxels_atlas" },
				"up": { "uv": [ 9.625, 11.875, 11.125, 11.75 ], "texture": "#voxels_atlas" },
				"north": { "uv": [ 11.125, 11.625, 9.625, 11.75 ], "texture": "#voxels_atlas" },
				"south": { "uv": [ 9.75, 10.5, 11.25, 10.625 ], "texture": "#voxels_atlas" },
				"west": { "uv": [ 11.5, 10.875, 11.625, 11 ], "texture": "#voxels_atlas" },
				"east": { "uv": [ 11.5, 10.75, 11.375, 10.875 ], "texture": "#voxels_atlas" }
			}
		},
		{
			"__comment": "Voxels",
			"from": [ 3, 3, 2 ],
			"to": [ 15, 4, 14 ],
			"faces": {
				"down": { "uv": [ 5.75, 10, 7.25, 11.5 ], "texture": "#voxels_atlas" },
				"up": { "uv": [ 7.5, 14.5, 9, 13 ], "texture": "#voxels_atlas" },
				"north": { "uv": [ 14.25, 12.375, 12.75, 12.5 ], "texture": "#voxels_atlas" },
				"south": { "uv": [ 9.625, 11.5, 11.125, 11.625 ], "texture": "#voxels_atlas" },
				"west": { "uv": [ 9.75, 11.125, 11.25, 11.25 ], "texture": "#voxels_atlas" },
				"east": { "uv": [ 12.75, 12.375, 11.25, 12.5 ], "texture": "#voxels_atlas" }
			}
		},
		{
			"__comment": "Voxels",
			"from": [ 3, 12, 2 ],
			"to": [ 15, 13, 14 ],
			"faces": {
				"down": { "uv": [ 7.5, 14.5, 9, 16 ], "texture": "#voxels_atlas" },
				"up": { "uv": [ 5.75, 10, 7.25, 8.5 ], "texture": "#voxels_atlas" },
				"north": { "uv": [ 11.25, 10.875, 9.75, 11 ], "texture": "#voxels_atlas" },
				"south": { "uv": [ 9.75, 11, 11.25, 11.125 ], "texture": "#voxels_atlas" },
				"west": { "uv": [ 12.75, 12.5, 14.25, 12.625 ], "texture": "#voxels_atlas" },
				"east": { "uv": [ 15.75, 12.375, 14.25, 12.5 ], "texture": "#voxels_atlas" }
			}
		},
		{
			"__comment": "Voxels",
			"from": [ 3, 15, 14 ],
			"to": [ 17, 27, 15 ],
			"faces": {
				"down": { "uv": [ 13.125, 13.5, 14.875, 13.625 ], "texture": "#voxels_atlas" },
				"up": { "uv": [ 9.625, 13, 11.375, 12.875 ], "texture": "#voxels_atlas" },
				"north": { "uv": [ 5.75, 11.5, 4, 13 ], "texture": "#voxels_atlas" },
				"south": { "uv": [ 4, 13, 5.75, 14.5 ], "texture": "#voxels_atlas" },
				"west": { "uv": [ 9.75, 8.5, 9.875, 10 ], "texture": "#voxels_atlas" },
				"east": { "uv": [ 10.125, 8.5, 10, 10 ], "texture": "#voxels_atlas" }
			}
		},
		{
			"__comment": "Voxels",
			"from": [ 4, 11, 3 ],
			"to": [ 14, 12, 13 ],
			"faces": {
				"down": { "uv": [ 7.5, 10.25, 8.75, 11.5 ], "texture": "#voxels_atlas" },
				"up": { "uv": [ 0, 9.25, 1.25, 8 ], "texture": "#voxels_atlas" },
				"north": { "uv": [ 16, 12.625, 14.75, 12.75 ], "texture": "#voxels_atlas" },
				"south": { "uv": [ 12.5, 12.25, 13.75, 12.375 ], "texture": "#voxels_atlas" },
				"west": { "uv": [ 11.25, 12.25, 12.5, 12.375 ], "texture": "#voxels_atlas" },
				"east": { "uv": [ 15, 12.25, 13.75, 12.375 ], "texture": "#voxels_atlas" }
			}
		},
		{
			"__comment": "Voxels",
			"from": [ 5, 4, 5 ],
			"to": [ 13, 5, 11 ],
			"faces": {
				"down": { "uv": [ 9.75, 15.25, 10.75, 16 ], "texture": "#voxels_atlas" },
				"up": { "uv": [ 10.75, 16, 11.75, 15.25 ], "texture": "#voxels_atlas" },
				"north": { "uv": [ 8.5, 8.125, 7.5, 8.25 ], "texture": "#voxels_atlas" },
				"south": { "uv": [ 7.5, 8, 8.5, 8.125 ], "texture": "#voxels_atlas" },
				"west": { "uv": [ 12.5, 15.125, 13.25, 15.25 ], "texture": "#voxels_atlas" },
				"east": { "uv": [ 16, 15.375, 15.25, 15.5 ], "texture": "#voxels_atlas" }
			}
		},
		{
			"__comment": "Voxels",
			"from": [ 5, 10, 4 ],
			"to": [ 13, 11, 12 ],
			"faces": {
				"down": { "uv": [ 7.5, 9.25, 8.5, 10.25 ], "texture": "#voxels_atlas" },
				"up": { "uv": [ 7.5, 9.25, 8.5, 8.25 ], "texture": "#voxels_atlas" },
				"north": { "uv": [ 10.75, 15.125, 9.75, 15.25 ], "texture": "#voxels_atlas" },
				"south": { "uv": [ 9.75, 15, 10.75, 15.125 ], "texture": "#voxels_atlas" },
				"west": { "uv": [ 9.75, 14.875, 10.75, 15 ], "texture": "#voxels_atlas" },
				"east": { "uv": [ 10.75, 14.75, 9.75, 14.875 ], "texture": "#voxels_atlas" }
			}
		},
		{
			"__comment": "Voxels",
			"from": [ 6, 4, 4 ],
			"to": [ 12, 5, 5 ],
			"faces": {
				"down": { "uv": [ 14.875, 13.5, 15.625, 13.625 ], "texture": "#voxels_atlas" },
				"up": { "uv": [ 12.5, 15.125, 13.25, 15 ], "texture": "#voxels_atlas" },
				"north": { "uv": [ 13.25, 14.875, 12.5, 15 ], "texture": "#voxels_atlas" },
				"south": { "uv": [ 14.875, 13.375, 15.625, 13.5 ], "texture": "#voxels_atlas" },
				"west": { "uv": [ 15.875, 12.875, 16, 13 ], "texture": "#voxels_atlas" },
				"east": { "uv": [ 16, 12.75, 15.875, 12.875 ], "texture": "#voxels_atlas" }
			}
		},
		{
			"__comment": "Voxels",
			"from": [ 6, 4, 11 ],
			"to": [ 12, 5, 12 ],
			"faces": {
				"down": { "uv": [ 12.5, 14.75, 13.25, 14.875 ], "texture": "#voxels_atlas" },
				"up": { "uv": [ 15.25, 15.75, 16, 15.625 ], "texture": "#voxels_atlas" },
				"north": { "uv": [ 16, 15.5, 15.25, 15.625 ], "texture": "#voxels_atlas" },
				"south": { "uv": [ 15.25, 15, 16, 15.125 ], "texture": "#voxels_atlas" },
				"west": { "uv": [ 11.375, 11.125, 11.5, 11.25 ], "texture": "#voxels_atlas" },
				"east": { "uv": [ 11.625, 10, 11.5, 10.125 ], "texture": "#voxels_atlas" }
			}
		},
		{
			"__comment": "Voxels",
			"from": [ 6, 5, 5 ],
			"to": [ 12, 10, 11 ],
			"faces": {
				"down": { "uv": [ 12.5, 15.25, 13.25, 16 ], "texture": "#voxels_atlas" },
				"up": { "uv": [ 11.75, 16, 12.5, 15.25 ], "texture": "#voxels_atlas" },
				"north": { "uv": [ 14.75, 15.375, 14, 16 ], "texture": "#voxels_atlas" },
				"south": { "uv": [ 13.25, 14.75, 14, 15.375 ], "texture": "#voxels_atlas" },
				"west": { "uv": [ 13.25, 15.375, 14, 16 ], "texture": "#voxels_atlas" },
				"east": { "uv": [ 14.75, 14.75, 14, 15.375 ], "texture": "#voxels_atlas" }
			}
		},
		{
			"__comment": "Voxels",
			"from": [ 15, 15, 2 ],
			"to": [ 17, 27, 14 ],
			"faces": {
				"down": { "uv": [ 7.25, 11.5, 7.5, 13 ], "texture": "#voxels_atlas" },
				"up": { "uv": [ 3.75, 10, 4, 8.5 ], "texture": "#voxels_atlas" },
				"north": { "uv": [ 2, 9.5, 1.75, 11 ], "texture": "#voxels_atlas" },
				"south": { "uv": [ 1.75, 11.25, 2, 12.75 ], "texture": "#voxels_atlas" },
				"west": { "uv": [ 7.5, 11.5, 9, 13 ], "texture": "#voxels_atlas" },
				"east": { "uv": [ 7.25, 11.5, 5.75, 13 ], "texture": "#voxels_atlas" }
			}
		},
		{
			"__comment": "Voxels",
			"from": [ 17, 16, 7 ],
			"to": [ 18, 18, 9 ],
			"faces": {
				"down": { "uv": [ 10.625, 8.5, 10.75, 8.75 ], "texture": "#voxels_atlas" },
				"up": { "uv": [ 10.75, 8.75, 10.875, 8.5 ], "texture": "#voxels_atlas" },
				"north": { "uv": [ 11, 8.5, 10.875, 8.75 ], "texture": "#voxels_atlas" },
				"south": { "uv": [ 11, 8.5, 11.125, 8.75 ], "texture": "#voxels_atlas" },
				"west": { "uv": [ 10.75, 9.5, 11, 9.75 ], "texture": "#voxels_atlas" },
				"east": { "uv": [ 11.25, 9.5, 11, 9.75 ], "texture": "#voxels_atlas" }
			}
		},
		{
			"__comment": "Voxels",
			"from": [ 17, 22, 7 ],
			"to": [ 18, 24, 9 ],
			"faces": {
				"down": { "uv": [ 11.125, 8.5, 11.25, 8.75 ], "texture": "#voxels_atlas" },
				"up": { "uv": [ 10.625, 8.5, 10.75, 8.25 ], "texture": "#voxels_atlas" },
				"north": { "uv": [ 10.75, 8, 10.625, 8.25 ], "texture": "#voxels_atlas" },
				"south": { "uv": [ 10.75, 8.25, 10.875, 8.5 ], "texture": "#voxels_atlas" },
				"west": { "uv": [ 10.25, 9.25, 10.5, 9.5 ], "texture": "#voxels_atlas" },
				"east": { "uv": [ 10.75, 9.25, 10.5, 9.5 ], "texture": "#voxels_atlas" }
			}
		},
		{
			"__comment": "Voxels",
			"from": [ 17, 26, 2 ],
			"to": [ 18, 27, 15 ],
			"faces": {
				"down": { "uv": [ 9.375, 10.375, 9.5, 12 ], "texture": "#voxels_atlas" },
				"up": { "uv": [ 9.5, 12, 9.625, 10.375 ], "texture": "#voxels_atlas" },
				"north": { "uv": [ 11.625, 11.125, 11.5, 11.25 ], "texture": "#voxels_atlas" },
				"south": { "uv": [ 11.375, 11, 11.5, 11.125 ], "texture": "#voxels_atlas" },
				"west": { "uv": [ 13.125, 12.625, 14.75, 12.75 ], "texture": "#voxels_atlas" },
				"east": { "uv": [ 11.25, 12.5, 9.625, 12.625 ], "texture": "#voxels_atlas" }
			}
		},
		{
			"__comment": "Voxels",
			"from": [ 18, 18, 7 ],
			"to": [ 19, 19, 9 ],
			"faces": {
				"down": { "uv": [ 11.125, 8.25, 11.25, 8.5 ], "texture": "#voxels_atlas" },
				"up": { "uv": [ 10.875, 8.25, 11, 8 ], "texture": "#voxels_atlas" },
				"north": { "uv": [ 11.625, 10.75, 11.5, 10.875 ], "texture": "#voxels_atlas" },
				"south": { "uv": [ 11.375, 10.625, 11.5, 10.75 ], "texture": "#voxels_atlas" },
				"west": { "uv": [ 15.375, 13, 15.625, 13.125 ], "texture": "#voxels_atlas" },
				"east": { "uv": [ 15.875, 13, 15.625, 13.125 ], "texture": "#voxels_atlas" }
			}
		},
		{
			"__comment": "Voxels",
			"from": [ 18, 24, 7 ],
			"to": [ 19, 25, 9 ],
			"faces": {
				"down": { "uv": [ 11, 8, 11.125, 8.25 ], "texture": "#voxels_atlas" },
				"up": { "uv": [ 11.125, 8.25, 11.25, 8 ], "texture": "#voxels_atlas" },
				"north": { "uv": [ 11.625, 10.375, 11.5, 10.5 ], "texture": "#voxels_atlas" },
				"south": { "uv": [ 11.375, 10.25, 11.5, 10.375 ], "texture": "#voxels_atlas" },
				"west": { "uv": [ 14.875, 12.875, 15.125, 13 ], "texture": "#voxels_atlas" },
				"east": { "uv": [ 15.375, 12.875, 15.125, 13 ], "texture": "#voxels_atlas" }
			}
		},
		{
			"__comment": "Voxels",
			"from": [ 19, 19, 7 ],
			"to": [ 21, 20, 9 ],
			"faces": {
				"down": { "uv": [ 10.75, 9, 11, 9.25 ], "texture": "#voxels_atlas" },
				"up": { "uv": [ 11, 9.25, 11.25, 9 ], "texture": "#voxels_atlas" },
				"north": { "uv": [ 15.875, 12.875, 15.625, 13 ], "texture": "#voxels_atlas" },
				"south": { "uv": [ 14.875, 12.75, 15.125, 12.875 ], "texture": "#voxels_atlas" },
				"west": { "uv": [ 15.125, 12.75, 15.375, 12.875 ], "texture": "#voxels_atlas" },
				"east": { "uv": [ 15.625, 12.75, 15.375, 12.875 ], "texture": "#voxels_atlas" }
			}
		},
		{
			"__comment": "Voxels",
			"from": [ 19, 25, 7 ],
			"to": [ 20, 26, 9 ],
			"faces": {
				"down": { "uv": [ 11.25, 11.75, 11.375, 12 ], "texture": "#voxels_atlas" },
				"up": { "uv": [ 11.25, 11.75, 11.375, 11.5 ], "texture": "#voxels_atlas" },
				"north": { "uv": [ 16, 13.375, 15.875, 13.5 ], "texture": "#voxels_atlas" },
				"south": { "uv": [ 15.875, 13.25, 16, 13.375 ], "texture": "#voxels_atlas" },
				"west": { "uv": [ 15.625, 12.75, 15.875, 12.875 ], "texture": "#voxels_atlas" },
				"east": { "uv": [ 16, 12.5, 15.75, 12.625 ], "texture": "#voxels_atlas" }
			}
		},
		{
			"__comment": "Voxels",
			"from": [ 20, 26, 7 ],
			"to": [ 21, 27, 9 ],
			"faces": {
				"down": { "uv": [ 11.25, 11.25, 11.375, 11.5 ], "texture": "#voxels_atlas" },
				"up": { "uv": [ 11.25, 11.25, 11.375, 11 ], "texture": "#voxels_atlas" },
				"north": { "uv": [ 11.25, 11.875, 11.125, 12 ], "texture": "#voxels_atlas" },
				"south": { "uv": [ 11.125, 11.75, 11.25, 11.875 ], "texture": "#voxels_atlas" },
				"west": { "uv": [ 15.75, 12.375, 16, 12.5 ], "texture": "#voxels_atlas" },
				"east": { "uv": [ 15.25, 12.25, 15, 12.375 ], "texture": "#voxels_atlas" }
			}
		},
		{
			"__comment": "Voxels",
			"from": [ 21, 20, 7 ],
			"to": [ 22, 21, 9 ],
			"faces": {
				"down": { "uv": [ 11.25, 10.75, 11.375, 11 ], "texture": "#voxels_atlas" },
				"up": { "uv": [ 11.25, 10.75, 11.375, 10.5 ], "texture": "#voxels_atlas" },
				"north": { "uv": [ 11.5, 11.25, 11.375, 11.375 ], "texture": "#voxels_atlas" },
				"south": { "uv": [ 11.5, 11.25, 11.625, 11.375 ], "texture": "#voxels_atlas" },
				"west": { "uv": [ 15.25, 12.25, 15.5, 12.375 ], "texture": "#voxels_atlas" },
				"east": { "uv": [ 15.75, 12.25, 15.5, 12.375 ], "texture": "#voxels_atlas" }
			}
		},
		{
			"__comment": "Voxels",
			"from": [ 21, 27, 7 ],
			"to": [ 23, 28, 9 ],
			"faces": {
				"down": { "uv": [ 10.25, 8.5, 10.5, 8.75 ], "texture": "#voxels_atlas" },
				"up": { "uv": [ 10.5, 9, 10.75, 8.75 ], "texture": "#voxels_atlas" },
				"north": { "uv": [ 11.625, 12, 11.375, 12.125 ], "texture": "#voxels_atlas" },
				"south": { "uv": [ 11.375, 11.875, 11.625, 12 ], "texture": "#voxels_atlas" },
				"west": { "uv": [ 11.375, 11.75, 11.625, 11.875 ], "texture": "#voxels_atlas" },
				"east": { "uv": [ 11.625, 11.625, 11.375, 11.75 ], "texture": "#voxels_atlas" }
			}
		},
		{
			"__comment": "Voxels",
			"from": [ 22, 21, 7 ],
			"to": [ 23, 23, 9 ],
			"faces": {
				"down": { "uv": [ 11.25, 10.25, 11.375, 10.5 ], "texture": "#voxels_atlas" },
				"up": { "uv": [ 11.25, 10.25, 11.375, 10 ], "texture": "#voxels_atlas" },
				"north": { "uv": [ 11.375, 9.75, 11.25, 10 ], "texture": "#voxels_atlas" },
				"south": { "uv": [ 11.25, 9.5, 11.375, 9.75 ], "texture": "#voxels_atlas" },
				"west": { "uv": [ 10.75, 8.75, 11, 9 ], "texture": "#voxels_atlas" },
				"east": { "uv": [ 11.25, 8.75, 11, 9 ], "texture": "#voxels_atlas" }
			}
		},
		{
			"__comment": "Voxels",
			"from": [ 23, 23, 7 ],
			"to": [ 24, 27, 9 ],
			"faces": {
				"down": { "uv": [ 11.25, 8.75, 11.375, 9 ], "texture": "#voxels_atlas" },
				"up": { "uv": [ 11.25, 8.75, 11.375, 8.5 ], "texture": "#voxels_atlas" },
				"north": { "uv": [ 9.75, 8, 9.625, 8.5 ], "texture": "#voxels_atlas" },
				"south": { "uv": [ 9.75, 8, 9.875, 8.5 ], "texture": "#voxels_atlas" },
				"west": { "uv": [ 12.25, 14.75, 12.5, 15.25 ], "texture": "#voxels_atlas" },
				"east": { "uv": [ 11.25, 14.75, 11, 15.25 ], "texture": "#voxels_atlas" }
			}
		},
		{
			"__comment": "Box58",
			"from": [ 2, 14.5, -0.01 ],
			"to": [ 16, 26, -0.009 ],
			"faces": {
				"down": { "uv": [ 0, 0, 16, 16 ], "texture": "#voxels_atlas" },
				"up": { "uv": [ 0, 0, 16, 16 ], "texture": "#voxels_atlas" },
				"north": { "uv": [ 0, 0, 16, 16 ], "texture": "#particle" },
				"south": { "uv": [ 0, 0, 16, 16 ], "texture": "#voxels_atlas" },
				"west": { "uv": [ 0, 0, 16, 16 ], "texture": "#voxels_atlas" },
				"east": { "uv": [ 0, 0, 16, 16 ], "texture": "#voxels_atlas" }
			}
		},
		{
			"__comment": "Box59",
			"from": [ 2, 14.5, 16.01 ],
			"to": [ 16, 26, 16.011 ],
			"faces": {
				"down": { "uv": [ 0, 0, 16, 16 ], "texture": "#voxels_atlas" },
				"up": { "uv": [ 0, 0, 16, 16 ], "texture": "#voxels_atlas" },
				"north": { "uv": [ 0, 0, 16, 16 ], "texture": "#texture" },
				"south": { "uv": [ 0, 0, 16, 16 ], "texture": "#texture" },
				"west": { "uv": [ 0, 0, 16, 16 ], "texture": "#voxels_atlas" },
				"east": { "uv": [ 0, 0, 16, 16 ], "texture": "#voxels_atlas" }
			}
		}
	],
	"gui_light": "front",	
	"display": {
		"thirdperson_righthand": {
			"rotation":  [ 5, 128, 0 ],
			"scale":  [ 0.4, 0.4, 0.4 ]
		},
		"thirdperson_lefthand": {
			"rotation":  [ 5, 128, 0 ],
			"scale":  [ 0.4, 0.4, 0.4 ]
		},
		"firstperson_righthand": {
			"rotation":  [ -3, 88, 0 ],
			"scale":  [ 0.4, 0.4, 0.4 ]
		},
		"firstperson_lefthand": {
			"rotation":  [ -3, 88, 0 ],
			"scale":  [ 0.4, 0.4, 0.4 ]
		},
		"gui": {
			"rotation":  [ 30, 225, 0 ],
			"translation":  [ 0.6956, -2.085, 0 ],
			"scale":  [ 0.4, 0.4, 0.4 ]
		},
		"ground": {
			"rotation":  [ 27, 0, 0 ],
			"translation":  [ 0, 2.0875, 0 ],
			"scale":  [ 0.4, 0.4, 0.4 ]
		},
		"fixed": {
			"rotation":  [ -90, 0, 0 ],
			"translation":  [ 0, 0, -9.738 ],
			"scale":  [ 1.3, 1.3, 1.3 ]
		}
	}
}