{
	"__comment": "Designed by Pashjn with Cubik Studio - https://cubik.studio",
	"textures": {
		"particle": "items/anubisbowd",
		"texture": "items/anubisbowd",
		"voxels_atlas": "items/anubisbowd"
	},
	"elements": [ 	 
		{
			"__comment": "Voxels",
			"from": [ 2.5, -7.5, 3.5 ],
			"to": [ 5, -6.5, 4 ],
			"faces": {
				"down": { "uv": [ 9, 15, 10.25, 15.25 ], "texture": "#voxels_atlas" },
				"up": { "uv": [ 7.5, 16, 8.75, 15.75 ], "texture": "#voxels_atlas" },
				"north": { "uv": [ 4.5, 14, 3.25, 14.5 ], "texture": "#voxels_atlas" },
				"south": { "uv": [ 2.25, 13.5, 3.5, 14 ], "texture": "#voxels_atlas" },
				"west": { "uv": [ 11, 11.5, 11.25, 12 ], "texture": "#voxels_atlas" },
				"east": { "uv": [ 11.25, 11, 11, 11.5 ], "texture": "#voxels_atlas" }
			}
		},
		{
			"__comment": "Voxels",
			"from": [ 2.5, -7, 4 ],
			"to": [ 5, -6, 4.5 ],
			"faces": {
				"down": { "uv": [ 8.75, 15.75, 10, 16 ], "texture": "#voxels_atlas" },
				"up": { "uv": [ 10, 16, 11.25, 15.75 ], "texture": "#voxels_atlas" },
				"north": { "uv": [ 4.75, 12.5, 3.5, 13 ], "texture": "#voxels_atlas" },
				"south": { "uv": [ 2.25, 12, 3.5, 12.5 ], "texture": "#voxels_atlas" },
				"west": { "uv": [ 11, 10.5, 11.25, 11 ], "texture": "#voxels_atlas" },
				"east": { "uv": [ 11.25, 10, 11, 10.5 ], "texture": "#voxels_atlas" }
			}
		},
		{
			"__comment": "Voxels",
			"from": [ 2.5, -0.5, 8.5 ],
			"to": [ 5, 0.5, 9 ],
			"faces": {
				"down": { "uv": [ 11.25, 15.75, 12.5, 16 ], "texture": "#voxels_atlas" },
				"up": { "uv": [ 12.5, 16, 13.75, 15.75 ], "texture": "#voxels_atlas" },
				"north": { "uv": [ 3.5, 11, 2.25, 11.5 ], "texture": "#voxels_atlas" },
				"south": { "uv": [ 3.5, 11, 4.75, 11.5 ], "texture": "#voxels_atlas" },
				"west": { "uv": [ 11, 9.5, 11.25, 10 ], "texture": "#voxels_atlas" },
				"east": { "uv": [ 11.25, 8, 11, 8.5 ], "texture": "#voxels_atlas" }
			}
		},
		{
			"__comment": "Voxels",
			"from": [ 2.5, 0, 9 ],
			"to": [ 5, 2.5, 9.5 ],
			"faces": {
				"down": { "uv": [ 13.75, 15.75, 15, 16 ], "texture": "#voxels_atlas" },
				"up": { "uv": [ 7.5, 15.75, 8.75, 15.5 ], "texture": "#voxels_atlas" },
				"north": { "uv": [ 1.25, 14.75, 0, 16 ], "texture": "#voxels_atlas" },
				"south": { "uv": [ 0, 13.5, 1.25, 14.75 ], "texture": "#voxels_atlas" },
				"west": { "uv": [ 7.25, 9.75, 7.5, 11 ], "texture": "#voxels_atlas" },
				"east": { "uv": [ 7, 8.5, 6.75, 9.75 ], "texture": "#voxels_atlas" }
			}
		},
		{
			"__comment": "Voxels",
			"from": [ 2.5, 2, 8.5 ],
			"to": [ 5, 3, 9 ],
			"faces": {
				"down": { "uv": [ 8.75, 15.5, 10, 15.75 ], "texture": "#voxels_atlas" },
				"up": { "uv": [ 10, 15.75, 11.25, 15.5 ], "texture": "#voxels_atlas" },
				"north": { "uv": [ 3.5, 12.5, 2.25, 13 ], "texture": "#voxels_atlas" },
				"south": { "uv": [ 3.5, 12, 4.75, 12.5 ], "texture": "#voxels_atlas" },
				"west": { "uv": [ 11.25, 12.5, 11.5, 13 ], "texture": "#voxels_atlas" },
				"east": { "uv": [ 5, 12, 4.75, 12.5 ], "texture": "#voxels_atlas" }
			}
		},
		{
			"__comment": "Voxels",
			"from": [ 2.5, 12.5, 8.5 ],
			"to": [ 5, 13.5, 9 ],
			"faces": {
				"down": { "uv": [ 11.25, 15.5, 12.5, 15.75 ], "texture": "#voxels_atlas" },
				"up": { "uv": [ 12.5, 15.75, 13.75, 15.5 ], "texture": "#voxels_atlas" },
				"north": { "uv": [ 3.5, 11.5, 2.25, 12 ], "texture": "#voxels_atlas" },
				"south": { "uv": [ 3.5, 11.5, 4.75, 12 ], "texture": "#voxels_atlas" },
				"west": { "uv": [ 5, 12, 5.25, 12.5 ], "texture": "#voxels_atlas" },
				"east": { "uv": [ 5.25, 10.5, 5, 11 ], "texture": "#voxels_atlas" }
			}
		},
		{
			"__comment": "Voxels",
			"from": [ 2.5, 13, 9 ],
			"to": [ 5, 15.5, 9.5 ],
			"faces": {
				"down": { "uv": [ 13.75, 15.5, 15, 15.75 ], "texture": "#voxels_atlas" },
				"up": { "uv": [ 7.75, 15.5, 9, 15.25 ], "texture": "#voxels_atlas" },
				"north": { "uv": [ 1.25, 12.25, 0, 13.5 ], "texture": "#voxels_atlas" },
				"south": { "uv": [ 0, 11, 1.25, 12.25 ], "texture": "#voxels_atlas" },
				"west": { "uv": [ 7.5, 13, 7.75, 14.25 ], "texture": "#voxels_atlas" },
				"east": { "uv": [ 7.75, 11.75, 7.5, 13 ], "texture": "#voxels_atlas" }
			}
		},
		{
			"__comment": "Voxels",
			"from": [ 2.5, 15, 8.5 ],
			"to": [ 5, 16, 9 ],
			"faces": {
				"down": { "uv": [ 9, 15.25, 10.25, 15.5 ], "texture": "#voxels_atlas" },
				"up": { "uv": [ 10.25, 15.5, 11.5, 15.25 ], "texture": "#voxels_atlas" },
				"north": { "uv": [ 4.5, 15, 3.25, 15.5 ], "texture": "#voxels_atlas" },
				"south": { "uv": [ 2.25, 10.5, 3.5, 11 ], "texture": "#voxels_atlas" },
				"west": { "uv": [ 8, 8, 8.25, 8.5 ], "texture": "#voxels_atlas" },
				"east": { "uv": [ 10.25, 8.5, 10, 9 ], "texture": "#voxels_atlas" }
			}
		},
		{
			"__comment": "Voxels",
			"from": [ 2.5, 21.5, 4 ],
			"to": [ 5, 22.5, 4.5 ],
			"faces": {
				"down": { "uv": [ 11.5, 15.25, 12.75, 15.5 ], "texture": "#voxels_atlas" },
				"up": { "uv": [ 12.75, 15.5, 14, 15.25 ], "texture": "#voxels_atlas" },
				"north": { "uv": [ 4.75, 13.5, 3.5, 14 ], "texture": "#voxels_atlas" },
				"south": { "uv": [ 2.25, 13, 3.5, 13.5 ], "texture": "#voxels_atlas" },
				"west": { "uv": [ 10, 8, 10.25, 8.5 ], "texture": "#voxels_atlas" },
				"east": { "uv": [ 10.5, 12.25, 10.25, 12.75 ], "texture": "#voxels_atlas" }
			}
		},
		{
			"__comment": "Voxels",
			"from": [ 2.5, 22, 3.5 ],
			"to": [ 5, 23, 4 ],
			"faces": {
				"down": { "uv": [ 14, 15.25, 15.25, 15.5 ], "texture": "#voxels_atlas" },
				"up": { "uv": [ 7.75, 15.25, 9, 15 ], "texture": "#voxels_atlas" },
				"north": { "uv": [ 4.5, 14.5, 3.25, 15 ], "texture": "#voxels_atlas" },
				"south": { "uv": [ 3.5, 13, 4.75, 13.5 ], "texture": "#voxels_atlas" },
				"west": { "uv": [ 10.5, 12.25, 10.75, 12.75 ], "texture": "#voxels_atlas" },
				"east": { "uv": [ 10.75, 11.75, 10.5, 12.25 ], "texture": "#voxels_atlas" }
			}
		},
		{
			"__comment": "Voxels",
			"from": [ 3, -8.5, 3.5 ],
			"to": [ 4.5, -7.5, 4 ],
			"faces": {
				"down": { "uv": [ 13.75, 14.25, 14.5, 14.5 ], "texture": "#voxels_atlas" },
				"up": { "uv": [ 15.25, 15, 16, 14.75 ], "texture": "#voxels_atlas" },
				"north": { "uv": [ 6, 8.75, 5.25, 9.25 ], "texture": "#voxels_atlas" },
				"south": { "uv": [ 5.25, 8.25, 6, 8.75 ], "texture": "#voxels_atlas" },
				"west": { "uv": [ 10.75, 11.75, 11, 12.25 ], "texture": "#voxels_atlas" },
				"east": { "uv": [ 10.5, 11.25, 10.25, 11.75 ], "texture": "#voxels_atlas" }
			}
		},
		{
			"__comment": "Voxels",
			"from": [ 3, -6.5, 4.5 ],
			"to": [ 4.5, -5.5, 5 ],
			"faces": {
				"down": { "uv": [ 15, 14, 15.75, 14.25 ], "texture": "#voxels_atlas" },
				"up": { "uv": [ 9.75, 14, 10.5, 13.75 ], "texture": "#voxels_atlas" },
				"north": { "uv": [ 6, 9.75, 5.25, 10.25 ], "texture": "#voxels_atlas" },
				"south": { "uv": [ 6, 12.5, 6.75, 13 ], "texture": "#voxels_atlas" },
				"west": { "uv": [ 10.25, 10.75, 10.5, 11.25 ], "texture": "#voxels_atlas" },
				"east": { "uv": [ 10.75, 10.75, 10.5, 11.25 ], "texture": "#voxels_atlas" }
			}
		},
		{
			"__comment": "Voxels",
			"from": [ 3, -6, 5 ],
			"to": [ 4.5, -5, 5.5 ],
			"faces": {
				"down": { "uv": [ 12.75, 13.75, 13.5, 14 ], "texture": "#voxels_atlas" },
				"up": { "uv": [ 13.5, 14, 14.25, 13.75 ], "texture": "#voxels_atlas" },
				"north": { "uv": [ 6.75, 10.5, 6, 11 ], "texture": "#voxels_atlas" },
				"south": { "uv": [ 6, 10, 6.75, 10.5 ], "texture": "#voxels_atlas" },
				"west": { "uv": [ 10.75, 10.75, 11, 11.25 ], "texture": "#voxels_atlas" },
				"east": { "uv": [ 10.5, 10.25, 10.25, 10.75 ], "texture": "#voxels_atlas" }
			}
		},
		{
			"__comment": "Voxels",
			"from": [ 3, -5.5, 5.5 ],
			"to": [ 4.5, -4, 6 ],
			"faces": {
				"down": { "uv": [ 10, 13.5, 10.75, 13.75 ], "texture": "#voxels_atlas" },
				"up": { "uv": [ 14.75, 13.25, 15.5, 13 ], "texture": "#voxels_atlas" },
				"north": { "uv": [ 5.25, 8.25, 4.5, 9 ], "texture": "#voxels_atlas" },
				"south": { "uv": [ 5.25, 15.25, 6, 16 ], "texture": "#voxels_atlas" },
				"west": { "uv": [ 9.75, 9.25, 10, 10 ], "texture": "#voxels_atlas" },
				"east": { "uv": [ 10, 10, 9.75, 10.75 ], "texture": "#voxels_atlas" }
			}
		},
		{
			"__comment": "Voxels",
			"from": [ 3, -4.5, 6 ],
			"to": [ 4.5, -3, 6.5 ],
			"faces": {
				"down": { "uv": [ 11.25, 13.75, 12, 14 ], "texture": "#voxels_atlas" },
				"up": { "uv": [ 10.5, 14, 11.25, 13.75 ], "texture": "#voxels_atlas" },
				"north": { "uv": [ 6, 14.5, 5.25, 15.25 ], "texture": "#voxels_atlas" },
				"south": { "uv": [ 5.25, 13.75, 6, 14.5 ], "texture": "#voxels_atlas" },
				"west": { "uv": [ 14.75, 14, 15, 14.75 ], "texture": "#voxels_atlas" },
				"east": { "uv": [ 14.75, 14, 14.5, 14.75 ], "texture": "#voxels_atlas" }
			}
		},
		{
			"__comment": "Voxels",
			"from": [ 3, -3.5, 6.5 ],
			"to": [ 4.5, -2.5, 7 ],
			"faces": {
				"down": { "uv": [ 14.5, 14.75, 15.25, 15 ], "texture": "#voxels_atlas" },
				"up": { "uv": [ 13.75, 14.25, 14.5, 14 ], "texture": "#voxels_atlas" },
				"north": { "uv": [ 6.75, 12, 6, 12.5 ], "texture": "#voxels_atlas" },
				"south": { "uv": [ 6, 8.5, 6.75, 9 ], "texture": "#voxels_atlas" },
				"west": { "uv": [ 10.5, 10.25, 10.75, 10.75 ], "texture": "#voxels_atlas" },
				"east": { "uv": [ 11, 10.25, 10.75, 10.75 ], "texture": "#voxels_atlas" }
			}
		},
		{
			"__comment": "Voxels",
			"from": [ 3, -3, 7 ],
			"to": [ 4.5, -2, 7.5 ],
			"faces": {
				"down": { "uv": [ 11.75, 15, 12.5, 15.25 ], "texture": "#voxels_atlas" },
				"up": { "uv": [ 11, 15.25, 11.75, 15 ], "texture": "#voxels_atlas" },
				"north": { "uv": [ 7.5, 13.5, 6.75, 14 ], "texture": "#voxels_atlas" },
				"south": { "uv": [ 6.75, 13, 7.5, 13.5 ], "texture": "#voxels_atlas" },
				"west": { "uv": [ 10.25, 9.75, 10.5, 10.25 ], "texture": "#voxels_atlas" },
				"east": { "uv": [ 10.75, 9.75, 10.5, 10.25 ], "texture": "#voxels_atlas" }
			}
		},
		{
			"__comment": "Voxels",
			"from": [ 3, -2.5, 7.5 ],
			"to": [ 4.5, -1.5, 8 ],
			"faces": {
				"down": { "uv": [ 12.25, 13.25, 13, 13.5 ], "texture": "#voxels_atlas" },
				"up": { "uv": [ 15, 16, 15.75, 15.75 ], "texture": "#voxels_atlas" },
				"north": { "uv": [ 7.5, 14.5, 6.75, 15 ], "texture": "#voxels_atlas" },
				"south": { "uv": [ 6.75, 15, 7.5, 15.5 ], "texture": "#voxels_atlas" },
				"west": { "uv": [ 10.75, 9.75, 11, 10.25 ], "texture": "#voxels_atlas" },
				"east": { "uv": [ 10.5, 9.25, 10.25, 9.75 ], "texture": "#voxels_atlas" }
			}
		},
		{
			"__comment": "Voxels",
			"from": [ 3, -2, 8 ],
			"to": [ 4.5, -0.5, 8.5 ],
			"faces": {
				"down": { "uv": [ 3, 8, 3.75, 8.25 ], "texture": "#voxels_atlas" },
				"up": { "uv": [ 2.25, 8.25, 3, 8 ], "texture": "#voxels_atlas" },
				"north": { "uv": [ 4.5, 9, 3.75, 9.75 ], "texture": "#voxels_atlas" },
				"south": { "uv": [ 3, 9.75, 3.75, 10.5 ], "texture": "#voxels_atlas" },
				"west": { "uv": [ 10, 11, 10.25, 11.75 ], "texture": "#voxels_atlas" },
				"east": { "uv": [ 10.25, 11.75, 10, 12.5 ], "texture": "#voxels_atlas" }
			}
		},
		{
			"__comment": "Voxels",
			"from": [ 3, -1, 8.5 ],
			"to": [ 4.5, -0.5, 9 ],
			"faces": {
				"down": { "uv": [ 11.75, 13, 12.5, 13.25 ], "texture": "#voxels_atlas" },
				"up": { "uv": [ 11, 13.25, 11.75, 13 ], "texture": "#voxels_atlas" },
				"north": { "uv": [ 11, 13, 10.25, 13.25 ], "texture": "#voxels_atlas" },
				"south": { "uv": [ 14.5, 13.25, 15.25, 13.5 ], "texture": "#voxels_atlas" },
				"west": { "uv": [ 11.5, 8.5, 11.75, 8.75 ], "texture": "#voxels_atlas" },
				"east": { "uv": [ 11.75, 8.75, 11.5, 9 ], "texture": "#voxels_atlas" }
			}
		},
		{
			"__comment": "Voxels",
			"from": [ 3, 3, 8 ],
			"to": [ 4.5, 4.5, 8.5 ],
			"faces": {
				"down": { "uv": [ 14.5, 13.5, 15.25, 13.75 ], "texture": "#voxels_atlas" },
				"up": { "uv": [ 13.75, 13.75, 14.5, 13.5 ], "texture": "#voxels_atlas" },
				"north": { "uv": [ 4.5, 9.75, 3.75, 10.5 ], "texture": "#voxels_atlas" },
				"south": { "uv": [ 4.5, 9.75, 5.25, 10.5 ], "texture": "#voxels_atlas" },
				"west": { "uv": [ 9.75, 8.5, 10, 9.25 ], "texture": "#voxels_atlas" },
				"east": { "uv": [ 10.25, 12.5, 10, 13.25 ], "texture": "#voxels_atlas" }
			}
		},
		{
			"__comment": "Voxels",
			"from": [ 3, 3, 8.5 ],
			"to": [ 4.5, 3.5, 9 ],
			"faces": {
				"down": { "uv": [ 15.25, 13.25, 16, 13.5 ], "texture": "#voxels_atlas" },
				"up": { "uv": [ 13, 13.5, 13.75, 13.25 ], "texture": "#voxels_atlas" },
				"north": { "uv": [ 11, 12.75, 10.25, 13 ], "texture": "#voxels_atlas" },
				"south": { "uv": [ 12, 14.5, 12.75, 14.75 ], "texture": "#voxels_atlas" },
				"west": { "uv": [ 11.5, 9, 11.75, 9.25 ], "texture": "#voxels_atlas" },
				"east": { "uv": [ 11.5, 11.5, 11.25, 11.75 ], "texture": "#voxels_atlas" }
			}
		},
		{
			"__comment": "Voxels",
			"from": [ 3, 4, 7.5 ],
			"to": [ 4.5, 8, 8 ],
			"faces": {
				"down": { "uv": [ 11.25, 14.75, 12, 15 ], "texture": "#voxels_atlas" },
				"up": { "uv": [ 12.5, 15.25, 13.25, 15 ], "texture": "#voxels_atlas" },
				"north": { "uv": [ 2, 14, 1.25, 16 ], "texture": "#voxels_atlas" },
				"south": { "uv": [ 0, 9, 0.75, 11 ], "texture": "#voxels_atlas" },
				"west": { "uv": [ 5.25, 10.75, 5.5, 12.75 ], "texture": "#voxels_atlas" },
				"east": { "uv": [ 2.25, 8, 2, 10 ], "texture": "#voxels_atlas" }
			}
		},
		{
			"__comment": "Voxels",
			"from": [ 3, 4.5, 7 ],
			"to": [ 4.5, 8, 7.5 ],
			"faces": {
				"down": { "uv": [ 13.75, 14.5, 14.5, 14.75 ], "texture": "#voxels_atlas" },
				"up": { "uv": [ 14, 15.25, 14.75, 15 ], "texture": "#voxels_atlas" },
				"north": { "uv": [ 2, 10.5, 1.25, 12.25 ], "texture": "#voxels_atlas" },
				"south": { "uv": [ 1.25, 12.25, 2, 14 ], "texture": "#voxels_atlas" },
				"west": { "uv": [ 5.75, 11, 6, 12.75 ], "texture": "#voxels_atlas" },
				"east": { "uv": [ 5.75, 11, 5.5, 12.75 ], "texture": "#voxels_atlas" }
			}
		},
		{
			"__comment": "Voxels",
			"from": [ 3, 6, 8 ],
			"to": [ 4.5, 8, 8.5 ],
			"faces": {
				"down": { "uv": [ 10.75, 13.25, 11.5, 13.5 ], "texture": "#voxels_atlas" },
				"up": { "uv": [ 11.5, 13.5, 12.25, 13.25 ], "texture": "#voxels_atlas" },
				"north": { "uv": [ 2, 9.5, 1.25, 10.5 ], "texture": "#voxels_atlas" },
				"south": { "uv": [ 0, 8, 0.75, 9 ], "texture": "#voxels_atlas" },
				"west": { "uv": [ 9.5, 12, 9.75, 13 ], "texture": "#voxels_atlas" },
				"east": { "uv": [ 9.75, 11, 9.5, 12 ], "texture": "#voxels_atlas" }
			}
		},
		{
			"__comment": "Voxels",
			"from": [ 3, 8, -0.5 ],
			"to": [ 4.5, 8.5, 1 ],
			"faces": {
				"down": { "uv": [ 3, 8.25, 3.75, 9 ], "texture": "#voxels_atlas" },
				"up": { "uv": [ 3, 9.75, 3.75, 9 ], "texture": "#voxels_atlas" },
				"north": { "uv": [ 11.5, 13.5, 10.75, 13.75 ], "texture": "#voxels_atlas" },
				"south": { "uv": [ 11.5, 13.5, 12.25, 13.75 ], "texture": "#voxels_atlas" },
				"west": { "uv": [ 12.25, 13.5, 13, 13.75 ], "texture": "#voxels_atlas" },
				"east": { "uv": [ 13.75, 13.5, 13, 13.75 ], "texture": "#voxels_atlas" }
			}
		},
		{
			"__comment": "Voxels",
			"from": [ 3, 8, 7 ],
			"to": [ 4, 11, 8 ],
			"faces": {
				"down": { "uv": [ 0.75, 9, 1.25, 9.5 ], "texture": "#voxels_atlas" },
				"up": { "uv": [ 4.75, 14, 5.25, 13.5 ], "texture": "#voxels_atlas" },
				"north": { "uv": [ 1.25, 9.5, 0.75, 11 ], "texture": "#voxels_atlas" },
				"south": { "uv": [ 1.25, 8, 1.75, 9.5 ], "texture": "#voxels_atlas" },
				"west": { "uv": [ 2.25, 14, 2.75, 15.5 ], "texture": "#voxels_atlas" },
				"east": { "uv": [ 3.25, 14, 2.75, 15.5 ], "texture": "#voxels_atlas" }
			}
		},
		{
			"__comment": "Voxels",
			"from": [ 3, 8, 8 ],
			"to": [ 4, 10, 8.5 ],
			"faces": {
				"down": { "uv": [ 10.5, 8, 11, 8.25 ], "texture": "#voxels_atlas" },
				"up": { "uv": [ 15.5, 13.25, 16, 13 ], "texture": "#voxels_atlas" },
				"north": { "uv": [ 1.25, 8, 0.75, 9 ], "texture": "#voxels_atlas" },
				"south": { "uv": [ 5.25, 12.75, 5.75, 13.75 ], "texture": "#voxels_atlas" },
				"west": { "uv": [ 8.25, 11, 8.5, 12 ], "texture": "#voxels_atlas" },
				"east": { "uv": [ 8.5, 10, 8.25, 11 ], "texture": "#voxels_atlas" }
			}
		},
		{
			"__comment": "Voxels",
			"from": [ 3, 11, 7.5 ],
			"to": [ 4.5, 11.5, 8.5 ],
			"faces": {
				"down": { "uv": [ 3.5, 10.5, 4.25, 11 ], "texture": "#voxels_atlas" },
				"up": { "uv": [ 4.25, 11, 5, 10.5 ], "texture": "#voxels_atlas" },
				"north": { "uv": [ 13.25, 13, 12.5, 13.25 ], "texture": "#voxels_atlas" },
				"south": { "uv": [ 13.25, 13, 14, 13.25 ], "texture": "#voxels_atlas" },
				"west": { "uv": [ 10.5, 9.5, 11, 9.75 ], "texture": "#voxels_atlas" },
				"east": { "uv": [ 11, 9.25, 10.5, 9.5 ], "texture": "#voxels_atlas" }
			}
		},
		{
			"__comment": "Voxels",
			"from": [ 3, 11.5, 8 ],
			"to": [ 4.5, 12.5, 8.5 ],
			"faces": {
				"down": { "uv": [ 14, 13, 14.75, 13.25 ], "texture": "#voxels_atlas" },
				"up": { "uv": [ 4.5, 14.25, 5.25, 14 ], "texture": "#voxels_atlas" },
				"north": { "uv": [ 6.75, 14.5, 6, 15 ], "texture": "#voxels_atlas" },
				"south": { "uv": [ 6, 15.5, 6.75, 16 ], "texture": "#voxels_atlas" },
				"west": { "uv": [ 10.25, 8.75, 10.5, 9.25 ], "texture": "#voxels_atlas" },
				"east": { "uv": [ 10.75, 8.75, 10.5, 9.25 ], "texture": "#voxels_atlas" }
			}
		},
		{
			"__comment": "Voxels",
			"from": [ 3, 12, 8.5 ],
			"to": [ 4.5, 12.5, 9 ],
			"faces": {
				"down": { "uv": [ 12, 14.25, 12.75, 14.5 ], "texture": "#voxels_atlas" },
				"up": { "uv": [ 12, 14.25, 12.75, 14 ], "texture": "#voxels_atlas" },
				"north": { "uv": [ 13.5, 14.75, 12.75, 15 ], "texture": "#voxels_atlas" },
				"south": { "uv": [ 12.75, 14.5, 13.5, 14.75 ], "texture": "#voxels_atlas" },
				"west": { "uv": [ 11.25, 11.75, 11.5, 12 ], "texture": "#voxels_atlas" },
				"east": { "uv": [ 11.5, 12, 11.25, 12.25 ], "texture": "#voxels_atlas" }
			}
		},
		{
			"__comment": "Voxels",
			"from": [ 3, 16, 8 ],
			"to": [ 4.5, 17.5, 8.5 ],
			"faces": {
				"down": { "uv": [ 12.75, 14.25, 13.5, 14.5 ], "texture": "#voxels_atlas" },
				"up": { "uv": [ 12.75, 14.25, 13.5, 14 ], "texture": "#voxels_atlas" },
				"north": { "uv": [ 3, 9.75, 2.25, 10.5 ], "texture": "#voxels_atlas" },
				"south": { "uv": [ 2.25, 9, 3, 9.75 ], "texture": "#voxels_atlas" },
				"west": { "uv": [ 11.75, 14, 12, 14.75 ], "texture": "#voxels_atlas" },
				"east": { "uv": [ 13.75, 14.25, 13.5, 15 ], "texture": "#voxels_atlas" }
			}
		},
		{
			"__comment": "Voxels",
			"from": [ 3, 16, 8.5 ],
			"to": [ 4.5, 16.5, 9 ],
			"faces": {
				"down": { "uv": [ 13.75, 14.75, 14.5, 15 ], "texture": "#voxels_atlas" },
				"up": { "uv": [ 15, 14.75, 15.75, 14.5 ], "texture": "#voxels_atlas" },
				"north": { "uv": [ 15.75, 14.25, 15, 14.5 ], "texture": "#voxels_atlas" },
				"south": { "uv": [ 12, 13.75, 12.75, 14 ], "texture": "#voxels_atlas" },
				"west": { "uv": [ 11.25, 12.25, 11.5, 12.5 ], "texture": "#voxels_atlas" },
				"east": { "uv": [ 11.75, 8.25, 11.5, 8.5 ], "texture": "#voxels_atlas" }
			}
		},
		{
			"__comment": "Voxels",
			"from": [ 3, 17, 7.5 ],
			"to": [ 4.5, 18, 8 ],
			"faces": {
				"down": { "uv": [ 15, 13.75, 15.75, 14 ], "texture": "#voxels_atlas" },
				"up": { "uv": [ 14.75, 15.25, 15.5, 15 ], "texture": "#voxels_atlas" },
				"north": { "uv": [ 6.75, 9.5, 6, 10 ], "texture": "#voxels_atlas" },
				"south": { "uv": [ 6.75, 12.5, 7.5, 13 ], "texture": "#voxels_atlas" },
				"west": { "uv": [ 10.75, 8.75, 11, 9.25 ], "texture": "#voxels_atlas" },
				"east": { "uv": [ 10.5, 8.25, 10.25, 8.75 ], "texture": "#voxels_atlas" }
			}
		},
		{
			"__comment": "Voxels",
			"from": [ 3, 17.5, 7 ],
			"to": [ 4.5, 18.5, 7.5 ],
			"faces": {
				"down": { "uv": [ 5.25, 8, 6, 8.25 ], "texture": "#voxels_atlas" },
				"up": { "uv": [ 13.75, 13.5, 14.5, 13.25 ], "texture": "#voxels_atlas" },
				"north": { "uv": [ 6, 10.25, 5.25, 10.75 ], "texture": "#voxels_atlas" },
				"south": { "uv": [ 5.25, 9.25, 6, 9.75 ], "texture": "#voxels_atlas" },
				"west": { "uv": [ 10.5, 8.25, 10.75, 8.75 ], "texture": "#voxels_atlas" },
				"east": { "uv": [ 11, 8.25, 10.75, 8.75 ], "texture": "#voxels_atlas" }
			}
		},
		{
			"__comment": "Voxels",
			"from": [ 3, 18, 6.5 ],
			"to": [ 4.5, 19, 7 ],
			"faces": {
				"down": { "uv": [ 15, 15.5, 15.75, 15.75 ], "texture": "#voxels_atlas" },
				"up": { "uv": [ 6.75, 8.5, 7.5, 8.25 ], "texture": "#voxels_atlas" },
				"north": { "uv": [ 6.75, 15, 6, 15.5 ], "texture": "#voxels_atlas" },
				"south": { "uv": [ 6, 11.5, 6.75, 12 ], "texture": "#voxels_atlas" },
				"west": { "uv": [ 11, 12.5, 11.25, 13 ], "texture": "#voxels_atlas" },
				"east": { "uv": [ 11.25, 12, 11, 12.5 ], "texture": "#voxels_atlas" }
			}
		},
		{
			"__comment": "Voxels",
			"from": [ 3, 18.5, 6 ],
			"to": [ 4.5, 20, 6.5 ],
			"faces": {
				"down": { "uv": [ 10, 13.25, 10.75, 13.5 ], "texture": "#voxels_atlas" },
				"up": { "uv": [ 14.25, 14, 15, 13.75 ], "texture": "#voxels_atlas" },
				"north": { "uv": [ 5.25, 9, 4.5, 9.75 ], "texture": "#voxels_atlas" },
				"south": { "uv": [ 4.5, 14.25, 5.25, 15 ], "texture": "#voxels_atlas" },
				"west": { "uv": [ 11.5, 14, 11.75, 14.75 ], "texture": "#voxels_atlas" },
				"east": { "uv": [ 11.5, 14, 11.25, 14.75 ], "texture": "#voxels_atlas" }
			}
		},
		{
			"__comment": "Voxels",
			"from": [ 3, 19.5, 5.5 ],
			"to": [ 4.5, 21, 6 ],
			"faces": {
				"down": { "uv": [ 12, 14.75, 12.75, 15 ], "texture": "#voxels_atlas" },
				"up": { "uv": [ 15.25, 13.75, 16, 13.5 ], "texture": "#voxels_atlas" },
				"north": { "uv": [ 3, 8.25, 2.25, 9 ], "texture": "#voxels_atlas" },
				"south": { "uv": [ 3.75, 8.25, 4.5, 9 ], "texture": "#voxels_atlas" },
				"west": { "uv": [ 7.75, 8, 8, 8.75 ], "texture": "#voxels_atlas" },
				"east": { "uv": [ 11.25, 14.25, 11, 15 ], "texture": "#voxels_atlas" }
			}
		},
		{
			"__comment": "Voxels",
			"from": [ 3, 20.5, 5 ],
			"to": [ 4.5, 21.5, 5.5 ],
			"faces": {
				"down": { "uv": [ 3.75, 8, 4.5, 8.25 ], "texture": "#voxels_atlas" },
				"up": { "uv": [ 4.5, 8.25, 5.25, 8 ], "texture": "#voxels_atlas" },
				"north": { "uv": [ 6.75, 11, 6, 11.5 ], "texture": "#voxels_atlas" },
				"south": { "uv": [ 6, 9, 6.75, 9.5 ], "texture": "#voxels_atlas" },
				"west": { "uv": [ 4.75, 12.5, 5, 13 ], "texture": "#voxels_atlas" },
				"east": { "uv": [ 5.25, 12.5, 5, 13 ], "texture": "#voxels_atlas" }
			}
		},
		{
			"__comment": "Voxels",
			"from": [ 3, 21, 4.5 ],
			"to": [ 4.5, 22, 5 ],
			"faces": {
				"down": { "uv": [ 13.25, 15, 14, 15.25 ], "texture": "#voxels_atlas" },
				"up": { "uv": [ 6.75, 8.25, 7.5, 8 ], "texture": "#voxels_atlas" },
				"north": { "uv": [ 7.5, 14, 6.75, 14.5 ], "texture": "#voxels_atlas" },
				"south": { "uv": [ 4.5, 15, 5.25, 15.5 ], "texture": "#voxels_atlas" },
				"west": { "uv": [ 9.75, 8, 10, 8.5 ], "texture": "#voxels_atlas" },
				"east": { "uv": [ 10.25, 9, 10, 9.5 ], "texture": "#voxels_atlas" }
			}
		},
		{
			"__comment": "Voxels",
			"from": [ 3, 23, 3.5 ],
			"to": [ 4.5, 24, 4 ],
			"faces": {
				"down": { "uv": [ 15.25, 15.25, 16, 15.5 ], "texture": "#voxels_atlas" },
				"up": { "uv": [ 10.25, 15.25, 11, 15 ], "texture": "#voxels_atlas" },
				"north": { "uv": [ 7.5, 15.5, 6.75, 16 ], "texture": "#voxels_atlas" },
				"south": { "uv": [ 6, 8, 6.75, 8.5 ], "texture": "#voxels_atlas" },
				"west": { "uv": [ 10.75, 12.25, 11, 12.75 ], "texture": "#voxels_atlas" },
				"east": { "uv": [ 10.5, 11.75, 10.25, 12.25 ], "texture": "#voxels_atlas" }
			}
		},
		{
			"__comment": "Voxels",
			"from": [ 3.5, -9, 3.5 ],
			"to": [ 4, -8.5, 4 ],
			"faces": {
				"down": { "uv": [ 11.25, 9.25, 11.5, 9.5 ], "texture": "#voxels_atlas" },
				"up": { "uv": [ 11.25, 9.25, 11.5, 9 ], "texture": "#voxels_atlas" },
				"north": { "uv": [ 11.75, 12.25, 11.5, 12.5 ], "texture": "#voxels_atlas" },
				"south": { "uv": [ 11.75, 12.25, 12, 12.5 ], "texture": "#voxels_atlas" },
				"west": { "uv": [ 13, 12.25, 13.25, 12.5 ], "texture": "#voxels_atlas" },
				"east": { "uv": [ 13.5, 12.25, 13.25, 12.5 ], "texture": "#voxels_atlas" }
			}
		},
		{
			"__comment": "Voxels",
			"from": [ 3.5, -6.5, 3 ],
			"to": [ 4, -4.5, 3.5 ],
			"faces": {
				"down": { "uv": [ 14.5, 12.25, 14.75, 12.5 ], "texture": "#voxels_atlas" },
				"up": { "uv": [ 14.75, 12.5, 15, 12.25 ], "texture": "#voxels_atlas" },
				"north": { "uv": [ 8.5, 14, 8.25, 15 ], "texture": "#voxels_atlas" },
				"south": { "uv": [ 8.25, 12, 8.5, 13 ], "texture": "#voxels_atlas" },
				"west": { "uv": [ 8.25, 9, 8.5, 10 ], "texture": "#voxels_atlas" },
				"east": { "uv": [ 6, 12.75, 5.75, 13.75 ], "texture": "#voxels_atlas" }
			}
		},
		{
			"__comment": "Voxels",
			"from": [ 3.5, -6.5, 3.5 ],
			"to": [ 4, -6, 4 ],
			"faces": {
				"down": { "uv": [ 13, 12.75, 13.25, 13 ], "texture": "#voxels_atlas" },
				"up": { "uv": [ 13, 12.75, 13.25, 12.5 ], "texture": "#voxels_atlas" },
				"north": { "uv": [ 13.5, 12.75, 13.25, 13 ], "texture": "#voxels_atlas" },
				"south": { "uv": [ 13.25, 12.5, 13.5, 12.75 ], "texture": "#voxels_atlas" },
				"west": { "uv": [ 14, 12.75, 14.25, 13 ], "texture": "#voxels_atlas" },
				"east": { "uv": [ 14.25, 12.5, 14, 12.75 ], "texture": "#voxels_atlas" }
			}
		},
		{
			"__comment": "Voxels",
			"from": [ 3.5, -5, 2.5 ],
			"to": [ 4, -3, 3 ],
			"faces": {
				"down": { "uv": [ 14.5, 12.75, 14.75, 13 ], "texture": "#voxels_atlas" },
				"up": { "uv": [ 14.5, 12.75, 14.75, 12.5 ], "texture": "#voxels_atlas" },
				"north": { "uv": [ 8.25, 11.5, 8, 12.5 ], "texture": "#voxels_atlas" },
				"south": { "uv": [ 8, 10.5, 8.25, 11.5 ], "texture": "#voxels_atlas" },
				"west": { "uv": [ 8, 9.5, 8.25, 10.5 ], "texture": "#voxels_atlas" },
				"east": { "uv": [ 8.25, 8.5, 8, 9.5 ], "texture": "#voxels_atlas" }
			}
		},
		{
			"__comment": "Voxels",
			"from": [ 3.5, -3.5, 2 ],
			"to": [ 4, -1, 2.5 ],
			"faces": {
				"down": { "uv": [ 11.25, 10.25, 11.5, 10.5 ], "texture": "#voxels_atlas" },
				"up": { "uv": [ 11.25, 10.25, 11.5, 10 ], "texture": "#voxels_atlas" },
				"north": { "uv": [ 7.75, 9.25, 7.5, 10.5 ], "texture": "#voxels_atlas" },
				"south": { "uv": [ 7.5, 8, 7.75, 9.25 ], "texture": "#voxels_atlas" },
				"west": { "uv": [ 7.75, 13.75, 8, 15 ], "texture": "#voxels_atlas" },
				"east": { "uv": [ 7.75, 10.5, 7.5, 11.75 ], "texture": "#voxels_atlas" }
			}
		},
		{
			"__comment": "Voxels",
			"from": [ 3.5, -1.5, 1.5 ],
			"to": [ 4, 1, 2 ],
			"faces": {
				"down": { "uv": [ 12, 12.25, 12.25, 12.5 ], "texture": "#voxels_atlas" },
				"up": { "uv": [ 12.25, 12.5, 12.5, 12.25 ], "texture": "#voxels_atlas" },
				"north": { "uv": [ 8, 12.5, 7.75, 13.75 ], "texture": "#voxels_atlas" },
				"south": { "uv": [ 7.75, 11.25, 8, 12.5 ], "texture": "#voxels_atlas" },
				"west": { "uv": [ 7.75, 10, 8, 11.25 ], "texture": "#voxels_atlas" },
				"east": { "uv": [ 8, 8.75, 7.75, 10 ], "texture": "#voxels_atlas" }
			}
		},
		{
			"__comment": "Voxels",
			"from": [ 3.5, 0.5, 1 ],
			"to": [ 4, 2.5, 1.5 ],
			"faces": {
				"down": { "uv": [ 11.5, 9.5, 11.75, 9.75 ], "texture": "#voxels_atlas" },
				"up": { "uv": [ 11.5, 9.5, 11.75, 9.25 ], "texture": "#voxels_atlas" },
				"north": { "uv": [ 8.5, 8, 8.25, 9 ], "texture": "#voxels_atlas" },
				"south": { "uv": [ 8.5, 14, 8.75, 15 ], "texture": "#voxels_atlas" },
				"west": { "uv": [ 8.5, 13, 8.75, 14 ], "texture": "#voxels_atlas" },
				"east": { "uv": [ 8.75, 12, 8.5, 13 ], "texture": "#voxels_atlas" }
			}
		},
		{
			"__comment": "Voxels",
			"from": [ 3.5, 2, 0.5 ],
			"to": [ 4, 4, 1 ],
			"faces": {
				"down": { "uv": [ 15.75, 15.5, 16, 15.75 ], "texture": "#voxels_atlas" },
				"up": { "uv": [ 11, 14.25, 11.25, 14 ], "texture": "#voxels_atlas" },
				"north": { "uv": [ 8.75, 11, 8.5, 12 ], "texture": "#voxels_atlas" },
				"south": { "uv": [ 8.5, 10, 8.75, 11 ], "texture": "#voxels_atlas" },
				"west": { "uv": [ 8.5, 9, 8.75, 10 ], "texture": "#voxels_atlas" },
				"east": { "uv": [ 8.75, 8, 8.5, 9 ], "texture": "#voxels_atlas" }
			}
		},
		{
			"__comment": "Voxels",
			"from": [ 3.5, 3.5, 0 ],
			"to": [ 4, 5.5, 0.5 ],
			"faces": {
				"down": { "uv": [ 13.5, 12.75, 13.75, 13 ], "texture": "#voxels_atlas" },
				"up": { "uv": [ 13.5, 12.75, 13.75, 12.5 ], "texture": "#voxels_atlas" },
				"north": { "uv": [ 9, 14, 8.75, 15 ], "texture": "#voxels_atlas" },
				"south": { "uv": [ 8.75, 13, 9, 14 ], "texture": "#voxels_atlas" },
				"west": { "uv": [ 8.25, 13, 8.5, 14 ], "texture": "#voxels_atlas" },
				"east": { "uv": [ 9, 12, 8.75, 13 ], "texture": "#voxels_atlas" }
			}
		},
		{
			"__comment": "Voxels",
			"from": [ 3.5, 5, -0.5 ],
			"to": [ 4, 8, 0 ],
			"faces": {
				"down": { "uv": [ 14.75, 12.75, 15, 13 ], "texture": "#voxels_atlas" },
				"up": { "uv": [ 14.75, 12.75, 15, 12.5 ], "texture": "#voxels_atlas" },
				"north": { "uv": [ 6.25, 13, 6, 14.5 ], "texture": "#voxels_atlas" },
				"south": { "uv": [ 1.75, 8, 2, 9.5 ], "texture": "#voxels_atlas" },
				"west": { "uv": [ 7, 11, 7.25, 12.5 ], "texture": "#voxels_atlas" },
				"east": { "uv": [ 7, 11, 6.75, 12.5 ], "texture": "#voxels_atlas" }
			}
		},
		{
			"__comment": "Voxels",
			"from": [ 3.5, 5, 8 ],
			"to": [ 4, 6, 8.5 ],
			"faces": {
				"down": { "uv": [ 11.25, 10.75, 11.5, 11 ], "texture": "#voxels_atlas" },
				"up": { "uv": [ 11.25, 10.75, 11.5, 10.5 ], "texture": "#voxels_atlas" },
				"north": { "uv": [ 11.75, 12.5, 11.5, 13 ], "texture": "#voxels_atlas" },
				"south": { "uv": [ 11.75, 12.5, 12, 13 ], "texture": "#voxels_atlas" },
				"west": { "uv": [ 4.75, 13, 5, 13.5 ], "texture": "#voxels_atlas" },
				"east": { "uv": [ 5.25, 13, 5, 13.5 ], "texture": "#voxels_atlas" }
			}
		},
		{
			"__comment": "Voxels",
			"from": [ 3.5, 7, -1 ],
			"to": [ 4, 9, -0.5 ],
			"faces": {
				"down": { "uv": [ 11.25, 8.75, 11.5, 9 ], "texture": "#voxels_atlas" },
				"up": { "uv": [ 11.25, 8.75, 11.5, 8.5 ], "texture": "#voxels_atlas" },
				"north": { "uv": [ 9, 11, 8.75, 12 ], "texture": "#voxels_atlas" },
				"south": { "uv": [ 8.75, 10, 9, 11 ], "texture": "#voxels_atlas" },
				"west": { "uv": [ 8.75, 9, 9, 10 ], "texture": "#voxels_atlas" },
				"east": { "uv": [ 9, 8, 8.75, 9 ], "texture": "#voxels_atlas" }
			}
		},
		{
			"__comment": "Voxels",
			"from": [ 3.5, 7.5, 0 ],
			"to": [ 4, 8, 1 ],
			"faces": {
				"down": { "uv": [ 4.75, 11.5, 5, 12 ], "texture": "#voxels_atlas" },
				"up": { "uv": [ 5, 12, 5.25, 11.5 ], "texture": "#voxels_atlas" },
				"north": { "uv": [ 13.75, 12.25, 13.5, 12.5 ], "texture": "#voxels_atlas" },
				"south": { "uv": [ 13.75, 12.25, 14, 12.5 ], "texture": "#voxels_atlas" },
				"west": { "uv": [ 4.75, 11.25, 5.25, 11.5 ], "texture": "#voxels_atlas" },
				"east": { "uv": [ 16, 15, 15.5, 15.25 ], "texture": "#voxels_atlas" }
			}
		},
		{
			"__comment": "Voxels",
			"from": [ 3.5, 7.5, 9 ],
			"to": [ 4, 9, 9.5 ],
			"faces": {
				"down": { "uv": [ 15, 12.25, 15.25, 12.5 ], "texture": "#voxels_atlas" },
				"up": { "uv": [ 15.25, 12.5, 15.5, 12.25 ], "texture": "#voxels_atlas" },
				"north": { "uv": [ 10, 13, 9.75, 13.75 ], "texture": "#voxels_atlas" },
				"south": { "uv": [ 9.75, 12.25, 10, 13 ], "texture": "#voxels_atlas" },
				"west": { "uv": [ 9.75, 11.5, 10, 12.25 ], "texture": "#voxels_atlas" },
				"east": { "uv": [ 10, 10.75, 9.75, 11.5 ], "texture": "#voxels_atlas" }
			}
		},
		{
			"__comment": "Voxels",
			"from": [ 3.5, 8, 1 ],
			"to": [ 4, 8.5, 7 ],
			"faces": {
				"down": { "uv": [ 2, 13, 2.25, 16 ], "texture": "#voxels_atlas" },
				"up": { "uv": [ 2, 13, 2.25, 10 ], "texture": "#voxels_atlas" },
				"north": { "uv": [ 7.5, 11, 7.25, 11.25 ], "texture": "#voxels_atlas" },
				"south": { "uv": [ 15.75, 15.75, 16, 16 ], "texture": "#voxels_atlas" },
				"west": { "uv": [ 2.25, 15.75, 5.25, 16 ], "texture": "#voxels_atlas" },
				"east": { "uv": [ 5.25, 15.5, 2.25, 15.75 ], "texture": "#voxels_atlas" }
			}
		},
		{
			"__comment": "Voxels",
			"from": [ 3.5, 8, 8.5 ],
			"to": [ 4, 8.5, 9 ],
			"faces": {
				"down": { "uv": [ 13.5, 14, 13.75, 14.25 ], "texture": "#voxels_atlas" },
				"up": { "uv": [ 15.75, 14.75, 16, 14.5 ], "texture": "#voxels_atlas" },
				"north": { "uv": [ 16, 14.25, 15.75, 14.5 ], "texture": "#voxels_atlas" },
				"south": { "uv": [ 15.75, 14, 16, 14.25 ], "texture": "#voxels_atlas" },
				"west": { "uv": [ 15.75, 13.75, 16, 14 ], "texture": "#voxels_atlas" },
				"east": { "uv": [ 10.5, 8, 10.25, 8.25 ], "texture": "#voxels_atlas" }
			}
		},
		{
			"__comment": "Voxels",
			"from": [ 3.5, 8, 9.5 ],
			"to": [ 4, 8.5, 10 ],
			"faces": {
				"down": { "uv": [ 12, 12.75, 12.25, 13 ], "texture": "#voxels_atlas" },
				"up": { "uv": [ 12, 12.75, 12.25, 12.5 ], "texture": "#voxels_atlas" },
				"north": { "uv": [ 12.5, 12.75, 12.25, 13 ], "texture": "#voxels_atlas" },
				"south": { "uv": [ 12.25, 12.5, 12.5, 12.75 ], "texture": "#voxels_atlas" },
				"west": { "uv": [ 12.5, 12.75, 12.75, 13 ], "texture": "#voxels_atlas" },
				"east": { "uv": [ 12.75, 12.5, 12.5, 12.75 ], "texture": "#voxels_atlas" }
			}
		},
		{
			"__comment": "Voxels",
			"from": [ 3.5, 8.5, -0.5 ],
			"to": [ 4, 10.5, 0 ],
			"faces": {
				"down": { "uv": [ 12.75, 12.75, 13, 13 ], "texture": "#voxels_atlas" },
				"up": { "uv": [ 12.75, 12.75, 13, 12.5 ], "texture": "#voxels_atlas" },
				"north": { "uv": [ 9.25, 13, 9, 14 ], "texture": "#voxels_atlas" },
				"south": { "uv": [ 9, 12, 9.25, 13 ], "texture": "#voxels_atlas" },
				"west": { "uv": [ 9, 11, 9.25, 12 ], "texture": "#voxels_atlas" },
				"east": { "uv": [ 9.25, 10, 9, 11 ], "texture": "#voxels_atlas" }
			}
		},
		{
			"__comment": "Voxels",
			"from": [ 3.5, 8.5, 0 ],
			"to": [ 4, 9, 1 ],
			"faces": {
				"down": { "uv": [ 10.5, 11.25, 10.75, 11.75 ], "texture": "#voxels_atlas" },
				"up": { "uv": [ 10.75, 11.75, 11, 11.25 ], "texture": "#voxels_atlas" },
				"north": { "uv": [ 14, 12.75, 13.75, 13 ], "texture": "#voxels_atlas" },
				"south": { "uv": [ 13.75, 12.5, 14, 12.75 ], "texture": "#voxels_atlas" },
				"west": { "uv": [ 4.75, 11, 5.25, 11.25 ], "texture": "#voxels_atlas" },
				"east": { "uv": [ 6, 10.75, 5.5, 11 ], "texture": "#voxels_atlas" }
			}
		},
		{
			"__comment": "Voxels",
			"from": [ 3.5, 10, 0 ],
			"to": [ 4, 12, 0.5 ],
			"faces": {
				"down": { "uv": [ 14.25, 12.75, 14.5, 13 ], "texture": "#voxels_atlas" },
				"up": { "uv": [ 14.25, 12.75, 14.5, 12.5 ], "texture": "#voxels_atlas" },
				"north": { "uv": [ 9.25, 9, 9, 10 ], "texture": "#voxels_atlas" },
				"south": { "uv": [ 9, 8, 9.25, 9 ], "texture": "#voxels_atlas" },
				"west": { "uv": [ 9.25, 14, 9.5, 15 ], "texture": "#voxels_atlas" },
				"east": { "uv": [ 9.5, 13, 9.25, 14 ], "texture": "#voxels_atlas" }
			}
		},
		{
			"__comment": "Voxels",
			"from": [ 3.5, 10, 8 ],
			"to": [ 4, 10.5, 8.5 ],
			"faces": {
				"down": { "uv": [ 15, 12.75, 15.25, 13 ], "texture": "#voxels_atlas" },
				"up": { "uv": [ 15, 12.75, 15.25, 12.5 ], "texture": "#voxels_atlas" },
				"north": { "uv": [ 15.5, 12.75, 15.25, 13 ], "texture": "#voxels_atlas" },
				"south": { "uv": [ 15.25, 12.5, 15.5, 12.75 ], "texture": "#voxels_atlas" },
				"west": { "uv": [ 15.5, 12.75, 15.75, 13 ], "texture": "#voxels_atlas" },
				"east": { "uv": [ 16, 12.75, 15.75, 13 ], "texture": "#voxels_atlas" }
			}
		},
		{
			"__comment": "Voxels",
			"from": [ 3.5, 11.5, 0.5 ],
			"to": [ 4, 13.5, 1 ],
			"faces": {
				"down": { "uv": [ 15.5, 12.5, 15.75, 12.75 ], "texture": "#voxels_atlas" },
				"up": { "uv": [ 15.75, 12.75, 16, 12.5 ], "texture": "#voxels_atlas" },
				"north": { "uv": [ 9.5, 12, 9.25, 13 ], "texture": "#voxels_atlas" },
				"south": { "uv": [ 9.25, 11, 9.5, 12 ], "texture": "#voxels_atlas" },
				"west": { "uv": [ 9.25, 10, 9.5, 11 ], "texture": "#voxels_atlas" },
				"east": { "uv": [ 9.25, 14, 9, 15 ], "texture": "#voxels_atlas" }
			}
		},
		{
			"__comment": "Voxels",
			"from": [ 3.5, 13, 1 ],
			"to": [ 4, 15, 1.5 ],
			"faces": {
				"down": { "uv": [ 11.25, 11.25, 11.5, 11.5 ], "texture": "#voxels_atlas" },
				"up": { "uv": [ 11.25, 11.25, 11.5, 11 ], "texture": "#voxels_atlas" },
				"north": { "uv": [ 9.5, 9, 9.25, 10 ], "texture": "#voxels_atlas" },
				"south": { "uv": [ 9.25, 8, 9.5, 9 ], "texture": "#voxels_atlas" },
				"west": { "uv": [ 9.5, 14, 9.75, 15 ], "texture": "#voxels_atlas" },
				"east": { "uv": [ 9.75, 13, 9.5, 14 ], "texture": "#voxels_atlas" }
			}
		},
		{
			"__comment": "Voxels",
			"from": [ 3.5, 14.5, 1.5 ],
			"to": [ 4, 17, 2 ],
			"faces": {
				"down": { "uv": [ 11.25, 9.75, 11.5, 10 ], "texture": "#voxels_atlas" },
				"up": { "uv": [ 11.25, 9.75, 11.5, 9.5 ], "texture": "#voxels_atlas" },
				"north": { "uv": [ 8.25, 13.75, 8, 15 ], "texture": "#voxels_atlas" },
				"south": { "uv": [ 8, 12.5, 8.25, 13.75 ], "texture": "#voxels_atlas" },
				"west": { "uv": [ 7.25, 11.25, 7.5, 12.5 ], "texture": "#voxels_atlas" },
				"east": { "uv": [ 7, 9.75, 6.75, 11 ], "texture": "#voxels_atlas" }
			}
		},
		{
			"__comment": "Voxels",
			"from": [ 3.5, 16.5, 2 ],
			"to": [ 4, 19, 2.5 ],
			"faces": {
				"down": { "uv": [ 11.25, 8.25, 11.5, 8.5 ], "texture": "#voxels_atlas" },
				"up": { "uv": [ 11.25, 8.25, 11.5, 8 ], "texture": "#voxels_atlas" },
				"north": { "uv": [ 7.25, 9.75, 7, 11 ], "texture": "#voxels_atlas" },
				"south": { "uv": [ 7, 8.5, 7.25, 9.75 ], "texture": "#voxels_atlas" },
				"west": { "uv": [ 7.25, 8.5, 7.5, 9.75 ], "texture": "#voxels_atlas" },
				"east": { "uv": [ 7.75, 14.25, 7.5, 15.5 ], "texture": "#voxels_atlas" }
			}
		},
		{
			"__comment": "Voxels",
			"from": [ 3.5, 18.5, 2.5 ],
			"to": [ 4, 20.5, 3 ],
			"faces": {
				"down": { "uv": [ 12.5, 12.25, 12.75, 12.5 ], "texture": "#voxels_atlas" },
				"up": { "uv": [ 12.75, 12.5, 13, 12.25 ], "texture": "#voxels_atlas" },
				"north": { "uv": [ 9.75, 10, 9.5, 11 ], "texture": "#voxels_atlas" },
				"south": { "uv": [ 9.5, 9, 9.75, 10 ], "texture": "#voxels_atlas" },
				"west": { "uv": [ 9.5, 8, 9.75, 9 ], "texture": "#voxels_atlas" },
				"east": { "uv": [ 10, 14, 9.75, 15 ], "texture": "#voxels_atlas" }
			}
		},
		{
			"__comment": "Voxels",
			"from": [ 3.5, 20, 3 ],
			"to": [ 4, 22, 3.5 ],
			"faces": {
				"down": { "uv": [ 14, 12.25, 14.25, 12.5 ], "texture": "#voxels_atlas" },
				"up": { "uv": [ 14.25, 12.5, 14.5, 12.25 ], "texture": "#voxels_atlas" },
				"north": { "uv": [ 10.25, 14, 10, 15 ], "texture": "#voxels_atlas" },
				"south": { "uv": [ 10.25, 14, 10.5, 15 ], "texture": "#voxels_atlas" },
				"west": { "uv": [ 10.5, 14, 10.75, 15 ], "texture": "#voxels_atlas" },
				"east": { "uv": [ 11, 14, 10.75, 15 ], "texture": "#voxels_atlas" }
			}
		},
		{
			"__comment": "Voxels",
			"from": [ 3.5, 21.5, 3.5 ],
			"to": [ 4, 22, 4 ],
			"faces": {
				"down": { "uv": [ 15.5, 12.25, 15.75, 12.5 ], "texture": "#voxels_atlas" },
				"up": { "uv": [ 15.75, 12.5, 16, 12.25 ], "texture": "#voxels_atlas" },
				"north": { "uv": [ 11.75, 12, 11.5, 12.25 ], "texture": "#voxels_atlas" },
				"south": { "uv": [ 11.5, 11.75, 11.75, 12 ], "texture": "#voxels_atlas" },
				"west": { "uv": [ 11.5, 11.5, 11.75, 11.75 ], "texture": "#voxels_atlas" },
				"east": { "uv": [ 11.75, 11.25, 11.5, 11.5 ], "texture": "#voxels_atlas" }
			}
		},
		{
			"__comment": "Voxels",
			"from": [ 3.5, 24, 3.5 ],
			"to": [ 4, 24.5, 4 ],
			"faces": {
				"down": { "uv": [ 11.5, 11, 11.75, 11.25 ], "texture": "#voxels_atlas" },
				"up": { "uv": [ 11.5, 11, 11.75, 10.75 ], "texture": "#voxels_atlas" },
				"north": { "uv": [ 11.75, 10.5, 11.5, 10.75 ], "texture": "#voxels_atlas" },
				"south": { "uv": [ 11.5, 10.25, 11.75, 10.5 ], "texture": "#voxels_atlas" },
				"west": { "uv": [ 11.5, 10, 11.75, 10.25 ], "texture": "#voxels_atlas" },
				"east": { "uv": [ 11.75, 9.75, 11.5, 10 ], "texture": "#voxels_atlas" }
			}
		},
		{
			"__comment": "Voxels",
			"from": [ 4, 9.5, 7 ],
			"to": [ 4.5, 11, 8 ],
			"faces": {
				"down": { "uv": [ 11, 9, 11.25, 9.5 ], "texture": "#voxels_atlas" },
				"up": { "uv": [ 11, 9, 11.25, 8.5 ], "texture": "#voxels_atlas" },
				"north": { "uv": [ 10.25, 10.25, 10, 11 ], "texture": "#voxels_atlas" },
				"south": { "uv": [ 10, 9.5, 10.25, 10.25 ], "texture": "#voxels_atlas" },
				"west": { "uv": [ 6.25, 13, 6.75, 13.75 ], "texture": "#voxels_atlas" },
				"east": { "uv": [ 6.75, 13.75, 6.25, 14.5 ], "texture": "#voxels_atlas" }
			}
		},
		{
			"__comment": "Voxels",
			"from": [ 4, 9.5, 8 ],
			"to": [ 4.5, 10, 8.5 ],
			"faces": {
				"down": { "uv": [ 11.5, 8, 11.75, 8.25 ], "texture": "#voxels_atlas" },
				"up": { "uv": [ 11.75, 12.25, 12, 12 ], "texture": "#voxels_atlas" },
				"north": { "uv": [ 12.25, 12, 12, 12.25 ], "texture": "#voxels_atlas" },
				"south": { "uv": [ 12.25, 12, 12.5, 12.25 ], "texture": "#voxels_atlas" },
				"west": { "uv": [ 12.5, 12, 12.75, 12.25 ], "texture": "#voxels_atlas" },
				"east": { "uv": [ 13, 12, 12.75, 12.25 ], "texture": "#voxels_atlas" }
			}
		}
	],
	"display": {
		"thirdperson_righthand": {
			"rotation":  [ 9, 178, 19 ],
			"translation":  [ -5.564, 2.0872, -1.389 ],
			"scale":  [ 1, 1, 1.3 ]
		},
		"thirdperson_lefthand": {
			"rotation":  [ -2, 178, -26 ],
			"translation":  [ 0.6968, 1.3916, -1.389 ],
			"scale":  [ 1, 1, 1.3 ]
		},
		"firstperson_righthand": {
			"rotation":  [ -3, -180, 0 ],
			"translation":  [ -4.868, 0.9, 2.7826 ],
			"scale":  [ 0.4, 0.4, 0.6086 ]
		},
		"firstperson_lefthand": {
			"rotation":  [ -3, -180, 0 ],
			"translation":  [ -1.389, 0.7, 2.7826 ],
			"scale":  [ 0.4, 0.4, 0.5043 ]
		},
		"gui": {
			"rotation":  [ 9, 133, 122 ],
			"translation":  [ 2.0869, 2.0869, 0 ],
			"scale":  [ 0.6, 0.6, 0.9478 ]
		},
		"ground": {
			"rotation":  [ 23, 0, 0 ],
			"translation":  [ 0, 2.0869, 0 ],
			"scale":  [ 0.7, 0.7, 1.2 ]
		},
		"fixed": {
			"rotation":  [ -25, -143, -38 ],
			"translation":  [ -2.086, -1.391, -1 ],
			"scale":  [ 0.6, 0.6, 0.9 ]
		}
	}
}