{
	"__comment": "Designed by Elo106 with Cubik Studio - https://cubik.studio",
	"parent": "block/block",
	"textures": {
		"particle": "block/end_portal_frame_side",
		"bottom": "block/end_stone",
		"top": "block/end_portal_frame_top",
		"side": "block/end_portal_frame_side",
		"pistontop": "block/piston_top",
		"pistonside": "block/piston_side",
		"chest": "entity/chest/normal_double",
		"quartzside": "block/quartz_block_side"
	},
	"elements": [ 	 
		{
			"__comment": "Element",
			"from": [ 0, 0, 0 ],
			"to": [ 8, 6.5, 8 ],
			"faces": {
				"down": { "uv": [ 0, 0, 16, 16 ], "texture": "#bottom", "cullface": "down" },
				"up": { "uv": [ 0, 0, 16, 16 ], "texture": "#top" },
				"north": { "uv": [ 0, 3, 16, 16 ], "texture": "#side", "cullface": "north" },
				"south": { "uv": [ 0, 3, 16, 16 ], "texture": "#side", "cullface": "south" },
				"west": { "uv": [ 0, 3, 16, 16 ], "texture": "#side", "cullface": "west" },
				"east": { "uv": [ 0, 3, 16, 16 ], "texture": "#side", "cullface": "east" }
			}
		},
		{
			"__comment": "Box3",
			"from": [ 8, 22, 0 ],
			"to": [ 24, 24, 8 ],
			"faces": {
				"down": { "uv": [ 5.5, 0, 9.25, 3.5 ], "texture": "#chest" },
				"up": { "uv": [ 1.75, 0, 5.5, 3.5 ], "texture": "#chest" },
				"north": { "uv": [ 1.75, 3.5, 5.5, 4.75 ], "texture": "#chest" },
				"south": { "uv": [ 7.25, 3.5, 11, 4.75 ], "texture": "#chest" },
				"east": { "uv": [ 5.5, 3.5, 7.25, 4.75 ], "texture": "#chest" }
			}
		},
		{
			"__comment": "Box3",
			"from": [ 8, 16, 0 ],
			"to": [ 24, 22, 7.875 ],
			"faces": {
				"down": { "uv": [ 5.5, 4.75, 9.25, 8.25 ], "texture": "#chest" },
				"north": { "uv": [ 1.75, 8.25, 5.5, 10.75 ], "texture": "#chest" },
				"south": { "uv": [ 7.25, 8.25, 11, 10.75 ], "texture": "#chest" },
				"west": { "uv": [ 0, 8.25, 1.75, 10.75 ], "texture": "#chest" },
				"east": { "uv": [ 5.5, 8.25, 7.25, 10.75 ], "texture": "#chest" }
			}
		},
		{
			"__comment": "Box5",
			"from": [ 15.25, 20.625, -0.375 ],
			"to": [ 16.75, 22.875, 0 ],
			"faces": {
				"down": { "uv": [ 0, 1, 0.75, 1.25 ], "texture": "#chest" },
				"up": { "uv": [ 0, 0.25, 0.75, 0.5 ], "texture": "#chest" },
				"north": { "uv": [ 0, 0.25, 0.75, 1.25 ], "texture": "#chest" },
				"south": { "uv": [ 0, 0.25, 0.75, 1.25 ], "texture": "#chest" },
				"west": { "uv": [ 0, 0.25, 0.125, 1.25 ], "texture": "#chest" },
				"east": { "uv": [ 0.625, 0.25, 0.75, 1.25 ], "texture": "#chest" }
			}
		},
		{
			"__comment": "Box6",
			"from": [ 8, 12.125, 0 ],
			"to": [ 16, 16.125, 8 ],
			"faces": {
				"down": { "uv": [ 0, 0, 16, 16 ], "texture": "#quartzside" },
				"up": { "uv": [ 0, 0, 16, 16 ], "texture": "#quartzside" },
				"north": { "uv": [ 0, 0, 16, 16 ], "texture": "#quartzside" },
				"south": { "uv": [ 0, 0, 16, 16 ], "texture": "#quartzside" },
				"west": { "uv": [ 0, 0, 16, 16 ], "texture": "#quartzside" }
			}
		},
		{
			"__comment": "Box5",
			"from": [ 15.25, 4.625, -0.375 ],
			"to": [ 16.75, 6.875, 0 ],
			"faces": {
				"down": { "uv": [ 0, 1, 0.75, 1.25 ], "texture": "#chest" },
				"up": { "uv": [ 0, 0.25, 0.75, 0.5 ], "texture": "#chest" },
				"north": { "uv": [ 0, 0.25, 0.75, 1.25 ], "texture": "#chest" },
				"south": { "uv": [ 0, 0.25, 0.75, 1.25 ], "texture": "#chest" },
				"west": { "uv": [ 0, 0.25, 0.125, 1.25 ], "texture": "#chest" },
				"east": { "uv": [ 0.625, 0.25, 0.75, 1.25 ], "texture": "#chest" }
			}
		},
		{
			"__comment": "Box3",
			"from": [ 8, 0, 0 ],
			"to": [ 24, 6, 7.875 ],
			"faces": {
				"down": { "uv": [ 5.5, 4.75, 9.25, 8.25 ], "texture": "#chest" },
				"north": { "uv": [ 1.75, 8.25, 5.5, 10.75 ], "texture": "#chest" },
				"south": { "uv": [ 7.25, 8.25, 11, 10.75 ], "texture": "#chest" },
				"east": { "uv": [ 5.5, 8.25, 7.25, 10.75 ], "texture": "#chest" }
			}
		},
		{
			"__comment": "Box3",
			"from": [ 8, 6, 0 ],
			"to": [ 24, 8, 8 ],
			"faces": {
				"down": { "uv": [ 5.5, 0, 9.25, 3.5 ], "texture": "#chest", "cullface": "east" },
				"up": { "uv": [ 1.75, 0, 5.5, 3.5 ], "texture": "#chest", "cullface": "east" },
				"north": { "uv": [ 1.75, 3.5, 5.5, 4.75 ], "texture": "#chest", "cullface": "east" },
				"south": { "uv": [ 7.25, 3.5, 11, 4.75 ], "texture": "#chest", "cullface": "east" },
				"west": { "uv": [ 0, 3.5, 1.75, 4.75 ], "texture": "#chest", "cullface": "east" },
				"east": { "uv": [ 5.5, 3.5, 7.25, 4.75 ], "texture": "#chest", "cullface": "east" }
			}
		},
		{
			"__comment": "Box2",
			"from": [ 0, 16.125, 0 ],
			"to": [ 8, 24.125, 8 ],
			"faces": {
				"down": { "uv": [ 0, 0, 16, 16 ], "texture": "#pistontop", "rotation": 180 },
				"up": { "uv": [ 0, 4, 16, 16 ], "texture": "#pistonside", "rotation": 180 },
				"north": { "uv": [ 16, 16, 0, 0 ], "texture": "#pistonside" },
				"south": { "uv": [ 16, 16, 0, 0 ], "texture": "#pistonside" },
				"west": { "uv": [ 0, 0, 16, 16 ], "texture": "#pistonside", "rotation": 180 },
				"east": { "uv": [ 0, 0, 16, 16 ], "texture": "#pistonside", "rotation": 180 }
			}
		},
		{
			"__comment": "Box6",
			"from": [ 16, 12.125, 0 ],
			"to": [ 24, 16.125, 8 ],
			"faces": {
				"down": { "uv": [ 0, 0, 16, 16 ], "texture": "#quartzside" },
				"up": { "uv": [ 0, 0, 16, 16 ], "texture": "#quartzside" },
				"north": { "uv": [ 0, 0, 16, 16 ], "texture": "#quartzside" },
				"south": { "uv": [ 0, 0, 16, 16 ], "texture": "#quartzside" },
				"east": { "uv": [ 0, 0, 16, 16 ], "texture": "#quartzside" }
			}
		}
	],
	"display": {
		"thirdperson_righthand": {
			"rotation":  [ 124, 98, 0 ],
			"translation":  [ 1, 3, 0 ],
			"scale":  [ 0.3, 0.3, 0.3 ]
		},
		"thirdperson_lefthand": {
			"rotation":  [ 124, 98, 0 ],
			"translation":  [ 1, 5, 0 ],
			"scale":  [ 0.3, 0.3, 0.3 ]
		},
		"firstperson_righthand": {
			"rotation":  [ 0, 110, -12 ],
			"translation":  [ 3, 3, 0 ],
			"scale":  [ 0.3, 0.3, 0.3 ]
		},
		"firstperson_lefthand": {
			"rotation":  [ 0, 110, -12 ],
			"translation":  [ 3, 3, 0 ],
			"scale":  [ 0.3, 0.3, 0.3 ]
		},
		"gui": {
			"rotation":  [ 0, 180, 0 ],
			"translation":  [ 3, -3, 0 ],
			"scale":  [ 0.7, 0.7, 0.7 ]
		},
		"ground": {
			"scale":  [ 0.5, 0.5, 0.5 ]
		},
		"fixed": {
			"translation":  [ -3.5, -3.5, 5 ],
			"scale":  [ 0.8, 0.8, 0.8 ]
		}
	}
}