{"file_name":"head","texture_size":[64,64],"textures":{"dc49c63a-421a-747d-d11d-b8f24b76e93f":"modelengine:entity/duck"},"elements":[{"name":"cube","from":[6.8,9.5,6.6499996],"to":[9.2,12.5,9.05],"rotation":{"angle":0.0,"axis":"x","origin":[8.0,9.5,7.25]},"faces":{"down":{"uv":[2.0,4.5,3.0,5.5],"rotation":0,"texture":"#dc49c63a-421a-747d-d11d-b8f24b76e93f","tintindex":0},"east":{"uv":[0.0,5.5,1.0,6.75],"rotation":0,"texture":"#dc49c63a-421a-747d-d11d-b8f24b76e93f","tintindex":0},"north":{"uv":[1.0,5.5,2.0,6.75],"rotation":0,"texture":"#dc49c63a-421a-747d-d11d-b8f24b76e93f","tintindex":0},"south":{"uv":[3.0,5.5,4.0,6.75],"rotation":0,"texture":"#dc49c63a-421a-747d-d11d-b8f24b76e93f","tintindex":0},"up":{"uv":[2.0,5.5,1.0,4.5],"rotation":0,"texture":"#dc49c63a-421a-747d-d11d-b8f24b76e93f","tintindex":0},"west":{"uv":[2.0,5.5,3.0,6.75],"rotation":0,"texture":"#dc49c63a-421a-747d-d11d-b8f24b76e93f","tintindex":0}}},{"name":"cube","from":[6.8,10.700001,4.85],"to":[9.2,11.3,6.6499996],"rotation":{"angle":0.0,"axis":"x","origin":[8.0,10.700001,6.05]},"faces":{"down":{"uv":[4.75,4.5,5.75,5.25],"rotation":0,"texture":"#dc49c63a-421a-747d-d11d-b8f24b76e93f","tintindex":0},"east":{"uv":[3.0,5.25,3.75,5.5],"rotation":0,"texture":"#dc49c63a-421a-747d-d11d-b8f24b76e93f","tintindex":0},"north":{"uv":[3.75,5.25,4.75,5.5],"rotation":0,"texture":"#dc49c63a-421a-747d-d11d-b8f24b76e93f","tintindex":0},"south":{"uv":[5.5,5.25,6.5,5.5],"rotation":0,"texture":"#dc49c63a-421a-747d-d11d-b8f24b76e93f","tintindex":0},"up":{"uv":[4.75,5.25,3.75,4.5],"rotation":0,"texture":"#dc49c63a-421a-747d-d11d-b8f24b76e93f","tintindex":0},"west":{"uv":[4.75,5.25,5.5,5.5],"rotation":0,"texture":"#dc49c63a-421a-747d-d11d-b8f24b76e93f","tintindex":0}}}],"display":{"head":{"translation":[0.0,-6.4,0.0],"rotation":[0.0,0.0,0.0],"scale":[3.8095,3.8095,3.8095]},"gui":{"translation":[0.0,0.0,0.0],"rotation":[35.0,225.0,0.0],"scale":[0.625,0.625,0.625]}}}