{
	"__comment": "Designed by Elo106 with Cubik Studio - https://cubik.studio",
	"textures": {
		"particle": "items/cylinder",
		"texture": "items/cylinder",
		"voxels_atlas": "items/cylinder"
	},
	"elements": [ 	 
		{
			"__comment": "Voxels",
			"from": [ 0.5, 4, 5 ],
			"to": [ 2.5, 4.5, 5.5 ],
			"faces": {
				"down": { "uv": [ 11.5, 10.375, 12, 10.5 ], "texture": "#voxels_atlas" },
				"up": { "uv": [ 6.5, 10.5, 7, 10.375 ], "texture": "#voxels_atlas" },
				"north": { "uv": [ 7.5, 10.5, 7, 10.625 ], "texture": "#voxels_atlas" },
				"south": { "uv": [ 7.5, 10.5, 8, 10.625 ], "texture": "#voxels_atlas" },
				"west": { "uv": [ 5.875, 2.875, 6, 3 ], "texture": "#voxels_atlas" },
				"east": { "uv": [ 16, 13.75, 15.875, 13.875 ], "texture": "#voxels_atlas" }
			}
		},
		{
			"__comment": "Voxels",
			"from": [ 0.5, 4, 5.5 ],
			"to": [ 2, 4.5, 6 ],
			"faces": {
				"down": { "uv": [ 1.25, 0, 1.625, 0.125 ], "texture": "#voxels_atlas" },
				"up": { "uv": [ 12.375, 11.875, 12.75, 11.75 ], "texture": "#voxels_atlas" },
				"south": { "uv": [ 15.625, 12.5, 16, 12.625 ], "texture": "#voxels_atlas" },
				"west": { "uv": [ 15.875, 13.625, 16, 13.75 ], "texture": "#voxels_atlas" },
				"east": { "uv": [ 16, 13.5, 15.875, 13.625 ], "texture": "#voxels_atlas" }
			}
		},
		{
			"__comment": "Voxels",
			"from": [ 0.5, 4, 10 ],
			"to": [ 2, 4.5, 11 ],
			"faces": {
				"down": { "uv": [ 3.25, 0, 3.625, 0.25 ], "texture": "#voxels_atlas" },
				"up": { "uv": [ 6.125, 12, 6.5, 11.75 ], "texture": "#voxels_atlas" },
				"north": { "uv": [ 16, 12.375, 15.625, 12.5 ], "texture": "#voxels_atlas" },
				"south": { "uv": [ 9.875, 11, 10.25, 11.125 ], "texture": "#voxels_atlas" },
				"west": { "uv": [ 15.75, 15.375, 16, 15.5 ], "texture": "#voxels_atlas" },
				"east": { "uv": [ 2.875, 0, 2.625, 0.125 ], "texture": "#voxels_atlas" }
			}
		},
		{
			"__comment": "Voxels",
			"from": [ 0.5, 4.5, 5 ],
			"to": [ 1.5, 5, 11 ],
			"faces": {
				"down": { "uv": [ 2.375, 3, 2.625, 4.5 ], "texture": "#voxels_atlas" },
				"up": { "uv": [ 2.375, 1.5, 2.625, 0 ], "texture": "#voxels_atlas" },
				"north": { "uv": [ 16, 13.375, 15.75, 13.5 ], "texture": "#voxels_atlas" },
				"south": { "uv": [ 11, 12.75, 11.25, 12.875 ], "texture": "#voxels_atlas" },
				"west": { "uv": [ 10.375, 11.875, 11.875, 12 ], "texture": "#voxels_atlas" },
				"east": { "uv": [ 11.875, 12.625, 10.375, 12.75 ], "texture": "#voxels_atlas" }
			}
		},
		{
			"__comment": "Voxels",
			"from": [ 0.5, 5, 5 ],
			"to": [ 1, 5.5, 11 ],
			"faces": {
				"up": { "uv": [ 4.25, 5.25, 4.375, 3.75 ], "texture": "#voxels_atlas" },
				"north": { "uv": [ 3.25, 3.25, 3.125, 3.375 ], "texture": "#voxels_atlas" },
				"south": { "uv": [ 3.5, 4.5, 3.625, 4.625 ], "texture": "#voxels_atlas" },
				"west": { "uv": [ 10.375, 11.75, 11.875, 11.875 ], "texture": "#voxels_atlas" },
				"east": { "uv": [ 11.875, 12, 10.375, 12.125 ], "texture": "#voxels_atlas" }
			}
		},
		{
			"__comment": "Voxels",
			"from": [ 1, 4, 4 ],
			"to": [ 3, 4.5, 4.5 ],
			"faces": {
				"down": { "uv": [ 7, 10.375, 7.5, 10.5 ], "texture": "#voxels_atlas" },
				"up": { "uv": [ 7.5, 10.5, 8, 10.375 ], "texture": "#voxels_atlas" },
				"north": { "uv": [ 10, 10.375, 9.5, 10.5 ], "texture": "#voxels_atlas" },
				"south": { "uv": [ 10, 10.375, 10.5, 10.5 ], "texture": "#voxels_atlas" },
				"west": { "uv": [ 4.5, 2.5, 4.625, 2.625 ], "texture": "#voxels_atlas" },
				"east": { "uv": [ 6.625, 11.375, 6.5, 11.5 ], "texture": "#voxels_atlas" }
			}
		},
		{
			"__comment": "Voxels",
			"from": [ 1, 4, 4.5 ],
			"to": [ 2.5, 4.5, 5 ],
			"faces": {
				"down": { "uv": [ 14, 11, 14.375, 11.125 ], "texture": "#voxels_atlas" },
				"up": { "uv": [ 14.375, 11.125, 14.75, 11 ], "texture": "#voxels_atlas" },
				"west": { "uv": [ 7.625, 11.375, 7.75, 11.5 ], "texture": "#voxels_atlas" },
				"east": { "uv": [ 12.5, 10.625, 12.375, 10.75 ], "texture": "#voxels_atlas" }
			}
		},
		{
			"__comment": "Voxels",
			"from": [ 1, 4, 6 ],
			"to": [ 2, 4.5, 10 ],
			"faces": {
				"down": { "uv": [ 4.375, 11.75, 4.625, 12.75 ], "texture": "#voxels_atlas" },
				"up": { "uv": [ 4.125, 12.75, 4.375, 11.75 ], "texture": "#voxels_atlas" },
				"west": { "uv": [ 10.75, 11.5, 11.75, 11.625 ], "texture": "#voxels_atlas" },
				"east": { "uv": [ 9.75, 11.375, 8.75, 11.5 ], "texture": "#voxels_atlas" }
			}
		},
		{
			"__comment": "Voxels",
			"from": [ 1, 4, 11 ],
			"to": [ 2.5, 4.5, 12 ],
			"faces": {
				"down": { "uv": [ 13.25, 11.125, 13.625, 11.375 ], "texture": "#voxels_atlas" },
				"up": { "uv": [ 13.625, 11.375, 14, 11.125 ], "texture": "#voxels_atlas" },
				"north": { "uv": [ 15, 10.375, 14.625, 10.5 ], "texture": "#voxels_atlas" },
				"south": { "uv": [ 15, 10.375, 15.375, 10.5 ], "texture": "#voxels_atlas" },
				"west": { "uv": [ 7.625, 11.75, 7.875, 11.875 ], "texture": "#voxels_atlas" },
				"east": { "uv": [ 8.125, 11.75, 7.875, 11.875 ], "texture": "#voxels_atlas" }
			}
		},
		{
			"__comment": "Voxels",
			"from": [ 1, 4.5, 4 ],
			"to": [ 2, 5, 5 ],
			"faces": {
				"down": { "uv": [ 9.375, 11.75, 9.625, 12 ], "texture": "#voxels_atlas" },
				"up": { "uv": [ 9.625, 12, 9.875, 11.75 ], "texture": "#voxels_atlas" },
				"north": { "uv": [ 8.375, 11.75, 8.125, 11.875 ], "texture": "#voxels_atlas" },
				"south": { "uv": [ 8.375, 11.75, 8.625, 11.875 ], "texture": "#voxels_atlas" },
				"west": { "uv": [ 8.625, 11.75, 8.875, 11.875 ], "texture": "#voxels_atlas" },
				"east": { "uv": [ 9.125, 11.75, 8.875, 11.875 ], "texture": "#voxels_atlas" }
			}
		},
		{
			"__comment": "Voxels",
			"from": [ 1, 4.5, 11 ],
			"to": [ 2, 5, 12 ],
			"faces": {
				"up": { "uv": [ 12.125, 12, 12.375, 11.75 ], "texture": "#voxels_atlas" },
				"north": { "uv": [ 9.375, 11.75, 9.125, 11.875 ], "texture": "#voxels_atlas" },
				"south": { "uv": [ 13.875, 11.75, 14.125, 11.875 ], "texture": "#voxels_atlas" },
				"west": { "uv": [ 4.75, 0, 5, 0.125 ], "texture": "#voxels_atlas" },
				"east": { "uv": [ 16, 10.375, 15.75, 10.5 ], "texture": "#voxels_atlas" }
			}
		},
		{
			"__comment": "Voxels",
			"from": [ 1.5, 3.5, 5 ],
			"to": [ 4, 4, 5.5 ],
			"faces": {
				"down": { "uv": [ 14.625, 11.75, 15.25, 11.875 ], "texture": "#voxels_atlas" },
				"up": { "uv": [ 15.375, 11.75, 16, 11.625 ], "texture": "#voxels_atlas" },
				"north": { "uv": [ 10.375, 10.875, 9.75, 11 ], "texture": "#voxels_atlas" },
				"south": { "uv": [ 10.375, 10.875, 11, 11 ], "texture": "#voxels_atlas" },
				"west": { "uv": [ 5.375, 4.25, 5.5, 4.375 ], "texture": "#voxels_atlas" },
				"east": { "uv": [ 16, 10.125, 15.875, 10.25 ], "texture": "#voxels_atlas" }
			}
		},
		{
			"__comment": "Voxels",
			"from": [ 1.5, 3.5, 5.5 ],
			"to": [ 3.5, 4, 7 ],
			"faces": {
				"down": { "uv": [ 9.875, 12.375, 10.375, 12.75 ], "texture": "#voxels_atlas" },
				"up": { "uv": [ 9.875, 12.375, 10.375, 12 ], "texture": "#voxels_atlas" },
				"south": { "uv": [ 13.75, 10.625, 14.25, 10.75 ], "texture": "#voxels_atlas" },
				"west": { "uv": [ 8.875, 10.25, 9.25, 10.375 ], "texture": "#voxels_atlas" },
				"east": { "uv": [ 9.625, 10.25, 9.25, 10.375 ], "texture": "#voxels_atlas" }
			}
		},
		{
			"__comment": "Voxels",
			"from": [ 1.5, 3.5, 7 ],
			"to": [ 3, 4, 11 ],
			"faces": {
				"down": { "uv": [ 12.75, 14.375, 13.125, 15.375 ], "texture": "#voxels_atlas" },
				"up": { "uv": [ 13.125, 15.375, 13.5, 14.375 ], "texture": "#voxels_atlas" },
				"south": { "uv": [ 10, 10.25, 10.375, 10.375 ], "texture": "#voxels_atlas" },
				"west": { "uv": [ 6.125, 11.125, 7.125, 11.25 ], "texture": "#voxels_atlas" },
				"east": { "uv": [ 7.125, 11.25, 6.125, 11.375 ], "texture": "#voxels_atlas" }
			}
		},
		{
			"__comment": "Voxels",
			"from": [ 1.5, 4, 3.5 ],
			"to": [ 3, 4.5, 4 ],
			"faces": {
				"down": { "uv": [ 10.375, 10.25, 10.75, 10.375 ], "texture": "#voxels_atlas" },
				"up": { "uv": [ 10.75, 10.375, 11.125, 10.25 ], "texture": "#voxels_atlas" },
				"north": { "uv": [ 11.5, 10.25, 11.125, 10.375 ], "texture": "#voxels_atlas" },
				"west": { "uv": [ 5.625, 0, 5.75, 0.125 ], "texture": "#voxels_atlas" },
				"east": { "uv": [ 14.875, 10, 14.75, 10.125 ], "texture": "#voxels_atlas" }
			}
		},
		{
			"__comment": "Voxels",
			"from": [ 1.5, 4, 12 ],
			"to": [ 3, 4.5, 12.5 ],
			"faces": {
				"down": { "uv": [ 12.625, 10.25, 13, 10.375 ], "texture": "#voxels_atlas" },
				"up": { "uv": [ 13, 10.375, 13.375, 10.25 ], "texture": "#voxels_atlas" },
				"north": { "uv": [ 13.75, 10.25, 13.375, 10.375 ], "texture": "#voxels_atlas" },
				"south": { "uv": [ 13.75, 10.25, 14.125, 10.375 ], "texture": "#voxels_atlas" },
				"west": { "uv": [ 14.875, 10, 15, 10.125 ], "texture": "#voxels_atlas" },
				"east": { "uv": [ 15.125, 10, 15, 10.125 ], "texture": "#voxels_atlas" }
			}
		},
		{
			"__comment": "Voxels",
			"from": [ 1.5, 4.5, 3.5 ],
			"to": [ 2, 5, 4 ],
			"faces": {
				"up": { "uv": [ 15.25, 10.125, 15.375, 10 ], "texture": "#voxels_atlas" },
				"north": { "uv": [ 15.5, 10, 15.375, 10.125 ], "texture": "#voxels_atlas" },
				"west": { "uv": [ 15.625, 10, 15.75, 10.125 ], "texture": "#voxels_atlas" },
				"east": { "uv": [ 15.875, 10, 15.75, 10.125 ], "texture": "#voxels_atlas" }
			}
		},
		{
			"__comment": "Voxels",
			"from": [ 1.5, 4.5, 12 ],
			"to": [ 2, 5, 12.5 ],
			"faces": {
				"up": { "uv": [ 5.75, 6, 5.875, 5.875 ], "texture": "#voxels_atlas" },
				"south": { "uv": [ 5.75, 5.625, 5.875, 5.75 ], "texture": "#voxels_atlas" },
				"west": { "uv": [ 5.75, 5.5, 5.875, 5.625 ], "texture": "#voxels_atlas" },
				"east": { "uv": [ 5.875, 2.5, 5.75, 2.625 ], "texture": "#voxels_atlas" }
			}
		},
		{
			"__comment": "Voxels",
			"from": [ 1.5, 10, 6.5 ],
			"to": [ 3.5, 13, 7 ],
			"faces": {
				"down": { "uv": [ 9.5, 10.5, 10, 10.625 ], "texture": "#voxels_atlas" },
				"up": { "uv": [ 12.5, 10.75, 13, 10.625 ], "texture": "#voxels_atlas" },
				"north": { "uv": [ 15.5, 14.375, 15, 15.125 ], "texture": "#voxels_atlas" },
				"south": { "uv": [ 15.5, 14.375, 16, 15.125 ], "texture": "#voxels_atlas" },
				"west": { "uv": [ 5, 8, 5.125, 8.75 ], "texture": "#voxels_atlas" },
				"east": { "uv": [ 5.125, 7.25, 5, 8 ], "texture": "#voxels_atlas" }
			}
		},
		{
			"__comment": "Voxels",
			"from": [ 1.5, 10, 7 ],
			"to": [ 3, 13, 9.5 ],
			"faces": {
				"down": { "uv": [ 6.5, 12.125, 6.875, 12.75 ], "texture": "#voxels_atlas" },
				"up": { "uv": [ 2.875, 0.625, 3.25, 0 ], "texture": "#voxels_atlas" },
				"south": { "uv": [ 2.875, 0.625, 3.25, 1.375 ], "texture": "#voxels_atlas" },
				"west": { "uv": [ 9, 14.75, 9.625, 15.5 ], "texture": "#voxels_atlas" },
				"east": { "uv": [ 12.75, 14.75, 12.125, 15.5 ], "texture": "#voxels_atlas" }
			}
		},
		{
			"__comment": "Voxels",
			"from": [ 2, 3.5, 2.5 ],
			"to": [ 14, 4, 3 ],
			"faces": {
				"down": { "uv": [ 12.75, 15.375, 15.75, 15.5 ], "texture": "#voxels_atlas" },
				"up": { "uv": [ 8.625, 14.125, 11.625, 14 ], "texture": "#voxels_atlas" },
				"north": { "uv": [ 5.625, 14, 2.625, 14.125 ], "texture": "#voxels_atlas" },
				"south": { "uv": [ 5.625, 14, 8.625, 14.125 ], "texture": "#voxels_atlas" },
				"west": { "uv": [ 7.875, 9.875, 8, 10 ], "texture": "#voxels_atlas" },
				"east": { "uv": [ 7.875, 9.875, 7.75, 10 ], "texture": "#voxels_atlas" }
			}
		},
		{
			"__comment": "Voxels",
			"from": [ 2, 3.5, 3 ],
			"to": [ 7, 4, 3.5 ],
			"faces": {
				"down": { "uv": [ 14.125, 11.625, 15.375, 11.75 ], "texture": "#voxels_atlas" },
				"up": { "uv": [ 12.875, 11.75, 14.125, 11.625 ], "texture": "#voxels_atlas" },
				"south": { "uv": [ 5.375, 11.5, 6.625, 11.625 ], "texture": "#voxels_atlas" },
				"west": { "uv": [ 6.125, 9.875, 6.25, 10 ], "texture": "#voxels_atlas" },
				"east": { "uv": [ 6.125, 9.875, 6, 10 ], "texture": "#voxels_atlas" }
			}
		},
		{
			"__comment": "Voxels",
			"from": [ 2, 3.5, 3.5 ],
			"to": [ 5.5, 4, 4 ],
			"faces": {
				"down": { "uv": [ 8.125, 11.125, 9, 11.25 ], "texture": "#voxels_atlas" },
				"up": { "uv": [ 8.125, 11.375, 9, 11.25 ], "texture": "#voxels_atlas" },
				"south": { "uv": [ 9, 11.125, 9.875, 11.25 ], "texture": "#voxels_atlas" },
				"west": { "uv": [ 5.875, 0.25, 6, 0.375 ], "texture": "#voxels_atlas" },
				"east": { "uv": [ 6, 0.375, 5.875, 0.5 ], "texture": "#voxels_atlas" }
			}
		},
		{
			"__comment": "Voxels",
			"from": [ 2, 3.5, 4 ],
			"to": [ 5, 4, 4.5 ],
			"faces": {
				"down": { "uv": [ 15.25, 11.75, 16, 11.875 ], "texture": "#voxels_atlas" },
				"up": { "uv": [ 11, 11.375, 11.75, 11.25 ], "texture": "#voxels_atlas" },
				"south": { "uv": [ 11, 11, 11.75, 11.125 ], "texture": "#voxels_atlas" },
				"west": { "uv": [ 5.875, 2, 6, 2.125 ], "texture": "#voxels_atlas" },
				"east": { "uv": [ 6, 2.125, 5.875, 2.25 ], "texture": "#voxels_atlas" }
			}
		},
		{
			"__comment": "Voxels",
			"from": [ 2, 3.5, 4.5 ],
			"to": [ 4.5, 4, 5 ],
			"faces": {
				"down": { "uv": [ 9.375, 10.625, 10, 10.75 ], "texture": "#voxels_atlas" },
				"up": { "uv": [ 10, 10.875, 10.625, 10.75 ], "texture": "#voxels_atlas" },
				"south": { "uv": [ 10.625, 10.75, 11.25, 10.875 ], "texture": "#voxels_atlas" },
				"west": { "uv": [ 5.875, 4.5, 6, 4.625 ], "texture": "#voxels_atlas" },
				"east": { "uv": [ 6, 4.625, 5.875, 4.75 ], "texture": "#voxels_atlas" }
			}
		},
		{
			"__comment": "Voxels",
			"from": [ 2, 3.5, 11 ],
			"to": [ 4.5, 4, 13.5 ],
			"faces": {
				"down": { "uv": [ 5.25, 14.125, 5.875, 14.75 ], "texture": "#voxels_atlas" },
				"up": { "uv": [ 9, 14.75, 9.625, 14.125 ], "texture": "#voxels_atlas" },
				"north": { "uv": [ 11.25, 10.625, 10.625, 10.75 ], "texture": "#voxels_atlas" },
				"south": { "uv": [ 11.25, 10.75, 11.875, 10.875 ], "texture": "#voxels_atlas" },
				"west": { "uv": [ 11.25, 10.625, 11.875, 10.75 ], "texture": "#voxels_atlas" },
				"east": { "uv": [ 12.5, 10.75, 11.875, 10.875 ], "texture": "#voxels_atlas" }
			}
		},
		{
			"__comment": "Voxels",
			"from": [ 2, 4, 2.5 ],
			"to": [ 3, 4.5, 3.5 ],
			"faces": {
				"down": { "uv": [ 5.25, 3.75, 5.5, 4 ], "texture": "#voxels_atlas" },
				"up": { "uv": [ 5.25, 3.75, 5.5, 3.5 ], "texture": "#voxels_atlas" },
				"north": { "uv": [ 7.125, 11.75, 6.875, 11.875 ], "texture": "#voxels_atlas" },
				"west": { "uv": [ 15.75, 13.125, 16, 13.25 ], "texture": "#voxels_atlas" },
				"east": { "uv": [ 16, 13.25, 15.75, 13.375 ], "texture": "#voxels_atlas" }
			}
		},
		{
			"__comment": "Voxels",
			"from": [ 2, 4, 10.5 ],
			"to": [ 2.5, 4.5, 11 ],
			"faces": {
				"up": { "uv": [ 5.875, 6.375, 6, 6.25 ], "texture": "#voxels_atlas" },
				"north": { "uv": [ 6, 6.375, 5.875, 6.5 ], "texture": "#voxels_atlas" },
				"east": { "uv": [ 6, 3.125, 5.875, 3.25 ], "texture": "#voxels_atlas" }
			}
		},
		{
			"__comment": "Voxels",
			"from": [ 2, 4, 12.5 ],
			"to": [ 3, 4.5, 13.5 ],
			"faces": {
				"up": { "uv": [ 5.25, 7.5, 5.5, 7.25 ], "texture": "#voxels_atlas" },
				"south": { "uv": [ 13.75, 10, 14, 10.125 ], "texture": "#voxels_atlas" },
				"west": { "uv": [ 13.5, 10, 13.75, 10.125 ], "texture": "#voxels_atlas" },
				"east": { "uv": [ 13.5, 10, 13.25, 10.125 ], "texture": "#voxels_atlas" }
			}
		},
		{
			"__comment": "Voxels",
			"from": [ 2, 7, 6.5 ],
			"to": [ 3.5, 10, 7 ],
			"faces": {
				"down": { "uv": [ 8.5, 10.25, 8.875, 10.375 ], "texture": "#voxels_atlas" },
				"north": { "uv": [ 3.625, 12, 3.25, 12.75 ], "texture": "#voxels_atlas" },
				"south": { "uv": [ 3.25, 9, 3.625, 9.75 ], "texture": "#voxels_atlas" },
				"west": { "uv": [ 5, 6.5, 5.125, 7.25 ], "texture": "#voxels_atlas" },
				"east": { "uv": [ 5.125, 5.75, 5, 6.5 ], "texture": "#voxels_atlas" }
			}
		},
		{
			"__comment": "Voxels",
			"from": [ 2, 7, 7 ],
			"to": [ 3, 10, 9.5 ],
			"faces": {
				"down": { "uv": [ 4.75, 7.625, 5, 8.25 ], "texture": "#voxels_atlas" },
				"south": { "uv": [ 4.375, 8.75, 4.625, 9.5 ], "texture": "#voxels_atlas" },
				"west": { "uv": [ 10.875, 14.75, 11.5, 15.5 ], "texture": "#voxels_atlas" },
				"east": { "uv": [ 12.125, 14.75, 11.5, 15.5 ], "texture": "#voxels_atlas" }
			}
		},
		{
			"__comment": "Voxels",
			"from": [ 2, 9.5, 5.5 ],
			"to": [ 3.5, 13, 6.5 ],
			"faces": {
				"down": { "uv": [ 11.75, 11.125, 12.125, 11.375 ], "texture": "#voxels_atlas" },
				"up": { "uv": [ 12.125, 11.375, 12.5, 11.125 ], "texture": "#voxels_atlas" },
				"north": { "uv": [ 1.625, 0.125, 1.25, 1 ], "texture": "#voxels_atlas" },
				"south": { "uv": [ 2.875, 12.625, 3.25, 13.5 ], "texture": "#voxels_atlas" },
				"west": { "uv": [ 8.375, 11.875, 8.625, 12.75 ], "texture": "#voxels_atlas" },
				"east": { "uv": [ 8.875, 11.875, 8.625, 12.75 ], "texture": "#voxels_atlas" }
			}
		},
		{
			"__comment": "Voxels",
			"from": [ 2, 9.5, 9.5 ],
			"to": [ 3.5, 13, 10.5 ],
			"faces": {
				"down": { "uv": [ 12.5, 11.125, 12.875, 11.375 ], "texture": "#voxels_atlas" },
				"up": { "uv": [ 12.875, 11.375, 13.25, 11.125 ], "texture": "#voxels_atlas" },
				"north": { "uv": [ 3.25, 6.5, 2.875, 7.375 ], "texture": "#voxels_atlas" },
				"south": { "uv": [ 2.875, 5.625, 3.25, 6.5 ], "texture": "#voxels_atlas" },
				"west": { "uv": [ 8.875, 11.875, 9.125, 12.75 ], "texture": "#voxels_atlas" },
				"east": { "uv": [ 9.375, 11.875, 9.125, 12.75 ], "texture": "#voxels_atlas" }
			}
		},
		{
			"__comment": "Voxels",
			"from": [ 2, 10.5, 5 ],
			"to": [ 4, 13, 5.5 ],
			"faces": {
				"down": { "uv": [ 10, 10.5, 10.5, 10.625 ], "texture": "#voxels_atlas" },
				"up": { "uv": [ 6, 10.5, 6.5, 10.375 ], "texture": "#voxels_atlas" },
				"north": { "uv": [ 10.75, 14.125, 10.25, 14.75 ], "texture": "#voxels_atlas" },
				"south": { "uv": [ 6.25, 12.75, 6.75, 13.375 ], "texture": "#voxels_atlas" },
				"west": { "uv": [ 5.125, 2.25, 5.25, 2.875 ], "texture": "#voxels_atlas" },
				"east": { "uv": [ 11.5, 14.125, 11.375, 14.75 ], "texture": "#voxels_atlas" }
			}
		},
		{
			"__comment": "Voxels",
			"from": [ 2, 10.5, 10.5 ],
			"to": [ 4, 13, 11 ],
			"faces": {
				"down": { "uv": [ 12.25, 12.75, 12.75, 12.875 ], "texture": "#voxels_atlas" },
				"up": { "uv": [ 12.75, 12.875, 13.25, 12.75 ], "texture": "#voxels_atlas" },
				"north": { "uv": [ 11.375, 14.125, 10.875, 14.75 ], "texture": "#voxels_atlas" },
				"south": { "uv": [ 11.5, 14.125, 12, 14.75 ], "texture": "#voxels_atlas" },
				"west": { "uv": [ 5.125, 4.125, 5.25, 4.75 ], "texture": "#voxels_atlas" },
				"east": { "uv": [ 5.25, 2.875, 5.125, 3.5 ], "texture": "#voxels_atlas" }
			}
		},
		{
			"__comment": "Voxels",
			"from": [ 2.5, 3, 4.5 ],
			"to": [ 4.5, 3.5, 5 ],
			"faces": {
				"down": { "uv": [ 11.875, 10.625, 12.375, 10.75 ], "texture": "#voxels_atlas" },
				"north": { "uv": [ 8.5, 10.375, 8, 10.5 ], "texture": "#voxels_atlas" },
				"south": { "uv": [ 8.5, 10.375, 9, 10.5 ], "texture": "#voxels_atlas" },
				"west": { "uv": [ 5.875, 9.5, 6, 9.625 ], "texture": "#voxels_atlas" },
				"east": { "uv": [ 6, 9.625, 5.875, 9.75 ], "texture": "#voxels_atlas" }
			}
		},
		{
			"__comment": "Voxels",
			"from": [ 2.5, 3, 5 ],
			"to": [ 4, 3.5, 5.5 ],
			"faces": {
				"down": { "uv": [ 6.25, 10.25, 6.625, 10.375 ], "texture": "#voxels_atlas" },
				"south": { "uv": [ 15.375, 10.375, 15.75, 10.5 ], "texture": "#voxels_atlas" },
				"west": { "uv": [ 5.75, 0.375, 5.875, 0.5 ], "texture": "#voxels_atlas" },
				"east": { "uv": [ 5.875, 0.5, 5.75, 0.625 ], "texture": "#voxels_atlas" }
			}
		},
		{
			"__comment": "Voxels",
			"from": [ 2.5, 3, 5.5 ],
			"to": [ 3.5, 3.5, 11.5 ],
			"faces": {
				"down": { "uv": [ 2.375, 1.5, 2.625, 3 ], "texture": "#voxels_atlas" },
				"up": { "uv": [ 2.625, 14, 2.875, 12.5 ], "texture": "#voxels_atlas" },
				"south": { "uv": [ 6.75, 10, 7, 10.125 ], "texture": "#voxels_atlas" },
				"west": { "uv": [ 14.125, 12.5, 15.625, 12.625 ], "texture": "#voxels_atlas" },
				"east": { "uv": [ 15.625, 12.375, 14.125, 12.5 ], "texture": "#voxels_atlas" }
			}
		},
		{
			"__comment": "Voxels",
			"from": [ 2.5, 3.5, 2 ],
			"to": [ 13.5, 4, 2.5 ],
			"faces": {
				"down": { "uv": [ 5.625, 13.625, 8.375, 13.75 ], "texture": "#voxels_atlas" },
				"up": { "uv": [ 2.875, 13.625, 5.625, 13.5 ], "texture": "#voxels_atlas" },
				"north": { "uv": [ 5.625, 13.625, 2.875, 13.75 ], "texture": "#voxels_atlas" },
				"west": { "uv": [ 5.75, 0.625, 5.875, 0.75 ], "texture": "#voxels_atlas" },
				"east": { "uv": [ 5.875, 0.75, 5.75, 0.875 ], "texture": "#voxels_atlas" }
			}
		},
		{
			"__comment": "Voxels",
			"from": [ 2.5, 3.5, 13.5 ],
			"to": [ 13.5, 4, 14 ],
			"faces": {
				"down": { "uv": [ 8.375, 13.75, 11.125, 13.875 ], "texture": "#voxels_atlas" },
				"up": { "uv": [ 5.625, 13.875, 8.375, 13.75 ], "texture": "#voxels_atlas" },
				"north": { "uv": [ 13.875, 13.625, 11.125, 13.75 ], "texture": "#voxels_atlas" },
				"south": { "uv": [ 2.875, 13.75, 5.625, 13.875 ], "texture": "#voxels_atlas" },
				"west": { "uv": [ 5.75, 0.875, 5.875, 1 ], "texture": "#voxels_atlas" },
				"east": { "uv": [ 5.875, 1, 5.75, 1.125 ], "texture": "#voxels_atlas" }
			}
		},
		{
			"__comment": "Voxels",
			"from": [ 2.5, 4, 2 ],
			"to": [ 3, 4.5, 2.5 ],
			"faces": {
				"up": { "uv": [ 5.75, 1.375, 5.875, 1.25 ], "texture": "#voxels_atlas" },
				"north": { "uv": [ 6, 1.75, 5.875, 1.875 ], "texture": "#voxels_atlas" },
				"west": { "uv": [ 5.875, 6, 6, 6.125 ], "texture": "#voxels_atlas" },
				"east": { "uv": [ 6, 6.125, 5.875, 6.25 ], "texture": "#voxels_atlas" }
			}
		},
		{
			"__comment": "Voxels",
			"from": [ 2.5, 4, 6.5 ],
			"to": [ 3.5, 7, 7 ],
			"faces": {
				"north": { "uv": [ 4.625, 11, 4.375, 11.75 ], "texture": "#voxels_atlas" },
				"south": { "uv": [ 4.375, 8, 4.625, 8.75 ], "texture": "#voxels_atlas" },
				"west": { "uv": [ 5, 5, 5.125, 5.75 ], "texture": "#voxels_atlas" },
				"east": { "uv": [ 5.125, 4.25, 5, 5 ], "texture": "#voxels_atlas" }
			}
		},
		{
			"__comment": "Voxels",
			"from": [ 2.5, 4, 7 ],
			"to": [ 3, 7, 9.5 ],
			"faces": {
				"south": { "uv": [ 5, 2.75, 5.125, 3.5 ], "texture": "#voxels_atlas" },
				"west": { "uv": [ 10.25, 14.75, 10.875, 15.5 ], "texture": "#voxels_atlas" },
				"east": { "uv": [ 10.25, 14.75, 9.625, 15.5 ], "texture": "#voxels_atlas" }
			}
		},
		{
			"__comment": "Voxels",
			"from": [ 2.5, 4, 11.5 ],
			"to": [ 3, 4.5, 12 ],
			"faces": {
				"up": { "uv": [ 5.75, 1.625, 5.875, 1.5 ], "texture": "#voxels_atlas" },
				"north": { "uv": [ 7, 9.875, 6.875, 10 ], "texture": "#voxels_atlas" },
				"east": { "uv": [ 6.875, 9.875, 6.75, 10 ], "texture": "#voxels_atlas" }
			}
		},
		{
			"__comment": "Voxels",
			"from": [ 2.5, 4, 13.5 ],
			"to": [ 3, 4.5, 14 ],
			"faces": {
				"up": { "uv": [ 5.875, 8.875, 6, 8.75 ], "texture": "#voxels_atlas" },
				"south": { "uv": [ 5.875, 8.5, 6, 8.625 ], "texture": "#voxels_atlas" },
				"west": { "uv": [ 5.875, 8.375, 6, 8.5 ], "texture": "#voxels_atlas" },
				"east": { "uv": [ 6, 8.25, 5.875, 8.375 ], "texture": "#voxels_atlas" }
			}
		},
		{
			"__comment": "Voxels",
			"from": [ 2.5, 4.5, 6 ],
			"to": [ 3.5, 9.5, 6.5 ],
			"faces": {
				"down": { "uv": [ 10, 10, 10.25, 10.125 ], "texture": "#voxels_atlas" },
				"north": { "uv": [ 2.875, 3.625, 2.625, 4.875 ], "texture": "#voxels_atlas" },
				"south": { "uv": [ 2.625, 7.375, 2.875, 8.625 ], "texture": "#voxels_atlas" },
				"west": { "uv": [ 4.375, 0.625, 4.5, 1.875 ], "texture": "#voxels_atlas" },
				"east": { "uv": [ 4.75, 7.875, 4.625, 9.125 ], "texture": "#voxels_atlas" }
			}
		},
		{
			"__comment": "Voxels",
			"from": [ 2.5, 4.5, 9.5 ],
			"to": [ 3.5, 9.5, 10 ],
			"faces": {
				"down": { "uv": [ 11.25, 10, 11.5, 10.125 ], "texture": "#voxels_atlas" },
				"north": { "uv": [ 2.875, 8.625, 2.625, 9.875 ], "texture": "#voxels_atlas" },
				"south": { "uv": [ 2.625, 9.875, 2.875, 11.125 ], "texture": "#voxels_atlas" },
				"west": { "uv": [ 4.5, 0.625, 4.625, 1.875 ], "texture": "#voxels_atlas" },
				"east": { "uv": [ 4.75, 10.375, 4.625, 11.625 ], "texture": "#voxels_atlas" }
			}
		},
		{
			"__comment": "Voxels",
			"from": [ 2.5, 7, 5 ],
			"to": [ 4, 10.5, 5.5 ],
			"faces": {
				"down": { "uv": [ 12.125, 11, 12.5, 11.125 ], "texture": "#voxels_atlas" },
				"north": { "uv": [ 3.25, 7.375, 2.875, 8.25 ], "texture": "#voxels_atlas" },
				"south": { "uv": [ 2.875, 8.25, 3.25, 9.125 ], "texture": "#voxels_atlas" },
				"west": { "uv": [ 4.25, 0, 4.375, 0.875 ], "texture": "#voxels_atlas" },
				"east": { "uv": [ 3.25, 1.625, 3.125, 2.5 ], "texture": "#voxels_atlas" }
			}
		},
		{
			"__comment": "Voxels",
			"from": [ 2.5, 7, 5.5 ],
			"to": [ 3.5, 9.5, 6 ],
			"faces": {
				"down": { "uv": [ 9.375, 10.125, 9.625, 10.25 ], "texture": "#voxels_atlas" },
				"west": { "uv": [ 5.125, 1, 5.25, 1.625 ], "texture": "#voxels_atlas" },
				"east": { "uv": [ 5.25, 1.625, 5.125, 2.25 ], "texture": "#voxels_atlas" }
			}
		},
		{
			"__comment": "Voxels",
			"from": [ 2.5, 7, 10 ],
			"to": [ 3.5, 9.5, 11 ],
			"faces": {
				"down": { "uv": [ 5.25, 3.25, 5.5, 3.5 ], "texture": "#voxels_atlas" },
				"up": { "uv": [ 5.25, 4.25, 5.5, 4 ], "texture": "#voxels_atlas" },
				"south": { "uv": [ 4.375, 1.875, 4.625, 2.5 ], "texture": "#voxels_atlas" },
				"west": { "uv": [ 4.75, 9.5, 5, 10.125 ], "texture": "#voxels_atlas" },
				"east": { "uv": [ 5, 8.875, 4.75, 9.5 ], "texture": "#voxels_atlas" }
			}
		},
		{
			"__comment": "Voxels",
			"from": [ 2.5, 9.5, 10.5 ],
			"to": [ 4, 10.5, 11 ],
			"faces": {
				"down": { "uv": [ 10.625, 11, 11, 11.125 ], "texture": "#voxels_atlas" },
				"north": { "uv": [ 14.375, 11.125, 14, 11.375 ], "texture": "#voxels_atlas" },
				"south": { "uv": [ 14.375, 11.125, 14.75, 11.375 ], "texture": "#voxels_atlas" },
				"west": { "uv": [ 5.5, 0.5, 5.625, 0.75 ], "texture": "#voxels_atlas" },
				"east": { "uv": [ 5.75, 7.375, 5.625, 7.625 ], "texture": "#voxels_atlas" }
			}
		},
		{
			"__comment": "Voxels",
			"from": [ 2.5, 11, 4.5 ],
			"to": [ 4.5, 13, 5 ],
			"faces": {
				"down": { "uv": [ 5.5, 10.375, 6, 10.5 ], "texture": "#voxels_atlas" },
				"up": { "uv": [ 14.5, 10.625, 15, 10.5 ], "texture": "#voxels_atlas" },
				"north": { "uv": [ 0.5, 0, 0, 0.5 ], "texture": "#voxels_atlas" },
				"south": { "uv": [ 12.25, 12.875, 12.75, 13.375 ], "texture": "#voxels_atlas" },
				"west": { "uv": [ 5.25, 5.25, 5.375, 5.75 ], "texture": "#voxels_atlas" },
				"east": { "uv": [ 5.5, 5.75, 5.375, 6.25 ], "texture": "#voxels_atlas" }
			}
		},
		{
			"__comment": "Voxels",
			"from": [ 2.5, 11, 11 ],
			"to": [ 4.5, 13, 11.5 ],
			"faces": {
				"down": { "uv": [ 12, 10.5, 12.5, 10.625 ], "texture": "#voxels_atlas" },
				"up": { "uv": [ 10.5, 10.625, 11, 10.5 ], "texture": "#voxels_atlas" },
				"north": { "uv": [ 13.25, 12.875, 12.75, 13.375 ], "texture": "#voxels_atlas" },
				"south": { "uv": [ 13.25, 12.875, 13.75, 13.375 ], "texture": "#voxels_atlas" },
				"west": { "uv": [ 5.25, 5.75, 5.375, 6.25 ], "texture": "#voxels_atlas" },
				"east": { "uv": [ 5.5, 6.75, 5.375, 7.25 ], "texture": "#voxels_atlas" }
			}
		},
		{
			"__comment": "Voxels",
			"from": [ 3, 3, 2 ],
			"to": [ 13, 3.5, 3 ],
			"faces": {
				"down": { "uv": [ 2.75, 15, 5.25, 15.25 ], "texture": "#voxels_atlas" },
				"up": { "uv": [ 2.75, 15.5, 5.25, 15.25 ], "texture": "#voxels_atlas" },
				"north": { "uv": [ 5.75, 13.375, 3.25, 13.5 ], "texture": "#voxels_atlas" },
				"south": { "uv": [ 3.75, 13.25, 6.25, 13.375 ], "texture": "#voxels_atlas" },
				"west": { "uv": [ 14.875, 10.125, 15.125, 10.25 ], "texture": "#voxels_atlas" },
				"east": { "uv": [ 15.375, 10.125, 15.125, 10.25 ], "texture": "#voxels_atlas" }
			}
		},
		{
			"__comment": "Voxels",
			"from": [ 3, 3, 3 ],
			"to": [ 7, 3.5, 3.5 ],
			"faces": {
				"down": { "uv": [ 6.625, 11.375, 7.625, 11.5 ], "texture": "#voxels_atlas" },
				"south": { "uv": [ 8.75, 11.5, 9.75, 11.625 ], "texture": "#voxels_atlas" },
				"west": { "uv": [ 5.875, 5.625, 6, 5.75 ], "texture": "#voxels_atlas" },
				"east": { "uv": [ 6, 4.75, 5.875, 4.875 ], "texture": "#voxels_atlas" }
			}
		},
		{
			"__comment": "Voxels",
			"from": [ 3, 3, 3.5 ],
			"to": [ 5.5, 3.5, 4 ],
			"faces": {
				"down": { "uv": [ 9.375, 10.75, 10, 10.875 ], "texture": "#voxels_atlas" },
				"south": { "uv": [ 11.625, 10.875, 12.25, 11 ], "texture": "#voxels_atlas" },
				"west": { "uv": [ 5.875, 4.375, 6, 4.5 ], "texture": "#voxels_atlas" },
				"east": { "uv": [ 6, 4.25, 5.875, 4.375 ], "texture": "#voxels_atlas" }
			}
		},
		{
			"__comment": "Voxels",
			"from": [ 3, 3, 4 ],
			"to": [ 5, 3.5, 4.5 ],
			"faces": {
				"down": { "uv": [ 6.5, 10.5, 7, 10.625 ], "texture": "#voxels_atlas" },
				"south": { "uv": [ 14.75, 10.625, 15.25, 10.75 ], "texture": "#voxels_atlas" },
				"west": { "uv": [ 5.875, 2.75, 6, 2.875 ], "texture": "#voxels_atlas" },
				"east": { "uv": [ 6, 2.25, 5.875, 2.375 ], "texture": "#voxels_atlas" }
			}
		},
		{
			"__comment": "Voxels",
			"from": [ 3, 3, 11.5 ],
			"to": [ 5, 3.5, 14 ],
			"faces": {
				"down": { "uv": [ 3.25, 12.75, 3.75, 13.375 ], "texture": "#voxels_atlas" },
				"up": { "uv": [ 12.125, 14.75, 12.625, 14.125 ], "texture": "#voxels_atlas" },
				"north": { "uv": [ 13.75, 10.625, 13.25, 10.75 ], "texture": "#voxels_atlas" },
				"south": { "uv": [ 13.25, 10.75, 13.75, 10.875 ], "texture": "#voxels_atlas" },
				"west": { "uv": [ 15.375, 12.625, 16, 12.75 ], "texture": "#voxels_atlas" },
				"east": { "uv": [ 11.625, 10.875, 11, 11 ], "texture": "#voxels_atlas" }
			}
		},
		{
			"__comment": "Voxels",
			"from": [ 3, 3.5, 9 ],
			"to": [ 3.5, 13, 9.5 ],
			"faces": {
				"up": { "uv": [ 5.75, 1.75, 5.875, 1.625 ], "texture": "#voxels_atlas" },
				"north": { "uv": [ 3.125, 3.25, 3, 5.625 ], "texture": "#voxels_atlas" },
				"south": { "uv": [ 2.875, 3.25, 3, 5.625 ], "texture": "#voxels_atlas" },
				"west": { "uv": [ 2.75, 1.25, 2.875, 3.625 ], "texture": "#voxels_atlas" },
				"east": { "uv": [ 2.75, 1.25, 2.625, 3.625 ], "texture": "#voxels_atlas" }
			}
		},
		{
			"__comment": "Voxels",
			"from": [ 3, 3.5, 9.5 ],
			"to": [ 3.5, 4.5, 11 ],
			"faces": {
				"up": { "uv": [ 5.5, 6.125, 5.625, 5.75 ], "texture": "#voxels_atlas" },
				"south": { "uv": [ 5.625, 6.375, 5.75, 6.625 ], "texture": "#voxels_atlas" },
				"west": { "uv": [ 14.75, 11.125, 15.125, 11.375 ], "texture": "#voxels_atlas" },
				"east": { "uv": [ 15.5, 11.125, 15.125, 11.375 ], "texture": "#voxels_atlas" }
			}
		},
		{
			"__comment": "Voxels",
			"from": [ 3, 4, 5 ],
			"to": [ 4, 7, 5.5 ],
			"faces": {
				"north": { "uv": [ 4.625, 10.25, 4.375, 11 ], "texture": "#voxels_atlas" },
				"south": { "uv": [ 4.375, 9.5, 4.625, 10.25 ], "texture": "#voxels_atlas" },
				"west": { "uv": [ 5, 2, 5.125, 2.75 ], "texture": "#voxels_atlas" },
				"east": { "uv": [ 5.125, 1.25, 5, 2 ], "texture": "#voxels_atlas" }
			}
		},
		{
			"__comment": "Voxels",
			"from": [ 3, 4, 5.5 ],
			"to": [ 3.5, 7, 6 ],
			"faces": {
				"south": { "uv": [ 5.125, 10.25, 5.25, 11 ], "texture": "#voxels_atlas" },
				"west": { "uv": [ 5.125, 9.5, 5.25, 10.25 ], "texture": "#voxels_atlas" },
				"east": { "uv": [ 5.25, 8.75, 5.125, 9.5 ], "texture": "#voxels_atlas" }
			}
		},
		{
			"__comment": "Voxels",
			"from": [ 3, 4, 6 ],
			"to": [ 3.5, 4.5, 6.5 ],
			"faces": {
				"west": { "uv": [ 5.75, 3.125, 5.875, 3.25 ], "texture": "#voxels_atlas" },
				"east": { "uv": [ 5.875, 3.25, 5.75, 3.375 ], "texture": "#voxels_atlas" }
			}
		},
		{
			"__comment": "Voxels",
			"from": [ 3, 4.5, 10 ],
			"to": [ 3.5, 7, 11 ],
			"faces": {
				"south": { "uv": [ 12.625, 14.125, 12.75, 14.75 ], "texture": "#voxels_atlas" },
				"west": { "uv": [ 4.75, 7, 5, 7.625 ], "texture": "#voxels_atlas" },
				"east": { "uv": [ 5, 6.375, 4.75, 7 ], "texture": "#voxels_atlas" }
			}
		},
		{
			"__comment": "Voxels",
			"from": [ 3, 7.5, 4.5 ],
			"to": [ 4.5, 11, 5 ],
			"faces": {
				"down": { "uv": [ 12.25, 10.25, 12.625, 10.375 ], "texture": "#voxels_atlas" },
				"north": { "uv": [ 3.25, 11.75, 2.875, 12.625 ], "texture": "#voxels_atlas" },
				"south": { "uv": [ 2.875, 10.875, 3.25, 11.75 ], "texture": "#voxels_atlas" },
				"west": { "uv": [ 4.875, 5, 5, 5.875 ], "texture": "#voxels_atlas" },
				"east": { "uv": [ 4.875, 4.125, 4.75, 5 ], "texture": "#voxels_atlas" }
			}
		},
		{
			"__comment": "Voxels",
			"from": [ 3, 7.5, 11 ],
			"to": [ 4.5, 11, 11.5 ],
			"faces": {
				"down": { "uv": [ 7.75, 10.25, 8.125, 10.375 ], "texture": "#voxels_atlas" },
				"north": { "uv": [ 3.25, 10, 2.875, 10.875 ], "texture": "#voxels_atlas" },
				"south": { "uv": [ 2.875, 9.125, 3.25, 10 ], "texture": "#voxels_atlas" },
				"west": { "uv": [ 4.75, 2.375, 4.875, 3.25 ], "texture": "#voxels_atlas" },
				"east": { "uv": [ 5, 2.375, 4.875, 3.25 ], "texture": "#voxels_atlas" }
			}
		},
		{
			"__comment": "Voxels",
			"from": [ 3, 12.5, 7 ],
			"to": [ 14.5, 13, 9 ],
			"faces": {
				"down": { "uv": [ 0.75, 15.5, 3.625, 16 ], "texture": "#voxels_atlas" },
				"up": { "uv": [ 3.625, 16, 6.5, 15.5 ], "texture": "#voxels_atlas" },
				"north": { "uv": [ 5.75, 13.875, 2.875, 14 ], "texture": "#voxels_atlas" },
				"south": { "uv": [ 11.625, 14, 14.5, 14.125 ], "texture": "#voxels_atlas" },
				"east": { "uv": [ 12.5, 10.375, 12, 10.5 ], "texture": "#voxels_atlas" }
			}
		},
		{
			"__comment": "Voxels",
			"from": [ 3.5, -3.5, 2 ],
			"to": [ 6.5, -0.5, 2.5 ],
			"faces": {
				"down": { "uv": [ 5.25, 10.875, 6, 11 ], "texture": "#voxels_atlas", "cullface": "down" },
				"up": { "uv": [ 6, 11, 6.75, 10.875 ], "texture": "#voxels_atlas", "cullface": "down" },
				"north": { "uv": [ 6, 14.75, 5.25, 15.5 ], "texture": "#voxels_atlas", "cullface": "down" },
				"south": { "uv": [ 6, 14.75, 6.75, 15.5 ], "texture": "#voxels_atlas", "cullface": "down" },
				"west": { "uv": [ 5.125, 8, 5.25, 8.75 ], "texture": "#voxels_atlas", "cullface": "down" },
				"east": { "uv": [ 5.25, 7.25, 5.125, 8 ], "texture": "#voxels_atlas", "cullface": "down" }
			}
		},
		{
			"__comment": "Voxels",
			"from": [ 3.5, 3, 1.5 ],
			"to": [ 12.5, 4, 2 ],
			"faces": {
				"down": { "uv": [ 2.75, 14.125, 5, 14.25 ], "texture": "#voxels_atlas" },
				"up": { "uv": [ 3.75, 13, 6, 12.875 ], "texture": "#voxels_atlas" },
				"north": { "uv": [ 5, 14.25, 2.75, 14.5 ], "texture": "#voxels_atlas" },
				"south": { "uv": [ 2.75, 14.5, 5, 14.75 ], "texture": "#voxels_atlas" },
				"west": { "uv": [ 5.625, 9.875, 5.75, 10.125 ], "texture": "#voxels_atlas" },
				"east": { "uv": [ 5.625, 0, 5.5, 0.25 ], "texture": "#voxels_atlas" }
			}
		},
		{
			"__comment": "Voxels",
			"from": [ 3.5, 3, 10.5 ],
			"to": [ 4, 9.5, 11 ],
			"faces": {
				"down": { "uv": [ 5.75, 4, 5.875, 4.125 ], "texture": "#voxels_atlas" },
				"north": { "uv": [ 4.375, 5.25, 4.25, 6.875 ], "texture": "#voxels_atlas" },
				"south": { "uv": [ 4.25, 6.875, 4.375, 8.5 ], "texture": "#voxels_atlas" },
				"west": { "uv": [ 4.25, 8.5, 4.375, 10.125 ], "texture": "#voxels_atlas" },
				"east": { "uv": [ 4.375, 10.125, 4.25, 11.75 ], "texture": "#voxels_atlas" }
			}
		},
		{
			"__comment": "Voxels",
			"from": [ 3.5, 3, 11 ],
			"to": [ 4.5, 3.5, 11.5 ],
			"faces": {
				"down": { "uv": [ 11.625, 10.125, 11.875, 10.25 ], "texture": "#voxels_atlas" },
				"north": { "uv": [ 11.375, 10.125, 11.125, 10.25 ], "texture": "#voxels_atlas" },
				"east": { "uv": [ 5.875, 5.125, 5.75, 5.25 ], "texture": "#voxels_atlas" }
			}
		},
		{
			"__comment": "Voxels",
			"from": [ 3.5, 3, 14 ],
			"to": [ 12.5, 4, 14.5 ],
			"faces": {
				"down": { "uv": [ 9, 13.125, 11.25, 13.25 ], "texture": "#voxels_atlas" },
				"up": { "uv": [ 9, 13.375, 11.25, 13.25 ], "texture": "#voxels_atlas" },
				"north": { "uv": [ 5, 14.75, 2.75, 15 ], "texture": "#voxels_atlas" },
				"south": { "uv": [ 6.75, 15.25, 9, 15.5 ], "texture": "#voxels_atlas" },
				"west": { "uv": [ 5.5, 2, 5.625, 2.25 ], "texture": "#voxels_atlas" },
				"east": { "uv": [ 5.625, 2.25, 5.5, 2.5 ], "texture": "#voxels_atlas" }
			}
		},
		{
			"__comment": "Voxels",
			"from": [ 3.5, 4, 4.5 ],
			"to": [ 4.5, 7.5, 5 ],
			"faces": {
				"north": { "uv": [ 7.625, 11.875, 7.375, 12.75 ], "texture": "#voxels_atlas" },
				"south": { "uv": [ 7.625, 11.875, 7.875, 12.75 ], "texture": "#voxels_atlas" },
				"west": { "uv": [ 4.75, 5, 4.875, 5.875 ], "texture": "#voxels_atlas" },
				"east": { "uv": [ 5, 4.125, 4.875, 5 ], "texture": "#voxels_atlas" }
			}
		},
		{
			"__comment": "Voxels",
			"from": [ 3.5, 4, 11 ],
			"to": [ 4.5, 7.5, 11.5 ],
			"faces": {
				"north": { "uv": [ 8.125, 11.875, 7.875, 12.75 ], "texture": "#voxels_atlas" },
				"south": { "uv": [ 8.125, 11.875, 8.375, 12.75 ], "texture": "#voxels_atlas" },
				"west": { "uv": [ 4.75, 3.25, 4.875, 4.125 ], "texture": "#voxels_atlas" },
				"east": { "uv": [ 5, 3.25, 4.875, 4.125 ], "texture": "#voxels_atlas" }
			}
		},
		{
			"__comment": "Voxels",
			"from": [ 3.5, 11.5, 4 ],
			"to": [ 5, 13, 4.5 ],
			"faces": {
				"down": { "uv": [ 7.5, 10.125, 7.875, 10.25 ], "texture": "#voxels_atlas" },
				"up": { "uv": [ 7.125, 10.25, 7.5, 10.125 ], "texture": "#voxels_atlas" },
				"north": { "uv": [ 5.375, 11, 5, 11.375 ], "texture": "#voxels_atlas" },
				"south": { "uv": [ 5.375, 11, 5.75, 11.375 ], "texture": "#voxels_atlas" },
				"west": { "uv": [ 5.5, 6.5, 5.625, 6.875 ], "texture": "#voxels_atlas" },
				"east": { "uv": [ 5.625, 6.875, 5.5, 7.25 ], "texture": "#voxels_atlas" }
			}
		},
		{
			"__comment": "Voxels",
			"from": [ 3.5, 11.5, 11.5 ],
			"to": [ 5, 13, 12 ],
			"faces": {
				"down": { "uv": [ 6.75, 10.125, 7.125, 10.25 ], "texture": "#voxels_atlas" },
				"up": { "uv": [ 6.375, 10.25, 6.75, 10.125 ], "texture": "#voxels_atlas" },
				"north": { "uv": [ 6.125, 11, 5.75, 11.375 ], "texture": "#voxels_atlas" },
				"south": { "uv": [ 6.5, 11.75, 6.875, 12.125 ], "texture": "#voxels_atlas" },
				"west": { "uv": [ 5.5, 8, 5.625, 8.375 ], "texture": "#voxels_atlas" },
				"east": { "uv": [ 5.625, 8.375, 5.5, 8.75 ], "texture": "#voxels_atlas" }
			}
		},
		{
			"__comment": "Voxels",
			"from": [ 3.5, 12.5, 5.5 ],
			"to": [ 14, 13, 7 ],
			"faces": {
				"down": { "uv": [ 9.125, 15.625, 11.75, 16 ], "texture": "#voxels_atlas" },
				"up": { "uv": [ 6.5, 16, 9.125, 15.625 ], "texture": "#voxels_atlas" },
				"north": { "uv": [ 11.75, 15.5, 9.125, 15.625 ], "texture": "#voxels_atlas" },
				"west": { "uv": [ 15.625, 10.25, 16, 10.375 ], "texture": "#voxels_atlas" },
				"east": { "uv": [ 15.625, 10.25, 15.25, 10.375 ], "texture": "#voxels_atlas" }
			}
		},
		{
			"__comment": "Voxels",
			"from": [ 3.5, 12.5, 9 ],
			"to": [ 14.5, 13, 9.5 ],
			"faces": {
				"down": { "uv": [ 5.75, 13.875, 8.5, 14 ], "texture": "#voxels_atlas" },
				"up": { "uv": [ 8.5, 14, 11.25, 13.875 ], "texture": "#voxels_atlas" },
				"south": { "uv": [ 11.125, 13.75, 13.875, 13.875 ], "texture": "#voxels_atlas" },
				"east": { "uv": [ 6, 1.375, 5.875, 1.5 ], "texture": "#voxels_atlas" }
			}
		},
		{
			"__comment": "Voxels",
			"from": [ 3.5, 12.5, 9.5 ],
			"to": [ 14, 13, 10.5 ],
			"faces": {
				"down": { "uv": [ 11.75, 15.5, 14.375, 15.75 ], "texture": "#voxels_atlas" },
				"up": { "uv": [ 11.75, 16, 14.375, 15.75 ], "texture": "#voxels_atlas" },
				"south": { "uv": [ 8.25, 13.5, 10.875, 13.625 ], "texture": "#voxels_atlas" },
				"east": { "uv": [ 13.125, 10.125, 12.875, 10.25 ], "texture": "#voxels_atlas" }
			}
		},
		{
			"__comment": "Voxels",
			"from": [ 4, 3, 1 ],
			"to": [ 12, 4, 1.5 ],
			"faces": {
				"down": { "uv": [ 13.875, 13.625, 15.875, 13.75 ], "texture": "#voxels_atlas" },
				"up": { "uv": [ 6.75, 14.25, 8.75, 14.125 ], "texture": "#voxels_atlas" },
				"north": { "uv": [ 8.75, 14.75, 6.75, 15 ], "texture": "#voxels_atlas" },
				"west": { "uv": [ 5.5, 0.75, 5.625, 1 ], "texture": "#voxels_atlas" },
				"east": { "uv": [ 5.625, 1, 5.5, 1.25 ], "texture": "#voxels_atlas" }
			}
		},
		{
			"__comment": "Voxels",
			"from": [ 4, 3, 14.5 ],
			"to": [ 12, 4, 15 ],
			"faces": {
				"down": { "uv": [ 13.875, 13.75, 15.875, 13.875 ], "texture": "#voxels_atlas" },
				"up": { "uv": [ 14, 14, 16, 13.875 ], "texture": "#voxels_atlas" },
				"south": { "uv": [ 6.75, 14.25, 8.75, 14.5 ], "texture": "#voxels_atlas" },
				"west": { "uv": [ 5.625, 0.625, 5.75, 0.875 ], "texture": "#voxels_atlas" },
				"east": { "uv": [ 5.75, 0.875, 5.625, 1.125 ], "texture": "#voxels_atlas" }
			}
		},
		{
			"__comment": "Voxels",
			"from": [ 4, 4, 4 ],
			"to": [ 5, 11.5, 4.5 ],
			"faces": {
				"north": { "uv": [ 2.625, 6.375, 2.375, 8.25 ], "texture": "#voxels_atlas" },
				"south": { "uv": [ 2.375, 4.5, 2.625, 6.375 ], "texture": "#voxels_atlas" },
				"west": { "uv": [ 4.125, 0.25, 4.25, 2.125 ], "texture": "#voxels_atlas" },
				"east": { "uv": [ 4.25, 2.125, 4.125, 4 ], "texture": "#voxels_atlas" }
			}
		},
		{
			"__comment": "Voxels",
			"from": [ 4, 4, 11.5 ],
			"to": [ 5, 11.5, 12 ],
			"faces": {
				"down": { "uv": [ 7.875, 10.125, 8.125, 10.25 ], "texture": "#voxels_atlas" },
				"north": { "uv": [ 2.625, 10.125, 2.375, 12 ], "texture": "#voxels_atlas" },
				"south": { "uv": [ 2.375, 8.25, 2.625, 10.125 ], "texture": "#voxels_atlas" },
				"west": { "uv": [ 4.125, 5.875, 4.25, 7.75 ], "texture": "#voxels_atlas" },
				"east": { "uv": [ 4.25, 4, 4.125, 5.875 ], "texture": "#voxels_atlas" }
			}
		},
		{
			"__comment": "Voxels",
			"from": [ 4, 12.5, 5 ],
			"to": [ 14, 13, 5.5 ],
			"faces": {
				"down": { "uv": [ 10.875, 13.5, 13.375, 13.625 ], "texture": "#voxels_atlas" },
				"up": { "uv": [ 10.75, 13.5, 13.25, 13.375 ], "texture": "#voxels_atlas" },
				"north": { "uv": [ 15.875, 13.5, 13.375, 13.625 ], "texture": "#voxels_atlas" },
				"east": { "uv": [ 6, 9, 5.875, 9.125 ], "texture": "#voxels_atlas" }
			}
		},
		{
			"__comment": "Voxels",
			"from": [ 4, 12.5, 10.5 ],
			"to": [ 14, 13, 11 ],
			"faces": {
				"down": { "uv": [ 3.75, 13, 6.25, 13.125 ], "texture": "#voxels_atlas" },
				"up": { "uv": [ 3.75, 13.25, 6.25, 13.125 ], "texture": "#voxels_atlas" },
				"south": { "uv": [ 8.25, 13.375, 10.75, 13.5 ], "texture": "#voxels_atlas" },
				"east": { "uv": [ 5.875, 3.375, 5.75, 3.5 ], "texture": "#voxels_atlas" }
			}
		},
		{
			"__comment": "Voxels",
			"from": [ 4.5, 3.5, 11.5 ],
			"to": [ 5, 4, 13.5 ],
			"faces": {
				"up": { "uv": [ 5, 0.5, 5.125, 0 ], "texture": "#voxels_atlas" },
				"north": { "uv": [ 5.875, 4.25, 5.75, 4.375 ], "texture": "#voxels_atlas" },
				"east": { "uv": [ 15.25, 10.75, 14.75, 10.875 ], "texture": "#voxels_atlas" }
			}
		},
		{
			"__comment": "Voxels",
			"from": [ 4.5, 4, 3.5 ],
			"to": [ 5.5, 13, 4 ],
			"faces": {
				"up": { "uv": [ 14.5, 10.125, 14.75, 10 ], "texture": "#voxels_atlas" },
				"north": { "uv": [ 0.75, 0.5, 0.5, 2.75 ], "texture": "#voxels_atlas" },
				"south": { "uv": [ 1.25, 7.625, 1.5, 9.875 ], "texture": "#voxels_atlas" },
				"west": { "uv": [ 1.5, 5.375, 1.625, 7.625 ], "texture": "#voxels_atlas" },
				"east": { "uv": [ 1.625, 7.625, 1.5, 9.875 ], "texture": "#voxels_atlas" }
			}
		},
		{
			"__comment": "Voxels",
			"from": [ 4.5, 4, 12 ],
			"to": [ 5.5, 13, 12.5 ],
			"faces": {
				"down": { "uv": [ 12.375, 10.125, 12.625, 10.25 ], "texture": "#voxels_atlas" },
				"up": { "uv": [ 13.625, 10.25, 13.875, 10.125 ], "texture": "#voxels_atlas" },
				"north": { "uv": [ 1.5, 5.375, 1.25, 7.625 ], "texture": "#voxels_atlas" },
				"south": { "uv": [ 1.25, 3.125, 1.5, 5.375 ], "texture": "#voxels_atlas" },
				"west": { "uv": [ 3.25, 6.75, 3.375, 9 ], "texture": "#voxels_atlas" },
				"east": { "uv": [ 3.625, 9.75, 3.5, 12 ], "texture": "#voxels_atlas" }
			}
		},
		{
			"__comment": "Voxels",
			"from": [ 4.5, 12.5, 4.5 ],
			"to": [ 13.5, 13, 5 ],
			"faces": {
				"down": { "uv": [ 6.75, 12.75, 9, 12.875 ], "texture": "#voxels_atlas" },
				"up": { "uv": [ 6.75, 13.125, 9, 13 ], "texture": "#voxels_atlas" },
				"north": { "uv": [ 9, 12.875, 6.75, 13 ], "texture": "#voxels_atlas" },
				"east": { "uv": [ 8.5, 9.875, 8.375, 10 ], "texture": "#voxels_atlas" }
			}
		},
		{
			"__comment": "Voxels",
			"from": [ 4.5, 12.5, 11 ],
			"to": [ 13.5, 13, 11.5 ],
			"faces": {
				"down": { "uv": [ 9, 12.875, 11.25, 13 ], "texture": "#voxels_atlas" },
				"up": { "uv": [ 3.75, 12.875, 6, 12.75 ], "texture": "#voxels_atlas" },
				"south": { "uv": [ 6.75, 13.125, 9, 13.25 ], "texture": "#voxels_atlas" },
				"east": { "uv": [ 6, 0.125, 5.875, 0.25 ], "texture": "#voxels_atlas" }
			}
		},
		{
			"__comment": "Voxels",
			"from": [ 5, 3, 0.5 ],
			"to": [ 11, 4, 1 ],
			"faces": {
				"down": { "uv": [ 7.625, 11.625, 9.125, 11.75 ], "texture": "#voxels_atlas" },
				"up": { "uv": [ 4.625, 12, 6.125, 11.875 ], "texture": "#voxels_atlas" },
				"north": { "uv": [ 15, 14.875, 13.5, 15.125 ], "texture": "#voxels_atlas" },
				"west": { "uv": [ 5.625, 8.125, 5.75, 8.375 ], "texture": "#voxels_atlas" },
				"east": { "uv": [ 5.75, 7.875, 5.625, 8.125 ], "texture": "#voxels_atlas" }
			}
		},
		{
			"__comment": "Voxels",
			"from": [ 5, 3, 12 ],
			"to": [ 5.5, 4, 13.5 ],
			"faces": {
				"down": { "uv": [ 5.5, 9.125, 5.625, 9.5 ], "texture": "#voxels_atlas" },
				"up": { "uv": [ 5.5, 9.125, 5.625, 8.75 ], "texture": "#voxels_atlas" },
				"north": { "uv": [ 5.75, 0.125, 5.625, 0.375 ], "texture": "#voxels_atlas" },
				"south": { "uv": [ 5.75, 9.25, 5.875, 9.5 ], "texture": "#voxels_atlas" },
				"west": { "uv": [ 5.25, 10.625, 5.625, 10.875 ], "texture": "#voxels_atlas" },
				"east": { "uv": [ 6, 10.625, 5.625, 10.875 ], "texture": "#voxels_atlas" }
			}
		},
		{
			"__comment": "Voxels",
			"from": [ 5, 3, 13.5 ],
			"to": [ 13, 3.5, 14 ],
			"faces": {
				"down": { "uv": [ 9, 12.75, 11, 12.875 ], "texture": "#voxels_atlas" },
				"north": { "uv": [ 15.75, 13.125, 13.75, 13.25 ], "texture": "#voxels_atlas" },
				"south": { "uv": [ 13.75, 13, 15.75, 13.125 ], "texture": "#voxels_atlas" },
				"east": { "uv": [ 5.875, 5.25, 5.75, 5.375 ], "texture": "#voxels_atlas" }
			}
		},
		{
			"__comment": "Voxels",
			"from": [ 5, 3, 15 ],
			"to": [ 11, 4, 15.5 ],
			"faces": {
				"down": { "uv": [ 10.375, 12.125, 11.875, 12.25 ], "texture": "#voxels_atlas" },
				"up": { "uv": [ 14.5, 14.125, 16, 14 ], "texture": "#voxels_atlas" },
				"south": { "uv": [ 14.375, 15.75, 15.875, 16 ], "texture": "#voxels_atlas" },
				"west": { "uv": [ 5.5, 2.75, 5.625, 3 ], "texture": "#voxels_atlas" },
				"east": { "uv": [ 5.625, 2.5, 5.5, 2.75 ], "texture": "#voxels_atlas" }
			}
		},
		{
			"__comment": "Voxels",
			"from": [ 5, 4, 3 ],
			"to": [ 7, 13, 3.5 ],
			"faces": {
				"up": { "uv": [ 11.5, 10.625, 12, 10.5 ], "texture": "#voxels_atlas" },
				"north": { "uv": [ 0.5, 0.5, 0, 2.75 ], "texture": "#voxels_atlas" },
				"south": { "uv": [ 0.75, 13.25, 1.25, 15.5 ], "texture": "#voxels_atlas" },
				"west": { "uv": [ 3.125, 3.375, 3.25, 5.625 ], "texture": "#voxels_atlas" },
				"east": { "uv": [ 3.375, 9.75, 3.25, 12 ], "texture": "#voxels_atlas" }
			}
		},
		{
			"__comment": "Voxels",
			"from": [ 5, 4, 12.5 ],
			"to": [ 7, 13, 13 ],
			"faces": {
				"down": { "uv": [ 13.5, 10.5, 14, 10.625 ], "texture": "#voxels_atlas" },
				"up": { "uv": [ 14, 10.625, 14.5, 10.5 ], "texture": "#voxels_atlas" },
				"north": { "uv": [ 1.25, 8.75, 0.75, 11 ], "texture": "#voxels_atlas" },
				"south": { "uv": [ 0.75, 11, 1.25, 13.25 ], "texture": "#voxels_atlas" },
				"west": { "uv": [ 1.5, 3.125, 1.625, 5.375 ], "texture": "#voxels_atlas" },
				"east": { "uv": [ 3.5, 9.75, 3.375, 12 ], "texture": "#voxels_atlas" }
			}
		},
		{
			"__comment": "Voxels",
			"from": [ 5, 12.5, 4 ],
			"to": [ 12.5, 13, 4.5 ],
			"faces": {
				"down": { "uv": [ 13.75, 12.75, 15.625, 12.875 ], "texture": "#voxels_atlas" },
				"up": { "uv": [ 4.625, 12.75, 6.5, 12.625 ], "texture": "#voxels_atlas" },
				"north": { "uv": [ 6.5, 12.5, 4.625, 12.625 ], "texture": "#voxels_atlas" },
				"east": { "uv": [ 5.875, 4.75, 5.75, 4.875 ], "texture": "#voxels_atlas" }
			}
		},
		{
			"__comment": "Voxels",
			"from": [ 5, 12.5, 11.5 ],
			"to": [ 12.5, 13, 12 ],
			"faces": {
				"down": { "uv": [ 4.625, 12.125, 6.5, 12.25 ], "texture": "#voxels_atlas" },
				"up": { "uv": [ 13.75, 13, 15.625, 12.875 ], "texture": "#voxels_atlas" },
				"south": { "uv": [ 4.625, 12, 6.5, 12.125 ], "texture": "#voxels_atlas" },
				"east": { "uv": [ 5.875, 4.5, 5.75, 4.625 ], "texture": "#voxels_atlas" }
			}
		},
		{
			"__comment": "Voxels",
			"from": [ 5.5, 3, 12.5 ],
			"to": [ 7, 4, 13.5 ],
			"faces": {
				"down": { "uv": [ 6, 10.625, 6.375, 10.875 ], "texture": "#voxels_atlas" },
				"up": { "uv": [ 6.375, 10.875, 6.75, 10.625 ], "texture": "#voxels_atlas" },
				"north": { "uv": [ 7.125, 10.625, 6.75, 10.875 ], "texture": "#voxels_atlas" },
				"south": { "uv": [ 7.125, 10.625, 7.5, 10.875 ], "texture": "#voxels_atlas" },
				"east": { "uv": [ 5.5, 2.75, 5.25, 3 ], "texture": "#voxels_atlas" }
			}
		},
		{
			"__comment": "Voxels",
			"from": [ 5.5, 12.5, 3.5 ],
			"to": [ 11.5, 13, 4 ],
			"faces": {
				"down": { "uv": [ 12.375, 12.625, 13.875, 12.75 ], "texture": "#voxels_atlas" },
				"up": { "uv": [ 12.375, 12.625, 13.875, 12.5 ], "texture": "#voxels_atlas" },
				"north": { "uv": [ 13.875, 12.375, 12.375, 12.5 ], "texture": "#voxels_atlas" },
				"east": { "uv": [ 5.875, 3.75, 5.75, 3.875 ], "texture": "#voxels_atlas" }
			}
		},
		{
			"__comment": "Voxels",
			"from": [ 5.5, 12.5, 12 ],
			"to": [ 11.5, 13, 12.5 ],
			"faces": {
				"down": { "uv": [ 10.375, 12.5, 11.875, 12.625 ], "texture": "#voxels_atlas" },
				"up": { "uv": [ 10.375, 12.5, 11.875, 12.375 ], "texture": "#voxels_atlas" },
				"south": { "uv": [ 4.625, 11.75, 6.125, 11.875 ], "texture": "#voxels_atlas" },
				"east": { "uv": [ 5.875, 3.5, 5.75, 3.625 ], "texture": "#voxels_atlas" }
			}
		},
		{
			"__comment": "Voxels",
			"from": [ 6.5, 4, 2.5 ],
			"to": [ 9.5, 13, 3 ],
			"faces": {
				"up": { "uv": [ 7.5, 11, 8.25, 10.875 ], "texture": "#voxels_atlas" },
				"north": { "uv": [ 0.75, 9.25, 0, 11.5 ], "texture": "#voxels_atlas" },
				"south": { "uv": [ 0, 11.5, 0.75, 13.75 ], "texture": "#voxels_atlas" },
				"west": { "uv": [ 3.375, 4.5, 3.5, 6.75 ], "texture": "#voxels_atlas" },
				"east": { "uv": [ 3.375, 4.5, 3.25, 6.75 ], "texture": "#voxels_atlas" }
			}
		},
		{
			"__comment": "Voxels",
			"from": [ 6.5, 4, 13 ],
			"to": [ 9.5, 13, 13.5 ],
			"faces": {
				"down": { "uv": [ 8.25, 10.875, 9, 11 ], "texture": "#voxels_atlas" },
				"up": { "uv": [ 9, 11, 9.75, 10.875 ], "texture": "#voxels_atlas" },
				"north": { "uv": [ 0.75, 13.75, 0, 16 ], "texture": "#voxels_atlas" },
				"south": { "uv": [ 0, 7, 0.75, 9.25 ], "texture": "#voxels_atlas" },
				"west": { "uv": [ 3.5, 6.75, 3.625, 9 ], "texture": "#voxels_atlas" },
				"east": { "uv": [ 3.5, 6.75, 3.375, 9 ], "texture": "#voxels_atlas" }
			}
		},
		{
			"__comment": "Voxels",
			"from": [ 7, 3, 13 ],
			"to": [ 13, 4, 13.5 ],
			"faces": {
				"down": { "uv": [ 6.125, 11.625, 7.625, 11.75 ], "texture": "#voxels_atlas" },
				"up": { "uv": [ 4.625, 11.75, 6.125, 11.625 ], "texture": "#voxels_atlas" },
				"north": { "uv": [ 15, 15.125, 13.5, 15.375 ], "texture": "#voxels_atlas" },
				"south": { "uv": [ 14.375, 15.5, 15.875, 15.75 ], "texture": "#voxels_atlas" },
				"east": { "uv": [ 16, 15.75, 15.875, 16 ], "texture": "#voxels_atlas" }
			}
		},
		{
			"__comment": "Voxels",
			"from": [ 7, 12.5, 3 ],
			"to": [ 11, 13, 3.5 ],
			"faces": {
				"down": { "uv": [ 9.75, 11.375, 10.75, 11.5 ], "texture": "#voxels_atlas" },
				"up": { "uv": [ 9.75, 11.625, 10.75, 11.5 ], "texture": "#voxels_atlas" },
				"north": { "uv": [ 11.75, 11.375, 10.75, 11.5 ], "texture": "#voxels_atlas" },
				"east": { "uv": [ 5.875, 2, 5.75, 2.125 ], "texture": "#voxels_atlas" }
			}
		},
		{
			"__comment": "Voxels",
			"from": [ 7, 12.5, 12.5 ],
			"to": [ 11, 13, 13 ],
			"faces": {
				"down": { "uv": [ 7.125, 11, 8.125, 11.125 ], "texture": "#voxels_atlas" },
				"up": { "uv": [ 7.125, 11.25, 8.125, 11.125 ], "texture": "#voxels_atlas" },
				"south": { "uv": [ 6.125, 11, 7.125, 11.125 ], "texture": "#voxels_atlas" },
				"east": { "uv": [ 5.875, 1.75, 5.75, 1.875 ], "texture": "#voxels_atlas" }
			}
		},
		{
			"__comment": "Voxels",
			"from": [ 9, 3, 3 ],
			"to": [ 13, 4, 3.5 ],
			"faces": {
				"down": { "uv": [ 14.25, 11.375, 15.25, 11.5 ], "texture": "#voxels_atlas" },
				"up": { "uv": [ 14.25, 11.625, 15.25, 11.5 ], "texture": "#voxels_atlas" },
				"north": { "uv": [ 14.5, 14.125, 13.5, 14.375 ], "texture": "#voxels_atlas" },
				"south": { "uv": [ 11.25, 13.125, 12.25, 13.375 ], "texture": "#voxels_atlas" },
				"west": { "uv": [ 5.75, 7, 5.875, 7.25 ], "texture": "#voxels_atlas" },
				"east": { "uv": [ 5.875, 7.25, 5.75, 7.5 ], "texture": "#voxels_atlas" }
			}
		},
		{
			"__comment": "Voxels",
			"from": [ 9, 3, 12.5 ],
			"to": [ 13, 4, 13 ],
			"faces": {
				"down": { "uv": [ 12.75, 11.375, 13.75, 11.5 ], "texture": "#voxels_atlas" },
				"up": { "uv": [ 12.75, 11.625, 13.75, 11.5 ], "texture": "#voxels_atlas" },
				"north": { "uv": [ 16, 15.125, 15, 15.375 ], "texture": "#voxels_atlas" },
				"west": { "uv": [ 5.75, 8.75, 5.875, 9 ], "texture": "#voxels_atlas" },
				"east": { "uv": [ 5.875, 9, 5.75, 9.25 ], "texture": "#voxels_atlas" }
			}
		},
		{
			"__comment": "Voxels",
			"from": [ 9, 4, 3 ],
			"to": [ 11, 12.5, 3.5 ],
			"faces": {
				"north": { "uv": [ 1.25, 4.5, 0.75, 6.625 ], "texture": "#voxels_atlas" },
				"south": { "uv": [ 0.75, 2.375, 1.25, 4.5 ], "texture": "#voxels_atlas" },
				"west": { "uv": [ 1.5, 1, 1.625, 3.125 ], "texture": "#voxels_atlas" },
				"east": { "uv": [ 0.75, 2.75, 0.625, 4.875 ], "texture": "#voxels_atlas" }
			}
		},
		{
			"__comment": "Voxels",
			"from": [ 9, 4, 12.5 ],
			"to": [ 11, 12.5, 13 ],
			"faces": {
				"north": { "uv": [ 1.25, 0.25, 0.75, 2.375 ], "texture": "#voxels_atlas" },
				"south": { "uv": [ 0.75, 6.625, 1.25, 8.75 ], "texture": "#voxels_atlas" },
				"west": { "uv": [ 0.625, 4.875, 0.75, 7 ], "texture": "#voxels_atlas" },
				"east": { "uv": [ 4, 4.25, 3.875, 6.375 ], "texture": "#voxels_atlas" }
			}
		},
		{
			"__comment": "Voxels",
			"from": [ 10.5, 3, 3.5 ],
			"to": [ 13, 4, 4 ],
			"faces": {
				"down": { "uv": [ 12.25, 10.875, 12.875, 11 ], "texture": "#voxels_atlas" },
				"up": { "uv": [ 12.875, 11, 13.5, 10.875 ], "texture": "#voxels_atlas" },
				"south": { "uv": [ 14.625, 11.875, 15.25, 12.125 ], "texture": "#voxels_atlas" },
				"west": { "uv": [ 5.625, 2.875, 5.75, 3.125 ], "texture": "#voxels_atlas" },
				"east": { "uv": [ 5.75, 3.125, 5.625, 3.375 ], "texture": "#voxels_atlas" }
			}
		},
		{
			"__comment": "Voxels",
			"from": [ 10.5, 3, 12 ],
			"to": [ 13, 4, 12.5 ],
			"faces": {
				"down": { "uv": [ 14.75, 10.875, 15.375, 11 ], "texture": "#voxels_atlas" },
				"up": { "uv": [ 15.375, 11, 16, 10.875 ], "texture": "#voxels_atlas" },
				"north": { "uv": [ 15.875, 11.875, 15.25, 12.125 ], "texture": "#voxels_atlas" },
				"west": { "uv": [ 5.625, 3.625, 5.75, 3.875 ], "texture": "#voxels_atlas" },
				"east": { "uv": [ 5.75, 3.875, 5.625, 4.125 ], "texture": "#voxels_atlas" }
			}
		},
		{
			"__comment": "Voxels",
			"from": [ 10.5, 4, 3.5 ],
			"to": [ 11.5, 12.5, 4 ],
			"faces": {
				"north": { "uv": [ 2.125, 1.375, 1.875, 3.5 ], "texture": "#voxels_atlas" },
				"south": { "uv": [ 2.125, 12, 2.375, 14.125 ], "texture": "#voxels_atlas" },
				"west": { "uv": [ 3.875, 6.375, 4, 8.5 ], "texture": "#voxels_atlas" },
				"east": { "uv": [ 3.375, 2.375, 3.25, 4.5 ], "texture": "#voxels_atlas" }
			}
		},
		{
			"__comment": "Voxels",
			"from": [ 10.5, 4, 12 ],
			"to": [ 11.5, 12.5, 12.5 ],
			"faces": {
				"north": { "uv": [ 2.625, 12, 2.375, 14.125 ], "texture": "#voxels_atlas" },
				"south": { "uv": [ 2.125, 9.875, 2.375, 12 ], "texture": "#voxels_atlas" },
				"west": { "uv": [ 3.5, 4.625, 3.625, 6.75 ], "texture": "#voxels_atlas" },
				"east": { "uv": [ 3.875, 2.125, 3.75, 4.25 ], "texture": "#voxels_atlas" }
			}
		},
		{
			"__comment": "Voxels",
			"from": [ 11, 3, 4 ],
			"to": [ 13, 4, 4.5 ],
			"faces": {
				"down": { "uv": [ 12.5, 10.5, 13, 10.625 ], "texture": "#voxels_atlas" },
				"up": { "uv": [ 13, 10.625, 13.5, 10.5 ], "texture": "#voxels_atlas" },
				"south": { "uv": [ 15.25, 11.375, 15.75, 11.625 ], "texture": "#voxels_atlas" },
				"west": { "uv": [ 5.625, 6.625, 5.75, 6.875 ], "texture": "#voxels_atlas" },
				"east": { "uv": [ 5.75, 6.875, 5.625, 7.125 ], "texture": "#voxels_atlas" }
			}
		},
		{
			"__comment": "Voxels",
			"from": [ 11, 3, 11.5 ],
			"to": [ 13, 4, 12 ],
			"faces": {
				"down": { "uv": [ 15, 10.5, 15.5, 10.625 ], "texture": "#voxels_atlas" },
				"up": { "uv": [ 15.5, 10.625, 16, 10.5 ], "texture": "#voxels_atlas" },
				"north": { "uv": [ 14.25, 11.375, 13.75, 11.625 ], "texture": "#voxels_atlas" },
				"west": { "uv": [ 5.625, 7.625, 5.75, 7.875 ], "texture": "#voxels_atlas" },
				"east": { "uv": [ 5.75, 9.375, 5.625, 9.625 ], "texture": "#voxels_atlas" }
			}
		},
		{
			"__comment": "Voxels",
			"from": [ 11, 4, 4 ],
			"to": [ 12, 12.5, 4.5 ],
			"faces": {
				"north": { "uv": [ 2.375, 7.75, 2.125, 9.875 ], "texture": "#voxels_atlas" },
				"south": { "uv": [ 2.125, 5.625, 2.375, 7.75 ], "texture": "#voxels_atlas" },
				"west": { "uv": [ 3.5, 0.25, 3.625, 2.375 ], "texture": "#voxels_atlas" },
				"east": { "uv": [ 4, 8.5, 3.875, 10.625 ], "texture": "#voxels_atlas" }
			}
		},
		{
			"__comment": "Voxels",
			"from": [ 11, 4, 11.5 ],
			"to": [ 12, 12.5, 12 ],
			"faces": {
				"north": { "uv": [ 2.125, 7.75, 1.875, 9.875 ], "texture": "#voxels_atlas" },
				"south": { "uv": [ 1.875, 5.625, 2.125, 7.75 ], "texture": "#voxels_atlas" },
				"west": { "uv": [ 3.875, 0, 4, 2.125 ], "texture": "#voxels_atlas" },
				"east": { "uv": [ 4, 2.125, 3.875, 4.25 ], "texture": "#voxels_atlas" }
			}
		},
		{
			"__comment": "Voxels",
			"from": [ 11.5, 3, 4.5 ],
			"to": [ 13.5, 4, 5 ],
			"faces": {
				"down": { "uv": [ 10.5, 10.375, 11, 10.5 ], "texture": "#voxels_atlas" },
				"up": { "uv": [ 11, 10.5, 11.5, 10.375 ], "texture": "#voxels_atlas" },
				"north": { "uv": [ 10.375, 11.75, 9.875, 12 ], "texture": "#voxels_atlas" },
				"south": { "uv": [ 15.5, 14.125, 16, 14.375 ], "texture": "#voxels_atlas" },
				"west": { "uv": [ 5.5, 4, 5.625, 4.25 ], "texture": "#voxels_atlas" },
				"east": { "uv": [ 5.625, 4.25, 5.5, 4.5 ], "texture": "#voxels_atlas" }
			}
		},
		{
			"__comment": "Voxels",
			"from": [ 11.5, 3, 11 ],
			"to": [ 13.5, 4, 11.5 ],
			"faces": {
				"down": { "uv": [ 8, 10.5, 8.5, 10.625 ], "texture": "#voxels_atlas" },
				"up": { "uv": [ 8.5, 10.625, 9, 10.5 ], "texture": "#voxels_atlas" },
				"north": { "uv": [ 15.5, 14.125, 15, 14.375 ], "texture": "#voxels_atlas" },
				"south": { "uv": [ 14.5, 14.125, 15, 14.375 ], "texture": "#voxels_atlas" },
				"west": { "uv": [ 5.75, 6, 5.875, 6.25 ], "texture": "#voxels_atlas" },
				"east": { "uv": [ 5.625, 3.5, 5.5, 3.75 ], "texture": "#voxels_atlas" }
			}
		},
		{
			"__comment": "Voxels",
			"from": [ 11.5, 4, 4.5 ],
			"to": [ 12.5, 12.5, 5 ],
			"faces": {
				"north": { "uv": [ 2.125, 3.5, 1.875, 5.625 ], "texture": "#voxels_atlas" },
				"south": { "uv": [ 1.625, 1.375, 1.875, 3.5 ], "texture": "#voxels_atlas" },
				"west": { "uv": [ 3.75, 8.5, 3.875, 10.625 ], "texture": "#voxels_atlas" },
				"east": { "uv": [ 3.75, 2.125, 3.625, 4.25 ], "texture": "#voxels_atlas" }
			}
		},
		{
			"__comment": "Voxels",
			"from": [ 11.5, 4, 11 ],
			"to": [ 12.5, 12.5, 11.5 ],
			"faces": {
				"north": { "uv": [ 2.375, 3.5, 2.125, 5.625 ], "texture": "#voxels_atlas" },
				"south": { "uv": [ 2.125, 1.375, 2.375, 3.5 ], "texture": "#voxels_atlas" },
				"west": { "uv": [ 3.75, 6.375, 3.875, 8.5 ], "texture": "#voxels_atlas" },
				"east": { "uv": [ 3.875, 10.625, 3.75, 12.75 ], "texture": "#voxels_atlas" }
			}
		},
		{
			"__comment": "Voxels",
			"from": [ 12, 3, 5 ],
			"to": [ 13.5, 4, 5.5 ],
			"faces": {
				"down": { "uv": [ 12.5, 11, 12.875, 11.125 ], "texture": "#voxels_atlas" },
				"up": { "uv": [ 12.875, 11.125, 13.25, 11 ], "texture": "#voxels_atlas" },
				"south": { "uv": [ 7.875, 10.625, 8.25, 10.875 ], "texture": "#voxels_atlas" },
				"west": { "uv": [ 5.625, 1.125, 5.75, 1.375 ], "texture": "#voxels_atlas" },
				"east": { "uv": [ 5.75, 1.375, 5.625, 1.625 ], "texture": "#voxels_atlas" }
			}
		},
		{
			"__comment": "Voxels",
			"from": [ 12, 3, 10.5 ],
			"to": [ 13.5, 4, 11 ],
			"faces": {
				"down": { "uv": [ 13.25, 11, 13.625, 11.125 ], "texture": "#voxels_atlas" },
				"up": { "uv": [ 13.625, 11.125, 14, 11 ], "texture": "#voxels_atlas" },
				"north": { "uv": [ 8.625, 10.625, 8.25, 10.875 ], "texture": "#voxels_atlas" },
				"west": { "uv": [ 5.625, 1.875, 5.75, 2.125 ], "texture": "#voxels_atlas" },
				"east": { "uv": [ 5.75, 2.125, 5.625, 2.375 ], "texture": "#voxels_atlas" }
			}
		},
		{
			"__comment": "Voxels",
			"from": [ 12, 4, 5 ],
			"to": [ 13, 12.5, 5.5 ],
			"faces": {
				"north": { "uv": [ 1.875, 12, 1.625, 14.125 ], "texture": "#voxels_atlas" },
				"south": { "uv": [ 1.625, 9.875, 1.875, 12 ], "texture": "#voxels_atlas" },
				"west": { "uv": [ 3.625, 0, 3.75, 2.125 ], "texture": "#voxels_atlas" },
				"east": { "uv": [ 3.5, 2.375, 3.375, 4.5 ], "texture": "#voxels_atlas" }
			}
		},
		{
			"__comment": "Voxels",
			"from": [ 12, 4, 10.5 ],
			"to": [ 13, 12.5, 11 ],
			"faces": {
				"north": { "uv": [ 1.875, 5.625, 1.625, 7.75 ], "texture": "#voxels_atlas" },
				"south": { "uv": [ 1.625, 3.5, 1.875, 5.625 ], "texture": "#voxels_atlas" },
				"west": { "uv": [ 3.5, 2.375, 3.625, 4.5 ], "texture": "#voxels_atlas" },
				"east": { "uv": [ 3.75, 4.25, 3.625, 6.375 ], "texture": "#voxels_atlas" }
			}
		},
		{
			"__comment": "Voxels",
			"from": [ 12, 11.5, 4 ],
			"to": [ 12.5, 12.5, 4.5 ],
			"faces": {
				"down": { "uv": [ 5.75, 0.125, 5.875, 0.25 ], "texture": "#voxels_atlas" },
				"north": { "uv": [ 5.75, 3.375, 5.625, 3.625 ], "texture": "#voxels_atlas" },
				"east": { "uv": [ 5.875, 7.5, 5.75, 7.75 ], "texture": "#voxels_atlas" }
			}
		},
		{
			"__comment": "Voxels",
			"from": [ 12, 11.5, 11.5 ],
			"to": [ 12.5, 12.5, 12 ],
			"faces": {
				"down": { "uv": [ 5.875, 7.875, 6, 8 ], "texture": "#voxels_atlas" },
				"south": { "uv": [ 15.875, 11.125, 16, 11.375 ], "texture": "#voxels_atlas" },
				"east": { "uv": [ 5.625, 5.25, 5.5, 5.5 ], "texture": "#voxels_atlas" }
			}
		},
		{
			"__comment": "Voxels",
			"from": [ 12.5, 3, 5.5 ],
			"to": [ 13.5, 4, 7 ],
			"faces": {
				"down": { "uv": [ 13.625, 12, 13.875, 12.375 ], "texture": "#voxels_atlas" },
				"up": { "uv": [ 5.25, 10.625, 5.5, 10.25 ], "texture": "#voxels_atlas" },
				"south": { "uv": [ 8.75, 15, 9, 15.25 ], "texture": "#voxels_atlas" },
				"west": { "uv": [ 9, 10.625, 9.375, 10.875 ], "texture": "#voxels_atlas" },
				"east": { "uv": [ 15.875, 11.125, 15.5, 11.375 ], "texture": "#voxels_atlas" }
			}
		},
		{
			"__comment": "Voxels",
			"from": [ 12.5, 3, 7 ],
			"to": [ 13.5, 3.5, 10.5 ],
			"faces": {
				"down": { "uv": [ 6.875, 11.875, 7.125, 12.75 ], "texture": "#voxels_atlas" },
				"up": { "uv": [ 7.125, 12.75, 7.375, 11.875 ], "texture": "#voxels_atlas" },
				"west": { "uv": [ 9, 11.25, 9.875, 11.375 ], "texture": "#voxels_atlas" },
				"east": { "uv": [ 9, 11, 8.125, 11.125 ], "texture": "#voxels_atlas" }
			}
		},
		{
			"__comment": "Voxels",
			"from": [ 12.5, 3.5, 9 ],
			"to": [ 14.5, 4, 10.5 ],
			"faces": {
				"down": { "uv": [ 14.125, 12, 14.625, 12.375 ], "texture": "#voxels_atlas" },
				"up": { "uv": [ 13.125, 12.375, 13.625, 12 ], "texture": "#voxels_atlas" },
				"north": { "uv": [ 9.5, 10.5, 9, 10.625 ], "texture": "#voxels_atlas" },
				"south": { "uv": [ 13, 10.375, 13.5, 10.5 ], "texture": "#voxels_atlas" },
				"west": { "uv": [ 13.875, 10.375, 14.25, 10.5 ], "texture": "#voxels_atlas" },
				"east": { "uv": [ 14.625, 10.375, 14.25, 10.5 ], "texture": "#voxels_atlas" }
			}
		},
		{
			"__comment": "Voxels",
			"from": [ 12.5, 4, 5.5 ],
			"to": [ 13, 12.5, 7 ],
			"faces": {
				"south": { "uv": [ 3.375, 0.25, 3.5, 2.375 ], "texture": "#voxels_atlas" },
				"west": { "uv": [ 1.25, 9.875, 1.625, 12 ], "texture": "#voxels_atlas" },
				"east": { "uv": [ 1.625, 12, 1.25, 14.125 ], "texture": "#voxels_atlas" }
			}
		},
		{
			"__comment": "Voxels",
			"from": [ 12.5, 4, 9 ],
			"to": [ 13.5, 12.5, 9.5 ],
			"faces": {
				"north": { "uv": [ 2.125, 12, 1.875, 14.125 ], "texture": "#voxels_atlas" },
				"south": { "uv": [ 1.875, 9.875, 2.125, 12 ], "texture": "#voxels_atlas" },
				"west": { "uv": [ 3.625, 6.375, 3.75, 8.5 ], "texture": "#voxels_atlas" },
				"east": { "uv": [ 3.75, 10.625, 3.625, 12.75 ], "texture": "#voxels_atlas" }
			}
		},
		{
			"__comment": "Voxels",
			"from": [ 12.5, 4, 9.5 ],
			"to": [ 13, 12.5, 10.5 ],
			"faces": {
				"west": { "uv": [ 1.625, 7.75, 1.875, 9.875 ], "texture": "#voxels_atlas" },
				"east": { "uv": [ 1.5, 1, 1.25, 3.125 ], "texture": "#voxels_atlas" }
			}
		},
		{
			"__comment": "Voxels",
			"from": [ 12.5, 7.5, 4.5 ],
			"to": [ 13, 12.5, 5 ],
			"faces": {
				"down": { "uv": [ 5.75, 0, 5.875, 0.125 ], "texture": "#voxels_atlas" },
				"north": { "uv": [ 4.75, 0.375, 4.625, 1.625 ], "texture": "#voxels_atlas" },
				"east": { "uv": [ 4.75, 4.125, 4.625, 5.375 ], "texture": "#voxels_atlas" }
			}
		},
		{
			"__comment": "Voxels",
			"from": [ 12.5, 7.5, 11 ],
			"to": [ 13, 12.5, 11.5 ],
			"faces": {
				"down": { "uv": [ 5.875, 9.375, 6, 9.5 ], "texture": "#voxels_atlas" },
				"south": { "uv": [ 4.625, 6.625, 4.75, 7.875 ], "texture": "#voxels_atlas" },
				"east": { "uv": [ 4.75, 9.125, 4.625, 10.375 ], "texture": "#voxels_atlas" }
			}
		},
		{
			"__comment": "Voxels",
			"from": [ 13, 3.5, 3 ],
			"to": [ 14, 4.5, 4.5 ],
			"faces": {
				"down": { "uv": [ 5.25, 9.875, 5.5, 10.25 ], "texture": "#voxels_atlas" },
				"up": { "uv": [ 5.25, 9.875, 5.5, 9.5 ], "texture": "#voxels_atlas" },
				"north": { "uv": [ 9, 14.5, 8.75, 14.75 ], "texture": "#voxels_atlas" },
				"south": { "uv": [ 8.75, 14.75, 9, 15 ], "texture": "#voxels_atlas" },
				"west": { "uv": [ 12.75, 14.125, 13.125, 14.375 ], "texture": "#voxels_atlas" },
				"east": { "uv": [ 13.5, 14.125, 13.125, 14.375 ], "texture": "#voxels_atlas" }
			}
		},
		{
			"__comment": "Voxels",
			"from": [ 13, 3.5, 7 ],
			"to": [ 14.5, 4, 9 ],
			"faces": {
				"down": { "uv": [ 12.75, 11.875, 13.125, 12.375 ], "texture": "#voxels_atlas" },
				"up": { "uv": [ 12.375, 12.375, 12.75, 11.875 ], "texture": "#voxels_atlas" },
				"north": { "uv": [ 7, 10.25, 6.625, 10.375 ], "texture": "#voxels_atlas" },
				"west": { "uv": [ 15.5, 11, 16, 11.125 ], "texture": "#voxels_atlas" },
				"east": { "uv": [ 13.75, 12.75, 13.25, 12.875 ], "texture": "#voxels_atlas" }
			}
		},
		{
			"__comment": "Voxels",
			"from": [ 13, 3.5, 11.5 ],
			"to": [ 14, 4.5, 13.5 ],
			"faces": {
				"down": { "uv": [ 0.5, 0, 0.75, 0.5 ], "texture": "#voxels_atlas" },
				"up": { "uv": [ 4.75, 6.375, 5, 5.875 ], "texture": "#voxels_atlas" },
				"north": { "uv": [ 5.25, 14.5, 5, 14.75 ], "texture": "#voxels_atlas" },
				"south": { "uv": [ 5, 14.75, 5.25, 15 ], "texture": "#voxels_atlas" },
				"west": { "uv": [ 11.75, 11.375, 12.25, 11.625 ], "texture": "#voxels_atlas" },
				"east": { "uv": [ 14.625, 11.75, 14.125, 12 ], "texture": "#voxels_atlas" }
			}
		},
		{
			"__comment": "Voxels",
			"from": [ 13, 4, 2 ],
			"to": [ 13.5, 4.5, 3 ],
			"faces": {
				"down": { "uv": [ 5.75, 8.25, 5.875, 8.5 ], "texture": "#voxels_atlas" },
				"up": { "uv": [ 5.75, 8.25, 5.875, 8 ], "texture": "#voxels_atlas" },
				"north": { "uv": [ 6, 8.125, 5.875, 8.25 ], "texture": "#voxels_atlas" },
				"west": { "uv": [ 10.5, 10, 10.75, 10.125 ], "texture": "#voxels_atlas" },
				"east": { "uv": [ 11, 10, 10.75, 10.125 ], "texture": "#voxels_atlas" }
			}
		},
		{
			"__comment": "Voxels",
			"from": [ 13, 4, 6.5 ],
			"to": [ 13.5, 12.5, 9 ],
			"faces": {
				"down": { "uv": [ 5.875, 14.125, 6, 14.75 ], "texture": "#voxels_atlas" },
				"up": { "uv": [ 5.125, 4.125, 5.25, 3.5 ], "texture": "#voxels_atlas" },
				"north": { "uv": [ 3.875, 4.25, 3.75, 6.375 ], "texture": "#voxels_atlas" },
				"west": { "uv": [ 0, 2.75, 0.625, 4.875 ], "texture": "#voxels_atlas" },
				"east": { "uv": [ 0.625, 4.875, 0, 7 ], "texture": "#voxels_atlas" }
			}
		},
		{
			"__comment": "Voxels",
			"from": [ 13, 4, 13.5 ],
			"to": [ 13.5, 4.5, 14 ],
			"faces": {
				"up": { "uv": [ 5.875, 7.75, 6, 7.625 ], "texture": "#voxels_atlas" },
				"south": { "uv": [ 5.875, 7.375, 6, 7.5 ], "texture": "#voxels_atlas" },
				"west": { "uv": [ 5.875, 7.25, 6, 7.375 ], "texture": "#voxels_atlas" },
				"east": { "uv": [ 6, 7.125, 5.875, 7.25 ], "texture": "#voxels_atlas" }
			}
		},
		{
			"__comment": "Voxels",
			"from": [ 13, 4.5, 6 ],
			"to": [ 13.5, 12.5, 6.5 ],
			"faces": {
				"down": { "uv": [ 5.875, 7, 6, 7.125 ], "texture": "#voxels_atlas" },
				"north": { "uv": [ 4.125, 10.75, 4, 12.75 ], "texture": "#voxels_atlas" },
				"east": { "uv": [ 4.125, 0.75, 4, 2.75 ], "texture": "#voxels_atlas" }
			}
		},
		{
			"__comment": "Voxels",
			"from": [ 13, 4.5, 9.5 ],
			"to": [ 13.5, 12.5, 10 ],
			"faces": {
				"down": { "uv": [ 5.875, 6.75, 6, 6.875 ], "texture": "#voxels_atlas" },
				"south": { "uv": [ 4, 4.75, 4.125, 6.75 ], "texture": "#voxels_atlas" },
				"east": { "uv": [ 4.125, 8.75, 4, 10.75 ], "texture": "#voxels_atlas" }
			}
		},
		{
			"__comment": "Voxels",
			"from": [ 13, 7, 5 ],
			"to": [ 13.5, 12.5, 6 ],
			"faces": {
				"down": { "uv": [ 15.875, 15.5, 16, 15.75 ], "texture": "#voxels_atlas" },
				"up": { "uv": [ 3.125, 1.625, 3.25, 1.375 ], "texture": "#voxels_atlas" },
				"north": { "uv": [ 4.625, 5.25, 4.5, 6.625 ], "texture": "#voxels_atlas" },
				"west": { "uv": [ 1.625, 0, 1.875, 1.375 ], "texture": "#voxels_atlas" },
				"east": { "uv": [ 2.875, 11.125, 2.625, 12.5 ], "texture": "#voxels_atlas" }
			}
		},
		{
			"__comment": "Voxels",
			"from": [ 13, 7, 10 ],
			"to": [ 13.5, 12.5, 11 ],
			"faces": {
				"down": { "uv": [ 13.75, 11.75, 13.875, 12 ], "texture": "#voxels_atlas" },
				"up": { "uv": [ 15.875, 12.125, 16, 11.875 ], "texture": "#voxels_atlas" },
				"south": { "uv": [ 4.375, 5.25, 4.5, 6.625 ], "texture": "#voxels_atlas" },
				"west": { "uv": [ 2.125, 0, 2.375, 1.375 ], "texture": "#voxels_atlas" },
				"east": { "uv": [ 2.125, 0, 1.875, 1.375 ], "texture": "#voxels_atlas" }
			}
		},
		{
			"__comment": "Voxels",
			"from": [ 13, 11, 4.5 ],
			"to": [ 13.5, 12.5, 5 ],
			"faces": {
				"down": { "uv": [ 5.875, 4.875, 6, 5 ], "texture": "#voxels_atlas" },
				"north": { "uv": [ 5.375, 1.125, 5.25, 1.5 ], "texture": "#voxels_atlas" },
				"east": { "uv": [ 5.5, 0.75, 5.375, 1.125 ], "texture": "#voxels_atlas" }
			}
		},
		{
			"__comment": "Voxels",
			"from": [ 13, 11, 11 ],
			"to": [ 13.5, 12.5, 11.5 ],
			"faces": {
				"down": { "uv": [ 6.625, 9.875, 6.75, 10 ], "texture": "#voxels_atlas" },
				"south": { "uv": [ 5.375, 0.375, 5.5, 0.75 ], "texture": "#voxels_atlas" },
				"east": { "uv": [ 5.5, 0, 5.375, 0.375 ], "texture": "#voxels_atlas" }
			}
		},
		{
			"__comment": "Voxels",
			"from": [ 13.5, 3.5, 4.5 ],
			"to": [ 14, 4.5, 5.5 ],
			"faces": {
				"down": { "uv": [ 5.5, 5, 5.625, 5.25 ], "texture": "#voxels_atlas" },
				"up": { "uv": [ 5.5, 5, 5.625, 4.75 ], "texture": "#voxels_atlas" },
				"south": { "uv": [ 5.75, 6.25, 5.875, 6.5 ], "texture": "#voxels_atlas" },
				"west": { "uv": [ 5.25, 9, 5.5, 9.25 ], "texture": "#voxels_atlas" },
				"east": { "uv": [ 5.5, 2.25, 5.25, 2.5 ], "texture": "#voxels_atlas" }
			}
		},
		{
			"__comment": "Voxels",
			"from": [ 13.5, 3.5, 5.5 ],
			"to": [ 14.5, 4, 7 ],
			"faces": {
				"down": { "uv": [ 5, 14.125, 5.25, 14.5 ], "texture": "#voxels_atlas" },
				"up": { "uv": [ 8.75, 14.5, 9, 14.125 ], "texture": "#voxels_atlas" },
				"north": { "uv": [ 8.625, 10.125, 8.375, 10.25 ], "texture": "#voxels_atlas" },
				"east": { "uv": [ 14.875, 10.25, 14.5, 10.375 ], "texture": "#voxels_atlas" }
			}
		},
		{
			"__comment": "Voxels",
			"from": [ 13.5, 3.5, 10.5 ],
			"to": [ 14.5, 4.5, 11 ],
			"faces": {
				"down": { "uv": [ 8.875, 10.125, 9.125, 10.25 ], "texture": "#voxels_atlas" },
				"up": { "uv": [ 9.125, 10.25, 9.375, 10.125 ], "texture": "#voxels_atlas" },
				"north": { "uv": [ 5.5, 8.25, 5.25, 8.5 ], "texture": "#voxels_atlas" },
				"south": { "uv": [ 5.25, 2.5, 5.5, 2.75 ], "texture": "#voxels_atlas" },
				"west": { "uv": [ 5.5, 3.75, 5.625, 4 ], "texture": "#voxels_atlas" },
				"east": { "uv": [ 5.625, 3.25, 5.5, 3.5 ], "texture": "#voxels_atlas" }
			}
		},
		{
			"__comment": "Voxels",
			"from": [ 13.5, 3.5, 11 ],
			"to": [ 14, 4.5, 11.5 ],
			"faces": {
				"down": { "uv": [ 5.875, 5.125, 6, 5.25 ], "texture": "#voxels_atlas" },
				"up": { "uv": [ 5.875, 5.125, 6, 5 ], "texture": "#voxels_atlas" },
				"west": { "uv": [ 5.5, 1.5, 5.625, 1.75 ], "texture": "#voxels_atlas" },
				"east": { "uv": [ 5.625, 1.25, 5.5, 1.5 ], "texture": "#voxels_atlas" }
			}
		},
		{
			"__comment": "Voxels",
			"from": [ 13.5, 4, 2.5 ],
			"to": [ 14, 4.5, 3 ],
			"faces": {
				"up": { "uv": [ 5.875, 2.5, 6, 2.375 ], "texture": "#voxels_atlas" },
				"north": { "uv": [ 6, 1.625, 5.875, 1.75 ], "texture": "#voxels_atlas" },
				"east": { "uv": [ 6, 0.75, 5.875, 0.875 ], "texture": "#voxels_atlas" }
			}
		},
		{
			"__comment": "Voxels",
			"from": [ 13.5, 7, 6.5 ],
			"to": [ 14, 12.5, 9.5 ],
			"faces": {
				"down": { "uv": [ 4, 0, 4.125, 0.75 ], "texture": "#voxels_atlas" },
				"up": { "uv": [ 4.75, 2.375, 4.875, 1.625 ], "texture": "#voxels_atlas" },
				"north": { "uv": [ 4.5, 6.625, 4.375, 8 ], "texture": "#voxels_atlas" },
				"south": { "uv": [ 4.25, 0.875, 4.375, 2.25 ], "texture": "#voxels_atlas" },
				"west": { "uv": [ 2, 14.125, 2.75, 15.5 ], "texture": "#voxels_atlas" },
				"east": { "uv": [ 2, 14.125, 1.25, 15.5 ], "texture": "#voxels_atlas" }
			}
		},
		{
			"__comment": "Voxels",
			"from": [ 13.5, 9.5, 5.5 ],
			"to": [ 14, 12.5, 6.5 ],
			"faces": {
				"down": { "uv": [ 5.5, 0.25, 5.625, 0.5 ], "texture": "#voxels_atlas" },
				"north": { "uv": [ 5, 1.625, 4.875, 2.375 ], "texture": "#voxels_atlas" },
				"west": { "uv": [ 9.625, 12, 9.875, 12.75 ], "texture": "#voxels_atlas" },
				"east": { "uv": [ 9.625, 12, 9.375, 12.75 ], "texture": "#voxels_atlas" }
			}
		},
		{
			"__comment": "Voxels",
			"from": [ 13.5, 9.5, 9.5 ],
			"to": [ 14, 12.5, 10.5 ],
			"faces": {
				"down": { "uv": [ 5.625, 8.625, 5.75, 8.875 ], "texture": "#voxels_atlas" },
				"south": { "uv": [ 4.75, 0.125, 4.875, 0.875 ], "texture": "#voxels_atlas" },
				"west": { "uv": [ 11.875, 12, 12.125, 12.75 ], "texture": "#voxels_atlas" },
				"east": { "uv": [ 12.375, 12, 12.125, 12.75 ], "texture": "#voxels_atlas" }
			}
		},
		{
			"__comment": "Voxels",
			"from": [ 13.5, 10.5, 5 ],
			"to": [ 14, 12.5, 5.5 ],
			"faces": {
				"down": { "uv": [ 5.875, 3.875, 6, 4 ], "texture": "#voxels_atlas" },
				"north": { "uv": [ 5.375, 4.25, 5.25, 4.75 ], "texture": "#voxels_atlas" },
				"east": { "uv": [ 5.5, 5.25, 5.375, 5.75 ], "texture": "#voxels_atlas" }
			}
		},
		{
			"__comment": "Voxels",
			"from": [ 13.5, 10.5, 10.5 ],
			"to": [ 14, 12.5, 11 ],
			"faces": {
				"down": { "uv": [ 5.875, 2.625, 6, 2.75 ], "texture": "#voxels_atlas" },
				"south": { "uv": [ 5.25, 6.25, 5.375, 6.75 ], "texture": "#voxels_atlas" },
				"east": { "uv": [ 5.25, 0, 5.125, 0.5 ], "texture": "#voxels_atlas" }
			}
		},
		{
			"__comment": "Voxels",
			"from": [ 14, 3.5, 5 ],
			"to": [ 14.5, 4.5, 5.5 ],
			"faces": {
				"down": { "uv": [ 5.875, 1, 6, 1.125 ], "texture": "#voxels_atlas" },
				"up": { "uv": [ 5.875, 1, 6, 0.875 ], "texture": "#voxels_atlas" },
				"north": { "uv": [ 5.75, 5.875, 5.625, 6.125 ], "texture": "#voxels_atlas" },
				"south": { "uv": [ 5.625, 5.625, 5.75, 5.875 ], "texture": "#voxels_atlas" },
				"east": { "uv": [ 5.75, 5.125, 5.625, 5.375 ], "texture": "#voxels_atlas" }
			}
		},
		{
			"__comment": "Voxels",
			"from": [ 14, 4, 3.5 ],
			"to": [ 14.5, 5, 5 ],
			"faces": {
				"down": { "uv": [ 5.5, 9.875, 5.625, 10.25 ], "texture": "#voxels_atlas" },
				"up": { "uv": [ 5.5, 9.875, 5.625, 9.5 ], "texture": "#voxels_atlas" },
				"north": { "uv": [ 5.75, 4.875, 5.625, 5.125 ], "texture": "#voxels_atlas" },
				"south": { "uv": [ 5.625, 4.625, 5.75, 4.875 ], "texture": "#voxels_atlas" },
				"west": { "uv": [ 15.625, 12.75, 16, 13 ], "texture": "#voxels_atlas" },
				"east": { "uv": [ 10.25, 11.125, 9.875, 11.375 ], "texture": "#voxels_atlas" }
			}
		},
		{
			"__comment": "Voxels",
			"from": [ 14, 4, 5.5 ],
			"to": [ 15.5, 4.5, 6 ],
			"faces": {
				"down": { "uv": [ 14.875, 10.25, 15.25, 10.375 ], "texture": "#voxels_atlas" },
				"up": { "uv": [ 13.5, 10.5, 13.875, 10.375 ], "texture": "#voxels_atlas" },
				"north": { "uv": [ 6, 10.125, 5.625, 10.25 ], "texture": "#voxels_atlas" },
				"south": { "uv": [ 6, 10.125, 6.375, 10.25 ], "texture": "#voxels_atlas" },
				"west": { "uv": [ 5.875, 5.875, 6, 6 ], "texture": "#voxels_atlas" },
				"east": { "uv": [ 6, 5.75, 5.875, 5.875 ], "texture": "#voxels_atlas" }
			}
		},
		{
			"__comment": "Voxels",
			"from": [ 14, 4, 6 ],
			"to": [ 15, 4.5, 10.5 ],
			"faces": {
				"down": { "uv": [ 2.875, 1.375, 3.125, 2.5 ], "texture": "#voxels_atlas" },
				"up": { "uv": [ 2.625, 1.25, 2.875, 0.125 ], "texture": "#voxels_atlas" },
				"south": { "uv": [ 8, 10, 8.25, 10.125 ], "texture": "#voxels_atlas" },
				"west": { "uv": [ 6.625, 11.5, 7.75, 11.625 ], "texture": "#voxels_atlas" },
				"east": { "uv": [ 6.5, 11.375, 5.375, 11.5 ], "texture": "#voxels_atlas" }
			}
		},
		{
			"__comment": "Voxels",
			"from": [ 14, 4, 11 ],
			"to": [ 15, 5, 12 ],
			"faces": {
				"down": { "uv": [ 5.25, 7.75, 5.5, 8 ], "texture": "#voxels_atlas" },
				"up": { "uv": [ 5.25, 8.25, 5.5, 8 ], "texture": "#voxels_atlas" },
				"north": { "uv": [ 5.5, 8.5, 5.25, 8.75 ], "texture": "#voxels_atlas" },
				"south": { "uv": [ 5.25, 8.75, 5.5, 9 ], "texture": "#voxels_atlas" },
				"west": { "uv": [ 5.25, 9.25, 5.5, 9.5 ], "texture": "#voxels_atlas" },
				"east": { "uv": [ 16, 10.625, 15.75, 10.875 ], "texture": "#voxels_atlas" }
			}
		},
		{
			"__comment": "Voxels",
			"from": [ 14, 4, 12 ],
			"to": [ 14.5, 5, 12.5 ],
			"faces": {
				"down": { "uv": [ 5.875, 4.125, 6, 4.25 ], "texture": "#voxels_atlas" },
				"up": { "uv": [ 5.875, 4.125, 6, 4 ], "texture": "#voxels_atlas" },
				"south": { "uv": [ 5.625, 2.375, 5.75, 2.625 ], "texture": "#voxels_atlas" },
				"west": { "uv": [ 5.625, 1.625, 5.75, 1.875 ], "texture": "#voxels_atlas" },
				"east": { "uv": [ 5.75, 0.375, 5.625, 0.625 ], "texture": "#voxels_atlas" }
			}
		},
		{
			"__comment": "Voxels",
			"from": [ 14, 10, 6.5 ],
			"to": [ 14.5, 13, 7 ],
			"faces": {
				"down": { "uv": [ 5.875, 3.375, 6, 3.5 ], "texture": "#voxels_atlas" },
				"up": { "uv": [ 5.875, 3.375, 6, 3.25 ], "texture": "#voxels_atlas" },
				"north": { "uv": [ 5, 0.125, 4.875, 0.875 ], "texture": "#voxels_atlas" },
				"south": { "uv": [ 5, 10.25, 5.125, 11 ], "texture": "#voxels_atlas" },
				"west": { "uv": [ 5, 9.5, 5.125, 10.25 ], "texture": "#voxels_atlas" },
				"east": { "uv": [ 5.125, 8.75, 5, 9.5 ], "texture": "#voxels_atlas" }
			}
		},
		{
			"__comment": "Voxels",
			"from": [ 14, 10, 7 ],
			"to": [ 14.5, 12.5, 9.5 ],
			"faces": {
				"down": { "uv": [ 10.75, 14.125, 10.875, 14.75 ], "texture": "#voxels_atlas" },
				"up": { "uv": [ 6.625, 14.75, 6.75, 14.125 ], "texture": "#voxels_atlas" },
				"south": { "uv": [ 5.125, 6, 5.25, 6.625 ], "texture": "#voxels_atlas" },
				"east": { "uv": [ 6.625, 14.125, 6, 14.75 ], "texture": "#voxels_atlas" }
			}
		},
		{
			"__comment": "Voxels",
			"from": [ 14.5, 4, 4 ],
			"to": [ 15, 5, 5.5 ],
			"faces": {
				"down": { "uv": [ 5.5, 7.625, 5.625, 8 ], "texture": "#voxels_atlas" },
				"up": { "uv": [ 5.5, 7.625, 5.625, 7.25 ], "texture": "#voxels_atlas" },
				"north": { "uv": [ 5.875, 8.5, 5.75, 8.75 ], "texture": "#voxels_atlas" },
				"south": { "uv": [ 5.75, 7.75, 5.875, 8 ], "texture": "#voxels_atlas" },
				"west": { "uv": [ 10.25, 11.125, 10.625, 11.375 ], "texture": "#voxels_atlas" },
				"east": { "uv": [ 11, 11.125, 10.625, 11.375 ], "texture": "#voxels_atlas" }
			}
		},
		{
			"__comment": "Voxels",
			"from": [ 14.5, 4, 10.5 ],
			"to": [ 15.5, 5, 11 ],
			"faces": {
				"down": { "uv": [ 10.25, 10, 10.5, 10.125 ], "texture": "#voxels_atlas" },
				"up": { "uv": [ 12, 10.125, 12.25, 10 ], "texture": "#voxels_atlas" },
				"north": { "uv": [ 13.25, 10.625, 13, 10.875 ], "texture": "#voxels_atlas" },
				"south": { "uv": [ 15.75, 11.375, 16, 11.625 ], "texture": "#voxels_atlas" },
				"west": { "uv": [ 5.75, 6.75, 5.875, 7 ], "texture": "#voxels_atlas" },
				"east": { "uv": [ 5.875, 6.5, 5.75, 6.75 ], "texture": "#voxels_atlas" }
			}
		},
		{
			"__comment": "Voxels",
			"from": [ 14.5, 4.5, 5.5 ],
			"to": [ 15.5, 5, 10.5 ],
			"faces": {
				"down": { "uv": [ 2.625, 4.875, 2.875, 6.125 ], "texture": "#voxels_atlas" },
				"up": { "uv": [ 2.625, 7.375, 2.875, 6.125 ], "texture": "#voxels_atlas" },
				"north": { "uv": [ 12.5, 10, 12.25, 10.125 ], "texture": "#voxels_atlas" },
				"west": { "uv": [ 9.125, 11.625, 10.375, 11.75 ], "texture": "#voxels_atlas" },
				"east": { "uv": [ 11.625, 11.625, 10.375, 11.75 ], "texture": "#voxels_atlas" }
			}
		},
		{
			"__comment": "Voxels",
			"from": [ 15, 4, 5 ],
			"to": [ 15.5, 5.5, 5.5 ],
			"faces": {
				"down": { "uv": [ 6.25, 9.875, 6.375, 10 ], "texture": "#voxels_atlas" },
				"up": { "uv": [ 6.375, 10, 6.5, 9.875 ], "texture": "#voxels_atlas" },
				"north": { "uv": [ 5.625, 6.125, 5.5, 6.5 ], "texture": "#voxels_atlas" },
				"south": { "uv": [ 5.375, 4.375, 5.5, 4.75 ], "texture": "#voxels_atlas" },
				"west": { "uv": [ 5.25, 1.875, 5.375, 2.25 ], "texture": "#voxels_atlas" },
				"east": { "uv": [ 5.5, 1.875, 5.375, 2.25 ], "texture": "#voxels_atlas" }
			}
		},
		{
			"__comment": "Voxels",
			"from": [ 15, 4, 10 ],
			"to": [ 15.5, 4.5, 10.5 ],
			"faces": {
				"down": { "uv": [ 7, 9.875, 7.125, 10 ], "texture": "#voxels_atlas" },
				"north": { "uv": [ 7.375, 9.875, 7.25, 10 ], "texture": "#voxels_atlas" },
				"east": { "uv": [ 7.75, 9.875, 7.625, 10 ], "texture": "#voxels_atlas" }
			}
		},
		{
			"__comment": "Voxels",
			"from": [ 15, 5, 5.5 ],
			"to": [ 15.5, 5.5, 11 ],
			"faces": {
				"down": { "uv": [ 4.5, 3.875, 4.625, 5.25 ], "texture": "#voxels_atlas" },
				"up": { "uv": [ 4.375, 3.875, 4.5, 2.5 ], "texture": "#voxels_atlas" },
				"south": { "uv": [ 8.125, 9.875, 8.25, 10 ], "texture": "#voxels_atlas" },
				"west": { "uv": [ 14.625, 12.125, 16, 12.25 ], "texture": "#voxels_atlas" },
				"east": { "uv": [ 16, 12.25, 14.625, 12.375 ], "texture": "#voxels_atlas" }
			}
		}
	],
	"display": {
		"thirdperson_righthand": {
			"translation":  [ 0, 2, 0 ],
			"scale":  [ 0.5, 0.5, 0.5 ]
		},
		"thirdperson_lefthand": {
			"translation":  [ 0, 2.2, 0 ],
			"scale":  [ 0.5, 0.5, 0.5 ]
		},
		"firstperson_righthand": {
			"rotation":  [ -25, 28, 0 ],
			"translation":  [ 0, 2.7826, 0 ],
			"scale":  [ 0.5, 0.5, 0.5 ]
		},
		"firstperson_lefthand": {
			"rotation":  [ -25, 28, 0 ],
			"translation":  [ 0, 2.7826, 0 ],
			"scale":  [ 0.5, 0.5, 0.5 ]
		},
		"gui": {
			"rotation":  [ 0, -180, 0 ],
			"translation":  [ 0, 3, 0 ]
		},
		"head": {
			"translation":  [ 0, 12, 0 ],
			"scale":  [ 1.3, 1.3, 1.3 ]
		},
		"fixed": {
			"rotation":  [ -90, 0, 0 ],
			"translation":  [ 0, 0, -5 ],
			"scale":  [ 1.2, 1.2, 1.2 ]
		}
	}
}