{
	"__comment": "Designed by Elo106 with Cubik Studio - https://cubik.studio",
	"textures": {
		"particle": "items/minohead",
		"texture": "items/minohead",
		"voxels_atlas": "items/minohead"
	},
	"elements": [ 	 
		{
			"__comment": "Voxels",
			"from": [ -8, 2, 6 ],
			"to": [ 16, 8, 12 ],
			"faces": {
				"down": { "uv": [ 0, 14.5, 3, 16 ], "texture": "#voxels_atlas", "cullface": "west" },
				"up": { "uv": [ 0, 14.5, 3, 13 ], "texture": "#voxels_atlas", "cullface": "west" },
				"north": { "uv": [ 3, 11.5, 0, 13 ], "texture": "#voxels_atlas", "cullface": "west" },
				"south": { "uv": [ 0, 10, 3, 11.5 ], "texture": "#voxels_atlas", "cullface": "west" },
				"west": { "uv": [ 2, 3.5, 2.75, 5 ], "texture": "#voxels_atlas", "cullface": "west" },
				"east": { "uv": [ 2.75, 5.5, 2, 7 ], "texture": "#voxels_atlas", "cullface": "west" }
			}
		},
		{
			"__comment": "Voxels",
			"from": [ -8, 4, 4 ],
			"to": [ 16, 6, 6 ],
			"faces": {
				"down": { "uv": [ 7.5, 15.5, 10.5, 16 ], "texture": "#voxels_atlas", "cullface": "west" },
				"up": { "uv": [ 10.5, 16, 13.5, 15.5 ], "texture": "#voxels_atlas", "cullface": "west" },
				"north": { "uv": [ 10.5, 15, 7.5, 15.5 ], "texture": "#voxels_atlas", "cullface": "west" },
				"west": { "uv": [ 7.25, 9.5, 7.5, 10 ], "texture": "#voxels_atlas", "cullface": "west" },
				"east": { "uv": [ 7.5, 9, 7.25, 9.5 ], "texture": "#voxels_atlas", "cullface": "west" }
			}
		},
		{
			"__comment": "Voxels",
			"from": [ -8, 4, 12 ],
			"to": [ 16, 6, 14 ],
			"faces": {
				"down": { "uv": [ 7.5, 14.5, 10.5, 15 ], "texture": "#voxels_atlas", "cullface": "west" },
				"up": { "uv": [ 10.5, 15, 13.5, 14.5 ], "texture": "#voxels_atlas", "cullface": "west" },
				"south": { "uv": [ 10.5, 14, 13.5, 14.5 ], "texture": "#voxels_atlas", "cullface": "west" },
				"west": { "uv": [ 7.25, 8.5, 7.5, 9 ], "texture": "#voxels_atlas", "cullface": "west" },
				"east": { "uv": [ 7.5, 8, 7.25, 8.5 ], "texture": "#voxels_atlas", "cullface": "west" }
			}
		},
		{
			"__comment": "Voxels",
			"from": [ -6, 0, 6 ],
			"to": [ -2, 2, 12 ],
			"faces": {
				"down": { "uv": [ 4.25, 5, 4.75, 6.5 ], "texture": "#voxels_atlas", "cullface": "west" },
				"north": { "uv": [ 10.25, 0.5, 9.75, 1 ], "texture": "#voxels_atlas", "cullface": "west" },
				"south": { "uv": [ 9.75, 0, 10.25, 0.5 ], "texture": "#voxels_atlas", "cullface": "west" },
				"west": { "uv": [ 9.25, 8.5, 10, 9 ], "texture": "#voxels_atlas", "cullface": "west" },
				"east": { "uv": [ 10, 8, 9.25, 8.5 ], "texture": "#voxels_atlas", "cullface": "west" }
			}
		},
		{
			"__comment": "Voxels",
			"from": [ -6, 2, 4 ],
			"to": [ 16, 4, 6 ],
			"faces": {
				"down": { "uv": [ 7.5, 11.5, 10.25, 12 ], "texture": "#voxels_atlas", "cullface": "west" },
				"north": { "uv": [ 15.75, 11.5, 13, 12 ], "texture": "#voxels_atlas", "cullface": "west" },
				"west": { "uv": [ 7.25, 1.5, 7.5, 2 ], "texture": "#voxels_atlas", "cullface": "west" },
				"east": { "uv": [ 7.5, 1, 7.25, 1.5 ], "texture": "#voxels_atlas", "cullface": "west" }
			}
		},
		{
			"__comment": "Voxels",
			"from": [ -6, 2, 12 ],
			"to": [ 16, 4, 14 ],
			"faces": {
				"down": { "uv": [ 7.5, 13.5, 10.25, 14 ], "texture": "#voxels_atlas", "cullface": "west" },
				"south": { "uv": [ 7.5, 13, 10.25, 13.5 ], "texture": "#voxels_atlas", "cullface": "west" },
				"west": { "uv": [ 15.75, 15.5, 16, 16 ], "texture": "#voxels_atlas", "cullface": "west" },
				"east": { "uv": [ 16, 15, 15.75, 15.5 ], "texture": "#voxels_atlas", "cullface": "west" }
			}
		},
		{
			"__comment": "Voxels",
			"from": [ -6, 6, 4 ],
			"to": [ 16, 8, 6 ],
			"faces": {
				"up": { "uv": [ 7.5, 13, 10.25, 12.5 ], "texture": "#voxels_atlas", "cullface": "west" },
				"north": { "uv": [ 13, 12.5, 10.25, 13 ], "texture": "#voxels_atlas", "cullface": "west" },
				"west": { "uv": [ 15.75, 13.5, 16, 14 ], "texture": "#voxels_atlas", "cullface": "west" },
				"east": { "uv": [ 16, 13, 15.75, 13.5 ], "texture": "#voxels_atlas", "cullface": "west" }
			}
		},
		{
			"__comment": "Voxels",
			"from": [ -6, 6, 12 ],
			"to": [ 16, 8, 14 ],
			"faces": {
				"up": { "uv": [ 7.5, 11, 10.25, 10.5 ], "texture": "#voxels_atlas", "cullface": "west" },
				"south": { "uv": [ 10.25, 13, 13, 13.5 ], "texture": "#voxels_atlas", "cullface": "west" },
				"west": { "uv": [ 10, 4, 10.25, 4.5 ], "texture": "#voxels_atlas", "cullface": "west" },
				"east": { "uv": [ 10.25, 3.5, 10, 4 ], "texture": "#voxels_atlas", "cullface": "west" }
			}
		},
		{
			"__comment": "Voxels",
			"from": [ -6, 8, 6 ],
			"to": [ 16, 10, 12 ],
			"faces": {
				"up": { "uv": [ 0, 8.5, 2.75, 7 ], "texture": "#voxels_atlas", "cullface": "west" },
				"north": { "uv": [ 13, 12, 10.25, 12.5 ], "texture": "#voxels_atlas", "cullface": "west" },
				"south": { "uv": [ 13, 13, 15.75, 13.5 ], "texture": "#voxels_atlas", "cullface": "west" },
				"west": { "uv": [ 10.25, 11, 11, 11.5 ], "texture": "#voxels_atlas", "cullface": "west" },
				"east": { "uv": [ 11.75, 11, 11, 11.5 ], "texture": "#voxels_atlas", "cullface": "west" }
			}
		},
		{
			"__comment": "Voxels",
			"from": [ -4, 8, 4 ],
			"to": [ 16, 10, 6 ],
			"faces": {
				"up": { "uv": [ 5, 5.5, 7.5, 5 ], "texture": "#voxels_atlas", "cullface": "west" },
				"north": { "uv": [ 7.5, 5.5, 5, 6 ], "texture": "#voxels_atlas", "cullface": "west" },
				"west": { "uv": [ 8.75, 0, 9, 0.5 ], "texture": "#voxels_atlas", "cullface": "west" },
				"east": { "uv": [ 11, 0.5, 10.75, 1 ], "texture": "#voxels_atlas", "cullface": "west" }
			}
		},
		{
			"__comment": "Voxels",
			"from": [ -4, 8, 12 ],
			"to": [ 16, 10, 14 ],
			"faces": {
				"up": { "uv": [ 5, 3.5, 7.5, 3 ], "texture": "#voxels_atlas", "cullface": "west" },
				"south": { "uv": [ 5, 7, 7.5, 7.5 ], "texture": "#voxels_atlas", "cullface": "west" },
				"west": { "uv": [ 10.75, 0, 11, 0.5 ], "texture": "#voxels_atlas", "cullface": "west" },
				"east": { "uv": [ 11.25, 9, 11, 9.5 ], "texture": "#voxels_atlas", "cullface": "west" }
			}
		},
		{
			"__comment": "Voxels",
			"from": [ -4, 10, 6 ],
			"to": [ 16, 12, 12 ],
			"faces": {
				"up": { "uv": [ 5, 14.5, 7.5, 13 ], "texture": "#voxels_atlas", "cullface": "west" },
				"north": { "uv": [ 7.5, 6.5, 5, 7 ], "texture": "#voxels_atlas", "cullface": "west" },
				"south": { "uv": [ 5, 4, 7.5, 4.5 ], "texture": "#voxels_atlas", "cullface": "west" },
				"west": { "uv": [ 14.75, 11, 15.5, 11.5 ], "texture": "#voxels_atlas", "cullface": "west" },
				"east": { "uv": [ 11, 10.5, 10.25, 11 ], "texture": "#voxels_atlas", "cullface": "west" }
			}
		},
		{
			"__comment": "Voxels",
			"from": [ -4, 22, 2 ],
			"to": [ 0, 24, 4 ],
			"faces": {
				"down": { "uv": [ 10.25, 8, 10.75, 8.5 ], "texture": "#voxels_atlas" },
				"up": { "uv": [ 10.25, 8, 10.75, 7.5 ], "texture": "#voxels_atlas" },
				"north": { "uv": [ 10.75, 7, 10.25, 7.5 ], "texture": "#voxels_atlas" },
				"south": { "uv": [ 10.25, 6.5, 10.75, 7 ], "texture": "#voxels_atlas" },
				"west": { "uv": [ 11, 8.5, 11.25, 9 ], "texture": "#voxels_atlas" },
				"east": { "uv": [ 11.25, 7, 11, 7.5 ], "texture": "#voxels_atlas" }
			}
		},
		{
			"__comment": "Voxels",
			"from": [ -4, 22, 14 ],
			"to": [ 0, 24, 16 ],
			"faces": {
				"down": { "uv": [ 10.25, 5, 10.75, 5.5 ], "texture": "#voxels_atlas" },
				"up": { "uv": [ 9.75, 3, 10.25, 2.5 ], "texture": "#voxels_atlas" },
				"north": { "uv": [ 10.25, 2, 9.75, 2.5 ], "texture": "#voxels_atlas" },
				"south": { "uv": [ 9.75, 1.5, 10.25, 2 ], "texture": "#voxels_atlas" },
				"west": { "uv": [ 11, 6.5, 11.25, 7 ], "texture": "#voxels_atlas" },
				"east": { "uv": [ 11.25, 6, 11, 6.5 ], "texture": "#voxels_atlas" }
			}
		},
		{
			"__comment": "Voxels",
			"from": [ -4, 24, 2 ],
			"to": [ -2, 26, 4 ],
			"faces": {
				"up": { "uv": [ 2.75, 9, 3, 8.5 ], "texture": "#voxels_atlas" },
				"north": { "uv": [ 3, 7, 2.75, 7.5 ], "texture": "#voxels_atlas" },
				"south": { "uv": [ 2.75, 5.5, 3, 6 ], "texture": "#voxels_atlas" },
				"west": { "uv": [ 2.75, 5, 3, 5.5 ], "texture": "#voxels_atlas" },
				"east": { "uv": [ 3, 3.5, 2.75, 4 ], "texture": "#voxels_atlas" }
			}
		},
		{
			"__comment": "Voxels",
			"from": [ -4, 24, 14 ],
			"to": [ -2, 26, 16 ],
			"faces": {
				"up": { "uv": [ 4.75, 14, 5, 13.5 ], "texture": "#voxels_atlas" },
				"north": { "uv": [ 7.5, 10, 7.25, 10.5 ], "texture": "#voxels_atlas" },
				"south": { "uv": [ 7.25, 10.5, 7.5, 11 ], "texture": "#voxels_atlas" },
				"west": { "uv": [ 4.75, 0.5, 5, 1 ], "texture": "#voxels_atlas" },
				"east": { "uv": [ 5, 5, 4.75, 5.5 ], "texture": "#voxels_atlas" }
			}
		},
		{
			"__comment": "Voxels",
			"from": [ -2, 10, 4 ],
			"to": [ 16, 12, 6 ],
			"faces": {
				"up": { "uv": [ 5, 0.5, 7.25, 0 ], "texture": "#voxels_atlas", "cullface": "west" },
				"north": { "uv": [ 7.25, 0.5, 5, 1 ], "texture": "#voxels_atlas", "cullface": "west" },
				"west": { "uv": [ 4.75, 7.5, 5, 8 ], "texture": "#voxels_atlas", "cullface": "west" },
				"east": { "uv": [ 5, 11, 4.75, 11.5 ], "texture": "#voxels_atlas", "cullface": "west" }
			}
		},
		{
			"__comment": "Voxels",
			"from": [ -2, 10, 12 ],
			"to": [ 16, 12, 14 ],
			"faces": {
				"up": { "uv": [ 5, 2.5, 7.25, 2 ], "texture": "#voxels_atlas", "cullface": "west" },
				"south": { "uv": [ 5, 1, 7.25, 1.5 ], "texture": "#voxels_atlas", "cullface": "west" },
				"west": { "uv": [ 10, 5.5, 10.25, 6 ], "texture": "#voxels_atlas", "cullface": "west" },
				"east": { "uv": [ 10.25, 6, 10, 6.5 ], "texture": "#voxels_atlas", "cullface": "west" }
			}
		},
		{
			"__comment": "Voxels",
			"from": [ -2, 12, 6 ],
			"to": [ 16, 16, 12 ],
			"faces": {
				"up": { "uv": [ 5, 11.5, 7.25, 10 ], "texture": "#voxels_atlas" },
				"north": { "uv": [ 7.25, 9, 5, 10 ], "texture": "#voxels_atlas" },
				"south": { "uv": [ 5, 8, 7.25, 9 ], "texture": "#voxels_atlas" },
				"west": { "uv": [ 2, 1, 2.75, 2 ], "texture": "#voxels_atlas" },
				"east": { "uv": [ 2.75, 2, 2, 3 ], "texture": "#voxels_atlas", "cullface": "east" }
			}
		},
		{
			"__comment": "Voxels",
			"from": [ -2, 20, 2 ],
			"to": [ 4, 22, 4 ],
			"faces": {
				"down": { "uv": [ 9, 1.5, 9.75, 2 ], "texture": "#voxels_atlas", "cullface": "up" },
				"up": { "uv": [ 9, 1.5, 9.75, 1 ], "texture": "#voxels_atlas", "cullface": "up" },
				"north": { "uv": [ 9.75, 0.5, 9, 1 ], "texture": "#voxels_atlas", "cullface": "up" },
				"south": { "uv": [ 9, 0, 9.75, 0.5 ], "texture": "#voxels_atlas", "cullface": "up" },
				"west": { "uv": [ 10, 6.5, 10.25, 7 ], "texture": "#voxels_atlas", "cullface": "up" },
				"east": { "uv": [ 10.25, 7, 10, 7.5 ], "texture": "#voxels_atlas", "cullface": "up" }
			}
		},
		{
			"__comment": "Voxels",
			"from": [ -2, 20, 14 ],
			"to": [ 4, 22, 16 ],
			"faces": {
				"down": { "uv": [ 11.75, 11, 12.5, 11.5 ], "texture": "#voxels_atlas" },
				"up": { "uv": [ 12.5, 11.5, 13.25, 11 ], "texture": "#voxels_atlas" },
				"north": { "uv": [ 14, 11, 13.25, 11.5 ], "texture": "#voxels_atlas" },
				"south": { "uv": [ 14, 11, 14.75, 11.5 ], "texture": "#voxels_atlas" },
				"west": { "uv": [ 10, 9.5, 10.25, 10 ], "texture": "#voxels_atlas" },
				"east": { "uv": [ 16, 11.5, 15.75, 12 ], "texture": "#voxels_atlas" }
			}
		},
		{
			"__comment": "Voxels",
			"from": [ 0, 4, 2 ],
			"to": [ 16, 12, 4 ],
			"faces": {
				"down": { "uv": [ 3, 3.5, 5, 4 ], "texture": "#voxels_atlas" },
				"up": { "uv": [ 3, 4.5, 5, 4 ], "texture": "#voxels_atlas" },
				"north": { "uv": [ 2, 5, 0, 7 ], "texture": "#voxels_atlas" },
				"south": { "uv": [ 0, 3, 2, 5 ], "texture": "#voxels_atlas" },
				"west": { "uv": [ 8.75, 1, 9, 3 ], "texture": "#voxels_atlas", "cullface": "west" },
				"east": { "uv": [ 7.75, 0, 7.5, 2 ], "texture": "#voxels_atlas", "cullface": "east" }
			}
		},
		{
			"__comment": "Voxels",
			"from": [ 0, 4, 14 ],
			"to": [ 16, 12, 16 ],
			"faces": {
				"down": { "uv": [ 3, 3, 5, 3.5 ], "texture": "#voxels_atlas" },
				"up": { "uv": [ 3, 3, 5, 2.5 ], "texture": "#voxels_atlas" },
				"north": { "uv": [ 2, 1, 0, 3 ], "texture": "#voxels_atlas" },
				"south": { "uv": [ 3, 14, 5, 16 ], "texture": "#voxels_atlas", "cullface": "south" },
				"west": { "uv": [ 7.75, 0, 8, 2 ], "texture": "#voxels_atlas", "cullface": "west" },
				"east": { "uv": [ 8.25, 0, 8, 2 ], "texture": "#voxels_atlas", "cullface": "east" }
			}
		},
		{
			"__comment": "Voxels",
			"from": [ 0, 12, 4 ],
			"to": [ 16, 16, 6 ],
			"faces": {
				"up": { "uv": [ 3, 2.5, 5, 2 ], "texture": "#voxels_atlas", "cullface": "up" },
				"north": { "uv": [ 5, 9, 3, 10 ], "texture": "#voxels_atlas" },
				"west": { "uv": [ 2.75, 7.5, 3, 8.5 ], "texture": "#voxels_atlas", "cullface": "west" },
				"east": { "uv": [ 3, 9, 2.75, 10 ], "texture": "#voxels_atlas", "cullface": "east" }
			}
		},
		{
			"__comment": "Voxels",
			"from": [ 0, 12, 12 ],
			"to": [ 16, 16, 14 ],
			"faces": {
				"up": { "uv": [ 3, 2, 5, 1.5 ], "texture": "#voxels_atlas", "cullface": "up" },
				"south": { "uv": [ 0, 0, 2, 1 ], "texture": "#voxels_atlas" },
				"west": { "uv": [ 2.75, 4, 3, 5 ], "texture": "#voxels_atlas", "cullface": "west" },
				"east": { "uv": [ 3, 6, 2.75, 7 ], "texture": "#voxels_atlas", "cullface": "east" }
			}
		},
		{
			"__comment": "Voxels",
			"from": [ 0, 16, 6 ],
			"to": [ 14, 18, 12 ],
			"faces": {
				"up": { "uv": [ 3, 14, 4.75, 12.5 ], "texture": "#voxels_atlas" },
				"north": { "uv": [ 15.25, 14, 13.5, 14.5 ], "texture": "#voxels_atlas" },
				"south": { "uv": [ 7.5, 9.5, 9.25, 10 ], "texture": "#voxels_atlas" },
				"west": { "uv": [ 11, 10.5, 11.75, 11 ], "texture": "#voxels_atlas" },
				"east": { "uv": [ 12.5, 10.5, 11.75, 11 ], "texture": "#voxels_atlas" }
			}
		},
		{
			"__comment": "Voxels",
			"from": [ 2, 12, 2 ],
			"to": [ 16, 14, 4 ],
			"faces": {
				"up": { "uv": [ 7.5, 9, 9.25, 8.5 ], "texture": "#voxels_atlas" },
				"north": { "uv": [ 9.25, 7, 7.5, 7.5 ], "texture": "#voxels_atlas" },
				"west": { "uv": [ 7.25, 11.5, 7.5, 12 ], "texture": "#voxels_atlas" },
				"east": { "uv": [ 7.5, 12, 7.25, 12.5 ], "texture": "#voxels_atlas", "cullface": "east" }
			}
		},
		{
			"__comment": "Voxels",
			"from": [ 2, 12, 14 ],
			"to": [ 16, 14, 16 ],
			"faces": {
				"up": { "uv": [ 3, 1, 4.75, 0.5 ], "texture": "#voxels_atlas" },
				"south": { "uv": [ 13.5, 14.5, 15.25, 15 ], "texture": "#voxels_atlas", "cullface": "south" },
				"west": { "uv": [ 7.25, 12.5, 7.5, 13 ], "texture": "#voxels_atlas" },
				"east": { "uv": [ 5, 0, 4.75, 0.5 ], "texture": "#voxels_atlas", "cullface": "east" }
			}
		},
		{
			"__comment": "Voxels",
			"from": [ 2, 14, 2 ],
			"to": [ 12, 16, 4 ],
			"faces": {
				"up": { "uv": [ 7.5, 6.5, 8.75, 6 ], "texture": "#voxels_atlas", "cullface": "up" },
				"north": { "uv": [ 8.75, 5.5, 7.5, 6 ], "texture": "#voxels_atlas" },
				"west": { "uv": [ 4.75, 7, 5, 7.5 ], "texture": "#voxels_atlas" },
				"east": { "uv": [ 5, 6.5, 4.75, 7 ], "texture": "#voxels_atlas" }
			}
		},
		{
			"__comment": "Voxels",
			"from": [ 2, 14, 14 ],
			"to": [ 12, 16, 16 ],
			"faces": {
				"up": { "uv": [ 7.5, 3.5, 8.75, 3 ], "texture": "#voxels_atlas", "cullface": "up" },
				"south": { "uv": [ 7.5, 4, 8.75, 4.5 ], "texture": "#voxels_atlas", "cullface": "south" },
				"west": { "uv": [ 7.25, 2.5, 7.5, 3 ], "texture": "#voxels_atlas" },
				"east": { "uv": [ 7.5, 2, 7.25, 2.5 ], "texture": "#voxels_atlas" }
			}
		},
		{
			"__comment": "Voxels",
			"from": [ 2, 16, 4 ],
			"to": [ 12, 18, 6 ],
			"faces": {
				"up": { "uv": [ 8.75, 3.5, 10, 3 ], "texture": "#voxels_atlas", "cullface": "up" },
				"north": { "uv": [ 10, 6, 8.75, 6.5 ], "texture": "#voxels_atlas", "cullface": "up" },
				"west": { "uv": [ 10, 9, 10.25, 9.5 ], "texture": "#voxels_atlas", "cullface": "up" },
				"east": { "uv": [ 10.25, 8.5, 10, 9 ], "texture": "#voxels_atlas", "cullface": "up" }
			}
		},
		{
			"__comment": "Voxels",
			"from": [ 2, 16, 12 ],
			"to": [ 12, 18, 14 ],
			"faces": {
				"up": { "uv": [ 7.5, 5, 8.75, 4.5 ], "texture": "#voxels_atlas", "cullface": "up" },
				"south": { "uv": [ 7.5, 5, 8.75, 5.5 ], "texture": "#voxels_atlas", "cullface": "up" },
				"west": { "uv": [ 4.75, 13, 5, 13.5 ], "texture": "#voxels_atlas", "cullface": "up" },
				"east": { "uv": [ 5, 12.5, 4.75, 13 ], "texture": "#voxels_atlas", "cullface": "up" }
			}
		},
		{
			"__comment": "Voxels",
			"from": [ 2, 18, 2 ],
			"to": [ 6, 20, 4 ],
			"faces": {
				"down": { "uv": [ 10.25, 8.5, 10.75, 9 ], "texture": "#voxels_atlas", "cullface": "up" },
				"up": { "uv": [ 10.25, 6.5, 10.75, 6 ], "texture": "#voxels_atlas", "cullface": "up" },
				"north": { "uv": [ 10.75, 5.5, 10.25, 6 ], "texture": "#voxels_atlas", "cullface": "up" },
				"south": { "uv": [ 9.75, 1, 10.25, 1.5 ], "texture": "#voxels_atlas", "cullface": "up" },
				"west": { "uv": [ 4.75, 12, 5, 12.5 ], "texture": "#voxels_atlas", "cullface": "up" },
				"east": { "uv": [ 5, 11.5, 4.75, 12 ], "texture": "#voxels_atlas", "cullface": "up" }
			}
		},
		{
			"__comment": "Voxels",
			"from": [ 2, 18, 6 ],
			"to": [ 12, 20, 12 ],
			"faces": {
				"up": { "uv": [ 3, 6.5, 4.25, 5 ], "texture": "#voxels_atlas", "cullface": "up" },
				"north": { "uv": [ 8.75, 3.5, 7.5, 4 ], "texture": "#voxels_atlas", "cullface": "up" },
				"south": { "uv": [ 7.5, 2, 8.75, 2.5 ], "texture": "#voxels_atlas", "cullface": "up" },
				"west": { "uv": [ 12.5, 10.5, 13.25, 11 ], "texture": "#voxels_atlas", "cullface": "up" },
				"east": { "uv": [ 14, 10.5, 13.25, 11 ], "texture": "#voxels_atlas", "cullface": "up" }
			}
		},
		{
			"__comment": "Voxels",
			"from": [ 2, 18, 14 ],
			"to": [ 6, 20, 16 ],
			"faces": {
				"down": { "uv": [ 15.25, 10, 15.75, 10.5 ], "texture": "#voxels_atlas", "cullface": "up" },
				"up": { "uv": [ 10.25, 10, 10.75, 9.5 ], "texture": "#voxels_atlas", "cullface": "up" },
				"north": { "uv": [ 10.75, 9, 10.25, 9.5 ], "texture": "#voxels_atlas", "cullface": "up" },
				"south": { "uv": [ 15.5, 11, 16, 11.5 ], "texture": "#voxels_atlas", "cullface": "up" },
				"west": { "uv": [ 4.75, 6, 5, 6.5 ], "texture": "#voxels_atlas", "cullface": "up" },
				"east": { "uv": [ 5, 5.5, 4.75, 6 ], "texture": "#voxels_atlas", "cullface": "up" }
			}
		},
		{
			"__comment": "Voxels",
			"from": [ 4, 14, -2 ],
			"to": [ 8, 16, 2 ],
			"faces": {
				"down": { "uv": [ 2.5, 0, 3, 1 ], "texture": "#voxels_atlas", "cullface": "north" },
				"up": { "uv": [ 2, 1, 2.5, 0 ], "texture": "#voxels_atlas", "cullface": "north" },
				"north": { "uv": [ 15.25, 10, 14.75, 10.5 ], "texture": "#voxels_atlas", "cullface": "north" },
				"west": { "uv": [ 13.25, 10, 13.75, 10.5 ], "texture": "#voxels_atlas", "cullface": "north" },
				"east": { "uv": [ 14.25, 10, 13.75, 10.5 ], "texture": "#voxels_atlas", "cullface": "north" }
			}
		},
		{
			"__comment": "Voxels",
			"from": [ 4, 14, 16 ],
			"to": [ 10, 16, 18 ],
			"faces": {
				"down": { "uv": [ 14, 10.5, 14.75, 11 ], "texture": "#voxels_atlas" },
				"up": { "uv": [ 14.75, 11, 15.5, 10.5 ], "texture": "#voxels_atlas", "cullface": "up" },
				"south": { "uv": [ 11, 10, 11.75, 10.5 ], "texture": "#voxels_atlas", "cullface": "south" },
				"west": { "uv": [ 7.25, 11, 7.5, 11.5 ], "texture": "#voxels_atlas" },
				"east": { "uv": [ 16, 10, 15.75, 10.5 ], "texture": "#voxels_atlas" }
			}
		},
		{
			"__comment": "Voxels",
			"from": [ 4, 16, 0 ],
			"to": [ 8, 18, 4 ],
			"faces": {
				"down": { "uv": [ 8.25, 0, 8.75, 1 ], "texture": "#voxels_atlas" },
				"up": { "uv": [ 8.25, 2, 8.75, 1 ], "texture": "#voxels_atlas" },
				"north": { "uv": [ 10.75, 4.5, 10.25, 5 ], "texture": "#voxels_atlas" },
				"west": { "uv": [ 10.25, 3.5, 10.75, 4 ], "texture": "#voxels_atlas" },
				"east": { "uv": [ 10.75, 3, 10.25, 3.5 ], "texture": "#voxels_atlas" }
			}
		},
		{
			"__comment": "Voxels",
			"from": [ 4, 16, 14 ],
			"to": [ 10, 18, 16 ],
			"faces": {
				"up": { "uv": [ 12.5, 10.5, 13.25, 10 ], "texture": "#voxels_atlas" },
				"south": { "uv": [ 2, 3, 2.75, 3.5 ], "texture": "#voxels_atlas" },
				"west": { "uv": [ 7.25, 0.5, 7.5, 1 ], "texture": "#voxels_atlas" },
				"east": { "uv": [ 7.5, 0, 7.25, 0.5 ], "texture": "#voxels_atlas" }
			}
		},
		{
			"__comment": "Voxels",
			"from": [ 4, 16, 16 ],
			"to": [ 8, 18, 18 ],
			"faces": {
				"up": { "uv": [ 10.25, 2.5, 10.75, 2 ], "texture": "#voxels_atlas" },
				"south": { "uv": [ 10.25, 1, 10.75, 1.5 ], "texture": "#voxels_atlas" },
				"west": { "uv": [ 15.75, 12.5, 16, 13 ], "texture": "#voxels_atlas" },
				"east": { "uv": [ 16, 12, 15.75, 12.5 ], "texture": "#voxels_atlas" }
			}
		},
		{
			"__comment": "Voxels",
			"from": [ 4, 18, 4 ],
			"to": [ 10, 20, 6 ],
			"faces": {
				"up": { "uv": [ 15.25, 14.5, 16, 14 ], "texture": "#voxels_atlas", "cullface": "up" },
				"north": { "uv": [ 10, 9.5, 9.25, 10 ], "texture": "#voxels_atlas", "cullface": "up" },
				"west": { "uv": [ 10, 8, 10.25, 8.5 ], "texture": "#voxels_atlas", "cullface": "up" },
				"east": { "uv": [ 10.25, 7.5, 10, 8 ], "texture": "#voxels_atlas", "cullface": "up" }
			}
		},
		{
			"__comment": "Voxels",
			"from": [ 4, 18, 12 ],
			"to": [ 10, 20, 14 ],
			"faces": {
				"up": { "uv": [ 9.25, 7.5, 10, 7 ], "texture": "#voxels_atlas", "cullface": "up" },
				"south": { "uv": [ 9, 2, 9.75, 2.5 ], "texture": "#voxels_atlas", "cullface": "up" },
				"west": { "uv": [ 10, 5, 10.25, 5.5 ], "texture": "#voxels_atlas", "cullface": "up" },
				"east": { "uv": [ 10.25, 4.5, 10, 5 ], "texture": "#voxels_atlas", "cullface": "up" }
			}
		},
		{
			"__comment": "Voxels",
			"from": [ 6, 12, -2 ],
			"to": [ 8, 14, 2 ],
			"faces": {
				"down": { "uv": [ 2.75, 2, 3, 3 ], "texture": "#voxels_atlas", "cullface": "north" },
				"north": { "uv": [ 10.25, 3, 10, 3.5 ], "texture": "#voxels_atlas", "cullface": "north" },
				"west": { "uv": [ 10.25, 0.5, 10.75, 1 ], "texture": "#voxels_atlas", "cullface": "north" },
				"east": { "uv": [ 14.75, 10, 14.25, 10.5 ], "texture": "#voxels_atlas", "cullface": "north" }
			}
		},
		{
			"__comment": "Voxels",
			"from": [ 6, 12, 16 ],
			"to": [ 8, 14, 18 ],
			"faces": {
				"down": { "uv": [ 14.25, 9.5, 14.5, 10 ], "texture": "#voxels_atlas", "cullface": "south" },
				"south": { "uv": [ 15, 9.5, 15.25, 10 ], "texture": "#voxels_atlas", "cullface": "south" },
				"west": { "uv": [ 15.25, 9.5, 15.5, 10 ], "texture": "#voxels_atlas", "cullface": "south" },
				"east": { "uv": [ 15.75, 9.5, 15.5, 10 ], "texture": "#voxels_atlas", "cullface": "south" }
			}
		},
		{
			"__comment": "Voxels",
			"from": [ 6, 16, -2 ],
			"to": [ 8, 18, 0 ],
			"faces": {
				"up": { "uv": [ 10.75, 9.5, 11, 9 ], "texture": "#voxels_atlas" },
				"north": { "uv": [ 11, 8.5, 10.75, 9 ], "texture": "#voxels_atlas" },
				"west": { "uv": [ 10.75, 7.5, 11, 8 ], "texture": "#voxels_atlas" },
				"east": { "uv": [ 11, 7, 10.75, 7.5 ], "texture": "#voxels_atlas" }
			}
		},
		{
			"__comment": "Voxels",
			"from": [ 8, 14, 0 ],
			"to": [ 10, 16, 2 ],
			"faces": {
				"down": { "uv": [ 10.75, 6.5, 11, 7 ], "texture": "#voxels_atlas" },
				"up": { "uv": [ 10.75, 6.5, 11, 6 ], "texture": "#voxels_atlas", "cullface": "up" },
				"north": { "uv": [ 11, 5.5, 10.75, 6 ], "texture": "#voxels_atlas", "cullface": "north" },
				"east": { "uv": [ 11, 4, 10.75, 4.5 ], "texture": "#voxels_atlas" }
			}
		},
		{
			"__comment": "Voxels",
			"from": [ 8, 16, 2 ],
			"to": [ 10, 18, 4 ],
			"faces": {
				"up": { "uv": [ 10.75, 3.5, 11, 3 ], "texture": "#voxels_atlas", "cullface": "up" },
				"north": { "uv": [ 11, 2.5, 10.75, 3 ], "texture": "#voxels_atlas", "cullface": "up" },
				"east": { "uv": [ 11, 1, 10.75, 1.5 ], "texture": "#voxels_atlas", "cullface": "up" }
			}
		},
		{
			"__comment": "Voxels",
			"from": [ 12, 2, 2 ],
			"to": [ 16, 4, 4 ],
			"faces": {
				"down": { "uv": [ 10.25, 0, 10.75, 0.5 ], "texture": "#voxels_atlas" },
				"north": { "uv": [ 11.75, 9.5, 11.25, 10 ], "texture": "#voxels_atlas" },
				"west": { "uv": [ 11, 8, 11.25, 8.5 ], "texture": "#voxels_atlas" },
				"east": { "uv": [ 11.25, 7.5, 11, 8 ], "texture": "#voxels_atlas", "cullface": "east" }
			}
		},
		{
			"__comment": "Voxels",
			"from": [ 12, 2, 14 ],
			"to": [ 16, 4, 16 ],
			"faces": {
				"down": { "uv": [ 12.25, 9.5, 12.75, 10 ], "texture": "#voxels_atlas" },
				"south": { "uv": [ 13.75, 9.5, 14.25, 10 ], "texture": "#voxels_atlas", "cullface": "south" },
				"west": { "uv": [ 11, 5, 11.25, 5.5 ], "texture": "#voxels_atlas" },
				"east": { "uv": [ 11.25, 4.5, 11, 5 ], "texture": "#voxels_atlas", "cullface": "east" }
			}
		}
	],
	"display": {
		"head": {
			"rotation":  [ 0, -90, 0 ],
			"translation":  [ 1, 0, -3 ]
		}
	}
}