{
	"__comment": "Designed by Elo106 with Cubik Studio - https://cubik.studio",
	"textures": {
		"particle": "items/taucherglocke",
		"texture": "items/taucherglocke",
		"tauch_atlas": "items/taucherglocke"
	},
	"elements": [ 	 
		{
			"__comment": "Voxels",
			"from": [ 4.75, 6.25, 7 ],
			"to": [ 10.5, 6.75, 8.75 ],
			"faces": {
				"down": { "uv": [ 1.375, 12.25, 2.8125, 13.125 ], "texture": "#tauch_atlas" },
				"up": { "uv": [ 1.375, 14, 2.8125, 13.125 ], "texture": "#tauch_atlas" },
				"north": { "uv": [ 7.125, 12.25, 5.6875, 12.5 ], "texture": "#tauch_atlas" },
				"south": { "uv": [ 5.6875, 10.5, 7.125, 10.75 ], "texture": "#tauch_atlas" },
				"west": { "uv": [ 0.9375, 8.875, 1.375, 9.125 ], "texture": "#tauch_atlas" },
				"east": { "uv": [ 1.375, 8.625, 0.9375, 8.875 ], "texture": "#tauch_atlas" }
			}
		},
		{
			"__comment": "Voxels",
			"from": [ 4.75, 6.75, 6.5 ],
			"to": [ 10.25, 7.25, 7 ],
			"faces": {
				"down": { "uv": [ 5.6875, 5.5, 7.0625, 5.75 ], "texture": "#tauch_atlas" },
				"up": { "uv": [ 5.6875, 6, 7.0625, 5.75 ], "texture": "#tauch_atlas" },
				"north": { "uv": [ 7.0625, 6, 5.6875, 6.25 ], "texture": "#tauch_atlas" },
				"south": { "uv": [ 5.6875, 6.25, 7.0625, 6.5 ], "texture": "#tauch_atlas" },
				"west": { "uv": [ 5.3125, 7.125, 5.4375, 7.375 ], "texture": "#tauch_atlas" },
				"east": { "uv": [ 4.3125, 13.625, 4.1875, 13.875 ], "texture": "#tauch_atlas" }
			}
		},
		{
			"__comment": "Voxels",
			"from": [ 4.75, 6.75, 8.75 ],
			"to": [ 10.75, 7.25, 9 ],
			"faces": {
				"down": { "uv": [ 14.5, 15.125, 16, 15.25 ], "texture": "#tauch_atlas" },
				"up": { "uv": [ 14.5, 15.125, 16, 15 ], "texture": "#tauch_atlas" },
				"north": { "uv": [ 7.1875, 14.25, 5.6875, 14.5 ], "texture": "#tauch_atlas" },
				"south": { "uv": [ 5.6875, 14.5, 7.1875, 14.75 ], "texture": "#tauch_atlas" },
				"west": { "uv": [ 6.8125, 0.875, 6.875, 1.125 ], "texture": "#tauch_atlas" },
				"east": { "uv": [ 6.9375, 1.125, 6.875, 1.375 ], "texture": "#tauch_atlas" }
			}
		},
		{
			"__comment": "Voxels",
			"from": [ 4.75, 6.75, 9 ],
			"to": [ 10.25, 7.25, 9.25 ],
			"faces": {
				"down": { "uv": [ 11.125, 14, 12.5, 14.125 ], "texture": "#tauch_atlas" },
				"up": { "uv": [ 12.375, 13.75, 13.75, 13.625 ], "texture": "#tauch_atlas" },
				"south": { "uv": [ 5.6875, 8.25, 7.0625, 8.5 ], "texture": "#tauch_atlas" },
				"west": { "uv": [ 6.8125, 1.125, 6.875, 1.375 ], "texture": "#tauch_atlas" },
				"east": { "uv": [ 6.9375, 1.375, 6.875, 1.625 ], "texture": "#tauch_atlas" }
			}
		},
		{
			"__comment": "Voxels",
			"from": [ 4.75, 7.25, 6 ],
			"to": [ 10.25, 8.5, 6.5 ],
			"faces": {
				"down": { "uv": [ 4.3125, 0, 5.6875, 0.25 ], "texture": "#tauch_atlas" },
				"up": { "uv": [ 4.3125, 2, 5.6875, 1.75 ], "texture": "#tauch_atlas" },
				"north": { "uv": [ 4.1875, 11.75, 2.8125, 12.375 ], "texture": "#tauch_atlas" },
				"south": { "uv": [ 2.8125, 12.375, 4.1875, 13 ], "texture": "#tauch_atlas" },
				"west": { "uv": [ 1.0625, 2.875, 1.1875, 3.5 ], "texture": "#tauch_atlas" },
				"east": { "uv": [ 1.3125, 2.875, 1.1875, 3.5 ], "texture": "#tauch_atlas" }
			}
		},
		{
			"__comment": "Voxels",
			"from": [ 4.75, 7.25, 9.25 ],
			"to": [ 11.25, 7.5, 9.5 ],
			"faces": {
				"down": { "uv": [ 8.25, 15.375, 9.875, 15.5 ], "texture": "#tauch_atlas" },
				"up": { "uv": [ 9.875, 15.5, 11.5, 15.375 ], "texture": "#tauch_atlas" },
				"north": { "uv": [ 13.125, 15.375, 11.5, 15.5 ], "texture": "#tauch_atlas" },
				"south": { "uv": [ 13.125, 15.375, 14.75, 15.5 ], "texture": "#tauch_atlas" },
				"west": { "uv": [ 8.1875, 10, 8.25, 10.125 ], "texture": "#tauch_atlas" },
				"east": { "uv": [ 8.1875, 10.125, 8.125, 10.25 ], "texture": "#tauch_atlas" }
			}
		},
		{
			"__comment": "Voxels",
			"from": [ 4.75, 7.25, 9.5 ],
			"to": [ 10.25, 8.5, 9.75 ],
			"faces": {
				"down": { "uv": [ 12.375, 13.75, 13.75, 13.875 ], "texture": "#tauch_atlas" },
				"up": { "uv": [ 11, 13.875, 12.375, 13.75 ], "texture": "#tauch_atlas" },
				"north": { "uv": [ 4.1875, 13.625, 2.8125, 14.25 ], "texture": "#tauch_atlas" },
				"south": { "uv": [ 2.8125, 13, 4.1875, 13.625 ], "texture": "#tauch_atlas" },
				"west": { "uv": [ 1.3125, 2.875, 1.375, 3.5 ], "texture": "#tauch_atlas" },
				"east": { "uv": [ 1.375, 1.75, 1.3125, 2.375 ], "texture": "#tauch_atlas" }
			}
		},
		{
			"__comment": "Voxels",
			"from": [ 4.75, 7.5, 9.25 ],
			"to": [ 11, 7.75, 9.5 ],
			"faces": {
				"up": { "uv": [ 11.375, 15.25, 12.9375, 15.125 ], "texture": "#tauch_atlas" },
				"north": { "uv": [ 9.8125, 15, 8.25, 15.125 ], "texture": "#tauch_atlas" },
				"south": { "uv": [ 9.8125, 15, 11.375, 15.125 ], "texture": "#tauch_atlas" },
				"west": { "uv": [ 8.0625, 10, 8.125, 10.125 ], "texture": "#tauch_atlas" },
				"east": { "uv": [ 8.125, 10.125, 8.0625, 10.25 ], "texture": "#tauch_atlas" }
			}
		},
		{
			"__comment": "Voxels",
			"from": [ 4.75, 7.75, 9.25 ],
			"to": [ 10.5, 8.5, 9.5 ],
			"faces": {
				"up": { "uv": [ 9.6875, 14.5, 11.125, 14.375 ], "texture": "#tauch_atlas" },
				"north": { "uv": [ 4.25, 3.25, 2.8125, 3.625 ], "texture": "#tauch_atlas" },
				"south": { "uv": [ 2.8125, 5.125, 4.25, 5.5 ], "texture": "#tauch_atlas" },
				"west": { "uv": [ 9.5, 7.75, 9.5625, 8.125 ], "texture": "#tauch_atlas" },
				"east": { "uv": [ 9.5625, 8.125, 9.5, 8.5 ], "texture": "#tauch_atlas" }
			}
		},
		{
			"__comment": "Voxels",
			"from": [ 4.75, 8.5, 6.5 ],
			"to": [ 10.75, 9, 7 ],
			"faces": {
				"down": { "uv": [ 5.6875, 13.25, 7.1875, 13.5 ], "texture": "#tauch_atlas" },
				"up": { "uv": [ 5.6875, 13, 7.1875, 12.75 ], "texture": "#tauch_atlas" },
				"north": { "uv": [ 7.1875, 12.5, 5.6875, 12.75 ], "texture": "#tauch_atlas" },
				"south": { "uv": [ 5.6875, 15.75, 7.1875, 16 ], "texture": "#tauch_atlas" },
				"west": { "uv": [ 4.1875, 8.75, 4.3125, 9 ], "texture": "#tauch_atlas" },
				"east": { "uv": [ 4.3125, 8.5, 4.1875, 8.75 ], "texture": "#tauch_atlas" }
			}
		},
		{
			"__comment": "Voxels",
			"from": [ 4.75, 8.5, 8.75 ],
			"to": [ 10.75, 9, 9.25 ],
			"faces": {
				"down": { "uv": [ 5.6875, 15.5, 7.1875, 15.75 ], "texture": "#tauch_atlas" },
				"up": { "uv": [ 5.6875, 15.5, 7.1875, 15.25 ], "texture": "#tauch_atlas" },
				"north": { "uv": [ 7.1875, 15, 5.6875, 15.25 ], "texture": "#tauch_atlas" },
				"south": { "uv": [ 5.6875, 14.75, 7.1875, 15 ], "texture": "#tauch_atlas" },
				"west": { "uv": [ 4.1875, 8.25, 4.3125, 8.5 ], "texture": "#tauch_atlas" },
				"east": { "uv": [ 4.3125, 8, 4.1875, 8.25 ], "texture": "#tauch_atlas" }
			}
		},
		{
			"__comment": "Voxels",
			"from": [ 4.75, 8.75, 7 ],
			"to": [ 10.75, 9.25, 8.75 ],
			"faces": {
				"down": { "uv": [ 2.8125, 15.125, 4.3125, 16 ], "texture": "#tauch_atlas" },
				"up": { "uv": [ 2.8125, 15.125, 4.3125, 14.25 ], "texture": "#tauch_atlas" },
				"north": { "uv": [ 7.1875, 13, 5.6875, 13.25 ], "texture": "#tauch_atlas" },
				"south": { "uv": [ 5.6875, 13.5, 7.1875, 13.75 ], "texture": "#tauch_atlas" },
				"west": { "uv": [ 0.9375, 9.5, 1.375, 9.75 ], "texture": "#tauch_atlas" },
				"east": { "uv": [ 1.375, 9.125, 0.9375, 9.375 ], "texture": "#tauch_atlas" }
			}
		},
		{
			"__comment": "Voxels",
			"from": [ 5, 6, 6.75 ],
			"to": [ 10.5, 6.75, 7 ],
			"faces": {
				"down": { "uv": [ 9.625, 13.875, 11, 14 ], "texture": "#tauch_atlas" },
				"up": { "uv": [ 12.5, 14.125, 13.875, 14 ], "texture": "#tauch_atlas" },
				"north": { "uv": [ 4.1875, 2.375, 2.8125, 2.75 ], "texture": "#tauch_atlas" },
				"south": { "uv": [ 4.3125, 15.625, 5.6875, 16 ], "texture": "#tauch_atlas" },
				"west": { "uv": [ 9.5, 8.5, 9.5625, 8.875 ], "texture": "#tauch_atlas" },
				"east": { "uv": [ 9.5625, 8.875, 9.5, 9.25 ], "texture": "#tauch_atlas" }
			}
		},
		{
			"__comment": "Voxels",
			"from": [ 5, 6, 7 ],
			"to": [ 10.5, 6.25, 9 ],
			"faces": {
				"down": { "uv": [ 0, 6.75, 1.375, 7.75 ], "texture": "#tauch_atlas" },
				"up": { "uv": [ 0, 6.75, 1.375, 5.75 ], "texture": "#tauch_atlas" },
				"south": { "uv": [ 12.375, 13.875, 13.75, 14 ], "texture": "#tauch_atlas" },
				"west": { "uv": [ 8.9375, 3.25, 9.4375, 3.375 ], "texture": "#tauch_atlas" },
				"east": { "uv": [ 9.4375, 3.125, 8.9375, 3.25 ], "texture": "#tauch_atlas" }
			}
		},
		{
			"__comment": "Voxels",
			"from": [ 5, 6.25, 6.5 ],
			"to": [ 10.25, 6.75, 6.75 ],
			"faces": {
				"down": { "uv": [ 9.5625, 13.5, 10.875, 13.625 ], "texture": "#tauch_atlas" },
				"north": { "uv": [ 7, 4.75, 5.6875, 5 ], "texture": "#tauch_atlas" },
				"west": { "uv": [ 6.8125, 2, 6.875, 2.25 ], "texture": "#tauch_atlas" },
				"east": { "uv": [ 7.1875, 2.25, 7.125, 2.5 ], "texture": "#tauch_atlas" }
			}
		},
		{
			"__comment": "Voxels",
			"from": [ 5, 6.25, 8.75 ],
			"to": [ 10.5, 6.75, 9 ],
			"faces": {
				"south": { "uv": [ 4.3125, 0.75, 5.6875, 1 ], "texture": "#tauch_atlas" },
				"west": { "uv": [ 7.0625, 2.25, 7.125, 2.5 ], "texture": "#tauch_atlas" },
				"east": { "uv": [ 7.0625, 2.25, 7, 2.5 ], "texture": "#tauch_atlas" }
			}
		},
		{
			"__comment": "Voxels",
			"from": [ 5, 6.25, 9 ],
			"to": [ 10.25, 6.75, 9.25 ],
			"faces": {
				"down": { "uv": [ 10.875, 13.375, 12.1875, 13.5 ], "texture": "#tauch_atlas" },
				"south": { "uv": [ 5.6875, 4.25, 7, 4.5 ], "texture": "#tauch_atlas" },
				"west": { "uv": [ 6.9375, 2.25, 7, 2.5 ], "texture": "#tauch_atlas" },
				"east": { "uv": [ 6.9375, 2.25, 6.875, 2.5 ], "texture": "#tauch_atlas" }
			}
		},
		{
			"__comment": "Voxels",
			"from": [ 5, 6.5, 6.25 ],
			"to": [ 10.25, 7.25, 6.5 ],
			"faces": {
				"down": { "uv": [ 9.5625, 13.25, 10.875, 13.375 ], "texture": "#tauch_atlas" },
				"north": { "uv": [ 5.625, 14.125, 4.3125, 14.5 ], "texture": "#tauch_atlas" },
				"south": { "uv": [ 4.3125, 11.5, 5.625, 11.875 ], "texture": "#tauch_atlas" },
				"west": { "uv": [ 9.5, 9.25, 9.5625, 9.625 ], "texture": "#tauch_atlas" },
				"east": { "uv": [ 9.5625, 9.625, 9.5, 10 ], "texture": "#tauch_atlas" }
			}
		},
		{
			"__comment": "Voxels",
			"from": [ 5, 6.5, 9.25 ],
			"to": [ 10.25, 7.25, 9.5 ],
			"faces": {
				"down": { "uv": [ 13.5, 13.25, 14.8125, 13.375 ], "texture": "#tauch_atlas" },
				"north": { "uv": [ 5.625, 12.625, 4.3125, 13 ], "texture": "#tauch_atlas" },
				"south": { "uv": [ 4.3125, 13, 5.625, 13.375 ], "texture": "#tauch_atlas" },
				"west": { "uv": [ 9.5, 10, 9.5625, 10.375 ], "texture": "#tauch_atlas" },
				"east": { "uv": [ 9.5625, 10.375, 9.5, 10.75 ], "texture": "#tauch_atlas" }
			}
		},
		{
			"__comment": "Voxels",
			"from": [ 5, 6.75, 6 ],
			"to": [ 10.25, 7, 6.25 ],
			"faces": {
				"down": { "uv": [ 10.875, 13.125, 12.1875, 13.25 ], "texture": "#tauch_atlas" },
				"up": { "uv": [ 8.25, 13.625, 9.5625, 13.5 ], "texture": "#tauch_atlas" },
				"north": { "uv": [ 10.875, 13.375, 9.5625, 13.5 ], "texture": "#tauch_atlas" },
				"west": { "uv": [ 8, 11, 8.0625, 11.125 ], "texture": "#tauch_atlas" },
				"east": { "uv": [ 8.1875, 11.375, 8.125, 11.5 ], "texture": "#tauch_atlas" }
			}
		},
		{
			"__comment": "Voxels",
			"from": [ 5, 6.75, 7 ],
			"to": [ 10.75, 7.25, 7.25 ],
			"faces": {
				"down": { "uv": [ 8.25, 14.125, 9.6875, 14.25 ], "texture": "#tauch_atlas" },
				"up": { "uv": [ 8.25, 14.75, 9.6875, 14.625 ], "texture": "#tauch_atlas" },
				"north": { "uv": [ 7.125, 11.25, 5.6875, 11.5 ], "texture": "#tauch_atlas" },
				"south": { "uv": [ 5.6875, 10.75, 7.125, 11 ], "texture": "#tauch_atlas" },
				"west": { "uv": [ 6.875, 3, 6.9375, 3.25 ], "texture": "#tauch_atlas" },
				"east": { "uv": [ 7.1875, 3.25, 7.125, 3.5 ], "texture": "#tauch_atlas" }
			}
		},
		{
			"__comment": "Voxels",
			"from": [ 5, 6.75, 7.75 ],
			"to": [ 10.75, 8.75, 8 ],
			"faces": {
				"down": { "uv": [ 12.5625, 14.375, 14, 14.5 ], "texture": "#tauch_atlas" },
				"north": { "uv": [ 2.8125, 14, 1.375, 15 ], "texture": "#tauch_atlas" },
				"south": { "uv": [ 1.375, 15, 2.8125, 16 ], "texture": "#tauch_atlas" },
				"west": { "uv": [ 9.0625, 0.125, 9.125, 1.125 ], "texture": "#tauch_atlas" },
				"east": { "uv": [ 9.1875, 0.125, 9.125, 1.125 ], "texture": "#tauch_atlas" }
			}
		},
		{
			"__comment": "Voxels",
			"from": [ 5, 6.75, 8.5 ],
			"to": [ 10.75, 7.25, 8.75 ],
			"faces": {
				"down": { "uv": [ 12.5625, 14.25, 14, 14.375 ], "texture": "#tauch_atlas" },
				"up": { "uv": [ 14, 14.375, 15.4375, 14.25 ], "texture": "#tauch_atlas" },
				"north": { "uv": [ 7.125, 12, 5.6875, 12.25 ], "texture": "#tauch_atlas" },
				"west": { "uv": [ 7.0625, 3.25, 7.125, 3.5 ], "texture": "#tauch_atlas" },
				"east": { "uv": [ 7.1875, 5.25, 7.125, 5.5 ], "texture": "#tauch_atlas" }
			}
		},
		{
			"__comment": "Voxels",
			"from": [ 5, 6.75, 9.5 ],
			"to": [ 10.25, 7, 9.75 ],
			"faces": {
				"down": { "uv": [ 12.1875, 13.25, 13.5, 13.375 ], "texture": "#tauch_atlas" },
				"up": { "uv": [ 9.5625, 13.25, 10.875, 13.125 ], "texture": "#tauch_atlas" },
				"south": { "uv": [ 8.25, 13.375, 9.5625, 13.5 ], "texture": "#tauch_atlas" },
				"west": { "uv": [ 8, 11.5, 8.0625, 11.625 ], "texture": "#tauch_atlas" },
				"east": { "uv": [ 8.0625, 10.625, 8, 10.75 ], "texture": "#tauch_atlas" }
			}
		},
		{
			"__comment": "Voxels",
			"from": [ 5, 7, 5.75 ],
			"to": [ 10, 8.5, 6 ],
			"faces": {
				"down": { "uv": [ 13.4375, 13.125, 14.6875, 13.25 ], "texture": "#tauch_atlas" },
				"up": { "uv": [ 14.6875, 13.25, 15.9375, 13.125 ], "texture": "#tauch_atlas" },
				"north": { "uv": [ 2.625, 3.125, 1.375, 3.875 ], "texture": "#tauch_atlas" },
				"south": { "uv": [ 1.375, 2.375, 2.625, 3.125 ], "texture": "#tauch_atlas" },
				"west": { "uv": [ 7, 0.125, 7.0625, 0.875 ], "texture": "#tauch_atlas" },
				"east": { "uv": [ 7, 0.125, 6.9375, 0.875 ], "texture": "#tauch_atlas" }
			}
		},
		{
			"__comment": "Voxels",
			"from": [ 5, 7, 6 ],
			"to": [ 5.5, 7.25, 6.25 ],
			"faces": {
				"west": { "uv": [ 8.1875, 12.5, 8.25, 12.625 ], "texture": "#tauch_atlas" },
				"east": { "uv": [ 8.1875, 12.5, 8.125, 12.625 ], "texture": "#tauch_atlas" }
			}
		},
		{
			"__comment": "Voxels",
			"from": [ 5, 7, 9.5 ],
			"to": [ 5.5, 7.25, 10 ],
			"faces": {
				"down": { "uv": [ 4.1875, 7.75, 4.3125, 8 ], "texture": "#tauch_atlas" },
				"up": { "uv": [ 4.1875, 7.75, 4.3125, 7.5 ], "texture": "#tauch_atlas" },
				"south": { "uv": [ 7.0625, 7, 7.1875, 7.125 ], "texture": "#tauch_atlas" },
				"west": { "uv": [ 7.0625, 8, 7.1875, 8.125 ], "texture": "#tauch_atlas" },
				"east": { "uv": [ 7.1875, 8.125, 7.0625, 8.25 ], "texture": "#tauch_atlas" }
			}
		},
		{
			"__comment": "Voxels",
			"from": [ 5, 7.25, 6.5 ],
			"to": [ 11.25, 7.5, 6.75 ],
			"faces": {
				"down": { "uv": [ 9.8125, 15.25, 11.375, 15.375 ], "texture": "#tauch_atlas" },
				"up": { "uv": [ 12.9375, 15.125, 14.5, 15 ], "texture": "#tauch_atlas" },
				"north": { "uv": [ 9.8125, 15.125, 8.25, 15.25 ], "texture": "#tauch_atlas" },
				"south": { "uv": [ 12.9375, 15.125, 14.5, 15.25 ], "texture": "#tauch_atlas" },
				"west": { "uv": [ 8.125, 1.625, 8.1875, 1.75 ], "texture": "#tauch_atlas" },
				"east": { "uv": [ 8.25, 1.75, 8.1875, 1.875 ], "texture": "#tauch_atlas" }
			}
		},
		{
			"__comment": "Voxels",
			"from": [ 5, 7.25, 9 ],
			"to": [ 11.25, 7.5, 9.25 ],
			"faces": {
				"down": { "uv": [ 12.9375, 15.25, 14.5, 15.375 ], "texture": "#tauch_atlas" },
				"up": { "uv": [ 9.8125, 15.25, 11.375, 15.125 ], "texture": "#tauch_atlas" },
				"north": { "uv": [ 12.9375, 15.25, 11.375, 15.375 ], "texture": "#tauch_atlas" },
				"west": { "uv": [ 8.125, 1.75, 8.1875, 1.875 ], "texture": "#tauch_atlas" },
				"east": { "uv": [ 8.25, 9.375, 8.1875, 9.5 ], "texture": "#tauch_atlas" }
			}
		},
		{
			"__comment": "Voxels",
			"from": [ 5, 7.25, 9.75 ],
			"to": [ 10, 8.5, 10 ],
			"faces": {
				"down": { "uv": [ 14.75, 15.375, 16, 15.5 ], "texture": "#tauch_atlas" },
				"up": { "uv": [ 12.1875, 13.25, 13.4375, 13.125 ], "texture": "#tauch_atlas" },
				"south": { "uv": [ 2.8125, 10.5, 4.0625, 11.125 ], "texture": "#tauch_atlas" },
				"west": { "uv": [ 9.4375, 10.5, 9.5, 11.125 ], "texture": "#tauch_atlas" },
				"east": { "uv": [ 4.3125, 11.75, 4.25, 12.375 ], "texture": "#tauch_atlas" }
			}
		},
		{
			"__comment": "Voxels",
			"from": [ 5, 7.5, 6.5 ],
			"to": [ 11, 7.75, 6.75 ],
			"faces": {
				"up": { "uv": [ 12.75, 15, 14.25, 14.875 ], "texture": "#tauch_atlas" },
				"north": { "uv": [ 15.75, 14.875, 14.25, 15 ], "texture": "#tauch_atlas" },
				"south": { "uv": [ 8.25, 14.75, 9.75, 14.875 ], "texture": "#tauch_atlas" },
				"west": { "uv": [ 8.125, 9.375, 8.1875, 9.5 ], "texture": "#tauch_atlas" },
				"east": { "uv": [ 8.125, 9.25, 8.0625, 9.375 ], "texture": "#tauch_atlas" }
			}
		},
		{
			"__comment": "Voxels",
			"from": [ 5, 7.5, 9 ],
			"to": [ 11, 7.75, 9.25 ],
			"faces": {
				"up": { "uv": [ 11.25, 14.875, 12.75, 14.75 ], "texture": "#tauch_atlas" },
				"north": { "uv": [ 14.25, 14.75, 12.75, 14.875 ], "texture": "#tauch_atlas" },
				"west": { "uv": [ 8.0625, 9.375, 8.125, 9.5 ], "texture": "#tauch_atlas" },
				"east": { "uv": [ 8.0625, 9.375, 8, 9.5 ], "texture": "#tauch_atlas" }
			}
		},
		{
			"__comment": "Voxels",
			"from": [ 5, 7.75, 6.5 ],
			"to": [ 10.75, 8.5, 6.75 ],
			"faces": {
				"north": { "uv": [ 4.25, 4, 2.8125, 4.375 ], "texture": "#tauch_atlas" },
				"south": { "uv": [ 2.8125, 3.625, 4.25, 4 ], "texture": "#tauch_atlas" },
				"west": { "uv": [ 5.625, 13.375, 5.6875, 13.75 ], "texture": "#tauch_atlas" },
				"east": { "uv": [ 5.6875, 13.75, 5.625, 14.125 ], "texture": "#tauch_atlas" }
			}
		},
		{
			"__comment": "Voxels",
			"from": [ 5, 7.75, 6.75 ],
			"to": [ 10.75, 8, 7.75 ],
			"faces": {
				"down": { "uv": [ 2.8125, 10, 4.25, 10.5 ], "texture": "#tauch_atlas" },
				"up": { "uv": [ 2.8125, 10, 4.25, 9.5 ], "texture": "#tauch_atlas" },
				"west": { "uv": [ 5.3125, 9.25, 5.5625, 9.375 ], "texture": "#tauch_atlas" },
				"east": { "uv": [ 5.5625, 9.125, 5.3125, 9.25 ], "texture": "#tauch_atlas" }
			}
		},
		{
			"__comment": "Voxels",
			"from": [ 5, 7.75, 8 ],
			"to": [ 11, 8, 8.5 ],
			"faces": {
				"down": { "uv": [ 5.6875, 14, 7.1875, 14.25 ], "texture": "#tauch_atlas" },
				"up": { "uv": [ 5.6875, 14, 7.1875, 13.75 ], "texture": "#tauch_atlas" },
				"north": { "uv": [ 16, 15.25, 14.5, 15.375 ], "texture": "#tauch_atlas" },
				"south": { "uv": [ 8.25, 14.875, 9.75, 15 ], "texture": "#tauch_atlas" },
				"west": { "uv": [ 5.4375, 6.625, 5.5625, 6.75 ], "texture": "#tauch_atlas" },
				"east": { "uv": [ 5.4375, 6.625, 5.3125, 6.75 ], "texture": "#tauch_atlas" }
			}
		},
		{
			"__comment": "Voxels",
			"from": [ 5, 7.75, 8.5 ],
			"to": [ 10.75, 8, 9.25 ],
			"faces": {
				"down": { "uv": [ 2.8125, 4.75, 4.25, 5.125 ], "texture": "#tauch_atlas" },
				"up": { "uv": [ 2.8125, 4.75, 4.25, 4.375 ], "texture": "#tauch_atlas" },
				"south": { "uv": [ 11.125, 14.125, 12.5625, 14.25 ], "texture": "#tauch_atlas" },
				"west": { "uv": [ 1.0625, 1.25, 1.25, 1.375 ], "texture": "#tauch_atlas" },
				"east": { "uv": [ 7.1875, 4.375, 7, 4.5 ], "texture": "#tauch_atlas" }
			}
		},
		{
			"__comment": "Voxels",
			"from": [ 5, 8, 9 ],
			"to": [ 10.75, 8.5, 9.25 ],
			"faces": {
				"north": { "uv": [ 7.125, 11.5, 5.6875, 11.75 ], "texture": "#tauch_atlas" },
				"south": { "uv": [ 5.6875, 11, 7.125, 11.25 ], "texture": "#tauch_atlas" },
				"west": { "uv": [ 7.125, 10.25, 7.1875, 10.5 ], "texture": "#tauch_atlas" },
				"east": { "uv": [ 7.1875, 10.5, 7.125, 10.75 ], "texture": "#tauch_atlas" }
			}
		},
		{
			"__comment": "Voxels",
			"from": [ 5, 8.5, 6 ],
			"to": [ 10.25, 9.25, 6.5 ],
			"faces": {
				"up": { "uv": [ 5.6875, 5.25, 7, 5 ], "texture": "#tauch_atlas" },
				"north": { "uv": [ 5.625, 13.75, 4.3125, 14.125 ], "texture": "#tauch_atlas" },
				"south": { "uv": [ 4.3125, 13.375, 5.625, 13.75 ], "texture": "#tauch_atlas" },
				"west": { "uv": [ 2.5625, 0, 2.6875, 0.375 ], "texture": "#tauch_atlas" },
				"east": { "uv": [ 2.75, 2.75, 2.625, 3.125 ], "texture": "#tauch_atlas" }
			}
		},
		{
			"__comment": "Voxels",
			"from": [ 5, 8.5, 7 ],
			"to": [ 10.75, 8.75, 7.25 ],
			"faces": {
				"down": { "uv": [ 14, 14.5, 15.4375, 14.625 ], "texture": "#tauch_atlas" },
				"south": { "uv": [ 9.6875, 14.5, 11.125, 14.625 ], "texture": "#tauch_atlas" },
				"west": { "uv": [ 8.0625, 9.75, 8.125, 9.875 ], "texture": "#tauch_atlas" },
				"east": { "uv": [ 8.0625, 10, 8, 10.125 ], "texture": "#tauch_atlas" }
			}
		},
		{
			"__comment": "Voxels",
			"from": [ 5, 8.5, 8.5 ],
			"to": [ 10.75, 8.75, 8.75 ],
			"faces": {
				"down": { "uv": [ 12.5625, 14.625, 14, 14.75 ], "texture": "#tauch_atlas" },
				"north": { "uv": [ 11.125, 14.625, 9.6875, 14.75 ], "texture": "#tauch_atlas" },
				"west": { "uv": [ 8, 10.125, 8.0625, 10.25 ], "texture": "#tauch_atlas" },
				"east": { "uv": [ 8.25, 10.25, 8.1875, 10.375 ], "texture": "#tauch_atlas" }
			}
		},
		{
			"__comment": "Voxels",
			"from": [ 5, 8.5, 9.25 ],
			"to": [ 10.5, 9.25, 9.5 ],
			"faces": {
				"up": { "uv": [ 8.25, 13.75, 9.625, 13.625 ], "texture": "#tauch_atlas" },
				"north": { "uv": [ 5.6875, 15.25, 4.3125, 15.625 ], "texture": "#tauch_atlas" },
				"south": { "uv": [ 2.8125, 1.25, 4.1875, 1.625 ], "texture": "#tauch_atlas" },
				"west": { "uv": [ 9.5, 12.25, 9.5625, 12.625 ], "texture": "#tauch_atlas" },
				"east": { "uv": [ 9.5, 0.125, 9.4375, 0.5 ], "texture": "#tauch_atlas" }
			}
		},
		{
			"__comment": "Voxels",
			"from": [ 5, 8.5, 9.5 ],
			"to": [ 10.25, 9.25, 9.75 ],
			"faces": {
				"up": { "uv": [ 8.25, 13.375, 9.5625, 13.25 ], "texture": "#tauch_atlas" },
				"south": { "uv": [ 4.3125, 11.875, 5.625, 12.25 ], "texture": "#tauch_atlas" },
				"west": { "uv": [ 5.625, 11.875, 5.6875, 12.25 ], "texture": "#tauch_atlas" },
				"east": { "uv": [ 5.6875, 12.25, 5.625, 12.625 ], "texture": "#tauch_atlas" }
			}
		},
		{
			"__comment": "Voxels",
			"from": [ 5, 9, 6.5 ],
			"to": [ 10.75, 9.25, 7 ],
			"faces": {
				"up": { "uv": [ 5.6875, 9.25, 7.125, 9 ], "texture": "#tauch_atlas" },
				"north": { "uv": [ 9.6875, 14.25, 8.25, 14.375 ], "texture": "#tauch_atlas" },
				"west": { "uv": [ 5.5625, 9.5, 5.6875, 9.625 ], "texture": "#tauch_atlas" },
				"east": { "uv": [ 2.8125, 8.375, 2.6875, 8.5 ], "texture": "#tauch_atlas" }
			}
		},
		{
			"__comment": "Voxels",
			"from": [ 5, 9, 8.75 ],
			"to": [ 10.75, 9.25, 9.25 ],
			"faces": {
				"up": { "uv": [ 5.6875, 8.75, 7.125, 8.5 ], "texture": "#tauch_atlas" },
				"south": { "uv": [ 8.25, 14.5, 9.6875, 14.625 ], "texture": "#tauch_atlas" },
				"west": { "uv": [ 15.75, 15.625, 15.875, 15.75 ], "texture": "#tauch_atlas" },
				"east": { "uv": [ 7.125, 0.875, 7, 1 ], "texture": "#tauch_atlas" }
			}
		},
		{
			"__comment": "Voxels",
			"from": [ 5, 9.25, 6.75 ],
			"to": [ 10.5, 9.5, 9 ],
			"faces": {
				"down": { "uv": [ 0, 12.375, 1.375, 13.5 ], "texture": "#tauch_atlas" },
				"up": { "uv": [ 0, 16, 1.375, 14.875 ], "texture": "#tauch_atlas" },
				"north": { "uv": [ 12.375, 13.625, 11, 13.75 ], "texture": "#tauch_atlas" },
				"south": { "uv": [ 9.625, 13.625, 11, 13.75 ], "texture": "#tauch_atlas" },
				"west": { "uv": [ 2.125, 8.375, 2.6875, 8.5 ], "texture": "#tauch_atlas" },
				"east": { "uv": [ 2.6875, 9.75, 2.125, 9.875 ], "texture": "#tauch_atlas" }
			}
		},
		{
			"__comment": "Voxels",
			"from": [ 5.25, 5.5, 5.75 ],
			"to": [ 9.75, 6, 6.25 ],
			"faces": {
				"down": { "uv": [ 5.6875, 0.875, 6.8125, 1.125 ], "texture": "#tauch_atlas" },
				"up": { "uv": [ 5.6875, 0.875, 6.8125, 0.625 ], "texture": "#tauch_atlas" },
				"north": { "uv": [ 6.8125, 0.375, 5.6875, 0.625 ], "texture": "#tauch_atlas" },
				"south": { "uv": [ 9.4375, 15.75, 10.5625, 16 ], "texture": "#tauch_atlas" },
				"west": { "uv": [ 4.1875, 7.25, 4.3125, 7.5 ], "texture": "#tauch_atlas" },
				"east": { "uv": [ 4.3125, 7, 4.1875, 7.25 ], "texture": "#tauch_atlas" }
			}
		},
		{
			"__comment": "Voxels",
			"from": [ 5.25, 5.5, 9.5 ],
			"to": [ 10, 6, 9.75 ],
			"faces": {
				"down": { "uv": [ 8.25, 12.625, 9.4375, 12.75 ], "texture": "#tauch_atlas" },
				"up": { "uv": [ 8.25, 12.875, 9.4375, 12.75 ], "texture": "#tauch_atlas" },
				"north": { "uv": [ 6.875, 2.75, 5.6875, 3 ], "texture": "#tauch_atlas" },
				"south": { "uv": [ 5.6875, 2.5, 6.875, 2.75 ], "texture": "#tauch_atlas" },
				"west": { "uv": [ 7.125, 1.375, 7.1875, 1.625 ], "texture": "#tauch_atlas" },
				"east": { "uv": [ 7.1875, 2, 7.125, 2.25 ], "texture": "#tauch_atlas" }
			}
		},
		{
			"__comment": "Voxels",
			"from": [ 5.25, 5.5, 9.75 ],
			"to": [ 9.75, 6, 10 ],
			"faces": {
				"down": { "uv": [ 8.25, 11.375, 9.375, 11.5 ], "texture": "#tauch_atlas" },
				"up": { "uv": [ 8.25, 9.125, 9.375, 9 ], "texture": "#tauch_atlas" },
				"south": { "uv": [ 5.6875, 0.125, 6.8125, 0.375 ], "texture": "#tauch_atlas" },
				"west": { "uv": [ 7.125, 8.75, 7.1875, 9 ], "texture": "#tauch_atlas" },
				"east": { "uv": [ 7.1875, 2.5, 7.125, 2.75 ], "texture": "#tauch_atlas" }
			}
		},
		{
			"__comment": "Voxels",
			"from": [ 5.25, 6.75, 7.25 ],
			"to": [ 10.75, 7.75, 7.75 ],
			"faces": {
				"down": { "uv": [ 5.6875, 7.25, 7.0625, 7.5 ], "texture": "#tauch_atlas" },
				"north": { "uv": [ 4.1875, 9, 2.8125, 9.5 ], "texture": "#tauch_atlas" },
				"west": { "uv": [ 1.25, 1.25, 1.375, 1.75 ], "texture": "#tauch_atlas" },
				"east": { "uv": [ 2.8125, 9.875, 2.6875, 10.375 ], "texture": "#tauch_atlas" }
			}
		},
		{
			"__comment": "Voxels",
			"from": [ 5.25, 6.75, 8 ],
			"to": [ 10.75, 7.75, 8.5 ],
			"faces": {
				"down": { "uv": [ 4.3125, 2.25, 5.6875, 2.5 ], "texture": "#tauch_atlas" },
				"south": { "uv": [ 2.8125, 7, 4.1875, 7.5 ], "texture": "#tauch_atlas" },
				"west": { "uv": [ 1.25, 2.375, 1.375, 2.875 ], "texture": "#tauch_atlas" },
				"east": { "uv": [ 2.8125, 8.5, 2.6875, 9 ], "texture": "#tauch_atlas" }
			}
		},
		{
			"__comment": "Voxels",
			"from": [ 5.25, 7.25, 6.75 ],
			"to": [ 10.75, 7.75, 7.25 ],
			"faces": {
				"down": { "uv": [ 4.3125, 4, 5.6875, 4.25 ], "texture": "#tauch_atlas" },
				"north": { "uv": [ 5.6875, 3, 4.3125, 3.25 ], "texture": "#tauch_atlas" },
				"west": { "uv": [ 4.1875, 6.75, 4.3125, 7 ], "texture": "#tauch_atlas" },
				"east": { "uv": [ 4.3125, 1.375, 4.1875, 1.625 ], "texture": "#tauch_atlas" }
			}
		},
		{
			"__comment": "Voxels",
			"from": [ 5.25, 7.25, 8.5 ],
			"to": [ 10.75, 7.75, 9 ],
			"faces": {
				"down": { "uv": [ 4.3125, 1.5, 5.6875, 1.75 ], "texture": "#tauch_atlas" },
				"south": { "uv": [ 5.6875, 7.5, 7.0625, 7.75 ], "texture": "#tauch_atlas" },
				"west": { "uv": [ 5.5, 11.25, 5.625, 11.5 ], "texture": "#tauch_atlas" },
				"east": { "uv": [ 5.625, 10.875, 5.5, 11.125 ], "texture": "#tauch_atlas" }
			}
		},
		{
			"__comment": "Voxels",
			"from": [ 5.25, 8, 6.75 ],
			"to": [ 10.75, 8.5, 7.75 ],
			"faces": {
				"up": { "uv": [ 2.8125, 9, 4.1875, 8.5 ], "texture": "#tauch_atlas" },
				"west": { "uv": [ 2.4375, 2.125, 2.6875, 2.375 ], "texture": "#tauch_atlas" },
				"east": { "uv": [ 2.6875, 1.875, 2.4375, 2.125 ], "texture": "#tauch_atlas" }
			}
		},
		{
			"__comment": "Voxels",
			"from": [ 5.25, 8, 8 ],
			"to": [ 11, 8.5, 8.5 ],
			"faces": {
				"up": { "uv": [ 5.6875, 10.25, 7.125, 10 ], "texture": "#tauch_atlas" },
				"north": { "uv": [ 7.125, 9.5, 5.6875, 9.75 ], "texture": "#tauch_atlas" },
				"south": { "uv": [ 5.6875, 8.75, 7.125, 9 ], "texture": "#tauch_atlas" },
				"west": { "uv": [ 5.5625, 9.25, 5.6875, 9.5 ], "texture": "#tauch_atlas" },
				"east": { "uv": [ 5.6875, 8.875, 5.5625, 9.125 ], "texture": "#tauch_atlas" }
			}
		},
		{
			"__comment": "Voxels",
			"from": [ 5.25, 8, 8.5 ],
			"to": [ 10.75, 8.5, 9 ],
			"faces": {
				"up": { "uv": [ 4.3125, 1.5, 5.6875, 1.25 ], "texture": "#tauch_atlas" },
				"west": { "uv": [ 5.5625, 8.5, 5.6875, 8.75 ], "texture": "#tauch_atlas" },
				"east": { "uv": [ 5.6875, 8.125, 5.5625, 8.375 ], "texture": "#tauch_atlas" }
			}
		},
		{
			"__comment": "Voxels",
			"from": [ 5.25, 8.5, 7.25 ],
			"to": [ 10.75, 8.75, 7.75 ],
			"faces": {
				"west": { "uv": [ 7, 2.875, 7.125, 3 ], "texture": "#tauch_atlas" },
				"east": { "uv": [ 7, 2.75, 6.875, 2.875 ], "texture": "#tauch_atlas" }
			}
		},
		{
			"__comment": "Voxels",
			"from": [ 5.25, 8.5, 8 ],
			"to": [ 10.75, 8.75, 8.5 ],
			"faces": {
				"west": { "uv": [ 6.875, 2.875, 7, 3 ], "texture": "#tauch_atlas" },
				"east": { "uv": [ 7.1875, 7.75, 7.0625, 7.875 ], "texture": "#tauch_atlas" }
			}
		},
		{
			"__comment": "Voxels",
			"from": [ 5.5, 5.25, 5.5 ],
			"to": [ 6.25, 6.25, 5.75 ],
			"faces": {
				"down": { "uv": [ 5.5, 11.125, 5.6875, 11.25 ], "texture": "#tauch_atlas" },
				"up": { "uv": [ 5.4375, 6.625, 5.625, 6.5 ], "texture": "#tauch_atlas" },
				"north": { "uv": [ 1.375, 4.75, 1.1875, 5.25 ], "texture": "#tauch_atlas" },
				"south": { "uv": [ 0.9375, 8.125, 1.125, 8.625 ], "texture": "#tauch_atlas" },
				"west": { "uv": [ 9.4375, 9, 9.5, 9.5 ], "texture": "#tauch_atlas" },
				"east": { "uv": [ 9.5, 8.5, 9.4375, 9 ], "texture": "#tauch_atlas" }
			}
		},
		{
			"__comment": "Voxels",
			"from": [ 5.5, 5.25, 5.75 ],
			"to": [ 9.75, 5.5, 6.5 ],
			"faces": {
				"down": { "uv": [ 4.3125, 10.375, 5.375, 10.75 ], "texture": "#tauch_atlas" },
				"up": { "uv": [ 4.3125, 10.375, 5.375, 10 ], "texture": "#tauch_atlas" },
				"north": { "uv": [ 8.25, 5.375, 7.1875, 5.5 ], "texture": "#tauch_atlas" },
				"south": { "uv": [ 7.1875, 5.25, 8.25, 5.375 ], "texture": "#tauch_atlas" },
				"west": { "uv": [ 1.0625, 2.375, 1.25, 2.5 ], "texture": "#tauch_atlas" },
				"east": { "uv": [ 5.625, 6.375, 5.4375, 6.5 ], "texture": "#tauch_atlas" }
			}
		},
		{
			"__comment": "Voxels",
			"from": [ 5.5, 5.25, 9.25 ],
			"to": [ 10, 6.25, 9.5 ],
			"faces": {
				"down": { "uv": [ 8.25, 9.875, 9.375, 10 ], "texture": "#tauch_atlas" },
				"up": { "uv": [ 5.6875, 0.125, 6.8125, 0 ], "texture": "#tauch_atlas" },
				"north": { "uv": [ 3.9375, 5.5, 2.8125, 6 ], "texture": "#tauch_atlas" },
				"south": { "uv": [ 2.8125, 6, 3.9375, 6.5 ], "texture": "#tauch_atlas" },
				"west": { "uv": [ 9.4375, 8, 9.5, 8.5 ], "texture": "#tauch_atlas" },
				"east": { "uv": [ 9.5, 7.5, 9.4375, 8 ], "texture": "#tauch_atlas" }
			}
		},
		{
			"__comment": "Voxels",
			"from": [ 5.5, 5.25, 9.5 ],
			"to": [ 10, 5.5, 9.75 ],
			"faces": {
				"down": { "uv": [ 8.25, 9.5, 9.375, 9.625 ], "texture": "#tauch_atlas" },
				"south": { "uv": [ 8.25, 9.125, 9.375, 9.25 ], "texture": "#tauch_atlas" },
				"west": { "uv": [ 8.0625, 11, 8.125, 11.125 ], "texture": "#tauch_atlas" },
				"east": { "uv": [ 8.125, 11.125, 8.0625, 11.25 ], "texture": "#tauch_atlas" }
			}
		},
		{
			"__comment": "Voxels",
			"from": [ 5.5, 5.25, 9.75 ],
			"to": [ 9.75, 5.5, 10 ],
			"faces": {
				"down": { "uv": [ 7.1875, 8.5, 8.25, 8.625 ], "texture": "#tauch_atlas" },
				"south": { "uv": [ 7.1875, 7.125, 8.25, 7.25 ], "texture": "#tauch_atlas" },
				"west": { "uv": [ 8, 11.125, 8.0625, 11.25 ], "texture": "#tauch_atlas" },
				"east": { "uv": [ 8.25, 11.25, 8.1875, 11.375 ], "texture": "#tauch_atlas" }
			}
		},
		{
			"__comment": "Voxels",
			"from": [ 5.5, 5.25, 10 ],
			"to": [ 6.25, 6.25, 10.25 ],
			"faces": {
				"down": { "uv": [ 7, 5, 7.1875, 5.125 ], "texture": "#tauch_atlas" },
				"up": { "uv": [ 7, 5.25, 7.1875, 5.125 ], "texture": "#tauch_atlas" },
				"north": { "uv": [ 1.3125, 8.125, 1.125, 8.625 ], "texture": "#tauch_atlas" },
				"south": { "uv": [ 1.1875, 5.25, 1.375, 5.75 ], "texture": "#tauch_atlas" },
				"west": { "uv": [ 9.4375, 7, 9.5, 7.5 ], "texture": "#tauch_atlas" },
				"east": { "uv": [ 9.5, 6.5, 9.4375, 7 ], "texture": "#tauch_atlas" }
			}
		},
		{
			"__comment": "Voxels",
			"from": [ 5.5, 5.5, 6.25 ],
			"to": [ 10.25, 6.25, 6.5 ],
			"faces": {
				"down": { "uv": [ 14.8125, 13.5, 16, 13.625 ], "texture": "#tauch_atlas" },
				"up": { "uv": [ 8.25, 12.375, 9.4375, 12.25 ], "texture": "#tauch_atlas" },
				"north": { "uv": [ 5.5, 10.75, 4.3125, 11.125 ], "texture": "#tauch_atlas" },
				"south": { "uv": [ 4.3125, 11.125, 5.5, 11.5 ], "texture": "#tauch_atlas" },
				"west": { "uv": [ 8.125, 0, 8.1875, 0.375 ], "texture": "#tauch_atlas" },
				"east": { "uv": [ 8.125, 0, 8.0625, 0.375 ], "texture": "#tauch_atlas" }
			}
		},
		{
			"__comment": "Voxels",
			"from": [ 5.5, 6, 5.75 ],
			"to": [ 9.75, 6.25, 6.25 ],
			"faces": {
				"up": { "uv": [ 11.4375, 15.75, 12.5, 15.5 ], "texture": "#tauch_atlas" },
				"north": { "uv": [ 8.25, 4.875, 7.1875, 5 ], "texture": "#tauch_atlas" },
				"west": { "uv": [ 5.5625, 7.375, 5.6875, 7.5 ], "texture": "#tauch_atlas" },
				"east": { "uv": [ 5.5625, 7.375, 5.4375, 7.5 ], "texture": "#tauch_atlas" }
			}
		},
		{
			"__comment": "Voxels",
			"from": [ 5.5, 6, 9.5 ],
			"to": [ 10, 6.25, 9.75 ],
			"faces": {
				"up": { "uv": [ 8.25, 10.375, 9.375, 10.25 ], "texture": "#tauch_atlas" },
				"south": { "uv": [ 8.25, 9.75, 9.375, 9.875 ], "texture": "#tauch_atlas" },
				"west": { "uv": [ 8.1875, 11.5, 8.25, 11.625 ], "texture": "#tauch_atlas" },
				"east": { "uv": [ 8.25, 11.75, 8.1875, 11.875 ], "texture": "#tauch_atlas" }
			}
		},
		{
			"__comment": "Voxels",
			"from": [ 5.5, 6, 9.75 ],
			"to": [ 9.75, 6.25, 10 ],
			"faces": {
				"up": { "uv": [ 7.1875, 7.5, 8.25, 7.375 ], "texture": "#tauch_atlas" },
				"south": { "uv": [ 7.1875, 6.125, 8.25, 6.25 ], "texture": "#tauch_atlas" },
				"west": { "uv": [ 8.125, 11.75, 8.1875, 11.875 ], "texture": "#tauch_atlas" },
				"east": { "uv": [ 8.25, 11.875, 8.1875, 12 ], "texture": "#tauch_atlas" }
			}
		},
		{
			"__comment": "Voxels",
			"from": [ 5.5, 7, 9.75 ],
			"to": [ 10, 7.25, 10 ],
			"faces": {
				"down": { "uv": [ 8.25, 9.625, 9.375, 9.75 ], "texture": "#tauch_atlas" },
				"north": { "uv": [ 9.375, 8.875, 8.25, 9 ], "texture": "#tauch_atlas" },
				"south": { "uv": [ 8.25, 12, 9.375, 12.125 ], "texture": "#tauch_atlas" },
				"east": { "uv": [ 8.25, 12.125, 8.1875, 12.25 ], "texture": "#tauch_atlas" }
			}
		},
		{
			"__comment": "Voxels",
			"from": [ 5.75, 5, 6.75 ],
			"to": [ 10, 6, 9 ],
			"faces": {
				"down": { "uv": [ 0, 2.375, 1.0625, 3.5 ], "texture": "#tauch_atlas" },
				"up": { "uv": [ 0, 2.375, 1.0625, 1.25 ], "texture": "#tauch_atlas" },
				"north": { "uv": [ 2.4375, 0.125, 1.375, 0.625 ], "texture": "#tauch_atlas" },
				"south": { "uv": [ 2.8125, 2.75, 3.875, 3.25 ], "texture": "#tauch_atlas" },
				"west": { "uv": [ 2.125, 8.5, 2.6875, 9 ], "texture": "#tauch_atlas" },
				"east": { "uv": [ 2.6875, 9.875, 2.125, 10.375 ], "texture": "#tauch_atlas" }
			}
		},
		{
			"__comment": "Voxels",
			"from": [ 5.75, 5.75, 6.5 ],
			"to": [ 10.25, 6.25, 6.75 ],
			"faces": {
				"down": { "uv": [ 8.25, 11.125, 9.375, 11.25 ], "texture": "#tauch_atlas" },
				"south": { "uv": [ 7.1875, 15.75, 8.3125, 16 ], "texture": "#tauch_atlas" },
				"west": { "uv": [ 7.125, 12, 7.1875, 12.25 ], "texture": "#tauch_atlas" },
				"east": { "uv": [ 7.1875, 12.25, 7.125, 12.5 ], "texture": "#tauch_atlas" }
			}
		},
		{
			"__comment": "Voxels",
			"from": [ 5.75, 5.75, 9 ],
			"to": [ 10.25, 6.25, 9.25 ],
			"faces": {
				"down": { "uv": [ 8.25, 11.75, 9.375, 11.875 ], "texture": "#tauch_atlas" },
				"north": { "uv": [ 6.8125, 1.125, 5.6875, 1.375 ], "texture": "#tauch_atlas" },
				"south": { "uv": [ 5.6875, 1.375, 6.8125, 1.625 ], "texture": "#tauch_atlas" },
				"west": { "uv": [ 5.625, 10.875, 5.6875, 11.125 ], "texture": "#tauch_atlas" },
				"east": { "uv": [ 5.6875, 11.25, 5.625, 11.5 ], "texture": "#tauch_atlas" }
			}
		},
		{
			"__comment": "Voxels",
			"from": [ 5.75, 7, 6 ],
			"to": [ 10.25, 7.25, 6.25 ],
			"faces": {
				"north": { "uv": [ 9.375, 8.5, 8.25, 8.625 ], "texture": "#tauch_atlas" },
				"west": { "uv": [ 8.1875, 12.375, 8.25, 12.5 ], "texture": "#tauch_atlas" },
				"east": { "uv": [ 8.1875, 12.25, 8.125, 12.375 ], "texture": "#tauch_atlas" }
			}
		},
		{
			"__comment": "Voxels",
			"from": [ 5.75, 7, 9.5 ],
			"to": [ 10.25, 7.25, 9.75 ],
			"faces": {
				"south": { "uv": [ 8.25, 11.25, 9.375, 11.375 ], "texture": "#tauch_atlas" },
				"west": { "uv": [ 8.125, 12.375, 8.1875, 12.5 ], "texture": "#tauch_atlas" },
				"east": { "uv": [ 8.125, 12.25, 8.0625, 12.375 ], "texture": "#tauch_atlas" }
			}
		},
		{
			"__comment": "Voxels",
			"from": [ 5.75, 9.25, 6.5 ],
			"to": [ 10.5, 9.75, 6.75 ],
			"faces": {
				"up": { "uv": [ 14.8125, 13.5, 16, 13.375 ], "texture": "#tauch_atlas" },
				"north": { "uv": [ 6.875, 3.5, 5.6875, 3.75 ], "texture": "#tauch_atlas" },
				"south": { "uv": [ 5.6875, 3.25, 6.875, 3.5 ], "texture": "#tauch_atlas" },
				"west": { "uv": [ 4.25, 10.625, 4.3125, 10.875 ], "texture": "#tauch_atlas" },
				"east": { "uv": [ 4.3125, 10.875, 4.25, 11.125 ], "texture": "#tauch_atlas" }
			}
		},
		{
			"__comment": "Voxels",
			"from": [ 5.75, 9.25, 9 ],
			"to": [ 10.5, 9.75, 9.25 ],
			"faces": {
				"up": { "uv": [ 8.25, 13.125, 9.4375, 13 ], "texture": "#tauch_atlas" },
				"north": { "uv": [ 6.875, 2.25, 5.6875, 2.5 ], "texture": "#tauch_atlas" },
				"south": { "uv": [ 5.6875, 3, 6.875, 3.25 ], "texture": "#tauch_atlas" },
				"west": { "uv": [ 4.25, 11.25, 4.3125, 11.5 ], "texture": "#tauch_atlas" },
				"east": { "uv": [ 4.3125, 11.5, 4.25, 11.75 ], "texture": "#tauch_atlas" }
			}
		},
		{
			"__comment": "Voxels",
			"from": [ 5.75, 9.5, 6.75 ],
			"to": [ 10.5, 9.75, 9 ],
			"faces": {
				"up": { "uv": [ 0, 4.625, 1.1875, 3.5 ], "texture": "#tauch_atlas" },
				"west": { "uv": [ 8.875, 1.375, 9.4375, 1.5 ], "texture": "#tauch_atlas" },
				"east": { "uv": [ 9.4375, 1.5, 8.875, 1.625 ], "texture": "#tauch_atlas" }
			}
		},
		{
			"__comment": "Voxels",
			"from": [ 5.75, 9.75, 6.5 ],
			"to": [ 10.25, 10, 9.25 ],
			"faces": {
				"down": { "uv": [ 0, 13.5, 1.125, 14.875 ], "texture": "#tauch_atlas" },
				"up": { "uv": [ 0, 12.375, 1.125, 11 ], "texture": "#tauch_atlas" },
				"north": { "uv": [ 9.375, 10.875, 8.25, 11 ], "texture": "#tauch_atlas" },
				"south": { "uv": [ 8.25, 10.75, 9.375, 10.875 ], "texture": "#tauch_atlas" },
				"west": { "uv": [ 8.25, 2.625, 8.9375, 2.75 ], "texture": "#tauch_atlas" },
				"east": { "uv": [ 8.9375, 2.75, 8.25, 2.875 ], "texture": "#tauch_atlas" }
			}
		},
		{
			"__comment": "Voxels",
			"from": [ 5.75, 10, 7 ],
			"to": [ 10, 10.25, 8.75 ],
			"faces": {
				"up": { "uv": [ 1.375, 1.5, 2.4375, 0.625 ], "texture": "#tauch_atlas" },
				"north": { "uv": [ 8.25, 7.875, 7.1875, 8 ], "texture": "#tauch_atlas" },
				"south": { "uv": [ 7.1875, 7.75, 8.25, 7.875 ], "texture": "#tauch_atlas" },
				"west": { "uv": [ 5.25, 5, 5.6875, 5.125 ], "texture": "#tauch_atlas" },
				"east": { "uv": [ 5.6875, 5.375, 5.25, 5.5 ], "texture": "#tauch_atlas" }
			}
		},
		{
			"__comment": "Voxels",
			"from": [ 6, 5, 6.25 ],
			"to": [ 10, 5.25, 6.75 ],
			"faces": {
				"down": { "uv": [ 7.1875, 14.75, 8.1875, 15 ], "texture": "#tauch_atlas" },
				"up": { "uv": [ 7.1875, 15.25, 8.1875, 15 ], "texture": "#tauch_atlas" },
				"north": { "uv": [ 8.1875, 4.75, 7.1875, 4.875 ], "texture": "#tauch_atlas" },
				"west": { "uv": [ 2.6875, 9.75, 2.8125, 9.875 ], "texture": "#tauch_atlas" },
				"east": { "uv": [ 1.375, 0, 1.25, 0.125 ], "texture": "#tauch_atlas" }
			}
		},
		{
			"__comment": "Voxels",
			"from": [ 6, 5, 9 ],
			"to": [ 10, 5.75, 9.25 ],
			"faces": {
				"down": { "uv": [ 7.1875, 4.5, 8.1875, 4.625 ], "texture": "#tauch_atlas" },
				"south": { "uv": [ 4.3125, 7.75, 5.3125, 8.125 ], "texture": "#tauch_atlas" },
				"west": { "uv": [ 9.4375, 0.875, 9.5, 1.25 ], "texture": "#tauch_atlas" },
				"east": { "uv": [ 9.5, 1.625, 9.4375, 2 ], "texture": "#tauch_atlas" }
			}
		},
		{
			"__comment": "Voxels",
			"from": [ 6, 5, 9.25 ],
			"to": [ 10, 5.25, 9.5 ],
			"faces": {
				"down": { "uv": [ 7.1875, 4.25, 8.1875, 4.375 ], "texture": "#tauch_atlas" },
				"south": { "uv": [ 7.1875, 4.125, 8.1875, 4.25 ], "texture": "#tauch_atlas" },
				"west": { "uv": [ 8.0625, 14, 8.125, 14.125 ], "texture": "#tauch_atlas" },
				"east": { "uv": [ 8.25, 14.125, 8.1875, 14.25 ], "texture": "#tauch_atlas" }
			}
		},
		{
			"__comment": "Voxels",
			"from": [ 6, 5.25, 6.5 ],
			"to": [ 10, 5.75, 6.75 ],
			"faces": {
				"north": { "uv": [ 8.1875, 14.5, 7.1875, 14.75 ], "texture": "#tauch_atlas" },
				"west": { "uv": [ 7.0625, 2, 7.125, 2.25 ], "texture": "#tauch_atlas" },
				"east": { "uv": [ 7.0625, 2, 7, 2.25 ], "texture": "#tauch_atlas" }
			}
		},
		{
			"__comment": "Voxels",
			"from": [ 6, 6.25, 6 ],
			"to": [ 10.25, 6.75, 6.25 ],
			"faces": {
				"down": { "uv": [ 7.1875, 5.125, 8.25, 5.25 ], "texture": "#tauch_atlas" },
				"north": { "uv": [ 13.5625, 15.5, 12.5, 15.75 ], "texture": "#tauch_atlas" },
				"south": { "uv": [ 13.5625, 15.5, 14.625, 15.75 ], "texture": "#tauch_atlas" },
				"west": { "uv": [ 6.9375, 2.5, 7, 2.75 ], "texture": "#tauch_atlas" },
				"east": { "uv": [ 6.9375, 2.5, 6.875, 2.75 ], "texture": "#tauch_atlas" }
			}
		},
		{
			"__comment": "Voxels",
			"from": [ 6, 6.25, 6.25 ],
			"to": [ 10.25, 6.5, 6.5 ],
			"faces": {
				"west": { "uv": [ 6.875, 0, 6.9375, 0.125 ], "texture": "#tauch_atlas" },
				"east": { "uv": [ 2.8125, 0.375, 2.75, 0.5 ], "texture": "#tauch_atlas" }
			}
		},
		{
			"__comment": "Voxels",
			"from": [ 6, 6.25, 9.25 ],
			"to": [ 10.25, 6.5, 9.75 ],
			"faces": {
				"down": { "uv": [ 14.625, 15.5, 15.6875, 15.75 ], "texture": "#tauch_atlas" },
				"up": { "uv": [ 9.3125, 15.75, 10.375, 15.5 ], "texture": "#tauch_atlas" },
				"south": { "uv": [ 7.1875, 7.5, 8.25, 7.625 ], "texture": "#tauch_atlas" },
				"west": { "uv": [ 7.0625, 3, 7.1875, 3.125 ], "texture": "#tauch_atlas" },
				"east": { "uv": [ 7.1875, 7.625, 7.0625, 7.75 ], "texture": "#tauch_atlas" }
			}
		},
		{
			"__comment": "Voxels",
			"from": [ 6, 6.5, 9.5 ],
			"to": [ 10.25, 6.75, 9.75 ],
			"faces": {
				"south": { "uv": [ 1.375, 0, 2.4375, 0.125 ], "texture": "#tauch_atlas" },
				"west": { "uv": [ 1.0625, 0, 1.125, 0.125 ], "texture": "#tauch_atlas" },
				"east": { "uv": [ 8.25, 1.875, 8.1875, 2 ], "texture": "#tauch_atlas" }
			}
		},
		{
			"__comment": "Voxels",
			"from": [ 6, 7, 5.25 ],
			"to": [ 9.5, 9.25, 5.75 ],
			"faces": {
				"down": { "uv": [ 7.1875, 14, 8.0625, 14.25 ], "texture": "#tauch_atlas" },
				"up": { "uv": [ 7.1875, 13.5, 8.0625, 13.25 ], "texture": "#tauch_atlas" },
				"north": { "uv": [ 2.25, 3.875, 1.375, 5 ], "texture": "#tauch_atlas" },
				"south": { "uv": [ 1.375, 5, 2.25, 6.125 ], "texture": "#tauch_atlas" },
				"west": { "uv": [ 1.25, 13.75, 1.375, 14.875 ], "texture": "#tauch_atlas" },
				"east": { "uv": [ 1.25, 13.75, 1.125, 14.875 ], "texture": "#tauch_atlas" }
			}
		},
		{
			"__comment": "Voxels",
			"from": [ 6, 7, 10 ],
			"to": [ 9.75, 9.25, 10.25 ],
			"faces": {
				"down": { "uv": [ 7.1875, 1.75, 8.125, 1.875 ], "texture": "#tauch_atlas" },
				"up": { "uv": [ 7.1875, 1.375, 8.125, 1.25 ], "texture": "#tauch_atlas" },
				"north": { "uv": [ 2.3125, 11.125, 1.375, 12.25 ], "texture": "#tauch_atlas" },
				"south": { "uv": [ 0, 0.125, 0.9375, 1.25 ], "texture": "#tauch_atlas" },
				"west": { "uv": [ 2.5625, 0.375, 2.625, 1.5 ], "texture": "#tauch_atlas" },
				"east": { "uv": [ 2.6875, 0.375, 2.625, 1.5 ], "texture": "#tauch_atlas" }
			}
		},
		{
			"__comment": "Voxels",
			"from": [ 6, 7, 10.25 ],
			"to": [ 9.5, 9.25, 10.5 ],
			"faces": {
				"down": { "uv": [ 7.1875, 0.5, 8.0625, 0.625 ], "texture": "#tauch_atlas" },
				"up": { "uv": [ 7.1875, 0.375, 8.0625, 0.25 ], "texture": "#tauch_atlas" },
				"south": { "uv": [ 1.375, 7.25, 2.25, 8.375 ], "texture": "#tauch_atlas" },
				"west": { "uv": [ 2.6875, 0.375, 2.75, 1.5 ], "texture": "#tauch_atlas" },
				"east": { "uv": [ 1, 0.125, 0.9375, 1.25 ], "texture": "#tauch_atlas" }
			}
		},
		{
			"__comment": "Voxels",
			"from": [ 6, 8.5, 5.75 ],
			"to": [ 10, 9.25, 6 ],
			"faces": {
				"up": { "uv": [ 7.1875, 3.625, 8.1875, 3.5 ], "texture": "#tauch_atlas" },
				"north": { "uv": [ 5.3125, 8.5, 4.3125, 8.875 ], "texture": "#tauch_atlas" },
				"west": { "uv": [ 4.25, 5.125, 4.3125, 5.5 ], "texture": "#tauch_atlas" },
				"east": { "uv": [ 2.8125, 2.375, 2.75, 2.75 ], "texture": "#tauch_atlas" }
			}
		},
		{
			"__comment": "Voxels",
			"from": [ 6, 8.5, 9.75 ],
			"to": [ 10, 9.25, 10 ],
			"faces": {
				"up": { "uv": [ 7.1875, 3, 8.1875, 2.875 ], "texture": "#tauch_atlas" },
				"south": { "uv": [ 4.3125, 9.25, 5.3125, 9.625 ], "texture": "#tauch_atlas" },
				"west": { "uv": [ 2.75, 2.75, 2.8125, 3.125 ], "texture": "#tauch_atlas" },
				"east": { "uv": [ 1.375, 7.75, 1.3125, 8.125 ], "texture": "#tauch_atlas" }
			}
		},
		{
			"__comment": "Voxels",
			"from": [ 6, 9.25, 6 ],
			"to": [ 10.25, 9.75, 6.5 ],
			"faces": {
				"up": { "uv": [ 7.1875, 15.75, 8.25, 15.5 ], "texture": "#tauch_atlas" },
				"north": { "uv": [ 8.25, 15.25, 7.1875, 15.5 ], "texture": "#tauch_atlas" },
				"west": { "uv": [ 5.5625, 7.75, 5.6875, 8 ], "texture": "#tauch_atlas" },
				"east": { "uv": [ 5.4375, 7.5, 5.3125, 7.75 ], "texture": "#tauch_atlas" }
			}
		},
		{
			"__comment": "Voxels",
			"from": [ 6, 9.25, 9.25 ],
			"to": [ 10.5, 9.75, 9.5 ],
			"faces": {
				"up": { "uv": [ 8.25, 11.125, 9.375, 11 ], "texture": "#tauch_atlas" },
				"south": { "uv": [ 10.5625, 15.75, 11.6875, 16 ], "texture": "#tauch_atlas" },
				"west": { "uv": [ 7.125, 9, 7.1875, 9.25 ], "texture": "#tauch_atlas" },
				"east": { "uv": [ 7.1875, 10, 7.125, 10.25 ], "texture": "#tauch_atlas" }
			}
		},
		{
			"__comment": "Voxels",
			"from": [ 6, 9.25, 9.5 ],
			"to": [ 10.25, 9.75, 9.75 ],
			"faces": {
				"up": { "uv": [ 7.1875, 5.625, 8.25, 5.5 ], "texture": "#tauch_atlas" },
				"south": { "uv": [ 8.25, 15.5, 9.3125, 15.75 ], "texture": "#tauch_atlas" },
				"west": { "uv": [ 15.875, 15.5, 15.9375, 15.75 ], "texture": "#tauch_atlas" },
				"east": { "uv": [ 7.125, 0, 7.0625, 0.25 ], "texture": "#tauch_atlas" }
			}
		},
		{
			"__comment": "Voxels",
			"from": [ 6, 9.75, 6.25 ],
			"to": [ 10.25, 10, 6.5 ],
			"faces": {
				"up": { "uv": [ 7.1875, 5.125, 8.25, 5 ], "texture": "#tauch_atlas" },
				"north": { "uv": [ 8.25, 5.625, 7.1875, 5.75 ], "texture": "#tauch_atlas" },
				"west": { "uv": [ 8, 9.25, 8.0625, 9.375 ], "texture": "#tauch_atlas" },
				"east": { "uv": [ 8.1875, 9.625, 8.125, 9.75 ], "texture": "#tauch_atlas" }
			}
		},
		{
			"__comment": "Voxels",
			"from": [ 6, 9.75, 9.25 ],
			"to": [ 10.25, 10, 9.5 ],
			"faces": {
				"up": { "uv": [ 7.1875, 8.875, 8.25, 8.75 ], "texture": "#tauch_atlas" },
				"south": { "uv": [ 7.1875, 5.75, 8.25, 5.875 ], "texture": "#tauch_atlas" },
				"west": { "uv": [ 8.1875, 11.625, 8.25, 11.75 ], "texture": "#tauch_atlas" },
				"east": { "uv": [ 8.1875, 11.5, 8.125, 11.625 ], "texture": "#tauch_atlas" }
			}
		},
		{
			"__comment": "Voxels",
			"from": [ 6, 10, 6.25 ],
			"to": [ 10, 10.25, 7 ],
			"faces": {
				"down": { "uv": [ 4.3125, 6.25, 5.3125, 6.625 ], "texture": "#tauch_atlas" },
				"up": { "uv": [ 4.3125, 8.5, 5.3125, 8.125 ], "texture": "#tauch_atlas" },
				"north": { "uv": [ 8.1875, 3.125, 7.1875, 3.25 ], "texture": "#tauch_atlas" },
				"west": { "uv": [ 6.875, 3.25, 7.0625, 3.375 ], "texture": "#tauch_atlas" },
				"east": { "uv": [ 1.375, 4.625, 1.1875, 4.75 ], "texture": "#tauch_atlas" }
			}
		},
		{
			"__comment": "Voxels",
			"from": [ 6, 10, 8.75 ],
			"to": [ 10, 10.25, 9.5 ],
			"faces": {
				"down": { "uv": [ 4.3125, 8.875, 5.3125, 9.25 ], "texture": "#tauch_atlas" },
				"up": { "uv": [ 4.3125, 7.375, 5.3125, 7 ], "texture": "#tauch_atlas" },
				"south": { "uv": [ 7.1875, 3.25, 8.1875, 3.375 ], "texture": "#tauch_atlas" },
				"west": { "uv": [ 5.5, 10.75, 5.6875, 10.875 ], "texture": "#tauch_atlas" },
				"east": { "uv": [ 5.625, 7, 5.4375, 7.125 ], "texture": "#tauch_atlas" }
			}
		},
		{
			"__comment": "Voxels",
			"from": [ 6, 10.25, 6.25 ],
			"to": [ 9.75, 10.5, 9.5 ],
			"faces": {
				"down": { "uv": [ 0, 9.375, 0.9375, 11 ], "texture": "#tauch_atlas" },
				"up": { "uv": [ 0, 9.375, 0.9375, 7.75 ], "texture": "#tauch_atlas" },
				"north": { "uv": [ 8.125, 2.375, 7.1875, 2.5 ], "texture": "#tauch_atlas" },
				"south": { "uv": [ 7.1875, 2.25, 8.125, 2.375 ], "texture": "#tauch_atlas" },
				"west": { "uv": [ 8.25, 6.75, 9.0625, 6.875 ], "texture": "#tauch_atlas" },
				"east": { "uv": [ 9.0625, 7.25, 8.25, 7.375 ], "texture": "#tauch_atlas" }
			}
		},
		{
			"__comment": "Voxels",
			"from": [ 6.25, 5, 5.75 ],
			"to": [ 9.75, 5.25, 6.25 ],
			"faces": {
				"down": { "uv": [ 7.1875, 12.25, 8.0625, 12.5 ], "texture": "#tauch_atlas" },
				"north": { "uv": [ 8.0625, 0.875, 7.1875, 1 ], "texture": "#tauch_atlas" },
				"west": { "uv": [ 7, 2.75, 7.125, 2.875 ], "texture": "#tauch_atlas" },
				"east": { "uv": [ 7, 2, 6.875, 2.125 ], "texture": "#tauch_atlas" }
			}
		},
		{
			"__comment": "Voxels",
			"from": [ 6.25, 5, 9.5 ],
			"to": [ 10, 5.25, 9.75 ],
			"faces": {
				"down": { "uv": [ 7.1875, 1.875, 8.125, 2 ], "texture": "#tauch_atlas" },
				"south": { "uv": [ 7.1875, 2.125, 8.125, 2.25 ], "texture": "#tauch_atlas" },
				"west": { "uv": [ 8.125, 14, 8.1875, 14.125 ], "texture": "#tauch_atlas" },
				"east": { "uv": [ 8.25, 12.75, 8.1875, 12.875 ], "texture": "#tauch_atlas" }
			}
		},
		{
			"__comment": "Voxels",
			"from": [ 6.25, 5, 9.75 ],
			"to": [ 9.75, 5.25, 10 ],
			"faces": {
				"down": { "uv": [ 8.25, 7.75, 9.125, 7.875 ], "texture": "#tauch_atlas" },
				"south": { "uv": [ 8.25, 8.125, 9.125, 8.25 ], "texture": "#tauch_atlas" },
				"west": { "uv": [ 8.0625, 12.625, 8.125, 12.75 ], "texture": "#tauch_atlas" },
				"east": { "uv": [ 8.25, 12.625, 8.1875, 12.75 ], "texture": "#tauch_atlas" }
			}
		},
		{
			"__comment": "Voxels",
			"from": [ 6.25, 6.25, 5.75 ],
			"to": [ 10, 7, 6 ],
			"faces": {
				"down": { "uv": [ 7.1875, 2.5, 8.125, 2.625 ], "texture": "#tauch_atlas" },
				"north": { "uv": [ 5.25, 5.5, 4.3125, 5.875 ], "texture": "#tauch_atlas" },
				"south": { "uv": [ 4.3125, 5.875, 5.25, 6.25 ], "texture": "#tauch_atlas" },
				"west": { "uv": [ 4.25, 3.625, 4.3125, 4 ], "texture": "#tauch_atlas" },
				"east": { "uv": [ 4.3125, 0.125, 4.25, 0.5 ], "texture": "#tauch_atlas" }
			}
		},
		{
			"__comment": "Voxels",
			"from": [ 6.25, 6.25, 9.75 ],
			"to": [ 10, 7, 10 ],
			"faces": {
				"down": { "uv": [ 7.1875, 1.5, 8.125, 1.625 ], "texture": "#tauch_atlas" },
				"north": { "uv": [ 5.25, 5.125, 4.3125, 5.5 ], "texture": "#tauch_atlas" },
				"south": { "uv": [ 4.3125, 4.75, 5.25, 5.125 ], "texture": "#tauch_atlas" },
				"west": { "uv": [ 5.625, 12.625, 5.6875, 13 ], "texture": "#tauch_atlas" },
				"east": { "uv": [ 5.6875, 11.5, 5.625, 11.875 ], "texture": "#tauch_atlas" }
			}
		},
		{
			"__comment": "Voxels",
			"from": [ 6.25, 6.5, 5.5 ],
			"to": [ 9.75, 7, 5.75 ],
			"faces": {
				"down": { "uv": [ 15.125, 13.625, 16, 13.75 ], "texture": "#tauch_atlas" },
				"up": { "uv": [ 8.25, 8.375, 9.125, 8.25 ], "texture": "#tauch_atlas" },
				"north": { "uv": [ 8.0625, 12.75, 7.1875, 13 ], "texture": "#tauch_atlas" },
				"west": { "uv": [ 7.125, 11.75, 7.1875, 12 ], "texture": "#tauch_atlas" },
				"east": { "uv": [ 7.1875, 11.5, 7.125, 11.75 ], "texture": "#tauch_atlas" }
			}
		},
		{
			"__comment": "Voxels",
			"from": [ 6.25, 6.5, 10 ],
			"to": [ 9.75, 7, 10.25 ],
			"faces": {
				"down": { "uv": [ 7.1875, 1.125, 8.0625, 1.25 ], "texture": "#tauch_atlas" },
				"south": { "uv": [ 7.1875, 13.75, 8.0625, 14 ], "texture": "#tauch_atlas" },
				"west": { "uv": [ 7.125, 11.25, 7.1875, 11.5 ], "texture": "#tauch_atlas" },
				"east": { "uv": [ 7.1875, 11, 7.125, 11.25 ], "texture": "#tauch_atlas" }
			}
		},
		{
			"__comment": "Voxels",
			"from": [ 6.25, 7, 5 ],
			"to": [ 9, 8.5, 5.25 ],
			"faces": {
				"down": { "uv": [ 8.25, 2.875, 8.9375, 3 ], "texture": "#tauch_atlas" },
				"up": { "uv": [ 8.25, 3.75, 8.9375, 3.625 ], "texture": "#tauch_atlas" },
				"north": { "uv": [ 4.1875, 0.5, 3.5, 1.25 ], "texture": "#tauch_atlas" },
				"west": { "uv": [ 4.25, 1.625, 4.3125, 2.375 ], "texture": "#tauch_atlas" },
				"east": { "uv": [ 4.25, 0.5, 4.1875, 1.25 ], "texture": "#tauch_atlas" }
			}
		},
		{
			"__comment": "Voxels",
			"from": [ 6.25, 7, 10.5 ],
			"to": [ 9, 8.5, 10.75 ],
			"faces": {
				"down": { "uv": [ 8.25, 3.25, 8.9375, 3.375 ], "texture": "#tauch_atlas" },
				"up": { "uv": [ 8.25, 3.25, 8.9375, 3.125 ], "texture": "#tauch_atlas" },
				"south": { "uv": [ 2.125, 10.375, 2.8125, 11.125 ], "texture": "#tauch_atlas" },
				"west": { "uv": [ 6.875, 0.125, 6.9375, 0.875 ], "texture": "#tauch_atlas" },
				"east": { "uv": [ 4.25, 1.625, 4.1875, 2.375 ], "texture": "#tauch_atlas" }
			}
		},
		{
			"__comment": "Voxels",
			"from": [ 6.25, 8.5, 5 ],
			"to": [ 6.75, 9.25, 5.25 ],
			"faces": {
				"up": { "uv": [ 5.3125, 6.375, 5.4375, 6.25 ], "texture": "#tauch_atlas" },
				"north": { "uv": [ 2.75, 2.375, 2.625, 2.75 ], "texture": "#tauch_atlas" },
				"west": { "uv": [ 5.625, 13, 5.6875, 13.375 ], "texture": "#tauch_atlas" },
				"east": { "uv": [ 9.5, 1.25, 9.4375, 1.625 ], "texture": "#tauch_atlas" }
			}
		},
		{
			"__comment": "Voxels",
			"from": [ 6.25, 8.5, 10.5 ],
			"to": [ 6.75, 9.25, 10.75 ],
			"faces": {
				"up": { "uv": [ 7.0625, 8, 7.1875, 7.875 ], "texture": "#tauch_atlas" },
				"south": { "uv": [ 2.6875, 1.5, 2.8125, 1.875 ], "texture": "#tauch_atlas" },
				"west": { "uv": [ 4.25, 4.375, 4.3125, 4.75 ], "texture": "#tauch_atlas" },
				"east": { "uv": [ 4.3125, 3.25, 4.25, 3.625 ], "texture": "#tauch_atlas" }
			}
		},
		{
			"__comment": "Voxels",
			"from": [ 6.25, 10.5, 6.5 ],
			"to": [ 9.25, 10.75, 9.25 ],
			"faces": {
				"up": { "uv": [ 1.375, 11.125, 2.125, 9.75 ], "texture": "#tauch_atlas" },
				"north": { "uv": [ 9, 5.75, 8.25, 5.875 ], "texture": "#tauch_atlas" },
				"south": { "uv": [ 6.4375, 1.875, 7.1875, 2 ], "texture": "#tauch_atlas" },
				"west": { "uv": [ 8.25, 3, 8.9375, 3.125 ], "texture": "#tauch_atlas" },
				"east": { "uv": [ 8.9375, 3.375, 8.25, 3.5 ], "texture": "#tauch_atlas" }
			}
		},
		{
			"__comment": "Voxels",
			"from": [ 6.5, 6.75, 5 ],
			"to": [ 9, 7, 5.5 ],
			"faces": {
				"down": { "uv": [ 2.8125, 0.25, 3.4375, 0.5 ], "texture": "#tauch_atlas" },
				"up": { "uv": [ 2.8125, 0.25, 3.4375, 0 ], "texture": "#tauch_atlas" },
				"north": { "uv": [ 8.875, 2.25, 8.25, 2.375 ], "texture": "#tauch_atlas" },
				"west": { "uv": [ 4.1875, 2.375, 4.3125, 2.5 ], "texture": "#tauch_atlas" },
				"east": { "uv": [ 5.6875, 9.625, 5.5625, 9.75 ], "texture": "#tauch_atlas" }
			}
		},
		{
			"__comment": "Voxels",
			"from": [ 6.5, 6.75, 10.25 ],
			"to": [ 9.5, 7, 10.5 ],
			"faces": {
				"down": { "uv": [ 8.25, 5, 9, 5.125 ], "texture": "#tauch_atlas" },
				"south": { "uv": [ 8.25, 5.625, 9, 5.75 ], "texture": "#tauch_atlas" },
				"west": { "uv": [ 8, 10.25, 8.0625, 10.375 ], "texture": "#tauch_atlas" },
				"east": { "uv": [ 8.125, 10.375, 8.0625, 10.5 ], "texture": "#tauch_atlas" }
			}
		},
		{
			"__comment": "Voxels",
			"from": [ 6.5, 6.75, 10.5 ],
			"to": [ 9, 7, 10.75 ],
			"faces": {
				"down": { "uv": [ 8.25, 1.375, 8.875, 1.5 ], "texture": "#tauch_atlas" },
				"south": { "uv": [ 8.25, 2.5, 8.875, 2.625 ], "texture": "#tauch_atlas" },
				"west": { "uv": [ 8.1875, 10.125, 8.25, 10.25 ], "texture": "#tauch_atlas" },
				"east": { "uv": [ 8.125, 9.875, 8.0625, 10 ], "texture": "#tauch_atlas" }
			}
		},
		{
			"__comment": "Voxels",
			"from": [ 6.5, 7.25, 4.5 ],
			"to": [ 8.5, 7.5, 5 ],
			"faces": {
				"down": { "uv": [ 2.3125, 11.125, 2.8125, 11.375 ], "texture": "#tauch_atlas" },
				"up": { "uv": [ 2.25, 4.25, 2.75, 4 ], "texture": "#tauch_atlas" },
				"north": { "uv": [ 11.4375, 13, 10.9375, 13.125 ], "texture": "#tauch_atlas" },
				"west": { "uv": [ 7.0625, 8.25, 7.1875, 8.375 ], "texture": "#tauch_atlas" },
				"east": { "uv": [ 7, 2.125, 6.875, 2.25 ], "texture": "#tauch_atlas" }
			}
		},
		{
			"__comment": "Voxels",
			"from": [ 6.5, 7.25, 10.75 ],
			"to": [ 8.5, 9, 11 ],
			"faces": {
				"down": { "uv": [ 8.25, 0.75, 8.75, 0.875 ], "texture": "#tauch_atlas" },
				"up": { "uv": [ 9.4375, 13.125, 9.9375, 13 ], "texture": "#tauch_atlas" },
				"north": { "uv": [ 2.75, 7.5, 2.25, 8.375 ], "texture": "#tauch_atlas" },
				"south": { "uv": [ 2.3125, 11.375, 2.8125, 12.25 ], "texture": "#tauch_atlas" },
				"west": { "uv": [ 2.75, 7.5, 2.8125, 8.375 ], "texture": "#tauch_atlas" },
				"east": { "uv": [ 6.875, 0, 6.8125, 0.875 ], "texture": "#tauch_atlas" }
			}
		},
		{
			"__comment": "Voxels",
			"from": [ 6.5, 7.25, 11 ],
			"to": [ 8.5, 7.5, 11.25 ],
			"faces": {
				"down": { "uv": [ 8.25, 0, 8.75, 0.125 ], "texture": "#tauch_atlas" },
				"up": { "uv": [ 8.25, 0.25, 8.75, 0.125 ], "texture": "#tauch_atlas" },
				"south": { "uv": [ 8.25, 0.375, 8.75, 0.5 ], "texture": "#tauch_atlas" },
				"west": { "uv": [ 8.125, 9.25, 8.1875, 9.375 ], "texture": "#tauch_atlas" },
				"east": { "uv": [ 8.25, 9.25, 8.1875, 9.375 ], "texture": "#tauch_atlas" }
			}
		},
		{
			"__comment": "Voxels",
			"from": [ 6.5, 7.5, 4.5 ],
			"to": [ 6.75, 8.75, 5 ],
			"faces": {
				"up": { "uv": [ 7.125, 9.5, 7.1875, 9.25 ], "texture": "#tauch_atlas" },
				"north": { "uv": [ 4.25, 11.75, 4.1875, 12.375 ], "texture": "#tauch_atlas" },
				"south": { "uv": [ 7.0625, 0.25, 7.125, 0.875 ], "texture": "#tauch_atlas" },
				"west": { "uv": [ 1.1875, 1.75, 1.3125, 2.375 ], "texture": "#tauch_atlas" },
				"east": { "uv": [ 1.1875, 1.75, 1.0625, 2.375 ], "texture": "#tauch_atlas" }
			}
		},
		{
			"__comment": "Voxels",
			"from": [ 6.5, 7.5, 11 ],
			"to": [ 6.75, 8.75, 11.25 ],
			"faces": {
				"up": { "uv": [ 1.1875, 0.125, 1.25, 0 ], "texture": "#tauch_atlas" },
				"south": { "uv": [ 9.375, 0.5, 9.4375, 1.125 ], "texture": "#tauch_atlas" },
				"west": { "uv": [ 9.4375, 12.375, 9.5, 13 ], "texture": "#tauch_atlas" },
				"east": { "uv": [ 9.5, 11.125, 9.4375, 11.75 ], "texture": "#tauch_atlas" }
			}
		},
		{
			"__comment": "Voxels",
			"from": [ 6.5, 8.75, 4.75 ],
			"to": [ 8.5, 9, 5 ],
			"faces": {
				"down": { "uv": [ 8.875, 1.125, 9.375, 1.25 ], "texture": "#tauch_atlas" },
				"up": { "uv": [ 8.875, 1.375, 9.375, 1.25 ], "texture": "#tauch_atlas" },
				"north": { "uv": [ 9.4375, 2.625, 8.9375, 2.75 ], "texture": "#tauch_atlas" },
				"south": { "uv": [ 8.9375, 4, 9.4375, 4.125 ], "texture": "#tauch_atlas" },
				"west": { "uv": [ 8.0625, 11.75, 8.125, 11.875 ], "texture": "#tauch_atlas" },
				"east": { "uv": [ 8.1875, 11.875, 8.125, 12 ], "texture": "#tauch_atlas" }
			}
		},
		{
			"__comment": "Voxels",
			"from": [ 6.5, 9.25, 5.5 ],
			"to": [ 9.75, 9.75, 6 ],
			"faces": {
				"down": { "uv": [ 7.1875, 10.25, 8, 10.5 ], "texture": "#tauch_atlas" },
				"up": { "uv": [ 7.1875, 10.75, 8, 10.5 ], "texture": "#tauch_atlas" },
				"north": { "uv": [ 8, 10.75, 7.1875, 11 ], "texture": "#tauch_atlas" },
				"west": { "uv": [ 5.4375, 7.5, 5.5625, 7.75 ], "texture": "#tauch_atlas" },
				"east": { "uv": [ 5.6875, 7.5, 5.5625, 7.75 ], "texture": "#tauch_atlas" }
			}
		},
		{
			"__comment": "Voxels",
			"from": [ 6.5, 9.25, 9.75 ],
			"to": [ 10, 9.75, 10 ],
			"faces": {
				"up": { "uv": [ 7.1875, 0.875, 8.0625, 0.75 ], "texture": "#tauch_atlas" },
				"south": { "uv": [ 7.1875, 13, 8.0625, 13.25 ], "texture": "#tauch_atlas" },
				"west": { "uv": [ 6.9375, 3, 7, 3.25 ], "texture": "#tauch_atlas" },
				"east": { "uv": [ 7.0625, 3, 7, 3.25 ], "texture": "#tauch_atlas" }
			}
		},
		{
			"__comment": "Voxels",
			"from": [ 6.5, 9.25, 10 ],
			"to": [ 9.75, 9.75, 10.25 ],
			"faces": {
				"up": { "uv": [ 8.25, 6.625, 9.0625, 6.5 ], "texture": "#tauch_atlas" },
				"south": { "uv": [ 7.1875, 9.25, 8, 9.5 ], "texture": "#tauch_atlas" },
				"west": { "uv": [ 7, 2.5, 7.0625, 2.75 ], "texture": "#tauch_atlas" },
				"east": { "uv": [ 7.125, 2.5, 7.0625, 2.75 ], "texture": "#tauch_atlas" }
			}
		},
		{
			"__comment": "Voxels",
			"from": [ 6.5, 10.75, 6.75 ],
			"to": [ 7.75, 11, 7 ],
			"faces": {
				"up": { "uv": [ 5.375, 10.125, 5.6875, 10 ], "texture": "#tauch_atlas" },
				"north": { "uv": [ 5.6875, 10.5, 5.375, 10.625 ], "texture": "#tauch_atlas" },
				"south": { "uv": [ 5.375, 10.625, 5.6875, 10.75 ], "texture": "#tauch_atlas" },
				"west": { "uv": [ 8.1875, 10.5, 8.25, 10.625 ], "texture": "#tauch_atlas" },
				"east": { "uv": [ 8.0625, 10.375, 8, 10.5 ], "texture": "#tauch_atlas" }
			}
		},
		{
			"__comment": "Voxels",
			"from": [ 6.5, 10.75, 7 ],
			"to": [ 6.75, 11, 9 ],
			"faces": {
				"up": { "uv": [ 2.75, 1.5, 2.8125, 0.5 ], "texture": "#tauch_atlas" },
				"south": { "uv": [ 8.125, 10.375, 8.1875, 10.5 ], "texture": "#tauch_atlas" },
				"west": { "uv": [ 8.9375, 3, 9.4375, 3.125 ], "texture": "#tauch_atlas" },
				"east": { "uv": [ 9.4375, 3.375, 8.9375, 3.5 ], "texture": "#tauch_atlas" }
			}
		},
		{
			"__comment": "Voxels",
			"from": [ 6.75, 5, 5.5 ],
			"to": [ 9.5, 6.5, 5.75 ],
			"faces": {
				"down": { "uv": [ 8.25, 3.75, 8.9375, 3.875 ], "texture": "#tauch_atlas" },
				"north": { "uv": [ 4.1875, 1.625, 3.5, 2.375 ], "texture": "#tauch_atlas" },
				"south": { "uv": [ 2.8125, 1.625, 3.5, 2.375 ], "texture": "#tauch_atlas" },
				"west": { "uv": [ 2.75, 3.125, 2.8125, 3.875 ], "texture": "#tauch_atlas" },
				"east": { "uv": [ 2.6875, 3.125, 2.625, 3.875 ], "texture": "#tauch_atlas" }
			}
		},
		{
			"__comment": "Voxels",
			"from": [ 6.75, 5, 10 ],
			"to": [ 9.5, 6.5, 10.25 ],
			"faces": {
				"down": { "uv": [ 8.25, 3.875, 8.9375, 4 ], "texture": "#tauch_atlas" },
				"north": { "uv": [ 2.8125, 9, 2.125, 9.75 ], "texture": "#tauch_atlas" },
				"south": { "uv": [ 2.8125, 0.5, 3.5, 1.25 ], "texture": "#tauch_atlas" },
				"west": { "uv": [ 2.6875, 3.125, 2.75, 3.875 ], "texture": "#tauch_atlas" },
				"east": { "uv": [ 4.3125, 0.5, 4.25, 1.25 ], "texture": "#tauch_atlas" }
			}
		},
		{
			"__comment": "Voxels",
			"from": [ 6.75, 7, 4.75 ],
			"to": [ 8.5, 7.25, 5 ],
			"faces": {
				"down": { "uv": [ 5.25, 5.875, 5.6875, 6 ], "texture": "#tauch_atlas" },
				"north": { "uv": [ 5.6875, 6.125, 5.25, 6.25 ], "texture": "#tauch_atlas" },
				"west": { "uv": [ 8.1875, 4.625, 8.25, 4.75 ], "texture": "#tauch_atlas" },
				"east": { "uv": [ 8.25, 4.5, 8.1875, 4.625 ], "texture": "#tauch_atlas" }
			}
		},
		{
			"__comment": "Voxels",
			"from": [ 6.75, 7, 10.75 ],
			"to": [ 8.5, 7.25, 11 ],
			"faces": {
				"down": { "uv": [ 3.875, 2.75, 4.3125, 2.875 ], "texture": "#tauch_atlas" },
				"south": { "uv": [ 3.875, 3.125, 4.3125, 3.25 ], "texture": "#tauch_atlas" },
				"west": { "uv": [ 8.1875, 4.375, 8.25, 4.5 ], "texture": "#tauch_atlas" },
				"east": { "uv": [ 8.25, 4.25, 8.1875, 4.375 ], "texture": "#tauch_atlas" }
			}
		},
		{
			"__comment": "Voxels",
			"from": [ 6.75, 7.5, 4.75 ],
			"to": [ 8.5, 8.75, 5 ],
			"faces": {
				"north": { "uv": [ 1.375, 10.375, 0.9375, 11 ], "texture": "#tauch_atlas" },
				"south": { "uv": [ 0.9375, 9.75, 1.375, 10.375 ], "texture": "#tauch_atlas" },
				"east": { "uv": [ 9.375, 0.5, 9.3125, 1.125 ], "texture": "#tauch_atlas" }
			}
		},
		{
			"__comment": "Voxels",
			"from": [ 6.75, 8.5, 4.5 ],
			"to": [ 8.5, 8.75, 4.75 ],
			"faces": {
				"down": { "uv": [ 9, 6.125, 9.4375, 6.25 ], "texture": "#tauch_atlas" },
				"up": { "uv": [ 9, 6.375, 9.4375, 6.25 ], "texture": "#tauch_atlas" },
				"north": { "uv": [ 5.6875, 4.875, 5.25, 5 ], "texture": "#tauch_atlas" },
				"east": { "uv": [ 7.1875, 0.875, 7.125, 1 ], "texture": "#tauch_atlas" }
			}
		},
		{
			"__comment": "Voxels",
			"from": [ 6.75, 8.5, 11 ],
			"to": [ 8.5, 8.75, 11.25 ],
			"faces": {
				"down": { "uv": [ 5.25, 5.125, 5.6875, 5.25 ], "texture": "#tauch_atlas" },
				"up": { "uv": [ 5.25, 5.375, 5.6875, 5.25 ], "texture": "#tauch_atlas" },
				"south": { "uv": [ 5.25, 5.625, 5.6875, 5.75 ], "texture": "#tauch_atlas" },
				"east": { "uv": [ 7.0625, 0, 7, 0.125 ], "texture": "#tauch_atlas" }
			}
		},
		{
			"__comment": "Voxels",
			"from": [ 6.75, 8.75, 5 ],
			"to": [ 9, 9.25, 5.25 ],
			"faces": {
				"down": { "uv": [ 2.25, 6.125, 2.8125, 6.25 ], "texture": "#tauch_atlas" },
				"up": { "uv": [ 2.25, 5.125, 2.8125, 5 ], "texture": "#tauch_atlas" },
				"north": { "uv": [ 2.8125, 7.25, 2.25, 7.5 ], "texture": "#tauch_atlas" },
				"east": { "uv": [ 7.125, 1.375, 7.0625, 1.625 ], "texture": "#tauch_atlas" }
			}
		},
		{
			"__comment": "Voxels",
			"from": [ 6.75, 8.75, 10.5 ],
			"to": [ 9, 9.25, 10.75 ],
			"faces": {
				"down": { "uv": [ 2.25, 3.875, 2.8125, 4 ], "texture": "#tauch_atlas" },
				"up": { "uv": [ 15.4375, 14.75, 16, 14.625 ], "texture": "#tauch_atlas" },
				"south": { "uv": [ 2.25, 4.75, 2.8125, 5 ], "texture": "#tauch_atlas" },
				"east": { "uv": [ 2.8125, 4, 2.75, 4.25 ], "texture": "#tauch_atlas" }
			}
		},
		{
			"__comment": "Voxels",
			"from": [ 6.75, 9.75, 5.5 ],
			"to": [ 9.75, 10, 6.25 ],
			"faces": {
				"down": { "uv": [ 5.6875, 1.625, 6.4375, 2 ], "texture": "#tauch_atlas" },
				"up": { "uv": [ 3.5, 0.5, 4.25, 0.125 ], "texture": "#tauch_atlas" },
				"north": { "uv": [ 7.1875, 1.625, 6.4375, 1.75 ], "texture": "#tauch_atlas" },
				"west": { "uv": [ 7, 4.75, 7.1875, 4.875 ], "texture": "#tauch_atlas" },
				"east": { "uv": [ 7.1875, 4.625, 7, 4.75 ], "texture": "#tauch_atlas" }
			}
		},
		{
			"__comment": "Voxels",
			"from": [ 6.75, 9.75, 9.5 ],
			"to": [ 10.25, 10, 9.75 ],
			"faces": {
				"up": { "uv": [ 7.1875, 0.125, 8.0625, 0 ], "texture": "#tauch_atlas" },
				"south": { "uv": [ 15.125, 13.75, 16, 13.875 ], "texture": "#tauch_atlas" },
				"west": { "uv": [ 8.0625, 12.375, 8.125, 12.5 ], "texture": "#tauch_atlas" },
				"east": { "uv": [ 8.25, 4.75, 8.1875, 4.875 ], "texture": "#tauch_atlas" }
			}
		},
		{
			"__comment": "Voxels",
			"from": [ 6.75, 9.75, 9.75 ],
			"to": [ 10, 10.25, 10 ],
			"faces": {
				"up": { "uv": [ 8.25, 7.25, 9.0625, 7.125 ], "texture": "#tauch_atlas" },
				"north": { "uv": [ 8, 9.5, 7.1875, 9.75 ], "texture": "#tauch_atlas" },
				"south": { "uv": [ 7.1875, 9.75, 8, 10 ], "texture": "#tauch_atlas" },
				"west": { "uv": [ 3.4375, 0.25, 3.5, 0.5 ], "texture": "#tauch_atlas" },
				"east": { "uv": [ 3.5, 0, 3.4375, 0.25 ], "texture": "#tauch_atlas" }
			}
		},
		{
			"__comment": "Voxels",
			"from": [ 6.75, 9.75, 10 ],
			"to": [ 9.75, 10, 10.25 ],
			"faces": {
				"up": { "uv": [ 8.25, 4.75, 9, 4.625 ], "texture": "#tauch_atlas" },
				"south": { "uv": [ 8.25, 4.375, 9, 4.5 ], "texture": "#tauch_atlas" },
				"west": { "uv": [ 8.0625, 12, 8.125, 12.125 ], "texture": "#tauch_atlas" },
				"east": { "uv": [ 8.1875, 12.125, 8.125, 12.25 ], "texture": "#tauch_atlas" }
			}
		},
		{
			"__comment": "Voxels",
			"from": [ 6.75, 10, 5.75 ],
			"to": [ 10, 10.25, 6.25 ],
			"faces": {
				"down": { "uv": [ 7.1875, 11.25, 8, 11.5 ], "texture": "#tauch_atlas" },
				"up": { "uv": [ 7.1875, 10.25, 8, 10 ], "texture": "#tauch_atlas" },
				"north": { "uv": [ 9.0625, 7.375, 8.25, 7.5 ], "texture": "#tauch_atlas" },
				"west": { "uv": [ 5.5625, 9.125, 5.6875, 9.25 ], "texture": "#tauch_atlas" },
				"east": { "uv": [ 5.6875, 8.75, 5.5625, 8.875 ], "texture": "#tauch_atlas" }
			}
		},
		{
			"__comment": "Voxels",
			"from": [ 6.75, 10, 9.5 ],
			"to": [ 10, 10.25, 9.75 ],
			"faces": {
				"up": { "uv": [ 8.25, 6.75, 9.0625, 6.625 ], "texture": "#tauch_atlas" },
				"west": { "uv": [ 8.1875, 12, 8.25, 12.125 ], "texture": "#tauch_atlas" },
				"east": { "uv": [ 8.125, 11.875, 8.0625, 12 ], "texture": "#tauch_atlas" }
			}
		},
		{
			"__comment": "Voxels",
			"from": [ 6.75, 10.25, 6 ],
			"to": [ 9.75, 10.5, 6.25 ],
			"faces": {
				"up": { "uv": [ 8.25, 5.625, 9, 5.5 ], "texture": "#tauch_atlas" },
				"north": { "uv": [ 9, 6.125, 8.25, 6.25 ], "texture": "#tauch_atlas" },
				"west": { "uv": [ 8, 11.625, 8.0625, 11.75 ], "texture": "#tauch_atlas" },
				"east": { "uv": [ 8.125, 11.625, 8.0625, 11.75 ], "texture": "#tauch_atlas" }
			}
		},
		{
			"__comment": "Voxels",
			"from": [ 6.75, 10.25, 9.5 ],
			"to": [ 9.75, 10.5, 9.75 ],
			"faces": {
				"up": { "uv": [ 8.25, 5.25, 9, 5.125 ], "texture": "#tauch_atlas" },
				"south": { "uv": [ 8.25, 4.875, 9, 5 ], "texture": "#tauch_atlas" },
				"west": { "uv": [ 8, 11.375, 8.0625, 11.5 ], "texture": "#tauch_atlas" },
				"east": { "uv": [ 8.125, 11.25, 8.0625, 11.375 ], "texture": "#tauch_atlas" }
			}
		},
		{
			"__comment": "Voxels",
			"from": [ 6.75, 10.75, 7.75 ],
			"to": [ 7.75, 11, 8 ],
			"faces": {
				"up": { "uv": [ 5.4375, 7.25, 5.6875, 7.125 ], "texture": "#tauch_atlas" },
				"north": { "uv": [ 4.3125, 11.125, 4.0625, 11.25 ], "texture": "#tauch_atlas" },
				"south": { "uv": [ 4.0625, 10.5, 4.3125, 10.625 ], "texture": "#tauch_atlas" },
				"east": { "uv": [ 8.1875, 11.25, 8.125, 11.375 ], "texture": "#tauch_atlas" }
			}
		},
		{
			"__comment": "Voxels",
			"from": [ 6.75, 10.75, 8.75 ],
			"to": [ 7.75, 11, 9 ],
			"faces": {
				"up": { "uv": [ 5.3125, 7.875, 5.5625, 7.75 ], "texture": "#tauch_atlas" },
				"north": { "uv": [ 5.5625, 9.5, 5.3125, 9.625 ], "texture": "#tauch_atlas" },
				"south": { "uv": [ 5.3125, 9.375, 5.5625, 9.5 ], "texture": "#tauch_atlas" },
				"east": { "uv": [ 8.25, 11, 8.1875, 11.125 ], "texture": "#tauch_atlas" }
			}
		},
		{
			"__comment": "Voxels",
			"from": [ 7, 5, 5.25 ],
			"to": [ 9.25, 5.25, 5.5 ],
			"faces": {
				"down": { "uv": [ 15.4375, 14.5, 16, 14.625 ], "texture": "#tauch_atlas" },
				"up": { "uv": [ 15.4375, 14.5, 16, 14.375 ], "texture": "#tauch_atlas" },
				"north": { "uv": [ 16, 14.25, 15.4375, 14.375 ], "texture": "#tauch_atlas" },
				"west": { "uv": [ 8, 10.875, 8.0625, 11 ], "texture": "#tauch_atlas" },
				"east": { "uv": [ 8.0625, 10.75, 8, 10.875 ], "texture": "#tauch_atlas" }
			}
		},
		{
			"__comment": "Voxels",
			"from": [ 7, 5, 10.25 ],
			"to": [ 9.25, 5.25, 10.5 ],
			"faces": {
				"down": { "uv": [ 8.875, 2.5, 9.4375, 2.625 ], "texture": "#tauch_atlas" },
				"up": { "uv": [ 8.875, 2.5, 9.4375, 2.375 ], "texture": "#tauch_atlas" },
				"south": { "uv": [ 8.875, 2.125, 9.4375, 2.25 ], "texture": "#tauch_atlas" },
				"west": { "uv": [ 8.0625, 10.875, 8.125, 11 ], "texture": "#tauch_atlas" },
				"east": { "uv": [ 8.25, 10.75, 8.1875, 10.875 ], "texture": "#tauch_atlas" }
			}
		},
		{
			"__comment": "Voxels",
			"from": [ 7, 5.75, 5.25 ],
			"to": [ 9, 6.75, 5.5 ],
			"faces": {
				"down": { "uv": [ 8.9375, 3.5, 9.4375, 3.625 ], "texture": "#tauch_atlas" },
				"north": { "uv": [ 2.75, 6.75, 2.25, 7.25 ], "texture": "#tauch_atlas" },
				"south": { "uv": [ 2.25, 6.25, 2.75, 6.75 ], "texture": "#tauch_atlas" },
				"west": { "uv": [ 9.3125, 0, 9.375, 0.5 ], "texture": "#tauch_atlas" },
				"east": { "uv": [ 9.4375, 0, 9.375, 0.5 ], "texture": "#tauch_atlas" }
			}
		},
		{
			"__comment": "Voxels",
			"from": [ 7, 5.75, 10.25 ],
			"to": [ 9, 6.75, 10.5 ],
			"faces": {
				"down": { "uv": [ 8.25, 0.25, 8.75, 0.375 ], "texture": "#tauch_atlas" },
				"north": { "uv": [ 2.75, 5.125, 2.25, 5.625 ], "texture": "#tauch_atlas" },
				"south": { "uv": [ 2.25, 5.625, 2.75, 6.125 ], "texture": "#tauch_atlas" },
				"west": { "uv": [ 9.4375, 10, 9.5, 10.5 ], "texture": "#tauch_atlas" },
				"east": { "uv": [ 9.5, 9.5, 9.4375, 10 ], "texture": "#tauch_atlas" }
			}
		},
		{
			"__comment": "Voxels",
			"from": [ 7, 8.5, 5 ],
			"to": [ 9, 8.75, 5.25 ],
			"faces": {
				"north": { "uv": [ 12.9375, 13, 12.4375, 13.125 ], "texture": "#tauch_atlas" },
				"west": { "uv": [ 8, 10.5, 8.0625, 10.625 ], "texture": "#tauch_atlas" },
				"east": { "uv": [ 8.125, 10.625, 8.0625, 10.75 ], "texture": "#tauch_atlas" }
			}
		},
		{
			"__comment": "Voxels",
			"from": [ 7, 8.5, 10.5 ],
			"to": [ 9, 8.75, 10.75 ],
			"faces": {
				"south": { "uv": [ 10.4375, 13, 10.9375, 13.125 ], "texture": "#tauch_atlas" },
				"west": { "uv": [ 8.0625, 10.5, 8.125, 10.625 ], "texture": "#tauch_atlas" },
				"east": { "uv": [ 8.1875, 10.625, 8.125, 10.75 ], "texture": "#tauch_atlas" }
			}
		},
		{
			"__comment": "Voxels",
			"from": [ 7, 9.25, 5.25 ],
			"to": [ 9.5, 9.5, 5.5 ],
			"faces": {
				"up": { "uv": [ 8.25, 2, 8.875, 1.875 ], "texture": "#tauch_atlas" },
				"north": { "uv": [ 8.875, 2, 8.25, 2.125 ], "texture": "#tauch_atlas" },
				"west": { "uv": [ 8.1875, 10.375, 8.25, 10.5 ], "texture": "#tauch_atlas" },
				"east": { "uv": [ 8.1875, 10.25, 8.125, 10.375 ], "texture": "#tauch_atlas" }
			}
		},
		{
			"__comment": "Voxels",
			"from": [ 7, 9.25, 10.25 ],
			"to": [ 9.5, 9.5, 10.5 ],
			"faces": {
				"up": { "uv": [ 8.25, 1.375, 8.875, 1.25 ], "texture": "#tauch_atlas" },
				"south": { "uv": [ 8.25, 1.75, 8.875, 1.875 ], "texture": "#tauch_atlas" },
				"west": { "uv": [ 8.1875, 9.5, 8.25, 9.625 ], "texture": "#tauch_atlas" },
				"east": { "uv": [ 8.1875, 10, 8.125, 10.125 ], "texture": "#tauch_atlas" }
			}
		},
		{
			"__comment": "Voxels",
			"from": [ 7.25, 7.5, 4.5 ],
			"to": [ 7.5, 8.5, 4.75 ],
			"faces": {
				"north": { "uv": [ 9.5, 6, 9.4375, 6.5 ], "texture": "#tauch_atlas" },
				"west": { "uv": [ 9.4375, 5, 9.5, 5.5 ], "texture": "#tauch_atlas" },
				"east": { "uv": [ 9.5, 4.5, 9.4375, 5 ], "texture": "#tauch_atlas" }
			}
		},
		{
			"__comment": "Voxels",
			"from": [ 7.25, 7.5, 11 ],
			"to": [ 7.5, 8.5, 11.25 ],
			"faces": {
				"south": { "uv": [ 9.4375, 2.5, 9.5, 3 ], "texture": "#tauch_atlas" },
				"west": { "uv": [ 9.4375, 2, 9.5, 2.5 ], "texture": "#tauch_atlas" },
				"east": { "uv": [ 1.375, 8.125, 1.3125, 8.625 ], "texture": "#tauch_atlas" }
			}
		},
		{
			"__comment": "Voxels",
			"from": [ 7.5, 10.75, 7 ],
			"to": [ 7.75, 11, 7.75 ],
			"faces": {
				"up": { "uv": [ 8.1875, 0.375, 8.25, 0 ], "texture": "#tauch_atlas" },
				"west": { "uv": [ 7, 4.5, 7.1875, 4.625 ], "texture": "#tauch_atlas" },
				"east": { "uv": [ 1.375, 3.5, 1.1875, 3.625 ], "texture": "#tauch_atlas" }
			}
		},
		{
			"__comment": "Voxels",
			"from": [ 7.5, 10.75, 8 ],
			"to": [ 7.75, 11, 8.75 ],
			"faces": {
				"up": { "uv": [ 4.25, 4.375, 4.3125, 4 ], "texture": "#tauch_atlas" },
				"west": { "uv": [ 5.4375, 6.25, 5.625, 6.375 ], "texture": "#tauch_atlas" },
				"east": { "uv": [ 7.1875, 4.875, 7, 5 ], "texture": "#tauch_atlas" }
			}
		},
		{
			"__comment": "Voxels",
			"from": [ 8.25, 7.5, 4.5 ],
			"to": [ 8.5, 8.5, 4.75 ],
			"faces": {
				"north": { "uv": [ 2.8125, 6.75, 2.75, 7.25 ], "texture": "#tauch_atlas" },
				"west": { "uv": [ 2.75, 5.625, 2.8125, 6.125 ], "texture": "#tauch_atlas" },
				"east": { "uv": [ 2.8125, 5.125, 2.75, 5.625 ], "texture": "#tauch_atlas" }
			}
		},
		{
			"__comment": "Voxels",
			"from": [ 8.25, 7.5, 11 ],
			"to": [ 8.5, 8.5, 11.25 ],
			"faces": {
				"south": { "uv": [ 4.25, 9.5, 4.3125, 10 ], "texture": "#tauch_atlas" },
				"west": { "uv": [ 4.1875, 9, 4.25, 9.5 ], "texture": "#tauch_atlas" },
				"east": { "uv": [ 4.3125, 9, 4.25, 9.5 ], "texture": "#tauch_atlas" }
			}
		},
		{
			"__comment": "Voxels",
			"from": [ 9, 6.25, 5.25 ],
			"to": [ 9.5, 7, 5.5 ],
			"faces": {
				"down": { "uv": [ 5.5625, 8.375, 5.6875, 8.5 ], "texture": "#tauch_atlas" },
				"north": { "uv": [ 2.8125, 0, 2.6875, 0.375 ], "texture": "#tauch_atlas" },
				"south": { "uv": [ 2.4375, 1.5, 2.5625, 1.875 ], "texture": "#tauch_atlas" },
				"west": { "uv": [ 9.4375, 0.5, 9.5, 0.875 ], "texture": "#tauch_atlas" },
				"east": { "uv": [ 9.5625, 12.625, 9.5, 13 ], "texture": "#tauch_atlas" }
			}
		},
		{
			"__comment": "Voxels",
			"from": [ 9, 6.25, 10.25 ],
			"to": [ 9.5, 6.75, 10.5 ],
			"faces": {
				"down": { "uv": [ 5.3125, 7.375, 5.4375, 7.5 ], "texture": "#tauch_atlas" },
				"north": { "uv": [ 2.8125, 2.125, 2.6875, 2.375 ], "texture": "#tauch_atlas" },
				"south": { "uv": [ 2.6875, 1.875, 2.8125, 2.125 ], "texture": "#tauch_atlas" },
				"east": { "uv": [ 7.1875, 9.5, 7.125, 9.75 ], "texture": "#tauch_atlas" }
			}
		},
		{
			"__comment": "Voxels",
			"from": [ 9.5, 6.25, 5.5 ],
			"to": [ 9.75, 6.5, 5.75 ],
			"faces": {
				"down": { "uv": [ 8.1875, 3.875, 8.25, 4 ], "texture": "#tauch_atlas" },
				"north": { "uv": [ 8.25, 3.375, 8.1875, 3.5 ], "texture": "#tauch_atlas" },
				"east": { "uv": [ 8.25, 3, 8.1875, 3.125 ], "texture": "#tauch_atlas" }
			}
		},
		{
			"__comment": "Voxels",
			"from": [ 9.5, 6.25, 10 ],
			"to": [ 9.75, 6.5, 10.25 ],
			"faces": {
				"down": { "uv": [ 8.1875, 2.625, 8.25, 2.75 ], "texture": "#tauch_atlas" },
				"south": { "uv": [ 8.125, 2.375, 8.1875, 2.5 ], "texture": "#tauch_atlas" },
				"east": { "uv": [ 8.1875, 2.125, 8.125, 2.25 ], "texture": "#tauch_atlas" }
			}
		},
		{
			"__comment": "Voxels",
			"from": [ 9.5, 7, 5.5 ],
			"to": [ 9.75, 9.25, 5.75 ],
			"faces": {
				"north": { "uv": [ 1.0625, 0.125, 1, 1.25 ], "texture": "#tauch_atlas" },
				"south": { "uv": [ 1.0625, 0.125, 1.125, 1.25 ], "texture": "#tauch_atlas" },
				"east": { "uv": [ 1.25, 0.125, 1.1875, 1.25 ], "texture": "#tauch_atlas" }
			}
		},
		{
			"__comment": "Voxels",
			"from": [ 9.75, 5, 6 ],
			"to": [ 10, 6.25, 6.25 ],
			"faces": {
				"down": { "uv": [ 0.9375, 0, 1, 0.125 ], "texture": "#tauch_atlas" },
				"north": { "uv": [ 4.25, 13, 4.1875, 13.625 ], "texture": "#tauch_atlas" },
				"south": { "uv": [ 4.25, 13, 4.3125, 13.625 ], "texture": "#tauch_atlas" },
				"west": { "uv": [ 4.1875, 12.375, 4.25, 13 ], "texture": "#tauch_atlas" },
				"east": { "uv": [ 4.3125, 12.375, 4.25, 13 ], "texture": "#tauch_atlas" }
			}
		},
		{
			"__comment": "Voxels",
			"from": [ 9.75, 5.25, 6.25 ],
			"to": [ 10, 5.5, 6.5 ],
			"faces": {
				"east": { "uv": [ 5.6875, 6.25, 5.625, 6.375 ], "texture": "#tauch_atlas" }
			}
		},
		{
			"__comment": "Voxels",
			"from": [ 9.75, 9.25, 5.75 ],
			"to": [ 10, 10, 6 ],
			"faces": {
				"north": { "uv": [ 9.5625, 11.875, 9.5, 12.25 ], "texture": "#tauch_atlas" },
				"south": { "uv": [ 9.5, 11.5, 9.5625, 11.875 ], "texture": "#tauch_atlas" },
				"west": { "uv": [ 9.5, 11.125, 9.5625, 11.5 ], "texture": "#tauch_atlas" },
				"east": { "uv": [ 9.5625, 10.75, 9.5, 11.125 ], "texture": "#tauch_atlas" }
			}
		},
		{
			"__comment": "Voxels",
			"from": [ 9.75, 9.75, 6 ],
			"to": [ 10.25, 10, 6.25 ],
			"faces": {
				"up": { "uv": [ 7.0625, 7.5, 7.1875, 7.375 ], "texture": "#tauch_atlas" },
				"north": { "uv": [ 7.1875, 7.25, 7.0625, 7.375 ], "texture": "#tauch_atlas" },
				"east": { "uv": [ 8.25, 12.875, 8.1875, 13 ], "texture": "#tauch_atlas" }
			}
		},
		{
			"__comment": "Voxels",
			"from": [ 10, 5.5, 6.5 ],
			"to": [ 10.25, 5.75, 9.5 ],
			"faces": {
				"down": { "uv": [ 2.4375, 0, 2.5, 1.5 ], "texture": "#tauch_atlas" },
				"up": { "uv": [ 2.5, 1.5, 2.5625, 0 ], "texture": "#tauch_atlas" },
				"south": { "uv": [ 8.125, 12.625, 8.1875, 12.75 ], "texture": "#tauch_atlas" },
				"west": { "uv": [ 8.25, 4.125, 9, 4.25 ], "texture": "#tauch_atlas" },
				"east": { "uv": [ 9, 4.25, 8.25, 4.375 ], "texture": "#tauch_atlas" }
			}
		},
		{
			"__comment": "Voxels",
			"from": [ 10, 5.75, 6.75 ],
			"to": [ 10.5, 6, 9 ],
			"faces": {
				"down": { "uv": [ 1.25, 11.25, 1.375, 12.375 ], "texture": "#tauch_atlas" },
				"up": { "uv": [ 1.125, 12.375, 1.25, 11.25 ], "texture": "#tauch_atlas" },
				"north": { "uv": [ 7.1875, 6.625, 7.0625, 6.75 ], "texture": "#tauch_atlas" },
				"south": { "uv": [ 7.0625, 6.5, 7.1875, 6.625 ], "texture": "#tauch_atlas" },
				"east": { "uv": [ 9.4375, 1.875, 8.875, 2 ], "texture": "#tauch_atlas" }
			}
		},
		{
			"__comment": "Voxels",
			"from": [ 10, 5.75, 9.25 ],
			"to": [ 10.25, 6.25, 9.5 ],
			"faces": {
				"south": { "uv": [ 7.0625, 6, 7.125, 6.25 ], "texture": "#tauch_atlas" },
				"east": { "uv": [ 7.125, 5.75, 7.0625, 6 ], "texture": "#tauch_atlas" }
			}
		},
		{
			"__comment": "Voxels",
			"from": [ 10.25, 6.75, 6.75 ],
			"to": [ 10.75, 7.25, 7 ],
			"faces": {
				"down": { "uv": [ 7.0625, 6.25, 7.1875, 6.375 ], "texture": "#tauch_atlas" },
				"north": { "uv": [ 4.3125, 6.5, 4.1875, 6.75 ], "texture": "#tauch_atlas" },
				"east": { "uv": [ 7.125, 5.25, 7.0625, 5.5 ], "texture": "#tauch_atlas" }
			}
		},
		{
			"__comment": "Voxels",
			"from": [ 10.25, 7, 6.25 ],
			"to": [ 11.5, 7.25, 6.5 ],
			"faces": {
				"down": { "uv": [ 5.375, 10.375, 5.6875, 10.5 ], "texture": "#tauch_atlas" },
				"up": { "uv": [ 5.3125, 10, 5.625, 9.875 ], "texture": "#tauch_atlas" },
				"north": { "uv": [ 5.6875, 10.25, 5.375, 10.375 ], "texture": "#tauch_atlas" },
				"south": { "uv": [ 5.3125, 9.75, 5.625, 9.875 ], "texture": "#tauch_atlas" },
				"east": { "uv": [ 8.1875, 11.625, 8.125, 11.75 ], "texture": "#tauch_atlas" }
			}
		},
		{
			"__comment": "Voxels",
			"from": [ 10.25, 7, 6.5 ],
			"to": [ 11.25, 7.25, 6.75 ],
			"faces": {
				"down": { "uv": [ 5.3125, 9, 5.5625, 9.125 ], "texture": "#tauch_atlas" },
				"south": { "uv": [ 5.3125, 8.625, 5.5625, 8.75 ], "texture": "#tauch_atlas" },
				"east": { "uv": [ 8.125, 11.375, 8.0625, 11.5 ], "texture": "#tauch_atlas" }
			}
		},
		{
			"__comment": "Voxels",
			"from": [ 10.25, 7, 9 ],
			"to": [ 11.25, 7.25, 9.5 ],
			"faces": {
				"down": { "uv": [ 1.125, 11, 1.375, 11.25 ], "texture": "#tauch_atlas" },
				"up": { "uv": [ 1.125, 13.75, 1.375, 13.5 ], "texture": "#tauch_atlas" },
				"north": { "uv": [ 5.5625, 8.5, 5.3125, 8.625 ], "texture": "#tauch_atlas" },
				"south": { "uv": [ 5.3125, 8.375, 5.5625, 8.5 ], "texture": "#tauch_atlas" },
				"west": { "uv": [ 7.0625, 3.5, 7.1875, 3.625 ], "texture": "#tauch_atlas" },
				"east": { "uv": [ 7.1875, 3.125, 7.0625, 3.25 ], "texture": "#tauch_atlas" }
			}
		},
		{
			"__comment": "Voxels",
			"from": [ 10.25, 7.25, 6.25 ],
			"to": [ 11.25, 7.5, 6.5 ],
			"faces": {
				"up": { "uv": [ 5.3125, 8.25, 5.5625, 8.125 ], "texture": "#tauch_atlas" },
				"north": { "uv": [ 5.5625, 8, 5.3125, 8.125 ], "texture": "#tauch_atlas" },
				"east": { "uv": [ 8.1875, 11, 8.125, 11.125 ], "texture": "#tauch_atlas" }
			}
		},
		{
			"__comment": "Voxels",
			"from": [ 10.25, 7.5, 6.25 ],
			"to": [ 11, 7.75, 6.5 ],
			"faces": {
				"up": { "uv": [ 7, 4.25, 7.1875, 4.125 ], "texture": "#tauch_atlas" },
				"north": { "uv": [ 7.1875, 4, 7, 4.125 ], "texture": "#tauch_atlas" },
				"east": { "uv": [ 8.1875, 10.875, 8.125, 11 ], "texture": "#tauch_atlas" }
			}
		},
		{
			"__comment": "Voxels",
			"from": [ 10.25, 7.75, 6.25 ],
			"to": [ 10.5, 9.75, 6.5 ],
			"faces": {
				"up": { "uv": [ 8.125, 10.875, 8.1875, 10.75 ], "texture": "#tauch_atlas" },
				"north": { "uv": [ 9.3125, 0.125, 9.25, 1.125 ], "texture": "#tauch_atlas" },
				"south": { "uv": [ 9.1875, 0.125, 9.25, 1.125 ], "texture": "#tauch_atlas" },
				"west": { "uv": [ 9, 0.125, 9.0625, 1.125 ], "texture": "#tauch_atlas" },
				"east": { "uv": [ 9, 0.125, 8.9375, 1.125 ], "texture": "#tauch_atlas" }
			}
		},
		{
			"__comment": "Voxels",
			"from": [ 10.5, 6.5, 6.75 ],
			"to": [ 10.75, 6.75, 9 ],
			"faces": {
				"down": { "uv": [ 1.25, 0.125, 1.3125, 1.25 ], "texture": "#tauch_atlas" },
				"up": { "uv": [ 1.3125, 1.25, 1.375, 0.125 ], "texture": "#tauch_atlas" },
				"north": { "uv": [ 8.25, 10.625, 8.1875, 10.75 ], "texture": "#tauch_atlas" },
				"south": { "uv": [ 8.125, 10.5, 8.1875, 10.625 ], "texture": "#tauch_atlas" },
				"west": { "uv": [ 8.875, 1.75, 9.4375, 1.875 ], "texture": "#tauch_atlas" },
				"east": { "uv": [ 9.4375, 1.625, 8.875, 1.75 ], "texture": "#tauch_atlas" }
			}
		},
		{
			"__comment": "Voxels",
			"from": [ 10.75, 6, 6 ],
			"to": [ 11.5, 6.5, 6.75 ],
			"faces": {
				"down": { "uv": [ 0.9375, 7.75, 1.125, 8.125 ], "texture": "#tauch_atlas" },
				"up": { "uv": [ 1.125, 8.125, 1.3125, 7.75 ], "texture": "#tauch_atlas" },
				"north": { "uv": [ 4.3125, 6, 4.125, 6.25 ], "texture": "#tauch_atlas" },
				"south": { "uv": [ 4.0625, 11.5, 4.25, 11.75 ], "texture": "#tauch_atlas" },
				"west": { "uv": [ 4.0625, 11.25, 4.25, 11.5 ], "texture": "#tauch_atlas" },
				"east": { "uv": [ 4.25, 10.875, 4.0625, 11.125 ], "texture": "#tauch_atlas" }
			}
		},
		{
			"__comment": "Voxels",
			"from": [ 10.75, 6, 9 ],
			"to": [ 11.5, 6.5, 9.75 ],
			"faces": {
				"down": { "uv": [ 1.0625, 2.5, 1.25, 2.875 ], "texture": "#tauch_atlas" },
				"up": { "uv": [ 1.0625, 1.75, 1.25, 1.375 ], "texture": "#tauch_atlas" },
				"north": { "uv": [ 4.25, 10.625, 4.0625, 10.875 ], "texture": "#tauch_atlas" },
				"south": { "uv": [ 3.9375, 6.25, 4.125, 6.5 ], "texture": "#tauch_atlas" },
				"west": { "uv": [ 3.9375, 6, 4.125, 6.25 ], "texture": "#tauch_atlas" },
				"east": { "uv": [ 4.3125, 5.5, 4.125, 5.75 ], "texture": "#tauch_atlas" }
			}
		},
		{
			"__comment": "Voxels",
			"from": [ 10.75, 6.5, 6.25 ],
			"to": [ 11.5, 7, 6.5 ],
			"faces": {
				"north": { "uv": [ 4.3125, 6.25, 4.125, 6.5 ], "texture": "#tauch_atlas" },
				"south": { "uv": [ 3.9375, 5.75, 4.125, 6 ], "texture": "#tauch_atlas" },
				"west": { "uv": [ 6.9375, 1.375, 7, 1.625 ], "texture": "#tauch_atlas" },
				"east": { "uv": [ 7.0625, 1.375, 7, 1.625 ], "texture": "#tauch_atlas" }
			}
		},
		{
			"__comment": "Voxels",
			"from": [ 10.75, 6.5, 9.25 ],
			"to": [ 11.5, 7, 9.5 ],
			"faces": {
				"up": { "uv": [ 6.875, 3.5, 7.0625, 3.375 ], "texture": "#tauch_atlas" },
				"north": { "uv": [ 4.125, 5.5, 3.9375, 5.75 ], "texture": "#tauch_atlas" },
				"south": { "uv": [ 4.125, 5.75, 4.3125, 6 ], "texture": "#tauch_atlas" },
				"west": { "uv": [ 6.9375, 1.125, 7, 1.375 ], "texture": "#tauch_atlas" },
				"east": { "uv": [ 7.0625, 1.125, 7, 1.375 ], "texture": "#tauch_atlas" }
			}
		},
		{
			"__comment": "Voxels",
			"from": [ 10.75, 7, 6 ],
			"to": [ 11.25, 7.5, 6.25 ],
			"faces": {
				"down": { "uv": [ 7.0625, 1.25, 7.1875, 1.375 ], "texture": "#tauch_atlas" },
				"up": { "uv": [ 7.0625, 1.25, 7.1875, 1.125 ], "texture": "#tauch_atlas" },
				"north": { "uv": [ 5.4375, 6.75, 5.3125, 7 ], "texture": "#tauch_atlas" },
				"south": { "uv": [ 5.4375, 6.75, 5.5625, 7 ], "texture": "#tauch_atlas" },
				"west": { "uv": [ 6.875, 0.875, 6.9375, 1.125 ], "texture": "#tauch_atlas" },
				"east": { "uv": [ 7, 0.875, 6.9375, 1.125 ], "texture": "#tauch_atlas" }
			}
		},
		{
			"__comment": "Voxels",
			"from": [ 10.75, 7, 9.5 ],
			"to": [ 11.25, 7.5, 9.75 ],
			"faces": {
				"down": { "uv": [ 4.1875, 1.25, 4.3125, 1.375 ], "texture": "#tauch_atlas" },
				"up": { "uv": [ 7, 1.125, 7.125, 1 ], "texture": "#tauch_atlas" },
				"north": { "uv": [ 5.6875, 6.75, 5.5625, 7 ], "texture": "#tauch_atlas" },
				"south": { "uv": [ 5.3125, 6.375, 5.4375, 6.625 ], "texture": "#tauch_atlas" },
				"west": { "uv": [ 7.125, 0, 7.1875, 0.25 ], "texture": "#tauch_atlas" },
				"east": { "uv": [ 15.75, 15.5, 15.6875, 15.75 ], "texture": "#tauch_atlas" }
			}
		},
		{
			"__comment": "Voxels",
			"from": [ 10.75, 7.5, 7.25 ],
			"to": [ 11, 8.5, 8 ],
			"faces": {
				"down": { "uv": [ 9.5, 7.375, 9.5625, 7.75 ], "texture": "#tauch_atlas" },
				"up": { "uv": [ 9.5, 7.375, 9.5625, 7 ], "texture": "#tauch_atlas" },
				"north": { "uv": [ 9.5, 3.5, 9.4375, 4 ], "texture": "#tauch_atlas" },
				"south": { "uv": [ 9.4375, 3, 9.5, 3.5 ], "texture": "#tauch_atlas" },
				"west": { "uv": [ 1.1875, 4.125, 1.375, 4.625 ], "texture": "#tauch_atlas" },
				"east": { "uv": [ 1.375, 3.625, 1.1875, 4.125 ], "texture": "#tauch_atlas" }
			}
		},
		{
			"__comment": "Voxels",
			"from": [ 10.75, 7.5, 8 ],
			"to": [ 11, 7.75, 8.5 ],
			"faces": {
				"down": { "uv": [ 8.1875, 15, 8.25, 15.25 ], "texture": "#tauch_atlas" },
				"south": { "uv": [ 8.1875, 4, 8.25, 4.125 ], "texture": "#tauch_atlas" },
				"east": { "uv": [ 8.1875, 14.125, 8.0625, 14.25 ], "texture": "#tauch_atlas" }
			}
		},
		{
			"__comment": "Voxels",
			"from": [ 11, 6.5, 6 ],
			"to": [ 11.25, 7, 6.25 ],
			"faces": {
				"north": { "uv": [ 8.25, 14.5, 8.1875, 14.75 ], "texture": "#tauch_atlas" },
				"west": { "uv": [ 8.0625, 13.75, 8.125, 14 ], "texture": "#tauch_atlas" },
				"east": { "uv": [ 8.1875, 13.75, 8.125, 14 ], "texture": "#tauch_atlas" }
			}
		},
		{
			"__comment": "Voxels",
			"from": [ 11, 6.5, 6.5 ],
			"to": [ 11.25, 7, 6.75 ],
			"faces": {
				"south": { "uv": [ 8.0625, 13.5, 8.125, 13.75 ], "texture": "#tauch_atlas" },
				"west": { "uv": [ 8.125, 13.5, 8.1875, 13.75 ], "texture": "#tauch_atlas" },
				"east": { "uv": [ 8.25, 13.5, 8.1875, 13.75 ], "texture": "#tauch_atlas" }
			}
		},
		{
			"__comment": "Voxels",
			"from": [ 11, 6.5, 9 ],
			"to": [ 11.25, 7, 9.25 ],
			"faces": {
				"north": { "uv": [ 8.125, 13.25, 8.0625, 13.5 ], "texture": "#tauch_atlas" },
				"west": { "uv": [ 8.1875, 13.25, 8.25, 13.5 ], "texture": "#tauch_atlas" },
				"east": { "uv": [ 8.125, 13, 8.0625, 13.25 ], "texture": "#tauch_atlas" }
			}
		},
		{
			"__comment": "Voxels",
			"from": [ 11, 6.5, 9.5 ],
			"to": [ 11.25, 7, 9.75 ],
			"faces": {
				"south": { "uv": [ 8.1875, 13, 8.25, 13.25 ], "texture": "#tauch_atlas" },
				"west": { "uv": [ 8.0625, 12.75, 8.125, 13 ], "texture": "#tauch_atlas" },
				"east": { "uv": [ 8.1875, 12.75, 8.125, 13 ], "texture": "#tauch_atlas" }
			}
		},
		{
			"__comment": "Voxels",
			"from": [ 11.25, 7, 9.25 ],
			"to": [ 11.5, 7.25, 9.5 ],
			"faces": {
				"up": { "uv": [ 8.125, 1.625, 8.1875, 1.5 ], "texture": "#tauch_atlas" },
				"north": { "uv": [ 8.25, 1.5, 8.1875, 1.625 ], "texture": "#tauch_atlas" },
				"south": { "uv": [ 8.125, 1.375, 8.1875, 1.5 ], "texture": "#tauch_atlas" },
				"east": { "uv": [ 8.1875, 1.25, 8.125, 1.375 ], "texture": "#tauch_atlas" }
			}
		}
	],
	"display": {
		"thirdperson_righthand": {
			"scale":  [ 1.2, 1.2, 1.2 ]
		},
		"thirdperson_lefthand": {
			"rotation":  [ 0, 180, 0 ],
			"scale":  [ 1.2, 1.2, 1.2 ]
		},
		"firstperson_righthand": {
			"rotation":  [ -25, 34, -25 ],
			"translation":  [ 0, 2, 0 ]
		},
		"firstperson_lefthand": {
			"rotation":  [ -25, -155, 9 ],
			"translation":  [ 0, 2, 0 ]
		},
		"gui": {
			"rotation":  [ 0, 90, 0 ],
			"scale":  [ 2, 2, 2 ]
		},
		"head": {
			"rotation":  [ 0, -90, 0 ],
			"translation":  [ -0.4, 1, -0.5 ],
			"scale":  [ 3.9, 3.9, 3.9 ]
		},
		"fixed": {
			"rotation":  [ 0, -90, 0 ],
			"translation":  [ 0, 0, 3 ],
			"scale":  [ 2, 2, 2 ]
		}
	}
}