{
	"__comment": "Designed by Elo106 with Cubik Studio - https://cubik.studio",
	"textures": {
		"particle": "items/trap",
		"texture": "items/trap",
		"trap_atlas": "items/trap"
	},
	"elements": [ 	 
		{
			"__comment": "Voxels",
			"from": [ -8, 4, 6 ],
			"to": [ 24, 7, 7 ],
			"faces": {
				"down": { "uv": [ 0, 12.75, 8, 13 ], "texture": "#trap_atlas", "cullface": "east" },
				"up": { "uv": [ 8, 13, 16, 12.75 ], "texture": "#trap_atlas", "cullface": "east" },
				"north": { "uv": [ 8, 15.25, 0, 16 ], "texture": "#trap_atlas", "cullface": "east" },
				"south": { "uv": [ 8, 15.25, 16, 16 ], "texture": "#trap_atlas", "cullface": "east" },
				"west": { "uv": [ 3.25, 0, 3.5, 0.75 ], "texture": "#trap_atlas", "cullface": "east" },
				"east": { "uv": [ 7, 5, 6.75, 5.75 ], "texture": "#trap_atlas", "cullface": "east" }
			}
		},
		{
			"__comment": "Voxels",
			"from": [ -8, 4, 7 ],
			"to": [ 24, 5, 10 ],
			"faces": {
				"down": { "uv": [ 0, 14.5, 8, 15.25 ], "texture": "#trap_atlas", "cullface": "east" },
				"up": { "uv": [ 8, 15.25, 16, 14.5 ], "texture": "#trap_atlas", "cullface": "east" },
				"south": { "uv": [ 8, 12.5, 16, 12.75 ], "texture": "#trap_atlas", "cullface": "east" },
				"west": { "uv": [ 14, 8.25, 14.75, 8.5 ], "texture": "#trap_atlas", "cullface": "east" },
				"east": { "uv": [ 14.75, 8, 14, 8.25 ], "texture": "#trap_atlas", "cullface": "east" }
			}
		},
		{
			"__comment": "Voxels",
			"from": [ -8, 5, 7 ],
			"to": [ -7, 7, 10 ],
			"faces": {
				"up": { "uv": [ 6.75, 4.25, 7, 3.5 ], "texture": "#trap_atlas", "cullface": "west" },
				"south": { "uv": [ 9.25, 5, 9.5, 5.5 ], "texture": "#trap_atlas", "cullface": "west" },
				"west": { "uv": [ 2.75, 1.25, 3.5, 1.75 ], "texture": "#trap_atlas", "cullface": "west" },
				"east": { "uv": [ 3.5, 0.75, 2.75, 1.25 ], "texture": "#trap_atlas", "cullface": "west" }
			}
		},
		{
			"__comment": "Voxels",
			"from": [ -7, 5, 9 ],
			"to": [ 24, 7, 10 ],
			"faces": {
				"up": { "uv": [ 0, 12.25, 7.75, 12 ], "texture": "#trap_atlas", "cullface": "east" },
				"north": { "uv": [ 7.75, 14, 0, 14.5 ], "texture": "#trap_atlas", "cullface": "east" },
				"south": { "uv": [ 7.75, 14, 15.5, 14.5 ], "texture": "#trap_atlas", "cullface": "east" },
				"east": { "uv": [ 9.5, 6, 9.25, 6.5 ], "texture": "#trap_atlas", "cullface": "east" }
			}
		},
		{
			"__comment": "Voxels",
			"from": [ -7, 6, 7 ],
			"to": [ 24, 7, 9 ],
			"faces": {
				"down": { "uv": [ 0, 13.5, 7.75, 14 ], "texture": "#trap_atlas", "cullface": "east" },
				"up": { "uv": [ 7.75, 14, 15.5, 13.5 ], "texture": "#trap_atlas", "cullface": "east" },
				"east": { "uv": [ 11.25, 6.5, 10.75, 6.75 ], "texture": "#trap_atlas", "cullface": "east" }
			}
		},
		{
			"__comment": "Voxels",
			"from": [ -4, 4, 4 ],
			"to": [ -1, 6, 6 ],
			"faces": {
				"down": { "uv": [ 6.5, 10.5, 7.25, 11 ], "texture": "#trap_atlas", "cullface": "west" },
				"up": { "uv": [ 7.25, 11, 8, 10.5 ], "texture": "#trap_atlas", "cullface": "west" },
				"north": { "uv": [ 8.75, 10.5, 8, 11 ], "texture": "#trap_atlas", "cullface": "west" },
				"west": { "uv": [ 7, 4.25, 7.5, 4.75 ], "texture": "#trap_atlas", "cullface": "west" },
				"east": { "uv": [ 7.5, 4.75, 7, 5.25 ], "texture": "#trap_atlas", "cullface": "west" }
			}
		},
		{
			"__comment": "Voxels",
			"from": [ -4, 4, 10 ],
			"to": [ -1, 6, 12 ],
			"faces": {
				"down": { "uv": [ 9.5, 10.5, 10.25, 11 ], "texture": "#trap_atlas", "cullface": "west" },
				"up": { "uv": [ 10.25, 11, 11, 10.5 ], "texture": "#trap_atlas", "cullface": "west" },
				"north": { "uv": [ 5.75, 4, 5, 4.5 ], "texture": "#trap_atlas", "cullface": "west" },
				"south": { "uv": [ 11, 10.5, 11.75, 11 ], "texture": "#trap_atlas", "cullface": "west" },
				"west": { "uv": [ 12.75, 8.75, 13.25, 9.25 ], "texture": "#trap_atlas", "cullface": "west" },
				"east": { "uv": [ 12.75, 8.75, 12.25, 9.25 ], "texture": "#trap_atlas", "cullface": "west" }
			}
		},
		{
			"__comment": "Voxels",
			"from": [ -4, 5, 0 ],
			"to": [ 0, 7, 1 ],
			"faces": {
				"down": { "uv": [ 9.25, 8.75, 10.25, 9 ], "texture": "#trap_atlas" },
				"up": { "uv": [ 9.25, 9.25, 10.25, 9 ], "texture": "#trap_atlas" },
				"north": { "uv": [ 4.5, 3, 3.5, 3.5 ], "texture": "#trap_atlas" },
				"south": { "uv": [ 3.5, 9.5, 4.5, 10 ], "texture": "#trap_atlas" },
				"west": { "uv": [ 9, 0.25, 9.25, 0.75 ], "texture": "#trap_atlas" },
				"east": { "uv": [ 9.25, 0.75, 9, 1.25 ], "texture": "#trap_atlas" }
			}
		},
		{
			"__comment": "Voxels",
			"from": [ -4, 5, 1 ],
			"to": [ -1, 7, 2 ],
			"faces": {
				"down": { "uv": [ 12, 7.75, 12.75, 8 ], "texture": "#trap_atlas", "cullface": "west" },
				"up": { "uv": [ 12.75, 8, 13.5, 7.75 ], "texture": "#trap_atlas", "cullface": "west" },
				"south": { "uv": [ 14, 10.5, 14.75, 11 ], "texture": "#trap_atlas", "cullface": "west" },
				"west": { "uv": [ 9, 1.25, 9.25, 1.75 ], "texture": "#trap_atlas", "cullface": "west" },
				"east": { "uv": [ 9.25, 1.75, 9, 2.25 ], "texture": "#trap_atlas", "cullface": "west" }
			}
		},
		{
			"__comment": "Voxels",
			"from": [ -4, 5, 2 ],
			"to": [ -1, 6, 4 ],
			"faces": {
				"down": { "uv": [ 14.75, 10.5, 15.5, 11 ], "texture": "#trap_atlas", "cullface": "west" },
				"up": { "uv": [ 5, 10.5, 5.75, 10 ], "texture": "#trap_atlas", "cullface": "west" },
				"west": { "uv": [ 10.25, 6.5, 10.75, 6.75 ], "texture": "#trap_atlas", "cullface": "west" },
				"east": { "uv": [ 10.25, 6.5, 9.75, 6.75 ], "texture": "#trap_atlas", "cullface": "west" }
			}
		},
		{
			"__comment": "Voxels",
			"from": [ -4, 5, 12 ],
			"to": [ -1, 6, 16 ],
			"faces": {
				"down": { "uv": [ 1.5, 4, 2.25, 5 ], "texture": "#trap_atlas", "cullface": "west" },
				"up": { "uv": [ 2.25, 4, 3, 3 ], "texture": "#trap_atlas", "cullface": "west" },
				"south": { "uv": [ 7.5, 7.5, 8.25, 7.75 ], "texture": "#trap_atlas", "cullface": "west" },
				"west": { "uv": [ 14.75, 9.25, 15.75, 9.5 ], "texture": "#trap_atlas", "cullface": "west" },
				"east": { "uv": [ 14.75, 9.25, 13.75, 9.5 ], "texture": "#trap_atlas", "cullface": "west" }
			}
		},
		{
			"__comment": "Voxels",
			"from": [ -4, 6, 2 ],
			"to": [ -2, 7, 6 ],
			"faces": {
				"down": { "uv": [ 0, 0, 0.5, 1 ], "texture": "#trap_atlas", "cullface": "west" },
				"up": { "uv": [ 0.75, 1.25, 1.25, 0.25 ], "texture": "#trap_atlas", "cullface": "west" },
				"west": { "uv": [ 12.75, 9.25, 13.75, 9.5 ], "texture": "#trap_atlas", "cullface": "west" },
				"east": { "uv": [ 12.75, 9.25, 11.75, 9.5 ], "texture": "#trap_atlas", "cullface": "west" }
			}
		},
		{
			"__comment": "Voxels",
			"from": [ -4, 6, 10 ],
			"to": [ -2, 9, 12 ],
			"faces": {
				"up": { "uv": [ 6.25, 1.5, 6.75, 1 ], "texture": "#trap_atlas", "cullface": "west" },
				"north": { "uv": [ 5, 9.5, 4.5, 10.25 ], "texture": "#trap_atlas", "cullface": "west" },
				"south": { "uv": [ 4.5, 8.75, 5, 9.5 ], "texture": "#trap_atlas", "cullface": "west" },
				"west": { "uv": [ 4.5, 8, 5, 8.75 ], "texture": "#trap_atlas", "cullface": "west" },
				"east": { "uv": [ 5, 7.25, 4.5, 8 ], "texture": "#trap_atlas", "cullface": "west" }
			}
		},
		{
			"__comment": "Voxels",
			"from": [ -4, 6, 12 ],
			"to": [ -2, 7, 16 ],
			"faces": {
				"up": { "uv": [ 3.5, 9.5, 4, 8.5 ], "texture": "#trap_atlas", "cullface": "west" },
				"south": { "uv": [ 14.5, 6.75, 15, 7 ], "texture": "#trap_atlas", "cullface": "west" },
				"west": { "uv": [ 6.75, 9.25, 7.75, 9.5 ], "texture": "#trap_atlas", "cullface": "west" },
				"east": { "uv": [ 15.25, 9.5, 14.25, 9.75 ], "texture": "#trap_atlas", "cullface": "west" }
			}
		},
		{
			"__comment": "Voxels",
			"from": [ -4, 7, 4 ],
			"to": [ -2, 9, 6 ],
			"faces": {
				"up": { "uv": [ 6.25, 2.5, 6.75, 2 ], "texture": "#trap_atlas", "cullface": "west" },
				"north": { "uv": [ 6.75, 2.5, 6.25, 3 ], "texture": "#trap_atlas", "cullface": "west" },
				"south": { "uv": [ 6.25, 3, 6.75, 3.5 ], "texture": "#trap_atlas", "cullface": "west" },
				"west": { "uv": [ 5.75, 2.75, 6.25, 3.25 ], "texture": "#trap_atlas", "cullface": "west" },
				"east": { "uv": [ 6.25, 3.25, 5.75, 3.75 ], "texture": "#trap_atlas", "cullface": "west" }
			}
		},
		{
			"__comment": "Voxels",
			"from": [ -3, 5, -1 ],
			"to": [ 0, 9, 0 ],
			"faces": {
				"down": { "uv": [ 7.5, 7.25, 8.25, 7.5 ], "texture": "#trap_atlas" },
				"up": { "uv": [ 7.5, 7.25, 8.25, 7 ], "texture": "#trap_atlas" },
				"north": { "uv": [ 1.5, 3, 0.75, 4 ], "texture": "#trap_atlas" },
				"south": { "uv": [ 1.5, 3, 2.25, 4 ], "texture": "#trap_atlas" },
				"west": { "uv": [ 5.75, 3.75, 6, 4.75 ], "texture": "#trap_atlas" },
				"east": { "uv": [ 6.25, 4.75, 6, 5.75 ], "texture": "#trap_atlas" }
			}
		},
		{
			"__comment": "Voxels",
			"from": [ -3, 5, 16 ],
			"to": [ 0, 9, 17 ],
			"faces": {
				"down": { "uv": [ 7.5, 6.75, 8.25, 7 ], "texture": "#trap_atlas" },
				"up": { "uv": [ 7.5, 6.75, 8.25, 6.5 ], "texture": "#trap_atlas" },
				"north": { "uv": [ 0.75, 2, 0, 3 ], "texture": "#trap_atlas" },
				"south": { "uv": [ 0, 1, 0.75, 2 ], "texture": "#trap_atlas" },
				"west": { "uv": [ 5.75, 4.75, 6, 5.75 ], "texture": "#trap_atlas" },
				"east": { "uv": [ 6.25, 5.75, 6, 6.75 ], "texture": "#trap_atlas" }
			}
		},
		{
			"__comment": "Voxels",
			"from": [ -3, 6, -2 ],
			"to": [ 1, 8, -1 ],
			"faces": {
				"down": { "uv": [ 6.25, 9.5, 7.25, 9.75 ], "texture": "#trap_atlas", "cullface": "north" },
				"up": { "uv": [ 14.75, 10, 15.75, 9.75 ], "texture": "#trap_atlas", "cullface": "north" },
				"north": { "uv": [ 4.5, 2, 3.5, 2.5 ], "texture": "#trap_atlas", "cullface": "north" },
				"south": { "uv": [ 3.5, 5, 4.5, 5.5 ], "texture": "#trap_atlas", "cullface": "north" },
				"west": { "uv": [ 9, 3.75, 9.25, 4.25 ], "texture": "#trap_atlas", "cullface": "north" },
				"east": { "uv": [ 9.25, 4.25, 9, 4.75 ], "texture": "#trap_atlas", "cullface": "north" }
			}
		},
		{
			"__comment": "Voxels",
			"from": [ -3, 6, 17 ],
			"to": [ 1, 8, 18 ],
			"faces": {
				"down": { "uv": [ 13.75, 9.75, 14.75, 10 ], "texture": "#trap_atlas", "cullface": "south" },
				"up": { "uv": [ 12.75, 10, 13.75, 9.75 ], "texture": "#trap_atlas", "cullface": "south" },
				"north": { "uv": [ 4.5, 4, 3.5, 4.5 ], "texture": "#trap_atlas", "cullface": "south" },
				"south": { "uv": [ 3.5, 2.5, 4.5, 3 ], "texture": "#trap_atlas", "cullface": "south" },
				"west": { "uv": [ 9, 4.75, 9.25, 5.25 ], "texture": "#trap_atlas", "cullface": "south" },
				"east": { "uv": [ 9.25, 5.25, 9, 5.75 ], "texture": "#trap_atlas", "cullface": "south" }
			}
		},
		{
			"__comment": "Voxels",
			"from": [ -3, 7, 0 ],
			"to": [ 0, 9, 1 ],
			"faces": {
				"up": { "uv": [ 7.5, 6.25, 8.25, 6 ], "texture": "#trap_atlas" },
				"south": { "uv": [ 5, 5.5, 5.75, 6 ], "texture": "#trap_atlas" },
				"west": { "uv": [ 8.75, 0.5, 9, 1 ], "texture": "#trap_atlas" },
				"east": { "uv": [ 9, 1, 8.75, 1.5 ], "texture": "#trap_atlas" }
			}
		},
		{
			"__comment": "Voxels",
			"from": [ -3, 7, 1 ],
			"to": [ -1, 10, 2 ],
			"faces": {
				"up": { "uv": [ 13, 7, 13.5, 6.75 ], "texture": "#trap_atlas", "cullface": "west" },
				"north": { "uv": [ 5, 6.5, 4.5, 7.25 ], "texture": "#trap_atlas", "cullface": "west" },
				"south": { "uv": [ 4.5, 5.75, 5, 6.5 ], "texture": "#trap_atlas", "cullface": "west" },
				"west": { "uv": [ 7.5, 5.25, 7.75, 6 ], "texture": "#trap_atlas", "cullface": "west" },
				"east": { "uv": [ 8, 5.25, 7.75, 6 ], "texture": "#trap_atlas", "cullface": "west" }
			}
		},
		{
			"__comment": "Voxels",
			"from": [ -3, 7, 14 ],
			"to": [ -1, 10, 16 ],
			"faces": {
				"down": { "uv": [ 4.5, 1.25, 5, 1.75 ], "texture": "#trap_atlas", "cullface": "west" },
				"up": { "uv": [ 7, 2.75, 7.5, 2.25 ], "texture": "#trap_atlas", "cullface": "west" },
				"north": { "uv": [ 5, 5, 4.5, 5.75 ], "texture": "#trap_atlas", "cullface": "west" },
				"south": { "uv": [ 4.5, 4.25, 5, 5 ], "texture": "#trap_atlas", "cullface": "west" },
				"west": { "uv": [ 4.5, 3.5, 5, 4.25 ], "texture": "#trap_atlas", "cullface": "west" },
				"east": { "uv": [ 5, 2.75, 4.5, 3.5 ], "texture": "#trap_atlas", "cullface": "west" }
			}
		},
		{
			"__comment": "Voxels",
			"from": [ -3, 9, -1 ],
			"to": [ -1, 11, 1 ],
			"faces": {
				"down": { "uv": [ 7, 2.75, 7.5, 3.25 ], "texture": "#trap_atlas", "cullface": "west" },
				"up": { "uv": [ 11.75, 9.25, 12.25, 8.75 ], "texture": "#trap_atlas", "cullface": "west" },
				"north": { "uv": [ 11.75, 8.75, 11.25, 9.25 ], "texture": "#trap_atlas", "cullface": "west" },
				"south": { "uv": [ 6.25, 8.5, 6.75, 9 ], "texture": "#trap_atlas", "cullface": "west" },
				"west": { "uv": [ 6.25, 9, 6.75, 9.5 ], "texture": "#trap_atlas", "cullface": "west" },
				"east": { "uv": [ 6.25, 1.25, 5.75, 1.75 ], "texture": "#trap_atlas", "cullface": "west" }
			}
		},
		{
			"__comment": "Voxels",
			"from": [ -3, 9, 16 ],
			"to": [ -1, 11, 17 ],
			"faces": {
				"up": { "uv": [ 12, 7, 12.5, 6.75 ], "texture": "#trap_atlas" },
				"north": { "uv": [ 6.25, 1.75, 5.75, 2.25 ], "texture": "#trap_atlas" },
				"south": { "uv": [ 5.75, 2.25, 6.25, 2.75 ], "texture": "#trap_atlas" },
				"west": { "uv": [ 8.75, 1.5, 9, 2 ], "texture": "#trap_atlas" },
				"east": { "uv": [ 9, 2, 8.75, 2.5 ], "texture": "#trap_atlas" }
			}
		},
		{
			"__comment": "Voxels",
			"from": [ -3, 10, 15 ],
			"to": [ -1, 11, 16 ],
			"faces": {
				"up": { "uv": [ 11, 7, 11.5, 6.75 ], "texture": "#trap_atlas", "cullface": "west" },
				"north": { "uv": [ 13.25, 7, 12.75, 7.25 ], "texture": "#trap_atlas", "cullface": "west" },
				"west": { "uv": [ 9.5, 4.25, 9.75, 4.5 ], "texture": "#trap_atlas", "cullface": "west" },
				"east": { "uv": [ 9.75, 4.5, 9.5, 4.75 ], "texture": "#trap_atlas", "cullface": "west" }
			}
		},
		{
			"__comment": "Voxels",
			"from": [ -2, 6, -3 ],
			"to": [ 2, 8, -2 ],
			"faces": {
				"down": { "uv": [ 10.75, 9.75, 11.75, 10 ], "texture": "#trap_atlas", "cullface": "north" },
				"up": { "uv": [ 15, 11.25, 16, 11 ], "texture": "#trap_atlas", "cullface": "north" },
				"north": { "uv": [ 4.5, 1.5, 3.5, 2 ], "texture": "#trap_atlas", "cullface": "north" },
				"south": { "uv": [ 2, 8.25, 3, 8.75 ], "texture": "#trap_atlas", "cullface": "north" },
				"west": { "uv": [ 8.5, 0.25, 8.75, 0.75 ], "texture": "#trap_atlas", "cullface": "north" },
				"east": { "uv": [ 8.75, 0.75, 8.5, 1.25 ], "texture": "#trap_atlas", "cullface": "north" }
			}
		},
		{
			"__comment": "Voxels",
			"from": [ -2, 6, 14 ],
			"to": [ -1, 7, 16 ],
			"faces": {
				"north": { "uv": [ 9.75, 5.75, 9.5, 6 ], "texture": "#trap_atlas", "cullface": "west" },
				"east": { "uv": [ 13.5, 7.25, 13, 7.5 ], "texture": "#trap_atlas", "cullface": "west" }
			}
		},
		{
			"__comment": "Voxels",
			"from": [ -2, 6, 18 ],
			"to": [ 2, 8, 19 ],
			"faces": {
				"down": { "uv": [ 8.75, 9.75, 9.75, 10 ], "texture": "#trap_atlas", "cullface": "south" },
				"up": { "uv": [ 9.75, 10, 10.75, 9.75 ], "texture": "#trap_atlas", "cullface": "south" },
				"north": { "uv": [ 2.75, 0.25, 1.75, 0.75 ], "texture": "#trap_atlas", "cullface": "south" },
				"south": { "uv": [ 1.75, 0.75, 2.75, 1.25 ], "texture": "#trap_atlas", "cullface": "south" },
				"west": { "uv": [ 8.25, 2.75, 8.5, 3.25 ], "texture": "#trap_atlas", "cullface": "south" },
				"east": { "uv": [ 8.5, 3.25, 8.25, 3.75 ], "texture": "#trap_atlas", "cullface": "south" }
			}
		},
		{
			"__comment": "Voxels",
			"from": [ -1, 5, 7 ],
			"to": [ 17, 6, 9 ],
			"faces": {
				"west": { "uv": [ 15, 7.5, 15.5, 7.75 ], "texture": "#trap_atlas", "cullface": "east" },
				"east": { "uv": [ 15, 7.5, 14.5, 7.75 ], "texture": "#trap_atlas", "cullface": "east" }
			}
		},
		{
			"__comment": "Voxels",
			"from": [ -1, 5, 15 ],
			"to": [ 0, 9, 16 ],
			"faces": {
				"down": { "uv": [ 9.25, 0.5, 9.5, 0.75 ], "texture": "#trap_atlas" },
				"up": { "uv": [ 9.25, 1, 9.5, 0.75 ], "texture": "#trap_atlas" },
				"north": { "uv": [ 6.25, 3.75, 6, 4.75 ], "texture": "#trap_atlas" },
				"west": { "uv": [ 6.75, 6.75, 7, 7.75 ], "texture": "#trap_atlas" },
				"east": { "uv": [ 7, 5.75, 6.75, 6.75 ], "texture": "#trap_atlas" }
			}
		},
		{
			"__comment": "Voxels",
			"from": [ -1, 6, -4 ],
			"to": [ 3, 8, -3 ],
			"faces": {
				"down": { "uv": [ 9.5, 8.5, 10.5, 8.75 ], "texture": "#trap_atlas", "cullface": "north" },
				"up": { "uv": [ 10.5, 8.75, 11.5, 8.5 ], "texture": "#trap_atlas", "cullface": "north" },
				"north": { "uv": [ 4.5, 6.5, 3.5, 7 ], "texture": "#trap_atlas", "cullface": "north" },
				"south": { "uv": [ 3.5, 7.5, 4.5, 8 ], "texture": "#trap_atlas", "cullface": "north" },
				"west": { "uv": [ 8.25, 4.75, 8.5, 5.25 ], "texture": "#trap_atlas", "cullface": "north" },
				"east": { "uv": [ 8.5, 5.25, 8.25, 5.75 ], "texture": "#trap_atlas", "cullface": "north" }
			}
		},
		{
			"__comment": "Voxels",
			"from": [ -1, 6, 19 ],
			"to": [ 3, 8, 20 ],
			"faces": {
				"down": { "uv": [ 2, 8, 3, 8.25 ], "texture": "#trap_atlas", "cullface": "south" },
				"up": { "uv": [ 1.75, 0.25, 2.75, 0 ], "texture": "#trap_atlas", "cullface": "south" },
				"north": { "uv": [ 2.75, 1.25, 1.75, 1.75 ], "texture": "#trap_atlas", "cullface": "south" },
				"south": { "uv": [ 0.75, 1.75, 1.75, 2.25 ], "texture": "#trap_atlas", "cullface": "south" },
				"west": { "uv": [ 8.25, 5.75, 8.5, 6.25 ], "texture": "#trap_atlas", "cullface": "south" },
				"east": { "uv": [ 8.5, 6.25, 8.25, 6.75 ], "texture": "#trap_atlas", "cullface": "south" }
			}
		},
		{
			"__comment": "Voxels",
			"from": [ -1, 8, -3 ],
			"to": [ 2, 9, -2 ],
			"faces": {
				"up": { "uv": [ 7.5, 5, 8.25, 4.75 ], "texture": "#trap_atlas", "cullface": "north" },
				"north": { "uv": [ 8.25, 4.5, 7.5, 4.75 ], "texture": "#trap_atlas", "cullface": "north" },
				"south": { "uv": [ 7.5, 4.25, 8.25, 4.5 ], "texture": "#trap_atlas", "cullface": "north" },
				"west": { "uv": [ 15.75, 6.5, 16, 6.75 ], "texture": "#trap_atlas", "cullface": "north" },
				"east": { "uv": [ 9.25, 0, 9, 0.25 ], "texture": "#trap_atlas", "cullface": "north" }
			}
		},
		{
			"__comment": "Voxels",
			"from": [ -1, 8, -2 ],
			"to": [ 1, 9, -1 ],
			"faces": {
				"up": { "uv": [ 11.5, 7.75, 12, 7.5 ], "texture": "#trap_atlas", "cullface": "north" },
				"south": { "uv": [ 10.5, 7.5, 11, 7.75 ], "texture": "#trap_atlas", "cullface": "north" },
				"west": { "uv": [ 15.75, 7, 16, 7.25 ], "texture": "#trap_atlas", "cullface": "north" },
				"east": { "uv": [ 8.75, 0, 8.5, 0.25 ], "texture": "#trap_atlas", "cullface": "north" }
			}
		},
		{
			"__comment": "Voxels",
			"from": [ -1, 8, 17 ],
			"to": [ 1, 9, 19 ],
			"faces": {
				"down": { "uv": [ 5.75, 7.25, 6.25, 7.75 ], "texture": "#trap_atlas", "cullface": "south" },
				"up": { "uv": [ 5.75, 7.25, 6.25, 6.75 ], "texture": "#trap_atlas", "cullface": "south" },
				"north": { "uv": [ 9.5, 7.5, 9, 7.75 ], "texture": "#trap_atlas", "cullface": "south" },
				"south": { "uv": [ 8.5, 7.5, 9, 7.75 ], "texture": "#trap_atlas", "cullface": "south" },
				"west": { "uv": [ 7.75, 0, 8.25, 0.25 ], "texture": "#trap_atlas", "cullface": "south" },
				"east": { "uv": [ 8.25, 0.25, 7.75, 0.5 ], "texture": "#trap_atlas", "cullface": "south" }
			}
		},
		{
			"__comment": "Voxels",
			"from": [ 0, 6, -5 ],
			"to": [ 7, 8, -4 ],
			"faces": {
				"down": { "uv": [ 8, 11.25, 9.75, 11.5 ], "texture": "#trap_atlas", "cullface": "north" },
				"up": { "uv": [ 4.5, 11.5, 6.25, 11.25 ], "texture": "#trap_atlas", "cullface": "north" },
				"north": { "uv": [ 1.75, 5.5, 0, 6 ], "texture": "#trap_atlas", "cullface": "north" },
				"south": { "uv": [ 1.75, 5, 3.5, 5.5 ], "texture": "#trap_atlas", "cullface": "north" },
				"west": { "uv": [ 7.5, 0, 7.75, 0.5 ], "texture": "#trap_atlas", "cullface": "north" },
				"east": { "uv": [ 8.25, 0.5, 8, 1 ], "texture": "#trap_atlas", "cullface": "north" }
			}
		},
		{
			"__comment": "Voxels",
			"from": [ 0, 6, 20 ],
			"to": [ 7, 8, 21 ],
			"faces": {
				"down": { "uv": [ 13.25, 11.25, 15, 11.5 ], "texture": "#trap_atlas", "cullface": "south" },
				"up": { "uv": [ 11.5, 11.5, 13.25, 11.25 ], "texture": "#trap_atlas", "cullface": "south" },
				"north": { "uv": [ 1.75, 5, 0, 5.5 ], "texture": "#trap_atlas", "cullface": "south" },
				"south": { "uv": [ 1.75, 5.5, 3.5, 6 ], "texture": "#trap_atlas", "cullface": "south" },
				"west": { "uv": [ 15.75, 8, 16, 8.5 ], "texture": "#trap_atlas", "cullface": "south" },
				"east": { "uv": [ 15.75, 8, 15.5, 8.5 ], "texture": "#trap_atlas", "cullface": "south" }
			}
		},
		{
			"__comment": "Voxels",
			"from": [ 0, 8, -5 ],
			"to": [ 3, 10, -3 ],
			"faces": {
				"down": { "uv": [ 6.5, 10, 7.25, 10.5 ], "texture": "#trap_atlas", "cullface": "north" },
				"up": { "uv": [ 7.25, 10.5, 8, 10 ], "texture": "#trap_atlas", "cullface": "north" },
				"north": { "uv": [ 8.75, 10, 8, 10.5 ], "texture": "#trap_atlas", "cullface": "north" },
				"south": { "uv": [ 8.75, 10, 9.5, 10.5 ], "texture": "#trap_atlas", "cullface": "north" },
				"west": { "uv": [ 5.75, 0.75, 6.25, 1.25 ], "texture": "#trap_atlas", "cullface": "north" },
				"east": { "uv": [ 6.25, 0.25, 5.75, 0.75 ], "texture": "#trap_atlas", "cullface": "north" }
			}
		},
		{
			"__comment": "Voxels",
			"from": [ 0, 8, 19 ],
			"to": [ 3, 10, 21 ],
			"faces": {
				"down": { "uv": [ 9.5, 10, 10.25, 10.5 ], "texture": "#trap_atlas", "cullface": "south" },
				"up": { "uv": [ 10.25, 10.5, 11, 10 ], "texture": "#trap_atlas", "cullface": "south" },
				"north": { "uv": [ 11.75, 10, 11, 10.5 ], "texture": "#trap_atlas", "cullface": "south" },
				"south": { "uv": [ 11.75, 10, 12.5, 10.5 ], "texture": "#trap_atlas", "cullface": "south" },
				"west": { "uv": [ 6.25, 8, 6.75, 8.5 ], "texture": "#trap_atlas", "cullface": "south" },
				"east": { "uv": [ 6.75, 7.5, 6.25, 8 ], "texture": "#trap_atlas", "cullface": "south" }
			}
		},
		{
			"__comment": "Voxels",
			"from": [ 0, 9, -3 ],
			"to": [ 2, 11, -2 ],
			"faces": {
				"up": { "uv": [ 5.75, 0.25, 6.25, 0 ], "texture": "#trap_atlas", "cullface": "north" },
				"north": { "uv": [ 6.75, 7, 6.25, 7.5 ], "texture": "#trap_atlas", "cullface": "north" },
				"south": { "uv": [ 6.25, 6.5, 6.75, 7 ], "texture": "#trap_atlas", "cullface": "north" },
				"west": { "uv": [ 8.5, 3.75, 8.75, 4.25 ], "texture": "#trap_atlas", "cullface": "north" },
				"east": { "uv": [ 8.75, 5.25, 8.5, 5.75 ], "texture": "#trap_atlas", "cullface": "north" }
			}
		},
		{
			"__comment": "Voxels",
			"from": [ 0, 9, 18 ],
			"to": [ 2, 11, 19 ],
			"faces": {
				"down": { "uv": [ 9, 7.25, 9.5, 7.5 ], "texture": "#trap_atlas", "cullface": "south" },
				"up": { "uv": [ 14, 7.75, 14.5, 7.5 ], "texture": "#trap_atlas", "cullface": "south" },
				"north": { "uv": [ 6.75, 4, 6.25, 4.5 ], "texture": "#trap_atlas", "cullface": "south" },
				"south": { "uv": [ 6.25, 3.5, 6.75, 4 ], "texture": "#trap_atlas", "cullface": "south" },
				"west": { "uv": [ 15.75, 10, 16, 10.5 ], "texture": "#trap_atlas", "cullface": "south" },
				"east": { "uv": [ 9.5, 1, 9.25, 1.5 ], "texture": "#trap_atlas", "cullface": "south" }
			}
		},
		{
			"__comment": "Voxels",
			"from": [ 0, 10, -4 ],
			"to": [ 2, 11, -3 ],
			"faces": {
				"up": { "uv": [ 13.5, 6.5, 14, 6.25 ], "texture": "#trap_atlas", "cullface": "north" },
				"north": { "uv": [ 13.5, 6.25, 13, 6.5 ], "texture": "#trap_atlas", "cullface": "north" },
				"west": { "uv": [ 9.5, 0.75, 9.75, 1 ], "texture": "#trap_atlas", "cullface": "north" },
				"east": { "uv": [ 9.75, 1, 9.5, 1.25 ], "texture": "#trap_atlas", "cullface": "north" }
			}
		},
		{
			"__comment": "Voxels",
			"from": [ 0, 10, 19 ],
			"to": [ 2, 11, 20 ],
			"faces": {
				"up": { "uv": [ 9.5, 6.5, 10, 6.25 ], "texture": "#trap_atlas", "cullface": "south" },
				"south": { "uv": [ 14.75, 6.5, 15.25, 6.75 ], "texture": "#trap_atlas", "cullface": "south" },
				"west": { "uv": [ 9.5, 2, 9.75, 2.25 ], "texture": "#trap_atlas", "cullface": "south" },
				"east": { "uv": [ 9.75, 2.75, 9.5, 3 ], "texture": "#trap_atlas", "cullface": "south" }
			}
		},
		{
			"__comment": "Voxels",
			"from": [ 1, 6, -6 ],
			"to": [ 15, 8, -5 ],
			"faces": {
				"down": { "uv": [ 0, 7, 3.5, 7.25 ], "texture": "#trap_atlas", "cullface": "north" },
				"up": { "uv": [ 0, 7.5, 3.5, 7.25 ], "texture": "#trap_atlas", "cullface": "north" },
				"north": { "uv": [ 3.5, 11, 0, 11.5 ], "texture": "#trap_atlas", "cullface": "north" },
				"south": { "uv": [ 0, 11.5, 3.5, 12 ], "texture": "#trap_atlas", "cullface": "north" },
				"west": { "uv": [ 9.25, 2.5, 9.5, 3 ], "texture": "#trap_atlas", "cullface": "north" },
				"east": { "uv": [ 9.5, 3, 9.25, 3.5 ], "texture": "#trap_atlas", "cullface": "north" }
			}
		},
		{
			"__comment": "Voxels",
			"from": [ 1, 6, 21 ],
			"to": [ 15, 8, 22 ],
			"faces": {
				"down": { "uv": [ 0, 7.5, 3.5, 7.75 ], "texture": "#trap_atlas", "cullface": "south" },
				"up": { "uv": [ 0, 8, 3.5, 7.75 ], "texture": "#trap_atlas", "cullface": "south" },
				"north": { "uv": [ 16, 13, 12.5, 13.5 ], "texture": "#trap_atlas", "cullface": "south" },
				"south": { "uv": [ 9, 13, 12.5, 13.5 ], "texture": "#trap_atlas", "cullface": "south" },
				"west": { "uv": [ 9, 3.25, 9.25, 3.75 ], "texture": "#trap_atlas", "cullface": "south" },
				"east": { "uv": [ 9.25, 5.75, 9, 6.25 ], "texture": "#trap_atlas", "cullface": "south" }
			}
		},
		{
			"__comment": "Voxels",
			"from": [ 1, 8, 18 ],
			"to": [ 2, 9, 19 ],
			"faces": {
				"north": { "uv": [ 15.5, 6.25, 15.25, 6.5 ], "texture": "#trap_atlas", "cullface": "south" },
				"east": { "uv": [ 9.5, 0.25, 9.25, 0.5 ], "texture": "#trap_atlas", "cullface": "south" }
			}
		},
		{
			"__comment": "Voxels",
			"from": [ 4, 6, -7 ],
			"to": [ 12, 9, -6 ],
			"faces": {
				"down": { "uv": [ 7.5, 11.5, 9.5, 11.75 ], "texture": "#trap_atlas", "cullface": "north" },
				"up": { "uv": [ 3.5, 11.75, 5.5, 11.5 ], "texture": "#trap_atlas", "cullface": "north" },
				"north": { "uv": [ 2, 10.25, 0, 11 ], "texture": "#trap_atlas", "cullface": "north" },
				"south": { "uv": [ 0, 8, 2, 8.75 ], "texture": "#trap_atlas", "cullface": "north" },
				"west": { "uv": [ 8, 5.25, 8.25, 6 ], "texture": "#trap_atlas", "cullface": "north" },
				"east": { "uv": [ 7.75, 3.5, 7.5, 4.25 ], "texture": "#trap_atlas", "cullface": "north" }
			}
		},
		{
			"__comment": "Voxels",
			"from": [ 4, 6, 22 ],
			"to": [ 12, 9, 23 ],
			"faces": {
				"down": { "uv": [ 13.5, 11.5, 15.5, 11.75 ], "texture": "#trap_atlas", "cullface": "south" },
				"up": { "uv": [ 11.5, 11.75, 13.5, 11.5 ], "texture": "#trap_atlas", "cullface": "south" },
				"north": { "uv": [ 2, 8.75, 0, 9.5 ], "texture": "#trap_atlas", "cullface": "south" },
				"south": { "uv": [ 0, 9.5, 2, 10.25 ], "texture": "#trap_atlas", "cullface": "south" },
				"west": { "uv": [ 7.75, 3.5, 8, 4.25 ], "texture": "#trap_atlas", "cullface": "south" },
				"east": { "uv": [ 8.25, 3.5, 8, 4.25 ], "texture": "#trap_atlas", "cullface": "south" }
			}
		},
		{
			"__comment": "Voxels",
			"from": [ 4, 8, -6 ],
			"to": [ 12, 9, -5 ],
			"faces": {
				"up": { "uv": [ 9.5, 11.75, 11.5, 11.5 ], "texture": "#trap_atlas", "cullface": "north" },
				"south": { "uv": [ 0.75, 2.25, 2.75, 2.5 ], "texture": "#trap_atlas", "cullface": "north" },
				"west": { "uv": [ 11, 6, 11.25, 6.25 ], "texture": "#trap_atlas", "cullface": "north" },
				"east": { "uv": [ 10.5, 6, 10.25, 6.25 ], "texture": "#trap_atlas", "cullface": "north" }
			}
		},
		{
			"__comment": "Voxels",
			"from": [ 4, 8, -5 ],
			"to": [ 7, 9, -4 ],
			"faces": {
				"up": { "uv": [ 7.5, 3.25, 8.25, 3 ], "texture": "#trap_atlas", "cullface": "north" },
				"south": { "uv": [ 7.5, 2.5, 8.25, 2.75 ], "texture": "#trap_atlas", "cullface": "north" },
				"west": { "uv": [ 9.5, 0, 9.75, 0.25 ], "texture": "#trap_atlas", "cullface": "north" },
				"east": { "uv": [ 9.75, 0.25, 9.5, 0.5 ], "texture": "#trap_atlas", "cullface": "north" }
			}
		},
		{
			"__comment": "Voxels",
			"from": [ 4, 8, 20 ],
			"to": [ 7, 9, 22 ],
			"faces": {
				"down": { "uv": [ 5, 6.5, 5.75, 7 ], "texture": "#trap_atlas", "cullface": "south" },
				"up": { "uv": [ 5, 6.5, 5.75, 6 ], "texture": "#trap_atlas", "cullface": "south" },
				"north": { "uv": [ 8.25, 2.25, 7.5, 2.5 ], "texture": "#trap_atlas", "cullface": "south" },
				"west": { "uv": [ 4.5, 0, 5, 0.25 ], "texture": "#trap_atlas", "cullface": "south" },
				"east": { "uv": [ 10, 7.5, 9.5, 7.75 ], "texture": "#trap_atlas", "cullface": "south" }
			}
		},
		{
			"__comment": "Voxels",
			"from": [ 5, 9, -6 ],
			"to": [ 11, 10, -5 ],
			"faces": {
				"up": { "uv": [ 14.5, 12, 16, 11.75 ], "texture": "#trap_atlas", "cullface": "north" },
				"north": { "uv": [ 12.5, 11, 11, 11.25 ], "texture": "#trap_atlas", "cullface": "north" },
				"south": { "uv": [ 9.5, 11, 11, 11.25 ], "texture": "#trap_atlas", "cullface": "north" },
				"west": { "uv": [ 11.75, 6, 12, 6.25 ], "texture": "#trap_atlas", "cullface": "north" },
				"east": { "uv": [ 12.25, 6, 12, 6.25 ], "texture": "#trap_atlas", "cullface": "north" }
			}
		},
		{
			"__comment": "Voxels",
			"from": [ 5, 9, -5 ],
			"to": [ 7, 11, -4 ],
			"faces": {
				"up": { "uv": [ 8.5, 7.5, 9, 7.25 ], "texture": "#trap_atlas", "cullface": "north" },
				"north": { "uv": [ 16, 13.5, 15.5, 14 ], "texture": "#trap_atlas", "cullface": "north" },
				"south": { "uv": [ 15.5, 14, 16, 14.5 ], "texture": "#trap_atlas", "cullface": "north" },
				"west": { "uv": [ 8.25, 0.25, 8.5, 0.75 ], "texture": "#trap_atlas", "cullface": "north" },
				"east": { "uv": [ 8.75, 6.75, 8.5, 7.25 ], "texture": "#trap_atlas", "cullface": "north" }
			}
		},
		{
			"__comment": "Voxels",
			"from": [ 5, 9, 20 ],
			"to": [ 7, 11, 22 ],
			"faces": {
				"up": { "uv": [ 7.25, 9.25, 7.75, 8.75 ], "texture": "#trap_atlas", "cullface": "south" },
				"north": { "uv": [ 7.25, 8.75, 6.75, 9.25 ], "texture": "#trap_atlas", "cullface": "south" },
				"south": { "uv": [ 6.25, 0, 6.75, 0.5 ], "texture": "#trap_atlas", "cullface": "south" },
				"west": { "uv": [ 10.75, 8.75, 11.25, 9.25 ], "texture": "#trap_atlas", "cullface": "south" },
				"east": { "uv": [ 10.75, 8.75, 10.25, 9.25 ], "texture": "#trap_atlas", "cullface": "south" }
			}
		},
		{
			"__comment": "Voxels",
			"from": [ 5, 10, -6 ],
			"to": [ 7, 11, -5 ],
			"faces": {
				"up": { "uv": [ 11.75, 6.75, 12.25, 6.5 ], "texture": "#trap_atlas", "cullface": "north" },
				"north": { "uv": [ 12.75, 6.5, 12.25, 6.75 ], "texture": "#trap_atlas", "cullface": "north" },
				"west": { "uv": [ 9.5, 3, 9.75, 3.25 ], "texture": "#trap_atlas", "cullface": "north" },
				"east": { "uv": [ 11.75, 6, 11.5, 6.25 ], "texture": "#trap_atlas", "cullface": "north" }
			}
		},
		{
			"__comment": "Voxels",
			"from": [ 7, 8, 21 ],
			"to": [ 12, 9, 22 ],
			"faces": {
				"up": { "uv": [ 14, 10.5, 15.25, 10.25 ], "texture": "#trap_atlas", "cullface": "south" },
				"north": { "uv": [ 15, 11, 13.75, 11.25 ], "texture": "#trap_atlas", "cullface": "south" },
				"east": { "uv": [ 9.75, 0.5, 9.5, 0.75 ], "texture": "#trap_atlas", "cullface": "south" }
			}
		},
		{
			"__comment": "Voxels",
			"from": [ 7, 9, 21 ],
			"to": [ 11, 10, 22 ],
			"faces": {
				"up": { "uv": [ 9.75, 9.5, 10.75, 9.25 ], "texture": "#trap_atlas", "cullface": "south" },
				"north": { "uv": [ 9.75, 9.25, 8.75, 9.5 ], "texture": "#trap_atlas", "cullface": "south" },
				"south": { "uv": [ 7.75, 9.25, 8.75, 9.5 ], "texture": "#trap_atlas", "cullface": "south" },
				"east": { "uv": [ 9.75, 1.25, 9.5, 1.5 ], "texture": "#trap_atlas", "cullface": "south" }
			}
		},
		{
			"__comment": "Voxels",
			"from": [ 9, 6, -5 ],
			"to": [ 16, 8, -4 ],
			"faces": {
				"down": { "uv": [ 4.5, 11, 6.25, 11.25 ], "texture": "#trap_atlas", "cullface": "north" },
				"up": { "uv": [ 9.75, 11.5, 11.5, 11.25 ], "texture": "#trap_atlas", "cullface": "north" },
				"north": { "uv": [ 1.75, 6.5, 0, 7 ], "texture": "#trap_atlas", "cullface": "north" },
				"south": { "uv": [ 1.75, 6.5, 3.5, 7 ], "texture": "#trap_atlas", "cullface": "north" },
				"west": { "uv": [ 9.25, 2, 9.5, 2.5 ], "texture": "#trap_atlas", "cullface": "north" },
				"east": { "uv": [ 9.5, 1.5, 9.25, 2 ], "texture": "#trap_atlas", "cullface": "north" }
			}
		},
		{
			"__comment": "Voxels",
			"from": [ 9, 6, 20 ],
			"to": [ 16, 8, 21 ],
			"faces": {
				"down": { "uv": [ 6.25, 11, 8, 11.25 ], "texture": "#trap_atlas", "cullface": "south" },
				"up": { "uv": [ 6.25, 11.5, 8, 11.25 ], "texture": "#trap_atlas", "cullface": "south" },
				"north": { "uv": [ 1.75, 6, 0, 6.5 ], "texture": "#trap_atlas", "cullface": "south" },
				"south": { "uv": [ 1.75, 6, 3.5, 6.5 ], "texture": "#trap_atlas", "cullface": "south" },
				"west": { "uv": [ 15.75, 8.75, 16, 9.25 ], "texture": "#trap_atlas", "cullface": "south" },
				"east": { "uv": [ 7, 0, 6.75, 0.5 ], "texture": "#trap_atlas", "cullface": "south" }
			}
		},
		{
			"__comment": "Voxels",
			"from": [ 9, 8, -5 ],
			"to": [ 12, 9, -4 ],
			"faces": {
				"up": { "uv": [ 7.5, 1.75, 8.25, 1.5 ], "texture": "#trap_atlas", "cullface": "north" },
				"south": { "uv": [ 7.5, 1, 8.25, 1.25 ], "texture": "#trap_atlas", "cullface": "north" },
				"west": { "uv": [ 9.75, 6, 10, 6.25 ], "texture": "#trap_atlas", "cullface": "north" },
				"east": { "uv": [ 10.25, 6, 10, 6.25 ], "texture": "#trap_atlas", "cullface": "north" }
			}
		},
		{
			"__comment": "Voxels",
			"from": [ 9, 8, 20 ],
			"to": [ 12, 9, 21 ],
			"faces": {
				"up": { "uv": [ 15.25, 9.75, 16, 9.5 ], "texture": "#trap_atlas", "cullface": "south" },
				"north": { "uv": [ 12.25, 8.5, 11.5, 8.75 ], "texture": "#trap_atlas", "cullface": "south" },
				"west": { "uv": [ 12.25, 6, 12.5, 6.25 ], "texture": "#trap_atlas", "cullface": "south" },
				"east": { "uv": [ 13.25, 6, 13, 6.25 ], "texture": "#trap_atlas", "cullface": "south" }
			}
		},
		{
			"__comment": "Voxels",
			"from": [ 9, 9, -5 ],
			"to": [ 11, 11, -4 ],
			"faces": {
				"up": { "uv": [ 13.5, 7.75, 14, 7.5 ], "texture": "#trap_atlas", "cullface": "north" },
				"north": { "uv": [ 6.75, 4.5, 6.25, 5 ], "texture": "#trap_atlas", "cullface": "north" },
				"south": { "uv": [ 6.25, 5, 6.75, 5.5 ], "texture": "#trap_atlas", "cullface": "north" },
				"west": { "uv": [ 8.25, 1.25, 8.5, 1.75 ], "texture": "#trap_atlas", "cullface": "north" },
				"east": { "uv": [ 8.5, 0.75, 8.25, 1.25 ], "texture": "#trap_atlas", "cullface": "north" }
			}
		},
		{
			"__comment": "Voxels",
			"from": [ 9, 9, 20 ],
			"to": [ 11, 11, 21 ],
			"faces": {
				"up": { "uv": [ 15, 7.5, 15.5, 7.25 ], "texture": "#trap_atlas", "cullface": "south" },
				"north": { "uv": [ 6.75, 5.5, 6.25, 6 ], "texture": "#trap_atlas", "cullface": "south" },
				"south": { "uv": [ 6.25, 6, 6.75, 6.5 ], "texture": "#trap_atlas", "cullface": "south" },
				"west": { "uv": [ 8.5, 3.25, 8.75, 3.75 ], "texture": "#trap_atlas", "cullface": "south" },
				"east": { "uv": [ 8.75, 2.75, 8.5, 3.25 ], "texture": "#trap_atlas", "cullface": "south" }
			}
		},
		{
			"__comment": "Voxels",
			"from": [ 9, 10, -6 ],
			"to": [ 11, 11, -5 ],
			"faces": {
				"up": { "uv": [ 15.5, 12.25, 16, 12 ], "texture": "#trap_atlas", "cullface": "north" },
				"north": { "uv": [ 1.25, 0, 0.75, 0.25 ], "texture": "#trap_atlas", "cullface": "north" },
				"west": { "uv": [ 15.75, 9.75, 16, 10 ], "texture": "#trap_atlas", "cullface": "north" },
				"east": { "uv": [ 16, 9.25, 15.75, 9.5 ], "texture": "#trap_atlas", "cullface": "north" }
			}
		},
		{
			"__comment": "Voxels",
			"from": [ 9, 10, 21 ],
			"to": [ 11, 11, 22 ],
			"faces": {
				"up": { "uv": [ 4, 8.75, 4.5, 8.5 ], "texture": "#trap_atlas", "cullface": "south" },
				"south": { "uv": [ 4, 0, 4.5, 0.25 ], "texture": "#trap_atlas", "cullface": "south" },
				"west": { "uv": [ 15.75, 7.75, 16, 8 ], "texture": "#trap_atlas", "cullface": "south" },
				"east": { "uv": [ 8.5, 0, 8.25, 0.25 ], "texture": "#trap_atlas", "cullface": "south" }
			}
		},
		{
			"__comment": "Voxels",
			"from": [ 13, 6, -4 ],
			"to": [ 17, 8, -3 ],
			"faces": {
				"down": { "uv": [ 13.25, 9.5, 14.25, 9.75 ], "texture": "#trap_atlas", "cullface": "north" },
				"up": { "uv": [ 12.25, 9.75, 13.25, 9.5 ], "texture": "#trap_atlas", "cullface": "north" },
				"north": { "uv": [ 4.5, 6, 3.5, 6.5 ], "texture": "#trap_atlas", "cullface": "north" },
				"south": { "uv": [ 3.5, 5.5, 4.5, 6 ], "texture": "#trap_atlas", "cullface": "north" },
				"west": { "uv": [ 7.5, 0.5, 7.75, 1 ], "texture": "#trap_atlas", "cullface": "north" },
				"east": { "uv": [ 8, 0.5, 7.75, 1 ], "texture": "#trap_atlas", "cullface": "north" }
			}
		},
		{
			"__comment": "Voxels",
			"from": [ 13, 6, 19 ],
			"to": [ 17, 8, 20 ],
			"faces": {
				"down": { "uv": [ 8.25, 9.5, 9.25, 9.75 ], "texture": "#trap_atlas", "cullface": "south" },
				"up": { "uv": [ 7.25, 9.75, 8.25, 9.5 ], "texture": "#trap_atlas", "cullface": "south" },
				"north": { "uv": [ 4.5, 4.5, 3.5, 5 ], "texture": "#trap_atlas", "cullface": "south" },
				"south": { "uv": [ 2, 9.75, 3, 10.25 ], "texture": "#trap_atlas", "cullface": "south" },
				"west": { "uv": [ 8.25, 7.25, 8.5, 7.75 ], "texture": "#trap_atlas", "cullface": "south" },
				"east": { "uv": [ 8.5, 6.75, 8.25, 7.25 ], "texture": "#trap_atlas", "cullface": "south" }
			}
		},
		{
			"__comment": "Voxels",
			"from": [ 13, 8, -5 ],
			"to": [ 16, 10, -3 ],
			"faces": {
				"down": { "uv": [ 5.75, 10, 6.5, 10.5 ], "texture": "#trap_atlas", "cullface": "north" },
				"up": { "uv": [ 5, 0.5, 5.75, 0 ], "texture": "#trap_atlas", "cullface": "north" },
				"north": { "uv": [ 5.75, 0.5, 5, 1 ], "texture": "#trap_atlas", "cullface": "north" },
				"south": { "uv": [ 5, 1, 5.75, 1.5 ], "texture": "#trap_atlas", "cullface": "north" },
				"west": { "uv": [ 5.75, 7.75, 6.25, 8.25 ], "texture": "#trap_atlas", "cullface": "north" },
				"east": { "uv": [ 6.25, 8.25, 5.75, 8.75 ], "texture": "#trap_atlas", "cullface": "north" }
			}
		},
		{
			"__comment": "Voxels",
			"from": [ 13, 8, 19 ],
			"to": [ 16, 10, 21 ],
			"faces": {
				"down": { "uv": [ 5, 1.5, 5.75, 2 ], "texture": "#trap_atlas", "cullface": "south" },
				"up": { "uv": [ 5, 2.5, 5.75, 2 ], "texture": "#trap_atlas", "cullface": "south" },
				"north": { "uv": [ 5.75, 2.5, 5, 3 ], "texture": "#trap_atlas", "cullface": "south" },
				"south": { "uv": [ 5, 3, 5.75, 3.5 ], "texture": "#trap_atlas", "cullface": "south" },
				"west": { "uv": [ 4.5, 0.25, 5, 0.75 ], "texture": "#trap_atlas", "cullface": "south" },
				"east": { "uv": [ 5, 0.75, 4.5, 1.25 ], "texture": "#trap_atlas", "cullface": "south" }
			}
		},
		{
			"__comment": "Voxels",
			"from": [ 14, 6, -3 ],
			"to": [ 18, 8, -2 ],
			"faces": {
				"down": { "uv": [ 2, 8.75, 3, 9 ], "texture": "#trap_atlas", "cullface": "north" },
				"up": { "uv": [ 2, 9.75, 3, 9.5 ], "texture": "#trap_atlas", "cullface": "north" },
				"north": { "uv": [ 4.5, 3.5, 3.5, 4 ], "texture": "#trap_atlas", "cullface": "north" },
				"south": { "uv": [ 3.5, 1, 4.5, 1.5 ], "texture": "#trap_atlas", "cullface": "north" },
				"west": { "uv": [ 8.25, 4.25, 8.5, 4.75 ], "texture": "#trap_atlas", "cullface": "north" },
				"east": { "uv": [ 8.5, 3.75, 8.25, 4.25 ], "texture": "#trap_atlas", "cullface": "north" }
			}
		},
		{
			"__comment": "Voxels",
			"from": [ 14, 6, 18 ],
			"to": [ 18, 8, 19 ],
			"faces": {
				"down": { "uv": [ 11.25, 9.5, 12.25, 9.75 ], "texture": "#trap_atlas", "cullface": "south" },
				"up": { "uv": [ 10.25, 9.75, 11.25, 9.5 ], "texture": "#trap_atlas", "cullface": "south" },
				"north": { "uv": [ 4.5, 11, 3.5, 11.5 ], "texture": "#trap_atlas", "cullface": "south" },
				"south": { "uv": [ 3.5, 8, 4.5, 8.5 ], "texture": "#trap_atlas", "cullface": "south" },
				"west": { "uv": [ 8.25, 2.25, 8.5, 2.75 ], "texture": "#trap_atlas", "cullface": "south" },
				"east": { "uv": [ 8.5, 1.75, 8.25, 2.25 ], "texture": "#trap_atlas", "cullface": "south" }
			}
		},
		{
			"__comment": "Voxels",
			"from": [ 14, 8, -3 ],
			"to": [ 17, 9, -2 ],
			"faces": {
				"up": { "uv": [ 13.75, 8.75, 14.5, 8.5 ], "texture": "#trap_atlas", "cullface": "north" },
				"north": { "uv": [ 15.25, 8.5, 14.5, 8.75 ], "texture": "#trap_atlas", "cullface": "north" },
				"south": { "uv": [ 15.25, 8.5, 16, 8.75 ], "texture": "#trap_atlas", "cullface": "north" },
				"west": { "uv": [ 14.5, 6.25, 14.75, 6.5 ], "texture": "#trap_atlas", "cullface": "north" },
				"east": { "uv": [ 15, 6.25, 14.75, 6.5 ], "texture": "#trap_atlas", "cullface": "north" }
			}
		},
		{
			"__comment": "Voxels",
			"from": [ 14, 8, 18 ],
			"to": [ 17, 9, 19 ],
			"faces": {
				"up": { "uv": [ 9.5, 8.25, 10.25, 8 ], "texture": "#trap_atlas", "cullface": "south" },
				"north": { "uv": [ 11, 8.25, 10.25, 8.5 ], "texture": "#trap_atlas", "cullface": "south" },
				"south": { "uv": [ 10.25, 8, 11, 8.25 ], "texture": "#trap_atlas", "cullface": "south" },
				"west": { "uv": [ 15.5, 6.25, 15.75, 6.5 ], "texture": "#trap_atlas", "cullface": "south" },
				"east": { "uv": [ 16, 6.25, 15.75, 6.5 ], "texture": "#trap_atlas", "cullface": "south" }
			}
		},
		{
			"__comment": "Voxels",
			"from": [ 14, 9, -3 ],
			"to": [ 16, 11, -2 ],
			"faces": {
				"up": { "uv": [ 12.5, 7.5, 13, 7.25 ], "texture": "#trap_atlas", "cullface": "north" },
				"north": { "uv": [ 6.25, 8.75, 5.75, 9.25 ], "texture": "#trap_atlas", "cullface": "north" },
				"south": { "uv": [ 5.75, 9.25, 6.25, 9.75 ], "texture": "#trap_atlas", "cullface": "north" },
				"west": { "uv": [ 8.5, 6.25, 8.75, 6.75 ], "texture": "#trap_atlas", "cullface": "north" },
				"east": { "uv": [ 8.75, 5.75, 8.5, 6.25 ], "texture": "#trap_atlas", "cullface": "north" }
			}
		},
		{
			"__comment": "Voxels",
			"from": [ 14, 9, 18 ],
			"to": [ 16, 11, 19 ],
			"faces": {
				"up": { "uv": [ 14.5, 7.5, 15, 7.25 ], "texture": "#trap_atlas", "cullface": "south" },
				"north": { "uv": [ 15.75, 10, 15.25, 10.5 ], "texture": "#trap_atlas", "cullface": "south" },
				"south": { "uv": [ 15.5, 10.5, 16, 11 ], "texture": "#trap_atlas", "cullface": "south" },
				"west": { "uv": [ 8.5, 4.75, 8.75, 5.25 ], "texture": "#trap_atlas", "cullface": "south" },
				"east": { "uv": [ 8.75, 4.25, 8.5, 4.75 ], "texture": "#trap_atlas", "cullface": "south" }
			}
		},
		{
			"__comment": "Voxels",
			"from": [ 14, 10, -4 ],
			"to": [ 16, 11, -3 ],
			"faces": {
				"up": { "uv": [ 8.75, 7.25, 9.25, 7 ], "texture": "#trap_atlas", "cullface": "north" },
				"north": { "uv": [ 9.75, 7, 9.25, 7.25 ], "texture": "#trap_atlas", "cullface": "north" },
				"west": { "uv": [ 9.5, 5.5, 9.75, 5.75 ], "texture": "#trap_atlas", "cullface": "north" },
				"east": { "uv": [ 13.5, 6, 13.25, 6.25 ], "texture": "#trap_atlas", "cullface": "north" }
			}
		},
		{
			"__comment": "Voxels",
			"from": [ 14, 10, 19 ],
			"to": [ 16, 11, 20 ],
			"faces": {
				"up": { "uv": [ 10.75, 7.25, 11.25, 7 ], "texture": "#trap_atlas", "cullface": "south" },
				"south": { "uv": [ 11.75, 7, 12.25, 7.25 ], "texture": "#trap_atlas", "cullface": "south" },
				"west": { "uv": [ 9.5, 5, 9.75, 5.25 ], "texture": "#trap_atlas", "cullface": "south" },
				"east": { "uv": [ 9.75, 4.75, 9.5, 5 ], "texture": "#trap_atlas", "cullface": "south" }
			}
		},
		{
			"__comment": "Voxels",
			"from": [ 15, 6, -2 ],
			"to": [ 19, 8, -1 ],
			"faces": {
				"down": { "uv": [ 7.75, 9.75, 8.75, 10 ], "texture": "#trap_atlas", "cullface": "north" },
				"up": { "uv": [ 6.75, 10, 7.75, 9.75 ], "texture": "#trap_atlas", "cullface": "north" },
				"north": { "uv": [ 4.5, 7, 3.5, 7.5 ], "texture": "#trap_atlas", "cullface": "north" },
				"south": { "uv": [ 2, 9, 3, 9.5 ], "texture": "#trap_atlas", "cullface": "north" },
				"west": { "uv": [ 8.75, 6.5, 9, 7 ], "texture": "#trap_atlas", "cullface": "north" },
				"east": { "uv": [ 9, 6, 8.75, 6.5 ], "texture": "#trap_atlas", "cullface": "north" }
			}
		},
		{
			"__comment": "Voxels",
			"from": [ 15, 6, 17 ],
			"to": [ 19, 8, 18 ],
			"faces": {
				"down": { "uv": [ 11.75, 9.75, 12.75, 10 ], "texture": "#trap_atlas", "cullface": "south" },
				"up": { "uv": [ 9.25, 9.75, 10.25, 9.5 ], "texture": "#trap_atlas", "cullface": "south" },
				"north": { "uv": [ 1.75, 1.25, 0.75, 1.75 ], "texture": "#trap_atlas", "cullface": "south" },
				"south": { "uv": [ 1.75, 1.75, 2.75, 2.25 ], "texture": "#trap_atlas", "cullface": "south" },
				"west": { "uv": [ 8.75, 4.5, 9, 5 ], "texture": "#trap_atlas", "cullface": "south" },
				"east": { "uv": [ 9, 4, 8.75, 4.5 ], "texture": "#trap_atlas", "cullface": "south" }
			}
		},
		{
			"__comment": "Voxels",
			"from": [ 15, 8, -2 ],
			"to": [ 17, 9, -1 ],
			"faces": {
				"up": { "uv": [ 13.75, 7.25, 14.25, 7 ], "texture": "#trap_atlas", "cullface": "north" },
				"south": { "uv": [ 14.75, 7, 15.25, 7.25 ], "texture": "#trap_atlas", "cullface": "north" },
				"west": { "uv": [ 9.5, 4, 9.75, 4.25 ], "texture": "#trap_atlas", "cullface": "north" },
				"east": { "uv": [ 9.75, 3.75, 9.5, 4 ], "texture": "#trap_atlas", "cullface": "north" }
			}
		},
		{
			"__comment": "Voxels",
			"from": [ 15, 8, 17 ],
			"to": [ 17, 9, 18 ],
			"faces": {
				"up": { "uv": [ 9, 7, 9.5, 6.75 ], "texture": "#trap_atlas", "cullface": "south" },
				"north": { "uv": [ 10, 6.75, 9.5, 7 ], "texture": "#trap_atlas", "cullface": "south" },
				"west": { "uv": [ 9.5, 3.5, 9.75, 3.75 ], "texture": "#trap_atlas", "cullface": "south" },
				"east": { "uv": [ 9.75, 3.25, 9.5, 3.5 ], "texture": "#trap_atlas", "cullface": "south" }
			}
		},
		{
			"__comment": "Voxels",
			"from": [ 16, 5, -1 ],
			"to": [ 19, 9, 1 ],
			"faces": {
				"down": { "uv": [ 5, 4.5, 5.75, 5 ], "texture": "#trap_atlas" },
				"up": { "uv": [ 5, 5.5, 5.75, 5 ], "texture": "#trap_atlas" },
				"north": { "uv": [ 1.5, 4, 0.75, 5 ], "texture": "#trap_atlas" },
				"south": { "uv": [ 2.25, 4, 3, 5 ], "texture": "#trap_atlas" },
				"west": { "uv": [ 3.5, 10, 4, 11 ], "texture": "#trap_atlas" },
				"east": { "uv": [ 1.75, 0.25, 1.25, 1.25 ], "texture": "#trap_atlas" }
			}
		},
		{
			"__comment": "Voxels",
			"from": [ 16, 5, 15 ],
			"to": [ 20, 7, 16 ],
			"faces": {
				"down": { "uv": [ 15, 11.25, 16, 11.5 ], "texture": "#trap_atlas" },
				"up": { "uv": [ 5.75, 10, 6.75, 9.75 ], "texture": "#trap_atlas" },
				"north": { "uv": [ 2.75, 2.5, 1.75, 3 ], "texture": "#trap_atlas" },
				"south": { "uv": [ 0.75, 2.5, 1.75, 3 ], "texture": "#trap_atlas" },
				"west": { "uv": [ 8.75, 0, 9, 0.5 ], "texture": "#trap_atlas" },
				"east": { "uv": [ 9.25, 6.25, 9, 6.75 ], "texture": "#trap_atlas" }
			}
		},
		{
			"__comment": "Voxels",
			"from": [ 16, 5, 16 ],
			"to": [ 19, 9, 17 ],
			"faces": {
				"down": { "uv": [ 11, 8, 11.75, 8.25 ], "texture": "#trap_atlas" },
				"up": { "uv": [ 11.75, 8.5, 12.5, 8.25 ], "texture": "#trap_atlas" },
				"north": { "uv": [ 0.75, 4, 0, 5 ], "texture": "#trap_atlas" },
				"south": { "uv": [ 0, 3, 0.75, 4 ], "texture": "#trap_atlas" },
				"west": { "uv": [ 0.5, 0, 0.75, 1 ], "texture": "#trap_atlas" },
				"east": { "uv": [ 6, 5.75, 5.75, 6.75 ], "texture": "#trap_atlas" }
			}
		},
		{
			"__comment": "Voxels",
			"from": [ 16, 7, 15 ],
			"to": [ 19, 9, 16 ],
			"faces": {
				"up": { "uv": [ 12.5, 8.5, 13.25, 8.25 ], "texture": "#trap_atlas" },
				"north": { "uv": [ 5.75, 7, 5, 7.5 ], "texture": "#trap_atlas" },
				"west": { "uv": [ 9, 2.75, 9.25, 3.25 ], "texture": "#trap_atlas" },
				"east": { "uv": [ 9.25, 2.25, 9, 2.75 ], "texture": "#trap_atlas" }
			}
		},
		{
			"__comment": "Voxels",
			"from": [ 17, 4, 4 ],
			"to": [ 20, 6, 6 ],
			"faces": {
				"down": { "uv": [ 5, 8, 5.75, 8.5 ], "texture": "#trap_atlas", "cullface": "east" },
				"up": { "uv": [ 5, 9, 5.75, 8.5 ], "texture": "#trap_atlas", "cullface": "east" },
				"north": { "uv": [ 5.75, 9, 5, 9.5 ], "texture": "#trap_atlas", "cullface": "east" },
				"west": { "uv": [ 8.25, 8.75, 8.75, 9.25 ], "texture": "#trap_atlas", "cullface": "east" },
				"east": { "uv": [ 9.25, 8.75, 8.75, 9.25 ], "texture": "#trap_atlas", "cullface": "east" }
			}
		},
		{
			"__comment": "Voxels",
			"from": [ 17, 4, 10 ],
			"to": [ 20, 6, 12 ],
			"faces": {
				"down": { "uv": [ 12.5, 10.5, 13.25, 11 ], "texture": "#trap_atlas", "cullface": "east" },
				"up": { "uv": [ 11.75, 11, 12.5, 10.5 ], "texture": "#trap_atlas", "cullface": "east" },
				"north": { "uv": [ 6.5, 10.5, 5.75, 11 ], "texture": "#trap_atlas", "cullface": "east" },
				"south": { "uv": [ 5, 10.5, 5.75, 11 ], "texture": "#trap_atlas", "cullface": "east" },
				"west": { "uv": [ 4.5, 1.75, 5, 2.25 ], "texture": "#trap_atlas", "cullface": "east" },
				"east": { "uv": [ 5, 2.25, 4.5, 2.75 ], "texture": "#trap_atlas", "cullface": "east" }
			}
		},
		{
			"__comment": "Voxels",
			"from": [ 17, 5, 1 ],
			"to": [ 20, 7, 2 ],
			"faces": {
				"down": { "uv": [ 12.5, 8, 13.25, 8.25 ], "texture": "#trap_atlas", "cullface": "east" },
				"up": { "uv": [ 13.25, 8.5, 14, 8.25 ], "texture": "#trap_atlas", "cullface": "east" },
				"north": { "uv": [ 3.5, 1.75, 2.75, 2.25 ], "texture": "#trap_atlas", "cullface": "east" },
				"south": { "uv": [ 2.75, 2.5, 3.5, 3 ], "texture": "#trap_atlas", "cullface": "east" },
				"west": { "uv": [ 9.25, 4, 9.5, 4.5 ], "texture": "#trap_atlas", "cullface": "east" },
				"east": { "uv": [ 9.5, 3.5, 9.25, 4 ], "texture": "#trap_atlas", "cullface": "east" }
			}
		},
		{
			"__comment": "Voxels",
			"from": [ 17, 5, 2 ],
			"to": [ 20, 6, 4 ],
			"faces": {
				"down": { "uv": [ 12.5, 10, 13.25, 10.5 ], "texture": "#trap_atlas", "cullface": "east" },
				"up": { "uv": [ 13.25, 10.5, 14, 10 ], "texture": "#trap_atlas", "cullface": "east" },
				"west": { "uv": [ 13.75, 6.5, 14.25, 6.75 ], "texture": "#trap_atlas", "cullface": "east" },
				"east": { "uv": [ 14.75, 6.5, 14.25, 6.75 ], "texture": "#trap_atlas", "cullface": "east" }
			}
		},
		{
			"__comment": "Voxels",
			"from": [ 17, 5, 12 ],
			"to": [ 20, 6, 15 ],
			"faces": {
				"down": { "uv": [ 2.75, 10.25, 3.5, 11 ], "texture": "#trap_atlas", "cullface": "east" },
				"up": { "uv": [ 2, 11, 2.75, 10.25 ], "texture": "#trap_atlas", "cullface": "east" },
				"west": { "uv": [ 7.5, 7.75, 8.25, 8 ], "texture": "#trap_atlas", "cullface": "east" },
				"east": { "uv": [ 9, 7.75, 8.25, 8 ], "texture": "#trap_atlas", "cullface": "east" }
			}
		},
		{
			"__comment": "Voxels",
			"from": [ 17, 6, 14 ],
			"to": [ 20, 7, 15 ],
			"faces": {
				"up": { "uv": [ 9.75, 8, 10.5, 7.75 ], "texture": "#trap_atlas", "cullface": "east" },
				"north": { "uv": [ 11.25, 7.75, 10.5, 8 ], "texture": "#trap_atlas", "cullface": "east" },
				"west": { "uv": [ 9.5, 2.5, 9.75, 2.75 ], "texture": "#trap_atlas", "cullface": "east" },
				"east": { "uv": [ 9.75, 2.25, 9.5, 2.5 ], "texture": "#trap_atlas", "cullface": "east" }
			}
		},
		{
			"__comment": "Voxels",
			"from": [ 17, 7, 1 ],
			"to": [ 19, 10, 2 ],
			"faces": {
				"up": { "uv": [ 11, 6.5, 11.5, 6.25 ], "texture": "#trap_atlas", "cullface": "east" },
				"north": { "uv": [ 3.5, 9.5, 3, 10.25 ], "texture": "#trap_atlas", "cullface": "east" },
				"south": { "uv": [ 3, 8.75, 3.5, 9.5 ], "texture": "#trap_atlas", "cullface": "east" },
				"west": { "uv": [ 6.75, 2.75, 7, 3.5 ], "texture": "#trap_atlas", "cullface": "east" },
				"east": { "uv": [ 7, 2, 6.75, 2.75 ], "texture": "#trap_atlas", "cullface": "east" }
			}
		},
		{
			"__comment": "Voxels",
			"from": [ 17, 7, 14 ],
			"to": [ 19, 10, 15 ],
			"faces": {
				"up": { "uv": [ 12, 6.5, 12.5, 6.25 ], "texture": "#trap_atlas", "cullface": "east" },
				"north": { "uv": [ 3.5, 8, 3, 8.75 ], "texture": "#trap_atlas", "cullface": "east" },
				"south": { "uv": [ 2.75, 0, 3.25, 0.75 ], "texture": "#trap_atlas", "cullface": "east" },
				"west": { "uv": [ 6.75, 1.25, 7, 2 ], "texture": "#trap_atlas", "cullface": "east" },
				"east": { "uv": [ 7, 0.5, 6.75, 1.25 ], "texture": "#trap_atlas", "cullface": "east" }
			}
		},
		{
			"__comment": "Voxels",
			"from": [ 17, 9, -1 ],
			"to": [ 19, 11, 1 ],
			"faces": {
				"up": { "uv": [ 13.75, 9.25, 14.25, 8.75 ], "texture": "#trap_atlas", "cullface": "east" },
				"north": { "uv": [ 14.75, 8.75, 14.25, 9.25 ], "texture": "#trap_atlas", "cullface": "east" },
				"south": { "uv": [ 14.75, 8.75, 15.25, 9.25 ], "texture": "#trap_atlas", "cullface": "east" },
				"west": { "uv": [ 15.25, 8.75, 15.75, 9.25 ], "texture": "#trap_atlas", "cullface": "east" },
				"east": { "uv": [ 7.5, 8.25, 7, 8.75 ], "texture": "#trap_atlas", "cullface": "east" }
			}
		},
		{
			"__comment": "Voxels",
			"from": [ 17, 9, 15 ],
			"to": [ 19, 11, 17 ],
			"faces": {
				"down": { "uv": [ 7, 7.75, 7.5, 8.25 ], "texture": "#trap_atlas", "cullface": "east" },
				"up": { "uv": [ 7, 7.75, 7.5, 7.25 ], "texture": "#trap_atlas", "cullface": "east" },
				"north": { "uv": [ 7.5, 6.75, 7, 7.25 ], "texture": "#trap_atlas", "cullface": "east" },
				"south": { "uv": [ 7, 6.25, 7.5, 6.75 ], "texture": "#trap_atlas", "cullface": "east" },
				"west": { "uv": [ 7, 5.75, 7.5, 6.25 ], "texture": "#trap_atlas", "cullface": "east" },
				"east": { "uv": [ 7.5, 5.25, 7, 5.75 ], "texture": "#trap_atlas", "cullface": "east" }
			}
		},
		{
			"__comment": "Voxels",
			"from": [ 18, 6, 2 ],
			"to": [ 20, 7, 6 ],
			"faces": {
				"down": { "uv": [ 3, 3, 3.5, 4 ], "texture": "#trap_atlas", "cullface": "east" },
				"up": { "uv": [ 3, 5, 3.5, 4 ], "texture": "#trap_atlas", "cullface": "east" },
				"west": { "uv": [ 7.5, 8.5, 8.5, 8.75 ], "texture": "#trap_atlas", "cullface": "east" },
				"east": { "uv": [ 9.5, 8.5, 8.5, 8.75 ], "texture": "#trap_atlas", "cullface": "east" }
			}
		},
		{
			"__comment": "Voxels",
			"from": [ 18, 6, 10 ],
			"to": [ 20, 9, 12 ],
			"faces": {
				"up": { "uv": [ 7, 3.75, 7.5, 3.25 ], "texture": "#trap_atlas", "cullface": "east" },
				"north": { "uv": [ 4.5, 8.75, 4, 9.5 ], "texture": "#trap_atlas", "cullface": "east" },
				"south": { "uv": [ 3.5, 0.25, 4, 1 ], "texture": "#trap_atlas", "cullface": "east" },
				"west": { "uv": [ 4, 0.25, 4.5, 1 ], "texture": "#trap_atlas", "cullface": "east" },
				"east": { "uv": [ 5, 10.25, 4.5, 11 ], "texture": "#trap_atlas", "cullface": "east" }
			}
		},
		{
			"__comment": "Voxels",
			"from": [ 18, 6, 12 ],
			"to": [ 20, 7, 14 ],
			"faces": {
				"up": { "uv": [ 7, 1.75, 7.5, 1.25 ], "texture": "#trap_atlas", "cullface": "east" },
				"west": { "uv": [ 10.5, 7.25, 11, 7.5 ], "texture": "#trap_atlas", "cullface": "east" },
				"east": { "uv": [ 11.5, 7.25, 11, 7.5 ], "texture": "#trap_atlas", "cullface": "east" }
			}
		},
		{
			"__comment": "Voxels",
			"from": [ 18, 7, 4 ],
			"to": [ 20, 9, 6 ],
			"faces": {
				"up": { "uv": [ 7, 0.75, 7.5, 0.25 ], "texture": "#trap_atlas", "cullface": "east" },
				"north": { "uv": [ 8, 8, 7.5, 8.5 ], "texture": "#trap_atlas", "cullface": "east" },
				"south": { "uv": [ 8, 8, 8.5, 8.5 ], "texture": "#trap_atlas", "cullface": "east" },
				"west": { "uv": [ 8.5, 8, 9, 8.5 ], "texture": "#trap_atlas", "cullface": "east" },
				"east": { "uv": [ 9.5, 8, 9, 8.5 ], "texture": "#trap_atlas", "cullface": "east" }
			}
		},
		{
			"__comment": "Voxels",
			"from": [ 19, 5, 0 ],
			"to": [ 20, 7, 1 ],
			"faces": {
				"down": { "uv": [ 10.5, 6, 10.75, 6.25 ], "texture": "#trap_atlas", "cullface": "east" },
				"up": { "uv": [ 10.75, 6.25, 11, 6 ], "texture": "#trap_atlas", "cullface": "east" },
				"north": { "uv": [ 8.75, 2.25, 8.5, 2.75 ], "texture": "#trap_atlas", "cullface": "east" },
				"east": { "uv": [ 9, 3.5, 8.75, 4 ], "texture": "#trap_atlas", "cullface": "east" }
			}
		},
		{
			"__comment": "Voxels",
			"from": [ 23, 5, 7 ],
			"to": [ 24, 6, 9 ],
			"faces": {
				"west": { "uv": [ 10.5, 6.75, 11, 7 ], "texture": "#trap_atlas", "cullface": "east" },
				"east": { "uv": [ 13.75, 6.5, 13.25, 6.75 ], "texture": "#trap_atlas", "cullface": "east" }
			}
		}
	],
	"display": {
		"thirdperson_righthand": {
			"rotation":  [ 0, 45, -90 ],
			"translation":  [ 0, -2, 1 ],
			"scale":  [ 0.3, 0.3, 0.3 ]
		},
		"thirdperson_lefthand": {
			"rotation":  [ 0, 45, -90 ],
			"translation":  [ 0, -2, 1 ],
			"scale":  [ 0.3, 0.3, 0.3 ]
		},
		"firstperson_righthand": {
			"rotation":  [ -90, 0, -90 ],
			"translation":  [ 6, 0, 0 ],
			"scale":  [ 0.6, 0.6, 0.6 ]
		},
		"firstperson_lefthand": {
			"rotation":  [ -90, 0, -90 ],
			"translation":  [ 6, 0, 0 ],
			"scale":  [ 0.6, 0.6, 0.6 ]
		},
		"gui": {
			"rotation":  [ 34, 47, 0 ],
			"scale":  [ 0.6, 0.6, 0.6 ]
		},
		"head": {
			"translation":  [ 0, -40, 0 ],
			"scale":  [ 1, 2, 1 ]
		},
		"ground": {
			"scale":  [ 0.5, 0.5, 0.5 ]
		},
		"fixed": {
			"rotation":  [ -90, 0, 0 ],
			"translation":  [ 0, 0, -3 ],
			"scale":  [ 0.7, 1, 0.7 ]
		}
	}
}