{
	"__comment": "Designed by Elo106 with Cubik Studio - https://cubik.studio",
	"textures": {
		"particle": "items/vampcollar",
		"vamp": "items/vamp",
		"voxels_atlas": "items/vampcollar"
	},
	"elements": [ 	 
		{
			"__comment": "Box2",
			"from": [ -3.3182, 1.5, 1.5753 ],
			"to": [ 8.6818, 9.5, 1.5763 ],
			"rotation": { "origin": [ -3.5, 1.5, 1.5 ], "axis": "y", "angle": 22.5 },
			"faces": {
				"down": { "uv": [ 0, 0, 0, 0.5 ], "texture": "#vamp", "rotation": 90 },
				"up": { "uv": [ 0, 0, 0, 0 ], "texture": "#vamp", "rotation": 270 },
				"north": { "uv": [ 0, 0, 16, 16 ], "texture": "#vamp" },
				"south": { "uv": [ 16, 0, 0, 16 ], "texture": "#vamp" },
				"west": { "uv": [ 0, 0, 0, 1 ], "texture": "#vamp" },
				"east": { "uv": [ 0, 0, 0, 6.5 ], "texture": "#vamp" }
			}
		},
		{
			"__comment": "Box2",
			"from": [ -3.4511, 1.5, 1.6181 ],
			"to": [ -3.4501, 9.5, 12.6181 ],
			"rotation": { "origin": [ -3.5, 1.5, 1.5 ], "axis": "y", "angle": -22.5 },
			"faces": {
				"down": { "uv": [ 0, 0, 0, 0.5 ], "texture": "#vamp" },
				"up": { "uv": [ 0, 0, 0, 0 ], "texture": "#vamp" },
				"north": { "uv": [ 0, 0, 0, 1 ], "texture": "#vamp" },
				"south": { "uv": [ 0, 0, 0, 6.5 ], "texture": "#vamp" },
				"west": { "uv": [ 16, 0, 0, 16 ], "texture": "#vamp" },
				"east": { "uv": [ 0, 0, 16, 16 ], "texture": "#vamp" }
			}
		},
		{
			"__comment": "Box2",
			"from": [ 8.2571, 1.5, -3.6065 ],
			"to": [ 20.2571, 9.5, -3.6055 ],
			"rotation": { "origin": [ 8, 1.5, -3.5 ], "axis": "y", "angle": -22.5 },
			"faces": {
				"down": { "uv": [ 0, 0, 0, 0.5 ], "texture": "#vamp", "rotation": 90 },
				"up": { "uv": [ 0, 0, 0, 0 ], "texture": "#vamp", "rotation": 270 },
				"north": { "uv": [ 0, 0, 16, 16 ], "texture": "#vamp" },
				"south": { "uv": [ 16, 0, 0, 16 ], "texture": "#vamp" },
				"west": { "uv": [ 0, 0, 0, 1 ], "texture": "#vamp" },
				"east": { "uv": [ 0, 0, 0, 6.5 ], "texture": "#vamp" }
			}
		},
		{
			"__comment": "Box2",
			"from": [ 19.4308, 1.5, 1.167 ],
			"to": [ 19.4318, 9.5, 12.167 ],
			"rotation": { "origin": [ 19.5, 1.5, 1 ], "axis": "y", "angle": 22.5 },
			"faces": {
				"down": { "uv": [ 0, 0, 0, 0.5 ], "texture": "#vamp" },
				"up": { "uv": [ 0, 0, 0, 0 ], "texture": "#vamp" },
				"north": { "uv": [ 0, 0, 0, 1 ], "texture": "#vamp" },
				"south": { "uv": [ 0, 0, 0, 6.5 ], "texture": "#vamp" },
				"west": { "uv": [ 16, 0, 0, 16 ], "texture": "#vamp" },
				"east": { "uv": [ 0, 0, 16, 16 ], "texture": "#vamp" }
			}
		},
		{
			"__comment": "Voxels",
			"from": [ -9, 5, 11 ],
			"to": [ -7, 6, 12 ],
			"faces": {
				"down": { "uv": [ 13, 8, 14, 8.5 ], "texture": "#voxels_atlas" },
				"up": { "uv": [ 15, 14, 16, 13.5 ], "texture": "#voxels_atlas" },
				"north": { "uv": [ 3.5, 0, 2.5, 0.5 ], "texture": "#voxels_atlas" },
				"south": { "uv": [ 3.5, 0, 4.5, 0.5 ], "texture": "#voxels_atlas" },
				"west": { "uv": [ 6.5, 0, 7, 0.5 ], "texture": "#voxels_atlas" },
				"east": { "uv": [ 7.5, 0, 7, 0.5 ], "texture": "#voxels_atlas" }
			}
		},
		{
			"__comment": "Voxels",
			"from": [ -9, 6, 11 ],
			"to": [ -8, 10, 12 ],
			"faces": {
				"down": { "uv": [ 15.5, 7.5, 16, 8 ], "texture": "#voxels_atlas" },
				"up": { "uv": [ 11.5, 7.5, 12, 7 ], "texture": "#voxels_atlas" },
				"north": { "uv": [ 2.5, 1, 2, 3 ], "texture": "#voxels_atlas" },
				"south": { "uv": [ 2.5, 7.5, 3, 9.5 ], "texture": "#voxels_atlas" },
				"west": { "uv": [ 3, 7.5, 3.5, 9.5 ], "texture": "#voxels_atlas" },
				"east": { "uv": [ 3, 5.5, 2.5, 7.5 ], "texture": "#voxels_atlas" }
			}
		},
		{
			"__comment": "Voxels",
			"from": [ -8, 1, 9 ],
			"to": [ -5, 2, 10 ],
			"faces": {
				"down": { "uv": [ 10.5, 10.5, 12, 11 ], "texture": "#voxels_atlas" },
				"up": { "uv": [ 12, 11, 13.5, 10.5 ], "texture": "#voxels_atlas" },
				"north": { "uv": [ 15, 10.5, 13.5, 11 ], "texture": "#voxels_atlas" },
				"south": { "uv": [ 11.5, 10, 13, 10.5 ], "texture": "#voxels_atlas" },
				"west": { "uv": [ 12, 7, 12.5, 7.5 ], "texture": "#voxels_atlas" },
				"east": { "uv": [ 13, 7, 12.5, 7.5 ], "texture": "#voxels_atlas" }
			}
		},
		{
			"__comment": "Voxels",
			"from": [ -8, 1, 10 ],
			"to": [ -6, 2, 12 ],
			"faces": {
				"down": { "uv": [ 3.5, 9.5, 4.5, 10.5 ], "texture": "#voxels_atlas" },
				"up": { "uv": [ 3.5, 9.5, 4.5, 8.5 ], "texture": "#voxels_atlas" },
				"north": { "uv": [ 12, 8, 11, 8.5 ], "texture": "#voxels_atlas" },
				"south": { "uv": [ 12, 9, 13, 9.5 ], "texture": "#voxels_atlas" },
				"west": { "uv": [ 12, 8.5, 13, 9 ], "texture": "#voxels_atlas" },
				"east": { "uv": [ 13, 8, 12, 8.5 ], "texture": "#voxels_atlas" }
			}
		},
		{
			"__comment": "Voxels",
			"from": [ -8, 2, 11 ],
			"to": [ -7, 5, 12 ],
			"faces": {
				"down": { "uv": [ 13, 7, 13.5, 7.5 ], "texture": "#voxels_atlas" },
				"up": { "uv": [ 13.5, 7.5, 14, 7 ], "texture": "#voxels_atlas" },
				"north": { "uv": [ 7.5, 0.5, 7, 2 ], "texture": "#voxels_atlas" },
				"south": { "uv": [ 7.5, 8, 8, 9.5 ], "texture": "#voxels_atlas" },
				"west": { "uv": [ 8, 8, 8.5, 9.5 ], "texture": "#voxels_atlas" },
				"east": { "uv": [ 5, 0, 4.5, 1.5 ], "texture": "#voxels_atlas" }
			}
		},
		{
			"__comment": "Voxels",
			"from": [ -7, 1, 7 ],
			"to": [ -4, 2, 8 ],
			"faces": {
				"down": { "uv": [ 13, 10, 14.5, 10.5 ], "texture": "#voxels_atlas" },
				"up": { "uv": [ 13, 10, 14.5, 9.5 ], "texture": "#voxels_atlas" },
				"north": { "uv": [ 16, 10, 14.5, 10.5 ], "texture": "#voxels_atlas" },
				"south": { "uv": [ 14.5, 9.5, 16, 10 ], "texture": "#voxels_atlas" },
				"west": { "uv": [ 14, 7, 14.5, 7.5 ], "texture": "#voxels_atlas" },
				"east": { "uv": [ 15, 7, 14.5, 7.5 ], "texture": "#voxels_atlas" }
			}
		},
		{
			"__comment": "Voxels",
			"from": [ -7, 1, 8 ],
			"to": [ -5, 2, 9 ],
			"faces": {
				"down": { "uv": [ 14, 8.5, 15, 9 ], "texture": "#voxels_atlas" },
				"up": { "uv": [ 14, 8.5, 15, 8 ], "texture": "#voxels_atlas" },
				"north": { "uv": [ 16, 8.5, 15, 9 ], "texture": "#voxels_atlas" },
				"south": { "uv": [ 7.5, 0, 8.5, 0.5 ], "texture": "#voxels_atlas" },
				"west": { "uv": [ 15, 7, 15.5, 7.5 ], "texture": "#voxels_atlas" },
				"east": { "uv": [ 16, 7, 15.5, 7.5 ], "texture": "#voxels_atlas" }
			}
		},
		{
			"__comment": "Voxels",
			"from": [ -6, 1, 4 ],
			"to": [ -3, 2, 5 ],
			"faces": {
				"down": { "uv": [ 14.5, 12.5, 16, 13 ], "texture": "#voxels_atlas" },
				"up": { "uv": [ 14.5, 12, 16, 11.5 ], "texture": "#voxels_atlas" },
				"north": { "uv": [ 9, 10.5, 7.5, 11 ], "texture": "#voxels_atlas" },
				"south": { "uv": [ 9, 10.5, 10.5, 11 ], "texture": "#voxels_atlas" },
				"west": { "uv": [ 8.5, 4.5, 9, 5 ], "texture": "#voxels_atlas" },
				"east": { "uv": [ 9, 4, 8.5, 4.5 ], "texture": "#voxels_atlas" }
			}
		},
		{
			"__comment": "Voxels",
			"from": [ -6, 1, 5 ],
			"to": [ -4, 2, 7 ],
			"faces": {
				"down": { "uv": [ 5.5, 9.5, 6.5, 10.5 ], "texture": "#voxels_atlas" },
				"up": { "uv": [ 6.5, 10.5, 7.5, 9.5 ], "texture": "#voxels_atlas" },
				"north": { "uv": [ 10.5, 7.5, 9.5, 8 ], "texture": "#voxels_atlas" },
				"south": { "uv": [ 10.5, 7.5, 11.5, 8 ], "texture": "#voxels_atlas" },
				"west": { "uv": [ 11.5, 7.5, 12.5, 8 ], "texture": "#voxels_atlas" },
				"east": { "uv": [ 13.5, 7.5, 12.5, 8 ], "texture": "#voxels_atlas" }
			}
		},
		{
			"__comment": "Voxels",
			"from": [ -5, 1, 2 ],
			"to": [ -3, 2, 4 ],
			"faces": {
				"down": { "uv": [ 7.5, 9.5, 8.5, 10.5 ], "texture": "#voxels_atlas" },
				"up": { "uv": [ 8.5, 10.5, 9.5, 9.5 ], "texture": "#voxels_atlas" },
				"north": { "uv": [ 14.5, 7.5, 13.5, 8 ], "texture": "#voxels_atlas" },
				"south": { "uv": [ 14.5, 7.5, 15.5, 8 ], "texture": "#voxels_atlas" },
				"west": { "uv": [ 7.5, 7, 8.5, 7.5 ], "texture": "#voxels_atlas" },
				"east": { "uv": [ 8.5, 6.5, 7.5, 7 ], "texture": "#voxels_atlas" }
			}
		},
		{
			"__comment": "Voxels",
			"from": [ -5, 5, 0 ],
			"to": [ -4, 10, 1 ],
			"faces": {
				"down": { "uv": [ 8.5, 3.5, 9, 4 ], "texture": "#voxels_atlas" },
				"up": { "uv": [ 8.5, 3.5, 9, 3 ], "texture": "#voxels_atlas" },
				"north": { "uv": [ 0.5, 2.5, 0, 5 ], "texture": "#voxels_atlas" },
				"south": { "uv": [ 1, 8.5, 1.5, 11 ], "texture": "#voxels_atlas" },
				"west": { "uv": [ 0.5, 2.5, 1, 5 ], "texture": "#voxels_atlas" },
				"east": { "uv": [ 0.5, 0, 0, 2.5 ], "texture": "#voxels_atlas" }
			}
		},
		{
			"__comment": "Voxels",
			"from": [ -4, -3, 2 ],
			"to": [ -3, 1, 3 ],
			"faces": {
				"down": { "uv": [ 8.5, 2.5, 9, 3 ], "texture": "#voxels_atlas" },
				"up": { "uv": [ 8.5, 2.5, 9, 2 ], "texture": "#voxels_atlas" },
				"north": { "uv": [ 7, 7.5, 6.5, 9.5 ], "texture": "#voxels_atlas" },
				"south": { "uv": [ 6.5, 5.5, 7, 7.5 ], "texture": "#voxels_atlas" },
				"west": { "uv": [ 6.5, 3.5, 7, 5.5 ], "texture": "#voxels_atlas" },
				"east": { "uv": [ 2.5, 5, 2, 7 ], "texture": "#voxels_atlas" }
			}
		},
		{
			"__comment": "Voxels",
			"from": [ -4, 1, 1 ],
			"to": [ 0, 2, 2 ],
			"faces": {
				"down": { "uv": [ 12, 12, 14, 12.5 ], "texture": "#voxels_atlas" },
				"up": { "uv": [ 14, 12.5, 16, 12 ], "texture": "#voxels_atlas" },
				"north": { "uv": [ 4.5, 11.5, 2.5, 12 ], "texture": "#voxels_atlas" },
				"south": { "uv": [ 4.5, 11.5, 6.5, 12 ], "texture": "#voxels_atlas" },
				"west": { "uv": [ 8.5, 1.5, 9, 2 ], "texture": "#voxels_atlas" },
				"east": { "uv": [ 9, 1, 8.5, 1.5 ], "texture": "#voxels_atlas" }
			}
		},
		{
			"__comment": "Voxels",
			"from": [ -4, 2, 1 ],
			"to": [ -3, 6, 2 ],
			"faces": {
				"down": { "uv": [ 8.5, 0.5, 9, 1 ], "texture": "#voxels_atlas" },
				"up": { "uv": [ 8.5, 0.5, 9, 0 ], "texture": "#voxels_atlas" },
				"north": { "uv": [ 3.5, 5.5, 3, 7.5 ], "texture": "#voxels_atlas" },
				"south": { "uv": [ 2.5, 2.5, 3, 4.5 ], "texture": "#voxels_atlas" },
				"west": { "uv": [ 3, 2.5, 3.5, 4.5 ], "texture": "#voxels_atlas" },
				"east": { "uv": [ 3, 0.5, 2.5, 2.5 ], "texture": "#voxels_atlas" }
			}
		},
		{
			"__comment": "Voxels",
			"from": [ -3, -7, 2 ],
			"to": [ -2, -3, 3 ],
			"faces": {
				"down": { "uv": [ 9, 6.5, 9.5, 7 ], "texture": "#voxels_atlas" },
				"up": { "uv": [ 9.5, 7, 10, 6.5 ], "texture": "#voxels_atlas" },
				"north": { "uv": [ 4, 6.5, 3.5, 8.5 ], "texture": "#voxels_atlas" },
				"south": { "uv": [ 4, 6.5, 4.5, 8.5 ], "texture": "#voxels_atlas" },
				"west": { "uv": [ 3.5, 4.5, 4, 6.5 ], "texture": "#voxels_atlas" },
				"east": { "uv": [ 4.5, 4.5, 4, 6.5 ], "texture": "#voxels_atlas" }
			}
		},
		{
			"__comment": "Voxels",
			"from": [ -3, -3, 1 ],
			"to": [ -2, 1, 2 ],
			"faces": {
				"down": { "uv": [ 10, 6.5, 10.5, 7 ], "texture": "#voxels_atlas" },
				"up": { "uv": [ 10.5, 7, 11, 6.5 ], "texture": "#voxels_atlas" },
				"north": { "uv": [ 4, 0.5, 3.5, 2.5 ], "texture": "#voxels_atlas" },
				"south": { "uv": [ 4, 0.5, 4.5, 2.5 ], "texture": "#voxels_atlas" },
				"west": { "uv": [ 4.5, 9.5, 5, 11.5 ], "texture": "#voxels_atlas" },
				"east": { "uv": [ 5, 7.5, 4.5, 9.5 ], "texture": "#voxels_atlas" }
			}
		},
		{
			"__comment": "Voxels",
			"from": [ -3, 1, 0 ],
			"to": [ 2, 2, 1 ],
			"faces": {
				"down": { "uv": [ 9.5, 12.5, 12, 13 ], "texture": "#voxels_atlas" },
				"up": { "uv": [ 12, 13.5, 14.5, 13 ], "texture": "#voxels_atlas" },
				"north": { "uv": [ 4.5, 12.5, 2, 13 ], "texture": "#voxels_atlas" },
				"south": { "uv": [ 4.5, 12.5, 7, 13 ], "texture": "#voxels_atlas" },
				"west": { "uv": [ 11, 6.5, 11.5, 7 ], "texture": "#voxels_atlas" },
				"east": { "uv": [ 14.5, 5, 14, 5.5 ], "texture": "#voxels_atlas" }
			}
		},
		{
			"__comment": "Voxels",
			"from": [ -1, 1, -1 ],
			"to": [ 4, 2, 0 ],
			"faces": {
				"down": { "uv": [ 7, 12.5, 9.5, 13 ], "texture": "#voxels_atlas" },
				"up": { "uv": [ 9.5, 12.5, 12, 12 ], "texture": "#voxels_atlas" },
				"north": { "uv": [ 14.5, 12.5, 12, 13 ], "texture": "#voxels_atlas" },
				"south": { "uv": [ 2, 12, 4.5, 12.5 ], "texture": "#voxels_atlas" },
				"west": { "uv": [ 13.5, 5, 14, 5.5 ], "texture": "#voxels_atlas" },
				"east": { "uv": [ 13.5, 5, 13, 5.5 ], "texture": "#voxels_atlas" }
			}
		},
		{
			"__comment": "Voxels",
			"from": [ 1, 1, -2 ],
			"to": [ 7, 2, -1 ],
			"faces": {
				"down": { "uv": [ 10, 15, 13, 15.5 ], "texture": "#voxels_atlas" },
				"up": { "uv": [ 10, 15, 13, 14.5 ], "texture": "#voxels_atlas" },
				"north": { "uv": [ 10, 13.5, 7, 14 ], "texture": "#voxels_atlas" },
				"south": { "uv": [ 10, 15.5, 13, 16 ], "texture": "#voxels_atlas" },
				"west": { "uv": [ 9.5, 5, 10, 5.5 ], "texture": "#voxels_atlas" },
				"east": { "uv": [ 10, 5.5, 9.5, 6 ], "texture": "#voxels_atlas" }
			}
		},
		{
			"__comment": "Voxels",
			"from": [ 4, 1, -3 ],
			"to": [ 12, 2, -2 ],
			"faces": {
				"down": { "uv": [ 4, 15, 8, 15.5 ], "texture": "#voxels_atlas" },
				"up": { "uv": [ 4, 15, 8, 14.5 ], "texture": "#voxels_atlas" },
				"north": { "uv": [ 8, 14, 4, 14.5 ], "texture": "#voxels_atlas" },
				"south": { "uv": [ 4, 15.5, 8, 16 ], "texture": "#voxels_atlas" },
				"west": { "uv": [ 15.5, 6, 16, 6.5 ], "texture": "#voxels_atlas" },
				"east": { "uv": [ 15.5, 6, 15, 6.5 ], "texture": "#voxels_atlas" }
			}
		},
		{
			"__comment": "Voxels",
			"from": [ 5, -0.5, 13 ],
			"to": [ 6, 2.5, 14 ],
			"faces": {
				"down": { "uv": [ 11.5, 6, 12, 6.5 ], "texture": "#voxels_atlas" },
				"up": { "uv": [ 11, 6.5, 11.5, 6 ], "texture": "#voxels_atlas" },
				"north": { "uv": [ 7.5, 6.5, 7, 8 ], "texture": "#voxels_atlas" },
				"south": { "uv": [ 7, 5, 7.5, 6.5 ], "texture": "#voxels_atlas" },
				"west": { "uv": [ 7, 3.5, 7.5, 5 ], "texture": "#voxels_atlas" },
				"east": { "uv": [ 10.5, 8, 10, 9.5 ], "texture": "#voxels_atlas" }
			}
		},
		{
			"__comment": "Voxels",
			"from": [ 6, -3, -3 ],
			"to": [ 10, 1, -2 ],
			"faces": {
				"down": { "uv": [ 6.5, 11.5, 8.5, 12 ], "texture": "#voxels_atlas" },
				"up": { "uv": [ 8.5, 12, 10.5, 11.5 ], "texture": "#voxels_atlas" },
				"north": { "uv": [ 2, 14, 0, 16 ], "texture": "#voxels_atlas" },
				"south": { "uv": [ 2, 14, 4, 16 ], "texture": "#voxels_atlas" },
				"west": { "uv": [ 4.5, 3.5, 5, 5.5 ], "texture": "#voxels_atlas" },
				"east": { "uv": [ 5, 1.5, 4.5, 3.5 ], "texture": "#voxels_atlas" }
			}
		},
		{
			"__comment": "Voxels",
			"from": [ 6, 1, -4 ],
			"to": [ 10, 2, -3 ],
			"faces": {
				"down": { "uv": [ 10.5, 11.5, 12.5, 12 ], "texture": "#voxels_atlas" },
				"up": { "uv": [ 12.5, 12, 14.5, 11.5 ], "texture": "#voxels_atlas" },
				"north": { "uv": [ 7, 11, 5, 11.5 ], "texture": "#voxels_atlas" },
				"south": { "uv": [ 7, 11, 9, 11.5 ], "texture": "#voxels_atlas" },
				"west": { "uv": [ 9.5, 3.5, 10, 4 ], "texture": "#voxels_atlas" },
				"east": { "uv": [ 15.5, 5.5, 15, 6 ], "texture": "#voxels_atlas" }
			}
		},
		{
			"__comment": "Voxels",
			"from": [ 7, -9, -1 ],
			"to": [ 8, -6, 0 ],
			"faces": {
				"down": { "uv": [ 15.5, 5.5, 16, 6 ], "texture": "#voxels_atlas" },
				"up": { "uv": [ 9, 3.5, 9.5, 3 ], "texture": "#voxels_atlas" },
				"north": { "uv": [ 7, 0.5, 6.5, 2 ], "texture": "#voxels_atlas" },
				"south": { "uv": [ 6, 0, 6.5, 1.5 ], "texture": "#voxels_atlas" },
				"west": { "uv": [ 5.5, 0, 6, 1.5 ], "texture": "#voxels_atlas" },
				"east": { "uv": [ 11, 8, 10.5, 9.5 ], "texture": "#voxels_atlas" }
			}
		},
		{
			"__comment": "Voxels",
			"from": [ 7, -6, -2 ],
			"to": [ 9, -1, -1 ],
			"faces": {
				"down": { "uv": [ 15, 9, 16, 9.5 ], "texture": "#voxels_atlas" },
				"up": { "uv": [ 11, 9.5, 12, 9 ], "texture": "#voxels_atlas" },
				"north": { "uv": [ 1, 9, 0, 11.5 ], "texture": "#voxels_atlas" },
				"south": { "uv": [ 0, 11.5, 1, 14 ], "texture": "#voxels_atlas" },
				"west": { "uv": [ 1.5, 3.5, 2, 6 ], "texture": "#voxels_atlas" },
				"east": { "uv": [ 2, 6, 1.5, 8.5 ], "texture": "#voxels_atlas" }
			}
		},
		{
			"__comment": "Voxels",
			"from": [ 7, -5, -3 ],
			"to": [ 8, -3, -2 ],
			"faces": {
				"down": { "uv": [ 14, 6.5, 14.5, 7 ], "texture": "#voxels_atlas" },
				"up": { "uv": [ 13.5, 7, 14, 6.5 ], "texture": "#voxels_atlas" },
				"north": { "uv": [ 8.5, 5.5, 8, 6.5 ], "texture": "#voxels_atlas" },
				"south": { "uv": [ 2, 0, 2.5, 1 ], "texture": "#voxels_atlas" },
				"west": { "uv": [ 7.5, 5.5, 8, 6.5 ], "texture": "#voxels_atlas" },
				"east": { "uv": [ 5.5, 0, 5, 1 ], "texture": "#voxels_atlas" }
			}
		},
		{
			"__comment": "Voxels",
			"from": [ 7, 0, -4 ],
			"to": [ 9, 1, -3 ],
			"faces": {
				"down": { "uv": [ 11, 8.5, 12, 9 ], "texture": "#voxels_atlas" },
				"up": { "uv": [ 7.5, 5.5, 8.5, 5 ], "texture": "#voxels_atlas" },
				"north": { "uv": [ 8.5, 4.5, 7.5, 5 ], "texture": "#voxels_atlas" },
				"south": { "uv": [ 15, 8, 16, 8.5 ], "texture": "#voxels_atlas" },
				"west": { "uv": [ 10, 5, 10.5, 5.5 ], "texture": "#voxels_atlas" },
				"east": { "uv": [ 12.5, 6, 12, 6.5 ], "texture": "#voxels_atlas" }
			}
		},
		{
			"__comment": "Voxels",
			"from": [ 7, 2, -4 ],
			"to": [ 9, 6, -3 ],
			"faces": {
				"down": { "uv": [ 7.5, 7.5, 8.5, 8 ], "texture": "#voxels_atlas" },
				"up": { "uv": [ 8.5, 8, 9.5, 7.5 ], "texture": "#voxels_atlas" },
				"north": { "uv": [ 10, 14, 9, 16 ], "texture": "#voxels_atlas" },
				"south": { "uv": [ 8, 14, 9, 16 ], "texture": "#voxels_atlas" },
				"west": { "uv": [ 5, 7, 5.5, 9 ], "texture": "#voxels_atlas" },
				"east": { "uv": [ 5.5, 5, 5, 7 ], "texture": "#voxels_atlas" }
			}
		},
		{
			"__comment": "Voxels",
			"from": [ 7, 5, -5 ],
			"to": [ 9, 8, -4 ],
			"faces": {
				"down": { "uv": [ 7.5, 4, 8.5, 4.5 ], "texture": "#voxels_atlas" },
				"up": { "uv": [ 7.5, 4, 8.5, 3.5 ], "texture": "#voxels_atlas" },
				"north": { "uv": [ 15, 14, 14, 15.5 ], "texture": "#voxels_atlas" },
				"south": { "uv": [ 13, 14, 14, 15.5 ], "texture": "#voxels_atlas" },
				"west": { "uv": [ 7, 8, 7.5, 9.5 ], "texture": "#voxels_atlas" },
				"east": { "uv": [ 7, 2, 6.5, 3.5 ], "texture": "#voxels_atlas" }
			}
		},
		{
			"__comment": "Voxels",
			"from": [ 8, -7, -2 ],
			"to": [ 9, -6, -1 ],
			"faces": {
				"down": { "uv": [ 9, 2, 9.5, 2.5 ], "texture": "#voxels_atlas" },
				"up": { "uv": [ 9, 2, 9.5, 1.5 ], "texture": "#voxels_atlas" },
				"north": { "uv": [ 10, 1.5, 9.5, 2 ], "texture": "#voxels_atlas" },
				"south": { "uv": [ 9.5, 1, 10, 1.5 ], "texture": "#voxels_atlas" },
				"west": { "uv": [ 14, 5.5, 14.5, 6 ], "texture": "#voxels_atlas" },
				"east": { "uv": [ 15, 5.5, 14.5, 6 ], "texture": "#voxels_atlas" }
			}
		},
		{
			"__comment": "Voxels",
			"from": [ 8, -4, -3 ],
			"to": [ 9, -3, -2 ],
			"faces": {
				"down": { "uv": [ 10, 0, 10.5, 0.5 ], "texture": "#voxels_atlas" },
				"up": { "uv": [ 10.5, 5.5, 11, 5 ], "texture": "#voxels_atlas" },
				"north": { "uv": [ 11.5, 5, 11, 5.5 ], "texture": "#voxels_atlas" },
				"south": { "uv": [ 11.5, 5, 12, 5.5 ], "texture": "#voxels_atlas" },
				"west": { "uv": [ 11.5, 6.5, 12, 7 ], "texture": "#voxels_atlas" },
				"east": { "uv": [ 12.5, 6.5, 12, 7 ], "texture": "#voxels_atlas" }
			}
		},
		{
			"__comment": "Voxels",
			"from": [ 8, 8, -5 ],
			"to": [ 9, 10, -4 ],
			"faces": {
				"down": { "uv": [ 12.5, 6.5, 13, 7 ], "texture": "#voxels_atlas" },
				"up": { "uv": [ 13, 7, 13.5, 6.5 ], "texture": "#voxels_atlas" },
				"north": { "uv": [ 9, 6, 8.5, 7 ], "texture": "#voxels_atlas" },
				"south": { "uv": [ 8.5, 5, 9, 6 ], "texture": "#voxels_atlas" },
				"west": { "uv": [ 1, 0, 1.5, 1 ], "texture": "#voxels_atlas" },
				"east": { "uv": [ 2, 0, 1.5, 1 ], "texture": "#voxels_atlas" }
			}
		},
		{
			"__comment": "Voxels",
			"from": [ 9, 1, -2 ],
			"to": [ 15, 2, -1 ],
			"faces": {
				"down": { "uv": [ 13, 15.5, 16, 16 ], "texture": "#voxels_atlas" },
				"up": { "uv": [ 10, 14.5, 13, 14 ], "texture": "#voxels_atlas" },
				"north": { "uv": [ 4, 13.5, 1, 14 ], "texture": "#voxels_atlas" },
				"south": { "uv": [ 4, 13.5, 7, 14 ], "texture": "#voxels_atlas" },
				"west": { "uv": [ 14.5, 6.5, 15, 7 ], "texture": "#voxels_atlas" },
				"east": { "uv": [ 15.5, 6.5, 15, 7 ], "texture": "#voxels_atlas" }
			}
		},
		{
			"__comment": "Voxels",
			"from": [ 10, -0.5, 13 ],
			"to": [ 11, 2.5, 14 ],
			"faces": {
				"down": { "uv": [ 15.5, 6.5, 16, 7 ], "texture": "#voxels_atlas" },
				"up": { "uv": [ 13.5, 6.5, 14, 6 ], "texture": "#voxels_atlas" },
				"north": { "uv": [ 7.5, 2, 7, 3.5 ], "texture": "#voxels_atlas" },
				"south": { "uv": [ 8.5, 8, 9, 9.5 ], "texture": "#voxels_atlas" },
				"west": { "uv": [ 9, 8, 9.5, 9.5 ], "texture": "#voxels_atlas" },
				"east": { "uv": [ 10, 8, 9.5, 9.5 ], "texture": "#voxels_atlas" }
			}
		},
		{
			"__comment": "Voxels",
			"from": [ 12, 1, -1 ],
			"to": [ 17, 2, 0 ],
			"faces": {
				"down": { "uv": [ 4.5, 13, 7, 13.5 ], "texture": "#voxels_atlas" },
				"up": { "uv": [ 2, 13.5, 4.5, 13 ], "texture": "#voxels_atlas" },
				"north": { "uv": [ 15, 13.5, 12.5, 14 ], "texture": "#voxels_atlas" },
				"south": { "uv": [ 10, 13.5, 12.5, 14 ], "texture": "#voxels_atlas" },
				"west": { "uv": [ 13, 6, 13.5, 6.5 ], "texture": "#voxels_atlas" },
				"east": { "uv": [ 9.5, 2.5, 9, 3 ], "texture": "#voxels_atlas" }
			}
		},
		{
			"__comment": "Voxels",
			"from": [ 14, 1, 0 ],
			"to": [ 19, 2, 1 ],
			"faces": {
				"down": { "uv": [ 7, 12, 9.5, 12.5 ], "texture": "#voxels_atlas" },
				"up": { "uv": [ 4.5, 12.5, 7, 12 ], "texture": "#voxels_atlas" },
				"north": { "uv": [ 12, 13, 9.5, 13.5 ], "texture": "#voxels_atlas" },
				"south": { "uv": [ 7, 13, 9.5, 13.5 ], "texture": "#voxels_atlas" },
				"west": { "uv": [ 10.5, 5.5, 11, 6 ], "texture": "#voxels_atlas" },
				"east": { "uv": [ 10.5, 5.5, 10, 6 ], "texture": "#voxels_atlas" }
			}
		},
		{
			"__comment": "Voxels",
			"from": [ 16, 1, 1 ],
			"to": [ 20, 2, 2 ],
			"faces": {
				"down": { "uv": [ 9, 11, 11, 11.5 ], "texture": "#voxels_atlas" },
				"up": { "uv": [ 11, 11.5, 13, 11 ], "texture": "#voxels_atlas" },
				"north": { "uv": [ 15, 11, 13, 11.5 ], "texture": "#voxels_atlas" },
				"south": { "uv": [ 5.5, 10.5, 7.5, 11 ], "texture": "#voxels_atlas" },
				"west": { "uv": [ 12.5, 6, 13, 6.5 ], "texture": "#voxels_atlas" },
				"east": { "uv": [ 10.5, 4.5, 10, 5 ], "texture": "#voxels_atlas" }
			}
		},
		{
			"__comment": "Voxels",
			"from": [ 18, -7, 2 ],
			"to": [ 19, -3, 3 ],
			"faces": {
				"down": { "uv": [ 9, 6, 9.5, 6.5 ], "texture": "#voxels_atlas" },
				"up": { "uv": [ 9, 5, 9.5, 4.5 ], "texture": "#voxels_atlas" },
				"north": { "uv": [ 5.5, 3, 5, 5 ], "texture": "#voxels_atlas" },
				"south": { "uv": [ 5, 1, 5.5, 3 ], "texture": "#voxels_atlas" },
				"west": { "uv": [ 5.5, 7.5, 6, 9.5 ], "texture": "#voxels_atlas" },
				"east": { "uv": [ 6, 5.5, 5.5, 7.5 ], "texture": "#voxels_atlas" }
			}
		},
		{
			"__comment": "Voxels",
			"from": [ 18, -3, 1 ],
			"to": [ 19, 1, 2 ],
			"faces": {
				"down": { "uv": [ 9, 5.5, 9.5, 6 ], "texture": "#voxels_atlas" },
				"up": { "uv": [ 9, 5.5, 9.5, 5 ], "texture": "#voxels_atlas" },
				"north": { "uv": [ 6, 3.5, 5.5, 5.5 ], "texture": "#voxels_atlas" },
				"south": { "uv": [ 5.5, 1.5, 6, 3.5 ], "texture": "#voxels_atlas" },
				"west": { "uv": [ 6, 7.5, 6.5, 9.5 ], "texture": "#voxels_atlas" },
				"east": { "uv": [ 5.5, 9, 5, 11 ], "texture": "#voxels_atlas" }
			}
		},
		{
			"__comment": "Voxels",
			"from": [ 19, -3, 2 ],
			"to": [ 20, 2, 3 ],
			"faces": {
				"down": { "uv": [ 9.5, 0.5, 10, 1 ], "texture": "#voxels_atlas" },
				"up": { "uv": [ 9.5, 0.5, 10, 0 ], "texture": "#voxels_atlas" },
				"north": { "uv": [ 2, 11, 1.5, 13.5 ], "texture": "#voxels_atlas" },
				"south": { "uv": [ 1, 1, 1.5, 3.5 ], "texture": "#voxels_atlas" },
				"west": { "uv": [ 1, 3.5, 1.5, 6 ], "texture": "#voxels_atlas" },
				"east": { "uv": [ 1.5, 6, 1, 8.5 ], "texture": "#voxels_atlas" }
			}
		},
		{
			"__comment": "Voxels",
			"from": [ 19, 1, 3 ],
			"to": [ 21, 2, 5 ],
			"faces": {
				"down": { "uv": [ 9.5, 9.5, 10.5, 10.5 ], "texture": "#voxels_atlas" },
				"up": { "uv": [ 10.5, 10.5, 11.5, 9.5 ], "texture": "#voxels_atlas" },
				"north": { "uv": [ 8.5, 3, 7.5, 3.5 ], "texture": "#voxels_atlas" },
				"south": { "uv": [ 7.5, 2.5, 8.5, 3 ], "texture": "#voxels_atlas" },
				"west": { "uv": [ 7.5, 2, 8.5, 2.5 ], "texture": "#voxels_atlas" },
				"east": { "uv": [ 8.5, 1.5, 7.5, 2 ], "texture": "#voxels_atlas" }
			}
		},
		{
			"__comment": "Voxels",
			"from": [ 19, 2, 1 ],
			"to": [ 20, 6, 2 ],
			"faces": {
				"down": { "uv": [ 9, 4, 9.5, 4.5 ], "texture": "#voxels_atlas" },
				"up": { "uv": [ 9, 4, 9.5, 3.5 ], "texture": "#voxels_atlas" },
				"north": { "uv": [ 6.5, 5.5, 6, 7.5 ], "texture": "#voxels_atlas" },
				"south": { "uv": [ 6, 3.5, 6.5, 5.5 ], "texture": "#voxels_atlas" },
				"west": { "uv": [ 6, 1.5, 6.5, 3.5 ], "texture": "#voxels_atlas" },
				"east": { "uv": [ 2.5, 3, 2, 5 ], "texture": "#voxels_atlas" }
			}
		},
		{
			"__comment": "Voxels",
			"from": [ 20, 1, 2 ],
			"to": [ 21, 2, 3 ],
			"faces": {
				"down": { "uv": [ 9, 1, 9.5, 1.5 ], "texture": "#voxels_atlas" },
				"up": { "uv": [ 9, 1, 9.5, 0.5 ], "texture": "#voxels_atlas" },
				"north": { "uv": [ 9.5, 0, 9, 0.5 ], "texture": "#voxels_atlas" },
				"south": { "uv": [ 9.5, 6, 10, 6.5 ], "texture": "#voxels_atlas" },
				"west": { "uv": [ 10, 6, 10.5, 6.5 ], "texture": "#voxels_atlas" },
				"east": { "uv": [ 11, 6, 10.5, 6.5 ], "texture": "#voxels_atlas" }
			}
		},
		{
			"__comment": "Voxels",
			"from": [ 20, 1, 5 ],
			"to": [ 22, 2, 8 ],
			"faces": {
				"down": { "uv": [ 15, 14, 16, 15.5 ], "texture": "#voxels_atlas" },
				"up": { "uv": [ 0, 9, 1, 7.5 ], "texture": "#voxels_atlas" },
				"north": { "uv": [ 8.5, 1, 7.5, 1.5 ], "texture": "#voxels_atlas" },
				"south": { "uv": [ 7.5, 0.5, 8.5, 1 ], "texture": "#voxels_atlas" },
				"west": { "uv": [ 14.5, 13, 16, 13.5 ], "texture": "#voxels_atlas" },
				"east": { "uv": [ 13, 9.5, 11.5, 10 ], "texture": "#voxels_atlas" }
			}
		},
		{
			"__comment": "Voxels",
			"from": [ 20, 5, 0 ],
			"to": [ 21, 10, 1 ],
			"faces": {
				"down": { "uv": [ 14, 6, 14.5, 6.5 ], "texture": "#voxels_atlas" },
				"up": { "uv": [ 14.5, 6.5, 15, 6 ], "texture": "#voxels_atlas" },
				"north": { "uv": [ 1.5, 11, 1, 13.5 ], "texture": "#voxels_atlas" },
				"south": { "uv": [ 0.5, 0, 1, 2.5 ], "texture": "#voxels_atlas" },
				"west": { "uv": [ 0.5, 5, 1, 7.5 ], "texture": "#voxels_atlas" },
				"east": { "uv": [ 0.5, 5, 0, 7.5 ], "texture": "#voxels_atlas" }
			}
		},
		{
			"__comment": "Voxels",
			"from": [ 21, 1, 4 ],
			"to": [ 22, 2, 5 ],
			"faces": {
				"down": { "uv": [ 9.5, 4.5, 10, 5 ], "texture": "#voxels_atlas" },
				"up": { "uv": [ 9.5, 4.5, 10, 4 ], "texture": "#voxels_atlas" },
				"north": { "uv": [ 15, 5, 14.5, 5.5 ], "texture": "#voxels_atlas" },
				"south": { "uv": [ 9.5, 3, 10, 3.5 ], "texture": "#voxels_atlas" },
				"west": { "uv": [ 9.5, 2.5, 10, 3 ], "texture": "#voxels_atlas" },
				"east": { "uv": [ 10, 2, 9.5, 2.5 ], "texture": "#voxels_atlas" }
			}
		},
		{
			"__comment": "Voxels",
			"from": [ 21, 1, 8 ],
			"to": [ 23, 2, 10 ],
			"faces": {
				"down": { "uv": [ 2.5, 10.5, 3.5, 11.5 ], "texture": "#voxels_atlas" },
				"up": { "uv": [ 2.5, 10.5, 3.5, 9.5 ], "texture": "#voxels_atlas" },
				"north": { "uv": [ 9.5, 7, 8.5, 7.5 ], "texture": "#voxels_atlas" },
				"south": { "uv": [ 9.5, 7, 10.5, 7.5 ], "texture": "#voxels_atlas" },
				"west": { "uv": [ 10.5, 7, 11.5, 7.5 ], "texture": "#voxels_atlas" },
				"east": { "uv": [ 16, 11, 15, 11.5 ], "texture": "#voxels_atlas" }
			}
		},
		{
			"__comment": "Voxels",
			"from": [ 22, 1, 7 ],
			"to": [ 23, 2, 8 ],
			"faces": {
				"down": { "uv": [ 11, 5.5, 11.5, 6 ], "texture": "#voxels_atlas" },
				"up": { "uv": [ 11.5, 6, 12, 5.5 ], "texture": "#voxels_atlas" },
				"north": { "uv": [ 12.5, 5.5, 12, 6 ], "texture": "#voxels_atlas" },
				"south": { "uv": [ 12.5, 5.5, 13, 6 ], "texture": "#voxels_atlas" },
				"west": { "uv": [ 13, 5.5, 13.5, 6 ], "texture": "#voxels_atlas" },
				"east": { "uv": [ 14, 5.5, 13.5, 6 ], "texture": "#voxels_atlas" }
			}
		},
		{
			"__comment": "Voxels",
			"from": [ 22, 1, 10 ],
			"to": [ 24, 2, 12 ],
			"faces": {
				"down": { "uv": [ 2.5, 4.5, 3.5, 5.5 ], "texture": "#voxels_atlas" },
				"up": { "uv": [ 3.5, 11.5, 4.5, 10.5 ], "texture": "#voxels_atlas" },
				"north": { "uv": [ 16, 10.5, 15, 11 ], "texture": "#voxels_atlas" },
				"south": { "uv": [ 13, 9, 14, 9.5 ], "texture": "#voxels_atlas" },
				"west": { "uv": [ 13, 8.5, 14, 9 ], "texture": "#voxels_atlas" },
				"east": { "uv": [ 15, 9, 14, 9.5 ], "texture": "#voxels_atlas" }
			}
		},
		{
			"__comment": "Voxels",
			"from": [ 23, 1, 9 ],
			"to": [ 24, 2, 10 ],
			"faces": {
				"down": { "uv": [ 10, 4, 10.5, 4.5 ], "texture": "#voxels_atlas" },
				"up": { "uv": [ 10, 4, 10.5, 3.5 ], "texture": "#voxels_atlas" },
				"north": { "uv": [ 10.5, 3, 10, 3.5 ], "texture": "#voxels_atlas" },
				"south": { "uv": [ 10, 2.5, 10.5, 3 ], "texture": "#voxels_atlas" },
				"west": { "uv": [ 10, 2, 10.5, 2.5 ], "texture": "#voxels_atlas" },
				"east": { "uv": [ 10.5, 1.5, 10, 2 ], "texture": "#voxels_atlas" }
			}
		},
		{
			"__comment": "Voxels",
			"from": [ 23, 2, 11 ],
			"to": [ 24, 6, 12 ],
			"faces": {
				"down": { "uv": [ 10, 1, 10.5, 1.5 ], "texture": "#voxels_atlas" },
				"up": { "uv": [ 10, 1, 10.5, 0.5 ], "texture": "#voxels_atlas" },
				"north": { "uv": [ 3.5, 0.5, 3, 2.5 ], "texture": "#voxels_atlas" },
				"south": { "uv": [ 3.5, 2.5, 4, 4.5 ], "texture": "#voxels_atlas" },
				"west": { "uv": [ 4, 2.5, 4.5, 4.5 ], "texture": "#voxels_atlas" },
				"east": { "uv": [ 5, 5.5, 4.5, 7.5 ], "texture": "#voxels_atlas" }
			}
		},
		{
			"__comment": "Voxels",
			"from": [ 24, 5, 11 ],
			"to": [ 25, 10, 12 ],
			"faces": {
				"down": { "uv": [ 12, 5, 12.5, 5.5 ], "texture": "#voxels_atlas" },
				"up": { "uv": [ 12.5, 5.5, 13, 5 ], "texture": "#voxels_atlas" },
				"north": { "uv": [ 2.5, 7, 2, 9.5 ], "texture": "#voxels_atlas" },
				"south": { "uv": [ 2, 9.5, 2.5, 12 ], "texture": "#voxels_atlas" },
				"west": { "uv": [ 1.5, 1, 2, 3.5 ], "texture": "#voxels_atlas" },
				"east": { "uv": [ 2, 8.5, 1.5, 11 ], "texture": "#voxels_atlas" }
			}
		}
	],
	"display": {
		"thirdperson_righthand": {
			"rotation":  [ 10, -30, 72 ],
			"scale":  [ 0.3, 0.3, 0.3 ]
		},
		"thirdperson_lefthand": {
			"rotation":  [ 10, -30, 72 ],
			"scale":  [ 0.3, 0.3, 0.3 ]
		},
		"firstperson_righthand": {
			"rotation":  [ 16, -32, -30 ],
			"translation":  [ 6, 1, 0 ],
			"scale":  [ 0.5, 0.5, 0.5 ]
		},
		"firstperson_lefthand": {
			"rotation":  [ 16, -32, -30 ],
			"translation":  [ 6, 1, 0 ],
			"scale":  [ 0.5, 0.5, 0.5 ]
		},
		"gui": {
			"rotation":  [ 13, 144, 0 ],
			"translation":  [ 0, 2.8, 0 ],
			"scale":  [ 0.5, 0.5, 0.5 ]
		},
		"head": {
			"rotation":  [ 0, 180, 0 ],
			"translation":  [ 0, 1, -1 ],
			"scale":  [ 0.8, 1, 1 ]
		},
		"ground": {
			"rotation":  [ 67, 0, 0 ],
			"translation":  [ 0, -2, 0 ],
			"scale":  [ 0.3, 0.3, 0.3 ]
		},
		"fixed": {
			"rotation":  [ 0, -90, 90 ],
			"translation":  [ 0, -0.2, -4 ],
			"scale":  [ 0.6, 0.6, 0.6 ]
		}
	}
}