{
	"__comment": "Designed by Elo106 with Cubik Studio - https://cubik.studio",
	"textures": {
		"particle": "items/angelswordn",
		"texture": "items/angelswordn",
		"feather": "item/feather",
		"angelsword_atlas": "items/angelswordn"
	},
	"elements": [ 	 
		{
			"__comment": "Box1",
			"from": [ 1.25, 0.25, 8 ],
			"to": [ 6.5, 5, 8.001 ],
			"rotation": { "origin": [ 1.25, 0.25, 8 ], "axis": "z", "angle": -22.5 },
			"faces": {
				"down": { "uv": [ 0, 0, 0, 1 ], "texture": "#feather", "cullface": "down" },
				"up": { "uv": [ 0, 0, 0.5, 0 ], "texture": "#feather", "cullface": "down" },
				"north": { "uv": [ 0, 0, 16, 16 ], "texture": "#feather", "cullface": "down" },
				"south": { "uv": [ 16, 0, 0, 16 ], "texture": "#feather", "cullface": "down" },
				"west": { "uv": [ 0, 0, 0, 0.5 ], "texture": "#feather", "cullface": "down" },
				"east": { "uv": [ 0, 0, 15.5, 0 ], "texture": "#feather", "cullface": "down" }
			}
		},
		{
			"__comment": "Box1",
			"from": [ 1.75, 0.25, 7.25 ],
			"to": [ 6.25, 3.25, 7.251 ],
			"rotation": { "origin": [ 1.75, 0.25, 7.25 ], "axis": "z", "angle": -22.5 },
			"faces": {
				"down": { "uv": [ 0, 0, 0, 1 ], "texture": "#feather", "cullface": "down" },
				"up": { "uv": [ 0, 0, 0.5, 0 ], "texture": "#feather", "cullface": "down" },
				"north": { "uv": [ 0, 0, 16, 16 ], "texture": "#feather", "cullface": "down" },
				"south": { "uv": [ 16, 0, 0, 16 ], "texture": "#feather", "cullface": "down" },
				"west": { "uv": [ 0, 0, 0, 0.5 ], "texture": "#feather", "cullface": "down" },
				"east": { "uv": [ 0, 0, 15.5, 0 ], "texture": "#feather", "cullface": "down" }
			}
		},
		{
			"__comment": "Box1",
			"from": [ -0.75, -1.25, 7.75 ],
			"to": [ 5.25, 5.25, 7.751 ],
			"faces": {
				"down": { "uv": [ 0, 0, 0, 1 ], "texture": "#feather", "cullface": "west" },
				"up": { "uv": [ 0, 0, 0.5, 0 ], "texture": "#feather", "cullface": "west" },
				"north": { "uv": [ 0, 0, 16, 16 ], "texture": "#feather", "cullface": "west" },
				"south": { "uv": [ 16, 0, 0, 16 ], "texture": "#feather", "cullface": "west" },
				"west": { "uv": [ 0, 0, 0, 0.5 ], "texture": "#feather", "cullface": "west" },
				"east": { "uv": [ 0, 0, 15.5, 0 ], "texture": "#feather", "cullface": "west" }
			}
		},
		{
			"__comment": "Box1",
			"from": [ -2.25, -1, 7.5 ],
			"to": [ 5, 3.25, 7.501 ],
			"faces": {
				"down": { "uv": [ 0, 0, 0, 1 ], "texture": "#feather", "cullface": "west" },
				"up": { "uv": [ 0, 0, 0.5, 0 ], "texture": "#feather", "cullface": "west" },
				"north": { "uv": [ 0, 0, 16, 16 ], "texture": "#feather", "cullface": "west" },
				"south": { "uv": [ 16, 0, 0, 16 ], "texture": "#feather", "cullface": "west" },
				"west": { "uv": [ 0, 0, 0, 0.5 ], "texture": "#feather", "cullface": "west" },
				"east": { "uv": [ 0, 0, 15.5, 0 ], "texture": "#feather", "cullface": "west" }
			}
		},
		{
			"__comment": "Box1",
			"from": [ 10.5, -1, 7.5 ],
			"to": [ 17.75, 3.25, 7.501 ],
			"faces": {
				"down": { "uv": [ 0, 0, 0, 1 ], "texture": "#feather", "cullface": "east" },
				"up": { "uv": [ 0, 0, 0.5, 0 ], "texture": "#feather", "cullface": "east" },
				"north": { "uv": [ 16, 0, 0, 16 ], "texture": "#feather", "cullface": "east" },
				"south": { "uv": [ 0, 0, 16, 16 ], "texture": "#feather", "cullface": "east" },
				"west": { "uv": [ 0, 0, 0, 0.5 ], "texture": "#feather", "cullface": "east" },
				"east": { "uv": [ 0, 0, 15.5, 0 ], "texture": "#feather", "cullface": "east" }
			}
		},
		{
			"__comment": "Box1",
			"from": [ 10, -2, 8 ],
			"to": [ 15.25, 2.75, 8.001 ],
			"rotation": { "origin": [ 10, -2, 8 ], "axis": "z", "angle": 22.5 },
			"faces": {
				"down": { "uv": [ 0, 0, 0, 1 ], "texture": "#feather", "cullface": "down" },
				"up": { "uv": [ 0, 0, 0.5, 0 ], "texture": "#feather", "cullface": "down" },
				"north": { "uv": [ 16, 0, 0, 16 ], "texture": "#feather", "cullface": "down" },
				"south": { "uv": [ 0, 0, 16, 16 ], "texture": "#feather", "cullface": "down" },
				"west": { "uv": [ 0, 0, 0, 0.5 ], "texture": "#feather", "cullface": "down" },
				"east": { "uv": [ 0, 0, 15.5, 0 ], "texture": "#feather", "cullface": "down" }
			}
		},
		{
			"__comment": "Box1",
			"from": [ 9.5, -1.5, 7.25 ],
			"to": [ 14, 1.5, 7.251 ],
			"rotation": { "origin": [ 9.5, -1.5, 7.25 ], "axis": "z", "angle": 22.5 },
			"faces": {
				"down": { "uv": [ 0, 0, 0, 1 ], "texture": "#feather", "cullface": "down" },
				"up": { "uv": [ 0, 0, 0.5, 0 ], "texture": "#feather", "cullface": "down" },
				"north": { "uv": [ 16, 0, 0, 16 ], "texture": "#feather", "cullface": "down" },
				"south": { "uv": [ 0, 0, 16, 16 ], "texture": "#feather", "cullface": "down" },
				"west": { "uv": [ 0, 0, 0, 0.5 ], "texture": "#feather", "cullface": "down" },
				"east": { "uv": [ 0, 0, 15.5, 0 ], "texture": "#feather", "cullface": "down" }
			}
		},
		{
			"__comment": "Box1",
			"from": [ 10.25, -1.25, 7.75 ],
			"to": [ 16.25, 5.25, 7.751 ],
			"faces": {
				"down": { "uv": [ 0, 0, 0, 1 ], "texture": "#feather", "cullface": "east" },
				"up": { "uv": [ 0, 0, 0.5, 0 ], "texture": "#feather", "cullface": "east" },
				"north": { "uv": [ 16, 0, 0, 16 ], "texture": "#feather", "cullface": "east" },
				"south": { "uv": [ 0, 0, 16, 16 ], "texture": "#feather", "cullface": "east" },
				"west": { "uv": [ 0, 0, 0, 0.5 ], "texture": "#feather", "cullface": "east" },
				"east": { "uv": [ 0, 0, 15.5, 0 ], "texture": "#feather", "cullface": "east" }
			}
		},
		{
			"__comment": "Voxels",
			"from": [ 0.5, -0.5, 7 ],
			"to": [ 2, 0, 8.5 ],
			"faces": {
				"down": { "uv": [ 8.75, 1.25, 9.125, 2 ], "texture": "#angelsword_atlas", "cullface": "down" },
				"up": { "uv": [ 8.75, 5.75, 9.125, 5 ], "texture": "#angelsword_atlas", "cullface": "down" },
				"north": { "uv": [ 13.375, 9.25, 13, 9.5 ], "texture": "#angelsword_atlas", "cullface": "down" },
				"south": { "uv": [ 13.375, 9.25, 13.75, 9.5 ], "texture": "#angelsword_atlas", "cullface": "down" },
				"west": { "uv": [ 13.75, 9.25, 14.125, 9.5 ], "texture": "#angelsword_atlas", "cullface": "down" },
				"east": { "uv": [ 15.25, 9.25, 14.875, 9.5 ], "texture": "#angelsword_atlas", "cullface": "down" }
			}
		},
		{
			"__comment": "Voxels",
			"from": [ 1.5, -1, 7 ],
			"to": [ 14, -0.5, 8.5 ],
			"faces": {
				"down": { "uv": [ 5.375, 15.25, 8.5, 16 ], "texture": "#angelsword_atlas", "cullface": "down" },
				"up": { "uv": [ 8.5, 16, 11.625, 15.25 ], "texture": "#angelsword_atlas", "cullface": "down" },
				"north": { "uv": [ 14.75, 15.5, 11.625, 15.75 ], "texture": "#angelsword_atlas", "cullface": "down" },
				"south": { "uv": [ 11.625, 15.75, 14.75, 16 ], "texture": "#angelsword_atlas", "cullface": "down" },
				"west": { "uv": [ 15.25, 9.25, 15.625, 9.5 ], "texture": "#angelsword_atlas", "cullface": "down" },
				"east": { "uv": [ 16, 9.25, 15.625, 9.5 ], "texture": "#angelsword_atlas", "cullface": "down" }
			}
		},
		{
			"__comment": "Voxels",
			"from": [ 3, -1.5, 6.5 ],
			"to": [ 12.5, -1, 9 ],
			"faces": {
				"down": { "uv": [ 3, 13.5, 5.375, 14.75 ], "texture": "#angelsword_atlas", "cullface": "down" },
				"up": { "uv": [ 3, 16, 5.375, 14.75 ], "texture": "#angelsword_atlas", "cullface": "down" },
				"north": { "uv": [ 10.125, 15, 7.75, 15.25 ], "texture": "#angelsword_atlas", "cullface": "down" },
				"south": { "uv": [ 11.625, 15.25, 14, 15.5 ], "texture": "#angelsword_atlas", "cullface": "down" },
				"west": { "uv": [ 13, 10.75, 13.625, 11 ], "texture": "#angelsword_atlas", "cullface": "down" },
				"east": { "uv": [ 13, 10.75, 12.375, 11 ], "texture": "#angelsword_atlas", "cullface": "down" }
			}
		},
		{
			"__comment": "Voxels",
			"from": [ 4, -2, 6.5 ],
			"to": [ 11.5, -1.5, 9 ],
			"faces": {
				"down": { "uv": [ 3, 12.25, 4.875, 13.5 ], "texture": "#angelsword_atlas", "cullface": "down" },
				"north": { "uv": [ 12, 15, 10.125, 15.25 ], "texture": "#angelsword_atlas", "cullface": "down" },
				"south": { "uv": [ 12, 15, 13.875, 15.25 ], "texture": "#angelsword_atlas", "cullface": "down" },
				"west": { "uv": [ 11.75, 10.75, 12.375, 11 ], "texture": "#angelsword_atlas", "cullface": "down" },
				"east": { "uv": [ 11.75, 10.75, 11.125, 11 ], "texture": "#angelsword_atlas", "cullface": "down" }
			}
		},
		{
			"__comment": "Voxels",
			"from": [ 4.5, -1, 6.5 ],
			"to": [ 11, -0.5, 7 ],
			"faces": {
				"up": { "uv": [ 13.5, 14.75, 15.125, 14.5 ], "texture": "#angelsword_atlas", "cullface": "down" },
				"north": { "uv": [ 11.875, 14.5, 10.25, 14.75 ], "texture": "#angelsword_atlas", "cullface": "down" },
				"west": { "uv": [ 10.5, 0, 10.625, 0.25 ], "texture": "#angelsword_atlas", "cullface": "down" },
				"east": { "uv": [ 16, 12.5, 15.875, 12.75 ], "texture": "#angelsword_atlas", "cullface": "down" }
			}
		},
		{
			"__comment": "Voxels",
			"from": [ 4.5, -1, 8.5 ],
			"to": [ 11, -0.5, 9 ],
			"faces": {
				"up": { "uv": [ 13.5, 15, 15.125, 14.75 ], "texture": "#angelsword_atlas", "cullface": "down" },
				"south": { "uv": [ 8.625, 14.5, 10.25, 14.75 ], "texture": "#angelsword_atlas", "cullface": "down" },
				"west": { "uv": [ 15.875, 12.75, 16, 13 ], "texture": "#angelsword_atlas", "cullface": "down" },
				"east": { "uv": [ 16, 13, 15.875, 13.25 ], "texture": "#angelsword_atlas", "cullface": "down" }
			}
		},
		{
			"__comment": "Voxels",
			"from": [ 4.5, 7, 7.5 ],
			"to": [ 11, 12, 8 ],
			"faces": {
				"down": { "uv": [ 10.25, 14.75, 11.875, 15 ], "texture": "#angelsword_atlas" },
				"up": { "uv": [ 11.875, 15, 13.5, 14.75 ], "texture": "#angelsword_atlas" },
				"north": { "uv": [ 3, 11, 1.375, 13.5 ], "texture": "#angelsword_atlas" },
				"south": { "uv": [ 1.375, 13.5, 3, 16 ], "texture": "#angelsword_atlas" },
				"west": { "uv": [ 1.25, 5, 1.375, 7.5 ], "texture": "#angelsword_atlas" },
				"east": { "uv": [ 1.25, 5, 1.125, 7.5 ], "texture": "#angelsword_atlas" }
			}
		},
		{
			"__comment": "Voxels",
			"from": [ 5, -3, 7 ],
			"to": [ 10.5, -2, 8.5 ],
			"faces": {
				"down": { "uv": [ 1.375, 0.25, 2.75, 1 ], "texture": "#angelsword_atlas", "cullface": "down" },
				"north": { "uv": [ 1.375, 0, 0, 0.5 ], "texture": "#angelsword_atlas", "cullface": "down" },
				"south": { "uv": [ 6.375, 14.75, 7.75, 15.25 ], "texture": "#angelsword_atlas", "cullface": "down" },
				"west": { "uv": [ 9.375, 6.5, 9.75, 7 ], "texture": "#angelsword_atlas", "cullface": "down" },
				"east": { "uv": [ 9.75, 4.5, 9.375, 5 ], "texture": "#angelsword_atlas", "cullface": "down" }
			}
		},
		{
			"__comment": "Voxels",
			"from": [ 5, -0.5, 7 ],
			"to": [ 10.5, 0, 8.5 ],
			"faces": {
				"up": { "uv": [ 3.75, 4.5, 5.125, 3.75 ], "texture": "#angelsword_atlas", "cullface": "down" },
				"north": { "uv": [ 2.75, 0, 1.375, 0.25 ], "texture": "#angelsword_atlas", "cullface": "down" },
				"south": { "uv": [ 10.5, 13.75, 11.875, 14 ], "texture": "#angelsword_atlas", "cullface": "down" },
				"west": { "uv": [ 11.125, 9, 11.5, 9.25 ], "texture": "#angelsword_atlas", "cullface": "down" },
				"east": { "uv": [ 12.625, 9, 12.25, 9.25 ], "texture": "#angelsword_atlas", "cullface": "down" }
			}
		},
		{
			"__comment": "Voxels",
			"from": [ 5, 0, 7.5 ],
			"to": [ 10.5, 2.5, 8 ],
			"faces": {
				"up": { "uv": [ 14.625, 14.25, 16, 14 ], "texture": "#angelsword_atlas" },
				"north": { "uv": [ 2.75, 2.5, 1.375, 3.75 ], "texture": "#angelsword_atlas" },
				"south": { "uv": [ 1.375, 3.75, 2.75, 5 ], "texture": "#angelsword_atlas" },
				"west": { "uv": [ 9.875, 0.75, 10, 2 ], "texture": "#angelsword_atlas" },
				"east": { "uv": [ 3, 7.75, 2.875, 9 ], "texture": "#angelsword_atlas" }
			}
		},
		{
			"__comment": "Voxels",
			"from": [ 5, 6.5, 7.5 ],
			"to": [ 10.5, 7, 8 ],
			"faces": {
				"down": { "uv": [ 13.25, 14, 14.625, 14.25 ], "texture": "#angelsword_atlas" },
				"north": { "uv": [ 11.875, 14, 10.5, 14.25 ], "texture": "#angelsword_atlas" },
				"south": { "uv": [ 9.125, 14, 10.5, 14.25 ], "texture": "#angelsword_atlas" },
				"west": { "uv": [ 15.875, 13.75, 16, 14 ], "texture": "#angelsword_atlas" },
				"east": { "uv": [ 14.75, 15.25, 14.625, 15.5 ], "texture": "#angelsword_atlas" }
			}
		},
		{
			"__comment": "Voxels",
			"from": [ 5, 7, 7 ],
			"to": [ 7, 9.5, 7.5 ],
			"faces": {
				"down": { "uv": [ 10.875, 10.25, 11.375, 10.5 ], "texture": "#angelsword_atlas" },
				"up": { "uv": [ 15.125, 10.75, 15.625, 10.5 ], "texture": "#angelsword_atlas" },
				"north": { "uv": [ 6.25, 6.5, 5.75, 7.75 ], "texture": "#angelsword_atlas" },
				"west": { "uv": [ 10.375, 2, 10.5, 3.25 ], "texture": "#angelsword_atlas" },
				"east": { "uv": [ 10.375, 2, 10.25, 3.25 ], "texture": "#angelsword_atlas" }
			}
		},
		{
			"__comment": "Voxels",
			"from": [ 5, 7, 8 ],
			"to": [ 7, 9.5, 8.5 ],
			"faces": {
				"down": { "uv": [ 14.125, 10.5, 14.625, 10.75 ], "texture": "#angelsword_atlas" },
				"up": { "uv": [ 13.625, 10.75, 14.125, 10.5 ], "texture": "#angelsword_atlas" },
				"south": { "uv": [ 4.875, 12.25, 5.375, 13.5 ], "texture": "#angelsword_atlas" },
				"west": { "uv": [ 10.125, 2, 10.25, 3.25 ], "texture": "#angelsword_atlas" },
				"east": { "uv": [ 10.125, 2, 10, 3.25 ], "texture": "#angelsword_atlas" }
			}
		},
		{
			"__comment": "Voxels",
			"from": [ 5, 9.5, 7 ],
			"to": [ 6, 12, 7.5 ],
			"faces": {
				"up": { "uv": [ 11.125, 1.75, 11.375, 1.5 ], "texture": "#angelsword_atlas" },
				"north": { "uv": [ 1.375, 2.5, 1.125, 3.75 ], "texture": "#angelsword_atlas" },
				"west": { "uv": [ 9.875, 2, 10, 3.25 ], "texture": "#angelsword_atlas" },
				"east": { "uv": [ 10.5, 5.5, 10.375, 6.75 ], "texture": "#angelsword_atlas" }
			}
		},
		{
			"__comment": "Voxels",
			"from": [ 5, 9.5, 8 ],
			"to": [ 6, 12, 8.5 ],
			"faces": {
				"up": { "uv": [ 11.125, 2.75, 11.375, 2.5 ], "texture": "#angelsword_atlas" },
				"south": { "uv": [ 8.75, 9, 9, 10.25 ], "texture": "#angelsword_atlas" },
				"west": { "uv": [ 10.25, 5.5, 10.375, 6.75 ], "texture": "#angelsword_atlas" },
				"east": { "uv": [ 3, 5.75, 2.875, 7 ], "texture": "#angelsword_atlas" }
			}
		},
		{
			"__comment": "Voxels",
			"from": [ 5, 12, 7.5 ],
			"to": [ 10.5, 20.5, 8 ],
			"faces": {
				"up": { "uv": [ 11.625, 14.5, 13, 14.25 ], "texture": "#angelsword_atlas", "cullface": "up" },
				"north": { "uv": [ 1.375, 11.75, 0, 16 ], "texture": "#angelsword_atlas", "cullface": "up" },
				"south": { "uv": [ 0, 7.5, 1.375, 11.75 ], "texture": "#angelsword_atlas", "cullface": "up" },
				"west": { "uv": [ 5.75, 1, 5.875, 5.25 ], "texture": "#angelsword_atlas", "cullface": "up" },
				"east": { "uv": [ 6, 1, 5.875, 5.25 ], "texture": "#angelsword_atlas", "cullface": "up" }
			}
		},
		{
			"__comment": "Voxels",
			"from": [ 5, 27.5, 7.5 ],
			"to": [ 10.5, 28.5, 8 ],
			"faces": {
				"down": { "uv": [ 13, 14.25, 14.375, 14.5 ], "texture": "#angelsword_atlas", "cullface": "up" },
				"up": { "uv": [ 14.375, 14.5, 15.75, 14.25 ], "texture": "#angelsword_atlas", "cullface": "up" },
				"north": { "uv": [ 7.75, 13.75, 6.375, 14.25 ], "texture": "#angelsword_atlas", "cullface": "up" },
				"south": { "uv": [ 6.375, 14.25, 7.75, 14.75 ], "texture": "#angelsword_atlas", "cullface": "up" },
				"west": { "uv": [ 11.375, 3.25, 11.5, 3.75 ], "texture": "#angelsword_atlas", "cullface": "up" },
				"east": { "uv": [ 11.25, 4.75, 11.125, 5.25 ], "texture": "#angelsword_atlas", "cullface": "up" }
			}
		},
		{
			"__comment": "Voxels",
			"from": [ 5.5, -3.5, 7 ],
			"to": [ 10, -3, 8.5 ],
			"faces": {
				"down": { "uv": [ 3.75, 1, 4.875, 1.75 ], "texture": "#angelsword_atlas", "cullface": "down" },
				"north": { "uv": [ 15.875, 13, 14.75, 13.25 ], "texture": "#angelsword_atlas", "cullface": "down" },
				"south": { "uv": [ 9.125, 12.75, 10.25, 13 ], "texture": "#angelsword_atlas", "cullface": "down" },
				"west": { "uv": [ 12.625, 9, 13, 9.25 ], "texture": "#angelsword_atlas", "cullface": "down" },
				"east": { "uv": [ 13.375, 9, 13, 9.25 ], "texture": "#angelsword_atlas", "cullface": "down" }
			}
		},
		{
			"__comment": "Voxels",
			"from": [ 5.5, -3, 6.5 ],
			"to": [ 10, -2, 7 ],
			"faces": {
				"down": { "uv": [ 10.25, 12.75, 11.375, 13 ], "texture": "#angelsword_atlas", "cullface": "down" },
				"north": { "uv": [ 7.5, 6.5, 6.375, 7 ], "texture": "#angelsword_atlas", "cullface": "down" },
				"west": { "uv": [ 11.25, 6, 11.375, 6.5 ], "texture": "#angelsword_atlas", "cullface": "down" },
				"east": { "uv": [ 11.25, 6, 11.125, 6.5 ], "texture": "#angelsword_atlas", "cullface": "down" }
			}
		},
		{
			"__comment": "Voxels",
			"from": [ 5.5, -3, 8.5 ],
			"to": [ 10, -2, 9 ],
			"faces": {
				"down": { "uv": [ 14.75, 12.25, 15.875, 12.5 ], "texture": "#angelsword_atlas", "cullface": "down" },
				"south": { "uv": [ 6.375, 9.5, 7.5, 10 ], "texture": "#angelsword_atlas", "cullface": "down" },
				"west": { "uv": [ 11.125, 7, 11.25, 7.5 ], "texture": "#angelsword_atlas", "cullface": "down" },
				"east": { "uv": [ 9.875, 9.75, 9.75, 10.25 ], "texture": "#angelsword_atlas", "cullface": "down" }
			}
		},
		{
			"__comment": "Voxels",
			"from": [ 5.5, -0.5, 6.5 ],
			"to": [ 10, 0, 7 ],
			"faces": {
				"up": { "uv": [ 11.375, 12.5, 12.5, 12.25 ], "texture": "#angelsword_atlas", "cullface": "down" },
				"north": { "uv": [ 13.625, 12.75, 12.5, 13 ], "texture": "#angelsword_atlas", "cullface": "down" },
				"west": { "uv": [ 13.375, 8.75, 13.5, 9 ], "texture": "#angelsword_atlas", "cullface": "down" },
				"east": { "uv": [ 13.125, 8.75, 13, 9 ], "texture": "#angelsword_atlas", "cullface": "down" }
			}
		},
		{
			"__comment": "Voxels",
			"from": [ 5.5, -0.5, 8.5 ],
			"to": [ 10, 0, 9 ],
			"faces": {
				"up": { "uv": [ 12.5, 13.25, 13.625, 13 ], "texture": "#angelsword_atlas", "cullface": "down" },
				"south": { "uv": [ 10.25, 13, 11.375, 13.25 ], "texture": "#angelsword_atlas", "cullface": "down" },
				"west": { "uv": [ 12.875, 8.75, 13, 9 ], "texture": "#angelsword_atlas", "cullface": "down" },
				"east": { "uv": [ 12.375, 8.75, 12.25, 9 ], "texture": "#angelsword_atlas", "cullface": "down" }
			}
		},
		{
			"__comment": "Voxels",
			"from": [ 5.5, 0, 7 ],
			"to": [ 10, 0.5, 7.5 ],
			"faces": {
				"up": { "uv": [ 14.125, 13.5, 15.25, 13.25 ], "texture": "#angelsword_atlas" },
				"north": { "uv": [ 15.25, 13.5, 14.125, 13.75 ], "texture": "#angelsword_atlas" },
				"west": { "uv": [ 12.125, 8.75, 12.25, 9 ], "texture": "#angelsword_atlas" },
				"east": { "uv": [ 12.125, 8.75, 12, 9 ], "texture": "#angelsword_atlas" }
			}
		},
		{
			"__comment": "Voxels",
			"from": [ 5.5, 0, 8 ],
			"to": [ 10, 0.5, 8.5 ],
			"faces": {
				"up": { "uv": [ 13.625, 12.75, 14.75, 12.5 ], "texture": "#angelsword_atlas" },
				"south": { "uv": [ 11.375, 12.5, 12.5, 12.75 ], "texture": "#angelsword_atlas" },
				"west": { "uv": [ 11.875, 8.75, 12, 9 ], "texture": "#angelsword_atlas" },
				"east": { "uv": [ 11.875, 8.75, 11.75, 9 ], "texture": "#angelsword_atlas" }
			}
		},
		{
			"__comment": "Voxels",
			"from": [ 5.5, 0.5, 7 ],
			"to": [ 7.5, 2.5, 7.5 ],
			"faces": {
				"up": { "uv": [ 13.375, 10.25, 13.875, 10 ], "texture": "#angelsword_atlas" },
				"north": { "uv": [ 6.875, 4, 6.375, 5 ], "texture": "#angelsword_atlas" },
				"west": { "uv": [ 10.75, 0, 10.875, 1 ], "texture": "#angelsword_atlas" },
				"east": { "uv": [ 10.75, 0, 10.625, 1 ], "texture": "#angelsword_atlas" }
			}
		},
		{
			"__comment": "Voxels",
			"from": [ 5.5, 0.5, 8 ],
			"to": [ 7.5, 2.5, 8.5 ],
			"faces": {
				"up": { "uv": [ 15.375, 10.5, 15.875, 10.25 ], "texture": "#angelsword_atlas" },
				"south": { "uv": [ 5.75, 0, 6.25, 1 ], "texture": "#angelsword_atlas" },
				"west": { "uv": [ 10.75, 4, 10.875, 5 ], "texture": "#angelsword_atlas" },
				"east": { "uv": [ 10.75, 4, 10.625, 5 ], "texture": "#angelsword_atlas" }
			}
		},
		{
			"__comment": "Voxels",
			"from": [ 5.5, 2.5, 7.5 ],
			"to": [ 10, 6.5, 8 ],
			"faces": {
				"north": { "uv": [ 1.125, 0.5, 0, 2.5 ], "texture": "#angelsword_atlas" },
				"south": { "uv": [ 1.375, 9, 2.5, 11 ], "texture": "#angelsword_atlas" },
				"west": { "uv": [ 9.25, 5.25, 9.375, 7.25 ], "texture": "#angelsword_atlas" },
				"east": { "uv": [ 9.25, 5.25, 9.125, 7.25 ], "texture": "#angelsword_atlas" }
			}
		},
		{
			"__comment": "Voxels",
			"from": [ 5.5, 6.5, 7 ],
			"to": [ 7.5, 7, 7.5 ],
			"faces": {
				"down": { "uv": [ 13.875, 10.25, 14.375, 10.5 ], "texture": "#angelsword_atlas" },
				"up": { "uv": [ 12.375, 10.5, 12.875, 10.25 ], "texture": "#angelsword_atlas" },
				"north": { "uv": [ 12.375, 10.25, 11.875, 10.5 ], "texture": "#angelsword_atlas" },
				"west": { "uv": [ 11.625, 8.75, 11.75, 9 ], "texture": "#angelsword_atlas" },
				"east": { "uv": [ 11.625, 8.75, 11.5, 9 ], "texture": "#angelsword_atlas" }
			}
		},
		{
			"__comment": "Voxels",
			"from": [ 5.5, 6.5, 8 ],
			"to": [ 7.5, 7, 8.5 ],
			"faces": {
				"down": { "uv": [ 14.625, 10.5, 15.125, 10.75 ], "texture": "#angelsword_atlas" },
				"up": { "uv": [ 13.125, 10.75, 13.625, 10.5 ], "texture": "#angelsword_atlas" },
				"south": { "uv": [ 11.125, 10.5, 11.625, 10.75 ], "texture": "#angelsword_atlas" },
				"west": { "uv": [ 11.375, 0, 11.5, 0.25 ], "texture": "#angelsword_atlas" },
				"east": { "uv": [ 11.375, 0, 11.25, 0.25 ], "texture": "#angelsword_atlas" }
			}
		},
		{
			"__comment": "Voxels",
			"from": [ 5.5, 12, 7 ],
			"to": [ 7.5, 18.5, 7.5 ],
			"faces": {
				"down": { "uv": [ 14.875, 10.75, 15.375, 11 ], "texture": "#angelsword_atlas", "cullface": "up" },
				"up": { "uv": [ 10, 0.25, 10.5, 0 ], "texture": "#angelsword_atlas", "cullface": "up" },
				"north": { "uv": [ 3.5, 7.75, 3, 11 ], "texture": "#angelsword_atlas", "cullface": "up" },
				"west": { "uv": [ 6.125, 2, 6.25, 5.25 ], "texture": "#angelsword_atlas", "cullface": "up" },
				"east": { "uv": [ 7.875, 5.25, 7.75, 8.5 ], "texture": "#angelsword_atlas", "cullface": "up" }
			}
		},
		{
			"__comment": "Voxels",
			"from": [ 5.5, 12, 8 ],
			"to": [ 7.5, 18.5, 8.5 ],
			"faces": {
				"down": { "uv": [ 10, 0.25, 10.5, 0.5 ], "texture": "#angelsword_atlas", "cullface": "up" },
				"up": { "uv": [ 10, 0.75, 10.5, 0.5 ], "texture": "#angelsword_atlas", "cullface": "up" },
				"south": { "uv": [ 4.5, 7.75, 5, 11 ], "texture": "#angelsword_atlas", "cullface": "up" },
				"west": { "uv": [ 6.25, 2, 6.375, 5.25 ], "texture": "#angelsword_atlas", "cullface": "up" },
				"east": { "uv": [ 6.125, 2, 6, 5.25 ], "texture": "#angelsword_atlas", "cullface": "up" }
			}
		},
		{
			"__comment": "Voxels",
			"from": [ 5.5, 20.5, 7.5 ],
			"to": [ 10, 25.5, 8 ],
			"faces": {
				"up": { "uv": [ 10.25, 12.5, 11.375, 12.25 ], "texture": "#angelsword_atlas", "cullface": "up" },
				"north": { "uv": [ 1.125, 2.5, 0, 5 ], "texture": "#angelsword_atlas", "cullface": "up" },
				"south": { "uv": [ 0, 5, 1.125, 7.5 ], "texture": "#angelsword_atlas", "cullface": "up" },
				"west": { "uv": [ 8.625, 3.25, 8.75, 5.75 ], "texture": "#angelsword_atlas", "cullface": "up" },
				"east": { "uv": [ 8.75, 5.75, 8.625, 8.25 ], "texture": "#angelsword_atlas", "cullface": "up" }
			}
		},
		{
			"__comment": "Voxels",
			"from": [ 5.5, 26.5, 7.5 ],
			"to": [ 10, 27.5, 8 ],
			"faces": {
				"down": { "uv": [ 12.5, 12.25, 13.625, 12.5 ], "texture": "#angelsword_atlas", "cullface": "up" },
				"north": { "uv": [ 7.5, 8.5, 6.375, 9 ], "texture": "#angelsword_atlas", "cullface": "up" },
				"south": { "uv": [ 6.375, 8, 7.5, 8.5 ], "texture": "#angelsword_atlas", "cullface": "up" },
				"west": { "uv": [ 11.375, 6.5, 11.5, 7 ], "texture": "#angelsword_atlas", "cullface": "up" },
				"east": { "uv": [ 11.375, 6.5, 11.25, 7 ], "texture": "#angelsword_atlas", "cullface": "up" }
			}
		},
		{
			"__comment": "Voxels",
			"from": [ 5.5, 28.5, 7.5 ],
			"to": [ 10, 29.5, 8 ],
			"faces": {
				"up": { "uv": [ 13, 14, 14.125, 13.75 ], "texture": "#angelsword_atlas", "cullface": "up" },
				"north": { "uv": [ 7.5, 7.5, 6.375, 8 ], "texture": "#angelsword_atlas", "cullface": "up" },
				"south": { "uv": [ 6.375, 7, 7.5, 7.5 ], "texture": "#angelsword_atlas", "cullface": "up" },
				"west": { "uv": [ 11.125, 6.5, 11.25, 7 ], "texture": "#angelsword_atlas", "cullface": "up" },
				"east": { "uv": [ 9.875, 2, 9.75, 2.5 ], "texture": "#angelsword_atlas", "cullface": "up" }
			}
		},
		{
			"__comment": "Voxels",
			"from": [ 6, -15, 7 ],
			"to": [ 9.5, -11, 8.5 ],
			"faces": {
				"down": { "uv": [ 14.75, 15.25, 15.625, 16 ], "texture": "#angelsword_atlas", "cullface": "down" },
				"up": { "uv": [ 6.375, 13.75, 7.25, 13 ], "texture": "#angelsword_atlas", "cullface": "down" },
				"north": { "uv": [ 2.25, 5, 1.375, 7 ], "texture": "#angelsword_atlas", "cullface": "down" },
				"south": { "uv": [ 1.375, 7, 2.25, 9 ], "texture": "#angelsword_atlas", "cullface": "down" },
				"west": { "uv": [ 5.375, 6.75, 5.75, 8.75 ], "texture": "#angelsword_atlas", "cullface": "down" },
				"east": { "uv": [ 5.75, 4.75, 5.375, 6.75 ], "texture": "#angelsword_atlas", "cullface": "down" }
			}
		},
		{
			"__comment": "Voxels",
			"from": [ 6, -14, 6 ],
			"to": [ 9.5, -13, 7 ],
			"faces": {
				"down": { "uv": [ 7.75, 8.5, 8.625, 9 ], "texture": "#angelsword_atlas", "cullface": "down" },
				"up": { "uv": [ 7.75, 9.5, 8.625, 9 ], "texture": "#angelsword_atlas", "cullface": "down" },
				"north": { "uv": [ 8.625, 9.5, 7.75, 10 ], "texture": "#angelsword_atlas", "cullface": "down" },
				"west": { "uv": [ 7.5, 6, 7.75, 6.5 ], "texture": "#angelsword_atlas", "cullface": "down" },
				"east": { "uv": [ 7.75, 6.5, 7.5, 7 ], "texture": "#angelsword_atlas", "cullface": "down" }
			}
		},
		{
			"__comment": "Voxels",
			"from": [ 6, -14, 8.5 ],
			"to": [ 9.5, -13, 9.5 ],
			"faces": {
				"down": { "uv": [ 7.75, 10.5, 8.625, 11 ], "texture": "#angelsword_atlas", "cullface": "down" },
				"up": { "uv": [ 7.75, 14, 8.625, 13.5 ], "texture": "#angelsword_atlas", "cullface": "down" },
				"south": { "uv": [ 7.75, 12, 8.625, 12.5 ], "texture": "#angelsword_atlas", "cullface": "down" },
				"west": { "uv": [ 7.5, 7, 7.75, 7.5 ], "texture": "#angelsword_atlas", "cullface": "down" },
				"east": { "uv": [ 7.75, 7.5, 7.5, 8 ], "texture": "#angelsword_atlas", "cullface": "down" }
			}
		},
		{
			"__comment": "Voxels",
			"from": [ 6, -5.5, 7.5 ],
			"to": [ 9.5, -3.5, 8 ],
			"faces": {
				"down": { "uv": [ 9.875, 11.25, 10.75, 11.5 ], "texture": "#angelsword_atlas", "cullface": "down" },
				"north": { "uv": [ 4.625, 1.75, 3.75, 2.75 ], "texture": "#angelsword_atlas", "cullface": "down" },
				"south": { "uv": [ 3.75, 2.75, 4.625, 3.75 ], "texture": "#angelsword_atlas", "cullface": "down" },
				"west": { "uv": [ 10.75, 2, 10.875, 3 ], "texture": "#angelsword_atlas", "cullface": "down" },
				"east": { "uv": [ 10.875, 3, 10.75, 4 ], "texture": "#angelsword_atlas", "cullface": "down" }
			}
		},
		{
			"__comment": "Voxels",
			"from": [ 6, -5, 7 ],
			"to": [ 9.5, -4.5, 7.5 ],
			"faces": {
				"down": { "uv": [ 10.75, 12, 11.625, 12.25 ], "texture": "#angelsword_atlas", "cullface": "down" },
				"up": { "uv": [ 6.375, 0.25, 7.25, 0 ], "texture": "#angelsword_atlas", "cullface": "down" },
				"north": { "uv": [ 16, 11.25, 15.125, 11.5 ], "texture": "#angelsword_atlas", "cullface": "down" },
				"west": { "uv": [ 11.25, 0.5, 11.375, 0.75 ], "texture": "#angelsword_atlas", "cullface": "down" },
				"east": { "uv": [ 11.25, 0.5, 11.125, 0.75 ], "texture": "#angelsword_atlas", "cullface": "down" }
			}
		},
		{
			"__comment": "Voxels",
			"from": [ 6, -5, 8 ],
			"to": [ 9.5, -4.5, 8.5 ],
			"faces": {
				"down": { "uv": [ 12.5, 12, 13.375, 12.25 ], "texture": "#angelsword_atlas", "cullface": "down" },
				"up": { "uv": [ 9.875, 12.25, 10.75, 12 ], "texture": "#angelsword_atlas", "cullface": "down" },
				"south": { "uv": [ 15.125, 14.5, 16, 14.75 ], "texture": "#angelsword_atlas", "cullface": "down" },
				"west": { "uv": [ 11.375, 0.75, 11.5, 1 ], "texture": "#angelsword_atlas", "cullface": "down" },
				"east": { "uv": [ 11.375, 0.75, 11.25, 1 ], "texture": "#angelsword_atlas", "cullface": "down" }
			}
		},
		{
			"__comment": "Voxels",
			"from": [ 6, -4, 6.5 ],
			"to": [ 9.5, -3, 7 ],
			"faces": {
				"down": { "uv": [ 10.75, 11.75, 11.625, 12 ], "texture": "#angelsword_atlas", "cullface": "down" },
				"north": { "uv": [ 8.625, 11, 7.75, 11.5 ], "texture": "#angelsword_atlas", "cullface": "down" },
				"south": { "uv": [ 7.75, 11.5, 8.625, 12 ], "texture": "#angelsword_atlas", "cullface": "down" },
				"west": { "uv": [ 11, 3.5, 11.125, 4 ], "texture": "#angelsword_atlas", "cullface": "down" },
				"east": { "uv": [ 11, 4.25, 10.875, 4.75 ], "texture": "#angelsword_atlas", "cullface": "down" }
			}
		},
		{
			"__comment": "Voxels",
			"from": [ 6, -4, 7 ],
			"to": [ 9.5, -3.5, 7.5 ],
			"faces": {
				"down": { "uv": [ 9.875, 11.5, 10.75, 11.75 ], "texture": "#angelsword_atlas", "cullface": "down" },
				"west": { "uv": [ 11.25, 1, 11.375, 1.25 ], "texture": "#angelsword_atlas", "cullface": "down" },
				"east": { "uv": [ 11.25, 1, 11.125, 1.25 ], "texture": "#angelsword_atlas", "cullface": "down" }
			}
		},
		{
			"__comment": "Voxels",
			"from": [ 6, -4, 8 ],
			"to": [ 9.5, -3.5, 9 ],
			"faces": {
				"down": { "uv": [ 7.75, 12.5, 8.625, 13 ], "texture": "#angelsword_atlas", "cullface": "down" },
				"up": { "uv": [ 6.375, 1.75, 7.25, 1.25 ], "texture": "#angelsword_atlas", "cullface": "down" },
				"south": { "uv": [ 13.375, 11.75, 14.25, 12 ], "texture": "#angelsword_atlas", "cullface": "down" },
				"west": { "uv": [ 10.875, 4.75, 11.125, 5 ], "texture": "#angelsword_atlas", "cullface": "down" },
				"east": { "uv": [ 11.125, 5.5, 10.875, 5.75 ], "texture": "#angelsword_atlas", "cullface": "down" }
			}
		},
		{
			"__comment": "Voxels",
			"from": [ 6, -3.5, 8.5 ],
			"to": [ 9.5, -3, 9 ],
			"faces": {
				"south": { "uv": [ 11.625, 11.5, 12.5, 11.75 ], "texture": "#angelsword_atlas", "cullface": "down" },
				"west": { "uv": [ 11.375, 1.25, 11.5, 1.5 ], "texture": "#angelsword_atlas", "cullface": "down" },
				"east": { "uv": [ 11.5, 0.5, 11.375, 0.75 ], "texture": "#angelsword_atlas", "cullface": "down" }
			}
		},
		{
			"__comment": "Voxels",
			"from": [ 6, -2, 6 ],
			"to": [ 9.5, -0.5, 6.5 ],
			"faces": {
				"down": { "uv": [ 11.625, 11.25, 12.5, 11.5 ], "texture": "#angelsword_atlas", "cullface": "down" },
				"up": { "uv": [ 13.375, 11.75, 14.25, 11.5 ], "texture": "#angelsword_atlas", "cullface": "down" },
				"north": { "uv": [ 7.25, 10.75, 6.375, 11.5 ], "texture": "#angelsword_atlas", "cullface": "down" },
				"south": { "uv": [ 6.375, 10, 7.25, 10.75 ], "texture": "#angelsword_atlas", "cullface": "down" },
				"west": { "uv": [ 7.625, 2.5, 7.75, 3.25 ], "texture": "#angelsword_atlas", "cullface": "down" },
				"east": { "uv": [ 7.75, 1.75, 7.625, 2.5 ], "texture": "#angelsword_atlas", "cullface": "down" }
			}
		},
		{
			"__comment": "Voxels",
			"from": [ 6, -2, 9 ],
			"to": [ 9.5, -0.5, 9.5 ],
			"faces": {
				"down": { "uv": [ 14.25, 11, 15.125, 11.25 ], "texture": "#angelsword_atlas", "cullface": "down" },
				"up": { "uv": [ 14.25, 12.25, 15.125, 12 ], "texture": "#angelsword_atlas", "cullface": "down" },
				"north": { "uv": [ 7.25, 11.5, 6.375, 12.25 ], "texture": "#angelsword_atlas", "cullface": "down" },
				"south": { "uv": [ 6.375, 12.25, 7.25, 13 ], "texture": "#angelsword_atlas", "cullface": "down" },
				"west": { "uv": [ 9.25, 3.25, 9.375, 4 ], "texture": "#angelsword_atlas", "cullface": "down" },
				"east": { "uv": [ 7.75, 12.25, 7.625, 13 ], "texture": "#angelsword_atlas", "cullface": "down" }
			}
		},
		{
			"__comment": "Voxels",
			"from": [ 6, 0, 6.5 ],
			"to": [ 9.5, 0.5, 7 ],
			"faces": {
				"up": { "uv": [ 14.25, 11.75, 15.125, 11.5 ], "texture": "#angelsword_atlas" },
				"north": { "uv": [ 16, 11.5, 15.125, 11.75 ], "texture": "#angelsword_atlas" },
				"west": { "uv": [ 11.375, 1.5, 11.5, 1.75 ], "texture": "#angelsword_atlas" },
				"east": { "uv": [ 11.5, 5.75, 11.375, 6 ], "texture": "#angelsword_atlas" }
			}
		},
		{
			"__comment": "Voxels",
			"from": [ 6, 0, 8.5 ],
			"to": [ 9.5, 0.5, 9 ],
			"faces": {
				"up": { "uv": [ 11.625, 11.25, 12.5, 11 ], "texture": "#angelsword_atlas" },
				"south": { "uv": [ 14.25, 11.25, 15.125, 11.5 ], "texture": "#angelsword_atlas" },
				"west": { "uv": [ 11, 7, 11.125, 7.25 ], "texture": "#angelsword_atlas" },
				"east": { "uv": [ 16, 10.25, 15.875, 10.5 ], "texture": "#angelsword_atlas" }
			}
		},
		{
			"__comment": "Voxels",
			"from": [ 6, 0.5, 6.5 ],
			"to": [ 7.5, 1, 7 ],
			"faces": {
				"up": { "uv": [ 11.125, 9, 11.5, 8.75 ], "texture": "#angelsword_atlas" },
				"north": { "uv": [ 14.625, 10, 14.25, 10.25 ], "texture": "#angelsword_atlas" },
				"west": { "uv": [ 15.875, 10.75, 16, 11 ], "texture": "#angelsword_atlas" },
				"east": { "uv": [ 16, 12.25, 15.875, 12.5 ], "texture": "#angelsword_atlas" }
			}
		},
		{
			"__comment": "Voxels",
			"from": [ 6, 2.5, 7 ],
			"to": [ 7.5, 6.5, 7.5 ],
			"faces": {
				"north": { "uv": [ 2.875, 9, 2.5, 11 ], "texture": "#angelsword_atlas" },
				"west": { "uv": [ 2.875, 9, 3, 11 ], "texture": "#angelsword_atlas" },
				"east": { "uv": [ 9.25, 8.25, 9.125, 10.25 ], "texture": "#angelsword_atlas" }
			}
		},
		{
			"__comment": "Voxels",
			"from": [ 6, 2.5, 8 ],
			"to": [ 7.5, 6.5, 8.5 ],
			"faces": {
				"south": { "uv": [ 5.375, 2.75, 5.75, 4.75 ], "texture": "#angelsword_atlas" },
				"west": { "uv": [ 9.25, 8.25, 9.375, 10.25 ], "texture": "#angelsword_atlas" },
				"east": { "uv": [ 9.25, 3.25, 9.125, 5.25 ], "texture": "#angelsword_atlas" }
			}
		},
		{
			"__comment": "Voxels",
			"from": [ 6, 10.5, 7 ],
			"to": [ 7, 12, 7.5 ],
			"faces": {
				"down": { "uv": [ 9.375, 0, 9.625, 0.25 ], "texture": "#angelsword_atlas" },
				"north": { "uv": [ 3, 1.75, 2.75, 2.5 ], "texture": "#angelsword_atlas" },
				"east": { "uv": [ 3, 5, 2.875, 5.75 ], "texture": "#angelsword_atlas" }
			}
		},
		{
			"__comment": "Voxels",
			"from": [ 6, 10.5, 8 ],
			"to": [ 7, 12, 8.5 ],
			"faces": {
				"down": { "uv": [ 8.875, 2, 9.125, 2.25 ], "texture": "#angelsword_atlas" },
				"south": { "uv": [ 9.375, 7, 9.625, 7.75 ], "texture": "#angelsword_atlas" },
				"east": { "uv": [ 7.75, 13, 7.625, 13.75 ], "texture": "#angelsword_atlas" }
			}
		},
		{
			"__comment": "Voxels",
			"from": [ 6, 18.5, 7 ],
			"to": [ 7.5, 20.5, 7.5 ],
			"faces": {
				"up": { "uv": [ 14.5, 10, 14.875, 9.75 ], "texture": "#angelsword_atlas", "cullface": "up" },
				"north": { "uv": [ 8.125, 4.25, 7.75, 5.25 ], "texture": "#angelsword_atlas", "cullface": "up" },
				"west": { "uv": [ 8.5, 2.25, 8.625, 3.25 ], "texture": "#angelsword_atlas", "cullface": "up" },
				"east": { "uv": [ 8.625, 1.25, 8.5, 2.25 ], "texture": "#angelsword_atlas", "cullface": "up" }
			}
		},
		{
			"__comment": "Voxels",
			"from": [ 6, 18.5, 8 ],
			"to": [ 7.5, 20.5, 8.5 ],
			"faces": {
				"up": { "uv": [ 11.125, 9.75, 11.5, 9.5 ], "texture": "#angelsword_atlas", "cullface": "up" },
				"south": { "uv": [ 6, 1, 6.375, 2 ], "texture": "#angelsword_atlas", "cullface": "up" },
				"west": { "uv": [ 8.5, 0.25, 8.625, 1.25 ], "texture": "#angelsword_atlas", "cullface": "up" },
				"east": { "uv": [ 10.625, 7.25, 10.5, 8.25 ], "texture": "#angelsword_atlas", "cullface": "up" }
			}
		},
		{
			"__comment": "Voxels",
			"from": [ 6, 25.5, 7.5 ],
			"to": [ 9.5, 26.5, 8 ],
			"faces": {
				"north": { "uv": [ 8.625, 14, 7.75, 14.5 ], "texture": "#angelsword_atlas", "cullface": "up" },
				"south": { "uv": [ 7.75, 14.5, 8.625, 15 ], "texture": "#angelsword_atlas", "cullface": "up" },
				"west": { "uv": [ 11.125, 2, 11.25, 2.5 ], "texture": "#angelsword_atlas", "cullface": "up" },
				"east": { "uv": [ 11.125, 0.75, 11, 1.25 ], "texture": "#angelsword_atlas", "cullface": "up" }
			}
		},
		{
			"__comment": "Voxels",
			"from": [ 6, 29.5, 7.5 ],
			"to": [ 9.5, 30.5, 8 ],
			"faces": {
				"up": { "uv": [ 12.5, 12, 13.375, 11.75 ], "texture": "#angelsword_atlas", "cullface": "up" },
				"north": { "uv": [ 7.25, 0.75, 6.375, 1.25 ], "texture": "#angelsword_atlas", "cullface": "up" },
				"south": { "uv": [ 6.375, 0.25, 7.25, 0.75 ], "texture": "#angelsword_atlas", "cullface": "up" },
				"west": { "uv": [ 11.375, 2.75, 11.5, 3.25 ], "texture": "#angelsword_atlas", "cullface": "up" },
				"east": { "uv": [ 11, 0.25, 10.875, 0.75 ], "texture": "#angelsword_atlas", "cullface": "up" }
			}
		},
		{
			"__comment": "Voxels",
			"from": [ 6.5, -13, 6.5 ],
			"to": [ 9, -10.5, 7 ],
			"faces": {
				"up": { "uv": [ 10.5, 11, 11.125, 10.75 ], "texture": "#angelsword_atlas", "cullface": "down" },
				"north": { "uv": [ 6.375, 12.75, 5.75, 14 ], "texture": "#angelsword_atlas", "cullface": "down" },
				"south": { "uv": [ 2.25, 5.75, 2.875, 7 ], "texture": "#angelsword_atlas", "cullface": "down" },
				"west": { "uv": [ 6.25, 6.5, 6.375, 7.75 ], "texture": "#angelsword_atlas", "cullface": "down" },
				"east": { "uv": [ 6.375, 10.25, 6.25, 11.5 ], "texture": "#angelsword_atlas", "cullface": "down" }
			}
		},
		{
			"__comment": "Voxels",
			"from": [ 6.5, -13, 8.5 ],
			"to": [ 9, -10.5, 9 ],
			"faces": {
				"up": { "uv": [ 9.875, 9.75, 10.5, 9.5 ], "texture": "#angelsword_atlas", "cullface": "down" },
				"north": { "uv": [ 2.875, 7.75, 2.25, 9 ], "texture": "#angelsword_atlas", "cullface": "down" },
				"south": { "uv": [ 5.75, 14, 6.375, 15.25 ], "texture": "#angelsword_atlas", "cullface": "down" },
				"west": { "uv": [ 6.25, 11.5, 6.375, 12.75 ], "texture": "#angelsword_atlas", "cullface": "down" },
				"east": { "uv": [ 10.25, 5.5, 10.125, 6.75 ], "texture": "#angelsword_atlas", "cullface": "down" }
			}
		},
		{
			"__comment": "Voxels",
			"from": [ 6.5, -11, 7 ],
			"to": [ 9, -9, 8.5 ],
			"faces": {
				"up": { "uv": [ 2.25, 7.75, 2.875, 7 ], "texture": "#angelsword_atlas", "cullface": "down" },
				"north": { "uv": [ 5.25, 1.75, 4.625, 2.75 ], "texture": "#angelsword_atlas", "cullface": "down" },
				"south": { "uv": [ 4.625, 2.75, 5.25, 3.75 ], "texture": "#angelsword_atlas", "cullface": "down" },
				"west": { "uv": [ 7.75, 1.25, 8.125, 2.25 ], "texture": "#angelsword_atlas", "cullface": "down" },
				"east": { "uv": [ 8.5, 2.25, 8.125, 3.25 ], "texture": "#angelsword_atlas", "cullface": "down" }
			}
		},
		{
			"__comment": "Voxels",
			"from": [ 6.5, -8.5, 7 ],
			"to": [ 9, -7, 8.5 ],
			"faces": {
				"down": { "uv": [ 6.375, 2.5, 7, 3.25 ], "texture": "#angelsword_atlas", "cullface": "down" },
				"up": { "uv": [ 7, 2.5, 7.625, 1.75 ], "texture": "#angelsword_atlas", "cullface": "down" },
				"north": { "uv": [ 7, 1.75, 6.375, 2.5 ], "texture": "#angelsword_atlas", "cullface": "down" },
				"south": { "uv": [ 7, 2.5, 7.625, 3.25 ], "texture": "#angelsword_atlas", "cullface": "down" },
				"west": { "uv": [ 15.625, 15.25, 16, 16 ], "texture": "#angelsword_atlas", "cullface": "down" },
				"east": { "uv": [ 5.75, 0, 5.375, 0.75 ], "texture": "#angelsword_atlas", "cullface": "down" }
			}
		},
		{
			"__comment": "Voxels",
			"from": [ 6.5, -6.5, 7 ],
			"to": [ 9, -5, 7.5 ],
			"faces": {
				"down": { "uv": [ 9.875, 7.5, 10.5, 7.75 ], "texture": "#angelsword_atlas", "cullface": "down" },
				"north": { "uv": [ 7.625, 3.25, 7, 4 ], "texture": "#angelsword_atlas", "cullface": "down" },
				"south": { "uv": [ 2.25, 5, 2.875, 5.75 ], "texture": "#angelsword_atlas", "cullface": "down" },
				"west": { "uv": [ 7.625, 11.5, 7.75, 12.25 ], "texture": "#angelsword_atlas", "cullface": "down" },
				"east": { "uv": [ 7.75, 10.75, 7.625, 11.5 ], "texture": "#angelsword_atlas", "cullface": "down" }
			}
		},
		{
			"__comment": "Voxels",
			"from": [ 6.5, -6.5, 7.5 ],
			"to": [ 9, -5.5, 8.5 ],
			"faces": {
				"down": { "uv": [ 13.5, 13.25, 14.125, 13.75 ], "texture": "#angelsword_atlas", "cullface": "down" },
				"up": { "uv": [ 11, 13.75, 11.625, 13.25 ], "texture": "#angelsword_atlas", "cullface": "down" },
				"south": { "uv": [ 12.25, 13.25, 12.875, 13.75 ], "texture": "#angelsword_atlas", "cullface": "down" },
				"west": { "uv": [ 10.625, 8.5, 10.875, 9 ], "texture": "#angelsword_atlas", "cullface": "down" },
				"east": { "uv": [ 16, 13.25, 15.75, 13.75 ], "texture": "#angelsword_atlas", "cullface": "down" }
			}
		},
		{
			"__comment": "Voxels",
			"from": [ 6.5, -5.5, 8 ],
			"to": [ 9, -5, 8.5 ],
			"faces": {
				"south": { "uv": [ 9.875, 7, 10.5, 7.25 ], "texture": "#angelsword_atlas", "cullface": "down" },
				"west": { "uv": [ 11.375, 2.5, 11.5, 2.75 ], "texture": "#angelsword_atlas", "cullface": "down" },
				"east": { "uv": [ 11.5, 1.75, 11.375, 2 ], "texture": "#angelsword_atlas", "cullface": "down" }
			}
		},
		{
			"__comment": "Voxels",
			"from": [ 6.5, -4.5, 6.5 ],
			"to": [ 9, -4, 7.5 ],
			"faces": {
				"down": { "uv": [ 9.125, 13.25, 9.75, 13.75 ], "texture": "#angelsword_atlas", "cullface": "down" },
				"up": { "uv": [ 10.375, 13.75, 11, 13.25 ], "texture": "#angelsword_atlas", "cullface": "down" },
				"north": { "uv": [ 10.5, 7.25, 9.875, 7.5 ], "texture": "#angelsword_atlas", "cullface": "down" },
				"west": { "uv": [ 10.875, 5.25, 11.125, 5.5 ], "texture": "#angelsword_atlas", "cullface": "down" },
				"east": { "uv": [ 11.125, 5, 10.875, 5.25 ], "texture": "#angelsword_atlas", "cullface": "down" }
			}
		},
		{
			"__comment": "Voxels",
			"from": [ 6.5, -4.5, 8 ],
			"to": [ 9, -4, 9 ],
			"faces": {
				"down": { "uv": [ 11.625, 13.25, 12.25, 13.75 ], "texture": "#angelsword_atlas", "cullface": "down" },
				"south": { "uv": [ 15.25, 13.75, 15.875, 14 ], "texture": "#angelsword_atlas", "cullface": "down" },
				"west": { "uv": [ 10.875, 4, 11.125, 4.25 ], "texture": "#angelsword_atlas", "cullface": "down" },
				"east": { "uv": [ 11.125, 3.25, 10.875, 3.5 ], "texture": "#angelsword_atlas", "cullface": "down" }
			}
		},
		{
			"__comment": "Voxels",
			"from": [ 6.5, 0.5, 8.5 ],
			"to": [ 7.5, 2.5, 9 ],
			"faces": {
				"up": { "uv": [ 10.875, 3, 11.125, 2.75 ], "texture": "#angelsword_atlas" },
				"south": { "uv": [ 9.125, 11.25, 9.375, 12.25 ], "texture": "#angelsword_atlas" },
				"west": { "uv": [ 10.75, 7.5, 10.875, 8.5 ], "texture": "#angelsword_atlas" },
				"east": { "uv": [ 10.75, 5, 10.625, 6 ], "texture": "#angelsword_atlas" }
			}
		},
		{
			"__comment": "Voxels",
			"from": [ 6.5, 1, 6.5 ],
			"to": [ 7.5, 2.5, 7 ],
			"faces": {
				"up": { "uv": [ 10.875, 1.5, 11.125, 1.25 ], "texture": "#angelsword_atlas" },
				"north": { "uv": [ 1.375, 0.5, 1.125, 1.25 ], "texture": "#angelsword_atlas" },
				"west": { "uv": [ 7.625, 10, 7.75, 10.75 ], "texture": "#angelsword_atlas" },
				"east": { "uv": [ 7.75, 3.25, 7.625, 4 ], "texture": "#angelsword_atlas" }
			}
		},
		{
			"__comment": "Voxels",
			"from": [ 6.5, 20.5, 7 ],
			"to": [ 7.5, 22.5, 7.5 ],
			"faces": {
				"up": { "uv": [ 11.25, 7.5, 11.5, 7.25 ], "texture": "#angelsword_atlas", "cullface": "up" },
				"north": { "uv": [ 9, 0.25, 8.75, 1.25 ], "texture": "#angelsword_atlas", "cullface": "up" },
				"west": { "uv": [ 10.5, 6.25, 10.625, 7.25 ], "texture": "#angelsword_atlas", "cullface": "up" },
				"east": { "uv": [ 10.625, 5.25, 10.5, 6.25 ], "texture": "#angelsword_atlas", "cullface": "up" }
			}
		},
		{
			"__comment": "Voxels",
			"from": [ 6.5, 20.5, 8 ],
			"to": [ 7.5, 22.5, 8.5 ],
			"faces": {
				"up": { "uv": [ 11.125, 6, 11.375, 5.75 ], "texture": "#angelsword_atlas", "cullface": "up" },
				"south": { "uv": [ 8.875, 3.25, 9.125, 4.25 ], "texture": "#angelsword_atlas", "cullface": "up" },
				"west": { "uv": [ 10.5, 0.25, 10.625, 1.25 ], "texture": "#angelsword_atlas", "cullface": "up" },
				"east": { "uv": [ 5.375, 1.75, 5.25, 2.75 ], "texture": "#angelsword_atlas", "cullface": "up" }
			}
		},
		{
			"__comment": "Voxels",
			"from": [ 6.5, 30.5, 7.5 ],
			"to": [ 9, 31, 8 ],
			"faces": {
				"up": { "uv": [ 9.875, 10.75, 10.5, 10.5 ], "texture": "#angelsword_atlas", "cullface": "up" },
				"north": { "uv": [ 10.5, 10.25, 9.875, 10.5 ], "texture": "#angelsword_atlas", "cullface": "up" },
				"south": { "uv": [ 9.875, 6.75, 10.5, 7 ], "texture": "#angelsword_atlas", "cullface": "up" },
				"west": { "uv": [ 12.375, 8.75, 12.5, 9 ], "texture": "#angelsword_atlas", "cullface": "up" },
				"east": { "uv": [ 12.625, 8.75, 12.5, 9 ], "texture": "#angelsword_atlas", "cullface": "up" }
			}
		},
		{
			"__comment": "Voxels",
			"from": [ 7, -15.5, 7 ],
			"to": [ 8.5, -15, 8.5 ],
			"faces": {
				"down": { "uv": [ 4.875, 1, 5.25, 1.75 ], "texture": "#angelsword_atlas", "cullface": "down" },
				"north": { "uv": [ 12.625, 9.5, 12.25, 9.75 ], "texture": "#angelsword_atlas", "cullface": "down" },
				"south": { "uv": [ 14.5, 9.5, 14.875, 9.75 ], "texture": "#angelsword_atlas", "cullface": "down" },
				"west": { "uv": [ 14.875, 9.5, 15.25, 9.75 ], "texture": "#angelsword_atlas", "cullface": "down" },
				"east": { "uv": [ 15.625, 9.5, 15.25, 9.75 ], "texture": "#angelsword_atlas", "cullface": "down" }
			}
		},
		{
			"__comment": "Voxels",
			"from": [ 7, -15, 6 ],
			"to": [ 8.5, -14, 7 ],
			"faces": {
				"down": { "uv": [ 9.375, 1, 9.75, 1.5 ], "texture": "#angelsword_atlas", "cullface": "down" },
				"north": { "uv": [ 3.375, 0, 3, 0.5 ], "texture": "#angelsword_atlas", "cullface": "down" },
				"west": { "uv": [ 7.5, 8.5, 7.75, 9 ], "texture": "#angelsword_atlas", "cullface": "down" },
				"east": { "uv": [ 7.75, 8, 7.5, 8.5 ], "texture": "#angelsword_atlas", "cullface": "down" }
			}
		},
		{
			"__comment": "Voxels",
			"from": [ 7, -15, 8.5 ],
			"to": [ 8.5, -14, 9.5 ],
			"faces": {
				"down": { "uv": [ 9.375, 2.5, 9.75, 3 ], "texture": "#angelsword_atlas", "cullface": "down" },
				"south": { "uv": [ 9.375, 4, 9.75, 4.5 ], "texture": "#angelsword_atlas", "cullface": "down" },
				"west": { "uv": [ 10.625, 10, 10.875, 10.5 ], "texture": "#angelsword_atlas", "cullface": "down" },
				"east": { "uv": [ 10.875, 7, 10.625, 7.5 ], "texture": "#angelsword_atlas", "cullface": "down" }
			}
		},
		{
			"__comment": "Voxels",
			"from": [ 7, -13, 6 ],
			"to": [ 8.5, -11, 6.5 ],
			"faces": {
				"up": { "uv": [ 11.875, 9.5, 12.25, 9.25 ], "texture": "#angelsword_atlas", "cullface": "down" },
				"north": { "uv": [ 3.75, 0.5, 3.375, 1.5 ], "texture": "#angelsword_atlas", "cullface": "down" },
				"west": { "uv": [ 10.75, 5, 10.875, 6 ], "texture": "#angelsword_atlas", "cullface": "down" },
				"east": { "uv": [ 10.75, 3, 10.625, 4 ], "texture": "#angelsword_atlas", "cullface": "down" }
			}
		},
		{
			"__comment": "Voxels",
			"from": [ 7, -13, 9 ],
			"to": [ 8.5, -11, 9.5 ],
			"faces": {
				"up": { "uv": [ 12.625, 9.5, 13, 9.25 ], "texture": "#angelsword_atlas", "cullface": "down" },
				"south": { "uv": [ 3, 0.5, 3.375, 1.5 ], "texture": "#angelsword_atlas", "cullface": "down" },
				"west": { "uv": [ 10.5, 4.25, 10.625, 5.25 ], "texture": "#angelsword_atlas", "cullface": "down" },
				"east": { "uv": [ 10.625, 3.25, 10.5, 4.25 ], "texture": "#angelsword_atlas", "cullface": "down" }
			}
		},
		{
			"__comment": "Voxels",
			"from": [ 7, -10.5, 6.5 ],
			"to": [ 8.5, -4.5, 7 ],
			"faces": {
				"north": { "uv": [ 3.375, 1.5, 3, 4.5 ], "texture": "#angelsword_atlas", "cullface": "down" },
				"south": { "uv": [ 5, 4.75, 5.375, 7.75 ], "texture": "#angelsword_atlas", "cullface": "down" },
				"west": { "uv": [ 8.375, 5.5, 8.5, 8.5 ], "texture": "#angelsword_atlas", "cullface": "down" },
				"east": { "uv": [ 8.75, 8.25, 8.625, 11.25 ], "texture": "#angelsword_atlas", "cullface": "down" }
			}
		},
		{
			"__comment": "Voxels",
			"from": [ 7, -10.5, 8.5 ],
			"to": [ 8.5, -4.5, 9 ],
			"faces": {
				"north": { "uv": [ 3.75, 1.5, 3.375, 4.5 ], "texture": "#angelsword_atlas", "cullface": "down" },
				"south": { "uv": [ 5, 8, 5.375, 11 ], "texture": "#angelsword_atlas", "cullface": "down" },
				"west": { "uv": [ 8.625, 11.25, 8.75, 14.25 ], "texture": "#angelsword_atlas", "cullface": "down" },
				"east": { "uv": [ 8.625, 5.5, 8.5, 8.5 ], "texture": "#angelsword_atlas", "cullface": "down" }
			}
		},
		{
			"__comment": "Voxels",
			"from": [ 7, -9, 7 ],
			"to": [ 8.5, -8.5, 8.5 ],
			"faces": {
				"west": { "uv": [ 14.875, 9, 15.25, 9.25 ], "texture": "#angelsword_atlas", "cullface": "down" },
				"east": { "uv": [ 15.625, 9, 15.25, 9.25 ], "texture": "#angelsword_atlas", "cullface": "down" }
			}
		},
		{
			"__comment": "Voxels",
			"from": [ 7, -7, 7 ],
			"to": [ 8.5, -6.5, 8.5 ],
			"faces": {
				"up": { "uv": [ 7.25, 10.75, 7.625, 10 ], "texture": "#angelsword_atlas", "cullface": "down" },
				"west": { "uv": [ 7.75, 0, 8.125, 0.25 ], "texture": "#angelsword_atlas", "cullface": "down" },
				"east": { "uv": [ 9.125, 0, 8.75, 0.25 ], "texture": "#angelsword_atlas", "cullface": "down" }
			}
		},
		{
			"__comment": "Voxels",
			"from": [ 7, -4, 6 ],
			"to": [ 8.5, -2, 6.5 ],
			"faces": {
				"down": { "uv": [ 15.625, 10.5, 16, 10.75 ], "texture": "#angelsword_atlas", "cullface": "down" },
				"north": { "uv": [ 8.5, 0.25, 8.125, 1.25 ], "texture": "#angelsword_atlas", "cullface": "down" },
				"south": { "uv": [ 7.75, 2.25, 8.125, 3.25 ], "texture": "#angelsword_atlas", "cullface": "down" },
				"west": { "uv": [ 10.625, 2, 10.75, 3 ], "texture": "#angelsword_atlas", "cullface": "down" },
				"east": { "uv": [ 11, 7, 10.875, 8 ], "texture": "#angelsword_atlas", "cullface": "down" }
			}
		},
		{
			"__comment": "Voxels",
			"from": [ 7, -4, 9 ],
			"to": [ 8.5, -2, 9.5 ],
			"faces": {
				"down": { "uv": [ 11.125, 9.75, 11.5, 10 ], "texture": "#angelsword_atlas", "cullface": "down" },
				"north": { "uv": [ 8.5, 3.25, 8.125, 4.25 ], "texture": "#angelsword_atlas", "cullface": "down" },
				"south": { "uv": [ 7.375, 4, 7.75, 5 ], "texture": "#angelsword_atlas", "cullface": "down" },
				"west": { "uv": [ 10.625, 1, 10.75, 2 ], "texture": "#angelsword_atlas", "cullface": "down" },
				"east": { "uv": [ 10.875, 1, 10.75, 2 ], "texture": "#angelsword_atlas", "cullface": "down" }
			}
		},
		{
			"__comment": "Voxels",
			"from": [ 7, -0.5, 6 ],
			"to": [ 8.5, 0.5, 6.5 ],
			"faces": {
				"up": { "uv": [ 13, 10, 13.375, 9.75 ], "texture": "#angelsword_atlas", "cullface": "down" },
				"north": { "uv": [ 3.75, 0, 3.375, 0.5 ], "texture": "#angelsword_atlas", "cullface": "down" },
				"south": { "uv": [ 9.375, 9.75, 9.75, 10.25 ], "texture": "#angelsword_atlas", "cullface": "down" },
				"west": { "uv": [ 11.125, 4.25, 11.25, 4.75 ], "texture": "#angelsword_atlas", "cullface": "down" },
				"east": { "uv": [ 11.375, 4.25, 11.25, 4.75 ], "texture": "#angelsword_atlas", "cullface": "down" }
			}
		},
		{
			"__comment": "Voxels",
			"from": [ 7, -0.5, 9 ],
			"to": [ 8.5, 0.5, 9.5 ],
			"faces": {
				"up": { "uv": [ 13.75, 10, 14.125, 9.75 ], "texture": "#angelsword_atlas", "cullface": "down" },
				"north": { "uv": [ 9.75, 9.25, 9.375, 9.75 ], "texture": "#angelsword_atlas", "cullface": "down" },
				"south": { "uv": [ 9.375, 8.75, 9.75, 9.25 ], "texture": "#angelsword_atlas", "cullface": "down" },
				"west": { "uv": [ 11.125, 3.25, 11.25, 3.75 ], "texture": "#angelsword_atlas", "cullface": "down" },
				"east": { "uv": [ 11.375, 3.25, 11.25, 3.75 ], "texture": "#angelsword_atlas", "cullface": "down" }
			}
		},
		{
			"__comment": "Voxels",
			"from": [ 7, 2.5, 6.5 ],
			"to": [ 7.5, 5, 7 ],
			"faces": {
				"up": { "uv": [ 12.75, 9, 12.875, 8.75 ], "texture": "#angelsword_atlas" },
				"north": { "uv": [ 6.375, 5.25, 6.25, 6.5 ], "texture": "#angelsword_atlas" },
				"west": { "uv": [ 9, 7.75, 9.125, 9 ], "texture": "#angelsword_atlas" },
				"east": { "uv": [ 9.125, 6.5, 9, 7.75 ], "texture": "#angelsword_atlas" }
			}
		},
		{
			"__comment": "Voxels",
			"from": [ 7, 2.5, 8.5 ],
			"to": [ 7.5, 5, 9 ],
			"faces": {
				"up": { "uv": [ 13.25, 9, 13.375, 8.75 ], "texture": "#angelsword_atlas" },
				"south": { "uv": [ 9.875, 8.25, 10, 9.5 ], "texture": "#angelsword_atlas" },
				"west": { "uv": [ 10, 8.25, 10.125, 9.5 ], "texture": "#angelsword_atlas" },
				"east": { "uv": [ 10.25, 8.25, 10.125, 9.5 ], "texture": "#angelsword_atlas" }
			}
		},
		{
			"__comment": "Voxels",
			"from": [ 7, 11.5, 7 ],
			"to": [ 7.5, 12, 7.5 ],
			"faces": {
				"down": { "uv": [ 11.5, 5.5, 11.625, 5.75 ], "texture": "#angelsword_atlas" },
				"north": { "uv": [ 11.625, 4.5, 11.5, 4.75 ], "texture": "#angelsword_atlas" },
				"east": { "uv": [ 11.625, 2.75, 11.5, 3 ], "texture": "#angelsword_atlas" }
			}
		},
		{
			"__comment": "Voxels",
			"from": [ 7, 11.5, 8 ],
			"to": [ 7.5, 12, 8.5 ],
			"faces": {
				"down": { "uv": [ 11.5, 2.5, 11.625, 2.75 ], "texture": "#angelsword_atlas" },
				"south": { "uv": [ 13.75, 8.75, 13.875, 9 ], "texture": "#angelsword_atlas" },
				"east": { "uv": [ 14.125, 8.75, 14, 9 ], "texture": "#angelsword_atlas" }
			}
		},
		{
			"__comment": "Voxels",
			"from": [ 7, 22.5, 7 ],
			"to": [ 7.5, 23.5, 7.5 ],
			"faces": {
				"up": { "uv": [ 14.25, 9, 14.375, 8.75 ], "texture": "#angelsword_atlas", "cullface": "up" },
				"north": { "uv": [ 9.875, 1.5, 9.75, 2 ], "texture": "#angelsword_atlas", "cullface": "up" },
				"west": { "uv": [ 11, 4.25, 11.125, 4.75 ], "texture": "#angelsword_atlas", "cullface": "up" },
				"east": { "uv": [ 11, 3.5, 10.875, 4 ], "texture": "#angelsword_atlas", "cullface": "up" }
			}
		},
		{
			"__comment": "Voxels",
			"from": [ 7, 22.5, 8 ],
			"to": [ 7.5, 23.5, 8.5 ],
			"faces": {
				"up": { "uv": [ 11.5, 5, 11.625, 4.75 ], "texture": "#angelsword_atlas", "cullface": "up" },
				"south": { "uv": [ 11, 2.25, 11.125, 2.75 ], "texture": "#angelsword_atlas", "cullface": "up" },
				"west": { "uv": [ 10.875, 1.75, 11, 2.25 ], "texture": "#angelsword_atlas", "cullface": "up" },
				"east": { "uv": [ 11.125, 0.25, 11, 0.75 ], "texture": "#angelsword_atlas", "cullface": "up" }
			}
		},
		{
			"__comment": "Voxels",
			"from": [ 7, 31, 7.5 ],
			"to": [ 8.5, 31.5, 8 ],
			"faces": {
				"up": { "uv": [ 13, 9.75, 13.375, 9.5 ], "texture": "#angelsword_atlas", "cullface": "up" },
				"north": { "uv": [ 13.75, 9.5, 13.375, 9.75 ], "texture": "#angelsword_atlas", "cullface": "up" },
				"south": { "uv": [ 14.125, 9.5, 14.5, 9.75 ], "texture": "#angelsword_atlas", "cullface": "up" },
				"west": { "uv": [ 14.375, 8.75, 14.5, 9 ], "texture": "#angelsword_atlas", "cullface": "up" },
				"east": { "uv": [ 14.625, 8.75, 14.5, 9 ], "texture": "#angelsword_atlas", "cullface": "up" }
			}
		},
		{
			"__comment": "Voxels",
			"from": [ 7.5, 31.5, 7.5 ],
			"to": [ 8, 32, 8 ],
			"faces": {
				"up": { "uv": [ 11.5, 6.25, 11.625, 6 ], "texture": "#angelsword_atlas", "cullface": "up" },
				"north": { "uv": [ 11.625, 5.75, 11.5, 6 ], "texture": "#angelsword_atlas", "cullface": "up" },
				"south": { "uv": [ 11.5, 2.25, 11.625, 2.5 ], "texture": "#angelsword_atlas", "cullface": "up" },
				"west": { "uv": [ 11.5, 4.25, 11.625, 4.5 ], "texture": "#angelsword_atlas", "cullface": "up" },
				"east": { "uv": [ 11.625, 3.5, 11.5, 3.75 ], "texture": "#angelsword_atlas", "cullface": "up" }
			}
		},
		{
			"__comment": "Voxels",
			"from": [ 8, 0.5, 6.5 ],
			"to": [ 9.5, 1, 7.5 ],
			"faces": {
				"down": { "uv": [ 9.375, 8.25, 9.75, 8.75 ], "texture": "#angelsword_atlas" },
				"up": { "uv": [ 9.375, 8.25, 9.75, 7.75 ], "texture": "#angelsword_atlas" },
				"north": { "uv": [ 16, 9.5, 15.625, 9.75 ], "texture": "#angelsword_atlas" },
				"west": { "uv": [ 8.375, 5.25, 8.625, 5.5 ], "texture": "#angelsword_atlas" },
				"east": { "uv": [ 16, 14.25, 15.75, 14.5 ], "texture": "#angelsword_atlas" }
			}
		},
		{
			"__comment": "Voxels",
			"from": [ 8, 0.5, 8 ],
			"to": [ 10, 2.5, 8.5 ],
			"faces": {
				"up": { "uv": [ 8.125, 0.25, 8.625, 0 ], "texture": "#angelsword_atlas" },
				"south": { "uv": [ 6.375, 5, 6.875, 6 ], "texture": "#angelsword_atlas" },
				"west": { "uv": [ 8.5, 3.25, 8.625, 4.25 ], "texture": "#angelsword_atlas" },
				"east": { "uv": [ 6.375, 0, 6.25, 1 ], "texture": "#angelsword_atlas" }
			}
		},
		{
			"__comment": "Voxels",
			"from": [ 8, 0.5, 8.5 ],
			"to": [ 9, 2.5, 9 ],
			"faces": {
				"up": { "uv": [ 10.875, 6.5, 11.125, 6.25 ], "texture": "#angelsword_atlas" },
				"south": { "uv": [ 8.875, 2.25, 9.125, 3.25 ], "texture": "#angelsword_atlas" },
				"west": { "uv": [ 7.625, 0.25, 7.75, 1.25 ], "texture": "#angelsword_atlas" },
				"east": { "uv": [ 8.625, 4.25, 8.5, 5.25 ], "texture": "#angelsword_atlas" }
			}
		},
		{
			"__comment": "Voxels",
			"from": [ 8, 1, 6.5 ],
			"to": [ 9, 2.5, 7.5 ],
			"faces": {
				"up": { "uv": [ 7.5, 9.5, 7.75, 9 ], "texture": "#angelsword_atlas" },
				"north": { "uv": [ 9.875, 7, 9.625, 7.75 ], "texture": "#angelsword_atlas" },
				"west": { "uv": [ 9.625, 5.75, 9.875, 6.5 ], "texture": "#angelsword_atlas" },
				"east": { "uv": [ 9.625, 5, 9.375, 5.75 ], "texture": "#angelsword_atlas" }
			}
		},
		{
			"__comment": "Voxels",
			"from": [ 8, 2.5, 6.5 ],
			"to": [ 8.5, 5, 7.5 ],
			"faces": {
				"up": { "uv": [ 9.75, 3, 9.875, 2.5 ], "texture": "#angelsword_atlas" },
				"north": { "uv": [ 6.375, 9, 6.25, 10.25 ], "texture": "#angelsword_atlas" },
				"west": { "uv": [ 1.125, 1.25, 1.375, 2.5 ], "texture": "#angelsword_atlas" },
				"east": { "uv": [ 3, 3.75, 2.75, 5 ], "texture": "#angelsword_atlas" }
			}
		},
		{
			"__comment": "Voxels",
			"from": [ 8, 2.5, 8 ],
			"to": [ 9.5, 7, 8.5 ],
			"faces": {
				"up": { "uv": [ 13.75, 9.25, 14.125, 9 ], "texture": "#angelsword_atlas" },
				"north": { "uv": [ 5.75, 13, 5.375, 15.25 ], "texture": "#angelsword_atlas" },
				"south": { "uv": [ 5.375, 10.75, 5.75, 13 ], "texture": "#angelsword_atlas" },
				"west": { "uv": [ 8.625, 1, 8.75, 3.25 ], "texture": "#angelsword_atlas" },
				"east": { "uv": [ 8.875, 2, 8.75, 4.25 ], "texture": "#angelsword_atlas" }
			}
		},
		{
			"__comment": "Voxels",
			"from": [ 8, 2.5, 8.5 ],
			"to": [ 8.5, 5, 9 ],
			"faces": {
				"up": { "uv": [ 11.125, 1, 11.25, 0.75 ], "texture": "#angelsword_atlas" },
				"south": { "uv": [ 10.375, 8.25, 10.5, 9.5 ], "texture": "#angelsword_atlas" },
				"west": { "uv": [ 9.875, 5.5, 10, 6.75 ], "texture": "#angelsword_atlas" },
				"east": { "uv": [ 10.125, 5.5, 10, 6.75 ], "texture": "#angelsword_atlas" }
			}
		},
		{
			"__comment": "Voxels",
			"from": [ 8, 5, 7 ],
			"to": [ 9.5, 7, 7.5 ],
			"faces": {
				"down": { "uv": [ 11.125, 8.25, 11.5, 8.5 ], "texture": "#angelsword_atlas" },
				"up": { "uv": [ 5, 8, 5.375, 7.75 ], "texture": "#angelsword_atlas" },
				"north": { "uv": [ 8.5, 1.25, 8.125, 2.25 ], "texture": "#angelsword_atlas" },
				"south": { "uv": [ 7.75, 0.25, 8.125, 1.25 ], "texture": "#angelsword_atlas" },
				"west": { "uv": [ 8.625, 0, 8.75, 1 ], "texture": "#angelsword_atlas" },
				"east": { "uv": [ 9.125, 0.25, 9, 1.25 ], "texture": "#angelsword_atlas" }
			}
		},
		{
			"__comment": "Voxels",
			"from": [ 8, 11.5, 7 ],
			"to": [ 10.5, 12, 7.5 ],
			"faces": {
				"down": { "uv": [ 9.875, 5, 10.5, 5.25 ], "texture": "#angelsword_atlas" },
				"up": { "uv": [ 9.875, 5, 10.5, 4.75 ], "texture": "#angelsword_atlas" },
				"north": { "uv": [ 10.5, 4.5, 9.875, 4.75 ], "texture": "#angelsword_atlas" },
				"west": { "uv": [ 11.125, 0.25, 11.25, 0.5 ], "texture": "#angelsword_atlas" },
				"east": { "uv": [ 11.25, 0, 11.125, 0.25 ], "texture": "#angelsword_atlas" }
			}
		},
		{
			"__comment": "Voxels",
			"from": [ 8, 11.5, 8 ],
			"to": [ 10.5, 12, 8.5 ],
			"faces": {
				"down": { "uv": [ 9.875, 4, 10.5, 4.25 ], "texture": "#angelsword_atlas" },
				"up": { "uv": [ 9.875, 4, 10.5, 3.75 ], "texture": "#angelsword_atlas" },
				"south": { "uv": [ 9.875, 3.25, 10.5, 3.5 ], "texture": "#angelsword_atlas" },
				"west": { "uv": [ 11.25, 0.25, 11.375, 0.5 ], "texture": "#angelsword_atlas" },
				"east": { "uv": [ 11.5, 0.25, 11.375, 0.5 ], "texture": "#angelsword_atlas" }
			}
		},
		{
			"__comment": "Voxels",
			"from": [ 8, 12, 7 ],
			"to": [ 10, 18.5, 7.5 ],
			"faces": {
				"up": { "uv": [ 10.625, 10.75, 11.125, 10.5 ], "texture": "#angelsword_atlas", "cullface": "up" },
				"north": { "uv": [ 4, 4.5, 3.5, 7.75 ], "texture": "#angelsword_atlas", "cullface": "up" },
				"west": { "uv": [ 7.875, 5.25, 8, 8.5 ], "texture": "#angelsword_atlas", "cullface": "up" },
				"east": { "uv": [ 8.125, 5.25, 8, 8.5 ], "texture": "#angelsword_atlas", "cullface": "up" }
			}
		},
		{
			"__comment": "Voxels",
			"from": [ 8, 12, 8 ],
			"to": [ 10, 18.5, 8.5 ],
			"faces": {
				"up": { "uv": [ 12.125, 10.75, 12.625, 10.5 ], "texture": "#angelsword_atlas", "cullface": "up" },
				"south": { "uv": [ 4, 7.75, 4.5, 11 ], "texture": "#angelsword_atlas", "cullface": "up" },
				"west": { "uv": [ 8.125, 5.25, 8.25, 8.5 ], "texture": "#angelsword_atlas", "cullface": "up" },
				"east": { "uv": [ 8.375, 5.25, 8.25, 8.5 ], "texture": "#angelsword_atlas", "cullface": "up" }
			}
		},
		{
			"__comment": "Voxels",
			"from": [ 8, 18.5, 7 ],
			"to": [ 9.5, 20.5, 7.5 ],
			"faces": {
				"up": { "uv": [ 15.625, 10, 16, 9.75 ], "texture": "#angelsword_atlas", "cullface": "up" },
				"north": { "uv": [ 9.125, 13.25, 8.75, 14.25 ], "texture": "#angelsword_atlas", "cullface": "up" },
				"west": { "uv": [ 10.5, 2.25, 10.625, 3.25 ], "texture": "#angelsword_atlas", "cullface": "up" },
				"east": { "uv": [ 10.625, 1.25, 10.5, 2.25 ], "texture": "#angelsword_atlas", "cullface": "up" }
			}
		},
		{
			"__comment": "Voxels",
			"from": [ 8, 18.5, 8 ],
			"to": [ 9.5, 20.5, 8.5 ],
			"faces": {
				"up": { "uv": [ 11.875, 9.75, 12.25, 9.5 ], "texture": "#angelsword_atlas", "cullface": "up" },
				"south": { "uv": [ 8.75, 10.25, 9.125, 11.25 ], "texture": "#angelsword_atlas", "cullface": "up" },
				"west": { "uv": [ 10.625, 9, 10.75, 10 ], "texture": "#angelsword_atlas", "cullface": "up" },
				"east": { "uv": [ 10.875, 9, 10.75, 10 ], "texture": "#angelsword_atlas", "cullface": "up" }
			}
		},
		{
			"__comment": "Voxels",
			"from": [ 8, 20.5, 7 ],
			"to": [ 9, 22.5, 7.5 ],
			"faces": {
				"up": { "uv": [ 11.125, 2, 11.375, 1.75 ], "texture": "#angelsword_atlas", "cullface": "up" },
				"north": { "uv": [ 9.375, 0.25, 9.125, 1.25 ], "texture": "#angelsword_atlas", "cullface": "up" },
				"west": { "uv": [ 5.25, 2.75, 5.375, 3.75 ], "texture": "#angelsword_atlas", "cullface": "up" },
				"east": { "uv": [ 10.75, 7.5, 10.625, 8.5 ], "texture": "#angelsword_atlas", "cullface": "up" }
			}
		},
		{
			"__comment": "Voxels",
			"from": [ 8, 20.5, 8 ],
			"to": [ 9, 22.5, 8.5 ],
			"faces": {
				"up": { "uv": [ 10.875, 7, 11.125, 6.75 ], "texture": "#angelsword_atlas", "cullface": "up" },
				"south": { "uv": [ 2.75, 0, 3, 1 ], "texture": "#angelsword_atlas", "cullface": "up" },
				"west": { "uv": [ 10.625, 6, 10.75, 7 ], "texture": "#angelsword_atlas", "cullface": "up" },
				"east": { "uv": [ 10.875, 6, 10.75, 7 ], "texture": "#angelsword_atlas", "cullface": "up" }
			}
		},
		{
			"__comment": "Voxels",
			"from": [ 8, 22.5, 7 ],
			"to": [ 8.5, 23.5, 7.5 ],
			"faces": {
				"up": { "uv": [ 11.5, 6.5, 11.625, 6.25 ], "texture": "#angelsword_atlas", "cullface": "up" },
				"north": { "uv": [ 9.875, 9.25, 9.75, 9.75 ], "texture": "#angelsword_atlas", "cullface": "up" },
				"west": { "uv": [ 9.75, 8.25, 9.875, 8.75 ], "texture": "#angelsword_atlas", "cullface": "up" },
				"east": { "uv": [ 9.875, 7.75, 9.75, 8.25 ], "texture": "#angelsword_atlas", "cullface": "up" }
			}
		},
		{
			"__comment": "Voxels",
			"from": [ 8, 22.5, 8 ],
			"to": [ 8.5, 23.5, 8.5 ],
			"faces": {
				"up": { "uv": [ 11.5, 6.75, 11.625, 6.5 ], "texture": "#angelsword_atlas", "cullface": "up" },
				"south": { "uv": [ 9.75, 4.5, 9.875, 5 ], "texture": "#angelsword_atlas", "cullface": "up" },
				"west": { "uv": [ 9.75, 4, 9.875, 4.5 ], "texture": "#angelsword_atlas", "cullface": "up" },
				"east": { "uv": [ 9.875, 3.5, 9.75, 4 ], "texture": "#angelsword_atlas", "cullface": "up" }
			}
		},
		{
			"__comment": "Voxels",
			"from": [ 8.5, 2.5, 7 ],
			"to": [ 9.5, 5, 7.5 ],
			"faces": {
				"down": { "uv": [ 10.875, 6, 11.125, 6.25 ], "texture": "#angelsword_atlas" },
				"north": { "uv": [ 9, 7.75, 8.75, 9 ], "texture": "#angelsword_atlas" },
				"east": { "uv": [ 10.25, 0.75, 10.125, 2 ], "texture": "#angelsword_atlas" }
			}
		},
		{
			"__comment": "Voxels",
			"from": [ 8.5, 7, 7 ],
			"to": [ 10.5, 9.5, 7.5 ],
			"faces": {
				"down": { "uv": [ 12.875, 10.25, 13.375, 10.5 ], "texture": "#angelsword_atlas" },
				"up": { "uv": [ 13.375, 10.5, 13.875, 10.25 ], "texture": "#angelsword_atlas" },
				"north": { "uv": [ 6.25, 9, 5.75, 10.25 ], "texture": "#angelsword_atlas" },
				"west": { "uv": [ 10.25, 0.75, 10.375, 2 ], "texture": "#angelsword_atlas" },
				"east": { "uv": [ 10.5, 0.75, 10.375, 2 ], "texture": "#angelsword_atlas" }
			}
		},
		{
			"__comment": "Voxels",
			"from": [ 8.5, 7, 8 ],
			"to": [ 10.5, 9.5, 8.5 ],
			"faces": {
				"down": { "uv": [ 14.375, 10.25, 14.875, 10.5 ], "texture": "#angelsword_atlas" },
				"up": { "uv": [ 14.875, 10.5, 15.375, 10.25 ], "texture": "#angelsword_atlas" },
				"south": { "uv": [ 4.875, 11, 5.375, 12.25 ], "texture": "#angelsword_atlas" },
				"west": { "uv": [ 10.5, 9.5, 10.625, 10.75 ], "texture": "#angelsword_atlas" },
				"east": { "uv": [ 10.625, 8.25, 10.5, 9.5 ], "texture": "#angelsword_atlas" }
			}
		},
		{
			"__comment": "Voxels",
			"from": [ 8.5, 10.5, 7 ],
			"to": [ 10.5, 11.5, 7.5 ],
			"faces": {
				"down": { "uv": [ 10.875, 10, 11.375, 10.25 ], "texture": "#angelsword_atlas" },
				"north": { "uv": [ 7.75, 1.25, 7.25, 1.75 ], "texture": "#angelsword_atlas" },
				"west": { "uv": [ 11, 1.75, 11.125, 2.25 ], "texture": "#angelsword_atlas" },
				"east": { "uv": [ 11, 0.75, 10.875, 1.25 ], "texture": "#angelsword_atlas" }
			}
		},
		{
			"__comment": "Voxels",
			"from": [ 8.5, 10.5, 8 ],
			"to": [ 10.5, 11.5, 8.5 ],
			"faces": {
				"down": { "uv": [ 12.375, 10, 12.875, 10.25 ], "texture": "#angelsword_atlas" },
				"south": { "uv": [ 9.375, 11.25, 9.875, 11.75 ], "texture": "#angelsword_atlas" },
				"west": { "uv": [ 11.375, 6, 11.5, 6.5 ], "texture": "#angelsword_atlas" },
				"east": { "uv": [ 11.25, 5.25, 11.125, 5.75 ], "texture": "#angelsword_atlas" }
			}
		},
		{
			"__comment": "Voxels",
			"from": [ 9, 1, 7 ],
			"to": [ 10, 2.5, 7.5 ],
			"faces": {
				"down": { "uv": [ 11.25, 5.5, 11.5, 5.75 ], "texture": "#angelsword_atlas" },
				"up": { "uv": [ 11.25, 5.5, 11.5, 5.25 ], "texture": "#angelsword_atlas" },
				"north": { "uv": [ 9.875, 5, 9.625, 5.75 ], "texture": "#angelsword_atlas" },
				"east": { "uv": [ 11.125, 7.25, 11, 8 ], "texture": "#angelsword_atlas" }
			}
		},
		{
			"__comment": "Voxels",
			"from": [ 9.5, 0.5, 7 ],
			"to": [ 10, 1, 7.5 ],
			"faces": {
				"north": { "uv": [ 15.125, 8.75, 15, 9 ], "texture": "#angelsword_atlas" },
				"east": { "uv": [ 15.5, 8.75, 15.375, 9 ], "texture": "#angelsword_atlas" }
			}
		},
		{
			"__comment": "Voxels",
			"from": [ 9.5, 6.5, 7 ],
			"to": [ 10, 7, 7.5 ],
			"faces": {
				"down": { "uv": [ 15.5, 8.75, 15.625, 9 ], "texture": "#angelsword_atlas" },
				"north": { "uv": [ 15.875, 8.75, 15.75, 9 ], "texture": "#angelsword_atlas" },
				"east": { "uv": [ 11.625, 8.25, 11.5, 8.5 ], "texture": "#angelsword_atlas" }
			}
		},
		{
			"__comment": "Voxels",
			"from": [ 9.5, 6.5, 8 ],
			"to": [ 10, 7, 8.5 ],
			"faces": {
				"down": { "uv": [ 11.5, 8, 11.625, 8.25 ], "texture": "#angelsword_atlas" },
				"south": { "uv": [ 11.5, 7.25, 11.625, 7.5 ], "texture": "#angelsword_atlas" },
				"east": { "uv": [ 11.625, 6.75, 11.5, 7 ], "texture": "#angelsword_atlas" }
			}
		},
		{
			"__comment": "Voxels",
			"from": [ 9.5, 9.5, 7 ],
			"to": [ 10.5, 10.5, 7.5 ],
			"faces": {
				"north": { "uv": [ 11.125, 9.5, 10.875, 10 ], "texture": "#angelsword_atlas" },
				"west": { "uv": [ 11.375, 4.25, 11.5, 4.75 ], "texture": "#angelsword_atlas" },
				"east": { "uv": [ 11.25, 3.75, 11.125, 4.25 ], "texture": "#angelsword_atlas" }
			}
		},
		{
			"__comment": "Voxels",
			"from": [ 9.5, 9.5, 8 ],
			"to": [ 10.5, 10.5, 8.5 ],
			"faces": {
				"south": { "uv": [ 10.875, 8, 11.125, 8.5 ], "texture": "#angelsword_atlas" },
				"west": { "uv": [ 11.125, 2.75, 11.25, 3.25 ], "texture": "#angelsword_atlas" },
				"east": { "uv": [ 11.375, 2.75, 11.25, 3.25 ], "texture": "#angelsword_atlas" }
			}
		},
		{
			"__comment": "Voxels",
			"from": [ 13.5, -0.5, 7 ],
			"to": [ 15, 0, 8.5 ],
			"faces": {
				"down": { "uv": [ 8.75, 4.25, 9.125, 5 ], "texture": "#angelsword_atlas", "cullface": "down" },
				"up": { "uv": [ 8.75, 6.5, 9.125, 5.75 ], "texture": "#angelsword_atlas", "cullface": "down" },
				"north": { "uv": [ 11.5, 8, 11.125, 8.25 ], "texture": "#angelsword_atlas", "cullface": "down" },
				"south": { "uv": [ 11.125, 7.75, 11.5, 8 ], "texture": "#angelsword_atlas", "cullface": "down" },
				"west": { "uv": [ 11.125, 7.5, 11.5, 7.75 ], "texture": "#angelsword_atlas", "cullface": "down" },
				"east": { "uv": [ 14.125, 9.5, 13.75, 9.75 ], "texture": "#angelsword_atlas", "cullface": "down" }
			}
		}
	],
	"display": {
		"thirdperson_righthand": {
			"rotation":  [ 0, 90, 0 ],
			"translation":  [ 0, 6.5, 1.2 ],
			"scale":  [ 0.4, 0.5, 0.4 ]
		},
		"thirdperson_lefthand": {
			"rotation":  [ 0, 90, 0 ],
			"translation":  [ 0, 6.5, 1.2 ],
			"scale":  [ 0.4, 0.5, 0.4 ]
		},
		"firstperson_righthand": {
			"rotation":  [ 11, -80, -10 ],
			"translation":  [ 3, 4, 0.5 ],
			"scale":  [ 0.3, 0.3, 0.3 ]
		},
		"firstperson_lefthand": {
			"rotation":  [ 11, -80, -10 ],
			"translation":  [ 3, 4, 0.5 ],
			"scale":  [ 0.3, 0.3, 0.3 ]
		},
		"gui": {
			"rotation":  [ 0, 0, -45 ],
			"scale":  [ 0.3, 0.4, 0.3 ]
		},
		"ground": {
			"rotation":  [ 180, 0, 0 ],
			"translation":  [ 0, -0.5, 0 ],
			"scale":  [ 0.2, 0.3, 0.2 ]
		},
		"fixed": {
			"rotation":  [ 0, 0, 45 ],
			"scale":  [ 0.4, 0.5, 0.4 ]
		}
	}
}