{
	"__comment": "Designed by Pashjn with Cubik Studio - https://cubik.studio",
	"textures": {
		"particle": "items/anubisblades",
		"texture": "items/anubisblades",
		"voxels_atlas": "items/anubisblades"
	},
	"elements": [ 	 
		{
			"__comment": "Voxels",
			"from": [ 9, 8, 0 ],
			"to": [ 11.5, 9.5, 1 ],
			"faces": {
				"down": { "uv": [ 6, 13.75, 7.25, 14.25 ], "texture": "#voxels_atlas" },
				"up": { "uv": [ 2.25, 14.25, 3.5, 13.75 ], "texture": "#voxels_atlas" },
				"north": { "uv": [ 12.5, 15.25, 11.25, 16 ], "texture": "#voxels_atlas" },
				"south": { "uv": [ 11.25, 14.5, 12.5, 15.25 ], "texture": "#voxels_atlas" },
				"west": { "uv": [ 13.25, 13, 13.75, 13.75 ], "texture": "#voxels_atlas" },
				"east": { "uv": [ 4.75, 13, 4.25, 13.75 ], "texture": "#voxels_atlas" }
			}
		},
		{
			"__comment": "Voxels",
			"from": [ 9, 8, 5.5 ],
			"to": [ 11.5, 9.5, 6.5 ],
			"faces": {
				"down": { "uv": [ 3.5, 13.75, 4.75, 14.25 ], "texture": "#voxels_atlas" },
				"up": { "uv": [ 4.75, 14.25, 6, 13.75 ], "texture": "#voxels_atlas" },
				"north": { "uv": [ 13.75, 15.25, 12.5, 16 ], "texture": "#voxels_atlas" },
				"south": { "uv": [ 12.5, 14.5, 13.75, 15.25 ], "texture": "#voxels_atlas" },
				"west": { "uv": [ 5.25, 13, 5.75, 13.75 ], "texture": "#voxels_atlas" },
				"east": { "uv": [ 9.25, 13, 8.75, 13.75 ], "texture": "#voxels_atlas" }
			}
		},
		{
			"__comment": "Voxels",
			"from": [ 9.5, 4, 12 ],
			"to": [ 11, 8.5, 12.5 ],
			"faces": {
				"down": { "uv": [ 5.75, 12, 6.5, 12.25 ], "texture": "#voxels_atlas" },
				"up": { "uv": [ 0, 0.25, 0.75, 0 ], "texture": "#voxels_atlas" },
				"north": { "uv": [ 0.75, 11.5, 0, 13.75 ], "texture": "#voxels_atlas" },
				"south": { "uv": [ 0, 13.75, 0.75, 16 ], "texture": "#voxels_atlas" },
				"west": { "uv": [ 2, 8.25, 2.25, 10.5 ], "texture": "#voxels_atlas" },
				"east": { "uv": [ 1.75, 4.5, 1.5, 6.75 ], "texture": "#voxels_atlas" }
			}
		},
		{
			"__comment": "Voxels",
			"from": [ 9.5, 4.5, 12.5 ],
			"to": [ 11, 7.5, 13 ],
			"faces": {
				"down": { "uv": [ 5.25, 14.25, 6, 14.5 ], "texture": "#voxels_atlas" },
				"up": { "uv": [ 6, 14.5, 6.75, 14.25 ], "texture": "#voxels_atlas" },
				"north": { "uv": [ 6.75, 14.5, 6, 16 ], "texture": "#voxels_atlas" },
				"south": { "uv": [ 5.25, 14.5, 6, 16 ], "texture": "#voxels_atlas" },
				"west": { "uv": [ 2.75, 2.25, 3, 3.75 ], "texture": "#voxels_atlas" },
				"east": { "uv": [ 3, 0.75, 2.75, 2.25 ], "texture": "#voxels_atlas" }
			}
		},
		{
			"__comment": "Voxels",
			"from": [ 9.5, 5, 11.5 ],
			"to": [ 11, 9, 12 ],
			"faces": {
				"down": { "uv": [ 6.75, 14.25, 7.5, 14.5 ], "texture": "#voxels_atlas" },
				"up": { "uv": [ 7.5, 14.5, 8.25, 14.25 ], "texture": "#voxels_atlas" },
				"north": { "uv": [ 1.5, 14, 0.75, 16 ], "texture": "#voxels_atlas" },
				"south": { "uv": [ 0.75, 12, 1.5, 14 ], "texture": "#voxels_atlas" },
				"west": { "uv": [ 2.25, 1, 2.5, 3 ], "texture": "#voxels_atlas" },
				"east": { "uv": [ 2.5, 7, 2.25, 9 ], "texture": "#voxels_atlas" }
			}
		},
		{
			"__comment": "Voxels",
			"from": [ 9.5, 5.5, 11 ],
			"to": [ 11, 9.5, 11.5 ],
			"faces": {
				"down": { "uv": [ 8.25, 14.25, 9, 14.5 ], "texture": "#voxels_atlas" },
				"up": { "uv": [ 9, 14.5, 9.75, 14.25 ], "texture": "#voxels_atlas" },
				"north": { "uv": [ 0.75, 3, 0, 5 ], "texture": "#voxels_atlas" },
				"south": { "uv": [ 0.75, 8, 1.5, 10 ], "texture": "#voxels_atlas" },
				"west": { "uv": [ 1.75, 4.75, 2, 6.75 ], "texture": "#voxels_atlas" },
				"east": { "uv": [ 2.5, 9, 2.25, 11 ], "texture": "#voxels_atlas" }
			}
		},
		{
			"__comment": "Voxels",
			"from": [ 9.5, 6, 10.5 ],
			"to": [ 11, 9.5, 11 ],
			"faces": {
				"down": { "uv": [ 9.75, 14.25, 10.5, 14.5 ], "texture": "#voxels_atlas" },
				"up": { "uv": [ 10.5, 14.5, 11.25, 14.25 ], "texture": "#voxels_atlas" },
				"north": { "uv": [ 3, 14.25, 2.25, 16 ], "texture": "#voxels_atlas" },
				"south": { "uv": [ 3, 14.25, 3.75, 16 ], "texture": "#voxels_atlas" },
				"west": { "uv": [ 2.5, 7.75, 2.75, 9.5 ], "texture": "#voxels_atlas" },
				"east": { "uv": [ 2.75, 9.5, 2.5, 11.25 ], "texture": "#voxels_atlas" }
			}
		},
		{
			"__comment": "Voxels",
			"from": [ 9.5, 6, 13 ],
			"to": [ 11, 7, 13.5 ],
			"faces": {
				"down": { "uv": [ 5.75, 13, 6.5, 13.25 ], "texture": "#voxels_atlas" },
				"up": { "uv": [ 6.5, 13.25, 7.25, 13 ], "texture": "#voxels_atlas" },
				"north": { "uv": [ 14.75, 13.75, 14, 14.25 ], "texture": "#voxels_atlas" },
				"south": { "uv": [ 8.75, 13.75, 9.5, 14.25 ], "texture": "#voxels_atlas" },
				"west": { "uv": [ 4.25, 9.75, 4.5, 10.25 ], "texture": "#voxels_atlas" },
				"east": { "uv": [ 4.5, 4.75, 4.25, 5.25 ], "texture": "#voxels_atlas" }
			}
		},
		{
			"__comment": "Voxels",
			"from": [ 9.5, 6.5, 10 ],
			"to": [ 11, 10, 10.5 ],
			"faces": {
				"down": { "uv": [ 10.25, 13, 11, 13.25 ], "texture": "#voxels_atlas" },
				"up": { "uv": [ 11, 13.25, 11.75, 13 ], "texture": "#voxels_atlas" },
				"north": { "uv": [ 5.25, 14.25, 4.5, 16 ], "texture": "#voxels_atlas" },
				"south": { "uv": [ 0.75, 4.25, 1.5, 6 ], "texture": "#voxels_atlas" },
				"west": { "uv": [ 2.5, 6, 2.75, 7.75 ], "texture": "#voxels_atlas" },
				"east": { "uv": [ 2.75, 11.25, 2.5, 13 ], "texture": "#voxels_atlas" }
			}
		},
		{
			"__comment": "Voxels",
			"from": [ 9.5, 7, 9.5 ],
			"to": [ 11, 10, 10 ],
			"faces": {
				"down": { "uv": [ 11.75, 13, 12.5, 13.25 ], "texture": "#voxels_atlas" },
				"up": { "uv": [ 12.5, 13.25, 13.25, 13 ], "texture": "#voxels_atlas" },
				"north": { "uv": [ 9, 14.5, 8.25, 16 ], "texture": "#voxels_atlas" },
				"south": { "uv": [ 6.75, 14.5, 7.5, 16 ], "texture": "#voxels_atlas" },
				"west": { "uv": [ 3, 11.5, 3.25, 13 ], "texture": "#voxels_atlas" },
				"east": { "uv": [ 3, 6.75, 2.75, 8.25 ], "texture": "#voxels_atlas" }
			}
		},
		{
			"__comment": "Voxels",
			"from": [ 9.5, 7.5, -4 ],
			"to": [ 11, 11, -3.5 ],
			"faces": {
				"down": { "uv": [ 15.25, 12.75, 16, 13 ], "texture": "#voxels_atlas" },
				"up": { "uv": [ 15.25, 12.75, 16, 12.5 ], "texture": "#voxels_atlas" },
				"north": { "uv": [ 4.5, 14.25, 3.75, 16 ], "texture": "#voxels_atlas" },
				"south": { "uv": [ 0.75, 2.5, 1.5, 4.25 ], "texture": "#voxels_atlas" },
				"west": { "uv": [ 2.5, 0.75, 2.75, 2.5 ], "texture": "#voxels_atlas" },
				"east": { "uv": [ 3, 11.25, 2.75, 13 ], "texture": "#voxels_atlas" }
			}
		},
		{
			"__comment": "Voxels",
			"from": [ 9.5, 7.5, -3.5 ],
			"to": [ 11, 10.5, -3 ],
			"faces": {
				"down": { "uv": [ 4.25, 12.25, 5, 12.5 ], "texture": "#voxels_atlas" },
				"up": { "uv": [ 5, 12.5, 5.75, 12.25 ], "texture": "#voxels_atlas" },
				"north": { "uv": [ 8.25, 14.5, 7.5, 16 ], "texture": "#voxels_atlas" },
				"south": { "uv": [ 9.75, 14.5, 10.5, 16 ], "texture": "#voxels_atlas" },
				"west": { "uv": [ 2.75, 9.75, 3, 11.25 ], "texture": "#voxels_atlas" },
				"east": { "uv": [ 3, 8.25, 2.75, 9.75 ], "texture": "#voxels_atlas" }
			}
		},
		{
			"__comment": "Voxels",
			"from": [ 9.5, 7.5, -3 ],
			"to": [ 11, 10, -2.5 ],
			"faces": {
				"down": { "uv": [ 5.75, 12.25, 6.5, 12.5 ], "texture": "#voxels_atlas" },
				"up": { "uv": [ 9.5, 12.25, 10.25, 12 ], "texture": "#voxels_atlas" },
				"north": { "uv": [ 14.5, 14.75, 13.75, 16 ], "texture": "#voxels_atlas" },
				"south": { "uv": [ 1.5, 11.75, 2.25, 13 ], "texture": "#voxels_atlas" },
				"west": { "uv": [ 3, 9, 3.25, 10.25 ], "texture": "#voxels_atlas" },
				"east": { "uv": [ 3.25, 7.75, 3, 9 ], "texture": "#voxels_atlas" }
			}
		},
		{
			"__comment": "Voxels",
			"from": [ 9.5, 7.5, 0 ],
			"to": [ 11, 8, 1 ],
			"faces": {
				"down": { "uv": [ 9.5, 13.75, 10.25, 14.25 ], "texture": "#voxels_atlas" },
				"up": { "uv": [ 10.25, 14.25, 11, 13.75 ], "texture": "#voxels_atlas" },
				"north": { "uv": [ 7.25, 12.25, 6.5, 12.5 ], "texture": "#voxels_atlas" },
				"south": { "uv": [ 7.25, 12.25, 8, 12.5 ], "texture": "#voxels_atlas" },
				"west": { "uv": [ 6.5, 11.75, 7, 12 ], "texture": "#voxels_atlas" },
				"east": { "uv": [ 7.5, 11.75, 7, 12 ], "texture": "#voxels_atlas" }
			}
		},
		{
			"__comment": "Voxels",
			"from": [ 9.5, 7.5, 5.5 ],
			"to": [ 11, 8, 6.5 ],
			"faces": {
				"down": { "uv": [ 11, 13.75, 11.75, 14.25 ], "texture": "#voxels_atlas" },
				"up": { "uv": [ 11.75, 14.25, 12.5, 13.75 ], "texture": "#voxels_atlas" },
				"north": { "uv": [ 9.5, 12.25, 8.75, 12.5 ], "texture": "#voxels_atlas" },
				"south": { "uv": [ 9.5, 12.25, 10.25, 12.5 ], "texture": "#voxels_atlas" },
				"west": { "uv": [ 7.5, 11.75, 8, 12 ], "texture": "#voxels_atlas" },
				"east": { "uv": [ 11, 11.75, 10.5, 12 ], "texture": "#voxels_atlas" }
			}
		},
		{
			"__comment": "Voxels",
			"from": [ 9.5, 7.5, 9 ],
			"to": [ 11, 10, 9.5 ],
			"faces": {
				"down": { "uv": [ 11.75, 12.25, 12.5, 12.5 ], "texture": "#voxels_atlas" },
				"up": { "uv": [ 12.5, 12.5, 13.25, 12.25 ], "texture": "#voxels_atlas" },
				"north": { "uv": [ 2.25, 13, 1.5, 14.25 ], "texture": "#voxels_atlas" },
				"south": { "uv": [ 15.25, 14.75, 16, 16 ], "texture": "#voxels_atlas" },
				"west": { "uv": [ 3, 1.5, 3.25, 2.75 ], "texture": "#voxels_atlas" },
				"east": { "uv": [ 3.25, 0.25, 3, 1.5 ], "texture": "#voxels_atlas" }
			}
		},
		{
			"__comment": "Voxels",
			"from": [ 9.5, 8, -5 ],
			"to": [ 11, 12, -4.5 ],
			"faces": {
				"down": { "uv": [ 13.25, 12.25, 14, 12.5 ], "texture": "#voxels_atlas" },
				"up": { "uv": [ 14, 12.5, 14.75, 12.25 ], "texture": "#voxels_atlas" },
				"north": { "uv": [ 1.5, 10, 0.75, 12 ], "texture": "#voxels_atlas" },
				"south": { "uv": [ 0, 1, 0.75, 3 ], "texture": "#voxels_atlas" },
				"west": { "uv": [ 2.25, 5, 2.5, 7 ], "texture": "#voxels_atlas" },
				"east": { "uv": [ 2.5, 3, 2.25, 5 ], "texture": "#voxels_atlas" }
			}
		},
		{
			"__comment": "Voxels",
			"from": [ 9.5, 8, -4.5 ],
			"to": [ 11, 11.5, -4 ],
			"faces": {
				"down": { "uv": [ 14.75, 12.25, 15.5, 12.5 ], "texture": "#voxels_atlas" },
				"up": { "uv": [ 4.25, 12.25, 5, 12 ], "texture": "#voxels_atlas" },
				"north": { "uv": [ 2.25, 14.25, 1.5, 16 ], "texture": "#voxels_atlas" },
				"south": { "uv": [ 0.75, 0.75, 1.5, 2.5 ], "texture": "#voxels_atlas" },
				"west": { "uv": [ 2.5, 4.25, 2.75, 6 ], "texture": "#voxels_atlas" },
				"east": { "uv": [ 2.75, 2.5, 2.5, 4.25 ], "texture": "#voxels_atlas" }
			}
		},
		{
			"__comment": "Voxels",
			"from": [ 9.5, 8, -2.5 ],
			"to": [ 11, 9.5, -1.5 ],
			"faces": {
				"down": { "uv": [ 11.75, 13.25, 12.5, 13.75 ], "texture": "#voxels_atlas" },
				"up": { "uv": [ 12.5, 13.75, 13.25, 13.25 ], "texture": "#voxels_atlas" },
				"north": { "uv": [ 2.25, 3, 1.5, 3.75 ], "texture": "#voxels_atlas" },
				"south": { "uv": [ 1.5, 2.25, 2.25, 3 ], "texture": "#voxels_atlas" },
				"west": { "uv": [ 13.75, 13, 14.25, 13.75 ], "texture": "#voxels_atlas" },
				"east": { "uv": [ 14.75, 13, 14.25, 13.75 ], "texture": "#voxels_atlas" }
			}
		},
		{
			"__comment": "Voxels",
			"from": [ 9.5, 8, -1.5 ],
			"to": [ 11, 9, 0 ],
			"faces": {
				"down": { "uv": [ 1.5, 1.5, 2.25, 2.25 ], "texture": "#voxels_atlas" },
				"up": { "uv": [ 1.5, 1.5, 2.25, 0.75 ], "texture": "#voxels_atlas" },
				"north": { "uv": [ 4, 12.5, 3.25, 13 ], "texture": "#voxels_atlas" },
				"south": { "uv": [ 4, 12.5, 4.75, 13 ], "texture": "#voxels_atlas" },
				"west": { "uv": [ 4.75, 12.5, 5.5, 13 ], "texture": "#voxels_atlas" },
				"east": { "uv": [ 6.25, 12.5, 5.5, 13 ], "texture": "#voxels_atlas" }
			}
		},
		{
			"__comment": "Voxels",
			"from": [ 9.5, 8, 1 ],
			"to": [ 11, 9.5, 2 ],
			"faces": {
				"down": { "uv": [ 6.25, 12.5, 7, 13 ], "texture": "#voxels_atlas" },
				"up": { "uv": [ 7, 13, 7.75, 12.5 ], "texture": "#voxels_atlas" },
				"north": { "uv": [ 2.25, 7.5, 1.5, 8.25 ], "texture": "#voxels_atlas" },
				"south": { "uv": [ 1.5, 6.75, 2.25, 7.5 ], "texture": "#voxels_atlas" },
				"west": { "uv": [ 9.25, 13, 9.75, 13.75 ], "texture": "#voxels_atlas" },
				"east": { "uv": [ 10.25, 13, 9.75, 13.75 ], "texture": "#voxels_atlas" }
			}
		},
		{
			"__comment": "Voxels",
			"from": [ 9.5, 8, 4.5 ],
			"to": [ 11, 9.5, 5.5 ],
			"faces": {
				"down": { "uv": [ 8, 13.75, 8.75, 14.25 ], "texture": "#voxels_atlas" },
				"up": { "uv": [ 10.25, 13.75, 11, 13.25 ], "texture": "#voxels_atlas" },
				"north": { "uv": [ 2.25, 0, 1.5, 0.75 ], "texture": "#voxels_atlas" },
				"south": { "uv": [ 2.25, 13, 3, 13.75 ], "texture": "#voxels_atlas" },
				"west": { "uv": [ 4.75, 13, 5.25, 13.75 ], "texture": "#voxels_atlas" },
				"east": { "uv": [ 4.25, 13, 3.75, 13.75 ], "texture": "#voxels_atlas" }
			}
		},
		{
			"__comment": "Voxels",
			"from": [ 9.5, 8, 6.5 ],
			"to": [ 11, 9.5, 7 ],
			"faces": {
				"down": { "uv": [ 5, 12, 5.75, 12.25 ], "texture": "#voxels_atlas" },
				"up": { "uv": [ 8, 12.5, 8.75, 12.25 ], "texture": "#voxels_atlas" },
				"north": { "uv": [ 1.5, 0, 0.75, 0.75 ], "texture": "#voxels_atlas" },
				"south": { "uv": [ 3, 13, 3.75, 13.75 ], "texture": "#voxels_atlas" },
				"west": { "uv": [ 2.5, 0, 2.75, 0.75 ], "texture": "#voxels_atlas" },
				"east": { "uv": [ 3, 0, 2.75, 0.75 ], "texture": "#voxels_atlas" }
			}
		},
		{
			"__comment": "Voxels",
			"from": [ 9.5, 8, 8 ],
			"to": [ 11, 9.5, 9 ],
			"faces": {
				"down": { "uv": [ 14.5, 14.25, 15.25, 14.75 ], "texture": "#voxels_atlas" },
				"up": { "uv": [ 13.75, 14.75, 14.5, 14.25 ], "texture": "#voxels_atlas" },
				"north": { "uv": [ 0.75, 0.25, 0, 1 ], "texture": "#voxels_atlas" },
				"south": { "uv": [ 1.5, 3.75, 2.25, 4.5 ], "texture": "#voxels_atlas" },
				"west": { "uv": [ 15.25, 13, 15.75, 13.75 ], "texture": "#voxels_atlas" },
				"east": { "uv": [ 15.25, 13, 14.75, 13.75 ], "texture": "#voxels_atlas" }
			}
		},
		{
			"__comment": "Voxels",
			"from": [ 9.5, 8.5, -5.5 ],
			"to": [ 11, 12.5, -5 ],
			"faces": {
				"down": { "uv": [ 6.5, 12, 7.25, 12.25 ], "texture": "#voxels_atlas" },
				"up": { "uv": [ 7.25, 12.25, 8, 12 ], "texture": "#voxels_atlas" },
				"north": { "uv": [ 0.75, 5, 0, 7 ], "texture": "#voxels_atlas" },
				"south": { "uv": [ 0.75, 6, 1.5, 8 ], "texture": "#voxels_atlas" },
				"west": { "uv": [ 2, 4.75, 2.25, 6.75 ], "texture": "#voxels_atlas" },
				"east": { "uv": [ 2.5, 11, 2.25, 13 ], "texture": "#voxels_atlas" }
			}
		},
		{
			"__comment": "Voxels",
			"from": [ 9.5, 8.5, 2 ],
			"to": [ 11, 9, 4.5 ],
			"faces": {
				"down": { "uv": [ 14.5, 14.75, 15.25, 16 ], "texture": "#voxels_atlas" },
				"up": { "uv": [ 1.5, 11.75, 2.25, 10.5 ], "texture": "#voxels_atlas" },
				"north": { "uv": [ 8.75, 12, 8, 12.25 ], "texture": "#voxels_atlas" },
				"south": { "uv": [ 8.75, 12, 9.5, 12.25 ], "texture": "#voxels_atlas" },
				"west": { "uv": [ 7.75, 12.5, 9, 12.75 ], "texture": "#voxels_atlas" },
				"east": { "uv": [ 10.25, 12.75, 9, 13 ], "texture": "#voxels_atlas" }
			}
		},
		{
			"__comment": "Voxels",
			"from": [ 9.5, 8.5, 7 ],
			"to": [ 11, 9.5, 8 ],
			"faces": {
				"down": { "uv": [ 8, 13.25, 8.75, 13.75 ], "texture": "#voxels_atlas" },
				"up": { "uv": [ 11, 13.75, 11.75, 13.25 ], "texture": "#voxels_atlas" },
				"north": { "uv": [ 15.5, 13.75, 14.75, 14.25 ], "texture": "#voxels_atlas" },
				"south": { "uv": [ 5.75, 13.25, 6.5, 13.75 ], "texture": "#voxels_atlas" },
				"west": { "uv": [ 14.75, 12.5, 15.25, 13 ], "texture": "#voxels_atlas" },
				"east": { "uv": [ 16, 13.75, 15.5, 14.25 ], "texture": "#voxels_atlas" }
			}
		},
		{
			"__comment": "Voxels",
			"from": [ 9.5, 9, -6 ],
			"to": [ 11, 13.5, -5.5 ],
			"faces": {
				"down": { "uv": [ 10.25, 12, 11, 12.25 ], "texture": "#voxels_atlas" },
				"up": { "uv": [ 11, 12.25, 11.75, 12 ], "texture": "#voxels_atlas" },
				"north": { "uv": [ 0.75, 9.25, 0, 11.5 ], "texture": "#voxels_atlas" },
				"south": { "uv": [ 0, 7, 0.75, 9.25 ], "texture": "#voxels_atlas" },
				"west": { "uv": [ 1.5, 8.25, 1.75, 10.5 ], "texture": "#voxels_atlas" },
				"east": { "uv": [ 2, 8.25, 1.75, 10.5 ], "texture": "#voxels_atlas" }
			}
		},
		{
			"__comment": "Voxels",
			"from": [ 9.5, 9, -0.5 ],
			"to": [ 11, 9.5, 0 ],
			"faces": {
				"down": { "uv": [ 11.75, 12, 12.5, 12.25 ], "texture": "#voxels_atlas" },
				"up": { "uv": [ 12.5, 12.25, 13.25, 12 ], "texture": "#voxels_atlas" },
				"north": { "uv": [ 14, 12, 13.25, 12.25 ], "texture": "#voxels_atlas" },
				"south": { "uv": [ 14, 12, 14.75, 12.25 ], "texture": "#voxels_atlas" },
				"west": { "uv": [ 4.5, 1, 4.75, 1.25 ], "texture": "#voxels_atlas" },
				"east": { "uv": [ 4.75, 0, 4.5, 0.25 ], "texture": "#voxels_atlas" }
			}
		},
		{
			"__comment": "Voxels",
			"from": [ 9.5, 9.5, 0 ],
			"to": [ 11, 10, 1 ],
			"faces": {
				"down": { "uv": [ 6.5, 13.25, 7.25, 13.75 ], "texture": "#voxels_atlas" },
				"up": { "uv": [ 7.25, 13.75, 8, 13.25 ], "texture": "#voxels_atlas" },
				"north": { "uv": [ 5.75, 11.75, 5, 12 ], "texture": "#voxels_atlas" },
				"south": { "uv": [ 5.75, 11.75, 6.5, 12 ], "texture": "#voxels_atlas" },
				"west": { "uv": [ 1.75, 4.5, 2.25, 4.75 ], "texture": "#voxels_atlas" },
				"east": { "uv": [ 11.5, 11.75, 11, 12 ], "texture": "#voxels_atlas" }
			}
		},
		{
			"__comment": "Voxels",
			"from": [ 9.5, 9.5, 5.5 ],
			"to": [ 11, 10, 6.5 ],
			"faces": {
				"down": { "uv": [ 12.5, 13.75, 13.25, 14.25 ], "texture": "#voxels_atlas" },
				"up": { "uv": [ 13.25, 14.25, 14, 13.75 ], "texture": "#voxels_atlas" },
				"north": { "uv": [ 8, 13, 7.25, 13.25 ], "texture": "#voxels_atlas" },
				"south": { "uv": [ 8, 13, 8.75, 13.25 ], "texture": "#voxels_atlas" },
				"west": { "uv": [ 12, 11.75, 12.5, 12 ], "texture": "#voxels_atlas" },
				"east": { "uv": [ 13, 11.75, 12.5, 12 ], "texture": "#voxels_atlas" }
			}
		},
		{
			"__comment": "Voxels",
			"from": [ 9.5, 10, -6.5 ],
			"to": [ 11, 13, -6 ],
			"faces": {
				"down": { "uv": [ 10.25, 12.25, 11, 12.5 ], "texture": "#voxels_atlas" },
				"up": { "uv": [ 11, 12.5, 11.75, 12.25 ], "texture": "#voxels_atlas" },
				"north": { "uv": [ 11.25, 14.5, 10.5, 16 ], "texture": "#voxels_atlas" },
				"south": { "uv": [ 9, 14.5, 9.75, 16 ], "texture": "#voxels_atlas" },
				"west": { "uv": [ 2.75, 5.25, 3, 6.75 ], "texture": "#voxels_atlas" },
				"east": { "uv": [ 3, 3.75, 2.75, 5.25 ], "texture": "#voxels_atlas" }
			}
		},
		{
			"__comment": "Voxels",
			"from": [ 9.5, 10.5, -7 ],
			"to": [ 11, 11.5, -6.5 ],
			"faces": {
				"down": { "uv": [ 14.75, 12, 15.5, 12.25 ], "texture": "#voxels_atlas" },
				"up": { "uv": [ 4.25, 12, 5, 11.75 ], "texture": "#voxels_atlas" },
				"north": { "uv": [ 16, 14.25, 15.25, 14.75 ], "texture": "#voxels_atlas" },
				"south": { "uv": [ 7.25, 13.75, 8, 14.25 ], "texture": "#voxels_atlas" },
				"west": { "uv": [ 12.75, 11.25, 13, 11.75 ], "texture": "#voxels_atlas" },
				"east": { "uv": [ 13.25, 11.25, 13, 11.75 ], "texture": "#voxels_atlas" }
			}
		},
		{
			"__comment": "Voxels",
			"from": [ 10, 2, 12 ],
			"to": [ 10.5, 4, 12.5 ],
			"faces": {
				"down": { "uv": [ 5.75, 11, 6, 11.25 ], "texture": "#voxels_atlas" },
				"up": { "uv": [ 9.5, 11.25, 9.75, 11 ], "texture": "#voxels_atlas" },
				"north": { "uv": [ 4, 6.5, 3.75, 7.5 ], "texture": "#voxels_atlas" },
				"south": { "uv": [ 3.75, 5.5, 4, 6.5 ], "texture": "#voxels_atlas" },
				"west": { "uv": [ 3.75, 4.5, 4, 5.5 ], "texture": "#voxels_atlas" },
				"east": { "uv": [ 4, 3.5, 3.75, 4.5 ], "texture": "#voxels_atlas" }
			}
		},
		{
			"__comment": "Voxels",
			"from": [ 10, 2.5, 12.5 ],
			"to": [ 10.5, 4.5, 13 ],
			"faces": {
				"down": { "uv": [ 9.75, 11, 10, 11.25 ], "texture": "#voxels_atlas" },
				"up": { "uv": [ 10, 11.25, 10.25, 11 ], "texture": "#voxels_atlas" },
				"north": { "uv": [ 2.5, 0, 2.25, 1 ], "texture": "#voxels_atlas" },
				"south": { "uv": [ 4, 11.5, 4.25, 12.5 ], "texture": "#voxels_atlas" },
				"west": { "uv": [ 4, 10.5, 4.25, 11.5 ], "texture": "#voxels_atlas" },
				"east": { "uv": [ 4.25, 9.5, 4, 10.5 ], "texture": "#voxels_atlas" }
			}
		},
		{
			"__comment": "Voxels",
			"from": [ 10, 3.5, 11.5 ],
			"to": [ 10.5, 5, 12 ],
			"faces": {
				"down": { "uv": [ 11.25, 11, 11.5, 11.25 ], "texture": "#voxels_atlas" },
				"up": { "uv": [ 11.5, 11.25, 11.75, 11 ], "texture": "#voxels_atlas" },
				"north": { "uv": [ 4.25, 8.75, 4, 9.5 ], "texture": "#voxels_atlas" },
				"south": { "uv": [ 15.75, 13, 16, 13.75 ], "texture": "#voxels_atlas" },
				"west": { "uv": [ 3.25, 0, 3.5, 0.75 ], "texture": "#voxels_atlas" },
				"east": { "uv": [ 4.25, 8, 4, 8.75 ], "texture": "#voxels_atlas" }
			}
		},
		{
			"__comment": "Voxels",
			"from": [ 10, 4, 13 ],
			"to": [ 10.5, 6, 13.5 ],
			"faces": {
				"down": { "uv": [ 11.75, 11, 12, 11.25 ], "texture": "#voxels_atlas" },
				"up": { "uv": [ 12.5, 11.25, 12.75, 11 ], "texture": "#voxels_atlas" },
				"north": { "uv": [ 3.5, 1.75, 3.25, 2.75 ], "texture": "#voxels_atlas" },
				"south": { "uv": [ 3.25, 0.75, 3.5, 1.75 ], "texture": "#voxels_atlas" },
				"west": { "uv": [ 3.5, 11.5, 3.75, 12.5 ], "texture": "#voxels_atlas" },
				"east": { "uv": [ 3.75, 10.5, 3.5, 11.5 ], "texture": "#voxels_atlas" }
			}
		},
		{
			"__comment": "Voxels",
			"from": [ 10, 4.5, 11 ],
			"to": [ 10.5, 5.5, 11.5 ],
			"faces": {
				"down": { "uv": [ 13, 11, 13.25, 11.25 ], "texture": "#voxels_atlas" },
				"up": { "uv": [ 14.25, 11.25, 14.5, 11 ], "texture": "#voxels_atlas" },
				"north": { "uv": [ 4.5, 6.75, 4.25, 7.25 ], "texture": "#voxels_atlas" },
				"south": { "uv": [ 4.25, 6.25, 4.5, 6.75 ], "texture": "#voxels_atlas" },
				"west": { "uv": [ 4.25, 1.75, 4.5, 2.25 ], "texture": "#voxels_atlas" },
				"east": { "uv": [ 4.5, 1.25, 4.25, 1.75 ], "texture": "#voxels_atlas" }
			}
		},
		{
			"__comment": "Voxels",
			"from": [ 10, 5, 10.5 ],
			"to": [ 10.5, 6, 11 ],
			"faces": {
				"down": { "uv": [ 14.5, 11, 14.75, 11.25 ], "texture": "#voxels_atlas" },
				"up": { "uv": [ 14.75, 11.25, 15, 11 ], "texture": "#voxels_atlas" },
				"north": { "uv": [ 8, 11.25, 7.75, 11.75 ], "texture": "#voxels_atlas" },
				"south": { "uv": [ 8.25, 11.25, 8.5, 11.75 ], "texture": "#voxels_atlas" },
				"west": { "uv": [ 8.5, 11.25, 8.75, 11.75 ], "texture": "#voxels_atlas" },
				"east": { "uv": [ 8.25, 11.25, 8, 11.75 ], "texture": "#voxels_atlas" }
			}
		},
		{
			"__comment": "Voxels",
			"from": [ 10, 5.5, 13.5 ],
			"to": [ 10.5, 7.5, 14 ],
			"faces": {
				"down": { "uv": [ 4.5, 9.25, 4.75, 9.5 ], "texture": "#voxels_atlas" },
				"up": { "uv": [ 12.75, 11.25, 13, 11 ], "texture": "#voxels_atlas" },
				"north": { "uv": [ 3.75, 8.5, 3.5, 9.5 ], "texture": "#voxels_atlas" },
				"south": { "uv": [ 3.5, 7.5, 3.75, 8.5 ], "texture": "#voxels_atlas" },
				"west": { "uv": [ 3.5, 6.5, 3.75, 7.5 ], "texture": "#voxels_atlas" },
				"east": { "uv": [ 3.75, 4.5, 3.5, 5.5 ], "texture": "#voxels_atlas" }
			}
		},
		{
			"__comment": "Voxels",
			"from": [ 10, 6, 10 ],
			"to": [ 10.5, 6.5, 10.5 ],
			"faces": {
				"down": { "uv": [ 14, 11.25, 14.25, 11.5 ], "texture": "#voxels_atlas" },
				"up": { "uv": [ 14.5, 11.75, 14.75, 11.5 ], "texture": "#voxels_atlas" },
				"north": { "uv": [ 14.75, 11.25, 14.5, 11.5 ], "texture": "#voxels_atlas" },
				"south": { "uv": [ 4.5, 7.5, 4.75, 7.75 ], "texture": "#voxels_atlas" },
				"west": { "uv": [ 4.5, 7.25, 4.75, 7.5 ], "texture": "#voxels_atlas" },
				"east": { "uv": [ 4.75, 6.5, 4.5, 6.75 ], "texture": "#voxels_atlas" }
			}
		},
		{
			"__comment": "Voxels",
			"from": [ 10, 6.5, 9.5 ],
			"to": [ 10.5, 7, 10 ],
			"faces": {
				"down": { "uv": [ 4.5, 6.25, 4.75, 6.5 ], "texture": "#voxels_atlas" },
				"up": { "uv": [ 15.5, 11.25, 15.75, 11 ], "texture": "#voxels_atlas" },
				"north": { "uv": [ 5, 10.5, 4.75, 10.75 ], "texture": "#voxels_atlas" },
				"south": { "uv": [ 4.75, 9.75, 5, 10 ], "texture": "#voxels_atlas" },
				"west": { "uv": [ 3, 0, 3.25, 0.25 ], "texture": "#voxels_atlas" },
				"east": { "uv": [ 13.25, 11.75, 13, 12 ], "texture": "#voxels_atlas" }
			}
		},
		{
			"__comment": "Voxels",
			"from": [ 10, 7, -4.5 ],
			"to": [ 10.5, 8, -4 ],
			"faces": {
				"down": { "uv": [ 13.25, 11.75, 13.5, 12 ], "texture": "#voxels_atlas" },
				"up": { "uv": [ 13.5, 12, 13.75, 11.75 ], "texture": "#voxels_atlas" },
				"north": { "uv": [ 10.25, 11.25, 10, 11.75 ], "texture": "#voxels_atlas" },
				"south": { "uv": [ 12.25, 11.25, 12.5, 11.75 ], "texture": "#voxels_atlas" },
				"west": { "uv": [ 12.5, 11.25, 12.75, 11.75 ], "texture": "#voxels_atlas" },
				"east": { "uv": [ 3.75, 0, 3.5, 0.5 ], "texture": "#voxels_atlas" }
			}
		},
		{
			"__comment": "Voxels",
			"from": [ 10, 7, -4 ],
			"to": [ 10.5, 7.5, -2 ],
			"faces": {
				"down": { "uv": [ 3.75, 7.5, 4, 8.5 ], "texture": "#voxels_atlas" },
				"up": { "uv": [ 3.75, 3.5, 4, 2.5 ], "texture": "#voxels_atlas" },
				"north": { "uv": [ 14.5, 11.75, 14.25, 12 ], "texture": "#voxels_atlas" },
				"south": { "uv": [ 14.5, 11.75, 14.75, 12 ], "texture": "#voxels_atlas" },
				"west": { "uv": [ 12.75, 12.75, 13.75, 13 ], "texture": "#voxels_atlas" },
				"east": { "uv": [ 13.75, 12.5, 12.75, 12.75 ], "texture": "#voxels_atlas" }
			}
		},
		{
			"__comment": "Voxels",
			"from": [ 10, 7, 9 ],
			"to": [ 10.5, 7.5, 9.5 ],
			"faces": {
				"down": { "uv": [ 4.5, 1.75, 4.75, 2 ], "texture": "#voxels_atlas" },
				"up": { "uv": [ 14.75, 12, 15, 11.75 ], "texture": "#voxels_atlas" },
				"north": { "uv": [ 15.25, 11.75, 15, 12 ], "texture": "#voxels_atlas" },
				"south": { "uv": [ 15.5, 11.75, 15.75, 12 ], "texture": "#voxels_atlas" },
				"west": { "uv": [ 13.75, 11.5, 14, 11.75 ], "texture": "#voxels_atlas" },
				"east": { "uv": [ 14, 11.25, 13.75, 11.5 ], "texture": "#voxels_atlas" }
			}
		},
		{
			"__comment": "Voxels",
			"from": [ 10, 7, 13 ],
			"to": [ 10.5, 8, 13.5 ],
			"faces": {
				"down": { "uv": [ 14, 11.5, 14.25, 11.75 ], "texture": "#voxels_atlas" },
				"up": { "uv": [ 15, 11.75, 15.25, 11.5 ], "texture": "#voxels_atlas" },
				"north": { "uv": [ 9, 11.25, 8.75, 11.75 ], "texture": "#voxels_atlas" },
				"south": { "uv": [ 9, 11.25, 9.25, 11.75 ], "texture": "#voxels_atlas" },
				"west": { "uv": [ 9.5, 11.25, 9.75, 11.75 ], "texture": "#voxels_atlas" },
				"east": { "uv": [ 10, 11.25, 9.75, 11.75 ], "texture": "#voxels_atlas" }
			}
		},
		{
			"__comment": "Voxels",
			"from": [ 10, 7.5, -5.5 ],
			"to": [ 10.5, 8.5, -5 ],
			"faces": {
				"down": { "uv": [ 15, 11.25, 15.25, 11.5 ], "texture": "#voxels_atlas" },
				"up": { "uv": [ 15.25, 11.75, 15.5, 11.5 ], "texture": "#voxels_atlas" },
				"north": { "uv": [ 9.5, 11.25, 9.25, 11.75 ], "texture": "#voxels_atlas" },
				"south": { "uv": [ 4.25, 7.25, 4.5, 7.75 ], "texture": "#voxels_atlas" },
				"west": { "uv": [ 4.25, 0.25, 4.5, 0.75 ], "texture": "#voxels_atlas" },
				"east": { "uv": [ 7.75, 11.25, 7.5, 11.75 ], "texture": "#voxels_atlas" }
			}
		},
		{
			"__comment": "Voxels",
			"from": [ 10, 7.5, -5 ],
			"to": [ 10.5, 8, -4.5 ],
			"faces": {
				"down": { "uv": [ 15.25, 11.25, 15.5, 11.5 ], "texture": "#voxels_atlas" },
				"up": { "uv": [ 15.5, 11.5, 15.75, 11.25 ], "texture": "#voxels_atlas" },
				"north": { "uv": [ 16, 11.25, 15.75, 11.5 ], "texture": "#voxels_atlas" },
				"south": { "uv": [ 4.5, 11, 4.75, 11.25 ], "texture": "#voxels_atlas" },
				"west": { "uv": [ 4.5, 10.75, 4.75, 11 ], "texture": "#voxels_atlas" },
				"east": { "uv": [ 4.75, 10.5, 4.5, 10.75 ], "texture": "#voxels_atlas" }
			}
		},
		{
			"__comment": "Voxels",
			"from": [ 10, 7.5, -2.5 ],
			"to": [ 10.5, 8, 0 ],
			"faces": {
				"down": { "uv": [ 3.25, 8.75, 3.5, 10 ], "texture": "#voxels_atlas" },
				"up": { "uv": [ 3, 11.5, 3.25, 10.25 ], "texture": "#voxels_atlas" },
				"north": { "uv": [ 4.75, 10.25, 4.5, 10.5 ], "texture": "#voxels_atlas" },
				"south": { "uv": [ 4.5, 9.5, 4.75, 9.75 ], "texture": "#voxels_atlas" },
				"west": { "uv": [ 11.25, 14.25, 12.5, 14.5 ], "texture": "#voxels_atlas" },
				"east": { "uv": [ 13.75, 14.25, 12.5, 14.5 ], "texture": "#voxels_atlas" }
			}
		},
		{
			"__comment": "Voxels",
			"from": [ 10, 7.5, 6.5 ],
			"to": [ 10.5, 8, 7 ],
			"faces": {
				"down": { "uv": [ 4.5, 5.5, 4.75, 5.75 ], "texture": "#voxels_atlas" },
				"up": { "uv": [ 4.5, 5.5, 4.75, 5.25 ], "texture": "#voxels_atlas" },
				"north": { "uv": [ 4.75, 5, 4.5, 5.25 ], "texture": "#voxels_atlas" },
				"south": { "uv": [ 4.5, 4.75, 4.75, 5 ], "texture": "#voxels_atlas" },
				"west": { "uv": [ 4.5, 2.5, 4.75, 2.75 ], "texture": "#voxels_atlas" },
				"east": { "uv": [ 4.75, 2.25, 4.5, 2.5 ], "texture": "#voxels_atlas" }
			}
		},
		{
			"__comment": "Voxels",
			"from": [ 10, 7.5, 8 ],
			"to": [ 10.5, 8, 9 ],
			"faces": {
				"down": { "uv": [ 4, 0, 4.25, 0.5 ], "texture": "#voxels_atlas" },
				"up": { "uv": [ 3.75, 0.5, 4, 0 ], "texture": "#voxels_atlas" },
				"north": { "uv": [ 4.75, 2, 4.5, 2.25 ], "texture": "#voxels_atlas" },
				"south": { "uv": [ 15.25, 11.75, 15.5, 12 ], "texture": "#voxels_atlas" },
				"west": { "uv": [ 10, 11.75, 10.5, 12 ], "texture": "#voxels_atlas" },
				"east": { "uv": [ 12, 11.75, 11.5, 12 ], "texture": "#voxels_atlas" }
			}
		},
		{
			"__comment": "Voxels",
			"from": [ 10, 7.5, 12.5 ],
			"to": [ 10.5, 9, 13 ],
			"faces": {
				"down": { "uv": [ 4.75, 11, 5, 11.25 ], "texture": "#voxels_atlas" },
				"up": { "uv": [ 5.5, 11.25, 5.75, 11 ], "texture": "#voxels_atlas" },
				"north": { "uv": [ 4.25, 1.25, 4, 2 ], "texture": "#voxels_atlas" },
				"south": { "uv": [ 4, 0.5, 4.25, 1.25 ], "texture": "#voxels_atlas" },
				"west": { "uv": [ 4.25, 11, 4.5, 11.75 ], "texture": "#voxels_atlas" },
				"east": { "uv": [ 4.5, 10.25, 4.25, 11 ], "texture": "#voxels_atlas" }
			}
		},
		{
			"__comment": "Voxels",
			"from": [ 10, 8, -6 ],
			"to": [ 10.5, 9, -5.5 ],
			"faces": {
				"down": { "uv": [ 10.25, 11, 10.5, 11.25 ], "texture": "#voxels_atlas" },
				"up": { "uv": [ 11, 11.25, 11.25, 11 ], "texture": "#voxels_atlas" },
				"north": { "uv": [ 13.5, 11.25, 13.25, 11.75 ], "texture": "#voxels_atlas" },
				"south": { "uv": [ 4.25, 8.75, 4.5, 9.25 ], "texture": "#voxels_atlas" },
				"west": { "uv": [ 4.25, 8.25, 4.5, 8.75 ], "texture": "#voxels_atlas" },
				"east": { "uv": [ 4.5, 7.75, 4.25, 8.25 ], "texture": "#voxels_atlas" }
			}
		},
		{
			"__comment": "Voxels",
			"from": [ 10, 8, 2 ],
			"to": [ 10.5, 8.5, 4.5 ],
			"faces": {
				"down": { "uv": [ 3, 6.5, 3.25, 7.75 ], "texture": "#voxels_atlas" },
				"up": { "uv": [ 3, 6.5, 3.25, 5.25 ], "texture": "#voxels_atlas" },
				"north": { "uv": [ 13.5, 11, 13.25, 11.25 ], "texture": "#voxels_atlas" },
				"south": { "uv": [ 14, 11, 14.25, 11.25 ], "texture": "#voxels_atlas" },
				"west": { "uv": [ 7.75, 12.75, 9, 13 ], "texture": "#voxels_atlas" },
				"east": { "uv": [ 10.25, 12.5, 9, 12.75 ], "texture": "#voxels_atlas" }
			}
		},
		{
			"__comment": "Voxels",
			"from": [ 10, 8, 7 ],
			"to": [ 10.5, 8.5, 8 ],
			"faces": {
				"down": { "uv": [ 4.25, 5.75, 4.5, 6.25 ], "texture": "#voxels_atlas" },
				"up": { "uv": [ 4.25, 5.75, 4.5, 5.25 ], "texture": "#voxels_atlas" },
				"north": { "uv": [ 16, 11, 15.75, 11.25 ], "texture": "#voxels_atlas" },
				"south": { "uv": [ 4.75, 10.75, 5, 11 ], "texture": "#voxels_atlas" },
				"west": { "uv": [ 15.5, 12.25, 16, 12.5 ], "texture": "#voxels_atlas" },
				"east": { "uv": [ 16, 12, 15.5, 12.25 ], "texture": "#voxels_atlas" }
			}
		},
		{
			"__comment": "Voxels",
			"from": [ 10, 8.5, -6.5 ],
			"to": [ 10.5, 10, -6 ],
			"faces": {
				"down": { "uv": [ 4.75, 9.5, 5, 9.75 ], "texture": "#voxels_atlas" },
				"up": { "uv": [ 4.75, 9.5, 5, 9.25 ], "texture": "#voxels_atlas" },
				"north": { "uv": [ 4.25, 7.25, 4, 8 ], "texture": "#voxels_atlas" },
				"south": { "uv": [ 4, 6.5, 4.25, 7.25 ], "texture": "#voxels_atlas" },
				"west": { "uv": [ 4, 5.75, 4.25, 6.5 ], "texture": "#voxels_atlas" },
				"east": { "uv": [ 4.25, 5, 4, 5.75 ], "texture": "#voxels_atlas" }
			}
		},
		{
			"__comment": "Voxels",
			"from": [ 10, 8.5, 12 ],
			"to": [ 10.5, 9.5, 12.5 ],
			"faces": {
				"down": { "uv": [ 13.75, 11.75, 14, 12 ], "texture": "#voxels_atlas" },
				"up": { "uv": [ 14, 12, 14.25, 11.75 ], "texture": "#voxels_atlas" },
				"north": { "uv": [ 4.5, 4.25, 4.25, 4.75 ], "texture": "#voxels_atlas" },
				"south": { "uv": [ 4.25, 3.75, 4.5, 4.25 ], "texture": "#voxels_atlas" },
				"west": { "uv": [ 4.25, 3.25, 4.5, 3.75 ], "texture": "#voxels_atlas" },
				"east": { "uv": [ 4.5, 2.75, 4.25, 3.25 ], "texture": "#voxels_atlas" }
			}
		},
		{
			"__comment": "Voxels",
			"from": [ 10, 9, -1.5 ],
			"to": [ 10.5, 9.5, -0.5 ],
			"faces": {
				"down": { "uv": [ 4.25, 9.25, 4.5, 9.75 ], "texture": "#voxels_atlas" },
				"up": { "uv": [ 4.25, 2.75, 4.5, 2.25 ], "texture": "#voxels_atlas" },
				"north": { "uv": [ 16, 11.75, 15.75, 12 ], "texture": "#voxels_atlas" },
				"south": { "uv": [ 4.25, 0, 4.5, 0.25 ], "texture": "#voxels_atlas" },
				"west": { "uv": [ 8, 11.75, 8.5, 12 ], "texture": "#voxels_atlas" },
				"east": { "uv": [ 10, 11.75, 9.5, 12 ], "texture": "#voxels_atlas" }
			}
		},
		{
			"__comment": "Voxels",
			"from": [ 10, 9, 2 ],
			"to": [ 10.5, 9.5, 4.5 ],
			"faces": {
				"down": { "uv": [ 3, 4, 3.25, 5.25 ], "texture": "#voxels_atlas" },
				"up": { "uv": [ 3, 4, 3.25, 2.75 ], "texture": "#voxels_atlas" },
				"north": { "uv": [ 14.5, 11.5, 14.25, 11.75 ], "texture": "#voxels_atlas" },
				"south": { "uv": [ 14.25, 11.25, 14.5, 11.5 ], "texture": "#voxels_atlas" },
				"west": { "uv": [ 10.25, 12.75, 11.5, 13 ], "texture": "#voxels_atlas" },
				"east": { "uv": [ 11.5, 12.5, 10.25, 12.75 ], "texture": "#voxels_atlas" }
			}
		},
		{
			"__comment": "Voxels",
			"from": [ 10, 9, 11.5 ],
			"to": [ 10.5, 10, 12 ],
			"faces": {
				"down": { "uv": [ 14.75, 11.5, 15, 11.75 ], "texture": "#voxels_atlas" },
				"up": { "uv": [ 14.75, 11.5, 15, 11.25 ], "texture": "#voxels_atlas" },
				"north": { "uv": [ 4.5, 0.75, 4.25, 1.25 ], "texture": "#voxels_atlas" },
				"south": { "uv": [ 13.5, 11.25, 13.75, 11.75 ], "texture": "#voxels_atlas" },
				"west": { "uv": [ 4.5, 11.25, 4.75, 11.75 ], "texture": "#voxels_atlas" },
				"east": { "uv": [ 5, 11.25, 4.75, 11.75 ], "texture": "#voxels_atlas" }
			}
		},
		{
			"__comment": "Voxels",
			"from": [ 10, 9.5, -7 ],
			"to": [ 10.5, 10.5, -6.5 ],
			"faces": {
				"down": { "uv": [ 15.5, 11.5, 15.75, 11.75 ], "texture": "#voxels_atlas" },
				"up": { "uv": [ 15.75, 11.75, 16, 11.5 ], "texture": "#voxels_atlas" },
				"north": { "uv": [ 5.25, 11.25, 5, 11.75 ], "texture": "#voxels_atlas" },
				"south": { "uv": [ 5.25, 11.25, 5.5, 11.75 ], "texture": "#voxels_atlas" },
				"west": { "uv": [ 5.5, 11.25, 5.75, 11.75 ], "texture": "#voxels_atlas" },
				"east": { "uv": [ 6, 11.25, 5.75, 11.75 ], "texture": "#voxels_atlas" }
			}
		},
		{
			"__comment": "Voxels",
			"from": [ 10, 9.5, -2.5 ],
			"to": [ 10.5, 10, -1.5 ],
			"faces": {
				"down": { "uv": [ 6, 11.25, 6.25, 11.75 ], "texture": "#voxels_atlas" },
				"up": { "uv": [ 6.25, 11.75, 6.5, 11.25 ], "texture": "#voxels_atlas" },
				"north": { "uv": [ 4.75, 10, 4.5, 10.25 ], "texture": "#voxels_atlas" },
				"south": { "uv": [ 4.5, 9.75, 4.75, 10 ], "texture": "#voxels_atlas" },
				"west": { "uv": [ 8.5, 11.75, 9, 12 ], "texture": "#voxels_atlas" },
				"east": { "uv": [ 9.5, 11.75, 9, 12 ], "texture": "#voxels_atlas" }
			}
		},
		{
			"__comment": "Voxels",
			"from": [ 10, 9.5, -0.5 ],
			"to": [ 10.5, 10, 0 ],
			"faces": {
				"down": { "uv": [ 4.5, 9, 4.75, 9.25 ], "texture": "#voxels_atlas" },
				"up": { "uv": [ 4.5, 9, 4.75, 8.75 ], "texture": "#voxels_atlas" },
				"north": { "uv": [ 4.75, 8.5, 4.5, 8.75 ], "texture": "#voxels_atlas" },
				"south": { "uv": [ 4.5, 8.25, 4.75, 8.5 ], "texture": "#voxels_atlas" },
				"west": { "uv": [ 4.5, 8, 4.75, 8.25 ], "texture": "#voxels_atlas" },
				"east": { "uv": [ 4.75, 7.75, 4.5, 8 ], "texture": "#voxels_atlas" }
			}
		},
		{
			"__comment": "Voxels",
			"from": [ 10, 9.5, 6.5 ],
			"to": [ 10.5, 10, 9 ],
			"faces": {
				"down": { "uv": [ 3.25, 11.25, 3.5, 12.5 ], "texture": "#voxels_atlas" },
				"up": { "uv": [ 3.25, 11.25, 3.5, 10 ], "texture": "#voxels_atlas" },
				"north": { "uv": [ 4.75, 7, 4.5, 7.25 ], "texture": "#voxels_atlas" },
				"south": { "uv": [ 4.5, 6.75, 4.75, 7 ], "texture": "#voxels_atlas" },
				"west": { "uv": [ 11.5, 12.75, 12.75, 13 ], "texture": "#voxels_atlas" },
				"east": { "uv": [ 12.75, 12.5, 11.5, 12.75 ], "texture": "#voxels_atlas" }
			}
		},
		{
			"__comment": "Voxels",
			"from": [ 10, 9.5, 10.5 ],
			"to": [ 10.5, 10.5, 11 ],
			"faces": {
				"down": { "uv": [ 4.5, 6, 4.75, 6.25 ], "texture": "#voxels_atlas" },
				"up": { "uv": [ 4.5, 6, 4.75, 5.75 ], "texture": "#voxels_atlas" },
				"north": { "uv": [ 6.75, 11.25, 6.5, 11.75 ], "texture": "#voxels_atlas" },
				"south": { "uv": [ 6.75, 11.25, 7, 11.75 ], "texture": "#voxels_atlas" },
				"west": { "uv": [ 7, 11.25, 7.25, 11.75 ], "texture": "#voxels_atlas" },
				"east": { "uv": [ 7.5, 11.25, 7.25, 11.75 ], "texture": "#voxels_atlas" }
			}
		},
		{
			"__comment": "Voxels",
			"from": [ 10, 9.5, 11 ],
			"to": [ 10.5, 10, 11.5 ],
			"faces": {
				"down": { "uv": [ 4.5, 4.5, 4.75, 4.75 ], "texture": "#voxels_atlas" },
				"up": { "uv": [ 4.5, 4.5, 4.75, 4.25 ], "texture": "#voxels_atlas" },
				"north": { "uv": [ 4.75, 4, 4.5, 4.25 ], "texture": "#voxels_atlas" },
				"south": { "uv": [ 4.5, 3.75, 4.75, 4 ], "texture": "#voxels_atlas" },
				"west": { "uv": [ 4.5, 3.5, 4.75, 3.75 ], "texture": "#voxels_atlas" },
				"east": { "uv": [ 4.75, 3.25, 4.5, 3.5 ], "texture": "#voxels_atlas" }
			}
		},
		{
			"__comment": "Voxels",
			"from": [ 10, 10, -7.5 ],
			"to": [ 10.5, 12, -7 ],
			"faces": {
				"down": { "uv": [ 4.5, 3, 4.75, 3.25 ], "texture": "#voxels_atlas" },
				"up": { "uv": [ 4.5, 3, 4.75, 2.75 ], "texture": "#voxels_atlas" },
				"north": { "uv": [ 3.75, 3.5, 3.5, 4.5 ], "texture": "#voxels_atlas" },
				"south": { "uv": [ 3.5, 2.5, 3.75, 3.5 ], "texture": "#voxels_atlas" },
				"west": { "uv": [ 3.5, 1.5, 3.75, 2.5 ], "texture": "#voxels_atlas" },
				"east": { "uv": [ 3.75, 0.5, 3.5, 1.5 ], "texture": "#voxels_atlas" }
			}
		},
		{
			"__comment": "Voxels",
			"from": [ 10, 10, -3 ],
			"to": [ 10.5, 10.5, -2.5 ],
			"faces": {
				"down": { "uv": [ 4.5, 1.5, 4.75, 1.75 ], "texture": "#voxels_atlas" },
				"up": { "uv": [ 4.5, 1.5, 4.75, 1.25 ], "texture": "#voxels_atlas" },
				"north": { "uv": [ 5, 9, 4.75, 9.25 ], "texture": "#voxels_atlas" },
				"south": { "uv": [ 4.5, 0.75, 4.75, 1 ], "texture": "#voxels_atlas" },
				"west": { "uv": [ 4.5, 0.5, 4.75, 0.75 ], "texture": "#voxels_atlas" },
				"east": { "uv": [ 4.75, 0.25, 4.5, 0.5 ], "texture": "#voxels_atlas" }
			}
		},
		{
			"__comment": "Voxels",
			"from": [ 10, 10, 8.5 ],
			"to": [ 10.5, 10.5, 10.5 ],
			"faces": {
				"down": { "uv": [ 3.75, 11.5, 4, 12.5 ], "texture": "#voxels_atlas" },
				"up": { "uv": [ 3.75, 11.5, 4, 10.5 ], "texture": "#voxels_atlas" },
				"north": { "uv": [ 5.25, 11, 5, 11.25 ], "texture": "#voxels_atlas" },
				"south": { "uv": [ 5.25, 11, 5.5, 11.25 ], "texture": "#voxels_atlas" },
				"west": { "uv": [ 13.75, 12.5, 14.75, 12.75 ], "texture": "#voxels_atlas" },
				"east": { "uv": [ 14.75, 12.75, 13.75, 13 ], "texture": "#voxels_atlas" }
			}
		},
		{
			"__comment": "Voxels",
			"from": [ 10, 10.5, -3.5 ],
			"to": [ 10.5, 11, -3 ],
			"faces": {
				"down": { "uv": [ 6, 11, 6.25, 11.25 ], "texture": "#voxels_atlas" },
				"up": { "uv": [ 6.25, 11.25, 6.5, 11 ], "texture": "#voxels_atlas" },
				"north": { "uv": [ 6.75, 11, 6.5, 11.25 ], "texture": "#voxels_atlas" },
				"south": { "uv": [ 6.75, 11, 7, 11.25 ], "texture": "#voxels_atlas" },
				"west": { "uv": [ 7, 11, 7.25, 11.25 ], "texture": "#voxels_atlas" },
				"east": { "uv": [ 7.5, 11, 7.25, 11.25 ], "texture": "#voxels_atlas" }
			}
		},
		{
			"__comment": "Voxels",
			"from": [ 10, 11, -4 ],
			"to": [ 10.5, 11.5, -3.5 ],
			"faces": {
				"down": { "uv": [ 7.5, 11, 7.75, 11.25 ], "texture": "#voxels_atlas" },
				"up": { "uv": [ 7.75, 11.25, 8, 11 ], "texture": "#voxels_atlas" },
				"north": { "uv": [ 8.25, 11, 8, 11.25 ], "texture": "#voxels_atlas" },
				"south": { "uv": [ 8.25, 11, 8.5, 11.25 ], "texture": "#voxels_atlas" },
				"west": { "uv": [ 8.5, 11, 8.75, 11.25 ], "texture": "#voxels_atlas" },
				"east": { "uv": [ 9, 11, 8.75, 11.25 ], "texture": "#voxels_atlas" }
			}
		},
		{
			"__comment": "Voxels",
			"from": [ 10, 11.5, -7 ],
			"to": [ 10.5, 13.5, -6.5 ],
			"faces": {
				"down": { "uv": [ 9, 11, 9.25, 11.25 ], "texture": "#voxels_atlas" },
				"up": { "uv": [ 9.25, 11.25, 9.5, 11 ], "texture": "#voxels_atlas" },
				"north": { "uv": [ 4, 9.5, 3.75, 10.5 ], "texture": "#voxels_atlas" },
				"south": { "uv": [ 3.75, 8.5, 4, 9.5 ], "texture": "#voxels_atlas" },
				"west": { "uv": [ 3.75, 1.5, 4, 2.5 ], "texture": "#voxels_atlas" },
				"east": { "uv": [ 4, 0.5, 3.75, 1.5 ], "texture": "#voxels_atlas" }
			}
		},
		{
			"__comment": "Voxels",
			"from": [ 10, 11.5, -4.5 ],
			"to": [ 10.5, 12.5, -4 ],
			"faces": {
				"down": { "uv": [ 10.5, 11, 10.75, 11.25 ], "texture": "#voxels_atlas" },
				"up": { "uv": [ 10.75, 11.25, 11, 11 ], "texture": "#voxels_atlas" },
				"north": { "uv": [ 10.5, 11.25, 10.25, 11.75 ], "texture": "#voxels_atlas" },
				"south": { "uv": [ 10.5, 11.25, 10.75, 11.75 ], "texture": "#voxels_atlas" },
				"west": { "uv": [ 10.75, 11.25, 11, 11.75 ], "texture": "#voxels_atlas" },
				"east": { "uv": [ 11.25, 11.25, 11, 11.75 ], "texture": "#voxels_atlas" }
			}
		},
		{
			"__comment": "Voxels",
			"from": [ 10, 12, -5 ],
			"to": [ 10.5, 13, -4.5 ],
			"faces": {
				"down": { "uv": [ 12, 11, 12.25, 11.25 ], "texture": "#voxels_atlas" },
				"up": { "uv": [ 12.25, 11.25, 12.5, 11 ], "texture": "#voxels_atlas" },
				"north": { "uv": [ 11.5, 11.25, 11.25, 11.75 ], "texture": "#voxels_atlas" },
				"south": { "uv": [ 11.5, 11.25, 11.75, 11.75 ], "texture": "#voxels_atlas" },
				"west": { "uv": [ 11.75, 11.25, 12, 11.75 ], "texture": "#voxels_atlas" },
				"east": { "uv": [ 12.25, 11.25, 12, 11.75 ], "texture": "#voxels_atlas" }
			}
		},
		{
			"__comment": "Voxels",
			"from": [ 10, 12.5, -5.5 ],
			"to": [ 10.5, 14, -5 ],
			"faces": {
				"down": { "uv": [ 13.5, 11, 13.75, 11.25 ], "texture": "#voxels_atlas" },
				"up": { "uv": [ 13.75, 11.25, 14, 11 ], "texture": "#voxels_atlas" },
				"north": { "uv": [ 4.25, 4.25, 4, 5 ], "texture": "#voxels_atlas" },
				"south": { "uv": [ 4, 3.5, 4.25, 4.25 ], "texture": "#voxels_atlas" },
				"west": { "uv": [ 4, 2.75, 4.25, 3.5 ], "texture": "#voxels_atlas" },
				"east": { "uv": [ 4.25, 2, 4, 2.75 ], "texture": "#voxels_atlas" }
			}
		},
		{
			"__comment": "Voxels",
			"from": [ 10, 13, -6.5 ],
			"to": [ 10.5, 15, -6 ],
			"faces": {
				"down": { "uv": [ 15, 11, 15.25, 11.25 ], "texture": "#voxels_atlas" },
				"up": { "uv": [ 15.25, 11.25, 15.5, 11 ], "texture": "#voxels_atlas" },
				"north": { "uv": [ 3.5, 7.75, 3.25, 8.75 ], "texture": "#voxels_atlas" },
				"south": { "uv": [ 3.25, 6.75, 3.5, 7.75 ], "texture": "#voxels_atlas" },
				"west": { "uv": [ 3.25, 5.75, 3.5, 6.75 ], "texture": "#voxels_atlas" },
				"east": { "uv": [ 3.5, 4.75, 3.25, 5.75 ], "texture": "#voxels_atlas" }
			}
		},
		{
			"__comment": "Voxels",
			"from": [ 10, 13.5, -6 ],
			"to": [ 10.5, 15.5, -5.5 ],
			"faces": {
				"down": { "uv": [ 4.75, 10.25, 5, 10.5 ], "texture": "#voxels_atlas" },
				"up": { "uv": [ 4.75, 10.25, 5, 10 ], "texture": "#voxels_atlas" },
				"north": { "uv": [ 3.5, 3.75, 3.25, 4.75 ], "texture": "#voxels_atlas" },
				"south": { "uv": [ 3.25, 2.75, 3.5, 3.75 ], "texture": "#voxels_atlas" },
				"west": { "uv": [ 3.5, 9.5, 3.75, 10.5 ], "texture": "#voxels_atlas" },
				"east": { "uv": [ 3.75, 5.5, 3.5, 6.5 ], "texture": "#voxels_atlas" }
			}
		}
	],
	"display": {
		"thirdperson_righthand": {
			"rotation":  [ 91, 0, 0 ],
			"translation":  [ -1.39, -6.953, 0 ],
			"scale":  [ 0.6, 1, 1.1 ]
		},
		"thirdperson_lefthand": {
			"rotation":  [ 91, 0, 0 ],
			"translation":  [ 1.3926, -6.953, 0 ],
			"scale":  [ 0.6, 1, 1.1 ]
		},
		"firstperson_righthand": {
			"rotation":  [ 67, -19, 0 ],
			"translation":  [ 0, -6.956, 0 ],
			"scale":  [ 0.6, 0.8, 0.9043 ]
		},
		"firstperson_lefthand": {
			"rotation":  [ 67, -19, 0 ],
			"translation":  [ 2.0869, -6.956, 0 ],
			"scale":  [ 0.6, 0.8, 0.9043 ]
		},
		"gui": {
			"rotation":  [ -41, 121, 13 ],
			"translation":  [ 4.1739, -0.695, 0 ],
			"scale":  [ 0.7, 0.7, 0.7 ]
		},
		"ground": {
			"rotation":  [ 66, 0, 61 ],
			"scale":  [ 0.6, 1, 1 ]
		},
		"fixed": {
			"rotation":  [ 0, 90, 0 ],
			"translation":  [ 2.7826, 0.0009, 0 ],
			"scale":  [ 0.7, 0.7, 0.7 ]
		}
	}
}