{
	"__comment": "Designed by Pashjn with Cubik Studio - https://cubik.studio",
	"textures": {
		"particle": "items/anubisglaives",
		"texture": "items/anubisglaives",
		"voxels_atlas": "items/anubisglaives"
	},
	"elements": [ 	 
		{
			"__comment": "Voxels",
			"from": [ 7, 4.5, 17.5 ],
			"to": [ 8.5, 9.5, 18 ],
			"faces": {
				"down": { "uv": [ 8.75, 10.75, 9.5, 11 ], "texture": "#voxels_atlas" },
				"up": { "uv": [ 8.25, 10.75, 9, 10.5 ], "texture": "#voxels_atlas" },
				"north": { "uv": [ 0.75, 13.5, 0, 16 ], "texture": "#voxels_atlas" },
				"south": { "uv": [ 0, 11, 0.75, 13.5 ], "texture": "#voxels_atlas" },
				"west": { "uv": [ 2, 5.5, 2.25, 8 ], "texture": "#voxels_atlas" },
				"east": { "uv": [ 2, 5.5, 1.75, 8 ], "texture": "#voxels_atlas" }
			}
		},
		{
			"__comment": "Voxels",
			"from": [ 7, 4.5, 18 ],
			"to": [ 8.5, 8.5, 18.5 ],
			"faces": {
				"down": { "uv": [ 4.5, 14, 5.25, 14.25 ], "texture": "#voxels_atlas" },
				"up": { "uv": [ 5.25, 14.25, 6, 14 ], "texture": "#voxels_atlas" },
				"north": { "uv": [ 1.5, 8, 0.75, 10 ], "texture": "#voxels_atlas" },
				"south": { "uv": [ 0.75, 6, 1.5, 8 ], "texture": "#voxels_atlas" },
				"west": { "uv": [ 2.25, 4.75, 2.5, 6.75 ], "texture": "#voxels_atlas" },
				"east": { "uv": [ 2.5, 2.75, 2.25, 4.75 ], "texture": "#voxels_atlas" }
			}
		},
		{
			"__comment": "Voxels",
			"from": [ 7, 5, 0 ],
			"to": [ 8.5, 8.5, 1 ],
			"faces": {
				"down": { "uv": [ 15, 13.5, 15.75, 14 ], "texture": "#voxels_atlas" },
				"up": { "uv": [ 3.5, 13.25, 4.25, 12.75 ], "texture": "#voxels_atlas" },
				"north": { "uv": [ 9, 14.25, 8.25, 16 ], "texture": "#voxels_atlas" },
				"south": { "uv": [ 9, 14.25, 9.75, 16 ], "texture": "#voxels_atlas" },
				"west": { "uv": [ 14, 14.25, 14.5, 16 ], "texture": "#voxels_atlas" },
				"east": { "uv": [ 14, 14.25, 13.5, 16 ], "texture": "#voxels_atlas" }
			}
		},
		{
			"__comment": "Voxels",
			"from": [ 7, 5, 17 ],
			"to": [ 8.5, 10, 17.5 ],
			"faces": {
				"down": { "uv": [ 6, 14, 6.75, 14.25 ], "texture": "#voxels_atlas" },
				"up": { "uv": [ 6.75, 14.25, 7.5, 14 ], "texture": "#voxels_atlas" },
				"north": { "uv": [ 0.75, 8.5, 0, 11 ], "texture": "#voxels_atlas" },
				"south": { "uv": [ 0, 6, 0.75, 8.5 ], "texture": "#voxels_atlas" },
				"west": { "uv": [ 1.5, 3, 1.75, 5.5 ], "texture": "#voxels_atlas" },
				"east": { "uv": [ 1.75, 5.5, 1.5, 8 ], "texture": "#voxels_atlas" }
			}
		},
		{
			"__comment": "Voxels",
			"from": [ 7, 5.5, -0.5 ],
			"to": [ 8.5, 9, 0 ],
			"faces": {
				"down": { "uv": [ 7.5, 14, 8.25, 14.25 ], "texture": "#voxels_atlas" },
				"up": { "uv": [ 8.25, 14.25, 9, 14 ], "texture": "#voxels_atlas" },
				"north": { "uv": [ 6, 14.25, 5.25, 16 ], "texture": "#voxels_atlas" },
				"south": { "uv": [ 9.75, 14.25, 10.5, 16 ], "texture": "#voxels_atlas" },
				"west": { "uv": [ 2.75, 0, 3, 1.75 ], "texture": "#voxels_atlas" },
				"east": { "uv": [ 3.25, 0, 3, 1.75 ], "texture": "#voxels_atlas" }
			}
		},
		{
			"__comment": "Voxels",
			"from": [ 7, 5.5, 1 ],
			"to": [ 8.5, 8.5, 1.5 ],
			"faces": {
				"down": { "uv": [ 9, 14, 9.75, 14.25 ], "texture": "#voxels_atlas" },
				"up": { "uv": [ 9.75, 14.25, 10.5, 14 ], "texture": "#voxels_atlas" },
				"north": { "uv": [ 13.5, 14.5, 12.75, 16 ], "texture": "#voxels_atlas" },
				"south": { "uv": [ 0, 0, 0.75, 1.5 ], "texture": "#voxels_atlas" },
				"west": { "uv": [ 3.75, 10.5, 4, 12 ], "texture": "#voxels_atlas" },
				"east": { "uv": [ 3.5, 4.75, 3.25, 6.25 ], "texture": "#voxels_atlas" }
			}
		},
		{
			"__comment": "Voxels",
			"from": [ 7, 6, -1 ],
			"to": [ 8.5, 9.5, -0.5 ],
			"faces": {
				"down": { "uv": [ 9.75, 13.25, 10.5, 13.5 ], "texture": "#voxels_atlas" },
				"up": { "uv": [ 10.5, 13.5, 11.25, 13.25 ], "texture": "#voxels_atlas" },
				"north": { "uv": [ 8.25, 14.25, 7.5, 16 ], "texture": "#voxels_atlas" },
				"south": { "uv": [ 4.5, 14.25, 5.25, 16 ], "texture": "#voxels_atlas" },
				"west": { "uv": [ 3, 3.5, 3.25, 5.25 ], "texture": "#voxels_atlas" },
				"east": { "uv": [ 3, 1.75, 2.75, 3.5 ], "texture": "#voxels_atlas" }
			}
		},
		{
			"__comment": "Voxels",
			"from": [ 7, 6, 18.5 ],
			"to": [ 8.5, 7.5, 19 ],
			"faces": {
				"down": { "uv": [ 12.25, 13.25, 13, 13.5 ], "texture": "#voxels_atlas" },
				"up": { "uv": [ 13, 13.5, 13.75, 13.25 ], "texture": "#voxels_atlas" },
				"north": { "uv": [ 3, 13.25, 2.25, 14 ], "texture": "#voxels_atlas" },
				"south": { "uv": [ 3, 13.25, 3.75, 14 ], "texture": "#voxels_atlas" },
				"west": { "uv": [ 2.25, 0, 2.5, 0.75 ], "texture": "#voxels_atlas" },
				"east": { "uv": [ 5.25, 12, 5, 12.75 ], "texture": "#voxels_atlas" }
			}
		},
		{
			"__comment": "Voxels",
			"from": [ 7, 6.5, -1.5 ],
			"to": [ 8.5, 10, -1 ],
			"faces": {
				"down": { "uv": [ 13.75, 13.25, 14.5, 13.5 ], "texture": "#voxels_atlas" },
				"up": { "uv": [ 15, 13.5, 15.75, 13.25 ], "texture": "#voxels_atlas" },
				"north": { "uv": [ 6.75, 14.25, 6, 16 ], "texture": "#voxels_atlas" },
				"south": { "uv": [ 6.75, 14.25, 7.5, 16 ], "texture": "#voxels_atlas" },
				"west": { "uv": [ 3.25, 6.25, 3.5, 8 ], "texture": "#voxels_atlas" },
				"east": { "uv": [ 3.5, 9.75, 3.25, 11.5 ], "texture": "#voxels_atlas" }
			}
		},
		{
			"__comment": "Voxels",
			"from": [ 7, 6.5, 1.5 ],
			"to": [ 8.5, 8.5, 2 ],
			"faces": {
				"down": { "uv": [ 13.25, 13, 14, 13.25 ], "texture": "#voxels_atlas" },
				"up": { "uv": [ 13.25, 13, 14, 12.75 ], "texture": "#voxels_atlas" },
				"north": { "uv": [ 2.25, 10, 1.5, 11 ], "texture": "#voxels_atlas" },
				"south": { "uv": [ 1.5, 12, 2.25, 13 ], "texture": "#voxels_atlas" },
				"west": { "uv": [ 8.25, 11, 8.5, 12 ], "texture": "#voxels_atlas" },
				"east": { "uv": [ 8.25, 11, 8, 12 ], "texture": "#voxels_atlas" }
			}
		},
		{
			"__comment": "Voxels",
			"from": [ 7, 6.5, 16.5 ],
			"to": [ 8.5, 10.5, 17 ],
			"faces": {
				"down": { "uv": [ 14, 13, 14.75, 13.25 ], "texture": "#voxels_atlas" },
				"up": { "uv": [ 14, 13, 14.75, 12.75 ], "texture": "#voxels_atlas" },
				"north": { "uv": [ 3, 14, 2.25, 16 ], "texture": "#voxels_atlas" },
				"south": { "uv": [ 1.5, 14, 2.25, 16 ], "texture": "#voxels_atlas" },
				"west": { "uv": [ 2.5, 11.25, 2.75, 13.25 ], "texture": "#voxels_atlas" },
				"east": { "uv": [ 2.75, 9.25, 2.5, 11.25 ], "texture": "#voxels_atlas" }
			}
		},
		{
			"__comment": "Voxels",
			"from": [ 7, 7, -2 ],
			"to": [ 8.5, 11, -1.5 ],
			"faces": {
				"down": { "uv": [ 14.75, 13, 15.5, 13.25 ], "texture": "#voxels_atlas" },
				"up": { "uv": [ 14.75, 13, 15.5, 12.75 ], "texture": "#voxels_atlas" },
				"north": { "uv": [ 1.5, 0, 0.75, 2 ], "texture": "#voxels_atlas" },
				"south": { "uv": [ 0.75, 10, 1.5, 12 ], "texture": "#voxels_atlas" },
				"west": { "uv": [ 2.5, 7.25, 2.75, 9.25 ], "texture": "#voxels_atlas" },
				"east": { "uv": [ 2.75, 5.25, 2.5, 7.25 ], "texture": "#voxels_atlas" }
			}
		},
		{
			"__comment": "Voxels",
			"from": [ 7, 7, 2 ],
			"to": [ 8.5, 9, 2.5 ],
			"faces": {
				"down": { "uv": [ 9.75, 12.5, 10.5, 12.75 ], "texture": "#voxels_atlas" },
				"up": { "uv": [ 9.75, 12.5, 10.5, 12.25 ], "texture": "#voxels_atlas" },
				"north": { "uv": [ 2.25, 8, 1.5, 9 ], "texture": "#voxels_atlas" },
				"south": { "uv": [ 14.5, 14, 15.25, 15 ], "texture": "#voxels_atlas" },
				"west": { "uv": [ 4.5, 6, 4.75, 7 ], "texture": "#voxels_atlas" },
				"east": { "uv": [ 4.75, 7, 4.5, 8 ], "texture": "#voxels_atlas" }
			}
		},
		{
			"__comment": "Voxels",
			"from": [ 7, 7, 16 ],
			"to": [ 8.5, 11, 16.5 ],
			"faces": {
				"down": { "uv": [ 9.75, 12, 10.5, 12.25 ], "texture": "#voxels_atlas" },
				"up": { "uv": [ 10.5, 12.75, 11.25, 12.5 ], "texture": "#voxels_atlas" },
				"north": { "uv": [ 1.5, 4, 0.75, 6 ], "texture": "#voxels_atlas" },
				"south": { "uv": [ 3, 14, 3.75, 16 ], "texture": "#voxels_atlas" },
				"west": { "uv": [ 2.75, 10.25, 3, 12.25 ], "texture": "#voxels_atlas" },
				"east": { "uv": [ 3.25, 10.25, 3, 12.25 ], "texture": "#voxels_atlas" }
			}
		},
		{
			"__comment": "Voxels",
			"from": [ 7, 7.5, -2.5 ],
			"to": [ 8.5, 12, -2 ],
			"faces": {
				"down": { "uv": [ 12.25, 12, 13, 12.25 ], "texture": "#voxels_atlas" },
				"up": { "uv": [ 13, 12.75, 13.75, 12.5 ], "texture": "#voxels_atlas" },
				"north": { "uv": [ 0.75, 3.75, 0, 6 ], "texture": "#voxels_atlas" },
				"south": { "uv": [ 0, 1.5, 0.75, 3.75 ], "texture": "#voxels_atlas" },
				"west": { "uv": [ 2.25, 11, 2.5, 13.25 ], "texture": "#voxels_atlas" },
				"east": { "uv": [ 2.5, 8.75, 2.25, 11 ], "texture": "#voxels_atlas" }
			}
		},
		{
			"__comment": "Voxels",
			"from": [ 7, 7.5, 2.5 ],
			"to": [ 8.5, 9, 3 ],
			"faces": {
				"down": { "uv": [ 13, 12.25, 13.75, 12.5 ], "texture": "#voxels_atlas" },
				"up": { "uv": [ 13, 12.25, 13.75, 12 ], "texture": "#voxels_atlas" },
				"north": { "uv": [ 2.25, 1.5, 1.5, 2.25 ], "texture": "#voxels_atlas" },
				"south": { "uv": [ 1.5, 0.75, 2.25, 1.5 ], "texture": "#voxels_atlas" },
				"west": { "uv": [ 13.75, 12, 14, 12.75 ], "texture": "#voxels_atlas" },
				"east": { "uv": [ 14.25, 12, 14, 12.75 ], "texture": "#voxels_atlas" }
			}
		},
		{
			"__comment": "Voxels",
			"from": [ 7, 7.5, 4 ],
			"to": [ 8.5, 9.5, 5 ],
			"faces": {
				"down": { "uv": [ 4.25, 12.75, 5, 13.25 ], "texture": "#voxels_atlas" },
				"up": { "uv": [ 13, 14, 13.75, 13.5 ], "texture": "#voxels_atlas" },
				"north": { "uv": [ 2.25, 13, 1.5, 14 ], "texture": "#voxels_atlas" },
				"south": { "uv": [ 15.25, 14, 16, 15 ], "texture": "#voxels_atlas" },
				"west": { "uv": [ 2.75, 12.25, 3.25, 13.25 ], "texture": "#voxels_atlas" },
				"east": { "uv": [ 3.25, 7.25, 2.75, 8.25 ], "texture": "#voxels_atlas" }
			}
		},
		{
			"__comment": "Voxels",
			"from": [ 7, 7.5, 5 ],
			"to": [ 8.5, 9, 5.5 ],
			"faces": {
				"down": { "uv": [ 14.25, 12.5, 15, 12.75 ], "texture": "#voxels_atlas" },
				"up": { "uv": [ 14.25, 12.5, 15, 12.25 ], "texture": "#voxels_atlas" },
				"north": { "uv": [ 6.75, 13.25, 6, 14 ], "texture": "#voxels_atlas" },
				"south": { "uv": [ 5.25, 13.25, 6, 14 ], "texture": "#voxels_atlas" },
				"west": { "uv": [ 15, 12, 15.25, 12.75 ], "texture": "#voxels_atlas" },
				"east": { "uv": [ 15.5, 12, 15.25, 12.75 ], "texture": "#voxels_atlas" }
			}
		},
		{
			"__comment": "Voxels",
			"from": [ 7, 7.5, 10 ],
			"to": [ 8.5, 9, 11 ],
			"faces": {
				"down": { "uv": [ 6.5, 12.75, 7.25, 13.25 ], "texture": "#voxels_atlas" },
				"up": { "uv": [ 8.75, 13.25, 9.5, 12.75 ], "texture": "#voxels_atlas" },
				"north": { "uv": [ 9, 13.25, 8.25, 14 ], "texture": "#voxels_atlas" },
				"south": { "uv": [ 9, 13.25, 9.75, 14 ], "texture": "#voxels_atlas" },
				"west": { "uv": [ 3.5, 12, 4, 12.75 ], "texture": "#voxels_atlas" },
				"east": { "uv": [ 15, 13.25, 14.5, 14 ], "texture": "#voxels_atlas" }
			}
		},
		{
			"__comment": "Voxels",
			"from": [ 7, 7.5, 12.5 ],
			"to": [ 8.5, 9, 13.5 ],
			"faces": {
				"down": { "uv": [ 5, 12.75, 5.75, 13.25 ], "texture": "#voxels_atlas" },
				"up": { "uv": [ 5.75, 13.25, 6.5, 12.75 ], "texture": "#voxels_atlas" },
				"north": { "uv": [ 2.25, 2.25, 1.5, 3 ], "texture": "#voxels_atlas" },
				"south": { "uv": [ 1.5, 0, 2.25, 0.75 ], "texture": "#voxels_atlas" },
				"west": { "uv": [ 4, 12, 4.5, 12.75 ], "texture": "#voxels_atlas" },
				"east": { "uv": [ 5, 12, 4.5, 12.75 ], "texture": "#voxels_atlas" }
			}
		},
		{
			"__comment": "Voxels",
			"from": [ 7, 7.5, 15.5 ],
			"to": [ 8.5, 11.5, 16 ],
			"faces": {
				"down": { "uv": [ 14.25, 12, 15, 12.25 ], "texture": "#voxels_atlas" },
				"up": { "uv": [ 14, 12, 14.75, 11.75 ], "texture": "#voxels_atlas" },
				"north": { "uv": [ 1.5, 14, 0.75, 16 ], "texture": "#voxels_atlas" },
				"south": { "uv": [ 3.75, 14, 4.5, 16 ], "texture": "#voxels_atlas" },
				"west": { "uv": [ 3, 8.25, 3.25, 10.25 ], "texture": "#voxels_atlas" },
				"east": { "uv": [ 3, 8.25, 2.75, 10.25 ], "texture": "#voxels_atlas" }
			}
		},
		{
			"__comment": "Voxels",
			"from": [ 7, 8, -3 ],
			"to": [ 8.5, 12, -2.5 ],
			"faces": {
				"down": { "uv": [ 14, 11.5, 14.75, 11.75 ], "texture": "#voxels_atlas" },
				"up": { "uv": [ 14.75, 12, 15.5, 11.75 ], "texture": "#voxels_atlas" },
				"north": { "uv": [ 1.5, 12, 0.75, 14 ], "texture": "#voxels_atlas" },
				"south": { "uv": [ 0.75, 2, 1.5, 4 ], "texture": "#voxels_atlas" },
				"west": { "uv": [ 2.75, 5.25, 3, 7.25 ], "texture": "#voxels_atlas" },
				"east": { "uv": [ 3.25, 5.25, 3, 7.25 ], "texture": "#voxels_atlas" }
			}
		},
		{
			"__comment": "Voxels",
			"from": [ 7, 8, 3 ],
			"to": [ 8.5, 8.5, 4 ],
			"faces": {
				"down": { "uv": [ 12.5, 12.75, 13.25, 13.25 ], "texture": "#voxels_atlas" },
				"up": { "uv": [ 12.75, 14.5, 13.5, 14 ], "texture": "#voxels_atlas" },
				"north": { "uv": [ 15.5, 11.5, 14.75, 11.75 ], "texture": "#voxels_atlas" },
				"south": { "uv": [ 14.75, 11.25, 15.5, 11.5 ], "texture": "#voxels_atlas" },
				"west": { "uv": [ 15.5, 10.75, 16, 11 ], "texture": "#voxels_atlas" },
				"east": { "uv": [ 16, 11.5, 15.5, 11.75 ], "texture": "#voxels_atlas" }
			}
		},
		{
			"__comment": "Voxels",
			"from": [ 7, 8, 11 ],
			"to": [ 8.5, 9, 11.5 ],
			"faces": {
				"down": { "uv": [ 14.75, 11, 15.5, 11.25 ], "texture": "#voxels_atlas" },
				"up": { "uv": [ 6.5, 11, 7.25, 10.75 ], "texture": "#voxels_atlas" },
				"north": { "uv": [ 11.75, 12.75, 11, 13.25 ], "texture": "#voxels_atlas" },
				"south": { "uv": [ 11.75, 12.75, 12.5, 13.25 ], "texture": "#voxels_atlas" },
				"west": { "uv": [ 13.75, 10, 14, 10.5 ], "texture": "#voxels_atlas" },
				"east": { "uv": [ 13.75, 10, 13.5, 10.5 ], "texture": "#voxels_atlas" }
			}
		},
		{
			"__comment": "Voxels",
			"from": [ 7, 8, 11.5 ],
			"to": [ 8.5, 8.5, 12.5 ],
			"faces": {
				"down": { "uv": [ 9.75, 13.5, 10.5, 14 ], "texture": "#voxels_atlas" },
				"up": { "uv": [ 10.5, 14, 11.25, 13.5 ], "texture": "#voxels_atlas" },
				"north": { "uv": [ 8, 10.75, 7.25, 11 ], "texture": "#voxels_atlas" },
				"south": { "uv": [ 8, 10.75, 8.75, 11 ], "texture": "#voxels_atlas" },
				"west": { "uv": [ 15.5, 11.75, 16, 12 ], "texture": "#voxels_atlas" },
				"east": { "uv": [ 2.25, 3, 1.75, 3.25 ], "texture": "#voxels_atlas" }
			}
		},
		{
			"__comment": "Voxels",
			"from": [ 7, 8, 13.5 ],
			"to": [ 8.5, 10, 15.5 ],
			"faces": {
				"down": { "uv": [ 1.5, 11, 2.25, 12 ], "texture": "#voxels_atlas" },
				"up": { "uv": [ 15.25, 16, 16, 15 ], "texture": "#voxels_atlas" },
				"north": { "uv": [ 2.25, 9, 1.5, 10 ], "texture": "#voxels_atlas" },
				"south": { "uv": [ 14.5, 15, 15.25, 16 ], "texture": "#voxels_atlas" },
				"west": { "uv": [ 10.5, 14, 11.5, 15 ], "texture": "#voxels_atlas" },
				"east": { "uv": [ 12.5, 14, 11.5, 15 ], "texture": "#voxels_atlas" }
			}
		},
		{
			"__comment": "Voxels",
			"from": [ 7, 9, -3.5 ],
			"to": [ 8.5, 10.5, -3 ],
			"faces": {
				"down": { "uv": [ 9.5, 10.75, 10.25, 11 ], "texture": "#voxels_atlas" },
				"up": { "uv": [ 10.25, 11, 11, 10.75 ], "texture": "#voxels_atlas" },
				"north": { "uv": [ 4.5, 13.25, 3.75, 14 ], "texture": "#voxels_atlas" },
				"south": { "uv": [ 4.5, 13.25, 5.25, 14 ], "texture": "#voxels_atlas" },
				"west": { "uv": [ 4.75, 5.75, 5, 6.5 ], "texture": "#voxels_atlas" },
				"east": { "uv": [ 5, 5, 4.75, 5.75 ], "texture": "#voxels_atlas" }
			}
		},
		{
			"__comment": "Voxels",
			"from": [ 7, 9, 13 ],
			"to": [ 8.5, 9.5, 13.5 ],
			"faces": {
				"down": { "uv": [ 11, 10.75, 11.75, 11 ], "texture": "#voxels_atlas" },
				"up": { "uv": [ 11.75, 11, 12.5, 10.75 ], "texture": "#voxels_atlas" },
				"north": { "uv": [ 13.25, 10.75, 12.5, 11 ], "texture": "#voxels_atlas" },
				"south": { "uv": [ 13.25, 10.75, 14, 11 ], "texture": "#voxels_atlas" },
				"west": { "uv": [ 11.25, 9.5, 11.5, 9.75 ], "texture": "#voxels_atlas" },
				"east": { "uv": [ 11.75, 9.5, 11.5, 9.75 ], "texture": "#voxels_atlas" }
			}
		},
		{
			"__comment": "Voxels",
			"from": [ 7, 10, 14 ],
			"to": [ 8.5, 11, 15.5 ],
			"faces": {
				"down": { "uv": [ 6.75, 13.25, 7.5, 14 ], "texture": "#voxels_atlas" },
				"up": { "uv": [ 7.5, 14, 8.25, 13.25 ], "texture": "#voxels_atlas" },
				"north": { "uv": [ 8, 12.75, 7.25, 13.25 ], "texture": "#voxels_atlas" },
				"south": { "uv": [ 8, 12.75, 8.75, 13.25 ], "texture": "#voxels_atlas" },
				"west": { "uv": [ 9.5, 12.75, 10.25, 13.25 ], "texture": "#voxels_atlas" },
				"east": { "uv": [ 11, 12.75, 10.25, 13.25 ], "texture": "#voxels_atlas" }
			}
		},
		{
			"__comment": "Voxels",
			"from": [ 7, 11, 14.5 ],
			"to": [ 8.5, 11.5, 15.5 ],
			"faces": {
				"down": { "uv": [ 12.25, 13.5, 13, 14 ], "texture": "#voxels_atlas" },
				"up": { "uv": [ 13.75, 14, 14.5, 13.5 ], "texture": "#voxels_atlas" },
				"north": { "uv": [ 14.75, 10.75, 14, 11 ], "texture": "#voxels_atlas" },
				"south": { "uv": [ 14.75, 10.75, 15.5, 11 ], "texture": "#voxels_atlas" },
				"west": { "uv": [ 9.5, 10.5, 10, 10.75 ], "texture": "#voxels_atlas" },
				"east": { "uv": [ 9.5, 10.5, 9, 10.75 ], "texture": "#voxels_atlas" }
			}
		},
		{
			"__comment": "Voxels",
			"from": [ 7, 11.5, 15 ],
			"to": [ 8.5, 12, 15.5 ],
			"faces": {
				"down": { "uv": [ 5.25, 10.5, 6, 10.75 ], "texture": "#voxels_atlas" },
				"up": { "uv": [ 6, 10.75, 6.75, 10.5 ], "texture": "#voxels_atlas" },
				"north": { "uv": [ 7.5, 10.5, 6.75, 10.75 ], "texture": "#voxels_atlas" },
				"south": { "uv": [ 7.5, 10.5, 8.25, 10.75 ], "texture": "#voxels_atlas" },
				"west": { "uv": [ 11.75, 9.5, 12, 9.75 ], "texture": "#voxels_atlas" },
				"east": { "uv": [ 12.75, 9.5, 12.5, 9.75 ], "texture": "#voxels_atlas" }
			}
		},
		{
			"__comment": "Voxels",
			"from": [ 7.5, 0, 15.5 ],
			"to": [ 8, 1.5, 16 ],
			"faces": {
				"down": { "uv": [ 14.25, 9.5, 14.5, 9.75 ], "texture": "#voxels_atlas" },
				"up": { "uv": [ 14.5, 9.75, 14.75, 9.5 ], "texture": "#voxels_atlas" },
				"north": { "uv": [ 5.25, 3.25, 5, 4 ], "texture": "#voxels_atlas" },
				"south": { "uv": [ 5, 2.5, 5.25, 3.25 ], "texture": "#voxels_atlas" },
				"west": { "uv": [ 5, 1.75, 5.25, 2.5 ], "texture": "#voxels_atlas" },
				"east": { "uv": [ 5.5, 9.75, 5.25, 10.5 ], "texture": "#voxels_atlas" }
			}
		},
		{
			"__comment": "Voxels",
			"from": [ 7.5, 0.5, 16 ],
			"to": [ 8, 2, 16.5 ],
			"faces": {
				"down": { "uv": [ 14.75, 9.5, 15, 9.75 ], "texture": "#voxels_atlas" },
				"up": { "uv": [ 15.5, 9.75, 15.75, 9.5 ], "texture": "#voxels_atlas" },
				"north": { "uv": [ 5.5, 9, 5.25, 9.75 ], "texture": "#voxels_atlas" },
				"south": { "uv": [ 5.25, 8.25, 5.5, 9 ], "texture": "#voxels_atlas" },
				"west": { "uv": [ 5.25, 7.5, 5.5, 8.25 ], "texture": "#voxels_atlas" },
				"east": { "uv": [ 5.5, 6.75, 5.25, 7.5 ], "texture": "#voxels_atlas" }
			}
		},
		{
			"__comment": "Voxels",
			"from": [ 7.5, 1, 1 ],
			"to": [ 8, 2.5, 1.5 ],
			"faces": {
				"down": { "uv": [ 12, 10.5, 12.25, 10.75 ], "texture": "#voxels_atlas" },
				"up": { "uv": [ 12.25, 10.75, 12.5, 10.5 ], "texture": "#voxels_atlas" },
				"north": { "uv": [ 5.5, 6, 5.25, 6.75 ], "texture": "#voxels_atlas" },
				"south": { "uv": [ 5.25, 5.25, 5.5, 6 ], "texture": "#voxels_atlas" },
				"west": { "uv": [ 5.25, 4.5, 5.5, 5.25 ], "texture": "#voxels_atlas" },
				"east": { "uv": [ 5.5, 3.75, 5.25, 4.5 ], "texture": "#voxels_atlas" }
			}
		},
		{
			"__comment": "Voxels",
			"from": [ 7.5, 1, 16.5 ],
			"to": [ 8, 3, 17 ],
			"faces": {
				"down": { "uv": [ 12.5, 10.5, 12.75, 10.75 ], "texture": "#voxels_atlas" },
				"up": { "uv": [ 12.75, 10.75, 13, 10.5 ], "texture": "#voxels_atlas" },
				"north": { "uv": [ 4.75, 8, 4.5, 9 ], "texture": "#voxels_atlas" },
				"south": { "uv": [ 4.5, 10, 4.75, 11 ], "texture": "#voxels_atlas" },
				"west": { "uv": [ 4.5, 11, 4.75, 12 ], "texture": "#voxels_atlas" },
				"east": { "uv": [ 8.75, 11, 8.5, 12 ], "texture": "#voxels_atlas" }
			}
		},
		{
			"__comment": "Voxels",
			"from": [ 7.5, 1.5, 0.5 ],
			"to": [ 8, 3.5, 1 ],
			"faces": {
				"down": { "uv": [ 14, 10.5, 14.25, 10.75 ], "texture": "#voxels_atlas" },
				"up": { "uv": [ 14.25, 10.75, 14.5, 10.5 ], "texture": "#voxels_atlas" },
				"north": { "uv": [ 4.75, 9, 4.5, 10 ], "texture": "#voxels_atlas" },
				"south": { "uv": [ 10.5, 11, 10.75, 12 ], "texture": "#voxels_atlas" },
				"west": { "uv": [ 10.75, 11, 11, 12 ], "texture": "#voxels_atlas" },
				"east": { "uv": [ 4.5, 10, 4.25, 11 ], "texture": "#voxels_atlas" }
			}
		},
		{
			"__comment": "Voxels",
			"from": [ 7.5, 1.5, 17 ],
			"to": [ 8, 5, 17.5 ],
			"faces": {
				"down": { "uv": [ 14.5, 10.5, 14.75, 10.75 ], "texture": "#voxels_atlas" },
				"up": { "uv": [ 14.75, 10.75, 15, 10.5 ], "texture": "#voxels_atlas" },
				"north": { "uv": [ 3.25, 1.75, 3, 3.5 ], "texture": "#voxels_atlas" },
				"south": { "uv": [ 3.25, 11.5, 3.5, 13.25 ], "texture": "#voxels_atlas" },
				"west": { "uv": [ 2.75, 3.5, 3, 5.25 ], "texture": "#voxels_atlas" },
				"east": { "uv": [ 3.5, 8, 3.25, 9.75 ], "texture": "#voxels_atlas" }
			}
		},
		{
			"__comment": "Voxels",
			"from": [ 7.5, 2, 0 ],
			"to": [ 8, 5, 0.5 ],
			"faces": {
				"down": { "uv": [ 5.75, 6, 6, 6.25 ], "texture": "#voxels_atlas" },
				"up": { "uv": [ 5.75, 5.5, 6, 5.25 ], "texture": "#voxels_atlas" },
				"north": { "uv": [ 4, 9, 3.75, 10.5 ], "texture": "#voxels_atlas" },
				"south": { "uv": [ 3.5, 6, 3.75, 7.5 ], "texture": "#voxels_atlas" },
				"west": { "uv": [ 3.25, 3.25, 3.5, 4.75 ], "texture": "#voxels_atlas" },
				"east": { "uv": [ 3.75, 4.5, 3.5, 6 ], "texture": "#voxels_atlas" }
			}
		},
		{
			"__comment": "Voxels",
			"from": [ 7.5, 2, 17.5 ],
			"to": [ 8, 4.5, 18 ],
			"faces": {
				"down": { "uv": [ 9.5, 9.5, 9.75, 9.75 ], "texture": "#voxels_atlas" },
				"up": { "uv": [ 5.75, 5.25, 6, 5 ], "texture": "#voxels_atlas" },
				"north": { "uv": [ 4, 4, 3.75, 5.25 ], "texture": "#voxels_atlas" },
				"south": { "uv": [ 3.75, 2.75, 4, 4 ], "texture": "#voxels_atlas" },
				"west": { "uv": [ 3.75, 1.5, 4, 2.75 ], "texture": "#voxels_atlas" },
				"east": { "uv": [ 4, 0.25, 3.75, 1.5 ], "texture": "#voxels_atlas" }
			}
		},
		{
			"__comment": "Voxels",
			"from": [ 7.5, 3, -0.5 ],
			"to": [ 8, 5.5, 0 ],
			"faces": {
				"down": { "uv": [ 5.75, 4.75, 6, 5 ], "texture": "#voxels_atlas" },
				"up": { "uv": [ 5.75, 0.25, 6, 0 ], "texture": "#voxels_atlas" },
				"north": { "uv": [ 4.25, 10.75, 4, 12 ], "texture": "#voxels_atlas" },
				"south": { "uv": [ 4, 9.5, 4.25, 10.75 ], "texture": "#voxels_atlas" },
				"west": { "uv": [ 4, 8.25, 4.25, 9.5 ], "texture": "#voxels_atlas" },
				"east": { "uv": [ 4.25, 7, 4, 8.25 ], "texture": "#voxels_atlas" }
			}
		},
		{
			"__comment": "Voxels",
			"from": [ 7.5, 3, 3 ],
			"to": [ 8, 4, 3.5 ],
			"faces": {
				"down": { "uv": [ 6.5, 9.75, 6.75, 10 ], "texture": "#voxels_atlas" },
				"up": { "uv": [ 6.75, 10, 7, 9.75 ], "texture": "#voxels_atlas" },
				"north": { "uv": [ 6, 10, 5.75, 10.5 ], "texture": "#voxels_atlas" },
				"south": { "uv": [ 6, 10, 6.25, 10.5 ], "texture": "#voxels_atlas" },
				"west": { "uv": [ 7.25, 10, 7.5, 10.5 ], "texture": "#voxels_atlas" },
				"east": { "uv": [ 12.5, 10, 12.25, 10.5 ], "texture": "#voxels_atlas" }
			}
		},
		{
			"__comment": "Voxels",
			"from": [ 7.5, 3, 18 ],
			"to": [ 8, 4.5, 18.5 ],
			"faces": {
				"down": { "uv": [ 7, 9.75, 7.25, 10 ], "texture": "#voxels_atlas" },
				"up": { "uv": [ 8.25, 10, 8.5, 9.75 ], "texture": "#voxels_atlas" },
				"north": { "uv": [ 6, 12, 5.75, 12.75 ], "texture": "#voxels_atlas" },
				"south": { "uv": [ 6, 12, 6.25, 12.75 ], "texture": "#voxels_atlas" },
				"west": { "uv": [ 6.25, 12, 6.5, 12.75 ], "texture": "#voxels_atlas" },
				"east": { "uv": [ 6.75, 12, 6.5, 12.75 ], "texture": "#voxels_atlas" }
			}
		},
		{
			"__comment": "Voxels",
			"from": [ 7.5, 3.5, 2.5 ],
			"to": [ 8, 4.5, 3 ],
			"faces": {
				"down": { "uv": [ 8.5, 9.75, 8.75, 10 ], "texture": "#voxels_atlas" },
				"up": { "uv": [ 8.75, 10, 9, 9.75 ], "texture": "#voxels_atlas" },
				"north": { "uv": [ 15.75, 12.75, 15.5, 13.25 ], "texture": "#voxels_atlas" },
				"south": { "uv": [ 4.75, 0, 5, 0.5 ], "texture": "#voxels_atlas" },
				"west": { "uv": [ 15.75, 12.75, 16, 13.25 ], "texture": "#voxels_atlas" },
				"east": { "uv": [ 15.75, 11, 15.5, 11.5 ], "texture": "#voxels_atlas" }
			}
		},
		{
			"__comment": "Voxels",
			"from": [ 7.5, 4, -1 ],
			"to": [ 8, 6, -0.5 ],
			"faces": {
				"down": { "uv": [ 9.5, 9.75, 9.75, 10 ], "texture": "#voxels_atlas" },
				"up": { "uv": [ 11.75, 10, 12, 9.75 ], "texture": "#voxels_atlas" },
				"north": { "uv": [ 4.5, 0, 4.25, 1 ], "texture": "#voxels_atlas" },
				"south": { "uv": [ 7.75, 11, 8, 12 ], "texture": "#voxels_atlas" },
				"west": { "uv": [ 4.5, 5, 4.75, 6 ], "texture": "#voxels_atlas" },
				"east": { "uv": [ 4.25, 0, 4, 1 ], "texture": "#voxels_atlas" }
			}
		},
		{
			"__comment": "Voxels",
			"from": [ 7.5, 4, 2 ],
			"to": [ 8, 5.5, 2.5 ],
			"faces": {
				"down": { "uv": [ 12.5, 9.75, 12.75, 10 ], "texture": "#voxels_atlas" },
				"up": { "uv": [ 13.25, 10, 13.5, 9.75 ], "texture": "#voxels_atlas" },
				"north": { "uv": [ 5.5, 3, 5.25, 3.75 ], "texture": "#voxels_atlas" },
				"south": { "uv": [ 5.25, 2.25, 5.5, 3 ], "texture": "#voxels_atlas" },
				"west": { "uv": [ 5.25, 1.5, 5.5, 2.25 ], "texture": "#voxels_atlas" },
				"east": { "uv": [ 5.5, 0.75, 5.25, 1.5 ], "texture": "#voxels_atlas" }
			}
		},
		{
			"__comment": "Voxels",
			"from": [ 7.5, 4, 18.5 ],
			"to": [ 8, 6, 19 ],
			"faces": {
				"down": { "uv": [ 14, 9.75, 14.25, 10 ], "texture": "#voxels_atlas" },
				"up": { "uv": [ 14.75, 10, 15, 9.75 ], "texture": "#voxels_atlas" },
				"north": { "uv": [ 12.75, 14, 12.5, 15 ], "texture": "#voxels_atlas" },
				"south": { "uv": [ 11.5, 11, 11.75, 12 ], "texture": "#voxels_atlas" },
				"west": { "uv": [ 9.5, 11, 9.75, 12 ], "texture": "#voxels_atlas" },
				"east": { "uv": [ 10, 11, 9.75, 12 ], "texture": "#voxels_atlas" }
			}
		},
		{
			"__comment": "Voxels",
			"from": [ 7.5, 4.5, 0.5 ],
			"to": [ 8, 5, 1 ],
			"faces": {
				"down": { "uv": [ 6, 8.5, 6.25, 8.75 ], "texture": "#voxels_atlas" },
				"up": { "uv": [ 6, 8.5, 6.25, 8.25 ], "texture": "#voxels_atlas" },
				"north": { "uv": [ 6.25, 8, 6, 8.25 ], "texture": "#voxels_atlas" },
				"south": { "uv": [ 6, 4, 6.25, 4.25 ], "texture": "#voxels_atlas" },
				"west": { "uv": [ 6, 3.25, 6.25, 3.5 ], "texture": "#voxels_atlas" },
				"east": { "uv": [ 6.25, 2.5, 6, 2.75 ], "texture": "#voxels_atlas" }
			}
		},
		{
			"__comment": "Voxels",
			"from": [ 7.5, 4.5, 1.5 ],
			"to": [ 8, 6.5, 2 ],
			"faces": {
				"down": { "uv": [ 6, 2.25, 6.25, 2.5 ], "texture": "#voxels_atlas" },
				"up": { "uv": [ 6, 2.25, 6.25, 2 ], "texture": "#voxels_atlas" },
				"north": { "uv": [ 4.5, 11, 4.25, 12 ], "texture": "#voxels_atlas" },
				"south": { "uv": [ 4.25, 9, 4.5, 10 ], "texture": "#voxels_atlas" },
				"west": { "uv": [ 11.75, 11, 12, 12 ], "texture": "#voxels_atlas" },
				"east": { "uv": [ 4.25, 1, 4, 2 ], "texture": "#voxels_atlas" }
			}
		},
		{
			"__comment": "Voxels",
			"from": [ 7.5, 4.5, 16.5 ],
			"to": [ 8, 6.5, 17 ],
			"faces": {
				"down": { "uv": [ 6, 0.75, 6.25, 1 ], "texture": "#voxels_atlas" },
				"up": { "uv": [ 6, 0.75, 6.25, 0.5 ], "texture": "#voxels_atlas" },
				"north": { "uv": [ 10.25, 11, 10, 12 ], "texture": "#voxels_atlas" },
				"south": { "uv": [ 10.25, 11, 10.5, 12 ], "texture": "#voxels_atlas" },
				"west": { "uv": [ 11, 11, 11.25, 12 ], "texture": "#voxels_atlas" },
				"east": { "uv": [ 11.5, 11, 11.25, 12 ], "texture": "#voxels_atlas" }
			}
		},
		{
			"__comment": "Voxels",
			"from": [ 7.5, 5, -1.5 ],
			"to": [ 8, 6.5, -1 ],
			"faces": {
				"down": { "uv": [ 6.75, 9.5, 7, 9.75 ], "texture": "#voxels_atlas" },
				"up": { "uv": [ 7, 9.75, 7.25, 9.5 ], "texture": "#voxels_atlas" },
				"north": { "uv": [ 5.5, 12, 5.25, 12.75 ], "texture": "#voxels_atlas" },
				"south": { "uv": [ 5.5, 12, 5.75, 12.75 ], "texture": "#voxels_atlas" },
				"west": { "uv": [ 5, 4.75, 5.25, 5.5 ], "texture": "#voxels_atlas" },
				"east": { "uv": [ 5.25, 4, 5, 4.75 ], "texture": "#voxels_atlas" }
			}
		},
		{
			"__comment": "Voxels",
			"from": [ 7.5, 5, 1 ],
			"to": [ 8, 5.5, 1.5 ],
			"faces": {
				"down": { "uv": [ 7.25, 9.5, 7.5, 9.75 ], "texture": "#voxels_atlas" },
				"up": { "uv": [ 8, 9.75, 8.25, 9.5 ], "texture": "#voxels_atlas" },
				"north": { "uv": [ 9, 9.5, 8.75, 9.75 ], "texture": "#voxels_atlas" },
				"south": { "uv": [ 6, 4.25, 6.25, 4.5 ], "texture": "#voxels_atlas" },
				"west": { "uv": [ 9.75, 9.5, 10, 9.75 ], "texture": "#voxels_atlas" },
				"east": { "uv": [ 10.25, 9.5, 10, 9.75 ], "texture": "#voxels_atlas" }
			}
		},
		{
			"__comment": "Voxels",
			"from": [ 7.5, 5.5, -2 ],
			"to": [ 8, 7, -1.5 ],
			"faces": {
				"down": { "uv": [ 10.25, 9.5, 10.5, 9.75 ], "texture": "#voxels_atlas" },
				"up": { "uv": [ 11, 9.75, 11.25, 9.5 ], "texture": "#voxels_atlas" },
				"north": { "uv": [ 7, 12, 6.75, 12.75 ], "texture": "#voxels_atlas" },
				"south": { "uv": [ 7, 12, 7.25, 12.75 ], "texture": "#voxels_atlas" },
				"west": { "uv": [ 7.25, 12, 7.5, 12.75 ], "texture": "#voxels_atlas" },
				"east": { "uv": [ 7.75, 12, 7.5, 12.75 ], "texture": "#voxels_atlas" }
			}
		},
		{
			"__comment": "Voxels",
			"from": [ 7.5, 5.5, 19 ],
			"to": [ 8, 8.5, 19.5 ],
			"faces": {
				"down": { "uv": [ 13.25, 9.5, 13.5, 9.75 ], "texture": "#voxels_atlas" },
				"up": { "uv": [ 14, 9.75, 14.25, 9.5 ], "texture": "#voxels_atlas" },
				"north": { "uv": [ 3.75, 1.5, 3.5, 3 ], "texture": "#voxels_atlas" },
				"south": { "uv": [ 3.5, 0, 3.75, 1.5 ], "texture": "#voxels_atlas" },
				"west": { "uv": [ 3.5, 3, 3.75, 4.5 ], "texture": "#voxels_atlas" },
				"east": { "uv": [ 3.75, 7.5, 3.5, 9 ], "texture": "#voxels_atlas" }
			}
		},
		{
			"__comment": "Voxels",
			"from": [ 7.5, 6, -2.5 ],
			"to": [ 8, 7.5, -2 ],
			"faces": {
				"down": { "uv": [ 6.25, 9, 6.5, 9.25 ], "texture": "#voxels_atlas" },
				"up": { "uv": [ 6.25, 8.5, 6.5, 8.25 ], "texture": "#voxels_atlas" },
				"north": { "uv": [ 8, 12, 7.75, 12.75 ], "texture": "#voxels_atlas" },
				"south": { "uv": [ 8, 12, 8.25, 12.75 ], "texture": "#voxels_atlas" },
				"west": { "uv": [ 8.25, 12, 8.5, 12.75 ], "texture": "#voxels_atlas" },
				"east": { "uv": [ 8.75, 12, 8.5, 12.75 ], "texture": "#voxels_atlas" }
			}
		},
		{
			"__comment": "Voxels",
			"from": [ 7.5, 6, 16 ],
			"to": [ 8, 7, 16.5 ],
			"faces": {
				"down": { "uv": [ 13.5, 10.5, 13.75, 10.75 ], "texture": "#voxels_atlas" },
				"up": { "uv": [ 13.75, 10.75, 14, 10.5 ], "texture": "#voxels_atlas" },
				"north": { "uv": [ 14.25, 10, 14, 10.5 ], "texture": "#voxels_atlas" },
				"south": { "uv": [ 14.25, 10, 14.5, 10.5 ], "texture": "#voxels_atlas" },
				"west": { "uv": [ 14.5, 10, 14.75, 10.5 ], "texture": "#voxels_atlas" },
				"east": { "uv": [ 15, 10, 14.75, 10.5 ], "texture": "#voxels_atlas" }
			}
		},
		{
			"__comment": "Voxels",
			"from": [ 7.5, 6.5, -3 ],
			"to": [ 8, 8, -2.5 ],
			"faces": {
				"down": { "uv": [ 15.5, 10.5, 15.75, 10.75 ], "texture": "#voxels_atlas" },
				"up": { "uv": [ 15.75, 10.75, 16, 10.5 ], "texture": "#voxels_atlas" },
				"north": { "uv": [ 9, 12, 8.75, 12.75 ], "texture": "#voxels_atlas" },
				"south": { "uv": [ 9, 12, 9.25, 12.75 ], "texture": "#voxels_atlas" },
				"west": { "uv": [ 9.25, 12, 9.5, 12.75 ], "texture": "#voxels_atlas" },
				"east": { "uv": [ 9.75, 12, 9.5, 12.75 ], "texture": "#voxels_atlas" }
			}
		},
		{
			"__comment": "Voxels",
			"from": [ 7.5, 6.5, 2 ],
			"to": [ 8, 7, 2.5 ],
			"faces": {
				"down": { "uv": [ 5.75, 4.5, 6, 4.75 ], "texture": "#voxels_atlas" },
				"up": { "uv": [ 5.75, 2.5, 6, 2.25 ], "texture": "#voxels_atlas" },
				"north": { "uv": [ 6, 2, 5.75, 2.25 ], "texture": "#voxels_atlas" },
				"south": { "uv": [ 5.75, 1.75, 6, 2 ], "texture": "#voxels_atlas" },
				"west": { "uv": [ 5.75, 1.5, 6, 1.75 ], "texture": "#voxels_atlas" },
				"east": { "uv": [ 6, 0.75, 5.75, 1 ], "texture": "#voxels_atlas" }
			}
		},
		{
			"__comment": "Voxels",
			"from": [ 7.5, 6.5, 15.5 ],
			"to": [ 8, 7.5, 16 ],
			"faces": {
				"down": { "uv": [ 5.75, 0.5, 6, 0.75 ], "texture": "#voxels_atlas" },
				"up": { "uv": [ 5.75, 0.5, 6, 0.25 ], "texture": "#voxels_atlas" },
				"north": { "uv": [ 15.25, 10, 15, 10.5 ], "texture": "#voxels_atlas" },
				"south": { "uv": [ 15.75, 10, 16, 10.5 ], "texture": "#voxels_atlas" },
				"west": { "uv": [ 5.75, 9.5, 6, 10 ], "texture": "#voxels_atlas" },
				"east": { "uv": [ 16, 13.5, 15.75, 14 ], "texture": "#voxels_atlas" }
			}
		},
		{
			"__comment": "Voxels",
			"from": [ 7.5, 7, -3.5 ],
			"to": [ 8, 9, -3 ],
			"faces": {
				"down": { "uv": [ 7.25, 9.75, 7.5, 10 ], "texture": "#voxels_atlas" },
				"up": { "uv": [ 8, 10, 8.25, 9.75 ], "texture": "#voxels_atlas" },
				"north": { "uv": [ 4.5, 8, 4.25, 9 ], "texture": "#voxels_atlas" },
				"south": { "uv": [ 4.25, 7, 4.5, 8 ], "texture": "#voxels_atlas" },
				"west": { "uv": [ 4.25, 6, 4.5, 7 ], "texture": "#voxels_atlas" },
				"east": { "uv": [ 4.5, 5, 4.25, 6 ], "texture": "#voxels_atlas" }
			}
		},
		{
			"__comment": "Voxels",
			"from": [ 7.5, 7, 2.5 ],
			"to": [ 8, 7.5, 3 ],
			"faces": {
				"down": { "uv": [ 9.75, 9.75, 10, 10 ], "texture": "#voxels_atlas" },
				"up": { "uv": [ 10, 10, 10.25, 9.75 ], "texture": "#voxels_atlas" },
				"north": { "uv": [ 10.5, 9.75, 10.25, 10 ], "texture": "#voxels_atlas" },
				"south": { "uv": [ 11, 9.75, 11.25, 10 ], "texture": "#voxels_atlas" },
				"west": { "uv": [ 11.25, 9.75, 11.5, 10 ], "texture": "#voxels_atlas" },
				"east": { "uv": [ 11.75, 9.75, 11.5, 10 ], "texture": "#voxels_atlas" }
			}
		},
		{
			"__comment": "Voxels",
			"from": [ 7.5, 7, 12.5 ],
			"to": [ 8, 7.5, 14 ],
			"faces": {
				"down": { "uv": [ 11.25, 12, 11.5, 12.75 ], "texture": "#voxels_atlas" },
				"up": { "uv": [ 11.5, 12.75, 11.75, 12 ], "texture": "#voxels_atlas" },
				"north": { "uv": [ 13, 9.75, 12.75, 10 ], "texture": "#voxels_atlas" },
				"south": { "uv": [ 13, 9.75, 13.25, 10 ], "texture": "#voxels_atlas" },
				"west": { "uv": [ 10.5, 12.25, 11.25, 12.5 ], "texture": "#voxels_atlas" },
				"east": { "uv": [ 11.25, 12, 10.5, 12.25 ], "texture": "#voxels_atlas" }
			}
		},
		{
			"__comment": "Voxels",
			"from": [ 7.5, 7, 15 ],
			"to": [ 8, 8, 15.5 ],
			"faces": {
				"down": { "uv": [ 14.25, 9.75, 14.5, 10 ], "texture": "#voxels_atlas" },
				"up": { "uv": [ 14.5, 10, 14.75, 9.75 ], "texture": "#voxels_atlas" },
				"north": { "uv": [ 7.75, 10, 7.5, 10.5 ], "texture": "#voxels_atlas" },
				"south": { "uv": [ 7.75, 10, 8, 10.5 ], "texture": "#voxels_atlas" },
				"west": { "uv": [ 8.5, 10, 8.75, 10.5 ], "texture": "#voxels_atlas" },
				"east": { "uv": [ 9, 10, 8.75, 10.5 ], "texture": "#voxels_atlas" }
			}
		},
		{
			"__comment": "Voxels",
			"from": [ 7.5, 7.5, 3 ],
			"to": [ 8, 8, 3.5 ],
			"faces": {
				"down": { "uv": [ 6, 7.75, 6.25, 8 ], "texture": "#voxels_atlas" },
				"up": { "uv": [ 6, 5.75, 6.25, 5.5 ], "texture": "#voxels_atlas" },
				"north": { "uv": [ 6.25, 5.25, 6, 5.5 ], "texture": "#voxels_atlas" },
				"south": { "uv": [ 6, 5, 6.25, 5.25 ], "texture": "#voxels_atlas" },
				"west": { "uv": [ 6, 4.75, 6.25, 5 ], "texture": "#voxels_atlas" },
				"east": { "uv": [ 6.25, 4.5, 6, 4.75 ], "texture": "#voxels_atlas" }
			}
		},
		{
			"__comment": "Voxels",
			"from": [ 7.5, 7.5, 11.5 ],
			"to": [ 8, 8, 12.5 ],
			"faces": {
				"down": { "uv": [ 15.75, 11, 16, 11.5 ], "texture": "#voxels_atlas" },
				"up": { "uv": [ 11, 10.5, 11.25, 10 ], "texture": "#voxels_atlas" },
				"north": { "uv": [ 6.25, 3.75, 6, 4 ], "texture": "#voxels_atlas" },
				"south": { "uv": [ 6, 3.5, 6.25, 3.75 ], "texture": "#voxels_atlas" },
				"west": { "uv": [ 13.5, 14, 14, 14.25 ], "texture": "#voxels_atlas" },
				"east": { "uv": [ 14.5, 14, 14, 14.25 ], "texture": "#voxels_atlas" }
			}
		},
		{
			"__comment": "Voxels",
			"from": [ 7.5, 7.5, 13.5 ],
			"to": [ 8, 8, 15 ],
			"faces": {
				"down": { "uv": [ 11.75, 12, 12, 12.75 ], "texture": "#voxels_atlas" },
				"up": { "uv": [ 12, 12.75, 12.25, 12 ], "texture": "#voxels_atlas" },
				"north": { "uv": [ 6.25, 1.75, 6, 2 ], "texture": "#voxels_atlas" },
				"south": { "uv": [ 6, 1, 6.25, 1.25 ], "texture": "#voxels_atlas" },
				"west": { "uv": [ 12.25, 12.5, 13, 12.75 ], "texture": "#voxels_atlas" },
				"east": { "uv": [ 13, 12.25, 12.25, 12.5 ], "texture": "#voxels_atlas" }
			}
		},
		{
			"__comment": "Voxels",
			"from": [ 7.5, 7.5, 18.5 ],
			"to": [ 8, 9.5, 19 ],
			"faces": {
				"down": { "uv": [ 6, 0.25, 6.25, 0.5 ], "texture": "#voxels_atlas" },
				"up": { "uv": [ 6.5, 9.75, 6.75, 9.5 ], "texture": "#voxels_atlas" },
				"north": { "uv": [ 4.5, 4, 4.25, 5 ], "texture": "#voxels_atlas" },
				"south": { "uv": [ 4.25, 3, 4.5, 4 ], "texture": "#voxels_atlas" },
				"west": { "uv": [ 4.25, 2, 4.5, 3 ], "texture": "#voxels_atlas" },
				"east": { "uv": [ 4.5, 1, 4.25, 2 ], "texture": "#voxels_atlas" }
			}
		},
		{
			"__comment": "Voxels",
			"from": [ 7.5, 8, -4 ],
			"to": [ 8, 11, -3.5 ],
			"faces": {
				"down": { "uv": [ 8.25, 9.5, 8.5, 9.75 ], "texture": "#voxels_atlas" },
				"up": { "uv": [ 8.5, 9.75, 8.75, 9.5 ], "texture": "#voxels_atlas" },
				"north": { "uv": [ 3.75, 9, 3.5, 10.5 ], "texture": "#voxels_atlas" },
				"south": { "uv": [ 3.5, 10.5, 3.75, 12 ], "texture": "#voxels_atlas" },
				"west": { "uv": [ 3.25, 0.25, 3.5, 1.75 ], "texture": "#voxels_atlas" },
				"east": { "uv": [ 3.5, 1.75, 3.25, 3.25 ], "texture": "#voxels_atlas" }
			}
		},
		{
			"__comment": "Voxels",
			"from": [ 7.5, 8, 5.5 ],
			"to": [ 8, 9, 10 ],
			"faces": {
				"down": { "uv": [ 1.75, 3.25, 2, 5.5 ], "texture": "#voxels_atlas" },
				"up": { "uv": [ 2, 5.5, 2.25, 3.25 ], "texture": "#voxels_atlas" },
				"north": { "uv": [ 15.5, 10, 15.25, 10.5 ], "texture": "#voxels_atlas" },
				"south": { "uv": [ 15.5, 10, 15.75, 10.5 ], "texture": "#voxels_atlas" },
				"west": { "uv": [ 10.5, 15, 12.75, 15.5 ], "texture": "#voxels_atlas" },
				"east": { "uv": [ 12.75, 15.5, 10.5, 16 ], "texture": "#voxels_atlas" }
			}
		},
		{
			"__comment": "Voxels",
			"from": [ 7.5, 8.5, 0 ],
			"to": [ 8, 9.5, 0.5 ],
			"faces": {
				"down": { "uv": [ 12.75, 9.5, 13, 9.75 ], "texture": "#voxels_atlas" },
				"up": { "uv": [ 13, 9.75, 13.25, 9.5 ], "texture": "#voxels_atlas" },
				"north": { "uv": [ 6, 9, 5.75, 9.5 ], "texture": "#voxels_atlas" },
				"south": { "uv": [ 5.75, 8.5, 6, 9 ], "texture": "#voxels_atlas" },
				"west": { "uv": [ 5.75, 8, 6, 8.5 ], "texture": "#voxels_atlas" },
				"east": { "uv": [ 6, 7.5, 5.75, 8 ], "texture": "#voxels_atlas" }
			}
		},
		{
			"__comment": "Voxels",
			"from": [ 7.5, 8.5, 0.5 ],
			"to": [ 8, 9, 2 ],
			"faces": {
				"down": { "uv": [ 15.5, 12, 15.75, 12.75 ], "texture": "#voxels_atlas" },
				"up": { "uv": [ 5, 6.25, 5.25, 5.5 ], "texture": "#voxels_atlas" },
				"north": { "uv": [ 16, 9.5, 15.75, 9.75 ], "texture": "#voxels_atlas" },
				"south": { "uv": [ 6.25, 9.25, 6.5, 9.5 ], "texture": "#voxels_atlas" },
				"west": { "uv": [ 14, 11.25, 14.75, 11.5 ], "texture": "#voxels_atlas" },
				"east": { "uv": [ 14.75, 11, 14, 11.25 ], "texture": "#voxels_atlas" }
			}
		},
		{
			"__comment": "Voxels",
			"from": [ 7.5, 8.5, 3 ],
			"to": [ 8, 9, 3.5 ],
			"faces": {
				"down": { "uv": [ 6.25, 8, 6.5, 8.25 ], "texture": "#voxels_atlas" },
				"up": { "uv": [ 6.25, 8, 6.5, 7.75 ], "texture": "#voxels_atlas" },
				"north": { "uv": [ 16, 13.25, 15.75, 13.5 ], "texture": "#voxels_atlas" },
				"south": { "uv": [ 3.25, 0, 3.5, 0.25 ], "texture": "#voxels_atlas" },
				"west": { "uv": [ 3.75, 0, 4, 0.25 ], "texture": "#voxels_atlas" },
				"east": { "uv": [ 5.25, 0, 5, 0.25 ], "texture": "#voxels_atlas" }
			}
		},
		{
			"__comment": "Voxels",
			"from": [ 7.5, 8.5, 12 ],
			"to": [ 8, 9, 12.5 ],
			"faces": {
				"down": { "uv": [ 10, 10.5, 10.25, 10.75 ], "texture": "#voxels_atlas" },
				"up": { "uv": [ 10.25, 10.75, 10.5, 10.5 ], "texture": "#voxels_atlas" },
				"north": { "uv": [ 10.75, 10.5, 10.5, 10.75 ], "texture": "#voxels_atlas" },
				"south": { "uv": [ 10.75, 10.5, 11, 10.75 ], "texture": "#voxels_atlas" },
				"west": { "uv": [ 11, 10.5, 11.25, 10.75 ], "texture": "#voxels_atlas" },
				"east": { "uv": [ 11.5, 10.5, 11.25, 10.75 ], "texture": "#voxels_atlas" }
			}
		},
		{
			"__comment": "Voxels",
			"from": [ 7.5, 8.5, 18 ],
			"to": [ 8, 10.5, 18.5 ],
			"faces": {
				"down": { "uv": [ 11.5, 10.5, 11.75, 10.75 ], "texture": "#voxels_atlas" },
				"up": { "uv": [ 11.75, 10.75, 12, 10.5 ], "texture": "#voxels_atlas" },
				"north": { "uv": [ 4.75, 3, 4.5, 4 ], "texture": "#voxels_atlas" },
				"south": { "uv": [ 4.5, 2, 4.75, 3 ], "texture": "#voxels_atlas" },
				"west": { "uv": [ 4.5, 1, 4.75, 2 ], "texture": "#voxels_atlas" },
				"east": { "uv": [ 4.75, 0, 4.5, 1 ], "texture": "#voxels_atlas" }
			}
		},
		{
			"__comment": "Voxels",
			"from": [ 7.5, 9, -0.5 ],
			"to": [ 8, 10, 0 ],
			"faces": {
				"down": { "uv": [ 13, 10.5, 13.25, 10.75 ], "texture": "#voxels_atlas" },
				"up": { "uv": [ 13.25, 10.75, 13.5, 10.5 ], "texture": "#voxels_atlas" },
				"north": { "uv": [ 6.5, 10, 6.25, 10.5 ], "texture": "#voxels_atlas" },
				"south": { "uv": [ 6.5, 10, 6.75, 10.5 ], "texture": "#voxels_atlas" },
				"west": { "uv": [ 6.75, 10, 7, 10.5 ], "texture": "#voxels_atlas" },
				"east": { "uv": [ 7.25, 10, 7, 10.5 ], "texture": "#voxels_atlas" }
			}
		},
		{
			"__comment": "Voxels",
			"from": [ 7.5, 9, 1.5 ],
			"to": [ 8, 9.5, 3 ],
			"faces": {
				"down": { "uv": [ 15.75, 12, 16, 12.75 ], "texture": "#voxels_atlas" },
				"up": { "uv": [ 4.75, 11, 5, 10.25 ], "texture": "#voxels_atlas" },
				"north": { "uv": [ 15.25, 10.5, 15, 10.75 ], "texture": "#voxels_atlas" },
				"south": { "uv": [ 15.25, 10.5, 15.5, 10.75 ], "texture": "#voxels_atlas" },
				"west": { "uv": [ 5, 10.75, 5.75, 11 ], "texture": "#voxels_atlas" },
				"east": { "uv": [ 6.5, 10.75, 5.75, 11 ], "texture": "#voxels_atlas" }
			}
		},
		{
			"__comment": "Voxels",
			"from": [ 7.5, 9, 12.5 ],
			"to": [ 8, 9.5, 13 ],
			"faces": {
				"down": { "uv": [ 5.75, 7.25, 6, 7.5 ], "texture": "#voxels_atlas" },
				"up": { "uv": [ 5.75, 7.25, 6, 7 ], "texture": "#voxels_atlas" },
				"north": { "uv": [ 6, 6.75, 5.75, 7 ], "texture": "#voxels_atlas" },
				"south": { "uv": [ 5.75, 6.5, 6, 6.75 ], "texture": "#voxels_atlas" },
				"west": { "uv": [ 5.75, 6.25, 6, 6.5 ], "texture": "#voxels_atlas" },
				"east": { "uv": [ 6.25, 7, 6, 7.25 ], "texture": "#voxels_atlas" }
			}
		},
		{
			"__comment": "Voxels",
			"from": [ 7.5, 9.5, -1 ],
			"to": [ 8, 10.5, -0.5 ],
			"faces": {
				"down": { "uv": [ 5.75, 5.75, 6, 6 ], "texture": "#voxels_atlas" },
				"up": { "uv": [ 5.75, 5.75, 6, 5.5 ], "texture": "#voxels_atlas" },
				"north": { "uv": [ 9.25, 10, 9, 10.5 ], "texture": "#voxels_atlas" },
				"south": { "uv": [ 9.25, 10, 9.5, 10.5 ], "texture": "#voxels_atlas" },
				"west": { "uv": [ 10.5, 10, 10.75, 10.5 ], "texture": "#voxels_atlas" },
				"east": { "uv": [ 11, 10, 10.75, 10.5 ], "texture": "#voxels_atlas" }
			}
		},
		{
			"__comment": "Voxels",
			"from": [ 7.5, 9.5, 13 ],
			"to": [ 8, 10, 13.5 ],
			"faces": {
				"down": { "uv": [ 5.75, 4.25, 6, 4.5 ], "texture": "#voxels_atlas" },
				"up": { "uv": [ 5.75, 4.25, 6, 4 ], "texture": "#voxels_atlas" },
				"north": { "uv": [ 6, 3.75, 5.75, 4 ], "texture": "#voxels_atlas" },
				"south": { "uv": [ 5.75, 3.5, 6, 3.75 ], "texture": "#voxels_atlas" },
				"west": { "uv": [ 5.75, 3.25, 6, 3.5 ], "texture": "#voxels_atlas" },
				"east": { "uv": [ 6, 3, 5.75, 3.25 ], "texture": "#voxels_atlas" }
			}
		},
		{
			"__comment": "Voxels",
			"from": [ 7.5, 9.5, 17.5 ],
			"to": [ 8, 11, 18 ],
			"faces": {
				"down": { "uv": [ 5.75, 2.75, 6, 3 ], "texture": "#voxels_atlas" },
				"up": { "uv": [ 5.75, 2.75, 6, 2.5 ], "texture": "#voxels_atlas" },
				"north": { "uv": [ 5, 8.75, 4.75, 9.5 ], "texture": "#voxels_atlas" },
				"south": { "uv": [ 4.75, 8, 5, 8.75 ], "texture": "#voxels_atlas" },
				"west": { "uv": [ 4.75, 7.25, 5, 8 ], "texture": "#voxels_atlas" },
				"east": { "uv": [ 5, 6.5, 4.75, 7.25 ], "texture": "#voxels_atlas" }
			}
		},
		{
			"__comment": "Voxels",
			"from": [ 7.5, 10, -1.5 ],
			"to": [ 8, 12, -1 ],
			"faces": {
				"down": { "uv": [ 5.75, 1.25, 6, 1.5 ], "texture": "#voxels_atlas" },
				"up": { "uv": [ 5.75, 1.25, 6, 1 ], "texture": "#voxels_atlas" },
				"north": { "uv": [ 5, 11, 4.75, 12 ], "texture": "#voxels_atlas" },
				"south": { "uv": [ 5, 11, 5.25, 12 ], "texture": "#voxels_atlas" },
				"west": { "uv": [ 5.25, 11, 5.5, 12 ], "texture": "#voxels_atlas" },
				"east": { "uv": [ 5.75, 11, 5.5, 12 ], "texture": "#voxels_atlas" }
			}
		},
		{
			"__comment": "Voxels",
			"from": [ 7.5, 10, 13.5 ],
			"to": [ 8, 12, 14 ],
			"faces": {
				"down": { "uv": [ 6, 9.75, 6.25, 10 ], "texture": "#voxels_atlas" },
				"up": { "uv": [ 6.25, 10, 6.5, 9.75 ], "texture": "#voxels_atlas" },
				"north": { "uv": [ 6, 11, 5.75, 12 ], "texture": "#voxels_atlas" },
				"south": { "uv": [ 6, 11, 6.25, 12 ], "texture": "#voxels_atlas" },
				"west": { "uv": [ 6.25, 11, 6.5, 12 ], "texture": "#voxels_atlas" },
				"east": { "uv": [ 6.75, 11, 6.5, 12 ], "texture": "#voxels_atlas" }
			}
		},
		{
			"__comment": "Voxels",
			"from": [ 7.5, 10, 17 ],
			"to": [ 8, 11.5, 17.5 ],
			"faces": {
				"down": { "uv": [ 7.5, 9.75, 7.75, 10 ], "texture": "#voxels_atlas" },
				"up": { "uv": [ 7.75, 10, 8, 9.75 ], "texture": "#voxels_atlas" },
				"north": { "uv": [ 5, 4.25, 4.75, 5 ], "texture": "#voxels_atlas" },
				"south": { "uv": [ 4.75, 3.5, 5, 4.25 ], "texture": "#voxels_atlas" },
				"west": { "uv": [ 4.75, 2.75, 5, 3.5 ], "texture": "#voxels_atlas" },
				"east": { "uv": [ 5, 2, 4.75, 2.75 ], "texture": "#voxels_atlas" }
			}
		},
		{
			"__comment": "Voxels",
			"from": [ 7.5, 10.5, -3.5 ],
			"to": [ 8, 12.5, -3 ],
			"faces": {
				"down": { "uv": [ 9, 9.75, 9.25, 10 ], "texture": "#voxels_atlas" },
				"up": { "uv": [ 9.25, 10, 9.5, 9.75 ], "texture": "#voxels_atlas" },
				"north": { "uv": [ 7, 11, 6.75, 12 ], "texture": "#voxels_atlas" },
				"south": { "uv": [ 7, 11, 7.25, 12 ], "texture": "#voxels_atlas" },
				"west": { "uv": [ 7.25, 11, 7.5, 12 ], "texture": "#voxels_atlas" },
				"east": { "uv": [ 7.75, 11, 7.5, 12 ], "texture": "#voxels_atlas" }
			}
		},
		{
			"__comment": "Voxels",
			"from": [ 7.5, 10.5, 16.5 ],
			"to": [ 8, 12, 17 ],
			"faces": {
				"down": { "uv": [ 10.5, 9.75, 10.75, 10 ], "texture": "#voxels_atlas" },
				"up": { "uv": [ 10.75, 10, 11, 9.75 ], "texture": "#voxels_atlas" },
				"north": { "uv": [ 5, 1.25, 4.75, 2 ], "texture": "#voxels_atlas" },
				"south": { "uv": [ 4.75, 0.5, 5, 1.25 ], "texture": "#voxels_atlas" },
				"west": { "uv": [ 5, 10, 5.25, 10.75 ], "texture": "#voxels_atlas" },
				"east": { "uv": [ 5.25, 9.25, 5, 10 ], "texture": "#voxels_atlas" }
			}
		},
		{
			"__comment": "Voxels",
			"from": [ 7.5, 11, -2 ],
			"to": [ 8, 15, -1.5 ],
			"faces": {
				"down": { "uv": [ 12, 9.75, 12.25, 10 ], "texture": "#voxels_atlas" },
				"up": { "uv": [ 12.25, 10, 12.5, 9.75 ], "texture": "#voxels_atlas" },
				"north": { "uv": [ 2.75, 1.25, 2.5, 3.25 ], "texture": "#voxels_atlas" },
				"south": { "uv": [ 2.25, 0.75, 2.5, 2.75 ], "texture": "#voxels_atlas" },
				"west": { "uv": [ 2.25, 6.75, 2.5, 8.75 ], "texture": "#voxels_atlas" },
				"east": { "uv": [ 2.75, 3.25, 2.5, 5.25 ], "texture": "#voxels_atlas" }
			}
		},
		{
			"__comment": "Voxels",
			"from": [ 7.5, 11, 13 ],
			"to": [ 8, 12.5, 13.5 ],
			"faces": {
				"down": { "uv": [ 13.5, 9.75, 13.75, 10 ], "texture": "#voxels_atlas" },
				"up": { "uv": [ 13.75, 10, 14, 9.75 ], "texture": "#voxels_atlas" },
				"north": { "uv": [ 5.25, 8.5, 5, 9.25 ], "texture": "#voxels_atlas" },
				"south": { "uv": [ 5, 7.75, 5.25, 8.5 ], "texture": "#voxels_atlas" },
				"west": { "uv": [ 5, 7, 5.25, 7.75 ], "texture": "#voxels_atlas" },
				"east": { "uv": [ 5.25, 6.25, 5, 7 ], "texture": "#voxels_atlas" }
			}
		},
		{
			"__comment": "Voxels",
			"from": [ 7.5, 11, 14 ],
			"to": [ 8, 11.5, 14.5 ],
			"faces": {
				"down": { "uv": [ 15, 9.75, 15.25, 10 ], "texture": "#voxels_atlas" },
				"up": { "uv": [ 15.25, 10, 15.5, 9.75 ], "texture": "#voxels_atlas" },
				"north": { "uv": [ 15.75, 9.75, 15.5, 10 ], "texture": "#voxels_atlas" },
				"south": { "uv": [ 15.75, 9.75, 16, 10 ], "texture": "#voxels_atlas" },
				"west": { "uv": [ 6, 9.5, 6.25, 9.75 ], "texture": "#voxels_atlas" },
				"east": { "uv": [ 6.25, 9.25, 6, 9.5 ], "texture": "#voxels_atlas" }
			}
		},
		{
			"__comment": "Voxels",
			"from": [ 7.5, 11, 16 ],
			"to": [ 8, 13, 16.5 ],
			"faces": {
				"down": { "uv": [ 6, 9, 6.25, 9.25 ], "texture": "#voxels_atlas" },
				"up": { "uv": [ 6, 9, 6.25, 8.75 ], "texture": "#voxels_atlas" },
				"north": { "uv": [ 4.75, 4, 4.5, 5 ], "texture": "#voxels_atlas" },
				"south": { "uv": [ 8.75, 11, 9, 12 ], "texture": "#voxels_atlas" },
				"west": { "uv": [ 9, 11, 9.25, 12 ], "texture": "#voxels_atlas" },
				"east": { "uv": [ 9.5, 11, 9.25, 12 ], "texture": "#voxels_atlas" }
			}
		},
		{
			"__comment": "Voxels",
			"from": [ 7.5, 11.5, 14.5 ],
			"to": [ 8, 12, 15 ],
			"faces": {
				"down": { "uv": [ 6, 7.5, 6.25, 7.75 ], "texture": "#voxels_atlas" },
				"up": { "uv": [ 6, 7.5, 6.25, 7.25 ], "texture": "#voxels_atlas" },
				"north": { "uv": [ 6.5, 7.5, 6.25, 7.75 ], "texture": "#voxels_atlas" },
				"south": { "uv": [ 6, 6.75, 6.25, 7 ], "texture": "#voxels_atlas" },
				"west": { "uv": [ 6, 6.5, 6.25, 6.75 ], "texture": "#voxels_atlas" },
				"east": { "uv": [ 6.25, 6.25, 6, 6.5 ], "texture": "#voxels_atlas" }
			}
		},
		{
			"__comment": "Voxels",
			"from": [ 7.5, 11.5, 15.5 ],
			"to": [ 8, 14, 16 ],
			"faces": {
				"down": { "uv": [ 6, 6, 6.25, 6.25 ], "texture": "#voxels_atlas" },
				"up": { "uv": [ 6, 6, 6.25, 5.75 ], "texture": "#voxels_atlas" },
				"north": { "uv": [ 4.25, 5.75, 4, 7 ], "texture": "#voxels_atlas" },
				"south": { "uv": [ 4, 4.5, 4.25, 5.75 ], "texture": "#voxels_atlas" },
				"west": { "uv": [ 4, 3.25, 4.25, 4.5 ], "texture": "#voxels_atlas" },
				"east": { "uv": [ 4.25, 2, 4, 3.25 ], "texture": "#voxels_atlas" }
			}
		},
		{
			"__comment": "Voxels",
			"from": [ 7.5, 12, -3 ],
			"to": [ 8, 13.5, -2 ],
			"faces": {
				"down": { "uv": [ 8, 10, 8.25, 10.5 ], "texture": "#voxels_atlas" },
				"up": { "uv": [ 8.25, 10.5, 8.5, 10 ], "texture": "#voxels_atlas" },
				"north": { "uv": [ 5.25, 1, 5, 1.75 ], "texture": "#voxels_atlas" },
				"south": { "uv": [ 5, 0.25, 5.25, 1 ], "texture": "#voxels_atlas" },
				"west": { "uv": [ 11.75, 13.25, 12.25, 14 ], "texture": "#voxels_atlas" },
				"east": { "uv": [ 11.75, 13.25, 11.25, 14 ], "texture": "#voxels_atlas" }
			}
		},
		{
			"__comment": "Voxels",
			"from": [ 7.5, 12, 12.5 ],
			"to": [ 8, 13, 13 ],
			"faces": {
				"down": { "uv": [ 6, 3, 6.25, 3.25 ], "texture": "#voxels_atlas" },
				"up": { "uv": [ 6, 3, 6.25, 2.75 ], "texture": "#voxels_atlas" },
				"north": { "uv": [ 9.75, 10, 9.5, 10.5 ], "texture": "#voxels_atlas" },
				"south": { "uv": [ 9.75, 10, 10, 10.5 ], "texture": "#voxels_atlas" },
				"west": { "uv": [ 10, 10, 10.25, 10.5 ], "texture": "#voxels_atlas" },
				"east": { "uv": [ 10.5, 10, 10.25, 10.5 ], "texture": "#voxels_atlas" }
			}
		},
		{
			"__comment": "Voxels",
			"from": [ 7.5, 12, 15 ],
			"to": [ 8, 14.5, 15.5 ],
			"faces": {
				"down": { "uv": [ 6, 1.5, 6.25, 1.75 ], "texture": "#voxels_atlas" },
				"up": { "uv": [ 6, 1.5, 6.25, 1.25 ], "texture": "#voxels_atlas" },
				"north": { "uv": [ 2.75, 0, 2.5, 1.25 ], "texture": "#voxels_atlas" },
				"south": { "uv": [ 3.75, 7.75, 4, 9 ], "texture": "#voxels_atlas" },
				"west": { "uv": [ 3.75, 6.5, 4, 7.75 ], "texture": "#voxels_atlas" },
				"east": { "uv": [ 4, 5.25, 3.75, 6.5 ], "texture": "#voxels_atlas" }
			}
		},
		{
			"__comment": "Voxels",
			"from": [ 7.5, 12.5, 12 ],
			"to": [ 8, 13.5, 12.5 ],
			"faces": {
				"down": { "uv": [ 6, 0, 6.25, 0.25 ], "texture": "#voxels_atlas" },
				"up": { "uv": [ 6.25, 9.75, 6.5, 9.5 ], "texture": "#voxels_atlas" },
				"north": { "uv": [ 11.5, 10, 11.25, 10.5 ], "texture": "#voxels_atlas" },
				"south": { "uv": [ 11.5, 10, 11.75, 10.5 ], "texture": "#voxels_atlas" },
				"west": { "uv": [ 11.75, 10, 12, 10.5 ], "texture": "#voxels_atlas" },
				"east": { "uv": [ 12.25, 10, 12, 10.5 ], "texture": "#voxels_atlas" }
			}
		},
		{
			"__comment": "Voxels",
			"from": [ 7.5, 13, 14.5 ],
			"to": [ 8, 15, 15 ],
			"faces": {
				"down": { "uv": [ 7.5, 9.5, 7.75, 9.75 ], "texture": "#voxels_atlas" },
				"up": { "uv": [ 7.75, 9.75, 8, 9.5 ], "texture": "#voxels_atlas" },
				"north": { "uv": [ 12.25, 11, 12, 12 ], "texture": "#voxels_atlas" },
				"south": { "uv": [ 12.25, 11, 12.5, 12 ], "texture": "#voxels_atlas" },
				"west": { "uv": [ 12.5, 11, 12.75, 12 ], "texture": "#voxels_atlas" },
				"east": { "uv": [ 13, 11, 12.75, 12 ], "texture": "#voxels_atlas" }
			}
		},
		{
			"__comment": "Voxels",
			"from": [ 7.5, 13.5, -2.5 ],
			"to": [ 8, 14.5, -2 ],
			"faces": {
				"down": { "uv": [ 9, 9.5, 9.25, 9.75 ], "texture": "#voxels_atlas" },
				"up": { "uv": [ 9.25, 9.75, 9.5, 9.5 ], "texture": "#voxels_atlas" },
				"north": { "uv": [ 12.75, 10, 12.5, 10.5 ], "texture": "#voxels_atlas" },
				"south": { "uv": [ 12.75, 10, 13, 10.5 ], "texture": "#voxels_atlas" },
				"west": { "uv": [ 13, 10, 13.25, 10.5 ], "texture": "#voxels_atlas" },
				"east": { "uv": [ 13.5, 10, 13.25, 10.5 ], "texture": "#voxels_atlas" }
			}
		},
		{
			"__comment": "Voxels",
			"from": [ 7.5, 13.5, -1.5 ],
			"to": [ 8, 15.5, -1 ],
			"faces": {
				"down": { "uv": [ 10.5, 9.5, 10.75, 9.75 ], "texture": "#voxels_atlas" },
				"up": { "uv": [ 10.75, 9.75, 11, 9.5 ], "texture": "#voxels_atlas" },
				"north": { "uv": [ 13.25, 11, 13, 12 ], "texture": "#voxels_atlas" },
				"south": { "uv": [ 13.25, 11, 13.5, 12 ], "texture": "#voxels_atlas" },
				"west": { "uv": [ 13.5, 11, 13.75, 12 ], "texture": "#voxels_atlas" },
				"east": { "uv": [ 14, 11, 13.75, 12 ], "texture": "#voxels_atlas" }
			}
		},
		{
			"__comment": "Voxels",
			"from": [ 7.5, 14, 14 ],
			"to": [ 8, 15.5, 14.5 ],
			"faces": {
				"down": { "uv": [ 12, 9.5, 12.25, 9.75 ], "texture": "#voxels_atlas" },
				"up": { "uv": [ 12.25, 9.75, 12.5, 9.5 ], "texture": "#voxels_atlas" },
				"north": { "uv": [ 5.5, 0, 5.25, 0.75 ], "texture": "#voxels_atlas" },
				"south": { "uv": [ 5.5, 9.75, 5.75, 10.5 ], "texture": "#voxels_atlas" },
				"west": { "uv": [ 5.5, 9, 5.75, 9.75 ], "texture": "#voxels_atlas" },
				"east": { "uv": [ 5.75, 8.25, 5.5, 9 ], "texture": "#voxels_atlas" }
			}
		},
		{
			"__comment": "Voxels",
			"from": [ 7.5, 14.5, -1 ],
			"to": [ 8, 16, -0.5 ],
			"faces": {
				"down": { "uv": [ 13.5, 9.5, 13.75, 9.75 ], "texture": "#voxels_atlas" },
				"up": { "uv": [ 13.75, 9.75, 14, 9.5 ], "texture": "#voxels_atlas" },
				"north": { "uv": [ 5.75, 7.5, 5.5, 8.25 ], "texture": "#voxels_atlas" },
				"south": { "uv": [ 5.5, 6.75, 5.75, 7.5 ], "texture": "#voxels_atlas" },
				"west": { "uv": [ 5.5, 6, 5.75, 6.75 ], "texture": "#voxels_atlas" },
				"east": { "uv": [ 5.75, 5.25, 5.5, 6 ], "texture": "#voxels_atlas" }
			}
		},
		{
			"__comment": "Voxels",
			"from": [ 7.5, 14.5, 13.5 ],
			"to": [ 8, 16, 14 ],
			"faces": {
				"down": { "uv": [ 15, 9.5, 15.25, 9.75 ], "texture": "#voxels_atlas" },
				"up": { "uv": [ 15.25, 9.75, 15.5, 9.5 ], "texture": "#voxels_atlas" },
				"north": { "uv": [ 5.75, 4.5, 5.5, 5.25 ], "texture": "#voxels_atlas" },
				"south": { "uv": [ 5.5, 3.75, 5.75, 4.5 ], "texture": "#voxels_atlas" },
				"west": { "uv": [ 5.5, 3, 5.75, 3.75 ], "texture": "#voxels_atlas" },
				"east": { "uv": [ 5.75, 2.25, 5.5, 3 ], "texture": "#voxels_atlas" }
			}
		},
		{
			"__comment": "Voxels",
			"from": [ 7.5, 15, -0.5 ],
			"to": [ 8, 16.5, 0 ],
			"faces": {
				"down": { "uv": [ 6.25, 8.75, 6.5, 9 ], "texture": "#voxels_atlas" },
				"up": { "uv": [ 6.25, 8.75, 6.5, 8.5 ], "texture": "#voxels_atlas" },
				"north": { "uv": [ 5.75, 1.5, 5.5, 2.25 ], "texture": "#voxels_atlas" },
				"south": { "uv": [ 5.5, 0.75, 5.75, 1.5 ], "texture": "#voxels_atlas" },
				"west": { "uv": [ 5.5, 0, 5.75, 0.75 ], "texture": "#voxels_atlas" },
				"east": { "uv": [ 5, 9.5, 4.75, 10.25 ], "texture": "#voxels_atlas" }
			}
		}
	],
	"display": {
		"thirdperson_righthand": {
			"rotation":  [ -97, 0, -11 ],
			"translation":  [ 0.0006, 0.0016, 1.3912 ],
			"scale":  [ 0.6173, 1.0782, 1.0695 ]
		},
		"thirdperson_lefthand": {
			"rotation":  [ -97, 0, -11 ],
			"translation":  [ 0.0006, 0.0016, 1.3912 ],
			"scale":  [ 0.6173, 1.0782, 1.0695 ]
		},
		"firstperson_righthand": {
			"rotation":  [ 14, -13, -17 ],
			"translation":  [ 4.8695, -1.39, 0 ],
			"scale":  [ 0.8, 0.8, 0.8 ]
		},
		"firstperson_lefthand": {
			"rotation":  [ 14, -13, -17 ],
			"translation":  [ 4.8695, -1.39, 0 ],
			"scale":  [ 0.8, 0.8, 0.8 ]
		},
		"gui": {
			"rotation":  [ -88, 30, 88 ],
			"scale":  [ 0.6, 0.6, 0.6 ]
		},
		"ground": {
			"rotation":  [ 69, 13, 5 ],
			"translation":  [ 0, 5.5652, 0 ],
			"scale":  [ 0.8, 0.8, 0.8 ]
		},
		"fixed": {
			"rotation":  [ -1, 87, -1 ],
			"translation":  [ 0, 0, -1 ],
			"scale":  [ 0.7, 0.7, 0.7 ]
		}
	}
}