{
	"__comment": "Designed by Elo106 with Cubik Studio - https://cubik.studio",
	"textures": {
		"particle": "items/dawnbreaker_n",
		"texture": "items/dawnbreaker_n",
		"voxels_atlas": "items/dawnbreaker_n"
	},
	"elements": [ 	 
		{
			"__comment": "Voxels",
			"from": [ 4.5, -1.5, 7.75 ],
			"to": [ 5.5, 0.5, 8 ],
			"faces": {
				"down": { "uv": [ 15.5, 12.6875, 16, 12.75 ], "texture": "#voxels_atlas" },
				"up": { "uv": [ 9.25, 10.4375, 9.75, 10.375 ], "texture": "#voxels_atlas" },
				"north": { "uv": [ 5.5, 9.875, 5, 10.375 ], "texture": "#voxels_atlas" },
				"south": { "uv": [ 7.125, 13.6875, 7.625, 14.1875 ], "texture": "#voxels_atlas" },
				"west": { "uv": [ 4, 9.9375, 4.125, 10.4375 ], "texture": "#voxels_atlas" },
				"east": { "uv": [ 4.25, 9.9375, 4.125, 10.4375 ], "texture": "#voxels_atlas" }
			}
		},
		{
			"__comment": "Voxels",
			"from": [ 4.75, -1.75, 7.5 ],
			"to": [ 5.75, -1.5, 8.25 ],
			"faces": {
				"down": { "uv": [ 7.125, 10.5625, 7.625, 10.75 ], "texture": "#voxels_atlas" },
				"up": { "uv": [ 7.125, 10.5625, 7.625, 10.375 ], "texture": "#voxels_atlas" },
				"north": { "uv": [ 8.125, 9.6875, 7.625, 9.75 ], "texture": "#voxels_atlas" },
				"south": { "uv": [ 15.5, 13.1875, 16, 13.25 ], "texture": "#voxels_atlas" },
				"west": { "uv": [ 10, 12.5625, 10.375, 12.625 ], "texture": "#voxels_atlas" },
				"east": { "uv": [ 10.75, 12.5625, 10.375, 12.625 ], "texture": "#voxels_atlas" }
			}
		},
		{
			"__comment": "Voxels",
			"from": [ 4.75, -1.5, 7.5 ],
			"to": [ 5.5, 0.75, 7.75 ],
			"faces": {
				"down": { "uv": [ 10.75, 12.5625, 11.125, 12.625 ], "texture": "#voxels_atlas" },
				"up": { "uv": [ 11.125, 12.625, 11.5, 12.5625 ], "texture": "#voxels_atlas" },
				"north": { "uv": [ 6.125, 11.875, 5.75, 12.4375 ], "texture": "#voxels_atlas" },
				"south": { "uv": [ 5.75, 12.4375, 6.125, 13 ], "texture": "#voxels_atlas" },
				"west": { "uv": [ 3.75, 9.875, 3.875, 10.4375 ], "texture": "#voxels_atlas" },
				"east": { "uv": [ 4, 10.4375, 3.875, 11 ], "texture": "#voxels_atlas" }
			}
		},
		{
			"__comment": "Voxels",
			"from": [ 4.75, -1.5, 8 ],
			"to": [ 5.5, 0.75, 8.25 ],
			"faces": {
				"down": { "uv": [ 11.5, 12.5625, 11.875, 12.625 ], "texture": "#voxels_atlas" },
				"up": { "uv": [ 11.875, 12.625, 12.25, 12.5625 ], "texture": "#voxels_atlas" },
				"north": { "uv": [ 6.125, 13, 5.75, 13.5625 ], "texture": "#voxels_atlas" },
				"south": { "uv": [ 5.75, 13.5625, 6.125, 14.125 ], "texture": "#voxels_atlas" },
				"west": { "uv": [ 3.75, 10.4375, 3.875, 11 ], "texture": "#voxels_atlas" },
				"east": { "uv": [ 3.75, 9.875, 3.625, 10.4375 ], "texture": "#voxels_atlas" }
			}
		},
		{
			"__comment": "Voxels",
			"from": [ 4.75, 0.5, 7.75 ],
			"to": [ 5.75, 0.75, 8 ],
			"faces": {
				"down": { "uv": [ 9.25, 12.5625, 9.75, 12.625 ], "texture": "#voxels_atlas" },
				"up": { "uv": [ 9.25, 12.5625, 9.75, 12.5 ], "texture": "#voxels_atlas" },
				"north": { "uv": [ 9.75, 12.4375, 9.25, 12.5 ], "texture": "#voxels_atlas" },
				"south": { "uv": [ 9.25, 12.375, 9.75, 12.4375 ], "texture": "#voxels_atlas" },
				"west": { "uv": [ 10.5, 11.4375, 10.625, 11.5 ], "texture": "#voxels_atlas" },
				"east": { "uv": [ 10.625, 11.5, 10.5, 11.5625 ], "texture": "#voxels_atlas" }
			}
		},
		{
			"__comment": "Voxels",
			"from": [ 5, -2, 7.5 ],
			"to": [ 6, -1.75, 8.25 ],
			"faces": {
				"down": { "uv": [ 7.125, 9.8125, 7.625, 10 ], "texture": "#voxels_atlas" },
				"up": { "uv": [ 7.625, 12.75, 8.125, 12.5625 ], "texture": "#voxels_atlas" },
				"north": { "uv": [ 9.75, 12.3125, 9.25, 12.375 ], "texture": "#voxels_atlas" },
				"south": { "uv": [ 9.25, 12.25, 9.75, 12.3125 ], "texture": "#voxels_atlas" },
				"west": { "uv": [ 13, 12.5625, 13.375, 12.625 ], "texture": "#voxels_atlas" },
				"east": { "uv": [ 13.75, 12.5625, 13.375, 12.625 ], "texture": "#voxels_atlas" }
			}
		},
		{
			"__comment": "Voxels",
			"from": [ 5, 0.75, 7.5 ],
			"to": [ 6, 1, 8.25 ],
			"faces": {
				"down": { "uv": [ 7.625, 12.375, 8.125, 12.5625 ], "texture": "#voxels_atlas" },
				"up": { "uv": [ 7.625, 12.375, 8.125, 12.1875 ], "texture": "#voxels_atlas" },
				"north": { "uv": [ 9.75, 12.125, 9.25, 12.1875 ], "texture": "#voxels_atlas" },
				"south": { "uv": [ 9.25, 12.0625, 9.75, 12.125 ], "texture": "#voxels_atlas" },
				"west": { "uv": [ 13.75, 12.5625, 14.125, 12.625 ], "texture": "#voxels_atlas" },
				"east": { "uv": [ 14.5, 12.5625, 14.125, 12.625 ], "texture": "#voxels_atlas" }
			}
		},
		{
			"__comment": "Voxels",
			"from": [ 5.25, -2.25, 7.5 ],
			"to": [ 6.25, -2, 8.25 ],
			"faces": {
				"down": { "uv": [ 7.625, 11.625, 8.125, 11.8125 ], "texture": "#voxels_atlas" },
				"up": { "uv": [ 7.625, 11.625, 8.125, 11.4375 ], "texture": "#voxels_atlas" },
				"north": { "uv": [ 9.75, 11.9375, 9.25, 12 ], "texture": "#voxels_atlas" },
				"south": { "uv": [ 9.25, 11.875, 9.75, 11.9375 ], "texture": "#voxels_atlas" },
				"west": { "uv": [ 14.5, 12.5625, 14.875, 12.625 ], "texture": "#voxels_atlas" },
				"east": { "uv": [ 15.25, 12.5625, 14.875, 12.625 ], "texture": "#voxels_atlas" }
			}
		},
		{
			"__comment": "Voxels",
			"from": [ 5.25, 1, 7.5 ],
			"to": [ 6, 1.5, 8.25 ],
			"faces": {
				"down": { "uv": [ 8.875, 11.75, 9.25, 11.9375 ], "texture": "#voxels_atlas" },
				"up": { "uv": [ 8.875, 12.6875, 9.25, 12.5 ], "texture": "#voxels_atlas" },
				"north": { "uv": [ 9.25, 11.25, 8.875, 11.375 ], "texture": "#voxels_atlas" },
				"south": { "uv": [ 8.875, 11.125, 9.25, 11.25 ], "texture": "#voxels_atlas" },
				"west": { "uv": [ 8.875, 11, 9.25, 11.125 ], "texture": "#voxels_atlas" },
				"east": { "uv": [ 9.25, 10.875, 8.875, 11 ], "texture": "#voxels_atlas" }
			}
		},
		{
			"__comment": "Voxels",
			"from": [ 5.25, 2.25, 7.75 ],
			"to": [ 10.75, 2.5, 8 ],
			"faces": {
				"down": { "uv": [ 12.375, 13.8125, 15.125, 13.875 ], "texture": "#voxels_atlas" },
				"up": { "uv": [ 9.625, 13.75, 12.375, 13.6875 ], "texture": "#voxels_atlas" },
				"north": { "uv": [ 12.375, 13.8125, 9.625, 13.875 ], "texture": "#voxels_atlas" },
				"south": { "uv": [ 9.625, 13.75, 12.375, 13.8125 ], "texture": "#voxels_atlas" },
				"west": { "uv": [ 10.5, 11.8125, 10.625, 11.875 ], "texture": "#voxels_atlas" },
				"east": { "uv": [ 10.625, 12, 10.5, 12.0625 ], "texture": "#voxels_atlas" }
			}
		},
		{
			"__comment": "Voxels",
			"from": [ 5.25, 2.5, 7.75 ],
			"to": [ 5.75, 2.75, 8 ],
			"faces": {
				"down": { "uv": [ 14.75, 12.375, 15, 12.4375 ], "texture": "#voxels_atlas" },
				"up": { "uv": [ 15, 12.4375, 15.25, 12.375 ], "texture": "#voxels_atlas" },
				"north": { "uv": [ 15.5, 12.375, 15.25, 12.4375 ], "texture": "#voxels_atlas" },
				"south": { "uv": [ 15.5, 12.375, 15.75, 12.4375 ], "texture": "#voxels_atlas" },
				"west": { "uv": [ 10.5, 12.1875, 10.625, 12.25 ], "texture": "#voxels_atlas" },
				"east": { "uv": [ 10.625, 12.25, 10.5, 12.3125 ], "texture": "#voxels_atlas" }
			}
		},
		{
			"__comment": "Voxels",
			"from": [ 5.5, -2.5, 7.5 ],
			"to": [ 10.5, -2.25, 8.25 ],
			"faces": {
				"down": { "uv": [ 11.875, 15.5625, 14.375, 15.75 ], "texture": "#voxels_atlas" },
				"up": { "uv": [ 9.375, 15.75, 11.875, 15.5625 ], "texture": "#voxels_atlas" },
				"north": { "uv": [ 12.125, 15.0625, 9.625, 15.125 ], "texture": "#voxels_atlas" },
				"south": { "uv": [ 11.875, 15.5, 14.375, 15.5625 ], "texture": "#voxels_atlas" },
				"west": { "uv": [ 11.5, 12.5, 11.875, 12.5625 ], "texture": "#voxels_atlas" },
				"east": { "uv": [ 12.25, 12.5, 11.875, 12.5625 ], "texture": "#voxels_atlas" }
			}
		},
		{
			"__comment": "Voxels",
			"from": [ 5.5, 0.5, 7.5 ],
			"to": [ 5.75, 0.75, 7.75 ],
			"faces": {
				"down": { "uv": [ 15.875, 12.3125, 16, 12.375 ], "texture": "#voxels_atlas" },
				"up": { "uv": [ 15.625, 12.375, 15.75, 12.3125 ], "texture": "#voxels_atlas" },
				"north": { "uv": [ 15.625, 12.3125, 15.5, 12.375 ], "texture": "#voxels_atlas" },
				"south": { "uv": [ 15.375, 12.3125, 15.5, 12.375 ], "texture": "#voxels_atlas" },
				"west": { "uv": [ 15.25, 12.3125, 15.375, 12.375 ], "texture": "#voxels_atlas" },
				"east": { "uv": [ 14.75, 12.3125, 14.625, 12.375 ], "texture": "#voxels_atlas" }
			}
		},
		{
			"__comment": "Voxels",
			"from": [ 5.5, 0.5, 8 ],
			"to": [ 5.75, 0.75, 8.25 ],
			"faces": {
				"down": { "uv": [ 14.5, 12.3125, 14.625, 12.375 ], "texture": "#voxels_atlas" },
				"up": { "uv": [ 10.375, 9.8125, 10.5, 9.75 ], "texture": "#voxels_atlas" },
				"north": { "uv": [ 10.5, 9.8125, 10.375, 9.875 ], "texture": "#voxels_atlas" },
				"south": { "uv": [ 10.375, 9.875, 10.5, 9.9375 ], "texture": "#voxels_atlas" },
				"west": { "uv": [ 10.375, 10.125, 10.5, 10.1875 ], "texture": "#voxels_atlas" },
				"east": { "uv": [ 9.25, 10.4375, 9.125, 10.5 ], "texture": "#voxels_atlas" }
			}
		},
		{
			"__comment": "Voxels",
			"from": [ 5.5, 1.5, 7.75 ],
			"to": [ 10.5, 2.25, 8 ],
			"faces": {
				"down": { "uv": [ 7.625, 13.625, 10.125, 13.6875 ], "texture": "#voxels_atlas" },
				"up": { "uv": [ 9.375, 15.5625, 11.875, 15.5 ], "texture": "#voxels_atlas" },
				"north": { "uv": [ 12.125, 15.3125, 9.625, 15.5 ], "texture": "#voxels_atlas" },
				"south": { "uv": [ 9.625, 15.125, 12.125, 15.3125 ], "texture": "#voxels_atlas" },
				"west": { "uv": [ 6.625, 9.6875, 6.75, 9.875 ], "texture": "#voxels_atlas" },
				"east": { "uv": [ 6.875, 10.8125, 6.75, 11 ], "texture": "#voxels_atlas" }
			}
		},
		{
			"__comment": "Voxels",
			"from": [ 5.75, -2.75, 7.5 ],
			"to": [ 10.25, -2.5, 8.25 ],
			"faces": {
				"down": { "uv": [ 8.125, 14.6875, 10.375, 14.875 ], "texture": "#voxels_atlas" },
				"up": { "uv": [ 8.125, 15.0625, 10.375, 14.875 ], "texture": "#voxels_atlas" },
				"north": { "uv": [ 14.625, 13.5625, 12.375, 13.625 ], "texture": "#voxels_atlas" },
				"south": { "uv": [ 10.125, 13.5625, 12.375, 13.625 ], "texture": "#voxels_atlas" },
				"west": { "uv": [ 14.125, 12.5, 14.5, 12.5625 ], "texture": "#voxels_atlas" },
				"east": { "uv": [ 14.875, 12.5, 14.5, 12.5625 ], "texture": "#voxels_atlas" }
			}
		},
		{
			"__comment": "Voxels",
			"from": [ 5.75, 1.5, 7.5 ],
			"to": [ 10.25, 2.5, 7.75 ],
			"faces": {
				"down": { "uv": [ 12.375, 13.625, 14.625, 13.6875 ], "texture": "#voxels_atlas" },
				"up": { "uv": [ 10.125, 13.6875, 12.375, 13.625 ], "texture": "#voxels_atlas" },
				"north": { "uv": [ 9.375, 15.5, 7.125, 15.75 ], "texture": "#voxels_atlas" },
				"south": { "uv": [ 11.625, 15.75, 13.875, 16 ], "texture": "#voxels_atlas" },
				"west": { "uv": [ 6.375, 9.75, 6.5, 10 ], "texture": "#voxels_atlas" },
				"east": { "uv": [ 6.625, 10.75, 6.5, 11 ], "texture": "#voxels_atlas" }
			}
		},
		{
			"__comment": "Voxels",
			"from": [ 5.75, 1.5, 8 ],
			"to": [ 10.25, 2.5, 8.25 ],
			"faces": {
				"down": { "uv": [ 8.125, 14.625, 10.375, 14.6875 ], "texture": "#voxels_atlas" },
				"up": { "uv": [ 10.125, 13.5625, 12.375, 13.5 ], "texture": "#voxels_atlas" },
				"north": { "uv": [ 11.625, 15.75, 9.375, 16 ], "texture": "#voxels_atlas" },
				"south": { "uv": [ 7.125, 15.75, 9.375, 16 ], "texture": "#voxels_atlas" },
				"west": { "uv": [ 6.5, 10.5, 6.625, 10.75 ], "texture": "#voxels_atlas" },
				"east": { "uv": [ 6.625, 10.25, 6.5, 10.5 ], "texture": "#voxels_atlas" }
			}
		},
		{
			"__comment": "Voxels",
			"from": [ 6, -3, 7.5 ],
			"to": [ 10, -2.75, 8.25 ],
			"faces": {
				"down": { "uv": [ 10.375, 14.875, 12.375, 15.0625 ], "texture": "#voxels_atlas" },
				"up": { "uv": [ 13.875, 16, 15.875, 15.8125 ], "texture": "#voxels_atlas" },
				"north": { "uv": [ 14.375, 13.5, 12.375, 13.5625 ], "texture": "#voxels_atlas" },
				"south": { "uv": [ 13.875, 15.75, 15.875, 15.8125 ], "texture": "#voxels_atlas" },
				"west": { "uv": [ 14.875, 12.5, 15.25, 12.5625 ], "texture": "#voxels_atlas" },
				"east": { "uv": [ 15.625, 12.5, 15.25, 12.5625 ], "texture": "#voxels_atlas" }
			}
		},
		{
			"__comment": "Voxels",
			"from": [ 6, -0.75, 7.5 ],
			"to": [ 6.5, 0, 8.25 ],
			"faces": {
				"down": { "uv": [ 8.125, 11.25, 8.375, 11.4375 ], "texture": "#voxels_atlas" },
				"up": { "uv": [ 8.125, 11.25, 8.375, 11.0625 ], "texture": "#voxels_atlas" },
				"north": { "uv": [ 8.375, 12, 8.125, 12.1875 ], "texture": "#voxels_atlas" },
				"south": { "uv": [ 8.125, 10.875, 8.375, 11.0625 ], "texture": "#voxels_atlas" },
				"west": { "uv": [ 8.875, 12.6875, 9.25, 12.875 ], "texture": "#voxels_atlas" },
				"east": { "uv": [ 8.75, 10.4375, 8.375, 10.625 ], "texture": "#voxels_atlas" }
			}
		},
		{
			"__comment": "Voxels",
			"from": [ 6, 1.25, 7.5 ],
			"to": [ 6.75, 1.5, 8.25 ],
			"faces": {
				"down": { "uv": [ 8.375, 10.8125, 8.75, 11 ], "texture": "#voxels_atlas" },
				"up": { "uv": [ 8.375, 10.8125, 8.75, 10.625 ], "texture": "#voxels_atlas" },
				"north": { "uv": [ 16, 12.5, 15.625, 12.5625 ], "texture": "#voxels_atlas" },
				"south": { "uv": [ 10, 12.4375, 10.375, 12.5 ], "texture": "#voxels_atlas" },
				"west": { "uv": [ 10, 12.375, 10.375, 12.4375 ], "texture": "#voxels_atlas" },
				"east": { "uv": [ 10.375, 12.3125, 10, 12.375 ], "texture": "#voxels_atlas" }
			}
		},
		{
			"__comment": "Voxels",
			"from": [ 6.25, -1.25, 7.5 ],
			"to": [ 7, -1, 8.25 ],
			"faces": {
				"down": { "uv": [ 5.75, 9.6875, 6.125, 9.875 ], "texture": "#voxels_atlas" },
				"up": { "uv": [ 8.875, 12.125, 9.25, 11.9375 ], "texture": "#voxels_atlas" },
				"north": { "uv": [ 10.375, 12.25, 10, 12.3125 ], "texture": "#voxels_atlas" },
				"south": { "uv": [ 10, 12.1875, 10.375, 12.25 ], "texture": "#voxels_atlas" },
				"west": { "uv": [ 10, 12.125, 10.375, 12.1875 ], "texture": "#voxels_atlas" },
				"east": { "uv": [ 10.375, 12.0625, 10, 12.125 ], "texture": "#voxels_atlas" }
			}
		},
		{
			"__comment": "Voxels",
			"from": [ 6.25, -1, 7.5 ],
			"to": [ 6.75, -0.75, 8.25 ],
			"faces": {
				"down": { "uv": [ 8.125, 10.125, 8.375, 10.3125 ], "texture": "#voxels_atlas" },
				"up": { "uv": [ 8.125, 10.125, 8.375, 9.9375 ], "texture": "#voxels_atlas" },
				"north": { "uv": [ 10.75, 12.3125, 10.5, 12.375 ], "texture": "#voxels_atlas" },
				"south": { "uv": [ 10.75, 12.3125, 11, 12.375 ], "texture": "#voxels_atlas" },
				"west": { "uv": [ 10, 12, 10.375, 12.0625 ], "texture": "#voxels_atlas" },
				"east": { "uv": [ 10.375, 11.9375, 10, 12 ], "texture": "#voxels_atlas" }
			}
		},
		{
			"__comment": "Voxels",
			"from": [ 6.25, 0, 7.5 ],
			"to": [ 6.75, 0.75, 8.25 ],
			"faces": {
				"down": { "uv": [ 8.125, 9.75, 8.375, 9.9375 ], "texture": "#voxels_atlas" },
				"up": { "uv": [ 8.875, 10.625, 9.125, 10.4375 ], "texture": "#voxels_atlas" },
				"north": { "uv": [ 9.125, 10.25, 8.875, 10.4375 ], "texture": "#voxels_atlas" },
				"south": { "uv": [ 8.875, 10.0625, 9.125, 10.25 ], "texture": "#voxels_atlas" },
				"west": { "uv": [ 8.375, 9.6875, 8.75, 9.875 ], "texture": "#voxels_atlas" },
				"east": { "uv": [ 8.75, 10.0625, 8.375, 10.25 ], "texture": "#voxels_atlas" }
			}
		},
		{
			"__comment": "Voxels",
			"from": [ 6.5, -3.25, 7.5 ],
			"to": [ 9.5, -3, 8.25 ],
			"faces": {
				"down": { "uv": [ 9.375, 14.25, 10.875, 14.4375 ], "texture": "#voxels_atlas" },
				"up": { "uv": [ 12.375, 14.875, 13.875, 14.6875 ], "texture": "#voxels_atlas" },
				"north": { "uv": [ 13.875, 14.625, 12.375, 14.6875 ], "texture": "#voxels_atlas" },
				"south": { "uv": [ 7.875, 14.1875, 9.375, 14.25 ], "texture": "#voxels_atlas" },
				"west": { "uv": [ 10, 11.875, 10.375, 11.9375 ], "texture": "#voxels_atlas" },
				"east": { "uv": [ 10.375, 11.8125, 10, 11.875 ], "texture": "#voxels_atlas" }
			}
		},
		{
			"__comment": "Voxels",
			"from": [ 6.5, -1.5, 7.5 ],
			"to": [ 7.25, -1.25, 8.25 ],
			"faces": {
				"down": { "uv": [ 8.375, 11, 8.75, 11.1875 ], "texture": "#voxels_atlas" },
				"up": { "uv": [ 8.375, 10.4375, 8.75, 10.25 ], "texture": "#voxels_atlas" },
				"north": { "uv": [ 10.375, 11.75, 10, 11.8125 ], "texture": "#voxels_atlas" },
				"south": { "uv": [ 10, 11.6875, 10.375, 11.75 ], "texture": "#voxels_atlas" },
				"west": { "uv": [ 10, 11.625, 10.375, 11.6875 ], "texture": "#voxels_atlas" },
				"east": { "uv": [ 10.375, 11.5625, 10, 11.625 ], "texture": "#voxels_atlas" }
			}
		},
		{
			"__comment": "Voxels",
			"from": [ 6.5, -0.75, 7.75 ],
			"to": [ 10, 0, 8 ],
			"faces": {
				"down": { "uv": [ 10.375, 14.625, 12.125, 14.6875 ], "texture": "#voxels_atlas" },
				"up": { "uv": [ 10.25, 13.5, 12, 13.4375 ], "texture": "#voxels_atlas" },
				"north": { "uv": [ 12.125, 14.6875, 10.375, 14.875 ], "texture": "#voxels_atlas" },
				"south": { "uv": [ 12.375, 14.875, 14.125, 15.0625 ], "texture": "#voxels_atlas" },
				"west": { "uv": [ 6.75, 10.25, 6.875, 10.4375 ], "texture": "#voxels_atlas" },
				"east": { "uv": [ 6.875, 10.0625, 6.75, 10.25 ], "texture": "#voxels_atlas" }
			}
		},
		{
			"__comment": "Voxels",
			"from": [ 6.5, 2, 6.75 ],
			"to": [ 9.5, 2.25, 7.5 ],
			"faces": {
				"down": { "uv": [ 7.875, 14.4375, 9.375, 14.625 ], "texture": "#voxels_atlas" },
				"up": { "uv": [ 9.375, 14.625, 10.875, 14.4375 ], "texture": "#voxels_atlas" },
				"north": { "uv": [ 10.125, 13.875, 8.625, 13.9375 ], "texture": "#voxels_atlas" },
				"south": { "uv": [ 10.25, 13.375, 11.75, 13.4375 ], "texture": "#voxels_atlas" },
				"west": { "uv": [ 10, 11.5, 10.375, 11.5625 ], "texture": "#voxels_atlas" },
				"east": { "uv": [ 10.375, 11.4375, 10, 11.5 ], "texture": "#voxels_atlas" }
			}
		},
		{
			"__comment": "Voxels",
			"from": [ 6.5, 2, 8.25 ],
			"to": [ 9.5, 2.5, 8.75 ],
			"faces": {
				"down": { "uv": [ 9.125, 14.0625, 10.625, 14.1875 ], "texture": "#voxels_atlas" },
				"up": { "uv": [ 10.625, 14.1875, 12.125, 14.0625 ], "texture": "#voxels_atlas" },
				"north": { "uv": [ 13.625, 14.0625, 12.125, 14.1875 ], "texture": "#voxels_atlas" },
				"south": { "uv": [ 7.625, 14.0625, 9.125, 14.1875 ], "texture": "#voxels_atlas" },
				"west": { "uv": [ 9.75, 12.5, 10, 12.625 ], "texture": "#voxels_atlas" },
				"east": { "uv": [ 10, 12.375, 9.75, 12.5 ], "texture": "#voxels_atlas" }
			}
		},
		{
			"__comment": "Voxels",
			"from": [ 6.5, 2, 8.75 ],
			"to": [ 9.5, 2.25, 9 ],
			"faces": {
				"down": { "uv": [ 12, 13.4375, 13.5, 13.5 ], "texture": "#voxels_atlas" },
				"up": { "uv": [ 12, 13.4375, 13.5, 13.375 ], "texture": "#voxels_atlas" },
				"north": { "uv": [ 10.875, 14.1875, 9.375, 14.25 ], "texture": "#voxels_atlas" },
				"south": { "uv": [ 13.5, 13.4375, 15, 13.5 ], "texture": "#voxels_atlas" },
				"west": { "uv": [ 15.875, 15.75, 16, 15.8125 ], "texture": "#voxels_atlas" },
				"east": { "uv": [ 10.75, 11.9375, 10.625, 12 ], "texture": "#voxels_atlas" }
			}
		},
		{
			"__comment": "Voxels",
			"from": [ 6.5, 2.25, 7 ],
			"to": [ 9.5, 2.5, 7.5 ],
			"faces": {
				"down": { "uv": [ 13.625, 14.0625, 15.125, 14.1875 ], "texture": "#voxels_atlas" },
				"up": { "uv": [ 8.625, 14.0625, 10.125, 13.9375 ], "texture": "#voxels_atlas" },
				"north": { "uv": [ 15, 13.375, 13.5, 13.4375 ], "texture": "#voxels_atlas" },
				"south": { "uv": [ 8.875, 13.3125, 10.375, 13.375 ], "texture": "#voxels_atlas" },
				"west": { "uv": [ 11, 12.3125, 11.25, 12.375 ], "texture": "#voxels_atlas" },
				"east": { "uv": [ 11.5, 12.3125, 11.25, 12.375 ], "texture": "#voxels_atlas" }
			}
		},
		{
			"__comment": "Voxels",
			"from": [ 6.5, 2.5, 7.75 ],
			"to": [ 9.5, 27.75, 8 ],
			"faces": {
				"down": { "uv": [ 10.375, 13.3125, 11.875, 13.375 ], "texture": "#voxels_atlas" },
				"up": { "uv": [ 11.875, 13.375, 13.375, 13.3125 ], "texture": "#voxels_atlas" },
				"north": { "uv": [ 1.5, 9.6875, 0, 16 ], "texture": "#voxels_atlas" },
				"south": { "uv": [ 1.5, 9.6875, 3, 16 ], "texture": "#voxels_atlas" },
				"west": { "uv": [ 5.5, 9.6875, 5.625, 16 ], "texture": "#voxels_atlas" },
				"east": { "uv": [ 5.75, 9.6875, 5.625, 16 ], "texture": "#voxels_atlas" }
			}
		},
		{
			"__comment": "Voxels",
			"from": [ 6.75, -3.5, 7.5 ],
			"to": [ 9.25, -3.25, 8.25 ],
			"faces": {
				"down": { "uv": [ 13.625, 14.25, 14.875, 14.4375 ], "texture": "#voxels_atlas" },
				"up": { "uv": [ 13.625, 14.625, 14.875, 14.4375 ], "texture": "#voxels_atlas" },
				"north": { "uv": [ 12.625, 13.125, 11.375, 13.1875 ], "texture": "#voxels_atlas" },
				"south": { "uv": [ 10.125, 13.125, 11.375, 13.1875 ], "texture": "#voxels_atlas" },
				"west": { "uv": [ 10, 11.3125, 10.375, 11.375 ], "texture": "#voxels_atlas" },
				"east": { "uv": [ 10.375, 11.25, 10, 11.3125 ], "texture": "#voxels_atlas" }
			}
		},
		{
			"__comment": "Voxels",
			"from": [ 6.75, -2, 7.5 ],
			"to": [ 7.25, -1.5, 8.25 ],
			"faces": {
				"down": { "uv": [ 3.25, 9.8125, 3.5, 10 ], "texture": "#voxels_atlas" },
				"up": { "uv": [ 3.5, 9.875, 3.75, 9.6875 ], "texture": "#voxels_atlas" },
				"north": { "uv": [ 3.5, 9.6875, 3.25, 9.8125 ], "texture": "#voxels_atlas" },
				"south": { "uv": [ 4.25, 9.6875, 4.5, 9.8125 ], "texture": "#voxels_atlas" },
				"west": { "uv": [ 15.625, 13.5, 16, 13.625 ], "texture": "#voxels_atlas" },
				"east": { "uv": [ 9.25, 11.625, 8.875, 11.75 ], "texture": "#voxels_atlas" }
			}
		},
		{
			"__comment": "Voxels",
			"from": [ 6.75, -1, 7.75 ],
			"to": [ 9.75, -0.75, 8 ],
			"faces": {
				"down": { "uv": [ 13.375, 13.3125, 14.875, 13.375 ], "texture": "#voxels_atlas" },
				"up": { "uv": [ 8.875, 13.3125, 10.375, 13.25 ], "texture": "#voxels_atlas" },
				"north": { "uv": [ 11.875, 13.25, 10.375, 13.3125 ], "texture": "#voxels_atlas" },
				"south": { "uv": [ 11.875, 13.25, 13.375, 13.3125 ], "texture": "#voxels_atlas" },
				"west": { "uv": [ 10.625, 12, 10.75, 12.0625 ], "texture": "#voxels_atlas" },
				"east": { "uv": [ 10.625, 10.1875, 10.5, 10.25 ], "texture": "#voxels_atlas" }
			}
		},
		{
			"__comment": "Voxels",
			"from": [ 6.75, 0, 7.75 ],
			"to": [ 9.75, 0.75, 8 ],
			"faces": {
				"down": { "uv": [ 13.375, 13.25, 14.875, 13.3125 ], "texture": "#voxels_atlas" },
				"up": { "uv": [ 14.375, 15.5625, 15.875, 15.5 ], "texture": "#voxels_atlas" },
				"north": { "uv": [ 9.375, 14.25, 7.875, 14.4375 ], "texture": "#voxels_atlas" },
				"south": { "uv": [ 14.375, 15.5625, 15.875, 15.75 ], "texture": "#voxels_atlas" },
				"west": { "uv": [ 6.875, 10.4375, 7, 10.625 ], "texture": "#voxels_atlas" },
				"east": { "uv": [ 7, 10.25, 6.875, 10.4375 ], "texture": "#voxels_atlas" }
			}
		},
		{
			"__comment": "Voxels",
			"from": [ 6.75, 0.25, 7.5 ],
			"to": [ 7, 1, 7.75 ],
			"faces": {
				"down": { "uv": [ 10.5, 10.25, 10.625, 10.3125 ], "texture": "#voxels_atlas" },
				"up": { "uv": [ 10.5, 10.375, 10.625, 10.3125 ], "texture": "#voxels_atlas" },
				"north": { "uv": [ 7, 10.0625, 6.875, 10.25 ], "texture": "#voxels_atlas" },
				"south": { "uv": [ 6.875, 9.875, 7, 10.0625 ], "texture": "#voxels_atlas" },
				"west": { "uv": [ 6.875, 9.6875, 7, 9.875 ], "texture": "#voxels_atlas" },
				"east": { "uv": [ 7.125, 10.8125, 7, 11 ], "texture": "#voxels_atlas" }
			}
		},
		{
			"__comment": "Voxels",
			"from": [ 6.75, 0.25, 8 ],
			"to": [ 7, 1, 8.25 ],
			"faces": {
				"down": { "uv": [ 10.5, 10.375, 10.625, 10.4375 ], "texture": "#voxels_atlas" },
				"up": { "uv": [ 10.5, 10.625, 10.625, 10.5625 ], "texture": "#voxels_atlas" },
				"north": { "uv": [ 7.125, 10.625, 7, 10.8125 ], "texture": "#voxels_atlas" },
				"south": { "uv": [ 7, 10.4375, 7.125, 10.625 ], "texture": "#voxels_atlas" },
				"west": { "uv": [ 7, 10.25, 7.125, 10.4375 ], "texture": "#voxels_atlas" },
				"east": { "uv": [ 7.125, 10.0625, 7, 10.25 ], "texture": "#voxels_atlas" }
			}
		},
		{
			"__comment": "Voxels",
			"from": [ 6.75, 0.75, 7.75 ],
			"to": [ 9.25, 1, 8 ],
			"faces": {
				"down": { "uv": [ 13.625, 14.1875, 14.875, 14.25 ], "texture": "#voxels_atlas" },
				"up": { "uv": [ 13, 13.25, 14.25, 13.1875 ], "texture": "#voxels_atlas" },
				"north": { "uv": [ 15.5, 13.1875, 14.25, 13.25 ], "texture": "#voxels_atlas" },
				"south": { "uv": [ 12.625, 13.0625, 13.875, 13.125 ], "texture": "#voxels_atlas" },
				"west": { "uv": [ 10.5, 10.625, 10.625, 10.6875 ], "texture": "#voxels_atlas" },
				"east": { "uv": [ 10.625, 10.6875, 10.5, 10.75 ], "texture": "#voxels_atlas" }
			}
		},
		{
			"__comment": "Voxels",
			"from": [ 6.75, 2.5, 7.25 ],
			"to": [ 9.25, 2.75, 7.75 ],
			"faces": {
				"down": { "uv": [ 12.375, 13.6875, 13.625, 13.8125 ], "texture": "#voxels_atlas" },
				"up": { "uv": [ 13.625, 13.8125, 14.875, 13.6875 ], "texture": "#voxels_atlas" },
				"north": { "uv": [ 12.625, 13.0625, 11.375, 13.125 ], "texture": "#voxels_atlas" },
				"south": { "uv": [ 13.875, 13.125, 15.125, 13.1875 ], "texture": "#voxels_atlas" },
				"west": { "uv": [ 11.75, 12.3125, 12, 12.375 ], "texture": "#voxels_atlas" },
				"east": { "uv": [ 12.25, 12.3125, 12, 12.375 ], "texture": "#voxels_atlas" }
			}
		},
		{
			"__comment": "Voxels",
			"from": [ 6.75, 2.5, 8 ],
			"to": [ 9.25, 2.75, 8.5 ],
			"faces": {
				"down": { "uv": [ 7.625, 13.5, 8.875, 13.625 ], "texture": "#voxels_atlas" },
				"up": { "uv": [ 8.875, 13.625, 10.125, 13.5 ], "texture": "#voxels_atlas" },
				"north": { "uv": [ 11.375, 13.0625, 10.125, 13.125 ], "texture": "#voxels_atlas" },
				"south": { "uv": [ 8.875, 13.125, 10.125, 13.1875 ], "texture": "#voxels_atlas" },
				"west": { "uv": [ 13.25, 12.3125, 13.5, 12.375 ], "texture": "#voxels_atlas" },
				"east": { "uv": [ 4.25, 9.6875, 4, 9.75 ], "texture": "#voxels_atlas" }
			}
		},
		{
			"__comment": "Voxels",
			"from": [ 6.75, 27.75, 7.75 ],
			"to": [ 9.25, 29.5, 8 ],
			"faces": {
				"down": { "uv": [ 8.875, 13.0625, 10.125, 13.125 ], "texture": "#voxels_atlas" },
				"up": { "uv": [ 12.625, 13.1875, 13.875, 13.125 ], "texture": "#voxels_atlas" },
				"north": { "uv": [ 8.375, 15.0625, 7.125, 15.5 ], "texture": "#voxels_atlas" },
				"south": { "uv": [ 8.375, 15.0625, 9.625, 15.5 ], "texture": "#voxels_atlas" },
				"west": { "uv": [ 4.5, 10.125, 4.625, 10.5625 ], "texture": "#voxels_atlas" },
				"east": { "uv": [ 4.875, 9.6875, 4.75, 10.125 ], "texture": "#voxels_atlas" }
			}
		},
		{
			"__comment": "Voxels",
			"from": [ 7, -14.25, 7 ],
			"to": [ 9, -13.75, 8.75 ],
			"faces": {
				"down": { "uv": [ 14.125, 15.0625, 15.125, 15.5 ], "texture": "#voxels_atlas" },
				"up": { "uv": [ 7.125, 15.0625, 8.125, 14.625 ], "texture": "#voxels_atlas" },
				"north": { "uv": [ 15.625, 13.5, 14.625, 13.625 ], "texture": "#voxels_atlas" },
				"south": { "uv": [ 8.375, 13.375, 9.375, 13.5 ], "texture": "#voxels_atlas" },
				"west": { "uv": [ 9.375, 13.375, 10.25, 13.5 ], "texture": "#voxels_atlas" },
				"east": { "uv": [ 16, 14.0625, 15.125, 14.1875 ], "texture": "#voxels_atlas" }
			}
		},
		{
			"__comment": "Voxels",
			"from": [ 7, -13.75, 7.5 ],
			"to": [ 9, -12, 8.25 ],
			"faces": {
				"down": { "uv": [ 10.125, 13.875, 11.125, 14.0625 ], "texture": "#voxels_atlas" },
				"up": { "uv": [ 11.125, 14.0625, 12.125, 13.875 ], "texture": "#voxels_atlas" },
				"north": { "uv": [ 14.125, 15.0625, 13.125, 15.5 ], "texture": "#voxels_atlas" },
				"south": { "uv": [ 12.125, 15.0625, 13.125, 15.5 ], "texture": "#voxels_atlas" },
				"west": { "uv": [ 15.625, 14.625, 16, 15.0625 ], "texture": "#voxels_atlas" },
				"east": { "uv": [ 16, 14.1875, 15.625, 14.625 ], "texture": "#voxels_atlas" }
			}
		},
		{
			"__comment": "Voxels",
			"from": [ 7, -4.5, 7.5 ],
			"to": [ 9, -3.5, 8.25 ],
			"faces": {
				"down": { "uv": [ 12.125, 13.875, 13.125, 14.0625 ], "texture": "#voxels_atlas" },
				"up": { "uv": [ 13.125, 14.0625, 14.125, 13.875 ], "texture": "#voxels_atlas" },
				"north": { "uv": [ 11.875, 14.375, 10.875, 14.625 ], "texture": "#voxels_atlas" },
				"south": { "uv": [ 11.875, 14.375, 12.875, 14.625 ], "texture": "#voxels_atlas" },
				"west": { "uv": [ 8.375, 11.5625, 8.75, 11.8125 ], "texture": "#voxels_atlas" },
				"east": { "uv": [ 8.75, 11.8125, 8.375, 12.0625 ], "texture": "#voxels_atlas" }
			}
		},
		{
			"__comment": "Voxels",
			"from": [ 7, -4.25, 7.25 ],
			"to": [ 9, -3.5, 7.5 ],
			"faces": {
				"down": { "uv": [ 13.25, 13, 14.25, 13.0625 ], "texture": "#voxels_atlas" },
				"up": { "uv": [ 14.25, 13.0625, 15.25, 13 ], "texture": "#voxels_atlas" },
				"north": { "uv": [ 15.125, 13.875, 14.125, 14.0625 ], "texture": "#voxels_atlas" },
				"south": { "uv": [ 7.625, 13.6875, 8.625, 13.875 ], "texture": "#voxels_atlas" },
				"west": { "uv": [ 7, 9.6875, 7.125, 9.875 ], "texture": "#voxels_atlas" },
				"east": { "uv": [ 16, 15.8125, 15.875, 16 ], "texture": "#voxels_atlas" }
			}
		},
		{
			"__comment": "Voxels",
			"from": [ 7, -4.25, 8.25 ],
			"to": [ 9, -3.5, 8.5 ],
			"faces": {
				"down": { "uv": [ 9.75, 12.9375, 10.75, 13 ], "texture": "#voxels_atlas" },
				"up": { "uv": [ 9.75, 12.9375, 10.75, 12.875 ], "texture": "#voxels_atlas" },
				"north": { "uv": [ 9.625, 13.6875, 8.625, 13.875 ], "texture": "#voxels_atlas" },
				"south": { "uv": [ 10.875, 14.1875, 11.875, 14.375 ], "texture": "#voxels_atlas" },
				"west": { "uv": [ 15.875, 15.5625, 16, 15.75 ], "texture": "#voxels_atlas" },
				"east": { "uv": [ 16, 15.3125, 15.875, 15.5 ], "texture": "#voxels_atlas" }
			}
		},
		{
			"__comment": "Voxels",
			"from": [ 7, -2.25, 7.75 ],
			"to": [ 9, -2, 8 ],
			"faces": {
				"down": { "uv": [ 10.75, 12.9375, 11.75, 13 ], "texture": "#voxels_atlas" },
				"up": { "uv": [ 10.75, 12.9375, 11.75, 12.875 ], "texture": "#voxels_atlas" },
				"north": { "uv": [ 12.75, 12.9375, 11.75, 13 ], "texture": "#voxels_atlas" },
				"south": { "uv": [ 11.75, 12.875, 12.75, 12.9375 ], "texture": "#voxels_atlas" },
				"west": { "uv": [ 10.625, 12.1875, 10.75, 12.25 ], "texture": "#voxels_atlas" },
				"east": { "uv": [ 10.75, 12.25, 10.625, 12.3125 ], "texture": "#voxels_atlas" }
			}
		},
		{
			"__comment": "Voxels",
			"from": [ 7, -1.25, 7.75 ],
			"to": [ 9.75, -1, 8 ],
			"faces": {
				"down": { "uv": [ 14.625, 13.625, 16, 13.6875 ], "texture": "#voxels_atlas" },
				"up": { "uv": [ 8.875, 13.25, 10.25, 13.1875 ], "texture": "#voxels_atlas" },
				"north": { "uv": [ 13, 13.1875, 11.625, 13.25 ], "texture": "#voxels_atlas" },
				"south": { "uv": [ 10.25, 13.1875, 11.625, 13.25 ], "texture": "#voxels_atlas" },
				"west": { "uv": [ 10.5, 9.6875, 10.625, 9.75 ], "texture": "#voxels_atlas" },
				"east": { "uv": [ 8.875, 11.5625, 8.75, 11.625 ], "texture": "#voxels_atlas" }
			}
		},
		{
			"__comment": "Voxels",
			"from": [ 7, 0.5, 7.5 ],
			"to": [ 7.25, 1, 7.75 ],
			"faces": {
				"down": { "uv": [ 10.5, 9.8125, 10.625, 9.875 ], "texture": "#voxels_atlas" },
				"up": { "uv": [ 10.5, 9.9375, 10.625, 9.875 ], "texture": "#voxels_atlas" },
				"north": { "uv": [ 10.5, 10.9375, 10.375, 11.0625 ], "texture": "#voxels_atlas" },
				"south": { "uv": [ 10.375, 11.0625, 10.5, 11.1875 ], "texture": "#voxels_atlas" },
				"west": { "uv": [ 10.375, 11.1875, 10.5, 11.3125 ], "texture": "#voxels_atlas" },
				"east": { "uv": [ 10.5, 11.3125, 10.375, 11.4375 ], "texture": "#voxels_atlas" }
			}
		},
		{
			"__comment": "Voxels",
			"from": [ 7, 0.5, 8 ],
			"to": [ 7.25, 1, 8.25 ],
			"faces": {
				"down": { "uv": [ 10.5, 11.3125, 10.625, 11.375 ], "texture": "#voxels_atlas" },
				"up": { "uv": [ 10.5, 11.4375, 10.625, 11.375 ], "texture": "#voxels_atlas" },
				"north": { "uv": [ 10.5, 11.4375, 10.375, 11.5625 ], "texture": "#voxels_atlas" },
				"south": { "uv": [ 10.375, 11.5625, 10.5, 11.6875 ], "texture": "#voxels_atlas" },
				"west": { "uv": [ 10.375, 11.6875, 10.5, 11.8125 ], "texture": "#voxels_atlas" },
				"east": { "uv": [ 10.5, 11.8125, 10.375, 11.9375 ], "texture": "#voxels_atlas" }
			}
		},
		{
			"__comment": "Voxels",
			"from": [ 7, 29.5, 7.75 ],
			"to": [ 9, 30.25, 8 ],
			"faces": {
				"down": { "uv": [ 12.75, 12.9375, 13.75, 13 ], "texture": "#voxels_atlas" },
				"up": { "uv": [ 12.75, 12.9375, 13.75, 12.875 ], "texture": "#voxels_atlas" },
				"north": { "uv": [ 12.875, 14.1875, 11.875, 14.375 ], "texture": "#voxels_atlas" },
				"south": { "uv": [ 7.625, 13.875, 8.625, 14.0625 ], "texture": "#voxels_atlas" },
				"west": { "uv": [ 6.625, 10.8125, 6.75, 11 ], "texture": "#voxels_atlas" },
				"east": { "uv": [ 6.75, 10.625, 6.625, 10.8125 ], "texture": "#voxels_atlas" }
			}
		},
		{
			"__comment": "Voxels",
			"from": [ 7.25, -14.5, 7.25 ],
			"to": [ 8.75, -14.25, 8.5 ],
			"faces": {
				"down": { "uv": [ 12.875, 14.3125, 13.625, 14.625 ], "texture": "#voxels_atlas" },
				"up": { "uv": [ 14.875, 14.625, 15.625, 14.3125 ], "texture": "#voxels_atlas" },
				"north": { "uv": [ 13, 12.8125, 12.25, 12.875 ], "texture": "#voxels_atlas" },
				"south": { "uv": [ 13.75, 12.8125, 14.5, 12.875 ], "texture": "#voxels_atlas" },
				"west": { "uv": [ 13.75, 12.6875, 14.375, 12.75 ], "texture": "#voxels_atlas" },
				"east": { "uv": [ 15, 12.6875, 14.375, 12.75 ], "texture": "#voxels_atlas" }
			}
		},
		{
			"__comment": "Voxels",
			"from": [ 7.25, -13.75, 7.25 ],
			"to": [ 8.75, -12, 7.5 ],
			"faces": {
				"down": { "uv": [ 10, 12.6875, 10.75, 12.75 ], "texture": "#voxels_atlas" },
				"up": { "uv": [ 15.125, 13.1875, 15.875, 13.125 ], "texture": "#voxels_atlas" },
				"north": { "uv": [ 14.875, 14.625, 14.125, 15.0625 ], "texture": "#voxels_atlas" },
				"south": { "uv": [ 15.125, 15.0625, 15.875, 15.5 ], "texture": "#voxels_atlas" },
				"west": { "uv": [ 4.625, 10.5625, 4.75, 11 ], "texture": "#voxels_atlas" },
				"east": { "uv": [ 4.625, 9.6875, 4.5, 10.125 ], "texture": "#voxels_atlas" }
			}
		},
		{
			"__comment": "Voxels",
			"from": [ 7.25, -13.75, 8.25 ],
			"to": [ 8.75, -12, 8.5 ],
			"faces": {
				"down": { "uv": [ 15.25, 13, 16, 13.0625 ], "texture": "#voxels_atlas" },
				"up": { "uv": [ 14.75, 12.9375, 15.5, 12.875 ], "texture": "#voxels_atlas" },
				"north": { "uv": [ 7.875, 14.1875, 7.125, 14.625 ], "texture": "#voxels_atlas" },
				"south": { "uv": [ 14.875, 14.625, 15.625, 15.0625 ], "texture": "#voxels_atlas" },
				"west": { "uv": [ 5.375, 11.8125, 5.5, 12.25 ], "texture": "#voxels_atlas" },
				"east": { "uv": [ 5.5, 11.375, 5.375, 11.8125 ], "texture": "#voxels_atlas" }
			}
		},
		{
			"__comment": "Voxels",
			"from": [ 7.25, -4, 7 ],
			"to": [ 8.75, -3.75, 7.25 ],
			"faces": {
				"down": { "uv": [ 9.25, 12.8125, 10, 12.875 ], "texture": "#voxels_atlas" },
				"up": { "uv": [ 11.5, 12.8125, 12.25, 12.75 ], "texture": "#voxels_atlas" },
				"north": { "uv": [ 13.75, 12.6875, 13, 12.75 ], "texture": "#voxels_atlas" },
				"south": { "uv": [ 12.25, 12.6875, 13, 12.75 ], "texture": "#voxels_atlas" },
				"west": { "uv": [ 10.375, 10.375, 10.5, 10.4375 ], "texture": "#voxels_atlas" },
				"east": { "uv": [ 10.5, 10.3125, 10.375, 10.375 ], "texture": "#voxels_atlas" }
			}
		},
		{
			"__comment": "Voxels",
			"from": [ 7.25, -4, 8.5 ],
			"to": [ 8.75, -3.75, 8.75 ],
			"faces": {
				"down": { "uv": [ 10, 12.75, 10.75, 12.8125 ], "texture": "#voxels_atlas" },
				"up": { "uv": [ 9.25, 12.8125, 10, 12.75 ], "texture": "#voxels_atlas" },
				"north": { "uv": [ 16, 12.8125, 15.25, 12.875 ], "texture": "#voxels_atlas" },
				"south": { "uv": [ 14.5, 12.8125, 15.25, 12.875 ], "texture": "#voxels_atlas" },
				"west": { "uv": [ 10.375, 10.0625, 10.5, 10.125 ], "texture": "#voxels_atlas" },
				"east": { "uv": [ 10.5, 10, 10.375, 10.0625 ], "texture": "#voxels_atlas" }
			}
		},
		{
			"__comment": "Voxels",
			"from": [ 7.25, -2, 7.75 ],
			"to": [ 9.25, -1.75, 8 ],
			"faces": {
				"down": { "uv": [ 13.75, 12.9375, 14.75, 13 ], "texture": "#voxels_atlas" },
				"up": { "uv": [ 13.75, 12.9375, 14.75, 12.875 ], "texture": "#voxels_atlas" },
				"north": { "uv": [ 16, 13.4375, 15, 13.5 ], "texture": "#voxels_atlas" },
				"south": { "uv": [ 15, 13.375, 16, 13.4375 ], "texture": "#voxels_atlas" },
				"west": { "uv": [ 15, 12.3125, 15.125, 12.375 ], "texture": "#voxels_atlas" },
				"east": { "uv": [ 15.25, 12.3125, 15.125, 12.375 ], "texture": "#voxels_atlas" }
			}
		},
		{
			"__comment": "Voxels",
			"from": [ 7.25, 0.75, 7.5 ],
			"to": [ 9.25, 1, 7.75 ],
			"faces": {
				"down": { "uv": [ 14.875, 13.3125, 15.875, 13.375 ], "texture": "#voxels_atlas" },
				"up": { "uv": [ 14.875, 13.3125, 15.875, 13.25 ], "texture": "#voxels_atlas" },
				"north": { "uv": [ 14.875, 13.0625, 13.875, 13.125 ], "texture": "#voxels_atlas" },
				"south": { "uv": [ 14.875, 13.0625, 15.875, 13.125 ], "texture": "#voxels_atlas" },
				"west": { "uv": [ 10.5, 9.75, 10.625, 9.8125 ], "texture": "#voxels_atlas" },
				"east": { "uv": [ 10.625, 11.625, 10.5, 11.6875 ], "texture": "#voxels_atlas" }
			}
		},
		{
			"__comment": "Voxels",
			"from": [ 7.25, 0.75, 8 ],
			"to": [ 9.25, 1, 8.25 ],
			"faces": {
				"down": { "uv": [ 9.25, 13, 10.25, 13.0625 ], "texture": "#voxels_atlas" },
				"up": { "uv": [ 10.25, 13.0625, 11.25, 13 ], "texture": "#voxels_atlas" },
				"north": { "uv": [ 12.25, 13, 11.25, 13.0625 ], "texture": "#voxels_atlas" },
				"south": { "uv": [ 12.25, 13, 13.25, 13.0625 ], "texture": "#voxels_atlas" },
				"west": { "uv": [ 10.5, 11.5625, 10.625, 11.625 ], "texture": "#voxels_atlas" },
				"east": { "uv": [ 10.625, 11.125, 10.5, 11.1875 ], "texture": "#voxels_atlas" }
			}
		},
		{
			"__comment": "Voxels",
			"from": [ 7.25, 1, 7.5 ],
			"to": [ 8.75, 1.25, 8.25 ],
			"faces": {
				"down": { "uv": [ 7.625, 13.3125, 8.375, 13.5 ], "texture": "#voxels_atlas" },
				"up": { "uv": [ 7.625, 13.125, 8.375, 12.9375 ], "texture": "#voxels_atlas" },
				"north": { "uv": [ 10, 12.6875, 9.25, 12.75 ], "texture": "#voxels_atlas" },
				"south": { "uv": [ 13.75, 12.75, 14.5, 12.8125 ], "texture": "#voxels_atlas" },
				"west": { "uv": [ 10, 10.125, 10.375, 10.1875 ], "texture": "#voxels_atlas" },
				"east": { "uv": [ 10.375, 10.1875, 10, 10.25 ], "texture": "#voxels_atlas" }
			}
		},
		{
			"__comment": "Voxels",
			"from": [ 7.25, 2.75, 7.5 ],
			"to": [ 8.75, 3, 7.75 ],
			"faces": {
				"down": { "uv": [ 10.75, 12.75, 11.5, 12.8125 ], "texture": "#voxels_atlas" },
				"up": { "uv": [ 13, 12.875, 13.75, 12.8125 ], "texture": "#voxels_atlas" },
				"north": { "uv": [ 12.25, 12.6875, 11.5, 12.75 ], "texture": "#voxels_atlas" },
				"south": { "uv": [ 10.75, 12.6875, 11.5, 12.75 ], "texture": "#voxels_atlas" },
				"west": { "uv": [ 10.5, 11.0625, 10.625, 11.125 ], "texture": "#voxels_atlas" },
				"east": { "uv": [ 10.625, 11, 10.5, 11.0625 ], "texture": "#voxels_atlas" }
			}
		},
		{
			"__comment": "Voxels",
			"from": [ 7.25, 2.75, 8 ],
			"to": [ 8.75, 3, 8.25 ],
			"faces": {
				"down": { "uv": [ 15.25, 12.75, 16, 12.8125 ], "texture": "#voxels_atlas" },
				"up": { "uv": [ 14.5, 12.8125, 15.25, 12.75 ], "texture": "#voxels_atlas" },
				"north": { "uv": [ 13.75, 12.75, 13, 12.8125 ], "texture": "#voxels_atlas" },
				"south": { "uv": [ 12.25, 12.75, 13, 12.8125 ], "texture": "#voxels_atlas" },
				"west": { "uv": [ 10.5, 10.9375, 10.625, 11 ], "texture": "#voxels_atlas" },
				"east": { "uv": [ 10.625, 10.75, 10.5, 10.8125 ], "texture": "#voxels_atlas" }
			}
		},
		{
			"__comment": "Voxels",
			"from": [ 7.25, 3, 7.5 ],
			"to": [ 7.75, 23, 7.75 ],
			"faces": {
				"down": { "uv": [ 13.75, 12.3125, 14, 12.375 ], "texture": "#voxels_atlas" },
				"up": { "uv": [ 13.5, 12.375, 13.75, 12.3125 ], "texture": "#voxels_atlas" },
				"north": { "uv": [ 4, 11, 3.75, 16 ], "texture": "#voxels_atlas" },
				"south": { "uv": [ 4.25, 11, 4.5, 16 ], "texture": "#voxels_atlas" },
				"west": { "uv": [ 6.625, 11, 6.75, 16 ], "texture": "#voxels_atlas" },
				"east": { "uv": [ 6.875, 11, 6.75, 16 ], "texture": "#voxels_atlas" }
			}
		},
		{
			"__comment": "Voxels",
			"from": [ 7.25, 3, 8 ],
			"to": [ 7.75, 23, 8.25 ],
			"faces": {
				"down": { "uv": [ 9.75, 10, 10, 10.0625 ], "texture": "#voxels_atlas" },
				"up": { "uv": [ 12.75, 12.4375, 13, 12.375 ], "texture": "#voxels_atlas" },
				"north": { "uv": [ 4.75, 11, 4.5, 16 ], "texture": "#voxels_atlas" },
				"south": { "uv": [ 3.25, 11, 3.5, 16 ], "texture": "#voxels_atlas" },
				"west": { "uv": [ 6.25, 11, 6.375, 16 ], "texture": "#voxels_atlas" },
				"east": { "uv": [ 6.5, 11, 6.375, 16 ], "texture": "#voxels_atlas" }
			}
		},
		{
			"__comment": "Voxels",
			"from": [ 7.25, 30.25, 7.75 ],
			"to": [ 8.75, 31, 8 ],
			"faces": {
				"down": { "uv": [ 14.75, 12.9375, 15.5, 13 ], "texture": "#voxels_atlas" },
				"up": { "uv": [ 10, 12.875, 10.75, 12.8125 ], "texture": "#voxels_atlas" },
				"north": { "uv": [ 15.875, 13.875, 15.125, 14.0625 ], "texture": "#voxels_atlas" },
				"south": { "uv": [ 15.125, 13.6875, 15.875, 13.875 ], "texture": "#voxels_atlas" },
				"west": { "uv": [ 6.75, 10.4375, 6.875, 10.625 ], "texture": "#voxels_atlas" },
				"east": { "uv": [ 8.875, 9.875, 8.75, 10.0625 ], "texture": "#voxels_atlas" }
			}
		},
		{
			"__comment": "Voxels",
			"from": [ 7.5, -14.75, 7.5 ],
			"to": [ 8.5, -14.5, 8.25 ],
			"faces": {
				"down": { "uv": [ 7.125, 10.75, 7.625, 10.9375 ], "texture": "#voxels_atlas" },
				"up": { "uv": [ 5, 9.875, 5.5, 9.6875 ], "texture": "#voxels_atlas" },
				"north": { "uv": [ 9.75, 10.8125, 9.25, 10.875 ], "texture": "#voxels_atlas" },
				"south": { "uv": [ 9.25, 10.75, 9.75, 10.8125 ], "texture": "#voxels_atlas" },
				"west": { "uv": [ 10, 10.5625, 10.375, 10.625 ], "texture": "#voxels_atlas" },
				"east": { "uv": [ 10.375, 10.5, 10, 10.5625 ], "texture": "#voxels_atlas" }
			}
		},
		{
			"__comment": "Voxels",
			"from": [ 7.5, -13.75, 7 ],
			"to": [ 8.5, -12, 7.25 ],
			"faces": {
				"down": { "uv": [ 9.25, 10.625, 9.75, 10.6875 ], "texture": "#voxels_atlas" },
				"up": { "uv": [ 9.25, 10.625, 9.75, 10.5625 ], "texture": "#voxels_atlas" },
				"north": { "uv": [ 7.625, 12.8125, 7.125, 13.25 ], "texture": "#voxels_atlas" },
				"south": { "uv": [ 7.125, 13.25, 7.625, 13.6875 ], "texture": "#voxels_atlas" },
				"west": { "uv": [ 5.375, 10.5, 5.5, 10.9375 ], "texture": "#voxels_atlas" },
				"east": { "uv": [ 6.25, 10.5625, 6.125, 11 ], "texture": "#voxels_atlas" }
			}
		},
		{
			"__comment": "Voxels",
			"from": [ 7.5, -13.75, 8.5 ],
			"to": [ 8.5, -12, 8.75 ],
			"faces": {
				"down": { "uv": [ 9.25, 10.3125, 9.75, 10.375 ], "texture": "#voxels_atlas" },
				"up": { "uv": [ 9.25, 10.3125, 9.75, 10.25 ], "texture": "#voxels_atlas" },
				"north": { "uv": [ 7.625, 11.9375, 7.125, 12.375 ], "texture": "#voxels_atlas" },
				"south": { "uv": [ 7.125, 12.375, 7.625, 12.8125 ], "texture": "#voxels_atlas" },
				"west": { "uv": [ 6.125, 9.6875, 6.25, 10.125 ], "texture": "#voxels_atlas" },
				"east": { "uv": [ 6.375, 10.5625, 6.25, 11 ], "texture": "#voxels_atlas" }
			}
		},
		{
			"__comment": "Voxels",
			"from": [ 7.5, -12, 7.5 ],
			"to": [ 8.5, -4.5, 8.25 ],
			"faces": {
				"down": { "uv": [ 8.375, 13.1875, 8.875, 13.375 ], "texture": "#voxels_atlas" },
				"up": { "uv": [ 8.375, 13.1875, 8.875, 13 ], "texture": "#voxels_atlas" },
				"north": { "uv": [ 5.5, 14.125, 5, 16 ], "texture": "#voxels_atlas" },
				"south": { "uv": [ 5, 12.25, 5.5, 14.125 ], "texture": "#voxels_atlas" },
				"west": { "uv": [ 5.75, 14.125, 6.125, 16 ], "texture": "#voxels_atlas" },
				"east": { "uv": [ 5.375, 10.375, 5, 12.25 ], "texture": "#voxels_atlas" }
			}
		},
		{
			"__comment": "Voxels",
			"from": [ 7.5, -5, 7.25 ],
			"to": [ 8.5, -4.25, 7.5 ],
			"faces": {
				"down": { "uv": [ 9.25, 10.0625, 9.75, 10.125 ], "texture": "#voxels_atlas" },
				"up": { "uv": [ 9.25, 10.0625, 9.75, 10 ], "texture": "#voxels_atlas" },
				"north": { "uv": [ 8.875, 12.8125, 8.375, 13 ], "texture": "#voxels_atlas" },
				"south": { "uv": [ 8.375, 12.625, 8.875, 12.8125 ], "texture": "#voxels_atlas" },
				"west": { "uv": [ 15.875, 15.125, 16, 15.3125 ], "texture": "#voxels_atlas" },
				"east": { "uv": [ 16, 13.875, 15.875, 14.0625 ], "texture": "#voxels_atlas" }
			}
		},
		{
			"__comment": "Voxels",
			"from": [ 7.5, -5, 8.25 ],
			"to": [ 8.5, -4.25, 8.5 ],
			"faces": {
				"down": { "uv": [ 9.25, 9.8125, 9.75, 9.875 ], "texture": "#voxels_atlas" },
				"up": { "uv": [ 9.25, 9.8125, 9.75, 9.75 ], "texture": "#voxels_atlas" },
				"north": { "uv": [ 8.875, 12.4375, 8.375, 12.625 ], "texture": "#voxels_atlas" },
				"south": { "uv": [ 8.375, 12.0625, 8.875, 12.25 ], "texture": "#voxels_atlas" },
				"west": { "uv": [ 15.875, 13.6875, 16, 13.875 ], "texture": "#voxels_atlas" },
				"east": { "uv": [ 8.875, 11.875, 8.75, 12.0625 ], "texture": "#voxels_atlas" }
			}
		},
		{
			"__comment": "Voxels",
			"from": [ 7.5, -4.75, 7 ],
			"to": [ 8.5, -4, 7.25 ],
			"faces": {
				"down": { "uv": [ 11.25, 12.625, 11.75, 12.6875 ], "texture": "#voxels_atlas" },
				"up": { "uv": [ 11.75, 12.6875, 12.25, 12.625 ], "texture": "#voxels_atlas" },
				"north": { "uv": [ 8.125, 11.8125, 7.625, 12 ], "texture": "#voxels_atlas" },
				"south": { "uv": [ 7.625, 12, 8.125, 12.1875 ], "texture": "#voxels_atlas" },
				"west": { "uv": [ 8.75, 11.625, 8.875, 11.8125 ], "texture": "#voxels_atlas" },
				"east": { "uv": [ 8.875, 11, 8.75, 11.1875 ], "texture": "#voxels_atlas" }
			}
		},
		{
			"__comment": "Voxels",
			"from": [ 7.5, -4.75, 8.5 ],
			"to": [ 8.5, -4, 8.75 ],
			"faces": {
				"down": { "uv": [ 13.25, 12.625, 13.75, 12.6875 ], "texture": "#voxels_atlas" },
				"up": { "uv": [ 13.75, 12.6875, 14.25, 12.625 ], "texture": "#voxels_atlas" },
				"north": { "uv": [ 7.625, 10, 7.125, 10.1875 ], "texture": "#voxels_atlas" },
				"south": { "uv": [ 7.125, 10.1875, 7.625, 10.375 ], "texture": "#voxels_atlas" },
				"west": { "uv": [ 8.75, 10.8125, 8.875, 11 ], "texture": "#voxels_atlas" },
				"east": { "uv": [ 8.875, 10.625, 8.75, 10.8125 ], "texture": "#voxels_atlas" }
			}
		},
		{
			"__comment": "Voxels",
			"from": [ 7.5, -2.25, 7.5 ],
			"to": [ 8.5, -1.25, 7.75 ],
			"faces": {
				"down": { "uv": [ 15.5, 12.875, 16, 12.9375 ], "texture": "#voxels_atlas" },
				"up": { "uv": [ 15, 12.75, 15.5, 12.6875 ], "texture": "#voxels_atlas" },
				"north": { "uv": [ 7.625, 10.9375, 7.125, 11.1875 ], "texture": "#voxels_atlas" },
				"south": { "uv": [ 7.125, 11.1875, 7.625, 11.4375 ], "texture": "#voxels_atlas" },
				"west": { "uv": [ 6.375, 10.75, 6.5, 11 ], "texture": "#voxels_atlas" },
				"east": { "uv": [ 6.5, 10.5, 6.375, 10.75 ], "texture": "#voxels_atlas" }
			}
		},
		{
			"__comment": "Voxels",
			"from": [ 7.5, -2.25, 8 ],
			"to": [ 8.5, -1.25, 8.25 ],
			"faces": {
				"down": { "uv": [ 9.25, 12.1875, 9.75, 12.25 ], "texture": "#voxels_atlas" },
				"up": { "uv": [ 9.25, 12.0625, 9.75, 12 ], "texture": "#voxels_atlas" },
				"north": { "uv": [ 7.625, 11.6875, 7.125, 11.9375 ], "texture": "#voxels_atlas" },
				"south": { "uv": [ 7.125, 11.4375, 7.625, 11.6875 ], "texture": "#voxels_atlas" },
				"west": { "uv": [ 6.375, 10.25, 6.5, 10.5 ], "texture": "#voxels_atlas" },
				"east": { "uv": [ 6.5, 10, 6.375, 10.25 ], "texture": "#voxels_atlas" }
			}
		},
		{
			"__comment": "Voxels",
			"from": [ 7.5, -1.75, 7.75 ],
			"to": [ 8.5, -1.25, 8 ],
			"faces": {
				"down": { "uv": [ 9.25, 11.8125, 9.75, 11.875 ], "texture": "#voxels_atlas" },
				"up": { "uv": [ 9.25, 11.8125, 9.75, 11.75 ], "texture": "#voxels_atlas" },
				"north": { "uv": [ 13.375, 14.1875, 12.875, 14.3125 ], "texture": "#voxels_atlas" },
				"south": { "uv": [ 14.875, 14.1875, 15.375, 14.3125 ], "texture": "#voxels_atlas" },
				"west": { "uv": [ 10.375, 11.9375, 10.5, 12.0625 ], "texture": "#voxels_atlas" },
				"east": { "uv": [ 10.5, 12.0625, 10.375, 12.1875 ], "texture": "#voxels_atlas" }
			}
		},
		{
			"__comment": "Voxels",
			"from": [ 7.5, 1.25, 7.5 ],
			"to": [ 8.5, 1.5, 8.25 ],
			"faces": {
				"down": { "uv": [ 8.375, 11.1875, 8.875, 11.375 ], "texture": "#voxels_atlas" },
				"up": { "uv": [ 8.375, 11.5625, 8.875, 11.375 ], "texture": "#voxels_atlas" },
				"north": { "uv": [ 9.75, 11.6875, 9.25, 11.75 ], "texture": "#voxels_atlas" },
				"south": { "uv": [ 9.25, 11.625, 9.75, 11.6875 ], "texture": "#voxels_atlas" },
				"west": { "uv": [ 13.375, 12.5, 13.75, 12.5625 ], "texture": "#voxels_atlas" },
				"east": { "uv": [ 10.375, 10.625, 10, 10.6875 ], "texture": "#voxels_atlas" }
			}
		},
		{
			"__comment": "Voxels",
			"from": [ 7.5, 23, 7.5 ],
			"to": [ 7.75, 25.25, 7.75 ],
			"faces": {
				"down": { "uv": [ 15.875, 13.25, 16, 13.3125 ], "texture": "#voxels_atlas" },
				"up": { "uv": [ 6.375, 9.75, 6.5, 9.6875 ], "texture": "#voxels_atlas" },
				"north": { "uv": [ 3.75, 10.4375, 3.625, 11 ], "texture": "#voxels_atlas" },
				"south": { "uv": [ 3.5, 10.4375, 3.625, 11 ], "texture": "#voxels_atlas" },
				"west": { "uv": [ 3.5, 9.875, 3.625, 10.4375 ], "texture": "#voxels_atlas" },
				"east": { "uv": [ 3.5, 10, 3.375, 10.5625 ], "texture": "#voxels_atlas" }
			}
		},
		{
			"__comment": "Voxels",
			"from": [ 7.5, 23, 8 ],
			"to": [ 7.75, 25.25, 8.25 ],
			"faces": {
				"down": { "uv": [ 10.5, 12.0625, 10.625, 12.125 ], "texture": "#voxels_atlas" },
				"up": { "uv": [ 10.375, 10, 10.5, 9.9375 ], "texture": "#voxels_atlas" },
				"north": { "uv": [ 4.25, 10.4375, 4.125, 11 ], "texture": "#voxels_atlas" },
				"south": { "uv": [ 3.25, 10, 3.375, 10.5625 ], "texture": "#voxels_atlas" },
				"west": { "uv": [ 4, 10.4375, 4.125, 11 ], "texture": "#voxels_atlas" },
				"east": { "uv": [ 4, 9.875, 3.875, 10.4375 ], "texture": "#voxels_atlas" }
			}
		},
		{
			"__comment": "Voxels",
			"from": [ 7.5, 31, 7.75 ],
			"to": [ 8.5, 31.5, 8 ],
			"faces": {
				"down": { "uv": [ 9.25, 11.5625, 9.75, 11.625 ], "texture": "#voxels_atlas" },
				"up": { "uv": [ 9.25, 11.5625, 9.75, 11.5 ], "texture": "#voxels_atlas" },
				"north": { "uv": [ 7.625, 9.6875, 7.125, 9.8125 ], "texture": "#voxels_atlas" },
				"south": { "uv": [ 9.25, 12.875, 9.75, 13 ], "texture": "#voxels_atlas" },
				"west": { "uv": [ 9.875, 10.0625, 10, 10.1875 ], "texture": "#voxels_atlas" },
				"east": { "uv": [ 9.875, 10.0625, 9.75, 10.1875 ], "texture": "#voxels_atlas" }
			}
		},
		{
			"__comment": "Voxels",
			"from": [ 7.75, -5.5, 7 ],
			"to": [ 8.25, -4.75, 7.25 ],
			"faces": {
				"down": { "uv": [ 9.75, 10.1875, 10, 10.25 ], "texture": "#voxels_atlas" },
				"up": { "uv": [ 14, 12.5, 14.25, 12.4375 ], "texture": "#voxels_atlas" },
				"north": { "uv": [ 8.375, 10.5, 8.125, 10.6875 ], "texture": "#voxels_atlas" },
				"south": { "uv": [ 8.125, 10.3125, 8.375, 10.5 ], "texture": "#voxels_atlas" },
				"west": { "uv": [ 8.75, 10.4375, 8.875, 10.625 ], "texture": "#voxels_atlas" },
				"east": { "uv": [ 6.875, 10.625, 6.75, 10.8125 ], "texture": "#voxels_atlas" }
			}
		},
		{
			"__comment": "Voxels",
			"from": [ 7.75, -5.5, 7.25 ],
			"to": [ 8.25, -5, 7.5 ],
			"faces": {
				"down": { "uv": [ 9.75, 10.25, 10, 10.3125 ], "texture": "#voxels_atlas" },
				"up": { "uv": [ 9.75, 10.5, 10, 10.4375 ], "texture": "#voxels_atlas" },
				"north": { "uv": [ 13.625, 14.1875, 13.375, 14.3125 ], "texture": "#voxels_atlas" },
				"south": { "uv": [ 15.375, 14.1875, 15.625, 14.3125 ], "texture": "#voxels_atlas" },
				"west": { "uv": [ 9.875, 10.5, 10, 10.625 ], "texture": "#voxels_atlas" },
				"east": { "uv": [ 9.875, 10.5, 9.75, 10.625 ], "texture": "#voxels_atlas" }
			}
		},
		{
			"__comment": "Voxels",
			"from": [ 7.75, -5.5, 8.25 ],
			"to": [ 8.25, -5, 8.75 ],
			"faces": {
				"down": { "uv": [ 14.875, 13.6875, 15.125, 13.8125 ], "texture": "#voxels_atlas" },
				"up": { "uv": [ 8.875, 10.0625, 9.125, 9.9375 ], "texture": "#voxels_atlas" },
				"north": { "uv": [ 9.125, 9.8125, 8.875, 9.9375 ], "texture": "#voxels_atlas" },
				"south": { "uv": [ 8.875, 9.6875, 9.125, 9.8125 ], "texture": "#voxels_atlas" },
				"west": { "uv": [ 9.25, 11.375, 9.5, 11.5 ], "texture": "#voxels_atlas" },
				"east": { "uv": [ 9.75, 11.375, 9.5, 11.5 ], "texture": "#voxels_atlas" }
			}
		},
		{
			"__comment": "Voxels",
			"from": [ 7.75, -5, 8.5 ],
			"to": [ 8.25, -4.75, 8.75 ],
			"faces": {
				"down": { "uv": [ 9.75, 10.625, 10, 10.6875 ], "texture": "#voxels_atlas" },
				"up": { "uv": [ 9.75, 11.1875, 10, 11.125 ], "texture": "#voxels_atlas" },
				"north": { "uv": [ 10, 11.1875, 9.75, 11.25 ], "texture": "#voxels_atlas" },
				"south": { "uv": [ 9.75, 11.25, 10, 11.3125 ], "texture": "#voxels_atlas" },
				"west": { "uv": [ 8.75, 11.8125, 8.875, 11.875 ], "texture": "#voxels_atlas" },
				"east": { "uv": [ 10.5, 10.8125, 10.375, 10.875 ], "texture": "#voxels_atlas" }
			}
		},
		{
			"__comment": "Voxels",
			"from": [ 7.75, -1.25, 7.5 ],
			"to": [ 8.25, -1, 7.75 ],
			"faces": {
				"down": { "uv": [ 9.75, 11.4375, 10, 11.5 ], "texture": "#voxels_atlas" },
				"up": { "uv": [ 9.75, 11.5625, 10, 11.5 ], "texture": "#voxels_atlas" },
				"north": { "uv": [ 10, 11.6875, 9.75, 11.75 ], "texture": "#voxels_atlas" },
				"south": { "uv": [ 9.75, 11.75, 10, 11.8125 ], "texture": "#voxels_atlas" },
				"west": { "uv": [ 15.875, 15.0625, 16, 15.125 ], "texture": "#voxels_atlas" },
				"east": { "uv": [ 16, 13.125, 15.875, 13.1875 ], "texture": "#voxels_atlas" }
			}
		},
		{
			"__comment": "Voxels",
			"from": [ 7.75, -1.25, 8 ],
			"to": [ 8.25, -1, 8.25 ],
			"faces": {
				"down": { "uv": [ 15.75, 12.375, 16, 12.4375 ], "texture": "#voxels_atlas" },
				"up": { "uv": [ 14.5, 12.4375, 14.75, 12.375 ], "texture": "#voxels_atlas" },
				"north": { "uv": [ 13.75, 12.375, 13.5, 12.4375 ], "texture": "#voxels_atlas" },
				"south": { "uv": [ 13.75, 12.4375, 14, 12.5 ], "texture": "#voxels_atlas" },
				"west": { "uv": [ 15.875, 15.5, 16, 15.5625 ], "texture": "#voxels_atlas" },
				"east": { "uv": [ 10.625, 11.6875, 10.5, 11.75 ], "texture": "#voxels_atlas" }
			}
		},
		{
			"__comment": "Voxels",
			"from": [ 7.75, 0.5, 7.5 ],
			"to": [ 8.25, 0.75, 7.75 ],
			"faces": {
				"down": { "uv": [ 13.875, 14.625, 14.125, 14.6875 ], "texture": "#voxels_atlas" },
				"up": { "uv": [ 11.75, 13.4375, 12, 13.375 ], "texture": "#voxels_atlas" },
				"north": { "uv": [ 16, 12.625, 15.75, 12.6875 ], "texture": "#voxels_atlas" },
				"south": { "uv": [ 9.75, 10.9375, 10, 11 ], "texture": "#voxels_atlas" },
				"west": { "uv": [ 10.5, 12.125, 10.625, 12.1875 ], "texture": "#voxels_atlas" },
				"east": { "uv": [ 10.5, 10.6875, 10.375, 10.75 ], "texture": "#voxels_atlas" }
			}
		},
		{
			"__comment": "Voxels",
			"from": [ 7.75, 0.5, 8 ],
			"to": [ 8.25, 0.75, 8.25 ],
			"faces": {
				"down": { "uv": [ 12.5, 12.4375, 12.75, 12.5 ], "texture": "#voxels_atlas" },
				"up": { "uv": [ 12.75, 12.5, 13, 12.4375 ], "texture": "#voxels_atlas" },
				"north": { "uv": [ 13.25, 12.4375, 13, 12.5 ], "texture": "#voxels_atlas" },
				"south": { "uv": [ 13.25, 12.4375, 13.5, 12.5 ], "texture": "#voxels_atlas" },
				"west": { "uv": [ 14.25, 12.3125, 14.375, 12.375 ], "texture": "#voxels_atlas" },
				"east": { "uv": [ 15, 12.3125, 14.875, 12.375 ], "texture": "#voxels_atlas" }
			}
		},
		{
			"__comment": "Voxels",
			"from": [ 7.75, 2.25, 6.75 ],
			"to": [ 8.25, 3, 7 ],
			"faces": {
				"down": { "uv": [ 9.75, 10.375, 10, 10.4375 ], "texture": "#voxels_atlas" },
				"up": { "uv": [ 13.5, 12.5, 13.75, 12.4375 ], "texture": "#voxels_atlas" },
				"north": { "uv": [ 4.5, 9.8125, 4.25, 10 ], "texture": "#voxels_atlas" },
				"south": { "uv": [ 4, 9.75, 4.25, 9.9375 ], "texture": "#voxels_atlas" },
				"west": { "uv": [ 6.5, 9.6875, 6.625, 9.875 ], "texture": "#voxels_atlas" },
				"east": { "uv": [ 6.625, 10.0625, 6.5, 10.25 ], "texture": "#voxels_atlas" }
			}
		},
		{
			"__comment": "Voxels",
			"from": [ 7.75, 2.25, 8.75 ],
			"to": [ 8.25, 3, 9 ],
			"faces": {
				"down": { "uv": [ 13.75, 12.375, 14, 12.4375 ], "texture": "#voxels_atlas" },
				"up": { "uv": [ 14.25, 12.4375, 14.5, 12.375 ], "texture": "#voxels_atlas" },
				"north": { "uv": [ 4, 9.6875, 3.75, 9.875 ], "texture": "#voxels_atlas" },
				"south": { "uv": [ 8.125, 12.5625, 8.375, 12.75 ], "texture": "#voxels_atlas" },
				"west": { "uv": [ 8.75, 10.25, 8.875, 10.4375 ], "texture": "#voxels_atlas" },
				"east": { "uv": [ 8.875, 10.0625, 8.75, 10.25 ], "texture": "#voxels_atlas" }
			}
		},
		{
			"__comment": "Voxels",
			"from": [ 7.75, 2.5, 7 ],
			"to": [ 8.25, 3, 7.25 ],
			"faces": {
				"down": { "uv": [ 11.5, 12.3125, 11.75, 12.375 ], "texture": "#voxels_atlas" },
				"up": { "uv": [ 12.125, 14.6875, 12.375, 14.625 ], "texture": "#voxels_atlas" },
				"north": { "uv": [ 9.5, 11.25, 9.25, 11.375 ], "texture": "#voxels_atlas" },
				"south": { "uv": [ 9.5, 11.25, 9.75, 11.375 ], "texture": "#voxels_atlas" },
				"west": { "uv": [ 5.375, 10.375, 5.5, 10.5 ], "texture": "#voxels_atlas" },
				"east": { "uv": [ 8.875, 9.75, 8.75, 9.875 ], "texture": "#voxels_atlas" }
			}
		},
		{
			"__comment": "Voxels",
			"from": [ 7.75, 2.5, 8.5 ],
			"to": [ 8.25, 3, 8.75 ],
			"faces": {
				"down": { "uv": [ 14.375, 13.5, 14.625, 13.5625 ], "texture": "#voxels_atlas" },
				"up": { "uv": [ 8.125, 9.75, 8.375, 9.6875 ], "texture": "#voxels_atlas" },
				"north": { "uv": [ 9.5, 11.125, 9.25, 11.25 ], "texture": "#voxels_atlas" },
				"south": { "uv": [ 9.5, 11.125, 9.75, 11.25 ], "texture": "#voxels_atlas" },
				"west": { "uv": [ 9.125, 10.5, 9.25, 10.625 ], "texture": "#voxels_atlas" },
				"east": { "uv": [ 9.25, 10.3125, 9.125, 10.4375 ], "texture": "#voxels_atlas" }
			}
		},
		{
			"__comment": "Voxels",
			"from": [ 7.75, 2.75, 7.25 ],
			"to": [ 8.25, 3, 7.5 ],
			"faces": {
				"down": { "uv": [ 9.75, 12.3125, 10, 12.375 ], "texture": "#voxels_atlas" },
				"up": { "uv": [ 9.75, 12.3125, 10, 12.25 ], "texture": "#voxels_atlas" },
				"north": { "uv": [ 10, 12.1875, 9.75, 12.25 ], "texture": "#voxels_atlas" },
				"south": { "uv": [ 9.75, 12.125, 10, 12.1875 ], "texture": "#voxels_atlas" },
				"west": { "uv": [ 10.5, 11.75, 10.625, 11.8125 ], "texture": "#voxels_atlas" },
				"east": { "uv": [ 15.875, 12.3125, 15.75, 12.375 ], "texture": "#voxels_atlas" }
			}
		},
		{
			"__comment": "Voxels",
			"from": [ 7.75, 2.75, 8.25 ],
			"to": [ 8.25, 3, 8.5 ],
			"faces": {
				"down": { "uv": [ 9.75, 12, 10, 12.0625 ], "texture": "#voxels_atlas" },
				"up": { "uv": [ 9.75, 12, 10, 11.9375 ], "texture": "#voxels_atlas" },
				"north": { "uv": [ 10, 11.875, 9.75, 11.9375 ], "texture": "#voxels_atlas" },
				"south": { "uv": [ 9.75, 11.8125, 10, 11.875 ], "texture": "#voxels_atlas" },
				"west": { "uv": [ 10.375, 10.875, 10.5, 10.9375 ], "texture": "#voxels_atlas" },
				"east": { "uv": [ 16, 13.0625, 15.875, 13.125 ], "texture": "#voxels_atlas" }
			}
		},
		{
			"__comment": "Voxels",
			"from": [ 7.75, 24.75, 7.5 ],
			"to": [ 8.5, 25.25, 7.75 ],
			"faces": {
				"down": { "uv": [ 10, 10.75, 10.375, 10.8125 ], "texture": "#voxels_atlas" },
				"up": { "uv": [ 10, 10.75, 10.375, 10.6875 ], "texture": "#voxels_atlas" },
				"north": { "uv": [ 9.25, 10.625, 8.875, 10.75 ], "texture": "#voxels_atlas" },
				"south": { "uv": [ 8.875, 10.75, 9.25, 10.875 ], "texture": "#voxels_atlas" },
				"west": { "uv": [ 9.125, 10.125, 9.25, 10.25 ], "texture": "#voxels_atlas" },
				"east": { "uv": [ 9.25, 9.9375, 9.125, 10.0625 ], "texture": "#voxels_atlas" }
			}
		},
		{
			"__comment": "Voxels",
			"from": [ 7.75, 24.75, 8 ],
			"to": [ 8.5, 25.25, 8.25 ],
			"faces": {
				"down": { "uv": [ 10, 12.5, 10.375, 12.5625 ], "texture": "#voxels_atlas" },
				"up": { "uv": [ 10.375, 12.5625, 10.75, 12.5 ], "texture": "#voxels_atlas" },
				"north": { "uv": [ 9.25, 11.375, 8.875, 11.5 ], "texture": "#voxels_atlas" },
				"south": { "uv": [ 8.875, 11.5, 9.25, 11.625 ], "texture": "#voxels_atlas" },
				"west": { "uv": [ 9.125, 9.8125, 9.25, 9.9375 ], "texture": "#voxels_atlas" },
				"east": { "uv": [ 9.25, 9.6875, 9.125, 9.8125 ], "texture": "#voxels_atlas" }
			}
		},
		{
			"__comment": "Voxels",
			"from": [ 7.75, 25.25, 7.5 ],
			"to": [ 8.25, 27, 7.75 ],
			"faces": {
				"down": { "uv": [ 9.75, 11.625, 10, 11.6875 ], "texture": "#voxels_atlas" },
				"up": { "uv": [ 9.75, 11.625, 10, 11.5625 ], "texture": "#voxels_atlas" },
				"north": { "uv": [ 3.5, 10.5625, 3.25, 11 ], "texture": "#voxels_atlas" },
				"south": { "uv": [ 3, 9.6875, 3.25, 10.125 ], "texture": "#voxels_atlas" },
				"west": { "uv": [ 4.625, 10.125, 4.75, 10.5625 ], "texture": "#voxels_atlas" },
				"east": { "uv": [ 5.5, 10.9375, 5.375, 11.375 ], "texture": "#voxels_atlas" }
			}
		},
		{
			"__comment": "Voxels",
			"from": [ 7.75, 25.25, 8 ],
			"to": [ 8.25, 27, 8.25 ],
			"faces": {
				"down": { "uv": [ 9.75, 11.375, 10, 11.4375 ], "texture": "#voxels_atlas" },
				"up": { "uv": [ 9.75, 11.375, 10, 11.3125 ], "texture": "#voxels_atlas" },
				"north": { "uv": [ 3.25, 10.5625, 3, 11 ], "texture": "#voxels_atlas" },
				"south": { "uv": [ 3, 10.125, 3.25, 10.5625 ], "texture": "#voxels_atlas" },
				"west": { "uv": [ 4.5, 10.5625, 4.625, 11 ], "texture": "#voxels_atlas" },
				"east": { "uv": [ 5, 9.6875, 4.875, 10.125 ], "texture": "#voxels_atlas" }
			}
		},
		{
			"__comment": "Voxels",
			"from": [ 7.75, 31.5, 7.75 ],
			"to": [ 8.25, 32, 8 ],
			"faces": {
				"down": { "uv": [ 9.75, 11.0625, 10, 11.125 ], "texture": "#voxels_atlas" },
				"up": { "uv": [ 9.75, 11.0625, 10, 11 ], "texture": "#voxels_atlas" },
				"north": { "uv": [ 9.5, 11, 9.25, 11.125 ], "texture": "#voxels_atlas" },
				"south": { "uv": [ 9.5, 11, 9.75, 11.125 ], "texture": "#voxels_atlas" },
				"west": { "uv": [ 9.75, 10.8125, 9.875, 10.9375 ], "texture": "#voxels_atlas" },
				"east": { "uv": [ 10, 10.8125, 9.875, 10.9375 ], "texture": "#voxels_atlas" }
			}
		},
		{
			"__comment": "Voxels",
			"from": [ 8.25, 3, 7.5 ],
			"to": [ 8.75, 23, 7.75 ],
			"faces": {
				"down": { "uv": [ 9.75, 10.75, 10, 10.8125 ], "texture": "#voxels_atlas" },
				"up": { "uv": [ 9.75, 10.75, 10, 10.6875 ], "texture": "#voxels_atlas" },
				"north": { "uv": [ 3.25, 11, 3, 16 ], "texture": "#voxels_atlas" },
				"south": { "uv": [ 4, 11, 4.25, 16 ], "texture": "#voxels_atlas" },
				"west": { "uv": [ 6.125, 11, 6.25, 16 ], "texture": "#voxels_atlas" },
				"east": { "uv": [ 6.625, 11, 6.5, 16 ], "texture": "#voxels_atlas" }
			}
		},
		{
			"__comment": "Voxels",
			"from": [ 8.25, 3, 8 ],
			"to": [ 8.75, 23, 8.25 ],
			"faces": {
				"down": { "uv": [ 9.75, 12.0625, 10, 12.125 ], "texture": "#voxels_atlas" },
				"up": { "uv": [ 9.75, 10.375, 10, 10.3125 ], "texture": "#voxels_atlas" },
				"north": { "uv": [ 3.75, 11, 3.5, 16 ], "texture": "#voxels_atlas" },
				"south": { "uv": [ 4.75, 11, 5, 16 ], "texture": "#voxels_atlas" },
				"west": { "uv": [ 7, 11, 7.125, 16 ], "texture": "#voxels_atlas" },
				"east": { "uv": [ 7, 11, 6.875, 16 ], "texture": "#voxels_atlas" }
			}
		},
		{
			"__comment": "Voxels",
			"from": [ 8.25, 23, 7.5 ],
			"to": [ 8.5, 24.75, 7.75 ],
			"faces": {
				"down": { "uv": [ 10.375, 10.4375, 10.5, 10.5 ], "texture": "#voxels_atlas" },
				"up": { "uv": [ 10.375, 9.75, 10.5, 9.6875 ], "texture": "#voxels_atlas" },
				"north": { "uv": [ 5, 10.125, 4.875, 10.5625 ], "texture": "#voxels_atlas" },
				"south": { "uv": [ 4.75, 10.125, 4.875, 10.5625 ], "texture": "#voxels_atlas" },
				"west": { "uv": [ 4.875, 10.5625, 5, 11 ], "texture": "#voxels_atlas" },
				"east": { "uv": [ 4.875, 10.5625, 4.75, 11 ], "texture": "#voxels_atlas" }
			}
		},
		{
			"__comment": "Voxels",
			"from": [ 8.25, 23, 8 ],
			"to": [ 8.5, 24.75, 8.25 ],
			"faces": {
				"down": { "uv": [ 10.375, 10.75, 10.5, 10.8125 ], "texture": "#voxels_atlas" },
				"up": { "uv": [ 10.375, 10.5625, 10.5, 10.5 ], "texture": "#voxels_atlas" },
				"north": { "uv": [ 4.75, 9.6875, 4.625, 10.125 ], "texture": "#voxels_atlas" },
				"south": { "uv": [ 6.25, 9.6875, 6.375, 10.125 ], "texture": "#voxels_atlas" },
				"west": { "uv": [ 6.25, 10.125, 6.375, 10.5625 ], "texture": "#voxels_atlas" },
				"east": { "uv": [ 6.25, 10.125, 6.125, 10.5625 ], "texture": "#voxels_atlas" }
			}
		},
		{
			"__comment": "Voxels",
			"from": [ 8.75, -2, 7.5 ],
			"to": [ 9.25, -1.25, 7.75 ],
			"faces": {
				"down": { "uv": [ 9.75, 9.9375, 10, 10 ], "texture": "#voxels_atlas" },
				"up": { "uv": [ 9.75, 9.9375, 10, 9.875 ], "texture": "#voxels_atlas" },
				"north": { "uv": [ 8.375, 10.6875, 8.125, 10.875 ], "texture": "#voxels_atlas" },
				"south": { "uv": [ 8.125, 11.4375, 8.375, 11.625 ], "texture": "#voxels_atlas" },
				"west": { "uv": [ 6.5, 9.875, 6.625, 10.0625 ], "texture": "#voxels_atlas" },
				"east": { "uv": [ 7.125, 9.875, 7, 10.0625 ], "texture": "#voxels_atlas" }
			}
		},
		{
			"__comment": "Voxels",
			"from": [ 8.75, -2, 8 ],
			"to": [ 9.25, -1.25, 8.25 ],
			"faces": {
				"down": { "uv": [ 9.75, 9.8125, 10, 9.875 ], "texture": "#voxels_atlas" },
				"up": { "uv": [ 9.75, 9.8125, 10, 9.75 ], "texture": "#voxels_atlas" },
				"north": { "uv": [ 8.375, 11.625, 8.125, 11.8125 ], "texture": "#voxels_atlas" },
				"south": { "uv": [ 8.125, 11.8125, 8.375, 12 ], "texture": "#voxels_atlas" },
				"west": { "uv": [ 6.875, 10.8125, 7, 11 ], "texture": "#voxels_atlas" },
				"east": { "uv": [ 6.875, 9.6875, 6.75, 9.875 ], "texture": "#voxels_atlas" }
			}
		},
		{
			"__comment": "Voxels",
			"from": [ 8.75, -1.75, 7.75 ],
			"to": [ 9.25, -1.25, 8 ],
			"faces": {
				"down": { "uv": [ 9.75, 9.6875, 10, 9.75 ], "texture": "#voxels_atlas" },
				"up": { "uv": [ 12.25, 12.5, 12.5, 12.4375 ], "texture": "#voxels_atlas" },
				"north": { "uv": [ 9.5, 10.875, 9.25, 11 ], "texture": "#voxels_atlas" },
				"south": { "uv": [ 9.5, 10.875, 9.75, 11 ], "texture": "#voxels_atlas" },
				"west": { "uv": [ 10.375, 12.3125, 10.5, 12.4375 ], "texture": "#voxels_atlas" },
				"east": { "uv": [ 10.5, 12.1875, 10.375, 12.3125 ], "texture": "#voxels_atlas" }
			}
		},
		{
			"__comment": "Voxels",
			"from": [ 8.75, 0.5, 7.5 ],
			"to": [ 9.75, 0.75, 7.75 ],
			"faces": {
				"down": { "uv": [ 9.25, 10.6875, 9.75, 10.75 ], "texture": "#voxels_atlas" },
				"up": { "uv": [ 9.25, 10.5625, 9.75, 10.5 ], "texture": "#voxels_atlas" },
				"north": { "uv": [ 9.75, 10.4375, 9.25, 10.5 ], "texture": "#voxels_atlas" },
				"south": { "uv": [ 9.25, 10.1875, 9.75, 10.25 ], "texture": "#voxels_atlas" },
				"west": { "uv": [ 14.375, 12.3125, 14.5, 12.375 ], "texture": "#voxels_atlas" },
				"east": { "uv": [ 14.875, 12.3125, 14.75, 12.375 ], "texture": "#voxels_atlas" }
			}
		},
		{
			"__comment": "Voxels",
			"from": [ 8.75, 0.5, 8 ],
			"to": [ 9.75, 0.75, 8.25 ],
			"faces": {
				"down": { "uv": [ 9.25, 10.125, 9.75, 10.1875 ], "texture": "#voxels_atlas" },
				"up": { "uv": [ 9.25, 10, 9.75, 9.9375 ], "texture": "#voxels_atlas" },
				"north": { "uv": [ 9.75, 9.875, 9.25, 9.9375 ], "texture": "#voxels_atlas" },
				"south": { "uv": [ 9.25, 9.6875, 9.75, 9.75 ], "texture": "#voxels_atlas" },
				"west": { "uv": [ 10.5, 11.9375, 10.625, 12 ], "texture": "#voxels_atlas" },
				"east": { "uv": [ 10.625, 11.875, 10.5, 11.9375 ], "texture": "#voxels_atlas" }
			}
		},
		{
			"__comment": "Voxels",
			"from": [ 9, -1.25, 7.5 ],
			"to": [ 9.75, -1, 7.75 ],
			"faces": {
				"down": { "uv": [ 15.625, 12.5625, 16, 12.625 ], "texture": "#voxels_atlas" },
				"up": { "uv": [ 10, 9.9375, 10.375, 9.875 ], "texture": "#voxels_atlas" },
				"north": { "uv": [ 10.375, 9.9375, 10, 10 ], "texture": "#voxels_atlas" },
				"south": { "uv": [ 10, 10, 10.375, 10.0625 ], "texture": "#voxels_atlas" },
				"west": { "uv": [ 10.5, 11.25, 10.625, 11.3125 ], "texture": "#voxels_atlas" },
				"east": { "uv": [ 10.625, 11.1875, 10.5, 11.25 ], "texture": "#voxels_atlas" }
			}
		},
		{
			"__comment": "Voxels",
			"from": [ 9, -1.25, 8 ],
			"to": [ 9.75, -1, 8.25 ],
			"faces": {
				"down": { "uv": [ 10, 10.0625, 10.375, 10.125 ], "texture": "#voxels_atlas" },
				"up": { "uv": [ 10, 10.3125, 10.375, 10.25 ], "texture": "#voxels_atlas" },
				"north": { "uv": [ 10.375, 10.3125, 10, 10.375 ], "texture": "#voxels_atlas" },
				"south": { "uv": [ 10, 10.375, 10.375, 10.4375 ], "texture": "#voxels_atlas" },
				"west": { "uv": [ 10.5, 10.875, 10.625, 10.9375 ], "texture": "#voxels_atlas" },
				"east": { "uv": [ 10.625, 10.8125, 10.5, 10.875 ], "texture": "#voxels_atlas" }
			}
		},
		{
			"__comment": "Voxels",
			"from": [ 9, 0.25, 7.5 ],
			"to": [ 9.75, 0.5, 7.75 ],
			"faces": {
				"down": { "uv": [ 10, 10.4375, 10.375, 10.5 ], "texture": "#voxels_atlas" },
				"up": { "uv": [ 10, 10.875, 10.375, 10.8125 ], "texture": "#voxels_atlas" },
				"north": { "uv": [ 10.375, 10.875, 10, 10.9375 ], "texture": "#voxels_atlas" },
				"south": { "uv": [ 10, 10.9375, 10.375, 11 ], "texture": "#voxels_atlas" },
				"west": { "uv": [ 10.5, 10.5, 10.625, 10.5625 ], "texture": "#voxels_atlas" },
				"east": { "uv": [ 10.625, 10.4375, 10.5, 10.5 ], "texture": "#voxels_atlas" }
			}
		},
		{
			"__comment": "Voxels",
			"from": [ 9, 0.25, 8 ],
			"to": [ 9.75, 0.5, 8.25 ],
			"faces": {
				"down": { "uv": [ 10, 11, 10.375, 11.0625 ], "texture": "#voxels_atlas" },
				"up": { "uv": [ 10, 11.125, 10.375, 11.0625 ], "texture": "#voxels_atlas" },
				"north": { "uv": [ 10.375, 11.125, 10, 11.1875 ], "texture": "#voxels_atlas" },
				"south": { "uv": [ 10, 11.1875, 10.375, 11.25 ], "texture": "#voxels_atlas" },
				"west": { "uv": [ 10.5, 10.125, 10.625, 10.1875 ], "texture": "#voxels_atlas" },
				"east": { "uv": [ 10.625, 10.0625, 10.5, 10.125 ], "texture": "#voxels_atlas" }
			}
		},
		{
			"__comment": "Voxels",
			"from": [ 9.25, -1.5, 7.5 ],
			"to": [ 9.5, -1.25, 8.25 ],
			"faces": {
				"down": { "uv": [ 6.875, 10.625, 7, 10.8125 ], "texture": "#voxels_atlas" },
				"up": { "uv": [ 6.75, 10.0625, 6.875, 9.875 ], "texture": "#voxels_atlas" },
				"north": { "uv": [ 10.75, 11.875, 10.625, 11.9375 ], "texture": "#voxels_atlas" },
				"south": { "uv": [ 10.625, 11.8125, 10.75, 11.875 ], "texture": "#voxels_atlas" },
				"west": { "uv": [ 12.25, 12.5, 12.625, 12.5625 ], "texture": "#voxels_atlas" },
				"east": { "uv": [ 10.375, 11.375, 10, 11.4375 ], "texture": "#voxels_atlas" }
			}
		},
		{
			"__comment": "Voxels",
			"from": [ 9.25, -1, 7.5 ],
			"to": [ 9.75, -0.75, 7.75 ],
			"faces": {
				"down": { "uv": [ 14.25, 12.4375, 14.5, 12.5 ], "texture": "#voxels_atlas" },
				"up": { "uv": [ 14.5, 12.5, 14.75, 12.4375 ], "texture": "#voxels_atlas" },
				"north": { "uv": [ 15, 12.4375, 14.75, 12.5 ], "texture": "#voxels_atlas" },
				"south": { "uv": [ 15, 12.4375, 15.25, 12.5 ], "texture": "#voxels_atlas" },
				"west": { "uv": [ 8.75, 9.6875, 8.875, 9.75 ], "texture": "#voxels_atlas" },
				"east": { "uv": [ 16, 13.3125, 15.875, 13.375 ], "texture": "#voxels_atlas" }
			}
		},
		{
			"__comment": "Voxels",
			"from": [ 9.25, -1, 8 ],
			"to": [ 9.75, -0.75, 8.25 ],
			"faces": {
				"down": { "uv": [ 15.25, 12.4375, 15.5, 12.5 ], "texture": "#voxels_atlas" },
				"up": { "uv": [ 15.5, 12.5, 15.75, 12.4375 ], "texture": "#voxels_atlas" },
				"north": { "uv": [ 16, 12.4375, 15.75, 12.5 ], "texture": "#voxels_atlas" },
				"south": { "uv": [ 14, 12.375, 14.25, 12.4375 ], "texture": "#voxels_atlas" },
				"west": { "uv": [ 9.125, 10.25, 9.25, 10.3125 ], "texture": "#voxels_atlas" },
				"east": { "uv": [ 9.25, 10.0625, 9.125, 10.125 ], "texture": "#voxels_atlas" }
			}
		},
		{
			"__comment": "Voxels",
			"from": [ 9.25, 0, 7.5 ],
			"to": [ 9.75, 0.25, 7.75 ],
			"faces": {
				"down": { "uv": [ 10.5, 12.375, 10.75, 12.4375 ], "texture": "#voxels_atlas" },
				"up": { "uv": [ 10.75, 12.4375, 11, 12.375 ], "texture": "#voxels_atlas" },
				"north": { "uv": [ 11.25, 12.375, 11, 12.4375 ], "texture": "#voxels_atlas" },
				"south": { "uv": [ 11.25, 12.375, 11.5, 12.4375 ], "texture": "#voxels_atlas" },
				"west": { "uv": [ 10.375, 10.625, 10.5, 10.6875 ], "texture": "#voxels_atlas" },
				"east": { "uv": [ 10.5, 10.5625, 10.375, 10.625 ], "texture": "#voxels_atlas" }
			}
		},
		{
			"__comment": "Voxels",
			"from": [ 9.25, 0, 8 ],
			"to": [ 9.75, 0.25, 8.25 ],
			"faces": {
				"down": { "uv": [ 11.5, 12.375, 11.75, 12.4375 ], "texture": "#voxels_atlas" },
				"up": { "uv": [ 11.75, 12.4375, 12, 12.375 ], "texture": "#voxels_atlas" },
				"north": { "uv": [ 12.25, 12.375, 12, 12.4375 ], "texture": "#voxels_atlas" },
				"south": { "uv": [ 12.25, 12.375, 12.5, 12.4375 ], "texture": "#voxels_atlas" },
				"west": { "uv": [ 10.375, 10.25, 10.5, 10.3125 ], "texture": "#voxels_atlas" },
				"east": { "uv": [ 10.5, 10.1875, 10.375, 10.25 ], "texture": "#voxels_atlas" }
			}
		},
		{
			"__comment": "Voxels",
			"from": [ 9.25, 1.25, 7.5 ],
			"to": [ 10.75, 1.5, 8.25 ],
			"faces": {
				"down": { "uv": [ 7.625, 12.75, 8.375, 12.9375 ], "texture": "#voxels_atlas" },
				"up": { "uv": [ 7.625, 13.3125, 8.375, 13.125 ], "texture": "#voxels_atlas" },
				"north": { "uv": [ 12.25, 12.8125, 11.5, 12.875 ], "texture": "#voxels_atlas" },
				"south": { "uv": [ 10.75, 12.8125, 11.5, 12.875 ], "texture": "#voxels_atlas" },
				"west": { "uv": [ 13, 12.5, 13.375, 12.5625 ], "texture": "#voxels_atlas" },
				"east": { "uv": [ 13, 12.5, 12.625, 12.5625 ], "texture": "#voxels_atlas" }
			}
		},
		{
			"__comment": "Voxels",
			"from": [ 9.5, -0.75, 7.5 ],
			"to": [ 10, 0, 7.75 ],
			"faces": {
				"down": { "uv": [ 14, 12.3125, 14.25, 12.375 ], "texture": "#voxels_atlas" },
				"up": { "uv": [ 12.5, 12.4375, 12.75, 12.375 ], "texture": "#voxels_atlas" },
				"north": { "uv": [ 8.375, 12.1875, 8.125, 12.375 ], "texture": "#voxels_atlas" },
				"south": { "uv": [ 8.125, 12.375, 8.375, 12.5625 ], "texture": "#voxels_atlas" },
				"west": { "uv": [ 6.625, 9.875, 6.75, 10.0625 ], "texture": "#voxels_atlas" },
				"east": { "uv": [ 6.75, 10.0625, 6.625, 10.25 ], "texture": "#voxels_atlas" }
			}
		},
		{
			"__comment": "Voxels",
			"from": [ 9.5, -0.75, 8 ],
			"to": [ 10, 0, 8.25 ],
			"faces": {
				"down": { "uv": [ 13, 12.375, 13.25, 12.4375 ], "texture": "#voxels_atlas" },
				"up": { "uv": [ 13.25, 12.4375, 13.5, 12.375 ], "texture": "#voxels_atlas" },
				"north": { "uv": [ 14.125, 14.6875, 13.875, 14.875 ], "texture": "#voxels_atlas" },
				"south": { "uv": [ 12.125, 14.6875, 12.375, 14.875 ], "texture": "#voxels_atlas" },
				"west": { "uv": [ 6.625, 10.25, 6.75, 10.4375 ], "texture": "#voxels_atlas" },
				"east": { "uv": [ 6.75, 10.4375, 6.625, 10.625 ], "texture": "#voxels_atlas" }
			}
		},
		{
			"__comment": "Voxels",
			"from": [ 9.75, -2.25, 7.5 ],
			"to": [ 10.75, -2, 8.25 ],
			"faces": {
				"down": { "uv": [ 7.625, 9.75, 8.125, 9.9375 ], "texture": "#voxels_atlas" },
				"up": { "uv": [ 7.625, 10.125, 8.125, 9.9375 ], "texture": "#voxels_atlas" },
				"north": { "uv": [ 10.25, 12.625, 9.75, 12.6875 ], "texture": "#voxels_atlas" },
				"south": { "uv": [ 10.25, 12.625, 10.75, 12.6875 ], "texture": "#voxels_atlas" },
				"west": { "uv": [ 11.125, 12.5, 11.5, 12.5625 ], "texture": "#voxels_atlas" },
				"east": { "uv": [ 11.125, 12.5, 10.75, 12.5625 ], "texture": "#voxels_atlas" }
			}
		},
		{
			"__comment": "Voxels",
			"from": [ 10, -2, 7.5 ],
			"to": [ 11, -1.75, 8.25 ],
			"faces": {
				"down": { "uv": [ 7.625, 10.125, 8.125, 10.3125 ], "texture": "#voxels_atlas" },
				"up": { "uv": [ 7.625, 10.5, 8.125, 10.3125 ], "texture": "#voxels_atlas" },
				"north": { "uv": [ 11.25, 12.625, 10.75, 12.6875 ], "texture": "#voxels_atlas" },
				"south": { "uv": [ 12.25, 12.625, 12.75, 12.6875 ], "texture": "#voxels_atlas" },
				"west": { "uv": [ 13.75, 12.5, 14.125, 12.5625 ], "texture": "#voxels_atlas" },
				"east": { "uv": [ 15.625, 12.5625, 15.25, 12.625 ], "texture": "#voxels_atlas" }
			}
		},
		{
			"__comment": "Voxels",
			"from": [ 10, 0.75, 7.5 ],
			"to": [ 11, 1, 8.25 ],
			"faces": {
				"down": { "uv": [ 7.625, 10.5, 8.125, 10.6875 ], "texture": "#voxels_atlas" },
				"up": { "uv": [ 7.625, 10.875, 8.125, 10.6875 ], "texture": "#voxels_atlas" },
				"north": { "uv": [ 13.25, 12.625, 12.75, 12.6875 ], "texture": "#voxels_atlas" },
				"south": { "uv": [ 14.25, 12.625, 14.75, 12.6875 ], "texture": "#voxels_atlas" },
				"west": { "uv": [ 12.625, 12.5625, 13, 12.625 ], "texture": "#voxels_atlas" },
				"east": { "uv": [ 12.625, 12.5625, 12.25, 12.625 ], "texture": "#voxels_atlas" }
			}
		},
		{
			"__comment": "Voxels",
			"from": [ 10, 1, 7.5 ],
			"to": [ 10.75, 1.25, 8.25 ],
			"faces": {
				"down": { "uv": [ 8.875, 12.125, 9.25, 12.3125 ], "texture": "#voxels_atlas" },
				"up": { "uv": [ 8.375, 10.0625, 8.75, 9.875 ], "texture": "#voxels_atlas" },
				"north": { "uv": [ 10.375, 9.8125, 10, 9.875 ], "texture": "#voxels_atlas" },
				"south": { "uv": [ 10, 9.75, 10.375, 9.8125 ], "texture": "#voxels_atlas" },
				"west": { "uv": [ 10, 9.6875, 10.375, 9.75 ], "texture": "#voxels_atlas" },
				"east": { "uv": [ 10.75, 12.4375, 10.375, 12.5 ], "texture": "#voxels_atlas" }
			}
		},
		{
			"__comment": "Voxels",
			"from": [ 10.25, -1.75, 7.5 ],
			"to": [ 11.25, -1.5, 8.25 ],
			"faces": {
				"down": { "uv": [ 7.625, 10.875, 8.125, 11.0625 ], "texture": "#voxels_atlas" },
				"up": { "uv": [ 7.625, 11.25, 8.125, 11.0625 ], "texture": "#voxels_atlas" },
				"north": { "uv": [ 15.25, 12.625, 14.75, 12.6875 ], "texture": "#voxels_atlas" },
				"south": { "uv": [ 15.25, 12.625, 15.75, 12.6875 ], "texture": "#voxels_atlas" },
				"west": { "uv": [ 10.75, 12.4375, 11.125, 12.5 ], "texture": "#voxels_atlas" },
				"east": { "uv": [ 11.5, 12.4375, 11.125, 12.5 ], "texture": "#voxels_atlas" }
			}
		},
		{
			"__comment": "Voxels",
			"from": [ 10.25, 0.5, 7.5 ],
			"to": [ 11.25, 0.75, 8.25 ],
			"faces": {
				"down": { "uv": [ 7.625, 11.25, 8.125, 11.4375 ], "texture": "#voxels_atlas" },
				"up": { "uv": [ 8.375, 12.4375, 8.875, 12.25 ], "texture": "#voxels_atlas" },
				"north": { "uv": [ 16, 12.9375, 15.5, 13 ], "texture": "#voxels_atlas" },
				"south": { "uv": [ 9.25, 12.625, 9.75, 12.6875 ], "texture": "#voxels_atlas" },
				"west": { "uv": [ 11.5, 12.4375, 11.875, 12.5 ], "texture": "#voxels_atlas" },
				"east": { "uv": [ 12.25, 12.4375, 11.875, 12.5 ], "texture": "#voxels_atlas" }
			}
		},
		{
			"__comment": "Voxels",
			"from": [ 10.25, 2.5, 7.75 ],
			"to": [ 10.75, 2.75, 8 ],
			"faces": {
				"down": { "uv": [ 12.25, 12.3125, 12.5, 12.375 ], "texture": "#voxels_atlas" },
				"up": { "uv": [ 12.5, 12.375, 12.75, 12.3125 ], "texture": "#voxels_atlas" },
				"north": { "uv": [ 13, 12.3125, 12.75, 12.375 ], "texture": "#voxels_atlas" },
				"south": { "uv": [ 13, 12.3125, 13.25, 12.375 ], "texture": "#voxels_atlas" },
				"west": { "uv": [ 10.5, 10, 10.625, 10.0625 ], "texture": "#voxels_atlas" },
				"east": { "uv": [ 10.625, 9.9375, 10.5, 10 ], "texture": "#voxels_atlas" }
			}
		},
		{
			"__comment": "Voxels",
			"from": [ 10.5, -1.5, 7.5 ],
			"to": [ 11.25, 0.5, 8.25 ],
			"faces": {
				"down": { "uv": [ 8.875, 12.875, 9.25, 13.0625 ], "texture": "#voxels_atlas" },
				"up": { "uv": [ 8.875, 12.5, 9.25, 12.3125 ], "texture": "#voxels_atlas" },
				"north": { "uv": [ 6.125, 11.375, 5.75, 11.875 ], "texture": "#voxels_atlas" },
				"south": { "uv": [ 5.75, 9.875, 6.125, 10.375 ], "texture": "#voxels_atlas" },
				"west": { "uv": [ 5.75, 10.375, 6.125, 10.875 ], "texture": "#voxels_atlas" },
				"east": { "uv": [ 6.125, 10.875, 5.75, 11.375 ], "texture": "#voxels_atlas" }
			}
		},
		{
			"__comment": "Voxels",
			"from": [ 11.25, -1.5, 7.75 ],
			"to": [ 11.5, 0.5, 8 ],
			"faces": {
				"down": { "uv": [ 10.625, 12.125, 10.75, 12.1875 ], "texture": "#voxels_atlas" },
				"up": { "uv": [ 10.625, 12.125, 10.75, 12.0625 ], "texture": "#voxels_atlas" },
				"north": { "uv": [ 4.5, 10.5, 4.375, 11 ], "texture": "#voxels_atlas" },
				"south": { "uv": [ 4.25, 10, 4.375, 10.5 ], "texture": "#voxels_atlas" },
				"west": { "uv": [ 4.375, 10, 4.5, 10.5 ], "texture": "#voxels_atlas" },
				"east": { "uv": [ 4.375, 10.5, 4.25, 11 ], "texture": "#voxels_atlas" }
			}
		}
	],
	"display": {
		"thirdperson_righthand": {
			"rotation":  [ 0, 90, 0 ],
			"translation":  [ 0, 6.2, 1 ],
			"scale":  [ 0.5, 0.5, 0.5 ]
		},
		"thirdperson_lefthand": {
			"rotation":  [ 0, 90, 0 ],
			"translation":  [ 0, 6.2, 1 ],
			"scale":  [ 0.5, 0.5, 0.5 ]
		},
		"firstperson_righthand": {
			"rotation":  [ -4, -85, -2 ],
			"translation":  [ 7.6521, 8.9776, -6.89 ],
			"scale":  [ 0.8, 0.8, 0.8 ]
		},
		"firstperson_lefthand": {
			"rotation":  [ -4, -85, -2 ],
			"translation":  [ 7.6521, 8.9776, -6.89 ],
			"scale":  [ 0.8, 0.8, 0.8 ]
		},
		"gui": {
			"rotation":  [ 180, 0, -135 ],
			"scale":  [ 0.35, 0.35, 0.35 ]
		},
		"ground": {
			"rotation":  [ 180, 0, 0 ],
			"translation":  [ 0, 5, 0 ],
			"scale":  [ 0.3, 0.3, 0.3 ]
		},
		"fixed": {
			"rotation":  [ 180, 0, 135 ],
			"scale":  [ 0.5, 0.5, 0.5 ]
		}
	}
}