{
	"__comment": "Designed by Elo106 with Cubik Studio - https://cubik.studio",
	"textures": {
		"particle": "items/frostmournen",
		"texture": "items/frostmournen",
		"voxels_atlas": "items/frostmournen"
	},
	"elements": [ 	 
		{
			"__comment": "Voxels",
			"from": [ 5.25, 12, 7.75 ],
			"to": [ 5.75, 12.5, 8.25 ],
			"faces": {
				"down": { "uv": [ 7.375, 3.25, 7.625, 3.75 ], "texture": "#voxels_atlas" },
				"up": { "uv": [ 0, 0.5, 0.25, 0 ], "texture": "#voxels_atlas" },
				"north": { "uv": [ 1.875, 0, 1.625, 0.5 ], "texture": "#voxels_atlas" },
				"south": { "uv": [ 4.125, 12.25, 4.375, 12.75 ], "texture": "#voxels_atlas" },
				"west": { "uv": [ 4.125, 11.75, 4.375, 12.25 ], "texture": "#voxels_atlas" },
				"east": { "uv": [ 4.375, 5.5, 4.125, 6 ], "texture": "#voxels_atlas" }
			}
		},
		{
			"__comment": "Voxels",
			"from": [ 5.25, 14, 8 ],
			"to": [ 5.5, 15.25, 8.25 ],
			"faces": {
				"down": { "uv": [ 7.875, 0.75, 8, 1 ], "texture": "#voxels_atlas" },
				"up": { "uv": [ 8.75, 2.75, 8.875, 2.5 ], "texture": "#voxels_atlas" },
				"north": { "uv": [ 7.125, 0.75, 7, 2 ], "texture": "#voxels_atlas" },
				"south": { "uv": [ 6.875, 0.75, 7, 2 ], "texture": "#voxels_atlas" },
				"west": { "uv": [ 7.25, 0.75, 7.375, 2 ], "texture": "#voxels_atlas" },
				"east": { "uv": [ 7.25, 0.75, 7.125, 2 ], "texture": "#voxels_atlas" }
			}
		},
		{
			"__comment": "Voxels",
			"from": [ 5.25, 14.5, 7.75 ],
			"to": [ 7.5, 14.75, 8 ],
			"faces": {
				"down": { "uv": [ 5, 8, 6.125, 8.25 ], "texture": "#voxels_atlas" },
				"up": { "uv": [ 5.25, 12, 6.375, 11.75 ], "texture": "#voxels_atlas" },
				"north": { "uv": [ 6.125, 7.25, 5, 7.5 ], "texture": "#voxels_atlas" },
				"south": { "uv": [ 5, 8.25, 6.125, 8.5 ], "texture": "#voxels_atlas" },
				"west": { "uv": [ 8.75, 2.25, 8.875, 2.5 ], "texture": "#voxels_atlas" },
				"east": { "uv": [ 8.875, 1, 8.75, 1.25 ], "texture": "#voxels_atlas" }
			}
		},
		{
			"__comment": "Voxels",
			"from": [ 5.25, 14.5, 8.25 ],
			"to": [ 5.75, 14.75, 8.5 ],
			"faces": {
				"down": { "uv": [ 8.25, 11.25, 8.5, 11.5 ], "texture": "#voxels_atlas" },
				"up": { "uv": [ 8.25, 11.25, 8.5, 11 ], "texture": "#voxels_atlas" },
				"north": { "uv": [ 8.5, 10.75, 8.25, 11 ], "texture": "#voxels_atlas" },
				"south": { "uv": [ 8.25, 10.5, 8.5, 10.75 ], "texture": "#voxels_atlas" },
				"west": { "uv": [ 8.75, 0.75, 8.875, 1 ], "texture": "#voxels_atlas" },
				"east": { "uv": [ 8.875, 0.5, 8.75, 0.75 ], "texture": "#voxels_atlas" }
			}
		},
		{
			"__comment": "Voxels",
			"from": [ 5.25, 14.75, 7.75 ],
			"to": [ 5.5, 15, 8 ],
			"faces": {
				"up": { "uv": [ 9, 14.25, 9.125, 14 ], "texture": "#voxels_atlas" },
				"north": { "uv": [ 9.25, 14, 9.125, 14.25 ], "texture": "#voxels_atlas" },
				"west": { "uv": [ 9.375, 14, 9.5, 14.25 ], "texture": "#voxels_atlas" },
				"east": { "uv": [ 7.375, 14, 7.25, 14.25 ], "texture": "#voxels_atlas" }
			}
		},
		{
			"__comment": "Voxels",
			"from": [ 5.25, 14.75, 8.25 ],
			"to": [ 5.5, 15, 8.5 ],
			"faces": {
				"up": { "uv": [ 7.875, 13.5, 8, 13.25 ], "texture": "#voxels_atlas" },
				"south": { "uv": [ 7.875, 12.75, 8, 13 ], "texture": "#voxels_atlas" },
				"west": { "uv": [ 7.875, 11.5, 8, 11.75 ], "texture": "#voxels_atlas" },
				"east": { "uv": [ 8, 11.25, 7.875, 11.5 ], "texture": "#voxels_atlas" }
			}
		},
		{
			"__comment": "Voxels",
			"from": [ 5.5, 12.5, 7.75 ],
			"to": [ 10.5, 12.75, 8.25 ],
			"faces": {
				"down": { "uv": [ 1.875, 14.5, 4.375, 15 ], "texture": "#voxels_atlas" },
				"up": { "uv": [ 1.875, 16, 4.375, 15.5 ], "texture": "#voxels_atlas" },
				"north": { "uv": [ 4.375, 7.5, 1.875, 7.75 ], "texture": "#voxels_atlas" },
				"south": { "uv": [ 1.875, 7.25, 4.375, 7.5 ], "texture": "#voxels_atlas" },
				"west": { "uv": [ 8.25, 1.5, 8.5, 1.75 ], "texture": "#voxels_atlas" },
				"east": { "uv": [ 8.5, 0.75, 8.25, 1 ], "texture": "#voxels_atlas" }
			}
		},
		{
			"__comment": "Voxels",
			"from": [ 5.5, 14.25, 7.75 ],
			"to": [ 5.75, 14.5, 8.25 ],
			"faces": {
				"down": { "uv": [ 8.25, 0.25, 8.375, 0.75 ], "texture": "#voxels_atlas" },
				"up": { "uv": [ 8.375, 0.75, 8.5, 0.25 ], "texture": "#voxels_atlas" },
				"north": { "uv": [ 8, 11, 7.875, 11.25 ], "texture": "#voxels_atlas" },
				"south": { "uv": [ 7.875, 10.25, 8, 10.5 ], "texture": "#voxels_atlas" },
				"west": { "uv": [ 11.5, 14.75, 11.75, 15 ], "texture": "#voxels_atlas" },
				"east": { "uv": [ 12, 14.75, 11.75, 15 ], "texture": "#voxels_atlas" }
			}
		},
		{
			"__comment": "Voxels",
			"from": [ 5.5, 14.5, 8 ],
			"to": [ 7.5, 14.75, 8.25 ],
			"faces": {
				"down": { "uv": [ 5.375, 3.75, 6.375, 4 ], "texture": "#voxels_atlas" },
				"up": { "uv": [ 5.125, 3.75, 6.125, 3.5 ], "texture": "#voxels_atlas" },
				"south": { "uv": [ 5.125, 3, 6.125, 3.25 ], "texture": "#voxels_atlas" },
				"east": { "uv": [ 8, 9.75, 7.875, 10 ], "texture": "#voxels_atlas" }
			}
		},
		{
			"__comment": "Voxels",
			"from": [ 5.5, 14.75, 8 ],
			"to": [ 5.75, 15.5, 8.25 ],
			"faces": {
				"up": { "uv": [ 7.875, 9.5, 8, 9.25 ], "texture": "#voxels_atlas" },
				"north": { "uv": [ 8.125, 2.5, 8, 3.25 ], "texture": "#voxels_atlas" },
				"south": { "uv": [ 8, 1.75, 8.125, 2.5 ], "texture": "#voxels_atlas" },
				"west": { "uv": [ 6.375, 0, 6.5, 0.75 ], "texture": "#voxels_atlas" },
				"east": { "uv": [ 8.125, 0.25, 8, 1 ], "texture": "#voxels_atlas" }
			}
		},
		{
			"__comment": "Voxels",
			"from": [ 5.5, 15, 7.75 ],
			"to": [ 6.25, 15.25, 8 ],
			"faces": {
				"down": { "uv": [ 7.625, 2.5, 8, 2.75 ], "texture": "#voxels_atlas" },
				"up": { "uv": [ 7.625, 2.5, 8, 2.25 ], "texture": "#voxels_atlas" },
				"north": { "uv": [ 15.375, 15.75, 15, 16 ], "texture": "#voxels_atlas" },
				"south": { "uv": [ 15.375, 15.75, 15.75, 16 ], "texture": "#voxels_atlas" },
				"west": { "uv": [ 7.875, 9, 8, 9.25 ], "texture": "#voxels_atlas" },
				"east": { "uv": [ 8, 8.75, 7.875, 9 ], "texture": "#voxels_atlas" }
			}
		},
		{
			"__comment": "Voxels",
			"from": [ 5.5, 15, 8.25 ],
			"to": [ 6, 15.5, 8.5 ],
			"faces": {
				"down": { "uv": [ 8.875, 14.5, 9.125, 14.75 ], "texture": "#voxels_atlas" },
				"up": { "uv": [ 10.875, 14.75, 11.125, 14.5 ], "texture": "#voxels_atlas" },
				"north": { "uv": [ 6.375, 3.25, 6.125, 3.75 ], "texture": "#voxels_atlas" },
				"south": { "uv": [ 6.125, 2.75, 6.375, 3.25 ], "texture": "#voxels_atlas" },
				"west": { "uv": [ 8.5, 11.75, 8.625, 12.25 ], "texture": "#voxels_atlas" },
				"east": { "uv": [ 8.625, 11.25, 8.5, 11.75 ], "texture": "#voxels_atlas" }
			}
		},
		{
			"__comment": "Voxels",
			"from": [ 5.5, 15.25, 7.75 ],
			"to": [ 6, 15.5, 8 ],
			"faces": {
				"up": { "uv": [ 4.125, 4.5, 4.375, 4.25 ], "texture": "#voxels_atlas" },
				"north": { "uv": [ 4.375, 4, 4.125, 4.25 ], "texture": "#voxels_atlas" },
				"south": { "uv": [ 6.125, 8.25, 6.375, 8.5 ], "texture": "#voxels_atlas" },
				"west": { "uv": [ 7.875, 8.5, 8, 8.75 ], "texture": "#voxels_atlas" },
				"east": { "uv": [ 8, 8.25, 7.875, 8.5 ], "texture": "#voxels_atlas" }
			}
		},
		{
			"__comment": "Voxels",
			"from": [ 5.75, 12.25, 7.75 ],
			"to": [ 10.75, 12.5, 8.25 ],
			"faces": {
				"down": { "uv": [ 1.875, 14, 4.375, 14.5 ], "texture": "#voxels_atlas" },
				"up": { "uv": [ 1.875, 15.5, 4.375, 15 ], "texture": "#voxels_atlas" },
				"north": { "uv": [ 4.375, 7, 1.875, 7.25 ], "texture": "#voxels_atlas" },
				"south": { "uv": [ 1.875, 8.25, 4.375, 8.5 ], "texture": "#voxels_atlas" },
				"east": { "uv": [ 7.375, 6.25, 7.125, 6.5 ], "texture": "#voxels_atlas" }
			}
		},
		{
			"__comment": "Voxels",
			"from": [ 5.75, 12.75, 7.75 ],
			"to": [ 10.25, 13, 8.25 ],
			"faces": {
				"up": { "uv": [ 1.875, 12.25, 4.125, 11.75 ], "texture": "#voxels_atlas" },
				"north": { "uv": [ 4.125, 4.25, 1.875, 4.5 ], "texture": "#voxels_atlas" },
				"south": { "uv": [ 1.875, 4, 4.125, 4.25 ], "texture": "#voxels_atlas" },
				"west": { "uv": [ 7.125, 6, 7.375, 6.25 ], "texture": "#voxels_atlas" },
				"east": { "uv": [ 7.375, 5.75, 7.125, 6 ], "texture": "#voxels_atlas" }
			}
		},
		{
			"__comment": "Voxels",
			"from": [ 5.75, 14.75, 7.5 ],
			"to": [ 6, 15, 8 ],
			"faces": {
				"down": { "uv": [ 4.25, 6, 4.375, 6.5 ], "texture": "#voxels_atlas" },
				"up": { "uv": [ 7.25, 8.5, 7.375, 8 ], "texture": "#voxels_atlas" },
				"north": { "uv": [ 8, 8, 7.875, 8.25 ], "texture": "#voxels_atlas" },
				"south": { "uv": [ 7.875, 7.25, 8, 7.5 ], "texture": "#voxels_atlas" },
				"west": { "uv": [ 7.125, 4.5, 7.375, 4.75 ], "texture": "#voxels_atlas" },
				"east": { "uv": [ 7.375, 4.25, 7.125, 4.5 ], "texture": "#voxels_atlas" }
			}
		},
		{
			"__comment": "Voxels",
			"from": [ 5.75, 14.75, 8.25 ],
			"to": [ 7.75, 15, 8.5 ],
			"faces": {
				"down": { "uv": [ 6.375, 15.5, 7.375, 15.75 ], "texture": "#voxels_atlas" },
				"up": { "uv": [ 6.375, 15.5, 7.375, 15.25 ], "texture": "#voxels_atlas" },
				"north": { "uv": [ 7.375, 15, 6.375, 15.25 ], "texture": "#voxels_atlas" },
				"south": { "uv": [ 4.625, 5.75, 5.625, 6 ], "texture": "#voxels_atlas" },
				"west": { "uv": [ 7.875, 7, 8, 7.25 ], "texture": "#voxels_atlas" },
				"east": { "uv": [ 8, 5.75, 7.875, 6 ], "texture": "#voxels_atlas" }
			}
		},
		{
			"__comment": "Voxels",
			"from": [ 5.75, 15, 8 ],
			"to": [ 7.75, 15.25, 8.25 ],
			"faces": {
				"down": { "uv": [ 6.375, 14.75, 7.375, 15 ], "texture": "#voxels_atlas" },
				"up": { "uv": [ 6.375, 14.75, 7.375, 14.5 ], "texture": "#voxels_atlas" },
				"north": { "uv": [ 5.625, 6.25, 4.625, 6.5 ], "texture": "#voxels_atlas" },
				"south": { "uv": [ 4.625, 6, 5.625, 6.25 ], "texture": "#voxels_atlas" },
				"east": { "uv": [ 8, 3.75, 7.875, 4 ], "texture": "#voxels_atlas" }
			}
		},
		{
			"__comment": "Voxels",
			"from": [ 5.75, 15.25, 8 ],
			"to": [ 6, 15.5, 8.25 ],
			"faces": {
				"up": { "uv": [ 8.625, 2.75, 8.75, 2.5 ], "texture": "#voxels_atlas" },
				"east": { "uv": [ 8.625, 3.5, 8.5, 3.75 ], "texture": "#voxels_atlas" }
			}
		},
		{
			"__comment": "Voxels",
			"from": [ 5.75, 15.5, 7.75 ],
			"to": [ 6.25, 15.75, 8 ],
			"faces": {
				"down": { "uv": [ 7.75, 14, 8, 14.25 ], "texture": "#voxels_atlas" },
				"up": { "uv": [ 15.75, 16, 16, 15.75 ], "texture": "#voxels_atlas" },
				"north": { "uv": [ 14.875, 15.25, 14.625, 15.5 ], "texture": "#voxels_atlas" },
				"south": { "uv": [ 8.25, 14, 8.5, 14.25 ], "texture": "#voxels_atlas" },
				"west": { "uv": [ 8.5, 3.25, 8.625, 3.5 ], "texture": "#voxels_atlas" },
				"east": { "uv": [ 8.625, 3, 8.5, 3.25 ], "texture": "#voxels_atlas" }
			}
		},
		{
			"__comment": "Voxels",
			"from": [ 5.75, 15.5, 8.25 ],
			"to": [ 6.25, 15.75, 8.5 ],
			"faces": {
				"down": { "uv": [ 15.375, 15.25, 15.625, 15.5 ], "texture": "#voxels_atlas" },
				"up": { "uv": [ 15.625, 15.5, 15.875, 15.25 ], "texture": "#voxels_atlas" },
				"north": { "uv": [ 8.5, 15, 8.25, 15.25 ], "texture": "#voxels_atlas" },
				"south": { "uv": [ 8.5, 15, 8.75, 15.25 ], "texture": "#voxels_atlas" },
				"west": { "uv": [ 8.5, 2.75, 8.625, 3 ], "texture": "#voxels_atlas" },
				"east": { "uv": [ 8.625, 1.5, 8.5, 1.75 ], "texture": "#voxels_atlas" }
			}
		},
		{
			"__comment": "Voxels",
			"from": [ 6, 14.5, 8.25 ],
			"to": [ 6.25, 14.75, 8.5 ],
			"faces": {
				"down": { "uv": [ 8.5, 1.25, 8.625, 1.5 ], "texture": "#voxels_atlas" },
				"south": { "uv": [ 8.625, 14.25, 8.75, 14.5 ], "texture": "#voxels_atlas" },
				"west": { "uv": [ 8.625, 14, 8.75, 14.25 ], "texture": "#voxels_atlas" },
				"east": { "uv": [ 8.75, 13.75, 8.625, 14 ], "texture": "#voxels_atlas" }
			}
		},
		{
			"__comment": "Voxels",
			"from": [ 6, 14.75, 7.75 ],
			"to": [ 7.75, 15, 8 ],
			"faces": {
				"down": { "uv": [ 6.375, 13.75, 7.25, 14 ], "texture": "#voxels_atlas" },
				"up": { "uv": [ 6.375, 14.25, 7.25, 14 ], "texture": "#voxels_atlas" },
				"north": { "uv": [ 7.25, 14.25, 6.375, 14.5 ], "texture": "#voxels_atlas" },
				"south": { "uv": [ 6.5, 13.5, 7.375, 13.75 ], "texture": "#voxels_atlas" },
				"east": { "uv": [ 8.75, 12.75, 8.625, 13 ], "texture": "#voxels_atlas" }
			}
		},
		{
			"__comment": "Voxels",
			"from": [ 6, 14.75, 8 ],
			"to": [ 7, 15, 8.25 ],
			"faces": {
				"west": { "uv": [ 8.625, 12.5, 8.75, 12.75 ], "texture": "#voxels_atlas" },
				"east": { "uv": [ 8.75, 12.25, 8.625, 12.5 ], "texture": "#voxels_atlas" }
			}
		},
		{
			"__comment": "Voxels",
			"from": [ 6.25, 13, 7.75 ],
			"to": [ 9.75, 13.25, 8.25 ],
			"faces": {
				"up": { "uv": [ 1.875, 11, 3.625, 10.5 ], "texture": "#voxels_atlas" },
				"north": { "uv": [ 6.375, 15.25, 4.625, 15.5 ], "texture": "#voxels_atlas" },
				"south": { "uv": [ 4.625, 14.5, 6.375, 14.75 ], "texture": "#voxels_atlas" },
				"west": { "uv": [ 10.75, 15, 11, 15.25 ], "texture": "#voxels_atlas" },
				"east": { "uv": [ 11.25, 15, 11, 15.25 ], "texture": "#voxels_atlas" }
			}
		},
		{
			"__comment": "Voxels",
			"from": [ 6.25, 14.5, 8.5 ],
			"to": [ 6.5, 15, 8.75 ],
			"faces": {
				"down": { "uv": [ 8.625, 12, 8.75, 12.25 ], "texture": "#voxels_atlas" },
				"up": { "uv": [ 8.625, 12, 8.75, 11.75 ], "texture": "#voxels_atlas" },
				"north": { "uv": [ 8.25, 10, 8.125, 10.5 ], "texture": "#voxels_atlas" },
				"south": { "uv": [ 8.125, 9.5, 8.25, 10 ], "texture": "#voxels_atlas" },
				"west": { "uv": [ 8.125, 9, 8.25, 9.5 ], "texture": "#voxels_atlas" },
				"east": { "uv": [ 8.25, 8.5, 8.125, 9 ], "texture": "#voxels_atlas" }
			}
		},
		{
			"__comment": "Voxels",
			"from": [ 6.25, 14.5, 8.75 ],
			"to": [ 6.5, 14.75, 9 ],
			"faces": {
				"down": { "uv": [ 8.625, 11.5, 8.75, 11.75 ], "texture": "#voxels_atlas" },
				"up": { "uv": [ 8.625, 11, 8.75, 10.75 ], "texture": "#voxels_atlas" },
				"south": { "uv": [ 8.625, 8.75, 8.75, 9 ], "texture": "#voxels_atlas" },
				"west": { "uv": [ 8.625, 8.5, 8.75, 8.75 ], "texture": "#voxels_atlas" },
				"east": { "uv": [ 8.75, 8.25, 8.625, 8.5 ], "texture": "#voxels_atlas" }
			}
		},
		{
			"__comment": "Voxels",
			"from": [ 6.25, 15, 8.25 ],
			"to": [ 9.75, 15.25, 8.5 ],
			"faces": {
				"down": { "uv": [ 4.625, 14.75, 6.375, 15 ], "texture": "#voxels_atlas" },
				"up": { "uv": [ 4.625, 15.75, 6.375, 15.5 ], "texture": "#voxels_atlas" },
				"north": { "uv": [ 6.375, 15.75, 4.625, 16 ], "texture": "#voxels_atlas" },
				"south": { "uv": [ 4.625, 15, 6.375, 15.25 ], "texture": "#voxels_atlas" },
				"west": { "uv": [ 8.625, 8, 8.75, 8.25 ], "texture": "#voxels_atlas" },
				"east": { "uv": [ 8.75, 7.25, 8.625, 7.5 ], "texture": "#voxels_atlas" }
			}
		},
		{
			"__comment": "Voxels",
			"from": [ 6.25, 15.25, 8.25 ],
			"to": [ 7, 15.5, 8.5 ],
			"faces": {
				"up": { "uv": [ 11.125, 15.75, 11.5, 15.5 ], "texture": "#voxels_atlas" },
				"north": { "uv": [ 11.875, 15.5, 11.5, 15.75 ], "texture": "#voxels_atlas" },
				"south": { "uv": [ 11.875, 15.5, 12.25, 15.75 ], "texture": "#voxels_atlas" },
				"west": { "uv": [ 8.625, 7, 8.75, 7.25 ], "texture": "#voxels_atlas" },
				"east": { "uv": [ 8.75, 6.75, 8.625, 7 ], "texture": "#voxels_atlas" }
			}
		},
		{
			"__comment": "Voxels",
			"from": [ 6.5, 13.5, 7.75 ],
			"to": [ 7.25, 13.75, 8.25 ],
			"faces": {
				"down": { "uv": [ 0.25, 0, 0.625, 0.5 ], "texture": "#voxels_atlas" },
				"up": { "uv": [ 6, 13, 6.375, 12.5 ], "texture": "#voxels_atlas" },
				"north": { "uv": [ 8.875, 15.5, 8.5, 15.75 ], "texture": "#voxels_atlas" },
				"south": { "uv": [ 8.875, 15.5, 9.25, 15.75 ], "texture": "#voxels_atlas" },
				"west": { "uv": [ 12, 15, 12.25, 15.25 ], "texture": "#voxels_atlas" },
				"east": { "uv": [ 12.5, 15, 12.25, 15.25 ], "texture": "#voxels_atlas" }
			}
		},
		{
			"__comment": "Voxels",
			"from": [ 6.5, 13.75, 7.75 ],
			"to": [ 7, 14.25, 8.25 ],
			"faces": {
				"up": { "uv": [ 4.125, 5, 4.375, 4.5 ], "texture": "#voxels_atlas" },
				"north": { "uv": [ 4.375, 3.5, 4.125, 4 ], "texture": "#voxels_atlas" },
				"south": { "uv": [ 2.625, 0, 2.875, 0.5 ], "texture": "#voxels_atlas" },
				"west": { "uv": [ 2.875, 0, 3.125, 0.5 ], "texture": "#voxels_atlas" },
				"east": { "uv": [ 3.375, 0, 3.125, 0.5 ], "texture": "#voxels_atlas" }
			}
		},
		{
			"__comment": "Voxels",
			"from": [ 6.5, 14.5, 8.25 ],
			"to": [ 6.75, 14.75, 8.5 ],
			"faces": {
				"down": { "uv": [ 8.625, 6.5, 8.75, 6.75 ], "texture": "#voxels_atlas" },
				"south": { "uv": [ 8.625, 4.75, 8.75, 5 ], "texture": "#voxels_atlas" },
				"west": { "uv": [ 8.625, 4.5, 8.75, 4.75 ], "texture": "#voxels_atlas" },
				"east": { "uv": [ 8.75, 4.25, 8.625, 4.5 ], "texture": "#voxels_atlas" }
			}
		},
		{
			"__comment": "Voxels",
			"from": [ 6.5, 14.75, 8.5 ],
			"to": [ 6.75, 15.25, 8.75 ],
			"faces": {
				"down": { "uv": [ 8.625, 4, 8.75, 4.25 ], "texture": "#voxels_atlas" },
				"up": { "uv": [ 8.625, 4, 8.75, 3.75 ], "texture": "#voxels_atlas" },
				"north": { "uv": [ 8.25, 7.5, 8.125, 8 ], "texture": "#voxels_atlas" },
				"south": { "uv": [ 8.125, 7, 8.25, 7.5 ], "texture": "#voxels_atlas" },
				"west": { "uv": [ 8.125, 6.5, 8.25, 7 ], "texture": "#voxels_atlas" },
				"east": { "uv": [ 8.25, 6, 8.125, 6.5 ], "texture": "#voxels_atlas" }
			}
		},
		{
			"__comment": "Voxels",
			"from": [ 6.5, 15, 7.75 ],
			"to": [ 7.75, 15.25, 8 ],
			"faces": {
				"up": { "uv": [ 5.75, 6.75, 6.375, 6.5 ], "texture": "#voxels_atlas" },
				"north": { "uv": [ 7.125, 3, 6.5, 3.25 ], "texture": "#voxels_atlas" },
				"west": { "uv": [ 8.625, 3.5, 8.75, 3.75 ], "texture": "#voxels_atlas" },
				"east": { "uv": [ 8.75, 3.25, 8.625, 3.5 ], "texture": "#voxels_atlas" }
			}
		},
		{
			"__comment": "Voxels",
			"from": [ 6.5, 15.25, 7.75 ],
			"to": [ 7.25, 15.75, 8.25 ],
			"faces": {
				"down": { "uv": [ 6.75, 11.5, 7.125, 12 ], "texture": "#voxels_atlas" },
				"up": { "uv": [ 6.375, 10.75, 6.75, 10.25 ], "texture": "#voxels_atlas" },
				"north": { "uv": [ 7.125, 10.25, 6.75, 10.75 ], "texture": "#voxels_atlas" },
				"south": { "uv": [ 6.375, 9.75, 6.75, 10.25 ], "texture": "#voxels_atlas" },
				"west": { "uv": [ 6.125, 13, 6.375, 13.5 ], "texture": "#voxels_atlas" },
				"east": { "uv": [ 6.375, 7.75, 6.125, 8.25 ], "texture": "#voxels_atlas" }
			}
		},
		{
			"__comment": "Voxels",
			"from": [ 6.5, 15.5, 7.5 ],
			"to": [ 7.5, 15.75, 7.75 ],
			"faces": {
				"down": { "uv": [ 6.875, 0, 7.375, 0.25 ], "texture": "#voxels_atlas" },
				"up": { "uv": [ 7.375, 13.5, 7.875, 13.25 ], "texture": "#voxels_atlas" },
				"north": { "uv": [ 7.875, 13, 7.375, 13.25 ], "texture": "#voxels_atlas" },
				"south": { "uv": [ 7.375, 12.75, 7.875, 13 ], "texture": "#voxels_atlas" },
				"west": { "uv": [ 8.625, 3, 8.75, 3.25 ], "texture": "#voxels_atlas" },
				"east": { "uv": [ 8.75, 2.75, 8.625, 3 ], "texture": "#voxels_atlas" }
			}
		},
		{
			"__comment": "Voxels",
			"from": [ 6.5, 15.5, 8.25 ],
			"to": [ 7, 15.75, 8.5 ],
			"faces": {
				"up": { "uv": [ 7.125, 3, 7.375, 2.75 ], "texture": "#voxels_atlas" },
				"south": { "uv": [ 8.25, 14.75, 8.5, 15 ], "texture": "#voxels_atlas" },
				"west": { "uv": [ 8.625, 2.25, 8.75, 2.5 ], "texture": "#voxels_atlas" },
				"east": { "uv": [ 8.75, 2, 8.625, 2.25 ], "texture": "#voxels_atlas" }
			}
		},
		{
			"__comment": "Voxels",
			"from": [ 6.75, 11, 7.75 ],
			"to": [ 9.25, 11.75, 8.25 ],
			"faces": {
				"down": { "uv": [ 1.875, 9, 3.125, 9.5 ], "texture": "#voxels_atlas" },
				"up": { "uv": [ 1.875, 10, 3.125, 9.5 ], "texture": "#voxels_atlas" },
				"north": { "uv": [ 3.125, 11, 1.875, 11.75 ], "texture": "#voxels_atlas" },
				"south": { "uv": [ 3.125, 11, 4.375, 11.75 ], "texture": "#voxels_atlas" },
				"west": { "uv": [ 6.375, 6.5, 6.625, 7.25 ], "texture": "#voxels_atlas" },
				"east": { "uv": [ 6.875, 6.5, 6.625, 7.25 ], "texture": "#voxels_atlas" }
			}
		},
		{
			"__comment": "Voxels",
			"from": [ 6.75, 13.25, 7.75 ],
			"to": [ 9.25, 13.5, 8.25 ],
			"faces": {
				"up": { "uv": [ 1.875, 9, 3.125, 8.5 ], "texture": "#voxels_atlas" },
				"north": { "uv": [ 5.875, 9.5, 4.625, 9.75 ], "texture": "#voxels_atlas" },
				"south": { "uv": [ 4.625, 11.25, 5.875, 11.5 ], "texture": "#voxels_atlas" },
				"west": { "uv": [ 8.25, 14.5, 8.5, 14.75 ], "texture": "#voxels_atlas" },
				"east": { "uv": [ 8.5, 14.25, 8.25, 14.5 ], "texture": "#voxels_atlas" }
			}
		},
		{
			"__comment": "Voxels",
			"from": [ 6.75, 13.5, 7.5 ],
			"to": [ 9.25, 14, 7.75 ],
			"faces": {
				"down": { "uv": [ 4.625, 12, 5.875, 12.25 ], "texture": "#voxels_atlas" },
				"up": { "uv": [ 4.625, 11.25, 5.875, 11 ], "texture": "#voxels_atlas" },
				"north": { "uv": [ 4.375, 9, 3.125, 9.5 ], "texture": "#voxels_atlas" },
				"south": { "uv": [ 1.875, 7.75, 3.125, 8.25 ], "texture": "#voxels_atlas" },
				"west": { "uv": [ 8.125, 5.5, 8.25, 6 ], "texture": "#voxels_atlas" },
				"east": { "uv": [ 8.25, 5, 8.125, 5.5 ], "texture": "#voxels_atlas" }
			}
		},
		{
			"__comment": "Voxels",
			"from": [ 6.75, 13.5, 8.25 ],
			"to": [ 9.25, 14, 8.5 ],
			"faces": {
				"down": { "uv": [ 4.625, 10.75, 5.875, 11 ], "texture": "#voxels_atlas" },
				"up": { "uv": [ 4.625, 10.75, 5.875, 10.5 ], "texture": "#voxels_atlas" },
				"north": { "uv": [ 4.375, 7.75, 3.125, 8.25 ], "texture": "#voxels_atlas" },
				"south": { "uv": [ 3.125, 9.5, 4.375, 10 ], "texture": "#voxels_atlas" },
				"west": { "uv": [ 8.125, 4.5, 8.25, 5 ], "texture": "#voxels_atlas" },
				"east": { "uv": [ 8.25, 4, 8.125, 4.5 ], "texture": "#voxels_atlas" }
			}
		},
		{
			"__comment": "Voxels",
			"from": [ 6.75, 14.75, 7.5 ],
			"to": [ 9.25, 15, 7.75 ],
			"faces": {
				"down": { "uv": [ 4.625, 10.25, 5.875, 10.5 ], "texture": "#voxels_atlas" },
				"up": { "uv": [ 4.625, 10.25, 5.875, 10 ], "texture": "#voxels_atlas" },
				"north": { "uv": [ 5.875, 9.75, 4.625, 10 ], "texture": "#voxels_atlas" },
				"south": { "uv": [ 4.625, 12.25, 5.875, 12.5 ], "texture": "#voxels_atlas" },
				"west": { "uv": [ 8.625, 1.5, 8.75, 1.75 ], "texture": "#voxels_atlas" },
				"east": { "uv": [ 8.875, 14.25, 8.75, 14.5 ], "texture": "#voxels_atlas" }
			}
		},
		{
			"__comment": "Voxels",
			"from": [ 6.75, 15.25, 7.5 ],
			"to": [ 9.25, 15.5, 7.75 ],
			"faces": {
				"down": { "uv": [ 4.625, 9.25, 5.875, 9.5 ], "texture": "#voxels_atlas" },
				"up": { "uv": [ 4.625, 9.25, 5.875, 9 ], "texture": "#voxels_atlas" },
				"north": { "uv": [ 5.875, 8.75, 4.625, 9 ], "texture": "#voxels_atlas" },
				"south": { "uv": [ 4.625, 8.5, 5.875, 8.75 ], "texture": "#voxels_atlas" },
				"west": { "uv": [ 8.875, 14.25, 9, 14.5 ], "texture": "#voxels_atlas" },
				"east": { "uv": [ 9.125, 14.25, 9, 14.5 ], "texture": "#voxels_atlas" }
			}
		},
		{
			"__comment": "Voxels",
			"from": [ 6.75, 15.5, 7.25 ],
			"to": [ 7.75, 15.75, 7.5 ],
			"faces": {
				"down": { "uv": [ 7.375, 9.5, 7.875, 9.75 ], "texture": "#voxels_atlas" },
				"up": { "uv": [ 7.375, 9.5, 7.875, 9.25 ], "texture": "#voxels_atlas" },
				"north": { "uv": [ 7.875, 9, 7.375, 9.25 ], "texture": "#voxels_atlas" },
				"south": { "uv": [ 7.375, 8.75, 7.875, 9 ], "texture": "#voxels_atlas" },
				"west": { "uv": [ 13.625, 14.25, 13.75, 14.5 ], "texture": "#voxels_atlas" },
				"east": { "uv": [ 13.625, 14.25, 13.5, 14.5 ], "texture": "#voxels_atlas" }
			}
		},
		{
			"__comment": "Voxels",
			"from": [ 6.75, 15.75, 7.5 ],
			"to": [ 7.25, 16, 7.75 ],
			"faces": {
				"up": { "uv": [ 15.25, 15, 15.5, 14.75 ], "texture": "#voxels_atlas", "cullface": "up" },
				"north": { "uv": [ 11, 14.75, 10.75, 15 ], "texture": "#voxels_atlas" },
				"south": { "uv": [ 10.5, 14.75, 10.75, 15 ], "texture": "#voxels_atlas" },
				"west": { "uv": [ 8.625, 11, 8.75, 11.25 ], "texture": "#voxels_atlas" },
				"east": { "uv": [ 8.75, 11.25, 8.625, 11.5 ], "texture": "#voxels_atlas" }
			}
		},
		{
			"__comment": "Voxels",
			"from": [ 6.75, 15.75, 7.75 ],
			"to": [ 7, 16, 8 ],
			"faces": {
				"up": { "uv": [ 8.5, 0.25, 8.625, 0 ], "texture": "#voxels_atlas", "cullface": "up" },
				"south": { "uv": [ 7.875, 1.25, 8, 1.5 ], "texture": "#voxels_atlas" },
				"west": { "uv": [ 7.875, 1.5, 8, 1.75 ], "texture": "#voxels_atlas" },
				"east": { "uv": [ 8, 1.75, 7.875, 2 ], "texture": "#voxels_atlas" }
			}
		},
		{
			"__comment": "Voxels",
			"from": [ 7, 7.5, 7.75 ],
			"to": [ 9, 8.75, 8.25 ],
			"faces": {
				"down": { "uv": [ 2.125, 3.5, 3.125, 4 ], "texture": "#voxels_atlas" },
				"up": { "uv": [ 3.125, 5, 4.125, 4.5 ], "texture": "#voxels_atlas" },
				"north": { "uv": [ 2.875, 12.75, 1.875, 14 ], "texture": "#voxels_atlas" },
				"south": { "uv": [ 2.875, 12.75, 3.875, 14 ], "texture": "#voxels_atlas" },
				"west": { "uv": [ 1.625, 1.5, 1.875, 2.75 ], "texture": "#voxels_atlas" },
				"east": { "uv": [ 1.875, 2.75, 1.625, 4 ], "texture": "#voxels_atlas" }
			}
		},
		{
			"__comment": "Voxels",
			"from": [ 7, 10.5, 7.75 ],
			"to": [ 9, 11, 8.25 ],
			"faces": {
				"down": { "uv": [ 3.125, 5, 4.125, 5.5 ], "texture": "#voxels_atlas" },
				"north": { "uv": [ 4.125, 3.5, 3.125, 4 ], "texture": "#voxels_atlas" },
				"south": { "uv": [ 3.125, 5.5, 4.125, 6 ], "texture": "#voxels_atlas" },
				"west": { "uv": [ 7.125, 9.75, 7.375, 10.25 ], "texture": "#voxels_atlas" },
				"east": { "uv": [ 7.375, 9.25, 7.125, 9.75 ], "texture": "#voxels_atlas" }
			}
		},
		{
			"__comment": "Voxels",
			"from": [ 7, 14, 7.5 ],
			"to": [ 9, 14.25, 7.75 ],
			"faces": {
				"up": { "uv": [ 5.375, 4.75, 6.375, 4.5 ], "texture": "#voxels_atlas" },
				"north": { "uv": [ 6.375, 4.25, 5.375, 4.5 ], "texture": "#voxels_atlas" },
				"south": { "uv": [ 5.375, 4, 6.375, 4.25 ], "texture": "#voxels_atlas" },
				"west": { "uv": [ 7.875, 4.5, 8, 4.75 ], "texture": "#voxels_atlas" },
				"east": { "uv": [ 8, 4.75, 7.875, 5 ], "texture": "#voxels_atlas" }
			}
		},
		{
			"__comment": "Voxels",
			"from": [ 7, 14, 7.75 ],
			"to": [ 7.5, 14.5, 8.5 ],
			"faces": {
				"down": { "uv": [ 6.375, 7.75, 6.625, 8.5 ], "texture": "#voxels_atlas" },
				"up": { "uv": [ 6.375, 9.25, 6.625, 8.5 ], "texture": "#voxels_atlas" },
				"north": { "uv": [ 7.375, 7.25, 7.125, 7.75 ], "texture": "#voxels_atlas" },
				"south": { "uv": [ 7.125, 2, 7.375, 2.5 ], "texture": "#voxels_atlas" },
				"west": { "uv": [ 6.375, 9.25, 6.75, 9.75 ], "texture": "#voxels_atlas" },
				"east": { "uv": [ 7.125, 9.75, 6.75, 10.25 ], "texture": "#voxels_atlas" }
			}
		},
		{
			"__comment": "Voxels",
			"from": [ 7, 14.25, 7.5 ],
			"to": [ 7.25, 14.75, 7.75 ],
			"faces": {
				"north": { "uv": [ 8.5, 7.5, 8.375, 8 ], "texture": "#voxels_atlas" },
				"south": { "uv": [ 8.25, 7.5, 8.375, 8 ], "texture": "#voxels_atlas" },
				"west": { "uv": [ 8.375, 8.5, 8.5, 9 ], "texture": "#voxels_atlas" },
				"east": { "uv": [ 8.375, 8.5, 8.25, 9 ], "texture": "#voxels_atlas" }
			}
		},
		{
			"__comment": "Voxels",
			"from": [ 7, 14.5, 8.25 ],
			"to": [ 7.75, 14.75, 8.5 ],
			"faces": {
				"down": { "uv": [ 8.25, 15.25, 8.625, 15.5 ], "texture": "#voxels_atlas" },
				"north": { "uv": [ 15.625, 15.5, 15.25, 15.75 ], "texture": "#voxels_atlas" },
				"south": { "uv": [ 14.875, 15.5, 15.25, 15.75 ], "texture": "#voxels_atlas" },
				"west": { "uv": [ 7.875, 10.5, 8, 10.75 ], "texture": "#voxels_atlas" },
				"east": { "uv": [ 8, 10.75, 7.875, 11 ], "texture": "#voxels_atlas" }
			}
		},
		{
			"__comment": "Voxels",
			"from": [ 7, 15, 7.25 ],
			"to": [ 7.75, 15.5, 7.5 ],
			"faces": {
				"down": { "uv": [ 14.5, 15.5, 14.875, 15.75 ], "texture": "#voxels_atlas" },
				"north": { "uv": [ 6.75, 11.5, 6.375, 12 ], "texture": "#voxels_atlas" },
				"south": { "uv": [ 6.75, 12, 7.125, 12.5 ], "texture": "#voxels_atlas" },
				"west": { "uv": [ 8.125, 2, 8.25, 2.5 ], "texture": "#voxels_atlas" },
				"east": { "uv": [ 8.25, 2.5, 8.125, 3 ], "texture": "#voxels_atlas" }
			}
		},
		{
			"__comment": "Voxels",
			"from": [ 7, 15, 7.5 ],
			"to": [ 9, 15.25, 7.75 ],
			"faces": {
				"north": { "uv": [ 5.625, 1.5, 4.625, 1.75 ], "texture": "#voxels_atlas" },
				"south": { "uv": [ 4.625, 1.25, 5.625, 1.5 ], "texture": "#voxels_atlas" },
				"west": { "uv": [ 7.25, 14.25, 7.375, 14.5 ], "texture": "#voxels_atlas" },
				"east": { "uv": [ 4.625, 0, 4.5, 0.25 ], "texture": "#voxels_atlas" }
			}
		},
		{
			"__comment": "Voxels",
			"from": [ 7, 15.5, 7 ],
			"to": [ 7.5, 15.75, 7.25 ],
			"faces": {
				"down": { "uv": [ 8.25, 11.5, 8.5, 11.75 ], "texture": "#voxels_atlas" },
				"up": { "uv": [ 8.25, 12, 8.5, 11.75 ], "texture": "#voxels_atlas" },
				"north": { "uv": [ 8.5, 12, 8.25, 12.25 ], "texture": "#voxels_atlas" },
				"west": { "uv": [ 8.75, 5.75, 8.875, 6 ], "texture": "#voxels_atlas" },
				"east": { "uv": [ 8.875, 6, 8.75, 6.25 ], "texture": "#voxels_atlas" }
			}
		},
		{
			"__comment": "Voxels",
			"from": [ 7, 15.75, 7.25 ],
			"to": [ 7.5, 16, 7.5 ],
			"faces": {
				"up": { "uv": [ 7.125, 3.5, 7.375, 3.25 ], "texture": "#voxels_atlas", "cullface": "up" },
				"north": { "uv": [ 8.875, 14.5, 8.625, 14.75 ], "texture": "#voxels_atlas" },
				"south": { "uv": [ 15.75, 14.75, 16, 15 ], "texture": "#voxels_atlas" },
				"west": { "uv": [ 8.75, 6.25, 8.875, 6.5 ], "texture": "#voxels_atlas" },
				"east": { "uv": [ 8.875, 6.5, 8.75, 6.75 ], "texture": "#voxels_atlas" }
			}
		},
		{
			"__comment": "Voxels",
			"from": [ 7.25, 3.5, 8 ],
			"to": [ 8.5, 7.5, 8.25 ],
			"faces": {
				"down": { "uv": [ 6.5, 2.75, 7.125, 3 ], "texture": "#voxels_atlas" },
				"north": { "uv": [ 0.625, 12, 0, 16 ], "texture": "#voxels_atlas" },
				"south": { "uv": [ 0, 8, 0.625, 12 ], "texture": "#voxels_atlas" },
				"west": { "uv": [ 4.5, 12, 4.625, 16 ], "texture": "#voxels_atlas" },
				"east": { "uv": [ 4.625, 8, 4.5, 12 ], "texture": "#voxels_atlas" }
			}
		},
		{
			"__comment": "Voxels",
			"from": [ 7.25, 4.5, 7.75 ],
			"to": [ 8.75, 7.5, 8 ],
			"faces": {
				"down": { "uv": [ 6.375, 4, 7.125, 4.25 ], "texture": "#voxels_atlas" },
				"north": { "uv": [ 1.875, 10, 1.125, 13 ], "texture": "#voxels_atlas" },
				"south": { "uv": [ 1.125, 13, 1.875, 16 ], "texture": "#voxels_atlas" },
				"west": { "uv": [ 4.125, 0, 4.25, 3 ], "texture": "#voxels_atlas" },
				"east": { "uv": [ 4.375, 0, 4.25, 3 ], "texture": "#voxels_atlas" }
			}
		},
		{
			"__comment": "Voxels",
			"from": [ 7.25, 8.75, 7.75 ],
			"to": [ 8.75, 10.5, 8.25 ],
			"faces": {
				"north": { "uv": [ 1.875, 8.25, 1.125, 10 ], "texture": "#voxels_atlas" },
				"south": { "uv": [ 1.125, 6.5, 1.875, 8.25 ], "texture": "#voxels_atlas" },
				"west": { "uv": [ 3.125, 1.25, 3.375, 3 ], "texture": "#voxels_atlas" },
				"east": { "uv": [ 3.625, 1.25, 3.375, 3 ], "texture": "#voxels_atlas" }
			}
		},
		{
			"__comment": "Voxels",
			"from": [ 7.25, 11.75, 7.75 ],
			"to": [ 8.75, 12, 8.25 ],
			"faces": {
				"up": { "uv": [ 5.375, 13.5, 6.125, 13 ], "texture": "#voxels_atlas" },
				"north": { "uv": [ 7.125, 5.75, 6.375, 6 ], "texture": "#voxels_atlas" },
				"south": { "uv": [ 6.375, 6, 7.125, 6.25 ], "texture": "#voxels_atlas" },
				"west": { "uv": [ 8.25, 9.5, 8.5, 9.75 ], "texture": "#voxels_atlas" },
				"east": { "uv": [ 8.5, 9.75, 8.25, 10 ], "texture": "#voxels_atlas" }
			}
		},
		{
			"__comment": "Voxels",
			"from": [ 7.25, 12, 8 ],
			"to": [ 8.75, 12.25, 8.25 ],
			"faces": {
				"north": { "uv": [ 6.375, 5.75, 5.625, 6 ], "texture": "#voxels_atlas" },
				"south": { "uv": [ 5.625, 2.5, 6.375, 2.75 ], "texture": "#voxels_atlas" },
				"west": { "uv": [ 8.75, 6.75, 8.875, 7 ], "texture": "#voxels_atlas" },
				"east": { "uv": [ 8.875, 7, 8.75, 7.25 ], "texture": "#voxels_atlas" }
			}
		},
		{
			"__comment": "Voxels",
			"from": [ 7.25, 12.75, 8.25 ],
			"to": [ 8.75, 13.5, 8.5 ],
			"faces": {
				"down": { "uv": [ 5.625, 0.75, 6.375, 1 ], "texture": "#voxels_atlas" },
				"north": { "uv": [ 3.125, 5.5, 2.375, 6.25 ], "texture": "#voxels_atlas" },
				"south": { "uv": [ 2.375, 6.25, 3.125, 7 ], "texture": "#voxels_atlas" },
				"west": { "uv": [ 8, 11.5, 8.125, 12.25 ], "texture": "#voxels_atlas" },
				"east": { "uv": [ 8.125, 12.25, 8, 13 ], "texture": "#voxels_atlas" }
			}
		},
		{
			"__comment": "Voxels",
			"from": [ 7.25, 13, 7.5 ],
			"to": [ 8.75, 13.5, 7.75 ],
			"faces": {
				"down": { "uv": [ 6.375, 4.75, 7.125, 5 ], "texture": "#voxels_atlas" },
				"north": { "uv": [ 4.375, 3, 3.625, 3.5 ], "texture": "#voxels_atlas" },
				"south": { "uv": [ 5.375, 14, 6.125, 14.5 ], "texture": "#voxels_atlas" },
				"west": { "uv": [ 7.875, 2.75, 8, 3.25 ], "texture": "#voxels_atlas" },
				"east": { "uv": [ 8, 3.25, 7.875, 3.75 ], "texture": "#voxels_atlas" }
			}
		},
		{
			"__comment": "Voxels",
			"from": [ 7.25, 13.5, 8.5 ],
			"to": [ 8.75, 14.75, 8.75 ],
			"faces": {
				"down": { "uv": [ 6.375, 3.75, 7.125, 4 ], "texture": "#voxels_atlas" },
				"up": { "uv": [ 6.375, 3.75, 7.125, 3.5 ], "texture": "#voxels_atlas" },
				"north": { "uv": [ 1.875, 5.25, 1.125, 6.5 ], "texture": "#voxels_atlas" },
				"south": { "uv": [ 1.125, 4, 1.875, 5.25 ], "texture": "#voxels_atlas" },
				"west": { "uv": [ 6.375, 0.75, 6.5, 2 ], "texture": "#voxels_atlas" },
				"east": { "uv": [ 6.625, 0.75, 6.5, 2 ], "texture": "#voxels_atlas" }
			}
		},
		{
			"__comment": "Voxels",
			"from": [ 7.25, 13.75, 7.75 ],
			"to": [ 7.75, 14, 8.25 ],
			"faces": {
				"down": { "uv": [ 7.625, 12.25, 7.875, 12.75 ], "texture": "#voxels_atlas" },
				"up": { "uv": [ 7.625, 12.25, 7.875, 11.75 ], "texture": "#voxels_atlas" },
				"west": { "uv": [ 8.75, 15, 9, 15.25 ], "texture": "#voxels_atlas" },
				"east": { "uv": [ 15.375, 15.25, 15.125, 15.5 ], "texture": "#voxels_atlas" }
			}
		},
		{
			"__comment": "Voxels",
			"from": [ 7.25, 14, 7.25 ],
			"to": [ 8.75, 14.25, 7.5 ],
			"faces": {
				"down": { "uv": [ 6.625, 11.25, 7.375, 11.5 ], "texture": "#voxels_atlas" },
				"up": { "uv": [ 6.625, 11.25, 7.375, 11 ], "texture": "#voxels_atlas" },
				"north": { "uv": [ 6.375, 6.25, 5.625, 6.5 ], "texture": "#voxels_atlas" },
				"west": { "uv": [ 8.75, 9.25, 8.875, 9.5 ], "texture": "#voxels_atlas" },
				"east": { "uv": [ 8.875, 9.5, 8.75, 9.75 ], "texture": "#voxels_atlas" }
			}
		},
		{
			"__comment": "Voxels",
			"from": [ 7.25, 14.75, 7.25 ],
			"to": [ 8.75, 15, 7.5 ],
			"faces": {
				"down": { "uv": [ 5.625, 2.25, 6.375, 2.5 ], "texture": "#voxels_atlas" },
				"up": { "uv": [ 5.625, 2.25, 6.375, 2 ], "texture": "#voxels_atlas" },
				"north": { "uv": [ 6.375, 1.75, 5.625, 2 ], "texture": "#voxels_atlas" },
				"west": { "uv": [ 8.75, 9.75, 8.875, 10 ], "texture": "#voxels_atlas" },
				"east": { "uv": [ 8.875, 10, 8.75, 10.25 ], "texture": "#voxels_atlas" }
			}
		},
		{
			"__comment": "Voxels",
			"from": [ 7.25, 14.75, 8 ],
			"to": [ 7.5, 15, 8.25 ],
			"faces": {
				"west": { "uv": [ 8.625, 5.5, 8.75, 5.75 ], "texture": "#voxels_atlas" },
				"east": { "uv": [ 8.75, 5.75, 8.625, 6 ], "texture": "#voxels_atlas" }
			}
		},
		{
			"__comment": "Voxels",
			"from": [ 7.25, 15.25, 7 ],
			"to": [ 7.5, 15.5, 7.25 ],
			"faces": {
				"down": { "uv": [ 8.5, 2.25, 8.625, 2.5 ], "texture": "#voxels_atlas" },
				"north": { "uv": [ 15.625, 14.25, 15.5, 14.5 ], "texture": "#voxels_atlas" },
				"west": { "uv": [ 11.25, 14.25, 11.375, 14.5 ], "texture": "#voxels_atlas" },
				"east": { "uv": [ 11.25, 14.25, 11.125, 14.5 ], "texture": "#voxels_atlas" }
			}
		},
		{
			"__comment": "Voxels",
			"from": [ 7.25, 15.25, 8 ],
			"to": [ 9.5, 15.5, 8.25 ],
			"faces": {
				"down": { "uv": [ 5, 7.75, 6.125, 8 ], "texture": "#voxels_atlas" },
				"up": { "uv": [ 4.625, 6.75, 5.75, 6.5 ], "texture": "#voxels_atlas" },
				"north": { "uv": [ 5.75, 6.75, 4.625, 7 ], "texture": "#voxels_atlas" },
				"south": { "uv": [ 5, 7, 6.125, 7.25 ], "texture": "#voxels_atlas" },
				"east": { "uv": [ 9.25, 14.25, 9.125, 14.5 ], "texture": "#voxels_atlas" }
			}
		},
		{
			"__comment": "Voxels",
			"from": [ 7.5, -1.25, 8 ],
			"to": [ 8.5, 3.5, 8.25 ],
			"faces": {
				"down": { "uv": [ 7.375, 8.5, 7.875, 8.75 ], "texture": "#voxels_atlas", "cullface": "down" },
				"north": { "uv": [ 0.5, 3.25, 0, 8 ], "texture": "#voxels_atlas", "cullface": "down" },
				"south": { "uv": [ 0.625, 1.75, 1.125, 6.5 ], "texture": "#voxels_atlas", "cullface": "down" },
				"west": { "uv": [ 4.375, 6.5, 4.5, 11.25 ], "texture": "#voxels_atlas", "cullface": "down" },
				"east": { "uv": [ 4.5, 1.75, 4.375, 6.5 ], "texture": "#voxels_atlas", "cullface": "down" }
			}
		},
		{
			"__comment": "Voxels",
			"from": [ 7.5, -0.25, 7.75 ],
			"to": [ 8.5, 4.5, 8 ],
			"faces": {
				"down": { "uv": [ 7.375, 8, 7.875, 8.25 ], "texture": "#voxels_atlas", "cullface": "down" },
				"north": { "uv": [ 1.125, 6.5, 0.625, 11.25 ], "texture": "#voxels_atlas", "cullface": "down" },
				"south": { "uv": [ 0.625, 11.25, 1.125, 16 ], "texture": "#voxels_atlas", "cullface": "down" },
				"west": { "uv": [ 0.5, 3.25, 0.625, 8 ], "texture": "#voxels_atlas", "cullface": "down" },
				"east": { "uv": [ 4.5, 11.25, 4.375, 16 ], "texture": "#voxels_atlas", "cullface": "down" }
			}
		},
		{
			"__comment": "Voxels",
			"from": [ 7.5, 11.5, 8.25 ],
			"to": [ 8.5, 12.75, 8.5 ],
			"faces": {
				"down": { "uv": [ 7.375, 7.5, 7.875, 7.75 ], "texture": "#voxels_atlas" },
				"north": { "uv": [ 1.125, 0.5, 0.625, 1.75 ], "texture": "#voxels_atlas" },
				"south": { "uv": [ 1.125, 0.25, 1.625, 1.5 ], "texture": "#voxels_atlas" },
				"west": { "uv": [ 7.375, 14, 7.5, 15.25 ], "texture": "#voxels_atlas" },
				"east": { "uv": [ 6.875, 0.75, 6.75, 2 ], "texture": "#voxels_atlas" }
			}
		},
		{
			"__comment": "Voxels",
			"from": [ 7.5, 12, 7.75 ],
			"to": [ 8.5, 12.25, 8 ],
			"faces": {
				"north": { "uv": [ 7.875, 6.5, 7.375, 6.75 ], "texture": "#voxels_atlas" },
				"west": { "uv": [ 7.875, 6.5, 8, 6.75 ], "texture": "#voxels_atlas" },
				"east": { "uv": [ 8, 6.75, 7.875, 7 ], "texture": "#voxels_atlas" }
			}
		},
		{
			"__comment": "Voxels",
			"from": [ 7.5, 12.25, 7.5 ],
			"to": [ 8.5, 13, 7.75 ],
			"faces": {
				"down": { "uv": [ 7.375, 6, 7.875, 6.25 ], "texture": "#voxels_atlas" },
				"north": { "uv": [ 2.625, 0, 2.125, 0.75 ], "texture": "#voxels_atlas" },
				"south": { "uv": [ 2.125, 0.75, 2.625, 1.5 ], "texture": "#voxels_atlas" },
				"west": { "uv": [ 8, 7.75, 8.125, 8.5 ], "texture": "#voxels_atlas" },
				"east": { "uv": [ 8.125, 8.5, 8, 9.25 ], "texture": "#voxels_atlas" }
			}
		},
		{
			"__comment": "Voxels",
			"from": [ 7.5, 13.25, 8.5 ],
			"to": [ 8.5, 13.5, 8.75 ],
			"faces": {
				"down": { "uv": [ 7.375, 5.5, 7.875, 5.75 ], "texture": "#voxels_atlas" },
				"south": { "uv": [ 7.375, 4.75, 7.875, 5 ], "texture": "#voxels_atlas" },
				"west": { "uv": [ 8.75, 13.5, 8.875, 13.75 ], "texture": "#voxels_atlas" },
				"east": { "uv": [ 16, 14.25, 15.875, 14.5 ], "texture": "#voxels_atlas" }
			}
		},
		{
			"__comment": "Voxels",
			"from": [ 7.5, 13.5, 7.25 ],
			"to": [ 7.75, 14, 7.5 ],
			"faces": {
				"down": { "uv": [ 13, 14.25, 13.125, 14.5 ], "texture": "#voxels_atlas" },
				"north": { "uv": [ 8.25, 0, 8.125, 0.5 ], "texture": "#voxels_atlas" },
				"west": { "uv": [ 8.375, 8, 8.5, 8.5 ], "texture": "#voxels_atlas" },
				"east": { "uv": [ 8.375, 8, 8.25, 8.5 ], "texture": "#voxels_atlas" }
			}
		},
		{
			"__comment": "Voxels",
			"from": [ 7.5, 13.5, 7.75 ],
			"to": [ 8.5, 13.75, 8.25 ],
			"faces": {
				"up": { "uv": [ 0.625, 0.5, 1.125, 0 ], "texture": "#voxels_atlas" },
				"west": { "uv": [ 8.25, 0, 8.5, 0.25 ], "texture": "#voxels_atlas" },
				"east": { "uv": [ 8.5, 1.75, 8.25, 2 ], "texture": "#voxels_atlas" }
			}
		},
		{
			"__comment": "Voxels",
			"from": [ 7.5, 13.75, 8.75 ],
			"to": [ 8.5, 14.75, 9 ],
			"faces": {
				"down": { "uv": [ 7.375, 4, 7.875, 4.25 ], "texture": "#voxels_atlas" },
				"up": { "uv": [ 7.375, 4, 7.875, 3.75 ], "texture": "#voxels_atlas" },
				"south": { "uv": [ 2.375, 4.5, 2.875, 5.5 ], "texture": "#voxels_atlas" },
				"west": { "uv": [ 7.375, 2.25, 7.5, 3.25 ], "texture": "#voxels_atlas" },
				"east": { "uv": [ 7.625, 2.25, 7.5, 3.25 ], "texture": "#voxels_atlas" }
			}
		},
		{
			"__comment": "Voxels",
			"from": [ 7.5, 14, 8.25 ],
			"to": [ 9, 14.5, 8.5 ],
			"faces": {
				"up": { "uv": [ 6.625, 9, 7.375, 8.75 ], "texture": "#voxels_atlas" },
				"north": { "uv": [ 5.375, 14, 4.625, 14.5 ], "texture": "#voxels_atlas" },
				"south": { "uv": [ 3.625, 10, 4.375, 10.5 ], "texture": "#voxels_atlas" },
				"east": { "uv": [ 8.625, 10.25, 8.5, 10.75 ], "texture": "#voxels_atlas" }
			}
		},
		{
			"__comment": "Voxels",
			"from": [ 7.5, 14.25, 7.25 ],
			"to": [ 8.5, 14.75, 7.75 ],
			"faces": {
				"down": { "uv": [ 5.125, 0.5, 5.625, 1 ], "texture": "#voxels_atlas" },
				"up": { "uv": [ 4.625, 0.5, 5.125, 0 ], "texture": "#voxels_atlas" },
				"north": { "uv": [ 5.125, 0.5, 4.625, 1 ], "texture": "#voxels_atlas" },
				"south": { "uv": [ 4.625, 2.75, 5.125, 3.25 ], "texture": "#voxels_atlas" },
				"west": { "uv": [ 7.625, 3.25, 7.875, 3.75 ], "texture": "#voxels_atlas" },
				"east": { "uv": [ 7.875, 2.75, 7.625, 3.25 ], "texture": "#voxels_atlas" }
			}
		},
		{
			"__comment": "Voxels",
			"from": [ 7.5, 14.25, 7.75 ],
			"to": [ 9, 14.5, 8.25 ],
			"faces": {
				"down": { "uv": [ 3.625, 10.5, 4.375, 11 ], "texture": "#voxels_atlas" },
				"up": { "uv": [ 4.625, 13, 5.375, 12.5 ], "texture": "#voxels_atlas" },
				"north": { "uv": [ 7.125, 3.25, 6.375, 3.5 ], "texture": "#voxels_atlas" },
				"east": { "uv": [ 11.5, 15, 11.25, 15.25 ], "texture": "#voxels_atlas" }
			}
		},
		{
			"__comment": "Voxels",
			"from": [ 7.5, 14.75, 8.5 ],
			"to": [ 8.5, 15.25, 8.75 ],
			"faces": {
				"up": { "uv": [ 7.375, 2, 7.875, 1.75 ], "texture": "#voxels_atlas" },
				"north": { "uv": [ 6.125, 1, 5.625, 1.5 ], "texture": "#voxels_atlas" },
				"south": { "uv": [ 5.125, 0, 5.625, 0.5 ], "texture": "#voxels_atlas" },
				"west": { "uv": [ 8.5, 14.25, 8.625, 14.75 ], "texture": "#voxels_atlas" },
				"east": { "uv": [ 8.625, 13.75, 8.5, 14.25 ], "texture": "#voxels_atlas" }
			}
		},
		{
			"__comment": "Voxels",
			"from": [ 7.5, 15.25, 7.75 ],
			"to": [ 8.5, 16.5, 8 ],
			"faces": {
				"down": { "uv": [ 7.375, 1.5, 7.875, 1.75 ], "texture": "#voxels_atlas", "cullface": "up" },
				"up": { "uv": [ 7.375, 0.5, 7.875, 0.25 ], "texture": "#voxels_atlas", "cullface": "up" },
				"north": { "uv": [ 1.625, 2.75, 1.125, 4 ], "texture": "#voxels_atlas", "cullface": "up" },
				"south": { "uv": [ 1.125, 1.5, 1.625, 2.75 ], "texture": "#voxels_atlas", "cullface": "up" },
				"west": { "uv": [ 6.625, 0.75, 6.75, 2 ], "texture": "#voxels_atlas", "cullface": "up" },
				"east": { "uv": [ 6.5, 2, 6.375, 3.25 ], "texture": "#voxels_atlas", "cullface": "up" }
			}
		},
		{
			"__comment": "Voxels",
			"from": [ 7.5, 15.25, 8.25 ],
			"to": [ 8.5, 15.5, 8.5 ],
			"faces": {
				"up": { "uv": [ 8, 16, 8.5, 15.75 ], "texture": "#voxels_atlas" },
				"south": { "uv": [ 9, 15.75, 9.5, 16 ], "texture": "#voxels_atlas" },
				"west": { "uv": [ 13.375, 14.25, 13.5, 14.5 ], "texture": "#voxels_atlas" },
				"east": { "uv": [ 14.875, 14.25, 14.75, 14.5 ], "texture": "#voxels_atlas" }
			}
		},
		{
			"__comment": "Voxels",
			"from": [ 7.5, 15.5, 8 ],
			"to": [ 8.5, 16.5, 8.25 ],
			"faces": {
				"up": { "uv": [ 10, 16, 10.5, 15.75 ], "texture": "#voxels_atlas", "cullface": "up" },
				"south": { "uv": [ 3.875, 13, 4.375, 14 ], "texture": "#voxels_atlas", "cullface": "up" },
				"west": { "uv": [ 8, 14.75, 8.125, 15.75 ], "texture": "#voxels_atlas", "cullface": "up" },
				"east": { "uv": [ 8.125, 13.75, 8, 14.75 ], "texture": "#voxels_atlas", "cullface": "up" }
			}
		},
		{
			"__comment": "Voxels",
			"from": [ 7.5, 15.75, 7.5 ],
			"to": [ 8.5, 16, 7.75 ],
			"faces": {
				"down": { "uv": [ 10.5, 15.75, 11, 16 ], "texture": "#voxels_atlas" },
				"up": { "uv": [ 11, 16, 11.5, 15.75 ], "texture": "#voxels_atlas", "cullface": "up" },
				"north": { "uv": [ 12, 15.75, 11.5, 16 ], "texture": "#voxels_atlas" },
				"west": { "uv": [ 8.75, 3, 8.875, 3.25 ], "texture": "#voxels_atlas" },
				"east": { "uv": [ 8.875, 2.75, 8.75, 3 ], "texture": "#voxels_atlas" }
			}
		},
		{
			"__comment": "Voxels",
			"from": [ 7.5, 15.75, 8.25 ],
			"to": [ 8.5, 16, 8.5 ],
			"faces": {
				"down": { "uv": [ 12.5, 15.75, 13, 16 ], "texture": "#voxels_atlas" },
				"up": { "uv": [ 13, 16, 13.5, 15.75 ], "texture": "#voxels_atlas", "cullface": "up" },
				"south": { "uv": [ 14, 15.75, 14.5, 16 ], "texture": "#voxels_atlas" },
				"west": { "uv": [ 7.875, 4.25, 8, 4.5 ], "texture": "#voxels_atlas" },
				"east": { "uv": [ 8, 4, 7.875, 4.25 ], "texture": "#voxels_atlas" }
			}
		},
		{
			"__comment": "Voxels",
			"from": [ 7.5, 16.5, 7.75 ],
			"to": [ 7.75, 19.25, 8.25 ],
			"faces": {
				"down": { "uv": [ 8.25, 5, 8.375, 5.5 ], "texture": "#voxels_atlas", "cullface": "up" },
				"up": { "uv": [ 8.375, 5.5, 8.5, 5 ], "texture": "#voxels_atlas", "cullface": "up" },
				"north": { "uv": [ 0.625, 0.5, 0.5, 3.25 ], "texture": "#voxels_atlas", "cullface": "up" },
				"south": { "uv": [ 4.5, 5.25, 4.625, 8 ], "texture": "#voxels_atlas", "cullface": "up" },
				"west": { "uv": [ 0.25, 0.5, 0.5, 3.25 ], "texture": "#voxels_atlas", "cullface": "up" },
				"east": { "uv": [ 0.25, 0.5, 0, 3.25 ], "texture": "#voxels_atlas", "cullface": "up" }
			}
		},
		{
			"__comment": "Voxels",
			"from": [ 7.5, 16.75, 7.5 ],
			"to": [ 8.5, 17, 7.75 ],
			"faces": {
				"down": { "uv": [ 14.5, 15.75, 15, 16 ], "texture": "#voxels_atlas", "cullface": "up" },
				"up": { "uv": [ 1.125, 0.25, 1.625, 0 ], "texture": "#voxels_atlas", "cullface": "up" },
				"north": { "uv": [ 4.375, 12.75, 3.875, 13 ], "texture": "#voxels_atlas", "cullface": "up" },
				"south": { "uv": [ 5.875, 12.25, 6.375, 12.5 ], "texture": "#voxels_atlas", "cullface": "up" },
				"west": { "uv": [ 8.75, 7.5, 8.875, 7.75 ], "texture": "#voxels_atlas", "cullface": "up" },
				"east": { "uv": [ 8.875, 7.25, 8.75, 7.5 ], "texture": "#voxels_atlas", "cullface": "up" }
			}
		},
		{
			"__comment": "Voxels",
			"from": [ 7.5, 16.75, 8.25 ],
			"to": [ 8.5, 17, 8.5 ],
			"faces": {
				"down": { "uv": [ 5.875, 12, 6.375, 12.25 ], "texture": "#voxels_atlas", "cullface": "up" },
				"up": { "uv": [ 5.875, 11.5, 6.375, 11.25 ], "texture": "#voxels_atlas", "cullface": "up" },
				"north": { "uv": [ 6.375, 11, 5.875, 11.25 ], "texture": "#voxels_atlas", "cullface": "up" },
				"south": { "uv": [ 5.875, 10.75, 6.375, 11 ], "texture": "#voxels_atlas", "cullface": "up" },
				"west": { "uv": [ 11.375, 14.25, 11.5, 14.5 ], "texture": "#voxels_atlas", "cullface": "up" },
				"east": { "uv": [ 12.625, 14.25, 12.5, 14.5 ], "texture": "#voxels_atlas", "cullface": "up" }
			}
		},
		{
			"__comment": "Voxels",
			"from": [ 7.5, 17.75, 7.5 ],
			"to": [ 8.5, 18, 7.75 ],
			"faces": {
				"down": { "uv": [ 5.875, 10.5, 6.375, 10.75 ], "texture": "#voxels_atlas", "cullface": "up" },
				"up": { "uv": [ 5.875, 10.5, 6.375, 10.25 ], "texture": "#voxels_atlas", "cullface": "up" },
				"north": { "uv": [ 6.375, 10, 5.875, 10.25 ], "texture": "#voxels_atlas", "cullface": "up" },
				"south": { "uv": [ 5.875, 9.75, 6.375, 10 ], "texture": "#voxels_atlas", "cullface": "up" },
				"west": { "uv": [ 13.125, 14.25, 13.25, 14.5 ], "texture": "#voxels_atlas", "cullface": "up" },
				"east": { "uv": [ 13.375, 14.25, 13.25, 14.5 ], "texture": "#voxels_atlas", "cullface": "up" }
			}
		},
		{
			"__comment": "Voxels",
			"from": [ 7.5, 17.75, 8.25 ],
			"to": [ 8.5, 18, 8.5 ],
			"faces": {
				"down": { "uv": [ 5.875, 9.5, 6.375, 9.75 ], "texture": "#voxels_atlas", "cullface": "up" },
				"up": { "uv": [ 5.875, 9.5, 6.375, 9.25 ], "texture": "#voxels_atlas", "cullface": "up" },
				"north": { "uv": [ 6.375, 9, 5.875, 9.25 ], "texture": "#voxels_atlas", "cullface": "up" },
				"south": { "uv": [ 5.875, 8.75, 6.375, 9 ], "texture": "#voxels_atlas", "cullface": "up" },
				"west": { "uv": [ 14.875, 14.25, 15, 14.5 ], "texture": "#voxels_atlas", "cullface": "up" },
				"east": { "uv": [ 15.125, 14.25, 15, 14.5 ], "texture": "#voxels_atlas", "cullface": "up" }
			}
		},
		{
			"__comment": "Voxels",
			"from": [ 7.5, 18.75, 7.5 ],
			"to": [ 8.5, 19.25, 7.75 ],
			"faces": {
				"down": { "uv": [ 5.875, 8.5, 6.375, 8.75 ], "texture": "#voxels_atlas", "cullface": "up" },
				"up": { "uv": [ 6.875, 8, 7.375, 7.75 ], "texture": "#voxels_atlas", "cullface": "up" },
				"north": { "uv": [ 5.375, 3.75, 4.875, 4.25 ], "texture": "#voxels_atlas", "cullface": "up" },
				"south": { "uv": [ 4.875, 4.25, 5.375, 4.75 ], "texture": "#voxels_atlas", "cullface": "up" },
				"west": { "uv": [ 8.5, 12.25, 8.625, 12.75 ], "texture": "#voxels_atlas", "cullface": "up" },
				"east": { "uv": [ 4.375, 6.5, 4.25, 7 ], "texture": "#voxels_atlas", "cullface": "up" }
			}
		},
		{
			"__comment": "Voxels",
			"from": [ 7.5, 18.75, 8.25 ],
			"to": [ 8.5, 19.25, 8.5 ],
			"faces": {
				"down": { "uv": [ 6.875, 0.5, 7.375, 0.75 ], "texture": "#voxels_atlas", "cullface": "up" },
				"up": { "uv": [ 6.875, 0.5, 7.375, 0.25 ], "texture": "#voxels_atlas", "cullface": "up" },
				"north": { "uv": [ 5.375, 4.75, 4.875, 5.25 ], "texture": "#voxels_atlas", "cullface": "up" },
				"south": { "uv": [ 4.875, 5.25, 5.375, 5.75 ], "texture": "#voxels_atlas", "cullface": "up" },
				"west": { "uv": [ 7.875, 12.25, 8, 12.75 ], "texture": "#voxels_atlas", "cullface": "up" },
				"east": { "uv": [ 8, 11.75, 7.875, 12.25 ], "texture": "#voxels_atlas", "cullface": "up" }
			}
		},
		{
			"__comment": "Voxels",
			"from": [ 7.75, -3.25, 8 ],
			"to": [ 8.25, -1.25, 8.25 ],
			"faces": {
				"down": { "uv": [ 7.125, 3.75, 7.375, 4 ], "texture": "#voxels_atlas", "cullface": "down" },
				"north": { "uv": [ 2.125, 2, 1.875, 4 ], "texture": "#voxels_atlas", "cullface": "down" },
				"south": { "uv": [ 1.875, 0, 2.125, 2 ], "texture": "#voxels_atlas", "cullface": "down" },
				"west": { "uv": [ 4.75, 3.75, 4.875, 5.75 ], "texture": "#voxels_atlas", "cullface": "down" },
				"east": { "uv": [ 4.75, 3.75, 4.625, 5.75 ], "texture": "#voxels_atlas", "cullface": "down" }
			}
		},
		{
			"__comment": "Voxels",
			"from": [ 7.75, -2, 7.75 ],
			"to": [ 8.25, -0.25, 8 ],
			"faces": {
				"down": { "uv": [ 7.125, 2.5, 7.375, 2.75 ], "texture": "#voxels_atlas", "cullface": "down" },
				"north": { "uv": [ 2.875, 1.25, 2.625, 3 ], "texture": "#voxels_atlas", "cullface": "down" },
				"south": { "uv": [ 2.875, 1.25, 3.125, 3 ], "texture": "#voxels_atlas", "cullface": "down" },
				"west": { "uv": [ 4.375, 0, 4.5, 1.75 ], "texture": "#voxels_atlas", "cullface": "down" },
				"east": { "uv": [ 6.5, 12, 6.375, 13.75 ], "texture": "#voxels_atlas", "cullface": "down" }
			}
		},
		{
			"__comment": "Voxels",
			"from": [ 7.75, 10.5, 8.25 ],
			"to": [ 8.25, 11.5, 8.5 ],
			"faces": {
				"down": { "uv": [ 9.5, 15, 9.75, 15.25 ], "texture": "#voxels_atlas" },
				"north": { "uv": [ 3.125, 4.5, 2.875, 5.5 ], "texture": "#voxels_atlas" },
				"south": { "uv": [ 1.625, 0.5, 1.875, 1.5 ], "texture": "#voxels_atlas" },
				"west": { "uv": [ 7.5, 14.25, 7.625, 15.25 ], "texture": "#voxels_atlas" },
				"east": { "uv": [ 7.75, 14.25, 7.625, 15.25 ], "texture": "#voxels_atlas" }
			}
		},
		{
			"__comment": "Voxels",
			"from": [ 7.75, 12.5, 7.25 ],
			"to": [ 8.25, 13, 7.5 ],
			"faces": {
				"down": { "uv": [ 10, 15, 10.25, 15.25 ], "texture": "#voxels_atlas" },
				"up": { "uv": [ 10.25, 15.25, 10.5, 15 ], "texture": "#voxels_atlas" },
				"north": { "uv": [ 3.625, 0, 3.375, 0.5 ], "texture": "#voxels_atlas" },
				"west": { "uv": [ 8.125, 10.5, 8.25, 11 ], "texture": "#voxels_atlas" },
				"east": { "uv": [ 8.25, 8, 8.125, 8.5 ], "texture": "#voxels_atlas" }
			}
		},
		{
			"__comment": "Voxels",
			"from": [ 7.75, 13.25, 7 ],
			"to": [ 8.25, 14, 7.25 ],
			"faces": {
				"down": { "uv": [ 11.5, 15, 11.75, 15.25 ], "texture": "#voxels_atlas" },
				"up": { "uv": [ 11.75, 15.25, 12, 15 ], "texture": "#voxels_atlas" },
				"north": { "uv": [ 6.875, 5, 6.625, 5.75 ], "texture": "#voxels_atlas" },
				"south": { "uv": [ 6.375, 5, 6.625, 5.75 ], "texture": "#voxels_atlas" },
				"west": { "uv": [ 8, 6.25, 8.125, 7 ], "texture": "#voxels_atlas" },
				"east": { "uv": [ 8.125, 5.5, 8, 6.25 ], "texture": "#voxels_atlas" }
			}
		},
		{
			"__comment": "Voxels",
			"from": [ 7.75, 13.75, 7.25 ],
			"to": [ 8.5, 14, 7.5 ],
			"faces": {
				"down": { "uv": [ 10.375, 15.5, 10.75, 15.75 ], "texture": "#voxels_atlas" },
				"north": { "uv": [ 8.5, 15.5, 8.125, 15.75 ], "texture": "#voxels_atlas" },
				"east": { "uv": [ 8.875, 8.75, 8.75, 9 ], "texture": "#voxels_atlas" }
			}
		},
		{
			"__comment": "Voxels",
			"from": [ 7.75, 15.5, 7.5 ],
			"to": [ 8.25, 15.75, 7.75 ],
			"faces": {
				"north": { "uv": [ 13.75, 15, 13.5, 15.25 ], "texture": "#voxels_atlas" },
				"west": { "uv": [ 8.75, 8.5, 8.875, 8.75 ], "texture": "#voxels_atlas" },
				"east": { "uv": [ 8.875, 8.25, 8.75, 8.5 ], "texture": "#voxels_atlas" }
			}
		},
		{
			"__comment": "Voxels",
			"from": [ 7.75, 15.5, 8.25 ],
			"to": [ 8.25, 15.75, 8.5 ],
			"faces": {
				"south": { "uv": [ 15.5, 15, 15.75, 15.25 ], "texture": "#voxels_atlas" },
				"west": { "uv": [ 8.75, 8, 8.875, 8.25 ], "texture": "#voxels_atlas" },
				"east": { "uv": [ 8.875, 7.75, 8.75, 8 ], "texture": "#voxels_atlas" }
			}
		},
		{
			"__comment": "Voxels",
			"from": [ 7.75, 16, 7.5 ],
			"to": [ 8.25, 16.75, 7.75 ],
			"faces": {
				"north": { "uv": [ 3.625, 0.5, 3.375, 1.25 ], "texture": "#voxels_atlas", "cullface": "up" },
				"south": { "uv": [ 3.125, 0.5, 3.375, 1.25 ], "texture": "#voxels_atlas", "cullface": "up" },
				"west": { "uv": [ 6.5, 0, 6.625, 0.75 ], "texture": "#voxels_atlas", "cullface": "up" },
				"east": { "uv": [ 6.75, 0, 6.625, 0.75 ], "texture": "#voxels_atlas", "cullface": "up" }
			}
		},
		{
			"__comment": "Voxels",
			"from": [ 7.75, 16, 8.25 ],
			"to": [ 8.25, 16.75, 8.5 ],
			"faces": {
				"north": { "uv": [ 7.125, 6.5, 6.875, 7.25 ], "texture": "#voxels_atlas", "cullface": "up" },
				"south": { "uv": [ 7.125, 6.5, 7.375, 7.25 ], "texture": "#voxels_atlas", "cullface": "up" },
				"west": { "uv": [ 8, 10.75, 8.125, 11.5 ], "texture": "#voxels_atlas", "cullface": "up" },
				"east": { "uv": [ 8.125, 10, 8, 10.75 ], "texture": "#voxels_atlas", "cullface": "up" }
			}
		},
		{
			"__comment": "Voxels",
			"from": [ 7.75, 17, 7.5 ],
			"to": [ 8.25, 17.75, 7.75 ],
			"faces": {
				"north": { "uv": [ 7.125, 5, 6.875, 5.75 ], "texture": "#voxels_atlas", "cullface": "up" },
				"south": { "uv": [ 7.125, 5, 7.375, 5.75 ], "texture": "#voxels_atlas", "cullface": "up" },
				"west": { "uv": [ 8, 4.75, 8.125, 5.5 ], "texture": "#voxels_atlas", "cullface": "up" },
				"east": { "uv": [ 8.125, 4, 8, 4.75 ], "texture": "#voxels_atlas", "cullface": "up" }
			}
		},
		{
			"__comment": "Voxels",
			"from": [ 7.75, 17, 8.25 ],
			"to": [ 8.25, 17.75, 8.5 ],
			"faces": {
				"north": { "uv": [ 6.875, 7.75, 6.625, 8.5 ], "texture": "#voxels_atlas", "cullface": "up" },
				"south": { "uv": [ 6.5, 12, 6.75, 12.75 ], "texture": "#voxels_atlas", "cullface": "up" },
				"west": { "uv": [ 8, 7, 8.125, 7.75 ], "texture": "#voxels_atlas", "cullface": "up" },
				"east": { "uv": [ 8.125, 3.25, 8, 4 ], "texture": "#voxels_atlas", "cullface": "up" }
			}
		},
		{
			"__comment": "Voxels",
			"from": [ 7.75, 18, 7.5 ],
			"to": [ 8.25, 18.75, 7.75 ],
			"faces": {
				"north": { "uv": [ 6.625, 10.75, 6.375, 11.5 ], "texture": "#voxels_atlas", "cullface": "up" },
				"south": { "uv": [ 2.625, 0.5, 2.875, 1.25 ], "texture": "#voxels_atlas", "cullface": "up" },
				"west": { "uv": [ 8, 9.25, 8.125, 10 ], "texture": "#voxels_atlas", "cullface": "up" },
				"east": { "uv": [ 8.125, 1, 8, 1.75 ], "texture": "#voxels_atlas", "cullface": "up" }
			}
		},
		{
			"__comment": "Voxels",
			"from": [ 7.75, 18, 8.25 ],
			"to": [ 8.25, 18.75, 8.5 ],
			"faces": {
				"north": { "uv": [ 3.125, 0.5, 2.875, 1.25 ], "texture": "#voxels_atlas", "cullface": "up" },
				"south": { "uv": [ 6.5, 12.75, 6.75, 13.5 ], "texture": "#voxels_atlas", "cullface": "up" },
				"west": { "uv": [ 8, 13, 8.125, 13.75 ], "texture": "#voxels_atlas", "cullface": "up" },
				"east": { "uv": [ 6.875, 0, 6.75, 0.75 ], "texture": "#voxels_atlas", "cullface": "up" }
			}
		},
		{
			"__comment": "Voxels",
			"from": [ 7.75, 19, 7.75 ],
			"to": [ 8.5, 19.25, 8.25 ],
			"faces": {
				"down": { "uv": [ 5.625, 0, 6, 0.5 ], "texture": "#voxels_atlas", "cullface": "up" },
				"up": { "uv": [ 6, 0.5, 6.375, 0 ], "texture": "#voxels_atlas", "cullface": "up" },
				"east": { "uv": [ 14.5, 15, 14.25, 15.25 ], "texture": "#voxels_atlas", "cullface": "up" }
			}
		},
		{
			"__comment": "Voxels",
			"from": [ 8.25, 13.5, 7.25 ],
			"to": [ 8.5, 13.75, 7.5 ],
			"faces": {
				"down": { "uv": [ 8.75, 5, 8.875, 5.25 ], "texture": "#voxels_atlas" },
				"north": { "uv": [ 8.875, 4.5, 8.75, 4.75 ], "texture": "#voxels_atlas" },
				"west": { "uv": [ 8.75, 4, 8.875, 4.25 ], "texture": "#voxels_atlas" },
				"east": { "uv": [ 8.875, 3.75, 8.75, 4 ], "texture": "#voxels_atlas" }
			}
		},
		{
			"__comment": "Voxels",
			"from": [ 8.25, 13.75, 7.75 ],
			"to": [ 8.75, 14, 8.25 ],
			"faces": {
				"down": { "uv": [ 6.125, 13.5, 6.375, 14 ], "texture": "#voxels_atlas" },
				"up": { "uv": [ 6.125, 7.5, 6.375, 7 ], "texture": "#voxels_atlas" },
				"west": { "uv": [ 8.25, 12.75, 8.5, 13 ], "texture": "#voxels_atlas" },
				"east": { "uv": [ 8.5, 12.5, 8.25, 12.75 ], "texture": "#voxels_atlas" }
			}
		},
		{
			"__comment": "Voxels",
			"from": [ 8.25, 14.5, 8.25 ],
			"to": [ 9, 15, 8.5 ],
			"faces": {
				"north": { "uv": [ 7.125, 13, 6.75, 13.5 ], "texture": "#voxels_atlas" },
				"south": { "uv": [ 6.75, 12.5, 7.125, 13 ], "texture": "#voxels_atlas" },
				"west": { "uv": [ 8.125, 3.5, 8.25, 4 ], "texture": "#voxels_atlas" },
				"east": { "uv": [ 8.25, 3, 8.125, 3.5 ], "texture": "#voxels_atlas" }
			}
		},
		{
			"__comment": "Voxels",
			"from": [ 8.25, 14.75, 7.75 ],
			"to": [ 10.25, 15, 8 ],
			"faces": {
				"down": { "uv": [ 6.375, 15.75, 7.375, 16 ], "texture": "#voxels_atlas" },
				"up": { "uv": [ 4.625, 1.25, 5.625, 1 ], "texture": "#voxels_atlas" },
				"north": { "uv": [ 5.625, 2.25, 4.625, 2.5 ], "texture": "#voxels_atlas" },
				"south": { "uv": [ 4.625, 2.5, 5.625, 2.75 ], "texture": "#voxels_atlas" },
				"west": { "uv": [ 7.5, 14, 7.625, 14.25 ], "texture": "#voxels_atlas" },
				"east": { "uv": [ 7.75, 14, 7.625, 14.25 ], "texture": "#voxels_atlas" }
			}
		},
		{
			"__comment": "Voxels",
			"from": [ 8.25, 15, 7.25 ],
			"to": [ 9, 15.75, 7.5 ],
			"faces": {
				"down": { "uv": [ 13.375, 15.5, 13.75, 15.75 ], "texture": "#voxels_atlas" },
				"up": { "uv": [ 13.75, 15.75, 14.125, 15.5 ], "texture": "#voxels_atlas" },
				"north": { "uv": [ 5, 7, 4.625, 7.75 ], "texture": "#voxels_atlas" },
				"south": { "uv": [ 4.625, 7.75, 5, 8.5 ], "texture": "#voxels_atlas" },
				"west": { "uv": [ 8.125, 14.75, 8.25, 15.5 ], "texture": "#voxels_atlas" },
				"east": { "uv": [ 8.25, 14, 8.125, 14.75 ], "texture": "#voxels_atlas" }
			}
		},
		{
			"__comment": "Voxels",
			"from": [ 8.25, 15, 7.75 ],
			"to": [ 9.5, 15.25, 8.25 ],
			"faces": {
				"down": { "uv": [ 5.375, 12.5, 6, 13 ], "texture": "#voxels_atlas" },
				"up": { "uv": [ 4.625, 12, 5.25, 11.5 ], "texture": "#voxels_atlas" },
				"north": { "uv": [ 7.125, 2.25, 6.5, 2.5 ], "texture": "#voxels_atlas" },
				"west": { "uv": [ 8.25, 9.25, 8.5, 9.5 ], "texture": "#voxels_atlas" },
				"east": { "uv": [ 8.5, 9, 8.25, 9.25 ], "texture": "#voxels_atlas" }
			}
		},
		{
			"__comment": "Voxels",
			"from": [ 8.25, 16.5, 7.75 ],
			"to": [ 8.5, 19, 8.25 ],
			"faces": {
				"down": { "uv": [ 8.125, 1.5, 8.25, 2 ], "texture": "#voxels_atlas", "cullface": "up" },
				"north": { "uv": [ 4.625, 0.25, 4.5, 2.75 ], "texture": "#voxels_atlas", "cullface": "up" },
				"south": { "uv": [ 4.5, 2.75, 4.625, 5.25 ], "texture": "#voxels_atlas", "cullface": "up" },
				"west": { "uv": [ 2.125, 4.5, 2.375, 7 ], "texture": "#voxels_atlas", "cullface": "up" },
				"east": { "uv": [ 2.125, 4.5, 1.875, 7 ], "texture": "#voxels_atlas", "cullface": "up" }
			}
		},
		{
			"__comment": "Voxels",
			"from": [ 8.5, 3.5, 7.75 ],
			"to": [ 8.75, 4.5, 8 ],
			"faces": {
				"down": { "uv": [ 7.875, 7.75, 8, 8 ], "texture": "#voxels_atlas" },
				"north": { "uv": [ 7.875, 14.25, 7.75, 15.25 ], "texture": "#voxels_atlas" },
				"south": { "uv": [ 7.875, 14.25, 8, 15.25 ], "texture": "#voxels_atlas" },
				"east": { "uv": [ 7.625, 11.75, 7.5, 12.75 ], "texture": "#voxels_atlas" }
			}
		},
		{
			"__comment": "Voxels",
			"from": [ 8.5, 4.5, 8 ],
			"to": [ 8.75, 7.5, 8.25 ],
			"faces": {
				"down": { "uv": [ 7.875, 6.25, 8, 6.5 ], "texture": "#voxels_atlas" },
				"south": { "uv": [ 3.875, 0, 4, 3 ], "texture": "#voxels_atlas" },
				"east": { "uv": [ 4.125, 0, 4, 3 ], "texture": "#voxels_atlas" }
			}
		},
		{
			"__comment": "Voxels",
			"from": [ 8.5, 14, 7.75 ],
			"to": [ 9.5, 14.25, 8.25 ],
			"faces": {
				"down": { "uv": [ 4.625, 3.25, 5.125, 3.75 ], "texture": "#voxels_atlas" },
				"up": { "uv": [ 5.875, 5.25, 6.375, 4.75 ], "texture": "#voxels_atlas" },
				"north": { "uv": [ 7.875, 11.5, 7.375, 11.75 ], "texture": "#voxels_atlas" },
				"south": { "uv": [ 7.375, 11.25, 7.875, 11.5 ], "texture": "#voxels_atlas" },
				"west": { "uv": [ 8.25, 7.25, 8.5, 7.5 ], "texture": "#voxels_atlas" },
				"east": { "uv": [ 8.5, 7, 8.25, 7.25 ], "texture": "#voxels_atlas" }
			}
		},
		{
			"__comment": "Voxels",
			"from": [ 8.5, 14.5, 7.75 ],
			"to": [ 10.75, 14.75, 8.25 ],
			"faces": {
				"down": { "uv": [ 3.125, 6.5, 4.25, 7 ], "texture": "#voxels_atlas" },
				"up": { "uv": [ 3.125, 6.5, 4.25, 6 ], "texture": "#voxels_atlas" },
				"north": { "uv": [ 6.375, 11.5, 5.25, 11.75 ], "texture": "#voxels_atlas" },
				"south": { "uv": [ 5, 7.5, 6.125, 7.75 ], "texture": "#voxels_atlas" },
				"west": { "uv": [ 8.25, 6.75, 8.5, 7 ], "texture": "#voxels_atlas" },
				"east": { "uv": [ 8.5, 6.5, 8.25, 6.75 ], "texture": "#voxels_atlas" }
			}
		},
		{
			"__comment": "Voxels",
			"from": [ 8.5, 14.75, 8 ],
			"to": [ 8.75, 15, 8.25 ],
			"faces": {
				"west": { "uv": [ 8.5, 5, 8.625, 5.25 ], "texture": "#voxels_atlas" },
				"east": { "uv": [ 8.625, 4.75, 8.5, 5 ], "texture": "#voxels_atlas" }
			}
		},
		{
			"__comment": "Voxels",
			"from": [ 8.5, 15.25, 7 ],
			"to": [ 8.75, 15.75, 7.25 ],
			"faces": {
				"down": { "uv": [ 8.5, 4.5, 8.625, 4.75 ], "texture": "#voxels_atlas" },
				"up": { "uv": [ 8.5, 4.5, 8.625, 4.25 ], "texture": "#voxels_atlas" },
				"north": { "uv": [ 8.375, 6, 8.25, 6.5 ], "texture": "#voxels_atlas" },
				"west": { "uv": [ 8.25, 5.5, 8.375, 6 ], "texture": "#voxels_atlas" },
				"east": { "uv": [ 8.5, 5.5, 8.375, 6 ], "texture": "#voxels_atlas" }
			}
		},
		{
			"__comment": "Voxels",
			"from": [ 8.5, 15.5, 7.5 ],
			"to": [ 9.5, 15.75, 7.75 ],
			"faces": {
				"down": { "uv": [ 7.375, 11, 7.875, 11.25 ], "texture": "#voxels_atlas" },
				"up": { "uv": [ 7.375, 11, 7.875, 10.75 ], "texture": "#voxels_atlas" },
				"north": { "uv": [ 7.875, 10.5, 7.375, 10.75 ], "texture": "#voxels_atlas" },
				"south": { "uv": [ 7.375, 10.25, 7.875, 10.5 ], "texture": "#voxels_atlas" },
				"west": { "uv": [ 8.5, 2, 8.625, 2.25 ], "texture": "#voxels_atlas" },
				"east": { "uv": [ 8.625, 1.75, 8.5, 2 ], "texture": "#voxels_atlas" }
			}
		},
		{
			"__comment": "Voxels",
			"from": [ 8.5, 15.75, 7.25 ],
			"to": [ 9, 16, 7.5 ],
			"faces": {
				"up": { "uv": [ 8.25, 4.75, 8.5, 4.5 ], "texture": "#voxels_atlas", "cullface": "up" },
				"north": { "uv": [ 8.5, 4.25, 8.25, 4.5 ], "texture": "#voxels_atlas" },
				"south": { "uv": [ 8.25, 4, 8.5, 4.25 ], "texture": "#voxels_atlas" },
				"west": { "uv": [ 8.5, 0.5, 8.625, 0.75 ], "texture": "#voxels_atlas" },
				"east": { "uv": [ 8.625, 0.25, 8.5, 0.5 ], "texture": "#voxels_atlas" }
			}
		},
		{
			"__comment": "Voxels",
			"from": [ 8.75, 13.5, 7.75 ],
			"to": [ 9.5, 13.75, 8.25 ],
			"faces": {
				"down": { "uv": [ 6.75, 9.25, 7.125, 9.75 ], "texture": "#voxels_atlas" },
				"up": { "uv": [ 6.875, 8.5, 7.25, 8 ], "texture": "#voxels_atlas" },
				"north": { "uv": [ 9, 15.25, 8.625, 15.5 ], "texture": "#voxels_atlas" },
				"south": { "uv": [ 9, 15.25, 9.375, 15.5 ], "texture": "#voxels_atlas" },
				"west": { "uv": [ 8.25, 3.25, 8.5, 3.5 ], "texture": "#voxels_atlas" },
				"east": { "uv": [ 8.5, 3, 8.25, 3.25 ], "texture": "#voxels_atlas" }
			}
		},
		{
			"__comment": "Voxels",
			"from": [ 8.75, 14.25, 7.5 ],
			"to": [ 9, 14.75, 7.75 ],
			"faces": {
				"north": { "uv": [ 8.375, 2.5, 8.25, 3 ], "texture": "#voxels_atlas" },
				"south": { "uv": [ 8.375, 2.5, 8.5, 3 ], "texture": "#voxels_atlas" },
				"west": { "uv": [ 8.25, 2, 8.375, 2.5 ], "texture": "#voxels_atlas" },
				"east": { "uv": [ 8.5, 2, 8.375, 2.5 ], "texture": "#voxels_atlas" }
			}
		},
		{
			"__comment": "Voxels",
			"from": [ 8.75, 15.25, 7.75 ],
			"to": [ 9.5, 15.75, 8 ],
			"faces": {
				"up": { "uv": [ 9.75, 15.5, 10.125, 15.25 ], "texture": "#voxels_atlas" },
				"north": { "uv": [ 6.75, 7.25, 6.375, 7.75 ], "texture": "#voxels_atlas" },
				"south": { "uv": [ 6.75, 7.25, 7.125, 7.75 ], "texture": "#voxels_atlas" },
				"west": { "uv": [ 8.25, 1, 8.375, 1.5 ], "texture": "#voxels_atlas" },
				"east": { "uv": [ 8.5, 1, 8.375, 1.5 ], "texture": "#voxels_atlas" }
			}
		},
		{
			"__comment": "Voxels",
			"from": [ 8.75, 15.5, 7 ],
			"to": [ 9, 15.75, 7.25 ],
			"faces": {
				"down": { "uv": [ 8.625, 10.25, 8.75, 10.5 ], "texture": "#voxels_atlas" },
				"up": { "uv": [ 8.625, 10.25, 8.75, 10 ], "texture": "#voxels_atlas" },
				"north": { "uv": [ 8.75, 9.75, 8.625, 10 ], "texture": "#voxels_atlas" },
				"east": { "uv": [ 8.75, 9, 8.625, 9.25 ], "texture": "#voxels_atlas" }
			}
		},
		{
			"__comment": "Voxels",
			"from": [ 8.75, 15.5, 8 ],
			"to": [ 9.5, 15.75, 8.25 ],
			"faces": {
				"up": { "uv": [ 10.5, 15.5, 10.875, 15.25 ], "texture": "#voxels_atlas" },
				"south": { "uv": [ 11.25, 15.25, 11.625, 15.5 ], "texture": "#voxels_atlas" },
				"west": { "uv": [ 8.625, 7.75, 8.75, 8 ], "texture": "#voxels_atlas" },
				"east": { "uv": [ 8.75, 7.5, 8.625, 7.75 ], "texture": "#voxels_atlas" }
			}
		},
		{
			"__comment": "Voxels",
			"from": [ 8.75, 15.75, 7.5 ],
			"to": [ 9.25, 16, 7.75 ],
			"faces": {
				"up": { "uv": [ 8.75, 15, 9, 14.75 ], "texture": "#voxels_atlas", "cullface": "up" },
				"north": { "uv": [ 9.25, 14.75, 9, 15 ], "texture": "#voxels_atlas" },
				"south": { "uv": [ 9.25, 14.75, 9.5, 15 ], "texture": "#voxels_atlas" },
				"west": { "uv": [ 8.625, 6.25, 8.75, 6.5 ], "texture": "#voxels_atlas" },
				"east": { "uv": [ 8.75, 6, 8.625, 6.25 ], "texture": "#voxels_atlas" }
			}
		},
		{
			"__comment": "Voxels",
			"from": [ 9, 13.75, 7.75 ],
			"to": [ 9.5, 14, 8.25 ],
			"faces": {
				"north": { "uv": [ 9.75, 14.75, 9.5, 15 ], "texture": "#voxels_atlas" },
				"south": { "uv": [ 9.75, 14.75, 10, 15 ], "texture": "#voxels_atlas" },
				"west": { "uv": [ 10, 14.75, 10.25, 15 ], "texture": "#voxels_atlas" },
				"east": { "uv": [ 10.5, 14.75, 10.25, 15 ], "texture": "#voxels_atlas" }
			}
		},
		{
			"__comment": "Voxels",
			"from": [ 9, 14.75, 8 ],
			"to": [ 10, 15, 8.5 ],
			"faces": {
				"down": { "uv": [ 5.875, 5.25, 6.375, 5.75 ], "texture": "#voxels_atlas" },
				"up": { "uv": [ 5.375, 5.75, 5.875, 5.25 ], "texture": "#voxels_atlas" },
				"south": { "uv": [ 7.375, 9.75, 7.875, 10 ], "texture": "#voxels_atlas" },
				"west": { "uv": [ 11, 14.75, 11.25, 15 ], "texture": "#voxels_atlas" },
				"east": { "uv": [ 11.5, 14.75, 11.25, 15 ], "texture": "#voxels_atlas" }
			}
		},
		{
			"__comment": "Voxels",
			"from": [ 9, 15.25, 8.25 ],
			"to": [ 9.75, 15.5, 8.5 ],
			"faces": {
				"up": { "uv": [ 12, 15.5, 12.375, 15.25 ], "texture": "#voxels_atlas" },
				"north": { "uv": [ 12.75, 15.25, 12.375, 15.5 ], "texture": "#voxels_atlas" },
				"south": { "uv": [ 12.75, 15.25, 13.125, 15.5 ], "texture": "#voxels_atlas" },
				"west": { "uv": [ 8.625, 1.75, 8.75, 2 ], "texture": "#voxels_atlas" },
				"east": { "uv": [ 8.875, 13, 8.75, 13.25 ], "texture": "#voxels_atlas" }
			}
		},
		{
			"__comment": "Voxels",
			"from": [ 9, 15.5, 7.25 ],
			"to": [ 9.25, 15.75, 7.5 ],
			"faces": {
				"down": { "uv": [ 8.625, 1.25, 8.75, 1.5 ], "texture": "#voxels_atlas" },
				"up": { "uv": [ 8.625, 1.25, 8.75, 1 ], "texture": "#voxels_atlas" },
				"north": { "uv": [ 8.75, 0.75, 8.625, 1 ], "texture": "#voxels_atlas" },
				"east": { "uv": [ 8.75, 0, 8.625, 0.25 ], "texture": "#voxels_atlas" }
			}
		},
		{
			"__comment": "Voxels",
			"from": [ 9, 15.5, 8.25 ],
			"to": [ 9.5, 15.75, 8.5 ],
			"faces": {
				"up": { "uv": [ 13, 15, 13.25, 14.75 ], "texture": "#voxels_atlas" },
				"south": { "uv": [ 13.5, 14.75, 13.75, 15 ], "texture": "#voxels_atlas" },
				"west": { "uv": [ 9.25, 14.25, 9.375, 14.5 ], "texture": "#voxels_atlas" },
				"east": { "uv": [ 9.5, 14.25, 9.375, 14.5 ], "texture": "#voxels_atlas" }
			}
		},
		{
			"__comment": "Voxels",
			"from": [ 9, 15.75, 7.75 ],
			"to": [ 9.25, 16, 8 ],
			"faces": {
				"up": { "uv": [ 9.625, 14.5, 9.75, 14.25 ], "texture": "#voxels_atlas", "cullface": "up" },
				"south": { "uv": [ 9.875, 14.25, 10, 14.5 ], "texture": "#voxels_atlas" },
				"west": { "uv": [ 10, 14.25, 10.125, 14.5 ], "texture": "#voxels_atlas" },
				"east": { "uv": [ 10.25, 14.25, 10.125, 14.5 ], "texture": "#voxels_atlas" }
			}
		},
		{
			"__comment": "Voxels",
			"from": [ 9.25, 14.5, 8.25 ],
			"to": [ 9.5, 14.75, 8.5 ],
			"faces": {
				"down": { "uv": [ 10.25, 14.25, 10.375, 14.5 ], "texture": "#voxels_atlas" },
				"south": { "uv": [ 10.625, 14.25, 10.75, 14.5 ], "texture": "#voxels_atlas" },
				"west": { "uv": [ 10.75, 14.25, 10.875, 14.5 ], "texture": "#voxels_atlas" },
				"east": { "uv": [ 11, 14.25, 10.875, 14.5 ], "texture": "#voxels_atlas" }
			}
		},
		{
			"__comment": "Voxels",
			"from": [ 9.25, 14.75, 8.5 ],
			"to": [ 9.75, 15, 8.75 ],
			"faces": {
				"down": { "uv": [ 13.75, 14.75, 14, 15 ], "texture": "#voxels_atlas" },
				"up": { "uv": [ 14, 15, 14.25, 14.75 ], "texture": "#voxels_atlas" },
				"south": { "uv": [ 14.5, 14.75, 14.75, 15 ], "texture": "#voxels_atlas" },
				"west": { "uv": [ 11.5, 14.25, 11.625, 14.5 ], "texture": "#voxels_atlas" },
				"east": { "uv": [ 11.75, 14.25, 11.625, 14.5 ], "texture": "#voxels_atlas" }
			}
		},
		{
			"__comment": "Voxels",
			"from": [ 9.25, 15, 8.5 ],
			"to": [ 9.5, 15.25, 8.75 ],
			"faces": {
				"up": { "uv": [ 11.875, 14.5, 12, 14.25 ], "texture": "#voxels_atlas" },
				"south": { "uv": [ 12.125, 14.25, 12.25, 14.5 ], "texture": "#voxels_atlas" },
				"west": { "uv": [ 12.25, 14.25, 12.375, 14.5 ], "texture": "#voxels_atlas" },
				"east": { "uv": [ 12.5, 14.25, 12.375, 14.5 ], "texture": "#voxels_atlas" }
			}
		},
		{
			"__comment": "Voxels",
			"from": [ 9.5, 14.5, 8.5 ],
			"to": [ 9.75, 14.75, 9 ],
			"faces": {
				"down": { "uv": [ 8.5, 13.25, 8.625, 13.75 ], "texture": "#voxels_atlas" },
				"up": { "uv": [ 8.5, 13.25, 8.625, 12.75 ], "texture": "#voxels_atlas" },
				"north": { "uv": [ 12.875, 14.25, 12.75, 14.5 ], "texture": "#voxels_atlas" },
				"south": { "uv": [ 12.875, 14.25, 13, 14.5 ], "texture": "#voxels_atlas" },
				"west": { "uv": [ 14.75, 14.75, 15, 15 ], "texture": "#voxels_atlas" },
				"east": { "uv": [ 15.25, 14.75, 15, 15 ], "texture": "#voxels_atlas" }
			}
		},
		{
			"__comment": "Voxels",
			"from": [ 9.5, 15, 8 ],
			"to": [ 10.75, 15.25, 8.25 ],
			"faces": {
				"down": { "uv": [ 7.375, 15.5, 8, 15.75 ], "texture": "#voxels_atlas" },
				"up": { "uv": [ 7.375, 16, 8, 15.75 ], "texture": "#voxels_atlas" },
				"north": { "uv": [ 8, 13.5, 7.375, 13.75 ], "texture": "#voxels_atlas" },
				"south": { "uv": [ 7.375, 13.75, 8, 14 ], "texture": "#voxels_atlas" },
				"east": { "uv": [ 14, 14.25, 13.875, 14.5 ], "texture": "#voxels_atlas" }
			}
		},
		{
			"__comment": "Voxels",
			"from": [ 9.75, 14.5, 8.25 ],
			"to": [ 10, 14.75, 8.5 ],
			"faces": {
				"down": { "uv": [ 14, 14.25, 14.125, 14.5 ], "texture": "#voxels_atlas" },
				"south": { "uv": [ 14.375, 14.25, 14.5, 14.5 ], "texture": "#voxels_atlas" },
				"west": { "uv": [ 14.5, 14.25, 14.625, 14.5 ], "texture": "#voxels_atlas" },
				"east": { "uv": [ 14.75, 14.25, 14.625, 14.5 ], "texture": "#voxels_atlas" }
			}
		},
		{
			"__comment": "Voxels",
			"from": [ 9.75, 15, 7.75 ],
			"to": [ 10.5, 15.25, 8 ],
			"faces": {
				"down": { "uv": [ 13.125, 15.25, 13.5, 15.5 ], "texture": "#voxels_atlas" },
				"up": { "uv": [ 13.5, 15.5, 13.875, 15.25 ], "texture": "#voxels_atlas" },
				"north": { "uv": [ 14.25, 15.25, 13.875, 15.5 ], "texture": "#voxels_atlas" },
				"west": { "uv": [ 15.25, 14.25, 15.375, 14.5 ], "texture": "#voxels_atlas" },
				"east": { "uv": [ 15.5, 14.25, 15.375, 14.5 ], "texture": "#voxels_atlas" }
			}
		},
		{
			"__comment": "Voxels",
			"from": [ 9.75, 15.5, 7.75 ],
			"to": [ 10.25, 15.75, 8 ],
			"faces": {
				"down": { "uv": [ 9.125, 14.5, 9.375, 14.75 ], "texture": "#voxels_atlas" },
				"up": { "uv": [ 9.375, 14.75, 9.625, 14.5 ], "texture": "#voxels_atlas" },
				"north": { "uv": [ 9.875, 14.5, 9.625, 14.75 ], "texture": "#voxels_atlas" },
				"south": { "uv": [ 9.875, 14.5, 10.125, 14.75 ], "texture": "#voxels_atlas" },
				"west": { "uv": [ 8.75, 14, 8.875, 14.25 ], "texture": "#voxels_atlas" },
				"east": { "uv": [ 8.875, 13.75, 8.75, 14 ], "texture": "#voxels_atlas" }
			}
		},
		{
			"__comment": "Voxels",
			"from": [ 9.75, 15.5, 8.25 ],
			"to": [ 10.25, 15.75, 8.5 ],
			"faces": {
				"down": { "uv": [ 10.125, 14.5, 10.375, 14.75 ], "texture": "#voxels_atlas" },
				"up": { "uv": [ 10.375, 14.75, 10.625, 14.5 ], "texture": "#voxels_atlas" },
				"north": { "uv": [ 12.75, 14.75, 12.5, 15 ], "texture": "#voxels_atlas" },
				"south": { "uv": [ 10.625, 14.5, 10.875, 14.75 ], "texture": "#voxels_atlas" },
				"west": { "uv": [ 8.75, 12.5, 8.875, 12.75 ], "texture": "#voxels_atlas" },
				"east": { "uv": [ 8.875, 12.25, 8.75, 12.5 ], "texture": "#voxels_atlas" }
			}
		},
		{
			"__comment": "Voxels",
			"from": [ 10, 14.75, 7.5 ],
			"to": [ 10.25, 15, 7.75 ],
			"faces": {
				"down": { "uv": [ 8.75, 12, 8.875, 12.25 ], "texture": "#voxels_atlas" },
				"up": { "uv": [ 8.75, 12, 8.875, 11.75 ], "texture": "#voxels_atlas" },
				"north": { "uv": [ 8.875, 11.5, 8.75, 11.75 ], "texture": "#voxels_atlas" },
				"west": { "uv": [ 8.75, 11, 8.875, 11.25 ], "texture": "#voxels_atlas" },
				"east": { "uv": [ 8.875, 10.75, 8.75, 11 ], "texture": "#voxels_atlas" }
			}
		},
		{
			"__comment": "Voxels",
			"from": [ 10, 14.75, 8.25 ],
			"to": [ 10.25, 15.5, 8.5 ],
			"faces": {
				"down": { "uv": [ 8.75, 10.5, 8.875, 10.75 ], "texture": "#voxels_atlas" },
				"north": { "uv": [ 8.25, 13.25, 8.125, 14 ], "texture": "#voxels_atlas" },
				"south": { "uv": [ 8.125, 12.5, 8.25, 13.25 ], "texture": "#voxels_atlas" },
				"west": { "uv": [ 8.125, 11.75, 8.25, 12.5 ], "texture": "#voxels_atlas" },
				"east": { "uv": [ 8.25, 11, 8.125, 11.75 ], "texture": "#voxels_atlas" }
			}
		},
		{
			"__comment": "Voxels",
			"from": [ 10, 15.25, 7.75 ],
			"to": [ 10.5, 15.5, 8.25 ],
			"faces": {
				"down": { "uv": [ 7.125, 12.5, 7.375, 13 ], "texture": "#voxels_atlas" },
				"up": { "uv": [ 7.125, 12.5, 7.375, 12 ], "texture": "#voxels_atlas" },
				"north": { "uv": [ 11.625, 14.5, 11.375, 14.75 ], "texture": "#voxels_atlas" },
				"south": { "uv": [ 11.625, 14.5, 11.875, 14.75 ], "texture": "#voxels_atlas" },
				"west": { "uv": [ 11.875, 14.5, 12.125, 14.75 ], "texture": "#voxels_atlas" },
				"east": { "uv": [ 12.375, 14.5, 12.125, 14.75 ], "texture": "#voxels_atlas" }
			}
		},
		{
			"__comment": "Voxels",
			"from": [ 10.25, 12, 7.75 ],
			"to": [ 10.75, 12.25, 8.25 ],
			"faces": {
				"down": { "uv": [ 7.125, 11.5, 7.375, 12 ], "texture": "#voxels_atlas" },
				"north": { "uv": [ 12.625, 14.5, 12.375, 14.75 ], "texture": "#voxels_atlas" },
				"south": { "uv": [ 12.625, 14.5, 12.875, 14.75 ], "texture": "#voxels_atlas" },
				"west": { "uv": [ 12.875, 14.5, 13.125, 14.75 ], "texture": "#voxels_atlas" },
				"east": { "uv": [ 13.375, 14.5, 13.125, 14.75 ], "texture": "#voxels_atlas" }
			}
		},
		{
			"__comment": "Voxels",
			"from": [ 10.25, 14.25, 7.75 ],
			"to": [ 10.5, 14.5, 8.25 ],
			"faces": {
				"down": { "uv": [ 8.5, 9.75, 8.625, 10.25 ], "texture": "#voxels_atlas" },
				"north": { "uv": [ 8.875, 5.5, 8.75, 5.75 ], "texture": "#voxels_atlas" },
				"south": { "uv": [ 8.75, 5.25, 8.875, 5.5 ], "texture": "#voxels_atlas" },
				"west": { "uv": [ 13.375, 14.5, 13.625, 14.75 ], "texture": "#voxels_atlas" },
				"east": { "uv": [ 13.875, 14.5, 13.625, 14.75 ], "texture": "#voxels_atlas" }
			}
		},
		{
			"__comment": "Voxels",
			"from": [ 10.25, 14.5, 8.25 ],
			"to": [ 10.75, 14.75, 8.5 ],
			"faces": {
				"down": { "uv": [ 13.875, 14.5, 14.125, 14.75 ], "texture": "#voxels_atlas" },
				"up": { "uv": [ 14.125, 14.75, 14.375, 14.5 ], "texture": "#voxels_atlas" },
				"south": { "uv": [ 14.625, 14.5, 14.875, 14.75 ], "texture": "#voxels_atlas" },
				"west": { "uv": [ 8.75, 3.5, 8.875, 3.75 ], "texture": "#voxels_atlas" },
				"east": { "uv": [ 8.875, 3.25, 8.75, 3.5 ], "texture": "#voxels_atlas" }
			}
		},
		{
			"__comment": "Voxels",
			"from": [ 10.25, 14.75, 8 ],
			"to": [ 10.75, 15, 8.25 ],
			"faces": {
				"north": { "uv": [ 15.625, 14.5, 15.375, 14.75 ], "texture": "#voxels_atlas" },
				"south": { "uv": [ 15.625, 14.5, 15.875, 14.75 ], "texture": "#voxels_atlas" },
				"west": { "uv": [ 8.75, 2, 8.875, 2.25 ], "texture": "#voxels_atlas" },
				"east": { "uv": [ 8.875, 1.75, 8.75, 2 ], "texture": "#voxels_atlas" }
			}
		},
		{
			"__comment": "Voxels",
			"from": [ 10.25, 15, 8.25 ],
			"to": [ 10.5, 15.5, 8.5 ],
			"faces": {
				"down": { "uv": [ 8.75, 1.5, 8.875, 1.75 ], "texture": "#voxels_atlas" },
				"up": { "uv": [ 8.75, 1.5, 8.875, 1.25 ], "texture": "#voxels_atlas" },
				"north": { "uv": [ 8.625, 8.75, 8.5, 9.25 ], "texture": "#voxels_atlas" },
				"south": { "uv": [ 8.5, 8.25, 8.625, 8.75 ], "texture": "#voxels_atlas" },
				"east": { "uv": [ 8.625, 7.25, 8.5, 7.75 ], "texture": "#voxels_atlas" }
			}
		},
		{
			"__comment": "Voxels",
			"from": [ 10.5, 14, 8 ],
			"to": [ 10.75, 14.5, 8.25 ],
			"faces": {
				"down": { "uv": [ 8.75, 0, 8.875, 0.25 ], "texture": "#voxels_atlas" },
				"north": { "uv": [ 8.625, 6.75, 8.5, 7.25 ], "texture": "#voxels_atlas" },
				"south": { "uv": [ 8.5, 6.25, 8.625, 6.75 ], "texture": "#voxels_atlas" },
				"west": { "uv": [ 8.5, 5.75, 8.625, 6.25 ], "texture": "#voxels_atlas" },
				"east": { "uv": [ 8.625, 5.25, 8.5, 5.75 ], "texture": "#voxels_atlas" }
			}
		},
		{
			"__comment": "Voxels",
			"from": [ 10.5, 14.75, 7.75 ],
			"to": [ 10.75, 15, 8 ],
			"faces": {
				"up": { "uv": [ 9.625, 14.25, 9.75, 14 ], "texture": "#voxels_atlas" },
				"north": { "uv": [ 9.875, 14, 9.75, 14.25 ], "texture": "#voxels_atlas" },
				"west": { "uv": [ 10, 14, 10.125, 14.25 ], "texture": "#voxels_atlas" },
				"east": { "uv": [ 10.25, 14, 10.125, 14.25 ], "texture": "#voxels_atlas" }
			}
		},
		{
			"__comment": "Voxels",
			"from": [ 10.5, 14.75, 8.25 ],
			"to": [ 10.75, 15, 8.5 ],
			"faces": {
				"up": { "uv": [ 10.375, 14.25, 10.5, 14 ], "texture": "#voxels_atlas" },
				"south": { "uv": [ 10.625, 14, 10.75, 14.25 ], "texture": "#voxels_atlas" },
				"west": { "uv": [ 10.75, 14, 10.875, 14.25 ], "texture": "#voxels_atlas" },
				"east": { "uv": [ 11, 14, 10.875, 14.25 ], "texture": "#voxels_atlas" }
			}
		}
	],
	"display": {
		"thirdperson_righthand": {
			"rotation":  [ -180, -90, 0 ],
			"translation":  [ 0, 11, 1 ],
			"scale":  [ 1.3, 1.3, 1.3 ]
		},
		"thirdperson_lefthand": {
			"rotation":  [ -180, -90, 0 ],
			"translation":  [ 0, 11, 1 ],
			"scale":  [ 1.3, 1.3, 1.3 ]
		},
		"firstperson_righthand": {
			"rotation":  [ 160, 90, 15 ],
			"translation":  [ 0, 12.5, 0 ],
			"scale":  [ 1.3, 1.3, 1.3 ]
		},
		"firstperson_lefthand": {
			"rotation":  [ 160, 90, 15 ],
			"translation":  [ 0, 12.5, 0 ],
			"scale":  [ 1.3, 1.3, 1.3 ]
		},
		"gui": {
			"rotation":  [ -180, 0, 45 ]
		},
		"ground": {
			"rotation":  [ 35, 0, 0 ]
		}
	}
}