{
	"__comment": "Designed by Pashjn with Cubik Studio - https://cubik.studio",
	"textures": {
		"particle": "items/pencilpurpn",
		"texture": "items/pencilpurpn",
		"voxels_atlas": "items/pencilpurpn"
	},
	"elements": [ 	 
		{
			"__comment": "Voxels",
			"from": [ -15, 4.5, 6.5 ],
			"to": [ 21.5, 7.5, 8.5 ],
			"faces": {
				"down": { "uv": [ 0, 12, 4.5625, 12.25 ], "texture": "#voxels_atlas" },
				"up": { "uv": [ 0, 12.5, 4.5625, 12.25 ], "texture": "#voxels_atlas" },
				"north": { "uv": [ 4.5625, 14.75, 0, 15.125 ], "texture": "#voxels_atlas" },
				"south": { "uv": [ 0, 14.375, 4.5625, 14.75 ], "texture": "#voxels_atlas" },
				"west": { "uv": [ 4.75, 15.625, 5, 16 ], "texture": "#voxels_atlas" },
				"east": { "uv": [ 4.75, 15.625, 4.5, 16 ], "texture": "#voxels_atlas" }
			}
		},
		{
			"__comment": "Voxels",
			"from": [ -15, 4.5, 8.5 ],
			"to": [ 21, 8, 9 ],
			"faces": {
				"down": { "uv": [ 0, 9.9375, 4.5, 10 ], "texture": "#voxels_atlas" },
				"up": { "uv": [ 0, 9.9375, 4.5, 9.875 ], "texture": "#voxels_atlas" },
				"north": { "uv": [ 4.5, 15.5625, 0, 16 ], "texture": "#voxels_atlas" },
				"south": { "uv": [ 0, 15.125, 4.5, 15.5625 ], "texture": "#voxels_atlas" },
				"west": { "uv": [ 7.125, 15.5625, 7.1875, 16 ], "texture": "#voxels_atlas" },
				"east": { "uv": [ 7.25, 15.5625, 7.1875, 16 ], "texture": "#voxels_atlas" }
			}
		},
		{
			"__comment": "Voxels",
			"from": [ -15, 5, 6 ],
			"to": [ 20.5, 7, 6.5 ],
			"faces": {
				"down": { "uv": [ 0, 9.625, 4.4375, 9.6875 ], "texture": "#voxels_atlas" },
				"up": { "uv": [ 0, 9.75, 4.4375, 9.6875 ], "texture": "#voxels_atlas" },
				"north": { "uv": [ 4.4375, 11.75, 0, 12 ], "texture": "#voxels_atlas" },
				"south": { "uv": [ 0, 11.5, 4.4375, 11.75 ], "texture": "#voxels_atlas" },
				"west": { "uv": [ 5.6875, 15.3125, 5.75, 15.5625 ], "texture": "#voxels_atlas" },
				"east": { "uv": [ 5.6875, 15.3125, 5.625, 15.5625 ], "texture": "#voxels_atlas" }
			}
		},
		{
			"__comment": "Voxels",
			"from": [ -15, 5, 9 ],
			"to": [ 21.5, 7.5, 9.5 ],
			"faces": {
				"down": { "uv": [ 0, 10, 4.5625, 10.0625 ], "texture": "#voxels_atlas" },
				"up": { "uv": [ 0, 10.125, 4.5625, 10.0625 ], "texture": "#voxels_atlas" },
				"north": { "uv": [ 4.5625, 14.0625, 0, 14.375 ], "texture": "#voxels_atlas" },
				"south": { "uv": [ 0, 13.75, 4.5625, 14.0625 ], "texture": "#voxels_atlas" },
				"west": { "uv": [ 4.625, 15.25, 4.6875, 15.5625 ], "texture": "#voxels_atlas" },
				"east": { "uv": [ 5.625, 15.25, 5.5625, 15.5625 ], "texture": "#voxels_atlas" }
			}
		},
		{
			"__comment": "Voxels",
			"from": [ -15, 7, 6 ],
			"to": [ 19.5, 7.5, 6.5 ],
			"faces": {
				"down": { "uv": [ 0, 9.4375, 4.3125, 9.5 ], "texture": "#voxels_atlas" },
				"up": { "uv": [ 0, 9.4375, 4.3125, 9.375 ], "texture": "#voxels_atlas" },
				"north": { "uv": [ 4.3125, 9.3125, 0, 9.375 ], "texture": "#voxels_atlas" },
				"south": { "uv": [ 0, 9.25, 4.3125, 9.3125 ], "texture": "#voxels_atlas" },
				"west": { "uv": [ 7.0625, 15.125, 7.125, 15.1875 ], "texture": "#voxels_atlas" },
				"east": { "uv": [ 7.1875, 15.1875, 7.125, 15.25 ], "texture": "#voxels_atlas" }
			}
		},
		{
			"__comment": "Voxels",
			"from": [ -15, 7.5, 6.5 ],
			"to": [ 20.5, 8, 8.5 ],
			"faces": {
				"down": { "uv": [ 0, 11, 4.4375, 11.25 ], "texture": "#voxels_atlas" },
				"up": { "uv": [ 0, 11.5, 4.4375, 11.25 ], "texture": "#voxels_atlas" },
				"north": { "uv": [ 4.4375, 9.75, 0, 9.8125 ], "texture": "#voxels_atlas" },
				"south": { "uv": [ 0, 9.8125, 4.4375, 9.875 ], "texture": "#voxels_atlas" },
				"west": { "uv": [ 7.625, 15.5625, 7.875, 15.625 ], "texture": "#voxels_atlas" },
				"east": { "uv": [ 7.875, 15.625, 7.625, 15.6875 ], "texture": "#voxels_atlas" }
			}
		},
		{
			"__comment": "Voxels",
			"from": [ -14.5, 4, 6.5 ],
			"to": [ 18.5, 4.5, 9 ],
			"faces": {
				"down": { "uv": [ 0, 13.4375, 4.125, 13.75 ], "texture": "#voxels_atlas" },
				"up": { "uv": [ 0, 13.4375, 4.125, 13.125 ], "texture": "#voxels_atlas" },
				"north": { "uv": [ 4.125, 7.4375, 0, 7.5 ], "texture": "#voxels_atlas" },
				"south": { "uv": [ 0, 7.375, 4.125, 7.4375 ], "texture": "#voxels_atlas" },
				"west": { "uv": [ 7.625, 15.6875, 7.9375, 15.75 ], "texture": "#voxels_atlas" },
				"east": { "uv": [ 7.9375, 15.75, 7.625, 15.8125 ], "texture": "#voxels_atlas" }
			}
		},
		{
			"__comment": "Voxels",
			"from": [ -14.5, 4.5, 6 ],
			"to": [ 20, 5, 6.5 ],
			"faces": {
				"down": { "uv": [ 0, 8.6875, 4.3125, 8.75 ], "texture": "#voxels_atlas" },
				"up": { "uv": [ 0, 8.6875, 4.3125, 8.625 ], "texture": "#voxels_atlas" },
				"north": { "uv": [ 4.3125, 8.5625, 0, 8.625 ], "texture": "#voxels_atlas" },
				"south": { "uv": [ 0, 8.5, 4.3125, 8.5625 ], "texture": "#voxels_atlas" },
				"west": { "uv": [ 5.5625, 15.125, 5.625, 15.1875 ], "texture": "#voxels_atlas" },
				"east": { "uv": [ 5.625, 15.1875, 5.5625, 15.25 ], "texture": "#voxels_atlas" }
			}
		},
		{
			"__comment": "Voxels",
			"from": [ -14.5, 4.5, 9 ],
			"to": [ 19.5, 5, 9.5 ],
			"faces": {
				"down": { "uv": [ 0, 8.375, 4.25, 8.4375 ], "texture": "#voxels_atlas" },
				"up": { "uv": [ 0, 8.375, 4.25, 8.3125 ], "texture": "#voxels_atlas" },
				"north": { "uv": [ 4.25, 8.1875, 0, 8.25 ], "texture": "#voxels_atlas" },
				"south": { "uv": [ 0, 8.25, 4.25, 8.3125 ], "texture": "#voxels_atlas" },
				"west": { "uv": [ 5.25, 15.125, 5.3125, 15.1875 ], "texture": "#voxels_atlas" },
				"east": { "uv": [ 5.3125, 15.1875, 5.25, 15.25 ], "texture": "#voxels_atlas" }
			}
		},
		{
			"__comment": "Voxels",
			"from": [ -14.5, 5, 5.5 ],
			"to": [ 18.5, 7.5, 6 ],
			"faces": {
				"down": { "uv": [ 0, 7.5625, 4.125, 7.625 ], "texture": "#voxels_atlas" },
				"up": { "uv": [ 0, 7.5625, 4.125, 7.5 ], "texture": "#voxels_atlas" },
				"north": { "uv": [ 4.125, 12.5, 0, 12.8125 ], "texture": "#voxels_atlas" },
				"south": { "uv": [ 0, 12.8125, 4.125, 13.125 ], "texture": "#voxels_atlas" },
				"west": { "uv": [ 4.6875, 15.25, 4.75, 15.5625 ], "texture": "#voxels_atlas" },
				"east": { "uv": [ 5.0625, 15.25, 5, 15.5625 ], "texture": "#voxels_atlas" }
			}
		},
		{
			"__comment": "Voxels",
			"from": [ -14.5, 5, 9.5 ],
			"to": [ 20.5, 6.5, 10 ],
			"faces": {
				"down": { "uv": [ 0, 9.5625, 4.375, 9.625 ], "texture": "#voxels_atlas" },
				"up": { "uv": [ 0, 9.5625, 4.375, 9.5 ], "texture": "#voxels_atlas" },
				"north": { "uv": [ 4.375, 10.3125, 0, 10.5 ], "texture": "#voxels_atlas" },
				"south": { "uv": [ 0, 10.125, 4.375, 10.3125 ], "texture": "#voxels_atlas" },
				"west": { "uv": [ 6.6875, 15.1875, 6.75, 15.375 ], "texture": "#voxels_atlas" },
				"east": { "uv": [ 6.8125, 15.375, 6.75, 15.5625 ], "texture": "#voxels_atlas" }
			}
		},
		{
			"__comment": "Voxels",
			"from": [ -14.5, 6.5, 9.5 ],
			"to": [ 20, 7, 10 ],
			"faces": {
				"down": { "uv": [ 0, 9, 4.3125, 9.0625 ], "texture": "#voxels_atlas" },
				"up": { "uv": [ 0, 9.125, 4.3125, 9.0625 ], "texture": "#voxels_atlas" },
				"north": { "uv": [ 4.3125, 8.875, 0, 8.9375 ], "texture": "#voxels_atlas" },
				"south": { "uv": [ 0, 8.75, 4.3125, 8.8125 ], "texture": "#voxels_atlas" },
				"west": { "uv": [ 5.1875, 15.125, 5.25, 15.1875 ], "texture": "#voxels_atlas" },
				"east": { "uv": [ 5.25, 15.1875, 5.1875, 15.25 ], "texture": "#voxels_atlas" }
			}
		},
		{
			"__comment": "Voxels",
			"from": [ -14.5, 7, 9.5 ],
			"to": [ 19.5, 7.5, 10 ],
			"faces": {
				"down": { "uv": [ 0, 8.125, 4.25, 8.1875 ], "texture": "#voxels_atlas" },
				"up": { "uv": [ 0, 8.125, 4.25, 8.0625 ], "texture": "#voxels_atlas" },
				"north": { "uv": [ 4.25, 8, 0, 8.0625 ], "texture": "#voxels_atlas" },
				"south": { "uv": [ 0, 8.4375, 4.25, 8.5 ], "texture": "#voxels_atlas" },
				"west": { "uv": [ 5, 15.125, 5.0625, 15.1875 ], "texture": "#voxels_atlas" },
				"east": { "uv": [ 5.0625, 15.1875, 5, 15.25 ], "texture": "#voxels_atlas" }
			}
		},
		{
			"__comment": "Voxels",
			"from": [ -14.5, 7.5, 6 ],
			"to": [ 19, 8, 6.5 ],
			"faces": {
				"down": { "uv": [ 0, 7.9375, 4.1875, 8 ], "texture": "#voxels_atlas" },
				"up": { "uv": [ 0, 7.6875, 4.1875, 7.625 ], "texture": "#voxels_atlas" },
				"north": { "uv": [ 4.1875, 7.6875, 0, 7.75 ], "texture": "#voxels_atlas" },
				"south": { "uv": [ 0, 7.75, 4.1875, 7.8125 ], "texture": "#voxels_atlas" },
				"west": { "uv": [ 5.3125, 15.1875, 5.375, 15.25 ], "texture": "#voxels_atlas" },
				"east": { "uv": [ 5, 15.125, 4.9375, 15.1875 ], "texture": "#voxels_atlas" }
			}
		},
		{
			"__comment": "Voxels",
			"from": [ -14.5, 7.5, 9 ],
			"to": [ 20, 8, 9.5 ],
			"faces": {
				"down": { "uv": [ 0, 8.8125, 4.3125, 8.875 ], "texture": "#voxels_atlas" },
				"up": { "uv": [ 0, 9, 4.3125, 8.9375 ], "texture": "#voxels_atlas" },
				"north": { "uv": [ 4.3125, 9.125, 0, 9.1875 ], "texture": "#voxels_atlas" },
				"south": { "uv": [ 0, 9.1875, 4.3125, 9.25 ], "texture": "#voxels_atlas" },
				"west": { "uv": [ 4.9375, 15.1875, 5, 15.25 ], "texture": "#voxels_atlas" },
				"east": { "uv": [ 4.9375, 15.125, 4.875, 15.1875 ], "texture": "#voxels_atlas" }
			}
		},
		{
			"__comment": "Voxels",
			"from": [ -14.5, 8, 6.5 ],
			"to": [ 19, 8.5, 8.5 ],
			"faces": {
				"down": { "uv": [ 0, 10.5, 4.1875, 10.75 ], "texture": "#voxels_atlas" },
				"up": { "uv": [ 0, 11, 4.1875, 10.75 ], "texture": "#voxels_atlas" },
				"north": { "uv": [ 4.1875, 7.875, 0, 7.9375 ], "texture": "#voxels_atlas" },
				"south": { "uv": [ 0, 7.8125, 4.1875, 7.875 ], "texture": "#voxels_atlas" },
				"west": { "uv": [ 4.5, 15.5625, 4.75, 15.625 ], "texture": "#voxels_atlas" },
				"east": { "uv": [ 5, 15.5625, 4.75, 15.625 ], "texture": "#voxels_atlas" }
			}
		},
		{
			"__comment": "Voxels",
			"from": [ -14.5, 8, 8.5 ],
			"to": [ 18, 8.5, 9 ],
			"faces": {
				"down": { "uv": [ 0, 7.25, 4.0625, 7.3125 ], "texture": "#voxels_atlas" },
				"up": { "uv": [ 0, 7.1875, 4.0625, 7.125 ], "texture": "#voxels_atlas" },
				"north": { "uv": [ 4.0625, 7.1875, 0, 7.25 ], "texture": "#voxels_atlas" },
				"south": { "uv": [ 0, 7.3125, 4.0625, 7.375 ], "texture": "#voxels_atlas" },
				"west": { "uv": [ 4.875, 15.1875, 4.9375, 15.25 ], "texture": "#voxels_atlas" },
				"east": { "uv": [ 4.625, 15.125, 4.5625, 15.1875 ], "texture": "#voxels_atlas" }
			}
		},
		{
			"__comment": "Voxels",
			"from": [ 18.5, 4, 7 ],
			"to": [ 20, 4.5, 8.5 ],
			"faces": {
				"down": { "uv": [ 6.6875, 15.625, 6.875, 15.8125 ], "texture": "#voxels_atlas" },
				"up": { "uv": [ 6.6875, 16, 6.875, 15.8125 ], "texture": "#voxels_atlas" },
				"north": { "uv": [ 5.1875, 15.5625, 5, 15.625 ], "texture": "#voxels_atlas" },
				"south": { "uv": [ 5.1875, 15.5625, 5.375, 15.625 ], "texture": "#voxels_atlas" },
				"west": { "uv": [ 6.5, 15.5625, 6.6875, 15.625 ], "texture": "#voxels_atlas" },
				"east": { "uv": [ 6.875, 15.5625, 6.6875, 15.625 ], "texture": "#voxels_atlas" }
			}
		},
		{
			"__comment": "Voxels",
			"from": [ 18.5, 5.5, 5.5 ],
			"to": [ 20, 7, 6 ],
			"faces": {
				"down": { "uv": [ 6.125, 15.5, 6.3125, 15.5625 ], "texture": "#voxels_atlas" },
				"up": { "uv": [ 6.125, 15.5, 6.3125, 15.4375 ], "texture": "#voxels_atlas" },
				"north": { "uv": [ 6.6875, 15.8125, 6.5, 16 ], "texture": "#voxels_atlas" },
				"south": { "uv": [ 6.5, 15.625, 6.6875, 15.8125 ], "texture": "#voxels_atlas" },
				"west": { "uv": [ 7.875, 15.8125, 7.9375, 16 ], "texture": "#voxels_atlas" },
				"east": { "uv": [ 8, 15.8125, 7.9375, 16 ], "texture": "#voxels_atlas" }
			}
		},
		{
			"__comment": "Voxels",
			"from": [ 18.5, 7, 5.5 ],
			"to": [ 19, 7.5, 6 ],
			"faces": {
				"down": { "uv": [ 7.9375, 15.75, 8, 15.8125 ], "texture": "#voxels_atlas" },
				"up": { "uv": [ 7.4375, 15.625, 7.5, 15.5625 ], "texture": "#voxels_atlas" },
				"north": { "uv": [ 7.4375, 15.5625, 7.375, 15.625 ], "texture": "#voxels_atlas" },
				"south": { "uv": [ 7.3125, 15.5625, 7.375, 15.625 ], "texture": "#voxels_atlas" },
				"west": { "uv": [ 7.4375, 15.5, 7.5, 15.5625 ], "texture": "#voxels_atlas" },
				"east": { "uv": [ 7.4375, 15.125, 7.375, 15.1875 ], "texture": "#voxels_atlas" }
			}
		},
		{
			"__comment": "Voxels",
			"from": [ 19, 8, 7 ],
			"to": [ 20, 8.5, 8 ],
			"faces": {
				"down": { "uv": [ 5.375, 15.5625, 5.5, 15.6875 ], "texture": "#voxels_atlas" },
				"up": { "uv": [ 5.5625, 15.6875, 5.6875, 15.5625 ], "texture": "#voxels_atlas" },
				"north": { "uv": [ 8, 15.625, 7.875, 15.6875 ], "texture": "#voxels_atlas" },
				"south": { "uv": [ 7.5, 15.5625, 7.625, 15.625 ], "texture": "#voxels_atlas" },
				"west": { "uv": [ 6.8125, 15.1875, 6.9375, 15.25 ], "texture": "#voxels_atlas" },
				"east": { "uv": [ 6.9375, 15.25, 6.8125, 15.3125 ], "texture": "#voxels_atlas" }
			}
		},
		{
			"__comment": "Voxels",
			"from": [ 19, 8, 8 ],
			"to": [ 19.5, 8.5, 8.5 ],
			"faces": {
				"down": { "uv": [ 6.5, 15.125, 6.5625, 15.1875 ], "texture": "#voxels_atlas" },
				"up": { "uv": [ 6.3125, 15.1875, 6.375, 15.125 ], "texture": "#voxels_atlas" },
				"north": { "uv": [ 5.4375, 15.125, 5.375, 15.1875 ], "texture": "#voxels_atlas" },
				"south": { "uv": [ 5.375, 15.1875, 5.4375, 15.25 ], "texture": "#voxels_atlas" },
				"west": { "uv": [ 5.125, 15.125, 5.1875, 15.1875 ], "texture": "#voxels_atlas" },
				"east": { "uv": [ 5.1875, 15.1875, 5.125, 15.25 ], "texture": "#voxels_atlas" }
			}
		},
		{
			"__comment": "Voxels",
			"from": [ 20.5, 5.5, 6 ],
			"to": [ 21.5, 7, 6.5 ],
			"faces": {
				"down": { "uv": [ 5.875, 15.5625, 6, 15.625 ], "texture": "#voxels_atlas" },
				"up": { "uv": [ 5.875, 15.6875, 6, 15.625 ], "texture": "#voxels_atlas" },
				"north": { "uv": [ 7.625, 15.8125, 7.5, 16 ], "texture": "#voxels_atlas" },
				"south": { "uv": [ 7.5, 15.625, 7.625, 15.8125 ], "texture": "#voxels_atlas" },
				"west": { "uv": [ 5.625, 15.125, 5.6875, 15.3125 ], "texture": "#voxels_atlas" },
				"east": { "uv": [ 5.75, 15.125, 5.6875, 15.3125 ], "texture": "#voxels_atlas" }
			}
		},
		{
			"__comment": "Voxels",
			"from": [ 20.5, 7.5, 7 ],
			"to": [ 21.5, 8, 8.5 ],
			"faces": {
				"down": { "uv": [ 7.625, 15.8125, 7.75, 16 ], "texture": "#voxels_atlas" },
				"up": { "uv": [ 7.75, 16, 7.875, 15.8125 ], "texture": "#voxels_atlas" },
				"north": { "uv": [ 6.375, 15.5625, 6.25, 15.625 ], "texture": "#voxels_atlas" },
				"south": { "uv": [ 6.25, 15.625, 6.375, 15.6875 ], "texture": "#voxels_atlas" },
				"west": { "uv": [ 6.125, 15.375, 6.3125, 15.4375 ], "texture": "#voxels_atlas" },
				"east": { "uv": [ 6.3125, 15.3125, 6.125, 15.375 ], "texture": "#voxels_atlas" }
			}
		},
		{
			"__comment": "Voxels",
			"from": [ 21, 5, 8.5 ],
			"to": [ 22.5, 7.5, 9 ],
			"faces": {
				"down": { "uv": [ 6.125, 15.25, 6.3125, 15.3125 ], "texture": "#voxels_atlas" },
				"up": { "uv": [ 6.125, 15.25, 6.3125, 15.1875 ], "texture": "#voxels_atlas" },
				"north": { "uv": [ 5.5625, 15.6875, 5.375, 16 ], "texture": "#voxels_atlas" },
				"south": { "uv": [ 5.5625, 15.6875, 5.75, 16 ], "texture": "#voxels_atlas" },
				"west": { "uv": [ 4.875, 15.25, 4.9375, 15.5625 ], "texture": "#voxels_atlas" },
				"east": { "uv": [ 4.875, 15.25, 4.8125, 15.5625 ], "texture": "#voxels_atlas" }
			}
		},
		{
			"__comment": "Voxels",
			"from": [ 21, 7.5, 8.5 ],
			"to": [ 21.5, 8, 9 ],
			"faces": {
				"down": { "uv": [ 5.4375, 15.125, 5.5, 15.1875 ], "texture": "#voxels_atlas" },
				"up": { "uv": [ 5.5, 15.25, 5.5625, 15.1875 ], "texture": "#voxels_atlas" },
				"north": { "uv": [ 5.5625, 15.125, 5.5, 15.1875 ], "texture": "#voxels_atlas" },
				"south": { "uv": [ 6.6875, 15.125, 6.75, 15.1875 ], "texture": "#voxels_atlas" },
				"west": { "uv": [ 6.75, 15.25, 6.8125, 15.3125 ], "texture": "#voxels_atlas" },
				"east": { "uv": [ 6.8125, 15.1875, 6.75, 15.25 ], "texture": "#voxels_atlas" }
			}
		},
		{
			"__comment": "Voxels",
			"from": [ 21.5, 4.5, 7 ],
			"to": [ 22, 7.5, 8.5 ],
			"faces": {
				"down": { "uv": [ 5.75, 15.125, 5.8125, 15.3125 ], "texture": "#voxels_atlas" },
				"up": { "uv": [ 5.8125, 15.3125, 5.875, 15.125 ], "texture": "#voxels_atlas" },
				"north": { "uv": [ 7.5, 15.625, 7.4375, 16 ], "texture": "#voxels_atlas" },
				"south": { "uv": [ 7.375, 15.625, 7.4375, 16 ], "texture": "#voxels_atlas" },
				"west": { "uv": [ 5.1875, 15.625, 5.375, 16 ], "texture": "#voxels_atlas" },
				"east": { "uv": [ 5.1875, 15.625, 5, 16 ], "texture": "#voxels_atlas" }
			}
		},
		{
			"__comment": "Voxels",
			"from": [ 21.5, 5, 6.5 ],
			"to": [ 22.5, 7.5, 7 ],
			"faces": {
				"down": { "uv": [ 6.8125, 15.5, 6.9375, 15.5625 ], "texture": "#voxels_atlas" },
				"up": { "uv": [ 6.8125, 15.5, 6.9375, 15.4375 ], "texture": "#voxels_atlas" },
				"north": { "uv": [ 6.5, 15.6875, 6.375, 16 ], "texture": "#voxels_atlas" },
				"south": { "uv": [ 6, 15.6875, 6.125, 16 ], "texture": "#voxels_atlas" },
				"west": { "uv": [ 5.5, 15.25, 5.5625, 15.5625 ], "texture": "#voxels_atlas" },
				"east": { "uv": [ 5.5, 15.25, 5.4375, 15.5625 ], "texture": "#voxels_atlas" }
			}
		},
		{
			"__comment": "Voxels",
			"from": [ 21.5, 5.5, 9 ],
			"to": [ 22, 7, 9.5 ],
			"faces": {
				"down": { "uv": [ 7.1875, 15.25, 7.25, 15.3125 ], "texture": "#voxels_atlas" },
				"up": { "uv": [ 5.4375, 15.25, 5.5, 15.1875 ], "texture": "#voxels_atlas" },
				"north": { "uv": [ 5.9375, 15.125, 5.875, 15.3125 ], "texture": "#voxels_atlas" },
				"south": { "uv": [ 5.9375, 15.125, 6, 15.3125 ], "texture": "#voxels_atlas" },
				"west": { "uv": [ 6, 15.125, 6.0625, 15.3125 ], "texture": "#voxels_atlas" },
				"east": { "uv": [ 6.125, 15.125, 6.0625, 15.3125 ], "texture": "#voxels_atlas" }
			}
		},
		{
			"__comment": "Voxels",
			"from": [ 21.5, 6, 6 ],
			"to": [ 23, 6.5, 6.5 ],
			"faces": {
				"down": { "uv": [ 6.125, 15.125, 6.3125, 15.1875 ], "texture": "#voxels_atlas" },
				"up": { "uv": [ 6.3125, 15.5625, 6.5, 15.5 ], "texture": "#voxels_atlas" },
				"north": { "uv": [ 6.5, 15.4375, 6.3125, 15.5 ], "texture": "#voxels_atlas" },
				"south": { "uv": [ 6.3125, 15.375, 6.5, 15.4375 ], "texture": "#voxels_atlas" },
				"west": { "uv": [ 7.125, 15.125, 7.1875, 15.1875 ], "texture": "#voxels_atlas" },
				"east": { "uv": [ 7.25, 15.5, 7.1875, 15.5625 ], "texture": "#voxels_atlas" }
			}
		},
		{
			"__comment": "Voxels",
			"from": [ 21.5, 6.5, 6 ],
			"to": [ 22, 7, 6.5 ],
			"faces": {
				"down": { "uv": [ 7.1875, 15.4375, 7.25, 15.5 ], "texture": "#voxels_atlas" },
				"up": { "uv": [ 7.1875, 15.4375, 7.25, 15.375 ], "texture": "#voxels_atlas" },
				"north": { "uv": [ 7.25, 15.3125, 7.1875, 15.375 ], "texture": "#voxels_atlas" },
				"south": { "uv": [ 7.25, 15.5625, 7.3125, 15.625 ], "texture": "#voxels_atlas" },
				"west": { "uv": [ 7.25, 15.125, 7.3125, 15.1875 ], "texture": "#voxels_atlas" },
				"east": { "uv": [ 7.375, 15.5, 7.3125, 15.5625 ], "texture": "#voxels_atlas" }
			}
		},
		{
			"__comment": "Voxels",
			"from": [ 21.5, 7.5, 7.5 ],
			"to": [ 22.5, 8, 8 ],
			"faces": {
				"down": { "uv": [ 6, 15.625, 6.125, 15.6875 ], "texture": "#voxels_atlas" },
				"up": { "uv": [ 6, 15.625, 6.125, 15.5625 ], "texture": "#voxels_atlas" },
				"north": { "uv": [ 6.25, 15.625, 6.125, 15.6875 ], "texture": "#voxels_atlas" },
				"south": { "uv": [ 6.125, 15.5625, 6.25, 15.625 ], "texture": "#voxels_atlas" },
				"west": { "uv": [ 7.3125, 15.3125, 7.375, 15.375 ], "texture": "#voxels_atlas" },
				"east": { "uv": [ 7.375, 15.25, 7.3125, 15.3125 ], "texture": "#voxels_atlas" }
			}
		},
		{
			"__comment": "Voxels",
			"from": [ 22, 4.5, 7.5 ],
			"to": [ 22.5, 7.5, 8 ],
			"faces": {
				"down": { "uv": [ 7.375, 15.25, 7.4375, 15.3125 ], "texture": "#voxels_atlas" },
				"up": { "uv": [ 7.375, 15.25, 7.4375, 15.1875 ], "texture": "#voxels_atlas" },
				"north": { "uv": [ 7.375, 15.625, 7.3125, 16 ], "texture": "#voxels_atlas" },
				"south": { "uv": [ 7.25, 15.625, 7.3125, 16 ], "texture": "#voxels_atlas" },
				"west": { "uv": [ 4.5625, 15.1875, 4.625, 15.5625 ], "texture": "#voxels_atlas" },
				"east": { "uv": [ 4.5625, 15.1875, 4.5, 15.5625 ], "texture": "#voxels_atlas" }
			}
		},
		{
			"__comment": "Voxels",
			"from": [ 22, 5, 7 ],
			"to": [ 23, 7.5, 7.5 ],
			"faces": {
				"down": { "uv": [ 5.75, 15.625, 5.875, 15.6875 ], "texture": "#voxels_atlas" },
				"up": { "uv": [ 5.75, 15.625, 5.875, 15.5625 ], "texture": "#voxels_atlas" },
				"north": { "uv": [ 6, 15.6875, 5.875, 16 ], "texture": "#voxels_atlas" },
				"south": { "uv": [ 5.75, 15.6875, 5.875, 16 ], "texture": "#voxels_atlas" },
				"west": { "uv": [ 5.1875, 15.25, 5.25, 15.5625 ], "texture": "#voxels_atlas" },
				"east": { "uv": [ 5.1875, 15.25, 5.125, 15.5625 ], "texture": "#voxels_atlas" }
			}
		},
		{
			"__comment": "Voxels",
			"from": [ 22, 5, 8 ],
			"to": [ 22.5, 7.5, 8.5 ],
			"faces": {
				"down": { "uv": [ 7.9375, 15.6875, 8, 15.75 ], "texture": "#voxels_atlas" },
				"up": { "uv": [ 4.5, 15.1875, 4.5625, 15.125 ], "texture": "#voxels_atlas" },
				"north": { "uv": [ 5.4375, 15.25, 5.375, 15.5625 ], "texture": "#voxels_atlas" },
				"south": { "uv": [ 5.3125, 15.25, 5.375, 15.5625 ], "texture": "#voxels_atlas" },
				"west": { "uv": [ 5.0625, 15.25, 5.125, 15.5625 ], "texture": "#voxels_atlas" },
				"east": { "uv": [ 5.3125, 15.25, 5.25, 15.5625 ], "texture": "#voxels_atlas" }
			}
		},
		{
			"__comment": "Voxels",
			"from": [ 22.5, 5, 7.5 ],
			"to": [ 23.5, 7.5, 8 ],
			"faces": {
				"down": { "uv": [ 6.375, 15.5625, 6.5, 15.625 ], "texture": "#voxels_atlas" },
				"up": { "uv": [ 7.875, 15.625, 8, 15.5625 ], "texture": "#voxels_atlas" },
				"north": { "uv": [ 6.375, 15.6875, 6.25, 16 ], "texture": "#voxels_atlas" },
				"south": { "uv": [ 6.125, 15.6875, 6.25, 16 ], "texture": "#voxels_atlas" },
				"west": { "uv": [ 4.75, 15.25, 4.8125, 15.5625 ], "texture": "#voxels_atlas" },
				"east": { "uv": [ 5, 15.25, 4.9375, 15.5625 ], "texture": "#voxels_atlas" }
			}
		},
		{
			"__comment": "Voxels",
			"from": [ 22.5, 5.5, 6.5 ],
			"to": [ 23, 7, 7 ],
			"faces": {
				"down": { "uv": [ 5.0625, 15.1875, 5.125, 15.25 ], "texture": "#voxels_atlas" },
				"up": { "uv": [ 5.0625, 15.1875, 5.125, 15.125 ], "texture": "#voxels_atlas" },
				"north": { "uv": [ 6.375, 15.1875, 6.3125, 15.375 ], "texture": "#voxels_atlas" },
				"south": { "uv": [ 6.375, 15.1875, 6.4375, 15.375 ], "texture": "#voxels_atlas" },
				"west": { "uv": [ 6.4375, 15.1875, 6.5, 15.375 ], "texture": "#voxels_atlas" },
				"east": { "uv": [ 6.5625, 15.375, 6.5, 15.5625 ], "texture": "#voxels_atlas" }
			}
		},
		{
			"__comment": "Voxels",
			"from": [ 22.5, 5.5, 8 ],
			"to": [ 23.5, 7.5, 8.5 ],
			"faces": {
				"down": { "uv": [ 6.375, 15.625, 6.5, 15.6875 ], "texture": "#voxels_atlas" },
				"up": { "uv": [ 6.375, 15.1875, 6.5, 15.125 ], "texture": "#voxels_atlas" },
				"north": { "uv": [ 7.125, 15.75, 7, 16 ], "texture": "#voxels_atlas" },
				"south": { "uv": [ 6.875, 15.75, 7, 16 ], "texture": "#voxels_atlas" },
				"west": { "uv": [ 5.8125, 15.3125, 5.875, 15.5625 ], "texture": "#voxels_atlas" },
				"east": { "uv": [ 5.8125, 15.3125, 5.75, 15.5625 ], "texture": "#voxels_atlas" }
			}
		},
		{
			"__comment": "Voxels",
			"from": [ 22.5, 5.5, 8.5 ],
			"to": [ 23, 7, 9 ],
			"faces": {
				"down": { "uv": [ 6.75, 15.3125, 6.8125, 15.375 ], "texture": "#voxels_atlas" },
				"up": { "uv": [ 5.3125, 15.1875, 5.375, 15.125 ], "texture": "#voxels_atlas" },
				"north": { "uv": [ 6.5625, 15.1875, 6.5, 15.375 ], "texture": "#voxels_atlas" },
				"south": { "uv": [ 6.5625, 15.375, 6.625, 15.5625 ], "texture": "#voxels_atlas" },
				"west": { "uv": [ 6.5625, 15.1875, 6.625, 15.375 ], "texture": "#voxels_atlas" },
				"east": { "uv": [ 6.6875, 15.375, 6.625, 15.5625 ], "texture": "#voxels_atlas" }
			}
		},
		{
			"__comment": "Voxels",
			"from": [ 23, 5.5, 7 ],
			"to": [ 24, 7, 7.5 ],
			"faces": {
				"down": { "uv": [ 6.8125, 15.375, 6.9375, 15.4375 ], "texture": "#voxels_atlas" },
				"up": { "uv": [ 6.8125, 15.375, 6.9375, 15.3125 ], "texture": "#voxels_atlas" },
				"north": { "uv": [ 7.125, 15.5625, 7, 15.75 ], "texture": "#voxels_atlas" },
				"south": { "uv": [ 6.875, 15.5625, 7, 15.75 ], "texture": "#voxels_atlas" },
				"west": { "uv": [ 6.625, 15.1875, 6.6875, 15.375 ], "texture": "#voxels_atlas" },
				"east": { "uv": [ 6.75, 15.375, 6.6875, 15.5625 ], "texture": "#voxels_atlas" }
			}
		},
		{
			"__comment": "Voxels",
			"from": [ 23, 6, 6.5 ],
			"to": [ 23.5, 7, 7 ],
			"faces": {
				"down": { "uv": [ 6.5625, 15.125, 6.625, 15.1875 ], "texture": "#voxels_atlas" },
				"up": { "uv": [ 6.625, 15.1875, 6.6875, 15.125 ], "texture": "#voxels_atlas" },
				"north": { "uv": [ 5.75, 15.5625, 5.6875, 15.6875 ], "texture": "#voxels_atlas" },
				"south": { "uv": [ 5.5, 15.5625, 5.5625, 15.6875 ], "texture": "#voxels_atlas" },
				"west": { "uv": [ 4.625, 15.125, 4.6875, 15.25 ], "texture": "#voxels_atlas" },
				"east": { "uv": [ 4.75, 15.125, 4.6875, 15.25 ], "texture": "#voxels_atlas" }
			}
		},
		{
			"__comment": "Voxels",
			"from": [ 23, 6, 8.5 ],
			"to": [ 23.5, 6.5, 9 ],
			"faces": {
				"down": { "uv": [ 6.75, 15.125, 6.8125, 15.1875 ], "texture": "#voxels_atlas" },
				"up": { "uv": [ 7.0625, 15.4375, 7.125, 15.375 ], "texture": "#voxels_atlas" },
				"north": { "uv": [ 7.1875, 15.375, 7.125, 15.4375 ], "texture": "#voxels_atlas" },
				"south": { "uv": [ 7.0625, 15.3125, 7.125, 15.375 ], "texture": "#voxels_atlas" },
				"west": { "uv": [ 7.125, 15.3125, 7.1875, 15.375 ], "texture": "#voxels_atlas" },
				"east": { "uv": [ 7.125, 15.25, 7.0625, 15.3125 ], "texture": "#voxels_atlas" }
			}
		},
		{
			"__comment": "Voxels",
			"from": [ 23.5, 5.5, 7.5 ],
			"to": [ 24, 7.5, 8 ],
			"faces": {
				"down": { "uv": [ 7.125, 15.25, 7.1875, 15.3125 ], "texture": "#voxels_atlas" },
				"up": { "uv": [ 7.0625, 15.25, 7.125, 15.1875 ], "texture": "#voxels_atlas" },
				"north": { "uv": [ 5.9375, 15.3125, 5.875, 15.5625 ], "texture": "#voxels_atlas" },
				"south": { "uv": [ 5.9375, 15.3125, 6, 15.5625 ], "texture": "#voxels_atlas" },
				"west": { "uv": [ 6, 15.3125, 6.0625, 15.5625 ], "texture": "#voxels_atlas" },
				"east": { "uv": [ 6.125, 15.3125, 6.0625, 15.5625 ], "texture": "#voxels_atlas" }
			}
		},
		{
			"__comment": "Voxels",
			"from": [ 23.5, 6, 8 ],
			"to": [ 24.5, 6.5, 8.5 ],
			"faces": {
				"down": { "uv": [ 6.8125, 15.125, 6.9375, 15.1875 ], "texture": "#voxels_atlas" },
				"up": { "uv": [ 6.9375, 15.5625, 7.0625, 15.5 ], "texture": "#voxels_atlas" },
				"north": { "uv": [ 7.0625, 15.4375, 6.9375, 15.5 ], "texture": "#voxels_atlas" },
				"south": { "uv": [ 6.9375, 15.375, 7.0625, 15.4375 ], "texture": "#voxels_atlas" },
				"west": { "uv": [ 7.1875, 15.1875, 7.25, 15.25 ], "texture": "#voxels_atlas" },
				"east": { "uv": [ 7.25, 15.125, 7.1875, 15.1875 ], "texture": "#voxels_atlas" }
			}
		},
		{
			"__comment": "Voxels",
			"from": [ 23.5, 6.5, 8 ],
			"to": [ 24, 7, 8.5 ],
			"faces": {
				"down": { "uv": [ 7.25, 15.5, 7.3125, 15.5625 ], "texture": "#voxels_atlas" },
				"up": { "uv": [ 7.25, 15.5, 7.3125, 15.4375 ], "texture": "#voxels_atlas" },
				"north": { "uv": [ 7.3125, 15.375, 7.25, 15.4375 ], "texture": "#voxels_atlas" },
				"south": { "uv": [ 7.25, 15.3125, 7.3125, 15.375 ], "texture": "#voxels_atlas" },
				"west": { "uv": [ 7.25, 15.25, 7.3125, 15.3125 ], "texture": "#voxels_atlas" },
				"east": { "uv": [ 7.3125, 15.1875, 7.25, 15.25 ], "texture": "#voxels_atlas" }
			}
		},
		{
			"__comment": "Voxels",
			"from": [ 24, 6, 7 ],
			"to": [ 24.5, 6.5, 8 ],
			"faces": {
				"down": { "uv": [ 4.75, 15.125, 4.8125, 15.25 ], "texture": "#voxels_atlas" },
				"up": { "uv": [ 4.8125, 15.25, 4.875, 15.125 ], "texture": "#voxels_atlas" },
				"north": { "uv": [ 7.375, 15.4375, 7.3125, 15.5 ], "texture": "#voxels_atlas" },
				"south": { "uv": [ 7.3125, 15.375, 7.375, 15.4375 ], "texture": "#voxels_atlas" },
				"west": { "uv": [ 6.9375, 15.3125, 7.0625, 15.375 ], "texture": "#voxels_atlas" },
				"east": { "uv": [ 7.0625, 15.25, 6.9375, 15.3125 ], "texture": "#voxels_atlas" }
			}
		},
		{
			"__comment": "Voxels",
			"from": [ 24, 6.5, 7.5 ],
			"to": [ 24.5, 7, 8 ],
			"faces": {
				"down": { "uv": [ 7.3125, 15.1875, 7.375, 15.25 ], "texture": "#voxels_atlas" },
				"up": { "uv": [ 7.3125, 15.1875, 7.375, 15.125 ], "texture": "#voxels_atlas" },
				"north": { "uv": [ 7.4375, 15.5, 7.375, 15.5625 ], "texture": "#voxels_atlas" },
				"south": { "uv": [ 7.375, 15.4375, 7.4375, 15.5 ], "texture": "#voxels_atlas" },
				"west": { "uv": [ 7.375, 15.375, 7.4375, 15.4375 ], "texture": "#voxels_atlas" },
				"east": { "uv": [ 7.4375, 15.3125, 7.375, 15.375 ], "texture": "#voxels_atlas" }
			}
		},
		{
			"__comment": "Voxels",
			"from": [ 24.5, 6, 7.5 ],
			"to": [ 25.5, 6.5, 8 ],
			"faces": {
				"down": { "uv": [ 6.9375, 15.1875, 7.0625, 15.25 ], "texture": "#voxels_atlas" },
				"up": { "uv": [ 6.9375, 15.1875, 7.0625, 15.125 ], "texture": "#voxels_atlas" },
				"north": { "uv": [ 7.1875, 15.5, 7.0625, 15.5625 ], "texture": "#voxels_atlas" },
				"south": { "uv": [ 7.0625, 15.4375, 7.1875, 15.5 ], "texture": "#voxels_atlas" },
				"west": { "uv": [ 7.4375, 15.4375, 7.5, 15.5 ], "texture": "#voxels_atlas" },
				"east": { "uv": [ 7.5, 15.375, 7.4375, 15.4375 ], "texture": "#voxels_atlas" }
			}
		}
	],
	"display": {
		"thirdperson_righthand": {
			"rotation":  [ 5, 97, 101 ],
			"translation":  [ 0, 5.5652, 4.1739 ],
			"scale":  [ 0.7, 0.55, 0.55 ]
		},
		"thirdperson_lefthand": {
			"rotation":  [ -171, 88, 101 ],
			"translation":  [ 0, 5.5652, 2.0869 ],
			"scale":  [ 0.7, 0.55, 0.55 ]
		},
		"firstperson_righthand": {
			"rotation":  [ 92, 73, 2 ],
			"translation":  [ 1.3913, 5.5652, 2.0869 ],
			"scale":  [ 0.25, 0.25, 0.25 ]
		},
		"firstperson_lefthand": {
			"rotation":  [ -75, 73, 2 ],
			"translation":  [ 1.3913, 5.5652, 2.0869 ],
			"scale":  [ 0.25, 0.25, 0.25 ]
		},
		"gui": {
			"rotation":  [ 0, 0, 42 ],
			"translation":  [ 0.6956, 1.3913, 0 ],
			"scale":  [ 0.5, 0.5, 0.5 ]
		},
		"ground": {
			"rotation":  [ -45, 25, -39 ],
			"scale":  [ 0.5, 0.5, 0.5 ]
		},
		"fixed": {
			"rotation":  [ 20, 78, 0 ],
			"translation":  [ 11.13, 9.739, -17.36 ],
			"scale":  [ 0.8695, 0.6, 0.6 ]
		}
	}
}