{
	"__comment": "Designed by Elo106 with Cubik Studio - https://cubik.studio",
	"textures": {
		"particle": "items/piratecurse",
		"texture": "items/piratecurse",
		"voxels_atlas": "items/piratecurse"
	},
	"elements": [ 	 
		{
			"__comment": "Voxels",
			"from": [ 6.875, 1.25, 8 ],
			"to": [ 7.375, 1.5, 8.125 ],
			"faces": {
				"down": { "uv": [ 7, 3.75, 7.5, 4 ], "texture": "#voxels_atlas" },
				"up": { "uv": [ 7, 4.25, 7.5, 4 ], "texture": "#voxels_atlas" },
				"north": { "uv": [ 6.375, 6.5, 5.875, 7 ], "texture": "#voxels_atlas" },
				"south": { "uv": [ 5.875, 2.5, 6.375, 3 ], "texture": "#voxels_atlas" },
				"west": { "uv": [ 8.375, 11, 8.5, 11.5 ], "texture": "#voxels_atlas" },
				"east": { "uv": [ 8.5, 11.5, 8.375, 12 ], "texture": "#voxels_atlas" }
			}
		},
		{
			"__comment": "Voxels",
			"from": [ 6.875, 1.375, 7.75 ],
			"to": [ 7.25, 1.75, 7.875 ],
			"faces": {
				"down": { "uv": [ 11.625, 15.5, 12, 15.75 ], "texture": "#voxels_atlas" },
				"up": { "uv": [ 12, 15.75, 12.375, 15.5 ], "texture": "#voxels_atlas" },
				"north": { "uv": [ 6.625, 7.75, 6.25, 8.5 ], "texture": "#voxels_atlas" },
				"south": { "uv": [ 5.875, 7, 6.25, 7.75 ], "texture": "#voxels_atlas" },
				"west": { "uv": [ 8.125, 9, 8.25, 9.75 ], "texture": "#voxels_atlas" },
				"east": { "uv": [ 8.25, 8.25, 8.125, 9 ], "texture": "#voxels_atlas" }
			}
		},
		{
			"__comment": "Voxels",
			"from": [ 6.875, 1.375, 7.875 ],
			"to": [ 7.375, 1.5, 8 ],
			"faces": {
				"down": { "uv": [ 7.375, 4.5, 7.875, 4.75 ], "texture": "#voxels_atlas" },
				"up": { "uv": [ 6.875, 5, 7.375, 4.75 ], "texture": "#voxels_atlas" },
				"north": { "uv": [ 7.875, 5, 7.375, 5.25 ], "texture": "#voxels_atlas" },
				"west": { "uv": [ 8.375, 1.75, 8.5, 2 ], "texture": "#voxels_atlas" },
				"east": { "uv": [ 8.5, 2, 8.375, 2.25 ], "texture": "#voxels_atlas" }
			}
		},
		{
			"__comment": "Voxels",
			"from": [ 6.875, 1.375, 8.125 ],
			"to": [ 7.25, 1.75, 8.25 ],
			"faces": {
				"down": { "uv": [ 13.875, 15.5, 14.25, 15.75 ], "texture": "#voxels_atlas" },
				"up": { "uv": [ 14.25, 15.75, 14.625, 15.5 ], "texture": "#voxels_atlas" },
				"north": { "uv": [ 2.125, 0, 1.75, 0.75 ], "texture": "#voxels_atlas" },
				"south": { "uv": [ 4, 8.75, 4.375, 9.5 ], "texture": "#voxels_atlas" },
				"west": { "uv": [ 8.125, 7.5, 8.25, 8.25 ], "texture": "#voxels_atlas" },
				"east": { "uv": [ 8.25, 6.75, 8.125, 7.5 ], "texture": "#voxels_atlas" }
			}
		},
		{
			"__comment": "Voxels",
			"from": [ 6.875, 1.625, 7.875 ],
			"to": [ 7.375, 2.125, 8.125 ],
			"faces": {
				"down": { "uv": [ 6.375, 3.25, 6.875, 3.75 ], "texture": "#voxels_atlas" },
				"up": { "uv": [ 5.875, 3.75, 6.375, 3.25 ], "texture": "#voxels_atlas" },
				"north": { "uv": [ 2.25, 1.75, 1.75, 2.75 ], "texture": "#voxels_atlas" },
				"south": { "uv": [ 1.75, 2.75, 2.25, 3.75 ], "texture": "#voxels_atlas" },
				"west": { "uv": [ 4.25, 1.25, 4.5, 2.25 ], "texture": "#voxels_atlas" },
				"east": { "uv": [ 2.5, 0, 2.25, 1 ], "texture": "#voxels_atlas" }
			}
		},
		{
			"__comment": "Voxels",
			"from": [ 6.875, 2, 7.75 ],
			"to": [ 7.375, 2.125, 7.875 ],
			"faces": {
				"down": { "uv": [ 7.625, 8.25, 8.125, 8.5 ], "texture": "#voxels_atlas" },
				"up": { "uv": [ 4, 5.25, 4.5, 5 ], "texture": "#voxels_atlas" },
				"north": { "uv": [ 4.5, 8.5, 4, 8.75 ], "texture": "#voxels_atlas" },
				"west": { "uv": [ 8.375, 2.25, 8.5, 2.5 ], "texture": "#voxels_atlas" },
				"east": { "uv": [ 8.5, 2.5, 8.375, 2.75 ], "texture": "#voxels_atlas" }
			}
		},
		{
			"__comment": "Voxels",
			"from": [ 6.875, 2, 8.125 ],
			"to": [ 7.375, 2.125, 8.25 ],
			"faces": {
				"down": { "uv": [ 10.125, 15.75, 10.625, 16 ], "texture": "#voxels_atlas" },
				"up": { "uv": [ 6.875, 0.25, 7.375, 0 ], "texture": "#voxels_atlas" },
				"south": { "uv": [ 7.375, 2.25, 7.875, 2.5 ], "texture": "#voxels_atlas" },
				"west": { "uv": [ 8.375, 2.75, 8.5, 3 ], "texture": "#voxels_atlas" },
				"east": { "uv": [ 8.5, 3, 8.375, 3.25 ], "texture": "#voxels_atlas" }
			}
		},
		{
			"__comment": "Voxels",
			"from": [ 7, 1.125, 7.875 ],
			"to": [ 7.5, 1.25, 8.125 ],
			"faces": {
				"down": { "uv": [ 6.375, 5.25, 6.875, 5.75 ], "texture": "#voxels_atlas" },
				"up": { "uv": [ 6.25, 7.75, 6.75, 7.25 ], "texture": "#voxels_atlas" },
				"north": { "uv": [ 7.375, 2.5, 6.875, 2.75 ], "texture": "#voxels_atlas" },
				"south": { "uv": [ 7.375, 2.75, 7.875, 3 ], "texture": "#voxels_atlas" },
				"west": { "uv": [ 14.625, 15, 14.875, 15.25 ], "texture": "#voxels_atlas" },
				"east": { "uv": [ 14.625, 15, 14.375, 15.25 ], "texture": "#voxels_atlas" }
			}
		},
		{
			"__comment": "Voxels",
			"from": [ 7, 1.25, 7.75 ],
			"to": [ 7.25, 1.375, 8 ],
			"faces": {
				"down": { "uv": [ 6.625, 8.75, 6.875, 9.25 ], "texture": "#voxels_atlas" },
				"up": { "uv": [ 5.625, 0.5, 5.875, 0 ], "texture": "#voxels_atlas" },
				"north": { "uv": [ 13.875, 15, 13.625, 15.25 ], "texture": "#voxels_atlas" },
				"west": { "uv": [ 12.625, 15, 12.875, 15.25 ], "texture": "#voxels_atlas" },
				"east": { "uv": [ 12.625, 15, 12.375, 15.25 ], "texture": "#voxels_atlas" }
			}
		},
		{
			"__comment": "Voxels",
			"from": [ 7, 1.5, 7.625 ],
			"to": [ 7.25, 2.125, 7.75 ],
			"faces": {
				"down": { "uv": [ 12.125, 15, 12.375, 15.25 ], "texture": "#voxels_atlas" },
				"up": { "uv": [ 11.875, 15.25, 12.125, 15 ], "texture": "#voxels_atlas" },
				"north": { "uv": [ 4.25, 7.25, 4, 8.5 ], "texture": "#voxels_atlas" },
				"south": { "uv": [ 4.25, 7.25, 4.5, 8.5 ], "texture": "#voxels_atlas" },
				"west": { "uv": [ 1.625, 1.5, 1.75, 2.75 ], "texture": "#voxels_atlas" },
				"east": { "uv": [ 2.25, 6.5, 2.125, 7.75 ], "texture": "#voxels_atlas" }
			}
		},
		{
			"__comment": "Voxels",
			"from": [ 7, 1.5, 7.875 ],
			"to": [ 7.375, 1.625, 8.125 ],
			"faces": {
				"down": { "uv": [ 6.5, 12.75, 6.875, 13.25 ], "texture": "#voxels_atlas" },
				"north": { "uv": [ 15, 15.5, 14.625, 15.75 ], "texture": "#voxels_atlas" },
				"south": { "uv": [ 15, 15.5, 15.375, 15.75 ], "texture": "#voxels_atlas" },
				"west": { "uv": [ 11.625, 15, 11.875, 15.25 ], "texture": "#voxels_atlas" },
				"east": { "uv": [ 10.875, 15, 10.625, 15.25 ], "texture": "#voxels_atlas" }
			}
		},
		{
			"__comment": "Voxels",
			"from": [ 7, 1.5, 8.25 ],
			"to": [ 7.25, 2.125, 8.375 ],
			"faces": {
				"down": { "uv": [ 10.375, 15, 10.625, 15.25 ], "texture": "#voxels_atlas" },
				"up": { "uv": [ 10.125, 15.25, 10.375, 15 ], "texture": "#voxels_atlas" },
				"north": { "uv": [ 4.5, 6, 4.25, 7.25 ], "texture": "#voxels_atlas" },
				"south": { "uv": [ 4, 6, 4.25, 7.25 ], "texture": "#voxels_atlas" },
				"west": { "uv": [ 1.625, 3, 1.75, 4.25 ], "texture": "#voxels_atlas" },
				"east": { "uv": [ 2.25, 5, 2.125, 6.25 ], "texture": "#voxels_atlas" }
			}
		},
		{
			"__comment": "Voxels",
			"from": [ 7, 1.75, 7.5 ],
			"to": [ 7.375, 2, 7.625 ],
			"faces": {
				"down": { "uv": [ 15.375, 15.5, 15.75, 15.75 ], "texture": "#voxels_atlas" },
				"up": { "uv": [ 8.25, 15.5, 8.625, 15.25 ], "texture": "#voxels_atlas" },
				"north": { "uv": [ 7.25, 9, 6.875, 9.5 ], "texture": "#voxels_atlas" },
				"south": { "uv": [ 7.625, 10.5, 8, 11 ], "texture": "#voxels_atlas" },
				"west": { "uv": [ 8.25, 5.25, 8.375, 5.75 ], "texture": "#voxels_atlas" },
				"east": { "uv": [ 8.375, 5.75, 8.25, 6.25 ], "texture": "#voxels_atlas" }
			}
		},
		{
			"__comment": "Voxels",
			"from": [ 7, 1.75, 7.75 ],
			"to": [ 7.375, 2, 7.875 ],
			"faces": {
				"down": { "uv": [ 8.625, 15.25, 9, 15.5 ], "texture": "#voxels_atlas" },
				"north": { "uv": [ 7.625, 10.5, 7.25, 11 ], "texture": "#voxels_atlas" },
				"west": { "uv": [ 8.25, 6.25, 8.375, 6.75 ], "texture": "#voxels_atlas" },
				"east": { "uv": [ 8.375, 7.75, 8.25, 8.25 ], "texture": "#voxels_atlas" }
			}
		},
		{
			"__comment": "Voxels",
			"from": [ 7, 1.75, 8.125 ],
			"to": [ 7.375, 2, 8.25 ],
			"faces": {
				"down": { "uv": [ 9.375, 15.25, 9.75, 15.5 ], "texture": "#voxels_atlas" },
				"south": { "uv": [ 7.625, 9.5, 8, 10 ], "texture": "#voxels_atlas" },
				"west": { "uv": [ 8.25, 8.25, 8.375, 8.75 ], "texture": "#voxels_atlas" },
				"east": { "uv": [ 8.375, 9.25, 8.25, 9.75 ], "texture": "#voxels_atlas" }
			}
		},
		{
			"__comment": "Voxels",
			"from": [ 7, 1.75, 8.375 ],
			"to": [ 7.375, 2, 8.5 ],
			"faces": {
				"down": { "uv": [ 10.125, 15.25, 10.5, 15.5 ], "texture": "#voxels_atlas" },
				"up": { "uv": [ 10.5, 15.5, 10.875, 15.25 ], "texture": "#voxels_atlas" },
				"north": { "uv": [ 7.25, 11.5, 6.875, 12 ], "texture": "#voxels_atlas" },
				"south": { "uv": [ 7.25, 11.5, 7.625, 12 ], "texture": "#voxels_atlas" },
				"west": { "uv": [ 8.25, 9.75, 8.375, 10.25 ], "texture": "#voxels_atlas" },
				"east": { "uv": [ 8.375, 11.75, 8.25, 12.25 ], "texture": "#voxels_atlas" }
			}
		},
		{
			"__comment": "Voxels",
			"from": [ 7.125, 1, 7.875 ],
			"to": [ 7.5, 1.125, 8.125 ],
			"faces": {
				"down": { "uv": [ 7.625, 8.5, 8, 9 ], "texture": "#voxels_atlas" },
				"north": { "uv": [ 11.25, 15.25, 10.875, 15.5 ], "texture": "#voxels_atlas" },
				"south": { "uv": [ 11.25, 15.25, 11.625, 15.5 ], "texture": "#voxels_atlas" },
				"west": { "uv": [ 8.875, 15, 9.125, 15.25 ], "texture": "#voxels_atlas" },
				"east": { "uv": [ 8.875, 15, 8.625, 15.25 ], "texture": "#voxels_atlas" }
			}
		},
		{
			"__comment": "Voxels",
			"from": [ 7.125, 1.125, 7.75 ],
			"to": [ 7.25, 1.25, 7.875 ],
			"faces": {
				"down": { "uv": [ 15.875, 15, 16, 15.25 ], "texture": "#voxels_atlas" },
				"north": { "uv": [ 8.25, 0, 8.125, 0.25 ], "texture": "#voxels_atlas" },
				"west": { "uv": [ 8, 9.25, 8.125, 9.5 ], "texture": "#voxels_atlas" },
				"east": { "uv": [ 8.125, 12, 8, 12.25 ], "texture": "#voxels_atlas" }
			}
		},
		{
			"__comment": "Voxels",
			"from": [ 7.125, 1.125, 8.125 ],
			"to": [ 7.25, 1.375, 8.25 ],
			"faces": {
				"down": { "uv": [ 8, 12.25, 8.125, 12.5 ], "texture": "#voxels_atlas" },
				"north": { "uv": [ 8.25, 2.75, 8.125, 3.25 ], "texture": "#voxels_atlas" },
				"south": { "uv": [ 8.125, 3.25, 8.25, 3.75 ], "texture": "#voxels_atlas" },
				"west": { "uv": [ 8.125, 3.75, 8.25, 4.25 ], "texture": "#voxels_atlas" },
				"east": { "uv": [ 8.25, 4.25, 8.125, 4.75 ], "texture": "#voxels_atlas" }
			}
		},
		{
			"__comment": "Voxels",
			"from": [ 7.125, 2, 7.5 ],
			"to": [ 7.5, 2.25, 7.625 ],
			"faces": {
				"down": { "uv": [ 11.625, 15.25, 12, 15.5 ], "texture": "#voxels_atlas" },
				"up": { "uv": [ 12, 15.5, 12.375, 15.25 ], "texture": "#voxels_atlas" },
				"north": { "uv": [ 8, 10, 7.625, 10.5 ], "texture": "#voxels_atlas" },
				"south": { "uv": [ 6.875, 9.5, 7.25, 10 ], "texture": "#voxels_atlas" },
				"west": { "uv": [ 8.125, 4.75, 8.25, 5.25 ], "texture": "#voxels_atlas" },
				"east": { "uv": [ 8.125, 3.25, 8, 3.75 ], "texture": "#voxels_atlas" }
			}
		},
		{
			"__comment": "Voxels",
			"from": [ 7.125, 2, 8.375 ],
			"to": [ 7.5, 2.25, 8.5 ],
			"faces": {
				"down": { "uv": [ 12.375, 15.25, 12.75, 15.5 ], "texture": "#voxels_atlas" },
				"up": { "uv": [ 12.75, 15.5, 13.125, 15.25 ], "texture": "#voxels_atlas" },
				"north": { "uv": [ 7.25, 8.5, 6.875, 9 ], "texture": "#voxels_atlas" },
				"south": { "uv": [ 7.25, 8.5, 7.625, 9 ], "texture": "#voxels_atlas" },
				"west": { "uv": [ 8, 3.75, 8.125, 4.25 ], "texture": "#voxels_atlas" },
				"east": { "uv": [ 8.125, 8.5, 8, 9 ], "texture": "#voxels_atlas" }
			}
		},
		{
			"__comment": "Voxels",
			"from": [ 7.125, 2.125, 7.625 ],
			"to": [ 7.5, 2.25, 8.375 ],
			"faces": {
				"down": { "uv": [ 1.25, 2.75, 1.625, 4.25 ], "texture": "#voxels_atlas" },
				"up": { "uv": [ 1.75, 6.25, 2.125, 4.75 ], "texture": "#voxels_atlas" },
				"west": { "uv": [ 5.875, 0.5, 6.625, 0.75 ], "texture": "#voxels_atlas" },
				"east": { "uv": [ 8, 9.25, 7.25, 9.5 ], "texture": "#voxels_atlas" }
			}
		},
		{
			"__comment": "Voxels",
			"from": [ 7.125, 2.25, 7.75 ],
			"to": [ 7.625, 2.375, 8.25 ],
			"faces": {
				"down": { "uv": [ 1.25, 0.25, 1.75, 1.25 ], "texture": "#voxels_atlas" },
				"up": { "uv": [ 1.75, 4.75, 2.25, 3.75 ], "texture": "#voxels_atlas" },
				"north": { "uv": [ 7.875, 4.25, 7.375, 4.5 ], "texture": "#voxels_atlas" },
				"south": { "uv": [ 6.875, 4.5, 7.375, 4.75 ], "texture": "#voxels_atlas" },
				"west": { "uv": [ 7.375, 4.75, 7.875, 5 ], "texture": "#voxels_atlas" },
				"east": { "uv": [ 7.375, 2.75, 6.875, 3 ], "texture": "#voxels_atlas" }
			}
		},
		{
			"__comment": "Voxels",
			"from": [ 7.25, 0.75, 7.875 ],
			"to": [ 7.875, 0.875, 8.125 ],
			"faces": {
				"down": { "uv": [ 5.875, 11.75, 6.5, 12.25 ], "texture": "#voxels_atlas" },
				"up": { "uv": [ 5.875, 12.75, 6.5, 12.25 ], "texture": "#voxels_atlas" },
				"north": { "uv": [ 8.125, 6.25, 7.5, 6.5 ], "texture": "#voxels_atlas" },
				"south": { "uv": [ 7.5, 7, 8.125, 7.25 ], "texture": "#voxels_atlas" },
				"west": { "uv": [ 7.875, 1.5, 8.125, 1.75 ], "texture": "#voxels_atlas" },
				"east": { "uv": [ 8.125, 1.75, 7.875, 2 ], "texture": "#voxels_atlas" }
			}
		},
		{
			"__comment": "Voxels",
			"from": [ 7.25, 0.875, 7.875 ],
			"to": [ 7.625, 1, 8.125 ],
			"faces": {
				"up": { "uv": [ 6.5, 9.75, 6.875, 9.25 ], "texture": "#voxels_atlas" },
				"north": { "uv": [ 14.25, 15.25, 13.875, 15.5 ], "texture": "#voxels_atlas" },
				"south": { "uv": [ 10.625, 15.75, 11, 16 ], "texture": "#voxels_atlas" },
				"west": { "uv": [ 7.875, 2, 8.125, 2.25 ], "texture": "#voxels_atlas" },
				"east": { "uv": [ 8.125, 2.25, 7.875, 2.5 ], "texture": "#voxels_atlas" }
			}
		},
		{
			"__comment": "Voxels",
			"from": [ 7.25, 1.25, 7.875 ],
			"to": [ 7.375, 1.375, 8 ],
			"faces": {
				"north": { "uv": [ 6.875, 1.25, 6.75, 1.5 ], "texture": "#voxels_atlas" },
				"east": { "uv": [ 6.875, 2, 6.75, 2.25 ], "texture": "#voxels_atlas" }
			}
		},
		{
			"__comment": "Voxels",
			"from": [ 7.25, 1.75, 7.625 ],
			"to": [ 7.375, 2.125, 7.75 ],
			"faces": {
				"down": { "uv": [ 6.75, 2.25, 6.875, 2.5 ], "texture": "#voxels_atlas" },
				"north": { "uv": [ 2.25, 0, 2.125, 0.75 ], "texture": "#voxels_atlas" },
				"south": { "uv": [ 4.375, 8.75, 4.5, 9.5 ], "texture": "#voxels_atlas" },
				"east": { "uv": [ 4.5, 3.25, 4.375, 4 ], "texture": "#voxels_atlas" }
			}
		},
		{
			"__comment": "Voxels",
			"from": [ 7.25, 1.75, 8.25 ],
			"to": [ 7.375, 2.125, 8.375 ],
			"faces": {
				"down": { "uv": [ 1.625, 1.25, 1.75, 1.5 ], "texture": "#voxels_atlas" },
				"north": { "uv": [ 8.25, 15, 8.125, 15.75 ], "texture": "#voxels_atlas" },
				"south": { "uv": [ 8.125, 14.25, 8.25, 15 ], "texture": "#voxels_atlas" },
				"east": { "uv": [ 8.25, 12.75, 8.125, 13.5 ], "texture": "#voxels_atlas" }
			}
		},
		{
			"__comment": "Voxels",
			"from": [ 7.25, 2, 7.375 ],
			"to": [ 7.5, 2.5, 7.5 ],
			"faces": {
				"down": { "uv": [ 6.625, 0.5, 6.875, 0.75 ], "texture": "#voxels_atlas" },
				"up": { "uv": [ 6.625, 8, 6.875, 7.75 ], "texture": "#voxels_atlas" },
				"north": { "uv": [ 4.5, 0.25, 4.25, 1.25 ], "texture": "#voxels_atlas" },
				"south": { "uv": [ 4.75, 6.75, 5, 7.75 ], "texture": "#voxels_atlas" },
				"west": { "uv": [ 2.125, 0.75, 2.25, 1.75 ], "texture": "#voxels_atlas" },
				"east": { "uv": [ 4.5, 11, 4.375, 12 ], "texture": "#voxels_atlas" }
			}
		},
		{
			"__comment": "Voxels",
			"from": [ 7.25, 2, 8.5 ],
			"to": [ 7.5, 2.5, 8.625 ],
			"faces": {
				"down": { "uv": [ 6.625, 8.5, 6.875, 8.75 ], "texture": "#voxels_atlas" },
				"up": { "uv": [ 5.625, 9.25, 5.875, 9 ], "texture": "#voxels_atlas" },
				"north": { "uv": [ 5, 5.75, 4.75, 6.75 ], "texture": "#voxels_atlas" },
				"south": { "uv": [ 4.75, 4.75, 5, 5.75 ], "texture": "#voxels_atlas" },
				"west": { "uv": [ 4.375, 4, 4.5, 5 ], "texture": "#voxels_atlas" },
				"east": { "uv": [ 7, 3.25, 6.875, 4.25 ], "texture": "#voxels_atlas" }
			}
		},
		{
			"__comment": "Voxels",
			"from": [ 7.25, 2.25, 7.5 ],
			"to": [ 7.875, 2.5, 7.625 ],
			"faces": {
				"down": { "uv": [ 7.5, 6.5, 8.125, 6.75 ], "texture": "#voxels_atlas" },
				"up": { "uv": [ 6.875, 6.5, 7.5, 6.25 ], "texture": "#voxels_atlas" },
				"north": { "uv": [ 6.5, 10.75, 5.875, 11.25 ], "texture": "#voxels_atlas" },
				"south": { "uv": [ 5.875, 9.75, 6.5, 10.25 ], "texture": "#voxels_atlas" },
				"west": { "uv": [ 6.75, 2.5, 6.875, 3 ], "texture": "#voxels_atlas" },
				"east": { "uv": [ 6.875, 7.25, 6.75, 7.75 ], "texture": "#voxels_atlas" }
			}
		},
		{
			"__comment": "Voxels",
			"from": [ 7.25, 2.25, 7.625 ],
			"to": [ 7.625, 2.5, 7.75 ],
			"faces": {
				"down": { "uv": [ 11, 15.75, 11.375, 16 ], "texture": "#voxels_atlas" },
				"up": { "uv": [ 11.375, 16, 11.75, 15.75 ], "texture": "#voxels_atlas" },
				"south": { "uv": [ 6.5, 12.25, 6.875, 12.75 ], "texture": "#voxels_atlas" },
				"west": { "uv": [ 5.75, 5, 5.875, 5.5 ], "texture": "#voxels_atlas" },
				"east": { "uv": [ 5.875, 5.5, 5.75, 6 ], "texture": "#voxels_atlas" }
			}
		},
		{
			"__comment": "Voxels",
			"from": [ 7.25, 2.25, 8.25 ],
			"to": [ 7.625, 2.5, 8.5 ],
			"faces": {
				"down": { "uv": [ 6.5, 11.75, 6.875, 12.25 ], "texture": "#voxels_atlas" },
				"up": { "uv": [ 6.5, 11.75, 6.875, 11.25 ], "texture": "#voxels_atlas" },
				"north": { "uv": [ 6.875, 10.75, 6.5, 11.25 ], "texture": "#voxels_atlas" },
				"south": { "uv": [ 6.5, 10.25, 6.875, 10.75 ], "texture": "#voxels_atlas" },
				"west": { "uv": [ 6.625, 8, 6.875, 8.5 ], "texture": "#voxels_atlas" },
				"east": { "uv": [ 6.875, 0, 6.625, 0.5 ], "texture": "#voxels_atlas" }
			}
		},
		{
			"__comment": "Voxels",
			"from": [ 7.25, 2.375, 7.75 ],
			"to": [ 7.875, 2.5, 8.25 ],
			"faces": {
				"down": { "uv": [ 0, 0, 0.625, 1 ], "texture": "#voxels_atlas" },
				"up": { "uv": [ 0.625, 1, 1.25, 0 ], "texture": "#voxels_atlas" },
				"north": { "uv": [ 7.5, 7.5, 6.875, 7.75 ], "texture": "#voxels_atlas" },
				"south": { "uv": [ 7.5, 7.5, 8.125, 7.75 ], "texture": "#voxels_atlas" },
				"west": { "uv": [ 7.375, 2.5, 7.875, 2.75 ], "texture": "#voxels_atlas" },
				"east": { "uv": [ 7.375, 2.25, 6.875, 2.5 ], "texture": "#voxels_atlas" }
			}
		},
		{
			"__comment": "Voxels",
			"from": [ 7.375, 0.625, 7.875 ],
			"to": [ 8.625, 0.75, 8.125 ],
			"faces": {
				"down": { "uv": [ 6.875, 15, 8.125, 15.5 ], "texture": "#voxels_atlas" },
				"up": { "uv": [ 6.875, 16, 8.125, 15.5 ], "texture": "#voxels_atlas" },
				"north": { "uv": [ 8.125, 14.75, 6.875, 15 ], "texture": "#voxels_atlas" },
				"south": { "uv": [ 6.875, 14.5, 8.125, 14.75 ], "texture": "#voxels_atlas" },
				"west": { "uv": [ 5.625, 10.5, 5.875, 10.75 ], "texture": "#voxels_atlas" },
				"east": { "uv": [ 5, 0, 4.75, 0.25 ], "texture": "#voxels_atlas" }
			}
		},
		{
			"__comment": "Voxels",
			"from": [ 7.375, 2.5, 7.5 ],
			"to": [ 8.25, 2.625, 8.5 ],
			"faces": {
				"down": { "uv": [ 3.375, 1.25, 4.25, 3.25 ], "texture": "#voxels_atlas" },
				"up": { "uv": [ 5, 16, 5.875, 14 ], "texture": "#voxels_atlas" },
				"north": { "uv": [ 6.75, 1.75, 5.875, 2 ], "texture": "#voxels_atlas" },
				"south": { "uv": [ 5.875, 1.5, 6.75, 1.75 ], "texture": "#voxels_atlas" },
				"west": { "uv": [ 5.875, 4.25, 6.875, 4.5 ], "texture": "#voxels_atlas" },
				"east": { "uv": [ 6.875, 4, 5.875, 4.25 ], "texture": "#voxels_atlas" }
			}
		},
		{
			"__comment": "Voxels",
			"from": [ 7.5, 2.125, 7.375 ],
			"to": [ 7.75, 2.5, 7.5 ],
			"faces": {
				"down": { "uv": [ 4.5, 0, 4.75, 0.25 ], "texture": "#voxels_atlas" },
				"up": { "uv": [ 4.25, 0.25, 4.5, 0 ], "texture": "#voxels_atlas" },
				"north": { "uv": [ 5, 2.5, 4.75, 3.25 ], "texture": "#voxels_atlas" },
				"south": { "uv": [ 4.75, 1.75, 5, 2.5 ], "texture": "#voxels_atlas" },
				"east": { "uv": [ 8.25, 11.25, 8.125, 12 ], "texture": "#voxels_atlas" }
			}
		},
		{
			"__comment": "Voxels",
			"from": [ 7.5, 2.125, 7.5 ],
			"to": [ 7.75, 2.25, 7.625 ],
			"faces": {
				"down": { "uv": [ 14.875, 15, 15.125, 15.25 ], "texture": "#voxels_atlas" },
				"south": { "uv": [ 14.75, 15.25, 15, 15.5 ], "texture": "#voxels_atlas" },
				"east": { "uv": [ 8.625, 10.75, 8.5, 11 ], "texture": "#voxels_atlas" }
			}
		},
		{
			"__comment": "Voxels",
			"from": [ 7.5, 2.125, 8.375 ],
			"to": [ 7.75, 2.25, 8.625 ],
			"faces": {
				"down": { "uv": [ 5.625, 3.5, 5.875, 4 ], "texture": "#voxels_atlas" },
				"up": { "uv": [ 5.625, 3.5, 5.875, 3 ], "texture": "#voxels_atlas" },
				"north": { "uv": [ 14.75, 15.25, 14.5, 15.5 ], "texture": "#voxels_atlas" },
				"south": { "uv": [ 14.25, 15.25, 14.5, 15.5 ], "texture": "#voxels_atlas" },
				"west": { "uv": [ 15.75, 15.5, 16, 15.75 ], "texture": "#voxels_atlas" },
				"east": { "uv": [ 8.125, 2.5, 7.875, 2.75 ], "texture": "#voxels_atlas" }
			}
		},
		{
			"__comment": "Voxels",
			"from": [ 7.5, 2.25, 8.5 ],
			"to": [ 7.875, 2.5, 8.625 ],
			"faces": {
				"down": { "uv": [ 11.75, 15.75, 12.125, 16 ], "texture": "#voxels_atlas" },
				"up": { "uv": [ 12.125, 16, 12.5, 15.75 ], "texture": "#voxels_atlas" },
				"north": { "uv": [ 7.25, 10, 6.875, 10.5 ], "texture": "#voxels_atlas" },
				"south": { "uv": [ 7.25, 10, 7.625, 10.5 ], "texture": "#voxels_atlas" },
				"east": { "uv": [ 8.125, 10, 8, 10.5 ], "texture": "#voxels_atlas" }
			}
		},
		{
			"__comment": "Voxels",
			"from": [ 7.5, 2.625, 7.5 ],
			"to": [ 8.625, 2.75, 8.5 ],
			"faces": {
				"down": { "uv": [ 3.375, 12, 4.5, 14 ], "texture": "#voxels_atlas" },
				"up": { "uv": [ 3.375, 16, 4.5, 14 ], "texture": "#voxels_atlas" },
				"north": { "uv": [ 8, 13.25, 6.875, 13.5 ], "texture": "#voxels_atlas" },
				"south": { "uv": [ 6.875, 13, 8, 13.25 ], "texture": "#voxels_atlas" },
				"west": { "uv": [ 5.875, 4.5, 6.875, 4.75 ], "texture": "#voxels_atlas" },
				"east": { "uv": [ 6.875, 3, 5.875, 3.25 ], "texture": "#voxels_atlas" }
			}
		},
		{
			"__comment": "Voxels",
			"from": [ 7.625, 0.5, 7.875 ],
			"to": [ 8.625, 0.625, 8.125 ],
			"faces": {
				"down": { "uv": [ 5.875, 13.25, 6.875, 13.75 ], "texture": "#voxels_atlas" },
				"north": { "uv": [ 6.875, 5.75, 5.875, 6 ], "texture": "#voxels_atlas" },
				"south": { "uv": [ 5.875, 5, 6.875, 5.25 ], "texture": "#voxels_atlas" },
				"west": { "uv": [ 7.875, 4.25, 8.125, 4.5 ], "texture": "#voxels_atlas" },
				"east": { "uv": [ 8.125, 5, 7.875, 5.25 ], "texture": "#voxels_atlas" }
			}
		},
		{
			"__comment": "Voxels",
			"from": [ 7.625, 2.25, 8.375 ],
			"to": [ 7.875, 2.5, 8.5 ],
			"faces": {
				"down": { "uv": [ 7.875, 9, 8.125, 9.25 ], "texture": "#voxels_atlas" },
				"north": { "uv": [ 5.875, 4, 5.625, 4.5 ], "texture": "#voxels_atlas" },
				"east": { "uv": [ 8.5, 8.5, 8.375, 9 ], "texture": "#voxels_atlas" }
			}
		},
		{
			"__comment": "Voxels",
			"from": [ 7.625, 2.375, 7.625 ],
			"to": [ 7.875, 2.5, 7.75 ],
			"faces": {
				"down": { "uv": [ 12, 14.75, 12.25, 15 ], "texture": "#voxels_atlas" },
				"east": { "uv": [ 14.875, 14.75, 14.75, 15 ], "texture": "#voxels_atlas" }
			}
		},
		{
			"__comment": "Voxels",
			"from": [ 7.625, 2.375, 8.25 ],
			"to": [ 7.875, 2.5, 8.375 ],
			"faces": {
				"down": { "uv": [ 15.625, 15, 15.875, 15.25 ], "texture": "#voxels_atlas" },
				"east": { "uv": [ 8.5, 4.25, 8.375, 4.5 ], "texture": "#voxels_atlas" }
			}
		},
		{
			"__comment": "Voxels",
			"from": [ 7.625, 2.5, 7.375 ],
			"to": [ 8.25, 2.75, 7.5 ],
			"faces": {
				"down": { "uv": [ 7.5, 5.75, 8.125, 6 ], "texture": "#voxels_atlas" },
				"up": { "uv": [ 7.5, 5.5, 8.125, 5.25 ], "texture": "#voxels_atlas" },
				"north": { "uv": [ 5.625, 2.5, 5, 3 ], "texture": "#voxels_atlas" },
				"south": { "uv": [ 5.875, 12.75, 6.5, 13.25 ], "texture": "#voxels_atlas" },
				"west": { "uv": [ 8.25, 8.75, 8.375, 9.25 ], "texture": "#voxels_atlas" },
				"east": { "uv": [ 8.375, 10.25, 8.25, 10.75 ], "texture": "#voxels_atlas" }
			}
		},
		{
			"__comment": "Voxels",
			"from": [ 7.625, 2.5, 8.5 ],
			"to": [ 8.25, 2.75, 8.625 ],
			"faces": {
				"down": { "uv": [ 7.5, 7.25, 8.125, 7.5 ], "texture": "#voxels_atlas" },
				"up": { "uv": [ 6.875, 7.25, 7.5, 7 ], "texture": "#voxels_atlas" },
				"north": { "uv": [ 5.625, 3.5, 5, 4 ], "texture": "#voxels_atlas" },
				"south": { "uv": [ 5.875, 11.25, 6.5, 11.75 ], "texture": "#voxels_atlas" },
				"west": { "uv": [ 8.25, 10.75, 8.375, 11.25 ], "texture": "#voxels_atlas" },
				"east": { "uv": [ 8.375, 12.25, 8.25, 12.75 ], "texture": "#voxels_atlas" }
			}
		},
		{
			"__comment": "Voxels",
			"from": [ 7.625, 2.75, 7.5 ],
			"to": [ 8.75, 2.875, 7.625 ],
			"faces": {
				"down": { "uv": [ 6.875, 13.5, 8, 13.75 ], "texture": "#voxels_atlas" },
				"up": { "uv": [ 6.875, 14, 8, 13.75 ], "texture": "#voxels_atlas" },
				"north": { "uv": [ 8, 14, 6.875, 14.25 ], "texture": "#voxels_atlas" },
				"south": { "uv": [ 6.875, 14.25, 8, 14.5 ], "texture": "#voxels_atlas" },
				"west": { "uv": [ 8, 13, 8.125, 13.25 ], "texture": "#voxels_atlas" },
				"east": { "uv": [ 8.125, 13.25, 8, 13.5 ], "texture": "#voxels_atlas" }
			}
		},
		{
			"__comment": "Voxels",
			"from": [ 7.625, 2.75, 7.625 ],
			"to": [ 8.625, 2.875, 8.5 ],
			"faces": {
				"up": { "uv": [ 3.375, 5, 4.375, 3.25 ], "texture": "#voxels_atlas" },
				"south": { "uv": [ 5.875, 3.75, 6.875, 4 ], "texture": "#voxels_atlas" },
				"west": { "uv": [ 5.875, 1, 6.75, 1.25 ], "texture": "#voxels_atlas" },
				"east": { "uv": [ 6.75, 0.75, 5.875, 1 ], "texture": "#voxels_atlas" }
			}
		},
		{
			"__comment": "Voxels",
			"from": [ 7.75, 2.25, 7.375 ],
			"to": [ 7.875, 2.5, 7.5 ],
			"faces": {
				"down": { "uv": [ 2.125, 4.75, 2.25, 5 ], "texture": "#voxels_atlas" },
				"north": { "uv": [ 8.25, 1.25, 8.125, 1.75 ], "texture": "#voxels_atlas" },
				"east": { "uv": [ 8.375, 13.75, 8.25, 14.25 ], "texture": "#voxels_atlas" }
			}
		},
		{
			"__comment": "Voxels",
			"from": [ 7.875, 0, 7.875 ],
			"to": [ 8.75, 0.375, 8.125 ],
			"faces": {
				"down": { "uv": [ 5, 7.5, 5.875, 8 ], "texture": "#voxels_atlas", "cullface": "down" },
				"up": { "uv": [ 5, 8.5, 5.875, 8 ], "texture": "#voxels_atlas" },
				"north": { "uv": [ 5.875, 11.5, 5, 12.25 ], "texture": "#voxels_atlas" },
				"south": { "uv": [ 5, 12.25, 5.875, 13 ], "texture": "#voxels_atlas" },
				"west": { "uv": [ 4.75, 0.25, 5, 1 ], "texture": "#voxels_atlas" },
				"east": { "uv": [ 5, 1, 4.75, 1.75 ], "texture": "#voxels_atlas" }
			}
		},
		{
			"__comment": "Voxels",
			"from": [ 7.875, 0.375, 7.875 ],
			"to": [ 8.625, 0.5, 8.125 ],
			"faces": {
				"north": { "uv": [ 8, 12.75, 7.25, 13 ], "texture": "#voxels_atlas" },
				"south": { "uv": [ 7.25, 12, 8, 12.25 ], "texture": "#voxels_atlas" },
				"west": { "uv": [ 14.125, 15, 14.375, 15.25 ], "texture": "#voxels_atlas" },
				"east": { "uv": [ 15.375, 15, 15.125, 15.25 ], "texture": "#voxels_atlas" }
			}
		},
		{
			"__comment": "Voxels",
			"from": [ 7.875, 2.375, 7.375 ],
			"to": [ 8.125, 2.5, 7.625 ],
			"faces": {
				"down": { "uv": [ 5.625, 9.25, 5.875, 9.75 ], "texture": "#voxels_atlas" },
				"up": { "uv": [ 5.625, 2, 5.875, 1.5 ], "texture": "#voxels_atlas" },
				"north": { "uv": [ 8.75, 14.75, 8.5, 15 ], "texture": "#voxels_atlas" },
				"south": { "uv": [ 9.5, 14.75, 9.75, 15 ], "texture": "#voxels_atlas" },
				"west": { "uv": [ 9.75, 14.75, 10, 15 ], "texture": "#voxels_atlas" },
				"east": { "uv": [ 10.25, 14.75, 10, 15 ], "texture": "#voxels_atlas" }
			}
		},
		{
			"__comment": "Voxels",
			"from": [ 7.875, 2.375, 8.375 ],
			"to": [ 8.125, 2.5, 8.625 ],
			"faces": {
				"down": { "uv": [ 5.625, 1, 5.875, 1.5 ], "texture": "#voxels_atlas" },
				"up": { "uv": [ 5.625, 1, 5.875, 0.5 ], "texture": "#voxels_atlas" },
				"north": { "uv": [ 10.5, 14.75, 10.25, 15 ], "texture": "#voxels_atlas" },
				"south": { "uv": [ 10.5, 14.75, 10.75, 15 ], "texture": "#voxels_atlas" },
				"west": { "uv": [ 10.75, 14.75, 11, 15 ], "texture": "#voxels_atlas" },
				"east": { "uv": [ 11.25, 14.75, 11, 15 ], "texture": "#voxels_atlas" }
			}
		},
		{
			"__comment": "Voxels",
			"from": [ 7.875, 2.875, 7.75 ],
			"to": [ 8.75, 3, 8.25 ],
			"faces": {
				"down": { "uv": [ 3.375, 0.25, 4.25, 1.25 ], "texture": "#voxels_atlas" },
				"up": { "uv": [ 5, 14, 5.875, 13 ], "texture": "#voxels_atlas" },
				"north": { "uv": [ 6.75, 2, 5.875, 2.25 ], "texture": "#voxels_atlas" },
				"south": { "uv": [ 5.875, 1.25, 6.75, 1.5 ], "texture": "#voxels_atlas" },
				"west": { "uv": [ 7.625, 8, 8.125, 8.25 ], "texture": "#voxels_atlas" },
				"east": { "uv": [ 7.375, 4.25, 6.875, 4.5 ], "texture": "#voxels_atlas" }
			}
		},
		{
			"__comment": "Voxels",
			"from": [ 8, -0.25, 7.75 ],
			"to": [ 8.625, 0.25, 7.875 ],
			"faces": {
				"down": { "uv": [ 6.875, 6, 7.5, 6.25 ], "texture": "#voxels_atlas", "cullface": "down" },
				"up": { "uv": [ 6.875, 5.75, 7.5, 5.5 ], "texture": "#voxels_atlas", "cullface": "down" },
				"north": { "uv": [ 3.375, 0, 2.75, 1 ], "texture": "#voxels_atlas", "cullface": "down" },
				"south": { "uv": [ 5, 10.5, 5.625, 11.5 ], "texture": "#voxels_atlas", "cullface": "down" },
				"west": { "uv": [ 7.625, 3.25, 7.75, 4.25 ], "texture": "#voxels_atlas", "cullface": "down" },
				"east": { "uv": [ 7.625, 3.25, 7.5, 4.25 ], "texture": "#voxels_atlas", "cullface": "down" }
			}
		},
		{
			"__comment": "Voxels",
			"from": [ 8, -0.25, 7.875 ],
			"to": [ 8.625, 0, 8.25 ],
			"faces": {
				"down": { "uv": [ 5, 9, 5.625, 9.75 ], "texture": "#voxels_atlas", "cullface": "down" },
				"up": { "uv": [ 5, 10.5, 5.625, 9.75 ], "texture": "#voxels_atlas", "cullface": "down" },
				"south": { "uv": [ 5, 1.5, 5.625, 2 ], "texture": "#voxels_atlas", "cullface": "down" },
				"west": { "uv": [ 7.25, 11, 7.625, 11.5 ], "texture": "#voxels_atlas", "cullface": "down" },
				"east": { "uv": [ 7.25, 11, 6.875, 11.5 ], "texture": "#voxels_atlas", "cullface": "down" }
			}
		},
		{
			"__comment": "Voxels",
			"from": [ 8, 0, 7.625 ],
			"to": [ 8.625, 0.25, 7.75 ],
			"faces": {
				"down": { "uv": [ 7.25, 9, 7.875, 9.25 ], "texture": "#voxels_atlas", "cullface": "down" },
				"up": { "uv": [ 6.25, 7.25, 6.875, 7 ], "texture": "#voxels_atlas" },
				"north": { "uv": [ 5.625, 2, 5, 2.5 ], "texture": "#voxels_atlas" },
				"west": { "uv": [ 8.375, 13, 8.5, 13.5 ], "texture": "#voxels_atlas" },
				"east": { "uv": [ 8.5, 12.5, 8.375, 13 ], "texture": "#voxels_atlas" }
			}
		},
		{
			"__comment": "Voxels",
			"from": [ 8, 0, 8.125 ],
			"to": [ 8.75, 0.25, 8.25 ],
			"faces": {
				"down": { "uv": [ 7.25, 12.25, 8, 12.5 ], "texture": "#voxels_atlas", "cullface": "down" },
				"up": { "uv": [ 7.25, 12.75, 8, 12.5 ], "texture": "#voxels_atlas" },
				"south": { "uv": [ 5, 6.5, 5.75, 7 ], "texture": "#voxels_atlas" },
				"west": { "uv": [ 5.75, 6.5, 5.875, 7 ], "texture": "#voxels_atlas" },
				"east": { "uv": [ 5.875, 6, 5.75, 6.5 ], "texture": "#voxels_atlas" }
			}
		},
		{
			"__comment": "Voxels",
			"from": [ 8, 0, 8.25 ],
			"to": [ 8.625, 0.25, 8.375 ],
			"faces": {
				"down": { "uv": [ 6.875, 5.75, 7.5, 6 ], "texture": "#voxels_atlas", "cullface": "down" },
				"up": { "uv": [ 7.5, 6.25, 8.125, 6 ], "texture": "#voxels_atlas" },
				"south": { "uv": [ 5, 0.5, 5.625, 1 ], "texture": "#voxels_atlas" },
				"west": { "uv": [ 8, 11.5, 8.125, 12 ], "texture": "#voxels_atlas" },
				"east": { "uv": [ 8.125, 11, 8, 11.5 ], "texture": "#voxels_atlas" }
			}
		},
		{
			"__comment": "Voxels",
			"from": [ 8, 0.625, 7.75 ],
			"to": [ 8.625, 2.5, 7.875 ],
			"faces": {
				"down": { "uv": [ 6.875, 6.5, 7.5, 6.75 ], "texture": "#voxels_atlas" },
				"up": { "uv": [ 7.5, 7, 8.125, 6.75 ], "texture": "#voxels_atlas" },
				"north": { "uv": [ 3.375, 4.75, 2.75, 8.5 ], "texture": "#voxels_atlas" },
				"south": { "uv": [ 2.75, 1, 3.375, 4.75 ], "texture": "#voxels_atlas" },
				"west": { "uv": [ 4.5, 4, 4.625, 7.75 ], "texture": "#voxels_atlas" },
				"east": { "uv": [ 4.75, 4, 4.625, 7.75 ], "texture": "#voxels_atlas" }
			}
		},
		{
			"__comment": "Voxels",
			"from": [ 8, 0.625, 8.125 ],
			"to": [ 8.625, 2.5, 8.25 ],
			"faces": {
				"down": { "uv": [ 6.875, 6.75, 7.5, 7 ], "texture": "#voxels_atlas" },
				"up": { "uv": [ 7.5, 5.75, 8.125, 5.5 ], "texture": "#voxels_atlas" },
				"north": { "uv": [ 3.375, 8.5, 2.75, 12.25 ], "texture": "#voxels_atlas" },
				"south": { "uv": [ 2.75, 12.25, 3.375, 16 ], "texture": "#voxels_atlas" },
				"west": { "uv": [ 4.625, 0.25, 4.75, 4 ], "texture": "#voxels_atlas" },
				"east": { "uv": [ 4.625, 0.25, 4.5, 4 ], "texture": "#voxels_atlas" }
			}
		},
		{
			"__comment": "Voxels",
			"from": [ 8, 0.75, 7.875 ],
			"to": [ 8.625, 2.5, 8.125 ],
			"faces": {
				"up": { "uv": [ 5, 4.5, 5.625, 4 ], "texture": "#voxels_atlas" },
				"west": { "uv": [ 1.5, 4.25, 1.75, 7.75 ], "texture": "#voxels_atlas" },
				"east": { "uv": [ 1.5, 4.25, 1.25, 7.75 ], "texture": "#voxels_atlas" }
			}
		},
		{
			"__comment": "Voxels",
			"from": [ 8, 3, 7.875 ],
			"to": [ 8.875, 3.125, 8.125 ],
			"faces": {
				"down": { "uv": [ 5, 7, 5.875, 7.5 ], "texture": "#voxels_atlas" },
				"up": { "uv": [ 5, 9, 5.875, 8.5 ], "texture": "#voxels_atlas" },
				"north": { "uv": [ 4.25, 0, 3.375, 0.25 ], "texture": "#voxels_atlas" },
				"south": { "uv": [ 5.875, 2.25, 6.75, 2.5 ], "texture": "#voxels_atlas" },
				"west": { "uv": [ 7.875, 1.25, 8.125, 1.5 ], "texture": "#voxels_atlas" },
				"east": { "uv": [ 8.125, 1, 7.875, 1.25 ], "texture": "#voxels_atlas" }
			}
		},
		{
			"__comment": "Voxels",
			"from": [ 8, 3.125, 7.875 ],
			"to": [ 8.625, 10.625, 8.125 ],
			"faces": {
				"up": { "uv": [ 5.875, 9.75, 6.5, 9.25 ], "texture": "#voxels_atlas" },
				"north": { "uv": [ 1.25, 1, 0.625, 16 ], "texture": "#voxels_atlas" },
				"south": { "uv": [ 0, 1, 0.625, 16 ], "texture": "#voxels_atlas" },
				"west": { "uv": [ 2.5, 1, 2.75, 16 ], "texture": "#voxels_atlas" },
				"east": { "uv": [ 2.5, 1, 2.25, 16 ], "texture": "#voxels_atlas" }
			}
		},
		{
			"__comment": "Voxels",
			"from": [ 8.125, -0.125, 7.625 ],
			"to": [ 8.5, 0, 7.75 ],
			"faces": {
				"down": { "uv": [ 12.5, 15.75, 12.875, 16 ], "texture": "#voxels_atlas", "cullface": "down" },
				"north": { "uv": [ 13.625, 15.75, 13.25, 16 ], "texture": "#voxels_atlas", "cullface": "down" },
				"west": { "uv": [ 8, 13.75, 8.125, 14 ], "texture": "#voxels_atlas", "cullface": "down" },
				"east": { "uv": [ 8.125, 13.5, 8, 13.75 ], "texture": "#voxels_atlas", "cullface": "down" }
			}
		},
		{
			"__comment": "Voxels",
			"from": [ 8.125, -0.125, 8.25 ],
			"to": [ 8.5, 0, 8.375 ],
			"faces": {
				"down": { "uv": [ 14, 15.75, 14.375, 16 ], "texture": "#voxels_atlas", "cullface": "down" },
				"south": { "uv": [ 15.125, 15.75, 15.5, 16 ], "texture": "#voxels_atlas", "cullface": "down" },
				"west": { "uv": [ 8, 12.75, 8.125, 13 ], "texture": "#voxels_atlas", "cullface": "down" },
				"east": { "uv": [ 8.125, 12.5, 8, 12.75 ], "texture": "#voxels_atlas", "cullface": "down" }
			}
		},
		{
			"__comment": "Voxels",
			"from": [ 8.125, 0.25, 7.625 ],
			"to": [ 8.5, 0.625, 7.875 ],
			"faces": {
				"down": { "uv": [ 7.625, 11, 8, 11.5 ], "texture": "#voxels_atlas" },
				"up": { "uv": [ 7.625, 12, 8, 11.5 ], "texture": "#voxels_atlas" },
				"north": { "uv": [ 6.25, 7.75, 5.875, 8.5 ], "texture": "#voxels_atlas" },
				"south": { "uv": [ 6.25, 8.5, 6.625, 9.25 ], "texture": "#voxels_atlas" },
				"west": { "uv": [ 4.75, 3.25, 5, 4 ], "texture": "#voxels_atlas" },
				"east": { "uv": [ 5, 4, 4.75, 4.75 ], "texture": "#voxels_atlas" }
			}
		},
		{
			"__comment": "Voxels",
			"from": [ 8.125, 0.25, 8.125 ],
			"to": [ 8.75, 0.375, 8.25 ],
			"faces": {
				"up": { "uv": [ 7.5, 8, 8.125, 7.75 ], "texture": "#voxels_atlas" },
				"south": { "uv": [ 6.875, 5.25, 7.5, 5.5 ], "texture": "#voxels_atlas" },
				"west": { "uv": [ 8.375, 4.75, 8.5, 5 ], "texture": "#voxels_atlas" },
				"east": { "uv": [ 8.5, 4.5, 8.375, 4.75 ], "texture": "#voxels_atlas" }
			}
		},
		{
			"__comment": "Voxels",
			"from": [ 8.125, 0.25, 8.25 ],
			"to": [ 8.5, 0.625, 8.375 ],
			"faces": {
				"up": { "uv": [ 8.25, 15.75, 8.625, 15.5 ], "texture": "#voxels_atlas" },
				"north": { "uv": [ 6.25, 8.5, 5.875, 9.25 ], "texture": "#voxels_atlas" },
				"south": { "uv": [ 4, 5.25, 4.375, 6 ], "texture": "#voxels_atlas" },
				"west": { "uv": [ 8.125, 10.5, 8.25, 11.25 ], "texture": "#voxels_atlas" },
				"east": { "uv": [ 8.25, 9.75, 8.125, 10.5 ], "texture": "#voxels_atlas" }
			}
		},
		{
			"__comment": "Voxels",
			"from": [ 8.125, 0.375, 8.125 ],
			"to": [ 8.5, 0.625, 8.25 ],
			"faces": {
				"north": { "uv": [ 7.625, 9.5, 7.25, 10 ], "texture": "#voxels_atlas" },
				"west": { "uv": [ 8.25, 7.25, 8.375, 7.75 ], "texture": "#voxels_atlas" },
				"east": { "uv": [ 8.375, 6.75, 8.25, 7.25 ], "texture": "#voxels_atlas" }
			}
		},
		{
			"__comment": "Voxels",
			"from": [ 8.125, 10.625, 7.875 ],
			"to": [ 8.625, 14.75, 8.125 ],
			"faces": {
				"up": { "uv": [ 5.875, 5.75, 6.375, 5.25 ], "texture": "#voxels_atlas" },
				"north": { "uv": [ 1.75, 7.75, 1.25, 16 ], "texture": "#voxels_atlas" },
				"south": { "uv": [ 1.75, 7.75, 2.25, 16 ], "texture": "#voxels_atlas" },
				"west": { "uv": [ 4.5, 7.75, 4.75, 16 ], "texture": "#voxels_atlas" },
				"east": { "uv": [ 5, 7.75, 4.75, 16 ], "texture": "#voxels_atlas" }
			}
		},
		{
			"__comment": "Voxels",
			"from": [ 8.25, 0.625, 7.625 ],
			"to": [ 8.375, 0.875, 7.75 ],
			"faces": {
				"up": { "uv": [ 8.375, 3.75, 8.5, 3.5 ], "texture": "#voxels_atlas" },
				"north": { "uv": [ 8.375, 4.75, 8.25, 5.25 ], "texture": "#voxels_atlas" },
				"west": { "uv": [ 8.25, 3.75, 8.375, 4.25 ], "texture": "#voxels_atlas" },
				"east": { "uv": [ 8.375, 3.25, 8.25, 3.75 ], "texture": "#voxels_atlas" }
			}
		},
		{
			"__comment": "Voxels",
			"from": [ 8.25, 0.625, 8.25 ],
			"to": [ 8.375, 0.875, 8.375 ],
			"faces": {
				"up": { "uv": [ 8.375, 3.5, 8.5, 3.25 ], "texture": "#voxels_atlas" },
				"south": { "uv": [ 8.375, 5, 8.5, 5.5 ], "texture": "#voxels_atlas" },
				"west": { "uv": [ 8.25, 1.75, 8.375, 2.25 ], "texture": "#voxels_atlas" },
				"east": { "uv": [ 8.375, 1.25, 8.25, 1.75 ], "texture": "#voxels_atlas" }
			}
		},
		{
			"__comment": "Voxels",
			"from": [ 8.25, 2.5, 7.625 ],
			"to": [ 8.75, 2.625, 7.875 ],
			"faces": {
				"down": { "uv": [ 5.875, 6, 6.375, 6.5 ], "texture": "#voxels_atlas" },
				"up": { "uv": [ 6.375, 6.5, 6.875, 6 ], "texture": "#voxels_atlas" },
				"north": { "uv": [ 7.5, 3.5, 7, 3.75 ], "texture": "#voxels_atlas" },
				"south": { "uv": [ 7, 3.25, 7.5, 3.5 ], "texture": "#voxels_atlas" },
				"east": { "uv": [ 13.375, 15, 13.125, 15.25 ], "texture": "#voxels_atlas" }
			}
		},
		{
			"__comment": "Voxels",
			"from": [ 8.25, 2.5, 7.875 ],
			"to": [ 8.625, 2.625, 8.375 ],
			"faces": {
				"down": { "uv": [ 4, 11, 4.375, 12 ], "texture": "#voxels_atlas" },
				"south": { "uv": [ 9.75, 15.5, 10.125, 15.75 ], "texture": "#voxels_atlas" },
				"east": { "uv": [ 7.875, 3, 7.375, 3.25 ], "texture": "#voxels_atlas" }
			}
		},
		{
			"__comment": "Voxels",
			"from": [ 8.25, 14.75, 7.875 ],
			"to": [ 8.625, 15.5, 8.125 ],
			"faces": {
				"up": { "uv": [ 5.875, 0.5, 6.25, 0 ], "texture": "#voxels_atlas" },
				"north": { "uv": [ 2.125, 6.25, 1.75, 7.75 ], "texture": "#voxels_atlas" },
				"south": { "uv": [ 1.25, 1.25, 1.625, 2.75 ], "texture": "#voxels_atlas" },
				"west": { "uv": [ 4.25, 9.5, 4.5, 11 ], "texture": "#voxels_atlas" },
				"east": { "uv": [ 4.25, 9.5, 4, 11 ], "texture": "#voxels_atlas" }
			}
		},
		{
			"__comment": "Voxels",
			"from": [ 8.375, 2.875, 7.5 ],
			"to": [ 8.75, 3, 7.625 ],
			"faces": {
				"up": { "uv": [ 10.5, 15.75, 10.875, 15.5 ], "texture": "#voxels_atlas" },
				"north": { "uv": [ 11.25, 15.5, 10.875, 15.75 ], "texture": "#voxels_atlas" },
				"south": { "uv": [ 11.25, 15.5, 11.625, 15.75 ], "texture": "#voxels_atlas" },
				"west": { "uv": [ 8.375, 1.5, 8.5, 1.75 ], "texture": "#voxels_atlas" },
				"east": { "uv": [ 8.5, 1.25, 8.375, 1.5 ], "texture": "#voxels_atlas" }
			}
		},
		{
			"__comment": "Voxels",
			"from": [ 8.375, 2.875, 7.625 ],
			"to": [ 8.625, 3.125, 7.75 ],
			"faces": {
				"up": { "uv": [ 8.75, 15, 9, 14.75 ], "texture": "#voxels_atlas" },
				"north": { "uv": [ 5.875, 2.5, 5.625, 3 ], "texture": "#voxels_atlas" },
				"south": { "uv": [ 5.625, 2, 5.875, 2.5 ], "texture": "#voxels_atlas" },
				"west": { "uv": [ 8.375, 10.5, 8.5, 11 ], "texture": "#voxels_atlas" },
				"east": { "uv": [ 8.5, 10, 8.375, 10.5 ], "texture": "#voxels_atlas" }
			}
		},
		{
			"__comment": "Voxels",
			"from": [ 8.375, 2.875, 8.25 ],
			"to": [ 8.625, 3.125, 8.375 ],
			"faces": {
				"up": { "uv": [ 9.25, 15, 9.5, 14.75 ], "texture": "#voxels_atlas" },
				"north": { "uv": [ 8, 3.75, 7.75, 4.25 ], "texture": "#voxels_atlas" },
				"south": { "uv": [ 7.75, 3.25, 8, 3.75 ], "texture": "#voxels_atlas" },
				"west": { "uv": [ 8.375, 9.5, 8.5, 10 ], "texture": "#voxels_atlas" },
				"east": { "uv": [ 8.5, 9, 8.375, 9.5 ], "texture": "#voxels_atlas" }
			}
		},
		{
			"__comment": "Voxels",
			"from": [ 8.375, 2.875, 8.375 ],
			"to": [ 8.75, 3, 8.5 ],
			"faces": {
				"down": { "uv": [ 12.375, 15.5, 12.75, 15.75 ], "texture": "#voxels_atlas" },
				"up": { "uv": [ 12.75, 15.75, 13.125, 15.5 ], "texture": "#voxels_atlas" },
				"north": { "uv": [ 13.5, 15.5, 13.125, 15.75 ], "texture": "#voxels_atlas" },
				"south": { "uv": [ 13.5, 15.5, 13.875, 15.75 ], "texture": "#voxels_atlas" },
				"west": { "uv": [ 14.875, 14.75, 15, 15 ], "texture": "#voxels_atlas" },
				"east": { "uv": [ 15.125, 14.75, 15, 15 ], "texture": "#voxels_atlas" }
			}
		},
		{
			"__comment": "Voxels",
			"from": [ 8.375, 3, 7.75 ],
			"to": [ 8.875, 3.125, 7.875 ],
			"faces": {
				"down": { "uv": [ 6.875, 2, 7.375, 2.25 ], "texture": "#voxels_atlas" },
				"up": { "uv": [ 7.375, 2.25, 7.875, 2 ], "texture": "#voxels_atlas" },
				"north": { "uv": [ 7.375, 1.75, 6.875, 2 ], "texture": "#voxels_atlas" },
				"west": { "uv": [ 14, 14.75, 14.125, 15 ], "texture": "#voxels_atlas" },
				"east": { "uv": [ 14.25, 14.75, 14.125, 15 ], "texture": "#voxels_atlas" }
			}
		},
		{
			"__comment": "Voxels",
			"from": [ 8.375, 3, 8.125 ],
			"to": [ 8.875, 3.125, 8.25 ],
			"faces": {
				"down": { "uv": [ 6.875, 1.5, 7.375, 1.75 ], "texture": "#voxels_atlas" },
				"up": { "uv": [ 7.375, 1.75, 7.875, 1.5 ], "texture": "#voxels_atlas" },
				"south": { "uv": [ 6.875, 1, 7.375, 1.25 ], "texture": "#voxels_atlas" },
				"west": { "uv": [ 15.125, 14.75, 15.25, 15 ], "texture": "#voxels_atlas" },
				"east": { "uv": [ 8.625, 12, 8.5, 12.25 ], "texture": "#voxels_atlas" }
			}
		},
		{
			"__comment": "Voxels",
			"from": [ 8.375, 15.5, 7.875 ],
			"to": [ 8.5, 15.75, 8.125 ],
			"faces": {
				"up": { "uv": [ 8.375, 8.5, 8.5, 8 ], "texture": "#voxels_atlas" },
				"north": { "uv": [ 8.5, 7.5, 8.375, 8 ], "texture": "#voxels_atlas" },
				"south": { "uv": [ 8.375, 7, 8.5, 7.5 ], "texture": "#voxels_atlas" },
				"west": { "uv": [ 6.875, 0.5, 7.125, 1 ], "texture": "#voxels_atlas" },
				"east": { "uv": [ 7.375, 0.5, 7.125, 1 ], "texture": "#voxels_atlas" }
			}
		},
		{
			"__comment": "Voxels",
			"from": [ 8.5, 0.25, 7.75 ],
			"to": [ 8.75, 0.375, 7.875 ],
			"faces": {
				"down": { "uv": [ 12.5, 14.75, 12.75, 15 ], "texture": "#voxels_atlas" },
				"up": { "uv": [ 12.75, 15, 13, 14.75 ], "texture": "#voxels_atlas" },
				"north": { "uv": [ 13.25, 14.75, 13, 15 ], "texture": "#voxels_atlas" },
				"east": { "uv": [ 8.625, 10.25, 8.5, 10.5 ], "texture": "#voxels_atlas" }
			}
		},
		{
			"__comment": "Voxels",
			"from": [ 8.625, 0, 7.75 ],
			"to": [ 8.75, 0.25, 7.875 ],
			"faces": {
				"down": { "uv": [ 8.375, 0.75, 8.5, 1 ], "texture": "#voxels_atlas", "cullface": "down" },
				"north": { "uv": [ 8.5, 6, 8.375, 6.5 ], "texture": "#voxels_atlas" },
				"east": { "uv": [ 8.125, 10.5, 8, 11 ], "texture": "#voxels_atlas" }
			}
		},
		{
			"__comment": "Voxels",
			"from": [ 8.625, 2.375, 7.75 ],
			"to": [ 8.875, 2.5, 8.25 ],
			"faces": {
				"down": { "uv": [ 2.5, 0, 2.75, 1 ], "texture": "#voxels_atlas" },
				"up": { "uv": [ 4.25, 3.25, 4.5, 2.25 ], "texture": "#voxels_atlas" },
				"north": { "uv": [ 8.125, 4.75, 7.875, 5 ], "texture": "#voxels_atlas" },
				"south": { "uv": [ 7.875, 4.5, 8.125, 4.75 ], "texture": "#voxels_atlas" },
				"west": { "uv": [ 7.375, 1.25, 7.875, 1.5 ], "texture": "#voxels_atlas" },
				"east": { "uv": [ 7.875, 1, 7.375, 1.25 ], "texture": "#voxels_atlas" }
			}
		},
		{
			"__comment": "Voxels",
			"from": [ 8.625, 2.5, 8.125 ],
			"to": [ 8.875, 2.75, 8.25 ],
			"faces": {
				"up": { "uv": [ 7.875, 3, 8.125, 2.75 ], "texture": "#voxels_atlas" },
				"north": { "uv": [ 7.625, 0.5, 7.375, 1 ], "texture": "#voxels_atlas" },
				"south": { "uv": [ 7.375, 0, 7.625, 0.5 ], "texture": "#voxels_atlas" },
				"west": { "uv": [ 8.125, 2.25, 8.25, 2.75 ], "texture": "#voxels_atlas" },
				"east": { "uv": [ 8.25, 1.75, 8.125, 2.25 ], "texture": "#voxels_atlas" }
			}
		},
		{
			"__comment": "Voxels",
			"from": [ 8.625, 2.5, 8.25 ],
			"to": [ 8.75, 2.75, 8.375 ],
			"faces": {
				"down": { "uv": [ 14.375, 14.75, 14.5, 15 ], "texture": "#voxels_atlas" },
				"up": { "uv": [ 14.625, 15, 14.75, 14.75 ], "texture": "#voxels_atlas" },
				"south": { "uv": [ 8.25, 14.25, 8.375, 14.75 ], "texture": "#voxels_atlas" },
				"west": { "uv": [ 8.25, 13.25, 8.375, 13.75 ], "texture": "#voxels_atlas" },
				"east": { "uv": [ 8.375, 12.75, 8.25, 13.25 ], "texture": "#voxels_atlas" }
			}
		},
		{
			"__comment": "Voxels",
			"from": [ 8.625, 2.625, 7.625 ],
			"to": [ 8.75, 2.75, 8.125 ],
			"faces": {
				"down": { "uv": [ 7.625, 0, 7.75, 1 ], "texture": "#voxels_atlas" },
				"up": { "uv": [ 7.75, 1, 7.875, 0 ], "texture": "#voxels_atlas" },
				"north": { "uv": [ 8.625, 11.5, 8.5, 11.75 ], "texture": "#voxels_atlas" },
				"east": { "uv": [ 9.125, 15.75, 8.625, 16 ], "texture": "#voxels_atlas" }
			}
		},
		{
			"__comment": "Voxels",
			"from": [ 8.625, 2.75, 7.75 ],
			"to": [ 8.75, 2.875, 8.25 ],
			"faces": {
				"down": { "uv": [ 7.875, 0, 8, 1 ], "texture": "#voxels_atlas" },
				"north": { "uv": [ 8.625, 10, 8.5, 10.25 ], "texture": "#voxels_atlas" },
				"south": { "uv": [ 8.375, 1, 8.5, 1.25 ], "texture": "#voxels_atlas" },
				"east": { "uv": [ 10.125, 15.75, 9.625, 16 ], "texture": "#voxels_atlas" }
			}
		},
		{
			"__comment": "Voxels",
			"from": [ 8.625, 2.75, 8.375 ],
			"to": [ 8.75, 2.875, 8.5 ],
			"faces": {
				"down": { "uv": [ 8.375, 0.25, 8.5, 0.5 ], "texture": "#voxels_atlas" },
				"north": { "uv": [ 13.625, 14.75, 13.5, 15 ], "texture": "#voxels_atlas" },
				"south": { "uv": [ 13.625, 14.75, 13.75, 15 ], "texture": "#voxels_atlas" },
				"east": { "uv": [ 14, 14.75, 13.875, 15 ], "texture": "#voxels_atlas" }
			}
		},
		{
			"__comment": "Voxels",
			"from": [ 8.625, 3, 7.625 ],
			"to": [ 8.875, 3.125, 7.75 ],
			"faces": {
				"down": { "uv": [ 15.5, 15.25, 15.75, 15.5 ], "texture": "#voxels_atlas" },
				"up": { "uv": [ 15.75, 15.5, 16, 15.25 ], "texture": "#voxels_atlas" },
				"north": { "uv": [ 8.625, 15, 8.375, 15.25 ], "texture": "#voxels_atlas" },
				"east": { "uv": [ 8.625, 9.75, 8.5, 10 ], "texture": "#voxels_atlas" }
			}
		},
		{
			"__comment": "Voxels",
			"from": [ 8.625, 3, 8.25 ],
			"to": [ 8.875, 3.125, 8.375 ],
			"faces": {
				"down": { "uv": [ 9.375, 15, 9.625, 15.25 ], "texture": "#voxels_atlas" },
				"up": { "uv": [ 9.625, 15.25, 9.875, 15 ], "texture": "#voxels_atlas" },
				"south": { "uv": [ 11.125, 15, 11.375, 15.25 ], "texture": "#voxels_atlas" },
				"east": { "uv": [ 15.5, 14.75, 15.375, 15 ], "texture": "#voxels_atlas" }
			}
		},
		{
			"__comment": "Voxels",
			"from": [ 8.75, 2.25, 7.75 ],
			"to": [ 8.875, 2.375, 7.875 ],
			"faces": {
				"down": { "uv": [ 15.5, 14.75, 15.625, 15 ], "texture": "#voxels_atlas" },
				"north": { "uv": [ 15.875, 14.75, 15.75, 15 ], "texture": "#voxels_atlas" },
				"south": { "uv": [ 15.875, 14.75, 16, 15 ], "texture": "#voxels_atlas" },
				"west": { "uv": [ 8.5, 14.5, 8.625, 14.75 ], "texture": "#voxels_atlas" },
				"east": { "uv": [ 8.625, 14.25, 8.5, 14.5 ], "texture": "#voxels_atlas" }
			}
		},
		{
			"__comment": "Voxels",
			"from": [ 8.75, 2.25, 8 ],
			"to": [ 8.875, 2.375, 8.125 ],
			"faces": {
				"down": { "uv": [ 8.5, 14, 8.625, 14.25 ], "texture": "#voxels_atlas" },
				"north": { "uv": [ 8.625, 13.5, 8.5, 13.75 ], "texture": "#voxels_atlas" },
				"south": { "uv": [ 8.5, 13.25, 8.625, 13.5 ], "texture": "#voxels_atlas" },
				"west": { "uv": [ 8.5, 13, 8.625, 13.25 ], "texture": "#voxels_atlas" },
				"east": { "uv": [ 8.625, 12.75, 8.5, 13 ], "texture": "#voxels_atlas" }
			}
		},
		{
			"__comment": "Voxels",
			"from": [ 8.75, 2.5, 7.75 ],
			"to": [ 8.875, 2.75, 7.875 ],
			"faces": {
				"up": { "uv": [ 8.5, 12.5, 8.625, 12.25 ], "texture": "#voxels_atlas" },
				"north": { "uv": [ 8.375, 2.75, 8.25, 3.25 ], "texture": "#voxels_atlas" },
				"south": { "uv": [ 8.25, 0.75, 8.375, 1.25 ], "texture": "#voxels_atlas" },
				"west": { "uv": [ 8.25, 0.25, 8.375, 0.75 ], "texture": "#voxels_atlas" },
				"east": { "uv": [ 8.5, 14.5, 8.375, 15 ], "texture": "#voxels_atlas" }
			}
		},
		{
			"__comment": "Voxels",
			"from": [ 8.75, 2.625, 7.875 ],
			"to": [ 8.875, 3, 8.125 ],
			"faces": {
				"down": { "uv": [ 8.375, 14, 8.5, 14.5 ], "texture": "#voxels_atlas" },
				"north": { "uv": [ 8.25, 6, 8.125, 6.75 ], "texture": "#voxels_atlas" },
				"south": { "uv": [ 8.125, 5.25, 8.25, 6 ], "texture": "#voxels_atlas" },
				"west": { "uv": [ 5.625, 9.75, 5.875, 10.5 ], "texture": "#voxels_atlas" },
				"east": { "uv": [ 5.875, 10.75, 5.625, 11.5 ], "texture": "#voxels_atlas" }
			}
		}
	],
	"display": {
		"thirdperson_righthand": {
			"rotation":  [ 0, -90, -2 ],
			"translation":  [ 0, 8.5, 1 ],
			"scale":  [ 1.5, 1.5, 1.5 ]
		},
		"thirdperson_lefthand": {
			"rotation":  [ 0, 90, 2 ],
			"translation":  [ 0, 8.5, 1 ],
			"scale":  [ 1.5, 1.5, 1.5 ]
		},
		"firstperson_righthand": {
			"rotation":  [ -12, -117, -6 ],
			"translation":  [ 1.3913, 10.434, 0 ],
			"scale":  [ 1.5, 1.5, 1.5 ]
		},
		"firstperson_lefthand": {
			"rotation":  [ -9, 69, 0 ],
			"translation":  [ 1.3913, 10.434, 0 ],
			"scale":  [ 1.5, 1.5, 1.5 ]
		},
		"gui": {
			"rotation":  [ 0, 0, 45 ]
		},
		"ground": {
			"rotation":  [ 163, 0, 0 ]
		},
		"fixed": {
			"rotation":  [ 0, -180, 45 ],
			"scale":  [ 1.5, 1.5, 1.5 ]
		}
	}
}