{
	"__comment": "Designed by Pashjn with Cubik Studio - https://cubik.studio",
	"textures": {
		"particle": "items/southswordn",
		"texture": "items/southswordn",
		"voxels_atlas": "items/southswordn"
	},
	"elements": [ 	 
		{
			"__comment": "Voxels",
			"from": [ 6.5, -1.5, -7 ],
			"to": [ 9.5, 0, -6 ],
			"faces": {
				"down": { "uv": [ 3.875, 0, 4.625, 0.5 ], "texture": "#voxels_atlas" },
				"up": { "uv": [ 0, 0.5, 0.75, 0 ], "texture": "#voxels_atlas" },
				"north": { "uv": [ 6.375, 15.25, 5.625, 16 ], "texture": "#voxels_atlas" },
				"south": { "uv": [ 5.625, 14.5, 6.375, 15.25 ], "texture": "#voxels_atlas" },
				"west": { "uv": [ 7.25, 7.5, 7.5, 8.25 ], "texture": "#voxels_atlas" },
				"east": { "uv": [ 7.5, 6.75, 7.25, 7.5 ], "texture": "#voxels_atlas" }
			}
		},
		{
			"__comment": "Voxels",
			"from": [ 6.5, -1, 1 ],
			"to": [ 9.5, 0.5, 4 ],
			"faces": {
				"down": { "uv": [ 3.875, 13, 4.625, 14.5 ], "texture": "#voxels_atlas", "cullface": "down" },
				"up": { "uv": [ 3.875, 16, 4.625, 14.5 ], "texture": "#voxels_atlas", "cullface": "down" },
				"north": { "uv": [ 6.375, 13.75, 5.625, 14.5 ], "texture": "#voxels_atlas", "cullface": "down" },
				"south": { "uv": [ 5.625, 13, 6.375, 13.75 ], "texture": "#voxels_atlas", "cullface": "down" },
				"west": { "uv": [ 5.625, 12.25, 6.375, 13 ], "texture": "#voxels_atlas", "cullface": "down" },
				"east": { "uv": [ 6.375, 11.5, 5.625, 12.25 ], "texture": "#voxels_atlas", "cullface": "down" }
			}
		},
		{
			"__comment": "Voxels",
			"from": [ 7, -3.5, 14.5 ],
			"to": [ 9, 4.5, 17.5 ],
			"faces": {
				"down": { "uv": [ 3.875, 2, 4.375, 3.5 ], "texture": "#voxels_atlas", "cullface": "south" },
				"up": { "uv": [ 4.125, 6.75, 4.625, 5.25 ], "texture": "#voxels_atlas", "cullface": "south" },
				"north": { "uv": [ 1.25, 4, 0.75, 8 ], "texture": "#voxels_atlas", "cullface": "south" },
				"south": { "uv": [ 0.75, 0, 1.25, 4 ], "texture": "#voxels_atlas", "cullface": "south" },
				"west": { "uv": [ 0, 12, 0.75, 16 ], "texture": "#voxels_atlas", "cullface": "south" },
				"east": { "uv": [ 0.75, 8, 0, 12 ], "texture": "#voxels_atlas", "cullface": "south" }
			}
		},
		{
			"__comment": "Voxels",
			"from": [ 7, -3.5, 19.5 ],
			"to": [ 9, 4, 22 ],
			"faces": {
				"down": { "uv": [ 5.125, 14.75, 5.625, 16 ], "texture": "#voxels_atlas", "cullface": "south" },
				"up": { "uv": [ 5.125, 12.25, 5.625, 11 ], "texture": "#voxels_atlas", "cullface": "south" },
				"north": { "uv": [ 1.75, 4.75, 1.25, 8.5 ], "texture": "#voxels_atlas", "cullface": "south" },
				"south": { "uv": [ 1.25, 1, 1.75, 4.75 ], "texture": "#voxels_atlas", "cullface": "south" },
				"west": { "uv": [ 0, 4.25, 0.625, 8 ], "texture": "#voxels_atlas", "cullface": "south" },
				"east": { "uv": [ 0.625, 0.5, 0, 4.25 ], "texture": "#voxels_atlas", "cullface": "south" }
			}
		},
		{
			"__comment": "Voxels",
			"from": [ 7, -3.5, 22 ],
			"to": [ 9, 3.5, 22.5 ],
			"faces": {
				"down": { "uv": [ 10.25, 14.5, 10.75, 14.75 ], "texture": "#voxels_atlas", "cullface": "south" },
				"up": { "uv": [ 10.75, 14.75, 11.25, 14.5 ], "texture": "#voxels_atlas", "cullface": "south" },
				"south": { "uv": [ 1.75, 12.5, 2.25, 16 ], "texture": "#voxels_atlas", "cullface": "south" },
				"west": { "uv": [ 0.625, 4.5, 0.75, 8 ], "texture": "#voxels_atlas", "cullface": "south" },
				"east": { "uv": [ 0.75, 0.75, 0.625, 4.25 ], "texture": "#voxels_atlas", "cullface": "south" }
			}
		},
		{
			"__comment": "Voxels",
			"from": [ 7, -3, 12 ],
			"to": [ 9, 1, 14.5 ],
			"faces": {
				"down": { "uv": [ 4.625, 2, 5.125, 3.25 ], "texture": "#voxels_atlas", "cullface": "down" },
				"up": { "uv": [ 4.625, 2, 5.125, 0.75 ], "texture": "#voxels_atlas", "cullface": "down" },
				"north": { "uv": [ 3.75, 10, 3.25, 12 ], "texture": "#voxels_atlas", "cullface": "down" },
				"west": { "uv": [ 3.25, 12, 3.875, 14 ], "texture": "#voxels_atlas", "cullface": "down" },
				"east": { "uv": [ 3.875, 14, 3.25, 16 ], "texture": "#voxels_atlas", "cullface": "down" }
			}
		},
		{
			"__comment": "Voxels",
			"from": [ 7, -3, 17.5 ],
			"to": [ 9, 5, 18.5 ],
			"faces": {
				"down": { "uv": [ 6.75, 7, 7.25, 7.5 ], "texture": "#voxels_atlas", "cullface": "south" },
				"up": { "uv": [ 6.75, 2.5, 7.25, 2 ], "texture": "#voxels_atlas", "cullface": "south" },
				"north": { "uv": [ 1.25, 8, 0.75, 12 ], "texture": "#voxels_atlas", "cullface": "south" },
				"south": { "uv": [ 0.75, 12, 1.25, 16 ], "texture": "#voxels_atlas", "cullface": "south" },
				"west": { "uv": [ 3.25, 0, 3.5, 4 ], "texture": "#voxels_atlas", "cullface": "south" },
				"east": { "uv": [ 3.75, 0, 3.5, 4 ], "texture": "#voxels_atlas", "cullface": "south" }
			}
		},
		{
			"__comment": "Voxels",
			"from": [ 7, -3, 18.5 ],
			"to": [ 9, 4.5, 19.5 ],
			"faces": {
				"down": { "uv": [ 6.75, 1.5, 7.25, 2 ], "texture": "#voxels_atlas", "cullface": "south" },
				"up": { "uv": [ 6.75, 1.5, 7.25, 1 ], "texture": "#voxels_atlas", "cullface": "south" },
				"south": { "uv": [ 1.25, 12.25, 1.75, 16 ], "texture": "#voxels_atlas", "cullface": "south" },
				"west": { "uv": [ 3.875, 6.75, 4.125, 10.5 ], "texture": "#voxels_atlas", "cullface": "south" },
				"east": { "uv": [ 4.375, 6.75, 4.125, 10.5 ], "texture": "#voxels_atlas", "cullface": "south" }
			}
		},
		{
			"__comment": "Voxels",
			"from": [ 7, -3, 22.5 ],
			"to": [ 9, 3.5, 23.5 ],
			"faces": {
				"down": { "uv": [ 6.75, 0.5, 7.25, 1 ], "texture": "#voxels_atlas", "cullface": "south" },
				"up": { "uv": [ 6.75, 0.5, 7.25, 0 ], "texture": "#voxels_atlas", "cullface": "south" },
				"south": { "uv": [ 1.75, 2.5, 2.25, 5.75 ], "texture": "#voxels_atlas", "cullface": "south" },
				"west": { "uv": [ 3.875, 3.5, 4.125, 6.75 ], "texture": "#voxels_atlas", "cullface": "south" },
				"east": { "uv": [ 4.625, 7.25, 4.375, 10.5 ], "texture": "#voxels_atlas", "cullface": "south" }
			}
		},
		{
			"__comment": "Voxels",
			"from": [ 7, -2.5, 9 ],
			"to": [ 9, 0, 12 ],
			"faces": {
				"down": { "uv": [ 4.625, 13, 5.125, 14.5 ], "texture": "#voxels_atlas", "cullface": "down" },
				"up": { "uv": [ 4.625, 16, 5.125, 14.5 ], "texture": "#voxels_atlas", "cullface": "down" },
				"north": { "uv": [ 5.125, 5.75, 4.625, 7 ], "texture": "#voxels_atlas", "cullface": "down" },
				"west": { "uv": [ 3.875, 10.5, 4.625, 11.75 ], "texture": "#voxels_atlas", "cullface": "down" },
				"east": { "uv": [ 4.625, 11.75, 3.875, 13 ], "texture": "#voxels_atlas", "cullface": "down" }
			}
		},
		{
			"__comment": "Voxels",
			"from": [ 7, -2.5, 23.5 ],
			"to": [ 9, 3.5, 24 ],
			"faces": {
				"down": { "uv": [ 11.25, 14.5, 11.75, 14.75 ], "texture": "#voxels_atlas", "cullface": "south" },
				"up": { "uv": [ 12.75, 14.75, 13.25, 14.5 ], "texture": "#voxels_atlas", "cullface": "south" },
				"south": { "uv": [ 2.25, 4, 2.75, 7 ], "texture": "#voxels_atlas", "cullface": "south" },
				"west": { "uv": [ 6.375, 8.25, 6.5, 11.25 ], "texture": "#voxels_atlas", "cullface": "south" },
				"east": { "uv": [ 6.5, 5.25, 6.375, 8.25 ], "texture": "#voxels_atlas", "cullface": "south" }
			}
		},
		{
			"__comment": "Voxels",
			"from": [ 7, -2, -7.5 ],
			"to": [ 9, -0.5, -7 ],
			"faces": {
				"down": { "uv": [ 13.25, 14.5, 13.75, 14.75 ], "texture": "#voxels_atlas" },
				"up": { "uv": [ 9.5, 14.5, 10, 14.25 ], "texture": "#voxels_atlas" },
				"north": { "uv": [ 7.375, 12, 6.875, 12.75 ], "texture": "#voxels_atlas" },
				"south": { "uv": [ 5.75, 4, 6.25, 4.75 ], "texture": "#voxels_atlas" },
				"west": { "uv": [ 8.75, 12.75, 8.875, 13.5 ], "texture": "#voxels_atlas" },
				"east": { "uv": [ 7.5, 11.25, 7.375, 12 ], "texture": "#voxels_atlas" }
			}
		},
		{
			"__comment": "Voxels",
			"from": [ 7, -2, -7 ],
			"to": [ 9, -1.5, -6 ],
			"faces": {
				"down": { "uv": [ 7.75, 15.25, 8.25, 15.75 ], "texture": "#voxels_atlas" },
				"south": { "uv": [ 10, 14.25, 10.5, 14.5 ], "texture": "#voxels_atlas" },
				"west": { "uv": [ 9.125, 10, 9.375, 10.25 ], "texture": "#voxels_atlas" },
				"east": { "uv": [ 9.375, 6.25, 9.125, 6.5 ], "texture": "#voxels_atlas" }
			}
		},
		{
			"__comment": "Voxels",
			"from": [ 7, -2, 6 ],
			"to": [ 9, 0, 7.5 ],
			"faces": {
				"down": { "uv": [ 7, 9.75, 7.5, 10.5 ], "texture": "#voxels_atlas", "cullface": "down" },
				"up": { "uv": [ 6.5, 10.5, 7, 9.75 ], "texture": "#voxels_atlas", "cullface": "down" },
				"north": { "uv": [ 5.625, 4.75, 5.125, 5.75 ], "texture": "#voxels_atlas", "cullface": "down" },
				"south": { "uv": [ 5.125, 3.75, 5.625, 4.75 ], "texture": "#voxels_atlas", "cullface": "down" },
				"west": { "uv": [ 6.5, 8.75, 6.875, 9.75 ], "texture": "#voxels_atlas", "cullface": "down" },
				"east": { "uv": [ 7.25, 8.75, 6.875, 9.75 ], "texture": "#voxels_atlas", "cullface": "down" }
			}
		},
		{
			"__comment": "Voxels",
			"from": [ 7, -2, 7.5 ],
			"to": [ 9, -0.5, 9 ],
			"faces": {
				"down": { "uv": [ 6.75, 7.5, 7.25, 8.25 ], "texture": "#voxels_atlas", "cullface": "down" },
				"up": { "uv": [ 2.75, 0.75, 3.25, 0 ], "texture": "#voxels_atlas", "cullface": "down" },
				"west": { "uv": [ 7.125, 13.5, 7.5, 14.25 ], "texture": "#voxels_atlas", "cullface": "down" },
				"east": { "uv": [ 7.5, 14.25, 7.125, 15 ], "texture": "#voxels_atlas", "cullface": "down" }
			}
		},
		{
			"__comment": "Voxels",
			"from": [ 7, -2, 24 ],
			"to": [ 9, 4, 24.5 ],
			"faces": {
				"down": { "uv": [ 12.5, 14.25, 13, 14.5 ], "texture": "#voxels_atlas", "cullface": "south" },
				"up": { "uv": [ 12.5, 14.25, 13, 14 ], "texture": "#voxels_atlas", "cullface": "south" },
				"north": { "uv": [ 2.75, 13, 2.25, 16 ], "texture": "#voxels_atlas", "cullface": "south" },
				"south": { "uv": [ 2.25, 10, 2.75, 13 ], "texture": "#voxels_atlas", "cullface": "south" },
				"west": { "uv": [ 3.75, 1, 3.875, 4 ], "texture": "#voxels_atlas", "cullface": "south" },
				"east": { "uv": [ 5.75, 1.75, 5.625, 4.75 ], "texture": "#voxels_atlas", "cullface": "south" }
			}
		},
		{
			"__comment": "Voxels",
			"from": [ 7, -1.5, -6 ],
			"to": [ 9, -0.5, -5.5 ],
			"faces": {
				"down": { "uv": [ 13.5, 14.25, 14, 14.5 ], "texture": "#voxels_atlas" },
				"up": { "uv": [ 13.5, 14.25, 14, 14 ], "texture": "#voxels_atlas" },
				"south": { "uv": [ 7.75, 11.25, 8.25, 11.75 ], "texture": "#voxels_atlas" },
				"west": { "uv": [ 9, 4.25, 9.125, 4.75 ], "texture": "#voxels_atlas" },
				"east": { "uv": [ 9.125, 3.75, 9, 4.25 ], "texture": "#voxels_atlas" }
			}
		},
		{
			"__comment": "Voxels",
			"from": [ 7, -1.5, 1 ],
			"to": [ 9, -1, 3.5 ],
			"faces": {
				"down": { "uv": [ 4.625, 4.5, 5.125, 5.75 ], "texture": "#voxels_atlas", "cullface": "down" },
				"north": { "uv": [ 4.625, 3.5, 4.125, 3.75 ], "texture": "#voxels_atlas", "cullface": "down" },
				"south": { "uv": [ 5.875, 0, 6.375, 0.25 ], "texture": "#voxels_atlas", "cullface": "down" },
				"west": { "uv": [ 12.5, 15.5, 13.125, 15.75 ], "texture": "#voxels_atlas", "cullface": "down" },
				"east": { "uv": [ 13.75, 15.5, 13.125, 15.75 ], "texture": "#voxels_atlas", "cullface": "down" }
			}
		},
		{
			"__comment": "Voxels",
			"from": [ 7, -1.5, 4.5 ],
			"to": [ 9, 0.5, 5.5 ],
			"faces": {
				"down": { "uv": [ 7.75, 8.25, 8.25, 8.75 ], "texture": "#voxels_atlas", "cullface": "down" },
				"up": { "uv": [ 7.75, 8.25, 8.25, 7.75 ], "texture": "#voxels_atlas", "cullface": "down" },
				"north": { "uv": [ 5.625, 2.75, 5.125, 3.75 ], "texture": "#voxels_atlas", "cullface": "down" },
				"south": { "uv": [ 5.125, 5.75, 5.625, 6.75 ], "texture": "#voxels_atlas", "cullface": "down" },
				"west": { "uv": [ 7.5, 5.75, 7.75, 6.75 ], "texture": "#voxels_atlas", "cullface": "down" },
				"east": { "uv": [ 7.75, 4.75, 7.5, 5.75 ], "texture": "#voxels_atlas", "cullface": "down" }
			}
		},
		{
			"__comment": "Voxels",
			"from": [ 7, -1.5, 5.5 ],
			"to": [ 9, 0, 6 ],
			"faces": {
				"down": { "uv": [ 6.75, 6.75, 7.25, 7 ], "texture": "#voxels_atlas", "cullface": "down" },
				"up": { "uv": [ 15, 15.75, 15.5, 15.5 ], "texture": "#voxels_atlas", "cullface": "down" },
				"west": { "uv": [ 7.375, 12, 7.5, 12.75 ], "texture": "#voxels_atlas", "cullface": "down" },
				"east": { "uv": [ 7.5, 12.75, 7.375, 13.5 ], "texture": "#voxels_atlas", "cullface": "down" }
			}
		},
		{
			"__comment": "Voxels",
			"from": [ 7, -1.5, 24.5 ],
			"to": [ 9, 4, 25 ],
			"faces": {
				"down": { "uv": [ 15.5, 15.5, 16, 15.75 ], "texture": "#voxels_atlas", "cullface": "south" },
				"up": { "uv": [ 8.5, 15.5, 9, 15.25 ], "texture": "#voxels_atlas", "cullface": "south" },
				"south": { "uv": [ 2.75, 13.25, 3.25, 16 ], "texture": "#voxels_atlas", "cullface": "south" },
				"west": { "uv": [ 6.375, 2.5, 6.5, 5.25 ], "texture": "#voxels_atlas", "cullface": "south" },
				"east": { "uv": [ 6.625, 2.5, 6.5, 5.25 ], "texture": "#voxels_atlas", "cullface": "south" }
			}
		},
		{
			"__comment": "Voxels",
			"from": [ 7, -1, 0 ],
			"to": [ 9, 0.5, 1 ],
			"faces": {
				"down": { "uv": [ 7.75, 5.25, 8.25, 5.75 ], "texture": "#voxels_atlas", "cullface": "down" },
				"up": { "uv": [ 6.875, 8.75, 7.375, 8.25 ], "texture": "#voxels_atlas", "cullface": "down" },
				"north": { "uv": [ 6.875, 11.25, 6.375, 12 ], "texture": "#voxels_atlas", "cullface": "down" },
				"west": { "uv": [ 8, 1.5, 8.25, 2.25 ], "texture": "#voxels_atlas", "cullface": "down" },
				"east": { "uv": [ 8, 0.75, 7.75, 1.5 ], "texture": "#voxels_atlas", "cullface": "down" }
			}
		},
		{
			"__comment": "Voxels",
			"from": [ 7, -1, 4 ],
			"to": [ 9, 0.5, 4.5 ],
			"faces": {
				"down": { "uv": [ 9, 15.25, 9.5, 15.5 ], "texture": "#voxels_atlas", "cullface": "down" },
				"up": { "uv": [ 9.5, 15.5, 10, 15.25 ], "texture": "#voxels_atlas", "cullface": "down" },
				"west": { "uv": [ 8.75, 9, 8.875, 9.75 ], "texture": "#voxels_atlas", "cullface": "down" },
				"east": { "uv": [ 8.875, 10.5, 8.75, 11.25 ], "texture": "#voxels_atlas", "cullface": "down" }
			}
		},
		{
			"__comment": "Voxels",
			"from": [ 7, -1, 25 ],
			"to": [ 9, 4.5, 25.5 ],
			"faces": {
				"down": { "uv": [ 10, 15.25, 10.5, 15.5 ], "texture": "#voxels_atlas", "cullface": "south" },
				"up": { "uv": [ 10.5, 15.5, 11, 15.25 ], "texture": "#voxels_atlas", "cullface": "south" },
				"north": { "uv": [ 3.25, 7.75, 2.75, 10.5 ], "texture": "#voxels_atlas", "cullface": "south" },
				"south": { "uv": [ 2.25, 1.25, 2.75, 4 ], "texture": "#voxels_atlas", "cullface": "south" },
				"west": { "uv": [ 6.625, 2.5, 6.75, 5.25 ], "texture": "#voxels_atlas", "cullface": "south" },
				"east": { "uv": [ 6.875, 2.5, 6.75, 5.25 ], "texture": "#voxels_atlas", "cullface": "south" }
			}
		},
		{
			"__comment": "Voxels",
			"from": [ 7, -0.5, 8.5 ],
			"to": [ 9, 0, 9 ],
			"faces": {
				"up": { "uv": [ 11.5, 15.5, 12, 15.25 ], "texture": "#voxels_atlas", "cullface": "down" },
				"north": { "uv": [ 12.5, 15.25, 12, 15.5 ], "texture": "#voxels_atlas", "cullface": "down" },
				"west": { "uv": [ 0.625, 4.25, 0.75, 4.5 ], "texture": "#voxels_atlas", "cullface": "down" },
				"east": { "uv": [ 9.5, 4.75, 9.375, 5 ], "texture": "#voxels_atlas", "cullface": "down" }
			}
		},
		{
			"__comment": "Voxels",
			"from": [ 7, -0.5, 25.5 ],
			"to": [ 9, 4.5, 26 ],
			"faces": {
				"down": { "uv": [ 15.25, 14.5, 15.75, 14.75 ], "texture": "#voxels_atlas", "cullface": "south" },
				"up": { "uv": [ 8.75, 14.75, 9.25, 14.5 ], "texture": "#voxels_atlas", "cullface": "south" },
				"south": { "uv": [ 2.75, 5.25, 3.25, 7.75 ], "texture": "#voxels_atlas", "cullface": "south" },
				"west": { "uv": [ 6.375, 0, 6.5, 2.5 ], "texture": "#voxels_atlas", "cullface": "south" },
				"east": { "uv": [ 7, 2.75, 6.875, 5.25 ], "texture": "#voxels_atlas", "cullface": "south" }
			}
		},
		{
			"__comment": "Voxels",
			"from": [ 7, 0, -7 ],
			"to": [ 9, 0.5, -6 ],
			"faces": {
				"up": { "uv": [ 7.75, 14.25, 8.25, 13.75 ], "texture": "#voxels_atlas", "cullface": "north" },
				"north": { "uv": [ 16, 14.75, 15.5, 15 ], "texture": "#voxels_atlas", "cullface": "north" },
				"south": { "uv": [ 14.5, 14.75, 15, 15 ], "texture": "#voxels_atlas", "cullface": "north" },
				"west": { "uv": [ 9.125, 4, 9.375, 4.25 ], "texture": "#voxels_atlas", "cullface": "north" },
				"east": { "uv": [ 9.375, 0, 9.125, 0.25 ], "texture": "#voxels_atlas", "cullface": "north" }
			}
		},
		{
			"__comment": "Voxels",
			"from": [ 7, 0, 10 ],
			"to": [ 9, 0.5, 12 ],
			"faces": {
				"up": { "uv": [ 5.125, 1.75, 5.625, 0.75 ], "texture": "#voxels_atlas" },
				"north": { "uv": [ 14.5, 14.75, 14, 15 ], "texture": "#voxels_atlas" },
				"west": { "uv": [ 13, 14.75, 13.5, 15 ], "texture": "#voxels_atlas" },
				"east": { "uv": [ 13, 14.75, 12.5, 15 ], "texture": "#voxels_atlas" }
			}
		},
		{
			"__comment": "Voxels",
			"from": [ 7, 0, 26 ],
			"to": [ 9, 4.5, 26.5 ],
			"faces": {
				"down": { "uv": [ 12, 14.75, 12.5, 15 ], "texture": "#voxels_atlas", "cullface": "south" },
				"up": { "uv": [ 11.5, 15, 12, 14.75 ], "texture": "#voxels_atlas", "cullface": "south" },
				"south": { "uv": [ 2.75, 3, 3.25, 5.25 ], "texture": "#voxels_atlas", "cullface": "south" },
				"west": { "uv": [ 6.5, 0.25, 6.625, 2.5 ], "texture": "#voxels_atlas", "cullface": "south" },
				"east": { "uv": [ 6.75, 0.25, 6.625, 2.5 ], "texture": "#voxels_atlas", "cullface": "south" }
			}
		},
		{
			"__comment": "Voxels",
			"from": [ 7, 0.5, 1 ],
			"to": [ 9, 1, 4 ],
			"faces": {
				"up": { "uv": [ 4.625, 10, 5.125, 8.5 ], "texture": "#voxels_atlas" },
				"north": { "uv": [ 10.5, 14.75, 10, 15 ], "texture": "#voxels_atlas" },
				"south": { "uv": [ 9.5, 14.75, 10, 15 ], "texture": "#voxels_atlas" },
				"west": { "uv": [ 13.5, 15.75, 14.25, 16 ], "texture": "#voxels_atlas" },
				"east": { "uv": [ 13.5, 15.75, 12.75, 16 ], "texture": "#voxels_atlas" }
			}
		},
		{
			"__comment": "Voxels",
			"from": [ 7, 0.5, 11.5 ],
			"to": [ 9, 1, 12 ],
			"faces": {
				"up": { "uv": [ 15, 15.25, 15.5, 15 ], "texture": "#voxels_atlas" },
				"north": { "uv": [ 13.5, 15, 13, 15.25 ], "texture": "#voxels_atlas" },
				"west": { "uv": [ 8.875, 9, 9, 9.25 ], "texture": "#voxels_atlas" },
				"east": { "uv": [ 9.5, 4.5, 9.375, 4.75 ], "texture": "#voxels_atlas" }
			}
		},
		{
			"__comment": "Voxels",
			"from": [ 7, 1, 13 ],
			"to": [ 9, 1.5, 14.5 ],
			"faces": {
				"up": { "uv": [ 6.875, 13.5, 7.375, 12.75 ], "texture": "#voxels_atlas" },
				"north": { "uv": [ 9, 15, 8.5, 15.25 ], "texture": "#voxels_atlas" },
				"west": { "uv": [ 9, 13.75, 9.375, 14 ], "texture": "#voxels_atlas" },
				"east": { "uv": [ 11.25, 13.75, 10.875, 14 ], "texture": "#voxels_atlas" }
			}
		},
		{
			"__comment": "Voxels",
			"from": [ 7, 1, 26.5 ],
			"to": [ 9, 5, 27.5 ],
			"faces": {
				"down": { "uv": [ 7.75, 13.25, 8.25, 13.75 ], "texture": "#voxels_atlas", "cullface": "south" },
				"up": { "uv": [ 7.75, 13.25, 8.25, 12.75 ], "texture": "#voxels_atlas", "cullface": "south" },
				"north": { "uv": [ 3.75, 6, 3.25, 8 ], "texture": "#voxels_atlas", "cullface": "south" },
				"south": { "uv": [ 3.25, 4, 3.75, 6 ], "texture": "#voxels_atlas", "cullface": "south" },
				"west": { "uv": [ 5.125, 6.75, 5.375, 8.75 ], "texture": "#voxels_atlas", "cullface": "south" },
				"east": { "uv": [ 5.875, 7.5, 5.625, 9.5 ], "texture": "#voxels_atlas", "cullface": "south" }
			}
		},
		{
			"__comment": "Voxels",
			"from": [ 7, 1.5, 13.5 ],
			"to": [ 9, 2, 14.5 ],
			"faces": {
				"up": { "uv": [ 7.75, 11.25, 8.25, 10.75 ], "texture": "#voxels_atlas" },
				"north": { "uv": [ 13.5, 15.25, 13, 15.5 ], "texture": "#voxels_atlas" },
				"west": { "uv": [ 9.375, 13, 9.625, 13.25 ], "texture": "#voxels_atlas" },
				"east": { "uv": [ 11.375, 13, 11.125, 13.25 ], "texture": "#voxels_atlas" }
			}
		},
		{
			"__comment": "Voxels",
			"from": [ 7, 2, 14 ],
			"to": [ 9, 3, 14.5 ],
			"faces": {
				"up": { "uv": [ 15, 15, 15.5, 14.75 ], "texture": "#voxels_atlas" },
				"north": { "uv": [ 8.25, 10.25, 7.75, 10.75 ], "texture": "#voxels_atlas" },
				"west": { "uv": [ 9, 1.25, 9.125, 1.75 ], "texture": "#voxels_atlas" },
				"east": { "uv": [ 9.125, 0.75, 9, 1.25 ], "texture": "#voxels_atlas" }
			}
		},
		{
			"__comment": "Voxels",
			"from": [ 7, 2, 27.5 ],
			"to": [ 9, 5, 28 ],
			"faces": {
				"down": { "uv": [ 14.5, 15, 15, 15.25 ], "texture": "#voxels_atlas", "cullface": "south" },
				"up": { "uv": [ 11, 15.25, 11.5, 15 ], "texture": "#voxels_atlas", "cullface": "south" },
				"south": { "uv": [ 3.875, 0.5, 4.375, 2 ], "texture": "#voxels_atlas", "cullface": "south" },
				"west": { "uv": [ 3.75, 10.5, 3.875, 12 ], "texture": "#voxels_atlas", "cullface": "south" },
				"east": { "uv": [ 3.875, 8.5, 3.75, 10 ], "texture": "#voxels_atlas", "cullface": "south" }
			}
		},
		{
			"__comment": "Voxels",
			"from": [ 7, 2.5, 28 ],
			"to": [ 9, 5.5, 28.5 ],
			"faces": {
				"down": { "uv": [ 10, 15, 10.5, 15.25 ], "texture": "#voxels_atlas", "cullface": "south" },
				"up": { "uv": [ 10.5, 15.25, 11, 15 ], "texture": "#voxels_atlas", "cullface": "south" },
				"north": { "uv": [ 5.125, 10, 4.625, 11.5 ], "texture": "#voxels_atlas", "cullface": "south" },
				"south": { "uv": [ 4.625, 11.5, 5.125, 13 ], "texture": "#voxels_atlas", "cullface": "south" },
				"west": { "uv": [ 3.75, 6.5, 3.875, 8 ], "texture": "#voxels_atlas", "cullface": "south" },
				"east": { "uv": [ 3.875, 4.5, 3.75, 6 ], "texture": "#voxels_atlas", "cullface": "south" }
			}
		},
		{
			"__comment": "Voxels",
			"from": [ 7, 3.5, 28.5 ],
			"to": [ 9, 5.5, 29 ],
			"faces": {
				"down": { "uv": [ 8.5, 14.75, 9, 15 ], "texture": "#voxels_atlas", "cullface": "south" },
				"up": { "uv": [ 9, 15, 9.5, 14.75 ], "texture": "#voxels_atlas", "cullface": "south" },
				"south": { "uv": [ 5.875, 8.5, 6.375, 9.5 ], "texture": "#voxels_atlas", "cullface": "south" },
				"west": { "uv": [ 8.25, 2.5, 8.375, 3.5 ], "texture": "#voxels_atlas", "cullface": "south" },
				"east": { "uv": [ 8.75, 11.25, 8.625, 12.25 ], "texture": "#voxels_atlas", "cullface": "south" }
			}
		},
		{
			"__comment": "Voxels",
			"from": [ 7, 4, 29 ],
			"to": [ 9, 6, 29.5 ],
			"faces": {
				"down": { "uv": [ 11.75, 14.5, 12.25, 14.75 ], "texture": "#voxels_atlas", "cullface": "south" },
				"up": { "uv": [ 12.25, 14.75, 12.75, 14.5 ], "texture": "#voxels_atlas", "cullface": "south" },
				"north": { "uv": [ 6.375, 7.5, 5.875, 8.5 ], "texture": "#voxels_atlas", "cullface": "south" },
				"south": { "uv": [ 5.625, 6.5, 6.125, 7.5 ], "texture": "#voxels_atlas", "cullface": "south" },
				"west": { "uv": [ 3.75, 0, 3.875, 1 ], "texture": "#voxels_atlas", "cullface": "south" },
				"east": { "uv": [ 8.5, 9.25, 8.375, 10.25 ], "texture": "#voxels_atlas", "cullface": "south" }
			}
		},
		{
			"__comment": "Voxels",
			"from": [ 7, 4.5, 15 ],
			"to": [ 9, 7, 16 ],
			"faces": {
				"up": { "uv": [ 7.75, 7.75, 8.25, 7.25 ], "texture": "#voxels_atlas" },
				"north": { "uv": [ 5.625, 12.25, 5.125, 13.5 ], "texture": "#voxels_atlas" },
				"south": { "uv": [ 5.125, 13.5, 5.625, 14.75 ], "texture": "#voxels_atlas", "cullface": "south" },
				"west": { "uv": [ 7, 4, 7.25, 5.25 ], "texture": "#voxels_atlas" },
				"east": { "uv": [ 7.5, 4, 7.25, 5.25 ], "texture": "#voxels_atlas" }
			}
		},
		{
			"__comment": "Voxels",
			"from": [ 7, 4.5, 16 ],
			"to": [ 9, 6.5, 16.5 ],
			"faces": {
				"up": { "uv": [ 14, 15.5, 14.5, 15.25 ], "texture": "#voxels_atlas", "cullface": "south" },
				"south": { "uv": [ 5.875, 9.5, 6.375, 10.5 ], "texture": "#voxels_atlas", "cullface": "south" },
				"west": { "uv": [ 8.25, 8, 8.375, 9 ], "texture": "#voxels_atlas", "cullface": "south" },
				"east": { "uv": [ 8.5, 8, 8.375, 9 ], "texture": "#voxels_atlas", "cullface": "south" }
			}
		},
		{
			"__comment": "Voxels",
			"from": [ 7, 4.5, 16.5 ],
			"to": [ 9, 6, 17 ],
			"faces": {
				"up": { "uv": [ 15.5, 15.5, 16, 15.25 ], "texture": "#voxels_atlas", "cullface": "south" },
				"south": { "uv": [ 5.875, 0.25, 6.375, 1 ], "texture": "#voxels_atlas", "cullface": "south" },
				"west": { "uv": [ 8.875, 12, 9, 12.75 ], "texture": "#voxels_atlas", "cullface": "south" },
				"east": { "uv": [ 8.875, 12, 8.75, 12.75 ], "texture": "#voxels_atlas", "cullface": "south" }
			}
		},
		{
			"__comment": "Voxels",
			"from": [ 7, 4.5, 17 ],
			"to": [ 9, 5.5, 17.5 ],
			"faces": {
				"up": { "uv": [ 9.5, 15.25, 10, 15 ], "texture": "#voxels_atlas", "cullface": "south" },
				"south": { "uv": [ 7.75, 6.25, 8.25, 6.75 ], "texture": "#voxels_atlas", "cullface": "south" },
				"west": { "uv": [ 9, 0.25, 9.125, 0.75 ], "texture": "#voxels_atlas", "cullface": "south" },
				"east": { "uv": [ 9.5, 12.5, 9.375, 13 ], "texture": "#voxels_atlas", "cullface": "south" }
			}
		},
		{
			"__comment": "Voxels",
			"from": [ 7, 5, 29.5 ],
			"to": [ 9, 6.5, 30 ],
			"faces": {
				"down": { "uv": [ 11.5, 15, 12, 15.25 ], "texture": "#voxels_atlas", "cullface": "south" },
				"up": { "uv": [ 12, 15.25, 12.5, 15 ], "texture": "#voxels_atlas", "cullface": "south" },
				"north": { "uv": [ 6.375, 1, 5.875, 1.75 ], "texture": "#voxels_atlas", "cullface": "south" },
				"south": { "uv": [ 5.75, 1.75, 6.25, 2.5 ], "texture": "#voxels_atlas", "cullface": "south" },
				"west": { "uv": [ 8.875, 12.75, 9, 13.5 ], "texture": "#voxels_atlas", "cullface": "south" },
				"east": { "uv": [ 6.375, 1.75, 6.25, 2.5 ], "texture": "#voxels_atlas", "cullface": "south" }
			}
		},
		{
			"__comment": "Voxels",
			"from": [ 7, 5.5, 30 ],
			"to": [ 9, 6.5, 30.5 ],
			"faces": {
				"down": { "uv": [ 13.5, 15, 14, 15.25 ], "texture": "#voxels_atlas", "cullface": "south" },
				"up": { "uv": [ 14, 15.25, 14.5, 15 ], "texture": "#voxels_atlas", "cullface": "south" },
				"south": { "uv": [ 7.75, 5.75, 8.25, 6.25 ], "texture": "#voxels_atlas", "cullface": "south" },
				"west": { "uv": [ 9.375, 12, 9.5, 12.5 ], "texture": "#voxels_atlas", "cullface": "south" },
				"east": { "uv": [ 9.5, 11.5, 9.375, 12 ], "texture": "#voxels_atlas", "cullface": "south" }
			}
		},
		{
			"__comment": "Voxels",
			"from": [ 7.5, -4, -5 ],
			"to": [ 8.5, -3, -4.5 ],
			"faces": {
				"down": { "uv": [ 12.875, 13, 13.125, 13.25 ], "texture": "#voxels_atlas" },
				"up": { "uv": [ 10.75, 12.75, 11, 12.5 ], "texture": "#voxels_atlas" },
				"north": { "uv": [ 7.5, 2, 7.25, 2.5 ], "texture": "#voxels_atlas" },
				"south": { "uv": [ 7.25, 1.5, 7.5, 2 ], "texture": "#voxels_atlas" },
				"west": { "uv": [ 9.375, 10, 9.5, 10.5 ], "texture": "#voxels_atlas" },
				"east": { "uv": [ 9.125, 9.75, 9, 10.25 ], "texture": "#voxels_atlas" }
			}
		},
		{
			"__comment": "Voxels",
			"from": [ 7.5, -4, -4.5 ],
			"to": [ 8.5, -3.5, -0.5 ],
			"faces": {
				"down": { "uv": [ 5.375, 6.75, 5.625, 8.75 ], "texture": "#voxels_atlas" },
				"up": { "uv": [ 5.625, 11.5, 5.875, 9.5 ], "texture": "#voxels_atlas" },
				"south": { "uv": [ 5.625, 0, 5.875, 0.25 ], "texture": "#voxels_atlas" },
				"west": { "uv": [ 8.5, 15.75, 9.5, 16 ], "texture": "#voxels_atlas" },
				"east": { "uv": [ 8.5, 15.75, 7.5, 16 ], "texture": "#voxels_atlas" }
			}
		},
		{
			"__comment": "Voxels",
			"from": [ 7.5, -4, 2.5 ],
			"to": [ 8.5, -3, 3 ],
			"faces": {
				"down": { "uv": [ 6.5, 5.25, 6.75, 5.5 ], "texture": "#voxels_atlas", "cullface": "down" },
				"up": { "uv": [ 6.75, 5.5, 7, 5.25 ], "texture": "#voxels_atlas", "cullface": "down" },
				"north": { "uv": [ 7.5, 0, 7.25, 0.5 ], "texture": "#voxels_atlas", "cullface": "down" },
				"south": { "uv": [ 8.25, 6.5, 8.5, 7 ], "texture": "#voxels_atlas", "cullface": "down" },
				"west": { "uv": [ 3.75, 6, 3.875, 6.5 ], "texture": "#voxels_atlas", "cullface": "down" },
				"east": { "uv": [ 3.875, 4, 3.75, 4.5 ], "texture": "#voxels_atlas", "cullface": "down" }
			}
		},
		{
			"__comment": "Voxels",
			"from": [ 7.5, -4, 14.5 ],
			"to": [ 8.5, -3.5, 17.5 ],
			"faces": {
				"down": { "uv": [ 5.625, 0.25, 5.875, 1.75 ], "texture": "#voxels_atlas", "cullface": "down" },
				"north": { "uv": [ 16, 14.5, 15.75, 14.75 ], "texture": "#voxels_atlas", "cullface": "down" },
				"south": { "uv": [ 8.75, 8.75, 9, 9 ], "texture": "#voxels_atlas", "cullface": "down" },
				"west": { "uv": [ 15, 15.75, 15.75, 16 ], "texture": "#voxels_atlas", "cullface": "down" },
				"east": { "uv": [ 9.75, 15.5, 9, 15.75 ], "texture": "#voxels_atlas", "cullface": "down" }
			}
		},
		{
			"__comment": "Voxels",
			"from": [ 7.5, -4, 19.5 ],
			"to": [ 8.5, -3.5, 22.5 ],
			"faces": {
				"down": { "uv": [ 4.375, 2, 4.625, 3.5 ], "texture": "#voxels_atlas" },
				"up": { "uv": [ 6.5, 8.25, 6.75, 6.75 ], "texture": "#voxels_atlas" },
				"north": { "uv": [ 9, 8.5, 8.75, 8.75 ], "texture": "#voxels_atlas" },
				"south": { "uv": [ 8.75, 8.25, 9, 8.5 ], "texture": "#voxels_atlas" },
				"west": { "uv": [ 14.25, 15.75, 15, 16 ], "texture": "#voxels_atlas" },
				"east": { "uv": [ 10.5, 15.5, 9.75, 15.75 ], "texture": "#voxels_atlas" }
			}
		},
		{
			"__comment": "Voxels",
			"from": [ 7.5, -3.5, -5.5 ],
			"to": [ 8.5, -2.5, -5 ],
			"faces": {
				"down": { "uv": [ 8.75, 7, 9, 7.25 ], "texture": "#voxels_atlas" },
				"up": { "uv": [ 8.75, 7, 9, 6.75 ], "texture": "#voxels_atlas" },
				"north": { "uv": [ 8.5, 4.5, 8.25, 5 ], "texture": "#voxels_atlas" },
				"south": { "uv": [ 8.25, 4, 8.5, 4.5 ], "texture": "#voxels_atlas" },
				"west": { "uv": [ 6.75, 8.25, 6.875, 8.75 ], "texture": "#voxels_atlas" },
				"east": { "uv": [ 7.5, 8.25, 7.375, 8.75 ], "texture": "#voxels_atlas" }
			}
		},
		{
			"__comment": "Voxels",
			"from": [ 7.5, -3.5, -1 ],
			"to": [ 8.5, -3, 0 ],
			"faces": {
				"down": { "uv": [ 11.75, 14, 12, 14.5 ], "texture": "#voxels_atlas" },
				"up": { "uv": [ 14.5, 14.5, 14.75, 14 ], "texture": "#voxels_atlas" },
				"north": { "uv": [ 9, 4, 8.75, 4.25 ], "texture": "#voxels_atlas" },
				"south": { "uv": [ 8.75, 3.75, 9, 4 ], "texture": "#voxels_atlas" },
				"west": { "uv": [ 8.75, 3.5, 9, 3.75 ], "texture": "#voxels_atlas" },
				"east": { "uv": [ 9, 3.25, 8.75, 3.5 ], "texture": "#voxels_atlas" }
			}
		},
		{
			"__comment": "Voxels",
			"from": [ 7.5, -3.5, 3 ],
			"to": [ 8.5, -1.5, 3.5 ],
			"faces": {
				"down": { "uv": [ 8.75, 2.5, 9, 2.75 ], "texture": "#voxels_atlas", "cullface": "down" },
				"north": { "uv": [ 7.75, 6.75, 7.5, 7.75 ], "texture": "#voxels_atlas", "cullface": "down" },
				"south": { "uv": [ 7.5, 3.75, 7.75, 4.75 ], "texture": "#voxels_atlas", "cullface": "down" },
				"west": { "uv": [ 8.25, 7, 8.375, 8 ], "texture": "#voxels_atlas", "cullface": "down" },
				"east": { "uv": [ 8.5, 7, 8.375, 8 ], "texture": "#voxels_atlas", "cullface": "down" }
			}
		},
		{
			"__comment": "Voxels",
			"from": [ 7.5, -3.5, 12 ],
			"to": [ 8.5, -3, 14.5 ],
			"faces": {
				"down": { "uv": [ 7.25, 5.5, 7.5, 6.75 ], "texture": "#voxels_atlas", "cullface": "down" },
				"north": { "uv": [ 9, 2, 8.75, 2.25 ], "texture": "#voxels_atlas", "cullface": "down" },
				"west": { "uv": [ 11.25, 15.5, 11.875, 15.75 ], "texture": "#voxels_atlas", "cullface": "down" },
				"east": { "uv": [ 12.5, 15.5, 11.875, 15.75 ], "texture": "#voxels_atlas", "cullface": "down" }
			}
		},
		{
			"__comment": "Voxels",
			"from": [ 7.5, -3.5, 17.5 ],
			"to": [ 8.5, -3, 19.5 ],
			"faces": {
				"down": { "uv": [ 6.125, 6.5, 6.375, 7.5 ], "texture": "#voxels_atlas" },
				"up": { "uv": [ 7.25, 9.75, 7.5, 8.75 ], "texture": "#voxels_atlas" },
				"west": { "uv": [ 10.5, 14.75, 11, 15 ], "texture": "#voxels_atlas" },
				"east": { "uv": [ 11.5, 14.75, 11, 15 ], "texture": "#voxels_atlas" }
			}
		},
		{
			"__comment": "Voxels",
			"from": [ 7.5, -3.5, 22.5 ],
			"to": [ 8.5, -3, 23.5 ],
			"faces": {
				"down": { "uv": [ 8.25, 6, 8.5, 6.5 ], "texture": "#voxels_atlas" },
				"south": { "uv": [ 15, 13.75, 15.25, 14 ], "texture": "#voxels_atlas" },
				"west": { "uv": [ 15.75, 13.75, 16, 14 ], "texture": "#voxels_atlas" },
				"east": { "uv": [ 9.375, 13.5, 9.125, 13.75 ], "texture": "#voxels_atlas" }
			}
		},
		{
			"__comment": "Voxels",
			"from": [ 7.5, -3, -6 ],
			"to": [ 8.5, -1.5, -5.5 ],
			"faces": {
				"down": { "uv": [ 9.375, 13.5, 9.625, 13.75 ], "texture": "#voxels_atlas" },
				"north": { "uv": [ 8.25, 0.75, 8, 1.5 ], "texture": "#voxels_atlas" },
				"south": { "uv": [ 7.75, 4.5, 8, 5.25 ], "texture": "#voxels_atlas" },
				"west": { "uv": [ 8.875, 10.5, 9, 11.25 ], "texture": "#voxels_atlas" },
				"east": { "uv": [ 6.375, 4, 6.25, 4.75 ], "texture": "#voxels_atlas" }
			}
		},
		{
			"__comment": "Voxels",
			"from": [ 7.5, -3, -0.5 ],
			"to": [ 8.5, -2.5, 0.5 ],
			"faces": {
				"down": { "uv": [ 6.5, 8.25, 6.75, 8.75 ], "texture": "#voxels_atlas", "cullface": "down" },
				"up": { "uv": [ 7.25, 1.5, 7.5, 1 ], "texture": "#voxels_atlas", "cullface": "down" },
				"north": { "uv": [ 10.625, 13.5, 10.375, 13.75 ], "texture": "#voxels_atlas", "cullface": "down" },
				"south": { "uv": [ 10.625, 13.5, 10.875, 13.75 ], "texture": "#voxels_atlas", "cullface": "down" },
				"west": { "uv": [ 10.875, 13.5, 11.125, 13.75 ], "texture": "#voxels_atlas", "cullface": "down" },
				"east": { "uv": [ 11.375, 13.5, 11.125, 13.75 ], "texture": "#voxels_atlas", "cullface": "down" }
			}
		},
		{
			"__comment": "Voxels",
			"from": [ 7.5, -3, 9 ],
			"to": [ 8.5, -2.5, 12 ],
			"faces": {
				"down": { "uv": [ 4.375, 0.5, 4.625, 2 ], "texture": "#voxels_atlas", "cullface": "down" },
				"north": { "uv": [ 12.125, 13.5, 11.875, 13.75 ], "texture": "#voxels_atlas", "cullface": "down" },
				"west": { "uv": [ 11.25, 15.75, 12, 16 ], "texture": "#voxels_atlas", "cullface": "down" },
				"east": { "uv": [ 12.75, 15.75, 12, 16 ], "texture": "#voxels_atlas", "cullface": "down" }
			}
		},
		{
			"__comment": "Voxels",
			"from": [ 7.5, -3, 23.5 ],
			"to": [ 8.5, -2.5, 24 ],
			"faces": {
				"down": { "uv": [ 13.875, 13.5, 14.125, 13.75 ], "texture": "#voxels_atlas" },
				"south": { "uv": [ 15.125, 13.5, 15.375, 13.75 ], "texture": "#voxels_atlas" },
				"west": { "uv": [ 8.375, 9, 8.5, 9.25 ], "texture": "#voxels_atlas" },
				"east": { "uv": [ 0.75, 0.5, 0.625, 0.75 ], "texture": "#voxels_atlas" }
			}
		},
		{
			"__comment": "Voxels",
			"from": [ 7.5, -2.5, -7 ],
			"to": [ 8.5, -2, -6 ],
			"faces": {
				"down": { "uv": [ 14.75, 14, 15, 14.5 ], "texture": "#voxels_atlas" },
				"north": { "uv": [ 15.625, 13.5, 15.375, 13.75 ], "texture": "#voxels_atlas" },
				"west": { "uv": [ 10.125, 13.25, 10.375, 13.5 ], "texture": "#voxels_atlas" },
				"east": { "uv": [ 10.625, 13.25, 10.375, 13.5 ], "texture": "#voxels_atlas" }
			}
		},
		{
			"__comment": "Voxels",
			"from": [ 7.5, -2.5, 0 ],
			"to": [ 8.5, -2, 1 ],
			"faces": {
				"down": { "uv": [ 7.25, 0.5, 7.5, 1 ], "texture": "#voxels_atlas", "cullface": "down" },
				"up": { "uv": [ 8.25, 5.5, 8.5, 5 ], "texture": "#voxels_atlas", "cullface": "down" },
				"north": { "uv": [ 11.125, 13.25, 10.875, 13.5 ], "texture": "#voxels_atlas", "cullface": "down" },
				"south": { "uv": [ 11.125, 13.25, 11.375, 13.5 ], "texture": "#voxels_atlas", "cullface": "down" },
				"west": { "uv": [ 11.875, 13.25, 12.125, 13.5 ], "texture": "#voxels_atlas", "cullface": "down" },
				"east": { "uv": [ 12.375, 13.25, 12.125, 13.5 ], "texture": "#voxels_atlas", "cullface": "down" }
			}
		},
		{
			"__comment": "Voxels",
			"from": [ 7.5, -2.5, 6 ],
			"to": [ 8.5, -2, 9 ],
			"faces": {
				"down": { "uv": [ 5.75, 2.5, 6, 4 ], "texture": "#voxels_atlas", "cullface": "down" },
				"up": { "uv": [ 6.375, 15, 6.625, 13.5 ], "texture": "#voxels_atlas", "cullface": "down" },
				"north": { "uv": [ 12.625, 13.25, 12.375, 13.5 ], "texture": "#voxels_atlas", "cullface": "down" },
				"west": { "uv": [ 8.25, 15.5, 9, 15.75 ], "texture": "#voxels_atlas", "cullface": "down" },
				"east": { "uv": [ 11.25, 15.5, 10.5, 15.75 ], "texture": "#voxels_atlas", "cullface": "down" }
			}
		},
		{
			"__comment": "Voxels",
			"from": [ 7.5, -2.5, 24 ],
			"to": [ 8.5, -2, 24.5 ],
			"faces": {
				"down": { "uv": [ 14.375, 13.25, 14.625, 13.5 ], "texture": "#voxels_atlas" },
				"south": { "uv": [ 15.125, 13.25, 15.375, 13.5 ], "texture": "#voxels_atlas" },
				"west": { "uv": [ 9.375, 7.25, 9.5, 7.5 ], "texture": "#voxels_atlas" },
				"east": { "uv": [ 9.5, 7, 9.375, 7.25 ], "texture": "#voxels_atlas" }
			}
		},
		{
			"__comment": "Voxels",
			"from": [ 7.5, -2, 0.5 ],
			"to": [ 8.5, -1, 1 ],
			"faces": {
				"north": { "uv": [ 11.75, 14, 11.5, 14.5 ], "texture": "#voxels_atlas", "cullface": "down" },
				"south": { "uv": [ 8.25, 3.5, 8.5, 4 ], "texture": "#voxels_atlas", "cullface": "down" },
				"west": { "uv": [ 9, 7.25, 9.125, 7.75 ], "texture": "#voxels_atlas", "cullface": "down" },
				"east": { "uv": [ 9.125, 5.75, 9, 6.25 ], "texture": "#voxels_atlas", "cullface": "down" }
			}
		},
		{
			"__comment": "Voxels",
			"from": [ 7.5, -2, 1 ],
			"to": [ 8.5, -1.5, 1.5 ],
			"faces": {
				"down": { "uv": [ 9.125, 9.25, 9.375, 9.5 ], "texture": "#voxels_atlas", "cullface": "down" },
				"south": { "uv": [ 9.125, 8, 9.375, 8.25 ], "texture": "#voxels_atlas", "cullface": "down" },
				"west": { "uv": [ 9.375, 4.25, 9.5, 4.5 ], "texture": "#voxels_atlas", "cullface": "down" },
				"east": { "uv": [ 9.5, 4, 9.375, 4.25 ], "texture": "#voxels_atlas", "cullface": "down" }
			}
		},
		{
			"__comment": "Voxels",
			"from": [ 7.5, -2, 2.5 ],
			"to": [ 8.5, -1.5, 3 ],
			"faces": {
				"down": { "uv": [ 9.125, 7.75, 9.375, 8 ], "texture": "#voxels_atlas", "cullface": "down" },
				"north": { "uv": [ 9.375, 7.25, 9.125, 7.5 ], "texture": "#voxels_atlas", "cullface": "down" },
				"west": { "uv": [ 9.375, 8.25, 9.5, 8.5 ], "texture": "#voxels_atlas", "cullface": "down" },
				"east": { "uv": [ 9.5, 8, 9.375, 8.25 ], "texture": "#voxels_atlas", "cullface": "down" }
			}
		},
		{
			"__comment": "Voxels",
			"from": [ 7.5, -2, 4.5 ],
			"to": [ 8.5, -1.5, 6 ],
			"faces": {
				"down": { "uv": [ 7.5, 3, 7.75, 3.75 ], "texture": "#voxels_atlas", "cullface": "down" },
				"up": { "uv": [ 7.5, 3, 7.75, 2.25 ], "texture": "#voxels_atlas", "cullface": "down" },
				"north": { "uv": [ 9.375, 5, 9.125, 5.25 ], "texture": "#voxels_atlas", "cullface": "down" },
				"west": { "uv": [ 13.875, 13.75, 14.25, 14 ], "texture": "#voxels_atlas", "cullface": "down" },
				"east": { "uv": [ 12.375, 13.75, 12, 14 ], "texture": "#voxels_atlas", "cullface": "down" }
			}
		},
		{
			"__comment": "Voxels",
			"from": [ 7.5, -2, 24.5 ],
			"to": [ 8.5, -1.5, 25 ],
			"faces": {
				"down": { "uv": [ 9.125, 3.75, 9.375, 4 ], "texture": "#voxels_atlas" },
				"south": { "uv": [ 9.125, 1, 9.375, 1.25 ], "texture": "#voxels_atlas" },
				"west": { "uv": [ 9.375, 9.25, 9.5, 9.5 ], "texture": "#voxels_atlas" },
				"east": { "uv": [ 9.5, 9, 9.375, 9.25 ], "texture": "#voxels_atlas" }
			}
		},
		{
			"__comment": "Voxels",
			"from": [ 7.5, -1.5, -8 ],
			"to": [ 8.5, -0.5, -7.5 ],
			"faces": {
				"down": { "uv": [ 9.125, 0.75, 9.375, 1 ], "texture": "#voxels_atlas" },
				"up": { "uv": [ 9.125, 0.5, 9.375, 0.25 ], "texture": "#voxels_atlas" },
				"north": { "uv": [ 8.5, 2, 8.25, 2.5 ], "texture": "#voxels_atlas" },
				"west": { "uv": [ 9, 2.25, 9.125, 2.75 ], "texture": "#voxels_atlas" },
				"east": { "uv": [ 9.125, 1.75, 9, 2.25 ], "texture": "#voxels_atlas" }
			}
		},
		{
			"__comment": "Voxels",
			"from": [ 7.5, -1.5, -5.5 ],
			"to": [ 8.5, 0, -4.5 ],
			"faces": {
				"down": { "uv": [ 8.25, 1, 8.5, 1.5 ], "texture": "#voxels_atlas" },
				"up": { "uv": [ 8.25, 1, 8.5, 0.5 ], "texture": "#voxels_atlas" },
				"north": { "uv": [ 7.75, 1.5, 7.5, 2.25 ], "texture": "#voxels_atlas" },
				"south": { "uv": [ 8, 3.75, 8.25, 4.5 ], "texture": "#voxels_atlas" },
				"west": { "uv": [ 7.75, 3.75, 8, 4.5 ], "texture": "#voxels_atlas" },
				"east": { "uv": [ 8, 0, 7.75, 0.75 ], "texture": "#voxels_atlas" }
			}
		},
		{
			"__comment": "Voxels",
			"from": [ 7.5, -1.5, 3.5 ],
			"to": [ 8.5, -1, 4.5 ],
			"faces": {
				"down": { "uv": [ 8.25, 0, 8.5, 0.5 ], "texture": "#voxels_atlas", "cullface": "down" },
				"up": { "uv": [ 8.5, 14.75, 8.75, 14.25 ], "texture": "#voxels_atlas", "cullface": "down" },
				"west": { "uv": [ 10.75, 12.75, 11, 13 ], "texture": "#voxels_atlas", "cullface": "down" },
				"east": { "uv": [ 11.25, 12.75, 11, 13 ], "texture": "#voxels_atlas", "cullface": "down" }
			}
		},
		{
			"__comment": "Voxels",
			"from": [ 7.5, -1.5, 25 ],
			"to": [ 8.5, -1, 25.5 ],
			"faces": {
				"down": { "uv": [ 11.25, 12.75, 11.5, 13 ], "texture": "#voxels_atlas" },
				"south": { "uv": [ 15, 12.75, 15.25, 13 ], "texture": "#voxels_atlas" },
				"west": { "uv": [ 9.375, 3.75, 9.5, 4 ], "texture": "#voxels_atlas" },
				"east": { "uv": [ 9.5, 3.5, 9.375, 3.75 ], "texture": "#voxels_atlas" }
			}
		},
		{
			"__comment": "Voxels",
			"from": [ 7.5, -1, -8.5 ],
			"to": [ 8.5, 0, -8 ],
			"faces": {
				"down": { "uv": [ 10.25, 12.5, 10.5, 12.75 ], "texture": "#voxels_atlas" },
				"up": { "uv": [ 10.5, 12.75, 10.75, 12.5 ], "texture": "#voxels_atlas" },
				"north": { "uv": [ 8.75, 13.75, 8.5, 14.25 ], "texture": "#voxels_atlas" },
				"south": { "uv": [ 8.5, 13.25, 8.75, 13.75 ], "texture": "#voxels_atlas" },
				"west": { "uv": [ 3.75, 10, 3.875, 10.5 ], "texture": "#voxels_atlas" },
				"east": { "uv": [ 3.875, 8, 3.75, 8.5 ], "texture": "#voxels_atlas" }
			}
		},
		{
			"__comment": "Voxels",
			"from": [ 7.5, -1, -4.5 ],
			"to": [ 8.5, 0, 0 ],
			"faces": {
				"down": { "uv": [ 5.125, 8.75, 5.375, 11 ], "texture": "#voxels_atlas" },
				"up": { "uv": [ 5.375, 11, 5.625, 8.75 ], "texture": "#voxels_atlas" },
				"west": { "uv": [ 6.375, 15, 7.5, 15.5 ], "texture": "#voxels_atlas" },
				"east": { "uv": [ 7.5, 15.5, 6.375, 16 ], "texture": "#voxels_atlas" }
			}
		},
		{
			"__comment": "Voxels",
			"from": [ 7.5, -1, 25.5 ],
			"to": [ 8.5, -0.5, 26 ],
			"faces": {
				"down": { "uv": [ 7, 5.25, 7.25, 5.5 ], "texture": "#voxels_atlas" },
				"south": { "uv": [ 7.25, 2.5, 7.5, 2.75 ], "texture": "#voxels_atlas" },
				"west": { "uv": [ 9.375, 3.25, 9.5, 3.5 ], "texture": "#voxels_atlas" },
				"east": { "uv": [ 9.5, 3, 9.375, 3.25 ], "texture": "#voxels_atlas" }
			}
		},
		{
			"__comment": "Voxels",
			"from": [ 7.5, -0.5, -9 ],
			"to": [ 8.5, 1.5, -8.5 ],
			"faces": {
				"down": { "uv": [ 15.75, 15.75, 16, 16 ], "texture": "#voxels_atlas", "cullface": "north" },
				"up": { "uv": [ 8.5, 0.25, 8.75, 0 ], "texture": "#voxels_atlas", "cullface": "north" },
				"north": { "uv": [ 7.75, 14.75, 7.5, 15.75 ], "texture": "#voxels_atlas", "cullface": "north" },
				"south": { "uv": [ 7.5, 13.75, 7.75, 14.75 ], "texture": "#voxels_atlas", "cullface": "north" },
				"west": { "uv": [ 8.375, 2.5, 8.5, 3.5 ], "texture": "#voxels_atlas", "cullface": "north" },
				"east": { "uv": [ 8.625, 11.25, 8.5, 12.25 ], "texture": "#voxels_atlas", "cullface": "north" }
			}
		},
		{
			"__comment": "Voxels",
			"from": [ 7.5, -0.5, -6 ],
			"to": [ 8.5, 0, -5.5 ],
			"faces": {
				"up": { "uv": [ 8.75, 8, 9, 7.75 ], "texture": "#voxels_atlas" },
				"west": { "uv": [ 9.375, 6.75, 9.5, 7 ], "texture": "#voxels_atlas" },
				"east": { "uv": [ 9.5, 6.5, 9.375, 6.75 ], "texture": "#voxels_atlas" }
			}
		},
		{
			"__comment": "Voxels",
			"from": [ 7.5, -0.5, 7.5 ],
			"to": [ 8.5, 0, 8.5 ],
			"faces": {
				"up": { "uv": [ 8.5, 10.75, 8.75, 10.25 ], "texture": "#voxels_atlas", "cullface": "down" },
				"west": { "uv": [ 8.75, 6, 9, 6.25 ], "texture": "#voxels_atlas", "cullface": "down" },
				"east": { "uv": [ 9, 5.75, 8.75, 6 ], "texture": "#voxels_atlas", "cullface": "down" }
			}
		},
		{
			"__comment": "Voxels",
			"from": [ 7.5, -0.5, 26 ],
			"to": [ 8.5, 0, 26.5 ],
			"faces": {
				"down": { "uv": [ 8.75, 5.5, 9, 5.75 ], "texture": "#voxels_atlas" },
				"south": { "uv": [ 8.75, 4.75, 9, 5 ], "texture": "#voxels_atlas" },
				"west": { "uv": [ 6.25, 2.5, 6.375, 2.75 ], "texture": "#voxels_atlas" },
				"east": { "uv": [ 7, 2.5, 6.875, 2.75 ], "texture": "#voxels_atlas" }
			}
		},
		{
			"__comment": "Voxels",
			"from": [ 7.5, 0, -3.5 ],
			"to": [ 8.5, 0.5, 0 ],
			"faces": {
				"up": { "uv": [ 5.625, 6.5, 5.875, 4.75 ], "texture": "#voxels_atlas" },
				"north": { "uv": [ 9, 4.5, 8.75, 4.75 ], "texture": "#voxels_atlas" },
				"west": { "uv": [ 10.375, 15.75, 11.25, 16 ], "texture": "#voxels_atlas" },
				"east": { "uv": [ 10.375, 15.75, 9.5, 16 ], "texture": "#voxels_atlas" }
			}
		},
		{
			"__comment": "Voxels",
			"from": [ 7.5, 0, 5.5 ],
			"to": [ 8.5, 0.5, 7.5 ],
			"faces": {
				"down": { "uv": [ 7.5, 12.75, 7.75, 13.75 ], "texture": "#voxels_atlas", "cullface": "down" },
				"up": { "uv": [ 7.5, 12.75, 7.75, 11.75 ], "texture": "#voxels_atlas" },
				"south": { "uv": [ 8.75, 2.75, 9, 3 ], "texture": "#voxels_atlas" },
				"west": { "uv": [ 9.25, 14.5, 9.75, 14.75 ], "texture": "#voxels_atlas" },
				"east": { "uv": [ 10.25, 14.5, 9.75, 14.75 ], "texture": "#voxels_atlas" }
			}
		},
		{
			"__comment": "Voxels",
			"from": [ 7.5, 0, 8.5 ],
			"to": [ 8.5, 0.5, 10 ],
			"faces": {
				"down": { "uv": [ 8.25, 14.75, 8.5, 15.5 ], "texture": "#voxels_atlas", "cullface": "down" },
				"up": { "uv": [ 8, 0.75, 8.25, 0 ], "texture": "#voxels_atlas" },
				"north": { "uv": [ 9, 1.5, 8.75, 1.75 ], "texture": "#voxels_atlas" },
				"west": { "uv": [ 13.125, 13.75, 13.5, 14 ], "texture": "#voxels_atlas" },
				"east": { "uv": [ 13.875, 13.75, 13.5, 14 ], "texture": "#voxels_atlas" }
			}
		},
		{
			"__comment": "Voxels",
			"from": [ 7.5, 0, 26.5 ],
			"to": [ 8.5, 1, 27 ],
			"faces": {
				"down": { "uv": [ 8.75, 0.5, 9, 0.75 ], "texture": "#voxels_atlas", "cullface": "south" },
				"south": { "uv": [ 8.5, 9.25, 8.75, 9.75 ], "texture": "#voxels_atlas", "cullface": "south" },
				"west": { "uv": [ 8.875, 9.25, 9, 9.75 ], "texture": "#voxels_atlas", "cullface": "south" },
				"east": { "uv": [ 9.125, 13.25, 9, 13.75 ], "texture": "#voxels_atlas", "cullface": "south" }
			}
		},
		{
			"__comment": "Voxels",
			"from": [ 7.5, 0.5, -6.5 ],
			"to": [ 8.5, 1.5, -6 ],
			"faces": {
				"up": { "uv": [ 15.5, 14, 15.75, 13.75 ], "texture": "#voxels_atlas", "cullface": "north" },
				"north": { "uv": [ 8.75, 8.75, 8.5, 9.25 ], "texture": "#voxels_atlas", "cullface": "north" },
				"south": { "uv": [ 8.5, 8.25, 8.75, 8.75 ], "texture": "#voxels_atlas", "cullface": "north" },
				"west": { "uv": [ 9, 12.75, 9.125, 13.25 ], "texture": "#voxels_atlas", "cullface": "north" },
				"east": { "uv": [ 9.125, 12.25, 9, 12.75 ], "texture": "#voxels_atlas", "cullface": "north" }
			}
		},
		{
			"__comment": "Voxels",
			"from": [ 7.5, 0.5, 4 ],
			"to": [ 8.5, 1, 5.5 ],
			"faces": {
				"down": { "uv": [ 7.75, 1.5, 8, 2.25 ], "texture": "#voxels_atlas" },
				"up": { "uv": [ 8, 3, 8.25, 2.25 ], "texture": "#voxels_atlas" },
				"south": { "uv": [ 10.125, 13.5, 10.375, 13.75 ], "texture": "#voxels_atlas" },
				"west": { "uv": [ 9.375, 13.75, 9.75, 14 ], "texture": "#voxels_atlas" },
				"east": { "uv": [ 10.125, 13.75, 9.75, 14 ], "texture": "#voxels_atlas" }
			}
		},
		{
			"__comment": "Voxels",
			"from": [ 7.5, 0.5, 10 ],
			"to": [ 8.5, 1, 11.5 ],
			"faces": {
				"up": { "uv": [ 7.5, 1.5, 7.75, 0.75 ], "texture": "#voxels_atlas" },
				"north": { "uv": [ 11.625, 13.5, 11.375, 13.75 ], "texture": "#voxels_atlas" },
				"west": { "uv": [ 10.125, 13.75, 10.5, 14 ], "texture": "#voxels_atlas" },
				"east": { "uv": [ 10.875, 13.75, 10.5, 14 ], "texture": "#voxels_atlas" }
			}
		},
		{
			"__comment": "Voxels",
			"from": [ 7.5, 0.5, 27 ],
			"to": [ 8.5, 1, 27.5 ],
			"faces": {
				"down": { "uv": [ 12.375, 13.5, 12.625, 13.75 ], "texture": "#voxels_atlas", "cullface": "south" },
				"south": { "uv": [ 13.125, 13.5, 13.375, 13.75 ], "texture": "#voxels_atlas", "cullface": "south" },
				"west": { "uv": [ 9.375, 9.75, 9.5, 10 ], "texture": "#voxels_atlas", "cullface": "south" },
				"east": { "uv": [ 9.5, 9.5, 9.375, 9.75 ], "texture": "#voxels_atlas", "cullface": "south" }
			}
		},
		{
			"__comment": "Voxels",
			"from": [ 7.5, 1, -8.5 ],
			"to": [ 8.5, 2, -8 ],
			"faces": {
				"down": { "uv": [ 13.375, 13.5, 13.625, 13.75 ], "texture": "#voxels_atlas", "cullface": "north" },
				"up": { "uv": [ 13.625, 13.75, 13.875, 13.5 ], "texture": "#voxels_atlas", "cullface": "north" },
				"north": { "uv": [ 8.75, 7.75, 8.5, 8.25 ], "texture": "#voxels_atlas", "cullface": "north" },
				"south": { "uv": [ 8.5, 7.25, 8.75, 7.75 ], "texture": "#voxels_atlas", "cullface": "north" },
				"west": { "uv": [ 9, 11.75, 9.125, 12.25 ], "texture": "#voxels_atlas", "cullface": "north" },
				"east": { "uv": [ 9.125, 11.25, 9, 11.75 ], "texture": "#voxels_atlas", "cullface": "north" }
			}
		},
		{
			"__comment": "Voxels",
			"from": [ 7.5, 1, -7 ],
			"to": [ 8.5, 2, -6.5 ],
			"faces": {
				"down": { "uv": [ 14.375, 13.5, 14.625, 13.75 ], "texture": "#voxels_atlas", "cullface": "north" },
				"up": { "uv": [ 14.625, 13.75, 14.875, 13.5 ], "texture": "#voxels_atlas", "cullface": "north" },
				"north": { "uv": [ 8.75, 6.75, 8.5, 7.25 ], "texture": "#voxels_atlas", "cullface": "north" },
				"south": { "uv": [ 8.5, 6.25, 8.75, 6.75 ], "texture": "#voxels_atlas", "cullface": "north" },
				"west": { "uv": [ 9, 10.75, 9.125, 11.25 ], "texture": "#voxels_atlas", "cullface": "north" },
				"east": { "uv": [ 9.125, 10.25, 9, 10.75 ], "texture": "#voxels_atlas", "cullface": "north" }
			}
		},
		{
			"__comment": "Voxels",
			"from": [ 7.5, 1, 2.5 ],
			"to": [ 8.5, 1.5, 3.5 ],
			"faces": {
				"up": { "uv": [ 8.5, 5.75, 8.75, 5.25 ], "texture": "#voxels_atlas" },
				"north": { "uv": [ 9.375, 13.25, 9.125, 13.5 ], "texture": "#voxels_atlas" },
				"south": { "uv": [ 9.375, 13.25, 9.625, 13.5 ], "texture": "#voxels_atlas" },
				"west": { "uv": [ 9.625, 13.25, 9.875, 13.5 ], "texture": "#voxels_atlas" },
				"east": { "uv": [ 10.125, 13.25, 9.875, 13.5 ], "texture": "#voxels_atlas" }
			}
		},
		{
			"__comment": "Voxels",
			"from": [ 7.5, 1, 11.5 ],
			"to": [ 8.5, 1.5, 13 ],
			"faces": {
				"down": { "uv": [ 8.25, 14, 8.5, 14.75 ], "texture": "#voxels_atlas" },
				"up": { "uv": [ 8.25, 14, 8.5, 13.25 ], "texture": "#voxels_atlas" },
				"north": { "uv": [ 10.875, 13.25, 10.625, 13.5 ], "texture": "#voxels_atlas" },
				"west": { "uv": [ 14.625, 13.75, 15, 14 ], "texture": "#voxels_atlas" },
				"east": { "uv": [ 14.625, 13.75, 14.25, 14 ], "texture": "#voxels_atlas" }
			}
		},
		{
			"__comment": "Voxels",
			"from": [ 7.5, 1, 27.5 ],
			"to": [ 8.5, 2, 28 ],
			"faces": {
				"down": { "uv": [ 11.375, 13.25, 11.625, 13.5 ], "texture": "#voxels_atlas", "cullface": "south" },
				"south": { "uv": [ 8.5, 3.75, 8.75, 4.25 ], "texture": "#voxels_atlas", "cullface": "south" },
				"west": { "uv": [ 9, 9.25, 9.125, 9.75 ], "texture": "#voxels_atlas", "cullface": "south" },
				"east": { "uv": [ 9.125, 8.75, 9, 9.25 ], "texture": "#voxels_atlas", "cullface": "south" }
			}
		},
		{
			"__comment": "Voxels",
			"from": [ 7.5, 1.5, -8 ],
			"to": [ 8.5, 2, -7 ],
			"faces": {
				"down": { "uv": [ 8.5, 3.25, 8.75, 3.75 ], "texture": "#voxels_atlas", "cullface": "north" },
				"up": { "uv": [ 8.5, 3.25, 8.75, 2.75 ], "texture": "#voxels_atlas", "cullface": "north" },
				"west": { "uv": [ 13.375, 13.25, 13.625, 13.5 ], "texture": "#voxels_atlas", "cullface": "north" },
				"east": { "uv": [ 13.875, 13.25, 13.625, 13.5 ], "texture": "#voxels_atlas", "cullface": "north" }
			}
		},
		{
			"__comment": "Voxels",
			"from": [ 7.5, 1.5, 3 ],
			"to": [ 8.5, 3.5, 3.5 ],
			"faces": {
				"up": { "uv": [ 14.125, 13.5, 14.375, 13.25 ], "texture": "#voxels_atlas" },
				"north": { "uv": [ 7.75, 10.75, 7.5, 11.75 ], "texture": "#voxels_atlas" },
				"south": { "uv": [ 7.5, 9.75, 7.75, 10.75 ], "texture": "#voxels_atlas" },
				"west": { "uv": [ 8.5, 1.75, 8.625, 2.75 ], "texture": "#voxels_atlas" },
				"east": { "uv": [ 8.75, 1.75, 8.625, 2.75 ], "texture": "#voxels_atlas" }
			}
		},
		{
			"__comment": "Voxels",
			"from": [ 7.5, 1.5, 13 ],
			"to": [ 8.5, 2, 13.5 ],
			"faces": {
				"up": { "uv": [ 15.625, 13.5, 15.875, 13.25 ], "texture": "#voxels_atlas" },
				"north": { "uv": [ 9.375, 13, 9.125, 13.25 ], "texture": "#voxels_atlas" },
				"west": { "uv": [ 9, 0, 9.125, 0.25 ], "texture": "#voxels_atlas" },
				"east": { "uv": [ 16, 13.5, 15.875, 13.75 ], "texture": "#voxels_atlas" }
			}
		},
		{
			"__comment": "Voxels",
			"from": [ 7.5, 2, 13.5 ],
			"to": [ 8.5, 3, 14 ],
			"faces": {
				"up": { "uv": [ 9.125, 12.5, 9.375, 12.25 ], "texture": "#voxels_atlas" },
				"north": { "uv": [ 8.75, 1.25, 8.5, 1.75 ], "texture": "#voxels_atlas" },
				"west": { "uv": [ 9, 8.25, 9.125, 8.75 ], "texture": "#voxels_atlas" },
				"east": { "uv": [ 9.125, 7.75, 9, 8.25 ], "texture": "#voxels_atlas" }
			}
		},
		{
			"__comment": "Voxels",
			"from": [ 7.5, 2, 28 ],
			"to": [ 8.5, 2.5, 28.5 ],
			"faces": {
				"down": { "uv": [ 9.125, 11.5, 9.375, 11.75 ], "texture": "#voxels_atlas", "cullface": "south" },
				"south": { "uv": [ 9.125, 10.75, 9.375, 11 ], "texture": "#voxels_atlas", "cullface": "south" },
				"west": { "uv": [ 9.375, 5.75, 9.5, 6 ], "texture": "#voxels_atlas", "cullface": "south" },
				"east": { "uv": [ 9.5, 5.5, 9.375, 5.75 ], "texture": "#voxels_atlas", "cullface": "south" }
			}
		},
		{
			"__comment": "Voxels",
			"from": [ 7.5, 2.5, 28.5 ],
			"to": [ 8.5, 3.5, 29 ],
			"faces": {
				"down": { "uv": [ 9.125, 10.5, 9.375, 10.75 ], "texture": "#voxels_atlas", "cullface": "south" },
				"south": { "uv": [ 8.75, 14, 9, 14.5 ], "texture": "#voxels_atlas", "cullface": "south" },
				"west": { "uv": [ 9, 6.75, 9.125, 7.25 ], "texture": "#voxels_atlas", "cullface": "south" },
				"east": { "uv": [ 9.125, 6.25, 9, 6.75 ], "texture": "#voxels_atlas", "cullface": "south" }
			}
		},
		{
			"__comment": "Voxels",
			"from": [ 7.5, 3, 2.5 ],
			"to": [ 8.5, 4, 3 ],
			"faces": {
				"down": { "uv": [ 9.125, 9.75, 9.375, 10 ], "texture": "#voxels_atlas" },
				"up": { "uv": [ 9.125, 9.75, 9.375, 9.5 ], "texture": "#voxels_atlas" },
				"north": { "uv": [ 9.25, 14, 9, 14.5 ], "texture": "#voxels_atlas" },
				"south": { "uv": [ 9.25, 14, 9.5, 14.5 ], "texture": "#voxels_atlas" },
				"west": { "uv": [ 9, 5.25, 9.125, 5.75 ], "texture": "#voxels_atlas" },
				"east": { "uv": [ 9.125, 4.75, 9, 5.25 ], "texture": "#voxels_atlas" }
			}
		},
		{
			"__comment": "Voxels",
			"from": [ 7.5, 3, 14 ],
			"to": [ 8.5, 4.5, 14.5 ],
			"faces": {
				"up": { "uv": [ 9.125, 9, 9.375, 8.75 ], "texture": "#voxels_atlas" },
				"north": { "uv": [ 8.5, 11.75, 8.25, 12.5 ], "texture": "#voxels_atlas" },
				"west": { "uv": [ 8.75, 11.25, 8.875, 12 ], "texture": "#voxels_atlas" },
				"east": { "uv": [ 9, 11.25, 8.875, 12 ], "texture": "#voxels_atlas" }
			}
		},
		{
			"__comment": "Voxels",
			"from": [ 7.5, 3.5, 22 ],
			"to": [ 8.5, 4, 24 ],
			"faces": {
				"down": { "uv": [ 7.5, 8.75, 7.75, 9.75 ], "texture": "#voxels_atlas", "cullface": "south" },
				"up": { "uv": [ 7.5, 8.75, 7.75, 7.75 ], "texture": "#voxels_atlas", "cullface": "south" },
				"west": { "uv": [ 14.25, 14.5, 14.75, 14.75 ], "texture": "#voxels_atlas", "cullface": "south" },
				"east": { "uv": [ 15.25, 14.5, 14.75, 14.75 ], "texture": "#voxels_atlas", "cullface": "south" }
			}
		},
		{
			"__comment": "Voxels",
			"from": [ 7.5, 3.5, 29 ],
			"to": [ 8.5, 4, 29.5 ],
			"faces": {
				"down": { "uv": [ 9.125, 6, 9.375, 6.25 ], "texture": "#voxels_atlas", "cullface": "south" },
				"south": { "uv": [ 9.125, 5.25, 9.375, 5.5 ], "texture": "#voxels_atlas", "cullface": "south" },
				"west": { "uv": [ 9.375, 5.25, 9.5, 5.5 ], "texture": "#voxels_atlas", "cullface": "south" },
				"east": { "uv": [ 9.5, 5, 9.375, 5.25 ], "texture": "#voxels_atlas", "cullface": "south" }
			}
		},
		{
			"__comment": "Voxels",
			"from": [ 7.5, 4, 19.5 ],
			"to": [ 8.5, 4.5, 22 ],
			"faces": {
				"up": { "uv": [ 6.75, 6.75, 7, 5.5 ], "texture": "#voxels_atlas", "cullface": "south" },
				"south": { "uv": [ 9.125, 4.5, 9.375, 4.75 ], "texture": "#voxels_atlas", "cullface": "south" },
				"west": { "uv": [ 13.75, 15.5, 14.375, 15.75 ], "texture": "#voxels_atlas", "cullface": "south" },
				"east": { "uv": [ 15, 15.5, 14.375, 15.75 ], "texture": "#voxels_atlas", "cullface": "south" }
			}
		},
		{
			"__comment": "Voxels",
			"from": [ 7.5, 4, 24 ],
			"to": [ 8.5, 4.5, 25 ],
			"faces": {
				"down": { "uv": [ 10.5, 14, 10.75, 14.5 ], "texture": "#voxels_atlas", "cullface": "south" },
				"up": { "uv": [ 8.5, 5.25, 8.75, 4.75 ], "texture": "#voxels_atlas", "cullface": "south" },
				"north": { "uv": [ 9.375, 3.5, 9.125, 3.75 ], "texture": "#voxels_atlas", "cullface": "south" },
				"west": { "uv": [ 9.125, 3, 9.375, 3.25 ], "texture": "#voxels_atlas", "cullface": "south" },
				"east": { "uv": [ 9.375, 2.75, 9.125, 3 ], "texture": "#voxels_atlas", "cullface": "south" }
			}
		},
		{
			"__comment": "Voxels",
			"from": [ 7.5, 4, 29.5 ],
			"to": [ 8.5, 5, 30 ],
			"faces": {
				"down": { "uv": [ 9.125, 2.5, 9.375, 2.75 ], "texture": "#voxels_atlas", "cullface": "south" },
				"south": { "uv": [ 11.25, 14, 11.5, 14.5 ], "texture": "#voxels_atlas", "cullface": "south" },
				"west": { "uv": [ 9, 3.25, 9.125, 3.75 ], "texture": "#voxels_atlas", "cullface": "south" },
				"east": { "uv": [ 9.125, 2.75, 9, 3.25 ], "texture": "#voxels_atlas", "cullface": "south" }
			}
		},
		{
			"__comment": "Voxels",
			"from": [ 7.5, 4.5, 14.5 ],
			"to": [ 8.5, 7, 15 ],
			"faces": {
				"up": { "uv": [ 9.125, 1.5, 9.375, 1.25 ], "texture": "#voxels_atlas" },
				"north": { "uv": [ 7.25, 5.5, 7, 6.75 ], "texture": "#voxels_atlas" },
				"west": { "uv": [ 6.25, 2.75, 6.375, 4 ], "texture": "#voxels_atlas" },
				"east": { "uv": [ 8.375, 9, 8.25, 10.25 ], "texture": "#voxels_atlas" }
			}
		},
		{
			"__comment": "Voxels",
			"from": [ 7.5, 4.5, 18.5 ],
			"to": [ 8.5, 5, 19.5 ],
			"faces": {
				"up": { "uv": [ 12.25, 14.5, 12.5, 14 ], "texture": "#voxels_atlas", "cullface": "south" },
				"south": { "uv": [ 9.875, 13, 10.125, 13.25 ], "texture": "#voxels_atlas", "cullface": "south" },
				"west": { "uv": [ 10.125, 13, 10.375, 13.25 ], "texture": "#voxels_atlas", "cullface": "south" },
				"east": { "uv": [ 10.625, 13, 10.375, 13.25 ], "texture": "#voxels_atlas", "cullface": "south" }
			}
		},
		{
			"__comment": "Voxels",
			"from": [ 7.5, 4.5, 25 ],
			"to": [ 8.5, 5, 26.5 ],
			"faces": {
				"down": { "uv": [ 8.25, 10.25, 8.5, 11 ], "texture": "#voxels_atlas", "cullface": "south" },
				"up": { "uv": [ 8, 5.25, 8.25, 4.5 ], "texture": "#voxels_atlas", "cullface": "south" },
				"north": { "uv": [ 10.875, 13, 10.625, 13.25 ], "texture": "#voxels_atlas", "cullface": "south" },
				"west": { "uv": [ 11.25, 13.75, 11.625, 14 ], "texture": "#voxels_atlas", "cullface": "south" },
				"east": { "uv": [ 12, 13.75, 11.625, 14 ], "texture": "#voxels_atlas", "cullface": "south" }
			}
		},
		{
			"__comment": "Voxels",
			"from": [ 7.5, 5, 17.5 ],
			"to": [ 8.5, 5.5, 18.5 ],
			"faces": {
				"up": { "uv": [ 13.25, 14.5, 13.5, 14 ], "texture": "#voxels_atlas", "cullface": "south" },
				"south": { "uv": [ 11.625, 13, 11.875, 13.25 ], "texture": "#voxels_atlas", "cullface": "south" },
				"west": { "uv": [ 11.875, 13, 12.125, 13.25 ], "texture": "#voxels_atlas", "cullface": "south" },
				"east": { "uv": [ 12.375, 13, 12.125, 13.25 ], "texture": "#voxels_atlas", "cullface": "south" }
			}
		},
		{
			"__comment": "Voxels",
			"from": [ 7.5, 5, 26.5 ],
			"to": [ 8.5, 5.5, 28 ],
			"faces": {
				"down": { "uv": [ 7.75, 3, 8, 3.75 ], "texture": "#voxels_atlas", "cullface": "south" },
				"up": { "uv": [ 8, 3.75, 8.25, 3 ], "texture": "#voxels_atlas", "cullface": "south" },
				"north": { "uv": [ 12.625, 13, 12.375, 13.25 ], "texture": "#voxels_atlas", "cullface": "south" },
				"west": { "uv": [ 12.375, 13.75, 12.75, 14 ], "texture": "#voxels_atlas", "cullface": "south" },
				"east": { "uv": [ 13.125, 13.75, 12.75, 14 ], "texture": "#voxels_atlas", "cullface": "south" }
			}
		},
		{
			"__comment": "Voxels",
			"from": [ 7.5, 5, 30 ],
			"to": [ 8.5, 5.5, 30.5 ],
			"faces": {
				"down": { "uv": [ 13.125, 13, 13.375, 13.25 ], "texture": "#voxels_atlas", "cullface": "south" },
				"south": { "uv": [ 13.875, 13, 14.125, 13.25 ], "texture": "#voxels_atlas", "cullface": "south" },
				"west": { "uv": [ 9.375, 7.75, 9.5, 8 ], "texture": "#voxels_atlas", "cullface": "south" },
				"east": { "uv": [ 9.5, 7.5, 9.375, 7.75 ], "texture": "#voxels_atlas", "cullface": "south" }
			}
		},
		{
			"__comment": "Voxels",
			"from": [ 7.5, 5.5, 17 ],
			"to": [ 8.5, 6, 17.5 ],
			"faces": {
				"up": { "uv": [ 14.375, 13.25, 14.625, 13 ], "texture": "#voxels_atlas", "cullface": "south" },
				"south": { "uv": [ 14.875, 13, 15.125, 13.25 ], "texture": "#voxels_atlas", "cullface": "south" },
				"west": { "uv": [ 9.375, 6.25, 9.5, 6.5 ], "texture": "#voxels_atlas", "cullface": "south" },
				"east": { "uv": [ 9.5, 6, 9.375, 6.25 ], "texture": "#voxels_atlas", "cullface": "south" }
			}
		},
		{
			"__comment": "Voxels",
			"from": [ 7.5, 5.5, 28 ],
			"to": [ 8.5, 6, 29 ],
			"faces": {
				"down": { "uv": [ 14, 14, 14.25, 14.5 ], "texture": "#voxels_atlas", "cullface": "south" },
				"up": { "uv": [ 14.25, 14.5, 14.5, 14 ], "texture": "#voxels_atlas", "cullface": "south" },
				"north": { "uv": [ 15.875, 13, 15.625, 13.25 ], "texture": "#voxels_atlas", "cullface": "south" },
				"west": { "uv": [ 9.75, 12.75, 10, 13 ], "texture": "#voxels_atlas", "cullface": "south" },
				"east": { "uv": [ 10.25, 12.75, 10, 13 ], "texture": "#voxels_atlas", "cullface": "south" }
			}
		},
		{
			"__comment": "Voxels",
			"from": [ 7.5, 5.5, 30.5 ],
			"to": [ 8.5, 7, 31 ],
			"faces": {
				"down": { "uv": [ 10.25, 12.75, 10.5, 13 ], "texture": "#voxels_atlas", "cullface": "south" },
				"up": { "uv": [ 10.5, 13, 10.75, 12.75 ], "texture": "#voxels_atlas", "cullface": "south" },
				"north": { "uv": [ 8, 2.25, 7.75, 3 ], "texture": "#voxels_atlas", "cullface": "south" },
				"south": { "uv": [ 8.25, 12.5, 8.5, 13.25 ], "texture": "#voxels_atlas", "cullface": "south" },
				"west": { "uv": [ 8.75, 9.75, 8.875, 10.5 ], "texture": "#voxels_atlas", "cullface": "south" },
				"east": { "uv": [ 9, 9.75, 8.875, 10.5 ], "texture": "#voxels_atlas", "cullface": "south" }
			}
		},
		{
			"__comment": "Voxels",
			"from": [ 7.5, 6, 16.5 ],
			"to": [ 8.5, 6.5, 17 ],
			"faces": {
				"up": { "uv": [ 12, 13, 12.25, 12.75 ], "texture": "#voxels_atlas", "cullface": "south" },
				"south": { "uv": [ 12.5, 12.75, 12.75, 13 ], "texture": "#voxels_atlas", "cullface": "south" },
				"west": { "uv": [ 6.5, 0, 6.625, 0.25 ], "texture": "#voxels_atlas", "cullface": "south" },
				"east": { "uv": [ 6.75, 0, 6.625, 0.25 ], "texture": "#voxels_atlas", "cullface": "south" }
			}
		},
		{
			"__comment": "Voxels",
			"from": [ 7.5, 6, 29 ],
			"to": [ 8.5, 6.5, 29.5 ],
			"faces": {
				"up": { "uv": [ 13, 13, 13.25, 12.75 ], "texture": "#voxels_atlas", "cullface": "south" },
				"north": { "uv": [ 13.5, 12.75, 13.25, 13 ], "texture": "#voxels_atlas", "cullface": "south" },
				"west": { "uv": [ 15.875, 13.25, 16, 13.5 ], "texture": "#voxels_atlas", "cullface": "south" },
				"east": { "uv": [ 16, 13, 15.875, 13.25 ], "texture": "#voxels_atlas", "cullface": "south" }
			}
		},
		{
			"__comment": "Voxels",
			"from": [ 7.5, 6.5, 16 ],
			"to": [ 8.5, 7, 16.5 ],
			"faces": {
				"up": { "uv": [ 14, 13, 14.25, 12.75 ], "texture": "#voxels_atlas", "cullface": "south" },
				"south": { "uv": [ 14.5, 12.75, 14.75, 13 ], "texture": "#voxels_atlas", "cullface": "south" },
				"west": { "uv": [ 9.375, 8.75, 9.5, 9 ], "texture": "#voxels_atlas", "cullface": "south" },
				"east": { "uv": [ 9.5, 8.5, 9.375, 8.75 ], "texture": "#voxels_atlas", "cullface": "south" }
			}
		},
		{
			"__comment": "Voxels",
			"from": [ 7.5, 6.5, 29.5 ],
			"to": [ 8.5, 7, 30.5 ],
			"faces": {
				"down": { "uv": [ 15, 14, 15.25, 14.5 ], "texture": "#voxels_atlas", "cullface": "south" },
				"up": { "uv": [ 15.25, 14.5, 15.5, 14 ], "texture": "#voxels_atlas", "cullface": "south" },
				"north": { "uv": [ 15.5, 12.75, 15.25, 13 ], "texture": "#voxels_atlas", "cullface": "south" },
				"west": { "uv": [ 15.75, 12.75, 16, 13 ], "texture": "#voxels_atlas", "cullface": "south" },
				"east": { "uv": [ 9.75, 12.5, 9.5, 12.75 ], "texture": "#voxels_atlas", "cullface": "south" }
			}
		},
		{
			"__comment": "Voxels",
			"from": [ 7.5, 6.5, 31 ],
			"to": [ 8.5, 7.5, 31.5 ],
			"faces": {
				"down": { "uv": [ 9.75, 12.5, 10, 12.75 ], "texture": "#voxels_atlas", "cullface": "south" },
				"up": { "uv": [ 10, 12.75, 10.25, 12.5 ], "texture": "#voxels_atlas", "cullface": "south" },
				"north": { "uv": [ 15.75, 14, 15.5, 14.5 ], "texture": "#voxels_atlas", "cullface": "south" },
				"south": { "uv": [ 15.75, 14, 16, 14.5 ], "texture": "#voxels_atlas", "cullface": "south" },
				"west": { "uv": [ 9.375, 11, 9.5, 11.5 ], "texture": "#voxels_atlas", "cullface": "south" },
				"east": { "uv": [ 9.5, 10.5, 9.375, 11 ], "texture": "#voxels_atlas", "cullface": "south" }
			}
		},
		{
			"__comment": "Voxels",
			"from": [ 7.5, 7, 15 ],
			"to": [ 8.5, 7.5, 16 ],
			"faces": {
				"up": { "uv": [ 10.75, 14.5, 11, 14 ], "texture": "#voxels_atlas" },
				"north": { "uv": [ 11.25, 12.5, 11, 12.75 ], "texture": "#voxels_atlas" },
				"south": { "uv": [ 11.25, 12.5, 11.5, 12.75 ], "texture": "#voxels_atlas", "cullface": "south" },
				"west": { "uv": [ 11.5, 12.5, 11.75, 12.75 ], "texture": "#voxels_atlas" },
				"east": { "uv": [ 12, 12.5, 11.75, 12.75 ], "texture": "#voxels_atlas" }
			}
		},
		{
			"__comment": "Voxels",
			"from": [ 7.5, 7, 31.5 ],
			"to": [ 8.5, 7.5, 32 ],
			"faces": {
				"down": { "uv": [ 12, 12.5, 12.25, 12.75 ], "texture": "#voxels_atlas", "cullface": "south" },
				"up": { "uv": [ 12.25, 12.75, 12.5, 12.5 ], "texture": "#voxels_atlas", "cullface": "south" },
				"south": { "uv": [ 12.75, 12.5, 13, 12.75 ], "texture": "#voxels_atlas", "cullface": "south" },
				"west": { "uv": [ 9.375, 2.75, 9.5, 3 ], "texture": "#voxels_atlas", "cullface": "south" },
				"east": { "uv": [ 9.5, 2.5, 9.375, 2.75 ], "texture": "#voxels_atlas", "cullface": "south" }
			}
		}
	],
	"display": {
		"thirdperson_righthand": {
			"rotation":  [ 88, -180, -1 ],
			"translation":  [ 0, 5, 6.2608 ],
			"scale":  [ 0.6, 0.6, 0.6 ]
		},
		"thirdperson_lefthand": {
			"rotation":  [ 88, -180, -5 ],
			"translation":  [ 0, 5, 6.2608 ],
			"scale":  [ 0.6, 0.6, 0.6 ]
		},
		"firstperson_righthand": {
			"rotation":  [ -83, 0, -180 ],
			"translation":  [ 8.3478, 3.4782, 0 ],
			"scale":  [ 0.7, 0.7, 0.7 ]
		},
		"firstperson_lefthand": {
			"rotation":  [ -83, 0, -180 ],
			"translation":  [ 8.3478, 3.4782, 0 ],
			"scale":  [ 0.7, 0.7, 0.7 ]
		},
		"gui": {
			"rotation":  [ -94, -45, -149 ],
			"translation":  [ 2, 0, 0 ],
			"scale":  [ 0.5, 0.5, 0.5 ]
		},
		"ground": {
			"rotation":  [ 36, 23, -70 ],
			"translation":  [ 0, 4, 0 ],
			"scale":  [ 0.4, 0.4, 0.4 ]
		},
		"fixed": {
			"rotation":  [ 90, -47, 90 ],
			"translation":  [ 0.0003, 3.4782, 0 ],
			"scale":  [ 0.5, 0.5, 0.5 ]
		}
	}
}