{
	"__comment": "Designed by MrZoom31 with Cubik Studio - https://cubik.studio",
	"textures": {
		"iron_sword": "items/swords2",
		"particle": "items/cc2"
	},
	"elements": [ 	 
		{
			"__comment": "Voxels",
			"from": [ -16, 8, 11 ],
			"to": [ -7, 9, 12 ],
			"faces": {
				"down": { "uv": [ 4.75, 10.75, 7, 11 ], "texture": "#iron_sword" },
				"up": { "uv": [ 4.75, 13, 7, 12.75 ], "texture": "#iron_sword" },
				"north": { "uv": [ 7, 13, 4.75, 13.25 ], "texture": "#iron_sword" },
				"south": { "uv": [ 4.75, 11.75, 7, 12 ], "texture": "#iron_sword" },
				"west": { "uv": [ 14.75, 12.25, 15, 12.5 ], "texture": "#iron_sword" },
				"east": { "uv": [ 14.75, 12.25, 14.5, 12.5 ], "texture": "#iron_sword" }
			}
		},
		{
			"__comment": "Voxels",
			"from": [ -14, 8, 10 ],
			"to": [ -4, 9, 11 ],
			"faces": {
				"down": { "uv": [ 4.75, 14.5, 7.25, 14.75 ], "texture": "#iron_sword" },
				"up": { "uv": [ 1, 10, 3.5, 9.75 ], "texture": "#iron_sword" },
				"north": { "uv": [ 7.25, 14.25, 4.75, 14.5 ], "texture": "#iron_sword" },
				"south": { "uv": [ 1, 10, 3.5, 10.25 ], "texture": "#iron_sword" },
				"west": { "uv": [ 11.25, 11.5, 11.5, 11.75 ], "texture": "#iron_sword" },
				"east": { "uv": [ 11.5, 11.75, 11.25, 12 ], "texture": "#iron_sword" }
			}
		},
		{
			"__comment": "Voxels",
			"from": [ -14, 8, 12 ],
			"to": [ 3, 9, 13 ],
			"faces": {
				"down": { "uv": [ 0, 11.75, 4.25, 12 ], "texture": "#iron_sword" },
				"up": { "uv": [ 0, 11.75, 4.25, 11.5 ], "texture": "#iron_sword" },
				"north": { "uv": [ 4.25, 12, 0, 12.25 ], "texture": "#iron_sword" },
				"south": { "uv": [ 0, 11.25, 4.25, 11.5 ], "texture": "#iron_sword" },
				"west": { "uv": [ 11.25, 12, 11.5, 12.25 ], "texture": "#iron_sword" },
				"east": { "uv": [ 11.5, 12.25, 11.25, 12.5 ], "texture": "#iron_sword" }
			}
		},
		{
			"__comment": "Voxels",
			"from": [ -13, 7, 11 ],
			"to": [ -7, 8, 12 ],
			"faces": {
				"down": { "uv": [ 7.25, 8, 8.75, 8.25 ], "texture": "#iron_sword" },
				"up": { "uv": [ 9, 15, 10.5, 14.75 ], "texture": "#iron_sword" },
				"north": { "uv": [ 12, 14.75, 10.5, 15 ], "texture": "#iron_sword" },
				"south": { "uv": [ 12, 14.75, 13.5, 15 ], "texture": "#iron_sword" },
				"west": { "uv": [ 15.25, 12.5, 15.5, 12.75 ], "texture": "#iron_sword" },
				"east": { "uv": [ 15.25, 12.5, 15, 12.75 ], "texture": "#iron_sword" }
			}
		},
		{
			"__comment": "Voxels",
			"from": [ -13, 9, 11 ],
			"to": [ -7, 10, 12 ],
			"faces": {
				"down": { "uv": [ 7.25, 9, 8.75, 9.25 ], "texture": "#iron_sword" },
				"up": { "uv": [ 7.25, 8.5, 8.75, 8.25 ], "texture": "#iron_sword" },
				"north": { "uv": [ 8.75, 8.5, 7.25, 8.75 ], "texture": "#iron_sword" },
				"south": { "uv": [ 7.25, 8.75, 8.75, 9 ], "texture": "#iron_sword" },
				"west": { "uv": [ 14.75, 12.5, 15, 12.75 ], "texture": "#iron_sword" },
				"east": { "uv": [ 14.75, 12.5, 14.5, 12.75 ], "texture": "#iron_sword" }
			}
		},
		{
			"__comment": "Voxels",
			"from": [ -12, 8, 9 ],
			"to": [ 28, 9, 10 ],
			"faces": {
				"down": { "uv": [ 4.75, 15.25, 14.75, 15.5 ], "texture": "#iron_sword" },
				"up": { "uv": [ 4.75, 15.75, 14.75, 15.5 ], "texture": "#iron_sword" },
				"north": { "uv": [ 14.75, 15, 4.75, 15.25 ], "texture": "#iron_sword" },
				"south": { "uv": [ 4.75, 15.75, 14.75, 16 ], "texture": "#iron_sword" },
				"west": { "uv": [ 11, 8.25, 11.25, 8.5 ], "texture": "#iron_sword" },
				"east": { "uv": [ 11.25, 8.5, 11, 8.75 ], "texture": "#iron_sword" }
			}
		},
		{
			"__comment": "Voxels",
			"from": [ -12, 8, 13 ],
			"to": [ -2, 9, 14 ],
			"faces": {
				"down": { "uv": [ 1, 8.75, 3.5, 9 ], "texture": "#iron_sword" },
				"up": { "uv": [ 1, 8.75, 3.5, 8.5 ], "texture": "#iron_sword" },
				"north": { "uv": [ 3.5, 8.25, 1, 8.5 ], "texture": "#iron_sword" },
				"south": { "uv": [ 1, 8, 3.5, 8.25 ], "texture": "#iron_sword" },
				"west": { "uv": [ 11, 8.75, 11.25, 9 ], "texture": "#iron_sword" },
				"east": { "uv": [ 11.25, 9, 11, 9.25 ], "texture": "#iron_sword" }
			}
		},
		{
			"__comment": "Voxels",
			"from": [ -11, 7, 10 ],
			"to": [ -4, 8, 11 ],
			"faces": {
				"down": { "uv": [ 7.25, 12.5, 9, 12.75 ], "texture": "#iron_sword" },
				"up": { "uv": [ 7.25, 12.5, 9, 12.25 ], "texture": "#iron_sword" },
				"north": { "uv": [ 9, 12, 7.25, 12.25 ], "texture": "#iron_sword" },
				"south": { "uv": [ 7.25, 11.75, 9, 12 ], "texture": "#iron_sword" },
				"west": { "uv": [ 11, 9.75, 11.25, 10 ], "texture": "#iron_sword" },
				"east": { "uv": [ 11.25, 10, 11, 10.25 ], "texture": "#iron_sword" }
			}
		},
		{
			"__comment": "Voxels",
			"from": [ -11, 9, 10 ],
			"to": [ -4, 10, 11 ],
			"faces": {
				"down": { "uv": [ 7.25, 14.5, 9, 14.75 ], "texture": "#iron_sword" },
				"up": { "uv": [ 7.25, 11.25, 9, 11 ], "texture": "#iron_sword" },
				"north": { "uv": [ 9, 10.75, 7.25, 11 ], "texture": "#iron_sword" },
				"south": { "uv": [ 7.25, 14.25, 9, 14.5 ], "texture": "#iron_sword" },
				"west": { "uv": [ 11, 10.25, 11.25, 10.5 ], "texture": "#iron_sword" },
				"east": { "uv": [ 11.25, 10.5, 11, 10.75 ], "texture": "#iron_sword" }
			}
		},
		{
			"__comment": "Voxels",
			"from": [ -10, 7, 12 ],
			"to": [ -3, 8, 13 ],
			"faces": {
				"down": { "uv": [ 7.25, 10, 9, 10.25 ], "texture": "#iron_sword" },
				"up": { "uv": [ 7.25, 10, 9, 9.75 ], "texture": "#iron_sword" },
				"north": { "uv": [ 9, 9.5, 7.25, 9.75 ], "texture": "#iron_sword" },
				"south": { "uv": [ 7.25, 9.25, 9, 9.5 ], "texture": "#iron_sword" },
				"west": { "uv": [ 11, 11.25, 11.25, 11.5 ], "texture": "#iron_sword" },
				"east": { "uv": [ 11.25, 11.5, 11, 11.75 ], "texture": "#iron_sword" }
			}
		},
		{
			"__comment": "Voxels",
			"from": [ -10, 8, 14 ],
			"to": [ -4, 9, 15 ],
			"faces": {
				"down": { "uv": [ 12.5, 14.5, 14, 14.75 ], "texture": "#iron_sword" },
				"up": { "uv": [ 11, 14.75, 12.5, 14.5 ], "texture": "#iron_sword" },
				"north": { "uv": [ 11, 14.5, 9.5, 14.75 ], "texture": "#iron_sword" },
				"south": { "uv": [ 13.5, 14.75, 15, 15 ], "texture": "#iron_sword" },
				"west": { "uv": [ 11, 11.75, 11.25, 12 ], "texture": "#iron_sword" },
				"east": { "uv": [ 11.25, 12, 11, 12.25 ], "texture": "#iron_sword" }
			}
		},
		{
			"__comment": "Voxels",
			"from": [ -10, 9, 12 ],
			"to": [ -3, 10, 13 ],
			"faces": {
				"down": { "uv": [ 5.5, 8.5, 7.25, 8.75 ], "texture": "#iron_sword" },
				"up": { "uv": [ 5.5, 8.5, 7.25, 8.25 ], "texture": "#iron_sword" },
				"north": { "uv": [ 7.25, 8, 5.5, 8.25 ], "texture": "#iron_sword" },
				"south": { "uv": [ 7.25, 14.75, 9, 15 ], "texture": "#iron_sword" },
				"west": { "uv": [ 15.75, 12.75, 16, 13 ], "texture": "#iron_sword" },
				"east": { "uv": [ 15.75, 12.75, 15.5, 13 ], "texture": "#iron_sword" }
			}
		},
		{
			"__comment": "Voxels",
			"from": [ -9, 7, 13 ],
			"to": [ -6, 8, 14 ],
			"faces": {
				"down": { "uv": [ 12, 13.5, 12.75, 13.75 ], "texture": "#iron_sword" },
				"up": { "uv": [ 9.5, 11.5, 10.25, 11.25 ], "texture": "#iron_sword" },
				"north": { "uv": [ 10.25, 11.5, 9.5, 11.75 ], "texture": "#iron_sword" },
				"south": { "uv": [ 9.5, 11.75, 10.25, 12 ], "texture": "#iron_sword" },
				"west": { "uv": [ 15.25, 12.75, 15.5, 13 ], "texture": "#iron_sword" },
				"east": { "uv": [ 15.25, 12.75, 15, 13 ], "texture": "#iron_sword" }
			}
		},
		{
			"__comment": "Voxels",
			"from": [ -9, 8, 15 ],
			"to": [ -6, 9, 16 ],
			"faces": {
				"down": { "uv": [ 4.75, 8, 5.5, 8.25 ], "texture": "#iron_sword" },
				"up": { "uv": [ 4, 10.5, 4.75, 10.25 ], "texture": "#iron_sword" },
				"north": { "uv": [ 4.75, 10.5, 4, 10.75 ], "texture": "#iron_sword" },
				"south": { "uv": [ 14.75, 14, 15.5, 14.25 ], "texture": "#iron_sword" },
				"west": { "uv": [ 14.25, 12.75, 14.5, 13 ], "texture": "#iron_sword" },
				"east": { "uv": [ 14.25, 12.75, 14, 13 ], "texture": "#iron_sword" }
			}
		},
		{
			"__comment": "Voxels",
			"from": [ -9, 8, 16 ],
			"to": [ -7, 9, 17 ],
			"faces": {
				"down": { "uv": [ 10.5, 10.25, 11, 10.5 ], "texture": "#iron_sword" },
				"up": { "uv": [ 10.5, 10.25, 11, 10 ], "texture": "#iron_sword" },
				"north": { "uv": [ 4.75, 12, 4.25, 12.25 ], "texture": "#iron_sword" },
				"south": { "uv": [ 4.25, 11.75, 4.75, 12 ], "texture": "#iron_sword" },
				"west": { "uv": [ 13.75, 12.75, 14, 13 ], "texture": "#iron_sword" },
				"east": { "uv": [ 13.75, 12.75, 13.5, 13 ], "texture": "#iron_sword" }
			}
		},
		{
			"__comment": "Voxels",
			"from": [ -9, 9, 13 ],
			"to": [ -6, 10, 14 ],
			"faces": {
				"down": { "uv": [ 13.25, 13.75, 14, 14 ], "texture": "#iron_sword" },
				"up": { "uv": [ 12.5, 14, 13.25, 13.75 ], "texture": "#iron_sword" },
				"north": { "uv": [ 12.5, 13.75, 11.75, 14 ], "texture": "#iron_sword" },
				"south": { "uv": [ 11, 13.75, 11.75, 14 ], "texture": "#iron_sword" },
				"west": { "uv": [ 15.75, 13.5, 16, 13.75 ], "texture": "#iron_sword" },
				"east": { "uv": [ 10.5, 8, 10.25, 8.25 ], "texture": "#iron_sword" }
			}
		},
		{
			"__comment": "Voxels",
			"from": [ -8, 7, 14 ],
			"to": [ -7, 8, 15 ],
			"faces": {
				"down": { "uv": [ 10.25, 8.25, 10.5, 8.5 ], "texture": "#iron_sword" },
				"up": { "uv": [ 10.25, 8.75, 10.5, 8.5 ], "texture": "#iron_sword" },
				"north": { "uv": [ 10.5, 9.25, 10.25, 9.5 ], "texture": "#iron_sword" },
				"south": { "uv": [ 10.25, 9.5, 10.5, 9.75 ], "texture": "#iron_sword" },
				"west": { "uv": [ 10.25, 9.75, 10.5, 10 ], "texture": "#iron_sword" },
				"east": { "uv": [ 10.5, 10, 10.25, 10.25 ], "texture": "#iron_sword" }
			}
		},
		{
			"__comment": "Voxels",
			"from": [ -8, 8, 8 ],
			"to": [ 8, 9, 9 ],
			"faces": {
				"down": { "uv": [ 0, 11, 4, 11.25 ], "texture": "#iron_sword" },
				"up": { "uv": [ 0, 10.5, 4, 10.25 ], "texture": "#iron_sword" },
				"north": { "uv": [ 4, 10.5, 0, 10.75 ], "texture": "#iron_sword" },
				"south": { "uv": [ 0, 10.75, 4, 11 ], "texture": "#iron_sword" },
				"west": { "uv": [ 10.25, 11.75, 10.5, 12 ], "texture": "#iron_sword" },
				"east": { "uv": [ 10.5, 12, 10.25, 12.25 ], "texture": "#iron_sword" }
			}
		},
		{
			"__comment": "Voxels",
			"from": [ -8, 8, 17 ],
			"to": [ -7, 9, 18 ],
			"faces": {
				"down": { "uv": [ 10.25, 12.25, 10.5, 12.5 ], "texture": "#iron_sword" },
				"up": { "uv": [ 10.25, 12.75, 10.5, 12.5 ], "texture": "#iron_sword" },
				"north": { "uv": [ 9, 8.25, 8.75, 8.5 ], "texture": "#iron_sword" },
				"south": { "uv": [ 8.75, 8.5, 9, 8.75 ], "texture": "#iron_sword" },
				"west": { "uv": [ 8.75, 8.75, 9, 9 ], "texture": "#iron_sword" },
				"east": { "uv": [ 9, 9, 8.75, 9.25 ], "texture": "#iron_sword" }
			}
		},
		{
			"__comment": "Voxels",
			"from": [ -8, 9, 14 ],
			"to": [ -7, 10, 15 ],
			"faces": {
				"down": { "uv": [ 7, 9.75, 7.25, 10 ], "texture": "#iron_sword" },
				"up": { "uv": [ 7, 10.25, 7.25, 10 ], "texture": "#iron_sword" },
				"north": { "uv": [ 7.25, 10.25, 7, 10.5 ], "texture": "#iron_sword" },
				"south": { "uv": [ 7, 10.5, 7.25, 10.75 ], "texture": "#iron_sword" },
				"west": { "uv": [ 7, 10.75, 7.25, 11 ], "texture": "#iron_sword" },
				"east": { "uv": [ 7.25, 11, 7, 11.25 ], "texture": "#iron_sword" }
			}
		},
		{
			"__comment": "Voxels",
			"from": [ -7, 7, 9 ],
			"to": [ 2, 8, 10 ],
			"faces": {
				"down": { "uv": [ 4.75, 14, 7, 14.25 ], "texture": "#iron_sword" },
				"up": { "uv": [ 4.75, 10, 7, 9.75 ], "texture": "#iron_sword" },
				"north": { "uv": [ 7, 10, 4.75, 10.25 ], "texture": "#iron_sword" },
				"south": { "uv": [ 4.75, 10.25, 7, 10.5 ], "texture": "#iron_sword" },
				"west": { "uv": [ 7, 11.25, 7.25, 11.5 ], "texture": "#iron_sword" },
				"east": { "uv": [ 7.25, 11.5, 7, 11.75 ], "texture": "#iron_sword" }
			}
		},
		{
			"__comment": "Voxels",
			"from": [ -7, 9, 9 ],
			"to": [ 2, 10, 10 ],
			"faces": {
				"down": { "uv": [ 4.75, 10.5, 7, 10.75 ], "texture": "#iron_sword" },
				"up": { "uv": [ 4.75, 11.25, 7, 11 ], "texture": "#iron_sword" },
				"north": { "uv": [ 7, 11.25, 4.75, 11.5 ], "texture": "#iron_sword" },
				"south": { "uv": [ 4.75, 11.5, 7, 11.75 ], "texture": "#iron_sword" },
				"west": { "uv": [ 13.75, 12.25, 14, 12.5 ], "texture": "#iron_sword" },
				"east": { "uv": [ 13.75, 12.25, 13.5, 12.5 ], "texture": "#iron_sword" }
			}
		},
		{
			"__comment": "Voxels",
			"from": [ -6, 7, 11 ],
			"to": [ 1, 10, 12 ],
			"faces": {
				"down": { "uv": [ 7.25, 14, 9, 14.25 ], "texture": "#iron_sword" },
				"up": { "uv": [ 7.25, 14, 9, 13.75 ], "texture": "#iron_sword" },
				"north": { "uv": [ 3.5, 13.75, 1.75, 14.5 ], "texture": "#iron_sword" },
				"south": { "uv": [ 0, 13.75, 1.75, 14.5 ], "texture": "#iron_sword" },
				"west": { "uv": [ 7, 12, 7.25, 12.75 ], "texture": "#iron_sword" },
				"east": { "uv": [ 5.5, 8.25, 5.25, 9 ], "texture": "#iron_sword" }
			}
		},
		{
			"__comment": "Voxels",
			"from": [ -3, 7, 10 ],
			"to": [ -1, 10, 11 ],
			"faces": {
				"down": { "uv": [ 4.25, 11.5, 4.75, 11.75 ], "texture": "#iron_sword" },
				"up": { "uv": [ 4.25, 11.5, 4.75, 11.25 ], "texture": "#iron_sword" },
				"north": { "uv": [ 9.5, 13.25, 9, 14 ], "texture": "#iron_sword" },
				"south": { "uv": [ 4.25, 8.5, 4.75, 9.25 ], "texture": "#iron_sword" },
				"west": { "uv": [ 9, 12.5, 9.25, 13.25 ], "texture": "#iron_sword" },
				"east": { "uv": [ 9.5, 12.5, 9.25, 13.25 ], "texture": "#iron_sword" }
			}
		},
		{
			"__comment": "Voxels",
			"from": [ -3, 8, 7 ],
			"to": [ 2, 9, 8 ],
			"faces": {
				"down": { "uv": [ 14.75, 15.5, 16, 15.75 ], "texture": "#iron_sword" },
				"up": { "uv": [ 3.5, 9.75, 4.75, 9.5 ], "texture": "#iron_sword" },
				"north": { "uv": [ 4.75, 9.25, 3.5, 9.5 ], "texture": "#iron_sword" },
				"south": { "uv": [ 14.75, 15.75, 16, 16 ], "texture": "#iron_sword" },
				"west": { "uv": [ 13.25, 12.25, 13.5, 12.5 ], "texture": "#iron_sword" },
				"east": { "uv": [ 13.25, 12.25, 13, 12.5 ], "texture": "#iron_sword" }
			}
		},
		{
			"__comment": "Voxels",
			"from": [ -2, 7, 8 ],
			"to": [ 1, 8, 9 ],
			"faces": {
				"down": { "uv": [ 14, 13.75, 14.75, 14 ], "texture": "#iron_sword" },
				"up": { "uv": [ 14.75, 14, 15.5, 13.75 ], "texture": "#iron_sword" },
				"north": { "uv": [ 10.25, 13.5, 9.5, 13.75 ], "texture": "#iron_sword" },
				"south": { "uv": [ 9.5, 13.25, 10.25, 13.5 ], "texture": "#iron_sword" },
				"west": { "uv": [ 11.75, 12.25, 12, 12.5 ], "texture": "#iron_sword" },
				"east": { "uv": [ 11.75, 12.25, 11.5, 12.5 ], "texture": "#iron_sword" }
			}
		},
		{
			"__comment": "Voxels",
			"from": [ -2, 9, 8 ],
			"to": [ 1, 10, 9 ],
			"faces": {
				"down": { "uv": [ 9.5, 13, 10.25, 13.25 ], "texture": "#iron_sword" },
				"up": { "uv": [ 9.5, 13, 10.25, 12.75 ], "texture": "#iron_sword" },
				"north": { "uv": [ 10.25, 12.5, 9.5, 12.75 ], "texture": "#iron_sword" },
				"south": { "uv": [ 9.5, 12.25, 10.25, 12.5 ], "texture": "#iron_sword" },
				"west": { "uv": [ 7, 13, 7.25, 13.25 ], "texture": "#iron_sword" },
				"east": { "uv": [ 7.25, 14, 7, 14.25 ], "texture": "#iron_sword" }
			}
		},
		{
			"__comment": "Voxels",
			"from": [ 0, 7, 10 ],
			"to": [ 19, 10, 11 ],
			"faces": {
				"down": { "uv": [ 0, 13.5, 4.75, 13.75 ], "texture": "#iron_sword" },
				"up": { "uv": [ 0, 13.5, 4.75, 13.25 ], "texture": "#iron_sword" },
				"north": { "uv": [ 4.75, 15.25, 0, 16 ], "texture": "#iron_sword" },
				"south": { "uv": [ 0, 14.5, 4.75, 15.25 ], "texture": "#iron_sword" },
				"west": { "uv": [ 9.25, 11, 9.5, 11.75 ], "texture": "#iron_sword" },
				"east": { "uv": [ 9.25, 10.25, 9, 11 ], "texture": "#iron_sword" }
			}
		},
		{
			"__comment": "Voxels",
			"from": [ 1, 8, 11 ],
			"to": [ 19, 9, 12 ],
			"faces": {
				"down": { "uv": [ 0, 12.25, 4.5, 12.5 ], "texture": "#iron_sword" },
				"up": { "uv": [ 0, 12.75, 4.5, 12.5 ], "texture": "#iron_sword" },
				"north": { "uv": [ 4.5, 12.75, 0, 13 ], "texture": "#iron_sword" },
				"south": { "uv": [ 0, 13, 4.5, 13.25 ], "texture": "#iron_sword" },
				"west": { "uv": [ 15.75, 15, 16, 15.25 ], "texture": "#iron_sword" },
				"east": { "uv": [ 16, 15.25, 15.75, 15.5 ], "texture": "#iron_sword" }
			}
		},
		{
			"__comment": "Voxels",
			"from": [ 5, 8, 7 ],
			"to": [ 8, 9, 8 ],
			"faces": {
				"down": { "uv": [ 15.5, 14.25, 16, 14.5 ], "texture": "#iron_sword" },
				"up": { "uv": [ 15.5, 14.25, 16, 14 ], "texture": "#iron_sword" },
				"north": { "uv": [ 16, 13.75, 15.5, 14 ], "texture": "#iron_sword" },
				"south": { "uv": [ 14.25, 13.5, 14.75, 13.75 ], "texture": "#iron_sword" },
				"west": { "uv": [ 4.5, 12.75, 4.75, 13 ], "texture": "#iron_sword" },
				"east": { "uv": [ 4.75, 13, 4.5, 13.25 ], "texture": "#iron_sword" }
			}
		},
		{
			"__comment": "Voxels",
			"from": [ 6, 8, 6 ],
			"to": [ 7, 9, 7 ],
			"faces": {
				"down": { "uv": [ 11.5, 8.25, 11.75, 8.5 ], "texture": "#iron_sword" },
				"up": { "uv": [ 11.5, 8.75, 11.75, 8.5 ], "texture": "#iron_sword" },
				"north": { "uv": [ 11.75, 9.75, 11.5, 10 ], "texture": "#iron_sword" },
				"south": { "uv": [ 11.5, 10, 11.75, 10.25 ], "texture": "#iron_sword" },
				"west": { "uv": [ 11.5, 10.25, 11.75, 10.5 ], "texture": "#iron_sword" },
				"east": { "uv": [ 11.75, 10.5, 11.5, 10.75 ], "texture": "#iron_sword" }
			}
		},
		{
			"__comment": "Voxels",
			"from": [ 8, 7, 14 ],
			"to": [ 12, 10, 15 ],
			"faces": {
				"down": { "uv": [ 9.5, 14, 10.5, 14.25 ], "texture": "#iron_sword" },
				"up": { "uv": [ 10.5, 14.25, 11.5, 14 ], "texture": "#iron_sword" },
				"north": { "uv": [ 1, 9.5, 0, 10.25 ], "texture": "#iron_sword" },
				"south": { "uv": [ 3.5, 13.75, 4.5, 14.5 ], "texture": "#iron_sword" },
				"west": { "uv": [ 0.75, 8.75, 1, 9.5 ], "texture": "#iron_sword" },
				"east": { "uv": [ 4.75, 13.75, 4.5, 14.5 ], "texture": "#iron_sword" }
			}
		},
		{
			"__comment": "Voxels",
			"from": [ 8, 8, 15 ],
			"to": [ 11, 9, 16 ],
			"faces": {
				"down": { "uv": [ 11.25, 13.5, 12, 13.75 ], "texture": "#iron_sword" },
				"up": { "uv": [ 10.5, 13.75, 11.25, 13.5 ], "texture": "#iron_sword" },
				"north": { "uv": [ 14, 14, 13.25, 14.25 ], "texture": "#iron_sword" },
				"south": { "uv": [ 14, 14, 14.75, 14.25 ], "texture": "#iron_sword" },
				"west": { "uv": [ 11.5, 11.75, 11.75, 12 ], "texture": "#iron_sword" },
				"east": { "uv": [ 11.75, 12, 11.5, 12.25 ], "texture": "#iron_sword" }
			}
		},
		{
			"__comment": "Voxels",
			"from": [ 9, 7, 15 ],
			"to": [ 11, 8, 16 ],
			"faces": {
				"down": { "uv": [ 14.75, 13.5, 15.25, 13.75 ], "texture": "#iron_sword" },
				"up": { "uv": [ 15.25, 13.75, 15.75, 13.5 ], "texture": "#iron_sword" },
				"north": { "uv": [ 11, 13.25, 10.5, 13.5 ], "texture": "#iron_sword" },
				"south": { "uv": [ 11, 13.25, 11.5, 13.5 ], "texture": "#iron_sword" },
				"west": { "uv": [ 15.25, 12.25, 15.5, 12.5 ], "texture": "#iron_sword" },
				"east": { "uv": [ 15.25, 12.25, 15, 12.5 ], "texture": "#iron_sword" }
			}
		},
		{
			"__comment": "Voxels",
			"from": [ 9, 9, 15 ],
			"to": [ 11, 10, 16 ],
			"faces": {
				"down": { "uv": [ 11.5, 13.25, 12, 13.5 ], "texture": "#iron_sword" },
				"up": { "uv": [ 12, 13.5, 12.5, 13.25 ], "texture": "#iron_sword" },
				"north": { "uv": [ 13, 13.25, 12.5, 13.5 ], "texture": "#iron_sword" },
				"south": { "uv": [ 13, 13.25, 13.5, 13.5 ], "texture": "#iron_sword" },
				"west": { "uv": [ 12, 12.25, 12.25, 12.5 ], "texture": "#iron_sword" },
				"east": { "uv": [ 12.5, 12.25, 12.25, 12.5 ], "texture": "#iron_sword" }
			}
		},
		{
			"__comment": "Voxels",
			"from": [ 10, 7, 13 ],
			"to": [ 13, 10, 14 ],
			"faces": {
				"down": { "uv": [ 9.5, 9.5, 10.25, 9.75 ], "texture": "#iron_sword" },
				"up": { "uv": [ 9.5, 10, 10.25, 9.75 ], "texture": "#iron_sword" },
				"north": { "uv": [ 0.75, 8.75, 0, 9.5 ], "texture": "#iron_sword" },
				"south": { "uv": [ 5.5, 12, 6.25, 12.75 ], "texture": "#iron_sword" },
				"west": { "uv": [ 10, 8.5, 10.25, 9.25 ], "texture": "#iron_sword" },
				"east": { "uv": [ 10, 8.5, 9.75, 9.25 ], "texture": "#iron_sword" }
			}
		},
		{
			"__comment": "Voxels",
			"from": [ 11, 7, 12 ],
			"to": [ 14, 10, 13 ],
			"faces": {
				"down": { "uv": [ 9.5, 8, 10.25, 8.25 ], "texture": "#iron_sword" },
				"up": { "uv": [ 9.5, 8.5, 10.25, 8.25 ], "texture": "#iron_sword" },
				"north": { "uv": [ 4.25, 8.5, 3.5, 9.25 ], "texture": "#iron_sword" },
				"south": { "uv": [ 0, 8, 0.75, 8.75 ], "texture": "#iron_sword" },
				"west": { "uv": [ 9.25, 8, 9.5, 8.75 ], "texture": "#iron_sword" },
				"east": { "uv": [ 9.25, 8, 9, 8.75 ], "texture": "#iron_sword" }
			}
		},
		{
			"__comment": "Voxels",
			"from": [ 12, 7, 7 ],
			"to": [ 15, 10, 8 ],
			"faces": {
				"down": { "uv": [ 9.5, 10.25, 10.25, 10.5 ], "texture": "#iron_sword" },
				"up": { "uv": [ 9.5, 10.75, 10.25, 10.5 ], "texture": "#iron_sword" },
				"north": { "uv": [ 6.25, 13.25, 5.5, 14 ], "texture": "#iron_sword" },
				"south": { "uv": [ 6.25, 13.25, 7, 14 ], "texture": "#iron_sword" },
				"west": { "uv": [ 9, 11, 9.25, 11.75 ], "texture": "#iron_sword" },
				"east": { "uv": [ 9.5, 11.75, 9.25, 12.5 ], "texture": "#iron_sword" }
			}
		},
		{
			"__comment": "Voxels",
			"from": [ 12, 7, 8 ],
			"to": [ 14, 10, 9 ],
			"faces": {
				"down": { "uv": [ 13.5, 13.25, 14, 13.5 ], "texture": "#iron_sword" },
				"up": { "uv": [ 14, 13.5, 14.5, 13.25 ], "texture": "#iron_sword" },
				"north": { "uv": [ 9.5, 14, 9, 14.75 ], "texture": "#iron_sword" },
				"south": { "uv": [ 4.75, 8.25, 5.25, 9 ], "texture": "#iron_sword" },
				"west": { "uv": [ 7, 13.25, 7.25, 14 ], "texture": "#iron_sword" },
				"east": { "uv": [ 1, 8, 0.75, 8.75 ], "texture": "#iron_sword" }
			}
		},
		{
			"__comment": "Voxels",
			"from": [ 12, 7, 9 ],
			"to": [ 14, 8, 10 ],
			"faces": {
				"down": { "uv": [ 14.5, 13.25, 15, 13.5 ], "texture": "#iron_sword" },
				"up": { "uv": [ 15, 13.5, 15.5, 13.25 ], "texture": "#iron_sword" },
				"north": { "uv": [ 16, 13.25, 15.5, 13.5 ], "texture": "#iron_sword" },
				"south": { "uv": [ 10.5, 13, 11, 13.25 ], "texture": "#iron_sword" },
				"west": { "uv": [ 11.5, 11.5, 11.75, 11.75 ], "texture": "#iron_sword" },
				"east": { "uv": [ 11.75, 11.25, 11.5, 11.5 ], "texture": "#iron_sword" }
			}
		},
		{
			"__comment": "Voxels",
			"from": [ 12, 7, 11 ],
			"to": [ 14, 8, 12 ],
			"faces": {
				"down": { "uv": [ 11, 13, 11.5, 13.25 ], "texture": "#iron_sword" },
				"up": { "uv": [ 11.5, 13.25, 12, 13 ], "texture": "#iron_sword" },
				"north": { "uv": [ 12.5, 13, 12, 13.25 ], "texture": "#iron_sword" },
				"south": { "uv": [ 12.5, 13, 13, 13.25 ], "texture": "#iron_sword" },
				"west": { "uv": [ 11.5, 9, 11.75, 9.25 ], "texture": "#iron_sword" },
				"east": { "uv": [ 11.75, 8.75, 11.5, 9 ], "texture": "#iron_sword" }
			}
		},
		{
			"__comment": "Voxels",
			"from": [ 12, 9, 9 ],
			"to": [ 14, 10, 10 ],
			"faces": {
				"down": { "uv": [ 13, 13, 13.5, 13.25 ], "texture": "#iron_sword" },
				"up": { "uv": [ 13.5, 13.25, 14, 13 ], "texture": "#iron_sword" },
				"north": { "uv": [ 14.5, 13, 14, 13.25 ], "texture": "#iron_sword" },
				"south": { "uv": [ 14.5, 13, 15, 13.25 ], "texture": "#iron_sword" },
				"west": { "uv": [ 4.5, 12.5, 4.75, 12.75 ], "texture": "#iron_sword" },
				"east": { "uv": [ 4.75, 12.25, 4.5, 12.5 ], "texture": "#iron_sword" }
			}
		},
		{
			"__comment": "Voxels",
			"from": [ 12, 9, 11 ],
			"to": [ 14, 10, 12 ],
			"faces": {
				"down": { "uv": [ 15, 13, 15.5, 13.25 ], "texture": "#iron_sword" },
				"up": { "uv": [ 15.5, 13.25, 16, 13 ], "texture": "#iron_sword" },
				"north": { "uv": [ 11, 12.75, 10.5, 13 ], "texture": "#iron_sword" },
				"south": { "uv": [ 10.5, 12.5, 11, 12.75 ], "texture": "#iron_sword" },
				"west": { "uv": [ 7, 12.75, 7.25, 13 ], "texture": "#iron_sword" },
				"east": { "uv": [ 7.25, 11.75, 7, 12 ], "texture": "#iron_sword" }
			}
		},
		{
			"__comment": "Voxels",
			"from": [ 13, 7, 6 ],
			"to": [ 16, 10, 7 ],
			"faces": {
				"down": { "uv": [ 4, 10.75, 4.75, 11 ], "texture": "#iron_sword" },
				"up": { "uv": [ 4, 11.25, 4.75, 11 ], "texture": "#iron_sword" },
				"north": { "uv": [ 7, 12, 6.25, 12.75 ], "texture": "#iron_sword" },
				"south": { "uv": [ 4.75, 9, 5.5, 9.75 ], "texture": "#iron_sword" },
				"west": { "uv": [ 10.25, 13, 10.5, 13.75 ], "texture": "#iron_sword" },
				"east": { "uv": [ 9.75, 8.5, 9.5, 9.25 ], "texture": "#iron_sword" }
			}
		},
		{
			"__comment": "Voxels",
			"from": [ 14, 7, 5 ],
			"to": [ 17, 10, 6 ],
			"faces": {
				"down": { "uv": [ 9.5, 9.25, 10.25, 9.5 ], "texture": "#iron_sword" },
				"up": { "uv": [ 9.5, 10.25, 10.25, 10 ], "texture": "#iron_sword" },
				"north": { "uv": [ 5.5, 12, 4.75, 12.75 ], "texture": "#iron_sword" },
				"south": { "uv": [ 4.75, 13.25, 5.5, 14 ], "texture": "#iron_sword" },
				"west": { "uv": [ 9.25, 8.75, 9.5, 9.5 ], "texture": "#iron_sword" },
				"east": { "uv": [ 9.25, 8.75, 9, 9.5 ], "texture": "#iron_sword" }
			}
		},
		{
			"__comment": "Voxels",
			"from": [ 15, 7, 4 ],
			"to": [ 16, 10, 5 ],
			"faces": {
				"down": { "uv": [ 8.75, 8, 9, 8.25 ], "texture": "#iron_sword" },
				"up": { "uv": [ 10.25, 13, 10.5, 12.75 ], "texture": "#iron_sword" },
				"north": { "uv": [ 9.5, 9.5, 9.25, 10.25 ], "texture": "#iron_sword" },
				"south": { "uv": [ 9, 9.5, 9.25, 10.25 ], "texture": "#iron_sword" },
				"west": { "uv": [ 9.25, 10.25, 9.5, 11 ], "texture": "#iron_sword" },
				"east": { "uv": [ 9.25, 11.75, 9, 12.5 ], "texture": "#iron_sword" }
			}
		},
		{
			"__comment": "Voxels",
			"from": [ 16, 8, 4 ],
			"to": [ 17, 9, 5 ],
			"faces": {
				"down": { "uv": [ 10.25, 11.5, 10.5, 11.75 ], "texture": "#iron_sword" },
				"up": { "uv": [ 10.25, 11.5, 10.5, 11.25 ], "texture": "#iron_sword" },
				"north": { "uv": [ 10.5, 11, 10.25, 11.25 ], "texture": "#iron_sword" },
				"south": { "uv": [ 10.25, 10.75, 10.5, 11 ], "texture": "#iron_sword" },
				"west": { "uv": [ 10.25, 10.5, 10.5, 10.75 ], "texture": "#iron_sword" },
				"east": { "uv": [ 10.5, 10.25, 10.25, 10.5 ], "texture": "#iron_sword" }
			}
		},
		{
			"__comment": "Voxels",
			"from": [ 18, 7, 9 ],
			"to": [ 22, 8, 10 ],
			"faces": {
				"down": { "uv": [ 11.5, 14, 12.5, 14.25 ], "texture": "#iron_sword" },
				"up": { "uv": [ 9.5, 14.5, 10.5, 14.25 ], "texture": "#iron_sword" },
				"north": { "uv": [ 11.5, 14.25, 10.5, 14.5 ], "texture": "#iron_sword" },
				"south": { "uv": [ 14.75, 15.25, 15.75, 15.5 ], "texture": "#iron_sword" },
				"west": { "uv": [ 10.25, 9, 10.5, 9.25 ], "texture": "#iron_sword" },
				"east": { "uv": [ 10.5, 8.75, 10.25, 9 ], "texture": "#iron_sword" }
			}
		},
		{
			"__comment": "Voxels",
			"from": [ 18, 8, 8 ],
			"to": [ 28, 9, 9 ],
			"faces": {
				"down": { "uv": [ 1, 9.5, 3.5, 9.75 ], "texture": "#iron_sword" },
				"up": { "uv": [ 4.75, 15, 7.25, 14.75 ], "texture": "#iron_sword" },
				"north": { "uv": [ 3.5, 9, 1, 9.25 ], "texture": "#iron_sword" },
				"south": { "uv": [ 1, 9.25, 3.5, 9.5 ], "texture": "#iron_sword" },
				"west": { "uv": [ 13, 12.75, 13.25, 13 ], "texture": "#iron_sword" },
				"east": { "uv": [ 13.5, 12.75, 13.25, 13 ], "texture": "#iron_sword" }
			}
		},
		{
			"__comment": "Voxels",
			"from": [ 18, 9, 9 ],
			"to": [ 22, 10, 10 ],
			"faces": {
				"down": { "uv": [ 13.5, 14.25, 14.5, 14.5 ], "texture": "#iron_sword" },
				"up": { "uv": [ 14.5, 14.5, 15.5, 14.25 ], "texture": "#iron_sword" },
				"north": { "uv": [ 13.5, 14.25, 12.5, 14.5 ], "texture": "#iron_sword" },
				"south": { "uv": [ 11.5, 14.25, 12.5, 14.5 ], "texture": "#iron_sword" },
				"west": { "uv": [ 14.5, 12.75, 14.75, 13 ], "texture": "#iron_sword" },
				"east": { "uv": [ 15, 12.75, 14.75, 13 ], "texture": "#iron_sword" }
			}
		},
		{
			"__comment": "Voxels",
			"from": [ 19, 8, 10 ],
			"to": [ 22, 9, 11 ],
			"faces": {
				"down": { "uv": [ 12.5, 14, 13.25, 14.25 ], "texture": "#iron_sword" },
				"up": { "uv": [ 9.5, 12.25, 10.25, 12 ], "texture": "#iron_sword" },
				"north": { "uv": [ 10.25, 11, 9.5, 11.25 ], "texture": "#iron_sword" },
				"south": { "uv": [ 9.5, 10.75, 10.25, 11 ], "texture": "#iron_sword" },
				"west": { "uv": [ 11, 12.5, 11.25, 12.75 ], "texture": "#iron_sword" },
				"east": { "uv": [ 11.25, 12.25, 11, 12.5 ], "texture": "#iron_sword" }
			}
		},
		{
			"__comment": "Voxels",
			"from": [ 21, 7, 8 ],
			"to": [ 28, 8, 9 ],
			"faces": {
				"down": { "uv": [ 5.5, 8.75, 7.25, 9 ], "texture": "#iron_sword" },
				"up": { "uv": [ 5.5, 9.25, 7.25, 9 ], "texture": "#iron_sword" },
				"north": { "uv": [ 7.25, 9.25, 5.5, 9.5 ], "texture": "#iron_sword" },
				"south": { "uv": [ 5.5, 9.5, 7.25, 9.75 ], "texture": "#iron_sword" },
				"west": { "uv": [ 11, 11, 11.25, 11.25 ], "texture": "#iron_sword" },
				"east": { "uv": [ 11.25, 10.75, 11, 11 ], "texture": "#iron_sword" }
			}
		},
		{
			"__comment": "Voxels",
			"from": [ 21, 8, 7 ],
			"to": [ 28, 9, 8 ],
			"faces": {
				"down": { "uv": [ 7.25, 10.25, 9, 10.5 ], "texture": "#iron_sword" },
				"up": { "uv": [ 7.25, 10.75, 9, 10.5 ], "texture": "#iron_sword" },
				"north": { "uv": [ 9, 11.25, 7.25, 11.5 ], "texture": "#iron_sword" },
				"south": { "uv": [ 7.25, 11.5, 9, 11.75 ], "texture": "#iron_sword" },
				"west": { "uv": [ 11, 9.5, 11.25, 9.75 ], "texture": "#iron_sword" },
				"east": { "uv": [ 11.25, 9.25, 11, 9.5 ], "texture": "#iron_sword" }
			}
		},
		{
			"__comment": "Voxels",
			"from": [ 21, 9, 8 ],
			"to": [ 28, 10, 9 ],
			"faces": {
				"down": { "uv": [ 7.25, 12.75, 9, 13 ], "texture": "#iron_sword" },
				"up": { "uv": [ 7.25, 13.25, 9, 13 ], "texture": "#iron_sword" },
				"north": { "uv": [ 9, 13.25, 7.25, 13.5 ], "texture": "#iron_sword" },
				"south": { "uv": [ 7.25, 13.5, 9, 13.75 ], "texture": "#iron_sword" },
				"west": { "uv": [ 11, 8, 11.25, 8.25 ], "texture": "#iron_sword" },
				"east": { "uv": [ 11.5, 12.5, 11.25, 12.75 ], "texture": "#iron_sword" }
			}
		},
		{
			"__comment": "Voxels",
			"from": [ 27, 7, 7 ],
			"to": [ 28, 8, 8 ],
			"faces": {
				"down": { "uv": [ 11.5, 12.5, 11.75, 12.75 ], "texture": "#iron_sword" },
				"up": { "uv": [ 11.75, 12.75, 12, 12.5 ], "texture": "#iron_sword" },
				"north": { "uv": [ 12.25, 12.5, 12, 12.75 ], "texture": "#iron_sword" },
				"south": { "uv": [ 12.25, 12.5, 12.5, 12.75 ], "texture": "#iron_sword" },
				"west": { "uv": [ 12.5, 12.5, 12.75, 12.75 ], "texture": "#iron_sword" },
				"east": { "uv": [ 13, 12.5, 12.75, 12.75 ], "texture": "#iron_sword" }
			}
		},
		{
			"__comment": "Voxels",
			"from": [ 27, 7, 9 ],
			"to": [ 28, 8, 10 ],
			"faces": {
				"down": { "uv": [ 13, 12.5, 13.25, 12.75 ], "texture": "#iron_sword" },
				"up": { "uv": [ 13.25, 12.75, 13.5, 12.5 ], "texture": "#iron_sword" },
				"north": { "uv": [ 13.75, 12.5, 13.5, 12.75 ], "texture": "#iron_sword" },
				"south": { "uv": [ 13.75, 12.5, 14, 12.75 ], "texture": "#iron_sword" },
				"west": { "uv": [ 14, 12.5, 14.25, 12.75 ], "texture": "#iron_sword" },
				"east": { "uv": [ 14.5, 12.5, 14.25, 12.75 ], "texture": "#iron_sword" }
			}
		},
		{
			"__comment": "Voxels",
			"from": [ 27, 8, 6 ],
			"to": [ 32, 9, 7 ],
			"faces": {
				"down": { "uv": [ 3.5, 8.25, 4.75, 8.5 ], "texture": "#iron_sword" },
				"up": { "uv": [ 3.5, 8.25, 4.75, 8 ], "texture": "#iron_sword" },
				"north": { "uv": [ 4.75, 9.75, 3.5, 10 ], "texture": "#iron_sword" },
				"south": { "uv": [ 3.5, 10, 4.75, 10.25 ], "texture": "#iron_sword" },
				"west": { "uv": [ 15.5, 12.5, 15.75, 12.75 ], "texture": "#iron_sword" },
				"east": { "uv": [ 16, 12.5, 15.75, 12.75 ], "texture": "#iron_sword" }
			}
		},
		{
			"__comment": "Voxels",
			"from": [ 27, 8, 10 ],
			"to": [ 31, 9, 11 ],
			"faces": {
				"down": { "uv": [ 15, 14.5, 16, 14.75 ], "texture": "#iron_sword" },
				"up": { "uv": [ 14, 14.75, 15, 14.5 ], "texture": "#iron_sword" },
				"north": { "uv": [ 16, 14.75, 15, 15 ], "texture": "#iron_sword" },
				"south": { "uv": [ 14.75, 15, 15.75, 15.25 ], "texture": "#iron_sword" },
				"west": { "uv": [ 11.25, 11.25, 11.5, 11.5 ], "texture": "#iron_sword" },
				"east": { "uv": [ 11.5, 11, 11.25, 11.25 ], "texture": "#iron_sword" }
			}
		},
		{
			"__comment": "Voxels",
			"from": [ 27, 9, 7 ],
			"to": [ 28, 10, 8 ],
			"faces": {
				"down": { "uv": [ 11.25, 10.75, 11.5, 11 ], "texture": "#iron_sword" },
				"up": { "uv": [ 11.25, 10.75, 11.5, 10.5 ], "texture": "#iron_sword" },
				"north": { "uv": [ 11.5, 10.25, 11.25, 10.5 ], "texture": "#iron_sword" },
				"south": { "uv": [ 11.25, 10, 11.5, 10.25 ], "texture": "#iron_sword" },
				"west": { "uv": [ 11.25, 9.75, 11.5, 10 ], "texture": "#iron_sword" },
				"east": { "uv": [ 11.5, 9.5, 11.25, 9.75 ], "texture": "#iron_sword" }
			}
		},
		{
			"__comment": "Voxels",
			"from": [ 27, 9, 9 ],
			"to": [ 28, 10, 10 ],
			"faces": {
				"down": { "uv": [ 11.25, 9.25, 11.5, 9.5 ], "texture": "#iron_sword" },
				"up": { "uv": [ 11.25, 9.25, 11.5, 9 ], "texture": "#iron_sword" },
				"north": { "uv": [ 11.5, 8.75, 11.25, 9 ], "texture": "#iron_sword" },
				"south": { "uv": [ 11.25, 8.5, 11.5, 8.75 ], "texture": "#iron_sword" },
				"west": { "uv": [ 11.25, 8.25, 11.5, 8.5 ], "texture": "#iron_sword" },
				"east": { "uv": [ 11.5, 8, 11.25, 8.25 ], "texture": "#iron_sword" }
			}
		},
		{
			"__comment": "Voxels",
			"from": [ 29, 7, 6 ],
			"to": [ 31, 8, 7 ],
			"faces": {
				"down": { "uv": [ 10.5, 12.25, 11, 12.5 ], "texture": "#iron_sword" },
				"up": { "uv": [ 10.5, 12.25, 11, 12 ], "texture": "#iron_sword" },
				"north": { "uv": [ 11, 11.75, 10.5, 12 ], "texture": "#iron_sword" },
				"south": { "uv": [ 10.5, 11.5, 11, 11.75 ], "texture": "#iron_sword" },
				"west": { "uv": [ 12.5, 12.25, 12.75, 12.5 ], "texture": "#iron_sword" },
				"east": { "uv": [ 13, 12.25, 12.75, 12.5 ], "texture": "#iron_sword" }
			}
		},
		{
			"__comment": "Voxels",
			"from": [ 29, 8, 5 ],
			"to": [ 31, 9, 6 ],
			"faces": {
				"down": { "uv": [ 10.5, 11.25, 11, 11.5 ], "texture": "#iron_sword" },
				"up": { "uv": [ 10.5, 11.25, 11, 11 ], "texture": "#iron_sword" },
				"north": { "uv": [ 11, 10.75, 10.5, 11 ], "texture": "#iron_sword" },
				"south": { "uv": [ 10.5, 10.5, 11, 10.75 ], "texture": "#iron_sword" },
				"west": { "uv": [ 14, 12.25, 14.25, 12.5 ], "texture": "#iron_sword" },
				"east": { "uv": [ 14.5, 12.25, 14.25, 12.5 ], "texture": "#iron_sword" }
			}
		},
		{
			"__comment": "Voxels",
			"from": [ 29, 8, 7 ],
			"to": [ 32, 9, 8 ],
			"faces": {
				"down": { "uv": [ 9.5, 13.75, 10.25, 14 ], "texture": "#iron_sword" },
				"up": { "uv": [ 10.25, 14, 11, 13.75 ], "texture": "#iron_sword" },
				"north": { "uv": [ 13.5, 13.5, 12.75, 13.75 ], "texture": "#iron_sword" },
				"south": { "uv": [ 13.5, 13.5, 14.25, 13.75 ], "texture": "#iron_sword" },
				"west": { "uv": [ 15.5, 12.25, 15.75, 12.5 ], "texture": "#iron_sword" },
				"east": { "uv": [ 16, 12.25, 15.75, 12.5 ], "texture": "#iron_sword" }
			}
		},
		{
			"__comment": "Voxels",
			"from": [ 29, 9, 6 ],
			"to": [ 31, 10, 7 ],
			"faces": {
				"down": { "uv": [ 10.5, 9.75, 11, 10 ], "texture": "#iron_sword" },
				"up": { "uv": [ 10.5, 9.75, 11, 9.5 ], "texture": "#iron_sword" },
				"north": { "uv": [ 11, 9.25, 10.5, 9.5 ], "texture": "#iron_sword" },
				"south": { "uv": [ 10.5, 9, 11, 9.25 ], "texture": "#iron_sword" },
				"west": { "uv": [ 11.5, 11, 11.75, 11.25 ], "texture": "#iron_sword" },
				"east": { "uv": [ 11.75, 10.75, 11.5, 11 ], "texture": "#iron_sword" }
			}
		},
		{
			"__comment": "Voxels",
			"from": [ 30, 8, 4 ],
			"to": [ 32, 9, 5 ],
			"faces": {
				"down": { "uv": [ 10.5, 8.75, 11, 9 ], "texture": "#iron_sword" },
				"up": { "uv": [ 10.5, 8.75, 11, 8.5 ], "texture": "#iron_sword" },
				"north": { "uv": [ 11, 8.25, 10.5, 8.5 ], "texture": "#iron_sword" },
				"south": { "uv": [ 10.5, 8, 11, 8.25 ], "texture": "#iron_sword" },
				"west": { "uv": [ 11.5, 9.5, 11.75, 9.75 ], "texture": "#iron_sword" },
				"east": { "uv": [ 11.75, 9.25, 11.5, 9.5 ], "texture": "#iron_sword" }
			}
		},
		{
			"__comment": "Voxels",
			"from": [ 30, 8, 9 ],
			"to": [ 32, 9, 10 ],
			"faces": {
				"down": { "uv": [ 11, 12.75, 11.5, 13 ], "texture": "#iron_sword" },
				"up": { "uv": [ 11.5, 13, 12, 12.75 ], "texture": "#iron_sword" },
				"north": { "uv": [ 12.5, 12.75, 12, 13 ], "texture": "#iron_sword" },
				"south": { "uv": [ 12.5, 12.75, 13, 13 ], "texture": "#iron_sword" },
				"west": { "uv": [ 11.5, 8, 11.75, 8.25 ], "texture": "#iron_sword" },
				"east": { "uv": [ 12, 12, 11.75, 12.25 ], "texture": "#iron_sword" }
			}
		},
		{
			"__comment": "Voxels",
			"from": [ 31, 8, 3 ],
			"to": [ 32, 9, 4 ],
			"faces": {
				"down": { "uv": [ 12, 12, 12.25, 12.25 ], "texture": "#iron_sword" },
				"up": { "uv": [ 12.25, 12.25, 12.5, 12 ], "texture": "#iron_sword" },
				"north": { "uv": [ 12.75, 12, 12.5, 12.25 ], "texture": "#iron_sword" },
				"south": { "uv": [ 12.75, 12, 13, 12.25 ], "texture": "#iron_sword" },
				"west": { "uv": [ 13, 12, 13.25, 12.25 ], "texture": "#iron_sword" },
				"east": { "uv": [ 13.5, 12, 13.25, 12.25 ], "texture": "#iron_sword" }
			}
		},
		{
			"__comment": "Voxels",
			"from": [ 31, 8, 8 ],
			"to": [ 32, 9, 9 ],
			"faces": {
				"down": { "uv": [ 13.5, 12, 13.75, 12.25 ], "texture": "#iron_sword" },
				"up": { "uv": [ 13.75, 12.25, 14, 12 ], "texture": "#iron_sword" },
				"north": { "uv": [ 14.25, 12, 14, 12.25 ], "texture": "#iron_sword" },
				"south": { "uv": [ 14.25, 12, 14.5, 12.25 ], "texture": "#iron_sword" },
				"west": { "uv": [ 14.5, 12, 14.75, 12.25 ], "texture": "#iron_sword" },
				"east": { "uv": [ 15, 12, 14.75, 12.25 ], "texture": "#iron_sword" }
			}
		},
		{
			"__comment": "Box69",
			"from": [ 4.5, 9.01, 7 ],
			"to": [ 8, 9.011001, 10 ],
			"faces": {
				"down": { "uv": [ 0, 0, 16, 16 ], "texture": "#particle", "rotation": 180 },
				"up": { "uv": [ 0, 0, 16, 16 ], "texture": "#particle", "rotation": 180 },
				"north": { "uv": [ 0, 0, 16, 16 ], "texture": "#iron_sword" },
				"south": { "uv": [ 0, 0, 16, 16 ], "texture": "#iron_sword" },
				"west": { "uv": [ 0, 0, 16, 16 ], "texture": "#iron_sword" },
				"east": { "uv": [ 0, 0, 16, 16 ], "texture": "#particle" }
			}
		},
		{
			"__comment": "Box69",
			"from": [ 4.5, 7.99, 7 ],
			"to": [ 8, 7.991, 10 ],
			"faces": {
				"down": { "uv": [ 0, 0, 16, 16 ], "texture": "#particle" },
				"up": { "uv": [ 0, 0, 16, 16 ], "texture": "#particle" },
				"north": { "uv": [ 0, 0, 16, 16 ], "texture": "#iron_sword" },
				"south": { "uv": [ 0, 0, 16, 16 ], "texture": "#iron_sword" },
				"west": { "uv": [ 0, 0, 16, 16 ], "texture": "#particle" },
				"east": { "uv": [ 0, 0, 16, 16 ], "texture": "#iron_sword" }
			}
		}
	],
	"gui_light": "front",	
	"display": {
		"thirdperson_righthand": {
			"rotation":  [ 0, 0, -90 ],
			"translation":  [ 0, 4.5217, 0.73 ],
			"scale":  [ 0.5, 0.5, 0.7 ]
		},
		"thirdperson_lefthand": {
			"rotation":  [ 180, 180, -90 ],
			"translation":  [ 0, 5.2173, 0.73 ],
			"scale":  [ 0.5, 0.5, 0.7 ]
		},
		"firstperson_righthand": {
			"rotation":  [ -25, 22, -85 ],
			"translation":  [ 14.956, -3.478, -19.47 ],
			"scale":  [ 0.8, 0.8, 0.8 ]
		},
		"firstperson_lefthand": {
			"rotation":  [ 171, 180, -85 ],
			"translation":  [ 19.129, -2.086, -17.38 ],
			"scale":  [ 0.8, 0.8, 0.8 ]
		},
		"gui": {
			"rotation":  [ 90, 218, 0 ],
			"translation":  [ 0.7, -0.3, 0 ],
			"scale":  [ 0.39, 0.39, 0.39 ]
		},
		"ground": {
			"rotation":  [ 19, 0, 69 ],
			"translation":  [ 0, 6.2608, 0 ],
			"scale":  [ 0.4, 0.4, 0.4 ]
		},
		"fixed": {
			"rotation":  [ -90, 90, 0 ],
			"translation":  [ -2.086, -3.478, -1.695 ],
			"scale":  [ 1, 1, 1.2 ]
		}
	}
}