{
	"__comment": "Designed by Elo106 with Cubik Studio - https://cubik.studio",
	"textures": {
		"particle": "items/walkingstickn",
		"texture": "items/walkingstickn",
		"voxels_atlas": "items/walkingstickn"
	},
	"elements": [ 	 
		{
			"__comment": "Voxels",
			"from": [ 6.5, -8, 5.5 ],
			"to": [ 9, -5, 6.5 ],
			"faces": {
				"down": { "uv": [ 6.5, 12.75, 7.75, 13.25 ], "texture": "#voxels_atlas" },
				"up": { "uv": [ 7.75, 12.75, 9, 12.25 ], "texture": "#voxels_atlas" },
				"north": { "uv": [ 7.25, 14.5, 6, 16 ], "texture": "#voxels_atlas" },
				"south": { "uv": [ 7.25, 14.5, 8.5, 16 ], "texture": "#voxels_atlas" },
				"west": { "uv": [ 3.75, 0.25, 4.25, 1.75 ], "texture": "#voxels_atlas" },
				"east": { "uv": [ 6.5, 12.25, 6, 13.75 ], "texture": "#voxels_atlas" }
			}
		},
		{
			"__comment": "Voxels",
			"from": [ 6.5, -7.5, 5 ],
			"to": [ 9, -6, 5.5 ],
			"faces": {
				"down": { "uv": [ 8.5, 14.5, 9.75, 14.75 ], "texture": "#voxels_atlas" },
				"up": { "uv": [ 9.75, 14.75, 11, 14.5 ], "texture": "#voxels_atlas" },
				"north": { "uv": [ 8.5, 13.75, 7.25, 14.5 ], "texture": "#voxels_atlas" },
				"south": { "uv": [ 8.5, 13.75, 9.75, 14.5 ], "texture": "#voxels_atlas" },
				"west": { "uv": [ 4.5, 0, 4.75, 0.75 ], "texture": "#voxels_atlas" },
				"east": { "uv": [ 5, 0, 4.75, 0.75 ], "texture": "#voxels_atlas" }
			}
		},
		{
			"__comment": "Voxels",
			"from": [ 6.5, 19.5, 5 ],
			"to": [ 9, 21.5, 6 ],
			"faces": {
				"down": { "uv": [ 10.25, 12.75, 11.5, 13.25 ], "texture": "#voxels_atlas" },
				"up": { "uv": [ 10.25, 12.75, 11.5, 12.25 ], "texture": "#voxels_atlas" },
				"north": { "uv": [ 16, 15, 14.75, 16 ], "texture": "#voxels_atlas" },
				"south": { "uv": [ 13.5, 15, 14.75, 16 ], "texture": "#voxels_atlas" },
				"west": { "uv": [ 15.5, 12.25, 16, 13.25 ], "texture": "#voxels_atlas" },
				"east": { "uv": [ 15.5, 12.25, 15, 13.25 ], "texture": "#voxels_atlas" }
			}
		},
		{
			"__comment": "Voxels",
			"from": [ 6.5, 21, 6 ],
			"to": [ 9, 23.5, 6.5 ],
			"faces": {
				"down": { "uv": [ 7, 11.5, 8.25, 11.75 ], "texture": "#voxels_atlas" },
				"up": { "uv": [ 7, 11.5, 8.25, 11.25 ], "texture": "#voxels_atlas" },
				"north": { "uv": [ 13.5, 14.75, 12.25, 16 ], "texture": "#voxels_atlas" },
				"south": { "uv": [ 11, 14.75, 12.25, 16 ], "texture": "#voxels_atlas" },
				"west": { "uv": [ 4.25, 0.5, 4.5, 1.75 ], "texture": "#voxels_atlas" },
				"east": { "uv": [ 5.5, 2.5, 5.25, 3.75 ], "texture": "#voxels_atlas" }
			}
		},
		{
			"__comment": "Voxels",
			"from": [ 6.5, 21.5, 5.5 ],
			"to": [ 9, 22.5, 6 ],
			"faces": {
				"down": { "uv": [ 7, 11, 8.25, 11.25 ], "texture": "#voxels_atlas" },
				"up": { "uv": [ 8.25, 11.75, 9.5, 11.5 ], "texture": "#voxels_atlas" },
				"north": { "uv": [ 12.75, 12.75, 11.5, 13.25 ], "texture": "#voxels_atlas" },
				"south": { "uv": [ 13.5, 14.5, 14.75, 15 ], "texture": "#voxels_atlas" },
				"west": { "uv": [ 5.5, 0, 5.75, 0.5 ], "texture": "#voxels_atlas" },
				"east": { "uv": [ 6, 0, 5.75, 0.5 ], "texture": "#voxels_atlas" }
			}
		},
		{
			"__comment": "Voxels",
			"from": [ 6.5, 22, 6.5 ],
			"to": [ 9, 23.5, 7 ],
			"faces": {
				"down": { "uv": [ 9.5, 11.5, 10.75, 11.75 ], "texture": "#voxels_atlas" },
				"up": { "uv": [ 9.5, 11.5, 10.75, 11.25 ], "texture": "#voxels_atlas" },
				"north": { "uv": [ 13.5, 13.75, 12.25, 14.5 ], "texture": "#voxels_atlas" },
				"south": { "uv": [ 13.5, 13.75, 14.75, 14.5 ], "texture": "#voxels_atlas" },
				"west": { "uv": [ 5.5, 3.5, 5.75, 4.25 ], "texture": "#voxels_atlas" },
				"east": { "uv": [ 5.75, 2.75, 5.5, 3.5 ], "texture": "#voxels_atlas" }
			}
		},
		{
			"__comment": "Voxels",
			"from": [ 6.5, 22.5, 4.5 ],
			"to": [ 9, 23.5, 5 ],
			"faces": {
				"down": { "uv": [ 10.75, 11.5, 12, 11.75 ], "texture": "#voxels_atlas" },
				"up": { "uv": [ 10.75, 11.5, 12, 11.25 ], "texture": "#voxels_atlas" },
				"north": { "uv": [ 16, 14.5, 14.75, 15 ], "texture": "#voxels_atlas" },
				"south": { "uv": [ 6.5, 13.25, 7.75, 13.75 ], "texture": "#voxels_atlas" },
				"west": { "uv": [ 15.75, 11.75, 16, 12.25 ], "texture": "#voxels_atlas" },
				"east": { "uv": [ 6.25, 8.25, 6, 8.75 ], "texture": "#voxels_atlas" }
			}
		},
		{
			"__comment": "Voxels",
			"from": [ 6.5, 22.5, 7 ],
			"to": [ 9, 24, 7.5 ],
			"faces": {
				"down": { "uv": [ 12, 11.25, 13.25, 11.5 ], "texture": "#voxels_atlas" },
				"up": { "uv": [ 12, 11.25, 13.25, 11 ], "texture": "#voxels_atlas" },
				"north": { "uv": [ 11, 13.75, 9.75, 14.5 ], "texture": "#voxels_atlas" },
				"south": { "uv": [ 6, 13.75, 7.25, 14.5 ], "texture": "#voxels_atlas" },
				"west": { "uv": [ 5.5, 2, 5.75, 2.75 ], "texture": "#voxels_atlas" },
				"east": { "uv": [ 5.75, 1.25, 5.5, 2 ], "texture": "#voxels_atlas" }
			}
		},
		{
			"__comment": "Voxels",
			"from": [ 6.5, 22.5, 10 ],
			"to": [ 9, 24, 11 ],
			"faces": {
				"down": { "uv": [ 6.5, 12.25, 7.75, 12.75 ], "texture": "#voxels_atlas" },
				"up": { "uv": [ 7.75, 13.75, 9, 13.25 ], "texture": "#voxels_atlas" },
				"north": { "uv": [ 16, 13.75, 14.75, 14.5 ], "texture": "#voxels_atlas" },
				"south": { "uv": [ 11, 13.75, 12.25, 14.5 ], "texture": "#voxels_atlas" },
				"west": { "uv": [ 6, 11, 6.5, 11.75 ], "texture": "#voxels_atlas" },
				"east": { "uv": [ 7, 11, 6.5, 11.75 ], "texture": "#voxels_atlas" }
			}
		},
		{
			"__comment": "Voxels",
			"from": [ 6.5, 23, 4 ],
			"to": [ 9, 23.5, 4.5 ],
			"faces": {
				"down": { "uv": [ 11, 14.5, 12.25, 14.75 ], "texture": "#voxels_atlas" },
				"up": { "uv": [ 12.25, 14.75, 13.5, 14.5 ], "texture": "#voxels_atlas" },
				"north": { "uv": [ 9.5, 11.25, 8.25, 11.5 ], "texture": "#voxels_atlas" },
				"south": { "uv": [ 8.25, 11, 9.5, 11.25 ], "texture": "#voxels_atlas" },
				"west": { "uv": [ 15.5, 10, 15.75, 10.25 ], "texture": "#voxels_atlas" },
				"east": { "uv": [ 16, 10, 15.75, 10.25 ], "texture": "#voxels_atlas" }
			}
		},
		{
			"__comment": "Voxels",
			"from": [ 6.5, 23, 5 ],
			"to": [ 7, 23.5, 5.5 ],
			"faces": {
				"down": { "uv": [ 6.75, 9.75, 7, 10 ], "texture": "#voxels_atlas" },
				"up": { "uv": [ 7, 10, 7.25, 9.75 ], "texture": "#voxels_atlas" },
				"north": { "uv": [ 7.75, 9.75, 7.5, 10 ], "texture": "#voxels_atlas" },
				"south": { "uv": [ 8.25, 9.75, 8.5, 10 ], "texture": "#voxels_atlas" },
				"west": { "uv": [ 8.5, 9.75, 8.75, 10 ], "texture": "#voxels_atlas" },
				"east": { "uv": [ 10.25, 9.75, 10, 10 ], "texture": "#voxels_atlas" }
			}
		},
		{
			"__comment": "Voxels",
			"from": [ 6.5, 23, 7.5 ],
			"to": [ 9, 24, 10 ],
			"faces": {
				"down": { "uv": [ 8.5, 14.75, 9.75, 16 ], "texture": "#voxels_atlas" },
				"up": { "uv": [ 9.75, 16, 11, 14.75 ], "texture": "#voxels_atlas" },
				"north": { "uv": [ 10.25, 13.25, 9, 13.75 ], "texture": "#voxels_atlas" },
				"south": { "uv": [ 9, 12.75, 10.25, 13.25 ], "texture": "#voxels_atlas" },
				"west": { "uv": [ 9, 12.25, 10.25, 12.75 ], "texture": "#voxels_atlas" },
				"east": { "uv": [ 11.5, 13.25, 10.25, 13.75 ], "texture": "#voxels_atlas" }
			}
		},
		{
			"__comment": "Voxels",
			"from": [ 6.5, 23, 11 ],
			"to": [ 9, 24, 11.5 ],
			"faces": {
				"down": { "uv": [ 10.75, 11, 12, 11.25 ], "texture": "#voxels_atlas" },
				"up": { "uv": [ 12, 11.75, 13.25, 11.5 ], "texture": "#voxels_atlas" },
				"north": { "uv": [ 12.75, 13.25, 11.5, 13.75 ], "texture": "#voxels_atlas" },
				"south": { "uv": [ 7.75, 12.75, 9, 13.25 ], "texture": "#voxels_atlas" },
				"west": { "uv": [ 6, 5.25, 6.25, 5.75 ], "texture": "#voxels_atlas" },
				"east": { "uv": [ 6.25, 6.75, 6, 7.25 ], "texture": "#voxels_atlas" }
			}
		},
		{
			"__comment": "Voxels",
			"from": [ 7, -8.5, 5 ],
			"to": [ 8.5, -7.5, 5.5 ],
			"faces": {
				"down": { "uv": [ 7.5, 10.5, 8.25, 10.75 ], "texture": "#voxels_atlas" },
				"up": { "uv": [ 12.75, 11, 13.5, 10.75 ], "texture": "#voxels_atlas" },
				"north": { "uv": [ 12.75, 11.75, 12, 12.25 ], "texture": "#voxels_atlas" },
				"south": { "uv": [ 12.75, 11.75, 13.5, 12.25 ], "texture": "#voxels_atlas" },
				"west": { "uv": [ 6, 6.25, 6.25, 6.75 ], "texture": "#voxels_atlas" },
				"east": { "uv": [ 6.25, 7.75, 6, 8.25 ], "texture": "#voxels_atlas" }
			}
		},
		{
			"__comment": "Voxels",
			"from": [ 7, -8.5, 5.5 ],
			"to": [ 8.5, -8, 6.5 ],
			"faces": {
				"down": { "uv": [ 14.25, 11.75, 15, 12.25 ], "texture": "#voxels_atlas" },
				"up": { "uv": [ 15, 12.25, 15.75, 11.75 ], "texture": "#voxels_atlas" },
				"north": { "uv": [ 14.5, 11.25, 13.75, 11.5 ], "texture": "#voxels_atlas" },
				"south": { "uv": [ 14.25, 12.25, 15, 12.5 ], "texture": "#voxels_atlas" },
				"west": { "uv": [ 11, 10, 11.5, 10.25 ], "texture": "#voxels_atlas" },
				"east": { "uv": [ 15, 10, 14.5, 10.25 ], "texture": "#voxels_atlas" }
			}
		},
		{
			"__comment": "Voxels",
			"from": [ 7, -8, 4.5 ],
			"to": [ 8.5, -5.5, 5 ],
			"faces": {
				"down": { "uv": [ 13.5, 12.25, 14.25, 12.5 ], "texture": "#voxels_atlas" },
				"up": { "uv": [ 12.75, 12.5, 13.5, 12.25 ], "texture": "#voxels_atlas" },
				"north": { "uv": [ 4.5, 3, 3.75, 4.25 ], "texture": "#voxels_atlas" },
				"south": { "uv": [ 3.75, 1.75, 4.5, 3 ], "texture": "#voxels_atlas" },
				"west": { "uv": [ 5.25, 0, 5.5, 1.25 ], "texture": "#voxels_atlas" },
				"east": { "uv": [ 5.5, 1.25, 5.25, 2.5 ], "texture": "#voxels_atlas" }
			}
		},
		{
			"__comment": "Voxels",
			"from": [ 7, -8, 6.5 ],
			"to": [ 8.5, -4.5, 7 ],
			"faces": {
				"down": { "uv": [ 15.25, 13.25, 16, 13.5 ], "texture": "#voxels_atlas" },
				"up": { "uv": [ 9.75, 10.5, 10.5, 10.25 ], "texture": "#voxels_atlas" },
				"north": { "uv": [ 3.75, 2.5, 3, 4.25 ], "texture": "#voxels_atlas" },
				"south": { "uv": [ 3, 0.75, 3.75, 2.5 ], "texture": "#voxels_atlas" },
				"west": { "uv": [ 5, 0.25, 5.25, 2 ], "texture": "#voxels_atlas" },
				"east": { "uv": [ 5.25, 2, 5, 3.75 ], "texture": "#voxels_atlas" }
			}
		},
		{
			"__comment": "Voxels",
			"from": [ 7, -6, 5 ],
			"to": [ 8.5, 19.5, 5.5 ],
			"faces": {
				"down": { "uv": [ 9, 10.25, 9.75, 10.5 ], "texture": "#voxels_atlas" },
				"up": { "uv": [ 8.25, 10.5, 9, 10.25 ], "texture": "#voxels_atlas" },
				"north": { "uv": [ 0.75, 3.25, 0, 16 ], "texture": "#voxels_atlas" },
				"south": { "uv": [ 0.75, 3.25, 1.5, 16 ], "texture": "#voxels_atlas" },
				"west": { "uv": [ 4.5, 3.25, 4.75, 16 ], "texture": "#voxels_atlas" },
				"east": { "uv": [ 5, 3.25, 4.75, 16 ], "texture": "#voxels_atlas" }
			}
		},
		{
			"__comment": "Voxels",
			"from": [ 7, -5, 5.5 ],
			"to": [ 8.5, 19.5, 6 ],
			"faces": {
				"down": { "uv": [ 7.5, 10.25, 8.25, 10.5 ], "texture": "#voxels_atlas" },
				"up": { "uv": [ 11.25, 10.75, 12, 10.5 ], "texture": "#voxels_atlas" },
				"north": { "uv": [ 3, 3.75, 2.25, 16 ], "texture": "#voxels_atlas" },
				"south": { "uv": [ 1.5, 3.75, 2.25, 16 ], "texture": "#voxels_atlas" },
				"west": { "uv": [ 5.25, 3.75, 5.5, 16 ], "texture": "#voxels_atlas" },
				"east": { "uv": [ 5.25, 3.75, 5, 16 ], "texture": "#voxels_atlas" }
			}
		},
		{
			"__comment": "Voxels",
			"from": [ 7, -5, 6 ],
			"to": [ 8.5, 18.5, 6.5 ],
			"faces": {
				"down": { "uv": [ 8.25, 10.75, 9, 11 ], "texture": "#voxels_atlas" },
				"up": { "uv": [ 7.5, 11, 8.25, 10.75 ], "texture": "#voxels_atlas" },
				"north": { "uv": [ 4.5, 4.25, 3.75, 16 ], "texture": "#voxels_atlas" },
				"south": { "uv": [ 3, 4.25, 3.75, 16 ], "texture": "#voxels_atlas" },
				"west": { "uv": [ 5.75, 4.25, 6, 16 ], "texture": "#voxels_atlas" },
				"east": { "uv": [ 5.75, 4.25, 5.5, 16 ], "texture": "#voxels_atlas" }
			}
		},
		{
			"__comment": "Voxels",
			"from": [ 7, 17.5, 4.5 ],
			"to": [ 8.5, 22.5, 5 ],
			"faces": {
				"down": { "uv": [ 15.25, 11, 16, 11.25 ], "texture": "#voxels_atlas" },
				"up": { "uv": [ 12.75, 10.5, 13.5, 10.25 ], "texture": "#voxels_atlas" },
				"north": { "uv": [ 3, 1.25, 2.25, 3.75 ], "texture": "#voxels_atlas" },
				"south": { "uv": [ 0, 0.75, 0.75, 3.25 ], "texture": "#voxels_atlas" },
				"west": { "uv": [ 4.5, 0.75, 4.75, 3.25 ], "texture": "#voxels_atlas" },
				"east": { "uv": [ 5, 0.75, 4.75, 3.25 ], "texture": "#voxels_atlas" }
			}
		},
		{
			"__comment": "Voxels",
			"from": [ 7, 19.5, 6 ],
			"to": [ 8.5, 21, 6.5 ],
			"faces": {
				"down": { "uv": [ 12, 10.5, 12.75, 10.75 ], "texture": "#voxels_atlas" },
				"up": { "uv": [ 12, 10.5, 12.75, 10.25 ], "texture": "#voxels_atlas" },
				"north": { "uv": [ 13.5, 12.5, 12.75, 13.25 ], "texture": "#voxels_atlas" },
				"south": { "uv": [ 0, 0, 0.75, 0.75 ], "texture": "#voxels_atlas" },
				"west": { "uv": [ 5.5, 0.5, 5.75, 1.25 ], "texture": "#voxels_atlas" },
				"east": { "uv": [ 6, 3.5, 5.75, 4.25 ], "texture": "#voxels_atlas" }
			}
		},
		{
			"__comment": "Voxels",
			"from": [ 7, 21.5, 5 ],
			"to": [ 8.5, 23, 5.5 ],
			"faces": {
				"down": { "uv": [ 6, 10.75, 6.75, 11 ], "texture": "#voxels_atlas" },
				"up": { "uv": [ 6.75, 11, 7.5, 10.75 ], "texture": "#voxels_atlas" },
				"north": { "uv": [ 15, 12.5, 14.25, 13.25 ], "texture": "#voxels_atlas" },
				"south": { "uv": [ 13.5, 12.5, 14.25, 13.25 ], "texture": "#voxels_atlas" },
				"west": { "uv": [ 5.75, 2.75, 6, 3.5 ], "texture": "#voxels_atlas" },
				"east": { "uv": [ 6, 2, 5.75, 2.75 ], "texture": "#voxels_atlas" }
			}
		},
		{
			"__comment": "Voxels",
			"from": [ 7, 21.5, 6.5 ],
			"to": [ 8.5, 22, 7 ],
			"faces": {
				"down": { "uv": [ 9, 10.75, 9.75, 11 ], "texture": "#voxels_atlas" },
				"up": { "uv": [ 9.75, 11, 10.5, 10.75 ], "texture": "#voxels_atlas" },
				"north": { "uv": [ 11.25, 10.75, 10.5, 11 ], "texture": "#voxels_atlas" },
				"south": { "uv": [ 11.25, 10.75, 12, 11 ], "texture": "#voxels_atlas" },
				"west": { "uv": [ 9, 9.75, 9.25, 10 ], "texture": "#voxels_atlas" },
				"east": { "uv": [ 10, 9.75, 9.75, 10 ], "texture": "#voxels_atlas" }
			}
		},
		{
			"__comment": "Voxels",
			"from": [ 7, 22, 4 ],
			"to": [ 8.5, 22.5, 4.5 ],
			"faces": {
				"down": { "uv": [ 15.25, 11.5, 16, 11.75 ], "texture": "#voxels_atlas" },
				"up": { "uv": [ 14.25, 11, 15, 10.75 ], "texture": "#voxels_atlas" },
				"north": { "uv": [ 15.75, 10.75, 15, 11 ], "texture": "#voxels_atlas" },
				"south": { "uv": [ 6, 10.5, 6.75, 10.75 ], "texture": "#voxels_atlas" },
				"west": { "uv": [ 4.25, 0.25, 4.5, 0.5 ], "texture": "#voxels_atlas" },
				"east": { "uv": [ 5.25, 0, 5, 0.25 ], "texture": "#voxels_atlas" }
			}
		},
		{
			"__comment": "Voxels",
			"from": [ 7, 22, 7 ],
			"to": [ 8.5, 22.5, 7.5 ],
			"faces": {
				"down": { "uv": [ 8.25, 10.5, 9, 10.75 ], "texture": "#voxels_atlas" },
				"up": { "uv": [ 9, 10.75, 9.75, 10.5 ], "texture": "#voxels_atlas" },
				"north": { "uv": [ 10.5, 10.5, 9.75, 10.75 ], "texture": "#voxels_atlas" },
				"south": { "uv": [ 10.5, 10.5, 11.25, 10.75 ], "texture": "#voxels_atlas" },
				"west": { "uv": [ 15.75, 10.75, 16, 11 ], "texture": "#voxels_atlas" },
				"east": { "uv": [ 16, 10.5, 15.75, 10.75 ], "texture": "#voxels_atlas" }
			}
		},
		{
			"__comment": "Voxels",
			"from": [ 7, 22, 10 ],
			"to": [ 8.5, 22.5, 11 ],
			"faces": {
				"down": { "uv": [ 7.5, 11.75, 8.25, 12.25 ], "texture": "#voxels_atlas" },
				"up": { "uv": [ 9, 12.25, 9.75, 11.75 ], "texture": "#voxels_atlas" },
				"north": { "uv": [ 13.5, 10.5, 12.75, 10.75 ], "texture": "#voxels_atlas" },
				"south": { "uv": [ 13.5, 10.5, 14.25, 10.75 ], "texture": "#voxels_atlas" },
				"west": { "uv": [ 10, 10, 10.5, 10.25 ], "texture": "#voxels_atlas" },
				"east": { "uv": [ 11, 10, 10.5, 10.25 ], "texture": "#voxels_atlas" }
			}
		},
		{
			"__comment": "Voxels",
			"from": [ 7, 22.5, 5.5 ],
			"to": [ 8.5, 24, 6 ],
			"faces": {
				"down": { "uv": [ 6, 10.25, 6.75, 10.5 ], "texture": "#voxels_atlas" },
				"up": { "uv": [ 6.75, 10.5, 7.5, 10.25 ], "texture": "#voxels_atlas" },
				"north": { "uv": [ 1.5, 0, 0.75, 0.75 ], "texture": "#voxels_atlas" },
				"south": { "uv": [ 3, 0, 3.75, 0.75 ], "texture": "#voxels_atlas" },
				"west": { "uv": [ 6, 9.5, 6.25, 10.25 ], "texture": "#voxels_atlas" },
				"east": { "uv": [ 6.25, 8.75, 6, 9.5 ], "texture": "#voxels_atlas" }
			}
		},
		{
			"__comment": "Voxels",
			"from": [ 7, 22.5, 7.5 ],
			"to": [ 8.5, 23, 10 ],
			"faces": {
				"down": { "uv": [ 1.5, 0, 2.25, 1.25 ], "texture": "#voxels_atlas" },
				"up": { "uv": [ 2.25, 1.25, 3, 0 ], "texture": "#voxels_atlas" },
				"north": { "uv": [ 11.25, 10.25, 10.5, 10.5 ], "texture": "#voxels_atlas" },
				"south": { "uv": [ 11.25, 10.25, 12, 10.5 ], "texture": "#voxels_atlas" },
				"west": { "uv": [ 9.5, 11, 10.75, 11.25 ], "texture": "#voxels_atlas" },
				"east": { "uv": [ 14.5, 11.5, 13.25, 11.75 ], "texture": "#voxels_atlas" }
			}
		},
		{
			"__comment": "Voxels",
			"from": [ 7, 22.5, 11 ],
			"to": [ 8.5, 23, 11.5 ],
			"faces": {
				"down": { "uv": [ 13.5, 10.25, 14.25, 10.5 ], "texture": "#voxels_atlas" },
				"up": { "uv": [ 14.25, 10.5, 15, 10.25 ], "texture": "#voxels_atlas" },
				"north": { "uv": [ 15.75, 10.25, 15, 10.5 ], "texture": "#voxels_atlas" },
				"south": { "uv": [ 6.25, 10, 7, 10.25 ], "texture": "#voxels_atlas" },
				"west": { "uv": [ 6, 2.25, 6.25, 2.5 ], "texture": "#voxels_atlas" },
				"east": { "uv": [ 6.25, 3, 6, 3.25 ], "texture": "#voxels_atlas" }
			}
		},
		{
			"__comment": "Voxels",
			"from": [ 7, 23, 3.5 ],
			"to": [ 8.5, 23.5, 4 ],
			"faces": {
				"down": { "uv": [ 7, 10, 7.75, 10.25 ], "texture": "#voxels_atlas" },
				"up": { "uv": [ 7.75, 10.25, 8.5, 10 ], "texture": "#voxels_atlas" },
				"north": { "uv": [ 9.25, 10, 8.5, 10.25 ], "texture": "#voxels_atlas" },
				"south": { "uv": [ 9.25, 10, 10, 10.25 ], "texture": "#voxels_atlas" },
				"west": { "uv": [ 8.75, 9.75, 9, 10 ], "texture": "#voxels_atlas" },
				"east": { "uv": [ 16, 10.25, 15.75, 10.5 ], "texture": "#voxels_atlas" }
			}
		},
		{
			"__comment": "Voxels",
			"from": [ 7, 23, 11.5 ],
			"to": [ 8.5, 24, 12 ],
			"faces": {
				"down": { "uv": [ 3.75, 0, 4.5, 0.25 ], "texture": "#voxels_atlas" },
				"up": { "uv": [ 15.25, 13.75, 16, 13.5 ], "texture": "#voxels_atlas" },
				"north": { "uv": [ 9, 11.75, 8.25, 12.25 ], "texture": "#voxels_atlas" },
				"south": { "uv": [ 10.5, 11.75, 11.25, 12.25 ], "texture": "#voxels_atlas" },
				"west": { "uv": [ 6, 4.75, 6.25, 5.25 ], "texture": "#voxels_atlas" },
				"east": { "uv": [ 6.25, 7.25, 6, 7.75 ], "texture": "#voxels_atlas" }
			}
		},
		{
			"__comment": "Voxels",
			"from": [ 7, 23.5, 4.5 ],
			"to": [ 8.5, 24.5, 5.5 ],
			"faces": {
				"down": { "uv": [ 11.25, 11.75, 12, 12.25 ], "texture": "#voxels_atlas" },
				"up": { "uv": [ 11.5, 12.75, 12.25, 12.25 ], "texture": "#voxels_atlas" },
				"north": { "uv": [ 10.5, 11.75, 9.75, 12.25 ], "texture": "#voxels_atlas" },
				"south": { "uv": [ 6, 11.75, 6.75, 12.25 ], "texture": "#voxels_atlas" },
				"west": { "uv": [ 13.25, 11, 13.75, 11.5 ], "texture": "#voxels_atlas" },
				"east": { "uv": [ 12.75, 12.25, 12.25, 12.75 ], "texture": "#voxels_atlas" }
			}
		},
		{
			"__comment": "Voxels",
			"from": [ 7, 23.5, 6 ],
			"to": [ 8.5, 24, 7 ],
			"faces": {
				"down": { "uv": [ 6.75, 11.75, 7.5, 12.25 ], "texture": "#voxels_atlas" },
				"up": { "uv": [ 13.5, 12.25, 14.25, 11.75 ], "texture": "#voxels_atlas" },
				"north": { "uv": [ 14.5, 11, 13.75, 11.25 ], "texture": "#voxels_atlas" },
				"south": { "uv": [ 14.5, 11.5, 15.25, 11.75 ], "texture": "#voxels_atlas" },
				"west": { "uv": [ 13.5, 10, 14, 10.25 ], "texture": "#voxels_atlas" },
				"east": { "uv": [ 14.5, 10, 14, 10.25 ], "texture": "#voxels_atlas" }
			}
		},
		{
			"__comment": "Voxels",
			"from": [ 7, 24, 4 ],
			"to": [ 8.5, 24.5, 4.5 ],
			"faces": {
				"down": { "uv": [ 14.5, 11.25, 15.25, 11.5 ], "texture": "#voxels_atlas" },
				"up": { "uv": [ 14.5, 11.25, 15.25, 11 ], "texture": "#voxels_atlas" },
				"north": { "uv": [ 16, 11.25, 15.25, 11.5 ], "texture": "#voxels_atlas" },
				"south": { "uv": [ 12, 10.75, 12.75, 11 ], "texture": "#voxels_atlas" },
				"west": { "uv": [ 6, 2.75, 6.25, 3 ], "texture": "#voxels_atlas" },
				"east": { "uv": [ 6.25, 2.5, 6, 2.75 ], "texture": "#voxels_atlas" }
			}
		},
		{
			"__comment": "Voxels",
			"from": [ 7, 24, 6.5 ],
			"to": [ 8.5, 24.5, 11.5 ],
			"faces": {
				"down": { "uv": [ 1.5, 1.25, 2.25, 3.75 ], "texture": "#voxels_atlas" },
				"up": { "uv": [ 0.75, 3.25, 1.5, 0.75 ], "texture": "#voxels_atlas" },
				"north": { "uv": [ 14.25, 10.75, 13.5, 11 ], "texture": "#voxels_atlas" },
				"south": { "uv": [ 6.75, 10.5, 7.5, 10.75 ], "texture": "#voxels_atlas" },
				"west": { "uv": [ 12.75, 13.25, 15.25, 13.5 ], "texture": "#voxels_atlas" },
				"east": { "uv": [ 15.25, 13.5, 12.75, 13.75 ], "texture": "#voxels_atlas" }
			}
		},
		{
			"__comment": "Voxels",
			"from": [ 7.5, 21.5, 4 ],
			"to": [ 8, 22, 4.5 ],
			"faces": {
				"down": { "uv": [ 6, 2, 6.25, 2.25 ], "texture": "#voxels_atlas" },
				"up": { "uv": [ 7.25, 10, 7.5, 9.75 ], "texture": "#voxels_atlas" },
				"north": { "uv": [ 6.25, 1.75, 6, 2 ], "texture": "#voxels_atlas" },
				"south": { "uv": [ 6, 1.5, 6.25, 1.75 ], "texture": "#voxels_atlas" },
				"west": { "uv": [ 6, 1.25, 6.25, 1.5 ], "texture": "#voxels_atlas" },
				"east": { "uv": [ 6.25, 1, 6, 1.25 ], "texture": "#voxels_atlas" }
			}
		},
		{
			"__comment": "Voxels",
			"from": [ 7.5, 23, 5 ],
			"to": [ 8, 23.5, 5.5 ],
			"faces": {
				"down": { "uv": [ 6, 0.75, 6.25, 1 ], "texture": "#voxels_atlas" },
				"up": { "uv": [ 6, 0.75, 6.25, 0.5 ], "texture": "#voxels_atlas" },
				"north": { "uv": [ 6.25, 0.25, 6, 0.5 ], "texture": "#voxels_atlas" },
				"south": { "uv": [ 6, 0, 6.25, 0.25 ], "texture": "#voxels_atlas" },
				"west": { "uv": [ 15, 10, 15.25, 10.25 ], "texture": "#voxels_atlas" },
				"east": { "uv": [ 15.5, 10, 15.25, 10.25 ], "texture": "#voxels_atlas" }
			}
		},
		{
			"__comment": "Voxels",
			"from": [ 7.5, 23.5, 3.5 ],
			"to": [ 8, 24, 4.5 ],
			"faces": {
				"down": { "uv": [ 6, 4.25, 6.25, 4.75 ], "texture": "#voxels_atlas" },
				"up": { "uv": [ 6, 4.25, 6.25, 3.75 ], "texture": "#voxels_atlas" },
				"north": { "uv": [ 6.5, 9.75, 6.25, 10 ], "texture": "#voxels_atlas" },
				"south": { "uv": [ 6.5, 9.75, 6.75, 10 ], "texture": "#voxels_atlas" },
				"west": { "uv": [ 11.5, 10, 12, 10.25 ], "texture": "#voxels_atlas" },
				"east": { "uv": [ 12.5, 10, 12, 10.25 ], "texture": "#voxels_atlas" }
			}
		},
		{
			"__comment": "Voxels",
			"from": [ 7.5, 24, 5.5 ],
			"to": [ 8, 24.5, 6.5 ],
			"faces": {
				"down": { "uv": [ 6, 5.75, 6.25, 6.25 ], "texture": "#voxels_atlas" },
				"up": { "uv": [ 6, 3.75, 6.25, 3.25 ], "texture": "#voxels_atlas" },
				"north": { "uv": [ 8, 9.75, 7.75, 10 ], "texture": "#voxels_atlas" },
				"south": { "uv": [ 8, 9.75, 8.25, 10 ], "texture": "#voxels_atlas" },
				"west": { "uv": [ 12.5, 10, 13, 10.25 ], "texture": "#voxels_atlas" },
				"east": { "uv": [ 13.5, 10, 13, 10.25 ], "texture": "#voxels_atlas" }
			}
		},
		{
			"__comment": "Voxels",
			"from": [ 7.5, 24.5, 4 ],
			"to": [ 8, 25, 5.5 ],
			"faces": {
				"down": { "uv": [ 5.75, 1.25, 6, 2 ], "texture": "#voxels_atlas" },
				"up": { "uv": [ 5.75, 1.25, 6, 0.5 ], "texture": "#voxels_atlas" },
				"north": { "uv": [ 9.5, 9.75, 9.25, 10 ], "texture": "#voxels_atlas" },
				"south": { "uv": [ 9.5, 9.75, 9.75, 10 ], "texture": "#voxels_atlas" },
				"west": { "uv": [ 14.25, 10.5, 15, 10.75 ], "texture": "#voxels_atlas" },
				"east": { "uv": [ 15.75, 10.5, 15, 10.75 ], "texture": "#voxels_atlas" }
			}
		},
		{
			"__comment": "Voxels",
			"from": [ 8.5, 23, 5 ],
			"to": [ 9, 23.5, 5.5 ],
			"faces": {
				"down": { "uv": [ 10.25, 9.75, 10.5, 10 ], "texture": "#voxels_atlas" },
				"up": { "uv": [ 10.5, 10, 10.75, 9.75 ], "texture": "#voxels_atlas" },
				"north": { "uv": [ 11, 9.75, 10.75, 10 ], "texture": "#voxels_atlas" },
				"south": { "uv": [ 11, 9.75, 11.25, 10 ], "texture": "#voxels_atlas" },
				"west": { "uv": [ 11.25, 9.75, 11.5, 10 ], "texture": "#voxels_atlas" },
				"east": { "uv": [ 11.75, 9.75, 11.5, 10 ], "texture": "#voxels_atlas" }
			}
		}
	],
	"display": {
		"thirdperson_righthand": {
			"rotation":  [ 105, 0, 0 ],
			"translation":  [ 0, 1, -7 ],
			"scale":  [ 0.5, 0.5, 0.5 ]
		},
		"thirdperson_lefthand": {
			"rotation":  [ 105, 0, 0 ],
			"translation":  [ 0, 1, -7 ],
			"scale":  [ 0.5, 0.5, 0.5 ]
		},
		"firstperson_righthand": {
			"rotation":  [ 160, 0, 0 ],
			"translation":  [ 4, 3.5, -1.5 ],
			"scale":  [ 0.8, 0.8, 0.8 ]
		},
		"firstperson_lefthand": {
			"rotation":  [ 160, 0, 0 ],
			"translation":  [ 4, 3.5, -1.5 ],
			"scale":  [ 0.8, 0.8, 0.8 ]
		},
		"gui": {
			"rotation":  [ 90, 45, -90 ],
			"scale":  [ 0.5, 0.5, 0.5 ]
		},
		"ground": {
			"rotation":  [ 69, 0, 0 ],
			"scale":  [ 0.5, 0.5, 0.5 ]
		},
		"fixed": {
			"rotation":  [ 90, 45, -90 ],
			"scale":  [ 0.8, 0.8, 0.8 ]
		}
	}
}