{
	"__comment": "Designed by Pashjn for CraftCitizen with Cubik Studio - https://cubik.studio",
	"textures": {
		"particle": "items/fist1",
		"texture": "items/fist1",
		"voxels_atlas": "items/fist1"
	},
	"elements": [ 	 
		{
			"__comment": "Voxels",
			"from": [ 8, 0, 7.5 ],
			"to": [ 23.5, 0.5, 9 ],
			"faces": {
				"down": { "uv": [ 1.375, 15.625, 5.25, 16 ], "texture": "#voxels_atlas" },
				"up": { "uv": [ 1.375, 15.625, 5.25, 15.25 ], "texture": "#voxels_atlas" },
				"north": { "uv": [ 9.125, 15.875, 5.25, 16 ], "texture": "#voxels_atlas" },
				"south": { "uv": [ 9.125, 15.875, 13, 16 ], "texture": "#voxels_atlas" },
				"west": { "uv": [ 9.875, 14.125, 10.25, 14.25 ], "texture": "#voxels_atlas" },
				"east": { "uv": [ 11.875, 14, 11.5, 14.125 ], "texture": "#voxels_atlas" }
			}
		},
		{
			"__comment": "Voxels",
			"from": [ 8, 0.5, 7.5 ],
			"to": [ 10.5, 1, 9 ],
			"faces": {
				"down": { "uv": [ 4.625, 14.125, 5.25, 14.5 ], "texture": "#voxels_atlas" },
				"up": { "uv": [ 4.625, 14.125, 5.25, 13.75 ], "texture": "#voxels_atlas" },
				"north": { "uv": [ 10.25, 14.375, 9.625, 14.5 ], "texture": "#voxels_atlas" },
				"south": { "uv": [ 8.875, 12.5, 9.5, 12.625 ], "texture": "#voxels_atlas" },
				"west": { "uv": [ 11.125, 14, 11.5, 14.125 ], "texture": "#voxels_atlas" },
				"east": { "uv": [ 11.125, 14, 10.75, 14.125 ], "texture": "#voxels_atlas" }
			}
		},
		{
			"__comment": "Voxels",
			"from": [ 8.5, -13.5, 8 ],
			"to": [ 11.5, -13, 8.5 ],
			"faces": {
				"down": { "uv": [ 8, 8.375, 8.75, 8.5 ], "texture": "#voxels_atlas" },
				"up": { "uv": [ 8, 8.625, 8.75, 8.5 ], "texture": "#voxels_atlas" },
				"north": { "uv": [ 8.75, 8.625, 8, 8.75 ], "texture": "#voxels_atlas" },
				"south": { "uv": [ 8.75, 8.75, 9.5, 8.875 ], "texture": "#voxels_atlas" },
				"west": { "uv": [ 14.75, 13.5, 14.875, 13.625 ], "texture": "#voxels_atlas" },
				"east": { "uv": [ 14.75, 13.5, 14.625, 13.625 ], "texture": "#voxels_atlas" }
			}
		},
		{
			"__comment": "Voxels",
			"from": [ 9, -13, 8 ],
			"to": [ 13, -12.5, 8.5 ],
			"faces": {
				"down": { "uv": [ 7.875, 11.625, 8.875, 11.75 ], "texture": "#voxels_atlas" },
				"up": { "uv": [ 7.875, 11.625, 8.875, 11.5 ], "texture": "#voxels_atlas" },
				"north": { "uv": [ 7.875, 8.75, 6.875, 8.875 ], "texture": "#voxels_atlas" },
				"south": { "uv": [ 6.875, 8.625, 7.875, 8.75 ], "texture": "#voxels_atlas" },
				"west": { "uv": [ 14.5, 13.625, 14.625, 13.75 ], "texture": "#voxels_atlas" },
				"east": { "uv": [ 14.5, 13.625, 14.375, 13.75 ], "texture": "#voxels_atlas" }
			}
		},
		{
			"__comment": "Voxels",
			"from": [ 9, -0.5, 7.5 ],
			"to": [ 23, 0, 9 ],
			"faces": {
				"down": { "uv": [ 1.375, 14.875, 4.875, 15.25 ], "texture": "#voxels_atlas" },
				"up": { "uv": [ 1.375, 14.875, 4.875, 14.5 ], "texture": "#voxels_atlas" },
				"north": { "uv": [ 8.75, 15.75, 5.25, 15.875 ], "texture": "#voxels_atlas" },
				"south": { "uv": [ 8.75, 15.75, 12.25, 15.875 ], "texture": "#voxels_atlas" },
				"west": { "uv": [ 10.375, 14, 10.75, 14.125 ], "texture": "#voxels_atlas" },
				"east": { "uv": [ 10.375, 14, 10, 14.125 ], "texture": "#voxels_atlas" }
			}
		},
		{
			"__comment": "Voxels",
			"from": [ 9.5, -12.5, 8 ],
			"to": [ 16, -12, 8.5 ],
			"faces": {
				"down": { "uv": [ 7.875, 14.25, 9.5, 14.375 ], "texture": "#voxels_atlas" },
				"up": { "uv": [ 7.875, 14.625, 9.5, 14.5 ], "texture": "#voxels_atlas" },
				"north": { "uv": [ 11.125, 14.5, 9.5, 14.625 ], "texture": "#voxels_atlas" },
				"south": { "uv": [ 11.125, 14.5, 12.75, 14.625 ], "texture": "#voxels_atlas" },
				"west": { "uv": [ 13.5, 13.625, 13.625, 13.75 ], "texture": "#voxels_atlas" },
				"east": { "uv": [ 13.5, 13.625, 13.375, 13.75 ], "texture": "#voxels_atlas" }
			}
		},
		{
			"__comment": "Voxels",
			"from": [ 10, -1, 7.5 ],
			"to": [ 23, -0.5, 9 ],
			"faces": {
				"down": { "uv": [ 1.375, 14.125, 4.625, 14.5 ], "texture": "#voxels_atlas" },
				"up": { "uv": [ 1.375, 14.125, 4.625, 13.75 ], "texture": "#voxels_atlas" },
				"north": { "uv": [ 9.625, 15.625, 6.375, 15.75 ], "texture": "#voxels_atlas" },
				"south": { "uv": [ 12.25, 15.75, 15.5, 15.875 ], "texture": "#voxels_atlas" },
				"west": { "uv": [ 15.5, 14.125, 15.875, 14.25 ], "texture": "#voxels_atlas" },
				"east": { "uv": [ 15.5, 14.125, 15.125, 14.25 ], "texture": "#voxels_atlas" }
			}
		},
		{
			"__comment": "Voxels",
			"from": [ 10.5, -12, 8 ],
			"to": [ 17, -11.5, 8.5 ],
			"faces": {
				"down": { "uv": [ 12.75, 14.5, 14.375, 14.625 ], "texture": "#voxels_atlas" },
				"up": { "uv": [ 14.375, 14.625, 16, 14.5 ], "texture": "#voxels_atlas" },
				"north": { "uv": [ 9.5, 14.375, 7.875, 14.5 ], "texture": "#voxels_atlas" },
				"south": { "uv": [ 7.875, 14.125, 9.5, 14.25 ], "texture": "#voxels_atlas" },
				"west": { "uv": [ 12.75, 13.625, 12.875, 13.75 ], "texture": "#voxels_atlas" },
				"east": { "uv": [ 12.75, 13.625, 12.625, 13.75 ], "texture": "#voxels_atlas" }
			}
		},
		{
			"__comment": "Voxels",
			"from": [ 11.5, -11.5, 8 ],
			"to": [ 18.5, -11, 8.5 ],
			"faces": {
				"down": { "uv": [ 14.25, 15, 16, 15.125 ], "texture": "#voxels_atlas" },
				"up": { "uv": [ 14.25, 15.375, 16, 15.25 ], "texture": "#voxels_atlas" },
				"north": { "uv": [ 16, 15.625, 14.25, 15.75 ], "texture": "#voxels_atlas" },
				"south": { "uv": [ 14.25, 15.125, 16, 15.25 ], "texture": "#voxels_atlas" },
				"west": { "uv": [ 12.5, 13.625, 12.625, 13.75 ], "texture": "#voxels_atlas" },
				"east": { "uv": [ 16, 14.875, 15.875, 15 ], "texture": "#voxels_atlas" }
			}
		},
		{
			"__comment": "Voxels",
			"from": [ 11.5, -1.5, 7.5 ],
			"to": [ 14.5, -1, 9 ],
			"faces": {
				"down": { "uv": [ 6.375, 14.25, 7.125, 14.625 ], "texture": "#voxels_atlas" },
				"up": { "uv": [ 5.25, 8.625, 6, 8.25 ], "texture": "#voxels_atlas" },
				"north": { "uv": [ 8.75, 8.75, 8, 8.875 ], "texture": "#voxels_atlas" },
				"south": { "uv": [ 8.75, 8.875, 9.5, 9 ], "texture": "#voxels_atlas" },
				"west": { "uv": [ 14.75, 14.125, 15.125, 14.25 ], "texture": "#voxels_atlas" },
				"east": { "uv": [ 14, 14.125, 13.625, 14.25 ], "texture": "#voxels_atlas" }
			}
		},
		{
			"__comment": "Voxels",
			"from": [ 12, -11, 8 ],
			"to": [ 20, -10.5, 8.5 ],
			"faces": {
				"down": { "uv": [ 13.875, 14.75, 15.875, 14.875 ], "texture": "#voxels_atlas" },
				"up": { "uv": [ 9.875, 15, 11.875, 14.875 ], "texture": "#voxels_atlas" },
				"north": { "uv": [ 13.875, 14.875, 11.875, 15 ], "texture": "#voxels_atlas" },
				"south": { "uv": [ 13.875, 14.875, 15.875, 15 ], "texture": "#voxels_atlas" },
				"west": { "uv": [ 7.75, 9.75, 7.875, 9.875 ], "texture": "#voxels_atlas" },
				"east": { "uv": [ 7.875, 9.875, 7.75, 10 ], "texture": "#voxels_atlas" }
			}
		},
		{
			"__comment": "Voxels",
			"from": [ 12.5, -10.5, 8 ],
			"to": [ 20.5, -10, 8.5 ],
			"faces": {
				"down": { "uv": [ 7.875, 14.875, 9.875, 15 ], "texture": "#voxels_atlas" },
				"up": { "uv": [ 7.875, 14.875, 9.875, 14.75 ], "texture": "#voxels_atlas" },
				"north": { "uv": [ 11.875, 14.75, 9.875, 14.875 ], "texture": "#voxels_atlas" },
				"south": { "uv": [ 11.875, 14.75, 13.875, 14.875 ], "texture": "#voxels_atlas" },
				"west": { "uv": [ 7.75, 10, 7.875, 10.125 ], "texture": "#voxels_atlas" },
				"east": { "uv": [ 7.875, 10.125, 7.75, 10.25 ], "texture": "#voxels_atlas" }
			}
		},
		{
			"__comment": "Voxels",
			"from": [ 13, -10, 8 ],
			"to": [ 21.5, -9.5, 8.5 ],
			"faces": {
				"down": { "uv": [ 10, 15, 12.125, 15.125 ], "texture": "#voxels_atlas" },
				"up": { "uv": [ 12.125, 15.125, 14.25, 15 ], "texture": "#voxels_atlas" },
				"north": { "uv": [ 14.25, 15.125, 12.125, 15.25 ], "texture": "#voxels_atlas" },
				"south": { "uv": [ 10, 15.125, 12.125, 15.25 ], "texture": "#voxels_atlas" },
				"west": { "uv": [ 7.75, 10.25, 7.875, 10.375 ], "texture": "#voxels_atlas" },
				"east": { "uv": [ 14.375, 13.375, 14.25, 13.5 ], "texture": "#voxels_atlas" }
			}
		},
		{
			"__comment": "Voxels",
			"from": [ 13.5, -9.5, 8 ],
			"to": [ 22, -8.5, 8.5 ],
			"faces": {
				"down": { "uv": [ 7.875, 15.125, 10, 15.25 ], "texture": "#voxels_atlas" },
				"up": { "uv": [ 12.125, 15.375, 14.25, 15.25 ], "texture": "#voxels_atlas" },
				"north": { "uv": [ 5, 9.875, 2.875, 10.125 ], "texture": "#voxels_atlas" },
				"south": { "uv": [ 2.875, 9.625, 5, 9.875 ], "texture": "#voxels_atlas" },
				"west": { "uv": [ 15.5, 13.75, 15.625, 14 ], "texture": "#voxels_atlas" },
				"east": { "uv": [ 15.75, 13.75, 15.625, 14 ], "texture": "#voxels_atlas" }
			}
		},
		{
			"__comment": "Voxels",
			"from": [ 14, -8.5, 8 ],
			"to": [ 22.5, -7, 8.5 ],
			"faces": {
				"down": { "uv": [ 10, 15.25, 12.125, 15.375 ], "texture": "#voxels_atlas" },
				"up": { "uv": [ 7.875, 15.375, 10, 15.25 ], "texture": "#voxels_atlas" },
				"north": { "uv": [ 3.5, 11.25, 1.375, 11.625 ], "texture": "#voxels_atlas" },
				"south": { "uv": [ 1.375, 10.875, 3.5, 11.25 ], "texture": "#voxels_atlas" },
				"west": { "uv": [ 9.875, 12.25, 10, 12.625 ], "texture": "#voxels_atlas" },
				"east": { "uv": [ 10, 12.625, 9.875, 13 ], "texture": "#voxels_atlas" }
			}
		},
		{
			"__comment": "Voxels",
			"from": [ 14, 0.5, 7.5 ],
			"to": [ 23.5, 1, 9 ],
			"faces": {
				"down": { "uv": [ 1.375, 12.75, 3.75, 13.125 ], "texture": "#voxels_atlas" },
				"up": { "uv": [ 1.375, 12.75, 3.75, 12.375 ], "texture": "#voxels_atlas" },
				"north": { "uv": [ 12, 15.625, 9.625, 15.75 ], "texture": "#voxels_atlas" },
				"south": { "uv": [ 13, 15.875, 15.375, 16 ], "texture": "#voxels_atlas" },
				"west": { "uv": [ 12.5, 14.125, 12.875, 14.25 ], "texture": "#voxels_atlas" },
				"east": { "uv": [ 12.5, 14.125, 12.125, 14.25 ], "texture": "#voxels_atlas" }
			}
		},
		{
			"__comment": "Voxels",
			"from": [ 14.5, -11, 7.5 ],
			"to": [ 15.5, -10, 8 ],
			"faces": {
				"down": { "uv": [ 11, 13.625, 11.25, 13.75 ], "texture": "#voxels_atlas" },
				"up": { "uv": [ 5, 11.375, 5.25, 11.25 ], "texture": "#voxels_atlas" },
				"north": { "uv": [ 5.25, 11.375, 5, 11.625 ], "texture": "#voxels_atlas" },
				"south": { "uv": [ 5, 11, 5.25, 11.25 ], "texture": "#voxels_atlas" },
				"west": { "uv": [ 10.125, 9, 10.25, 9.25 ], "texture": "#voxels_atlas" },
				"east": { "uv": [ 10.25, 8.75, 10.125, 9 ], "texture": "#voxels_atlas" }
			}
		},
		{
			"__comment": "Voxels",
			"from": [ 14.5, -11, 8.5 ],
			"to": [ 15.5, -10, 9 ],
			"faces": {
				"down": { "uv": [ 1.125, 12.875, 1.375, 13 ], "texture": "#voxels_atlas" },
				"up": { "uv": [ 1.125, 12.125, 1.375, 12 ], "texture": "#voxels_atlas" },
				"north": { "uv": [ 5.25, 9.875, 5, 10.125 ], "texture": "#voxels_atlas" },
				"south": { "uv": [ 5, 9.625, 5.25, 9.875 ], "texture": "#voxels_atlas" },
				"west": { "uv": [ 5.875, 8, 6, 8.25 ], "texture": "#voxels_atlas" },
				"east": { "uv": [ 7.875, 13.5, 7.75, 13.75 ], "texture": "#voxels_atlas" }
			}
		},
		{
			"__comment": "Voxels",
			"from": [ 14.5, -7, 8 ],
			"to": [ 23.5, -5.5, 8.5 ],
			"faces": {
				"down": { "uv": [ 7.875, 15.5, 10.125, 15.625 ], "texture": "#voxels_atlas" },
				"up": { "uv": [ 10.125, 15.625, 12.375, 15.5 ], "texture": "#voxels_atlas" },
				"north": { "uv": [ 3.625, 12, 1.375, 12.375 ], "texture": "#voxels_atlas" },
				"south": { "uv": [ 1.375, 11.625, 3.625, 12 ], "texture": "#voxels_atlas" },
				"west": { "uv": [ 9.75, 8.25, 9.875, 8.625 ], "texture": "#voxels_atlas" },
				"east": { "uv": [ 9.875, 8.625, 9.75, 9 ], "texture": "#voxels_atlas" }
			}
		},
		{
			"__comment": "Voxels",
			"from": [ 15, -10, 7.5 ],
			"to": [ 17.5, -9, 8 ],
			"faces": {
				"down": { "uv": [ 8.875, 12.25, 9.5, 12.375 ], "texture": "#voxels_atlas" },
				"up": { "uv": [ 8.875, 12.75, 9.5, 12.625 ], "texture": "#voxels_atlas" },
				"north": { "uv": [ 7.875, 12.125, 7.25, 12.375 ], "texture": "#voxels_atlas" },
				"south": { "uv": [ 5.25, 8, 5.875, 8.25 ], "texture": "#voxels_atlas" },
				"west": { "uv": [ 7.75, 13.25, 7.875, 13.5 ], "texture": "#voxels_atlas" },
				"east": { "uv": [ 7.75, 13, 7.625, 13.25 ], "texture": "#voxels_atlas" }
			}
		},
		{
			"__comment": "Voxels",
			"from": [ 15, -10, 8.5 ],
			"to": [ 17.5, -9, 9 ],
			"faces": {
				"down": { "uv": [ 8.875, 12.125, 9.5, 12.25 ], "texture": "#voxels_atlas" },
				"up": { "uv": [ 8.875, 12.125, 9.5, 12 ], "texture": "#voxels_atlas" },
				"north": { "uv": [ 7.875, 12.375, 7.25, 12.625 ], "texture": "#voxels_atlas" },
				"south": { "uv": [ 7.25, 11.875, 7.875, 12.125 ], "texture": "#voxels_atlas" },
				"west": { "uv": [ 7.75, 13, 7.875, 13.25 ], "texture": "#voxels_atlas" },
				"east": { "uv": [ 7.75, 11.625, 7.625, 11.875 ], "texture": "#voxels_atlas" }
			}
		},
		{
			"__comment": "Voxels",
			"from": [ 15, -5.5, 8 ],
			"to": [ 24, -5, 8.5 ],
			"faces": {
				"down": { "uv": [ 12, 15.625, 14.25, 15.75 ], "texture": "#voxels_atlas" },
				"up": { "uv": [ 12.375, 15.625, 14.625, 15.5 ], "texture": "#voxels_atlas" },
				"north": { "uv": [ 10.125, 15.375, 7.875, 15.5 ], "texture": "#voxels_atlas" },
				"south": { "uv": [ 10.125, 15.375, 12.375, 15.5 ], "texture": "#voxels_atlas" },
				"west": { "uv": [ 13.125, 13.375, 13.25, 13.5 ], "texture": "#voxels_atlas" },
				"east": { "uv": [ 13.125, 13.375, 13, 13.5 ], "texture": "#voxels_atlas" }
			}
		},
		{
			"__comment": "Voxels",
			"from": [ 15, -5, 8 ],
			"to": [ 21.5, -3.5, 8.5 ],
			"faces": {
				"down": { "uv": [ 11.625, 14.625, 13.25, 14.75 ], "texture": "#voxels_atlas" },
				"up": { "uv": [ 13.25, 14.75, 14.875, 14.625 ], "texture": "#voxels_atlas" },
				"north": { "uv": [ 5.25, 11.625, 3.625, 12 ], "texture": "#voxels_atlas" },
				"south": { "uv": [ 3.625, 12, 5.25, 12.375 ], "texture": "#voxels_atlas" },
				"west": { "uv": [ 9.75, 10.125, 9.875, 10.5 ], "texture": "#voxels_atlas" },
				"east": { "uv": [ 9.875, 10.5, 9.75, 10.875 ], "texture": "#voxels_atlas" }
			}
		},
		{
			"__comment": "Voxels",
			"from": [ 15.5, -10.5, 7.5 ],
			"to": [ 17, -10, 8 ],
			"faces": {
				"down": { "uv": [ 14.875, 14.25, 15.25, 14.375 ], "texture": "#voxels_atlas" },
				"up": { "uv": [ 14.5, 14.375, 14.875, 14.25 ], "texture": "#voxels_atlas" },
				"north": { "uv": [ 14.5, 14.25, 14.125, 14.375 ], "texture": "#voxels_atlas" },
				"south": { "uv": [ 13.75, 14.25, 14.125, 14.375 ], "texture": "#voxels_atlas" },
				"west": { "uv": [ 12.875, 13.375, 13, 13.5 ], "texture": "#voxels_atlas" },
				"east": { "uv": [ 12.875, 13.375, 12.75, 13.5 ], "texture": "#voxels_atlas" }
			}
		},
		{
			"__comment": "Voxels",
			"from": [ 15.5, -10.5, 8.5 ],
			"to": [ 17, -10, 9 ],
			"faces": {
				"down": { "uv": [ 13.375, 14.25, 13.75, 14.375 ], "texture": "#voxels_atlas" },
				"up": { "uv": [ 13, 14.375, 13.375, 14.25 ], "texture": "#voxels_atlas" },
				"north": { "uv": [ 13, 14.25, 12.625, 14.375 ], "texture": "#voxels_atlas" },
				"south": { "uv": [ 9.125, 11.125, 9.5, 11.25 ], "texture": "#voxels_atlas" },
				"west": { "uv": [ 12.375, 13.375, 12.5, 13.5 ], "texture": "#voxels_atlas" },
				"east": { "uv": [ 12.375, 13.375, 12.25, 13.5 ], "texture": "#voxels_atlas" }
			}
		},
		{
			"__comment": "Voxels",
			"from": [ 15.5, -9, 7.5 ],
			"to": [ 19, -7.5, 8 ],
			"faces": {
				"down": { "uv": [ 8.25, 10.875, 9.125, 11 ], "texture": "#voxels_atlas" },
				"up": { "uv": [ 8.25, 11.375, 9.125, 11.25 ], "texture": "#voxels_atlas" },
				"north": { "uv": [ 6.125, 9.375, 5.25, 9.75 ], "texture": "#voxels_atlas" },
				"south": { "uv": [ 5.25, 9.75, 6.125, 10.125 ], "texture": "#voxels_atlas" },
				"west": { "uv": [ 9.75, 13.875, 9.875, 14.25 ], "texture": "#voxels_atlas" },
				"east": { "uv": [ 7.875, 12.625, 7.75, 13 ], "texture": "#voxels_atlas" }
			}
		},
		{
			"__comment": "Voxels",
			"from": [ 15.5, -9, 8.5 ],
			"to": [ 19, -7.5, 9 ],
			"faces": {
				"down": { "uv": [ 8.25, 10.625, 9.125, 10.75 ], "texture": "#voxels_atlas" },
				"up": { "uv": [ 8.25, 10.875, 9.125, 10.75 ], "texture": "#voxels_atlas" },
				"north": { "uv": [ 6.125, 9, 5.25, 9.375 ], "texture": "#voxels_atlas" },
				"south": { "uv": [ 5.25, 8.625, 6.125, 9 ], "texture": "#voxels_atlas" },
				"west": { "uv": [ 7.625, 12.625, 7.75, 13 ], "texture": "#voxels_atlas" },
				"east": { "uv": [ 6.375, 12.375, 6.25, 12.75 ], "texture": "#voxels_atlas" }
			}
		},
		{
			"__comment": "Voxels",
			"from": [ 15.5, -3.5, 8 ],
			"to": [ 23, -1, 8.5 ],
			"faces": {
				"down": { "uv": [ 7.875, 14.625, 9.75, 14.75 ], "texture": "#voxels_atlas" },
				"up": { "uv": [ 9.75, 14.75, 11.625, 14.625 ], "texture": "#voxels_atlas" },
				"north": { "uv": [ 3.25, 13.125, 1.375, 13.75 ], "texture": "#voxels_atlas" },
				"south": { "uv": [ 3.25, 13.125, 5.125, 13.75 ], "texture": "#voxels_atlas" },
				"west": { "uv": [ 9.625, 13.75, 9.75, 14.375 ], "texture": "#voxels_atlas" },
				"east": { "uv": [ 5.25, 13.125, 5.125, 13.75 ], "texture": "#voxels_atlas" }
			}
		},
		{
			"__comment": "Voxels",
			"from": [ 15.5, -3, 7.5 ],
			"to": [ 21.5, -1, 8 ],
			"faces": {
				"down": { "uv": [ 6.375, 11.375, 7.875, 11.5 ], "texture": "#voxels_atlas" },
				"up": { "uv": [ 6.375, 10.5, 7.875, 10.375 ], "texture": "#voxels_atlas" },
				"north": { "uv": [ 2.875, 8.125, 1.375, 8.625 ], "texture": "#voxels_atlas" },
				"south": { "uv": [ 1.375, 8.625, 2.875, 9.125 ], "texture": "#voxels_atlas" },
				"west": { "uv": [ 9.625, 12, 9.75, 12.5 ], "texture": "#voxels_atlas" },
				"east": { "uv": [ 9.75, 11, 9.625, 11.5 ], "texture": "#voxels_atlas" }
			}
		},
		{
			"__comment": "Voxels",
			"from": [ 15.5, -3, 8.5 ],
			"to": [ 21.5, -1, 9 ],
			"faces": {
				"down": { "uv": [ 1.375, 8, 2.875, 8.125 ], "texture": "#voxels_atlas" },
				"up": { "uv": [ 6.375, 11.625, 7.875, 11.5 ], "texture": "#voxels_atlas" },
				"north": { "uv": [ 2.875, 9.625, 1.375, 10.125 ], "texture": "#voxels_atlas" },
				"south": { "uv": [ 1.375, 9.125, 2.875, 9.625 ], "texture": "#voxels_atlas" },
				"west": { "uv": [ 9.375, 9.75, 9.5, 10.25 ], "texture": "#voxels_atlas" },
				"east": { "uv": [ 9.75, 11.5, 9.625, 12 ], "texture": "#voxels_atlas" }
			}
		},
		{
			"__comment": "Voxels",
			"from": [ 15.5, 1, 7.5 ],
			"to": [ 24, 1.5, 9 ],
			"faces": {
				"down": { "uv": [ 1.375, 10.125, 3.5, 10.5 ], "texture": "#voxels_atlas" },
				"up": { "uv": [ 1.375, 10.875, 3.5, 10.5 ], "texture": "#voxels_atlas" },
				"north": { "uv": [ 10, 15, 7.875, 15.125 ], "texture": "#voxels_atlas" },
				"south": { "uv": [ 12.375, 15.375, 14.5, 15.5 ], "texture": "#voxels_atlas" },
				"west": { "uv": [ 15.625, 15.375, 16, 15.5 ], "texture": "#voxels_atlas" },
				"east": { "uv": [ 6.875, 8, 6.5, 8.125 ], "texture": "#voxels_atlas" }
			}
		},
		{
			"__comment": "Voxels",
			"from": [ 15.5, 1.5, 7.5 ],
			"to": [ 21.5, 2.5, 9 ],
			"faces": {
				"down": { "uv": [ 3.5, 10.875, 5, 11.25 ], "texture": "#voxels_atlas" },
				"up": { "uv": [ 3.5, 11.625, 5, 11.25 ], "texture": "#voxels_atlas" },
				"north": { "uv": [ 7.875, 14.625, 6.375, 14.875 ], "texture": "#voxels_atlas" },
				"south": { "uv": [ 6.375, 14.875, 7.875, 15.125 ], "texture": "#voxels_atlas" },
				"west": { "uv": [ 9.125, 10.75, 9.5, 11 ], "texture": "#voxels_atlas" },
				"east": { "uv": [ 7.75, 13.5, 7.375, 13.75 ], "texture": "#voxels_atlas" }
			}
		},
		{
			"__comment": "Voxels",
			"from": [ 16, -7.5, 7.5 ],
			"to": [ 21, -6, 8 ],
			"faces": {
				"down": { "uv": [ 6.375, 9.5, 7.625, 9.625 ], "texture": "#voxels_atlas" },
				"up": { "uv": [ 2.875, 8.125, 4.125, 8 ], "texture": "#voxels_atlas" },
				"north": { "uv": [ 1.25, 8.5, 0, 8.875 ], "texture": "#voxels_atlas" },
				"south": { "uv": [ 2.875, 9.25, 4.125, 9.625 ], "texture": "#voxels_atlas" },
				"west": { "uv": [ 9.75, 9, 9.875, 9.375 ], "texture": "#voxels_atlas" },
				"east": { "uv": [ 10, 11.875, 9.875, 12.25 ], "texture": "#voxels_atlas" }
			}
		},
		{
			"__comment": "Voxels",
			"from": [ 16, -7.5, 8.5 ],
			"to": [ 21, -6, 9 ],
			"faces": {
				"down": { "uv": [ 6.375, 9.625, 7.625, 9.75 ], "texture": "#voxels_atlas" },
				"up": { "uv": [ 6.375, 9.5, 7.625, 9.375 ], "texture": "#voxels_atlas" },
				"north": { "uv": [ 4.125, 8.875, 2.875, 9.25 ], "texture": "#voxels_atlas" },
				"south": { "uv": [ 2.875, 8.5, 4.125, 8.875 ], "texture": "#voxels_atlas" },
				"west": { "uv": [ 9.875, 11.5, 10, 11.875 ], "texture": "#voxels_atlas" },
				"east": { "uv": [ 10, 11.125, 9.875, 11.5 ], "texture": "#voxels_atlas" }
			}
		},
		{
			"__comment": "Voxels",
			"from": [ 16, -6, 7.5 ],
			"to": [ 20.5, -4.5, 8 ],
			"faces": {
				"down": { "uv": [ 14.5, 15.375, 15.625, 15.5 ], "texture": "#voxels_atlas" },
				"up": { "uv": [ 6.5, 9.125, 7.625, 9 ], "texture": "#voxels_atlas" },
				"north": { "uv": [ 6.375, 13.875, 5.25, 14.25 ], "texture": "#voxels_atlas" },
				"south": { "uv": [ 5.25, 15, 6.375, 15.375 ], "texture": "#voxels_atlas" },
				"west": { "uv": [ 9.875, 9.25, 10, 9.625 ], "texture": "#voxels_atlas" },
				"east": { "uv": [ 1.375, 8.875, 1.25, 9.25 ], "texture": "#voxels_atlas" }
			}
		},
		{
			"__comment": "Voxels",
			"from": [ 16, -6, 8.5 ],
			"to": [ 20.5, -4.5, 9 ],
			"faces": {
				"down": { "uv": [ 6.5, 8.875, 7.625, 9 ], "texture": "#voxels_atlas" },
				"up": { "uv": [ 14.625, 15.625, 15.75, 15.5 ], "texture": "#voxels_atlas" },
				"north": { "uv": [ 5.25, 9.25, 4.125, 9.625 ], "texture": "#voxels_atlas" },
				"south": { "uv": [ 5.25, 15.375, 6.375, 15.75 ], "texture": "#voxels_atlas" },
				"west": { "uv": [ 1.25, 8.5, 1.375, 8.875 ], "texture": "#voxels_atlas" },
				"east": { "uv": [ 1.375, 8.125, 1.25, 8.5 ], "texture": "#voxels_atlas" }
			}
		},
		{
			"__comment": "Voxels",
			"from": [ 16, -4.5, 7.5 ],
			"to": [ 20, -3, 8 ],
			"faces": {
				"down": { "uv": [ 8, 13, 9, 13.125 ], "texture": "#voxels_atlas" },
				"up": { "uv": [ 8, 13.25, 9, 13.125 ], "texture": "#voxels_atlas" },
				"north": { "uv": [ 6.25, 11.25, 5.25, 11.625 ], "texture": "#voxels_atlas" },
				"south": { "uv": [ 5.25, 11.625, 6.25, 12 ], "texture": "#voxels_atlas" },
				"west": { "uv": [ 6.25, 12.75, 6.375, 13.125 ], "texture": "#voxels_atlas" },
				"east": { "uv": [ 9.875, 9.375, 9.75, 9.75 ], "texture": "#voxels_atlas" }
			}
		},
		{
			"__comment": "Voxels",
			"from": [ 16, -4.5, 8.5 ],
			"to": [ 20, -3, 9 ],
			"faces": {
				"down": { "uv": [ 8, 13.75, 9, 13.875 ], "texture": "#voxels_atlas" },
				"up": { "uv": [ 8, 13.375, 9, 13.25 ], "texture": "#voxels_atlas" },
				"north": { "uv": [ 6.25, 12.75, 5.25, 13.125 ], "texture": "#voxels_atlas" },
				"south": { "uv": [ 5.25, 10.5, 6.25, 10.875 ], "texture": "#voxels_atlas" },
				"west": { "uv": [ 6.25, 13.5, 6.375, 13.875 ], "texture": "#voxels_atlas" },
				"east": { "uv": [ 4.125, 8.125, 4, 8.5 ], "texture": "#voxels_atlas" }
			}
		},
		{
			"__comment": "Voxels",
			"from": [ 16, 2.5, 7.5 ],
			"to": [ 21.5, 3, 9 ],
			"faces": {
				"down": { "uv": [ 0, 10.375, 1.375, 10.75 ], "texture": "#voxels_atlas" },
				"up": { "uv": [ 0, 10.375, 1.375, 10 ], "texture": "#voxels_atlas" },
				"north": { "uv": [ 7.75, 9.875, 6.375, 10 ], "texture": "#voxels_atlas" },
				"south": { "uv": [ 6.375, 10, 7.75, 10.125 ], "texture": "#voxels_atlas" },
				"west": { "uv": [ 9.125, 11.25, 9.5, 11.375 ], "texture": "#voxels_atlas" },
				"east": { "uv": [ 9.5, 11.375, 9.125, 11.5 ], "texture": "#voxels_atlas" }
			}
		},
		{
			"__comment": "Voxels",
			"from": [ 16, 3, 7.5 ],
			"to": [ 21, 4.5, 9 ],
			"faces": {
				"down": { "uv": [ 0, 8.875, 1.25, 9.25 ], "texture": "#voxels_atlas" },
				"up": { "uv": [ 3.5, 10.875, 4.75, 10.5 ], "texture": "#voxels_atlas" },
				"north": { "uv": [ 1.25, 8.125, 0, 8.5 ], "texture": "#voxels_atlas" },
				"south": { "uv": [ 3.5, 10.125, 4.75, 10.5 ], "texture": "#voxels_atlas" },
				"west": { "uv": [ 6.5, 8.5, 6.875, 8.875 ], "texture": "#voxels_atlas" },
				"east": { "uv": [ 5.25, 14.5, 4.875, 14.875 ], "texture": "#voxels_atlas" }
			}
		},
		{
			"__comment": "Voxels",
			"from": [ 16.5, 4.5, 7.5 ],
			"to": [ 21, 6, 9 ],
			"faces": {
				"down": { "uv": [ 4.125, 8.125, 5.25, 8.5 ], "texture": "#voxels_atlas" },
				"up": { "uv": [ 4.125, 9.25, 5.25, 8.875 ], "texture": "#voxels_atlas" },
				"north": { "uv": [ 4, 8.125, 2.875, 8.5 ], "texture": "#voxels_atlas" },
				"south": { "uv": [ 5.25, 14.25, 6.375, 14.625 ], "texture": "#voxels_atlas" },
				"west": { "uv": [ 4.875, 14.875, 5.25, 15.25 ], "texture": "#voxels_atlas" },
				"east": { "uv": [ 6.875, 8.125, 6.5, 8.5 ], "texture": "#voxels_atlas" }
			}
		},
		{
			"__comment": "Voxels",
			"from": [ 17, 6, 7.5 ],
			"to": [ 23, 7, 9 ],
			"faces": {
				"down": { "uv": [ 3.75, 12.75, 5.25, 13.125 ], "texture": "#voxels_atlas" },
				"up": { "uv": [ 3.75, 12.75, 5.25, 12.375 ], "texture": "#voxels_atlas" },
				"north": { "uv": [ 7.875, 15.125, 6.375, 15.375 ], "texture": "#voxels_atlas" },
				"south": { "uv": [ 6.375, 15.375, 7.875, 15.625 ], "texture": "#voxels_atlas" },
				"west": { "uv": [ 7.25, 11.625, 7.625, 11.875 ], "texture": "#voxels_atlas" },
				"east": { "uv": [ 7.75, 13.25, 7.375, 13.5 ], "texture": "#voxels_atlas" }
			}
		},
		{
			"__comment": "Voxels",
			"from": [ 17.5, -9.5, 7.5 ],
			"to": [ 18, -9, 8 ],
			"faces": {
				"down": { "uv": [ 12.125, 13.375, 12.25, 13.5 ], "texture": "#voxels_atlas" },
				"up": { "uv": [ 12, 13.5, 12.125, 13.375 ], "texture": "#voxels_atlas" },
				"north": { "uv": [ 11.75, 13.375, 11.625, 13.5 ], "texture": "#voxels_atlas" },
				"south": { "uv": [ 11.5, 13.375, 11.625, 13.5 ], "texture": "#voxels_atlas" },
				"west": { "uv": [ 11.375, 13.375, 11.5, 13.5 ], "texture": "#voxels_atlas" },
				"east": { "uv": [ 11.375, 13.375, 11.25, 13.5 ], "texture": "#voxels_atlas" }
			}
		},
		{
			"__comment": "Voxels",
			"from": [ 17.5, -9.5, 8.5 ],
			"to": [ 18, -9, 9 ],
			"faces": {
				"down": { "uv": [ 10.625, 13.375, 10.75, 13.5 ], "texture": "#voxels_atlas" },
				"up": { "uv": [ 10.375, 8.25, 10.5, 8.125 ], "texture": "#voxels_atlas" },
				"north": { "uv": [ 10.5, 8.5, 10.375, 8.625 ], "texture": "#voxels_atlas" },
				"south": { "uv": [ 10.375, 12.375, 10.5, 12.5 ], "texture": "#voxels_atlas" },
				"west": { "uv": [ 10.375, 12.5, 10.5, 12.625 ], "texture": "#voxels_atlas" },
				"east": { "uv": [ 10.5, 12.625, 10.375, 12.75 ], "texture": "#voxels_atlas" }
			}
		},
		{
			"__comment": "Voxels",
			"from": [ 17.5, 7, 7.5 ],
			"to": [ 23, 7.5, 9 ],
			"faces": {
				"down": { "uv": [ 0, 9.625, 1.375, 10 ], "texture": "#voxels_atlas" },
				"up": { "uv": [ 0, 9.625, 1.375, 9.25 ], "texture": "#voxels_atlas" },
				"north": { "uv": [ 7.75, 10.125, 6.375, 10.25 ], "texture": "#voxels_atlas" },
				"south": { "uv": [ 0, 8, 1.375, 8.125 ], "texture": "#voxels_atlas" },
				"west": { "uv": [ 10.25, 14.125, 10.625, 14.25 ], "texture": "#voxels_atlas" },
				"east": { "uv": [ 12.25, 14, 11.875, 14.125 ], "texture": "#voxels_atlas" }
			}
		},
		{
			"__comment": "Voxels",
			"from": [ 17.5, 7.5, 7.5 ],
			"to": [ 22, 8, 9 ],
			"faces": {
				"down": { "uv": [ 4.125, 8.5, 5.25, 8.875 ], "texture": "#voxels_atlas" },
				"up": { "uv": [ 5.25, 15, 6.375, 14.625 ], "texture": "#voxels_atlas" },
				"north": { "uv": [ 5.25, 8, 4.125, 8.125 ], "texture": "#voxels_atlas" },
				"south": { "uv": [ 14.875, 14.625, 16, 14.75 ], "texture": "#voxels_atlas" },
				"west": { "uv": [ 15.25, 14, 15.625, 14.125 ], "texture": "#voxels_atlas" },
				"east": { "uv": [ 16, 14, 15.625, 14.125 ], "texture": "#voxels_atlas" }
			}
		},
		{
			"__comment": "Voxels",
			"from": [ 17.5, 8, 7.5 ],
			"to": [ 21.5, 10.5, 9 ],
			"faces": {
				"down": { "uv": [ 5.25, 13.5, 6.25, 13.875 ], "texture": "#voxels_atlas" },
				"up": { "uv": [ 5.25, 11.25, 6.25, 10.875 ], "texture": "#voxels_atlas" },
				"north": { "uv": [ 1, 11.375, 0, 12 ], "texture": "#voxels_atlas" },
				"south": { "uv": [ 0, 10.75, 1, 11.375 ], "texture": "#voxels_atlas" },
				"west": { "uv": [ 1, 10.75, 1.375, 11.375 ], "texture": "#voxels_atlas" },
				"east": { "uv": [ 6.75, 12.625, 6.375, 13.25 ], "texture": "#voxels_atlas" }
			}
		},
		{
			"__comment": "Voxels",
			"from": [ 17.5, 10.5, 8 ],
			"to": [ 23, 15, 8.5 ],
			"faces": {
				"down": { "uv": [ 6.375, 9.75, 7.75, 9.875 ], "texture": "#voxels_atlas" },
				"up": { "uv": [ 6.375, 10.375, 7.75, 10.25 ], "texture": "#voxels_atlas" },
				"north": { "uv": [ 1.375, 14.875, 0, 16 ], "texture": "#voxels_atlas" },
				"south": { "uv": [ 0, 13.75, 1.375, 14.875 ], "texture": "#voxels_atlas" },
				"west": { "uv": [ 7.875, 13, 8, 14.125 ], "texture": "#voxels_atlas" },
				"east": { "uv": [ 6.5, 8.25, 6.375, 9.375 ], "texture": "#voxels_atlas" }
			}
		},
		{
			"__comment": "Voxels",
			"from": [ 17.5, 21.5, 8 ],
			"to": [ 21, 22, 8.5 ],
			"faces": {
				"down": { "uv": [ 8.25, 11.125, 9.125, 11.25 ], "texture": "#voxels_atlas" },
				"up": { "uv": [ 8.125, 10.375, 9, 10.25 ], "texture": "#voxels_atlas" },
				"north": { "uv": [ 8.75, 9.625, 7.875, 9.75 ], "texture": "#voxels_atlas" },
				"south": { "uv": [ 8.125, 10.5, 9, 10.625 ], "texture": "#voxels_atlas" },
				"west": { "uv": [ 15.875, 13.5, 16, 13.625 ], "texture": "#voxels_atlas" },
				"east": { "uv": [ 13.625, 13.5, 13.5, 13.625 ], "texture": "#voxels_atlas" }
			}
		},
		{
			"__comment": "Voxels",
			"from": [ 17.5, 22, 8 ],
			"to": [ 20.5, 22.5, 8.5 ],
			"faces": {
				"down": { "uv": [ 8.75, 9.25, 9.5, 9.375 ], "texture": "#voxels_atlas" },
				"up": { "uv": [ 8.75, 9.5, 9.5, 9.375 ], "texture": "#voxels_atlas" },
				"north": { "uv": [ 9.5, 9.125, 8.75, 9.25 ], "texture": "#voxels_atlas" },
				"south": { "uv": [ 8, 8.25, 8.75, 8.375 ], "texture": "#voxels_atlas" },
				"west": { "uv": [ 15.75, 13.5, 15.875, 13.625 ], "texture": "#voxels_atlas" },
				"east": { "uv": [ 15.75, 13.5, 15.625, 13.625 ], "texture": "#voxels_atlas" }
			}
		},
		{
			"__comment": "Voxels",
			"from": [ 17.5, 22.5, 8 ],
			"to": [ 20, 23, 8.5 ],
			"faces": {
				"down": { "uv": [ 12.125, 14.375, 12.75, 14.5 ], "texture": "#voxels_atlas" },
				"up": { "uv": [ 12.75, 14.5, 13.375, 14.375 ], "texture": "#voxels_atlas" },
				"north": { "uv": [ 12.125, 14.375, 11.5, 14.5 ], "texture": "#voxels_atlas" },
				"south": { "uv": [ 8.875, 11.625, 9.5, 11.75 ], "texture": "#voxels_atlas" },
				"west": { "uv": [ 15.25, 13.5, 15.375, 13.625 ], "texture": "#voxels_atlas" },
				"east": { "uv": [ 13, 13.5, 12.875, 13.625 ], "texture": "#voxels_atlas" }
			}
		},
		{
			"__comment": "Voxels",
			"from": [ 17.5, 23, 8 ],
			"to": [ 19.5, 23.5, 8.5 ],
			"faces": {
				"down": { "uv": [ 9, 10.375, 9.5, 10.5 ], "texture": "#voxels_atlas" },
				"up": { "uv": [ 9, 10.625, 9.5, 10.5 ], "texture": "#voxels_atlas" },
				"north": { "uv": [ 9.5, 10.25, 9, 10.375 ], "texture": "#voxels_atlas" },
				"south": { "uv": [ 14.625, 14.375, 15.125, 14.5 ], "texture": "#voxels_atlas" },
				"west": { "uv": [ 12.75, 13.5, 12.875, 13.625 ], "texture": "#voxels_atlas" },
				"east": { "uv": [ 12.75, 13.5, 12.625, 13.625 ], "texture": "#voxels_atlas" }
			}
		},
		{
			"__comment": "Voxels",
			"from": [ 17.5, 23.5, 8 ],
			"to": [ 19, 24, 8.5 ],
			"faces": {
				"down": { "uv": [ 10.625, 14.125, 11, 14.25 ], "texture": "#voxels_atlas" },
				"up": { "uv": [ 11, 14.25, 11.375, 14.125 ], "texture": "#voxels_atlas" },
				"north": { "uv": [ 11.75, 14.125, 11.375, 14.25 ], "texture": "#voxels_atlas" },
				"south": { "uv": [ 11.75, 14.125, 12.125, 14.25 ], "texture": "#voxels_atlas" },
				"west": { "uv": [ 12.5, 13.5, 12.625, 13.625 ], "texture": "#voxels_atlas" },
				"east": { "uv": [ 10.375, 8.625, 10.25, 8.75 ], "texture": "#voxels_atlas" }
			}
		},
		{
			"__comment": "Voxels",
			"from": [ 17.5, 24, 8 ],
			"to": [ 18.5, 24.5, 8.5 ],
			"faces": {
				"down": { "uv": [ 5, 10.875, 5.25, 11 ], "texture": "#voxels_atlas" },
				"up": { "uv": [ 6.125, 9.875, 6.375, 9.75 ], "texture": "#voxels_atlas" },
				"north": { "uv": [ 6.375, 9.375, 6.125, 9.5 ], "texture": "#voxels_atlas" },
				"south": { "uv": [ 6.125, 9, 6.375, 9.125 ], "texture": "#voxels_atlas" },
				"west": { "uv": [ 10.25, 8.75, 10.375, 8.875 ], "texture": "#voxels_atlas" },
				"east": { "uv": [ 10.375, 8.875, 10.25, 9 ], "texture": "#voxels_atlas" }
			}
		},
		{
			"__comment": "Voxels",
			"from": [ 17.5, 24.5, 8 ],
			"to": [ 18, 25.5, 8.5 ],
			"faces": {
				"down": { "uv": [ 10.25, 9.5, 10.375, 9.625 ], "texture": "#voxels_atlas" },
				"up": { "uv": [ 10.25, 13.5, 10.375, 13.375 ], "texture": "#voxels_atlas" },
				"north": { "uv": [ 7.875, 11.625, 7.75, 11.875 ], "texture": "#voxels_atlas" },
				"south": { "uv": [ 6.375, 8, 6.5, 8.25 ], "texture": "#voxels_atlas" },
				"west": { "uv": [ 9.75, 8, 9.875, 8.25 ], "texture": "#voxels_atlas" },
				"east": { "uv": [ 10, 8.625, 9.875, 8.875 ], "texture": "#voxels_atlas" }
			}
		},
		{
			"__comment": "Voxels",
			"from": [ 18, 10.5, 7.5 ],
			"to": [ 21.5, 11.5, 8 ],
			"faces": {
				"down": { "uv": [ 8.25, 11, 9.125, 11.125 ], "texture": "#voxels_atlas" },
				"up": { "uv": [ 7.875, 9.375, 8.75, 9.25 ], "texture": "#voxels_atlas" },
				"north": { "uv": [ 7.625, 13, 6.75, 13.25 ], "texture": "#voxels_atlas" },
				"south": { "uv": [ 6.375, 11.625, 7.25, 11.875 ], "texture": "#voxels_atlas" },
				"west": { "uv": [ 9.875, 8.375, 10, 8.625 ], "texture": "#voxels_atlas" },
				"east": { "uv": [ 10, 8.125, 9.875, 8.375 ], "texture": "#voxels_atlas" }
			}
		},
		{
			"__comment": "Voxels",
			"from": [ 18, 10.5, 8.5 ],
			"to": [ 21.5, 11.5, 9 ],
			"faces": {
				"down": { "uv": [ 7.875, 9.125, 8.75, 9.25 ], "texture": "#voxels_atlas" },
				"up": { "uv": [ 6.75, 12.75, 7.625, 12.625 ], "texture": "#voxels_atlas" },
				"north": { "uv": [ 7.25, 11.875, 6.375, 12.125 ], "texture": "#voxels_atlas" },
				"south": { "uv": [ 6.375, 12.125, 7.25, 12.375 ], "texture": "#voxels_atlas" },
				"west": { "uv": [ 10, 11.75, 10.125, 12 ], "texture": "#voxels_atlas" },
				"east": { "uv": [ 10.125, 11.5, 10, 11.75 ], "texture": "#voxels_atlas" }
			}
		},
		{
			"__comment": "Voxels",
			"from": [ 18, 15, 8 ],
			"to": [ 22.5, 18.5, 8.5 ],
			"faces": {
				"down": { "uv": [ 6.5, 9.25, 7.625, 9.375 ], "texture": "#voxels_atlas" },
				"up": { "uv": [ 6.5, 9.25, 7.625, 9.125 ], "texture": "#voxels_atlas" },
				"north": { "uv": [ 1.125, 12, 0, 12.875 ], "texture": "#voxels_atlas" },
				"south": { "uv": [ 0, 12.875, 1.125, 13.75 ], "texture": "#voxels_atlas" },
				"west": { "uv": [ 8, 9.75, 8.125, 10.625 ], "texture": "#voxels_atlas" },
				"east": { "uv": [ 8, 9.75, 7.875, 10.625 ], "texture": "#voxels_atlas" }
			}
		},
		{
			"__comment": "Voxels",
			"from": [ 18, 18.5, 8 ],
			"to": [ 22, 20, 8.5 ],
			"faces": {
				"down": { "uv": [ 7.875, 12.625, 8.875, 12.75 ], "texture": "#voxels_atlas" },
				"up": { "uv": [ 7.875, 12.625, 8.875, 12.5 ], "texture": "#voxels_atlas" },
				"north": { "uv": [ 6.25, 10.125, 5.25, 10.5 ], "texture": "#voxels_atlas" },
				"south": { "uv": [ 5.25, 13.125, 6.25, 13.5 ], "texture": "#voxels_atlas" },
				"west": { "uv": [ 9.875, 13, 10, 13.375 ], "texture": "#voxels_atlas" },
				"east": { "uv": [ 10, 13.375, 9.875, 13.75 ], "texture": "#voxels_atlas" }
			}
		},
		{
			"__comment": "Voxels",
			"from": [ 18, 20, 8 ],
			"to": [ 21.5, 21, 8.5 ],
			"faces": {
				"down": { "uv": [ 8.125, 9.75, 9, 9.875 ], "texture": "#voxels_atlas" },
				"up": { "uv": [ 8.125, 10, 9, 9.875 ], "texture": "#voxels_atlas" },
				"north": { "uv": [ 7.25, 12.375, 6.375, 12.625 ], "texture": "#voxels_atlas" },
				"south": { "uv": [ 6.75, 12.75, 7.625, 13 ], "texture": "#voxels_atlas" },
				"west": { "uv": [ 10, 11.25, 10.125, 11.5 ], "texture": "#voxels_atlas" },
				"east": { "uv": [ 10.125, 11, 10, 11.25 ], "texture": "#voxels_atlas" }
			}
		},
		{
			"__comment": "Voxels",
			"from": [ 18, 21, 8 ],
			"to": [ 21, 21.5, 8.5 ],
			"faces": {
				"down": { "uv": [ 8.75, 9, 9.5, 9.125 ], "texture": "#voxels_atlas" },
				"up": { "uv": [ 8, 8.25, 8.75, 8.125 ], "texture": "#voxels_atlas" },
				"north": { "uv": [ 9.5, 9.625, 8.75, 9.75 ], "texture": "#voxels_atlas" },
				"south": { "uv": [ 8.75, 9.5, 9.5, 9.625 ], "texture": "#voxels_atlas" },
				"west": { "uv": [ 14.75, 13.625, 14.875, 13.75 ], "texture": "#voxels_atlas" },
				"east": { "uv": [ 14.75, 13.625, 14.625, 13.75 ], "texture": "#voxels_atlas" }
			}
		},
		{
			"__comment": "Voxels",
			"from": [ 18.5, 11.5, 7.5 ],
			"to": [ 22.5, 12.5, 8 ],
			"faces": {
				"down": { "uv": [ 6.875, 8, 7.875, 8.125 ], "texture": "#voxels_atlas" },
				"up": { "uv": [ 6.875, 8.25, 7.875, 8.125 ], "texture": "#voxels_atlas" },
				"north": { "uv": [ 7.375, 13.75, 6.375, 14 ], "texture": "#voxels_atlas" },
				"south": { "uv": [ 6.375, 14, 7.375, 14.25 ], "texture": "#voxels_atlas" },
				"west": { "uv": [ 10, 10.75, 10.125, 11 ], "texture": "#voxels_atlas" },
				"east": { "uv": [ 10.125, 10.5, 10, 10.75 ], "texture": "#voxels_atlas" }
			}
		},
		{
			"__comment": "Voxels",
			"from": [ 18.5, 11.5, 8.5 ],
			"to": [ 22.5, 12.5, 9 ],
			"faces": {
				"down": { "uv": [ 7.875, 12.875, 8.875, 13 ], "texture": "#voxels_atlas" },
				"up": { "uv": [ 7.875, 12.875, 8.875, 12.75 ], "texture": "#voxels_atlas" },
				"north": { "uv": [ 7.375, 13.25, 6.375, 13.5 ], "texture": "#voxels_atlas" },
				"south": { "uv": [ 6.375, 13.5, 7.375, 13.75 ], "texture": "#voxels_atlas" },
				"west": { "uv": [ 10, 10.25, 10.125, 10.5 ], "texture": "#voxels_atlas" },
				"east": { "uv": [ 10.125, 10, 10, 10.25 ], "texture": "#voxels_atlas" }
			}
		},
		{
			"__comment": "Voxels",
			"from": [ 19, -8.5, 7.5 ],
			"to": [ 19.5, -7.5, 8 ],
			"faces": {
				"down": { "uv": [ 14.25, 13.625, 14.375, 13.75 ], "texture": "#voxels_atlas" },
				"up": { "uv": [ 13.625, 13.75, 13.75, 13.625 ], "texture": "#voxels_atlas" },
				"north": { "uv": [ 10.125, 9.75, 10, 10 ], "texture": "#voxels_atlas" },
				"south": { "uv": [ 10, 9.5, 10.125, 9.75 ], "texture": "#voxels_atlas" },
				"west": { "uv": [ 10, 9.25, 10.125, 9.5 ], "texture": "#voxels_atlas" },
				"east": { "uv": [ 10.125, 9, 10, 9.25 ], "texture": "#voxels_atlas" }
			}
		},
		{
			"__comment": "Voxels",
			"from": [ 19, -8.5, 8.5 ],
			"to": [ 19.5, -7.5, 9 ],
			"faces": {
				"down": { "uv": [ 13.25, 13.625, 13.375, 13.75 ], "texture": "#voxels_atlas" },
				"up": { "uv": [ 12.875, 13.75, 13, 13.625 ], "texture": "#voxels_atlas" },
				"north": { "uv": [ 10.125, 8.25, 10, 8.5 ], "texture": "#voxels_atlas" },
				"south": { "uv": [ 10, 8, 10.125, 8.25 ], "texture": "#voxels_atlas" },
				"west": { "uv": [ 10.125, 13.75, 10.25, 14 ], "texture": "#voxels_atlas" },
				"east": { "uv": [ 10.375, 13.75, 10.25, 14 ], "texture": "#voxels_atlas" }
			}
		},
		{
			"__comment": "Voxels",
			"from": [ 19, 12.5, 7.5 ],
			"to": [ 23, 13, 8 ],
			"faces": {
				"down": { "uv": [ 8, 13.375, 9, 13.5 ], "texture": "#voxels_atlas" },
				"up": { "uv": [ 8, 13.625, 9, 13.5 ], "texture": "#voxels_atlas" },
				"north": { "uv": [ 9, 13.625, 8, 13.75 ], "texture": "#voxels_atlas" },
				"south": { "uv": [ 6.875, 8.5, 7.875, 8.625 ], "texture": "#voxels_atlas" },
				"west": { "uv": [ 14, 13.625, 14.125, 13.75 ], "texture": "#voxels_atlas" },
				"east": { "uv": [ 14.25, 13.625, 14.125, 13.75 ], "texture": "#voxels_atlas" }
			}
		},
		{
			"__comment": "Voxels",
			"from": [ 19, 12.5, 8.5 ],
			"to": [ 23, 13, 9 ],
			"faces": {
				"down": { "uv": [ 6.875, 8.375, 7.875, 8.5 ], "texture": "#voxels_atlas" },
				"up": { "uv": [ 8, 14.125, 9, 14 ], "texture": "#voxels_atlas" },
				"north": { "uv": [ 9, 13.875, 8, 14 ], "texture": "#voxels_atlas" },
				"south": { "uv": [ 6.875, 8.25, 7.875, 8.375 ], "texture": "#voxels_atlas" },
				"west": { "uv": [ 10.25, 13.25, 10.375, 13.375 ], "texture": "#voxels_atlas" },
				"east": { "uv": [ 10.375, 13.125, 10.25, 13.25 ], "texture": "#voxels_atlas" }
			}
		},
		{
			"__comment": "Voxels",
			"from": [ 19.5, -8, 7.5 ],
			"to": [ 20, -7.5, 8 ],
			"faces": {
				"down": { "uv": [ 10.25, 13, 10.375, 13.125 ], "texture": "#voxels_atlas" },
				"up": { "uv": [ 10.25, 12, 10.375, 11.875 ], "texture": "#voxels_atlas" },
				"north": { "uv": [ 10.375, 11.75, 10.25, 11.875 ], "texture": "#voxels_atlas" },
				"south": { "uv": [ 10.25, 11.625, 10.375, 11.75 ], "texture": "#voxels_atlas" },
				"west": { "uv": [ 10.25, 11, 10.375, 11.125 ], "texture": "#voxels_atlas" },
				"east": { "uv": [ 10.375, 10.625, 10.25, 10.75 ], "texture": "#voxels_atlas" }
			}
		},
		{
			"__comment": "Voxels",
			"from": [ 19.5, -8, 8.5 ],
			"to": [ 20, -7.5, 9 ],
			"faces": {
				"down": { "uv": [ 10.25, 10.5, 10.375, 10.625 ], "texture": "#voxels_atlas" },
				"up": { "uv": [ 10.25, 10.5, 10.375, 10.375 ], "texture": "#voxels_atlas" },
				"north": { "uv": [ 10.375, 10.25, 10.25, 10.375 ], "texture": "#voxels_atlas" },
				"south": { "uv": [ 10.25, 9.875, 10.375, 10 ], "texture": "#voxels_atlas" },
				"west": { "uv": [ 10.25, 9.75, 10.375, 9.875 ], "texture": "#voxels_atlas" },
				"east": { "uv": [ 10.375, 9.625, 10.25, 9.75 ], "texture": "#voxels_atlas" }
			}
		},
		{
			"__comment": "Voxels",
			"from": [ 19.5, 13, 7.5 ],
			"to": [ 23, 13.5, 8 ],
			"faces": {
				"down": { "uv": [ 8.25, 11.375, 9.125, 11.5 ], "texture": "#voxels_atlas" },
				"up": { "uv": [ 7.875, 9, 8.75, 8.875 ], "texture": "#voxels_atlas" },
				"north": { "uv": [ 8.75, 9, 7.875, 9.125 ], "texture": "#voxels_atlas" },
				"south": { "uv": [ 7.875, 9.375, 8.75, 9.5 ], "texture": "#voxels_atlas" },
				"west": { "uv": [ 10.25, 8, 10.375, 8.125 ], "texture": "#voxels_atlas" },
				"east": { "uv": [ 10.75, 13.5, 10.625, 13.625 ], "texture": "#voxels_atlas" }
			}
		},
		{
			"__comment": "Voxels",
			"from": [ 19.5, 13, 8.5 ],
			"to": [ 23, 13.5, 9 ],
			"faces": {
				"down": { "uv": [ 7.875, 9.5, 8.75, 9.625 ], "texture": "#voxels_atlas" },
				"up": { "uv": [ 8.125, 10.125, 9, 10 ], "texture": "#voxels_atlas" },
				"north": { "uv": [ 9, 10.125, 8.125, 10.25 ], "texture": "#voxels_atlas" },
				"south": { "uv": [ 8.125, 10.375, 9, 10.5 ], "texture": "#voxels_atlas" },
				"west": { "uv": [ 14.5, 13.5, 14.625, 13.625 ], "texture": "#voxels_atlas" },
				"east": { "uv": [ 15, 13.5, 14.875, 13.625 ], "texture": "#voxels_atlas" }
			}
		},
		{
			"__comment": "Voxels",
			"from": [ 19.5, 13.5, 7.5 ],
			"to": [ 22, 14, 8 ],
			"faces": {
				"down": { "uv": [ 8.875, 11.75, 9.5, 11.875 ], "texture": "#voxels_atlas" },
				"up": { "uv": [ 13.375, 14.5, 14, 14.375 ], "texture": "#voxels_atlas" },
				"north": { "uv": [ 9.5, 12.875, 8.875, 13 ], "texture": "#voxels_atlas" },
				"south": { "uv": [ 15.375, 15.875, 16, 16 ], "texture": "#voxels_atlas" },
				"west": { "uv": [ 10.375, 13.125, 10.5, 13.25 ], "texture": "#voxels_atlas" },
				"east": { "uv": [ 10.5, 12.75, 10.375, 12.875 ], "texture": "#voxels_atlas" }
			}
		},
		{
			"__comment": "Voxels",
			"from": [ 19.5, 13.5, 8.5 ],
			"to": [ 22, 14, 9 ],
			"faces": {
				"down": { "uv": [ 8.875, 11.875, 9.5, 12 ], "texture": "#voxels_atlas" },
				"up": { "uv": [ 8.875, 11.625, 9.5, 11.5 ], "texture": "#voxels_atlas" },
				"north": { "uv": [ 9.5, 12.375, 8.875, 12.5 ], "texture": "#voxels_atlas" },
				"south": { "uv": [ 8.875, 12.75, 9.5, 12.875 ], "texture": "#voxels_atlas" },
				"west": { "uv": [ 10.375, 8.375, 10.5, 8.5 ], "texture": "#voxels_atlas" },
				"east": { "uv": [ 10.5, 8.25, 10.375, 8.375 ], "texture": "#voxels_atlas" }
			}
		},
		{
			"__comment": "Voxels",
			"from": [ 19.5, 14, 7.5 ],
			"to": [ 21.5, 15.5, 8 ],
			"faces": {
				"down": { "uv": [ 9, 13.5, 9.5, 13.625 ], "texture": "#voxels_atlas" },
				"up": { "uv": [ 9, 13.75, 9.5, 13.625 ], "texture": "#voxels_atlas" },
				"north": { "uv": [ 6.875, 11, 6.375, 11.375 ], "texture": "#voxels_atlas" },
				"south": { "uv": [ 6.875, 11, 7.375, 11.375 ], "texture": "#voxels_atlas" },
				"west": { "uv": [ 6.25, 13.125, 6.375, 13.5 ], "texture": "#voxels_atlas" },
				"east": { "uv": [ 9.875, 9.75, 9.75, 10.125 ], "texture": "#voxels_atlas" }
			}
		},
		{
			"__comment": "Voxels",
			"from": [ 19.5, 14, 8.5 ],
			"to": [ 21.5, 15.5, 9 ],
			"faces": {
				"down": { "uv": [ 9, 13.75, 9.5, 13.875 ], "texture": "#voxels_atlas" },
				"up": { "uv": [ 9, 14, 9.5, 13.875 ], "texture": "#voxels_atlas" },
				"north": { "uv": [ 7.625, 14.25, 7.125, 14.625 ], "texture": "#voxels_atlas" },
				"south": { "uv": [ 7.375, 11, 7.875, 11.375 ], "texture": "#voxels_atlas" },
				"west": { "uv": [ 9.75, 12.75, 9.875, 13.125 ], "texture": "#voxels_atlas" },
				"east": { "uv": [ 9.875, 10.875, 9.75, 11.25 ], "texture": "#voxels_atlas" }
			}
		},
		{
			"__comment": "Voxels",
			"from": [ 19.5, 15.5, 7.5 ],
			"to": [ 21, 17.5, 8 ],
			"faces": {
				"down": { "uv": [ 15.25, 14.25, 15.625, 14.375 ], "texture": "#voxels_atlas" },
				"up": { "uv": [ 15.625, 14.375, 16, 14.25 ], "texture": "#voxels_atlas" },
				"north": { "uv": [ 7.125, 10.5, 6.75, 11 ], "texture": "#voxels_atlas" },
				"south": { "uv": [ 6.375, 10.5, 6.75, 11 ], "texture": "#voxels_atlas" },
				"west": { "uv": [ 9.25, 9.75, 9.375, 10.25 ], "texture": "#voxels_atlas" },
				"east": { "uv": [ 9.25, 9.75, 9.125, 10.25 ], "texture": "#voxels_atlas" }
			}
		},
		{
			"__comment": "Voxels",
			"from": [ 19.5, 15.5, 8.5 ],
			"to": [ 21, 17.5, 9 ],
			"faces": {
				"down": { "uv": [ 12.875, 14.125, 13.25, 14.25 ], "texture": "#voxels_atlas" },
				"up": { "uv": [ 13.25, 14.25, 13.625, 14.125 ], "texture": "#voxels_atlas" },
				"north": { "uv": [ 7.5, 10.5, 7.125, 11 ], "texture": "#voxels_atlas" },
				"south": { "uv": [ 7.5, 10.5, 7.875, 11 ], "texture": "#voxels_atlas" },
				"west": { "uv": [ 9, 9.75, 9.125, 10.25 ], "texture": "#voxels_atlas" },
				"east": { "uv": [ 9.75, 9.5, 9.625, 10 ], "texture": "#voxels_atlas" }
			}
		},
		{
			"__comment": "Voxels",
			"from": [ 19.5, 17.5, 7.5 ],
			"to": [ 20.5, 18.5, 8 ],
			"faces": {
				"down": { "uv": [ 7.625, 9, 7.875, 9.125 ], "texture": "#voxels_atlas" },
				"up": { "uv": [ 7.625, 9, 7.875, 8.875 ], "texture": "#voxels_atlas" },
				"north": { "uv": [ 6.375, 8.75, 6.125, 9 ], "texture": "#voxels_atlas" },
				"south": { "uv": [ 6.125, 9.125, 6.375, 9.375 ], "texture": "#voxels_atlas" },
				"west": { "uv": [ 10.5, 13.75, 10.625, 14 ], "texture": "#voxels_atlas" },
				"east": { "uv": [ 10.75, 13.75, 10.625, 14 ], "texture": "#voxels_atlas" }
			}
		},
		{
			"__comment": "Voxels",
			"from": [ 19.5, 17.5, 8.5 ],
			"to": [ 20.5, 18.5, 9 ],
			"faces": {
				"down": { "uv": [ 15.75, 15.5, 16, 15.625 ], "texture": "#voxels_atlas" },
				"up": { "uv": [ 11.75, 14, 12, 13.875 ], "texture": "#voxels_atlas" },
				"north": { "uv": [ 6.375, 9.5, 6.125, 9.75 ], "texture": "#voxels_atlas" },
				"south": { "uv": [ 6.125, 9.875, 6.375, 10.125 ], "texture": "#voxels_atlas" },
				"west": { "uv": [ 12, 13.75, 12.125, 14 ], "texture": "#voxels_atlas" },
				"east": { "uv": [ 12.25, 13.75, 12.125, 14 ], "texture": "#voxels_atlas" }
			}
		},
		{
			"__comment": "Voxels",
			"from": [ 20, -4, 7.5 ],
			"to": [ 20.5, -3, 8 ],
			"faces": {
				"down": { "uv": [ 14.875, 13.625, 15, 13.75 ], "texture": "#voxels_atlas" },
				"up": { "uv": [ 10.25, 13.625, 10.375, 13.5 ], "texture": "#voxels_atlas" },
				"north": { "uv": [ 12.375, 13.75, 12.25, 14 ], "texture": "#voxels_atlas" },
				"south": { "uv": [ 12.375, 13.75, 12.5, 14 ], "texture": "#voxels_atlas" },
				"west": { "uv": [ 12.5, 13.75, 12.625, 14 ], "texture": "#voxels_atlas" },
				"east": { "uv": [ 12.75, 13.75, 12.625, 14 ], "texture": "#voxels_atlas" }
			}
		},
		{
			"__comment": "Voxels",
			"from": [ 20, -4, 8.5 ],
			"to": [ 20.5, -3, 9 ],
			"faces": {
				"down": { "uv": [ 10.25, 12.875, 10.375, 13 ], "texture": "#voxels_atlas" },
				"up": { "uv": [ 10.25, 12.125, 10.375, 12 ], "texture": "#voxels_atlas" },
				"north": { "uv": [ 12.875, 13.75, 12.75, 14 ], "texture": "#voxels_atlas" },
				"south": { "uv": [ 12.875, 13.75, 13, 14 ], "texture": "#voxels_atlas" },
				"west": { "uv": [ 13, 13.75, 13.125, 14 ], "texture": "#voxels_atlas" },
				"east": { "uv": [ 13.25, 13.75, 13.125, 14 ], "texture": "#voxels_atlas" }
			}
		},
		{
			"__comment": "Voxels",
			"from": [ 20, 18.5, 7.5 ],
			"to": [ 20.5, 19.5, 8 ],
			"faces": {
				"down": { "uv": [ 10.25, 10.875, 10.375, 11 ], "texture": "#voxels_atlas" },
				"up": { "uv": [ 10.25, 10.875, 10.375, 10.75 ], "texture": "#voxels_atlas" },
				"north": { "uv": [ 13.375, 13.75, 13.25, 14 ], "texture": "#voxels_atlas" },
				"south": { "uv": [ 13.375, 13.75, 13.5, 14 ], "texture": "#voxels_atlas" },
				"west": { "uv": [ 13.5, 13.75, 13.625, 14 ], "texture": "#voxels_atlas" },
				"east": { "uv": [ 13.75, 13.75, 13.625, 14 ], "texture": "#voxels_atlas" }
			}
		},
		{
			"__comment": "Voxels",
			"from": [ 20, 18.5, 8.5 ],
			"to": [ 20.5, 19.5, 9 ],
			"faces": {
				"down": { "uv": [ 10.25, 10.125, 10.375, 10.25 ], "texture": "#voxels_atlas" },
				"up": { "uv": [ 10.25, 10.125, 10.375, 10 ], "texture": "#voxels_atlas" },
				"north": { "uv": [ 13.875, 13.75, 13.75, 14 ], "texture": "#voxels_atlas" },
				"south": { "uv": [ 13.875, 13.75, 14, 14 ], "texture": "#voxels_atlas" },
				"west": { "uv": [ 14, 13.75, 14.125, 14 ], "texture": "#voxels_atlas" },
				"east": { "uv": [ 14.25, 13.75, 14.125, 14 ], "texture": "#voxels_atlas" }
			}
		},
		{
			"__comment": "Voxels",
			"from": [ 21, -7, 7.5 ],
			"to": [ 21.5, -6, 8 ],
			"faces": {
				"down": { "uv": [ 10.25, 9.375, 10.375, 9.5 ], "texture": "#voxels_atlas" },
				"up": { "uv": [ 10.25, 9.125, 10.375, 9 ], "texture": "#voxels_atlas" },
				"north": { "uv": [ 14.375, 13.75, 14.25, 14 ], "texture": "#voxels_atlas" },
				"south": { "uv": [ 14.375, 13.75, 14.5, 14 ], "texture": "#voxels_atlas" },
				"west": { "uv": [ 14.5, 13.75, 14.625, 14 ], "texture": "#voxels_atlas" },
				"east": { "uv": [ 14.75, 13.75, 14.625, 14 ], "texture": "#voxels_atlas" }
			}
		},
		{
			"__comment": "Voxels",
			"from": [ 21, -7, 8.5 ],
			"to": [ 21.5, -6, 9 ],
			"faces": {
				"down": { "uv": [ 10.375, 13.5, 10.5, 13.625 ], "texture": "#voxels_atlas" },
				"up": { "uv": [ 10.5, 13.625, 10.625, 13.5 ], "texture": "#voxels_atlas" },
				"north": { "uv": [ 14.875, 13.75, 14.75, 14 ], "texture": "#voxels_atlas" },
				"south": { "uv": [ 14.875, 13.75, 15, 14 ], "texture": "#voxels_atlas" },
				"west": { "uv": [ 15, 13.75, 15.125, 14 ], "texture": "#voxels_atlas" },
				"east": { "uv": [ 15.25, 13.75, 15.125, 14 ], "texture": "#voxels_atlas" }
			}
		},
		{
			"__comment": "Voxels",
			"from": [ 21, 3, 8 ],
			"to": [ 22, 6, 8.5 ],
			"faces": {
				"down": { "uv": [ 11.75, 13.75, 12, 13.875 ], "texture": "#voxels_atlas" },
				"up": { "uv": [ 15.25, 14, 15.5, 13.875 ], "texture": "#voxels_atlas" },
				"north": { "uv": [ 1.375, 13, 1.125, 13.75 ], "texture": "#voxels_atlas" },
				"south": { "uv": [ 1.125, 12.125, 1.375, 12.875 ], "texture": "#voxels_atlas" },
				"west": { "uv": [ 8.75, 8, 8.875, 8.75 ], "texture": "#voxels_atlas" },
				"east": { "uv": [ 9, 8, 8.875, 8.75 ], "texture": "#voxels_atlas" }
			}
		},
		{
			"__comment": "Voxels",
			"from": [ 21, 5, 7.5 ],
			"to": [ 21.5, 6, 8 ],
			"faces": {
				"down": { "uv": [ 15.375, 13.5, 15.5, 13.625 ], "texture": "#voxels_atlas" },
				"up": { "uv": [ 15.5, 13.625, 15.625, 13.5 ], "texture": "#voxels_atlas" },
				"north": { "uv": [ 15.875, 13.75, 15.75, 14 ], "texture": "#voxels_atlas" },
				"south": { "uv": [ 15.875, 13.75, 16, 14 ], "texture": "#voxels_atlas" },
				"west": { "uv": [ 10.125, 13.5, 10.25, 13.75 ], "texture": "#voxels_atlas" },
				"east": { "uv": [ 10.25, 13.25, 10.125, 13.5 ], "texture": "#voxels_atlas" }
			}
		},
		{
			"__comment": "Voxels",
			"from": [ 21, 5, 8.5 ],
			"to": [ 21.5, 6, 9 ],
			"faces": {
				"down": { "uv": [ 10.375, 13, 10.5, 13.125 ], "texture": "#voxels_atlas" },
				"up": { "uv": [ 10.375, 13, 10.5, 12.875 ], "texture": "#voxels_atlas" },
				"north": { "uv": [ 10.25, 13, 10.125, 13.25 ], "texture": "#voxels_atlas" },
				"south": { "uv": [ 10.125, 12.75, 10.25, 13 ], "texture": "#voxels_atlas" },
				"west": { "uv": [ 10.125, 12.5, 10.25, 12.75 ], "texture": "#voxels_atlas" },
				"east": { "uv": [ 10.25, 9.25, 10.125, 9.5 ], "texture": "#voxels_atlas" }
			}
		},
		{
			"__comment": "Voxels",
			"from": [ 21.5, -6.5, 7.5 ],
			"to": [ 22, -6, 8 ],
			"faces": {
				"down": { "uv": [ 10.375, 12.25, 10.5, 12.375 ], "texture": "#voxels_atlas" },
				"up": { "uv": [ 10.375, 12, 10.5, 11.875 ], "texture": "#voxels_atlas" },
				"north": { "uv": [ 10.5, 11.75, 10.375, 11.875 ], "texture": "#voxels_atlas" },
				"south": { "uv": [ 10.375, 11.625, 10.5, 11.75 ], "texture": "#voxels_atlas" },
				"west": { "uv": [ 10.375, 11.5, 10.5, 11.625 ], "texture": "#voxels_atlas" },
				"east": { "uv": [ 10.5, 10.875, 10.375, 11 ], "texture": "#voxels_atlas" }
			}
		},
		{
			"__comment": "Voxels",
			"from": [ 21.5, -4, 8 ],
			"to": [ 22, -3.5, 8.5 ],
			"faces": {
				"down": { "uv": [ 10.375, 10.75, 10.5, 10.875 ], "texture": "#voxels_atlas" },
				"up": { "uv": [ 10.375, 10.75, 10.5, 10.625 ], "texture": "#voxels_atlas" },
				"north": { "uv": [ 10.5, 10.5, 10.375, 10.625 ], "texture": "#voxels_atlas" },
				"south": { "uv": [ 10.375, 9.625, 10.5, 9.75 ], "texture": "#voxels_atlas" },
				"west": { "uv": [ 10.375, 9.5, 10.5, 9.625 ], "texture": "#voxels_atlas" },
				"east": { "uv": [ 10.5, 9.375, 10.375, 9.5 ], "texture": "#voxels_atlas" }
			}
		},
		{
			"__comment": "Voxels",
			"from": [ 21.5, -2.5, 7.5 ],
			"to": [ 22, -1, 8 ],
			"faces": {
				"down": { "uv": [ 10.375, 9.25, 10.5, 9.375 ], "texture": "#voxels_atlas" },
				"up": { "uv": [ 10.375, 8.75, 10.5, 8.625 ], "texture": "#voxels_atlas" },
				"north": { "uv": [ 6.375, 12, 6.25, 12.375 ], "texture": "#voxels_atlas" },
				"south": { "uv": [ 6.25, 11.625, 6.375, 12 ], "texture": "#voxels_atlas" },
				"west": { "uv": [ 6.25, 11.25, 6.375, 11.625 ], "texture": "#voxels_atlas" },
				"east": { "uv": [ 6.375, 10.875, 6.25, 11.25 ], "texture": "#voxels_atlas" }
			}
		},
		{
			"__comment": "Voxels",
			"from": [ 21.5, -2.5, 8.5 ],
			"to": [ 22, -1, 9 ],
			"faces": {
				"down": { "uv": [ 10.375, 8, 10.5, 8.125 ], "texture": "#voxels_atlas" },
				"up": { "uv": [ 10.5, 13.5, 10.625, 13.375 ], "texture": "#voxels_atlas" },
				"north": { "uv": [ 6.375, 10.5, 6.25, 10.875 ], "texture": "#voxels_atlas" },
				"south": { "uv": [ 6.25, 10.125, 6.375, 10.5 ], "texture": "#voxels_atlas" },
				"west": { "uv": [ 7.625, 14.25, 7.75, 14.625 ], "texture": "#voxels_atlas" },
				"east": { "uv": [ 7.875, 14.25, 7.75, 14.625 ], "texture": "#voxels_atlas" }
			}
		},
		{
			"__comment": "Voxels",
			"from": [ 21.5, 1.5, 8 ],
			"to": [ 25.5, 3, 8.5 ],
			"faces": {
				"down": { "uv": [ 7.875, 12.375, 8.875, 12.5 ], "texture": "#voxels_atlas" },
				"up": { "uv": [ 7.875, 12.375, 8.875, 12.25 ], "texture": "#voxels_atlas" },
				"north": { "uv": [ 6.25, 12, 5.25, 12.375 ], "texture": "#voxels_atlas" },
				"south": { "uv": [ 5.25, 12.375, 6.25, 12.75 ], "texture": "#voxels_atlas" },
				"west": { "uv": [ 9.75, 13.5, 9.875, 13.875 ], "texture": "#voxels_atlas" },
				"east": { "uv": [ 9.875, 13.125, 9.75, 13.5 ], "texture": "#voxels_atlas" }
			}
		},
		{
			"__comment": "Voxels",
			"from": [ 21.5, 8, 8 ],
			"to": [ 23, 8.5, 8.5 ],
			"faces": {
				"down": { "uv": [ 9.125, 11, 9.5, 11.125 ], "texture": "#voxels_atlas" },
				"up": { "uv": [ 9.125, 10.75, 9.5, 10.625 ], "texture": "#voxels_atlas" },
				"north": { "uv": [ 16, 14.375, 15.625, 14.5 ], "texture": "#voxels_atlas" },
				"south": { "uv": [ 12.25, 14.25, 12.625, 14.375 ], "texture": "#voxels_atlas" },
				"west": { "uv": [ 14.375, 13.375, 14.5, 13.5 ], "texture": "#voxels_atlas" },
				"east": { "uv": [ 14.625, 13.375, 14.5, 13.5 ], "texture": "#voxels_atlas" }
			}
		},
		{
			"__comment": "Voxels",
			"from": [ 21.5, 8.5, 8 ],
			"to": [ 22.5, 10.5, 8.5 ],
			"faces": {
				"down": { "uv": [ 6.125, 8.625, 6.375, 8.75 ], "texture": "#voxels_atlas" },
				"up": { "uv": [ 7.625, 9.75, 7.875, 9.625 ], "texture": "#voxels_atlas" },
				"north": { "uv": [ 9.25, 13, 9, 13.5 ], "texture": "#voxels_atlas" },
				"south": { "uv": [ 9.25, 13, 9.5, 13.5 ], "texture": "#voxels_atlas" },
				"west": { "uv": [ 9.625, 10.5, 9.75, 11 ], "texture": "#voxels_atlas" },
				"east": { "uv": [ 9.75, 10, 9.625, 10.5 ], "texture": "#voxels_atlas" }
			}
		},
		{
			"__comment": "Voxels",
			"from": [ 21.5, 11, 7.5 ],
			"to": [ 22, 11.5, 8 ],
			"faces": {
				"down": { "uv": [ 15.875, 14.75, 16, 14.875 ], "texture": "#voxels_atlas" },
				"up": { "uv": [ 8.625, 8.125, 8.75, 8 ], "texture": "#voxels_atlas" },
				"north": { "uv": [ 16, 14.125, 15.875, 14.25 ], "texture": "#voxels_atlas" },
				"south": { "uv": [ 9.875, 8, 10, 8.125 ], "texture": "#voxels_atlas" },
				"west": { "uv": [ 11.25, 13.625, 11.375, 13.75 ], "texture": "#voxels_atlas" },
				"east": { "uv": [ 11.5, 13.625, 11.375, 13.75 ], "texture": "#voxels_atlas" }
			}
		},
		{
			"__comment": "Voxels",
			"from": [ 21.5, 11, 8.5 ],
			"to": [ 22, 11.5, 9 ],
			"faces": {
				"down": { "uv": [ 11.5, 13.625, 11.625, 13.75 ], "texture": "#voxels_atlas" },
				"up": { "uv": [ 11.625, 13.75, 11.75, 13.625 ], "texture": "#voxels_atlas" },
				"north": { "uv": [ 11.875, 13.625, 11.75, 13.75 ], "texture": "#voxels_atlas" },
				"south": { "uv": [ 11.875, 13.625, 12, 13.75 ], "texture": "#voxels_atlas" },
				"west": { "uv": [ 12, 13.625, 12.125, 13.75 ], "texture": "#voxels_atlas" },
				"east": { "uv": [ 12.25, 13.625, 12.125, 13.75 ], "texture": "#voxels_atlas" }
			}
		},
		{
			"__comment": "Voxels",
			"from": [ 22, -2, 7.5 ],
			"to": [ 22.5, -1, 8 ],
			"faces": {
				"down": { "uv": [ 12.25, 13.625, 12.375, 13.75 ], "texture": "#voxels_atlas" },
				"up": { "uv": [ 12.375, 13.75, 12.5, 13.625 ], "texture": "#voxels_atlas" },
				"north": { "uv": [ 10.125, 13.75, 10, 14 ], "texture": "#voxels_atlas" },
				"south": { "uv": [ 10, 13.5, 10.125, 13.75 ], "texture": "#voxels_atlas" },
				"west": { "uv": [ 10, 13.25, 10.125, 13.5 ], "texture": "#voxels_atlas" },
				"east": { "uv": [ 10.125, 13, 10, 13.25 ], "texture": "#voxels_atlas" }
			}
		},
		{
			"__comment": "Voxels",
			"from": [ 22, -2, 8.5 ],
			"to": [ 22.5, -1, 9 ],
			"faces": {
				"down": { "uv": [ 13, 13.625, 13.125, 13.75 ], "texture": "#voxels_atlas" },
				"up": { "uv": [ 13.125, 13.75, 13.25, 13.625 ], "texture": "#voxels_atlas" },
				"north": { "uv": [ 10.125, 12.75, 10, 13 ], "texture": "#voxels_atlas" },
				"south": { "uv": [ 10, 12.5, 10.125, 12.75 ], "texture": "#voxels_atlas" },
				"west": { "uv": [ 10, 12.25, 10.125, 12.5 ], "texture": "#voxels_atlas" },
				"east": { "uv": [ 10.125, 12, 10, 12.25 ], "texture": "#voxels_atlas" }
			}
		},
		{
			"__comment": "Voxels",
			"from": [ 22, 4.5, 8 ],
			"to": [ 22.5, 6, 8.5 ],
			"faces": {
				"down": { "uv": [ 13.75, 13.625, 13.875, 13.75 ], "texture": "#voxels_atlas" },
				"up": { "uv": [ 13.875, 13.75, 14, 13.625 ], "texture": "#voxels_atlas" },
				"north": { "uv": [ 9.875, 12.375, 9.75, 12.75 ], "texture": "#voxels_atlas" },
				"south": { "uv": [ 9.75, 12, 9.875, 12.375 ], "texture": "#voxels_atlas" },
				"west": { "uv": [ 9.75, 11.625, 9.875, 12 ], "texture": "#voxels_atlas" },
				"east": { "uv": [ 9.875, 11.25, 9.75, 11.625 ], "texture": "#voxels_atlas" }
			}
		},
		{
			"__comment": "Voxels",
			"from": [ 22, 7.5, 8 ],
			"to": [ 26, 8, 8.5 ],
			"faces": {
				"down": { "uv": [ 7.875, 12.125, 8.875, 12.25 ], "texture": "#voxels_atlas" },
				"up": { "uv": [ 7.875, 12.125, 8.875, 12 ], "texture": "#voxels_atlas" },
				"north": { "uv": [ 8.875, 11.875, 7.875, 12 ], "texture": "#voxels_atlas" },
				"south": { "uv": [ 7.875, 11.75, 8.875, 11.875 ], "texture": "#voxels_atlas" },
				"west": { "uv": [ 15, 13.625, 15.125, 13.75 ], "texture": "#voxels_atlas" },
				"east": { "uv": [ 15.25, 13.625, 15.125, 13.75 ], "texture": "#voxels_atlas" }
			}
		},
		{
			"__comment": "Voxels",
			"from": [ 22.5, -7.5, 8 ],
			"to": [ 23, -7, 8.5 ],
			"faces": {
				"down": { "uv": [ 15.25, 13.625, 15.375, 13.75 ], "texture": "#voxels_atlas" },
				"up": { "uv": [ 15.375, 13.75, 15.5, 13.625 ], "texture": "#voxels_atlas" },
				"north": { "uv": [ 15.625, 13.625, 15.5, 13.75 ], "texture": "#voxels_atlas" },
				"south": { "uv": [ 15.625, 13.625, 15.75, 13.75 ], "texture": "#voxels_atlas" },
				"west": { "uv": [ 15.75, 13.625, 15.875, 13.75 ], "texture": "#voxels_atlas" },
				"east": { "uv": [ 16, 13.625, 15.875, 13.75 ], "texture": "#voxels_atlas" }
			}
		},
		{
			"__comment": "Voxels",
			"from": [ 22.5, 5, 8 ],
			"to": [ 24.5, 6, 8.5 ],
			"faces": {
				"down": { "uv": [ 15.125, 14.375, 15.625, 14.5 ], "texture": "#voxels_atlas" },
				"up": { "uv": [ 9.75, 14.375, 10.25, 14.25 ], "texture": "#voxels_atlas" },
				"north": { "uv": [ 7.875, 13.75, 7.375, 14 ], "texture": "#voxels_atlas" },
				"south": { "uv": [ 7.375, 14, 7.875, 14.25 ], "texture": "#voxels_atlas" },
				"west": { "uv": [ 10, 8.75, 10.125, 9 ], "texture": "#voxels_atlas" },
				"east": { "uv": [ 10.125, 8.5, 10, 8.75 ], "texture": "#voxels_atlas" }
			}
		},
		{
			"__comment": "Voxels",
			"from": [ 22.5, 10, 8 ],
			"to": [ 23, 10.5, 8.5 ],
			"faces": {
				"down": { "uv": [ 10.25, 12.75, 10.375, 12.875 ], "texture": "#voxels_atlas" },
				"up": { "uv": [ 10.25, 12.75, 10.375, 12.625 ], "texture": "#voxels_atlas" },
				"north": { "uv": [ 10.375, 12.5, 10.25, 12.625 ], "texture": "#voxels_atlas" },
				"south": { "uv": [ 10.25, 12.375, 10.375, 12.5 ], "texture": "#voxels_atlas" },
				"west": { "uv": [ 10.25, 12.25, 10.375, 12.375 ], "texture": "#voxels_atlas" },
				"east": { "uv": [ 10.375, 12.125, 10.25, 12.25 ], "texture": "#voxels_atlas" }
			}
		},
		{
			"__comment": "Voxels",
			"from": [ 23, -5, 8 ],
			"to": [ 24, -4.5, 8.5 ],
			"faces": {
				"down": { "uv": [ 7.625, 9.5, 7.875, 9.625 ], "texture": "#voxels_atlas" },
				"up": { "uv": [ 7.625, 9.5, 7.875, 9.375 ], "texture": "#voxels_atlas" },
				"north": { "uv": [ 7.875, 9.25, 7.625, 9.375 ], "texture": "#voxels_atlas" },
				"south": { "uv": [ 7.625, 9.125, 7.875, 9.25 ], "texture": "#voxels_atlas" },
				"west": { "uv": [ 10.25, 11.5, 10.375, 11.625 ], "texture": "#voxels_atlas" },
				"east": { "uv": [ 10.375, 11.375, 10.25, 11.5 ], "texture": "#voxels_atlas" }
			}
		},
		{
			"__comment": "Voxels",
			"from": [ 23, -3, 8 ],
			"to": [ 23.5, 0, 8.5 ],
			"faces": {
				"down": { "uv": [ 10.25, 11.25, 10.375, 11.375 ], "texture": "#voxels_atlas" },
				"up": { "uv": [ 10.25, 11.25, 10.375, 11.125 ], "texture": "#voxels_atlas" },
				"north": { "uv": [ 9.125, 8, 9, 8.75 ], "texture": "#voxels_atlas" },
				"south": { "uv": [ 9.125, 8, 9.25, 8.75 ], "texture": "#voxels_atlas" },
				"west": { "uv": [ 9.25, 8, 9.375, 8.75 ], "texture": "#voxels_atlas" },
				"east": { "uv": [ 9.5, 8, 9.375, 8.75 ], "texture": "#voxels_atlas" }
			}
		},
		{
			"__comment": "Voxels",
			"from": [ 23, 6, 8 ],
			"to": [ 25, 7.5, 8.5 ],
			"faces": {
				"down": { "uv": [ 15.5, 15.75, 16, 15.875 ], "texture": "#voxels_atlas" },
				"up": { "uv": [ 9, 14.125, 9.5, 14 ], "texture": "#voxels_atlas" },
				"north": { "uv": [ 5.25, 10.125, 4.75, 10.5 ], "texture": "#voxels_atlas" },
				"south": { "uv": [ 4.75, 10.5, 5.25, 10.875 ], "texture": "#voxels_atlas" },
				"west": { "uv": [ 9.875, 8.875, 10, 9.25 ], "texture": "#voxels_atlas" },
				"east": { "uv": [ 10, 13.75, 9.875, 14.125 ], "texture": "#voxels_atlas" }
			}
		},
		{
			"__comment": "Voxels",
			"from": [ 23, 6.5, 7.5 ],
			"to": [ 24, 7, 8 ],
			"faces": {
				"down": { "uv": [ 10.75, 13.875, 11, 14 ], "texture": "#voxels_atlas" },
				"up": { "uv": [ 10.75, 13.875, 11, 13.75 ], "texture": "#voxels_atlas" },
				"north": { "uv": [ 11.25, 13.875, 11, 14 ], "texture": "#voxels_atlas" },
				"south": { "uv": [ 11, 13.75, 11.25, 13.875 ], "texture": "#voxels_atlas" },
				"west": { "uv": [ 10.25, 9.25, 10.375, 9.375 ], "texture": "#voxels_atlas" },
				"east": { "uv": [ 10.375, 9.125, 10.25, 9.25 ], "texture": "#voxels_atlas" }
			}
		},
		{
			"__comment": "Voxels",
			"from": [ 23, 6.5, 8.5 ],
			"to": [ 24, 7, 9 ],
			"faces": {
				"down": { "uv": [ 11.25, 13.875, 11.5, 14 ], "texture": "#voxels_atlas" },
				"up": { "uv": [ 11.25, 13.875, 11.5, 13.75 ], "texture": "#voxels_atlas" },
				"north": { "uv": [ 11.75, 13.875, 11.5, 14 ], "texture": "#voxels_atlas" },
				"south": { "uv": [ 11.5, 13.75, 11.75, 13.875 ], "texture": "#voxels_atlas" },
				"west": { "uv": [ 10.25, 8.5, 10.375, 8.625 ], "texture": "#voxels_atlas" },
				"east": { "uv": [ 10.375, 8.375, 10.25, 8.5 ], "texture": "#voxels_atlas" }
			}
		},
		{
			"__comment": "Voxels",
			"from": [ 23, 11, 8 ],
			"to": [ 23.5, 14, 8.5 ],
			"faces": {
				"down": { "uv": [ 10.25, 8.25, 10.375, 8.375 ], "texture": "#voxels_atlas" },
				"up": { "uv": [ 10.25, 8.25, 10.375, 8.125 ], "texture": "#voxels_atlas" },
				"north": { "uv": [ 9.625, 13, 9.5, 13.75 ], "texture": "#voxels_atlas" },
				"south": { "uv": [ 9.5, 12.25, 9.625, 13 ], "texture": "#voxels_atlas" },
				"west": { "uv": [ 9.5, 11.5, 9.625, 12.25 ], "texture": "#voxels_atlas" },
				"east": { "uv": [ 9.625, 10.75, 9.5, 11.5 ], "texture": "#voxels_atlas" }
			}
		},
		{
			"__comment": "Voxels",
			"from": [ 23.5, -6, 8 ],
			"to": [ 24, -5.5, 8.5 ],
			"faces": {
				"down": { "uv": [ 10.75, 13.5, 10.875, 13.625 ], "texture": "#voxels_atlas" },
				"up": { "uv": [ 10.875, 13.625, 11, 13.5 ], "texture": "#voxels_atlas" },
				"north": { "uv": [ 11.125, 13.5, 11, 13.625 ], "texture": "#voxels_atlas" },
				"south": { "uv": [ 11.125, 13.5, 11.25, 13.625 ], "texture": "#voxels_atlas" },
				"west": { "uv": [ 11.25, 13.5, 11.375, 13.625 ], "texture": "#voxels_atlas" },
				"east": { "uv": [ 11.5, 13.5, 11.375, 13.625 ], "texture": "#voxels_atlas" }
			}
		},
		{
			"__comment": "Voxels",
			"from": [ 23.5, -4.5, 8 ],
			"to": [ 24, -4, 8.5 ],
			"faces": {
				"down": { "uv": [ 11.5, 13.5, 11.625, 13.625 ], "texture": "#voxels_atlas" },
				"up": { "uv": [ 11.625, 13.625, 11.75, 13.5 ], "texture": "#voxels_atlas" },
				"north": { "uv": [ 11.875, 13.5, 11.75, 13.625 ], "texture": "#voxels_atlas" },
				"south": { "uv": [ 11.875, 13.5, 12, 13.625 ], "texture": "#voxels_atlas" },
				"west": { "uv": [ 12, 13.5, 12.125, 13.625 ], "texture": "#voxels_atlas" },
				"east": { "uv": [ 12.25, 13.5, 12.125, 13.625 ], "texture": "#voxels_atlas" }
			}
		},
		{
			"__comment": "Voxels",
			"from": [ 23.5, -2.5, 8 ],
			"to": [ 24, 1, 8.5 ],
			"faces": {
				"down": { "uv": [ 12.25, 13.5, 12.375, 13.625 ], "texture": "#voxels_atlas" },
				"up": { "uv": [ 12.375, 13.625, 12.5, 13.5 ], "texture": "#voxels_atlas" },
				"north": { "uv": [ 8.25, 10.625, 8.125, 11.5 ], "texture": "#voxels_atlas" },
				"south": { "uv": [ 8, 10.625, 8.125, 11.5 ], "texture": "#voxels_atlas" },
				"west": { "uv": [ 7.875, 10.625, 8, 11.5 ], "texture": "#voxels_atlas" },
				"east": { "uv": [ 8, 8, 7.875, 8.875 ], "texture": "#voxels_atlas" }
			}
		},
		{
			"__comment": "Voxels",
			"from": [ 23.5, 1.5, 7.5 ],
			"to": [ 24, 2, 8 ],
			"faces": {
				"down": { "uv": [ 13, 13.5, 13.125, 13.625 ], "texture": "#voxels_atlas" },
				"up": { "uv": [ 13.125, 13.625, 13.25, 13.5 ], "texture": "#voxels_atlas" },
				"north": { "uv": [ 13.375, 13.5, 13.25, 13.625 ], "texture": "#voxels_atlas" },
				"south": { "uv": [ 13.375, 13.5, 13.5, 13.625 ], "texture": "#voxels_atlas" },
				"west": { "uv": [ 14.625, 13.375, 14.75, 13.5 ], "texture": "#voxels_atlas" },
				"east": { "uv": [ 13.75, 13.5, 13.625, 13.625 ], "texture": "#voxels_atlas" }
			}
		},
		{
			"__comment": "Voxels",
			"from": [ 23.5, 1.5, 8.5 ],
			"to": [ 24, 2, 9 ],
			"faces": {
				"down": { "uv": [ 13.75, 13.5, 13.875, 13.625 ], "texture": "#voxels_atlas" },
				"up": { "uv": [ 13.875, 13.625, 14, 13.5 ], "texture": "#voxels_atlas" },
				"north": { "uv": [ 14.125, 13.5, 14, 13.625 ], "texture": "#voxels_atlas" },
				"south": { "uv": [ 14.125, 13.5, 14.25, 13.625 ], "texture": "#voxels_atlas" },
				"west": { "uv": [ 14.25, 13.5, 14.375, 13.625 ], "texture": "#voxels_atlas" },
				"east": { "uv": [ 14.5, 13.5, 14.375, 13.625 ], "texture": "#voxels_atlas" }
			}
		},
		{
			"__comment": "Voxels",
			"from": [ 23.5, 3, 8 ],
			"to": [ 26, 3.5, 8.5 ],
			"faces": {
				"down": { "uv": [ 8, 8, 8.625, 8.125 ], "texture": "#voxels_atlas" },
				"up": { "uv": [ 14, 14.5, 14.625, 14.375 ], "texture": "#voxels_atlas" },
				"north": { "uv": [ 10.875, 14.375, 10.25, 14.5 ], "texture": "#voxels_atlas" },
				"south": { "uv": [ 10.875, 14.375, 11.5, 14.5 ], "texture": "#voxels_atlas" },
				"west": { "uv": [ 15, 13.5, 15.125, 13.625 ], "texture": "#voxels_atlas" },
				"east": { "uv": [ 15.25, 13.5, 15.125, 13.625 ], "texture": "#voxels_atlas" }
			}
		},
		{
			"__comment": "Voxels",
			"from": [ 23.5, 11.5, 8 ],
			"to": [ 25, 14, 8.5 ],
			"faces": {
				"down": { "uv": [ 14, 14.125, 14.375, 14.25 ], "texture": "#voxels_atlas" },
				"up": { "uv": [ 14.375, 14.25, 14.75, 14.125 ], "texture": "#voxels_atlas" },
				"north": { "uv": [ 6.375, 8, 6, 8.625 ], "texture": "#voxels_atlas" },
				"south": { "uv": [ 1, 11.375, 1.375, 12 ], "texture": "#voxels_atlas" },
				"west": { "uv": [ 9.625, 13.125, 9.75, 13.75 ], "texture": "#voxels_atlas" },
				"east": { "uv": [ 9.75, 12.5, 9.625, 13.125 ], "texture": "#voxels_atlas" }
			}
		},
		{
			"__comment": "Voxels",
			"from": [ 24, -1.5, 8 ],
			"to": [ 24.5, 1.5, 8.5 ],
			"faces": {
				"down": { "uv": [ 10.375, 13.375, 10.5, 13.5 ], "texture": "#voxels_atlas" },
				"up": { "uv": [ 10.375, 13.375, 10.5, 13.25 ], "texture": "#voxels_atlas" },
				"north": { "uv": [ 9.625, 10, 9.5, 10.75 ], "texture": "#voxels_atlas" },
				"south": { "uv": [ 9.5, 9.25, 9.625, 10 ], "texture": "#voxels_atlas" },
				"west": { "uv": [ 9.5, 8.5, 9.625, 9.25 ], "texture": "#voxels_atlas" },
				"east": { "uv": [ 9.625, 13.75, 9.5, 14.5 ], "texture": "#voxels_atlas" }
			}
		},
		{
			"__comment": "Voxels",
			"from": [ 24, 8, 8 ],
			"to": [ 26, 8.5, 8.5 ],
			"faces": {
				"down": { "uv": [ 10.25, 14.25, 10.75, 14.375 ], "texture": "#voxels_atlas" },
				"up": { "uv": [ 10.75, 14.375, 11.25, 14.25 ], "texture": "#voxels_atlas" },
				"north": { "uv": [ 11.75, 14.25, 11.25, 14.375 ], "texture": "#voxels_atlas" },
				"south": { "uv": [ 11.75, 14.25, 12.25, 14.375 ], "texture": "#voxels_atlas" },
				"west": { "uv": [ 10.375, 12.125, 10.5, 12.25 ], "texture": "#voxels_atlas" },
				"east": { "uv": [ 10.5, 12, 10.375, 12.125 ], "texture": "#voxels_atlas" }
			}
		},
		{
			"__comment": "Voxels",
			"from": [ 24, 14, 8 ],
			"to": [ 25.5, 14.5, 8.5 ],
			"faces": {
				"down": { "uv": [ 12.25, 14, 12.625, 14.125 ], "texture": "#voxels_atlas" },
				"up": { "uv": [ 12.625, 14.125, 13, 14 ], "texture": "#voxels_atlas" },
				"north": { "uv": [ 13.375, 14, 13, 14.125 ], "texture": "#voxels_atlas" },
				"south": { "uv": [ 13.375, 14, 13.75, 14.125 ], "texture": "#voxels_atlas" },
				"west": { "uv": [ 10.375, 11.375, 10.5, 11.5 ], "texture": "#voxels_atlas" },
				"east": { "uv": [ 10.5, 11.25, 10.375, 11.375 ], "texture": "#voxels_atlas" }
			}
		},
		{
			"__comment": "Voxels",
			"from": [ 24.5, 0, 8 ],
			"to": [ 25, 1.5, 8.5 ],
			"faces": {
				"down": { "uv": [ 10.375, 11.125, 10.5, 11.25 ], "texture": "#voxels_atlas" },
				"up": { "uv": [ 10.375, 11.125, 10.5, 11 ], "texture": "#voxels_atlas" },
				"north": { "uv": [ 10, 10.75, 9.875, 11.125 ], "texture": "#voxels_atlas" },
				"south": { "uv": [ 9.875, 10.375, 10, 10.75 ], "texture": "#voxels_atlas" },
				"west": { "uv": [ 9.875, 10, 10, 10.375 ], "texture": "#voxels_atlas" },
				"east": { "uv": [ 10, 9.625, 9.875, 10 ], "texture": "#voxels_atlas" }
			}
		},
		{
			"__comment": "Voxels",
			"from": [ 24.5, 5.5, 8 ],
			"to": [ 25, 6, 8.5 ],
			"faces": {
				"down": { "uv": [ 10.375, 10.375, 10.5, 10.5 ], "texture": "#voxels_atlas" },
				"up": { "uv": [ 10.375, 10.375, 10.5, 10.25 ], "texture": "#voxels_atlas" },
				"north": { "uv": [ 10.5, 10.125, 10.375, 10.25 ], "texture": "#voxels_atlas" },
				"south": { "uv": [ 10.375, 10, 10.5, 10.125 ], "texture": "#voxels_atlas" },
				"west": { "uv": [ 10.375, 9.875, 10.5, 10 ], "texture": "#voxels_atlas" },
				"east": { "uv": [ 10.5, 9.75, 10.375, 9.875 ], "texture": "#voxels_atlas" }
			}
		},
		{
			"__comment": "Voxels",
			"from": [ 24.5, 8.5, 8 ],
			"to": [ 26, 9, 8.5 ],
			"faces": {
				"down": { "uv": [ 13.75, 14, 14.125, 14.125 ], "texture": "#voxels_atlas" },
				"up": { "uv": [ 14.125, 14.125, 14.5, 14 ], "texture": "#voxels_atlas" },
				"north": { "uv": [ 14.875, 14, 14.5, 14.125 ], "texture": "#voxels_atlas" },
				"south": { "uv": [ 14.875, 14, 15.25, 14.125 ], "texture": "#voxels_atlas" },
				"west": { "uv": [ 10.375, 9.125, 10.5, 9.25 ], "texture": "#voxels_atlas" },
				"east": { "uv": [ 10.5, 9, 10.375, 9.125 ], "texture": "#voxels_atlas" }
			}
		},
		{
			"__comment": "Voxels",
			"from": [ 24.5, 14.5, 8 ],
			"to": [ 25, 15.5, 8.5 ],
			"faces": {
				"down": { "uv": [ 10.375, 8.875, 10.5, 9 ], "texture": "#voxels_atlas" },
				"up": { "uv": [ 10.375, 8.875, 10.5, 8.75 ], "texture": "#voxels_atlas" },
				"north": { "uv": [ 10.25, 12.25, 10.125, 12.5 ], "texture": "#voxels_atlas" },
				"south": { "uv": [ 10.125, 12, 10.25, 12.25 ], "texture": "#voxels_atlas" },
				"west": { "uv": [ 10.125, 11.75, 10.25, 12 ], "texture": "#voxels_atlas" },
				"east": { "uv": [ 10.25, 11.5, 10.125, 11.75 ], "texture": "#voxels_atlas" }
			}
		},
		{
			"__comment": "Voxels",
			"from": [ 25, 3.5, 8 ],
			"to": [ 26, 4, 8.5 ],
			"faces": {
				"down": { "uv": [ 15.25, 13.75, 15.5, 13.875 ], "texture": "#voxels_atlas" },
				"up": { "uv": [ 10.25, 13.75, 10.5, 13.625 ], "texture": "#voxels_atlas" },
				"north": { "uv": [ 10.75, 13.625, 10.5, 13.75 ], "texture": "#voxels_atlas" },
				"south": { "uv": [ 10.75, 13.625, 11, 13.75 ], "texture": "#voxels_atlas" },
				"west": { "uv": [ 10.75, 13.375, 10.875, 13.5 ], "texture": "#voxels_atlas" },
				"east": { "uv": [ 11, 13.375, 10.875, 13.5 ], "texture": "#voxels_atlas" }
			}
		},
		{
			"__comment": "Voxels",
			"from": [ 25, 6.5, 8 ],
			"to": [ 25.5, 7.5, 8.5 ],
			"faces": {
				"down": { "uv": [ 11, 13.375, 11.125, 13.5 ], "texture": "#voxels_atlas" },
				"up": { "uv": [ 11.125, 13.5, 11.25, 13.375 ], "texture": "#voxels_atlas" },
				"north": { "uv": [ 10.25, 11.25, 10.125, 11.5 ], "texture": "#voxels_atlas" },
				"south": { "uv": [ 10.125, 11, 10.25, 11.25 ], "texture": "#voxels_atlas" },
				"west": { "uv": [ 10.125, 10.75, 10.25, 11 ], "texture": "#voxels_atlas" },
				"east": { "uv": [ 10.25, 10.5, 10.125, 10.75 ], "texture": "#voxels_atlas" }
			}
		},
		{
			"__comment": "Voxels",
			"from": [ 25, 9, 8 ],
			"to": [ 25.5, 10, 8.5 ],
			"faces": {
				"down": { "uv": [ 11.75, 13.375, 11.875, 13.5 ], "texture": "#voxels_atlas" },
				"up": { "uv": [ 11.875, 13.5, 12, 13.375 ], "texture": "#voxels_atlas" },
				"north": { "uv": [ 10.25, 10.25, 10.125, 10.5 ], "texture": "#voxels_atlas" },
				"south": { "uv": [ 10.125, 10, 10.25, 10.25 ], "texture": "#voxels_atlas" },
				"west": { "uv": [ 10.125, 9.75, 10.25, 10 ], "texture": "#voxels_atlas" },
				"east": { "uv": [ 10.25, 9.5, 10.125, 9.75 ], "texture": "#voxels_atlas" }
			}
		},
		{
			"__comment": "Voxels",
			"from": [ 25, 12, 8 ],
			"to": [ 25.5, 14, 8.5 ],
			"faces": {
				"down": { "uv": [ 12.5, 13.375, 12.625, 13.5 ], "texture": "#voxels_atlas" },
				"up": { "uv": [ 12.625, 13.5, 12.75, 13.375 ], "texture": "#voxels_atlas" },
				"north": { "uv": [ 9.75, 9, 9.625, 9.5 ], "texture": "#voxels_atlas" },
				"south": { "uv": [ 9.625, 8.5, 9.75, 9 ], "texture": "#voxels_atlas" },
				"west": { "uv": [ 9.625, 8, 9.75, 8.5 ], "texture": "#voxels_atlas" },
				"east": { "uv": [ 9.625, 8, 9.5, 8.5 ], "texture": "#voxels_atlas" }
			}
		},
		{
			"__comment": "Voxels",
			"from": [ 25.5, 4, 8 ],
			"to": [ 26, 4.5, 8.5 ],
			"faces": {
				"down": { "uv": [ 13.25, 13.375, 13.375, 13.5 ], "texture": "#voxels_atlas" },
				"up": { "uv": [ 13.375, 13.5, 13.5, 13.375 ], "texture": "#voxels_atlas" },
				"north": { "uv": [ 13.625, 13.375, 13.5, 13.5 ], "texture": "#voxels_atlas" },
				"south": { "uv": [ 13.625, 13.375, 13.75, 13.5 ], "texture": "#voxels_atlas" },
				"west": { "uv": [ 13.75, 13.375, 13.875, 13.5 ], "texture": "#voxels_atlas" },
				"east": { "uv": [ 14, 13.375, 13.875, 13.5 ], "texture": "#voxels_atlas" }
			}
		},
		{
			"__comment": "Voxels",
			"from": [ 25.5, 13, 8 ],
			"to": [ 26, 14, 8.5 ],
			"faces": {
				"down": { "uv": [ 14, 13.375, 14.125, 13.5 ], "texture": "#voxels_atlas" },
				"up": { "uv": [ 14.125, 13.5, 14.25, 13.375 ], "texture": "#voxels_atlas" },
				"north": { "uv": [ 10.25, 8.5, 10.125, 8.75 ], "texture": "#voxels_atlas" },
				"south": { "uv": [ 10.125, 8.25, 10.25, 8.5 ], "texture": "#voxels_atlas" },
				"west": { "uv": [ 10.125, 8, 10.25, 8.25 ], "texture": "#voxels_atlas" },
				"east": { "uv": [ 10.5, 13.75, 10.375, 14 ], "texture": "#voxels_atlas" }
			}
		}
	],
	"gui_light": "front",	
	"display": {
		"thirdperson_righthand": {
			"rotation":  [ 89, 0, 4 ],
			"translation":  [ -3.476, -2.086, 6.9557 ],
			"scale":  [ 0.8, 0.7913, 1 ]
		},
		"thirdperson_lefthand": {
			"rotation":  [ 90, 180, -7 ],
			"translation":  [ -3.476, -2.086, 6.9557 ],
			"scale":  [ 0.8, 0.7913, 1 ]
		},
		"firstperson_righthand": {
			"rotation": [47, -26, 0],
			"translation": [0.7, 6.2, 1.4],
			"scale": [0.6, 0.6, 0.6]
		},
		"firstperson_lefthand": {
			"rotation": [50, 135, 0],
			"translation": [0.7, 6.2, 1.4],
			"scale": [0.6, 0.6, 0.6]
    	},			
		"gui": {
			"rotation":  [ -20, -11, -19 ],
			"translation":  [ -1.39, 1.3913, 0 ],
			"scale":  [ 0.4, 0.4, 0.4 ]
		},
		"ground": {
			"translation":  [ -3.478, 8.3478, 0 ],
			"scale":  [ 0.5, 0.5, 0.5 ]
		},
		"fixed": {
			"rotation":  [ 0, 180, 0 ],
			"translation":  [ 7.6521, 0.6956, -1.39 ]
		}
	}
}