{
	"__comment": "Designed by Elo106 with Cubik Studio - https://cubik.studio",
	"textures": {
		"particle": "items/pshield",
		"texture": "items/pshield",
		"voxels_atlas": "items/pshield"
	},
	"elements": [ 	 
		{
			"__comment": "Voxels",
			"from": [ 0.25, 7.75, 8 ],
			"to": [ 1, 8.25, 8.25 ],
			"faces": {
				"down": { "uv": [ 4.25, 4.875, 4.625, 5 ], "texture": "#voxels_atlas" },
				"up": { "uv": [ 1.625, 5, 2, 4.875 ], "texture": "#voxels_atlas" },
				"north": { "uv": [ 2, 4.25, 1.625, 4.5 ], "texture": "#voxels_atlas" },
				"south": { "uv": [ 2.5, 7.625, 2.875, 7.875 ], "texture": "#voxels_atlas" },
				"west": { "uv": [ 0.75, 0, 0.875, 0.25 ], "texture": "#voxels_atlas" },
				"east": { "uv": [ 1, 0, 0.875, 0.25 ], "texture": "#voxels_atlas" }
			}
		},
		{
			"__comment": "Voxels",
			"from": [ 0.5, 7.5, 8 ],
			"to": [ 2.5, 7.75, 8.25 ],
			"faces": {
				"down": { "uv": [ 2, 8, 3, 8.125 ], "texture": "#voxels_atlas" },
				"up": { "uv": [ 2, 8.25, 3, 8.125 ], "texture": "#voxels_atlas" },
				"north": { "uv": [ 3, 8.25, 2, 8.375 ], "texture": "#voxels_atlas" },
				"south": { "uv": [ 2, 8.5, 3, 8.625 ], "texture": "#voxels_atlas" },
				"west": { "uv": [ 4.125, 4.375, 4.25, 4.5 ], "texture": "#voxels_atlas" },
				"east": { "uv": [ 4.25, 4.25, 4.125, 4.375 ], "texture": "#voxels_atlas" }
			}
		},
		{
			"__comment": "Voxels",
			"from": [ 0.5, 7.75, 7.75 ],
			"to": [ 5.5, 8.25, 8 ],
			"faces": {
				"down": { "uv": [ 11.25, 13.875, 13.75, 14 ], "texture": "#voxels_atlas" },
				"up": { "uv": [ 10.5, 13.125, 13, 13 ], "texture": "#voxels_atlas" },
				"north": { "uv": [ 16, 15.75, 13.5, 16 ], "texture": "#voxels_atlas" },
				"south": { "uv": [ 2, 13.625, 4.5, 13.875 ], "texture": "#voxels_atlas" },
				"west": { "uv": [ 15.75, 13.625, 15.875, 13.875 ], "texture": "#voxels_atlas" },
				"east": { "uv": [ 16, 13.625, 15.875, 13.875 ], "texture": "#voxels_atlas" }
			}
		},
		{
			"__comment": "Voxels",
			"from": [ 0.5, 7.75, 8.25 ],
			"to": [ 5.5, 8.25, 8.5 ],
			"faces": {
				"down": { "uv": [ 5.5, 13, 8, 13.125 ], "texture": "#voxels_atlas" },
				"up": { "uv": [ 3, 13.125, 5.5, 13 ], "texture": "#voxels_atlas" },
				"north": { "uv": [ 7, 13.625, 4.5, 13.875 ], "texture": "#voxels_atlas" },
				"south": { "uv": [ 9.5, 13.625, 12, 13.875 ], "texture": "#voxels_atlas" },
				"west": { "uv": [ 15.75, 13.375, 15.875, 13.625 ], "texture": "#voxels_atlas" },
				"east": { "uv": [ 16, 13.375, 15.875, 13.625 ], "texture": "#voxels_atlas" }
			}
		},
		{
			"__comment": "Voxels",
			"from": [ 0.5, 8.25, 8 ],
			"to": [ 2.5, 8.5, 8.25 ],
			"faces": {
				"down": { "uv": [ 2, 8.625, 3, 8.75 ], "texture": "#voxels_atlas" },
				"up": { "uv": [ 2, 8.875, 3, 8.75 ], "texture": "#voxels_atlas" },
				"north": { "uv": [ 3, 6.5, 2, 6.625 ], "texture": "#voxels_atlas" },
				"south": { "uv": [ 2, 6.625, 3, 6.75 ], "texture": "#voxels_atlas" },
				"west": { "uv": [ 4.5, 2, 4.625, 2.125 ], "texture": "#voxels_atlas" },
				"east": { "uv": [ 4.625, 1.875, 4.5, 2 ], "texture": "#voxels_atlas" }
			}
		},
		{
			"__comment": "Voxels",
			"from": [ 1.25, 7.75, 8 ],
			"to": [ 14.75, 8.25, 8.25 ],
			"faces": {
				"down": { "uv": [ 7.5, 14.125, 14.25, 14.25 ], "texture": "#voxels_atlas" },
				"up": { "uv": [ 7.5, 14.125, 14.25, 14 ], "texture": "#voxels_atlas" },
				"north": { "uv": [ 13.5, 15.75, 6.75, 16 ], "texture": "#voxels_atlas" },
				"south": { "uv": [ 0, 15.75, 6.75, 16 ], "texture": "#voxels_atlas" },
				"west": { "uv": [ 2.75, 11.125, 2.875, 11.375 ], "texture": "#voxels_atlas" },
				"east": { "uv": [ 3, 11.125, 2.875, 11.375 ], "texture": "#voxels_atlas" }
			}
		},
		{
			"__comment": "Voxels",
			"from": [ 2.5, 2.5, 8 ],
			"to": [ 3.5, 3, 8.25 ],
			"faces": {
				"down": { "uv": [ 3.125, 2.125, 3.625, 2.25 ], "texture": "#voxels_atlas" },
				"up": { "uv": [ 3.125, 2.125, 3.625, 2 ], "texture": "#voxels_atlas" },
				"north": { "uv": [ 2.75, 10.625, 2.25, 10.875 ], "texture": "#voxels_atlas" },
				"south": { "uv": [ 2.25, 10.875, 2.75, 11.125 ], "texture": "#voxels_atlas" },
				"west": { "uv": [ 2.75, 10.875, 2.875, 11.125 ], "texture": "#voxels_atlas" },
				"east": { "uv": [ 3, 10.875, 2.875, 11.125 ], "texture": "#voxels_atlas" }
			}
		},
		{
			"__comment": "Voxels",
			"from": [ 2.5, 3, 8 ],
			"to": [ 3, 3.25, 8.25 ],
			"faces": {
				"up": { "uv": [ 2.75, 10.75, 3, 10.625 ], "texture": "#voxels_atlas" },
				"north": { "uv": [ 3, 10.5, 2.75, 10.625 ], "texture": "#voxels_atlas" },
				"south": { "uv": [ 2.75, 10.375, 3, 10.5 ], "texture": "#voxels_atlas" },
				"west": { "uv": [ 4.5, 1.375, 4.625, 1.5 ], "texture": "#voxels_atlas" },
				"east": { "uv": [ 4.625, 1.25, 4.5, 1.375 ], "texture": "#voxels_atlas" }
			}
		},
		{
			"__comment": "Voxels",
			"from": [ 2.5, 12.75, 8 ],
			"to": [ 3, 13.5, 8.25 ],
			"faces": {
				"down": { "uv": [ 2.75, 6, 3, 6.125 ], "texture": "#voxels_atlas" },
				"up": { "uv": [ 2.75, 6, 3, 5.875 ], "texture": "#voxels_atlas" },
				"north": { "uv": [ 16, 13.875, 15.75, 14.25 ], "texture": "#voxels_atlas" },
				"south": { "uv": [ 1.75, 3.375, 2, 3.75 ], "texture": "#voxels_atlas" },
				"west": { "uv": [ 1.875, 6.75, 2, 7.125 ], "texture": "#voxels_atlas" },
				"east": { "uv": [ 2, 6.375, 1.875, 6.75 ], "texture": "#voxels_atlas" }
			}
		},
		{
			"__comment": "Voxels",
			"from": [ 2.75, 2.75, 7.75 ],
			"to": [ 3.5, 3.25, 8 ],
			"faces": {
				"down": { "uv": [ 2.625, 0.125, 3, 0.25 ], "texture": "#voxels_atlas" },
				"up": { "uv": [ 2.625, 0.125, 3, 0 ], "texture": "#voxels_atlas" },
				"north": { "uv": [ 2.75, 3.125, 2.375, 3.375 ], "texture": "#voxels_atlas" },
				"south": { "uv": [ 2, 2.875, 2.375, 3.125 ], "texture": "#voxels_atlas" },
				"west": { "uv": [ 2.875, 7.625, 3, 7.875 ], "texture": "#voxels_atlas" },
				"east": { "uv": [ 3, 7.375, 2.875, 7.625 ], "texture": "#voxels_atlas" }
			}
		},
		{
			"__comment": "Voxels",
			"from": [ 2.75, 2.75, 8.25 ],
			"to": [ 3.5, 3.25, 8.5 ],
			"faces": {
				"down": { "uv": [ 3.125, 1, 3.5, 1.125 ], "texture": "#voxels_atlas" },
				"up": { "uv": [ 3.5, 1.125, 3.875, 1 ], "texture": "#voxels_atlas" },
				"north": { "uv": [ 2.875, 7.375, 2.5, 7.625 ], "texture": "#voxels_atlas" },
				"south": { "uv": [ 2.5, 7.125, 2.875, 7.375 ], "texture": "#voxels_atlas" },
				"west": { "uv": [ 2.875, 7.125, 3, 7.375 ], "texture": "#voxels_atlas" },
				"east": { "uv": [ 3, 6.875, 2.875, 7.125 ], "texture": "#voxels_atlas" }
			}
		},
		{
			"__comment": "Voxels",
			"from": [ 2.75, 3.25, 8 ],
			"to": [ 3.25, 3.5, 8.25 ],
			"faces": {
				"down": { "uv": [ 2.75, 5.75, 3, 5.875 ], "texture": "#voxels_atlas" },
				"up": { "uv": [ 2.75, 5.75, 3, 5.625 ], "texture": "#voxels_atlas" },
				"north": { "uv": [ 3, 5.5, 2.75, 5.625 ], "texture": "#voxels_atlas" },
				"south": { "uv": [ 2.75, 5.375, 3, 5.5 ], "texture": "#voxels_atlas" },
				"west": { "uv": [ 4.5, 1.125, 4.625, 1.25 ], "texture": "#voxels_atlas" },
				"east": { "uv": [ 4.625, 1, 4.5, 1.125 ], "texture": "#voxels_atlas" }
			}
		},
		{
			"__comment": "Voxels",
			"from": [ 2.75, 12.5, 8 ],
			"to": [ 3.25, 12.75, 8.25 ],
			"faces": {
				"down": { "uv": [ 2.75, 4.875, 3, 5 ], "texture": "#voxels_atlas" },
				"up": { "uv": [ 2.75, 4.875, 3, 4.75 ], "texture": "#voxels_atlas" },
				"north": { "uv": [ 3, 4.625, 2.75, 4.75 ], "texture": "#voxels_atlas" },
				"south": { "uv": [ 2.75, 4.5, 3, 4.625 ], "texture": "#voxels_atlas" },
				"west": { "uv": [ 4.5, 0.875, 4.625, 1 ], "texture": "#voxels_atlas" },
				"east": { "uv": [ 4.75, 6.625, 4.625, 6.75 ], "texture": "#voxels_atlas" }
			}
		},
		{
			"__comment": "Voxels",
			"from": [ 2.75, 12.75, 7.75 ],
			"to": [ 3.5, 13.25, 8 ],
			"faces": {
				"down": { "uv": [ 3.875, 0.625, 4.25, 0.75 ], "texture": "#voxels_atlas" },
				"up": { "uv": [ 3.5, 0.625, 3.875, 0.5 ], "texture": "#voxels_atlas" },
				"north": { "uv": [ 2.75, 4.375, 2.375, 4.625 ], "texture": "#voxels_atlas" },
				"south": { "uv": [ 2, 4.125, 2.375, 4.375 ], "texture": "#voxels_atlas" },
				"west": { "uv": [ 2.875, 5.125, 3, 5.375 ], "texture": "#voxels_atlas" },
				"east": { "uv": [ 2.875, 3.875, 2.75, 4.125 ], "texture": "#voxels_atlas" }
			}
		},
		{
			"__comment": "Voxels",
			"from": [ 2.75, 12.75, 8.25 ],
			"to": [ 3.5, 13.25, 8.5 ],
			"faces": {
				"down": { "uv": [ 3.875, 0.375, 4.25, 0.5 ], "texture": "#voxels_atlas" },
				"up": { "uv": [ 3.5, 0.375, 3.875, 0.25 ], "texture": "#voxels_atlas" },
				"north": { "uv": [ 2.75, 3.625, 2.375, 3.875 ], "texture": "#voxels_atlas" },
				"south": { "uv": [ 2, 3.375, 2.375, 3.625 ], "texture": "#voxels_atlas" },
				"west": { "uv": [ 2.875, 3.875, 3, 4.125 ], "texture": "#voxels_atlas" },
				"east": { "uv": [ 2.875, 3.625, 2.75, 3.875 ], "texture": "#voxels_atlas" }
			}
		},
		{
			"__comment": "Voxels",
			"from": [ 3, 3.25, 7.75 ],
			"to": [ 3.75, 3.5, 8 ],
			"faces": {
				"down": { "uv": [ 3.5, 0.125, 3.875, 0.25 ], "texture": "#voxels_atlas" },
				"up": { "uv": [ 3.5, 0.125, 3.875, 0 ], "texture": "#voxels_atlas" },
				"north": { "uv": [ 4.25, 0.25, 3.875, 0.375 ], "texture": "#voxels_atlas" },
				"south": { "uv": [ 3.875, 0.125, 4.25, 0.25 ], "texture": "#voxels_atlas" },
				"west": { "uv": [ 4.625, 6.5, 4.75, 6.625 ], "texture": "#voxels_atlas" },
				"east": { "uv": [ 4.75, 6.375, 4.625, 6.5 ], "texture": "#voxels_atlas" }
			}
		},
		{
			"__comment": "Voxels",
			"from": [ 3, 3.25, 8.25 ],
			"to": [ 3.75, 3.5, 8.5 ],
			"faces": {
				"down": { "uv": [ 4.625, 11.625, 5, 11.75 ], "texture": "#voxels_atlas" },
				"up": { "uv": [ 5, 11.75, 5.375, 11.625 ], "texture": "#voxels_atlas" },
				"north": { "uv": [ 5.75, 11.625, 5.375, 11.75 ], "texture": "#voxels_atlas" },
				"south": { "uv": [ 5.75, 11.625, 6.125, 11.75 ], "texture": "#voxels_atlas" },
				"west": { "uv": [ 4.625, 6.25, 4.75, 6.375 ], "texture": "#voxels_atlas" },
				"east": { "uv": [ 4.75, 5.125, 4.625, 5.25 ], "texture": "#voxels_atlas" }
			}
		},
		{
			"__comment": "Voxels",
			"from": [ 3, 3.5, 8 ],
			"to": [ 4.25, 3.75, 8.25 ],
			"faces": {
				"down": { "uv": [ 2, 0.375, 2.625, 0.5 ], "texture": "#voxels_atlas" },
				"up": { "uv": [ 2, 0.375, 2.625, 0.25 ], "texture": "#voxels_atlas" },
				"north": { "uv": [ 2.625, 0.125, 2, 0.25 ], "texture": "#voxels_atlas" },
				"south": { "uv": [ 2, 0, 2.625, 0.125 ], "texture": "#voxels_atlas" },
				"west": { "uv": [ 4.625, 5, 4.75, 5.125 ], "texture": "#voxels_atlas" },
				"east": { "uv": [ 4.75, 3.375, 4.625, 3.5 ], "texture": "#voxels_atlas" }
			}
		},
		{
			"__comment": "Voxels",
			"from": [ 3, 7.5, 8 ],
			"to": [ 5.75, 7.75, 8.25 ],
			"faces": {
				"down": { "uv": [ 7.125, 12.125, 8.5, 12.25 ], "texture": "#voxels_atlas" },
				"north": { "uv": [ 14, 12.125, 12.625, 12.25 ], "texture": "#voxels_atlas" },
				"south": { "uv": [ 5.75, 12.125, 7.125, 12.25 ], "texture": "#voxels_atlas" },
				"west": { "uv": [ 10.5, 11.125, 10.625, 11.25 ], "texture": "#voxels_atlas" },
				"east": { "uv": [ 4.75, 3.25, 4.625, 3.375 ], "texture": "#voxels_atlas" }
			}
		},
		{
			"__comment": "Voxels",
			"from": [ 3, 8.25, 8 ],
			"to": [ 5.75, 8.5, 8.25 ],
			"faces": {
				"up": { "uv": [ 3, 12.125, 4.375, 12 ], "texture": "#voxels_atlas" },
				"north": { "uv": [ 5.75, 12, 4.375, 12.125 ], "texture": "#voxels_atlas" },
				"south": { "uv": [ 4.375, 12.125, 5.75, 12.25 ], "texture": "#voxels_atlas" },
				"west": { "uv": [ 4.625, 0.625, 4.75, 0.75 ], "texture": "#voxels_atlas" },
				"east": { "uv": [ 4.75, 0.5, 4.625, 0.625 ], "texture": "#voxels_atlas" }
			}
		},
		{
			"__comment": "Voxels",
			"from": [ 3, 12.25, 8 ],
			"to": [ 4.25, 12.5, 8.25 ],
			"faces": {
				"down": { "uv": [ 15.375, 12.875, 16, 13 ], "texture": "#voxels_atlas" },
				"up": { "uv": [ 15.375, 12.875, 16, 12.75 ], "texture": "#voxels_atlas" },
				"north": { "uv": [ 15.625, 12.375, 15, 12.5 ], "texture": "#voxels_atlas" },
				"south": { "uv": [ 15.375, 12.125, 16, 12.25 ], "texture": "#voxels_atlas" },
				"west": { "uv": [ 4.625, 0.125, 4.75, 0.25 ], "texture": "#voxels_atlas" },
				"east": { "uv": [ 4.75, 0, 4.625, 0.125 ], "texture": "#voxels_atlas" }
			}
		},
		{
			"__comment": "Voxels",
			"from": [ 3, 12.5, 7.75 ],
			"to": [ 3.75, 12.75, 8 ],
			"faces": {
				"down": { "uv": [ 9.875, 11.625, 10.25, 11.75 ], "texture": "#voxels_atlas" },
				"up": { "uv": [ 10.25, 11.75, 10.625, 11.625 ], "texture": "#voxels_atlas" },
				"north": { "uv": [ 11, 11.625, 10.625, 11.75 ], "texture": "#voxels_atlas" },
				"south": { "uv": [ 11, 11.625, 11.375, 11.75 ], "texture": "#voxels_atlas" },
				"west": { "uv": [ 11.625, 11.25, 11.75, 11.375 ], "texture": "#voxels_atlas" },
				"east": { "uv": [ 12.625, 11.25, 12.5, 11.375 ], "texture": "#voxels_atlas" }
			}
		},
		{
			"__comment": "Voxels",
			"from": [ 3, 12.5, 8.25 ],
			"to": [ 3.75, 12.75, 8.5 ],
			"faces": {
				"down": { "uv": [ 4.25, 11, 4.625, 11.125 ], "texture": "#voxels_atlas" },
				"up": { "uv": [ 12.125, 11.75, 12.5, 11.625 ], "texture": "#voxels_atlas" },
				"north": { "uv": [ 12.875, 11.625, 12.5, 11.75 ], "texture": "#voxels_atlas" },
				"south": { "uv": [ 12.875, 11.625, 13.25, 11.75 ], "texture": "#voxels_atlas" },
				"west": { "uv": [ 12.625, 11.25, 12.75, 11.375 ], "texture": "#voxels_atlas" },
				"east": { "uv": [ 13.375, 11.25, 13.25, 11.375 ], "texture": "#voxels_atlas" }
			}
		},
		{
			"__comment": "Voxels",
			"from": [ 3, 13, 8 ],
			"to": [ 3.75, 13.25, 8.25 ],
			"faces": {
				"down": { "uv": [ 14, 11.625, 14.375, 11.75 ], "texture": "#voxels_atlas" },
				"up": { "uv": [ 14.375, 11.75, 14.75, 11.625 ], "texture": "#voxels_atlas" },
				"north": { "uv": [ 15.125, 11.625, 14.75, 11.75 ], "texture": "#voxels_atlas" },
				"south": { "uv": [ 15.125, 11.625, 15.5, 11.75 ], "texture": "#voxels_atlas" },
				"east": { "uv": [ 14.375, 11.25, 14.25, 11.375 ], "texture": "#voxels_atlas" }
			}
		},
		{
			"__comment": "Voxels",
			"from": [ 3, 13.25, 8 ],
			"to": [ 3.5, 13.5, 8.25 ],
			"faces": {
				"up": { "uv": [ 4, 3.25, 4.25, 3.125 ], "texture": "#voxels_atlas" },
				"north": { "uv": [ 4.25, 3, 4, 3.125 ], "texture": "#voxels_atlas" },
				"south": { "uv": [ 4, 2.875, 4.25, 3 ], "texture": "#voxels_atlas" },
				"east": { "uv": [ 14.625, 11.25, 14.5, 11.375 ], "texture": "#voxels_atlas" }
			}
		},
		{
			"__comment": "Voxels",
			"from": [ 3.25, 3, 8 ],
			"to": [ 3.75, 3.25, 8.25 ],
			"faces": {
				"down": { "uv": [ 4, 2.625, 4.25, 2.75 ], "texture": "#voxels_atlas" },
				"up": { "uv": [ 4, 2.625, 4.25, 2.5 ], "texture": "#voxels_atlas" },
				"north": { "uv": [ 4.25, 2.375, 4, 2.5 ], "texture": "#voxels_atlas" },
				"south": { "uv": [ 4, 1.75, 4.25, 1.875 ], "texture": "#voxels_atlas" },
				"west": { "uv": [ 14.625, 11.25, 14.75, 11.375 ], "texture": "#voxels_atlas" },
				"east": { "uv": [ 15.125, 11.25, 15, 11.375 ], "texture": "#voxels_atlas" }
			}
		},
		{
			"__comment": "Voxels",
			"from": [ 3.25, 3.5, 7.75 ],
			"to": [ 4, 3.75, 8 ],
			"faces": {
				"down": { "uv": [ 9.125, 11.5, 9.5, 11.625 ], "texture": "#voxels_atlas" },
				"up": { "uv": [ 9.5, 11.625, 9.875, 11.5 ], "texture": "#voxels_atlas" },
				"north": { "uv": [ 10.25, 11.5, 9.875, 11.625 ], "texture": "#voxels_atlas" },
				"west": { "uv": [ 15.125, 11.25, 15.25, 11.375 ], "texture": "#voxels_atlas" },
				"east": { "uv": [ 15.375, 11.25, 15.25, 11.375 ], "texture": "#voxels_atlas" }
			}
		},
		{
			"__comment": "Voxels",
			"from": [ 3.25, 3.5, 8.25 ],
			"to": [ 4, 3.75, 8.5 ],
			"faces": {
				"down": { "uv": [ 11.375, 11.5, 11.75, 11.625 ], "texture": "#voxels_atlas" },
				"up": { "uv": [ 11.75, 11.625, 12.125, 11.5 ], "texture": "#voxels_atlas" },
				"south": { "uv": [ 12.5, 11.5, 12.875, 11.625 ], "texture": "#voxels_atlas" },
				"west": { "uv": [ 15.375, 11.25, 15.5, 11.375 ], "texture": "#voxels_atlas" },
				"east": { "uv": [ 5.875, 11.125, 5.75, 11.25 ], "texture": "#voxels_atlas" }
			}
		},
		{
			"__comment": "Voxels",
			"from": [ 3.25, 3.75, 8 ],
			"to": [ 4.25, 4, 8.25 ],
			"faces": {
				"up": { "uv": [ 3.5, 4.125, 4, 4 ], "texture": "#voxels_atlas" },
				"north": { "uv": [ 3.5, 2.75, 3, 2.875 ], "texture": "#voxels_atlas" },
				"south": { "uv": [ 3, 3.875, 3.5, 4 ], "texture": "#voxels_atlas" },
				"west": { "uv": [ 5.875, 11.125, 6, 11.25 ], "texture": "#voxels_atlas" },
				"east": { "uv": [ 6.625, 11.125, 6.5, 11.25 ], "texture": "#voxels_atlas" }
			}
		},
		{
			"__comment": "Voxels",
			"from": [ 3.25, 12, 8 ],
			"to": [ 4.25, 12.25, 8.25 ],
			"faces": {
				"down": { "uv": [ 3.5, 3.75, 4, 3.875 ], "texture": "#voxels_atlas" },
				"north": { "uv": [ 4, 3.625, 3.5, 3.75 ], "texture": "#voxels_atlas" },
				"south": { "uv": [ 3, 3.5, 3.5, 3.625 ], "texture": "#voxels_atlas" },
				"west": { "uv": [ 6.625, 11.125, 6.75, 11.25 ], "texture": "#voxels_atlas" },
				"east": { "uv": [ 6.875, 11.125, 6.75, 11.25 ], "texture": "#voxels_atlas" }
			}
		},
		{
			"__comment": "Voxels",
			"from": [ 3.25, 12.25, 7.75 ],
			"to": [ 4, 12.5, 8 ],
			"faces": {
				"down": { "uv": [ 15.125, 11.5, 15.5, 11.625 ], "texture": "#voxels_atlas" },
				"up": { "uv": [ 15.5, 11.625, 15.875, 11.5 ], "texture": "#voxels_atlas" },
				"north": { "uv": [ 4.625, 11.375, 4.25, 11.5 ], "texture": "#voxels_atlas" },
				"west": { "uv": [ 7.5, 11.125, 7.625, 11.25 ], "texture": "#voxels_atlas" },
				"east": { "uv": [ 7.75, 11.125, 7.625, 11.25 ], "texture": "#voxels_atlas" }
			}
		},
		{
			"__comment": "Voxels",
			"from": [ 3.25, 12.25, 8.25 ],
			"to": [ 4, 12.5, 8.5 ],
			"faces": {
				"down": { "uv": [ 5.75, 11.375, 6.125, 11.5 ], "texture": "#voxels_atlas" },
				"up": { "uv": [ 6.125, 11.5, 6.5, 11.375 ], "texture": "#voxels_atlas" },
				"south": { "uv": [ 6.875, 11.375, 7.25, 11.5 ], "texture": "#voxels_atlas" },
				"west": { "uv": [ 7.75, 11.125, 7.875, 11.25 ], "texture": "#voxels_atlas" },
				"east": { "uv": [ 8, 11.125, 7.875, 11.25 ], "texture": "#voxels_atlas" }
			}
		},
		{
			"__comment": "Voxels",
			"from": [ 3.25, 12.75, 8 ],
			"to": [ 3.75, 13, 8.25 ],
			"faces": {
				"down": { "uv": [ 4.25, 2.375, 4.5, 2.5 ], "texture": "#voxels_atlas" },
				"north": { "uv": [ 4.5, 2.125, 4.25, 2.25 ], "texture": "#voxels_atlas" },
				"south": { "uv": [ 4.25, 2, 4.5, 2.125 ], "texture": "#voxels_atlas" },
				"west": { "uv": [ 8.25, 11.125, 8.375, 11.25 ], "texture": "#voxels_atlas" },
				"east": { "uv": [ 8.5, 11.125, 8.375, 11.25 ], "texture": "#voxels_atlas" }
			}
		},
		{
			"__comment": "Voxels",
			"from": [ 3.5, 2.75, 8 ],
			"to": [ 3.75, 3, 8.25 ],
			"faces": {
				"down": { "uv": [ 8.5, 11.125, 8.625, 11.25 ], "texture": "#voxels_atlas" },
				"north": { "uv": [ 9.875, 11.125, 9.75, 11.25 ], "texture": "#voxels_atlas" },
				"south": { "uv": [ 9.875, 11.125, 10, 11.25 ], "texture": "#voxels_atlas" },
				"east": { "uv": [ 10.25, 11.125, 10.125, 11.25 ], "texture": "#voxels_atlas" }
			}
		},
		{
			"__comment": "Voxels",
			"from": [ 3.5, 3.25, 8 ],
			"to": [ 4, 3.5, 8.25 ],
			"faces": {
				"down": { "uv": [ 2.75, 2.875, 3, 3 ], "texture": "#voxels_atlas" },
				"north": { "uv": [ 3, 4.125, 2.75, 4.25 ], "texture": "#voxels_atlas" },
				"south": { "uv": [ 2.75, 3.5, 3, 3.625 ], "texture": "#voxels_atlas" },
				"west": { "uv": [ 10.625, 11.125, 10.75, 11.25 ], "texture": "#voxels_atlas" },
				"east": { "uv": [ 10.875, 11.125, 10.75, 11.25 ], "texture": "#voxels_atlas" }
			}
		},
		{
			"__comment": "Voxels",
			"from": [ 3.5, 3.75, 7.75 ],
			"to": [ 4.25, 4, 8 ],
			"faces": {
				"down": { "uv": [ 14.75, 11.375, 15.125, 11.5 ], "texture": "#voxels_atlas" },
				"up": { "uv": [ 15.125, 11.5, 15.5, 11.375 ], "texture": "#voxels_atlas" },
				"north": { "uv": [ 15.875, 11.375, 15.5, 11.5 ], "texture": "#voxels_atlas" },
				"west": { "uv": [ 10.875, 11.125, 11, 11.25 ], "texture": "#voxels_atlas" },
				"east": { "uv": [ 11.375, 11.125, 11.25, 11.25 ], "texture": "#voxels_atlas" }
			}
		},
		{
			"__comment": "Voxels",
			"from": [ 3.5, 3.75, 8.25 ],
			"to": [ 4.25, 4, 8.5 ],
			"faces": {
				"down": { "uv": [ 4.25, 10.875, 4.625, 11 ], "texture": "#voxels_atlas" },
				"up": { "uv": [ 4.25, 10.875, 4.625, 10.75 ], "texture": "#voxels_atlas" },
				"south": { "uv": [ 4.25, 10.5, 4.625, 10.625 ], "texture": "#voxels_atlas" },
				"west": { "uv": [ 11.375, 11.125, 11.5, 11.25 ], "texture": "#voxels_atlas" },
				"east": { "uv": [ 12.125, 11.125, 12, 11.25 ], "texture": "#voxels_atlas" }
			}
		},
		{
			"__comment": "Voxels",
			"from": [ 3.5, 4, 8 ],
			"to": [ 4.5, 4.25, 8.25 ],
			"faces": {
				"down": { "uv": [ 3, 3, 3.5, 3.125 ], "texture": "#voxels_atlas" },
				"up": { "uv": [ 3.5, 3.125, 4, 3 ], "texture": "#voxels_atlas" },
				"north": { "uv": [ 3.5, 2.875, 3, 3 ], "texture": "#voxels_atlas" },
				"south": { "uv": [ 3.5, 2.875, 4, 3 ], "texture": "#voxels_atlas" },
				"west": { "uv": [ 12.125, 11.125, 12.25, 11.25 ], "texture": "#voxels_atlas" },
				"east": { "uv": [ 12.375, 11.125, 12.25, 11.25 ], "texture": "#voxels_atlas" }
			}
		},
		{
			"__comment": "Voxels",
			"from": [ 3.5, 7.25, 7.75 ],
			"to": [ 5.75, 7.75, 8 ],
			"faces": {
				"down": { "uv": [ 14.875, 12.25, 16, 12.375 ], "texture": "#voxels_atlas" },
				"up": { "uv": [ 3, 9.375, 4.125, 9.25 ], "texture": "#voxels_atlas" },
				"north": { "uv": [ 5.25, 12.75, 4.125, 13 ], "texture": "#voxels_atlas" },
				"south": { "uv": [ 14.25, 12.75, 15.375, 13 ], "texture": "#voxels_atlas" },
				"west": { "uv": [ 4.625, 7.375, 4.75, 7.625 ], "texture": "#voxels_atlas" },
				"east": { "uv": [ 4.75, 7.625, 4.625, 7.875 ], "texture": "#voxels_atlas" }
			}
		},
		{
			"__comment": "Voxels",
			"from": [ 3.5, 7.25, 8 ],
			"to": [ 5.75, 7.5, 8.5 ],
			"faces": {
				"down": { "uv": [ 3, 12.75, 4.125, 13 ], "texture": "#voxels_atlas" },
				"up": { "uv": [ 3, 12.75, 4.125, 12.5 ], "texture": "#voxels_atlas" },
				"south": { "uv": [ 3, 8.625, 4.125, 8.75 ], "texture": "#voxels_atlas" },
				"west": { "uv": [ 11, 11.25, 11.25, 11.375 ], "texture": "#voxels_atlas" },
				"east": { "uv": [ 11, 11.25, 10.75, 11.375 ], "texture": "#voxels_atlas" }
			}
		},
		{
			"__comment": "Voxels",
			"from": [ 3.5, 7.5, 8.25 ],
			"to": [ 5.75, 7.75, 8.5 ],
			"faces": {
				"up": { "uv": [ 3, 8.25, 4.125, 8.125 ], "texture": "#voxels_atlas" },
				"south": { "uv": [ 3, 7.875, 4.125, 8 ], "texture": "#voxels_atlas" },
				"west": { "uv": [ 11.625, 11.125, 11.75, 11.25 ], "texture": "#voxels_atlas" },
				"east": { "uv": [ 11.625, 11.125, 11.5, 11.25 ], "texture": "#voxels_atlas" }
			}
		},
		{
			"__comment": "Voxels",
			"from": [ 3.5, 8.25, 7.75 ],
			"to": [ 5.75, 8.75, 8 ],
			"faces": {
				"down": { "uv": [ 3, 7.5, 4.125, 7.625 ], "texture": "#voxels_atlas" },
				"up": { "uv": [ 3, 7.5, 4.125, 7.375 ], "texture": "#voxels_atlas" },
				"north": { "uv": [ 6.375, 12.75, 5.25, 13 ], "texture": "#voxels_atlas" },
				"south": { "uv": [ 6.375, 12.75, 7.5, 13 ], "texture": "#voxels_atlas" },
				"west": { "uv": [ 4.625, 7.875, 4.75, 8.125 ], "texture": "#voxels_atlas" },
				"east": { "uv": [ 4.75, 8.125, 4.625, 8.375 ], "texture": "#voxels_atlas" }
			}
		},
		{
			"__comment": "Voxels",
			"from": [ 3.5, 8.25, 8.25 ],
			"to": [ 5.75, 8.75, 8.5 ],
			"faces": {
				"down": { "uv": [ 3, 6.75, 4.125, 6.875 ], "texture": "#voxels_atlas" },
				"up": { "uv": [ 3, 6.75, 4.125, 6.625 ], "texture": "#voxels_atlas" },
				"north": { "uv": [ 8.625, 12.75, 7.5, 13 ], "texture": "#voxels_atlas" },
				"south": { "uv": [ 8.625, 12.75, 9.75, 13 ], "texture": "#voxels_atlas" },
				"west": { "uv": [ 2.75, 5.125, 2.875, 5.375 ], "texture": "#voxels_atlas" },
				"east": { "uv": [ 4.375, 3.25, 4.25, 3.5 ], "texture": "#voxels_atlas" }
			}
		},
		{
			"__comment": "Voxels",
			"from": [ 3.5, 8.5, 8 ],
			"to": [ 5.75, 8.75, 8.25 ],
			"faces": {
				"up": { "uv": [ 3, 6.25, 4.125, 6.125 ], "texture": "#voxels_atlas" },
				"west": { "uv": [ 12.875, 11.125, 13, 11.25 ], "texture": "#voxels_atlas" },
				"east": { "uv": [ 12.875, 11.125, 12.75, 11.25 ], "texture": "#voxels_atlas" }
			}
		},
		{
			"__comment": "Voxels",
			"from": [ 3.5, 11.75, 8 ],
			"to": [ 4.5, 12, 8.25 ],
			"faces": {
				"down": { "uv": [ 3.5, 3.375, 4, 3.5 ], "texture": "#voxels_atlas" },
				"up": { "uv": [ 1.125, 4.625, 1.625, 4.5 ], "texture": "#voxels_atlas" },
				"north": { "uv": [ 4, 3.875, 3.5, 4 ], "texture": "#voxels_atlas" },
				"south": { "uv": [ 3, 3.75, 3.5, 3.875 ], "texture": "#voxels_atlas" },
				"west": { "uv": [ 4.625, 1.875, 4.75, 2 ], "texture": "#voxels_atlas" },
				"east": { "uv": [ 4.75, 2, 4.625, 2.125 ], "texture": "#voxels_atlas" }
			}
		},
		{
			"__comment": "Voxels",
			"from": [ 3.5, 12, 7.75 ],
			"to": [ 4.25, 12.25, 8 ],
			"faces": {
				"down": { "uv": [ 10.25, 11.375, 10.625, 11.5 ], "texture": "#voxels_atlas" },
				"up": { "uv": [ 9.875, 11.5, 10.25, 11.375 ], "texture": "#voxels_atlas" },
				"north": { "uv": [ 9.875, 11.375, 9.5, 11.5 ], "texture": "#voxels_atlas" },
				"west": { "uv": [ 4.625, 5.75, 4.75, 5.875 ], "texture": "#voxels_atlas" },
				"east": { "uv": [ 4.75, 5.875, 4.625, 6 ], "texture": "#voxels_atlas" }
			}
		},
		{
			"__comment": "Voxels",
			"from": [ 3.5, 12, 8.25 ],
			"to": [ 4.25, 12.25, 8.5 ],
			"faces": {
				"down": { "uv": [ 3.875, 0, 4.25, 0.125 ], "texture": "#voxels_atlas" },
				"up": { "uv": [ 8.75, 11.5, 9.125, 11.375 ], "texture": "#voxels_atlas" },
				"south": { "uv": [ 8, 11.375, 8.375, 11.5 ], "texture": "#voxels_atlas" },
				"west": { "uv": [ 3, 0, 3.125, 0.125 ], "texture": "#voxels_atlas" },
				"east": { "uv": [ 4.25, 4.125, 4.125, 4.25 ], "texture": "#voxels_atlas" }
			}
		},
		{
			"__comment": "Voxels",
			"from": [ 3.5, 12.5, 8 ],
			"to": [ 4, 12.75, 8.25 ],
			"faces": {
				"up": { "uv": [ 4.25, 2, 4.5, 1.875 ], "texture": "#voxels_atlas" },
				"north": { "uv": [ 4.25, 3.875, 4, 4 ], "texture": "#voxels_atlas" },
				"south": { "uv": [ 4, 4, 4.25, 4.125 ], "texture": "#voxels_atlas" },
				"west": { "uv": [ 4.125, 6, 4.25, 6.125 ], "texture": "#voxels_atlas" },
				"east": { "uv": [ 4.25, 6.125, 4.125, 6.25 ], "texture": "#voxels_atlas" }
			}
		},
		{
			"__comment": "Voxels",
			"from": [ 3.75, 4, 7.75 ],
			"to": [ 4.5, 4.25, 8 ],
			"faces": {
				"down": { "uv": [ 7.625, 11.375, 8, 11.5 ], "texture": "#voxels_atlas" },
				"up": { "uv": [ 7.25, 11.5, 7.625, 11.375 ], "texture": "#voxels_atlas" },
				"north": { "uv": [ 5.75, 11.375, 5.375, 11.5 ], "texture": "#voxels_atlas" },
				"west": { "uv": [ 13.125, 11.125, 13.25, 11.25 ], "texture": "#voxels_atlas" },
				"east": { "uv": [ 13.125, 11.125, 13, 11.25 ], "texture": "#voxels_atlas" }
			}
		},
		{
			"__comment": "Voxels",
			"from": [ 3.75, 4, 8.25 ],
			"to": [ 4.5, 4.25, 8.5 ],
			"faces": {
				"down": { "uv": [ 14.75, 11.5, 15.125, 11.625 ], "texture": "#voxels_atlas" },
				"up": { "uv": [ 14.375, 11.625, 14.75, 11.5 ], "texture": "#voxels_atlas" },
				"south": { "uv": [ 13.625, 11.5, 14, 11.625 ], "texture": "#voxels_atlas" },
				"west": { "uv": [ 12.125, 11.25, 12.25, 11.375 ], "texture": "#voxels_atlas" },
				"east": { "uv": [ 4.75, 1.125, 4.625, 1.25 ], "texture": "#voxels_atlas" }
			}
		},
		{
			"__comment": "Voxels",
			"from": [ 3.75, 6.5, 7.75 ],
			"to": [ 6, 6.75, 8.5 ],
			"faces": {
				"down": { "uv": [ 0, 4.5, 1.125, 4.875 ], "texture": "#voxels_atlas" },
				"up": { "uv": [ 0, 4.5, 1.125, 4.125 ], "texture": "#voxels_atlas" },
				"north": { "uv": [ 4.125, 10.375, 3, 10.5 ], "texture": "#voxels_atlas" },
				"south": { "uv": [ 3, 10, 4.125, 10.125 ], "texture": "#voxels_atlas" },
				"west": { "uv": [ 13.25, 11.5, 13.625, 11.625 ], "texture": "#voxels_atlas" },
				"east": { "uv": [ 13.25, 11.5, 12.875, 11.625 ], "texture": "#voxels_atlas" }
			}
		},
		{
			"__comment": "Voxels",
			"from": [ 3.75, 6.75, 7.75 ],
			"to": [ 5.75, 7.25, 8.5 ],
			"faces": {
				"up": { "uv": [ 1, 0.75, 2, 0.375 ], "texture": "#voxels_atlas" },
				"north": { "uv": [ 3, 12.375, 2, 12.625 ], "texture": "#voxels_atlas" },
				"south": { "uv": [ 2, 12.125, 3, 12.375 ], "texture": "#voxels_atlas" },
				"west": { "uv": [ 2, 3.125, 2.375, 3.375 ], "texture": "#voxels_atlas" },
				"east": { "uv": [ 2.75, 2.875, 2.375, 3.125 ], "texture": "#voxels_atlas" }
			}
		},
		{
			"__comment": "Voxels",
			"from": [ 3.75, 8.75, 7.75 ],
			"to": [ 5.75, 9.5, 8.5 ],
			"faces": {
				"down": { "uv": [ 1, 0, 2, 0.375 ], "texture": "#voxels_atlas" },
				"up": { "uv": [ 2, 13.25, 3, 12.875 ], "texture": "#voxels_atlas" },
				"north": { "uv": [ 1, 3.75, 0, 4.125 ], "texture": "#voxels_atlas" },
				"south": { "uv": [ 1, 3.75, 2, 4.125 ], "texture": "#voxels_atlas" },
				"west": { "uv": [ 1.25, 8.25, 1.625, 8.625 ], "texture": "#voxels_atlas" },
				"east": { "uv": [ 2, 8.25, 1.625, 8.625 ], "texture": "#voxels_atlas" }
			}
		},
		{
			"__comment": "Voxels",
			"from": [ 3.75, 11.75, 7.75 ],
			"to": [ 4.5, 12, 8 ],
			"faces": {
				"down": { "uv": [ 11, 11.5, 11.375, 11.625 ], "texture": "#voxels_atlas" },
				"up": { "uv": [ 10.625, 11.625, 11, 11.5 ], "texture": "#voxels_atlas" },
				"north": { "uv": [ 9.125, 11.5, 8.75, 11.625 ], "texture": "#voxels_atlas" },
				"west": { "uv": [ 4.625, 5.625, 4.75, 5.75 ], "texture": "#voxels_atlas" },
				"east": { "uv": [ 4.625, 2.25, 4.5, 2.375 ], "texture": "#voxels_atlas" }
			}
		},
		{
			"__comment": "Voxels",
			"from": [ 3.75, 11.75, 8.25 ],
			"to": [ 4.5, 12, 8.5 ],
			"faces": {
				"down": { "uv": [ 8, 11.5, 8.375, 11.625 ], "texture": "#voxels_atlas" },
				"up": { "uv": [ 7.625, 11.625, 8, 11.5 ], "texture": "#voxels_atlas" },
				"south": { "uv": [ 6.875, 11.5, 7.25, 11.625 ], "texture": "#voxels_atlas" },
				"west": { "uv": [ 5.625, 11.125, 5.75, 11.25 ], "texture": "#voxels_atlas" },
				"east": { "uv": [ 5.625, 11.125, 5.5, 11.25 ], "texture": "#voxels_atlas" }
			}
		},
		{
			"__comment": "Voxels",
			"from": [ 4, 4.25, 7.75 ],
			"to": [ 4.75, 4.5, 8.5 ],
			"faces": {
				"down": { "uv": [ 1.625, 8.625, 2, 9 ], "texture": "#voxels_atlas" },
				"up": { "uv": [ 1.25, 9, 1.625, 8.625 ], "texture": "#voxels_atlas" },
				"north": { "uv": [ 6.875, 11.5, 6.5, 11.625 ], "texture": "#voxels_atlas" },
				"south": { "uv": [ 6.125, 11.5, 6.5, 11.625 ], "texture": "#voxels_atlas" },
				"west": { "uv": [ 5.75, 11.5, 6.125, 11.625 ], "texture": "#voxels_atlas" },
				"east": { "uv": [ 5.75, 11.5, 5.375, 11.625 ], "texture": "#voxels_atlas" }
			}
		},
		{
			"__comment": "Voxels",
			"from": [ 4, 6, 7.75 ],
			"to": [ 6.5, 6.25, 8.5 ],
			"faces": {
				"down": { "uv": [ 0, 9.375, 1.25, 9.75 ], "texture": "#voxels_atlas" },
				"up": { "uv": [ 0, 9.375, 1.25, 9 ], "texture": "#voxels_atlas" },
				"north": { "uv": [ 4.25, 10.875, 3, 11 ], "texture": "#voxels_atlas" },
				"south": { "uv": [ 3, 10.75, 4.25, 10.875 ], "texture": "#voxels_atlas" },
				"west": { "uv": [ 5, 11.5, 5.375, 11.625 ], "texture": "#voxels_atlas" },
				"east": { "uv": [ 5, 11.5, 4.625, 11.625 ], "texture": "#voxels_atlas" }
			}
		},
		{
			"__comment": "Voxels",
			"from": [ 4, 6.25, 7.75 ],
			"to": [ 6.25, 6.5, 8.5 ],
			"faces": {
				"up": { "uv": [ 0, 5.25, 1.125, 4.875 ], "texture": "#voxels_atlas" },
				"north": { "uv": [ 4.125, 4.875, 3, 5 ], "texture": "#voxels_atlas" },
				"south": { "uv": [ 3, 5.125, 4.125, 5.25 ], "texture": "#voxels_atlas" },
				"west": { "uv": [ 4.25, 11.5, 4.625, 11.625 ], "texture": "#voxels_atlas" },
				"east": { "uv": [ 15.875, 11.625, 15.5, 11.75 ], "texture": "#voxels_atlas" }
			}
		},
		{
			"__comment": "Voxels",
			"from": [ 4, 9.5, 7.75 ],
			"to": [ 6.25, 10, 8.5 ],
			"faces": {
				"down": { "uv": [ 0, 6.75, 1.125, 7.125 ], "texture": "#voxels_atlas" },
				"up": { "uv": [ 0, 6.75, 1.125, 6.375 ], "texture": "#voxels_atlas" },
				"north": { "uv": [ 14.25, 12.75, 13.125, 13 ], "texture": "#voxels_atlas" },
				"south": { "uv": [ 9.75, 12.75, 10.875, 13 ], "texture": "#voxels_atlas" },
				"west": { "uv": [ 2, 2.625, 2.375, 2.875 ], "texture": "#voxels_atlas" },
				"east": { "uv": [ 2, 5, 1.625, 5.25 ], "texture": "#voxels_atlas" }
			}
		},
		{
			"__comment": "Voxels",
			"from": [ 4, 11.5, 7.75 ],
			"to": [ 4.75, 11.75, 8.5 ],
			"faces": {
				"down": { "uv": [ 1.125, 5.25, 1.5, 5.625 ], "texture": "#voxels_atlas" },
				"up": { "uv": [ 1.5, 6, 1.875, 5.625 ], "texture": "#voxels_atlas" },
				"north": { "uv": [ 14, 11.625, 13.625, 11.75 ], "texture": "#voxels_atlas" },
				"south": { "uv": [ 13.25, 11.625, 13.625, 11.75 ], "texture": "#voxels_atlas" },
				"west": { "uv": [ 11.75, 11.625, 12.125, 11.75 ], "texture": "#voxels_atlas" },
				"east": { "uv": [ 11.75, 11.625, 11.375, 11.75 ], "texture": "#voxels_atlas" }
			}
		},
		{
			"__comment": "Voxels",
			"from": [ 4.25, 4.5, 7.75 ],
			"to": [ 11.75, 4.75, 8.5 ],
			"faces": {
				"down": { "uv": [ 0, 15.375, 3.75, 15.75 ], "texture": "#voxels_atlas" },
				"up": { "uv": [ 11.25, 15.75, 15, 15.375 ], "texture": "#voxels_atlas" },
				"north": { "uv": [ 10.75, 13.5, 7, 13.625 ], "texture": "#voxels_atlas" },
				"south": { "uv": [ 7, 13.375, 10.75, 13.5 ], "texture": "#voxels_atlas" },
				"west": { "uv": [ 9.5, 11.625, 9.875, 11.75 ], "texture": "#voxels_atlas" },
				"east": { "uv": [ 9.5, 11.625, 9.125, 11.75 ], "texture": "#voxels_atlas" }
			}
		},
		{
			"__comment": "Voxels",
			"from": [ 4.25, 5.5, 7.75 ],
			"to": [ 11.75, 5.75, 8.5 ],
			"faces": {
				"down": { "uv": [ 3.75, 15, 7.5, 15.375 ], "texture": "#voxels_atlas" },
				"up": { "uv": [ 7.5, 15.75, 11.25, 15.375 ], "texture": "#voxels_atlas" },
				"north": { "uv": [ 11.25, 13.875, 7.5, 14 ], "texture": "#voxels_atlas" },
				"south": { "uv": [ 2, 13.25, 5.75, 13.375 ], "texture": "#voxels_atlas" },
				"west": { "uv": [ 8.75, 11.625, 9.125, 11.75 ], "texture": "#voxels_atlas" },
				"east": { "uv": [ 8.75, 11.625, 8.375, 11.75 ], "texture": "#voxels_atlas" }
			}
		},
		{
			"__comment": "Voxels",
			"from": [ 4.25, 5.75, 7.75 ],
			"to": [ 6.75, 6, 8.5 ],
			"faces": {
				"up": { "uv": [ 0, 9, 1.25, 8.625 ], "texture": "#voxels_atlas" },
				"north": { "uv": [ 11, 12, 9.75, 12.125 ], "texture": "#voxels_atlas" },
				"south": { "uv": [ 11, 12, 12.25, 12.125 ], "texture": "#voxels_atlas" },
				"west": { "uv": [ 8, 11.625, 8.375, 11.75 ], "texture": "#voxels_atlas" },
				"east": { "uv": [ 8, 11.625, 7.625, 11.75 ], "texture": "#voxels_atlas" }
			}
		},
		{
			"__comment": "Voxels",
			"from": [ 4.25, 10, 7.75 ],
			"to": [ 6.75, 10.5, 8.5 ],
			"faces": {
				"down": { "uv": [ 0, 10.125, 1.25, 10.5 ], "texture": "#voxels_atlas" },
				"up": { "uv": [ 0, 10.875, 1.25, 10.5 ], "texture": "#voxels_atlas" },
				"north": { "uv": [ 15.75, 13.625, 14.5, 13.875 ], "texture": "#voxels_atlas" },
				"south": { "uv": [ 14.5, 13.375, 15.75, 13.625 ], "texture": "#voxels_atlas" },
				"west": { "uv": [ 1.625, 4.625, 2, 4.875 ], "texture": "#voxels_atlas" },
				"east": { "uv": [ 2.875, 6.875, 2.5, 7.125 ], "texture": "#voxels_atlas" }
			}
		},
		{
			"__comment": "Voxels",
			"from": [ 4.25, 11.25, 7.75 ],
			"to": [ 11.75, 11.5, 8.5 ],
			"faces": {
				"down": { "uv": [ 3.75, 15.375, 7.5, 15.75 ], "texture": "#voxels_atlas" },
				"up": { "uv": [ 0, 15.375, 3.75, 15 ], "texture": "#voxels_atlas" },
				"north": { "uv": [ 14.5, 13.5, 10.75, 13.625 ], "texture": "#voxels_atlas" },
				"south": { "uv": [ 10.75, 13.375, 14.5, 13.5 ], "texture": "#voxels_atlas" },
				"west": { "uv": [ 7.25, 11.625, 7.625, 11.75 ], "texture": "#voxels_atlas" },
				"east": { "uv": [ 7.25, 11.625, 6.875, 11.75 ], "texture": "#voxels_atlas" }
			}
		},
		{
			"__comment": "Voxels",
			"from": [ 4.5, 4.75, 7.75 ],
			"to": [ 11.5, 5.5, 8.5 ],
			"faces": {
				"north": { "uv": [ 3.5, 14.625, 0, 15 ], "texture": "#voxels_atlas" },
				"south": { "uv": [ 7, 14.625, 10.5, 15 ], "texture": "#voxels_atlas" },
				"west": { "uv": [ 1.25, 7.875, 1.625, 8.25 ], "texture": "#voxels_atlas" },
				"east": { "uv": [ 2, 9, 1.625, 9.375 ], "texture": "#voxels_atlas" }
			}
		},
		{
			"__comment": "Voxels",
			"from": [ 4.5, 10.5, 7.75 ],
			"to": [ 11.5, 11.25, 8.5 ],
			"faces": {
				"down": { "uv": [ 10.5, 14.625, 14, 15 ], "texture": "#voxels_atlas" },
				"north": { "uv": [ 11, 15, 7.5, 15.375 ], "texture": "#voxels_atlas" },
				"south": { "uv": [ 3.5, 14.625, 7, 15 ], "texture": "#voxels_atlas" },
				"west": { "uv": [ 1.25, 9, 1.625, 9.375 ], "texture": "#voxels_atlas" },
				"east": { "uv": [ 1.875, 12.375, 1.5, 12.75 ], "texture": "#voxels_atlas" }
			}
		},
		{
			"__comment": "Voxels",
			"from": [ 5.5, 4.25, 7.75 ],
			"to": [ 10.5, 4.5, 8.5 ],
			"faces": {
				"down": { "uv": [ 12, 14.25, 14.5, 14.625 ], "texture": "#voxels_atlas" },
				"north": { "uv": [ 15.5, 13.125, 13, 13.25 ], "texture": "#voxels_atlas" },
				"south": { "uv": [ 5.5, 13.125, 8, 13.25 ], "texture": "#voxels_atlas" },
				"west": { "uv": [ 6.5, 11.625, 6.875, 11.75 ], "texture": "#voxels_atlas" },
				"east": { "uv": [ 6.5, 11.625, 6.125, 11.75 ], "texture": "#voxels_atlas" }
			}
		},
		{
			"__comment": "Voxels",
			"from": [ 5.5, 11.5, 7.75 ],
			"to": [ 10.5, 11.75, 8.5 ],
			"faces": {
				"up": { "uv": [ 0, 14.25, 2.5, 13.875 ], "texture": "#voxels_atlas" },
				"north": { "uv": [ 10.5, 13.125, 8, 13.25 ], "texture": "#voxels_atlas" },
				"south": { "uv": [ 10.5, 13.125, 13, 13.25 ], "texture": "#voxels_atlas" },
				"west": { "uv": [ 4.25, 11.625, 4.625, 11.75 ], "texture": "#voxels_atlas" },
				"east": { "uv": [ 3, 2.375, 2.625, 2.5 ], "texture": "#voxels_atlas" }
			}
		},
		{
			"__comment": "Voxels",
			"from": [ 5.75, 9.25, 7.75 ],
			"to": [ 6, 9.5, 8.5 ],
			"faces": {
				"down": { "uv": [ 1.875, 5.625, 2, 6 ], "texture": "#voxels_atlas" },
				"north": { "uv": [ 5.375, 11.125, 5.25, 11.25 ], "texture": "#voxels_atlas" },
				"south": { "uv": [ 6.25, 11.125, 6.375, 11.25 ], "texture": "#voxels_atlas" },
				"east": { "uv": [ 4.25, 0.5, 3.875, 0.625 ], "texture": "#voxels_atlas" }
			}
		},
		{
			"__comment": "Voxels",
			"from": [ 6, 4, 7.75 ],
			"to": [ 10, 4.25, 8.5 ],
			"faces": {
				"down": { "uv": [ 0, 13.5, 2, 13.875 ], "texture": "#voxels_atlas" },
				"north": { "uv": [ 6.125, 12.625, 4.125, 12.75 ], "texture": "#voxels_atlas" },
				"south": { "uv": [ 4.125, 12.5, 6.125, 12.625 ], "texture": "#voxels_atlas" },
				"west": { "uv": [ 3.5, 0.625, 3.875, 0.75 ], "texture": "#voxels_atlas" },
				"east": { "uv": [ 3.5, 0, 3.125, 0.125 ], "texture": "#voxels_atlas" }
			}
		},
		{
			"__comment": "Voxels",
			"from": [ 6, 6.5, 8 ],
			"to": [ 7.25, 6.75, 8.25 ],
			"faces": {
				"down": { "uv": [ 2.375, 2.625, 3, 2.75 ], "texture": "#voxels_atlas" },
				"up": { "uv": [ 2, 1.875, 2.625, 1.75 ], "texture": "#voxels_atlas" },
				"north": { "uv": [ 15.625, 13, 15, 13.125 ], "texture": "#voxels_atlas" },
				"south": { "uv": [ 2, 0.5, 2.625, 0.625 ], "texture": "#voxels_atlas" },
				"east": { "uv": [ 4.25, 5.625, 4.125, 5.75 ], "texture": "#voxels_atlas" }
			}
		},
		{
			"__comment": "Voxels",
			"from": [ 6, 9.25, 8 ],
			"to": [ 7.25, 9.5, 8.25 ],
			"faces": {
				"down": { "uv": [ 2, 1, 2.625, 1.125 ], "texture": "#voxels_atlas" },
				"up": { "uv": [ 2, 1.25, 2.625, 1.125 ], "texture": "#voxels_atlas" },
				"north": { "uv": [ 2.625, 1.5, 2, 1.625 ], "texture": "#voxels_atlas" },
				"south": { "uv": [ 2, 1.625, 2.625, 1.75 ], "texture": "#voxels_atlas" },
				"east": { "uv": [ 4.625, 0, 4.5, 0.125 ], "texture": "#voxels_atlas" }
			}
		},
		{
			"__comment": "Voxels",
			"from": [ 6, 11.75, 7.75 ],
			"to": [ 10, 12, 8.5 ],
			"faces": {
				"up": { "uv": [ 0, 13.125, 2, 12.75 ], "texture": "#voxels_atlas" },
				"north": { "uv": [ 8.125, 12.625, 6.125, 12.75 ], "texture": "#voxels_atlas" },
				"south": { "uv": [ 13, 13, 15, 13.125 ], "texture": "#voxels_atlas" },
				"west": { "uv": [ 3.125, 0.625, 3.5, 0.75 ], "texture": "#voxels_atlas" },
				"east": { "uv": [ 4.25, 0.75, 3.875, 0.875 ], "texture": "#voxels_atlas" }
			}
		},
		{
			"__comment": "Voxels",
			"from": [ 6.25, 6.25, 8 ],
			"to": [ 7, 6.5, 8.25 ],
			"faces": {
				"down": { "uv": [ 3.5, 0.75, 3.875, 0.875 ], "texture": "#voxels_atlas" },
				"north": { "uv": [ 4.25, 0.875, 3.875, 1 ], "texture": "#voxels_atlas" },
				"south": { "uv": [ 3.5, 0.875, 3.875, 1 ], "texture": "#voxels_atlas" },
				"east": { "uv": [ 11.375, 11.25, 11.25, 11.375 ], "texture": "#voxels_atlas" }
			}
		},
		{
			"__comment": "Voxels",
			"from": [ 6.25, 6.75, 8 ],
			"to": [ 7.25, 7, 8.25 ],
			"faces": {
				"up": { "uv": [ 3.5, 1.25, 4, 1.125 ], "texture": "#voxels_atlas" },
				"north": { "uv": [ 3.5, 1.125, 3, 1.25 ], "texture": "#voxels_atlas" },
				"south": { "uv": [ 3.5, 1.25, 4, 1.375 ], "texture": "#voxels_atlas" },
				"west": { "uv": [ 6.875, 11.125, 7, 11.25 ], "texture": "#voxels_atlas" },
				"east": { "uv": [ 7.125, 11.125, 7, 11.25 ], "texture": "#voxels_atlas" }
			}
		},
		{
			"__comment": "Voxels",
			"from": [ 6.25, 9, 8 ],
			"to": [ 7.25, 9.25, 8.25 ],
			"faces": {
				"down": { "uv": [ 3, 2.375, 3.5, 2.5 ], "texture": "#voxels_atlas" },
				"north": { "uv": [ 3.5, 2.5, 3, 2.625 ], "texture": "#voxels_atlas" },
				"south": { "uv": [ 3.5, 2.625, 4, 2.75 ], "texture": "#voxels_atlas" },
				"west": { "uv": [ 4.125, 7.375, 4.25, 7.5 ], "texture": "#voxels_atlas" },
				"east": { "uv": [ 4.25, 7.5, 4.125, 7.625 ], "texture": "#voxels_atlas" }
			}
		},
		{
			"__comment": "Voxels",
			"from": [ 6.25, 9.5, 8 ],
			"to": [ 7, 9.75, 8.25 ],
			"faces": {
				"up": { "uv": [ 2.625, 1.875, 3, 1.75 ], "texture": "#voxels_atlas" },
				"north": { "uv": [ 3, 2.125, 2.625, 2.25 ], "texture": "#voxels_atlas" },
				"south": { "uv": [ 2.625, 2.25, 3, 2.375 ], "texture": "#voxels_atlas" },
				"east": { "uv": [ 4.25, 7.625, 4.125, 7.75 ], "texture": "#voxels_atlas" }
			}
		},
		{
			"__comment": "Voxels",
			"from": [ 6.25, 9.75, 7.75 ],
			"to": [ 6.5, 10, 8.5 ],
			"faces": {
				"down": { "uv": [ 1.875, 12.375, 2, 12.75 ], "texture": "#voxels_atlas" },
				"north": { "uv": [ 4.25, 7.75, 4.125, 7.875 ], "texture": "#voxels_atlas" },
				"south": { "uv": [ 4.125, 7.875, 4.25, 8 ], "texture": "#voxels_atlas" },
				"east": { "uv": [ 4.625, 5.125, 4.25, 5.25 ], "texture": "#voxels_atlas" }
			}
		},
		{
			"__comment": "Voxels",
			"from": [ 6.5, 3.75, 7.75 ],
			"to": [ 9.5, 4, 8.5 ],
			"faces": {
				"down": { "uv": [ 14.5, 15, 16, 15.375 ], "texture": "#voxels_atlas" },
				"north": { "uv": [ 13.125, 12.5, 11.625, 12.625 ], "texture": "#voxels_atlas" },
				"south": { "uv": [ 3, 12.375, 4.5, 12.5 ], "texture": "#voxels_atlas" },
				"west": { "uv": [ 4.25, 5.25, 4.625, 5.375 ], "texture": "#voxels_atlas" },
				"east": { "uv": [ 4.625, 5.375, 4.25, 5.5 ], "texture": "#voxels_atlas" }
			}
		},
		{
			"__comment": "Voxels",
			"from": [ 6.5, 6, 8 ],
			"to": [ 6.75, 6.25, 8.25 ],
			"faces": {
				"north": { "uv": [ 4.25, 8.25, 4.125, 8.375 ], "texture": "#voxels_atlas" },
				"south": { "uv": [ 4.125, 8.375, 4.25, 8.5 ], "texture": "#voxels_atlas" },
				"east": { "uv": [ 4.25, 8.875, 4.125, 9 ], "texture": "#voxels_atlas" }
			}
		},
		{
			"__comment": "Voxels",
			"from": [ 6.5, 7, 8 ],
			"to": [ 9.5, 7.25, 8.25 ],
			"faces": {
				"down": { "uv": [ 4.5, 12.375, 6, 12.5 ], "texture": "#voxels_atlas" },
				"up": { "uv": [ 6, 12.5, 7.5, 12.375 ], "texture": "#voxels_atlas" },
				"north": { "uv": [ 10.5, 12.375, 9, 12.5 ], "texture": "#voxels_atlas" },
				"south": { "uv": [ 10.5, 12.375, 12, 12.5 ], "texture": "#voxels_atlas" },
				"west": { "uv": [ 4.125, 9, 4.25, 9.125 ], "texture": "#voxels_atlas" },
				"east": { "uv": [ 4.25, 9.125, 4.125, 9.25 ], "texture": "#voxels_atlas" }
			}
		},
		{
			"__comment": "Voxels",
			"from": [ 6.5, 8.75, 8 ],
			"to": [ 9.5, 9, 8.25 ],
			"faces": {
				"down": { "uv": [ 12, 12.375, 13.5, 12.5 ], "texture": "#voxels_atlas" },
				"up": { "uv": [ 12, 12.375, 13.5, 12.25 ], "texture": "#voxels_atlas" },
				"north": { "uv": [ 11.375, 12.5, 9.875, 12.625 ], "texture": "#voxels_atlas" },
				"south": { "uv": [ 13.125, 12.5, 14.625, 12.625 ], "texture": "#voxels_atlas" },
				"west": { "uv": [ 4.125, 9.25, 4.25, 9.375 ], "texture": "#voxels_atlas" },
				"east": { "uv": [ 4.25, 9.375, 4.125, 9.5 ], "texture": "#voxels_atlas" }
			}
		},
		{
			"__comment": "Voxels",
			"from": [ 6.5, 9.75, 8 ],
			"to": [ 6.75, 10, 8.25 ],
			"faces": {
				"north": { "uv": [ 4.25, 10.25, 4.125, 10.375 ], "texture": "#voxels_atlas" },
				"south": { "uv": [ 4.125, 10.375, 4.25, 10.5 ], "texture": "#voxels_atlas" },
				"east": { "uv": [ 12.5, 11.125, 12.375, 11.25 ], "texture": "#voxels_atlas" }
			}
		},
		{
			"__comment": "Voxels",
			"from": [ 6.5, 12, 7.75 ],
			"to": [ 9.5, 12.25, 8.5 ],
			"faces": {
				"up": { "uv": [ 14.5, 14.625, 16, 14.25 ], "texture": "#voxels_atlas" },
				"north": { "uv": [ 13.125, 12.625, 11.625, 12.75 ], "texture": "#voxels_atlas" },
				"south": { "uv": [ 13.125, 12.625, 14.625, 12.75 ], "texture": "#voxels_atlas" },
				"west": { "uv": [ 2.625, 0.875, 3, 1 ], "texture": "#voxels_atlas" },
				"east": { "uv": [ 3, 1.25, 2.625, 1.375 ], "texture": "#voxels_atlas" }
			}
		},
		{
			"__comment": "Voxels",
			"from": [ 6.75, 7.5, 8 ],
			"to": [ 9.25, 7.75, 8.25 ],
			"faces": {
				"down": { "uv": [ 11.75, 11.75, 13, 11.875 ], "texture": "#voxels_atlas" },
				"north": { "uv": [ 15.5, 11.75, 14.25, 11.875 ], "texture": "#voxels_atlas" },
				"south": { "uv": [ 3, 11.625, 4.25, 11.75 ], "texture": "#voxels_atlas" },
				"west": { "uv": [ 12.25, 11.25, 12.375, 11.375 ], "texture": "#voxels_atlas" },
				"east": { "uv": [ 4.75, 3.125, 4.625, 3.25 ], "texture": "#voxels_atlas" }
			}
		},
		{
			"__comment": "Voxels",
			"from": [ 6.75, 8.25, 8 ],
			"to": [ 9.25, 8.5, 8.25 ],
			"faces": {
				"up": { "uv": [ 3, 11.5, 4.25, 11.375 ], "texture": "#voxels_atlas" },
				"north": { "uv": [ 4.25, 11.25, 3, 11.375 ], "texture": "#voxels_atlas" },
				"south": { "uv": [ 3, 11.125, 4.25, 11.25 ], "texture": "#voxels_atlas" },
				"west": { "uv": [ 4.125, 4.75, 4.25, 4.875 ], "texture": "#voxels_atlas" },
				"east": { "uv": [ 4.25, 4.875, 4.125, 5 ], "texture": "#voxels_atlas" }
			}
		},
		{
			"__comment": "Voxels",
			"from": [ 6.75, 10.25, 7.75 ],
			"to": [ 11.75, 10.5, 8.5 ],
			"faces": {
				"down": { "uv": [ 9.5, 14.25, 12, 14.625 ], "texture": "#voxels_atlas" },
				"up": { "uv": [ 7, 14.625, 9.5, 14.25 ], "texture": "#voxels_atlas" },
				"north": { "uv": [ 5.5, 13.125, 3, 13.25 ], "texture": "#voxels_atlas" },
				"south": { "uv": [ 8, 13, 10.5, 13.125 ], "texture": "#voxels_atlas" },
				"east": { "uv": [ 3, 0.75, 2.625, 0.875 ], "texture": "#voxels_atlas" }
			}
		},
		{
			"__comment": "Voxels",
			"from": [ 7, 7.25, 8 ],
			"to": [ 9, 7.5, 8.25 ],
			"faces": {
				"north": { "uv": [ 3, 9.25, 2, 9.375 ], "texture": "#voxels_atlas" },
				"south": { "uv": [ 2, 10.25, 3, 10.375 ], "texture": "#voxels_atlas" },
				"west": { "uv": [ 12.375, 11.25, 12.5, 11.375 ], "texture": "#voxels_atlas" },
				"east": { "uv": [ 13.125, 11.25, 13, 11.375 ], "texture": "#voxels_atlas" }
			}
		},
		{
			"__comment": "Voxels",
			"from": [ 7, 8.5, 8 ],
			"to": [ 9, 8.75, 8.25 ],
			"faces": {
				"north": { "uv": [ 3, 10, 2, 10.125 ], "texture": "#voxels_atlas" },
				"south": { "uv": [ 2, 10.125, 3, 10.25 ], "texture": "#voxels_atlas" },
				"west": { "uv": [ 15.875, 11.375, 16, 11.5 ], "texture": "#voxels_atlas" },
				"east": { "uv": [ 4.625, 2.875, 4.5, 3 ], "texture": "#voxels_atlas" }
			}
		},
		{
			"__comment": "Voxels",
			"from": [ 7.25, 3.5, 7.75 ],
			"to": [ 8.75, 3.75, 8.5 ],
			"faces": {
				"down": { "uv": [ 1.25, 9.375, 2, 9.75 ], "texture": "#voxels_atlas" },
				"north": { "uv": [ 2.75, 6, 2, 6.125 ], "texture": "#voxels_atlas" },
				"south": { "uv": [ 2, 5.875, 2.75, 6 ], "texture": "#voxels_atlas" },
				"west": { "uv": [ 2.625, 2, 3, 2.125 ], "texture": "#voxels_atlas" },
				"east": { "uv": [ 3, 1.375, 2.625, 1.5 ], "texture": "#voxels_atlas" }
			}
		},
		{
			"__comment": "Voxels",
			"from": [ 7.25, 12.25, 7.75 ],
			"to": [ 8.75, 12.5, 8.5 ],
			"faces": {
				"up": { "uv": [ 1.25, 10.875, 2, 10.5 ], "texture": "#voxels_atlas" },
				"north": { "uv": [ 2.75, 5.75, 2, 5.875 ], "texture": "#voxels_atlas" },
				"south": { "uv": [ 2, 5.625, 2.75, 5.75 ], "texture": "#voxels_atlas" },
				"west": { "uv": [ 3.125, 0.875, 3.5, 1 ], "texture": "#voxels_atlas" },
				"east": { "uv": [ 4.625, 9.875, 4.25, 10 ], "texture": "#voxels_atlas" }
			}
		},
		{
			"__comment": "Voxels",
			"from": [ 7.5, 0.5, 8 ],
			"to": [ 8.5, 2.5, 8.25 ],
			"faces": {
				"down": { "uv": [ 3.5, 2.375, 4, 2.5 ], "texture": "#voxels_atlas" },
				"up": { "uv": [ 3, 1.75, 3.5, 1.625 ], "texture": "#voxels_atlas" },
				"north": { "uv": [ 2, 11.375, 1.5, 12.375 ], "texture": "#voxels_atlas" },
				"south": { "uv": [ 1, 11.375, 1.5, 12.375 ], "texture": "#voxels_atlas" },
				"west": { "uv": [ 2.375, 6.875, 2.5, 7.875 ], "texture": "#voxels_atlas" },
				"east": { "uv": [ 2.375, 6.875, 2.25, 7.875 ], "texture": "#voxels_atlas" }
			}
		},
		{
			"__comment": "Voxels",
			"from": [ 7.5, 3, 8 ],
			"to": [ 8.5, 3.5, 8.25 ],
			"faces": {
				"down": { "uv": [ 3.75, 2, 4.25, 2.125 ], "texture": "#voxels_atlas" },
				"north": { "uv": [ 1.625, 4.25, 1.125, 4.5 ], "texture": "#voxels_atlas" },
				"south": { "uv": [ 1.125, 4.625, 1.625, 4.875 ], "texture": "#voxels_atlas" },
				"west": { "uv": [ 4.375, 3.5, 4.5, 3.75 ], "texture": "#voxels_atlas" },
				"east": { "uv": [ 4.625, 3.5, 4.5, 3.75 ], "texture": "#voxels_atlas" }
			}
		},
		{
			"__comment": "Voxels",
			"from": [ 7.5, 6.75, 8 ],
			"to": [ 8.5, 7, 8.25 ],
			"faces": {
				"down": { "uv": [ 3.5, 1.625, 4, 1.75 ], "texture": "#voxels_atlas" },
				"north": { "uv": [ 2, 5.25, 1.5, 5.375 ], "texture": "#voxels_atlas" },
				"south": { "uv": [ 1.125, 4.875, 1.625, 5 ], "texture": "#voxels_atlas" },
				"west": { "uv": [ 4.125, 9.875, 4.25, 10 ], "texture": "#voxels_atlas" },
				"east": { "uv": [ 4.25, 9.75, 4.125, 9.875 ], "texture": "#voxels_atlas" }
			}
		},
		{
			"__comment": "Voxels",
			"from": [ 7.5, 9, 8 ],
			"to": [ 8.5, 9.25, 8.25 ],
			"faces": {
				"up": { "uv": [ 15.5, 13.25, 16, 13.125 ], "texture": "#voxels_atlas" },
				"north": { "uv": [ 16, 11.875, 15.5, 12 ], "texture": "#voxels_atlas" },
				"south": { "uv": [ 15.5, 11.75, 16, 11.875 ], "texture": "#voxels_atlas" },
				"west": { "uv": [ 4.125, 9.625, 4.25, 9.75 ], "texture": "#voxels_atlas" },
				"east": { "uv": [ 4.25, 9.5, 4.125, 9.625 ], "texture": "#voxels_atlas" }
			}
		},
		{
			"__comment": "Voxels",
			"from": [ 7.5, 12.5, 8 ],
			"to": [ 8.5, 13, 8.25 ],
			"faces": {
				"up": { "uv": [ 3, 3.5, 3.5, 3.375 ], "texture": "#voxels_atlas" },
				"north": { "uv": [ 1.625, 5, 1.125, 5.25 ], "texture": "#voxels_atlas" },
				"south": { "uv": [ 2.25, 10.375, 2.75, 10.625 ], "texture": "#voxels_atlas" },
				"west": { "uv": [ 4.375, 3.25, 4.5, 3.5 ], "texture": "#voxels_atlas" },
				"east": { "uv": [ 4.625, 3.25, 4.5, 3.5 ], "texture": "#voxels_atlas" }
			}
		},
		{
			"__comment": "Voxels",
			"from": [ 7.5, 13.5, 8 ],
			"to": [ 8.5, 15.5, 8.25 ],
			"faces": {
				"down": { "uv": [ 3.5, 3.25, 4, 3.375 ], "texture": "#voxels_atlas" },
				"up": { "uv": [ 3, 3.25, 3.5, 3.125 ], "texture": "#voxels_atlas" },
				"north": { "uv": [ 0.5, 11.375, 0, 12.375 ], "texture": "#voxels_atlas" },
				"south": { "uv": [ 0.5, 11.375, 1, 12.375 ], "texture": "#voxels_atlas" },
				"west": { "uv": [ 2.125, 6.875, 2.25, 7.875 ], "texture": "#voxels_atlas" },
				"east": { "uv": [ 2.125, 6.875, 2, 7.875 ], "texture": "#voxels_atlas" }
			}
		},
		{
			"__comment": "Voxels",
			"from": [ 7.75, 0.25, 8 ],
			"to": [ 8.25, 0.5, 8.25 ],
			"faces": {
				"down": { "uv": [ 4.25, 2.75, 4.5, 2.875 ], "texture": "#voxels_atlas" },
				"north": { "uv": [ 4.5, 2.5, 4.25, 2.625 ], "texture": "#voxels_atlas" },
				"south": { "uv": [ 1.75, 3, 2, 3.125 ], "texture": "#voxels_atlas" },
				"west": { "uv": [ 4.125, 8.625, 4.25, 8.75 ], "texture": "#voxels_atlas" },
				"east": { "uv": [ 4.25, 8.5, 4.125, 8.625 ], "texture": "#voxels_atlas" }
			}
		},
		{
			"__comment": "Voxels",
			"from": [ 7.75, 0.5, 7.75 ],
			"to": [ 8.25, 3.5, 8 ],
			"faces": {
				"down": { "uv": [ 15.75, 13.25, 16, 13.375 ], "texture": "#voxels_atlas" },
				"north": { "uv": [ 0.5, 0.75, 0.25, 2.25 ], "texture": "#voxels_atlas" },
				"south": { "uv": [ 0.5, 0.75, 0.75, 2.25 ], "texture": "#voxels_atlas" },
				"west": { "uv": [ 2.125, 10.375, 2.25, 11.875 ], "texture": "#voxels_atlas" },
				"east": { "uv": [ 2.125, 10.375, 2, 11.875 ], "texture": "#voxels_atlas" }
			}
		},
		{
			"__comment": "Voxels",
			"from": [ 7.75, 0.5, 8.25 ],
			"to": [ 8.25, 3.5, 8.5 ],
			"faces": {
				"down": { "uv": [ 2.75, 3.375, 3, 3.5 ], "texture": "#voxels_atlas" },
				"north": { "uv": [ 1, 0.75, 0.75, 2.25 ], "texture": "#voxels_atlas" },
				"south": { "uv": [ 1, 0.75, 1.25, 2.25 ], "texture": "#voxels_atlas" },
				"west": { "uv": [ 1.625, 0.75, 1.75, 2.25 ], "texture": "#voxels_atlas" },
				"east": { "uv": [ 1.625, 0.75, 1.5, 2.25 ], "texture": "#voxels_atlas" }
			}
		},
		{
			"__comment": "Voxels",
			"from": [ 7.75, 2.5, 8 ],
			"to": [ 8.25, 3, 8.25 ],
			"faces": {
				"west": { "uv": [ 2.875, 3.625, 3, 3.875 ], "texture": "#voxels_atlas" },
				"east": { "uv": [ 4.375, 3.5, 4.25, 3.75 ], "texture": "#voxels_atlas" }
			}
		},
		{
			"__comment": "Voxels",
			"from": [ 7.75, 5.75, 8 ],
			"to": [ 8.25, 6.75, 8.25 ],
			"faces": {
				"north": { "uv": [ 1, 0.25, 0.75, 0.75 ], "texture": "#voxels_atlas" },
				"south": { "uv": [ 0.5, 0.25, 0.75, 0.75 ], "texture": "#voxels_atlas" },
				"west": { "uv": [ 3, 0.625, 3.125, 1.125 ], "texture": "#voxels_atlas" },
				"east": { "uv": [ 3.125, 0.125, 3, 0.625 ], "texture": "#voxels_atlas" }
			}
		},
		{
			"__comment": "Voxels",
			"from": [ 7.75, 9.25, 8 ],
			"to": [ 8.25, 10.25, 8.25 ],
			"faces": {
				"north": { "uv": [ 0.5, 0.25, 0.25, 0.75 ], "texture": "#voxels_atlas" },
				"south": { "uv": [ 0, 0.25, 0.25, 0.75 ], "texture": "#voxels_atlas" },
				"west": { "uv": [ 3, 1.875, 3.125, 2.375 ], "texture": "#voxels_atlas" },
				"east": { "uv": [ 3.75, 1.875, 3.625, 2.375 ], "texture": "#voxels_atlas" }
			}
		},
		{
			"__comment": "Voxels",
			"from": [ 7.75, 12.5, 7.75 ],
			"to": [ 8.25, 15.5, 8 ],
			"faces": {
				"up": { "uv": [ 4, 3.5, 4.25, 3.375 ], "texture": "#voxels_atlas" },
				"north": { "uv": [ 0.5, 2.25, 0.25, 3.75 ], "texture": "#voxels_atlas" },
				"south": { "uv": [ 0, 2.25, 0.25, 3.75 ], "texture": "#voxels_atlas" },
				"west": { "uv": [ 1.875, 0.75, 2, 2.25 ], "texture": "#voxels_atlas" },
				"east": { "uv": [ 1.5, 0.75, 1.375, 2.25 ], "texture": "#voxels_atlas" }
			}
		},
		{
			"__comment": "Voxels",
			"from": [ 7.75, 12.5, 8.25 ],
			"to": [ 8.25, 15.5, 8.5 ],
			"faces": {
				"up": { "uv": [ 4, 1.625, 4.25, 1.5 ], "texture": "#voxels_atlas" },
				"north": { "uv": [ 0.25, 0.75, 0, 2.25 ], "texture": "#voxels_atlas" },
				"south": { "uv": [ 0.5, 2.25, 0.75, 3.75 ], "texture": "#voxels_atlas" },
				"west": { "uv": [ 1.25, 0.75, 1.375, 2.25 ], "texture": "#voxels_atlas" },
				"east": { "uv": [ 1.875, 0.75, 1.75, 2.25 ], "texture": "#voxels_atlas" }
			}
		},
		{
			"__comment": "Voxels",
			"from": [ 7.75, 13, 8 ],
			"to": [ 8.25, 13.5, 8.25 ],
			"faces": {
				"west": { "uv": [ 4.25, 3, 4.375, 3.25 ], "texture": "#voxels_atlas" },
				"east": { "uv": [ 4.5, 3, 4.375, 3.25 ], "texture": "#voxels_atlas" }
			}
		},
		{
			"__comment": "Voxels",
			"from": [ 7.75, 15.5, 8 ],
			"to": [ 8.25, 15.75, 8.25 ],
			"faces": {
				"up": { "uv": [ 1.75, 2.75, 2, 2.625 ], "texture": "#voxels_atlas" },
				"north": { "uv": [ 2, 2.25, 1.75, 2.375 ], "texture": "#voxels_atlas" },
				"south": { "uv": [ 2.75, 6.125, 3, 6.25 ], "texture": "#voxels_atlas" },
				"west": { "uv": [ 4.125, 7.25, 4.25, 7.375 ], "texture": "#voxels_atlas" },
				"east": { "uv": [ 4.25, 7.125, 4.125, 7.25 ], "texture": "#voxels_atlas" }
			}
		},
		{
			"__comment": "Voxels",
			"from": [ 8.75, 6.5, 8 ],
			"to": [ 12.25, 6.75, 8.25 ],
			"faces": {
				"down": { "uv": [ 9.875, 12.625, 11.625, 12.75 ], "texture": "#voxels_atlas" },
				"up": { "uv": [ 8.125, 12.75, 9.875, 12.625 ], "texture": "#voxels_atlas" },
				"north": { "uv": [ 7.875, 12.5, 6.125, 12.625 ], "texture": "#voxels_atlas" },
				"south": { "uv": [ 8.125, 12.5, 9.875, 12.625 ], "texture": "#voxels_atlas" },
				"west": { "uv": [ 4.125, 7, 4.25, 7.125 ], "texture": "#voxels_atlas" },
				"east": { "uv": [ 4.25, 6.875, 4.125, 7 ], "texture": "#voxels_atlas" }
			}
		},
		{
			"__comment": "Voxels",
			"from": [ 8.75, 6.75, 8 ],
			"to": [ 9.75, 7, 8.25 ],
			"faces": {
				"up": { "uv": [ 3.125, 2, 3.625, 1.875 ], "texture": "#voxels_atlas" },
				"north": { "uv": [ 4.25, 2.25, 3.75, 2.375 ], "texture": "#voxels_atlas" },
				"south": { "uv": [ 3.75, 2.125, 4.25, 2.25 ], "texture": "#voxels_atlas" },
				"west": { "uv": [ 4.125, 6.75, 4.25, 6.875 ], "texture": "#voxels_atlas" },
				"east": { "uv": [ 7.25, 11.125, 7.125, 11.25 ], "texture": "#voxels_atlas" }
			}
		},
		{
			"__comment": "Voxels",
			"from": [ 8.75, 9, 8 ],
			"to": [ 9.75, 9.5, 8.25 ],
			"faces": {
				"down": { "uv": [ 3, 1.75, 3.5, 1.875 ], "texture": "#voxels_atlas" },
				"up": { "uv": [ 3, 1.625, 3.5, 1.5 ], "texture": "#voxels_atlas" },
				"north": { "uv": [ 2.75, 11.125, 2.25, 11.375 ], "texture": "#voxels_atlas" },
				"south": { "uv": [ 1.5, 5.375, 2, 5.625 ], "texture": "#voxels_atlas" },
				"west": { "uv": [ 4.625, 8.375, 4.75, 8.625 ], "texture": "#voxels_atlas" },
				"east": { "uv": [ 4.75, 10.625, 4.625, 10.875 ], "texture": "#voxels_atlas" }
			}
		},
		{
			"__comment": "Voxels",
			"from": [ 9, 6.25, 8 ],
			"to": [ 12, 6.5, 8.25 ],
			"faces": {
				"down": { "uv": [ 10.5, 12.25, 12, 12.375 ], "texture": "#voxels_atlas" },
				"north": { "uv": [ 9, 12.25, 7.5, 12.375 ], "texture": "#voxels_atlas" },
				"south": { "uv": [ 6, 12.25, 7.5, 12.375 ], "texture": "#voxels_atlas" },
				"west": { "uv": [ 11.5, 11.25, 11.625, 11.375 ], "texture": "#voxels_atlas" },
				"east": { "uv": [ 11.5, 11.25, 11.375, 11.375 ], "texture": "#voxels_atlas" }
			}
		},
		{
			"__comment": "Voxels",
			"from": [ 9, 9.5, 8 ],
			"to": [ 12, 9.75, 8.25 ],
			"faces": {
				"down": { "uv": [ 4.5, 12.25, 6, 12.375 ], "texture": "#voxels_atlas" },
				"up": { "uv": [ 3, 12.375, 4.5, 12.25 ], "texture": "#voxels_atlas" },
				"north": { "uv": [ 15, 12.375, 13.5, 12.5 ], "texture": "#voxels_atlas" },
				"south": { "uv": [ 7.5, 12.375, 9, 12.5 ], "texture": "#voxels_atlas" },
				"west": { "uv": [ 4.625, 0.375, 4.75, 0.5 ], "texture": "#voxels_atlas" },
				"east": { "uv": [ 4.75, 7, 4.625, 7.125 ], "texture": "#voxels_atlas" }
			}
		},
		{
			"__comment": "Voxels",
			"from": [ 9.25, 5.75, 7.75 ],
			"to": [ 11.75, 6, 8.5 ],
			"faces": {
				"up": { "uv": [ 0, 10.125, 1.25, 9.75 ], "texture": "#voxels_atlas" },
				"north": { "uv": [ 10.5, 11.75, 9.25, 11.875 ], "texture": "#voxels_atlas" },
				"south": { "uv": [ 8, 11.75, 9.25, 11.875 ], "texture": "#voxels_atlas" },
				"west": { "uv": [ 3.125, 0.5, 3.5, 0.625 ], "texture": "#voxels_atlas" },
				"east": { "uv": [ 3.5, 0.375, 3.125, 0.5 ], "texture": "#voxels_atlas" }
			}
		},
		{
			"__comment": "Voxels",
			"from": [ 9.25, 6, 8 ],
			"to": [ 12, 6.25, 8.25 ],
			"faces": {
				"down": { "uv": [ 11.25, 12.125, 12.625, 12.25 ], "texture": "#voxels_atlas" },
				"north": { "uv": [ 7.125, 12, 5.75, 12.125 ], "texture": "#voxels_atlas" },
				"south": { "uv": [ 8.5, 12.125, 9.875, 12.25 ], "texture": "#voxels_atlas" },
				"west": { "uv": [ 4.5, 0.5, 4.625, 0.625 ], "texture": "#voxels_atlas" },
				"east": { "uv": [ 4.25, 5.5, 4.125, 5.625 ], "texture": "#voxels_atlas" }
			}
		},
		{
			"__comment": "Voxels",
			"from": [ 9.25, 9.75, 8 ],
			"to": [ 12, 10, 8.25 ],
			"faces": {
				"up": { "uv": [ 14.625, 12.625, 16, 12.5 ], "texture": "#voxels_atlas" },
				"north": { "uv": [ 4.375, 12.125, 3, 12.25 ], "texture": "#voxels_atlas" },
				"south": { "uv": [ 7.125, 12, 8.5, 12.125 ], "texture": "#voxels_atlas" },
				"west": { "uv": [ 4.125, 5.875, 4.25, 6 ], "texture": "#voxels_atlas" },
				"east": { "uv": [ 9.25, 11.125, 9.125, 11.25 ], "texture": "#voxels_atlas" }
			}
		},
		{
			"__comment": "Voxels",
			"from": [ 9.25, 10, 7.75 ],
			"to": [ 11.75, 10.25, 8.5 ],
			"faces": {
				"down": { "uv": [ 0, 8.25, 1.25, 8.625 ], "texture": "#voxels_atlas" },
				"north": { "uv": [ 8, 11.75, 6.75, 11.875 ], "texture": "#voxels_atlas" },
				"south": { "uv": [ 5.5, 11.75, 6.75, 11.875 ], "texture": "#voxels_atlas" },
				"west": { "uv": [ 3.125, 0.25, 3.5, 0.375 ], "texture": "#voxels_atlas" },
				"east": { "uv": [ 3.5, 0.125, 3.125, 0.25 ], "texture": "#voxels_atlas" }
			}
		},
		{
			"__comment": "Voxels",
			"from": [ 9.5, 6, 7.75 ],
			"to": [ 12, 6.25, 8 ],
			"faces": {
				"down": { "uv": [ 4.25, 11.75, 5.5, 11.875 ], "texture": "#voxels_atlas" },
				"up": { "uv": [ 3, 11.875, 4.25, 11.75 ], "texture": "#voxels_atlas" },
				"north": { "uv": [ 15.5, 11.875, 14.25, 12 ], "texture": "#voxels_atlas" },
				"west": { "uv": [ 9, 11.125, 9.125, 11.25 ], "texture": "#voxels_atlas" },
				"east": { "uv": [ 6.5, 11.125, 6.375, 11.25 ], "texture": "#voxels_atlas" }
			}
		},
		{
			"__comment": "Voxels",
			"from": [ 9.5, 6, 8.25 ],
			"to": [ 12, 6.25, 8.5 ],
			"faces": {
				"down": { "uv": [ 11.75, 11.875, 13, 12 ], "texture": "#voxels_atlas" },
				"up": { "uv": [ 10.5, 12, 11.75, 11.875 ], "texture": "#voxels_atlas" },
				"south": { "uv": [ 8, 11.875, 9.25, 12 ], "texture": "#voxels_atlas" },
				"west": { "uv": [ 12, 11.25, 12.125, 11.375 ], "texture": "#voxels_atlas" },
				"east": { "uv": [ 4.75, 1, 4.625, 1.125 ], "texture": "#voxels_atlas" }
			}
		},
		{
			"__comment": "Voxels",
			"from": [ 9.5, 9.75, 7.75 ],
			"to": [ 12, 10, 8 ],
			"faces": {
				"down": { "uv": [ 6.75, 11.875, 8, 12 ], "texture": "#voxels_atlas" },
				"up": { "uv": [ 5.5, 12, 6.75, 11.875 ], "texture": "#voxels_atlas" },
				"north": { "uv": [ 5.5, 11.875, 4.25, 12 ], "texture": "#voxels_atlas" },
				"west": { "uv": [ 4.5, 2.75, 4.625, 2.875 ], "texture": "#voxels_atlas" },
				"east": { "uv": [ 4.625, 2.625, 4.5, 2.75 ], "texture": "#voxels_atlas" }
			}
		},
		{
			"__comment": "Voxels",
			"from": [ 9.5, 9.75, 8.25 ],
			"to": [ 12, 10, 8.5 ],
			"faces": {
				"down": { "uv": [ 14.75, 12, 16, 12.125 ], "texture": "#voxels_atlas" },
				"up": { "uv": [ 10.5, 11.875, 11.75, 11.75 ], "texture": "#voxels_atlas" },
				"south": { "uv": [ 12.25, 12, 13.5, 12.125 ], "texture": "#voxels_atlas" },
				"west": { "uv": [ 4.625, 3.5, 4.75, 3.625 ], "texture": "#voxels_atlas" },
				"east": { "uv": [ 4.75, 3, 4.625, 3.125 ], "texture": "#voxels_atlas" }
			}
		},
		{
			"__comment": "Voxels",
			"from": [ 9.75, 6.25, 7.75 ],
			"to": [ 12, 6.5, 8 ],
			"faces": {
				"up": { "uv": [ 3, 6.625, 4.125, 6.5 ], "texture": "#voxels_atlas" },
				"north": { "uv": [ 4.125, 6.375, 3, 6.5 ], "texture": "#voxels_atlas" },
				"west": { "uv": [ 4.125, 6.625, 4.25, 6.75 ], "texture": "#voxels_atlas" },
				"east": { "uv": [ 4.25, 6.5, 4.125, 6.625 ], "texture": "#voxels_atlas" }
			}
		},
		{
			"__comment": "Voxels",
			"from": [ 9.75, 6.25, 8.25 ],
			"to": [ 12, 6.5, 8.5 ],
			"faces": {
				"up": { "uv": [ 3, 5.625, 4.125, 5.5 ], "texture": "#voxels_atlas" },
				"south": { "uv": [ 3, 5.25, 4.125, 5.375 ], "texture": "#voxels_atlas" },
				"west": { "uv": [ 4.625, 1.375, 4.75, 1.5 ], "texture": "#voxels_atlas" },
				"east": { "uv": [ 4.75, 1.25, 4.625, 1.375 ], "texture": "#voxels_atlas" }
			}
		},
		{
			"__comment": "Voxels",
			"from": [ 9.75, 9.25, 8 ],
			"to": [ 12.25, 9.5, 8.25 ],
			"faces": {
				"down": { "uv": [ 3, 11, 4.25, 11.125 ], "texture": "#voxels_atlas" },
				"up": { "uv": [ 8.5, 12.125, 9.75, 12 ], "texture": "#voxels_atlas" },
				"north": { "uv": [ 4.25, 10.5, 3, 10.625 ], "texture": "#voxels_atlas" },
				"south": { "uv": [ 3, 10.625, 4.25, 10.75 ], "texture": "#voxels_atlas" },
				"east": { "uv": [ 4.75, 3.625, 4.625, 3.75 ], "texture": "#voxels_atlas" }
			}
		},
		{
			"__comment": "Voxels",
			"from": [ 9.75, 9.5, 7.75 ],
			"to": [ 12, 9.75, 8 ],
			"faces": {
				"down": { "uv": [ 3, 9.625, 4.125, 9.75 ], "texture": "#voxels_atlas" },
				"north": { "uv": [ 4.125, 10.25, 3, 10.375 ], "texture": "#voxels_atlas" },
				"west": { "uv": [ 13.125, 11.25, 13.25, 11.375 ], "texture": "#voxels_atlas" },
				"east": { "uv": [ 5.5, 11.125, 5.375, 11.25 ], "texture": "#voxels_atlas" }
			}
		},
		{
			"__comment": "Voxels",
			"from": [ 9.75, 9.5, 8.25 ],
			"to": [ 12, 9.75, 8.5 ],
			"faces": {
				"down": { "uv": [ 3, 9.5, 4.125, 9.625 ], "texture": "#voxels_atlas" },
				"south": { "uv": [ 3, 6.875, 4.125, 7 ], "texture": "#voxels_atlas" },
				"west": { "uv": [ 4.125, 6.375, 4.25, 6.5 ], "texture": "#voxels_atlas" },
				"east": { "uv": [ 4.25, 6.25, 4.125, 6.375 ], "texture": "#voxels_atlas" }
			}
		},
		{
			"__comment": "Voxels",
			"from": [ 10, 6.5, 7.75 ],
			"to": [ 12.25, 6.75, 8 ],
			"faces": {
				"down": { "uv": [ 3, 7, 4.125, 7.125 ], "texture": "#voxels_atlas" },
				"up": { "uv": [ 3, 7.375, 4.125, 7.25 ], "texture": "#voxels_atlas" },
				"north": { "uv": [ 4.125, 7.625, 3, 7.75 ], "texture": "#voxels_atlas" },
				"west": { "uv": [ 4.625, 5.5, 4.75, 5.625 ], "texture": "#voxels_atlas" },
				"east": { "uv": [ 4.75, 4.875, 4.625, 5 ], "texture": "#voxels_atlas" }
			}
		},
		{
			"__comment": "Voxels",
			"from": [ 10, 6.5, 8.25 ],
			"to": [ 12.25, 6.75, 8.5 ],
			"faces": {
				"down": { "uv": [ 3, 8, 4.125, 8.125 ], "texture": "#voxels_atlas" },
				"up": { "uv": [ 3, 8.5, 4.125, 8.375 ], "texture": "#voxels_atlas" },
				"south": { "uv": [ 3, 9, 4.125, 9.125 ], "texture": "#voxels_atlas" },
				"west": { "uv": [ 4.625, 2.125, 4.75, 2.25 ], "texture": "#voxels_atlas" },
				"east": { "uv": [ 4.75, 1.75, 4.625, 1.875 ], "texture": "#voxels_atlas" }
			}
		},
		{
			"__comment": "Voxels",
			"from": [ 10, 9.25, 7.75 ],
			"to": [ 12.25, 9.5, 8 ],
			"faces": {
				"down": { "uv": [ 3, 9.75, 4.125, 9.875 ], "texture": "#voxels_atlas" },
				"up": { "uv": [ 3, 10, 4.125, 9.875 ], "texture": "#voxels_atlas" },
				"north": { "uv": [ 4.125, 4.125, 3, 4.25 ], "texture": "#voxels_atlas" },
				"west": { "uv": [ 12.75, 11.25, 12.875, 11.375 ], "texture": "#voxels_atlas" },
				"east": { "uv": [ 13, 11.25, 12.875, 11.375 ], "texture": "#voxels_atlas" }
			}
		},
		{
			"__comment": "Voxels",
			"from": [ 10, 9.25, 8.25 ],
			"to": [ 12.25, 9.5, 8.5 ],
			"faces": {
				"down": { "uv": [ 3, 4.375, 4.125, 4.5 ], "texture": "#voxels_atlas" },
				"up": { "uv": [ 3, 4.625, 4.125, 4.5 ], "texture": "#voxels_atlas" },
				"south": { "uv": [ 3, 4.75, 4.125, 4.875 ], "texture": "#voxels_atlas" },
				"west": { "uv": [ 6, 11.125, 6.125, 11.25 ], "texture": "#voxels_atlas" },
				"east": { "uv": [ 6.25, 11.125, 6.125, 11.25 ], "texture": "#voxels_atlas" }
			}
		},
		{
			"__comment": "Voxels",
			"from": [ 10.25, 6.75, 7.75 ],
			"to": [ 12.25, 7.75, 8.5 ],
			"faces": {
				"down": { "uv": [ 0.75, 2.625, 1.75, 3 ], "texture": "#voxels_atlas" },
				"up": { "uv": [ 0.75, 3.375, 1.75, 3 ], "texture": "#voxels_atlas" },
				"north": { "uv": [ 2, 10.875, 1, 11.375 ], "texture": "#voxels_atlas" },
				"south": { "uv": [ 0, 10.875, 1, 11.375 ], "texture": "#voxels_atlas" },
				"west": { "uv": [ 2.625, 11.375, 3, 11.875 ], "texture": "#voxels_atlas" },
				"east": { "uv": [ 2.625, 11.375, 2.25, 11.875 ], "texture": "#voxels_atlas" }
			}
		},
		{
			"__comment": "Voxels",
			"from": [ 10.25, 8.25, 7.75 ],
			"to": [ 12.5, 8.75, 8.5 ],
			"faces": {
				"down": { "uv": [ 0, 5.625, 1.125, 6 ], "texture": "#voxels_atlas" },
				"up": { "uv": [ 0, 5.625, 1.125, 5.25 ], "texture": "#voxels_atlas" },
				"north": { "uv": [ 13.125, 12.75, 12, 13 ], "texture": "#voxels_atlas" },
				"south": { "uv": [ 10.875, 12.75, 12, 13 ], "texture": "#voxels_atlas" },
				"west": { "uv": [ 2.375, 6.125, 2.75, 6.375 ], "texture": "#voxels_atlas" },
				"east": { "uv": [ 2.375, 5.375, 2, 5.625 ], "texture": "#voxels_atlas" }
			}
		},
		{
			"__comment": "Voxels",
			"from": [ 10.25, 8.75, 7.75 ],
			"to": [ 12.25, 9.25, 8.5 ],
			"faces": {
				"up": { "uv": [ 0.75, 3.75, 1.75, 3.375 ], "texture": "#voxels_atlas" },
				"north": { "uv": [ 3, 11.875, 2, 12.125 ], "texture": "#voxels_atlas" },
				"south": { "uv": [ 2, 12.625, 3, 12.875 ], "texture": "#voxels_atlas" },
				"west": { "uv": [ 2.375, 5.375, 2.75, 5.625 ], "texture": "#voxels_atlas" },
				"east": { "uv": [ 2.375, 5.125, 2, 5.375 ], "texture": "#voxels_atlas" }
			}
		},
		{
			"__comment": "Voxels",
			"from": [ 10.5, 7.75, 7.75 ],
			"to": [ 15.5, 8.25, 8 ],
			"faces": {
				"down": { "uv": [ 13.25, 13.25, 15.75, 13.375 ], "texture": "#voxels_atlas" },
				"up": { "uv": [ 10.75, 13.375, 13.25, 13.25 ], "texture": "#voxels_atlas" },
				"north": { "uv": [ 7, 13.375, 4.5, 13.625 ], "texture": "#voxels_atlas" },
				"south": { "uv": [ 2, 13.375, 4.5, 13.625 ], "texture": "#voxels_atlas" },
				"west": { "uv": [ 4.5, 3, 4.625, 3.25 ], "texture": "#voxels_atlas" },
				"east": { "uv": [ 4.375, 1.5, 4.25, 1.75 ], "texture": "#voxels_atlas" }
			}
		},
		{
			"__comment": "Voxels",
			"from": [ 10.5, 7.75, 8.25 ],
			"to": [ 15.5, 8.25, 8.5 ],
			"faces": {
				"down": { "uv": [ 8.25, 13.25, 10.75, 13.375 ], "texture": "#voxels_atlas" },
				"up": { "uv": [ 5.75, 13.375, 8.25, 13.25 ], "texture": "#voxels_atlas" },
				"north": { "uv": [ 14.5, 13.625, 12, 13.875 ], "texture": "#voxels_atlas" },
				"south": { "uv": [ 7, 13.625, 9.5, 13.875 ], "texture": "#voxels_atlas" },
				"west": { "uv": [ 4.5, 1.5, 4.625, 1.75 ], "texture": "#voxels_atlas" },
				"east": { "uv": [ 4.375, 0.25, 4.25, 0.5 ], "texture": "#voxels_atlas" }
			}
		},
		{
			"__comment": "Voxels",
			"from": [ 11.25, 4.25, 7.75 ],
			"to": [ 12, 4.5, 8.5 ],
			"faces": {
				"down": { "uv": [ 1.125, 5.625, 1.5, 6 ], "texture": "#voxels_atlas" },
				"up": { "uv": [ 1.5, 6.375, 1.875, 6 ], "texture": "#voxels_atlas" },
				"north": { "uv": [ 11, 11.375, 10.625, 11.5 ], "texture": "#voxels_atlas" },
				"south": { "uv": [ 11, 11.375, 11.375, 11.5 ], "texture": "#voxels_atlas" },
				"west": { "uv": [ 11.375, 11.375, 11.75, 11.5 ], "texture": "#voxels_atlas" },
				"east": { "uv": [ 12.125, 11.375, 11.75, 11.5 ], "texture": "#voxels_atlas" }
			}
		},
		{
			"__comment": "Voxels",
			"from": [ 11.25, 11.5, 7.75 ],
			"to": [ 12, 11.75, 8.5 ],
			"faces": {
				"down": { "uv": [ 1.125, 6, 1.5, 6.375 ], "texture": "#voxels_atlas" },
				"up": { "uv": [ 1.5, 6.75, 1.875, 6.375 ], "texture": "#voxels_atlas" },
				"north": { "uv": [ 12.5, 11.375, 12.125, 11.5 ], "texture": "#voxels_atlas" },
				"south": { "uv": [ 12.5, 11.375, 12.875, 11.5 ], "texture": "#voxels_atlas" },
				"west": { "uv": [ 12.875, 11.375, 13.25, 11.5 ], "texture": "#voxels_atlas" },
				"east": { "uv": [ 13.625, 11.375, 13.25, 11.5 ], "texture": "#voxels_atlas" }
			}
		},
		{
			"__comment": "Voxels",
			"from": [ 11.5, 4, 7.75 ],
			"to": [ 12.25, 4.25, 8.5 ],
			"faces": {
				"down": { "uv": [ 1.125, 6.375, 1.5, 6.75 ], "texture": "#voxels_atlas" },
				"up": { "uv": [ 1.5, 7.125, 1.875, 6.75 ], "texture": "#voxels_atlas" },
				"north": { "uv": [ 14, 11.375, 13.625, 11.5 ], "texture": "#voxels_atlas" },
				"south": { "uv": [ 14, 11.375, 14.375, 11.5 ], "texture": "#voxels_atlas" },
				"west": { "uv": [ 14.375, 11.375, 14.75, 11.5 ], "texture": "#voxels_atlas" },
				"east": { "uv": [ 4.625, 11.125, 4.25, 11.25 ], "texture": "#voxels_atlas" }
			}
		},
		{
			"__comment": "Voxels",
			"from": [ 11.5, 11.75, 7.75 ],
			"to": [ 12.25, 12, 8.5 ],
			"faces": {
				"down": { "uv": [ 1.125, 6.75, 1.5, 7.125 ], "texture": "#voxels_atlas" },
				"up": { "uv": [ 1.625, 7.5, 2, 7.125 ], "texture": "#voxels_atlas" },
				"north": { "uv": [ 4.625, 10.375, 4.25, 10.5 ], "texture": "#voxels_atlas" },
				"south": { "uv": [ 4.25, 10.25, 4.625, 10.375 ], "texture": "#voxels_atlas" },
				"west": { "uv": [ 4.25, 10.125, 4.625, 10.25 ], "texture": "#voxels_atlas" },
				"east": { "uv": [ 4.625, 10, 4.25, 10.125 ], "texture": "#voxels_atlas" }
			}
		},
		{
			"__comment": "Voxels",
			"from": [ 11.75, 3.5, 8 ],
			"to": [ 13, 3.75, 8.25 ],
			"faces": {
				"down": { "uv": [ 2, 2.125, 2.625, 2.25 ], "texture": "#voxels_atlas" },
				"up": { "uv": [ 2, 2.625, 2.625, 2.5 ], "texture": "#voxels_atlas" },
				"north": { "uv": [ 3, 2.75, 2.375, 2.875 ], "texture": "#voxels_atlas" },
				"south": { "uv": [ 2, 0.625, 2.625, 0.75 ], "texture": "#voxels_atlas" },
				"west": { "uv": [ 9.25, 11.125, 9.375, 11.25 ], "texture": "#voxels_atlas" },
				"east": { "uv": [ 9.5, 11.125, 9.375, 11.25 ], "texture": "#voxels_atlas" }
			}
		},
		{
			"__comment": "Voxels",
			"from": [ 11.75, 3.75, 7.75 ],
			"to": [ 12.5, 4, 8.5 ],
			"faces": {
				"down": { "uv": [ 1.25, 7.125, 1.625, 7.5 ], "texture": "#voxels_atlas" },
				"up": { "uv": [ 1.625, 7.875, 2, 7.5 ], "texture": "#voxels_atlas" },
				"north": { "uv": [ 4.625, 9.75, 4.25, 9.875 ], "texture": "#voxels_atlas" },
				"south": { "uv": [ 4.25, 9.625, 4.625, 9.75 ], "texture": "#voxels_atlas" },
				"west": { "uv": [ 4.25, 9.5, 4.625, 9.625 ], "texture": "#voxels_atlas" },
				"east": { "uv": [ 4.625, 9.375, 4.25, 9.5 ], "texture": "#voxels_atlas" }
			}
		},
		{
			"__comment": "Voxels",
			"from": [ 11.75, 12, 7.75 ],
			"to": [ 12.5, 12.25, 8.5 ],
			"faces": {
				"down": { "uv": [ 1.25, 7.5, 1.625, 7.875 ], "texture": "#voxels_atlas" },
				"up": { "uv": [ 1.625, 8.25, 2, 7.875 ], "texture": "#voxels_atlas" },
				"north": { "uv": [ 4.625, 9.25, 4.25, 9.375 ], "texture": "#voxels_atlas" },
				"south": { "uv": [ 4.25, 9.125, 4.625, 9.25 ], "texture": "#voxels_atlas" },
				"west": { "uv": [ 4.25, 9, 4.625, 9.125 ], "texture": "#voxels_atlas" },
				"east": { "uv": [ 4.625, 8.875, 4.25, 9 ], "texture": "#voxels_atlas" }
			}
		},
		{
			"__comment": "Voxels",
			"from": [ 11.75, 12.25, 8 ],
			"to": [ 13, 12.5, 8.25 ],
			"faces": {
				"down": { "uv": [ 2, 0.75, 2.625, 0.875 ], "texture": "#voxels_atlas" },
				"up": { "uv": [ 2, 1, 2.625, 0.875 ], "texture": "#voxels_atlas" },
				"north": { "uv": [ 2.625, 2.375, 2, 2.5 ], "texture": "#voxels_atlas" },
				"south": { "uv": [ 2, 1.25, 2.625, 1.375 ], "texture": "#voxels_atlas" },
				"west": { "uv": [ 4.125, 5.375, 4.25, 5.5 ], "texture": "#voxels_atlas" },
				"east": { "uv": [ 4.25, 5.25, 4.125, 5.375 ], "texture": "#voxels_atlas" }
			}
		},
		{
			"__comment": "Voxels",
			"from": [ 12, 3.25, 8 ],
			"to": [ 12.5, 3.5, 8.25 ],
			"faces": {
				"down": { "uv": [ 4, 2.75, 4.25, 2.875 ], "texture": "#voxels_atlas" },
				"north": { "uv": [ 3, 5, 2.75, 5.125 ], "texture": "#voxels_atlas" },
				"south": { "uv": [ 2.75, 4.375, 3, 4.5 ], "texture": "#voxels_atlas" },
				"west": { "uv": [ 4.125, 5.125, 4.25, 5.25 ], "texture": "#voxels_atlas" },
				"east": { "uv": [ 4.25, 5, 4.125, 5.125 ], "texture": "#voxels_atlas" }
			}
		},
		{
			"__comment": "Voxels",
			"from": [ 12, 3.5, 7.75 ],
			"to": [ 12.75, 3.75, 8 ],
			"faces": {
				"down": { "uv": [ 4.25, 8.75, 4.625, 8.875 ], "texture": "#voxels_atlas" },
				"up": { "uv": [ 4.25, 8.75, 4.625, 8.625 ], "texture": "#voxels_atlas" },
				"north": { "uv": [ 4.625, 8.5, 4.25, 8.625 ], "texture": "#voxels_atlas" },
				"west": { "uv": [ 4.125, 4.625, 4.25, 4.75 ], "texture": "#voxels_atlas" },
				"east": { "uv": [ 4.25, 4.5, 4.125, 4.625 ], "texture": "#voxels_atlas" }
			}
		},
		{
			"__comment": "Voxels",
			"from": [ 12, 3.5, 8.25 ],
			"to": [ 12.75, 3.75, 8.5 ],
			"faces": {
				"down": { "uv": [ 4.25, 8.25, 4.625, 8.375 ], "texture": "#voxels_atlas" },
				"up": { "uv": [ 4.25, 8.25, 4.625, 8.125 ], "texture": "#voxels_atlas" },
				"south": { "uv": [ 4.25, 7.875, 4.625, 8 ], "texture": "#voxels_atlas" },
				"west": { "uv": [ 15.875, 11.625, 16, 11.75 ], "texture": "#voxels_atlas" },
				"east": { "uv": [ 16, 11.5, 15.875, 11.625 ], "texture": "#voxels_atlas" }
			}
		},
		{
			"__comment": "Voxels",
			"from": [ 12, 12.25, 7.75 ],
			"to": [ 12.75, 12.5, 8 ],
			"faces": {
				"down": { "uv": [ 4.25, 7.75, 4.625, 7.875 ], "texture": "#voxels_atlas" },
				"up": { "uv": [ 4.25, 7.75, 4.625, 7.625 ], "texture": "#voxels_atlas" },
				"north": { "uv": [ 4.625, 7.5, 4.25, 7.625 ], "texture": "#voxels_atlas" },
				"west": { "uv": [ 4.5, 2.5, 4.625, 2.625 ], "texture": "#voxels_atlas" },
				"east": { "uv": [ 4.625, 2.375, 4.5, 2.5 ], "texture": "#voxels_atlas" }
			}
		},
		{
			"__comment": "Voxels",
			"from": [ 12, 12.25, 8.25 ],
			"to": [ 12.75, 12.5, 8.5 ],
			"faces": {
				"down": { "uv": [ 4.25, 7.25, 4.625, 7.375 ], "texture": "#voxels_atlas" },
				"up": { "uv": [ 4.25, 7.25, 4.625, 7.125 ], "texture": "#voxels_atlas" },
				"south": { "uv": [ 4.25, 6.875, 4.625, 7 ], "texture": "#voxels_atlas" },
				"west": { "uv": [ 4.5, 1.75, 4.625, 1.875 ], "texture": "#voxels_atlas" },
				"east": { "uv": [ 13.875, 11.25, 13.75, 11.375 ], "texture": "#voxels_atlas" }
			}
		},
		{
			"__comment": "Voxels",
			"from": [ 12, 12.5, 8 ],
			"to": [ 12.5, 12.75, 8.25 ],
			"faces": {
				"up": { "uv": [ 4.25, 1.375, 4.5, 1.25 ], "texture": "#voxels_atlas" },
				"north": { "uv": [ 4.5, 1.125, 4.25, 1.25 ], "texture": "#voxels_atlas" },
				"south": { "uv": [ 4.25, 1, 4.5, 1.125 ], "texture": "#voxels_atlas" },
				"west": { "uv": [ 4.5, 0.75, 4.625, 0.875 ], "texture": "#voxels_atlas" },
				"east": { "uv": [ 4.625, 0.625, 4.5, 0.75 ], "texture": "#voxels_atlas" }
			}
		},
		{
			"__comment": "Voxels",
			"from": [ 12.25, 2.75, 8 ],
			"to": [ 13.5, 3, 8.25 ],
			"faces": {
				"down": { "uv": [ 2, 1.375, 2.625, 1.5 ], "texture": "#voxels_atlas" },
				"up": { "uv": [ 2, 2.375, 2.625, 2.25 ], "texture": "#voxels_atlas" },
				"north": { "uv": [ 2.625, 1.875, 2, 2 ], "texture": "#voxels_atlas" },
				"south": { "uv": [ 2, 2, 2.625, 2.125 ], "texture": "#voxels_atlas" },
				"west": { "uv": [ 4.625, 6.875, 4.75, 7 ], "texture": "#voxels_atlas" },
				"east": { "uv": [ 4.75, 6.75, 4.625, 6.875 ], "texture": "#voxels_atlas" }
			}
		},
		{
			"__comment": "Voxels",
			"from": [ 12.25, 3, 8 ],
			"to": [ 12.75, 3.25, 8.25 ],
			"faces": {
				"up": { "uv": [ 4.25, 0.875, 4.5, 0.75 ], "texture": "#voxels_atlas" },
				"north": { "uv": [ 4.5, 0.625, 4.25, 0.75 ], "texture": "#voxels_atlas" },
				"south": { "uv": [ 4.25, 0.5, 4.5, 0.625 ], "texture": "#voxels_atlas" },
				"west": { "uv": [ 4.625, 6.125, 4.75, 6.25 ], "texture": "#voxels_atlas" },
				"east": { "uv": [ 4.75, 6, 4.625, 6.125 ], "texture": "#voxels_atlas" }
			}
		},
		{
			"__comment": "Voxels",
			"from": [ 12.25, 3.25, 7.75 ],
			"to": [ 13, 3.5, 8 ],
			"faces": {
				"down": { "uv": [ 4.25, 6.75, 4.625, 6.875 ], "texture": "#voxels_atlas" },
				"up": { "uv": [ 4.25, 6.75, 4.625, 6.625 ], "texture": "#voxels_atlas" },
				"north": { "uv": [ 4.625, 6.5, 4.25, 6.625 ], "texture": "#voxels_atlas" },
				"south": { "uv": [ 4.25, 6.375, 4.625, 6.5 ], "texture": "#voxels_atlas" },
				"west": { "uv": [ 4.625, 5.375, 4.75, 5.5 ], "texture": "#voxels_atlas" },
				"east": { "uv": [ 4.75, 5.25, 4.625, 5.375 ], "texture": "#voxels_atlas" }
			}
		},
		{
			"__comment": "Voxels",
			"from": [ 12.25, 3.25, 8.25 ],
			"to": [ 13, 3.5, 8.5 ],
			"faces": {
				"down": { "uv": [ 4.25, 6.25, 4.625, 6.375 ], "texture": "#voxels_atlas" },
				"up": { "uv": [ 4.25, 6.25, 4.625, 6.125 ], "texture": "#voxels_atlas" },
				"north": { "uv": [ 4.625, 6, 4.25, 6.125 ], "texture": "#voxels_atlas" },
				"south": { "uv": [ 4.25, 5.875, 4.625, 6 ], "texture": "#voxels_atlas" },
				"west": { "uv": [ 4.625, 4.625, 4.75, 4.75 ], "texture": "#voxels_atlas" },
				"east": { "uv": [ 4.75, 4.5, 4.625, 4.625 ], "texture": "#voxels_atlas" }
			}
		},
		{
			"__comment": "Voxels",
			"from": [ 12.25, 4, 8 ],
			"to": [ 12.5, 4.25, 8.25 ],
			"faces": {
				"up": { "uv": [ 4.625, 4.375, 4.75, 4.25 ], "texture": "#voxels_atlas" },
				"north": { "uv": [ 4.75, 4.125, 4.625, 4.25 ], "texture": "#voxels_atlas" },
				"south": { "uv": [ 4.625, 4, 4.75, 4.125 ], "texture": "#voxels_atlas" },
				"east": { "uv": [ 4.75, 3.75, 4.625, 3.875 ], "texture": "#voxels_atlas" }
			}
		},
		{
			"__comment": "Voxels",
			"from": [ 12.25, 7.25, 7.75 ],
			"to": [ 12.5, 7.75, 8.5 ],
			"faces": {
				"down": { "uv": [ 4.25, 5.5, 4.375, 5.875 ], "texture": "#voxels_atlas" },
				"up": { "uv": [ 4.375, 5.875, 4.5, 5.5 ], "texture": "#voxels_atlas" },
				"north": { "uv": [ 4.5, 0.25, 4.375, 0.5 ], "texture": "#voxels_atlas" },
				"south": { "uv": [ 4.5, 0.25, 4.625, 0.5 ], "texture": "#voxels_atlas" },
				"east": { "uv": [ 2.375, 6.125, 2, 6.375 ], "texture": "#voxels_atlas" }
			}
		},
		{
			"__comment": "Voxels",
			"from": [ 12.25, 11.75, 8 ],
			"to": [ 12.5, 12, 8.25 ],
			"faces": {
				"down": { "uv": [ 4.625, 2.875, 4.75, 3 ], "texture": "#voxels_atlas" },
				"north": { "uv": [ 4.75, 2.625, 4.625, 2.75 ], "texture": "#voxels_atlas" },
				"south": { "uv": [ 4.625, 2.5, 4.75, 2.625 ], "texture": "#voxels_atlas" },
				"east": { "uv": [ 4.75, 2.25, 4.625, 2.375 ], "texture": "#voxels_atlas" }
			}
		},
		{
			"__comment": "Voxels",
			"from": [ 12.25, 12.5, 7.75 ],
			"to": [ 13, 12.75, 8 ],
			"faces": {
				"down": { "uv": [ 4.25, 4.75, 4.625, 4.875 ], "texture": "#voxels_atlas" },
				"up": { "uv": [ 4.25, 4.75, 4.625, 4.625 ], "texture": "#voxels_atlas" },
				"north": { "uv": [ 4.625, 4.5, 4.25, 4.625 ], "texture": "#voxels_atlas" },
				"south": { "uv": [ 4.25, 4.375, 4.625, 4.5 ], "texture": "#voxels_atlas" },
				"west": { "uv": [ 4.625, 1.625, 4.75, 1.75 ], "texture": "#voxels_atlas" },
				"east": { "uv": [ 4.75, 1.5, 4.625, 1.625 ], "texture": "#voxels_atlas" }
			}
		},
		{
			"__comment": "Voxels",
			"from": [ 12.25, 12.5, 8.25 ],
			"to": [ 13, 12.75, 8.5 ],
			"faces": {
				"down": { "uv": [ 4.25, 4.25, 4.625, 4.375 ], "texture": "#voxels_atlas" },
				"up": { "uv": [ 4.25, 4.25, 4.625, 4.125 ], "texture": "#voxels_atlas" },
				"north": { "uv": [ 4.625, 4, 4.25, 4.125 ], "texture": "#voxels_atlas" },
				"south": { "uv": [ 4.25, 3.875, 4.625, 4 ], "texture": "#voxels_atlas" },
				"west": { "uv": [ 4.625, 0.875, 4.75, 1 ], "texture": "#voxels_atlas" },
				"east": { "uv": [ 4.75, 0.75, 4.625, 0.875 ], "texture": "#voxels_atlas" }
			}
		},
		{
			"__comment": "Voxels",
			"from": [ 12.25, 12.75, 8 ],
			"to": [ 12.75, 13.25, 8.25 ],
			"faces": {
				"down": { "uv": [ 4.25, 0.125, 4.5, 0.25 ], "texture": "#voxels_atlas" },
				"up": { "uv": [ 4.25, 0.125, 4.5, 0 ], "texture": "#voxels_atlas" },
				"north": { "uv": [ 0.25, 0, 0, 0.25 ], "texture": "#voxels_atlas" },
				"south": { "uv": [ 1.75, 2.375, 2, 2.625 ], "texture": "#voxels_atlas" },
				"west": { "uv": [ 4.625, 11.125, 4.75, 11.375 ], "texture": "#voxels_atlas" },
				"east": { "uv": [ 4.75, 10.875, 4.625, 11.125 ], "texture": "#voxels_atlas" }
			}
		},
		{
			"__comment": "Voxels",
			"from": [ 12.5, 2.5, 8 ],
			"to": [ 13.5, 2.75, 8.25 ],
			"faces": {
				"down": { "uv": [ 3, 2.625, 3.5, 2.75 ], "texture": "#voxels_atlas" },
				"north": { "uv": [ 4, 3.125, 3.5, 3.25 ], "texture": "#voxels_atlas" },
				"south": { "uv": [ 3, 1.25, 3.5, 1.375 ], "texture": "#voxels_atlas" },
				"west": { "uv": [ 11.75, 11.25, 11.875, 11.375 ], "texture": "#voxels_atlas" },
				"east": { "uv": [ 12, 11.25, 11.875, 11.375 ], "texture": "#voxels_atlas" }
			}
		},
		{
			"__comment": "Voxels",
			"from": [ 12.5, 2.75, 7.75 ],
			"to": [ 13.25, 3.25, 8 ],
			"faces": {
				"down": { "uv": [ 4.25, 3.75, 4.625, 3.875 ], "texture": "#voxels_atlas" },
				"up": { "uv": [ 1.625, 4.625, 2, 4.5 ], "texture": "#voxels_atlas" },
				"north": { "uv": [ 2.375, 4.875, 2, 5.125 ], "texture": "#voxels_atlas" },
				"south": { "uv": [ 2.375, 4.875, 2.75, 5.125 ], "texture": "#voxels_atlas" },
				"west": { "uv": [ 4.625, 10.375, 4.75, 10.625 ], "texture": "#voxels_atlas" },
				"east": { "uv": [ 4.75, 10.125, 4.625, 10.375 ], "texture": "#voxels_atlas" }
			}
		},
		{
			"__comment": "Voxels",
			"from": [ 12.5, 2.75, 8.25 ],
			"to": [ 13.25, 3.25, 8.5 ],
			"faces": {
				"down": { "uv": [ 1.625, 4.125, 2, 4.25 ], "texture": "#voxels_atlas" },
				"up": { "uv": [ 2.625, 2.625, 3, 2.5 ], "texture": "#voxels_atlas" },
				"north": { "uv": [ 2.375, 4.625, 2, 4.875 ], "texture": "#voxels_atlas" },
				"south": { "uv": [ 2.375, 4.625, 2.75, 4.875 ], "texture": "#voxels_atlas" },
				"west": { "uv": [ 4.625, 9.875, 4.75, 10.125 ], "texture": "#voxels_atlas" },
				"east": { "uv": [ 4.75, 9.625, 4.625, 9.875 ], "texture": "#voxels_atlas" }
			}
		},
		{
			"__comment": "Voxels",
			"from": [ 12.5, 3.75, 8 ],
			"to": [ 12.75, 4, 8.25 ],
			"faces": {
				"up": { "uv": [ 13.625, 11.375, 13.75, 11.25 ], "texture": "#voxels_atlas" },
				"north": { "uv": [ 13.5, 11.125, 13.375, 11.25 ], "texture": "#voxels_atlas" },
				"south": { "uv": [ 13.875, 11.25, 14, 11.375 ], "texture": "#voxels_atlas" },
				"east": { "uv": [ 14.25, 11.25, 14.125, 11.375 ], "texture": "#voxels_atlas" }
			}
		},
		{
			"__comment": "Voxels",
			"from": [ 12.5, 7.5, 8 ],
			"to": [ 13, 7.75, 8.25 ],
			"faces": {
				"down": { "uv": [ 4.75, 11.25, 5, 11.375 ], "texture": "#voxels_atlas" },
				"north": { "uv": [ 5.5, 11.25, 5.25, 11.375 ], "texture": "#voxels_atlas" },
				"south": { "uv": [ 5.5, 11.25, 5.75, 11.375 ], "texture": "#voxels_atlas" },
				"east": { "uv": [ 15, 11.25, 14.875, 11.375 ], "texture": "#voxels_atlas" }
			}
		},
		{
			"__comment": "Voxels",
			"from": [ 12.5, 8.25, 8 ],
			"to": [ 13, 8.5, 8.25 ],
			"faces": {
				"up": { "uv": [ 6, 11.375, 6.25, 11.25 ], "texture": "#voxels_atlas" },
				"north": { "uv": [ 6.5, 11.25, 6.25, 11.375 ], "texture": "#voxels_atlas" },
				"south": { "uv": [ 6.5, 11.25, 6.75, 11.375 ], "texture": "#voxels_atlas" },
				"east": { "uv": [ 15.75, 11.25, 15.625, 11.375 ], "texture": "#voxels_atlas" }
			}
		},
		{
			"__comment": "Voxels",
			"from": [ 12.5, 12, 8 ],
			"to": [ 12.75, 12.25, 8.25 ],
			"faces": {
				"down": { "uv": [ 15.75, 11.25, 15.875, 11.375 ], "texture": "#voxels_atlas" },
				"north": { "uv": [ 4.875, 11.125, 4.75, 11.25 ], "texture": "#voxels_atlas" },
				"south": { "uv": [ 4.875, 11.125, 5, 11.25 ], "texture": "#voxels_atlas" },
				"east": { "uv": [ 5.25, 11.125, 5.125, 11.25 ], "texture": "#voxels_atlas" }
			}
		},
		{
			"__comment": "Voxels",
			"from": [ 12.5, 12.75, 7.75 ],
			"to": [ 13.25, 13.25, 8 ],
			"faces": {
				"down": { "uv": [ 2.625, 1.875, 3, 2 ], "texture": "#voxels_atlas" },
				"up": { "uv": [ 2.625, 1.625, 3, 1.5 ], "texture": "#voxels_atlas" },
				"north": { "uv": [ 2.375, 4.375, 2, 4.625 ], "texture": "#voxels_atlas" },
				"south": { "uv": [ 2.375, 4.125, 2.75, 4.375 ], "texture": "#voxels_atlas" },
				"west": { "uv": [ 4.625, 9.375, 4.75, 9.625 ], "texture": "#voxels_atlas" },
				"east": { "uv": [ 4.75, 9.125, 4.625, 9.375 ], "texture": "#voxels_atlas" }
			}
		},
		{
			"__comment": "Voxels",
			"from": [ 12.5, 12.75, 8.25 ],
			"to": [ 13.25, 13.25, 8.5 ],
			"faces": {
				"down": { "uv": [ 2.625, 1.125, 3, 1.25 ], "texture": "#voxels_atlas" },
				"up": { "uv": [ 2.625, 1.125, 3, 1 ], "texture": "#voxels_atlas" },
				"north": { "uv": [ 2.375, 3.875, 2, 4.125 ], "texture": "#voxels_atlas" },
				"south": { "uv": [ 2.375, 3.875, 2.75, 4.125 ], "texture": "#voxels_atlas" },
				"west": { "uv": [ 4.625, 8.875, 4.75, 9.125 ], "texture": "#voxels_atlas" },
				"east": { "uv": [ 4.75, 8.625, 4.625, 8.875 ], "texture": "#voxels_atlas" }
			}
		},
		{
			"__comment": "Voxels",
			"from": [ 12.5, 13.25, 8 ],
			"to": [ 13.5, 13.5, 8.25 ],
			"faces": {
				"down": { "uv": [ 3.5, 1.375, 4, 1.5 ], "texture": "#voxels_atlas" },
				"up": { "uv": [ 3, 1.5, 3.5, 1.375 ], "texture": "#voxels_atlas" },
				"north": { "uv": [ 4, 1.5, 3.5, 1.625 ], "texture": "#voxels_atlas" },
				"south": { "uv": [ 3.75, 1.875, 4.25, 2 ], "texture": "#voxels_atlas" },
				"west": { "uv": [ 7.25, 11.125, 7.375, 11.25 ], "texture": "#voxels_atlas" },
				"east": { "uv": [ 7.5, 11.125, 7.375, 11.25 ], "texture": "#voxels_atlas" }
			}
		},
		{
			"__comment": "Voxels",
			"from": [ 12.75, 3.25, 8 ],
			"to": [ 13.25, 3.5, 8.25 ],
			"faces": {
				"down": { "uv": [ 6.75, 11.25, 7, 11.375 ], "texture": "#voxels_atlas" },
				"up": { "uv": [ 7, 11.375, 7.25, 11.25 ], "texture": "#voxels_atlas" },
				"north": { "uv": [ 7.5, 11.25, 7.25, 11.375 ], "texture": "#voxels_atlas" },
				"south": { "uv": [ 7.5, 11.25, 7.75, 11.375 ], "texture": "#voxels_atlas" },
				"west": { "uv": [ 8, 11.125, 8.125, 11.25 ], "texture": "#voxels_atlas" },
				"east": { "uv": [ 8.25, 11.125, 8.125, 11.25 ], "texture": "#voxels_atlas" }
			}
		},
		{
			"__comment": "Voxels",
			"from": [ 12.75, 12.5, 8 ],
			"to": [ 13.25, 12.75, 8.25 ],
			"faces": {
				"down": { "uv": [ 7.75, 11.25, 8, 11.375 ], "texture": "#voxels_atlas" },
				"up": { "uv": [ 8, 11.375, 8.25, 11.25 ], "texture": "#voxels_atlas" },
				"north": { "uv": [ 8.5, 11.25, 8.25, 11.375 ], "texture": "#voxels_atlas" },
				"south": { "uv": [ 8.5, 11.25, 8.75, 11.375 ], "texture": "#voxels_atlas" },
				"west": { "uv": [ 8.75, 11.125, 8.875, 11.25 ], "texture": "#voxels_atlas" },
				"east": { "uv": [ 9, 11.125, 8.875, 11.25 ], "texture": "#voxels_atlas" }
			}
		},
		{
			"__comment": "Voxels",
			"from": [ 12.75, 13, 8 ],
			"to": [ 13.5, 13.25, 8.25 ],
			"faces": {
				"down": { "uv": [ 2.625, 0.625, 3, 0.75 ], "texture": "#voxels_atlas" },
				"north": { "uv": [ 3, 0.375, 2.625, 0.5 ], "texture": "#voxels_atlas" },
				"south": { "uv": [ 2.625, 0.25, 3, 0.375 ], "texture": "#voxels_atlas" },
				"east": { "uv": [ 9.75, 11.125, 9.625, 11.25 ], "texture": "#voxels_atlas" }
			}
		},
		{
			"__comment": "Voxels",
			"from": [ 13, 3, 8 ],
			"to": [ 13.5, 3.25, 8.25 ],
			"faces": {
				"up": { "uv": [ 9, 11.375, 9.25, 11.25 ], "texture": "#voxels_atlas" },
				"north": { "uv": [ 9.5, 11.25, 9.25, 11.375 ], "texture": "#voxels_atlas" },
				"south": { "uv": [ 9.5, 11.25, 9.75, 11.375 ], "texture": "#voxels_atlas" },
				"west": { "uv": [ 10.25, 11.125, 10.375, 11.25 ], "texture": "#voxels_atlas" },
				"east": { "uv": [ 10.5, 11.125, 10.375, 11.25 ], "texture": "#voxels_atlas" }
			}
		},
		{
			"__comment": "Voxels",
			"from": [ 13, 12.75, 8 ],
			"to": [ 13.5, 13, 8.25 ],
			"faces": {
				"down": { "uv": [ 9.75, 11.25, 10, 11.375 ], "texture": "#voxels_atlas" },
				"north": { "uv": [ 10.5, 11.25, 10.25, 11.375 ], "texture": "#voxels_atlas" },
				"south": { "uv": [ 10.5, 11.25, 10.75, 11.375 ], "texture": "#voxels_atlas" },
				"west": { "uv": [ 11, 11.125, 11.125, 11.25 ], "texture": "#voxels_atlas" },
				"east": { "uv": [ 11.25, 11.125, 11.125, 11.25 ], "texture": "#voxels_atlas" }
			}
		},
		{
			"__comment": "Voxels",
			"from": [ 13.5, 7.5, 8 ],
			"to": [ 15.5, 7.75, 8.25 ],
			"faces": {
				"down": { "uv": [ 2, 8.875, 3, 9 ], "texture": "#voxels_atlas" },
				"up": { "uv": [ 2, 9.125, 3, 9 ], "texture": "#voxels_atlas" },
				"north": { "uv": [ 3, 6.375, 2, 6.5 ], "texture": "#voxels_atlas" },
				"south": { "uv": [ 2, 9.375, 3, 9.5 ], "texture": "#voxels_atlas" },
				"west": { "uv": [ 11.75, 11.125, 11.875, 11.25 ], "texture": "#voxels_atlas" },
				"east": { "uv": [ 12, 11.125, 11.875, 11.25 ], "texture": "#voxels_atlas" }
			}
		},
		{
			"__comment": "Voxels",
			"from": [ 13.5, 8.25, 8 ],
			"to": [ 15.5, 8.5, 8.25 ],
			"faces": {
				"down": { "uv": [ 2, 9.5, 3, 9.625 ], "texture": "#voxels_atlas" },
				"up": { "uv": [ 2, 9.75, 3, 9.625 ], "texture": "#voxels_atlas" },
				"north": { "uv": [ 3, 9.75, 2, 9.875 ], "texture": "#voxels_atlas" },
				"south": { "uv": [ 2, 9.875, 3, 10 ], "texture": "#voxels_atlas" },
				"west": { "uv": [ 12.5, 11.125, 12.625, 11.25 ], "texture": "#voxels_atlas" },
				"east": { "uv": [ 12.75, 11.125, 12.625, 11.25 ], "texture": "#voxels_atlas" }
			}
		},
		{
			"__comment": "Voxels",
			"from": [ 15, 7.75, 8 ],
			"to": [ 15.75, 8.25, 8.25 ],
			"faces": {
				"down": { "uv": [ 15.625, 13, 16, 13.125 ], "texture": "#voxels_atlas" },
				"up": { "uv": [ 15.625, 12.5, 16, 12.375 ], "texture": "#voxels_atlas" },
				"north": { "uv": [ 2.375, 3.625, 2, 3.875 ], "texture": "#voxels_atlas" },
				"south": { "uv": [ 2.375, 3.375, 2.75, 3.625 ], "texture": "#voxels_atlas" },
				"west": { "uv": [ 4.625, 7.125, 4.75, 7.375 ], "texture": "#voxels_atlas" },
				"east": { "uv": [ 4.5, 1.5, 4.375, 1.75 ], "texture": "#voxels_atlas" }
			}
		}
	],
	"display": {
		"thirdperson_righthand": {
			"rotation":  [ 92, 122, 16 ],
			"translation":  [ 2, 1, 3 ],
			"scale":  [ 1.2, 1.2, 1.2 ]
		},
		"thirdperson_lefthand": {
			"rotation":  [ 92, 122, 16 ],
			"translation":  [ 2, 1, 3 ],
			"scale":  [ 1.2, 1.2, 1.2 ]
		},
		"firstperson_righthand": {
			"rotation":  [ 0, -10, -15 ],
			"translation":  [ 0, 1.3, 0 ]
		},
		"firstperson_lefthand": {
			"rotation":  [ 0, -10, -15 ],
			"translation":  [ 0, 1.3, 0 ]
		},
		"ground": {
			"rotation":  [ 105, 0, 0 ],
			"scale":  [ 0.8, 0.8, 0.8 ]
		},
		"fixed": {
			"scale":  [ 1.5, 1.5, 1.5 ]
		}
	}
}