{
	"__comment": "Designed by Elo106 with Cubik Studio - https://cubik.studio",
	"textures": {
		"particle": "items/umbrellaclosed",
		"texture": "items/umbrellaclosed",
		"umbrella_atlas": "items/umbrellaclosed"
	},
	"elements": [ 	 
		{
			"__comment": "Voxels",
			"from": [ 5.5, 10, 7.5 ],
			"to": [ 8, 12, 8.5 ],
			"faces": {
				"down": { "uv": [ 6.25, 0, 7.5, 1 ], "texture": "#umbrella_atlas" },
				"up": { "uv": [ 6.25, 2, 7.5, 1 ], "texture": "#umbrella_atlas" },
				"north": { "uv": [ 7.5, 14, 6.25, 16 ], "texture": "#umbrella_atlas" },
				"south": { "uv": [ 6.25, 12, 7.5, 14 ], "texture": "#umbrella_atlas" },
				"west": { "uv": [ 3.5, 1, 4, 3 ], "texture": "#umbrella_atlas" },
				"east": { "uv": [ 8.75, 3, 8.25, 5 ], "texture": "#umbrella_atlas" }
			}
		},
		{
			"__comment": "Voxels",
			"from": [ 5.5, 12, 7.5 ],
			"to": [ 7, 12.5, 8.5 ],
			"faces": {
				"down": { "uv": [ 0, 0, 0.75, 1 ], "texture": "#umbrella_atlas" },
				"up": { "uv": [ 5.25, 1, 6, 0 ], "texture": "#umbrella_atlas" },
				"north": { "uv": [ 14.25, 11.5, 13.5, 12 ], "texture": "#umbrella_atlas" },
				"south": { "uv": [ 13.5, 12, 14.25, 12.5 ], "texture": "#umbrella_atlas" },
				"west": { "uv": [ 15.5, 11, 16, 11.5 ], "texture": "#umbrella_atlas" },
				"east": { "uv": [ 14, 11, 13.5, 11.5 ], "texture": "#umbrella_atlas" }
			}
		},
		{
			"__comment": "Voxels",
			"from": [ 5.5, 12.5, 7 ],
			"to": [ 8.5, 14.5, 7.5 ],
			"faces": {
				"down": { "uv": [ 13.5, 14.5, 15, 15 ], "texture": "#umbrella_atlas" },
				"up": { "uv": [ 13.5, 14.5, 15, 14 ], "texture": "#umbrella_atlas" },
				"north": { "uv": [ 6.25, 14, 4.75, 16 ], "texture": "#umbrella_atlas" },
				"south": { "uv": [ 4.75, 12, 6.25, 14 ], "texture": "#umbrella_atlas" },
				"west": { "uv": [ 9.75, 9.5, 10, 11.5 ], "texture": "#umbrella_atlas" },
				"east": { "uv": [ 10, 7.5, 9.75, 9.5 ], "texture": "#umbrella_atlas" }
			}
		},
		{
			"__comment": "Voxels",
			"from": [ 5.5, 12.5, 7.5 ],
			"to": [ 6, 14.5, 9 ],
			"faces": {
				"down": { "uv": [ 4.75, 0, 5, 1.5 ], "texture": "#umbrella_atlas" },
				"up": { "uv": [ 9.75, 2.5, 10, 1 ], "texture": "#umbrella_atlas" },
				"north": { "uv": [ 10, 5.5, 9.75, 7.5 ], "texture": "#umbrella_atlas" },
				"south": { "uv": [ 7.25, 10, 7.5, 12 ], "texture": "#umbrella_atlas" },
				"west": { "uv": [ 4, 0, 4.75, 2 ], "texture": "#umbrella_atlas" },
				"east": { "uv": [ 0.75, 1, 0, 3 ], "texture": "#umbrella_atlas" }
			}
		},
		{
			"__comment": "Voxels",
			"from": [ 6, -3, 7.5 ],
			"to": [ 7.5, 10, 8.5 ],
			"faces": {
				"down": { "uv": [ 9.25, 13, 10, 14 ], "texture": "#umbrella_atlas" },
				"up": { "uv": [ 10, 14, 10.75, 13 ], "texture": "#umbrella_atlas" },
				"north": { "uv": [ 0.75, 3, 0, 16 ], "texture": "#umbrella_atlas" },
				"south": { "uv": [ 0.75, 3, 1.5, 16 ], "texture": "#umbrella_atlas" },
				"west": { "uv": [ 3, 3, 3.5, 16 ], "texture": "#umbrella_atlas" },
				"east": { "uv": [ 4, 3, 3.5, 16 ], "texture": "#umbrella_atlas" }
			}
		},
		{
			"__comment": "Voxels",
			"from": [ 6, 5.5, 7 ],
			"to": [ 7.5, 12.5, 7.5 ],
			"faces": {
				"down": { "uv": [ 14.5, 12.5, 15.25, 13 ], "texture": "#umbrella_atlas" },
				"up": { "uv": [ 8.25, 0.5, 9, 0 ], "texture": "#umbrella_atlas" },
				"north": { "uv": [ 4.75, 9, 4, 16 ], "texture": "#umbrella_atlas" },
				"south": { "uv": [ 4, 2, 4.75, 9 ], "texture": "#umbrella_atlas" },
				"west": { "uv": [ 7.75, 0, 8, 7 ], "texture": "#umbrella_atlas" },
				"east": { "uv": [ 7.75, 0, 7.5, 7 ], "texture": "#umbrella_atlas" }
			}
		},
		{
			"__comment": "Voxels",
			"from": [ 6, 5.5, 8.5 ],
			"to": [ 7.5, 16, 9 ],
			"faces": {
				"down": { "uv": [ 13.75, 12.5, 14.5, 13 ], "texture": "#umbrella_atlas" },
				"up": { "uv": [ 12.75, 12.5, 13.5, 12 ], "texture": "#umbrella_atlas" },
				"north": { "uv": [ 2.25, 5.5, 1.5, 16 ], "texture": "#umbrella_atlas" },
				"south": { "uv": [ 2.25, 5.5, 3, 16 ], "texture": "#umbrella_atlas" },
				"west": { "uv": [ 4.75, 1.5, 5, 12 ], "texture": "#umbrella_atlas" },
				"east": { "uv": [ 5.25, 1.5, 5, 12 ], "texture": "#umbrella_atlas" }
			}
		},
		{
			"__comment": "Voxels",
			"from": [ 6, 12.5, 6.5 ],
			"to": [ 8, 14.5, 7 ],
			"faces": {
				"down": { "uv": [ 15, 13.5, 16, 14 ], "texture": "#umbrella_atlas" },
				"up": { "uv": [ 15, 13.5, 16, 13 ], "texture": "#umbrella_atlas" },
				"north": { "uv": [ 6.25, 1, 5.25, 3 ], "texture": "#umbrella_atlas" },
				"south": { "uv": [ 6.25, 10, 7.25, 12 ], "texture": "#umbrella_atlas" },
				"west": { "uv": [ 7.25, 4, 7.5, 6 ], "texture": "#umbrella_atlas" },
				"east": { "uv": [ 7.5, 2, 7.25, 4 ], "texture": "#umbrella_atlas" }
			}
		},
		{
			"__comment": "Voxels",
			"from": [ 6, 12.5, 9 ],
			"to": [ 8, 14.5, 9.5 ],
			"faces": {
				"down": { "uv": [ 11.75, 12.5, 12.75, 13 ], "texture": "#umbrella_atlas" },
				"up": { "uv": [ 12.75, 13, 13.75, 12.5 ], "texture": "#umbrella_atlas" },
				"north": { "uv": [ 7.25, 4, 6.25, 6 ], "texture": "#umbrella_atlas" },
				"south": { "uv": [ 6.25, 2, 7.25, 4 ], "texture": "#umbrella_atlas" },
				"west": { "uv": [ 9.25, 0.5, 9.5, 2.5 ], "texture": "#umbrella_atlas" },
				"east": { "uv": [ 9.75, 0.5, 9.5, 2.5 ], "texture": "#umbrella_atlas" }
			}
		},
		{
			"__comment": "Voxels",
			"from": [ 6, 14, 7.5 ],
			"to": [ 8.5, 14.5, 8.5 ],
			"faces": {
				"down": { "uv": [ 11, 14, 12.25, 15 ], "texture": "#umbrella_atlas" },
				"up": { "uv": [ 12.25, 15, 13.5, 14 ], "texture": "#umbrella_atlas" },
				"north": { "uv": [ 15, 13, 13.75, 13.5 ], "texture": "#umbrella_atlas" },
				"south": { "uv": [ 13.75, 13.5, 15, 14 ], "texture": "#umbrella_atlas" },
				"west": { "uv": [ 10, 10.5, 10.5, 11 ], "texture": "#umbrella_atlas" },
				"east": { "uv": [ 14.5, 11, 14, 11.5 ], "texture": "#umbrella_atlas" }
			}
		},
		{
			"__comment": "Voxels",
			"from": [ 6, 14.5, 7 ],
			"to": [ 7.5, 16, 8.5 ],
			"faces": {
				"down": { "uv": [ 8.25, 8, 9, 9.5 ], "texture": "#umbrella_atlas" },
				"up": { "uv": [ 8.25, 8, 9, 6.5 ], "texture": "#umbrella_atlas" },
				"north": { "uv": [ 9, 5, 8.25, 6.5 ], "texture": "#umbrella_atlas" },
				"south": { "uv": [ 2.25, 0, 3, 1.5 ], "texture": "#umbrella_atlas" },
				"west": { "uv": [ 8.25, 9.5, 9, 11 ], "texture": "#umbrella_atlas" },
				"east": { "uv": [ 2.25, 0, 1.5, 1.5 ], "texture": "#umbrella_atlas" }
			}
		},
		{
			"__comment": "Voxels",
			"from": [ 6, 16.5, 7.5 ],
			"to": [ 7.5, 20.5, 8.5 ],
			"faces": {
				"down": { "uv": [ 15, 14, 15.75, 15 ], "texture": "#umbrella_atlas" },
				"up": { "uv": [ 8.25, 3, 9, 2 ], "texture": "#umbrella_atlas" },
				"north": { "uv": [ 3, 1.5, 2.25, 5.5 ], "texture": "#umbrella_atlas" },
				"south": { "uv": [ 1.5, 1.5, 2.25, 5.5 ], "texture": "#umbrella_atlas" },
				"west": { "uv": [ 7.5, 7, 8, 11 ], "texture": "#umbrella_atlas" },
				"east": { "uv": [ 5.75, 3, 5.25, 7 ], "texture": "#umbrella_atlas" }
			}
		},
		{
			"__comment": "Voxels",
			"from": [ 6.5, -6, 7.5 ],
			"to": [ 7, -3, 8.5 ],
			"faces": {
				"down": { "uv": [ 6, 0, 6.25, 1 ], "texture": "#umbrella_atlas" },
				"up": { "uv": [ 10, 9.5, 10.25, 8.5 ], "texture": "#umbrella_atlas" },
				"north": { "uv": [ 9.25, 3, 9, 6 ], "texture": "#umbrella_atlas" },
				"south": { "uv": [ 1.25, 0, 1.5, 3 ], "texture": "#umbrella_atlas" },
				"west": { "uv": [ 0.75, 0, 1.25, 3 ], "texture": "#umbrella_atlas" },
				"east": { "uv": [ 3.5, 0, 3, 3 ], "texture": "#umbrella_atlas" }
			}
		},
		{
			"__comment": "Voxels",
			"from": [ 6.5, 1.5, 7 ],
			"to": [ 7.5, 5.5, 7.5 ],
			"faces": {
				"down": { "uv": [ 12, 11, 12.5, 11.5 ], "texture": "#umbrella_atlas" },
				"up": { "uv": [ 10, 10, 10.5, 9.5 ], "texture": "#umbrella_atlas" },
				"north": { "uv": [ 6.75, 6, 6.25, 10 ], "texture": "#umbrella_atlas" },
				"south": { "uv": [ 5.75, 3, 6.25, 7 ], "texture": "#umbrella_atlas" },
				"west": { "uv": [ 9, 6, 9.25, 10 ], "texture": "#umbrella_atlas" },
				"east": { "uv": [ 9.25, 10, 9, 14 ], "texture": "#umbrella_atlas" }
			}
		},
		{
			"__comment": "Voxels",
			"from": [ 6.5, 1.5, 8.5 ],
			"to": [ 7.5, 5.5, 9 ],
			"faces": {
				"down": { "uv": [ 10, 10, 10.5, 10.5 ], "texture": "#umbrella_atlas" },
				"up": { "uv": [ 14.25, 12, 14.75, 11.5 ], "texture": "#umbrella_atlas" },
				"north": { "uv": [ 8, 11, 7.5, 15 ], "texture": "#umbrella_atlas" },
				"south": { "uv": [ 6.75, 6, 7.25, 10 ], "texture": "#umbrella_atlas" },
				"west": { "uv": [ 8, 0, 8.25, 4 ], "texture": "#umbrella_atlas" },
				"east": { "uv": [ 7.5, 6, 7.25, 10 ], "texture": "#umbrella_atlas" }
			}
		},
		{
			"__comment": "Voxels",
			"from": [ 6.5, 12.5, 7.5 ],
			"to": [ 7, 14, 8.5 ],
			"faces": {
				"down": { "uv": [ 14.75, 11.5, 15, 12.5 ], "texture": "#umbrella_atlas" },
				"up": { "uv": [ 15, 12.5, 15.25, 11.5 ], "texture": "#umbrella_atlas" },
				"north": { "uv": [ 10, 4, 9.75, 5.5 ], "texture": "#umbrella_atlas" },
				"south": { "uv": [ 9.75, 2.5, 10, 4 ], "texture": "#umbrella_atlas" },
				"west": { "uv": [ 9.25, 11.5, 9.75, 13 ], "texture": "#umbrella_atlas" },
				"east": { "uv": [ 8.75, 0.5, 8.25, 2 ], "texture": "#umbrella_atlas" }
			}
		},
		{
			"__comment": "Voxels",
			"from": [ 6.5, 16, 7.5 ],
			"to": [ 7, 16.5, 8.5 ],
			"faces": {
				"down": { "uv": [ 15.25, 11.5, 15.5, 12.5 ], "texture": "#umbrella_atlas" },
				"up": { "uv": [ 15.5, 12.5, 15.75, 11.5 ], "texture": "#umbrella_atlas" },
				"north": { "uv": [ 10.25, 7.5, 10, 8 ], "texture": "#umbrella_atlas" },
				"south": { "uv": [ 10, 8, 10.25, 8.5 ], "texture": "#umbrella_atlas" },
				"west": { "uv": [ 12.5, 11, 13, 11.5 ], "texture": "#umbrella_atlas" },
				"east": { "uv": [ 13.5, 11, 13, 11.5 ], "texture": "#umbrella_atlas" }
			}
		},
		{
			"__comment": "Voxels",
			"from": [ 6.5, 20.5, 7.5 ],
			"to": [ 10.5, 21.5, 8.5 ],
			"faces": {
				"down": { "uv": [ 13.5, 15, 15.5, 16 ], "texture": "#umbrella_atlas" },
				"up": { "uv": [ 7.5, 16, 9.5, 15 ], "texture": "#umbrella_atlas" },
				"north": { "uv": [ 13.5, 15, 11.5, 16 ], "texture": "#umbrella_atlas" },
				"south": { "uv": [ 9.5, 15, 11.5, 16 ], "texture": "#umbrella_atlas" },
				"west": { "uv": [ 15.5, 15, 16, 16 ], "texture": "#umbrella_atlas" },
				"east": { "uv": [ 10.25, 11.5, 9.75, 12.5 ], "texture": "#umbrella_atlas" }
			}
		},
		{
			"__comment": "Voxels",
			"from": [ 7, 21.5, 7.5 ],
			"to": [ 10, 22, 8.5 ],
			"faces": {
				"down": { "uv": [ 9.5, 14, 11, 15 ], "texture": "#umbrella_atlas" },
				"up": { "uv": [ 8, 15, 9.5, 14 ], "texture": "#umbrella_atlas" },
				"north": { "uv": [ 12.25, 13.5, 10.75, 14 ], "texture": "#umbrella_atlas" },
				"south": { "uv": [ 10.75, 13, 12.25, 13.5 ], "texture": "#umbrella_atlas" },
				"west": { "uv": [ 9.25, 0, 9.75, 0.5 ], "texture": "#umbrella_atlas" },
				"east": { "uv": [ 14.75, 12, 14.25, 12.5 ], "texture": "#umbrella_atlas" }
			}
		},
		{
			"__comment": "Voxels",
			"from": [ 7.5, 5, 7.5 ],
			"to": [ 8, 10, 8.5 ],
			"faces": {
				"down": { "uv": [ 9, 0, 9.25, 1 ], "texture": "#umbrella_atlas" },
				"up": { "uv": [ 15.75, 15, 16, 14 ], "texture": "#umbrella_atlas" },
				"north": { "uv": [ 8.25, 4, 8, 9 ], "texture": "#umbrella_atlas" },
				"south": { "uv": [ 8, 9, 8.25, 14 ], "texture": "#umbrella_atlas" },
				"west": { "uv": [ 5.25, 7, 5.75, 12 ], "texture": "#umbrella_atlas" },
				"east": { "uv": [ 6.25, 7, 5.75, 12 ], "texture": "#umbrella_atlas" }
			}
		},
		{
			"__comment": "Voxels",
			"from": [ 7.5, 12, 7 ],
			"to": [ 8, 12.5, 9 ],
			"faces": {
				"down": { "uv": [ 8.75, 3, 9, 5 ], "texture": "#umbrella_atlas" },
				"up": { "uv": [ 9, 3, 9.25, 1 ], "texture": "#umbrella_atlas" },
				"north": { "uv": [ 10.5, 8.5, 10.25, 9 ], "texture": "#umbrella_atlas" },
				"south": { "uv": [ 10.25, 9, 10.5, 9.5 ], "texture": "#umbrella_atlas" },
				"west": { "uv": [ 9.75, 12.5, 10.75, 13 ], "texture": "#umbrella_atlas" },
				"east": { "uv": [ 11.75, 12.5, 10.75, 13 ], "texture": "#umbrella_atlas" }
			}
		},
		{
			"__comment": "Voxels",
			"from": [ 7.5, 12.5, 7.5 ],
			"to": [ 8.5, 14, 9 ],
			"faces": {
				"down": { "uv": [ 9.25, 10, 9.75, 11.5 ], "texture": "#umbrella_atlas" },
				"up": { "uv": [ 9.25, 10, 9.75, 8.5 ], "texture": "#umbrella_atlas" },
				"north": { "uv": [ 9.75, 7, 9.25, 8.5 ], "texture": "#umbrella_atlas" },
				"south": { "uv": [ 9.25, 5.5, 9.75, 7 ], "texture": "#umbrella_atlas" },
				"west": { "uv": [ 8.25, 12.5, 9, 14 ], "texture": "#umbrella_atlas" },
				"east": { "uv": [ 9, 11, 8.25, 12.5 ], "texture": "#umbrella_atlas" }
			}
		},
		{
			"__comment": "Voxels",
			"from": [ 7.5, 14, 8.5 ],
			"to": [ 8.5, 14.5, 9 ],
			"faces": {
				"down": { "uv": [ 10, 11, 10.5, 11.5 ], "texture": "#umbrella_atlas" },
				"up": { "uv": [ 10.5, 11.5, 11, 11 ], "texture": "#umbrella_atlas" },
				"north": { "uv": [ 11.5, 11, 11, 11.5 ], "texture": "#umbrella_atlas" },
				"south": { "uv": [ 11.5, 11, 12, 11.5 ], "texture": "#umbrella_atlas" },
				"west": { "uv": [ 10.25, 7.5, 10.5, 8 ], "texture": "#umbrella_atlas" },
				"east": { "uv": [ 10.5, 8, 10.25, 8.5 ], "texture": "#umbrella_atlas" }
			}
		},
		{
			"__comment": "Voxels",
			"from": [ 7.5, 14.5, 7.5 ],
			"to": [ 8, 16, 8.5 ],
			"faces": {
				"down": { "uv": [ 15.75, 11.5, 16, 12.5 ], "texture": "#umbrella_atlas" },
				"up": { "uv": [ 9.75, 1, 10, 0 ], "texture": "#umbrella_atlas" },
				"north": { "uv": [ 9, 0.5, 8.75, 2 ], "texture": "#umbrella_atlas" },
				"south": { "uv": [ 5, 0, 5.25, 1.5 ], "texture": "#umbrella_atlas" },
				"west": { "uv": [ 9.25, 4, 9.75, 5.5 ], "texture": "#umbrella_atlas" },
				"east": { "uv": [ 9.75, 2.5, 9.25, 4 ], "texture": "#umbrella_atlas" }
			}
		},
		{
			"__comment": "Voxels",
			"from": [ 9, 20, 7.5 ],
			"to": [ 10.5, 20.5, 8.5 ],
			"faces": {
				"down": { "uv": [ 12.25, 13, 13, 14 ], "texture": "#umbrella_atlas" },
				"up": { "uv": [ 13, 14, 13.75, 13 ], "texture": "#umbrella_atlas" },
				"north": { "uv": [ 16, 12.5, 15.25, 13 ], "texture": "#umbrella_atlas" },
				"south": { "uv": [ 12.75, 11.5, 13.5, 12 ], "texture": "#umbrella_atlas" },
				"west": { "uv": [ 14.5, 11, 15, 11.5 ], "texture": "#umbrella_atlas" },
				"east": { "uv": [ 15.5, 11, 15, 11.5 ], "texture": "#umbrella_atlas" }
			}
		},
		{
			"__comment": "Voxels",
			"from": [ 9.5, 19, 7.5 ],
			"to": [ 10.5, 20, 8.5 ],
			"faces": {
				"down": { "uv": [ 10.25, 11.5, 10.75, 12.5 ], "texture": "#umbrella_atlas" },
				"up": { "uv": [ 10.75, 12.5, 11.25, 11.5 ], "texture": "#umbrella_atlas" },
				"north": { "uv": [ 11.75, 11.5, 11.25, 12.5 ], "texture": "#umbrella_atlas" },
				"south": { "uv": [ 11.75, 11.5, 12.25, 12.5 ], "texture": "#umbrella_atlas" },
				"west": { "uv": [ 12.25, 11.5, 12.75, 12.5 ], "texture": "#umbrella_atlas" },
				"east": { "uv": [ 4, 0, 3.5, 1 ], "texture": "#umbrella_atlas" }
			}
		}
	],
	"display": {
		"thirdperson_righthand": {
			"rotation":  [ 0, -90, -90 ],
			"translation":  [ 0, 0, -6 ],
			"scale":  [ 0.6, 0.6, 0.6 ]
		},
		"thirdperson_lefthand": {
			"rotation":  [ 0, 90, 90 ],
			"translation":  [ 0, 0, -6 ],
			"scale":  [ 0.6, 0.6, 0.6 ]
		},
		"firstperson_righthand": {
			"rotation":  [ 20, -120, -5 ],
			"translation":  [ 0, -5, -1 ]
		},
		"firstperson_lefthand": {
			"rotation":  [ 20, 70, 5 ],
			"translation":  [ 0, -5, -1 ]
		},
		"gui": {
			"rotation":  [ 0, 0, 135 ],
			"scale":  [ 0.8, 0.8, 0.8 ]
		},
		"ground": {
			"rotation":  [ -58, 0, 0 ],
			"translation":  [ 0, 2, 0 ],
			"scale":  [ 0.6, 0.6, 0.6 ]
		},
		"fixed": {
			"rotation":  [ 0, 0, -135 ],
			"scale":  [ 0.9, 0.9, 0.9 ]
		}
	}
}