{
	"__comment": "Designed by Elo106 with Cubik Studio - https://cubik.studio",
	"textures": {
		"particle": "items/vshieldr",
		"texture": "items/vshieldr",
		"voxels_atlas": "items/vshieldr"
	},
	"elements": [ 	 
		{
			"__comment": "Voxels",
			"from": [ 2.5, 6.5, 6 ],
			"to": [ 3.5, 7, 6.5 ],
			"faces": {
				"down": { "uv": [ 8.75, 11.5, 9.25, 11.75 ], "texture": "#voxels_atlas" },
				"up": { "uv": [ 15.5, 14.5, 16, 14.25 ], "texture": "#voxels_atlas" },
				"north": { "uv": [ 16, 14, 15.5, 14.25 ], "texture": "#voxels_atlas" },
				"south": { "uv": [ 15.5, 12.5, 16, 12.75 ], "texture": "#voxels_atlas" },
				"west": { "uv": [ 15.75, 13.25, 16, 13.5 ], "texture": "#voxels_atlas" },
				"east": { "uv": [ 9.75, 10.75, 9.5, 11 ], "texture": "#voxels_atlas" }
			}
		},
		{
			"__comment": "Voxels",
			"from": [ 2.5, 6.5, 6.5 ],
			"to": [ 3, 7, 10 ],
			"faces": {
				"down": { "uv": [ 0, 7.5, 0.25, 9.25 ], "texture": "#voxels_atlas" },
				"up": { "uv": [ 0.25, 9.25, 0.5, 7.5 ], "texture": "#voxels_atlas" },
				"south": { "uv": [ 8.5, 10.75, 8.75, 11 ], "texture": "#voxels_atlas" },
				"west": { "uv": [ 1, 4.75, 2.75, 5 ], "texture": "#voxels_atlas" },
				"east": { "uv": [ 2.75, 4.5, 1, 4.75 ], "texture": "#voxels_atlas" }
			}
		},
		{
			"__comment": "Voxels",
			"from": [ 2.5, 7, 7 ],
			"to": [ 13.5, 7.5, 9 ],
			"faces": {
				"down": { "uv": [ 0, 15, 5.5, 16 ], "texture": "#voxels_atlas" },
				"up": { "uv": [ 5.5, 16, 11, 15 ], "texture": "#voxels_atlas" },
				"north": { "uv": [ 5.5, 13.75, 0, 14 ], "texture": "#voxels_atlas" },
				"south": { "uv": [ 5.5, 13.75, 11, 14 ], "texture": "#voxels_atlas" },
				"west": { "uv": [ 15, 13.5, 16, 13.75 ], "texture": "#voxels_atlas" },
				"east": { "uv": [ 15.75, 13.25, 14.75, 13.5 ], "texture": "#voxels_atlas" }
			}
		},
		{
			"__comment": "Voxels",
			"from": [ 2.5, 7.5, 6 ],
			"to": [ 3.5, 8, 6.5 ],
			"faces": {
				"down": { "uv": [ 3.5, 10.5, 4, 10.75 ], "texture": "#voxels_atlas" },
				"up": { "uv": [ 3.5, 10.5, 4, 10.25 ], "texture": "#voxels_atlas" },
				"north": { "uv": [ 4, 10, 3.5, 10.25 ], "texture": "#voxels_atlas" },
				"south": { "uv": [ 3.5, 9.75, 4, 10 ], "texture": "#voxels_atlas" },
				"west": { "uv": [ 8.25, 10.75, 8.5, 11 ], "texture": "#voxels_atlas" },
				"east": { "uv": [ 8.25, 10.75, 8, 11 ], "texture": "#voxels_atlas" }
			}
		},
		{
			"__comment": "Voxels",
			"from": [ 2.5, 7.5, 6.5 ],
			"to": [ 3, 8, 10 ],
			"faces": {
				"down": { "uv": [ 0.5, 7.5, 0.75, 9.25 ], "texture": "#voxels_atlas" },
				"up": { "uv": [ 0.75, 9.25, 1, 7.5 ], "texture": "#voxels_atlas" },
				"south": { "uv": [ 7, 10.75, 7.25, 11 ], "texture": "#voxels_atlas" },
				"west": { "uv": [ 1, 5.5, 2.75, 5.75 ], "texture": "#voxels_atlas" },
				"east": { "uv": [ 2.75, 5.25, 1, 5.5 ], "texture": "#voxels_atlas" }
			}
		},
		{
			"__comment": "Voxels",
			"from": [ 3, 6.5, 5 ],
			"to": [ 4, 7, 5.5 ],
			"faces": {
				"down": { "uv": [ 3.5, 9.5, 4, 9.75 ], "texture": "#voxels_atlas" },
				"up": { "uv": [ 3.5, 9.5, 4, 9.25 ], "texture": "#voxels_atlas" },
				"north": { "uv": [ 4, 9, 3.5, 9.25 ], "texture": "#voxels_atlas" },
				"south": { "uv": [ 3.5, 5.5, 4, 5.75 ], "texture": "#voxels_atlas" },
				"west": { "uv": [ 4.75, 8.5, 5, 8.75 ], "texture": "#voxels_atlas" },
				"east": { "uv": [ 5, 8.75, 4.75, 9 ], "texture": "#voxels_atlas" }
			}
		},
		{
			"__comment": "Voxels",
			"from": [ 3, 6.5, 5.5 ],
			"to": [ 3.5, 8, 6 ],
			"faces": {
				"down": { "uv": [ 4.75, 9.5, 5, 9.75 ], "texture": "#voxels_atlas" },
				"up": { "uv": [ 4.75, 10, 5, 9.75 ], "texture": "#voxels_atlas" },
				"north": { "uv": [ 4.25, 9, 4, 9.75 ], "texture": "#voxels_atlas" },
				"south": { "uv": [ 4, 9.75, 4.25, 10.5 ], "texture": "#voxels_atlas" },
				"west": { "uv": [ 4, 10.5, 4.25, 11.25 ], "texture": "#voxels_atlas" },
				"east": { "uv": [ 4.25, 11.25, 4, 12 ], "texture": "#voxels_atlas" }
			}
		},
		{
			"__comment": "Voxels",
			"from": [ 3, 6.5, 9.5 ],
			"to": [ 3.5, 8, 10.5 ],
			"faces": {
				"down": { "uv": [ 4, 7.75, 4.25, 8.25 ], "texture": "#voxels_atlas" },
				"up": { "uv": [ 4, 7.75, 4.25, 7.25 ], "texture": "#voxels_atlas" },
				"north": { "uv": [ 3, 0.25, 2.75, 1 ], "texture": "#voxels_atlas" },
				"south": { "uv": [ 1.75, 0.75, 2, 1.5 ], "texture": "#voxels_atlas" },
				"west": { "uv": [ 0.5, 5, 1, 5.75 ], "texture": "#voxels_atlas" },
				"east": { "uv": [ 0.5, 5, 0, 5.75 ], "texture": "#voxels_atlas" }
			}
		},
		{
			"__comment": "Voxels",
			"from": [ 3, 6.5, 10.5 ],
			"to": [ 4, 7, 11 ],
			"faces": {
				"down": { "uv": [ 3.5, 5.25, 4, 5.5 ], "texture": "#voxels_atlas" },
				"up": { "uv": [ 3.5, 5.25, 4, 5 ], "texture": "#voxels_atlas" },
				"north": { "uv": [ 4, 4.75, 3.5, 5 ], "texture": "#voxels_atlas" },
				"south": { "uv": [ 3.5, 4.5, 4, 4.75 ], "texture": "#voxels_atlas" },
				"west": { "uv": [ 12.25, 11, 12.5, 11.25 ], "texture": "#voxels_atlas" },
				"east": { "uv": [ 12.25, 11, 12, 11.25 ], "texture": "#voxels_atlas" }
			}
		},
		{
			"__comment": "Voxels",
			"from": [ 3, 7, 6 ],
			"to": [ 13, 7.5, 7 ],
			"faces": {
				"down": { "uv": [ 11, 15, 16, 15.5 ], "texture": "#voxels_atlas" },
				"up": { "uv": [ 11, 16, 16, 15.5 ], "texture": "#voxels_atlas" },
				"north": { "uv": [ 5, 13.5, 0, 13.75 ], "texture": "#voxels_atlas" },
				"west": { "uv": [ 3.5, 4.25, 4, 4.5 ], "texture": "#voxels_atlas" },
				"east": { "uv": [ 4, 4, 3.5, 4.25 ], "texture": "#voxels_atlas" }
			}
		},
		{
			"__comment": "Voxels",
			"from": [ 3, 7, 9 ],
			"to": [ 13, 7.5, 9.5 ],
			"faces": {
				"down": { "uv": [ 0, 13.25, 5, 13.5 ], "texture": "#voxels_atlas" },
				"up": { "uv": [ 11, 14, 16, 13.75 ], "texture": "#voxels_atlas" },
				"south": { "uv": [ 10, 13.5, 15, 13.75 ], "texture": "#voxels_atlas" },
				"west": { "uv": [ 11.75, 11, 12, 11.25 ], "texture": "#voxels_atlas" },
				"east": { "uv": [ 11.75, 11, 11.5, 11.25 ], "texture": "#voxels_atlas" }
			}
		},
		{
			"__comment": "Voxels",
			"from": [ 3, 7.5, 5 ],
			"to": [ 4, 8, 5.5 ],
			"faces": {
				"down": { "uv": [ 3.5, 3.75, 4, 4 ], "texture": "#voxels_atlas" },
				"up": { "uv": [ 3.5, 3.75, 4, 3.5 ], "texture": "#voxels_atlas" },
				"north": { "uv": [ 4, 3.25, 3.5, 3.5 ], "texture": "#voxels_atlas" },
				"south": { "uv": [ 3.5, 2.25, 4, 2.5 ], "texture": "#voxels_atlas" },
				"west": { "uv": [ 4.25, 0, 4.5, 0.25 ], "texture": "#voxels_atlas" },
				"east": { "uv": [ 4.5, 0.25, 4.25, 0.5 ], "texture": "#voxels_atlas" }
			}
		},
		{
			"__comment": "Voxels",
			"from": [ 3, 7.5, 10.5 ],
			"to": [ 4, 8, 11 ],
			"faces": {
				"down": { "uv": [ 3.5, 2, 4, 2.25 ], "texture": "#voxels_atlas" },
				"up": { "uv": [ 3.5, 2, 4, 1.75 ], "texture": "#voxels_atlas" },
				"north": { "uv": [ 4, 1.5, 3.5, 1.75 ], "texture": "#voxels_atlas" },
				"south": { "uv": [ 3.5, 1.25, 4, 1.5 ], "texture": "#voxels_atlas" },
				"west": { "uv": [ 4.25, 0.5, 4.5, 0.75 ], "texture": "#voxels_atlas" },
				"east": { "uv": [ 4.5, 0.75, 4.25, 1 ], "texture": "#voxels_atlas" }
			}
		},
		{
			"__comment": "Voxels",
			"from": [ 3.5, 6.5, 4 ],
			"to": [ 4.5, 7, 4.5 ],
			"faces": {
				"down": { "uv": [ 3.5, 1, 4, 1.25 ], "texture": "#voxels_atlas" },
				"up": { "uv": [ 11.75, 12, 12.25, 11.75 ], "texture": "#voxels_atlas" },
				"north": { "uv": [ 12.75, 11.75, 12.25, 12 ], "texture": "#voxels_atlas" },
				"south": { "uv": [ 12.75, 11.75, 13.25, 12 ], "texture": "#voxels_atlas" },
				"west": { "uv": [ 4.25, 1.5, 4.5, 1.75 ], "texture": "#voxels_atlas" },
				"east": { "uv": [ 4.5, 1.75, 4.25, 2 ], "texture": "#voxels_atlas" }
			}
		},
		{
			"__comment": "Voxels",
			"from": [ 3.5, 6.5, 4.5 ],
			"to": [ 4, 7, 5 ],
			"faces": {
				"down": { "uv": [ 4.25, 2, 4.5, 2.25 ], "texture": "#voxels_atlas" },
				"up": { "uv": [ 4.25, 2.5, 4.5, 2.25 ], "texture": "#voxels_atlas" },
				"west": { "uv": [ 4.25, 3.5, 4.5, 3.75 ], "texture": "#voxels_atlas" },
				"east": { "uv": [ 4.5, 3.75, 4.25, 4 ], "texture": "#voxels_atlas" }
			}
		},
		{
			"__comment": "Voxels",
			"from": [ 3.5, 6.5, 11 ],
			"to": [ 4, 7, 12 ],
			"faces": {
				"down": { "uv": [ 4, 6.75, 4.25, 7.25 ], "texture": "#voxels_atlas" },
				"up": { "uv": [ 4, 6.75, 4.25, 6.25 ], "texture": "#voxels_atlas" },
				"south": { "uv": [ 15.75, 11.75, 16, 12 ], "texture": "#voxels_atlas" },
				"west": { "uv": [ 13.25, 11.75, 13.75, 12 ], "texture": "#voxels_atlas" },
				"east": { "uv": [ 14.25, 11.75, 13.75, 12 ], "texture": "#voxels_atlas" }
			}
		},
		{
			"__comment": "Voxels",
			"from": [ 3.5, 7, 5 ],
			"to": [ 12.5, 7.5, 6 ],
			"faces": {
				"down": { "uv": [ 9.5, 14.5, 14, 15 ], "texture": "#voxels_atlas" },
				"up": { "uv": [ 0, 14.5, 4.5, 14 ], "texture": "#voxels_atlas" },
				"north": { "uv": [ 4.5, 12.75, 0, 13 ], "texture": "#voxels_atlas" },
				"west": { "uv": [ 14.25, 11.75, 14.75, 12 ], "texture": "#voxels_atlas" },
				"east": { "uv": [ 15.25, 11.75, 14.75, 12 ], "texture": "#voxels_atlas" }
			}
		},
		{
			"__comment": "Voxels",
			"from": [ 3.5, 7, 9.5 ],
			"to": [ 13, 7.5, 10.5 ],
			"faces": {
				"down": { "uv": [ 4.75, 14.5, 9.5, 15 ], "texture": "#voxels_atlas" },
				"up": { "uv": [ 0, 15, 4.75, 14.5 ], "texture": "#voxels_atlas" },
				"south": { "uv": [ 0, 13, 4.75, 13.25 ], "texture": "#voxels_atlas" },
				"east": { "uv": [ 4.75, 11.5, 4.25, 11.75 ], "texture": "#voxels_atlas" }
			}
		},
		{
			"__comment": "Voxels",
			"from": [ 3.5, 7, 10.5 ],
			"to": [ 12.5, 7.5, 11 ],
			"faces": {
				"down": { "uv": [ 0, 12.5, 4.5, 12.75 ], "texture": "#voxels_atlas" },
				"up": { "uv": [ 9, 13, 13.5, 12.75 ], "texture": "#voxels_atlas" },
				"south": { "uv": [ 9.25, 13, 13.75, 13.25 ], "texture": "#voxels_atlas" },
				"west": { "uv": [ 4, 0, 4.25, 0.25 ], "texture": "#voxels_atlas" },
				"east": { "uv": [ 4, 0, 3.75, 0.25 ], "texture": "#voxels_atlas" }
			}
		},
		{
			"__comment": "Voxels",
			"from": [ 3.5, 7.5, 4 ],
			"to": [ 4.5, 8, 4.5 ],
			"faces": {
				"down": { "uv": [ 4.75, 11.5, 5.25, 11.75 ], "texture": "#voxels_atlas" },
				"up": { "uv": [ 5.25, 11.75, 5.75, 11.5 ], "texture": "#voxels_atlas" },
				"north": { "uv": [ 6.25, 11.5, 5.75, 11.75 ], "texture": "#voxels_atlas" },
				"south": { "uv": [ 6.25, 11.5, 6.75, 11.75 ], "texture": "#voxels_atlas" },
				"west": { "uv": [ 3.75, 0.75, 4, 1 ], "texture": "#voxels_atlas" },
				"east": { "uv": [ 3, 0, 2.75, 0.25 ], "texture": "#voxels_atlas" }
			}
		},
		{
			"__comment": "Voxels",
			"from": [ 3.5, 7.5, 4.5 ],
			"to": [ 4, 8, 5 ],
			"faces": {
				"down": { "uv": [ 1, 0, 1.25, 0.25 ], "texture": "#voxels_atlas" },
				"up": { "uv": [ 3.75, 6, 4, 5.75 ], "texture": "#voxels_atlas" },
				"west": { "uv": [ 3.75, 7, 4, 7.25 ], "texture": "#voxels_atlas" },
				"east": { "uv": [ 4, 7.25, 3.75, 7.5 ], "texture": "#voxels_atlas" }
			}
		},
		{
			"__comment": "Voxels",
			"from": [ 3.5, 7.5, 11 ],
			"to": [ 4, 8, 12 ],
			"faces": {
				"down": { "uv": [ 4, 5.75, 4.25, 6.25 ], "texture": "#voxels_atlas" },
				"up": { "uv": [ 4, 5.75, 4.25, 5.25 ], "texture": "#voxels_atlas" },
				"south": { "uv": [ 3.75, 8.25, 4, 8.5 ], "texture": "#voxels_atlas" },
				"west": { "uv": [ 6.75, 11.5, 7.25, 11.75 ], "texture": "#voxels_atlas" },
				"east": { "uv": [ 7.75, 11.5, 7.25, 11.75 ], "texture": "#voxels_atlas" }
			}
		},
		{
			"__comment": "Voxels",
			"from": [ 4, 6.5, 3.5 ],
			"to": [ 5.5, 7, 4 ],
			"faces": {
				"down": { "uv": [ 2.75, 5.25, 3.5, 5.5 ], "texture": "#voxels_atlas" },
				"up": { "uv": [ 2.75, 5.25, 3.5, 5 ], "texture": "#voxels_atlas" },
				"north": { "uv": [ 3.5, 4.75, 2.75, 5 ], "texture": "#voxels_atlas" },
				"south": { "uv": [ 2.75, 4.5, 3.5, 4.75 ], "texture": "#voxels_atlas" },
				"west": { "uv": [ 3.75, 8.5, 4, 8.75 ], "texture": "#voxels_atlas" },
				"east": { "uv": [ 4, 8.75, 3.75, 9 ], "texture": "#voxels_atlas" }
			}
		},
		{
			"__comment": "Voxels",
			"from": [ 4, 6.5, 11.5 ],
			"to": [ 4.5, 8, 12 ],
			"faces": {
				"down": { "uv": [ 4.5, 1.5, 4.75, 1.75 ], "texture": "#voxels_atlas" },
				"up": { "uv": [ 4.5, 2, 4.75, 1.75 ], "texture": "#voxels_atlas" },
				"north": { "uv": [ 1.25, 0.25, 1, 1 ], "texture": "#voxels_atlas" },
				"south": { "uv": [ 1, 1.75, 1.25, 2.5 ], "texture": "#voxels_atlas" },
				"west": { "uv": [ 1, 1, 1.25, 1.75 ], "texture": "#voxels_atlas" },
				"east": { "uv": [ 4.25, 8.25, 4, 9 ], "texture": "#voxels_atlas" }
			}
		},
		{
			"__comment": "Voxels",
			"from": [ 4, 6.5, 12 ],
			"to": [ 5.5, 7, 12.5 ],
			"faces": {
				"down": { "uv": [ 2.75, 3.25, 3.5, 3.5 ], "texture": "#voxels_atlas" },
				"up": { "uv": [ 1.25, 2.5, 2, 2.25 ], "texture": "#voxels_atlas" },
				"north": { "uv": [ 2.75, 2.25, 2, 2.5 ], "texture": "#voxels_atlas" },
				"south": { "uv": [ 2.75, 2.25, 3.5, 2.5 ], "texture": "#voxels_atlas" },
				"west": { "uv": [ 4.5, 2, 4.75, 2.25 ], "texture": "#voxels_atlas" },
				"east": { "uv": [ 4.75, 2.25, 4.5, 2.5 ], "texture": "#voxels_atlas" }
			}
		},
		{
			"__comment": "Voxels",
			"from": [ 4, 7, 4 ],
			"to": [ 12, 7.5, 5 ],
			"faces": {
				"down": { "uv": [ 8.5, 14, 12.5, 14.5 ], "texture": "#voxels_atlas" },
				"up": { "uv": [ 4.5, 14.5, 8.5, 14 ], "texture": "#voxels_atlas" },
				"north": { "uv": [ 12.5, 12.5, 8.5, 12.75 ], "texture": "#voxels_atlas" },
				"west": { "uv": [ 7.75, 11.5, 8.25, 11.75 ], "texture": "#voxels_atlas" },
				"east": { "uv": [ 8.75, 11.5, 8.25, 11.75 ], "texture": "#voxels_atlas" }
			}
		},
		{
			"__comment": "Voxels",
			"from": [ 4, 7, 11 ],
			"to": [ 12, 7.5, 11.5 ],
			"faces": {
				"down": { "uv": [ 12, 12.25, 16, 12.5 ], "texture": "#voxels_atlas" },
				"up": { "uv": [ 8, 12.5, 12, 12.25 ], "texture": "#voxels_atlas" },
				"south": { "uv": [ 0, 12.25, 4, 12.5 ], "texture": "#voxels_atlas" },
				"west": { "uv": [ 4.5, 3, 4.75, 3.25 ], "texture": "#voxels_atlas" },
				"east": { "uv": [ 4.75, 3.25, 4.5, 3.5 ], "texture": "#voxels_atlas" }
			}
		},
		{
			"__comment": "Voxels",
			"from": [ 4, 7.5, 3.5 ],
			"to": [ 5.5, 8, 4 ],
			"faces": {
				"down": { "uv": [ 2, 1.5, 2.75, 1.75 ], "texture": "#voxels_atlas" },
				"up": { "uv": [ 2.75, 1.75, 3.5, 1.5 ], "texture": "#voxels_atlas" },
				"north": { "uv": [ 2.75, 1.25, 2, 1.5 ], "texture": "#voxels_atlas" },
				"south": { "uv": [ 3, 0.25, 3.75, 0.5 ], "texture": "#voxels_atlas" },
				"west": { "uv": [ 4.5, 5.5, 4.75, 5.75 ], "texture": "#voxels_atlas" },
				"east": { "uv": [ 4.75, 5.75, 4.5, 6 ], "texture": "#voxels_atlas" }
			}
		},
		{
			"__comment": "Voxels",
			"from": [ 4, 7.5, 12 ],
			"to": [ 5.5, 8, 12.5 ],
			"faces": {
				"down": { "uv": [ 2, 0.5, 2.75, 0.75 ], "texture": "#voxels_atlas" },
				"up": { "uv": [ 2, 0.5, 2.75, 0.25 ], "texture": "#voxels_atlas" },
				"north": { "uv": [ 2.75, 0, 2, 0.25 ], "texture": "#voxels_atlas" },
				"south": { "uv": [ 2.75, 1, 3.5, 1.25 ], "texture": "#voxels_atlas" },
				"west": { "uv": [ 4.5, 6, 4.75, 6.25 ], "texture": "#voxels_atlas" },
				"east": { "uv": [ 4.75, 6.25, 4.5, 6.5 ], "texture": "#voxels_atlas" }
			}
		},
		{
			"__comment": "Voxels",
			"from": [ 4.5, 7, 11.5 ],
			"to": [ 12, 7.5, 12 ],
			"faces": {
				"down": { "uv": [ 12.25, 12, 16, 12.25 ], "texture": "#voxels_atlas" },
				"up": { "uv": [ 8.5, 12.25, 12.25, 12 ], "texture": "#voxels_atlas" },
				"south": { "uv": [ 1, 12, 4.75, 12.25 ], "texture": "#voxels_atlas" },
				"east": { "uv": [ 4.75, 7.75, 4.5, 8 ], "texture": "#voxels_atlas" }
			}
		},
		{
			"__comment": "Voxels",
			"from": [ 5, 6.5, 3 ],
			"to": [ 6.5, 7, 3.5 ],
			"faces": {
				"down": { "uv": [ 4.25, 11.75, 5, 12 ], "texture": "#voxels_atlas" },
				"up": { "uv": [ 5, 12, 5.75, 11.75 ], "texture": "#voxels_atlas" },
				"north": { "uv": [ 6.5, 11.75, 5.75, 12 ], "texture": "#voxels_atlas" },
				"south": { "uv": [ 6.5, 11.75, 7.25, 12 ], "texture": "#voxels_atlas" },
				"west": { "uv": [ 4.5, 8.5, 4.75, 8.75 ], "texture": "#voxels_atlas" },
				"east": { "uv": [ 5, 4.25, 4.75, 4.5 ], "texture": "#voxels_atlas" }
			}
		},
		{
			"__comment": "Voxels",
			"from": [ 5, 6.5, 12.5 ],
			"to": [ 6.5, 7, 13 ],
			"faces": {
				"down": { "uv": [ 8, 11.75, 8.75, 12 ], "texture": "#voxels_atlas" },
				"up": { "uv": [ 8.75, 12, 9.5, 11.75 ], "texture": "#voxels_atlas" },
				"north": { "uv": [ 10.25, 11.75, 9.5, 12 ], "texture": "#voxels_atlas" },
				"south": { "uv": [ 10.25, 11.75, 11, 12 ], "texture": "#voxels_atlas" },
				"west": { "uv": [ 4.5, 8.75, 4.75, 9 ], "texture": "#voxels_atlas" },
				"east": { "uv": [ 4.75, 10, 4.5, 10.25 ], "texture": "#voxels_atlas" }
			}
		},
		{
			"__comment": "Voxels",
			"from": [ 5, 7, 3.5 ],
			"to": [ 11, 7.5, 4 ],
			"faces": {
				"down": { "uv": [ 12.5, 14.25, 15.5, 14.5 ], "texture": "#voxels_atlas" },
				"up": { "uv": [ 12.5, 14.25, 15.5, 14 ], "texture": "#voxels_atlas" },
				"north": { "uv": [ 15.5, 12.5, 12.5, 12.75 ], "texture": "#voxels_atlas" },
				"west": { "uv": [ 4.5, 10.25, 4.75, 10.5 ], "texture": "#voxels_atlas" },
				"east": { "uv": [ 4.75, 10.5, 4.5, 10.75 ], "texture": "#voxels_atlas" }
			}
		},
		{
			"__comment": "Voxels",
			"from": [ 5, 7, 12 ],
			"to": [ 11, 7.5, 12.5 ],
			"faces": {
				"down": { "uv": [ 1, 10.75, 4, 11 ], "texture": "#voxels_atlas" },
				"up": { "uv": [ 1, 11.75, 4, 11.5 ], "texture": "#voxels_atlas" },
				"south": { "uv": [ 1, 11, 4, 11.25 ], "texture": "#voxels_atlas" },
				"west": { "uv": [ 4.5, 10.75, 4.75, 11 ], "texture": "#voxels_atlas" },
				"east": { "uv": [ 1, 0, 0.75, 0.25 ], "texture": "#voxels_atlas" }
			}
		},
		{
			"__comment": "Voxels",
			"from": [ 5, 7.5, 3 ],
			"to": [ 6.5, 8, 3.5 ],
			"faces": {
				"down": { "uv": [ 3, 0.5, 3.75, 0.75 ], "texture": "#voxels_atlas" },
				"up": { "uv": [ 3, 1, 3.75, 0.75 ], "texture": "#voxels_atlas" },
				"north": { "uv": [ 2, 0.25, 1.25, 0.5 ], "texture": "#voxels_atlas" },
				"south": { "uv": [ 1.25, 0.5, 2, 0.75 ], "texture": "#voxels_atlas" },
				"west": { "uv": [ 0.75, 0.25, 1, 0.5 ], "texture": "#voxels_atlas" },
				"east": { "uv": [ 1, 0.5, 0.75, 0.75 ], "texture": "#voxels_atlas" }
			}
		},
		{
			"__comment": "Voxels",
			"from": [ 5, 7.5, 12.5 ],
			"to": [ 6.5, 8, 13 ],
			"faces": {
				"down": { "uv": [ 2.75, 2, 3.5, 2.25 ], "texture": "#voxels_atlas" },
				"up": { "uv": [ 2, 2.25, 2.75, 2 ], "texture": "#voxels_atlas" },
				"north": { "uv": [ 3.5, 3.75, 2.75, 4 ], "texture": "#voxels_atlas" },
				"south": { "uv": [ 3, 6.5, 3.75, 6.75 ], "texture": "#voxels_atlas" },
				"west": { "uv": [ 0.75, 0.75, 1, 1 ], "texture": "#voxels_atlas" },
				"east": { "uv": [ 5, 0.25, 4.75, 0.5 ], "texture": "#voxels_atlas" }
			}
		},
		{
			"__comment": "Voxels",
			"from": [ 5.5, 7, 3 ],
			"to": [ 10.5, 7.5, 3.5 ],
			"faces": {
				"down": { "uv": [ 1, 9.75, 3.5, 10 ], "texture": "#voxels_atlas" },
				"up": { "uv": [ 13.5, 13, 16, 12.75 ], "texture": "#voxels_atlas" },
				"north": { "uv": [ 3.5, 10.5, 1, 10.75 ], "texture": "#voxels_atlas" },
				"west": { "uv": [ 4.75, 0.5, 5, 0.75 ], "texture": "#voxels_atlas" },
				"east": { "uv": [ 5, 2.25, 4.75, 2.5 ], "texture": "#voxels_atlas" }
			}
		},
		{
			"__comment": "Voxels",
			"from": [ 5.5, 7, 12.5 ],
			"to": [ 10.5, 7.5, 13 ],
			"faces": {
				"down": { "uv": [ 1, 9.5, 3.5, 9.75 ], "texture": "#voxels_atlas" },
				"up": { "uv": [ 1, 9.5, 3.5, 9.25 ], "texture": "#voxels_atlas" },
				"south": { "uv": [ 1, 9, 3.5, 9.25 ], "texture": "#voxels_atlas" },
				"west": { "uv": [ 4.75, 4, 5, 4.25 ], "texture": "#voxels_atlas" },
				"east": { "uv": [ 5, 8, 4.75, 8.25 ], "texture": "#voxels_atlas" }
			}
		},
		{
			"__comment": "Voxels",
			"from": [ 6, 5.5, 6 ],
			"to": [ 9.5, 6, 6.5 ],
			"faces": {
				"down": { "uv": [ 1, 4.25, 2.75, 4.5 ], "texture": "#voxels_atlas" },
				"up": { "uv": [ 1, 4.25, 2.75, 4 ], "texture": "#voxels_atlas" },
				"north": { "uv": [ 2.75, 3.75, 1, 4 ], "texture": "#voxels_atlas" },
				"south": { "uv": [ 1, 5, 2.75, 5.25 ], "texture": "#voxels_atlas" },
				"west": { "uv": [ 4.75, 8.25, 5, 8.5 ], "texture": "#voxels_atlas" },
				"east": { "uv": [ 5, 10.25, 4.75, 10.5 ], "texture": "#voxels_atlas" }
			}
		},
		{
			"__comment": "Voxels",
			"from": [ 6, 6, 6 ],
			"to": [ 6.5, 7, 6.5 ],
			"faces": {
				"north": { "uv": [ 4.25, 4.75, 4, 5.25 ], "texture": "#voxels_atlas" },
				"south": { "uv": [ 4, 4.25, 4.25, 4.75 ], "texture": "#voxels_atlas" },
				"west": { "uv": [ 4, 3.75, 4.25, 4.25 ], "texture": "#voxels_atlas" },
				"east": { "uv": [ 4.25, 3.25, 4, 3.75 ], "texture": "#voxels_atlas" }
			}
		},
		{
			"__comment": "Voxels",
			"from": [ 6, 6.5, 2.5 ],
			"to": [ 10, 7, 3 ],
			"faces": {
				"down": { "uv": [ 1, 8, 3, 8.25 ], "texture": "#voxels_atlas" },
				"up": { "uv": [ 1, 8.75, 3, 8.5 ], "texture": "#voxels_atlas" },
				"north": { "uv": [ 3, 6.75, 1, 7 ], "texture": "#voxels_atlas" },
				"south": { "uv": [ 1, 7, 3, 7.25 ], "texture": "#voxels_atlas" },
				"west": { "uv": [ 14.75, 11, 15, 11.25 ], "texture": "#voxels_atlas" },
				"east": { "uv": [ 14.75, 11, 14.5, 11.25 ], "texture": "#voxels_atlas" }
			}
		},
		{
			"__comment": "Voxels",
			"from": [ 6, 6.5, 13 ],
			"to": [ 10, 7, 13.5 ],
			"faces": {
				"down": { "uv": [ 13.75, 13, 15.75, 13.25 ], "texture": "#voxels_atlas" },
				"up": { "uv": [ 1, 7.75, 3, 7.5 ], "texture": "#voxels_atlas" },
				"north": { "uv": [ 3, 7.25, 1, 7.5 ], "texture": "#voxels_atlas" },
				"south": { "uv": [ 1, 6.5, 3, 6.75 ], "texture": "#voxels_atlas" },
				"west": { "uv": [ 15.25, 11, 15.5, 11.25 ], "texture": "#voxels_atlas" },
				"east": { "uv": [ 4.75, 1.25, 4.5, 1.5 ], "texture": "#voxels_atlas" }
			}
		},
		{
			"__comment": "Voxels",
			"from": [ 6, 7.5, 2.5 ],
			"to": [ 10, 8, 3 ],
			"faces": {
				"down": { "uv": [ 1, 6, 3, 6.25 ], "texture": "#voxels_atlas" },
				"up": { "uv": [ 1, 6, 3, 5.75 ], "texture": "#voxels_atlas" },
				"north": { "uv": [ 3, 7.75, 1, 8 ], "texture": "#voxels_atlas" },
				"south": { "uv": [ 1, 8.75, 3, 9 ], "texture": "#voxels_atlas" },
				"west": { "uv": [ 4.75, 7.75, 5, 8 ], "texture": "#voxels_atlas" },
				"east": { "uv": [ 5, 4.5, 4.75, 4.75 ], "texture": "#voxels_atlas" }
			}
		},
		{
			"__comment": "Voxels",
			"from": [ 6, 7.5, 13 ],
			"to": [ 10, 8, 13.5 ],
			"faces": {
				"down": { "uv": [ 1, 8.25, 3, 8.5 ], "texture": "#voxels_atlas" },
				"up": { "uv": [ 14, 14.75, 16, 14.5 ], "texture": "#voxels_atlas" },
				"north": { "uv": [ 16, 14.75, 14, 15 ], "texture": "#voxels_atlas" },
				"south": { "uv": [ 1, 6.25, 3, 6.5 ], "texture": "#voxels_atlas" },
				"west": { "uv": [ 4.75, 0, 5, 0.25 ], "texture": "#voxels_atlas" },
				"east": { "uv": [ 16, 13, 15.75, 13.25 ], "texture": "#voxels_atlas" }
			}
		},
		{
			"__comment": "Voxels",
			"from": [ 6.5, 5.5, 10 ],
			"to": [ 9.5, 6, 10.5 ],
			"faces": {
				"down": { "uv": [ 1, 2.75, 2.5, 3 ], "texture": "#voxels_atlas" },
				"up": { "uv": [ 2.5, 3, 4, 2.75 ], "texture": "#voxels_atlas" },
				"north": { "uv": [ 4, 2.5, 2.5, 2.75 ], "texture": "#voxels_atlas" },
				"south": { "uv": [ 2.5, 3, 4, 3.25 ], "texture": "#voxels_atlas" },
				"west": { "uv": [ 13, 11, 13.25, 11.25 ], "texture": "#voxels_atlas" },
				"east": { "uv": [ 13.5, 11, 13.25, 11.25 ], "texture": "#voxels_atlas" }
			}
		},
		{
			"__comment": "Voxels",
			"from": [ 6.5, 6, 10 ],
			"to": [ 7, 7, 10.5 ],
			"faces": {
				"north": { "uv": [ 4.25, 2.75, 4, 3.25 ], "texture": "#voxels_atlas" },
				"south": { "uv": [ 4, 2.25, 4.25, 2.75 ], "texture": "#voxels_atlas" },
				"west": { "uv": [ 4, 1.75, 4.25, 2.25 ], "texture": "#voxels_atlas" },
				"east": { "uv": [ 4.25, 1.25, 4, 1.75 ], "texture": "#voxels_atlas" }
			}
		},
		{
			"__comment": "Voxels",
			"from": [ 7, 7, 2.5 ],
			"to": [ 9, 7.5, 3 ],
			"faces": {
				"north": { "uv": [ 1, 4.75, 0, 5 ], "texture": "#voxels_atlas" },
				"west": { "uv": [ 4.5, 9.25, 4.75, 9.5 ], "texture": "#voxels_atlas" },
				"east": { "uv": [ 4.75, 9, 4.5, 9.25 ], "texture": "#voxels_atlas" }
			}
		},
		{
			"__comment": "Voxels",
			"from": [ 7, 7, 13 ],
			"to": [ 9, 7.5, 13.5 ],
			"faces": {
				"south": { "uv": [ 0, 2.75, 1, 3 ], "texture": "#voxels_atlas" },
				"west": { "uv": [ 4.5, 6.75, 4.75, 7 ], "texture": "#voxels_atlas" },
				"east": { "uv": [ 4.75, 6.5, 4.5, 6.75 ], "texture": "#voxels_atlas" }
			}
		},
		{
			"__comment": "Voxels",
			"from": [ 7, 7.5, 7 ],
			"to": [ 9, 8, 9 ],
			"faces": {
				"up": { "uv": [ 0, 11.25, 1, 10.25 ], "texture": "#voxels_atlas" },
				"north": { "uv": [ 1, 3.5, 0, 3.75 ], "texture": "#voxels_atlas" },
				"south": { "uv": [ 0, 2.5, 1, 2.75 ], "texture": "#voxels_atlas" },
				"west": { "uv": [ 0, 3, 1, 3.25 ], "texture": "#voxels_atlas" },
				"east": { "uv": [ 1, 3.25, 0, 3.5 ], "texture": "#voxels_atlas" }
			}
		},
		{
			"__comment": "Voxels",
			"from": [ 7, 8, 7.5 ],
			"to": [ 9, 8.5, 8.5 ],
			"faces": {
				"up": { "uv": [ 0, 9.75, 1, 9.25 ], "texture": "#voxels_atlas" },
				"north": { "uv": [ 1, 3.75, 0, 4 ], "texture": "#voxels_atlas" },
				"south": { "uv": [ 0, 4, 1, 4.25 ], "texture": "#voxels_atlas" },
				"west": { "uv": [ 9.25, 11.5, 9.75, 11.75 ], "texture": "#voxels_atlas" },
				"east": { "uv": [ 10.25, 11.5, 9.75, 11.75 ], "texture": "#voxels_atlas" }
			}
		},
		{
			"__comment": "Voxels",
			"from": [ 7.5, 8, 7 ],
			"to": [ 8.5, 8.5, 7.5 ],
			"faces": {
				"up": { "uv": [ 10.75, 11.75, 11.25, 11.5 ], "texture": "#voxels_atlas" },
				"north": { "uv": [ 11.75, 11.5, 11.25, 11.75 ], "texture": "#voxels_atlas" },
				"west": { "uv": [ 4.75, 7.5, 5, 7.75 ], "texture": "#voxels_atlas" },
				"east": { "uv": [ 5, 4.75, 4.75, 5 ], "texture": "#voxels_atlas" }
			}
		},
		{
			"__comment": "Voxels",
			"from": [ 7.5, 8, 8.5 ],
			"to": [ 8.5, 8.5, 9 ],
			"faces": {
				"up": { "uv": [ 5, 11.25, 5.5, 11 ], "texture": "#voxels_atlas" },
				"south": { "uv": [ 13.25, 11.5, 13.75, 11.75 ], "texture": "#voxels_atlas" },
				"west": { "uv": [ 4.75, 2, 5, 2.25 ], "texture": "#voxels_atlas" },
				"east": { "uv": [ 5, 1.75, 4.75, 2 ], "texture": "#voxels_atlas" }
			}
		},
		{
			"__comment": "Voxels",
			"from": [ 9, 6, 6 ],
			"to": [ 9.5, 7, 6.5 ],
			"faces": {
				"north": { "uv": [ 4.25, 0.75, 4, 1.25 ], "texture": "#voxels_atlas" },
				"south": { "uv": [ 4, 0.25, 4.25, 0.75 ], "texture": "#voxels_atlas" },
				"west": { "uv": [ 4.25, 11, 4.5, 11.5 ], "texture": "#voxels_atlas" },
				"east": { "uv": [ 4.5, 10.5, 4.25, 11 ], "texture": "#voxels_atlas" }
			}
		},
		{
			"__comment": "Voxels",
			"from": [ 9, 6, 10 ],
			"to": [ 9.5, 7, 10.5 ],
			"faces": {
				"north": { "uv": [ 4.5, 10, 4.25, 10.5 ], "texture": "#voxels_atlas" },
				"south": { "uv": [ 4.25, 9.5, 4.5, 10 ], "texture": "#voxels_atlas" },
				"west": { "uv": [ 4.25, 9, 4.5, 9.5 ], "texture": "#voxels_atlas" },
				"east": { "uv": [ 4.5, 8.5, 4.25, 9 ], "texture": "#voxels_atlas" }
			}
		},
		{
			"__comment": "Voxels",
			"from": [ 9.5, 6.5, 3 ],
			"to": [ 11, 7, 3.5 ],
			"faces": {
				"down": { "uv": [ 2.75, 4, 3.5, 4.25 ], "texture": "#voxels_atlas" },
				"up": { "uv": [ 2.75, 4.5, 3.5, 4.25 ], "texture": "#voxels_atlas" },
				"north": { "uv": [ 3.75, 6, 3, 6.25 ], "texture": "#voxels_atlas" },
				"south": { "uv": [ 3, 6.25, 3.75, 6.5 ], "texture": "#voxels_atlas" },
				"west": { "uv": [ 3.75, 7.75, 4, 8 ], "texture": "#voxels_atlas" },
				"east": { "uv": [ 4, 7.5, 3.75, 7.75 ], "texture": "#voxels_atlas" }
			}
		},
		{
			"__comment": "Voxels",
			"from": [ 9.5, 6.5, 12.5 ],
			"to": [ 11, 7, 13 ],
			"faces": {
				"down": { "uv": [ 3, 6.75, 3.75, 7 ], "texture": "#voxels_atlas" },
				"up": { "uv": [ 3, 7.25, 3.75, 7 ], "texture": "#voxels_atlas" },
				"north": { "uv": [ 3.75, 7.25, 3, 7.5 ], "texture": "#voxels_atlas" },
				"south": { "uv": [ 3, 7.5, 3.75, 7.75 ], "texture": "#voxels_atlas" },
				"west": { "uv": [ 3.75, 6.25, 4, 6.5 ], "texture": "#voxels_atlas" },
				"east": { "uv": [ 4, 6, 3.75, 6.25 ], "texture": "#voxels_atlas" }
			}
		},
		{
			"__comment": "Voxels",
			"from": [ 9.5, 7.5, 3 ],
			"to": [ 11, 8, 3.5 ],
			"faces": {
				"down": { "uv": [ 3, 7.75, 3.75, 8 ], "texture": "#voxels_atlas" },
				"up": { "uv": [ 3, 8.25, 3.75, 8 ], "texture": "#voxels_atlas" },
				"north": { "uv": [ 3.75, 8.25, 3, 8.5 ], "texture": "#voxels_atlas" },
				"south": { "uv": [ 3, 8.5, 3.75, 8.75 ], "texture": "#voxels_atlas" },
				"west": { "uv": [ 3.75, 0.5, 4, 0.75 ], "texture": "#voxels_atlas" },
				"east": { "uv": [ 4, 0.25, 3.75, 0.5 ], "texture": "#voxels_atlas" }
			}
		},
		{
			"__comment": "Voxels",
			"from": [ 9.5, 7.5, 12.5 ],
			"to": [ 11, 8, 13 ],
			"faces": {
				"down": { "uv": [ 0, 0.5, 0.75, 0.75 ], "texture": "#voxels_atlas" },
				"up": { "uv": [ 0, 1, 0.75, 0.75 ], "texture": "#voxels_atlas" },
				"north": { "uv": [ 3.75, 0, 3, 0.25 ], "texture": "#voxels_atlas" },
				"south": { "uv": [ 1.25, 0, 2, 0.25 ], "texture": "#voxels_atlas" },
				"west": { "uv": [ 4.25, 4.25, 4.5, 4.5 ], "texture": "#voxels_atlas" },
				"east": { "uv": [ 4.5, 4, 4.25, 4.25 ], "texture": "#voxels_atlas" }
			}
		},
		{
			"__comment": "Voxels",
			"from": [ 10.5, 6.5, 3.5 ],
			"to": [ 12, 7, 4 ],
			"faces": {
				"down": { "uv": [ 2, 0.75, 2.75, 1 ], "texture": "#voxels_atlas" },
				"up": { "uv": [ 2, 2, 2.75, 1.75 ], "texture": "#voxels_atlas" },
				"north": { "uv": [ 3.5, 1.75, 2.75, 2 ], "texture": "#voxels_atlas" },
				"south": { "uv": [ 2.75, 1.25, 3.5, 1.5 ], "texture": "#voxels_atlas" },
				"west": { "uv": [ 4.25, 2.75, 4.5, 3 ], "texture": "#voxels_atlas" },
				"east": { "uv": [ 4.5, 2.5, 4.25, 2.75 ], "texture": "#voxels_atlas" }
			}
		},
		{
			"__comment": "Voxels",
			"from": [ 10.5, 6.5, 12 ],
			"to": [ 12, 7, 12.5 ],
			"faces": {
				"down": { "uv": [ 2, 1, 2.75, 1.25 ], "texture": "#voxels_atlas" },
				"up": { "uv": [ 7.25, 12, 8, 11.75 ], "texture": "#voxels_atlas" },
				"north": { "uv": [ 11.75, 11.75, 11, 12 ], "texture": "#voxels_atlas" },
				"south": { "uv": [ 0, 1.25, 0.75, 1.5 ], "texture": "#voxels_atlas" },
				"west": { "uv": [ 4.25, 1.25, 4.5, 1.5 ], "texture": "#voxels_atlas" },
				"east": { "uv": [ 4.5, 1, 4.25, 1.25 ], "texture": "#voxels_atlas" }
			}
		},
		{
			"__comment": "Voxels",
			"from": [ 10.5, 7.5, 3.5 ],
			"to": [ 12, 8, 4 ],
			"faces": {
				"down": { "uv": [ 0, 1, 0.75, 1.25 ], "texture": "#voxels_atlas" },
				"up": { "uv": [ 0, 0.5, 0.75, 0.25 ], "texture": "#voxels_atlas" },
				"north": { "uv": [ 0.75, 0, 0, 0.25 ], "texture": "#voxels_atlas" },
				"south": { "uv": [ 3, 8.75, 3.75, 9 ], "texture": "#voxels_atlas" },
				"west": { "uv": [ 11, 11, 11.25, 11.25 ], "texture": "#voxels_atlas" },
				"east": { "uv": [ 11.5, 11, 11.25, 11.25 ], "texture": "#voxels_atlas" }
			}
		},
		{
			"__comment": "Voxels",
			"from": [ 10.5, 7.5, 12 ],
			"to": [ 12, 8, 12.5 ],
			"faces": {
				"down": { "uv": [ 3, 5.75, 3.75, 6 ], "texture": "#voxels_atlas" },
				"up": { "uv": [ 2.75, 5.75, 3.5, 5.5 ], "texture": "#voxels_atlas" },
				"north": { "uv": [ 2, 1.75, 1.25, 2 ], "texture": "#voxels_atlas" },
				"south": { "uv": [ 1.25, 2, 2, 2.25 ], "texture": "#voxels_atlas" },
				"west": { "uv": [ 12.5, 11, 12.75, 11.25 ], "texture": "#voxels_atlas" },
				"east": { "uv": [ 13, 11, 12.75, 11.25 ], "texture": "#voxels_atlas" }
			}
		},
		{
			"__comment": "Voxels",
			"from": [ 11.5, 6.5, 4 ],
			"to": [ 12.5, 7, 4.5 ],
			"faces": {
				"down": { "uv": [ 13.75, 11.5, 14.25, 11.75 ], "texture": "#voxels_atlas" },
				"up": { "uv": [ 14.25, 11.75, 14.75, 11.5 ], "texture": "#voxels_atlas" },
				"north": { "uv": [ 15.25, 11.5, 14.75, 11.75 ], "texture": "#voxels_atlas" },
				"south": { "uv": [ 15.25, 11.5, 15.75, 11.75 ], "texture": "#voxels_atlas" },
				"west": { "uv": [ 14, 11, 14.25, 11.25 ], "texture": "#voxels_atlas" },
				"east": { "uv": [ 14.5, 11, 14.25, 11.25 ], "texture": "#voxels_atlas" }
			}
		},
		{
			"__comment": "Voxels",
			"from": [ 11.5, 6.5, 11.5 ],
			"to": [ 12.5, 7, 12 ],
			"faces": {
				"down": { "uv": [ 4.5, 11.25, 5, 11.5 ], "texture": "#voxels_atlas" },
				"up": { "uv": [ 5, 11.5, 5.5, 11.25 ], "texture": "#voxels_atlas" },
				"north": { "uv": [ 6, 11.25, 5.5, 11.5 ], "texture": "#voxels_atlas" },
				"south": { "uv": [ 6, 11.25, 6.5, 11.5 ], "texture": "#voxels_atlas" },
				"west": { "uv": [ 15.5, 11, 15.75, 11.25 ], "texture": "#voxels_atlas" },
				"east": { "uv": [ 16, 11, 15.75, 11.25 ], "texture": "#voxels_atlas" }
			}
		},
		{
			"__comment": "Voxels",
			"from": [ 11.5, 7.5, 4 ],
			"to": [ 12.5, 8, 4.5 ],
			"faces": {
				"down": { "uv": [ 6.5, 11.25, 7, 11.5 ], "texture": "#voxels_atlas" },
				"up": { "uv": [ 7, 11.5, 7.5, 11.25 ], "texture": "#voxels_atlas" },
				"north": { "uv": [ 8, 11.25, 7.5, 11.5 ], "texture": "#voxels_atlas" },
				"south": { "uv": [ 8, 11.25, 8.5, 11.5 ], "texture": "#voxels_atlas" },
				"west": { "uv": [ 4.5, 9.75, 4.75, 10 ], "texture": "#voxels_atlas" },
				"east": { "uv": [ 4.75, 9.5, 4.5, 9.75 ], "texture": "#voxels_atlas" }
			}
		},
		{
			"__comment": "Voxels",
			"from": [ 11.5, 7.5, 11.5 ],
			"to": [ 12.5, 8, 12 ],
			"faces": {
				"down": { "uv": [ 8.5, 11.25, 9, 11.5 ], "texture": "#voxels_atlas" },
				"up": { "uv": [ 9, 11.5, 9.5, 11.25 ], "texture": "#voxels_atlas" },
				"north": { "uv": [ 10, 11.25, 9.5, 11.5 ], "texture": "#voxels_atlas" },
				"south": { "uv": [ 10, 11.25, 10.5, 11.5 ], "texture": "#voxels_atlas" },
				"west": { "uv": [ 4.5, 8.25, 4.75, 8.5 ], "texture": "#voxels_atlas" },
				"east": { "uv": [ 4.75, 8, 4.5, 8.25 ], "texture": "#voxels_atlas" }
			}
		},
		{
			"__comment": "Voxels",
			"from": [ 12, 6.5, 4.5 ],
			"to": [ 12.5, 7, 5.5 ],
			"faces": {
				"down": { "uv": [ 4.25, 8, 4.5, 8.5 ], "texture": "#voxels_atlas" },
				"up": { "uv": [ 4.25, 8, 4.5, 7.5 ], "texture": "#voxels_atlas" },
				"south": { "uv": [ 4.5, 7, 4.75, 7.25 ], "texture": "#voxels_atlas" },
				"west": { "uv": [ 10.5, 11.25, 11, 11.5 ], "texture": "#voxels_atlas" },
				"east": { "uv": [ 11.5, 11.25, 11, 11.5 ], "texture": "#voxels_atlas" }
			}
		},
		{
			"__comment": "Voxels",
			"from": [ 12, 6.5, 10.5 ],
			"to": [ 13, 7, 11 ],
			"faces": {
				"down": { "uv": [ 11.5, 11.25, 12, 11.5 ], "texture": "#voxels_atlas" },
				"up": { "uv": [ 12, 11.5, 12.5, 11.25 ], "texture": "#voxels_atlas" },
				"north": { "uv": [ 13, 11.25, 12.5, 11.5 ], "texture": "#voxels_atlas" },
				"south": { "uv": [ 13, 11.25, 13.5, 11.5 ], "texture": "#voxels_atlas" },
				"west": { "uv": [ 4.5, 5.25, 4.75, 5.5 ], "texture": "#voxels_atlas" },
				"east": { "uv": [ 4.75, 5, 4.5, 5.25 ], "texture": "#voxels_atlas" }
			}
		},
		{
			"__comment": "Voxels",
			"from": [ 12, 6.5, 11 ],
			"to": [ 12.5, 7, 11.5 ],
			"faces": {
				"down": { "uv": [ 4.5, 4.75, 4.75, 5 ], "texture": "#voxels_atlas" },
				"up": { "uv": [ 4.5, 4.75, 4.75, 4.5 ], "texture": "#voxels_atlas" },
				"west": { "uv": [ 4.5, 3.75, 4.75, 4 ], "texture": "#voxels_atlas" },
				"east": { "uv": [ 4.75, 3.5, 4.5, 3.75 ], "texture": "#voxels_atlas" }
			}
		},
		{
			"__comment": "Voxels",
			"from": [ 12, 7.5, 4.5 ],
			"to": [ 12.5, 8, 5.5 ],
			"faces": {
				"down": { "uv": [ 4.25, 7, 4.5, 7.5 ], "texture": "#voxels_atlas" },
				"up": { "uv": [ 4.25, 7, 4.5, 6.5 ], "texture": "#voxels_atlas" },
				"south": { "uv": [ 4.5, 2.5, 4.75, 2.75 ], "texture": "#voxels_atlas" },
				"west": { "uv": [ 13.5, 11.25, 14, 11.5 ], "texture": "#voxels_atlas" },
				"east": { "uv": [ 14.5, 11.25, 14, 11.5 ], "texture": "#voxels_atlas" }
			}
		},
		{
			"__comment": "Voxels",
			"from": [ 12, 7.5, 10.5 ],
			"to": [ 13, 8, 11 ],
			"faces": {
				"down": { "uv": [ 14.5, 11.25, 15, 11.5 ], "texture": "#voxels_atlas" },
				"up": { "uv": [ 15, 11.5, 15.5, 11.25 ], "texture": "#voxels_atlas" },
				"north": { "uv": [ 16, 11.25, 15.5, 11.5 ], "texture": "#voxels_atlas" },
				"south": { "uv": [ 4.5, 11, 5, 11.25 ], "texture": "#voxels_atlas" },
				"west": { "uv": [ 4.5, 0.75, 4.75, 1 ], "texture": "#voxels_atlas" },
				"east": { "uv": [ 4.75, 0.5, 4.5, 0.75 ], "texture": "#voxels_atlas" }
			}
		},
		{
			"__comment": "Voxels",
			"from": [ 12, 7.5, 11 ],
			"to": [ 12.5, 8, 11.5 ],
			"faces": {
				"down": { "uv": [ 4.5, 0.25, 4.75, 0.5 ], "texture": "#voxels_atlas" },
				"up": { "uv": [ 4.5, 0.25, 4.75, 0 ], "texture": "#voxels_atlas" },
				"west": { "uv": [ 9.75, 10.75, 10, 11 ], "texture": "#voxels_atlas" },
				"east": { "uv": [ 5, 10, 4.75, 10.25 ], "texture": "#voxels_atlas" }
			}
		},
		{
			"__comment": "Voxels",
			"from": [ 12.5, 6.5, 5 ],
			"to": [ 13, 7, 6.5 ],
			"faces": {
				"down": { "uv": [ 1.5, 0.75, 1.75, 1.5 ], "texture": "#voxels_atlas" },
				"up": { "uv": [ 1.25, 1.5, 1.5, 0.75 ], "texture": "#voxels_atlas" },
				"north": { "uv": [ 5, 9.25, 4.75, 9.5 ], "texture": "#voxels_atlas" },
				"south": { "uv": [ 4.75, 9, 5, 9.25 ], "texture": "#voxels_atlas" },
				"west": { "uv": [ 1.25, 1.5, 2, 1.75 ], "texture": "#voxels_atlas" },
				"east": { "uv": [ 3.5, 3.5, 2.75, 3.75 ], "texture": "#voxels_atlas" }
			}
		},
		{
			"__comment": "Voxels",
			"from": [ 12.5, 6.5, 9.5 ],
			"to": [ 13.5, 7, 10 ],
			"faces": {
				"down": { "uv": [ 5.5, 11, 6, 11.25 ], "texture": "#voxels_atlas" },
				"up": { "uv": [ 6, 11.25, 6.5, 11 ], "texture": "#voxels_atlas" },
				"north": { "uv": [ 7, 11, 6.5, 11.25 ], "texture": "#voxels_atlas" },
				"south": { "uv": [ 7, 11, 7.5, 11.25 ], "texture": "#voxels_atlas" },
				"west": { "uv": [ 4.75, 7.25, 5, 7.5 ], "texture": "#voxels_atlas" },
				"east": { "uv": [ 5, 7, 4.75, 7.25 ], "texture": "#voxels_atlas" }
			}
		},
		{
			"__comment": "Voxels",
			"from": [ 12.5, 6.5, 10 ],
			"to": [ 13, 7, 10.5 ],
			"faces": {
				"down": { "uv": [ 4.75, 6.75, 5, 7 ], "texture": "#voxels_atlas" },
				"west": { "uv": [ 4.75, 5.75, 5, 6 ], "texture": "#voxels_atlas" },
				"east": { "uv": [ 5, 5.5, 4.75, 5.75 ], "texture": "#voxels_atlas" }
			}
		},
		{
			"__comment": "Voxels",
			"from": [ 12.5, 7, 5.5 ],
			"to": [ 13, 8, 6 ],
			"faces": {
				"up": { "uv": [ 4.75, 5.25, 5, 5 ], "texture": "#voxels_atlas" },
				"north": { "uv": [ 4.5, 6, 4.25, 6.5 ], "texture": "#voxels_atlas" },
				"south": { "uv": [ 4.25, 5.5, 4.5, 6 ], "texture": "#voxels_atlas" },
				"west": { "uv": [ 4.25, 5, 4.5, 5.5 ], "texture": "#voxels_atlas" },
				"east": { "uv": [ 4.5, 4.5, 4.25, 5 ], "texture": "#voxels_atlas" }
			}
		},
		{
			"__comment": "Voxels",
			"from": [ 12.5, 7.5, 5 ],
			"to": [ 13, 8, 5.5 ],
			"faces": {
				"down": { "uv": [ 4.75, 3.75, 5, 4 ], "texture": "#voxels_atlas" },
				"up": { "uv": [ 4.75, 3.75, 5, 3.5 ], "texture": "#voxels_atlas" },
				"north": { "uv": [ 5, 3.25, 4.75, 3.5 ], "texture": "#voxels_atlas" },
				"east": { "uv": [ 5, 2.5, 4.75, 2.75 ], "texture": "#voxels_atlas" }
			}
		},
		{
			"__comment": "Voxels",
			"from": [ 12.5, 7.5, 6 ],
			"to": [ 13.5, 8, 6.5 ],
			"faces": {
				"down": { "uv": [ 7.5, 11, 8, 11.25 ], "texture": "#voxels_atlas" },
				"up": { "uv": [ 8, 11.25, 8.5, 11 ], "texture": "#voxels_atlas" },
				"north": { "uv": [ 9, 11, 8.5, 11.25 ], "texture": "#voxels_atlas" },
				"south": { "uv": [ 9, 11, 9.5, 11.25 ], "texture": "#voxels_atlas" },
				"west": { "uv": [ 4.75, 1.25, 5, 1.5 ], "texture": "#voxels_atlas" },
				"east": { "uv": [ 5, 1, 4.75, 1.25 ], "texture": "#voxels_atlas" }
			}
		},
		{
			"__comment": "Voxels",
			"from": [ 12.5, 7.5, 9.5 ],
			"to": [ 13.5, 8, 10 ],
			"faces": {
				"down": { "uv": [ 9.5, 11, 10, 11.25 ], "texture": "#voxels_atlas" },
				"up": { "uv": [ 10, 11.25, 10.5, 11 ], "texture": "#voxels_atlas" },
				"north": { "uv": [ 11, 11, 10.5, 11.25 ], "texture": "#voxels_atlas" },
				"south": { "uv": [ 0.5, 5.75, 1, 6 ], "texture": "#voxels_atlas" },
				"west": { "uv": [ 5, 10.75, 5.25, 11 ], "texture": "#voxels_atlas" },
				"east": { "uv": [ 5.5, 10.75, 5.25, 11 ], "texture": "#voxels_atlas" }
			}
		},
		{
			"__comment": "Voxels",
			"from": [ 12.5, 7.5, 10 ],
			"to": [ 13, 8, 10.5 ],
			"faces": {
				"up": { "uv": [ 5.75, 11, 6, 10.75 ], "texture": "#voxels_atlas" },
				"west": { "uv": [ 6.5, 10.75, 6.75, 11 ], "texture": "#voxels_atlas" },
				"east": { "uv": [ 7, 10.75, 6.75, 11 ], "texture": "#voxels_atlas" }
			}
		},
		{
			"__comment": "Voxels",
			"from": [ 13, 6.5, 6 ],
			"to": [ 13.5, 7, 9.5 ],
			"faces": {
				"down": { "uv": [ 0.25, 5.75, 0.5, 7.5 ], "texture": "#voxels_atlas" },
				"up": { "uv": [ 0, 7.5, 0.25, 5.75 ], "texture": "#voxels_atlas" },
				"north": { "uv": [ 7.75, 10.75, 7.5, 11 ], "texture": "#voxels_atlas" },
				"west": { "uv": [ 1, 3.25, 2.75, 3.5 ], "texture": "#voxels_atlas" },
				"east": { "uv": [ 2.75, 3.5, 1, 3.75 ], "texture": "#voxels_atlas" }
			}
		},
		{
			"__comment": "Voxels",
			"from": [ 13, 7.5, 6.5 ],
			"to": [ 13.5, 8, 9.5 ],
			"faces": {
				"down": { "uv": [ 0.75, 6, 1, 7.5 ], "texture": "#voxels_atlas" },
				"up": { "uv": [ 0.5, 7.5, 0.75, 6 ], "texture": "#voxels_atlas" },
				"west": { "uv": [ 1, 3, 2.5, 3.25 ], "texture": "#voxels_atlas" },
				"east": { "uv": [ 2.5, 2.5, 1, 2.75 ], "texture": "#voxels_atlas" }
			}
		}
	],
	"display": {
		"thirdperson_righthand": {
			"rotation":  [ 0, 7, -90 ],
			"translation":  [ 4, -2, 3 ],
			"scale":  [ 1.5, 1.5, 1.5 ]
		},
		"thirdperson_lefthand": {
			"rotation":  [ 90, 90, 73 ],
			"translation":  [ -5, -9, 10 ],
			"scale":  [ 1.5, 1.5, 1.5 ]
		},
		"firstperson_righthand": {
			"rotation":  [ -90, -120, 0 ],
			"translation":  [ 4, -4, 0 ],
			"scale":  [ 1.5, 1.5, 1.5 ]
		},
		"firstperson_lefthand": {
			"rotation":  [ -90, -120, 0 ],
			"translation":  [ 4, -4, 0 ],
			"scale":  [ 1.5, 1.5, 1.5 ]
		},
		"gui": {
			"rotation":  [ 90, 0, 0 ],
			"scale":  [ 1.3, 1.3, 1.3 ]
		},
		"head": {
			"rotation":  [ 90, 0, 0 ],
			"translation":  [ 0, -16, 9 ],
			"scale":  [ 2.2, 2.2, 2.2 ]
		},
		"ground": {
			"rotation":  [ 22, 0, 0 ]
		},
		"fixed": {
			"rotation":  [ -90, 0, 0 ],
			"scale":  [ 1.5, 1.5, 1.5 ]
		}
	}
}