{
	"parent": "item/handheld",
	"textures": {
		"layer0": "item/bow"
	},
    "display": {
        "thirdperson_righthand": {
            "rotation": [ -80, 260, -40 ],
            "translation": [ -1, -2, 2.5 ],
            "scale": [ 0.9, 0.9, 0.9 ]
        },
        "thirdperson_lefthand": {
            "rotation": [ -80, -280, 40 ],
            "translation": [ -1, -2, 2.5 ],
            "scale": [ 0.9, 0.9, 0.9 ]
        },
        "firstperson_righthand": {
            "rotation": [ 0, -90, 25 ],
            "translation": [ 1.13, 3.2, 1.13],
            "scale": [ 0.68, 0.68, 0.68 ]
        },
        "firstperson_lefthand": {
            "rotation": [ 0, 90, -25 ],
            "translation": [ 1.13, 3.2, 1.13],
            "scale": [ 0.68, 0.68, 0.68 ]
        }
    },
	"overrides": [{
			"predicate": {
				"pulling": 1
			},
			"model": "item/bow_pulling_0"
		}, {
			"predicate": {
				"pulling": 1,
				"pull": 0.65
			},
			"model": "item/bow_pulling_1"
		}, {
			"predicate": {
				"pulling": 1,
				"pull": 0.9
			},
			"model": "item/bow_pulling_2"
		},
		{ "predicate": { "custom_model_data": 1}, "model": "item/bow/pashcompoundbow" },
		{
			"predicate": {
				"custom_model_data": 1,
				"pulling": 1
			},
			"model": "item/bow/pashcompound_bow_1"
		}, {
			"predicate": {
				"pulling": 1,
				"pull": 0.65,
				"custom_model_data": 1
			},
			"model": "item/bow/pashcompound_bow_2"
		}, {
			"predicate": {
				"pulling": 1,
				"pull": 0.9,
				"custom_model_data": 1
			},
			"model": "item/bow/pashcompound_bow_3"
		},
		{ "predicate": { "custom_model_data": 2}, "model": "item/bow/endbook" },
		{
			"predicate": {
				"custom_model_data": 2,
				"pulling": 1
			},
			"model": "item/bow/endbook_1"
		}, {
			"predicate": {
				"pulling": 1,
				"pull": 0.65,
				"custom_model_data": 2
			},
			"model": "item/bow/endbook_2"
		}, {
			"predicate": {
				"pulling": 1,
				"pull": 0.9,
				"custom_model_data": 2
			},
			"model": "item/bow/endbook_3"
		},
		{ "predicate": { "custom_model_data": 3}, "model": "item/bow/firebook" },
		{
			"predicate": {
				"custom_model_data": 3,
				"pulling": 1
			},
			"model": "item/bow/firebook_1"
		}, {
			"predicate": {
				"pulling": 1,
				"pull": 0.65,
				"custom_model_data": 3
			},
			"model": "item/bow/firebook_2"
		}, {
			"predicate": {
				"pulling": 1,
				"pull": 0.9,
				"custom_model_data": 3
			},
			"model": "item/bow/firebook_3"
		},
		{ "predicate": { "custom_model_data": 4}, "model": "item/bow/schleuder" },
		{
			"predicate": {
				"custom_model_data": 4,
				"pulling": 1
			},
			"model": "item/bow/schleuder1"
		}, {
			"predicate": {
				"pulling": 1,
				"pull": 0.65,
				"custom_model_data": 4
			},
			"model": "item/bow/schleuder2"
		}, {
			"predicate": {
				"pulling": 1,
				"pull": 0.9,
				"custom_model_data": 4
			},
			"model": "item/bow/schleuder3"
		},
		{ "predicate": { "custom_model_data": 5}, "model": "item/bow/anubisbowa" },
		{
			"predicate": {
				"custom_model_data": 5,
				"pulling": 1
			},
			"model": "item/bow/anubisbowb"
		}, {
			"predicate": {
				"pulling": 1,
				"pull": 0.65,
				"custom_model_data": 5
			},
			"model": "item/bow/anubisbowc"
		}, {
			"predicate": {
				"pulling": 1,
				"pull": 0.9,
				"custom_model_data": 5
			},
			"model": "item/bow/anubisbowd"
		},
		{ "predicate": { "custom_model_data": 6}, "model": "item/bow/easternbow1" },
		{
			"predicate": {
				"custom_model_data": 6,
				"pulling": 1
			},
			"model": "item/bow/easternbow11"
		}, {
			"predicate": {
				"pulling": 1,
				"pull": 0.65,
				"custom_model_data": 6
			},
			"model": "item/bow/easternbow12"
		}, {
			"predicate": {
				"pulling": 1,
				"pull": 0.9,
				"custom_model_data": 6
			},
			"model": "item/bow/easternbow13"
		},
		{ "predicate": { "custom_model_data": 7}, "model": "item/bow/vbow1" },
		{
			"predicate": {
				"custom_model_data": 7,
				"pulling": 1
			},
			"model": "item/bow/vbow10"
		}, {
			"predicate": {
				"pulling": 1,
				"pull": 0.65,
				"custom_model_data": 7
			},
			"model": "item/bow/vbow11"
		}, {
			"predicate": {
				"pulling": 1,
				"pull": 0.9,
				"custom_model_data": 7
			},
			"model": "item/bow/vbow12"
		},
		{ "predicate": { "custom_model_data": 8}, "model": "item/bow/vbow2" },
		{
			"predicate": {
				"custom_model_data": 8,
				"pulling": 1
			},
			"model": "item/bow/vbow20"
		}, {
			"predicate": {
				"pulling": 1,
				"pull": 0.65,
				"custom_model_data": 8
			},
			"model": "item/bow/vbow21"
		}, {
			"predicate": {
				"pulling": 1,
				"pull": 0.9,
				"custom_model_data": 8
			},
			"model": "item/bow/vbow22"
		},
		{ "predicate": { "custom_model_data": 9}, "model": "item/bow/vbow3" },
		{
			"predicate": {
				"custom_model_data": 9,
				"pulling": 1
			},
			"model": "item/bow/vbow30"
		}, {
			"predicate": {
				"pulling": 1,
				"pull": 0.65,
				"custom_model_data": 9
			},
			"model": "item/bow/vbow31"
		}, {
			"predicate": {
				"pulling": 1,
				"pull": 0.9,
				"custom_model_data": 9
			},
			"model": "item/bow/vbow32"
		}			
	]
}