{
  "parent": "minecraft:item/generated",
    "overrides": [
		{ "predicate": { "custom_model_data": 1}, "model": "item/blueprints/chair1" },
		{ "predicate": { "custom_model_data": 2}, "model": "item/blueprints/chair1" },
		{ "predicate": { "custom_model_data": 3}, "model": "item/blueprints/chair2" },
		{ "predicate": { "custom_model_data": 4}, "model": "item/customblocks/awning" },
		{ "predicate": { "custom_model_data": 5}, "model": "item/customblocks/chair_a" },
		{ "predicate": { "custom_model_data": 6}, "model": "item/customblocks/chair_b" },
		{ "predicate": { "custom_model_data": 7}, "model": "item/customblocks/painter_color" },
		{
			"predicate": {
				"custom_model_data": 8
			},
			"model": "modelengine:pharaoh/head"
		},
		{
			"predicate": {
				"custom_model_data": 9
			},
			"model": "modelengine:pharaoh/bandage"
		},
		{
			"predicate": {
				"custom_model_data": 10
			},
			"model": "modelengine:pharaoh/righthand"
		},
		{
			"predicate": {
				"custom_model_data": 11
			},
			"model": "modelengine:pharaoh/rightarm"
		},
		{
			"predicate": {
				"custom_model_data": 12
			},
			"model": "modelengine:pharaoh/lefthand"
		},
		{
			"predicate": {
				"custom_model_data": 13
			},
			"model": "modelengine:pharaoh/leftarm"
		},
		{
			"predicate": {
				"custom_model_data": 14
			},
			"model": "modelengine:pharaoh/rightfoot"
		},
		{
			"predicate": {
				"custom_model_data": 15
			},
			"model": "modelengine:pharaoh/rightleg"
		},
		{
			"predicate": {
				"custom_model_data": 16
			},
			"model": "modelengine:pharaoh/leftfoot"
		},
		{
			"predicate": {
				"custom_model_data": 17
			},
			"model": "modelengine:pharaoh/leftleg"
		},
		{
			"predicate": {
				"custom_model_data": 18
			},
			"model": "modelengine:pharaoh/pharaoh"
		},
		{
			"predicate": {
				"custom_model_data": 19
			},
			"model": "modelengine:plague/hand"
		},
		{
			"predicate": {
				"custom_model_data": 20
			},
			"model": "modelengine:plague/fore"
		},
		{
			"predicate": {
				"custom_model_data": 21
			},
			"model": "modelengine:plague/arm"
		},
		{
			"predicate": {
				"custom_model_data": 22
			},
			"model": "modelengine:scarab/leftlegs"
		},
		{
			"predicate": {
				"custom_model_data": 23
			},
			"model": "modelengine:scarab/rightlegs"
		},
		{
			"predicate": {
				"custom_model_data": 24
			},
			"model": "modelengine:scarab/leftleg2"
		},
		{
			"predicate": {
				"custom_model_data": 25
			},
			"model": "modelengine:scarab/rightleg2"
		},
		{
			"predicate": {
				"custom_model_data": 26
			},
			"model": "modelengine:scarab/leftleg"
		},
		{
			"predicate": {
				"custom_model_data": 27
			},
			"model": "modelengine:scarab/rightleg3"
		},
		{
			"predicate": {
				"custom_model_data": 28
			},
			"model": "modelengine:scarab/scarab"
		},
		{
			"predicate": {
				"custom_model_data": 29
			},
			"model": "modelengine:dirtdevil/bone"
		},
		{
			"predicate": {
				"custom_model_data": 30
			},
			"model": "modelengine:dirtdevil/bone2"
		},
		{
			"predicate": {
				"custom_model_data": 31
			},
			"model": "modelengine:dirtdevil/dirtdevil"
		},
		{
			"predicate": {
				"custom_model_data": 32
			},
			"model": "modelengine:rattler/jaw"
		},
		{
			"predicate": {
				"custom_model_data": 33
			},
			"model": "modelengine:rattler/rattle"
		},
		{
			"predicate": {
				"custom_model_data": 34
			},
			"model": "modelengine:rattler/link5"
		},
		{
			"predicate": {
				"custom_model_data": 35
			},
			"model": "modelengine:rattler/link4"
		},
		{
			"predicate": {
				"custom_model_data": 36
			},
			"model": "modelengine:rattler/link3"
		},
		{
			"predicate": {
				"custom_model_data": 37
			},
			"model": "modelengine:rattler/link2"
		},
		{
			"predicate": {
				"custom_model_data": 38
			},
			"model": "modelengine:rattler/link"
		},
		{
			"predicate": {
				"custom_model_data": 39
			},
			"model": "modelengine:rattler/head"
		},
		{
			"predicate": {
				"custom_model_data": 40
			},
			"model": "modelengine:camel/head"
		},
		{
			"predicate": {
				"custom_model_data": 41
			},
			"model": "modelengine:camel/leftbackfoot"
		},
		{
			"predicate": {
				"custom_model_data": 42
			},
			"model": "modelengine:camel/leftbackleg"
		},
		{
			"predicate": {
				"custom_model_data": 43
			},
			"model": "modelengine:camel/rightbackfoot"
		},
		{
			"predicate": {
				"custom_model_data": 44
			},
			"model": "modelengine:camel/rightbackleg"
		},
		{
			"predicate": {
				"custom_model_data": 45
			},
			"model": "modelengine:camel/leftfrontfoot"
		},
		{
			"predicate": {
				"custom_model_data": 46
			},
			"model": "modelengine:camel/leftfrontleg"
		},
		{
			"predicate": {
				"custom_model_data": 47
			},
			"model": "modelengine:camel/rightfrontfoot"
		},
		{
			"predicate": {
				"custom_model_data": 48
			},
			"model": "modelengine:camel/rightfrontleg"
		},
		{
			"predicate": {
				"custom_model_data": 49
			},
			"model": "modelengine:camel/camel"
		},
		{ "predicate": { "custom_model_data": 50}, "model": "item/customblocks/logs1" },
		{ "predicate": { "custom_model_data": 51}, "model": "item/customblocks/pendeluhr" },
		{ "predicate": { "custom_model_data": 52}, "model": "item/customblocks/logs2" },
		{ "predicate": { "custom_model_data": 53}, "model": "item/customblocks/logs3" },
		{ "predicate": { "custom_model_data": 54}, "model": "item/customblocks/tablecloth" },
		{ "predicate": { "custom_model_data": 55}, "model": "item/customblocks/ladder1" },
        { "predicate": { "custom_model_data": 56}, "model": "modelengine:sign/torso" },
        { "predicate": { "custom_model_data": 57}, "model": "modelengine:signstore/torso" },
        { "predicate": { "custom_model_data": 58}, "model": "modelengine:signplant/torso" },
        { "predicate": { "custom_model_data": 59}, "model": "modelengine:signsword/torso" },
        { "predicate": { "custom_model_data": 60}, "model": "modelengine:signhorse/torso" },
        { "predicate": { "custom_model_data": 61}, "model": "modelengine:signpots/torso" },
        { "predicate": { "custom_model_data": 62}, "model": "modelengine:signanvil/torso" },
        { "predicate": { "custom_model_data": 63}, "model": "item/customblocks/rockingchair1" },
	    {
			"predicate": {
				"custom_model_data": 64
			},
			"model": "modelengine:birdman/leftleg"
		},
		{
			"predicate": {
				"custom_model_data": 65
			},
			"model": "modelengine:birdman/rightleg"
		},
		{
			"predicate": {
				"custom_model_data": 66
			},
			"model": "modelengine:birdman/leftwing"
		},
		{
			"predicate": {
				"custom_model_data": 67
			},
			"model": "modelengine:birdman/rightwing"
		},
		{
			"predicate": {
				"custom_model_data": 68
			},
			"model": "modelengine:birdman/head"
		},
		{
			"predicate": {
				"custom_model_data": 69
			},
			"model": "modelengine:birdman/birdman"
		},
		{
			"predicate": {
				"custom_model_data": 70
			},
			"model": "modelengine:deadbeard/hook"
		},
		{
			"predicate": {
				"custom_model_data": 71
			},
			"model": "modelengine:deadbeard/rightarm"
		},
		{
			"predicate": {
				"custom_model_data": 72
			},
			"model": "modelengine:deadbeard/empty"
		},
		{
			"predicate": {
				"custom_model_data": 73
			},
			"model": "modelengine:deadbeard/flintlock"
		},
		{
			"predicate": {
				"custom_model_data": 74
			},
			"model": "modelengine:deadbeard/tnt"
		},
		{
			"predicate": {
				"custom_model_data": 75
			},
			"model": "modelengine:deadbeard/lefthand"
		},
		{
			"predicate": {
				"custom_model_data": 76
			},
			"model": "modelengine:deadbeard/leftarm"
		},
		{
			"predicate": {
				"custom_model_data": 77
			},
			"model": "modelengine:deadbeard/rightfoot"
		},
		{
			"predicate": {
				"custom_model_data": 78
			},
			"model": "modelengine:deadbeard/rightleg"
		},
		{
			"predicate": {
				"custom_model_data": 79
			},
			"model": "modelengine:deadbeard/leftleg"
		},
		{
			"predicate": {
				"custom_model_data": 80
			},
			"model": "modelengine:deadbeard/beard1"
		},
		{
			"predicate": {
				"custom_model_data": 81
			},
			"model": "modelengine:deadbeard/beard2"
		},
		{
			"predicate": {
				"custom_model_data": 82
			},
			"model": "modelengine:deadbeard/head"
		},
		{
			"predicate": {
				"custom_model_data": 83
			},
			"model": "modelengine:deadbeard/deadbeard"
		},
		{
			"predicate": {
				"custom_model_data": 84
			},
			"model": "modelengine:tnt/tnt"
		},
		{
			"predicate": {
				"custom_model_data": 85
			},
			"model": "modelengine:undeadcrew/head"
		},
		{
			"predicate": {
				"custom_model_data": 86
			},
			"model": "modelengine:undeadcrew/lefthand"
		},
		{
			"predicate": {
				"custom_model_data": 87
			},
			"model": "modelengine:undeadcrew/leftarm"
		},
		{
			"predicate": {
				"custom_model_data": 88
			},
			"model": "modelengine:undeadcrew/leftfoot"
		},
		{
			"predicate": {
				"custom_model_data": 89
			},
			"model": "modelengine:undeadcrew/leftleg"
		},
		{
			"predicate": {
				"custom_model_data": 90
			},
			"model": "modelengine:undeadcrew/rightfoot"
		},
		{
			"predicate": {
				"custom_model_data": 91
			},
			"model": "modelengine:undeadcrew/rightleg"
		},
		{
			"predicate": {
				"custom_model_data": 92
			},
			"model": "modelengine:undeadcrew/righthand"
		},
		{
			"predicate": {
				"custom_model_data": 93
			},
			"model": "modelengine:undeadcrew/rightarm"
		},
		{
			"predicate": {
				"custom_model_data": 94
			},
			"model": "modelengine:undeadcrew/undeadcrew"
		},
		{
			"predicate": {
				"custom_model_data": 95
			},
			"model": "modelengine:bartender/kol"
		},
		{
			"predicate": {
				"custom_model_data": 96
			},
			"model": "modelengine:bartender/kol2"
		},
		{
			"predicate": {
				"custom_model_data": 97
			},
			"model": "modelengine:bartender/head"
		},
		{
			"predicate": {
				"custom_model_data": 98
			},
			"model": "modelengine:bartender/topbody"
		},
		{
			"predicate": {
				"custom_model_data": 99
			},
			"model": "modelengine:bartender/fullbody"
		},
		{
			"predicate": {
				"custom_model_data": 100
			},
			"model": "modelengine:duck/leftleg"
		},
		{
			"predicate": {
				"custom_model_data": 101
			},
			"model": "modelengine:duck/head"
		},
		{
			"predicate": {
				"custom_model_data": 102
			},
			"model": "modelengine:duck/rightleg"
		},
		{
			"predicate": {
				"custom_model_data": 103
			},
			"model": "modelengine:duck/body"
		},
		{
			"predicate": {
				"custom_model_data": 104
			},
			"model": "modelengine:goblin_archer/bow"
		},
		{
			"predicate": {
				"custom_model_data": 105
			},
			"model": "modelengine:goblin_archer/empty"
		},
		{
			"predicate": {
				"custom_model_data": 106
			},
			"model": "modelengine:goblin_archer/rightleg"
		},
		{
			"predicate": {
				"custom_model_data": 107
			},
			"model": "modelengine:goblin_archer/leftleg"
		},
		{
			"predicate": {
				"custom_model_data": 108
			},
			"model": "modelengine:goblin_archer/head"
		},
		{
			"predicate": {
				"custom_model_data": 109
			},
			"model": "modelengine:goblin_archer/goblin"
		},
		{
			"predicate": {
				"custom_model_data": 110
			},
			"model": "modelengine:goblin_club/club"
		},
		{
			"predicate": {
				"custom_model_data": 111
			},
			"model": "modelengine:goblin_club/empty"
		},
		{
			"predicate": {
				"custom_model_data": 112
			},
			"model": "modelengine:goblin_club/rightleg"
		},
		{
			"predicate": {
				"custom_model_data": 113
			},
			"model": "modelengine:goblin_club/leftleg"
		},
		{
			"predicate": {
				"custom_model_data": 114
			},
			"model": "modelengine:goblin_club/head"
		},
		{
			"predicate": {
				"custom_model_data": 115
			},
			"model": "modelengine:goblin_club/goblin"
		},
		{
			"predicate": {
				"custom_model_data": 116
			},
			"model": "modelengine:goblin_king/head"
		},
		{
			"predicate": {
				"custom_model_data": 117
			},
			"model": "modelengine:goblin_king/rightarm"
		},
		{
			"predicate": {
				"custom_model_data": 118
			},
			"model": "modelengine:goblin_king/rightleg"
		},
		{
			"predicate": {
				"custom_model_data": 119
			},
			"model": "modelengine:goblin_king/cape"
		},
		{
			"predicate": {
				"custom_model_data": 120
			},
			"model": "modelengine:goblin_king/leftleg"
		},
		{
			"predicate": {
				"custom_model_data": 121
			},
			"model": "modelengine:goblin_king/leftarm"
		},
		{
			"predicate": {
				"custom_model_data": 122
			},
			"model": "modelengine:goblin_king/body"
		},
		{
			"predicate": {
				"custom_model_data": 123
			},
			"model": "modelengine:goblin_shaman/rightarm"
		},
		{
			"predicate": {
				"custom_model_data": 124
			},
			"model": "modelengine:goblin_shaman/rightleg"
		},
		{
			"predicate": {
				"custom_model_data": 125
			},
			"model": "modelengine:goblin_shaman/leftarm"
		},
		{
			"predicate": {
				"custom_model_data": 126
			},
			"model": "modelengine:goblin_shaman/leftleg"
		},
		{
			"predicate": {
				"custom_model_data": 127
			},
			"model": "modelengine:goblin_shaman/head"
		},
		{
			"predicate": {
				"custom_model_data": 128
			},
			"model": "modelengine:goblin_shaman/body"
		},
		{
			"predicate": {
				"custom_model_data": 129
			},
			"model": "modelengine:goblin_sword/sword"
		},
		{
			"predicate": {
				"custom_model_data": 130
			},
			"model": "modelengine:goblin_sword/empty"
		},
		{
			"predicate": {
				"custom_model_data": 131
			},
			"model": "modelengine:goblin_sword/shield"
		},
		{
			"predicate": {
				"custom_model_data": 132
			},
			"model": "modelengine:goblin_sword/rightleg"
		},
		{
			"predicate": {
				"custom_model_data": 133
			},
			"model": "modelengine:goblin_sword/leftleg"
		},
		{
			"predicate": {
				"custom_model_data": 134
			},
			"model": "modelengine:goblin_sword/head"
		},
		{
			"predicate": {
				"custom_model_data": 135
			},
			"model": "modelengine:goblin_sword/goblin"
		},
		{
			"predicate": {
				"custom_model_data": 136
			},
			"model": "modelengine:goblin_treasure/lid"
		},
		{
			"predicate": {
				"custom_model_data": 137
			},
			"model": "modelengine:goblin_treasure/chest"
		},
		{
			"predicate": {
				"custom_model_data": 138
			},
			"model": "modelengine:goblin_undead/right"
		},
		{
			"predicate": {
				"custom_model_data": 139
			},
			"model": "modelengine:goblin_undead/left"
		},
		{
			"predicate": {
				"custom_model_data": 140
			},
			"model": "modelengine:goblin_undead/rightleg"
		},
		{
			"predicate": {
				"custom_model_data": 141
			},
			"model": "modelengine:goblin_undead/leftleg"
		},
		{
			"predicate": {
				"custom_model_data": 142
			},
			"model": "modelengine:goblin_undead/head"
		},
		{
			"predicate": {
				"custom_model_data": 143
			},
			"model": "modelengine:goblin_undead/goblin"
		},
		{
			"predicate": {
				"custom_model_data": 144
			},
			"model": "modelengine:groundcrack/effect"
		},
		{
			"predicate": {
				"custom_model_data": 145
			},
			"model": "modelengine:shadow/bone"
		},
		{
			"predicate": {
				"custom_model_data": 146
			},
			"model": "modelengine:shadow/bone10"
		},
		{
			"predicate": {
				"custom_model_data": 147
			},
			"model": "modelengine:shadow/bone16"
		},
		{
			"predicate": {
				"custom_model_data": 148
			},
			"model": "modelengine:shadow/bone4"
		},
		{
			"predicate": {
				"custom_model_data": 149
			},
			"model": "modelengine:shadow/body"
		},
		{
			"predicate": {
				"custom_model_data": 150
			},
			"model": "modelengine:shadow/bone12"
		},
		{
			"predicate": {
				"custom_model_data": 151
			},
			"model": "modelengine:shadow/bone14"
		},
		{
			"predicate": {
				"custom_model_data": 152
			},
			"model": "modelengine:shadow/bone13"
		},
		{
			"predicate": {
				"custom_model_data": 153
			},
			"model": "modelengine:shadow/bone11"
		},
		{
			"predicate": {
				"custom_model_data": 154
			},
			"model": "modelengine:shadow/bone3"
		},
		{
			"predicate": {
				"custom_model_data": 155
			},
			"model": "modelengine:shadow/bone15"
		},
		{
			"predicate": {
				"custom_model_data": 156
			},
			"model": "modelengine:shadow/bone17"
		},
		{
			"predicate": {
				"custom_model_data": 157
			},
			"model": "modelengine:shadow/bone18"
		},
		{
			"predicate": {
				"custom_model_data": 158
			},
			"model": "modelengine:shadow/legs"
		},
		{
			"predicate": {
				"custom_model_data": 159
			},
			"model": "modelengine:shieldbreak/piece1"
		},
		{
			"predicate": {
				"custom_model_data": 160
			},
			"model": "modelengine:shieldbreak/piece2"
		},
		{
			"predicate": {
				"custom_model_data": 161
			},
			"model": "modelengine:shieldbreak/piece3"
		},
		{
			"predicate": {
				"custom_model_data": 162
			},
			"model": "modelengine:spineffect/swingeffect"
		},
		{
			"predicate": {
				"custom_model_data": 163
			},
			"model": "modelengine:signshield/torso"
		},
		{
			"predicate": {
				"custom_model_data": 164
			},
			"model": "modelengine:signbow/torso"
		},		
        { "predicate": { "custom_model_data": 165}, "model": "item/customblocks/silvergobletfilled" },
		{
			"predicate": {
				"custom_model_data": 166
			},
			"model": "modelengine:banshee/banshee"
		},
		{
			"predicate": {
				"custom_model_data":167
			},
			"model": "modelengine:bloodthirst/blood"
		},
		{
			"predicate": {
				"custom_model_data": 168
			},
			"model": "modelengine:broom/broom"
		},
		{
			"predicate": {
				"custom_model_data": 169
			},
			"model": "modelengine:cacti/cacti"
		},
		{
			"predicate": {
				"custom_model_data": 170
			},
			"model": "modelengine:candycauldron/candy"
		},
		{
			"predicate": {
				"custom_model_data": 171
			},
			"model": "modelengine:candycauldron/body"
		},
		{
			"predicate": {
				"custom_model_data": 172
			},
			"model": "modelengine:coffin/bone4"
		},
		{
			"predicate": {
				"custom_model_data": 173
			},
			"model": "modelengine:coffin/bone3"
		},
		{
			"predicate": {
				"custom_model_data": 174
			},
			"model": "modelengine:coffin/bone2"
		},
		{
			"predicate": {
				"custom_model_data": 175
			},
			"model": "modelengine:coffin/bone"
		},
		{
			"predicate": {
				"custom_model_data": 176
			},
			"model": "modelengine:coffin/lid"
		},
		{
			"predicate": {
				"custom_model_data": 177
			},
			"model": "modelengine:coffin/bone5"
		},
		{
			"predicate": {
				"custom_model_data": 178
			},
			"model": "modelengine:coffin/bone6"
		},
		{
			"predicate": {
				"custom_model_data": 179
			},
			"model": "modelengine:coffin/bone7"
		},
		{
			"predicate": {
				"custom_model_data": 180
			},
			"model": "modelengine:coffin/bone8"
		},
		{
			"predicate": {
				"custom_model_data": 181
			},
			"model": "modelengine:coffin/casket"
		},
		{
			"predicate": {
				"custom_model_data": 182
			},
			"model": "modelengine:direwolf/rbfoot"
		},
		{
			"predicate": {
				"custom_model_data": 183
			},
			"model": "modelengine:direwolf/rthigh"
		},
		{
			"predicate": {
				"custom_model_data": 184
			},
			"model": "modelengine:direwolf/rbfoot2"
		},
		{
			"predicate": {
				"custom_model_data": 185
			},
			"model": "modelengine:direwolf/rthigh2"
		},
		{
			"predicate": {
				"custom_model_data": 186
			},
			"model": "modelengine:direwolf/tailtip"
		},
		{
			"predicate": {
				"custom_model_data": 187
			},
			"model": "modelengine:direwolf/tail2"
		},
		{
			"predicate": {
				"custom_model_data": 188
			},
			"model": "modelengine:direwolf/tail1"
		},
		{
			"predicate": {
				"custom_model_data": 189
			},
			"model": "modelengine:direwolf/tailbase"
		},
		{
			"predicate": {
				"custom_model_data": 190
			},
			"model": "modelengine:direwolf/rffoot"
		},
		{
			"predicate": {
				"custom_model_data": 191
			},
			"model": "modelengine:direwolf/rfshoulder"
		},
		{
			"predicate": {
				"custom_model_data": 192
			},
			"model": "modelengine:direwolf/rffoot2"
		},
		{
			"predicate": {
				"custom_model_data": 193
			},
			"model": "modelengine:direwolf/rfshoulder2"
		},
		{
			"predicate": {
				"custom_model_data": 194
			},
			"model": "modelengine:direwolf/head"
		},
		{
			"predicate": {
				"custom_model_data": 195
			},
			"model": "modelengine:direwolf/shoulders"
		},
		{
			"predicate": {
				"custom_model_data": 196
			},
			"model": "modelengine:direwolf/back"
		},
		{
			"predicate": {
				"custom_model_data": 197
			},
			"model": "modelengine:direwolf_desert/rbfoot"
		},
		{
			"predicate": {
				"custom_model_data": 198
			},
			"model": "modelengine:direwolf_desert/rthigh"
		},
		{
			"predicate": {
				"custom_model_data": 199
			},
			"model": "modelengine:direwolf_desert/rbfoot2"
		},
		{
			"predicate": {
				"custom_model_data": 200
			},
			"model": "modelengine:direwolf_desert/rthigh2"
		},
		{
			"predicate": {
				"custom_model_data": 201
			},
			"model": "modelengine:direwolf_desert/tailtip"
		},
		{
			"predicate": {
				"custom_model_data": 202
			},
			"model": "modelengine:direwolf_desert/tail2"
		},
		{
			"predicate": {
				"custom_model_data": 203
			},
			"model": "modelengine:direwolf_desert/tail1"
		},
		{
			"predicate": {
				"custom_model_data": 204
			},
			"model": "modelengine:direwolf_desert/tailbase"
		},
		{
			"predicate": {
				"custom_model_data": 205
			},
			"model": "modelengine:direwolf_desert/rffoot"
		},
		{
			"predicate": {
				"custom_model_data": 206
			},
			"model": "modelengine:direwolf_desert/rfshoulder"
		},
		{
			"predicate": {
				"custom_model_data": 207
			},
			"model": "modelengine:direwolf_desert/rffoot2"
		},
		{
			"predicate": {
				"custom_model_data": 208
			},
			"model": "modelengine:direwolf_desert/rfshoulder2"
		},
		{
			"predicate": {
				"custom_model_data": 209
			},
			"model": "modelengine:direwolf_desert/head"
		},
		{
			"predicate": {
				"custom_model_data": 210
			},
			"model": "modelengine:direwolf_desert/shoulders"
		},
		{
			"predicate": {
				"custom_model_data": 211
			},
			"model": "modelengine:direwolf_desert/back"
		},
		{
			"predicate": {
				"custom_model_data": 212
			},
			"model": "modelengine:direwolf_taiga/rbfoot"
		},
		{
			"predicate": {
				"custom_model_data": 213
			},
			"model": "modelengine:direwolf_taiga/rthigh"
		},
		{
			"predicate": {
				"custom_model_data": 214
			},
			"model": "modelengine:direwolf_taiga/rbfoot2"
		},
		{
			"predicate": {
				"custom_model_data": 215
			},
			"model": "modelengine:direwolf_taiga/rthigh2"
		},
		{
			"predicate": {
				"custom_model_data": 216
			},
			"model": "modelengine:direwolf_taiga/tailtip"
		},
		{
			"predicate": {
				"custom_model_data": 217
			},
			"model": "modelengine:direwolf_taiga/tail2"
		},
		{
			"predicate": {
				"custom_model_data": 218
			},
			"model": "modelengine:direwolf_taiga/tail1"
		},
		{
			"predicate": {
				"custom_model_data": 219
			},
			"model": "modelengine:direwolf_taiga/tailbase"
		},
		{
			"predicate": {
				"custom_model_data": 220
			},
			"model": "modelengine:direwolf_taiga/rffoot"
		},
		{
			"predicate": {
				"custom_model_data": 221
			},
			"model": "modelengine:direwolf_taiga/rfshoulder"
		},
		{
			"predicate": {
				"custom_model_data": 222
			},
			"model": "modelengine:direwolf_taiga/rffoot2"
		},
		{
			"predicate": {
				"custom_model_data": 223
			},
			"model": "modelengine:direwolf_taiga/rfshoulder2"
		},
		{
			"predicate": {
				"custom_model_data": 224
			},
			"model": "modelengine:direwolf_taiga/head"
		},
		{
			"predicate": {
				"custom_model_data": 225
			},
			"model": "modelengine:direwolf_taiga/shoulders"
		},
		{
			"predicate": {
				"custom_model_data": 226
			},
			"model": "modelengine:direwolf_taiga/back"
		},
		{
			"predicate": {
				"custom_model_data": 228
			},
			"model": "modelengine:direwolfbite/bottomjaw"
		},
		{
			"predicate": {
				"custom_model_data": 229
			},
			"model": "modelengine:direwolfbite/topjaw"
		},
		{
			"predicate": {
				"custom_model_data": 230
			},
			"model": "modelengine:direwolfslash/slash"
		},
		{
			"predicate": {
				"custom_model_data": 231
			},
			"model": "modelengine:dragonfly/leftwing"
		},
		{
			"predicate": {
				"custom_model_data": 232
			},
			"model": "modelengine:dragonfly/rightwing"
		},
		{
			"predicate": {
				"custom_model_data": 233
			},
			"model": "modelengine:dragonfly/head"
		},
		{
			"predicate": {
				"custom_model_data": 234
			},
			"model": "modelengine:dragonfly/leftleg1"
		},
		{
			"predicate": {
				"custom_model_data": 235
			},
			"model": "modelengine:dragonfly/rightleg1"
		},
		{
			"predicate": {
				"custom_model_data": 236
			},
			"model": "modelengine:dragonfly/leftleg2"
		},
		{
			"predicate": {
				"custom_model_data": 237
			},
			"model": "modelengine:dragonfly/rightleg2"
		},
		{
			"predicate": {
				"custom_model_data": 238
			},
			"model": "modelengine:dragonfly/dragonfly"
		},
		{
			"predicate": {
				"custom_model_data": 239
			},
			"model": "modelengine:dragonfly2/leftwing"
		},
		{
			"predicate": {
				"custom_model_data": 240
			},
			"model": "modelengine:dragonfly2/rightwing"
		},
		{
			"predicate": {
				"custom_model_data": 241
			},
			"model": "modelengine:dragonfly2/head"
		},
		{
			"predicate": {
				"custom_model_data": 242
			},
			"model": "modelengine:dragonfly2/leftleg1"
		},
		{
			"predicate": {
				"custom_model_data": 243
			},
			"model": "modelengine:dragonfly2/rightleg1"
		},
		{
			"predicate": {
				"custom_model_data": 244
			},
			"model": "modelengine:dragonfly2/leftleg2"
		},
		{
			"predicate": {
				"custom_model_data": 245
			},
			"model": "modelengine:dragonfly2/rightleg2"
		},
		{
			"predicate": {
				"custom_model_data": 246
			},
			"model": "modelengine:dragonfly2/dragonfly"
		},
		{
			"predicate": {
				"custom_model_data": 247
			},
			"model": "modelengine:dragonfly3/leftwing"
		},
		{
			"predicate": {
				"custom_model_data": 248
			},
			"model": "modelengine:dragonfly3/rightwing"
		},
		{
			"predicate": {
				"custom_model_data": 249
			},
			"model": "modelengine:dragonfly3/head"
		},
		{
			"predicate": {
				"custom_model_data": 250
			},
			"model": "modelengine:dragonfly3/leftleg1"
		},
		{
			"predicate": {
				"custom_model_data": 251
			},
			"model": "modelengine:dragonfly3/rightleg1"
		},
		{
			"predicate": {
				"custom_model_data": 252
			},
			"model": "modelengine:dragonfly3/leftleg2"
		},
		{
			"predicate": {
				"custom_model_data": 253
			},
			"model": "modelengine:dragonfly3/rightleg2"
		},
		{
			"predicate": {
				"custom_model_data": 254
			},
			"model": "modelengine:dragonfly3/dragonfly"
		},
		{
			"predicate": {
				"custom_model_data": 255
			},
			"model": "modelengine:dragonfly4/leftwing"
		},
		{
			"predicate": {
				"custom_model_data": 256
			},
			"model": "modelengine:dragonfly4/rightwing"
		},
		{
			"predicate": {
				"custom_model_data": 257
			},
			"model": "modelengine:dragonfly4/head"
		},
		{
			"predicate": {
				"custom_model_data": 258
			},
			"model": "modelengine:dragonfly4/leftleg1"
		},
		{
			"predicate": {
				"custom_model_data": 259
			},
			"model": "modelengine:dragonfly4/rightleg1"
		},
		{
			"predicate": {
				"custom_model_data": 260
			},
			"model": "modelengine:dragonfly4/leftleg2"
		},
		{
			"predicate": {
				"custom_model_data": 261
			},
			"model": "modelengine:dragonfly4/rightleg2"
		},
		{
			"predicate": {
				"custom_model_data": 262
			},
			"model": "modelengine:dragonfly4/dragonfly"
		},
		{
			"predicate": {
				"custom_model_data": 263
			},
			"model": "modelengine:flamingo/head"
		},
		{
			"predicate": {
				"custom_model_data": 264
			},
			"model": "modelengine:flamingo/rightwing"
		},
		{
			"predicate": {
				"custom_model_data": 265
			},
			"model": "modelengine:flamingo/leftwing"
		},
		{
			"predicate": {
				"custom_model_data": 266
			},
			"model": "modelengine:flamingo/leftfoot"
		},
		{
			"predicate": {
				"custom_model_data": 267
			},
			"model": "modelengine:flamingo/leftleg"
		},
		{
			"predicate": {
				"custom_model_data": 268
			},
			"model": "modelengine:flamingo/rightfoot"
		},
		{
			"predicate": {
				"custom_model_data": 269
			},
			"model": "modelengine:flamingo/rightleg"
		},
		{
			"predicate": {
				"custom_model_data": 270
			},
			"model": "modelengine:flamingo/flamingo"
		},
		{
			"predicate": {
				"custom_model_data": 271
			},
			"model": "modelengine:flamingo_baby/rightwing"
		},
		{
			"predicate": {
				"custom_model_data": 272
			},
			"model": "modelengine:flamingo_baby/rightleg"
		},
		{
			"predicate": {
				"custom_model_data": 273
			},
			"model": "modelengine:flamingo_baby/leftleg"
		},
		{
			"predicate": {
				"custom_model_data": 274
			},
			"model": "modelengine:flamingo_baby/leftwing"
		},
		{
			"predicate": {
				"custom_model_data": 275
			},
			"model": "modelengine:flamingo_baby/head"
		},
		{
			"predicate": {
				"custom_model_data": 276
			},
			"model": "modelengine:flamingo_baby/body"
		},
		{
			"predicate": {
				"custom_model_data": 277
			},
			"model": "modelengine:frankenstein/rightforearm"
		},
		{
			"predicate": {
				"custom_model_data": 278
			},
			"model": "modelengine:frankenstein/rightarm"
		},
		{
			"predicate": {
				"custom_model_data": 279
			},
			"model": "modelengine:frankenstein/leftforearm"
		},
		{
			"predicate": {
				"custom_model_data": 280
			},
			"model": "modelengine:frankenstein/leftarm"
		},
		{
			"predicate": {
				"custom_model_data": 281
			},
			"model": "modelengine:frankenstein/head"
		},
		{
			"predicate": {
				"custom_model_data": 282
			},
			"model": "modelengine:frankenstein/rightcalf"
		},
		{
			"predicate": {
				"custom_model_data": 283
			},
			"model": "modelengine:frankenstein/rightleg"
		},
		{
			"predicate": {
				"custom_model_data": 284
			},
			"model": "modelengine:frankenstein/leftcalf"
		},
		{
			"predicate": {
				"custom_model_data": 285
			},
			"model": "modelengine:frankenstein/leftleg"
		},
		{
			"predicate": {
				"custom_model_data": 286
			},
			"model": "modelengine:frankenstein/torso"
		},
		{
			"predicate": {
				"custom_model_data": 287
			},
			"model": "modelengine:giantclam/pearl"
		},
		{
			"predicate": {
				"custom_model_data": 288
			},
			"model": "modelengine:giantclam/top"
		},
		{
			"predicate": {
				"custom_model_data": 289
			},
			"model": "modelengine:giantclam/bottom"
		},
		{
			"predicate": {
				"custom_model_data": 290
			},
			"model": "modelengine:hatduck/leftleg"
		},
		{
			"predicate": {
				"custom_model_data": 291
			},
			"model": "modelengine:hatduck/head"
		},
		{
			"predicate": {
				"custom_model_data": 292
			},
			"model": "modelengine:hatduck/rightleg"
		},
		{
			"predicate": {
				"custom_model_data": 293
			},
			"model": "modelengine:hatduck/body"
		},
		{
			"predicate": {
				"custom_model_data": 294
			},
			"model": "modelengine:hornytoad/frontleftarm"
		},
		{
			"predicate": {
				"custom_model_data": 295
			},
			"model": "modelengine:hornytoad/frontrightarm"
		},
		{
			"predicate": {
				"custom_model_data": 296
			},
			"model": "modelengine:hornytoad/head"
		},
		{
			"predicate": {
				"custom_model_data": 297
			},
			"model": "modelengine:hornytoad/backleftarm"
		},
		{
			"predicate": {
				"custom_model_data": 298
			},
			"model": "modelengine:hornytoad/backrightarm"
		},
		{
			"predicate": {
				"custom_model_data": 299
			},
			"model": "modelengine:hornytoad/hornytoad"
		},
		{
			"predicate": {
				"custom_model_data": 300
			},
			"model": "modelengine:mummy/leftfoot"
		},
		{
			"predicate": {
				"custom_model_data": 301
			},
			"model": "modelengine:mummy/leftcalf"
		},
		{
			"predicate": {
				"custom_model_data": 302
			},
			"model": "modelengine:mummy/leftleg"
		},
		{
			"predicate": {
				"custom_model_data": 303
			},
			"model": "modelengine:mummy/rightfoot"
		},
		{
			"predicate": {
				"custom_model_data": 304
			},
			"model": "modelengine:mummy/rightcalf"
		},
		{
			"predicate": {
				"custom_model_data": 305
			},
			"model": "modelengine:mummy/rightleg"
		},
		{
			"predicate": {
				"custom_model_data": 306
			},
			"model": "modelengine:mummy/lefthand"
		},
		{
			"predicate": {
				"custom_model_data": 307
			},
			"model": "modelengine:mummy/leftforearm"
		},
		{
			"predicate": {
				"custom_model_data": 308
			},
			"model": "modelengine:mummy/leftarm"
		},
		{
			"predicate": {
				"custom_model_data": 309
			},
			"model": "modelengine:mummy/righthand"
		},
		{
			"predicate": {
				"custom_model_data": 310
			},
			"model": "modelengine:mummy/rightforearm"
		},
		{
			"predicate": {
				"custom_model_data": 311
			},
			"model": "modelengine:mummy/rightarm"
		},
		{
			"predicate": {
				"custom_model_data": 312
			},
			"model": "modelengine:mummy/head"
		},
		{
			"predicate": {
				"custom_model_data": 313
			},
			"model": "modelengine:mummy/torso"
		},
		{
			"predicate": {
				"custom_model_data": 314
			},
			"model": "modelengine:rat/lleg2"
		},
		{
			"predicate": {
				"custom_model_data": 315
			},
			"model": "modelengine:rat/lleg"
		},
		{
			"predicate": {
				"custom_model_data": 316
			},
			"model": "modelengine:rat/tail"
		},
		{
			"predicate": {
				"custom_model_data": 317
			},
			"model": "modelengine:rat/lleg3"
		},
		{
			"predicate": {
				"custom_model_data": 318
			},
			"model": "modelengine:rat/lleg4"
		},
		{
			"predicate": {
				"custom_model_data": 319
			},
			"model": "modelengine:rat/body"
		},
		{
			"predicate": {
				"custom_model_data": 320
			},
			"model": "modelengine:shadowwolf/rbfoot"
		},
		{
			"predicate": {
				"custom_model_data": 321
			},
			"model": "modelengine:shadowwolf/rthigh"
		},
		{
			"predicate": {
				"custom_model_data": 322
			},
			"model": "modelengine:shadowwolf/rbfoot2"
		},
		{
			"predicate": {
				"custom_model_data": 323
			},
			"model": "modelengine:shadowwolf/rthigh2"
		},
		{
			"predicate": {
				"custom_model_data": 324
			},
			"model": "modelengine:shadowwolf/tailtip"
		},
		{
			"predicate": {
				"custom_model_data": 325
			},
			"model": "modelengine:shadowwolf/tail2"
		},
		{
			"predicate": {
				"custom_model_data": 326
			},
			"model": "modelengine:shadowwolf/tail1"
		},
		{
			"predicate": {
				"custom_model_data": 327
			},
			"model": "modelengine:shadowwolf/tailbase"
		},
		{
			"predicate": {
				"custom_model_data": 328
			},
			"model": "modelengine:shadowwolf/rffoot"
		},
		{
			"predicate": {
				"custom_model_data": 329
			},
			"model": "modelengine:shadowwolf/rfshoulder"
		},
		{
			"predicate": {
				"custom_model_data": 330
			},
			"model": "modelengine:shadowwolf/rffoot2"
		},
		{
			"predicate": {
				"custom_model_data": 331
			},
			"model": "modelengine:shadowwolf/rfshoulder2"
		},
		{
			"predicate": {
				"custom_model_data": 332
			},
			"model": "modelengine:shadowwolf/head"
		},
		{
			"predicate": {
				"custom_model_data": 333
			},
			"model": "modelengine:shadowwolf/shoulders"
		},
		{
			"predicate": {
				"custom_model_data": 334
			},
			"model": "modelengine:shadowwolf/back"
		},
		{
			"predicate": {
				"custom_model_data": 335
			},
			"model": "modelengine:snappingturtle/head"
		},
		{
			"predicate": {
				"custom_model_data": 336
			},
			"model": "modelengine:snappingturtle/leftleg"
		},
		{
			"predicate": {
				"custom_model_data": 337
			},
			"model": "modelengine:snappingturtle/rightleg"
		},
		{
			"predicate": {
				"custom_model_data": 338
			},
			"model": "modelengine:snappingturtle/leftleg2"
		},
		{
			"predicate": {
				"custom_model_data": 339
			},
			"model": "modelengine:snappingturtle/rightleg2"
		},
		{
			"predicate": {
				"custom_model_data": 340
			},
			"model": "modelengine:snappingturtle/body"
		},
		{
			"predicate": {
				"custom_model_data": 341
			},
			"model": "modelengine:trampoline/trampoline"
		},
		{
			"predicate": {
				"custom_model_data": 342
			},
			"model": "modelengine:tumbleweed/tumbleweed"
		},
		{
			"predicate": {
				"custom_model_data": 343
			},
			"model": "modelengine:undeadminer/left_leg"
		},
		{
			"predicate": {
				"custom_model_data": 344
			},
			"model": "modelengine:undeadminer/left_arm"
		},
		{
			"predicate": {
				"custom_model_data": 345
			},
			"model": "modelengine:undeadminer/right_arm"
		},
		{
			"predicate": {
				"custom_model_data": 346
			},
			"model": "modelengine:undeadminer/head"
		},
		{
			"predicate": {
				"custom_model_data": 347
			},
			"model": "modelengine:undeadminer/right_leg"
		},
		{
			"predicate": {
				"custom_model_data": 348
			},
			"model": "modelengine:undeadminer/body"
		},
		{
			"predicate": {
				"custom_model_data": 349
			},
			"model": "modelengine:vamp/lefthand"
		},
		{
			"predicate": {
				"custom_model_data": 350
			},
			"model": "modelengine:vamp/leftforearm"
		},
		{
			"predicate": {
				"custom_model_data": 351
			},
			"model": "modelengine:vamp/leftbicep"
		},
		{
			"predicate": {
				"custom_model_data": 352
			},
			"model": "modelengine:vamp/righthand"
		},
		{
			"predicate": {
				"custom_model_data": 353
			},
			"model": "modelengine:vamp/rightforearm"
		},
		{
			"predicate": {
				"custom_model_data": 354
			},
			"model": "modelengine:vamp/rightbicep"
		},
		{
			"predicate": {
				"custom_model_data": 355
			},
			"model": "modelengine:vamp/leftfoot"
		},
		{
			"predicate": {
				"custom_model_data": 356
			},
			"model": "modelengine:vamp/leftcalf"
		},
		{
			"predicate": {
				"custom_model_data": 357
			},
			"model": "modelengine:vamp/leftthigh"
		},
		{
			"predicate": {
				"custom_model_data": 358
			},
			"model": "modelengine:vamp/rightfoot"
		},
		{
			"predicate": {
				"custom_model_data": 359
			},
			"model": "modelengine:vamp/rightcalf"
		},
		{
			"predicate": {
				"custom_model_data": 360
			},
			"model": "modelengine:vamp/rightthigh"
		},
		{
			"predicate": {
				"custom_model_data": 361
			},
			"model": "modelengine:vamp/head"
		},
		{
			"predicate": {
				"custom_model_data": 362
			},
			"model": "modelengine:vamp/torso"
		},
		{
			"predicate": {
				"custom_model_data": 363
			},
			"model": "modelengine:vulture/head"
		},
		{
			"predicate": {
				"custom_model_data": 364
			},
			"model": "modelengine:vulture/rightleg"
		},
		{
			"predicate": {
				"custom_model_data": 365
			},
			"model": "modelengine:vulture/leftleg"
		},
		{
			"predicate": {
				"custom_model_data": 366
			},
			"model": "modelengine:vulture/rightwing"
		},
		{
			"predicate": {
				"custom_model_data": 367
			},
			"model": "modelengine:vulture/leftwing3"
		},
		{
			"predicate": {
				"custom_model_data": 368
			},
			"model": "modelengine:vulture/vulture"
		},
		{
			"predicate": {
				"custom_model_data": 369
			},
			"model": "modelengine:zombievomit/vomit"
		},
        { "predicate": { "custom_model_data": 370}, "model": "item/customblocks/goldengobletfilled" },
		{
			"predicate": {
				"custom_model_data": 371
			},
			"model": "modelengine:golem/head"
		},
		{
			"predicate": {
				"custom_model_data": 372
			},
			"model": "modelengine:golem/leftarm2"
		},
		{
			"predicate": {
				"custom_model_data": 373
			},
			"model": "modelengine:golem/leftarm"
		},
		{
			"predicate": {
				"custom_model_data": 374
			},
			"model": "modelengine:golem/leftleg2"
		},
		{
			"predicate": {
				"custom_model_data": 375
			},
			"model": "modelengine:golem/leftleg"
		},
		{
			"predicate": {
				"custom_model_data": 376
			},
			"model": "modelengine:golem/rightleg2"
		},
		{
			"predicate": {
				"custom_model_data": 377
			},
			"model": "modelengine:golem/rightleg"
		},
		{
			"predicate": {
				"custom_model_data": 378
			},
			"model": "modelengine:golem/rightarm2"
		},
		{
			"predicate": {
				"custom_model_data": 379
			},
			"model": "modelengine:golem/rightarm"
		},
		{
			"predicate": {
				"custom_model_data": 380
			},
			"model": "modelengine:golem/torso"
		},
		{
			"predicate": {
				"custom_model_data": 381
			},
			"model": "modelengine:jelly/tendrils4"
		},
		{
			"predicate": {
				"custom_model_data": 382
			},
			"model": "modelengine:jelly/tendrils"
		},
		{
			"predicate": {
				"custom_model_data": 383
			},
			"model": "modelengine:jelly/tendrils3"
		},
		{
			"predicate": {
				"custom_model_data": 384
			},
			"model": "modelengine:jelly/tendrils2"
		},
		{
			"predicate": {
				"custom_model_data": 385
			},
			"model": "modelengine:jelly/membrane"
		},
		{
			"predicate": {
				"custom_model_data": 386
			},
			"model": "modelengine:jelly/jelly"
		},
		{
			"predicate": {
				"custom_model_data": 387
			},
			"model": "modelengine:mimic/3"
		},
		{
			"predicate": {
				"custom_model_data": 388
			},
			"model": "modelengine:mimic/2"
		},
		{
			"predicate": {
				"custom_model_data": 389
			},
			"model": "modelengine:mimic/1"
		},
		{
			"predicate": {
				"custom_model_data": 390
			},
			"model": "modelengine:mimic/tongue"
		},
		{
			"predicate": {
				"custom_model_data": 391
			},
			"model": "modelengine:mimic/bone2"
		},
		{
			"predicate": {
				"custom_model_data": 392
			},
			"model": "modelengine:mimic/bone"
		},
		{
			"predicate": {
				"custom_model_data": 393
			},
			"model": "modelengine:shark/rightfin"
		},
		{
			"predicate": {
				"custom_model_data": 394
			},
			"model": "modelengine:shark/rightfin2"
		},
		{
			"predicate": {
				"custom_model_data": 395
			},
			"model": "modelengine:shark/tail2"
		},
		{
			"predicate": {
				"custom_model_data": 396
			},
			"model": "modelengine:shark/tail1"
		},
		{
			"predicate": {
				"custom_model_data": 397
			},
			"model": "modelengine:shark/jaw"
		},
		{
			"predicate": {
				"custom_model_data": 398
			},
			"model": "modelengine:shark/head"
		},
		{
			"predicate": {
				"custom_model_data": 399
			},
			"model": "modelengine:shark/neck"
		},
		{
			"predicate": {
				"custom_model_data": 400
			},
			"model": "modelengine:shark/body"
		},
		{
			"predicate": {
				"custom_model_data": 401
			},
			"model": "modelengine:archer/noggin"
		},
		{
			"predicate": {
				"custom_model_data": 402
			},
			"model": "modelengine:archer/lefthand"
		},
		{
			"predicate": {
				"custom_model_data": 403
			},
			"model": "modelengine:archer/leftarm"
		},
		{
			"predicate": {
				"custom_model_data": 404
			},
			"model": "modelengine:archer/leftfoot"
		},
		{
			"predicate": {
				"custom_model_data": 405
			},
			"model": "modelengine:archer/leftleg"
		},
		{
			"predicate": {
				"custom_model_data": 406
			},
			"model": "modelengine:archer/head"
		},
		{
			"predicate": {
				"custom_model_data": 407
			},
			"model": "modelengine:archer/leftwing"
		},
		{
			"predicate": {
				"custom_model_data": 408
			},
			"model": "modelengine:archer/rightwing"
		},
		{
			"predicate": {
				"custom_model_data": 409
			},
			"model": "modelengine:archer/hawk"
		},
		{
			"predicate": {
				"custom_model_data": 410
			},
			"model": "modelengine:archer/righthand"
		},
		{
			"predicate": {
				"custom_model_data": 411
			},
			"model": "modelengine:archer/rightarm"
		},
		{
			"predicate": {
				"custom_model_data": 412
			},
			"model": "modelengine:archer/rightfoot"
		},
		{
			"predicate": {
				"custom_model_data": 413
			},
			"model": "modelengine:archer/rightleg"
		},
		{
			"predicate": {
				"custom_model_data": 414
			},
			"model": "modelengine:archer/archer"
		},
		{
			"predicate": {
				"custom_model_data": 415
			},
			"model": "modelengine:blacksmith/head"
		},
		{
			"predicate": {
				"custom_model_data": 416
			},
			"model": "modelengine:blacksmith/rightfoot"
		},
		{
			"predicate": {
				"custom_model_data": 417
			},
			"model": "modelengine:blacksmith/rightleg"
		},
		{
			"predicate": {
				"custom_model_data": 418
			},
			"model": "modelengine:blacksmith/leftfoot"
		},
		{
			"predicate": {
				"custom_model_data": 419
			},
			"model": "modelengine:blacksmith/leftleg"
		},
		{
			"predicate": {
				"custom_model_data": 420
			},
			"model": "modelengine:blacksmith/righthand"
		},
		{
			"predicate": {
				"custom_model_data": 421
			},
			"model": "modelengine:blacksmith/rightarm"
		},
		{
			"predicate": {
				"custom_model_data": 422
			},
			"model": "modelengine:blacksmith/lefthand"
		},
		{
			"predicate": {
				"custom_model_data": 423
			},
			"model": "modelengine:blacksmith/leftarm"
		},
		{
			"predicate": {
				"custom_model_data": 424
			},
			"model": "modelengine:blacksmith/blacksmith"
		},
		{
			"predicate": {
				"custom_model_data": 425
			},
			"model": "modelengine:butcher/lefthand"
		},
		{
			"predicate": {
				"custom_model_data": 426
			},
			"model": "modelengine:butcher/leftarm"
		},
		{
			"predicate": {
				"custom_model_data": 427
			},
			"model": "modelengine:butcher/righthand"
		},
		{
			"predicate": {
				"custom_model_data": 428
			},
			"model": "modelengine:butcher/rightarm"
		},
		{
			"predicate": {
				"custom_model_data": 429
			},
			"model": "modelengine:butcher/leftfoot"
		},
		{
			"predicate": {
				"custom_model_data": 430
			},
			"model": "modelengine:butcher/leftleg"
		},
		{
			"predicate": {
				"custom_model_data": 431
			},
			"model": "modelengine:butcher/rightfoot"
		},
		{
			"predicate": {
				"custom_model_data": 432
			},
			"model": "modelengine:butcher/rightleg"
		},
		{
			"predicate": {
				"custom_model_data": 433
			},
			"model": "modelengine:butcher/head"
		},
		{
			"predicate": {
				"custom_model_data": 434
			},
			"model": "modelengine:butcher/butcher"
		},
		{
			"predicate": {
				"custom_model_data": 435
			},
			"model": "modelengine:farmer/head"
		},
		{
			"predicate": {
				"custom_model_data": 436
			},
			"model": "modelengine:farmer/lefthand"
		},
		{
			"predicate": {
				"custom_model_data": 437
			},
			"model": "modelengine:farmer/leftarm"
		},
		{
			"predicate": {
				"custom_model_data": 438
			},
			"model": "modelengine:farmer/leftfoot"
		},
		{
			"predicate": {
				"custom_model_data": 439
			},
			"model": "modelengine:farmer/leftleg"
		},
		{
			"predicate": {
				"custom_model_data": 440
			},
			"model": "modelengine:farmer/righthand"
		},
		{
			"predicate": {
				"custom_model_data": 441
			},
			"model": "modelengine:farmer/rightarm"
		},
		{
			"predicate": {
				"custom_model_data": 442
			},
			"model": "modelengine:farmer/rightfoot"
		},
		{
			"predicate": {
				"custom_model_data": 443
			},
			"model": "modelengine:farmer/rightleg"
		},
		{
			"predicate": {
				"custom_model_data": 444
			},
			"model": "modelengine:farmer/farmer"
		},
		{
			"predicate": {
				"custom_model_data": 445
			},
			"model": "modelengine:guard/hiltsword"
		},
		{
			"predicate": {
				"custom_model_data": 446
			},
			"model": "modelengine:guard/handsword"
		},
		{
			"predicate": {
				"custom_model_data": 447
			},
			"model": "modelengine:guard/lefthand"
		},
		{
			"predicate": {
				"custom_model_data": 448
			},
			"model": "modelengine:guard/leftarm"
		},
		{
			"predicate": {
				"custom_model_data": 449
			},
			"model": "modelengine:guard/rightfoot"
		},
		{
			"predicate": {
				"custom_model_data": 450
			},
			"model": "modelengine:guard/rightleg"
		},
		{
			"predicate": {
				"custom_model_data": 451
			},
			"model": "modelengine:guard/head"
		},
		{
			"predicate": {
				"custom_model_data": 452
			},
			"model": "modelengine:guard/torch"
		},
		{
			"predicate": {
				"custom_model_data": 453
			},
			"model": "modelengine:guard/empty"
		},
		{
			"predicate": {
				"custom_model_data": 454
			},
			"model": "modelengine:guard/righthand"
		},
		{
			"predicate": {
				"custom_model_data": 455
			},
			"model": "modelengine:guard/rightarm"
		},
		{
			"predicate": {
				"custom_model_data": 456
			},
			"model": "modelengine:guard/leftfoot"
		},
		{
			"predicate": {
				"custom_model_data": 457
			},
			"model": "modelengine:guard/leftleg"
		},
		{
			"predicate": {
				"custom_model_data": 458
			},
			"model": "modelengine:guard/guard"
		},
		{
			"predicate": {
				"custom_model_data": 459
			},
			"model": "modelengine:npcgreeting/head"
		},
		{
			"predicate": {
				"custom_model_data": 460
			},
			"model": "modelengine:wizard/lefthand"
		},
		{
			"predicate": {
				"custom_model_data": 461
			},
			"model": "modelengine:wizard/leftarm"
		},
		{
			"predicate": {
				"custom_model_data": 462
			},
			"model": "modelengine:wizard/righthand"
		},
		{
			"predicate": {
				"custom_model_data": 463
			},
			"model": "modelengine:wizard/rightarm"
		},
		{
			"predicate": {
				"custom_model_data": 464
			},
			"model": "modelengine:wizard/leftfoot"
		},
		{
			"predicate": {
				"custom_model_data": 465
			},
			"model": "modelengine:wizard/leftleg"
		},
		{
			"predicate": {
				"custom_model_data": 466
			},
			"model": "modelengine:wizard/rightfoot"
		},
		{
			"predicate": {
				"custom_model_data": 467
			},
			"model": "modelengine:wizard/rightleg"
		},
		{
			"predicate": {
				"custom_model_data": 468
			},
			"model": "modelengine:wizard/head"
		},
		{
			"predicate": {
				"custom_model_data": 469
			},
			"model": "modelengine:wizard/wizard"
		},
		{
			"predicate": {
				"custom_model_data": 470
			},
			"model": "modelengine:wizard/page"
		},
		{
			"predicate": {
				"custom_model_data": 471
			},
			"model": "modelengine:wizard/book"
		}		
  ],
  "textures": {
    "layer0": "minecraft:item/leather_horse_armor"
  }
}