{
  "parent": "minecraft:item/generated",
    "overrides": [
		{ "predicate": { "custom_model_data": 1}, "model": "block/tripwire/flower_h" },
		{ "predicate": { "custom_model_data": 2}, "model": "item/blueprints/chair1" },
		{ "predicate": { "custom_model_data": 3}, "model": "item/blueprints/chair2" },
		{ "predicate": { "custom_model_data": 4}, "model": "item/customblocks/awning" },
		{ "predicate": { "custom_model_data": 5}, "model": "item/customblocks/chair_a" },
		{ "predicate": { "custom_model_data": 6}, "model": "item/customblocks/chair_b" },
		{ "predicate": { "custom_model_data": 7}, "model": "item/customblocks/painter_color" },
		{
			"predicate": {
				"custom_model_data": 8
			},
			"model": "modelengine:pharaoh/head"
		},
		{
			"predicate": {
				"custom_model_data": 9
			},
			"model": "modelengine:pharaoh/bandage"
		},
		{
			"predicate": {
				"custom_model_data": 10
			},
			"model": "modelengine:pharaoh/righthand"
		},
		{
			"predicate": {
				"custom_model_data": 11
			},
			"model": "modelengine:pharaoh/rightarm"
		},
		{
			"predicate": {
				"custom_model_data": 12
			},
			"model": "modelengine:pharaoh/lefthand"
		},
		{
			"predicate": {
				"custom_model_data": 13
			},
			"model": "modelengine:pharaoh/leftarm"
		},
		{
			"predicate": {
				"custom_model_data": 14
			},
			"model": "modelengine:pharaoh/rightfoot"
		},
		{
			"predicate": {
				"custom_model_data": 15
			},
			"model": "modelengine:pharaoh/rightleg"
		},
		{
			"predicate": {
				"custom_model_data": 16
			},
			"model": "modelengine:pharaoh/leftfoot"
		},
		{
			"predicate": {
				"custom_model_data": 17
			},
			"model": "modelengine:pharaoh/leftleg"
		},
		{
			"predicate": {
				"custom_model_data": 18
			},
			"model": "modelengine:pharaoh/pharaoh"
		},
		{
			"predicate": {
				"custom_model_data": 19
			},
			"model": "modelengine:plague/hand"
		},
		{
			"predicate": {
				"custom_model_data": 20
			},
			"model": "modelengine:plague/fore"
		},
		{
			"predicate": {
				"custom_model_data": 21
			},
			"model": "modelengine:plague/arm"
		},
		{
			"predicate": {
				"custom_model_data": 22
			},
			"model": "modelengine:scarab/leftlegs"
		},
		{
			"predicate": {
				"custom_model_data": 23
			},
			"model": "modelengine:scarab/rightlegs"
		},
		{
			"predicate": {
				"custom_model_data": 24
			},
			"model": "modelengine:scarab/leftleg2"
		},
		{
			"predicate": {
				"custom_model_data": 25
			},
			"model": "modelengine:scarab/rightleg2"
		},
		{
			"predicate": {
				"custom_model_data": 26
			},
			"model": "modelengine:scarab/leftleg"
		},
		{
			"predicate": {
				"custom_model_data": 27
			},
			"model": "modelengine:scarab/rightleg3"
		},
		{
			"predicate": {
				"custom_model_data": 28
			},
			"model": "modelengine:scarab/scarab"
		},
		{
			"predicate": {
				"custom_model_data": 29
			},
			"model": "modelengine:dirtdevil/bone"
		},
		{
			"predicate": {
				"custom_model_data": 30
			},
			"model": "modelengine:dirtdevil/bone2"
		},
		{
			"predicate": {
				"custom_model_data": 31
			},
			"model": "modelengine:dirtdevil/dirtdevil"
		},
		{
			"predicate": {
				"custom_model_data": 32
			},
			"model": "modelengine:rattler/jaw"
		},
		{
			"predicate": {
				"custom_model_data": 33
			},
			"model": "modelengine:rattler/rattle"
		},
		{
			"predicate": {
				"custom_model_data": 34
			},
			"model": "modelengine:rattler/link5"
		},
		{
			"predicate": {
				"custom_model_data": 35
			},
			"model": "modelengine:rattler/link4"
		},
		{
			"predicate": {
				"custom_model_data": 36
			},
			"model": "modelengine:rattler/link3"
		},
		{
			"predicate": {
				"custom_model_data": 37
			},
			"model": "modelengine:rattler/link2"
		},
		{
			"predicate": {
				"custom_model_data": 38
			},
			"model": "modelengine:rattler/link"
		},
		{
			"predicate": {
				"custom_model_data": 39
			},
			"model": "modelengine:rattler/head"
		},
		{
			"predicate": {
				"custom_model_data": 40
			},
			"model": "modelengine:camel/head"
		},
		{
			"predicate": {
				"custom_model_data": 41
			},
			"model": "modelengine:camel/leftbackfoot"
		},
		{
			"predicate": {
				"custom_model_data": 42
			},
			"model": "modelengine:camel/leftbackleg"
		},
		{
			"predicate": {
				"custom_model_data": 43
			},
			"model": "modelengine:camel/rightbackfoot"
		},
		{
			"predicate": {
				"custom_model_data": 44
			},
			"model": "modelengine:camel/rightbackleg"
		},
		{
			"predicate": {
				"custom_model_data": 45
			},
			"model": "modelengine:camel/leftfrontfoot"
		},
		{
			"predicate": {
				"custom_model_data": 46
			},
			"model": "modelengine:camel/leftfrontleg"
		},
		{
			"predicate": {
				"custom_model_data": 47
			},
			"model": "modelengine:camel/rightfrontfoot"
		},
		{
			"predicate": {
				"custom_model_data": 48
			},
			"model": "modelengine:camel/rightfrontleg"
		},
		{
			"predicate": {
				"custom_model_data": 49
			},
			"model": "modelengine:camel/camel"
		},
		{ "predicate": { "custom_model_data": 50}, "model": "item/customblocks/logs1" },
		{ "predicate": { "custom_model_data": 51}, "model": "item/customblocks/pendeluhr" },
		{ "predicate": { "custom_model_data": 52}, "model": "item/customblocks/logs2" },
		{ "predicate": { "custom_model_data": 53}, "model": "item/customblocks/logs3" },
		{ "predicate": { "custom_model_data": 54}, "model": "item/customblocks/tablecloth" },
		{ "predicate": { "custom_model_data": 55}, "model": "item/customblocks/ladder1" },
        { "predicate": { "custom_model_data": 56}, "model": "modelengine:sign/torso" },
        { "predicate": { "custom_model_data": 57}, "model": "modelengine:signstore/torso" },
        { "predicate": { "custom_model_data": 58}, "model": "modelengine:signplant/torso" },
        { "predicate": { "custom_model_data": 59}, "model": "modelengine:signsword/torso" },
        { "predicate": { "custom_model_data": 60}, "model": "modelengine:signhorse/torso" }		
  ],
  "textures": {
    "layer0": "minecraft:item/leather_horse_armor"
  }
}