{
    "parent": "item/generated",
    "textures": {
        "layer0": "block/lily_pad"
    },
	"overrides": [
		{ "predicate": { "custom_model_data": 1}, "model": "item/ship/dragonboat" },
		{ "predicate": { "custom_model_data": 2}, "model": "item/ship/waterblueprint" },
		{ "predicate": { "custom_model_data": 3}, "model": "item/ship/barge" },
		{ "predicate": { "custom_model_data": 4}, "model": "item/ship/shipblueprint" },
		{ "predicate": { "custom_model_data": 5}, "model": "item/ship/waterblueprint" },
		{ "predicate": { "custom_model_data": 6}, "model": "item/ship/blueprintshipplayer" }
	]
}
