{
	"parent": "item/generated",
	"textures": {
		"layer0": "item/music_disc_wait"
	},
	"overrides": [
		{ "predicate": { "custom_model_data": 1}, "model": "item/vote/skin_token" },
		{ "predicate": { "custom_model_data": 2}, "model": "item/vote/skin_token" },
		{ "predicate": { "custom_model_data": 3}, "model": "item/vote/skin_token" },
		{ "predicate": { "custom_model_data": 4}, "model": "item/vote/skin_token" },
		{ "predicate": { "custom_model_data": 5}, "model": "item/vote/skin_token" },
		{ "predicate": { "custom_model_data": 6}, "model": "item/vote/skin_token" },
		{ "predicate": { "custom_model_data": 50}, "model": "item/vote/skin_token" }
	]
}
