{
  "parent": "minecraft:item/handheld",
  "textures": {
    "layer0": "minecraft:item/netherite_sword"
	},
	"overrides": [
		{ "predicate": { "custom_model_data": 1}, "model": "item/netheritesword/dawnbreaker_n" },
		{ "predicate": { "custom_model_data": 2}, "model": "item/netheritesword/frostmournen" },
		{ "predicate": { "custom_model_data": 3}, "model": "item/netheritesword/crashbringer" },
		{ "predicate": { "custom_model_data": 4}, "model": "item/netheritesword/shalamaynen" },
		{ "predicate": { "custom_model_data": 5}, "model": "item/netheritesword/thunderfuryn" },
		{ "predicate": { "custom_model_data": 7}, "model": "item/netheritesword/vswordn" },
		{ "predicate": { "custom_model_data": 9}, "model": "item/netheritesword/walkingstickn" },
		{ "predicate": { "custom_model_data": 10}, "model": "item/netheritesword/claiveswordn" },
		{ "predicate": { "custom_model_data": 19}, "model": "item/netheritesword/piratecurse" },
		{ "predicate": { "custom_model_data": 20}, "model": "item/netheritesword/barstooln" },
		{ "predicate": { "custom_model_data": 21}, "model": "item/netheritesword/candlen" },
		{ "predicate": { "custom_model_data": 22}, "model": "item/netheritesword/halloweensword" },
		{ "predicate": { "custom_model_data": 23}, "model": "item/netheritesword/zhulu" },
		{ "predicate": { "custom_model_data": 24}, "model": "item/netheritesword/tchak" },
		{ "predicate": { "custom_model_data": 25}, "model": "item/netheritesword/meltingpointn" },
		{ "predicate": { "custom_model_data": 26}, "model": "item/netheritesword/blisteringbladen" },
		{ "predicate": { "custom_model_data": 27}, "model": "item/netheritesword/lazarusn" },
		{ "predicate": { "custom_model_data": 28}, "model": "item/netheritesword/southswordn" },
		{ "predicate": { "custom_model_data": 29}, "model": "item/netheritesword/enddagger_netherite" },
		{ "predicate": { "custom_model_data": 30}, "model": "item/netheritesword/angelswordn" },
		{ "predicate": { "custom_model_data": 31}, "model": "item/netheritesword/seasonswordjan" },
		{ "predicate": { "custom_model_data": 32}, "model": "item/netheritesword/seasonswordfeb" },
		{ "predicate": { "custom_model_data": 33}, "model": "item/netheritesword/seasonswordmar" },
		{ "predicate": { "custom_model_data": 34}, "model": "item/netheritesword/seasonswordapr" },
		{ "predicate": { "custom_model_data": 35}, "model": "item/netheritesword/seasonswordmay" },
		{ "predicate": { "custom_model_data": 36}, "model": "item/netheritesword/seasonswordjun" },
		{ "predicate": { "custom_model_data": 37}, "model": "item/netheritesword/seasonswordjul" },
		{ "predicate": { "custom_model_data": 38}, "model": "item/netheritesword/seasonswordaug" },
		{ "predicate": { "custom_model_data": 39}, "model": "item/netheritesword/seasonswordsep" },
		{ "predicate": { "custom_model_data": 40}, "model": "item/netheritesword/seasonswordoct" },
		{ "predicate": { "custom_model_data": 41}, "model": "item/netheritesword/seasonswordnov" },
		{ "predicate": { "custom_model_data": 42}, "model": "item/netheritesword/seasonsworddec" },
		{ "predicate": { "custom_model_data": 43}, "model": "item/netheritesword/vampire_sword" },
		{ "predicate": { "custom_model_data": 50}, "model": "item/netheritesword/pencilblaun" },
		{ "predicate": { "custom_model_data": 51}, "model": "item/netheritesword/pencilgreenn" },
		{ "predicate": { "custom_model_data": 52}, "model": "item/netheritesword/pencilpurpn" },		
		{ "predicate": { "custom_model_data": 60}, "model": "item/netheritesword/anubisglaives" },
		{ "predicate": { "custom_model_data": 61}, "model": "item/netheritesword/sugarcane" },
		{ "predicate": { "custom_model_data": 62}, "model": "item/netheritesword/elvishsword" },
		{ "predicate": { "custom_model_data": 63}, "model": "item/netheritesword/anubissword" },
		{ "predicate": { "custom_model_data": 64}, "model": "item/netheritesword/anubisblades" },
		{ "predicate": { "custom_model_data": 65}, "model": "item/netheritesword/seasononea" },
		{ "predicate": { "custom_model_data": 66}, "model": "item/netheritesword/seasononeb" },
		{ "predicate": { "custom_model_data": 67}, "model": "item/netheritesword/seasononec" },
		{ "predicate": { "custom_model_data": 68}, "model": "item/netheritesword/easternsword1" },
		{ "predicate": { "custom_model_data": 69}, "model": "item/netheritesword/easternsword2" },
		{ "predicate": { "custom_model_data": 70}, "model": "item/netheritesword/vnethersword1" },
		{ "predicate": { "custom_model_data": 71}, "model": "item/netheritesword/zhuludungeon" },
		{ "predicate": { "custom_model_data": 72}, "model": "item/netheritesword/swords2" },
		{ "predicate": { "custom_model_data": 73}, "model": "item/pots/beer1" },
		{ "predicate": { "custom_model_data": 74}, "model": "item/netheritesword/hobbitelfsword" }		
	]
}
