{
    "parent": "block/stone",
		"overrides": [
		{ "predicate": { "custom_model_data": 0}, "model": "block/stone" },
		{ "predicate": { "custom_model_data": 1}, "model": "item/blueprints/blueprint" },
		{ "predicate": { "custom_model_data": 2}, "model": "item/blueprints/tombstone" },
		{ "predicate": { "custom_model_data": 3}, "model": "item/blueprints/noobhouse" },
		{ "predicate": { "custom_model_data": 4}, "model": "item/blueprints/blueprintplayer" },
		{ "predicate": { "custom_model_data": 5}, "model": "item/blueprints/questionmark" },
		{ "predicate": { "custom_model_data": 6}, "model": "item/customblocks/jukebox" },
		{ "predicate": { "custom_model_data": 7}, "model": "item/customblocks/chair_a" },
		{ "predicate": { "custom_model_data": 8}, "model": "item/customblocks/chair_b" },
		{ "predicate": { "custom_model_data": 9}, "model": "item/customblocks/flower_a" },
		{ "predicate": { "custom_model_data": 10}, "model": "item/customblocks/flower_b" },
		{ "predicate": { "custom_model_data": 11}, "model": "item/customblocks/flower_c" },
		{ "predicate": { "custom_model_data": 12}, "model": "item/customblocks/flower_d" },
		{ "predicate": { "custom_model_data": 13}, "model": "item/customblocks/flower_e" },
		{ "predicate": { "custom_model_data": 14}, "model": "item/customblocks/flower_f" },
		{ "predicate": { "custom_model_data": 15}, "model": "item/customblocks/flower_g" },
		{ "predicate": { "custom_model_data": 16}, "model": "item/customblocks/extractor" },
		{ "predicate": { "custom_model_data": 17}, "model": "item/customblocks/bench" }		
	]
}
