{"file_name":"link2","texture_size":[32,32],"textures":{"67d61632-f22f-a96c-428d-407f1b6bcf27":"modelengine:entity/rattler"},"elements":[{"name":"cube","from":[6.95,7.4,8.0],"to":[9.05,8.6,12.8],"rotation":{"angle":0.0,"axis":"x","origin":[7.88,7.85,8.0]},"faces":{"down":{"uv":[2.0,0.0,4.0,4.0],"rotation":0,"texture":"#67d61632-f22f-a96c-428d-407f1b6bcf27","tintindex":0},"east":{"uv":[2.0,4.0,6.0,5.0],"rotation":0,"texture":"#67d61632-f22f-a96c-428d-407f1b6bcf27","tintindex":0},"north":{"uv":[8.0,2.0,10.0,3.0],"rotation":0,"texture":"#67d61632-f22f-a96c-428d-407f1b6bcf27","tintindex":0},"south":{"uv":[8.0,3.0,10.0,4.0],"rotation":0,"texture":"#67d61632-f22f-a96c-428d-407f1b6bcf27","tintindex":0},"up":{"uv":[2.0,4.0,0.0,0.0],"rotation":0,"texture":"#67d61632-f22f-a96c-428d-407f1b6bcf27","tintindex":0},"west":{"uv":[4.0,2.0,8.0,3.0],"rotation":0,"texture":"#67d61632-f22f-a96c-428d-407f1b6bcf27","tintindex":0}}}],"display":{"head":{"translation":[0.0,-6.4,0.0],"rotation":[0.0,0.0,0.0],"scale":[3.8095,3.8095,3.8095]},"gui":{"translation":[0.0,0.0,0.0],"rotation":[35.0,225.0,0.0],"scale":[0.625,0.625,0.625]}}}