{"file_name":"rattle","texture_size":[32,32],"textures":{"67d61632-f22f-a96c-428d-407f1b6bcf27":"modelengine:entity/rattler"},"elements":[{"name":"cube","from":[7.25,7.7,7.7],"to":[8.75,8.3,10.700001],"rotation":{"angle":0.0,"axis":"x","origin":[8.0,8.0,9.2]},"faces":{"down":{"uv":[1.5,6.5,3.0,9.0],"rotation":0,"texture":"#67d61632-f22f-a96c-428d-407f1b6bcf27","tintindex":0},"east":{"uv":[10.0,1.0,12.5,1.5],"rotation":0,"texture":"#67d61632-f22f-a96c-428d-407f1b6bcf27","tintindex":0},"north":{"uv":[0.0,10.5,1.5,11.0],"rotation":0,"texture":"#67d61632-f22f-a96c-428d-407f1b6bcf27","tintindex":0},"south":{"uv":[1.5,10.5,3.0,11.0],"rotation":0,"texture":"#67d61632-f22f-a96c-428d-407f1b6bcf27","tintindex":0},"up":{"uv":[1.5,8.5,0.0,6.0],"rotation":0,"texture":"#67d61632-f22f-a96c-428d-407f1b6bcf27","tintindex":0},"west":{"uv":[1.5,10.0,4.0,10.5],"rotation":0,"texture":"#67d61632-f22f-a96c-428d-407f1b6bcf27","tintindex":0}}}],"display":{"head":{"translation":[0.0,-6.4,0.0],"rotation":[0.0,0.0,0.0],"scale":[3.8095,3.8095,3.8095]},"gui":{"translation":[0.0,0.0,0.0],"rotation":[35.0,225.0,0.0],"scale":[0.625,0.625,0.625]}}}