{
	"credit": "Made with Blockbench",
	"textures": {
		"0": "potions/silvergoblet",
		"particle": "potions/silvergoblet"
	},
	"elements": [
		{
			"from": [2, 0, 2],
			"to": [14, 2, 14],
			"faces": {
				"north": {"uv": [0, 0, 3, 0.5], "texture": "#0"},
				"east": {"uv": [0, 0, 3, 0.5], "texture": "#0"},
				"south": {"uv": [0, 0, 3, 0.5], "texture": "#0"},
				"west": {"uv": [0, 0, 3, 0.5], "texture": "#0"},
				"up": {"uv": [0, 0.5, 3, 3.5], "texture": "#0"},
				"down": {"uv": [0, 0.5, 3, 3.5], "texture": "#0"}
			}
		},
		{
			"from": [3, 2, 3],
			"to": [13, 3, 13],
			"faces": {
				"north": {"uv": [3, 2.5, 5.5, 2.75], "texture": "#0"},
				"east": {"uv": [3, 2.5, 5.5, 2.75], "texture": "#0"},
				"south": {"uv": [3, 2.5, 5.5, 2.75], "texture": "#0"},
				"west": {"uv": [3, 2.5, 5.5, 2.75], "texture": "#0"},
				"up": {"uv": [3, 0, 5.5, 2.5], "texture": "#0"},
				"down": {"uv": [3, 0, 5.5, 2.5], "texture": "#0"}
			}
		},
		{
			"from": [13, 2, 5],
			"to": [14, 3, 11],
			"faces": {
				"north": {"uv": [0, 0, 0.25, 0.25], "texture": "#0"},
				"east": {"uv": [0.5, 0.125, 2, 0.375], "texture": "#0"},
				"south": {"uv": [0, 0, 0.25, 0.25], "texture": "#0"},
				"west": {"uv": [0.25, 0.25, 1.75, 0.5], "texture": "#0"},
				"up": {"uv": [0.125, 0.5, 0.375, 2], "texture": "#0"},
				"down": {"uv": [0, 0, 0.25, 1.5], "texture": "#0"}
			}
		},
		{
			"from": [2, 2, 5],
			"to": [3, 3, 11],
			"faces": {
				"north": {"uv": [0, 0, 0.25, 0.25], "texture": "#0"},
				"east": {"uv": [0.5, 0.125, 2, 0.375], "texture": "#0"},
				"south": {"uv": [0, 0, 0.25, 0.25], "texture": "#0"},
				"west": {"uv": [0.25, 0.25, 1.75, 0.5], "texture": "#0"},
				"up": {"uv": [0.125, 0.5, 0.375, 2], "texture": "#0"},
				"down": {"uv": [0, 0, 0.25, 1.5], "texture": "#0"}
			}
		},
		{
			"from": [5, 2, 13],
			"to": [11, 3, 14],
			"faces": {
				"north": {"uv": [0, 0, 1.5, 0.25], "texture": "#0"},
				"east": {"uv": [0, 0, 0.25, 0.25], "texture": "#0"},
				"south": {"uv": [1.25, 0.25, 2.75, 0.5], "texture": "#0"},
				"west": {"uv": [0, 0, 0.25, 0.25], "texture": "#0"},
				"up": {"uv": [0.5, 0.25, 2, 0.5], "texture": "#0"},
				"down": {"uv": [0, 0, 1.5, 0.25], "texture": "#0"}
			}
		},
		{
			"from": [5, 2, 2],
			"to": [11, 3, 3],
			"faces": {
				"north": {"uv": [0, 0, 1.5, 0.25], "texture": "#0"},
				"east": {"uv": [0, 0, 0.25, 0.25], "texture": "#0"},
				"south": {"uv": [1.25, 0.25, 2.75, 0.5], "texture": "#0"},
				"west": {"uv": [0, 0, 0.25, 0.25], "texture": "#0"},
				"up": {"uv": [0.5, 0.25, 2, 0.5], "texture": "#0"},
				"down": {"uv": [0, 0, 1.5, 0.25], "texture": "#0"}
			}
		},
		{
			"from": [4, 3, 4],
			"to": [12, 5, 12],
			"faces": {
				"north": {"uv": [3.25, 1.625, 5.25, 2.125], "texture": "#0"},
				"east": {"uv": [3.375, 0.625, 5.375, 1.125], "texture": "#0"},
				"south": {"uv": [3.375, 0.5, 5.375, 1], "texture": "#0"},
				"west": {"uv": [3.375, 1.625, 5.375, 2.125], "texture": "#0"},
				"up": {"uv": [3.375, 0.5, 5.375, 2.5], "texture": "#0"},
				"down": {"uv": [0, 0, 2, 2], "texture": "#0"}
			}
		},
		{
			"from": [5, 5, 5],
			"to": [11, 6, 11],
			"faces": {
				"north": {"uv": [0, 0, 1.5, 0.25], "texture": "#0"},
				"east": {"uv": [0, 0, 1.5, 0.25], "texture": "#0"},
				"south": {"uv": [0, 0, 1.5, 0.25], "texture": "#0"},
				"west": {"uv": [0, 0, 1.5, 0.25], "texture": "#0"},
				"up": {"uv": [0, 0, 1.5, 1.5], "texture": "#0"},
				"down": {"uv": [0, 0, 1.5, 1.5], "texture": "#0"}
			}
		},
		{
			"from": [9, 6, 6],
			"to": [10, 8, 7],
			"faces": {
				"north": {"uv": [5.5, 0, 5.75, 0.5], "texture": "#0"},
				"east": {"uv": [5.5, 0, 5.75, 0.5], "texture": "#0"},
				"south": {"uv": [5.5, 0, 5.75, 0.5], "texture": "#0"},
				"west": {"uv": [5.5, 0, 5.75, 0.5], "texture": "#0"},
				"up": {"uv": [5.5, 0, 5.75, 0.5], "texture": "#0"},
				"down": {"uv": [0, 0, 1, 2], "texture": "#0"}
			}
		},
		{
			"from": [6, 6, 6],
			"to": [7, 8, 7],
			"faces": {
				"north": {"uv": [5.5, 0, 5.75, 0.5], "texture": "#0"},
				"east": {"uv": [5.5, 0, 5.75, 0.5], "texture": "#0"},
				"south": {"uv": [5.5, 0, 5.75, 0.5], "texture": "#0"},
				"west": {"uv": [5.5, 0, 5.75, 0.5], "texture": "#0"},
				"up": {"uv": [0, 0, 1, 2], "texture": "#0"},
				"down": {"uv": [0, 0, 1, 2], "texture": "#0"}
			}
		},
		{
			"from": [6, 6, 9],
			"to": [7, 8, 10],
			"faces": {
				"north": {"uv": [5.5, 0, 5.75, 0.5], "texture": "#0"},
				"east": {"uv": [5.5, 0, 5.75, 0.5], "texture": "#0"},
				"south": {"uv": [5.5, 0, 5.75, 0.5], "texture": "#0"},
				"west": {"uv": [5.5, 0, 5.75, 0.5], "texture": "#0"},
				"up": {"uv": [0, 0, 1, 2], "texture": "#0"},
				"down": {"uv": [0, 0, 1, 2], "texture": "#0"}
			}
		},
		{
			"from": [9, 6, 9],
			"to": [10, 8, 10],
			"faces": {
				"north": {"uv": [5.5, 0, 5.75, 0.5], "texture": "#0"},
				"east": {"uv": [5.5, 0, 5.75, 0.5], "texture": "#0"},
				"south": {"uv": [5.5, 0, 5.75, 0.5], "texture": "#0"},
				"west": {"uv": [5.5, 0, 5.75, 0.5], "texture": "#0"},
				"up": {"uv": [0, 0, 1, 2], "texture": "#0"},
				"down": {"uv": [0, 0, 1, 2], "texture": "#0"}
			}
		},
		{
			"from": [7, 6, 5],
			"to": [9, 8, 6],
			"faces": {
				"north": {"uv": [4, 1.375, 4.5, 1.875], "texture": "#0"},
				"east": {"uv": [0, 0, 0.25, 0.5], "texture": "#0"},
				"south": {"uv": [3.5, 2.125, 4, 2.625], "texture": "#0"},
				"west": {"uv": [0, 0, 0.25, 0.5], "texture": "#0"},
				"up": {"uv": [0, 0, 0.5, 0.25], "texture": "#0"},
				"down": {"uv": [0, 0, 0.5, 0.25], "texture": "#0"}
			}
		},
		{
			"from": [7, 6, 10],
			"to": [9, 8, 11],
			"faces": {
				"north": {"uv": [4, 1.375, 4.5, 1.875], "texture": "#0"},
				"east": {"uv": [0, 0, 0.25, 0.5], "texture": "#0"},
				"south": {"uv": [3.5, 2.125, 4, 2.625], "texture": "#0"},
				"west": {"uv": [0, 0, 0.25, 0.5], "texture": "#0"},
				"up": {"uv": [0, 0, 0.5, 0.25], "texture": "#0"},
				"down": {"uv": [0, 0, 0.5, 0.25], "texture": "#0"}
			}
		},
		{
			"from": [5, 6, 7],
			"to": [6, 8, 9],
			"faces": {
				"north": {"uv": [0, 0, 0.25, 0.5], "texture": "#0"},
				"east": {"uv": [0, 0, 0.5, 0.5], "texture": "#0"},
				"south": {"uv": [0, 0, 0.25, 0.5], "texture": "#0"},
				"west": {"uv": [0, 0, 0.5, 0.5], "texture": "#0"},
				"up": {"uv": [0, 0, 0.25, 0.5], "texture": "#0"},
				"down": {"uv": [0, 0, 0.25, 0.5], "texture": "#0"}
			}
		},
		{
			"from": [10, 6, 7],
			"to": [11, 8, 9],
			"faces": {
				"north": {"uv": [0, 0, 0.25, 0.5], "texture": "#0"},
				"east": {"uv": [0, 0, 0.5, 0.5], "texture": "#0"},
				"south": {"uv": [0, 0, 0.25, 0.5], "texture": "#0"},
				"west": {"uv": [0, 0, 0.5, 0.5], "texture": "#0"},
				"up": {"uv": [0, 0, 0.25, 0.5], "texture": "#0"},
				"down": {"uv": [0, 0, 0.25, 0.5], "texture": "#0"}
			}
		},
		{
			"from": [5, 8, 5],
			"to": [11, 10, 11],
			"faces": {
				"north": {"uv": [3.75, 1.5, 5.25, 2], "texture": "#0"},
				"east": {"uv": [3.25, 1.375, 4.75, 1.875], "texture": "#0"},
				"south": {"uv": [0, 0, 1.5, 0.5], "texture": "#0"},
				"west": {"uv": [1.625, 0.875, 3.125, 1.375], "texture": "#0"},
				"up": {"uv": [0, 0, 1.5, 1.5], "texture": "#0"},
				"down": {"uv": [0, 0, 1.5, 1.5], "texture": "#0"}
			}
		},
		{
			"from": [4, 10, 4],
			"to": [12, 11, 12],
			"faces": {
				"north": {"uv": [0, 4.5, 2, 4.75], "texture": "#0"},
				"east": {"uv": [0, 5.125, 2, 5.375], "texture": "#0"},
				"south": {"uv": [0, 4.5, 2, 4.75], "texture": "#0"},
				"west": {"uv": [0, 4.375, 2, 4.625], "texture": "#0"},
				"up": {"uv": [0, 3.5, 2, 5.5], "texture": "#0"},
				"down": {"uv": [0, 3.5, 2, 5.5], "texture": "#0"}
			}
		},
		{
			"from": [3, 11, 3],
			"to": [13, 13, 13],
			"faces": {
				"north": {"uv": [3, 2.875, 5.5, 3.375], "texture": "#0"},
				"east": {"uv": [3, 2.875, 5.5, 3.375], "texture": "#0"},
				"south": {"uv": [3, 2.875, 5.5, 3.375], "texture": "#0"},
				"west": {"uv": [3, 2.875, 5.5, 3.375], "texture": "#0"},
				"up": {"uv": [2.125, 3.5, 4.625, 6], "texture": "#0"},
				"down": {"uv": [2.875, 0, 5.375, 2.5], "texture": "#0"}
			}
		},
		{
			"from": [4, 13, 2],
			"to": [12, 19, 3],
			"faces": {
				"north": {"uv": [0, 3.875, 2, 5.375], "texture": "#0"},
				"east": {"uv": [1.25, 3.625, 1.5, 5.125], "texture": "#0"},
				"south": {"uv": [3.25, 0, 5.25, 1.5], "texture": "#0"},
				"west": {"uv": [1, 3.875, 1.25, 5.375], "texture": "#0"},
				"up": {"uv": [0, 4.125, 2, 4.375], "texture": "#0"},
				"down": {"uv": [0, 4.75, 2, 5], "texture": "#0"}
			}
		},
		{
			"from": [4, 13, 13],
			"to": [12, 19, 14],
			"faces": {
				"north": {"uv": [3.25, 0.25, 5.25, 1.75], "texture": "#0"},
				"east": {"uv": [1.25, 3.625, 1.5, 5.125], "texture": "#0"},
				"south": {"uv": [0, 3.625, 2, 5.125], "texture": "#0"},
				"west": {"uv": [1, 3.875, 1.25, 5.375], "texture": "#0"},
				"up": {"uv": [0, 4.125, 2, 4.375], "texture": "#0"},
				"down": {"uv": [0, 4.75, 2, 5], "texture": "#0"}
			}
		},
		{
			"from": [13, 13, 4],
			"to": [14, 19, 12],
			"faces": {
				"north": {"uv": [0.625, 3.625, 0.875, 5.125], "texture": "#0"},
				"east": {"uv": [0, 3.75, 2, 5.25], "texture": "#0"},
				"south": {"uv": [0.5, 3.5, 0.75, 5], "texture": "#0"},
				"west": {"uv": [3.25, 0.25, 5.25, 1.75], "texture": "#0"},
				"up": {"uv": [1.25, 3.5, 1.5, 5.5], "texture": "#0"},
				"down": {"uv": [0.5, 3.5, 0.75, 5.5], "texture": "#0"}
			}
		},
		{
			"from": [2, 13, 4],
			"to": [3, 19, 12],
			"faces": {
				"north": {"uv": [0.625, 3.625, 0.875, 5.125], "texture": "#0"},
				"east": {"uv": [3.375, 0, 5.375, 1.5], "texture": "#0"},
				"south": {"uv": [0.5, 3.5, 0.75, 5], "texture": "#0"},
				"west": {"uv": [0, 3.75, 2, 5.25], "texture": "#0"},
				"up": {"uv": [1.25, 3.5, 1.5, 5.5], "texture": "#0"},
				"down": {"uv": [0.5, 3.5, 0.75, 5.5], "texture": "#0"}
			}
		},
		{
			"from": [3, 13, 3],
			"to": [4, 17, 4],
			"faces": {
				"north": {"uv": [5.5, 0.5, 5.75, 2], "texture": "#0"},
				"east": {"uv": [5.5, 0.5, 5.75, 2], "texture": "#0"},
				"south": {"uv": [5.5, 0.5, 5.75, 2], "texture": "#0"},
				"west": {"uv": [5.5, 0.5, 5.75, 2], "texture": "#0"},
				"up": {"uv": [0, 0, 1, 8], "texture": "#0"},
				"down": {"uv": [0, 0, 1, 8], "texture": "#0"}
			}
		},
		{
			"from": [3, 13, 12],
			"to": [4, 17, 13],
			"faces": {
				"north": {"uv": [5.5, 0.5, 5.75, 2], "texture": "#0"},
				"east": {"uv": [5.5, 0.5, 5.75, 2], "texture": "#0"},
				"south": {"uv": [5.5, 0.5, 5.75, 2], "texture": "#0"},
				"west": {"uv": [5.5, 0.5, 5.75, 2], "texture": "#0"},
				"up": {"uv": [0, 0, 1, 8], "texture": "#0"},
				"down": {"uv": [0, 0, 1, 8], "texture": "#0"}
			}
		},
		{
			"from": [12, 13, 12],
			"to": [13, 17, 13],
			"faces": {
				"north": {"uv": [5.5, 0.5, 5.75, 2], "texture": "#0"},
				"east": {"uv": [5.5, 0.5, 5.75, 2], "texture": "#0"},
				"south": {"uv": [5.5, 0.5, 5.75, 2], "texture": "#0"},
				"west": {"uv": [5.5, 0.5, 5.75, 2], "texture": "#0"},
				"up": {"uv": [0, 0, 1, 8], "texture": "#0"},
				"down": {"uv": [0, 0, 1, 8], "texture": "#0"}
			}
		},
		{
			"from": [12, 13, 3],
			"to": [13, 17, 4],
			"faces": {
				"north": {"uv": [5.5, 0.5, 5.75, 2], "texture": "#0"},
				"east": {"uv": [5.5, 0.5, 5.75, 2], "texture": "#0"},
				"south": {"uv": [5.5, 0.5, 5.75, 2], "texture": "#0"},
				"west": {"uv": [5.5, 0.5, 5.75, 2], "texture": "#0"},
				"up": {"uv": [0, 0, 1, 8], "texture": "#0"},
				"down": {"uv": [0, 0, 1, 8], "texture": "#0"}
			}
		},
		{
			"from": [2, 17, 12],
			"to": [4, 19, 14],
			"faces": {
				"north": {"uv": [0.75, 4, 1.25, 4.5], "texture": "#0"},
				"east": {"uv": [1.125, 4.25, 1.625, 4.75], "texture": "#0"},
				"south": {"uv": [0.125, 3.625, 0.625, 4.125], "texture": "#0"},
				"west": {"uv": [0.75, 4, 1.25, 4.5], "texture": "#0"},
				"up": {"uv": [0.375, 4, 0.875, 4.5], "texture": "#0"},
				"down": {"uv": [0.625, 3.875, 1.125, 4.375], "texture": "#0"}
			}
		},
		{
			"from": [2, 17, 2],
			"to": [4, 19, 4],
			"faces": {
				"north": {"uv": [0.75, 4, 1.25, 4.5], "texture": "#0"},
				"east": {"uv": [1.125, 4.25, 1.625, 4.75], "texture": "#0"},
				"south": {"uv": [0.125, 3.625, 0.625, 4.125], "texture": "#0"},
				"west": {"uv": [0.75, 4, 1.25, 4.5], "texture": "#0"},
				"up": {"uv": [0.375, 4, 0.875, 4.5], "texture": "#0"},
				"down": {"uv": [0.625, 3.875, 1.125, 4.375], "texture": "#0"}
			}
		},
		{
			"from": [12, 17, 2],
			"to": [14, 19, 4],
			"faces": {
				"north": {"uv": [0.75, 4, 1.25, 4.5], "texture": "#0"},
				"east": {"uv": [1.125, 4.25, 1.625, 4.75], "texture": "#0"},
				"south": {"uv": [0.125, 3.625, 0.625, 4.125], "texture": "#0"},
				"west": {"uv": [0.75, 4, 1.25, 4.5], "texture": "#0"},
				"up": {"uv": [0.375, 4, 0.875, 4.5], "texture": "#0"},
				"down": {"uv": [0.625, 3.875, 1.125, 4.375], "texture": "#0"}
			}
		},
		{
			"from": [12, 17, 12],
			"to": [14, 19, 14],
			"faces": {
				"north": {"uv": [0.75, 4, 1.25, 4.5], "texture": "#0"},
				"east": {"uv": [1.125, 4.25, 1.625, 4.75], "texture": "#0"},
				"south": {"uv": [0.125, 3.625, 0.625, 4.125], "texture": "#0"},
				"west": {"uv": [0.75, 4, 1.25, 4.5], "texture": "#0"},
				"up": {"uv": [0.375, 4, 0.875, 4.5], "texture": "#0"},
				"down": {"uv": [0.625, 3.875, 1.125, 4.375], "texture": "#0"}
			}
		},
		{
			"from": [5, 16, 1],
			"to": [11, 19, 2],
			"faces": {
				"north": {"uv": [0.375, 4.375, 1.875, 5.125], "texture": "#0"},
				"east": {"uv": [0.625, 4.375, 0.875, 5.125], "texture": "#0"},
				"south": {"uv": [0, 0, 1.5, 0.75], "texture": "#0"},
				"west": {"uv": [1.125, 4.625, 1.375, 5.375], "texture": "#0"},
				"up": {"uv": [3.25, 3, 4.75, 3.25], "texture": "#0"},
				"down": {"uv": [0.25, 4.875, 1.75, 5.125], "texture": "#0"}
			}
		},
		{
			"from": [5, 16, 14],
			"to": [11, 19, 15],
			"faces": {
				"north": {"uv": [0.375, 4.375, 1.875, 5.125], "texture": "#0"},
				"east": {"uv": [0.625, 4.375, 0.875, 5.125], "texture": "#0"},
				"south": {"uv": [0, 4.5, 1.5, 5.25], "texture": "#0"},
				"west": {"uv": [1.125, 4.625, 1.375, 5.375], "texture": "#0"},
				"up": {"uv": [3.25, 3, 4.75, 3.25], "texture": "#0"},
				"down": {"uv": [0.25, 4.875, 1.75, 5.125], "texture": "#0"}
			}
		},
		{
			"from": [12, 18, 11],
			"to": [13, 19, 12],
			"faces": {
				"north": {"uv": [4, 1.25, 4.25, 1.5], "texture": "#0"},
				"east": {"uv": [0.625, 4.375, 0.875, 4.625], "texture": "#0"},
				"south": {"uv": [1, 4.75, 1.25, 5], "texture": "#0"},
				"west": {"uv": [4, 1.625, 4.25, 1.875], "texture": "#0"},
				"up": {"uv": [0.75, 4.75, 1, 5], "texture": "#0"},
				"down": {"uv": [1, 4.5, 1.25, 4.75], "texture": "#0"}
			}
		},
		{
			"from": [12, 13, 11],
			"to": [13, 14, 12],
			"faces": {
				"north": {"uv": [4, 1.25, 4.25, 1.5], "texture": "#0"},
				"east": {"uv": [0.625, 4.375, 0.875, 4.625], "texture": "#0"},
				"south": {"uv": [1, 4.75, 1.25, 5], "texture": "#0"},
				"west": {"uv": [4, 1.625, 4.25, 1.875], "texture": "#0"},
				"up": {"uv": [0.75, 4.75, 1, 5], "texture": "#0"},
				"down": {"uv": [1, 4.5, 1.25, 4.75], "texture": "#0"}
			}
		},
		{
			"from": [11, 18, 12],
			"to": [12, 19, 13],
			"faces": {
				"north": {"uv": [4, 1.25, 4.25, 1.5], "texture": "#0"},
				"east": {"uv": [0.625, 4.375, 0.875, 4.625], "texture": "#0"},
				"south": {"uv": [1, 4.75, 1.25, 5], "texture": "#0"},
				"west": {"uv": [4, 1.625, 4.25, 1.875], "texture": "#0"},
				"up": {"uv": [0.75, 4.75, 1, 5], "texture": "#0"},
				"down": {"uv": [1, 4.5, 1.25, 4.75], "texture": "#0"}
			}
		},
		{
			"from": [11, 13, 12],
			"to": [12, 14, 13],
			"faces": {
				"north": {"uv": [4, 1.25, 4.25, 1.5], "texture": "#0"},
				"east": {"uv": [0.625, 4.375, 0.875, 4.625], "texture": "#0"},
				"south": {"uv": [1, 4.75, 1.25, 5], "texture": "#0"},
				"west": {"uv": [4, 1.625, 4.25, 1.875], "texture": "#0"},
				"up": {"uv": [0.75, 4.75, 1, 5], "texture": "#0"},
				"down": {"uv": [1, 4.5, 1.25, 4.75], "texture": "#0"}
			}
		},
		{
			"from": [4, 18, 12],
			"to": [5, 19, 13],
			"faces": {
				"north": {"uv": [4, 1.25, 4.25, 1.5], "texture": "#0"},
				"east": {"uv": [0.625, 4.375, 0.875, 4.625], "texture": "#0"},
				"south": {"uv": [1, 4.75, 1.25, 5], "texture": "#0"},
				"west": {"uv": [4, 1.625, 4.25, 1.875], "texture": "#0"},
				"up": {"uv": [0.75, 4.75, 1, 5], "texture": "#0"},
				"down": {"uv": [1, 4.5, 1.25, 4.75], "texture": "#0"}
			}
		},
		{
			"from": [4, 13, 12],
			"to": [5, 14, 13],
			"faces": {
				"north": {"uv": [4, 1.25, 4.25, 1.5], "texture": "#0"},
				"east": {"uv": [0.625, 4.375, 0.875, 4.625], "texture": "#0"},
				"south": {"uv": [1, 4.75, 1.25, 5], "texture": "#0"},
				"west": {"uv": [4, 1.625, 4.25, 1.875], "texture": "#0"},
				"up": {"uv": [0.75, 4.75, 1, 5], "texture": "#0"},
				"down": {"uv": [1, 4.5, 1.25, 4.75], "texture": "#0"}
			}
		},
		{
			"from": [4, 18, 3],
			"to": [5, 19, 4],
			"faces": {
				"north": {"uv": [4, 1.25, 4.25, 1.5], "texture": "#0"},
				"east": {"uv": [0.625, 4.375, 0.875, 4.625], "texture": "#0"},
				"south": {"uv": [1, 4.75, 1.25, 5], "texture": "#0"},
				"west": {"uv": [4, 1.625, 4.25, 1.875], "texture": "#0"},
				"up": {"uv": [0.75, 4.75, 1, 5], "texture": "#0"},
				"down": {"uv": [1, 4.5, 1.25, 4.75], "texture": "#0"}
			}
		},
		{
			"from": [4, 13, 3],
			"to": [5, 14, 4],
			"faces": {
				"north": {"uv": [4, 1.25, 4.25, 1.5], "texture": "#0"},
				"east": {"uv": [0.625, 4.375, 0.875, 4.625], "texture": "#0"},
				"south": {"uv": [1, 4.75, 1.25, 5], "texture": "#0"},
				"west": {"uv": [4, 1.625, 4.25, 1.875], "texture": "#0"},
				"up": {"uv": [0.75, 4.75, 1, 5], "texture": "#0"},
				"down": {"uv": [1, 4.5, 1.25, 4.75], "texture": "#0"}
			}
		},
		{
			"from": [11, 18, 3],
			"to": [12, 19, 4],
			"faces": {
				"north": {"uv": [4, 1.25, 4.25, 1.5], "texture": "#0"},
				"east": {"uv": [0.625, 4.375, 0.875, 4.625], "texture": "#0"},
				"south": {"uv": [1, 4.75, 1.25, 5], "texture": "#0"},
				"west": {"uv": [4, 1.625, 4.25, 1.875], "texture": "#0"},
				"up": {"uv": [0.75, 4.75, 1, 5], "texture": "#0"},
				"down": {"uv": [1, 4.5, 1.25, 4.75], "texture": "#0"}
			}
		},
		{
			"from": [11, 13, 3],
			"to": [12, 14, 4],
			"faces": {
				"north": {"uv": [4, 1.25, 4.25, 1.5], "texture": "#0"},
				"east": {"uv": [0.625, 4.375, 0.875, 4.625], "texture": "#0"},
				"south": {"uv": [1, 4.75, 1.25, 5], "texture": "#0"},
				"west": {"uv": [4, 1.625, 4.25, 1.875], "texture": "#0"},
				"up": {"uv": [0.75, 4.75, 1, 5], "texture": "#0"},
				"down": {"uv": [1, 4.5, 1.25, 4.75], "texture": "#0"}
			}
		},
		{
			"from": [3, 18, 11],
			"to": [4, 19, 12],
			"faces": {
				"north": {"uv": [4, 1.25, 4.25, 1.5], "texture": "#0"},
				"east": {"uv": [0.625, 4.375, 0.875, 4.625], "texture": "#0"},
				"south": {"uv": [1, 4.75, 1.25, 5], "texture": "#0"},
				"west": {"uv": [4, 1.625, 4.25, 1.875], "texture": "#0"},
				"up": {"uv": [0.75, 4.75, 1, 5], "texture": "#0"},
				"down": {"uv": [1, 4.5, 1.25, 4.75], "texture": "#0"}
			}
		},
		{
			"from": [3, 13, 11],
			"to": [4, 14, 12],
			"faces": {
				"north": {"uv": [4, 1.25, 4.25, 1.5], "texture": "#0"},
				"east": {"uv": [0.625, 4.375, 0.875, 4.625], "texture": "#0"},
				"south": {"uv": [1, 4.75, 1.25, 5], "texture": "#0"},
				"west": {"uv": [4, 1.625, 4.25, 1.875], "texture": "#0"},
				"up": {"uv": [0.75, 4.75, 1, 5], "texture": "#0"},
				"down": {"uv": [1, 4.5, 1.25, 4.75], "texture": "#0"}
			}
		},
		{
			"from": [3, 18, 4],
			"to": [4, 19, 5],
			"faces": {
				"north": {"uv": [4, 1.25, 4.25, 1.5], "texture": "#0"},
				"east": {"uv": [0.625, 4.375, 0.875, 4.625], "texture": "#0"},
				"south": {"uv": [1, 4.75, 1.25, 5], "texture": "#0"},
				"west": {"uv": [4, 1.625, 4.25, 1.875], "texture": "#0"},
				"up": {"uv": [0.75, 4.75, 1, 5], "texture": "#0"},
				"down": {"uv": [1, 4.5, 1.25, 4.75], "texture": "#0"}
			}
		},
		{
			"from": [3, 13, 4],
			"to": [4, 14, 5],
			"faces": {
				"north": {"uv": [4, 1.25, 4.25, 1.5], "texture": "#0"},
				"east": {"uv": [0.625, 4.375, 0.875, 4.625], "texture": "#0"},
				"south": {"uv": [1, 4.75, 1.25, 5], "texture": "#0"},
				"west": {"uv": [4, 1.625, 4.25, 1.875], "texture": "#0"},
				"up": {"uv": [0.75, 4.75, 1, 5], "texture": "#0"},
				"down": {"uv": [1, 4.5, 1.25, 4.75], "texture": "#0"}
			}
		},
		{
			"from": [12, 18, 4],
			"to": [13, 19, 5],
			"faces": {
				"north": {"uv": [4, 1.25, 4.25, 1.5], "texture": "#0"},
				"east": {"uv": [0.625, 4.375, 0.875, 4.625], "texture": "#0"},
				"south": {"uv": [1, 4.75, 1.25, 5], "texture": "#0"},
				"west": {"uv": [4, 1.625, 4.25, 1.875], "texture": "#0"},
				"up": {"uv": [0.75, 4.75, 1, 5], "texture": "#0"},
				"down": {"uv": [1, 4.5, 1.25, 4.75], "texture": "#0"}
			}
		},
		{
			"from": [12, 13, 4],
			"to": [13, 14, 5],
			"faces": {
				"north": {"uv": [4, 1.25, 4.25, 1.5], "texture": "#0"},
				"east": {"uv": [0.625, 4.375, 0.875, 4.625], "texture": "#0"},
				"south": {"uv": [1, 4.75, 1.25, 5], "texture": "#0"},
				"west": {"uv": [4, 1.625, 4.25, 1.875], "texture": "#0"},
				"up": {"uv": [0.75, 4.75, 1, 5], "texture": "#0"},
				"down": {"uv": [1, 4.5, 1.25, 4.75], "texture": "#0"}
			}
		},
		{
			"from": [14, 16, 5],
			"to": [15, 19, 11],
			"faces": {
				"north": {"uv": [0.75, 3.625, 1, 4.375], "texture": "#0"},
				"east": {"uv": [0.375, 4.5, 1.875, 5.25], "texture": "#0"},
				"south": {"uv": [0.125, 3.625, 0.375, 4.375], "texture": "#0"},
				"west": {"uv": [0.125, 3.875, 1.625, 4.625], "texture": "#0"},
				"up": {"uv": [1.5, 3.875, 1.75, 5.375], "texture": "#0"},
				"down": {"uv": [1.5, 3.875, 1.75, 5.375], "texture": "#0"}
			}
		},
		{
			"from": [1, 16, 5],
			"to": [2, 19, 11],
			"faces": {
				"north": {"uv": [0.75, 3.625, 1, 4.375], "texture": "#0"},
				"east": {"uv": [0.375, 4.5, 1.875, 5.25], "texture": "#0"},
				"south": {"uv": [0.125, 3.625, 0.375, 4.375], "texture": "#0"},
				"west": {"uv": [0.125, 3.875, 1.625, 4.625], "texture": "#0"},
				"up": {"uv": [1.5, 3.875, 1.75, 5.375], "texture": "#0"},
				"down": {"uv": [1.5, 3.875, 1.75, 5.375], "texture": "#0"}
			}
		},
		{
			"from": [13, 12, 5],
			"to": [14, 13, 11],
			"faces": {
				"north": {"uv": [1.125, 4.75, 1.375, 5], "texture": "#0"},
				"east": {"uv": [3.625, 3.125, 5.125, 3.375], "texture": "#0"},
				"south": {"uv": [0.875, 4.625, 1.125, 4.875], "texture": "#0"},
				"west": {"uv": [2.875, 3, 4.375, 3.25], "texture": "#0"},
				"up": {"uv": [1.625, 3.625, 1.875, 5.125], "texture": "#0"},
				"down": {"uv": [1, 4, 1.25, 5.5], "texture": "#0"}
			}
		},
		{
			"from": [2, 12, 5],
			"to": [3, 13, 11],
			"faces": {
				"north": {"uv": [1.125, 4.75, 1.375, 5], "texture": "#0"},
				"east": {"uv": [3.625, 3.125, 5.125, 3.375], "texture": "#0"},
				"south": {"uv": [0.875, 4.625, 1.125, 4.875], "texture": "#0"},
				"west": {"uv": [2.875, 3, 4.375, 3.25], "texture": "#0"},
				"up": {"uv": [1.625, 3.625, 1.875, 5.125], "texture": "#0"},
				"down": {"uv": [1, 4, 1.25, 5.5], "texture": "#0"}
			}
		},
		{
			"from": [5, 12, 13],
			"to": [11, 13, 14],
			"faces": {
				"north": {"uv": [3.875, 3, 5.375, 3.25], "texture": "#0"},
				"east": {"uv": [4, 5, 4.25, 5.25], "texture": "#0"},
				"south": {"uv": [3.75, 3, 5.25, 3.25], "texture": "#0"},
				"west": {"uv": [3.125, 4.625, 3.375, 4.875], "texture": "#0"},
				"up": {"uv": [3.125, 3, 4.625, 3.25], "texture": "#0"},
				"down": {"uv": [0, 0, 1.5, 0.25], "texture": "#0"}
			}
		},
		{
			"from": [5, 12, 2],
			"to": [11, 13, 3],
			"faces": {
				"north": {"uv": [3.875, 3, 5.375, 3.25], "texture": "#0"},
				"east": {"uv": [4, 5, 4.25, 5.25], "texture": "#0"},
				"south": {"uv": [3.75, 3, 5.25, 3.25], "texture": "#0"},
				"west": {"uv": [3.125, 4.625, 3.375, 4.875], "texture": "#0"},
				"up": {"uv": [3.125, 3, 4.625, 3.25], "texture": "#0"},
				"down": {"uv": [0, 0, 1.5, 0.25], "texture": "#0"}
			}
		},
		{
			"from": [6, 14, 14],
			"to": [10, 16, 15],
			"faces": {
				"north": {"uv": [0.625, 4.625, 1.625, 5.125], "texture": "#0"},
				"east": {"uv": [0.875, 4.125, 1.125, 4.625], "texture": "#0"},
				"south": {"uv": [0.625, 4.625, 1.625, 5.125], "texture": "#0"},
				"west": {"uv": [1.125, 4.625, 1.375, 5.125], "texture": "#0"},
				"up": {"uv": [0.875, 4.625, 1.875, 4.875], "texture": "#0"},
				"down": {"uv": [3.75, 3, 4.75, 3.25], "texture": "#0"}
			}
		},
		{
			"from": [6, 14, 1],
			"to": [10, 16, 2],
			"faces": {
				"north": {"uv": [0.625, 4.625, 1.625, 5.125], "texture": "#0"},
				"east": {"uv": [0.875, 4.125, 1.125, 4.625], "texture": "#0"},
				"south": {"uv": [0.625, 4.625, 1.625, 5.125], "texture": "#0"},
				"west": {"uv": [1.125, 4.625, 1.375, 5.125], "texture": "#0"},
				"up": {"uv": [0.875, 4.625, 1.875, 4.875], "texture": "#0"},
				"down": {"uv": [3.75, 3, 4.75, 3.25], "texture": "#0"}
			}
		},
		{
			"from": [1, 14, 6],
			"to": [2, 16, 10],
			"faces": {
				"north": {"uv": [1.125, 4, 1.375, 4.5], "texture": "#0"},
				"east": {"uv": [0, 0, 4, 2], "texture": "#0"},
				"south": {"uv": [1, 4.25, 1.25, 4.75], "texture": "#0"},
				"west": {"uv": [0.75, 4, 1.75, 4.5], "texture": "#0"},
				"up": {"uv": [1.375, 3.75, 1.625, 4.75], "texture": "#0"},
				"down": {"uv": [0.875, 3.875, 1.125, 4.875], "texture": "#0"}
			}
		},
		{
			"from": [14, 14, 6],
			"to": [15, 16, 10],
			"faces": {
				"north": {"uv": [1.125, 4, 1.375, 4.5], "texture": "#0"},
				"east": {"uv": [0.375, 4.375, 1.375, 4.875], "texture": "#0"},
				"south": {"uv": [1, 4.25, 1.25, 4.75], "texture": "#0"},
				"west": {"uv": [0.75, 4, 1.75, 4.5], "texture": "#0"},
				"up": {"uv": [1.375, 3.75, 1.625, 4.75], "texture": "#0"},
				"down": {"uv": [0.875, 3.875, 1.125, 4.875], "texture": "#0"}
			}
		},
		{
			"from": [7, 15, 0.5],
			"to": [9, 17, 1.5],
			"faces": {
				"north": {"uv": [0, 5.5, 1, 6.5], "texture": "#0"},
				"east": {"uv": [0.75, 5.5, 1.25, 6.5], "texture": "#0"},
				"south": {"uv": [0, 0, 2, 2], "texture": "#0"},
				"west": {"uv": [1.125, 5.5, 1.625, 6.5], "texture": "#0"},
				"up": {"uv": [0, 6.5, 1, 7], "texture": "#0"},
				"down": {"uv": [0, 6.25, 1, 6.75], "texture": "#0"}
			}
		},
		{
			"from": [7, 15, 14.5],
			"to": [9, 17, 15.5],
			"faces": {
				"north": {"uv": [0, 5.5, 1, 6.5], "texture": "#0"},
				"east": {"uv": [0.75, 5.5, 1.25, 6.5], "texture": "#0"},
				"south": {"uv": [0, 5.5, 1, 6.5], "texture": "#0"},
				"west": {"uv": [0.75, 5.5, 1.25, 6.5], "texture": "#0"},
				"up": {"uv": [0, 6.125, 1, 6.625], "texture": "#0"},
				"down": {"uv": [0, 6.25, 1, 6.75], "texture": "#0"}
			}
		},
		{
			"from": [14.5, 15, 7],
			"to": [15.5, 17, 9],
			"faces": {
				"north": {"uv": [0.875, 5.5, 1.375, 6.5], "texture": "#0"},
				"east": {"uv": [0, 5.5, 1, 6.5], "texture": "#0"},
				"south": {"uv": [0.875, 5.5, 1.375, 6.5], "texture": "#0"},
				"west": {"uv": [0, 0, 2, 2], "texture": "#0"},
				"up": {"uv": [0.75, 5.5, 1.25, 6.5], "texture": "#0"},
				"down": {"uv": [0.375, 5.625, 0.875, 6.625], "texture": "#0"}
			}
		},
		{
			"from": [0.5, 15, 7],
			"to": [1.5, 17, 9],
			"faces": {
				"north": {"uv": [0.875, 5.5, 1.375, 6.5], "texture": "#0"},
				"east": {"uv": [0, 5.5, 1, 6.5], "texture": "#0"},
				"south": {"uv": [0.875, 5.5, 1.375, 6.5], "texture": "#0"},
				"west": {"uv": [0, 5.5, 1, 6.5], "texture": "#0"},
				"up": {"uv": [0.75, 5.5, 1.25, 6.5], "texture": "#0"},
				"down": {"uv": [0.375, 5.625, 0.875, 6.625], "texture": "#0"}
			}
		},
		{
			"from": [11.75, 3.5, 10],
			"to": [12.25, 4, 10.5],
			"faces": {
				"north": {"uv": [0.125, 6.25, 0.625, 6.75], "texture": "#0"},
				"east": {"uv": [0.375, 6.25, 0.875, 6.75], "texture": "#0"},
				"south": {"uv": [0.125, 6.25, 0.625, 6.75], "texture": "#0"},
				"west": {"uv": [0.625, 5.75, 1.125, 6.25], "texture": "#0"},
				"up": {"uv": [0.625, 5.625, 1.125, 6.125], "texture": "#0"},
				"down": {"uv": [0.75, 5.75, 1.25, 6.25], "texture": "#0"}
			}
		},
		{
			"from": [3.75, 3.5, 10],
			"to": [4.25, 4, 10.5],
			"faces": {
				"north": {"uv": [0.125, 6.25, 0.625, 6.75], "texture": "#0"},
				"east": {"uv": [0.375, 6.25, 0.875, 6.75], "texture": "#0"},
				"south": {"uv": [0.125, 6.25, 0.625, 6.75], "texture": "#0"},
				"west": {"uv": [0.625, 5.75, 1.125, 6.25], "texture": "#0"},
				"up": {"uv": [0.625, 5.625, 1.125, 6.125], "texture": "#0"},
				"down": {"uv": [0.75, 5.75, 1.25, 6.25], "texture": "#0"}
			}
		},
		{
			"from": [10, 3.5, 11.75],
			"to": [10.5, 4, 12.25],
			"faces": {
				"north": {"uv": [0.125, 6.25, 0.625, 6.75], "texture": "#0"},
				"east": {"uv": [0.375, 6.25, 0.875, 6.75], "texture": "#0"},
				"south": {"uv": [0.125, 6.25, 0.625, 6.75], "texture": "#0"},
				"west": {"uv": [0.625, 5.75, 1.125, 6.25], "texture": "#0"},
				"up": {"uv": [0.625, 5.625, 1.125, 6.125], "texture": "#0"},
				"down": {"uv": [0.75, 5.75, 1.25, 6.25], "texture": "#0"}
			}
		},
		{
			"from": [10, 3.5, 3.75],
			"to": [10.5, 4, 4.25],
			"faces": {
				"north": {"uv": [0.125, 6.25, 0.625, 6.75], "texture": "#0"},
				"east": {"uv": [0.375, 6.25, 0.875, 6.75], "texture": "#0"},
				"south": {"uv": [0.125, 6.25, 0.625, 6.75], "texture": "#0"},
				"west": {"uv": [0.625, 5.75, 1.125, 6.25], "texture": "#0"},
				"up": {"uv": [0.625, 5.625, 1.125, 6.125], "texture": "#0"},
				"down": {"uv": [0.75, 5.75, 1.25, 6.25], "texture": "#0"}
			}
		},
		{
			"from": [7.75, 3.5, 11.75],
			"to": [8.25, 4, 12.25],
			"faces": {
				"north": {"uv": [0.125, 6.25, 0.625, 6.75], "texture": "#0"},
				"east": {"uv": [0.375, 6.25, 0.875, 6.75], "texture": "#0"},
				"south": {"uv": [0.125, 6.25, 0.625, 6.75], "texture": "#0"},
				"west": {"uv": [0.625, 5.75, 1.125, 6.25], "texture": "#0"},
				"up": {"uv": [0.625, 5.625, 1.125, 6.125], "texture": "#0"},
				"down": {"uv": [0.75, 5.75, 1.25, 6.25], "texture": "#0"}
			}
		},
		{
			"from": [7.75, 3.5, 3.75],
			"to": [8.25, 4, 4.25],
			"faces": {
				"north": {"uv": [0.125, 6.25, 0.625, 6.75], "texture": "#0"},
				"east": {"uv": [0.375, 6.25, 0.875, 6.75], "texture": "#0"},
				"south": {"uv": [0.125, 6.25, 0.625, 6.75], "texture": "#0"},
				"west": {"uv": [0.625, 5.75, 1.125, 6.25], "texture": "#0"},
				"up": {"uv": [0.625, 5.625, 1.125, 6.125], "texture": "#0"},
				"down": {"uv": [0.75, 5.75, 1.25, 6.25], "texture": "#0"}
			}
		},
		{
			"from": [5.5, 3.5, 11.75],
			"to": [6, 4, 12.25],
			"faces": {
				"north": {"uv": [0.125, 6.25, 0.625, 6.75], "texture": "#0"},
				"east": {"uv": [0.375, 6.25, 0.875, 6.75], "texture": "#0"},
				"south": {"uv": [0.125, 6.25, 0.625, 6.75], "texture": "#0"},
				"west": {"uv": [0.625, 5.75, 1.125, 6.25], "texture": "#0"},
				"up": {"uv": [0.625, 5.625, 1.125, 6.125], "texture": "#0"},
				"down": {"uv": [0.75, 5.75, 1.25, 6.25], "texture": "#0"}
			}
		},
		{
			"from": [5.5, 3.5, 3.75],
			"to": [6, 4, 4.25],
			"faces": {
				"north": {"uv": [0.125, 6.25, 0.625, 6.75], "texture": "#0"},
				"east": {"uv": [0.375, 6.25, 0.875, 6.75], "texture": "#0"},
				"south": {"uv": [0.125, 6.25, 0.625, 6.75], "texture": "#0"},
				"west": {"uv": [0.625, 5.75, 1.125, 6.25], "texture": "#0"},
				"up": {"uv": [0.625, 5.625, 1.125, 6.125], "texture": "#0"},
				"down": {"uv": [0.75, 5.75, 1.25, 6.25], "texture": "#0"}
			}
		},
		{
			"from": [11.75, 3.5, 5.5],
			"to": [12.25, 4, 6],
			"faces": {
				"north": {"uv": [0.125, 6.25, 0.625, 6.75], "texture": "#0"},
				"east": {"uv": [0.375, 6.25, 0.875, 6.75], "texture": "#0"},
				"south": {"uv": [0.125, 6.25, 0.625, 6.75], "texture": "#0"},
				"west": {"uv": [0.625, 5.75, 1.125, 6.25], "texture": "#0"},
				"up": {"uv": [0.625, 5.625, 1.125, 6.125], "texture": "#0"},
				"down": {"uv": [0.75, 5.75, 1.25, 6.25], "texture": "#0"}
			}
		},
		{
			"from": [3.75, 3.5, 5.5],
			"to": [4.25, 4, 6],
			"faces": {
				"north": {"uv": [0.125, 6.25, 0.625, 6.75], "texture": "#0"},
				"east": {"uv": [0.375, 6.25, 0.875, 6.75], "texture": "#0"},
				"south": {"uv": [0.125, 6.25, 0.625, 6.75], "texture": "#0"},
				"west": {"uv": [0.625, 5.75, 1.125, 6.25], "texture": "#0"},
				"up": {"uv": [0.625, 5.625, 1.125, 6.125], "texture": "#0"},
				"down": {"uv": [0.75, 5.75, 1.25, 6.25], "texture": "#0"}
			}
		},
		{
			"from": [11.75, 3.5, 7.75],
			"to": [12.25, 4, 8.25],
			"faces": {
				"north": {"uv": [0.125, 6.25, 0.625, 6.75], "texture": "#0"},
				"east": {"uv": [0.375, 6.25, 0.875, 6.75], "texture": "#0"},
				"south": {"uv": [0.125, 6.25, 0.625, 6.75], "texture": "#0"},
				"west": {"uv": [0.625, 5.75, 1.125, 6.25], "texture": "#0"},
				"up": {"uv": [0.625, 5.625, 1.125, 6.125], "texture": "#0"},
				"down": {"uv": [0.75, 5.75, 1.25, 6.25], "texture": "#0"}
			}
		},
		{
			"from": [3.75, 3.5, 7.75],
			"to": [4.25, 4, 8.25],
			"faces": {
				"north": {"uv": [0.125, 6.25, 0.625, 6.75], "texture": "#0"},
				"east": {"uv": [0.375, 6.25, 0.875, 6.75], "texture": "#0"},
				"south": {"uv": [0.125, 6.25, 0.625, 6.75], "texture": "#0"},
				"west": {"uv": [0.625, 5.75, 1.125, 6.25], "texture": "#0"},
				"up": {"uv": [0.625, 5.625, 1.125, 6.125], "texture": "#0"},
				"down": {"uv": [0.75, 5.75, 1.25, 6.25], "texture": "#0"}
			}
		}
	],
	"gui_light": "front",	
	"display": {
		"thirdperson_righthand": {
			"rotation": [5, 42, 0],
			"translation": [0, -0.5, -0.75],
			"scale": [0.4, 0.4, 0.4]
		},
		"thirdperson_lefthand": {
			"rotation": [5, 42, 0],
			"translation": [0, 0, -0.5],
			"scale": [0.4, 0.4, 0.4]
		},
		"firstperson_righthand": {
			"rotation": [5, 20, -10],
			"translation": [1, 2, 0],
			"scale": [0.3, 0.3, 0.3]
		},
		"firstperson_lefthand": {
			"rotation": [5, 20, -10],
			"translation": [1, 2, 0],
			"scale": [0.3, 0.3, 0.3]
		},
		"ground": {
			"translation": [0, 2, 0],
			"scale": [0.4, 0.4, 0.4]
		},
		"gui": {
			"rotation": [0, 32, 0],
			"translation": [0, -1, 0],
			"scale": [0.7, 0.7, 0.7]
		},
		"fixed": {
			"rotation": [-90, 0, 0],
			"translation": [0, 0, -8]
		}
	}
}