{"file_name":"head","texture_size":[128,128],"textures":{"9e58c8e2-769c-38fd-13ce-d7fc6df17446":"modelengine:entity/deadbeard3"},"elements":[{"name":"cube","from":[11.900001,10.1,5.8999996],"to":[17.3,10.1,9.5],"rotation":{"angle":-22.5,"axis":"y","origin":[11.6,12.8,6.2]},"faces":{"down":{"uv":[9.875,8.25,11.0,9.0],"rotation":0,"texture":"#9e58c8e2-769c-38fd-13ce-d7fc6df17446","tintindex":0},"east":{"uv":[0.0,0.0,0.75,0.0],"rotation":0,"texture":"#9e58c8e2-769c-38fd-13ce-d7fc6df17446","tintindex":0},"north":{"uv":[0.0,0.0,1.125,0.0],"rotation":0,"texture":"#9e58c8e2-769c-38fd-13ce-d7fc6df17446","tintindex":0},"south":{"uv":[0.0,0.0,1.125,0.0],"rotation":0,"texture":"#9e58c8e2-769c-38fd-13ce-d7fc6df17446","tintindex":0},"up":{"uv":[11.0,4.125,9.875,3.375],"rotation":0,"texture":"#9e58c8e2-769c-38fd-13ce-d7fc6df17446","tintindex":0},"west":{"uv":[0.0,0.0,0.75,0.0],"rotation":0,"texture":"#9e58c8e2-769c-38fd-13ce-d7fc6df17446","tintindex":0}}},{"name":"cube","from":[-1.0766506,10.1,5.8999996],"to":[4.3233495,10.1,9.5],"rotation":{"angle":22.5,"axis":"y","origin":[4.6233497,12.8,6.2]},"faces":{"down":{"uv":[10.125,0.875,11.25,1.625],"rotation":0,"texture":"#9e58c8e2-769c-38fd-13ce-d7fc6df17446","tintindex":0},"east":{"uv":[0.0,0.0,0.75,0.0],"rotation":0,"texture":"#9e58c8e2-769c-38fd-13ce-d7fc6df17446","tintindex":0},"north":{"uv":[0.0,0.0,1.125,0.0],"rotation":0,"texture":"#9e58c8e2-769c-38fd-13ce-d7fc6df17446","tintindex":0},"south":{"uv":[0.0,0.0,1.125,0.0],"rotation":0,"texture":"#9e58c8e2-769c-38fd-13ce-d7fc6df17446","tintindex":0},"up":{"uv":[11.25,10.875,10.125,10.125],"rotation":0,"texture":"#9e58c8e2-769c-38fd-13ce-d7fc6df17446","tintindex":0},"west":{"uv":[0.0,0.0,0.75,0.0],"rotation":0,"texture":"#9e58c8e2-769c-38fd-13ce-d7fc6df17446","tintindex":0}}},{"name":"cube","from":[7.7,10.1,5.8999996],"to":[11.900001,13.1,9.5],"rotation":{"angle":-22.5,"axis":"y","origin":[11.6,12.8,6.2]},"faces":{"down":{"uv":[10.25,9.0,11.125,9.75],"rotation":0,"texture":"#9e58c8e2-769c-38fd-13ce-d7fc6df17446","tintindex":0},"east":{"uv":[12.0,1.75,12.75,2.375],"rotation":0,"texture":"#9e58c8e2-769c-38fd-13ce-d7fc6df17446","tintindex":0},"north":{"uv":[5.75,11.625,6.625,12.25],"rotation":0,"texture":"#9e58c8e2-769c-38fd-13ce-d7fc6df17446","tintindex":0},"south":{"uv":[3.125,11.75,4.0,12.375],"rotation":0,"texture":"#9e58c8e2-769c-38fd-13ce-d7fc6df17446","tintindex":0},"up":{"uv":[11.125,7.0,10.25,6.25],"rotation":0,"texture":"#9e58c8e2-769c-38fd-13ce-d7fc6df17446","tintindex":0},"west":{"uv":[12.0,2.375,12.75,3.0],"rotation":0,"texture":"#9e58c8e2-769c-38fd-13ce-d7fc6df17446","tintindex":0}}},{"name":"cube","from":[4.3233495,10.1,5.8999996],"to":[8.52335,13.1,9.5],"rotation":{"angle":22.5,"axis":"y","origin":[4.6233497,12.8,6.2]},"faces":{"down":{"uv":[10.625,0.0,11.5,0.75],"rotation":0,"texture":"#9e58c8e2-769c-38fd-13ce-d7fc6df17446","tintindex":0},"east":{"uv":[12.0,3.0,12.75,3.625],"rotation":0,"texture":"#9e58c8e2-769c-38fd-13ce-d7fc6df17446","tintindex":0},"north":{"uv":[11.0,11.75,11.875,12.375],"rotation":0,"texture":"#9e58c8e2-769c-38fd-13ce-d7fc6df17446","tintindex":0},"south":{"uv":[11.75,9.0,12.625,9.625],"rotation":0,"texture":"#9e58c8e2-769c-38fd-13ce-d7fc6df17446","tintindex":0},"up":{"uv":[8.125,11.125,7.25,10.375],"rotation":0,"texture":"#9e58c8e2-769c-38fd-13ce-d7fc6df17446","tintindex":0},"west":{"uv":[12.0,4.75,12.75,5.375],"rotation":0,"texture":"#9e58c8e2-769c-38fd-13ce-d7fc6df17446","tintindex":0}}},{"name":"cube","from":[5.609041,10.1,5.7636075],"to":[10.649041,13.1,9.363607],"rotation":{"angle":0.0,"axis":"x","origin":[5.909041,12.8,6.063607]},"faces":{"down":{"uv":[10.25,4.875,11.25,5.625],"rotation":0,"texture":"#9e58c8e2-769c-38fd-13ce-d7fc6df17446","tintindex":0},"east":{"uv":[12.0,8.125,12.75,8.75],"rotation":0,"texture":"#9e58c8e2-769c-38fd-13ce-d7fc6df17446","tintindex":0},"north":{"uv":[11.0,7.75,12.0,8.375],"rotation":0,"texture":"#9e58c8e2-769c-38fd-13ce-d7fc6df17446","tintindex":0},"south":{"uv":[11.0,8.375,12.0,9.0],"rotation":0,"texture":"#9e58c8e2-769c-38fd-13ce-d7fc6df17446","tintindex":0},"up":{"uv":[11.25,4.875,10.25,4.125],"rotation":0,"texture":"#9e58c8e2-769c-38fd-13ce-d7fc6df17446","tintindex":0},"west":{"uv":[6.625,12.125,7.375,12.75],"rotation":0,"texture":"#9e58c8e2-769c-38fd-13ce-d7fc6df17446","tintindex":0}}},{"name":"cube","from":[7.7,10.1,5.8999996],"to":[17.3,16.7,5.8999996],"rotation":{"angle":-22.5,"axis":"y","origin":[11.6,12.8,6.2]},"faces":{"down":{"uv":[0.0,0.0,2.0,0.0],"rotation":0,"texture":"#9e58c8e2-769c-38fd-13ce-d7fc6df17446","tintindex":0},"east":{"uv":[0.0,0.0,0.0,1.375],"rotation":0,"texture":"#9e58c8e2-769c-38fd-13ce-d7fc6df17446","tintindex":0},"north":{"uv":[5.75,1.25,7.75,2.625],"rotation":0,"texture":"#9e58c8e2-769c-38fd-13ce-d7fc6df17446","tintindex":0},"south":{"uv":[5.75,2.625,7.75,4.0],"rotation":0,"texture":"#9e58c8e2-769c-38fd-13ce-d7fc6df17446","tintindex":0},"up":{"uv":[2.0,0.0,0.0,0.0],"rotation":0,"texture":"#9e58c8e2-769c-38fd-13ce-d7fc6df17446","tintindex":0},"west":{"uv":[0.0,0.0,0.0,1.375],"rotation":0,"texture":"#9e58c8e2-769c-38fd-13ce-d7fc6df17446","tintindex":0}}},{"name":"cube","from":[-1.0766506,10.1,5.8999996],"to":[8.52335,16.7,5.8999996],"rotation":{"angle":22.5,"axis":"y","origin":[4.6233497,12.8,6.2]},"faces":{"down":{"uv":[0.0,0.0,2.0,0.0],"rotation":0,"texture":"#9e58c8e2-769c-38fd-13ce-d7fc6df17446","tintindex":0},"east":{"uv":[0.0,0.0,0.0,1.375],"rotation":0,"texture":"#9e58c8e2-769c-38fd-13ce-d7fc6df17446","tintindex":0},"north":{"uv":[0.0,6.25,2.0,7.625],"rotation":0,"texture":"#9e58c8e2-769c-38fd-13ce-d7fc6df17446","tintindex":0},"south":{"uv":[2.0,6.25,4.0,7.625],"rotation":0,"texture":"#9e58c8e2-769c-38fd-13ce-d7fc6df17446","tintindex":0},"up":{"uv":[2.0,0.0,0.0,0.0],"rotation":0,"texture":"#9e58c8e2-769c-38fd-13ce-d7fc6df17446","tintindex":0},"west":{"uv":[0.0,0.0,0.0,1.375],"rotation":0,"texture":"#9e58c8e2-769c-38fd-13ce-d7fc6df17446","tintindex":0}}},{"name":"cube","from":[4.3999996,4.1,3.4999998],"to":[11.6,7.7,3.4999998],"rotation":{"angle":22.5,"axis":"x","origin":[8.0,1.0999997,3.4999998]},"faces":{"down":{"uv":[0.0,0.0,1.5,0.0],"rotation":0,"texture":"#9e58c8e2-769c-38fd-13ce-d7fc6df17446","tintindex":0},"east":{"uv":[0.0,0.0,0.0,0.75],"rotation":0,"texture":"#9e58c8e2-769c-38fd-13ce-d7fc6df17446","tintindex":0},"north":{"uv":[8.25,7.5,9.75,8.25],"rotation":0,"texture":"#9e58c8e2-769c-38fd-13ce-d7fc6df17446","tintindex":0},"south":{"uv":[3.25,8.5,4.75,9.25],"rotation":0,"texture":"#9e58c8e2-769c-38fd-13ce-d7fc6df17446","tintindex":0},"up":{"uv":[1.5,0.0,0.0,0.0],"rotation":0,"texture":"#9e58c8e2-769c-38fd-13ce-d7fc6df17446","tintindex":0},"west":{"uv":[0.0,0.0,0.0,0.75],"rotation":0,"texture":"#9e58c8e2-769c-38fd-13ce-d7fc6df17446","tintindex":0}}},{"name":"cube","from":[4.3999996,-0.19507217,-0.018724918],"to":[11.6,5.8049293,-0.018724918],"rotation":{"angle":45.0,"axis":"x","origin":[8.0,-0.7950721,-0.018724918]},"faces":{"down":{"uv":[0.0,0.0,1.5,0.0],"rotation":0,"texture":"#9e58c8e2-769c-38fd-13ce-d7fc6df17446","tintindex":0},"east":{"uv":[0.0,0.0,0.0,1.25],"rotation":0,"texture":"#9e58c8e2-769c-38fd-13ce-d7fc6df17446","tintindex":0},"north":{"uv":[4.0,6.25,5.5,7.5],"rotation":0,"texture":"#9e58c8e2-769c-38fd-13ce-d7fc6df17446","tintindex":0},"south":{"uv":[5.5,6.25,7.0,7.5],"rotation":0,"texture":"#9e58c8e2-769c-38fd-13ce-d7fc6df17446","tintindex":0},"up":{"uv":[1.5,0.0,0.0,0.0],"rotation":0,"texture":"#9e58c8e2-769c-38fd-13ce-d7fc6df17446","tintindex":0},"west":{"uv":[0.0,0.0,0.0,1.25],"rotation":0,"texture":"#9e58c8e2-769c-38fd-13ce-d7fc6df17446","tintindex":0}}},{"name":"cube","from":[6.2,8.9,5.3],"to":[9.8,10.700001,8.3],"rotation":{"angle":0.0,"axis":"x","origin":[8.0,10.1,5.3]},"faces":{"down":{"uv":[12.0,1.125,12.75,1.75],"rotation":0,"texture":"#9e58c8e2-769c-38fd-13ce-d7fc6df17446","tintindex":0},"east":{"uv":[13.25,12.125,13.875,12.5],"rotation":0,"texture":"#9e58c8e2-769c-38fd-13ce-d7fc6df17446","tintindex":0},"north":{"uv":[13.25,9.375,14.0,9.75],"rotation":0,"texture":"#9e58c8e2-769c-38fd-13ce-d7fc6df17446","tintindex":0},"south":{"uv":[13.25,9.75,14.0,10.125],"rotation":0,"texture":"#9e58c8e2-769c-38fd-13ce-d7fc6df17446","tintindex":0},"up":{"uv":[12.75,1.125,12.0,0.5],"rotation":0,"texture":"#9e58c8e2-769c-38fd-13ce-d7fc6df17446","tintindex":0},"west":{"uv":[5.5,13.375,6.125,13.75],"rotation":0,"texture":"#9e58c8e2-769c-38fd-13ce-d7fc6df17446","tintindex":0}}},{"name":"cube","from":[3.4999998,7.7,5.0],"to":[7.7,9.5,5.0],"rotation":{"angle":22.5,"axis":"z","origin":[7.7,8.9,5.0]},"faces":{"down":{"uv":[0.0,0.0,0.875,0.0],"rotation":0,"texture":"#9e58c8e2-769c-38fd-13ce-d7fc6df17446","tintindex":0},"east":{"uv":[0.0,0.0,0.0,0.375],"rotation":0,"texture":"#9e58c8e2-769c-38fd-13ce-d7fc6df17446","tintindex":0},"north":{"uv":[12.875,3.625,13.75,4.0],"rotation":0,"texture":"#9e58c8e2-769c-38fd-13ce-d7fc6df17446","tintindex":0},"south":{"uv":[12.875,6.125,13.75,6.5],"rotation":0,"texture":"#9e58c8e2-769c-38fd-13ce-d7fc6df17446","tintindex":0},"up":{"uv":[0.875,0.0,0.0,0.0],"rotation":0,"texture":"#9e58c8e2-769c-38fd-13ce-d7fc6df17446","tintindex":0},"west":{"uv":[0.0,0.0,0.0,0.375],"rotation":0,"texture":"#9e58c8e2-769c-38fd-13ce-d7fc6df17446","tintindex":0}}},{"name":"cube","from":[8.3,7.7,5.0],"to":[12.5,9.5,5.0],"rotation":{"angle":-22.5,"axis":"z","origin":[8.3,8.9,5.0]},"faces":{"down":{"uv":[0.0,0.0,0.875,0.0],"rotation":0,"texture":"#9e58c8e2-769c-38fd-13ce-d7fc6df17446","tintindex":0},"east":{"uv":[0.0,0.0,0.0,0.375],"rotation":0,"texture":"#9e58c8e2-769c-38fd-13ce-d7fc6df17446","tintindex":0},"north":{"uv":[8.625,6.0,9.5,6.375],"rotation":0,"texture":"#9e58c8e2-769c-38fd-13ce-d7fc6df17446","tintindex":0},"south":{"uv":[10.5,12.875,11.375,13.25],"rotation":0,"texture":"#9e58c8e2-769c-38fd-13ce-d7fc6df17446","tintindex":0},"up":{"uv":[0.875,0.0,0.0,0.0],"rotation":0,"texture":"#9e58c8e2-769c-38fd-13ce-d7fc6df17446","tintindex":0},"west":{"uv":[0.0,0.0,0.0,0.375],"rotation":0,"texture":"#9e58c8e2-769c-38fd-13ce-d7fc6df17446","tintindex":0}}},{"name":"cube","from":[5.6,5.8999996,5.3],"to":[10.4,8.9,7.7],"rotation":{"angle":0.0,"axis":"x","origin":[8.0,10.1,5.8999996]},"faces":{"down":{"uv":[11.875,9.625,12.875,10.125],"rotation":0,"texture":"#9e58c8e2-769c-38fd-13ce-d7fc6df17446","tintindex":0},"east":{"uv":[8.125,10.375,8.625,11.0],"rotation":0,"texture":"#9e58c8e2-769c-38fd-13ce-d7fc6df17446","tintindex":0},"north":{"uv":[11.0,1.625,12.0,2.25],"rotation":0,"texture":"#9e58c8e2-769c-38fd-13ce-d7fc6df17446","tintindex":0},"south":{"uv":[11.0,2.25,12.0,2.875],"rotation":0,"texture":"#9e58c8e2-769c-38fd-13ce-d7fc6df17446","tintindex":0},"up":{"uv":[12.875,6.625,11.875,6.125],"rotation":0,"texture":"#9e58c8e2-769c-38fd-13ce-d7fc6df17446","tintindex":0},"west":{"uv":[4.25,13.0,4.75,13.625],"rotation":0,"texture":"#9e58c8e2-769c-38fd-13ce-d7fc6df17446","tintindex":0}}},{"name":"cube","from":[10.4,5.8999996,5.8999996],"to":[10.4,10.1,7.7],"rotation":{"angle":45.0,"axis":"y","origin":[10.4,8.0,6.8]},"faces":{"down":{"uv":[0.0,0.0,0.0,0.375],"rotation":0,"texture":"#9e58c8e2-769c-38fd-13ce-d7fc6df17446","tintindex":0},"east":{"uv":[6.5,8.625,6.875,9.5],"rotation":0,"texture":"#9e58c8e2-769c-38fd-13ce-d7fc6df17446","tintindex":0},"north":{"uv":[0.0,0.0,0.0,0.875],"rotation":0,"texture":"#9e58c8e2-769c-38fd-13ce-d7fc6df17446","tintindex":0},"south":{"uv":[0.0,0.0,0.0,0.875],"rotation":0,"texture":"#9e58c8e2-769c-38fd-13ce-d7fc6df17446","tintindex":0},"up":{"uv":[0.0,0.375,0.0,0.0],"rotation":0,"texture":"#9e58c8e2-769c-38fd-13ce-d7fc6df17446","tintindex":0},"west":{"uv":[12.875,9.375,13.25,10.25],"rotation":0,"texture":"#9e58c8e2-769c-38fd-13ce-d7fc6df17446","tintindex":0}}},{"name":"cube","from":[5.6,5.8999996,5.8999996],"to":[5.6,10.1,7.7],"rotation":{"angle":-45.0,"axis":"y","origin":[5.6,8.0,6.8]},"faces":{"down":{"uv":[0.0,0.0,0.0,0.375],"rotation":0,"texture":"#9e58c8e2-769c-38fd-13ce-d7fc6df17446","tintindex":0},"east":{"uv":[12.875,10.25,13.25,11.125],"rotation":0,"texture":"#9e58c8e2-769c-38fd-13ce-d7fc6df17446","tintindex":0},"north":{"uv":[0.0,0.0,0.0,0.875],"rotation":0,"texture":"#9e58c8e2-769c-38fd-13ce-d7fc6df17446","tintindex":0},"south":{"uv":[0.0,0.0,0.0,0.875],"rotation":0,"texture":"#9e58c8e2-769c-38fd-13ce-d7fc6df17446","tintindex":0},"up":{"uv":[0.0,0.375,0.0,0.0],"rotation":0,"texture":"#9e58c8e2-769c-38fd-13ce-d7fc6df17446","tintindex":0},"west":{"uv":[0.5,13.0,0.875,13.875],"rotation":0,"texture":"#9e58c8e2-769c-38fd-13ce-d7fc6df17446","tintindex":0}}}],"display":{"head":{"translation":[0.0,-6.4,0.0],"rotation":[0.0,0.0,0.0],"scale":[3.8095,3.8095,3.8095]},"gui":{"translation":[0.0,0.0,0.0],"rotation":[35.0,225.0,0.0],"scale":[0.625,0.625,0.625]}}}