{
	"credit": "Made with Blockbench",
	"texture_size": [64, 64],
	"textures": {
		"0": "modelengine:entity/frankenstein"
	},
	"elements": [
		{
			"from": [6, 4, 4],
			"to": [10, 6, 6],
			"rotation": {"angle": 0, "axis": "y", "origin": [5, 14, 0]},
			"faces": {
				"north": {"uv": [12, 11.5, 13, 12], "texture": "#0"},
				"east": {"uv": [1.75, 14.25, 2.25, 14.75], "texture": "#0"},
				"south": {"uv": [13.75, 0.75, 14.75, 1.25], "texture": "#0"},
				"west": {"uv": [2.25, 14.25, 2.75, 14.75], "texture": "#0"},
				"up": {"uv": [13.75, 3.25, 14.75, 3.75], "texture": "#0"},
				"down": {"uv": [13.75, 3.75, 14.75, 4.25], "texture": "#0"}
			}
		},
		{
			"from": [6, 4, 6],
			"to": [10, 15, 12],
			"rotation": {"angle": 0, "axis": "y", "origin": [5, 14, 6]},
			"faces": {
				"north": {"uv": [3, 8.75, 4, 11.5], "texture": "#0"},
				"east": {"uv": [6.5, 0, 8, 2.75], "texture": "#0"},
				"south": {"uv": [6, 9.25, 7, 12], "texture": "#0"},
				"west": {"uv": [6.5, 2.75, 8, 5.5], "texture": "#0"},
				"up": {"uv": [10.75, 6.5, 11.75, 7.75], "texture": "#0"},
				"down": {"uv": [12.25, 10, 13.25, 11.5], "texture": "#0"}
			}
		}
	],
	"display": {
		"thirdperson_righthand": {
			"rotation": [-180, 5, -18],
			"translation": [-1.25, 6.25, 0]
		},
		"thirdperson_lefthand": {
			"rotation": [-180, 5, -18],
			"translation": [-1.25, 6.25, 0]
		},
		"firstperson_righthand": {
			"rotation": [-180, 63, 6],
			"translation": [0.5, 5.75, 0],
			"scale": [0.75, 0.75, 0.75]
		},
		"firstperson_lefthand": {
			"rotation": [-180, 63, 6],
			"translation": [0.5, 5.75, 0],
			"scale": [0.75, 0.75, 0.75]
		},
		"ground": {
			"rotation": [39, 39, 0],
			"translation": [0, 2.5, 0]
		},
		"gui": {
			"rotation": [17, 124, 28],
			"translation": [-0.25, -1.25, 0]
		},
		"head": {
			"translation": [0, 11.25, 0]
		},
		"fixed": {
			"translation": [0, 0, -4.25]
		}
	}
}