{
	"credit": "Made with Blockbench",
	"texture_size": [64, 64],
	"textures": {
		"0": "modelengine:entity/mummy"
	},
	"elements": [
		{
			"from": [7.1576, 8.2304, 3.5608],
			"to": [8.8424, 9.9152, 4.4032],
			"rotation": {"angle": 0, "axis": "x", "origin": [8, 8.3708, 4.788]},
			"faces": {
				"north": {"uv": [3.5, 3.25, 3.75, 3.5], "texture": "#0"},
				"east": {"uv": [2.75, 5, 3, 5.25], "texture": "#0"},
				"south": {"uv": [5, 3.5, 5.25, 3.75], "texture": "#0"},
				"west": {"uv": [1.25, 6.75, 1.5, 7], "texture": "#0"},
				"up": {"uv": [4.75, 7.5, 4.5, 7.25], "texture": "#0"},
				"down": {"uv": [7.5, 6.75, 7.25, 7], "texture": "#0"}
			}
		},
		{
			"from": [3.788, 8.2304, 4.4032],
			"to": [12.212, 11.6, 5.9424],
			"rotation": {"angle": 0, "axis": "x", "origin": [8, 8.3708, 4.788]},
			"faces": {
				"north": {"uv": [3.75, 3.75, 5.25, 4.5], "texture": "#0"},
				"east": {"uv": [6, 0.75, 6.25, 1.5], "texture": "#0"},
				"south": {"uv": [0, 5.25, 0.75, 6], "texture": "#0"},
				"west": {"uv": [6, 1.5, 6.25, 2.25], "texture": "#0"},
				"up": {"uv": [1.5, 1.25, 0, 1], "texture": "#0"},
				"down": {"uv": [1.5, 1.25, 0, 2.5], "texture": "#0"}
			}
		},
		{
			"from": [5.4728, 4.0184, 4.4032],
			"to": [10.5272, 8.2304, 6.0152],
			"rotation": {"angle": 0, "axis": "x", "origin": [8, 8.3708, 4.788]},
			"faces": {
				"north": {"uv": [5.75, 0, 6.75, 0.75], "texture": "#0"},
				"east": {"uv": [7.25, 0, 7.5, 0.75], "texture": "#0"},
				"south": {"uv": [0, 5.25, 0.75, 6], "texture": "#0"},
				"west": {"uv": [6.75, 7, 7, 7.75], "texture": "#0"},
				"up": {"uv": [2.5, 7, 1.5, 6.25], "texture": "#0"},
				"down": {"uv": [7.25, 6.75, 6.25, 7], "texture": "#0"}
			}
		},
		{
			"from": [4, 9, 6],
			"to": [12.5, 9.5, 14.5],
			"rotation": {"angle": 0, "axis": "y", "origin": [12, 17, 14]},
			"faces": {
				"north": {"uv": [0, 5.5, 1.375, 5.625], "texture": "#0"},
				"east": {"uv": [0, 5.5, 1.625, 5.625], "texture": "#0"},
				"south": {"uv": [0, 5.5, 1.125, 5.625], "texture": "#0"},
				"west": {"uv": [0, 5.5, 0.375, 5.625], "texture": "#0"},
				"up": {"uv": [4.5, 10.75, 6.625, 12.875], "texture": "#0"},
				"down": {"uv": [4.25, 8.75, 6.375, 10.875], "texture": "#0"}
			}
		}
	],
	"display": {
		"thirdperson_righthand": {
			"rotation": [14, 14, -32],
			"translation": [-1.5, -0.25, -3.75],
			"scale": [0.75, 0.75, 0.75]
		},
		"thirdperson_lefthand": {
			"rotation": [14, 14, -32],
			"translation": [-1.5, -0.25, -3.75],
			"scale": [0.75, 0.75, 0.75]
		},
		"firstperson_righthand": {
			"rotation": [-78, 136, 34],
			"translation": [1.75, 0, 0]
		},
		"firstperson_lefthand": {
			"rotation": [-78, 136, 34],
			"translation": [1.75, 0, 0]
		},
		"ground": {
			"scale": [0.75, 0.75, 0.75]
		},
		"gui": {
			"rotation": [-22, -163, -14],
			"translation": [0, -0.75, 0]
		},
		"head": {
			"translation": [-0.25, 0, -3.5],
			"scale": [1.75, 1.75, 1.75]
		},
		"fixed": {
			"translation": [0, 0.5, 4.25],
			"scale": [2, 2, 2]
		}
	}
}