{
	"__comment": "Designed by Elo106 with Cubik Studio - https://cubik.studio",
	"textures": {
		"particle": "items/hook",
		"texture": "items/hook",
		"hook_atlas": "items/hook"
	},
	"elements": [ 	 
		{
			"__comment": "Voxels",
			"from": [ 5.5, 1, 7.5 ],
			"to": [ 6, 9.5, 8.5 ],
			"faces": {
				"down": { "uv": [ 5.25, 5.5, 5.5, 6 ], "texture": "#hook_atlas" },
				"up": { "uv": [ 4.5, 3.75, 4.75, 3.25 ], "texture": "#hook_atlas" },
				"north": { "uv": [ 1.75, 1.75, 1.5, 6 ], "texture": "#hook_atlas" },
				"south": { "uv": [ 1.75, 1.75, 2, 6 ], "texture": "#hook_atlas" },
				"west": { "uv": [ 0, 3.75, 0.5, 8 ], "texture": "#hook_atlas" },
				"east": { "uv": [ 1, 3.75, 0.5, 8 ], "texture": "#hook_atlas" }
			}
		},
		{
			"__comment": "Voxels",
			"from": [ 5.5, 3, 7 ],
			"to": [ 6.5, 7.5, 7.5 ],
			"faces": {
				"down": { "uv": [ 4.5, 1.5, 5, 1.75 ], "texture": "#hook_atlas" },
				"up": { "uv": [ 4.5, 1.5, 5, 1.25 ], "texture": "#hook_atlas" },
				"north": { "uv": [ 0.5, 1.5, 0, 3.75 ], "texture": "#hook_atlas" },
				"south": { "uv": [ 0.5, 1.5, 1, 3.75 ], "texture": "#hook_atlas" },
				"west": { "uv": [ 2.5, 11.5, 2.75, 13.75 ], "texture": "#hook_atlas" },
				"east": { "uv": [ 2.75, 9.25, 2.5, 11.5 ], "texture": "#hook_atlas" }
			}
		},
		{
			"__comment": "Voxels",
			"from": [ 5.5, 3, 8.5 ],
			"to": [ 6.5, 7.5, 9 ],
			"faces": {
				"down": { "uv": [ 4.5, 1, 5, 1.25 ], "texture": "#hook_atlas" },
				"up": { "uv": [ 4.5, 1, 5, 0.75 ], "texture": "#hook_atlas" },
				"north": { "uv": [ 2, 10.5, 1.5, 12.75 ], "texture": "#hook_atlas" },
				"south": { "uv": [ 1.5, 8.25, 2, 10.5 ], "texture": "#hook_atlas" },
				"west": { "uv": [ 2.5, 7, 2.75, 9.25 ], "texture": "#hook_atlas" },
				"east": { "uv": [ 2.75, 4.75, 2.5, 7 ], "texture": "#hook_atlas" }
			}
		},
		{
			"__comment": "Voxels",
			"from": [ 5.5, 4.5, 6.5 ],
			"to": [ 10, 5, 7 ],
			"faces": {
				"down": { "uv": [ 9.25, 15.75, 11.5, 16 ], "texture": "#hook_atlas" },
				"up": { "uv": [ 9.25, 15.75, 11.5, 15.5 ], "texture": "#hook_atlas" },
				"north": { "uv": [ 9.25, 14.25, 7, 14.5 ], "texture": "#hook_atlas" },
				"south": { "uv": [ 7, 14.5, 9.25, 14.75 ], "texture": "#hook_atlas" },
				"west": { "uv": [ 5, 1, 5.25, 1.25 ], "texture": "#hook_atlas" },
				"east": { "uv": [ 5.25, 1.25, 5, 1.5 ], "texture": "#hook_atlas" }
			}
		},
		{
			"__comment": "Voxels",
			"from": [ 5.5, 4.5, 9 ],
			"to": [ 10, 5, 9.5 ],
			"faces": {
				"down": { "uv": [ 7, 14.75, 9.25, 15 ], "texture": "#hook_atlas" },
				"up": { "uv": [ 12.25, 16, 14.5, 15.75 ], "texture": "#hook_atlas" },
				"north": { "uv": [ 11.5, 15, 9.25, 15.25 ], "texture": "#hook_atlas" },
				"south": { "uv": [ 9.25, 15.25, 11.5, 15.5 ], "texture": "#hook_atlas" },
				"west": { "uv": [ 5, 1.5, 5.25, 1.75 ], "texture": "#hook_atlas" },
				"east": { "uv": [ 5.25, 2.25, 5, 2.5 ], "texture": "#hook_atlas" }
			}
		},
		{
			"__comment": "Voxels",
			"from": [ 5.5, 5, 6.5 ],
			"to": [ 6.5, 9.5, 7 ],
			"faces": {
				"up": { "uv": [ 5.25, 10.75, 5.75, 10.5 ], "texture": "#hook_atlas" },
				"north": { "uv": [ 2, 6, 1.5, 8.25 ], "texture": "#hook_atlas" },
				"south": { "uv": [ 1.5, 12.75, 2, 15 ], "texture": "#hook_atlas" },
				"west": { "uv": [ 2.75, 11.5, 3, 13.75 ], "texture": "#hook_atlas" },
				"east": { "uv": [ 3, 9.25, 2.75, 11.5 ], "texture": "#hook_atlas" }
			}
		},
		{
			"__comment": "Voxels",
			"from": [ 5.5, 5, 9 ],
			"to": [ 6.5, 9.5, 9.5 ],
			"faces": {
				"up": { "uv": [ 6.25, 10.75, 6.75, 10.5 ], "texture": "#hook_atlas" },
				"north": { "uv": [ 1.5, 5.75, 1, 8 ], "texture": "#hook_atlas" },
				"south": { "uv": [ 1, 1.5, 1.5, 3.75 ], "texture": "#hook_atlas" },
				"west": { "uv": [ 2.5, 2.5, 2.75, 4.75 ], "texture": "#hook_atlas" },
				"east": { "uv": [ 2.75, 0.25, 2.5, 2.5 ], "texture": "#hook_atlas" }
			}
		},
		{
			"__comment": "Voxels",
			"from": [ 5.5, 7.5, 7 ],
			"to": [ 6, 9.5, 7.5 ],
			"faces": {
				"up": { "uv": [ 5, 8.75, 5.25, 8.5 ], "texture": "#hook_atlas" },
				"west": { "uv": [ 3.25, 2, 3.5, 3 ], "texture": "#hook_atlas" },
				"east": { "uv": [ 3.5, 1, 3.25, 2 ], "texture": "#hook_atlas" }
			}
		},
		{
			"__comment": "Voxels",
			"from": [ 5.5, 7.5, 8.5 ],
			"to": [ 6, 9.5, 9 ],
			"faces": {
				"up": { "uv": [ 9, 14, 9.25, 13.75 ], "texture": "#hook_atlas" },
				"west": { "uv": [ 3.75, 8, 4, 9 ], "texture": "#hook_atlas" },
				"east": { "uv": [ 3.75, 7, 3.5, 8 ], "texture": "#hook_atlas" }
			}
		},
		{
			"__comment": "Voxels",
			"from": [ 6, 3, 7.5 ],
			"to": [ 6.5, 5, 8.5 ],
			"faces": {
				"down": { "uv": [ 5, 2.75, 5.25, 3.25 ], "texture": "#hook_atlas" },
				"up": { "uv": [ 5.25, 10.5, 5.5, 10 ], "texture": "#hook_atlas" },
				"east": { "uv": [ 4.25, 12.25, 3.75, 13.25 ], "texture": "#hook_atlas" }
			}
		},
		{
			"__comment": "Voxels",
			"from": [ 6, 4.5, 6 ],
			"to": [ 10, 5, 6.5 ],
			"faces": {
				"down": { "uv": [ 7, 14, 9, 14.25 ], "texture": "#hook_atlas" },
				"up": { "uv": [ 7, 14, 9, 13.75 ], "texture": "#hook_atlas" },
				"north": { "uv": [ 11.25, 14.75, 9.25, 15 ], "texture": "#hook_atlas" },
				"west": { "uv": [ 9, 14, 9.25, 14.25 ], "texture": "#hook_atlas" },
				"east": { "uv": [ 6.25, 8, 6, 8.25 ], "texture": "#hook_atlas" }
			}
		},
		{
			"__comment": "Voxels",
			"from": [ 6, 4.5, 9.5 ],
			"to": [ 10, 5, 10 ],
			"faces": {
				"down": { "uv": [ 9.25, 13.75, 11.25, 14 ], "texture": "#hook_atlas" },
				"up": { "uv": [ 11.25, 15, 13.25, 14.75 ], "texture": "#hook_atlas" },
				"south": { "uv": [ 11.25, 14.25, 13.25, 14.5 ], "texture": "#hook_atlas" },
				"west": { "uv": [ 6, 8.25, 6.25, 8.5 ], "texture": "#hook_atlas" },
				"east": { "uv": [ 15.25, 9.75, 15, 10 ], "texture": "#hook_atlas" }
			}
		},
		{
			"__comment": "Voxels",
			"from": [ 6, 5, 6 ],
			"to": [ 7.5, 7.5, 6.5 ],
			"faces": {
				"up": { "uv": [ 12, 11, 12.75, 10.75 ], "texture": "#hook_atlas" },
				"north": { "uv": [ 4, 13.75, 3.25, 15 ], "texture": "#hook_atlas" },
				"south": { "uv": [ 4, 13.75, 4.75, 15 ], "texture": "#hook_atlas" },
				"west": { "uv": [ 3.25, 7.25, 3.5, 8.5 ], "texture": "#hook_atlas" },
				"east": { "uv": [ 3.25, 1.5, 3, 2.75 ], "texture": "#hook_atlas" }
			}
		},
		{
			"__comment": "Voxels",
			"from": [ 6, 5, 9.5 ],
			"to": [ 7.5, 7.5, 10 ],
			"faces": {
				"up": { "uv": [ 7.5, 11, 8.25, 10.75 ], "texture": "#hook_atlas" },
				"north": { "uv": [ 5.5, 13.75, 4.75, 15 ], "texture": "#hook_atlas" },
				"south": { "uv": [ 5.5, 13.75, 6.25, 15 ], "texture": "#hook_atlas" },
				"west": { "uv": [ 3, 0.25, 3.25, 1.5 ], "texture": "#hook_atlas" },
				"east": { "uv": [ 3.5, 11, 3.25, 12.25 ], "texture": "#hook_atlas" }
			}
		},
		{
			"__comment": "Voxels",
			"from": [ 6, 7.5, 6 ],
			"to": [ 7, 9, 6.5 ],
			"faces": {
				"up": { "uv": [ 8.25, 10.75, 8.75, 10.5 ], "texture": "#hook_atlas" },
				"north": { "uv": [ 11.25, 12.25, 10.75, 13 ], "texture": "#hook_atlas" },
				"south": { "uv": [ 2, 0, 2.5, 0.75 ], "texture": "#hook_atlas" },
				"west": { "uv": [ 4, 4.5, 4.25, 5.25 ], "texture": "#hook_atlas" },
				"east": { "uv": [ 4.5, 5.25, 4.25, 6 ], "texture": "#hook_atlas" }
			}
		},
		{
			"__comment": "Voxels",
			"from": [ 6, 7.5, 9.5 ],
			"to": [ 7, 9, 10 ],
			"faces": {
				"up": { "uv": [ 10.25, 10.75, 10.75, 10.5 ], "texture": "#hook_atlas" },
				"north": { "uv": [ 5.75, 12.5, 5.25, 13.25 ], "texture": "#hook_atlas" },
				"south": { "uv": [ 6.25, 12.5, 6.75, 13.25 ], "texture": "#hook_atlas" },
				"west": { "uv": [ 4.25, 8.25, 4.5, 9 ], "texture": "#hook_atlas" },
				"east": { "uv": [ 4.25, 8.25, 4, 9 ], "texture": "#hook_atlas" }
			}
		},
		{
			"__comment": "Voxels",
			"from": [ 6, 8.5, 7 ],
			"to": [ 6.5, 10, 7.5 ],
			"faces": {
				"down": { "uv": [ 14, 9.75, 14.25, 10 ], "texture": "#hook_atlas" },
				"up": { "uv": [ 13.25, 10, 13.5, 9.75 ], "texture": "#hook_atlas" },
				"north": { "uv": [ 4.75, 9.25, 4.5, 10 ], "texture": "#hook_atlas" },
				"south": { "uv": [ 4.25, 0, 4.5, 0.75 ], "texture": "#hook_atlas" },
				"west": { "uv": [ 4.25, 1.5, 4.5, 2.25 ], "texture": "#hook_atlas" },
				"east": { "uv": [ 4.5, 2.25, 4.25, 3 ], "texture": "#hook_atlas" }
			}
		},
		{
			"__comment": "Voxels",
			"from": [ 6, 8.5, 8.5 ],
			"to": [ 6.5, 10, 9 ],
			"faces": {
				"down": { "uv": [ 13, 9.75, 13.25, 10 ], "texture": "#hook_atlas" },
				"up": { "uv": [ 12.75, 10, 13, 9.75 ], "texture": "#hook_atlas" },
				"north": { "uv": [ 4.5, 3, 4.25, 3.75 ], "texture": "#hook_atlas" },
				"south": { "uv": [ 4, 5.25, 4.25, 6 ], "texture": "#hook_atlas" },
				"west": { "uv": [ 4.25, 6, 4.5, 6.75 ], "texture": "#hook_atlas" },
				"east": { "uv": [ 4.25, 9, 4, 9.75 ], "texture": "#hook_atlas" }
			}
		},
		{
			"__comment": "Voxels",
			"from": [ 6, 9, 7.5 ],
			"to": [ 6.5, 10, 8.5 ],
			"faces": {
				"down": { "uv": [ 5.25, 9.5, 5.5, 10 ], "texture": "#hook_atlas" },
				"up": { "uv": [ 5.25, 9.5, 5.5, 9 ], "texture": "#hook_atlas" },
				"west": { "uv": [ 3.5, 5.5, 4, 6 ], "texture": "#hook_atlas" },
				"east": { "uv": [ 4, 5, 3.5, 5.5 ], "texture": "#hook_atlas" }
			}
		},
		{
			"__comment": "Voxels",
			"from": [ 6, 9.5, 6.5 ],
			"to": [ 10, 10, 7 ],
			"faces": {
				"down": { "uv": [ 13.25, 14, 15.25, 14.25 ], "texture": "#hook_atlas" },
				"up": { "uv": [ 9.25, 14.5, 11.25, 14.25 ], "texture": "#hook_atlas" },
				"north": { "uv": [ 11.25, 14, 9.25, 14.25 ], "texture": "#hook_atlas" },
				"south": { "uv": [ 11.25, 14, 13.25, 14.25 ], "texture": "#hook_atlas" },
				"west": { "uv": [ 12.5, 9.75, 12.75, 10 ], "texture": "#hook_atlas" },
				"east": { "uv": [ 12.5, 9.75, 12.25, 10 ], "texture": "#hook_atlas" }
			}
		},
		{
			"__comment": "Voxels",
			"from": [ 6, 9.5, 9 ],
			"to": [ 10, 10, 9.5 ],
			"faces": {
				"down": { "uv": [ 11.25, 13.75, 13.25, 14 ], "texture": "#hook_atlas" },
				"up": { "uv": [ 13.25, 15, 15.25, 14.75 ], "texture": "#hook_atlas" },
				"north": { "uv": [ 15.25, 14.5, 13.25, 14.75 ], "texture": "#hook_atlas" },
				"south": { "uv": [ 13.25, 14.25, 15.25, 14.5 ], "texture": "#hook_atlas" },
				"west": { "uv": [ 12, 9.75, 12.25, 10 ], "texture": "#hook_atlas" },
				"east": { "uv": [ 12, 9.75, 11.75, 10 ], "texture": "#hook_atlas" }
			}
		},
		{
			"__comment": "Voxels",
			"from": [ 6, 12, 7.5 ],
			"to": [ 7, 15, 8 ],
			"faces": {
				"down": { "uv": [ 12.75, 10.5, 13.25, 10.75 ], "texture": "#hook_atlas" },
				"up": { "uv": [ 13.25, 10.75, 13.75, 10.5 ], "texture": "#hook_atlas" },
				"north": { "uv": [ 2.5, 9.75, 2, 11.25 ], "texture": "#hook_atlas" },
				"south": { "uv": [ 2, 8.25, 2.5, 9.75 ], "texture": "#hook_atlas" },
				"west": { "uv": [ 3, 4.25, 3.25, 5.75 ], "texture": "#hook_atlas" },
				"east": { "uv": [ 3.25, 2.75, 3, 4.25 ], "texture": "#hook_atlas" }
			}
		},
		{
			"__comment": "Voxels",
			"from": [ 6, 12, 8 ],
			"to": [ 7.5, 12.5, 8.5 ],
			"faces": {
				"down": { "uv": [ 14.25, 10.75, 15, 11 ], "texture": "#hook_atlas" },
				"up": { "uv": [ 11.25, 11, 12, 10.75 ], "texture": "#hook_atlas" },
				"north": { "uv": [ 11.25, 10.75, 10.5, 11 ], "texture": "#hook_atlas" },
				"south": { "uv": [ 9.75, 10.75, 10.5, 11 ], "texture": "#hook_atlas" },
				"west": { "uv": [ 11.5, 9.75, 11.75, 10 ], "texture": "#hook_atlas" },
				"east": { "uv": [ 11.5, 9.75, 11.25, 10 ], "texture": "#hook_atlas" }
			}
		},
		{
			"__comment": "Voxels",
			"from": [ 6, 12.5, 8 ],
			"to": [ 6.5, 14.5, 8.5 ],
			"faces": {
				"up": { "uv": [ 10.25, 10, 10.5, 9.75 ], "texture": "#hook_atlas" },
				"south": { "uv": [ 3.5, 1, 3.75, 2 ], "texture": "#hook_atlas" },
				"west": { "uv": [ 3.75, 2, 4, 3 ], "texture": "#hook_atlas" },
				"east": { "uv": [ 3.75, 2, 3.5, 3 ], "texture": "#hook_atlas" }
			}
		},
		{
			"__comment": "Voxels",
			"from": [ 6.5, 3, 6 ],
			"to": [ 9, 4.5, 6.5 ],
			"faces": {
				"down": { "uv": [ 6.75, 15, 8, 15.25 ], "texture": "#hook_atlas" },
				"north": { "uv": [ 1.25, 0, 0, 0.75 ], "texture": "#hook_atlas" },
				"south": { "uv": [ 0, 0.75, 1.25, 1.5 ], "texture": "#hook_atlas" },
				"west": { "uv": [ 4, 2.25, 4.25, 3 ], "texture": "#hook_atlas" },
				"east": { "uv": [ 4.25, 9.75, 4, 10.5 ], "texture": "#hook_atlas" }
			}
		},
		{
			"__comment": "Voxels",
			"from": [ 6.5, 3, 9.5 ],
			"to": [ 9, 4.5, 10 ],
			"faces": {
				"down": { "uv": [ 12.75, 12.75, 14, 13 ], "texture": "#hook_atlas" },
				"north": { "uv": [ 6.75, 15.25, 5.5, 16 ], "texture": "#hook_atlas" },
				"south": { "uv": [ 6.75, 15.25, 8, 16 ], "texture": "#hook_atlas" },
				"west": { "uv": [ 4.5, 8.5, 4.75, 9.25 ], "texture": "#hook_atlas" },
				"east": { "uv": [ 4.5, 9, 4.25, 9.75 ], "texture": "#hook_atlas" }
			}
		},
		{
			"__comment": "Voxels",
			"from": [ 6.5, 4, 6.5 ],
			"to": [ 7, 4.5, 7 ],
			"faces": {
				"down": { "uv": [ 5.75, 1.25, 6, 1.5 ], "texture": "#hook_atlas" },
				"south": { "uv": [ 5.75, 2.5, 6, 2.75 ], "texture": "#hook_atlas" },
				"west": { "uv": [ 5.75, 3.75, 6, 4 ], "texture": "#hook_atlas" },
				"east": { "uv": [ 6, 4, 5.75, 4.25 ], "texture": "#hook_atlas" }
			}
		},
		{
			"__comment": "Voxels",
			"from": [ 6.5, 4, 9 ],
			"to": [ 7, 4.5, 9.5 ],
			"faces": {
				"down": { "uv": [ 5.75, 4.25, 6, 4.5 ], "texture": "#hook_atlas" },
				"north": { "uv": [ 6, 5.75, 5.75, 6 ], "texture": "#hook_atlas" },
				"west": { "uv": [ 5.75, 6.75, 6, 7 ], "texture": "#hook_atlas" },
				"east": { "uv": [ 6, 7, 5.75, 7.25 ], "texture": "#hook_atlas" }
			}
		},
		{
			"__comment": "Voxels",
			"from": [ 6.5, 4.5, 5.5 ],
			"to": [ 9.5, 8.5, 6 ],
			"faces": {
				"down": { "uv": [ 10, 13.5, 11.5, 13.75 ], "texture": "#hook_atlas" },
				"up": { "uv": [ 10, 13.5, 11.5, 13.25 ], "texture": "#hook_atlas" },
				"north": { "uv": [ 1.5, 8, 0, 10 ], "texture": "#hook_atlas" },
				"south": { "uv": [ 0, 14, 1.5, 16 ], "texture": "#hook_atlas" },
				"west": { "uv": [ 2.75, 1.25, 3, 3.25 ], "texture": "#hook_atlas" },
				"east": { "uv": [ 3.25, 11.25, 3, 13.25 ], "texture": "#hook_atlas" }
			}
		},
		{
			"__comment": "Voxels",
			"from": [ 6.5, 4.5, 7 ],
			"to": [ 10.5, 5, 9 ],
			"faces": {
				"down": { "uv": [ 1.5, 15, 3.5, 16 ], "texture": "#hook_atlas" },
				"up": { "uv": [ 3.5, 16, 5.5, 15 ], "texture": "#hook_atlas" },
				"north": { "uv": [ 15.25, 13.75, 13.25, 14 ], "texture": "#hook_atlas" },
				"south": { "uv": [ 5, 13.5, 7, 13.75 ], "texture": "#hook_atlas" },
				"west": { "uv": [ 13, 11.75, 14, 12 ], "texture": "#hook_atlas" },
				"east": { "uv": [ 15, 11.75, 14, 12 ], "texture": "#hook_atlas" }
			}
		},
		{
			"__comment": "Voxels",
			"from": [ 6.5, 4.5, 10 ],
			"to": [ 9.5, 8.5, 10.5 ],
			"faces": {
				"down": { "uv": [ 10, 13, 11.5, 13.25 ], "texture": "#hook_atlas" },
				"up": { "uv": [ 5, 13.5, 6.5, 13.25 ], "texture": "#hook_atlas" },
				"north": { "uv": [ 1.5, 12, 0, 14 ], "texture": "#hook_atlas" },
				"south": { "uv": [ 0, 10, 1.5, 12 ], "texture": "#hook_atlas" },
				"west": { "uv": [ 3, 9.25, 3.25, 11.25 ], "texture": "#hook_atlas" },
				"east": { "uv": [ 3, 7.25, 2.75, 9.25 ], "texture": "#hook_atlas" }
			}
		},
		{
			"__comment": "Voxels",
			"from": [ 6.5, 8.5, 5.5 ],
			"to": [ 9, 9, 6 ],
			"faces": {
				"up": { "uv": [ 12.75, 12.75, 14, 12.5 ], "texture": "#hook_atlas" },
				"north": { "uv": [ 14, 12.25, 12.75, 12.5 ], "texture": "#hook_atlas" },
				"south": { "uv": [ 14, 13, 15.25, 13.25 ], "texture": "#hook_atlas" },
				"west": { "uv": [ 5.75, 7.75, 6, 8 ], "texture": "#hook_atlas" },
				"east": { "uv": [ 16, 10, 15.75, 10.25 ], "texture": "#hook_atlas" }
			}
		},
		{
			"__comment": "Voxels",
			"from": [ 6.5, 8.5, 10 ],
			"to": [ 9, 9, 10.5 ],
			"faces": {
				"up": { "uv": [ 11.5, 12.5, 12.75, 12.25 ], "texture": "#hook_atlas" },
				"north": { "uv": [ 15.25, 12.5, 14, 12.75 ], "texture": "#hook_atlas" },
				"south": { "uv": [ 14, 12.75, 15.25, 13 ], "texture": "#hook_atlas" },
				"west": { "uv": [ 15.5, 10, 15.75, 10.25 ], "texture": "#hook_atlas" },
				"east": { "uv": [ 15.5, 10, 15.25, 10.25 ], "texture": "#hook_atlas" }
			}
		},
		{
			"__comment": "Voxels",
			"from": [ 6.5, 9, 6 ],
			"to": [ 9.5, 9.5, 6.5 ],
			"faces": {
				"down": { "uv": [ 12.25, 13.25, 13.75, 13.5 ], "texture": "#hook_atlas" },
				"up": { "uv": [ 14.5, 13.5, 16, 13.25 ], "texture": "#hook_atlas" },
				"north": { "uv": [ 16, 13.5, 14.5, 13.75 ], "texture": "#hook_atlas" },
				"south": { "uv": [ 12.25, 13.5, 13.75, 13.75 ], "texture": "#hook_atlas" },
				"west": { "uv": [ 9.5, 10, 9.75, 10.25 ], "texture": "#hook_atlas" },
				"east": { "uv": [ 9.5, 10, 9.25, 10.25 ], "texture": "#hook_atlas" }
			}
		},
		{
			"__comment": "Voxels",
			"from": [ 6.5, 9, 6.5 ],
			"to": [ 7, 9.5, 7 ],
			"faces": {
				"down": { "uv": [ 8.5, 10, 8.75, 10.25 ], "texture": "#hook_atlas" },
				"south": { "uv": [ 7.75, 10, 8, 10.25 ], "texture": "#hook_atlas" },
				"east": { "uv": [ 16, 10.5, 15.75, 10.75 ], "texture": "#hook_atlas" }
			}
		},
		{
			"__comment": "Voxels",
			"from": [ 6.5, 9, 9 ],
			"to": [ 7, 9.5, 10 ],
			"faces": {
				"down": { "uv": [ 5.25, 5, 5.5, 5.5 ], "texture": "#hook_atlas" },
				"up": { "uv": [ 5.25, 5, 5.5, 4.5 ], "texture": "#hook_atlas" },
				"north": { "uv": [ 5.25, 0, 5, 0.25 ], "texture": "#hook_atlas" },
				"south": { "uv": [ 5, 0.25, 5.25, 0.5 ], "texture": "#hook_atlas" },
				"west": { "uv": [ 7.5, 10.25, 8, 10.5 ], "texture": "#hook_atlas" },
				"east": { "uv": [ 8.5, 10.25, 8, 10.5 ], "texture": "#hook_atlas" }
			}
		},
		{
			"__comment": "Voxels",
			"from": [ 6.5, 9.5, 6 ],
			"to": [ 9, 10, 6.5 ],
			"faces": {
				"up": { "uv": [ 11.5, 13, 12.75, 12.75 ], "texture": "#hook_atlas" },
				"north": { "uv": [ 12.75, 13, 11.5, 13.25 ], "texture": "#hook_atlas" },
				"west": { "uv": [ 6, 9, 6.25, 9.25 ], "texture": "#hook_atlas" },
				"east": { "uv": [ 6, 6.25, 5.75, 6.5 ], "texture": "#hook_atlas" }
			}
		},
		{
			"__comment": "Voxels",
			"from": [ 6.5, 9.5, 7 ],
			"to": [ 7.5, 10.5, 7.5 ],
			"faces": {
				"down": { "uv": [ 8.5, 10.25, 9, 10.5 ], "texture": "#hook_atlas" },
				"up": { "uv": [ 9, 10.5, 9.5, 10.25 ], "texture": "#hook_atlas" },
				"north": { "uv": [ 4, 6.5, 3.5, 7 ], "texture": "#hook_atlas" },
				"south": { "uv": [ 3.5, 3, 4, 3.5 ], "texture": "#hook_atlas" },
				"west": { "uv": [ 5.25, 4, 5.5, 4.5 ], "texture": "#hook_atlas" },
				"east": { "uv": [ 5.5, 1.5, 5.25, 2 ], "texture": "#hook_atlas" }
			}
		},
		{
			"__comment": "Voxels",
			"from": [ 6.5, 9.5, 7.5 ],
			"to": [ 7, 10.5, 9 ],
			"faces": {
				"down": { "uv": [ 4.25, 4.5, 4.5, 5.25 ], "texture": "#hook_atlas" },
				"up": { "uv": [ 4, 3.75, 4.25, 3 ], "texture": "#hook_atlas" },
				"south": { "uv": [ 5.25, 0.5, 5.5, 1 ], "texture": "#hook_atlas" },
				"west": { "uv": [ 13.75, 13.25, 14.5, 13.75 ], "texture": "#hook_atlas" },
				"east": { "uv": [ 12.25, 13.25, 11.5, 13.75 ], "texture": "#hook_atlas" }
			}
		},
		{
			"__comment": "Voxels",
			"from": [ 6.5, 9.5, 9.5 ],
			"to": [ 9, 10, 10 ],
			"faces": {
				"down": { "uv": [ 12.25, 12, 13.5, 12.25 ], "texture": "#hook_atlas" },
				"up": { "uv": [ 4.75, 12.25, 6, 12 ], "texture": "#hook_atlas" },
				"south": { "uv": [ 14, 12.25, 15.25, 12.5 ], "texture": "#hook_atlas" },
				"west": { "uv": [ 6, 9.25, 6.25, 9.5 ], "texture": "#hook_atlas" },
				"east": { "uv": [ 6.25, 9.5, 6, 9.75 ], "texture": "#hook_atlas" }
			}
		},
		{
			"__comment": "Voxels",
			"from": [ 6.5, 10, 6.5 ],
			"to": [ 8.5, 10.5, 7 ],
			"faces": {
				"up": { "uv": [ 12, 11.5, 13, 11.25 ], "texture": "#hook_atlas" },
				"north": { "uv": [ 14, 11.25, 13, 11.5 ], "texture": "#hook_atlas" },
				"south": { "uv": [ 14, 11.25, 15, 11.5 ], "texture": "#hook_atlas" },
				"west": { "uv": [ 15.75, 9.75, 16, 10 ], "texture": "#hook_atlas" },
				"east": { "uv": [ 14, 10, 13.75, 10.25 ], "texture": "#hook_atlas" }
			}
		},
		{
			"__comment": "Voxels",
			"from": [ 6.5, 10, 9 ],
			"to": [ 8.5, 10.5, 9.5 ],
			"faces": {
				"up": { "uv": [ 5, 11.25, 6, 11 ], "texture": "#hook_atlas" },
				"north": { "uv": [ 7, 11, 6, 11.25 ], "texture": "#hook_atlas" },
				"south": { "uv": [ 7, 11, 8, 11.25 ], "texture": "#hook_atlas" },
				"west": { "uv": [ 13.5, 10, 13.75, 10.25 ], "texture": "#hook_atlas" },
				"east": { "uv": [ 13.5, 10, 13.25, 10.25 ], "texture": "#hook_atlas" }
			}
		},
		{
			"__comment": "Voxels",
			"from": [ 6.5, 11.5, 7.5 ],
			"to": [ 7.5, 12, 8.5 ],
			"faces": {
				"down": { "uv": [ 15.5, 15, 16, 15.5 ], "texture": "#hook_atlas" },
				"up": { "uv": [ 15.25, 13, 15.75, 12.5 ], "texture": "#hook_atlas" },
				"north": { "uv": [ 11, 10.25, 10.5, 10.5 ], "texture": "#hook_atlas" },
				"south": { "uv": [ 12, 10.25, 12.5, 10.5 ], "texture": "#hook_atlas" },
				"west": { "uv": [ 12.5, 10.25, 13, 10.5 ], "texture": "#hook_atlas" },
				"east": { "uv": [ 13.5, 10.25, 13, 10.5 ], "texture": "#hook_atlas" }
			}
		},
		{
			"__comment": "Voxels",
			"from": [ 6.5, 14, 8 ],
			"to": [ 7, 15.5, 8.5 ],
			"faces": {
				"down": { "uv": [ 13, 10, 13.25, 10.25 ], "texture": "#hook_atlas" },
				"up": { "uv": [ 9.75, 10.25, 10, 10 ], "texture": "#hook_atlas" },
				"north": { "uv": [ 4.25, 0.75, 4, 1.5 ], "texture": "#hook_atlas" },
				"south": { "uv": [ 4.25, 3.75, 4.5, 4.5 ], "texture": "#hook_atlas" },
				"west": { "uv": [ 4, 3.75, 4.25, 4.5 ], "texture": "#hook_atlas" },
				"east": { "uv": [ 4.25, 6.75, 4, 7.5 ], "texture": "#hook_atlas" }
			}
		},
		{
			"__comment": "Voxels",
			"from": [ 7, 2, 6 ],
			"to": [ 8.5, 3, 6.5 ],
			"faces": {
				"down": { "uv": [ 11.75, 11, 12.5, 11.25 ], "texture": "#hook_atlas" },
				"north": { "uv": [ 10.75, 12.5, 10, 13 ], "texture": "#hook_atlas" },
				"south": { "uv": [ 15.25, 14, 16, 14.5 ], "texture": "#hook_atlas" },
				"west": { "uv": [ 5.25, 0, 5.5, 0.5 ], "texture": "#hook_atlas" },
				"east": { "uv": [ 5.75, 9.75, 5.5, 10.25 ], "texture": "#hook_atlas" }
			}
		},
		{
			"__comment": "Voxels",
			"from": [ 7, 2, 9.5 ],
			"to": [ 8.5, 3, 10 ],
			"faces": {
				"down": { "uv": [ 4.5, 10.25, 5.25, 10.5 ], "texture": "#hook_atlas" },
				"north": { "uv": [ 10, 13.25, 9.25, 13.75 ], "texture": "#hook_atlas" },
				"south": { "uv": [ 8.5, 13.25, 9.25, 13.75 ], "texture": "#hook_atlas" },
				"west": { "uv": [ 5.5, 9.25, 5.75, 9.75 ], "texture": "#hook_atlas" },
				"east": { "uv": [ 5.75, 8.75, 5.5, 9.25 ], "texture": "#hook_atlas" }
			}
		},
		{
			"__comment": "Voxels",
			"from": [ 7, 8.5, 6 ],
			"to": [ 7.5, 9, 6.5 ],
			"faces": {
				"down": { "uv": [ 14.75, 9.75, 15, 10 ], "texture": "#hook_atlas" },
				"south": { "uv": [ 8.5, 9.75, 8.75, 10 ], "texture": "#hook_atlas" },
				"east": { "uv": [ 8.25, 9.75, 8, 10 ], "texture": "#hook_atlas" }
			}
		},
		{
			"__comment": "Voxels",
			"from": [ 7, 8.5, 9.5 ],
			"to": [ 7.5, 9.5, 10 ],
			"faces": {
				"down": { "uv": [ 5.75, 5.5, 6, 5.75 ], "texture": "#hook_atlas" },
				"north": { "uv": [ 5.75, 8.25, 5.5, 8.75 ], "texture": "#hook_atlas" },
				"south": { "uv": [ 5.5, 7.75, 5.75, 8.25 ], "texture": "#hook_atlas" },
				"west": { "uv": [ 5.5, 7.25, 5.75, 7.75 ], "texture": "#hook_atlas" },
				"east": { "uv": [ 5.75, 4.75, 5.5, 5.25 ], "texture": "#hook_atlas" }
			}
		},
		{
			"__comment": "Voxels",
			"from": [ 7, 9, 5.5 ],
			"to": [ 9, 9.5, 6 ],
			"faces": {
				"up": { "uv": [ 6, 11.5, 7, 11.25 ], "texture": "#hook_atlas" },
				"north": { "uv": [ 5, 11.75, 4, 12 ], "texture": "#hook_atlas" },
				"west": { "uv": [ 14.5, 10, 14.75, 10.25 ], "texture": "#hook_atlas" },
				"east": { "uv": [ 10.5, 10, 10.25, 10.25 ], "texture": "#hook_atlas" }
			}
		},
		{
			"__comment": "Voxels",
			"from": [ 7, 9, 10 ],
			"to": [ 9, 9.5, 10.5 ],
			"faces": {
				"up": { "uv": [ 7, 12, 8, 11.75 ], "texture": "#hook_atlas" },
				"north": { "uv": [ 7, 11.75, 6, 12 ], "texture": "#hook_atlas" },
				"south": { "uv": [ 14.5, 12, 15.5, 12.25 ], "texture": "#hook_atlas" },
				"west": { "uv": [ 5.75, 7.25, 6, 7.5 ], "texture": "#hook_atlas" },
				"east": { "uv": [ 9.5, 9.75, 9.25, 10 ], "texture": "#hook_atlas" }
			}
		},
		{
			"__comment": "Voxels",
			"from": [ 7, 9.5, 8.5 ],
			"to": [ 7.5, 10.5, 9 ],
			"faces": {
				"down": { "uv": [ 10, 9.75, 10.25, 10 ], "texture": "#hook_atlas" },
				"up": { "uv": [ 10, 10.25, 10.25, 10 ], "texture": "#hook_atlas" },
				"north": { "uv": [ 5.75, 4.25, 5.5, 4.75 ], "texture": "#hook_atlas" },
				"south": { "uv": [ 5.5, 3.75, 5.75, 4.25 ], "texture": "#hook_atlas" },
				"east": { "uv": [ 5.75, 0.75, 5.5, 1.25 ], "texture": "#hook_atlas" }
			}
		},
		{
			"__comment": "Voxels",
			"from": [ 7, 10, 7.5 ],
			"to": [ 9.5, 10.5, 8.5 ],
			"faces": {
				"down": { "uv": [ 8, 15.5, 9.25, 16 ], "texture": "#hook_atlas" },
				"up": { "uv": [ 8, 15.5, 9.25, 15 ], "texture": "#hook_atlas" },
				"north": { "uv": [ 9.75, 12, 8.5, 12.25 ], "texture": "#hook_atlas" },
				"south": { "uv": [ 9.75, 12, 11, 12.25 ], "texture": "#hook_atlas" },
				"east": { "uv": [ 16, 10.25, 15.5, 10.5 ], "texture": "#hook_atlas" }
			}
		},
		{
			"__comment": "Voxels",
			"from": [ 7, 11, 7.5 ],
			"to": [ 8.5, 11.5, 8.5 ],
			"faces": {
				"down": { "uv": [ 7.75, 12.75, 8.5, 13.25 ], "texture": "#hook_atlas" },
				"up": { "uv": [ 7.75, 12.75, 8.5, 12.25 ], "texture": "#hook_atlas" },
				"north": { "uv": [ 10.25, 11, 9.5, 11.25 ], "texture": "#hook_atlas" },
				"south": { "uv": [ 4.5, 10, 5.25, 10.25 ], "texture": "#hook_atlas" },
				"west": { "uv": [ 5.75, 10, 6.25, 10.25 ], "texture": "#hook_atlas" },
				"east": { "uv": [ 6.75, 10, 6.25, 10.25 ], "texture": "#hook_atlas" }
			}
		},
		{
			"__comment": "Voxels",
			"from": [ 7, 14, 7.5 ],
			"to": [ 7.5, 15.5, 8 ],
			"faces": {
				"down": { "uv": [ 10.5, 10, 10.75, 10.25 ], "texture": "#hook_atlas" },
				"up": { "uv": [ 12.75, 10.25, 13, 10 ], "texture": "#hook_atlas" },
				"north": { "uv": [ 1.5, 0, 1.25, 0.75 ], "texture": "#hook_atlas" },
				"south": { "uv": [ 1.25, 0.75, 1.5, 1.5 ], "texture": "#hook_atlas" },
				"west": { "uv": [ 4, 1.5, 4.25, 2.25 ], "texture": "#hook_atlas" },
				"east": { "uv": [ 4.5, 9.75, 4.25, 10.5 ], "texture": "#hook_atlas" }
			}
		},
		{
			"__comment": "Voxels",
			"from": [ 7, 14.5, 8 ],
			"to": [ 7.5, 15.5, 8.5 ],
			"faces": {
				"down": { "uv": [ 14, 10, 14.25, 10.25 ], "texture": "#hook_atlas" },
				"up": { "uv": [ 14.25, 10.25, 14.5, 10 ], "texture": "#hook_atlas" },
				"south": { "uv": [ 15.75, 12.5, 16, 13 ], "texture": "#hook_atlas" },
				"east": { "uv": [ 4.75, 7.75, 4.5, 8.25 ], "texture": "#hook_atlas" }
			}
		},
		{
			"__comment": "Voxels",
			"from": [ 7.5, 1, 6 ],
			"to": [ 8, 2, 6.5 ],
			"faces": {
				"down": { "uv": [ 5.75, 5.25, 6, 5.5 ], "texture": "#hook_atlas" },
				"north": { "uv": [ 5, 7.75, 4.75, 8.25 ], "texture": "#hook_atlas" },
				"south": { "uv": [ 5, 7.75, 5.25, 8.25 ], "texture": "#hook_atlas" },
				"west": { "uv": [ 4.5, 7.25, 4.75, 7.75 ], "texture": "#hook_atlas" },
				"east": { "uv": [ 5, 7.25, 4.75, 7.75 ], "texture": "#hook_atlas" }
			}
		},
		{
			"__comment": "Voxels",
			"from": [ 7.5, 1, 9.5 ],
			"to": [ 8, 2, 10 ],
			"faces": {
				"down": { "uv": [ 9.5, 9.75, 9.75, 10 ], "texture": "#hook_atlas" },
				"north": { "uv": [ 5.25, 7.25, 5, 7.75 ], "texture": "#hook_atlas" },
				"south": { "uv": [ 4.5, 6.75, 4.75, 7.25 ], "texture": "#hook_atlas" },
				"west": { "uv": [ 4.75, 6.75, 5, 7.25 ], "texture": "#hook_atlas" },
				"east": { "uv": [ 5.25, 6.75, 5, 7.25 ], "texture": "#hook_atlas" }
			}
		},
		{
			"__comment": "Voxels",
			"from": [ 7.5, 9, 9.5 ],
			"to": [ 9.5, 9.5, 10 ],
			"faces": {
				"down": { "uv": [ 15, 11.25, 16, 11.5 ], "texture": "#hook_atlas" },
				"up": { "uv": [ 10, 11.5, 11, 11.25 ], "texture": "#hook_atlas" },
				"north": { "uv": [ 10, 11.25, 9, 11.5 ], "texture": "#hook_atlas" },
				"south": { "uv": [ 7, 11.25, 8, 11.5 ], "texture": "#hook_atlas" },
				"east": { "uv": [ 5.25, 0.5, 5, 0.75 ], "texture": "#hook_atlas" }
			}
		},
		{
			"__comment": "Voxels",
			"from": [ 7.5, 10, 7 ],
			"to": [ 9.5, 10.5, 7.5 ],
			"faces": {
				"down": { "uv": [ 4, 11.25, 5, 11.5 ], "texture": "#hook_atlas" },
				"up": { "uv": [ 15, 11.75, 16, 11.5 ], "texture": "#hook_atlas" },
				"north": { "uv": [ 15, 11.5, 14, 11.75 ], "texture": "#hook_atlas" },
				"east": { "uv": [ 7.75, 10, 7.5, 10.25 ], "texture": "#hook_atlas" }
			}
		},
		{
			"__comment": "Voxels",
			"from": [ 7.5, 10, 8.5 ],
			"to": [ 9.5, 10.5, 9 ],
			"faces": {
				"down": { "uv": [ 12, 11.5, 13, 11.75 ], "texture": "#hook_atlas" },
				"up": { "uv": [ 11, 11.75, 12, 11.5 ], "texture": "#hook_atlas" },
				"south": { "uv": [ 9, 11.5, 10, 11.75 ], "texture": "#hook_atlas" },
				"east": { "uv": [ 9.25, 10, 9, 10.25 ], "texture": "#hook_atlas" }
			}
		},
		{
			"__comment": "Voxels",
			"from": [ 7.5, 10.5, 7.5 ],
			"to": [ 8.5, 11, 8.5 ],
			"faces": {
				"north": { "uv": [ 7, 13.25, 6.5, 13.5 ], "texture": "#hook_atlas" },
				"south": { "uv": [ 4.25, 12.25, 4.75, 12.5 ], "texture": "#hook_atlas" },
				"west": { "uv": [ 4.75, 12.25, 5.25, 12.5 ], "texture": "#hook_atlas" },
				"east": { "uv": [ 5.75, 12.25, 5.25, 12.5 ], "texture": "#hook_atlas" }
			}
		},
		{
			"__comment": "Voxels",
			"from": [ 7.5, 11.5, 8 ],
			"to": [ 8, 12, 8.5 ],
			"faces": {
				"up": { "uv": [ 11, 10.25, 11.25, 10 ], "texture": "#hook_atlas" },
				"north": { "uv": [ 11.5, 10, 11.25, 10.25 ], "texture": "#hook_atlas" },
				"south": { "uv": [ 11.5, 10, 11.75, 10.25 ], "texture": "#hook_atlas" },
				"east": { "uv": [ 12.25, 10, 12, 10.25 ], "texture": "#hook_atlas" }
			}
		},
		{
			"__comment": "Voxels",
			"from": [ 7.5, 14.5, 7.5 ],
			"to": [ 8, 15.5, 8 ],
			"faces": {
				"down": { "uv": [ 12.25, 10, 12.5, 10.25 ], "texture": "#hook_atlas" },
				"up": { "uv": [ 12.5, 10.25, 12.75, 10 ], "texture": "#hook_atlas" },
				"north": { "uv": [ 4.75, 6.25, 4.5, 6.75 ], "texture": "#hook_atlas" },
				"south": { "uv": [ 4.75, 6.25, 5, 6.75 ], "texture": "#hook_atlas" },
				"east": { "uv": [ 4.75, 5.75, 4.5, 6.25 ], "texture": "#hook_atlas" }
			}
		},
		{
			"__comment": "Voxels",
			"from": [ 7.5, 15, 8 ],
			"to": [ 8.5, 15.5, 8.5 ],
			"faces": {
				"down": { "uv": [ 5.75, 12.25, 6.25, 12.5 ], "texture": "#hook_atlas" },
				"up": { "uv": [ 6.25, 12.5, 6.75, 12.25 ], "texture": "#hook_atlas" },
				"north": { "uv": [ 7.25, 12.25, 6.75, 12.5 ], "texture": "#hook_atlas" },
				"south": { "uv": [ 7.25, 12.25, 7.75, 12.5 ], "texture": "#hook_atlas" },
				"east": { "uv": [ 15.25, 10, 15, 10.25 ], "texture": "#hook_atlas" }
			}
		},
		{
			"__comment": "Voxels",
			"from": [ 8, 5, 6 ],
			"to": [ 10, 6, 6.5 ],
			"faces": {
				"up": { "uv": [ 7, 11.75, 8, 11.5 ], "texture": "#hook_atlas" },
				"north": { "uv": [ 15.5, 15, 14.5, 15.5 ], "texture": "#hook_atlas" },
				"south": { "uv": [ 14.5, 15.5, 15.5, 16 ], "texture": "#hook_atlas" },
				"west": { "uv": [ 4.75, 5.75, 5, 6.25 ], "texture": "#hook_atlas" },
				"east": { "uv": [ 5.25, 5.75, 5, 6.25 ], "texture": "#hook_atlas" }
			}
		},
		{
			"__comment": "Voxels",
			"from": [ 8, 5, 9.5 ],
			"to": [ 10, 6, 10 ],
			"faces": {
				"up": { "uv": [ 8, 12, 9, 11.75 ], "texture": "#hook_atlas" },
				"north": { "uv": [ 5, 13.25, 4, 13.75 ], "texture": "#hook_atlas" },
				"south": { "uv": [ 3, 13.25, 4, 13.75 ], "texture": "#hook_atlas" },
				"west": { "uv": [ 4.5, 5.25, 4.75, 5.75 ], "texture": "#hook_atlas" },
				"east": { "uv": [ 5, 5.25, 4.75, 5.75 ], "texture": "#hook_atlas" }
			}
		},
		{
			"__comment": "Voxels",
			"from": [ 8, 9.5, 7 ],
			"to": [ 10, 10, 7.5 ],
			"faces": {
				"down": { "uv": [ 13.5, 12, 14.5, 12.25 ], "texture": "#hook_atlas" },
				"up": { "uv": [ 6, 11.75, 7, 11.5 ], "texture": "#hook_atlas" },
				"south": { "uv": [ 4, 11.5, 5, 11.75 ], "texture": "#hook_atlas" },
				"west": { "uv": [ 5.75, 3.5, 6, 3.75 ], "texture": "#hook_atlas" },
				"east": { "uv": [ 6, 2.75, 5.75, 3 ], "texture": "#hook_atlas" }
			}
		},
		{
			"__comment": "Voxels",
			"from": [ 8, 9.5, 8.5 ],
			"to": [ 10, 10, 9 ],
			"faces": {
				"down": { "uv": [ 15, 11.75, 16, 12 ], "texture": "#hook_atlas" },
				"up": { "uv": [ 12, 12, 13, 11.75 ], "texture": "#hook_atlas" },
				"north": { "uv": [ 12, 11.75, 11, 12 ], "texture": "#hook_atlas" },
				"west": { "uv": [ 5.75, 1, 6, 1.25 ], "texture": "#hook_atlas" },
				"east": { "uv": [ 6, 0.25, 5.75, 0.5 ], "texture": "#hook_atlas" }
			}
		},
		{
			"__comment": "Voxels",
			"from": [ 8, 15, 7.5 ],
			"to": [ 8.5, 15.5, 8 ],
			"faces": {
				"down": { "uv": [ 5.75, 0, 6, 0.25 ], "texture": "#hook_atlas" },
				"up": { "uv": [ 6, 10, 6.25, 9.75 ], "texture": "#hook_atlas" },
				"north": { "uv": [ 6.5, 9.75, 6.25, 10 ], "texture": "#hook_atlas" },
				"east": { "uv": [ 7.25, 9.75, 7, 10 ], "texture": "#hook_atlas" }
			}
		},
		{
			"__comment": "Voxels",
			"from": [ 8.5, 3.5, 6.5 ],
			"to": [ 9, 4.5, 7 ],
			"faces": {
				"down": { "uv": [ 7.25, 9.75, 7.5, 10 ], "texture": "#hook_atlas" },
				"south": { "uv": [ 4.5, 4.75, 4.75, 5.25 ], "texture": "#hook_atlas" },
				"west": { "uv": [ 4.75, 4.75, 5, 5.25 ], "texture": "#hook_atlas" },
				"east": { "uv": [ 5.25, 4.75, 5, 5.25 ], "texture": "#hook_atlas" }
			}
		},
		{
			"__comment": "Voxels",
			"from": [ 8.5, 3.5, 9 ],
			"to": [ 9, 4.5, 9.5 ],
			"faces": {
				"down": { "uv": [ 8.75, 9.75, 9, 10 ], "texture": "#hook_atlas" },
				"north": { "uv": [ 4.75, 4.25, 4.5, 4.75 ], "texture": "#hook_atlas" },
				"west": { "uv": [ 5, 4.25, 5.25, 4.75 ], "texture": "#hook_atlas" },
				"east": { "uv": [ 4.75, 3.75, 4.5, 4.25 ], "texture": "#hook_atlas" }
			}
		},
		{
			"__comment": "Voxels",
			"from": [ 8.5, 6, 6 ],
			"to": [ 10, 7.5, 6.5 ],
			"faces": {
				"up": { "uv": [ 9, 11, 9.75, 10.75 ], "texture": "#hook_atlas" },
				"north": { "uv": [ 14.5, 15, 13.75, 15.75 ], "texture": "#hook_atlas" },
				"south": { "uv": [ 13, 15, 13.75, 15.75 ], "texture": "#hook_atlas" },
				"west": { "uv": [ 11.25, 12.25, 11.5, 13 ], "texture": "#hook_atlas" },
				"east": { "uv": [ 5, 8.5, 4.75, 9.25 ], "texture": "#hook_atlas" }
			}
		},
		{
			"__comment": "Voxels",
			"from": [ 8.5, 6, 9.5 ],
			"to": [ 10, 7.5, 10 ],
			"faces": {
				"up": { "uv": [ 8, 11.25, 8.75, 11 ], "texture": "#hook_atlas" },
				"north": { "uv": [ 12.25, 15.25, 11.5, 16 ], "texture": "#hook_atlas" },
				"south": { "uv": [ 12.25, 15, 13, 15.75 ], "texture": "#hook_atlas" },
				"west": { "uv": [ 4.75, 9.25, 5, 10 ], "texture": "#hook_atlas" },
				"east": { "uv": [ 5.25, 9.25, 5, 10 ], "texture": "#hook_atlas" }
			}
		},
		{
			"__comment": "Voxels",
			"from": [ 8.5, 8.5, 6 ],
			"to": [ 9.5, 9, 6.5 ],
			"faces": {
				"down": { "uv": [ 8.5, 12.25, 9, 12.5 ], "texture": "#hook_atlas" },
				"north": { "uv": [ 10, 12.25, 9.5, 12.5 ], "texture": "#hook_atlas" },
				"south": { "uv": [ 14.5, 10.25, 15, 10.5 ], "texture": "#hook_atlas" },
				"west": { "uv": [ 15.25, 9.75, 15.5, 10 ], "texture": "#hook_atlas" },
				"east": { "uv": [ 15.75, 9.75, 15.5, 10 ], "texture": "#hook_atlas" }
			}
		},
		{
			"__comment": "Voxels",
			"from": [ 8.5, 8.5, 9.5 ],
			"to": [ 9.5, 9, 10 ],
			"faces": {
				"down": { "uv": [ 15.5, 12, 16, 12.25 ], "texture": "#hook_atlas" },
				"north": { "uv": [ 5.25, 4, 4.75, 4.25 ], "texture": "#hook_atlas" },
				"south": { "uv": [ 4.75, 3.75, 5.25, 4 ], "texture": "#hook_atlas" },
				"west": { "uv": [ 6, 8.75, 6.25, 9 ], "texture": "#hook_atlas" },
				"east": { "uv": [ 6.25, 8.5, 6, 8.75 ], "texture": "#hook_atlas" }
			}
		},
		{
			"__comment": "Voxels",
			"from": [ 8.5, 9, 6.5 ],
			"to": [ 10, 9.5, 7 ],
			"faces": {
				"down": { "uv": [ 13.5, 10.75, 14.25, 11 ], "texture": "#hook_atlas" },
				"north": { "uv": [ 5.25, 10.5, 4.5, 10.75 ], "texture": "#hook_atlas" },
				"south": { "uv": [ 15.25, 13, 16, 13.25 ], "texture": "#hook_atlas" },
				"west": { "uv": [ 2.5, 0, 2.75, 0.25 ], "texture": "#hook_atlas" },
				"east": { "uv": [ 3.25, 0, 3, 0.25 ], "texture": "#hook_atlas" }
			}
		},
		{
			"__comment": "Voxels",
			"from": [ 8.5, 9, 9 ],
			"to": [ 10, 9.5, 9.5 ],
			"faces": {
				"down": { "uv": [ 10, 12.25, 10.75, 12.5 ], "texture": "#hook_atlas" },
				"north": { "uv": [ 16, 14.5, 15.25, 14.75 ], "texture": "#hook_atlas" },
				"south": { "uv": [ 15.25, 14.75, 16, 15 ], "texture": "#hook_atlas" },
				"west": { "uv": [ 5, 2, 5.25, 2.25 ], "texture": "#hook_atlas" },
				"east": { "uv": [ 5.25, 1.75, 5, 2 ], "texture": "#hook_atlas" }
			}
		},
		{
			"__comment": "Voxels",
			"from": [ 8.5, 9.5, 7.5 ],
			"to": [ 10, 10, 8.5 ],
			"faces": {
				"down": { "uv": [ 7.75, 13.25, 8.5, 13.75 ], "texture": "#hook_atlas" },
				"up": { "uv": [ 7, 13.75, 7.75, 13.25 ], "texture": "#hook_atlas" },
				"west": { "uv": [ 4.75, 3.5, 5.25, 3.75 ], "texture": "#hook_atlas" },
				"east": { "uv": [ 5.25, 3.25, 4.75, 3.5 ], "texture": "#hook_atlas" }
			}
		},
		{
			"__comment": "Voxels",
			"from": [ 8.5, 14.5, 7.5 ],
			"to": [ 9, 15, 8.5 ],
			"faces": {
				"down": { "uv": [ 4.5, 2.75, 4.75, 3.25 ], "texture": "#hook_atlas" },
				"up": { "uv": [ 4.75, 3.25, 5, 2.75 ], "texture": "#hook_atlas" },
				"north": { "uv": [ 5.75, 0, 5.5, 0.25 ], "texture": "#hook_atlas" },
				"south": { "uv": [ 6.75, 10, 7, 10.25 ], "texture": "#hook_atlas" },
				"west": { "uv": [ 4.5, 2.5, 5, 2.75 ], "texture": "#hook_atlas" },
				"east": { "uv": [ 5, 2.25, 4.5, 2.5 ], "texture": "#hook_atlas" }
			}
		},
		{
			"__comment": "Voxels",
			"from": [ 9, 3, 7 ],
			"to": [ 10, 4.5, 7.5 ],
			"faces": {
				"down": { "uv": [ 4.5, 2, 5, 2.25 ], "texture": "#hook_atlas" },
				"north": { "uv": [ 7.75, 12.5, 7.25, 13.25 ], "texture": "#hook_atlas" },
				"south": { "uv": [ 6.75, 12.5, 7.25, 13.25 ], "texture": "#hook_atlas" },
				"west": { "uv": [ 4, 7.5, 4.25, 8.25 ], "texture": "#hook_atlas" },
				"east": { "uv": [ 4.5, 7.5, 4.25, 8.25 ], "texture": "#hook_atlas" }
			}
		},
		{
			"__comment": "Voxels",
			"from": [ 9, 3, 8.5 ],
			"to": [ 10, 4.5, 9 ],
			"faces": {
				"down": { "uv": [ 4.5, 0.5, 5, 0.75 ], "texture": "#hook_atlas" },
				"north": { "uv": [ 5.25, 12.5, 4.75, 13.25 ], "texture": "#hook_atlas" },
				"south": { "uv": [ 4.25, 12.5, 4.75, 13.25 ], "texture": "#hook_atlas" },
				"west": { "uv": [ 4.25, 6.75, 4.5, 7.5 ], "texture": "#hook_atlas" },
				"east": { "uv": [ 4.25, 6, 4, 6.75 ], "texture": "#hook_atlas" }
			}
		},
		{
			"__comment": "Voxels",
			"from": [ 9, 5, 6.5 ],
			"to": [ 10, 7.5, 7 ],
			"faces": {
				"up": { "uv": [ 7.25, 10.75, 7.75, 10.5 ], "texture": "#hook_atlas" },
				"north": { "uv": [ 2.5, 0.75, 2, 2 ], "texture": "#hook_atlas" },
				"south": { "uv": [ 2, 2, 2.5, 3.25 ], "texture": "#hook_atlas" },
				"west": { "uv": [ 2.75, 0, 3, 1.25 ], "texture": "#hook_atlas" },
				"east": { "uv": [ 3.5, 6, 3.25, 7.25 ], "texture": "#hook_atlas" }
			}
		},
		{
			"__comment": "Voxels",
			"from": [ 9, 5, 9 ],
			"to": [ 10, 7.5, 9.5 ],
			"faces": {
				"up": { "uv": [ 9.25, 10.75, 9.75, 10.5 ], "texture": "#hook_atlas" },
				"north": { "uv": [ 2.5, 3.25, 2, 4.5 ], "texture": "#hook_atlas" },
				"south": { "uv": [ 2, 4.5, 2.5, 5.75 ], "texture": "#hook_atlas" },
				"west": { "uv": [ 3.25, 8.5, 3.5, 9.75 ], "texture": "#hook_atlas" },
				"east": { "uv": [ 3.5, 9.75, 3.25, 11 ], "texture": "#hook_atlas" }
			}
		},
		{
			"__comment": "Voxels",
			"from": [ 9, 7.5, 6 ],
			"to": [ 10, 8.5, 6.5 ],
			"faces": {
				"up": { "uv": [ 11.25, 10.75, 11.75, 10.5 ], "texture": "#hook_atlas" },
				"north": { "uv": [ 4, 0.5, 3.5, 1 ], "texture": "#hook_atlas" },
				"south": { "uv": [ 3.5, 0, 4, 0.5 ], "texture": "#hook_atlas" },
				"west": { "uv": [ 5.25, 7.5, 5.5, 8 ], "texture": "#hook_atlas" },
				"east": { "uv": [ 5.5, 7, 5.25, 7.5 ], "texture": "#hook_atlas" }
			}
		},
		{
			"__comment": "Voxels",
			"from": [ 9, 7.5, 9.5 ],
			"to": [ 10, 8.5, 10 ],
			"faces": {
				"up": { "uv": [ 12.25, 10.75, 12.75, 10.5 ], "texture": "#hook_atlas" },
				"north": { "uv": [ 4.5, 10.5, 4, 11 ], "texture": "#hook_atlas" },
				"south": { "uv": [ 15.5, 15.5, 16, 16 ], "texture": "#hook_atlas" },
				"west": { "uv": [ 5.25, 6.5, 5.5, 7 ], "texture": "#hook_atlas" },
				"east": { "uv": [ 5.5, 6, 5.25, 6.5 ], "texture": "#hook_atlas" }
			}
		},
		{
			"__comment": "Voxels",
			"from": [ 9, 8.5, 6.5 ],
			"to": [ 10, 9, 7 ],
			"faces": {
				"down": { "uv": [ 13.75, 10.5, 14.25, 10.75 ], "texture": "#hook_atlas" },
				"north": { "uv": [ 15.25, 10.5, 14.75, 10.75 ], "texture": "#hook_atlas" },
				"south": { "uv": [ 15.25, 10.5, 15.75, 10.75 ], "texture": "#hook_atlas" },
				"west": { "uv": [ 6, 7.75, 6.25, 8 ], "texture": "#hook_atlas" },
				"east": { "uv": [ 6, 6, 5.75, 6.25 ], "texture": "#hook_atlas" }
			}
		},
		{
			"__comment": "Voxels",
			"from": [ 9, 8.5, 9 ],
			"to": [ 10, 9, 9.5 ],
			"faces": {
				"down": { "uv": [ 5.5, 10.25, 6, 10.5 ], "texture": "#hook_atlas" },
				"north": { "uv": [ 7, 10.25, 6.5, 10.5 ], "texture": "#hook_atlas" },
				"south": { "uv": [ 7, 10.25, 7.5, 10.5 ], "texture": "#hook_atlas" },
				"west": { "uv": [ 5.75, 4.75, 6, 5 ], "texture": "#hook_atlas" },
				"east": { "uv": [ 6, 4.5, 5.75, 4.75 ], "texture": "#hook_atlas" }
			}
		},
		{
			"__comment": "Voxels",
			"from": [ 9, 9, 7 ],
			"to": [ 10.5, 9.5, 7.5 ],
			"faces": {
				"down": { "uv": [ 13.25, 11, 14, 11.25 ], "texture": "#hook_atlas" },
				"up": { "uv": [ 14, 11.25, 14.75, 11 ], "texture": "#hook_atlas" },
				"north": { "uv": [ 15.5, 11, 14.75, 11.25 ], "texture": "#hook_atlas" },
				"south": { "uv": [ 4.5, 10.75, 5.25, 11 ], "texture": "#hook_atlas" },
				"west": { "uv": [ 5.75, 3.25, 6, 3.5 ], "texture": "#hook_atlas" },
				"east": { "uv": [ 6, 3, 5.75, 3.25 ], "texture": "#hook_atlas" }
			}
		},
		{
			"__comment": "Voxels",
			"from": [ 9, 9, 8.5 ],
			"to": [ 10.5, 9.5, 9 ],
			"faces": {
				"down": { "uv": [ 5.25, 10.75, 6, 11 ], "texture": "#hook_atlas" },
				"up": { "uv": [ 6, 11, 6.75, 10.75 ], "texture": "#hook_atlas" },
				"north": { "uv": [ 5.25, 8.25, 4.5, 8.5 ], "texture": "#hook_atlas" },
				"south": { "uv": [ 6.75, 10.75, 7.5, 11 ], "texture": "#hook_atlas" },
				"west": { "uv": [ 5.75, 1.75, 6, 2 ], "texture": "#hook_atlas" },
				"east": { "uv": [ 6, 1.5, 5.75, 1.75 ], "texture": "#hook_atlas" }
			}
		},
		{
			"__comment": "Voxels",
			"from": [ 9, 14, 7.5 ],
			"to": [ 9.5, 14.5, 8.5 ],
			"faces": {
				"down": { "uv": [ 5.25, 3.5, 5.5, 4 ], "texture": "#hook_atlas" },
				"up": { "uv": [ 5.25, 3.5, 5.5, 3 ], "texture": "#hook_atlas" },
				"north": { "uv": [ 6, 0.75, 5.75, 1 ], "texture": "#hook_atlas" },
				"south": { "uv": [ 5.75, 0.5, 6, 0.75 ], "texture": "#hook_atlas" },
				"west": { "uv": [ 9.5, 10.25, 10, 10.5 ], "texture": "#hook_atlas" },
				"east": { "uv": [ 10.5, 10.25, 10, 10.5 ], "texture": "#hook_atlas" }
			}
		},
		{
			"__comment": "Voxels",
			"from": [ 9.5, 1, 7.5 ],
			"to": [ 10, 4.5, 8.5 ],
			"faces": {
				"down": { "uv": [ 5.25, 2.5, 5.5, 3 ], "texture": "#hook_atlas" },
				"north": { "uv": [ 3.25, 7.5, 3, 9.25 ], "texture": "#hook_atlas" },
				"south": { "uv": [ 3, 5.75, 3.25, 7.5 ], "texture": "#hook_atlas" },
				"west": { "uv": [ 1.5, 0, 2, 1.75 ], "texture": "#hook_atlas" },
				"east": { "uv": [ 2.5, 11.25, 2, 13 ], "texture": "#hook_atlas" }
			}
		},
		{
			"__comment": "Voxels",
			"from": [ 9.5, 5, 7 ],
			"to": [ 10.5, 9, 7.5 ],
			"faces": {
				"north": { "uv": [ 1.5, 3.75, 1, 5.75 ], "texture": "#hook_atlas" },
				"south": { "uv": [ 2, 13, 2.5, 15 ], "texture": "#hook_atlas" },
				"west": { "uv": [ 2.75, 5.25, 3, 7.25 ], "texture": "#hook_atlas" },
				"east": { "uv": [ 3, 3.25, 2.75, 5.25 ], "texture": "#hook_atlas" }
			}
		},
		{
			"__comment": "Voxels",
			"from": [ 9.5, 5, 7.5 ],
			"to": [ 10.5, 7.5, 9 ],
			"faces": {
				"up": { "uv": [ 9.5, 13.25, 10, 12.5 ], "texture": "#hook_atlas" },
				"south": { "uv": [ 2, 7, 2.5, 8.25 ], "texture": "#hook_atlas" },
				"west": { "uv": [ 2.5, 13.75, 3.25, 15 ], "texture": "#hook_atlas" },
				"east": { "uv": [ 7, 13.75, 6.25, 15 ], "texture": "#hook_atlas" }
			}
		},
		{
			"__comment": "Voxels",
			"from": [ 9.5, 7.5, 6.5 ],
			"to": [ 10, 8.5, 7 ],
			"faces": {
				"west": { "uv": [ 5.5, 5.75, 5.75, 6.25 ], "texture": "#hook_atlas" },
				"east": { "uv": [ 5.75, 5.25, 5.5, 5.75 ], "texture": "#hook_atlas" }
			}
		},
		{
			"__comment": "Voxels",
			"from": [ 9.5, 7.5, 8.5 ],
			"to": [ 10.5, 9, 9 ],
			"faces": {
				"north": { "uv": [ 9.5, 12.5, 9, 13.25 ], "texture": "#hook_atlas" },
				"south": { "uv": [ 8.5, 12.5, 9, 13.25 ], "texture": "#hook_atlas" },
				"west": { "uv": [ 4.25, 0.75, 4.5, 1.5 ], "texture": "#hook_atlas" },
				"east": { "uv": [ 4.25, 0, 4, 0.75 ], "texture": "#hook_atlas" }
			}
		},
		{
			"__comment": "Voxels",
			"from": [ 9.5, 7.5, 9 ],
			"to": [ 10, 8.5, 9.5 ],
			"faces": {
				"west": { "uv": [ 5.5, 2.25, 5.75, 2.75 ], "texture": "#hook_atlas" },
				"east": { "uv": [ 5.75, 1.75, 5.5, 2.25 ], "texture": "#hook_atlas" }
			}
		},
		{
			"__comment": "Voxels",
			"from": [ 9.5, 8.5, 7.5 ],
			"to": [ 10.5, 9.5, 8.5 ],
			"faces": {
				"down": { "uv": [ 3.5, 11.5, 4, 12 ], "texture": "#hook_atlas" },
				"up": { "uv": [ 3.5, 11.5, 4, 11 ], "texture": "#hook_atlas" },
				"north": { "uv": [ 4, 10.5, 3.5, 11 ], "texture": "#hook_atlas" },
				"south": { "uv": [ 3.5, 10, 4, 10.5 ], "texture": "#hook_atlas" },
				"west": { "uv": [ 3.5, 9.5, 4, 10 ], "texture": "#hook_atlas" },
				"east": { "uv": [ 4, 9, 3.5, 9.5 ], "texture": "#hook_atlas" }
			}
		},
		{
			"__comment": "Voxels",
			"from": [ 10, 7.5, 7.5 ],
			"to": [ 10.5, 8.5, 8.5 ],
			"faces": {
				"west": { "uv": [ 3.5, 4.5, 4, 5 ], "texture": "#hook_atlas" },
				"east": { "uv": [ 4, 6, 3.5, 6.5 ], "texture": "#hook_atlas" }
			}
		}
	],
	"display": {
		"thirdperson_righthand": {
			"rotation":  [ -90, 90, 0 ],
			"translation":  [ 0, -2.2, -1 ]
		},
		"thirdperson_lefthand": {
			"rotation":  [ -90, -90, 0 ],
			"translation":  [ 0, -2.2, -1 ]
		},
		"firstperson_righthand": {
			"rotation":  [ -44, -149, 11 ],
			"translation":  [ 4, 0, 0 ]
		},
		"firstperson_lefthand": {
			"rotation":  [ -44, 15, 11 ],
			"translation":  [ 4, 0, 0 ]
		},
		"gui": {
			"rotation":  [ 0, 0, -45 ]
		},
		"ground": {
			"rotation":  [ 114, 0, 0 ],
			"scale":  [ 0.5, 0.5, 0.5 ]
		},
		"fixed": {
			"rotation":  [ 0, 0, 45 ]
		}
	}
}