{
	"credit": "Made with Blockbench",
	"ambientocclusion": false,
	"texture_size": [64, 64],
	"textures": {
		"0": "block/chair2",
		"particle": "block/chair2"
	},
	"elements": [
		{
			"from": [2, 16, 15],
			"to": [14, 18, 16],
			"faces": {
				"north": {"uv": [5, 9.25, 8, 9.75], "texture": "#0"},
				"east": {"uv": [11.5, 10.75, 11.75, 11.25], "texture": "#0"},
				"south": {"uv": [9, 9.5, 12, 10], "texture": "#0"},
				"west": {"uv": [11.5, 11.25, 11.75, 11.75], "texture": "#0"},
				"up": {"uv": [14.25, 2.5, 11.25, 2.25], "texture": "#0"},
				"down": {"uv": [14.25, 2.5, 11.25, 2.75], "texture": "#0"}
			}
		},
		{
			"from": [0, 0, 0],
			"to": [2, 7, 2],
			"faces": {
				"north": {"uv": [7, 9.75, 7.5, 11.5], "texture": "#0"},
				"east": {"uv": [7.5, 9.75, 8, 11.5], "texture": "#0"},
				"south": {"uv": [9, 10.25, 9.5, 12], "texture": "#0"},
				"west": {"uv": [9.5, 10.25, 10, 12], "texture": "#0"},
				"up": {"uv": [8, 3.75, 7.5, 3.25], "texture": "#0"},
				"down": {"uv": [8, 3.75, 7.5, 4.25], "texture": "#0"}
			}
		},
		{
			"from": [14, 0, 0],
			"to": [16, 7, 2],
			"faces": {
				"north": {"uv": [10, 10.25, 10.5, 12], "texture": "#0"},
				"east": {"uv": [3, 10.5, 3.5, 12.25], "texture": "#0"},
				"south": {"uv": [3.5, 10.5, 4, 12.25], "texture": "#0"},
				"west": {"uv": [4, 10.5, 4.5, 12.25], "texture": "#0"},
				"up": {"uv": [8, 4.75, 7.5, 4.25], "texture": "#0"},
				"down": {"uv": [6.25, 8.75, 5.75, 9.25], "texture": "#0"}
			}
		},
		{
			"from": [14, 0, 14],
			"to": [16, 7, 16],
			"faces": {
				"north": {"uv": [4.5, 10.5, 5, 12.25], "texture": "#0"},
				"east": {"uv": [5, 10.5, 5.5, 12.25], "texture": "#0"},
				"south": {"uv": [5.5, 10.5, 6, 12.25], "texture": "#0"},
				"west": {"uv": [6, 10.5, 6.5, 12.25], "texture": "#0"},
				"up": {"uv": [6.75, 9.25, 6.25, 8.75], "texture": "#0"},
				"down": {"uv": [7.25, 8.75, 6.75, 9.25], "texture": "#0"}
			}
		},
		{
			"from": [0, 0, 14],
			"to": [2, 7, 16],
			"faces": {
				"north": {"uv": [6.5, 10.5, 7, 12.25], "texture": "#0"},
				"east": {"uv": [10.5, 10.25, 11, 12], "texture": "#0"},
				"south": {"uv": [11, 10.25, 11.5, 12], "texture": "#0"},
				"west": {"uv": [11.25, 0, 11.75, 1.75], "texture": "#0"},
				"up": {"uv": [7.75, 9.25, 7.25, 8.75], "texture": "#0"},
				"down": {"uv": [11.75, 2.75, 11.25, 3.25], "texture": "#0"}
			}
		},
		{
			"from": [0, 7, 0],
			"to": [16, 8, 16],
			"faces": {
				"north": {"uv": [3, 9.75, 7, 10], "texture": "#0"},
				"east": {"uv": [3, 10, 7, 10.25], "texture": "#0"},
				"south": {"uv": [9, 10, 13, 10.25], "texture": "#0"},
				"west": {"uv": [3, 10.25, 7, 10.5], "texture": "#0"},
				"up": {"uv": [4, 8.75, 0, 4.75], "texture": "#0"},
				"down": {"uv": [8, 4.75, 4, 8.75], "texture": "#0"}
			}
		},
		{
			"from": [14, 8, 15],
			"to": [16, 28, 16],
			"faces": {
				"north": {"uv": [8, 6.5, 8.5, 11.5], "texture": "#0"},
				"east": {"uv": [2, 9.75, 2.25, 14.75], "texture": "#0"},
				"south": {"uv": [8.5, 6.5, 9, 11.5], "texture": "#0"},
				"west": {"uv": [2.25, 9.75, 2.5, 14.75], "texture": "#0"},
				"up": {"uv": [7.5, 11.75, 7, 11.5], "texture": "#0"},
				"down": {"uv": [8, 11.5, 7.5, 11.75], "texture": "#0"}
			}
		},
		{
			"from": [0, 8, 15],
			"to": [2, 28, 16],
			"faces": {
				"north": {"uv": [0, 8.75, 0.5, 13.75], "texture": "#0"},
				"east": {"uv": [2.5, 9.75, 2.75, 14.75], "texture": "#0"},
				"south": {"uv": [0.5, 8.75, 1, 13.75], "texture": "#0"},
				"west": {"uv": [2.75, 9.75, 3, 14.75], "texture": "#0"},
				"up": {"uv": [8.5, 11.75, 8, 11.5], "texture": "#0"},
				"down": {"uv": [9, 11.5, 8.5, 11.75], "texture": "#0"}
			}
		},
		{
			"from": [2, 26, 15],
			"to": [14, 28, 16],
			"faces": {
				"north": {"uv": [9, 9, 12, 9.5], "texture": "#0"},
				"east": {"uv": [7.75, 8.75, 8, 9.25], "texture": "#0"},
				"south": {"uv": [2, 9.25, 5, 9.75], "texture": "#0"},
				"west": {"uv": [11.5, 10.25, 11.75, 10.75], "texture": "#0"},
				"up": {"uv": [14.25, 2, 11.25, 1.75], "texture": "#0"},
				"down": {"uv": [14.25, 2, 11.25, 2.25], "texture": "#0"}
			}
		},
		{
			"from": [0.5, 8, 0.5],
			"to": [15.5, 9.5, 13.5],
			"faces": {
				"north": {"uv": [2, 8.75, 5.75, 9.25], "texture": "#0", "tintindex": 0},
				"east": {"uv": [9, 8, 12.25, 8.5], "texture": "#0", "tintindex": 0},
				"south": {"uv": [9, 6.5, 12.75, 7], "texture": "#0", "tintindex": 0},
				"west": {"uv": [9, 8.5, 12.25, 9], "texture": "#0", "tintindex": 0},
				"up": {"uv": [11.25, 3.25, 7.5, 0], "texture": "#0", "tintindex": 0},
				"down": {"uv": [11.75, 3.25, 8, 6.5], "texture": "#0", "tintindex": 0}
			}
		},
		{
			"from": [0.5, 8, 13.5],
			"to": [15.5, 27, 15],
			"faces": {
				"north": {"uv": [0, 0, 3.75, 4.75], "texture": "#0", "tintindex": 0},
				"east": {"uv": [1, 8.75, 1.5, 13.5], "texture": "#0", "tintindex": 0},
				"south": {"uv": [3.75, 0, 7.5, 4.75], "texture": "#0", "tintindex": 0},
				"west": {"uv": [1.5, 8.75, 2, 13.5], "texture": "#0", "tintindex": 0},
				"up": {"uv": [12.75, 7.5, 9, 7], "texture": "#0", "tintindex": 0},
				"down": {"uv": [12.75, 7.5, 9, 8], "texture": "#0", "tintindex": 0}
			}
		}
	],
	"display": {
		"thirdperson_righthand": {
			"scale": [0.23047, 0.23047, 0.23047]
		},
		"thirdperson_lefthand": {
			"scale": [0.23047, 0.23047, 0.23047]
		},
		"firstperson_righthand": {
			"rotation": [17, 104.25, 0],
			"scale": [0.30078, 0.30078, 0.30078]
		},
		"firstperson_lefthand": {
			"rotation": [17, 104.25, 0],
			"scale": [0.30078, 0.30078, 0.30078]
		},
		"ground": {
			"scale": [0.22852, 0.22852, 0.22852]
		},
		"gui": {
			"rotation": [26.75, 135, 0],
			"translation": [0, -2.25, 0],
			"scale": [0.45117, 0.45117, 0.45117]
		},
		"fixed": {
			"rotation": [-90, 0, 0],
			"translation": [0, 0, -15],
			"scale": [1.76172, 1.76172, 1.76172]
		}
	},
	"groups": [
		{
			"name": "frame",
			"origin": [0, 0, 0],
			"children": [0, 1, 2, 3, 4, 5, 6, 7, 8]
		},
		{
			"name": "cushion",
			"origin": [8, 8, 8],
			"children": [9, 10]
		}
	]
}