{
	"credit": "Made with Blockbench",
	"texture_size": [64, 64],
	"textures": {
		"2": "block/chair1",
		"particle": "block/chair1"
	},
	"elements": [
		{
			"name": "cushion",
			"from": [2.5, 8.5, 2.5],
			"to": [13.5, 10, 13.5],
			"faces": {
				"north": {"uv": [6.25, 3.5, 9, 3.75], "texture": "#2", "tintindex": 0},
				"east": {"uv": [6.25, 3.75, 9, 4], "texture": "#2", "tintindex": 0},
				"south": {"uv": [6.25, 4, 9, 4.25], "texture": "#2", "tintindex": 0},
				"west": {"uv": [6.25, 4.25, 9, 4.5], "texture": "#2", "tintindex": 0},
				"up": {"uv": [5.75, 2.75, 3, 0], "texture": "#2", "tintindex": 0},
				"down": {"uv": [5.75, 2.75, 3, 5.5], "texture": "#2", "tintindex": 0}
			}
		},
		{
			"from": [2, 8, 2],
			"to": [14, 9, 14],
			"faces": {
				"north": {"uv": [6.25, 2.5, 9.25, 2.75], "texture": "#2"},
				"east": {"uv": [6.25, 2.75, 9.25, 3], "texture": "#2"},
				"south": {"uv": [6.25, 3, 9.25, 3.25], "texture": "#2"},
				"west": {"uv": [6.25, 3.25, 9.25, 3.5], "texture": "#2"},
				"up": {"uv": [3, 3, 0, 0], "texture": "#2"},
				"down": {"uv": [3, 3, 0, 6], "texture": "#2"}
			}
		},
		{
			"from": [7, 0, 2],
			"to": [9, 10, 4],
			"rotation": {"angle": 22.5, "axis": "x", "origin": [8, 5, 1]},
			"faces": {
				"north": {"uv": [3, 5.5, 3.5, 8], "texture": "#2"},
				"east": {"uv": [3.5, 5.5, 4, 8], "texture": "#2"},
				"south": {"uv": [4, 5.5, 4.5, 8], "texture": "#2"},
				"west": {"uv": [4.5, 5.5, 5, 8], "texture": "#2"},
				"up": {"uv": [6.75, 5, 6.25, 4.5], "texture": "#2"},
				"down": {"uv": [7, 5, 6.5, 5.5], "texture": "#2"}
			}
		},
		{
			"from": [2, 0, 7],
			"to": [4, 10, 9],
			"rotation": {"angle": -22.5, "axis": "z", "origin": [1, 5, 8]},
			"faces": {
				"north": {"uv": [5, 5.5, 5.5, 8], "texture": "#2"},
				"east": {"uv": [5.5, 5.5, 6, 8], "texture": "#2"},
				"south": {"uv": [5.75, 0, 6.25, 2.5], "texture": "#2"},
				"west": {"uv": [5.75, 2.5, 6.25, 5], "texture": "#2"},
				"up": {"uv": [7, 6, 6.5, 5.5], "texture": "#2"},
				"down": {"uv": [7, 6, 6.5, 6.5], "texture": "#2"}
			}
		},
		{
			"from": [7, 0, 12],
			"to": [9, 10, 14],
			"rotation": {"angle": -22.5, "axis": "x", "origin": [8, 5, 15]},
			"faces": {
				"north": {"uv": [0, 6, 0.5, 8.5], "texture": "#2"},
				"east": {"uv": [0.5, 6, 1, 8.5], "texture": "#2"},
				"south": {"uv": [1, 6, 1.5, 8.5], "texture": "#2"},
				"west": {"uv": [1.5, 6, 2, 8.5], "texture": "#2"},
				"up": {"uv": [7, 7, 6.5, 6.5], "texture": "#2"},
				"down": {"uv": [7.25, 0, 6.75, 0.5], "texture": "#2"}
			}
		},
		{
			"from": [12, 0, 7],
			"to": [14, 10, 9],
			"rotation": {"angle": 22.5, "axis": "z", "origin": [15, 5, 8]},
			"faces": {
				"north": {"uv": [2, 6, 2.5, 8.5], "texture": "#2"},
				"east": {"uv": [2.5, 6, 3, 8.5], "texture": "#2"},
				"south": {"uv": [6, 5, 6.5, 7.5], "texture": "#2"},
				"west": {"uv": [6.25, 0, 6.75, 2.5], "texture": "#2"},
				"up": {"uv": [7.25, 1, 6.75, 0.5], "texture": "#2"},
				"down": {"uv": [7.25, 1, 6.75, 1.5], "texture": "#2"}
			}
		}
	],
	"display": {
		"thirdperson_righthand": {
			"translation": [-0.25, 2.75, 0],
			"scale": [0.5, 0.5, 0.5]
		},
		"thirdperson_lefthand": {
			"translation": [-0.25, 2.75, 0],
			"scale": [0.5, 0.5, 0.5]
		},
		"firstperson_righthand": {
			"rotation": [0, 0, 35],
			"translation": [1.75, 4.5, 0],
			"scale": [0.5, 0.5, 0.5]
		},
		"firstperson_lefthand": {
			"rotation": [0, 0, 35],
			"translation": [1.75, 4.5, 0],
			"scale": [0.5, 0.5, 0.5]
		},
		"ground": {
			"translation": [-0.25, 2.5, 0],
			"scale": [0.75, 0.75, 0.75]
		},
		"gui": {
			"rotation": [21.25, 20, 0],
			"translation": [0, 3.25, 0],
			"scale": [0.75, 0.75, 0.75]
		},
		"head": {
			"translation": [0, 6.25, 0]
		},
		"fixed": {
			"rotation": [-90, 0, 0],
			"translation": [0, 0, -15],
			"scale": [2, 2, 2]
		}
	},
	"groups": [0,
		{
			"name": "group",
			"origin": [8, 5, 1],
			"children": [1, 2, 3, 4, 5]
		}
	]
}