{"file_name":"rightleg2","texture_size":[32,32],"textures":{"526639ef-6a26-8bb4-0c93-a28c282a74d6":"modelengine:entity/scarab"},"elements":[{"name":"cube","from":[9.243031,8.577423,7.2977223],"to":[11.04303,8.577423,9.097723],"rotation":{"angle":-22.5,"axis":"z","origin":[8.147414,7.7083383,7.7477226]},"faces":{"down":{"uv":[8.0,1.5,6.5,3.0],"rotation":0,"texture":"#526639ef-6a26-8bb4-0c93-a28c282a74d6","tintindex":0},"east":{"uv":[1.5,0.0,0.0,0.0],"rotation":0,"texture":"#526639ef-6a26-8bb4-0c93-a28c282a74d6","tintindex":0},"north":{"uv":[1.5,0.0,0.0,0.0],"rotation":0,"texture":"#526639ef-6a26-8bb4-0c93-a28c282a74d6","tintindex":0},"south":{"uv":[1.5,0.0,0.0,0.0],"rotation":0,"texture":"#526639ef-6a26-8bb4-0c93-a28c282a74d6","tintindex":0},"up":{"uv":[6.5,8.0,8.0,6.5],"rotation":0,"texture":"#526639ef-6a26-8bb4-0c93-a28c282a74d6","tintindex":0},"west":{"uv":[1.5,0.0,0.0,0.0],"rotation":0,"texture":"#526639ef-6a26-8bb4-0c93-a28c282a74d6","tintindex":0}}},{"name":"cube","from":[7.6924453,8.092548,7.2977223],"to":[9.492445,8.092548,9.097723],"rotation":{"angle":0.0,"axis":"x","origin":[6.5968294,7.223463,7.7477226]},"faces":{"down":{"uv":[9.0,3.0,7.5,4.5],"rotation":0,"texture":"#526639ef-6a26-8bb4-0c93-a28c282a74d6","tintindex":0},"east":{"uv":[1.5,0.0,0.0,0.0],"rotation":0,"texture":"#526639ef-6a26-8bb4-0c93-a28c282a74d6","tintindex":0},"north":{"uv":[1.5,0.0,0.0,0.0],"rotation":0,"texture":"#526639ef-6a26-8bb4-0c93-a28c282a74d6","tintindex":0},"south":{"uv":[1.5,0.0,0.0,0.0],"rotation":0,"texture":"#526639ef-6a26-8bb4-0c93-a28c282a74d6","tintindex":0},"up":{"uv":[7.5,1.5,9.0,0.0],"rotation":0,"texture":"#526639ef-6a26-8bb4-0c93-a28c282a74d6","tintindex":0},"west":{"uv":[1.5,0.0,0.0,0.0],"rotation":0,"texture":"#526639ef-6a26-8bb4-0c93-a28c282a74d6","tintindex":0}}}],"display":{"head":{"translation":[0.0,-6.4,0.0],"rotation":[0.0,0.0,0.0],"scale":[3.8095,3.8095,3.8095]},"gui":{"translation":[0.0,0.0,0.0],"rotation":[35.0,225.0,0.0],"scale":[0.625,0.625,0.625]}}}