{
	"__comment": "Designed by Pashjn with Cubik Studio - https://cubik.studio",
	"textures": {
		"particle": "items/vironsword1",
		"texture": "items/vironsword1",
		"voxels_atlas": "items/vironsword1"
	},
	"elements": [ 	 
		{
			"__comment": "Voxels",
			"from": [ -9, 6.5, 7.5 ],
			"to": [ 15.5, 8, 9 ],
			"faces": {
				"down": { "uv": [ 0, 15.25, 12.25, 16 ], "texture": "#voxels_atlas" },
				"up": { "uv": [ 0, 15.25, 12.25, 14.5 ], "texture": "#voxels_atlas" },
				"north": { "uv": [ 12.25, 13.75, 0, 14.5 ], "texture": "#voxels_atlas" },
				"south": { "uv": [ 0, 13, 12.25, 13.75 ], "texture": "#voxels_atlas" },
				"west": { "uv": [ 9.25, 11.5, 10, 12.25 ], "texture": "#voxels_atlas" },
				"east": { "uv": [ 6.25, 8, 5.5, 8.75 ], "texture": "#voxels_atlas" }
			}
		},
		{
			"__comment": "Voxels",
			"from": [ -8.5, 6, 7.5 ],
			"to": [ -7.5, 6.5, 9 ],
			"faces": {
				"down": { "uv": [ 4.5, 8, 5, 8.75 ], "texture": "#voxels_atlas" },
				"up": { "uv": [ 5, 8.75, 5.5, 8 ], "texture": "#voxels_atlas" },
				"north": { "uv": [ 13.5, 9.5, 13, 9.75 ], "texture": "#voxels_atlas" },
				"south": { "uv": [ 13, 9.25, 13.5, 9.5 ], "texture": "#voxels_atlas" },
				"west": { "uv": [ 15.25, 12.75, 16, 13 ], "texture": "#voxels_atlas" },
				"east": { "uv": [ 16, 12.5, 15.25, 12.75 ], "texture": "#voxels_atlas" }
			}
		},
		{
			"__comment": "Voxels",
			"from": [ -8.5, 6.5, 7 ],
			"to": [ -7.5, 8, 7.5 ],
			"faces": {
				"down": { "uv": [ 13, 9, 13.5, 9.25 ], "texture": "#voxels_atlas" },
				"up": { "uv": [ 13, 9, 13.5, 8.75 ], "texture": "#voxels_atlas" },
				"north": { "uv": [ 9.75, 10, 9.25, 10.75 ], "texture": "#voxels_atlas" },
				"south": { "uv": [ 9.25, 9.25, 9.75, 10 ], "texture": "#voxels_atlas" },
				"west": { "uv": [ 11.5, 8, 11.75, 8.75 ], "texture": "#voxels_atlas" },
				"east": { "uv": [ 16, 14.5, 15.75, 15.25 ], "texture": "#voxels_atlas" }
			}
		},
		{
			"__comment": "Voxels",
			"from": [ -8.5, 6.5, 9 ],
			"to": [ -7.5, 8, 9.5 ],
			"faces": {
				"down": { "uv": [ 13, 8.5, 13.5, 8.75 ], "texture": "#voxels_atlas" },
				"up": { "uv": [ 13.5, 10.25, 14, 10 ], "texture": "#voxels_atlas" },
				"north": { "uv": [ 9.75, 8.5, 9.25, 9.25 ], "texture": "#voxels_atlas" },
				"south": { "uv": [ 10, 8, 10.5, 8.75 ], "texture": "#voxels_atlas" },
				"west": { "uv": [ 6.25, 8, 6.5, 8.75 ], "texture": "#voxels_atlas" },
				"east": { "uv": [ 10, 10.75, 9.75, 11.5 ], "texture": "#voxels_atlas" }
			}
		},
		{
			"__comment": "Voxels",
			"from": [ -8.5, 8, 7.5 ],
			"to": [ -7.5, 8.5, 9 ],
			"faces": {
				"down": { "uv": [ 10.5, 8, 11, 8.75 ], "texture": "#voxels_atlas" },
				"up": { "uv": [ 9.25, 11.5, 9.75, 10.75 ], "texture": "#voxels_atlas" },
				"north": { "uv": [ 14.5, 10, 14, 10.25 ], "texture": "#voxels_atlas" },
				"south": { "uv": [ 13.5, 9.5, 14, 9.75 ], "texture": "#voxels_atlas" },
				"west": { "uv": [ 8, 8, 8.75, 8.25 ], "texture": "#voxels_atlas" },
				"east": { "uv": [ 15.25, 10.5, 14.5, 10.75 ], "texture": "#voxels_atlas" }
			}
		},
		{
			"__comment": "Voxels",
			"from": [ 0, 6, 6 ],
			"to": [ 1, 8.5, 7.5 ],
			"faces": {
				"down": { "uv": [ 11, 8, 11.5, 8.75 ], "texture": "#voxels_atlas" },
				"up": { "uv": [ 11.75, 11.5, 12.25, 10.75 ], "texture": "#voxels_atlas" },
				"north": { "uv": [ 8, 9, 7.5, 10.25 ], "texture": "#voxels_atlas" },
				"south": { "uv": [ 8, 10.25, 8.5, 11.5 ], "texture": "#voxels_atlas" },
				"west": { "uv": [ 0, 9.75, 0.75, 11 ], "texture": "#voxels_atlas" },
				"east": { "uv": [ 0.75, 8.5, 0, 9.75 ], "texture": "#voxels_atlas" }
			}
		},
		{
			"__comment": "Voxels",
			"from": [ 0, 6, 7.5 ],
			"to": [ 1, 6.5, 10.5 ],
			"faces": {
				"down": { "uv": [ 1.25, 9, 1.75, 10.5 ], "texture": "#voxels_atlas" },
				"up": { "uv": [ 0.75, 10.5, 1.25, 9 ], "texture": "#voxels_atlas" },
				"north": { "uv": [ 15, 10, 14.5, 10.25 ], "texture": "#voxels_atlas" },
				"south": { "uv": [ 13.5, 9.75, 14, 10 ], "texture": "#voxels_atlas" },
				"west": { "uv": [ 10, 10.75, 11.5, 11 ], "texture": "#voxels_atlas" },
				"east": { "uv": [ 11.5, 10.5, 10, 10.75 ], "texture": "#voxels_atlas" }
			}
		},
		{
			"__comment": "Voxels",
			"from": [ 0, 6.5, 9 ],
			"to": [ 4, 8, 9.5 ],
			"faces": {
				"down": { "uv": [ 4.25, 10.75, 6.25, 11 ], "texture": "#voxels_atlas" },
				"up": { "uv": [ 4.25, 10.75, 6.25, 10.5 ], "texture": "#voxels_atlas" },
				"north": { "uv": [ 14.25, 15.25, 12.25, 16 ], "texture": "#voxels_atlas" },
				"south": { "uv": [ 12.25, 14.5, 14.25, 15.25 ], "texture": "#voxels_atlas" },
				"west": { "uv": [ 9.75, 8.5, 10, 9.25 ], "texture": "#voxels_atlas" },
				"east": { "uv": [ 10, 9.25, 9.75, 10 ], "texture": "#voxels_atlas" }
			}
		},
		{
			"__comment": "Voxels",
			"from": [ 0, 6.5, 9.5 ],
			"to": [ 1, 8.5, 10.5 ],
			"faces": {
				"down": { "uv": [ 0, 8, 0.5, 8.5 ], "texture": "#voxels_atlas" },
				"up": { "uv": [ 9.25, 8.5, 9.75, 8 ], "texture": "#voxels_atlas" },
				"north": { "uv": [ 7.5, 8, 7, 9 ], "texture": "#voxels_atlas" },
				"south": { "uv": [ 7.5, 8, 8, 9 ], "texture": "#voxels_atlas" },
				"west": { "uv": [ 8.75, 8, 9.25, 9 ], "texture": "#voxels_atlas" },
				"east": { "uv": [ 1.25, 8, 0.75, 9 ], "texture": "#voxels_atlas" }
			}
		},
		{
			"__comment": "Voxels",
			"from": [ 0, 8, 7.5 ],
			"to": [ 1, 8.5, 9.5 ],
			"faces": {
				"down": { "uv": [ 1.25, 8, 1.75, 9 ], "texture": "#voxels_atlas" },
				"up": { "uv": [ 6.5, 9, 7, 8 ], "texture": "#voxels_atlas" },
				"north": { "uv": [ 14, 8.75, 13.5, 9 ], "texture": "#voxels_atlas" },
				"south": { "uv": [ 15.5, 11.5, 16, 11.75 ], "texture": "#voxels_atlas" },
				"west": { "uv": [ 14.75, 12, 15.75, 12.25 ], "texture": "#voxels_atlas" },
				"east": { "uv": [ 15.75, 11.75, 14.75, 12 ], "texture": "#voxels_atlas" }
			}
		},
		{
			"__comment": "Voxels",
			"from": [ 0.5, 6, 5.5 ],
			"to": [ 1.5, 8.5, 6 ],
			"faces": {
				"down": { "uv": [ 11.75, 8, 12.25, 8.25 ], "texture": "#voxels_atlas" },
				"up": { "uv": [ 14.5, 10.5, 15, 10.25 ], "texture": "#voxels_atlas" },
				"north": { "uv": [ 5, 8.75, 4.5, 10 ], "texture": "#voxels_atlas" },
				"south": { "uv": [ 7, 10.25, 7.5, 11.5 ], "texture": "#voxels_atlas" },
				"west": { "uv": [ 12.75, 10, 13, 11.25 ], "texture": "#voxels_atlas" },
				"east": { "uv": [ 13, 8.75, 12.75, 10 ], "texture": "#voxels_atlas" }
			}
		},
		{
			"__comment": "Voxels",
			"from": [ 0.5, 6, 10.5 ],
			"to": [ 1.5, 8.5, 11 ],
			"faces": {
				"down": { "uv": [ 13, 8, 13.5, 8.25 ], "texture": "#voxels_atlas" },
				"up": { "uv": [ 13, 8.5, 13.5, 8.25 ], "texture": "#voxels_atlas" },
				"north": { "uv": [ 6, 8.75, 5.5, 10 ], "texture": "#voxels_atlas" },
				"south": { "uv": [ 6, 8.75, 6.5, 10 ], "texture": "#voxels_atlas" },
				"west": { "uv": [ 12.5, 8.75, 12.75, 10 ], "texture": "#voxels_atlas" },
				"east": { "uv": [ 12.5, 10, 12.25, 11.25 ], "texture": "#voxels_atlas" }
			}
		},
		{
			"__comment": "Voxels",
			"from": [ 1, 6, 5 ],
			"to": [ 2, 8.5, 5.5 ],
			"faces": {
				"down": { "uv": [ 13.5, 9, 14, 9.25 ], "texture": "#voxels_atlas" },
				"up": { "uv": [ 13.5, 9.5, 14, 9.25 ], "texture": "#voxels_atlas" },
				"north": { "uv": [ 7, 10.25, 6.5, 11.5 ], "texture": "#voxels_atlas" },
				"south": { "uv": [ 8, 9, 8.5, 10.25 ], "texture": "#voxels_atlas" },
				"west": { "uv": [ 9, 10.25, 9.25, 11.5 ], "texture": "#voxels_atlas" },
				"east": { "uv": [ 12, 9.5, 11.75, 10.75 ], "texture": "#voxels_atlas" }
			}
		},
		{
			"__comment": "Voxels",
			"from": [ 1, 6, 11 ],
			"to": [ 2, 8.5, 11.5 ],
			"faces": {
				"down": { "uv": [ 15.5, 10, 16, 10.25 ], "texture": "#voxels_atlas" },
				"up": { "uv": [ 15, 10.25, 15.5, 10 ], "texture": "#voxels_atlas" },
				"north": { "uv": [ 9, 10.25, 8.5, 11.5 ], "texture": "#voxels_atlas" },
				"south": { "uv": [ 8.5, 9, 9, 10.25 ], "texture": "#voxels_atlas" },
				"west": { "uv": [ 12, 9.5, 12.25, 10.75 ], "texture": "#voxels_atlas" },
				"east": { "uv": [ 9.25, 9, 9, 10.25 ], "texture": "#voxels_atlas" }
			}
		},
		{
			"__comment": "Voxels",
			"from": [ 1, 6.5, 7 ],
			"to": [ 4, 8, 7.5 ],
			"faces": {
				"down": { "uv": [ 10, 10.25, 11.5, 10.5 ], "texture": "#voxels_atlas" },
				"up": { "uv": [ 10, 10.25, 11.5, 10 ], "texture": "#voxels_atlas" },
				"north": { "uv": [ 15.75, 15.25, 14.25, 16 ], "texture": "#voxels_atlas" },
				"south": { "uv": [ 14.25, 14.5, 15.75, 15.25 ], "texture": "#voxels_atlas" },
				"west": { "uv": [ 9.75, 10, 10, 10.75 ], "texture": "#voxels_atlas" },
				"east": { "uv": [ 16, 15.25, 15.75, 16 ], "texture": "#voxels_atlas" }
			}
		},
		{
			"__comment": "Voxels",
			"from": [ 1, 7, 6.5 ],
			"to": [ 4.5, 7.5, 7 ],
			"faces": {
				"down": { "uv": [ 11.75, 12.25, 13.5, 12.5 ], "texture": "#voxels_atlas" },
				"up": { "uv": [ 10, 12.5, 11.75, 12.25 ], "texture": "#voxels_atlas" },
				"north": { "uv": [ 15.25, 12.75, 13.5, 13 ], "texture": "#voxels_atlas" },
				"south": { "uv": [ 10, 12.75, 11.75, 13 ], "texture": "#voxels_atlas" },
				"west": { "uv": [ 11.5, 10.5, 11.75, 10.75 ], "texture": "#voxels_atlas" },
				"east": { "uv": [ 14, 8, 13.75, 8.25 ], "texture": "#voxels_atlas" }
			}
		},
		{
			"__comment": "Voxels",
			"from": [ 1, 7, 9.5 ],
			"to": [ 4.5, 7.5, 10 ],
			"faces": {
				"down": { "uv": [ 10, 11.5, 11.75, 11.75 ], "texture": "#voxels_atlas" },
				"up": { "uv": [ 10, 12, 11.75, 11.75 ], "texture": "#voxels_atlas" },
				"north": { "uv": [ 11.75, 12, 10, 12.25 ], "texture": "#voxels_atlas" },
				"south": { "uv": [ 13.5, 12.25, 15.25, 12.5 ], "texture": "#voxels_atlas" },
				"west": { "uv": [ 15.75, 13.5, 16, 13.75 ], "texture": "#voxels_atlas" },
				"east": { "uv": [ 16, 13.25, 15.75, 13.5 ], "texture": "#voxels_atlas" }
			}
		},
		{
			"__comment": "Voxels",
			"from": [ 1.5, 6, 4.5 ],
			"to": [ 2.5, 8.5, 5 ],
			"faces": {
				"down": { "uv": [ 13, 9.75, 13.5, 10 ], "texture": "#voxels_atlas" },
				"up": { "uv": [ 13, 10.25, 13.5, 10 ], "texture": "#voxels_atlas" },
				"north": { "uv": [ 7, 9, 6.5, 10.25 ], "texture": "#voxels_atlas" },
				"south": { "uv": [ 7, 9, 7.5, 10.25 ], "texture": "#voxels_atlas" },
				"west": { "uv": [ 11.75, 8.25, 12, 9.5 ], "texture": "#voxels_atlas" },
				"east": { "uv": [ 12.25, 8.25, 12, 9.5 ], "texture": "#voxels_atlas" }
			}
		},
		{
			"__comment": "Voxels",
			"from": [ 1.5, 6, 11.5 ],
			"to": [ 2.5, 8.5, 12 ],
			"faces": {
				"down": { "uv": [ 15.5, 10.25, 16, 10.5 ], "texture": "#voxels_atlas" },
				"up": { "uv": [ 15, 10.5, 15.5, 10.25 ], "texture": "#voxels_atlas" },
				"north": { "uv": [ 5.5, 8.75, 5, 10 ], "texture": "#voxels_atlas" },
				"south": { "uv": [ 7.5, 10.25, 8, 11.5 ], "texture": "#voxels_atlas" },
				"west": { "uv": [ 12.5, 10, 12.75, 11.25 ], "texture": "#voxels_atlas" },
				"east": { "uv": [ 12.5, 8.75, 12.25, 10 ], "texture": "#voxels_atlas" }
			}
		},
		{
			"__comment": "Voxels",
			"from": [ 4, 7, 7 ],
			"to": [ 17, 7.5, 7.5 ],
			"faces": {
				"down": { "uv": [ 0, 12, 6.5, 12.25 ], "texture": "#voxels_atlas" },
				"up": { "uv": [ 0, 12.5, 6.5, 12.25 ], "texture": "#voxels_atlas" },
				"north": { "uv": [ 6.5, 12.75, 0, 13 ], "texture": "#voxels_atlas" },
				"south": { "uv": [ 0, 12.5, 6.5, 12.75 ], "texture": "#voxels_atlas" },
				"west": { "uv": [ 6.25, 10.75, 6.5, 11 ], "texture": "#voxels_atlas" },
				"east": { "uv": [ 16, 13, 15.75, 13.25 ], "texture": "#voxels_atlas" }
			}
		},
		{
			"__comment": "Voxels",
			"from": [ 4, 7, 9 ],
			"to": [ 17, 7.5, 9.5 ],
			"faces": {
				"down": { "uv": [ 0, 11.75, 6.5, 12 ], "texture": "#voxels_atlas" },
				"up": { "uv": [ 0, 11.75, 6.5, 11.5 ], "texture": "#voxels_atlas" },
				"north": { "uv": [ 6.5, 11, 0, 11.25 ], "texture": "#voxels_atlas" },
				"south": { "uv": [ 0, 11.25, 6.5, 11.5 ], "texture": "#voxels_atlas" },
				"west": { "uv": [ 13.5, 8.5, 13.75, 8.75 ], "texture": "#voxels_atlas" },
				"east": { "uv": [ 16, 13.75, 15.75, 14 ], "texture": "#voxels_atlas" }
			}
		},
		{
			"__comment": "Voxels",
			"from": [ 7, 7, 6.5 ],
			"to": [ 14, 7.5, 7 ],
			"faces": {
				"down": { "uv": [ 0.75, 10.75, 4.25, 11 ], "texture": "#voxels_atlas" },
				"up": { "uv": [ 0.75, 10.75, 4.25, 10.5 ], "texture": "#voxels_atlas" },
				"north": { "uv": [ 15.75, 14.25, 12.25, 14.5 ], "texture": "#voxels_atlas" },
				"south": { "uv": [ 12.25, 14, 15.75, 14.25 ], "texture": "#voxels_atlas" },
				"west": { "uv": [ 14.25, 9.75, 14.5, 10 ], "texture": "#voxels_atlas" },
				"east": { "uv": [ 14.25, 9.75, 14, 10 ], "texture": "#voxels_atlas" }
			}
		},
		{
			"__comment": "Voxels",
			"from": [ 7, 7, 9.5 ],
			"to": [ 14, 7.5, 10 ],
			"faces": {
				"down": { "uv": [ 12.25, 13.5, 15.75, 13.75 ], "texture": "#voxels_atlas" },
				"up": { "uv": [ 12.25, 13.5, 15.75, 13.25 ], "texture": "#voxels_atlas" },
				"north": { "uv": [ 15.75, 13, 12.25, 13.25 ], "texture": "#voxels_atlas" },
				"south": { "uv": [ 12.25, 13.75, 15.75, 14 ], "texture": "#voxels_atlas" },
				"west": { "uv": [ 11.5, 10.75, 11.75, 11 ], "texture": "#voxels_atlas" },
				"east": { "uv": [ 6.5, 10, 6.25, 10.25 ], "texture": "#voxels_atlas" }
			}
		},
		{
			"__comment": "Voxels",
			"from": [ 7.5, 6.5, 7 ],
			"to": [ 13, 7, 7.5 ],
			"faces": {
				"down": { "uv": [ 1.75, 10, 4.5, 10.25 ], "texture": "#voxels_atlas" },
				"up": { "uv": [ 6.5, 12, 9.25, 11.75 ], "texture": "#voxels_atlas" },
				"north": { "uv": [ 9.25, 12, 6.5, 12.25 ], "texture": "#voxels_atlas" },
				"south": { "uv": [ 6.5, 12.25, 9.25, 12.5 ], "texture": "#voxels_atlas" },
				"west": { "uv": [ 11.5, 9.75, 11.75, 10 ], "texture": "#voxels_atlas" },
				"east": { "uv": [ 11.75, 9.5, 11.5, 9.75 ], "texture": "#voxels_atlas" }
			}
		},
		{
			"__comment": "Voxels",
			"from": [ 7.5, 6.5, 9 ],
			"to": [ 13, 7, 9.5 ],
			"faces": {
				"down": { "uv": [ 6.5, 12.5, 9.25, 12.75 ], "texture": "#voxels_atlas" },
				"up": { "uv": [ 6.5, 11.75, 9.25, 11.5 ], "texture": "#voxels_atlas" },
				"north": { "uv": [ 4.5, 9.75, 1.75, 10 ], "texture": "#voxels_atlas" },
				"south": { "uv": [ 1.75, 9.25, 4.5, 9.5 ], "texture": "#voxels_atlas" },
				"west": { "uv": [ 11.5, 9, 11.75, 9.25 ], "texture": "#voxels_atlas" },
				"east": { "uv": [ 11.75, 8.75, 11.5, 9 ], "texture": "#voxels_atlas" }
			}
		},
		{
			"__comment": "Voxels",
			"from": [ 7.5, 7.5, 7 ],
			"to": [ 13, 8, 7.5 ],
			"faces": {
				"down": { "uv": [ 1.75, 9, 4.5, 9.25 ], "texture": "#voxels_atlas" },
				"up": { "uv": [ 1.75, 9, 4.5, 8.75 ], "texture": "#voxels_atlas" },
				"north": { "uv": [ 9.25, 12.75, 6.5, 13 ], "texture": "#voxels_atlas" },
				"south": { "uv": [ 1.75, 8, 4.5, 8.25 ], "texture": "#voxels_atlas" },
				"west": { "uv": [ 13.75, 8.5, 14, 8.75 ], "texture": "#voxels_atlas" },
				"east": { "uv": [ 13.75, 8, 13.5, 8.25 ], "texture": "#voxels_atlas" }
			}
		},
		{
			"__comment": "Voxels",
			"from": [ 7.5, 7.5, 9 ],
			"to": [ 13, 8, 9.5 ],
			"faces": {
				"down": { "uv": [ 1.75, 8.25, 4.5, 8.5 ], "texture": "#voxels_atlas" },
				"up": { "uv": [ 1.75, 10.5, 4.5, 10.25 ], "texture": "#voxels_atlas" },
				"north": { "uv": [ 4.5, 8.5, 1.75, 8.75 ], "texture": "#voxels_atlas" },
				"south": { "uv": [ 1.75, 9.5, 4.5, 9.75 ], "texture": "#voxels_atlas" },
				"west": { "uv": [ 15.75, 12, 16, 12.25 ], "texture": "#voxels_atlas" },
				"east": { "uv": [ 11.75, 9.25, 11.5, 9.5 ], "texture": "#voxels_atlas" }
			}
		},
		{
			"__comment": "Voxels",
			"from": [ 9, 7, 6 ],
			"to": [ 12.5, 7.5, 6.5 ],
			"faces": {
				"down": { "uv": [ 13.5, 12.5, 15.25, 12.75 ], "texture": "#voxels_atlas" },
				"up": { "uv": [ 4.5, 10.5, 6.25, 10.25 ], "texture": "#voxels_atlas" },
				"north": { "uv": [ 11.75, 11, 10, 11.25 ], "texture": "#voxels_atlas" },
				"south": { "uv": [ 11.75, 12.75, 13.5, 13 ], "texture": "#voxels_atlas" },
				"west": { "uv": [ 6.25, 10.5, 6.5, 10.75 ], "texture": "#voxels_atlas" },
				"east": { "uv": [ 6.5, 10.25, 6.25, 10.5 ], "texture": "#voxels_atlas" }
			}
		},
		{
			"__comment": "Voxels",
			"from": [ 9, 7, 10 ],
			"to": [ 12.5, 7.5, 10.5 ],
			"faces": {
				"down": { "uv": [ 10, 11.25, 11.75, 11.5 ], "texture": "#voxels_atlas" },
				"up": { "uv": [ 11.75, 12.75, 13.5, 12.5 ], "texture": "#voxels_atlas" },
				"north": { "uv": [ 11.75, 12.5, 10, 12.75 ], "texture": "#voxels_atlas" },
				"south": { "uv": [ 4.5, 10, 6.25, 10.25 ], "texture": "#voxels_atlas" },
				"west": { "uv": [ 11.5, 10.25, 11.75, 10.5 ], "texture": "#voxels_atlas" },
				"east": { "uv": [ 11.75, 10, 11.5, 10.25 ], "texture": "#voxels_atlas" }
			}
		},
		{
			"__comment": "Voxels",
			"from": [ 10, 6.5, 6.5 ],
			"to": [ 11.5, 7, 7 ],
			"faces": {
				"down": { "uv": [ 14.5, 11, 15.25, 11.25 ], "texture": "#voxels_atlas" },
				"up": { "uv": [ 13.75, 11.25, 14.5, 11 ], "texture": "#voxels_atlas" },
				"north": { "uv": [ 15.25, 11.25, 14.5, 11.5 ], "texture": "#voxels_atlas" },
				"south": { "uv": [ 15.25, 11.25, 16, 11.5 ], "texture": "#voxels_atlas" },
				"west": { "uv": [ 12.75, 8.25, 13, 8.5 ], "texture": "#voxels_atlas" },
				"east": { "uv": [ 13, 8, 12.75, 8.25 ], "texture": "#voxels_atlas" }
			}
		},
		{
			"__comment": "Voxels",
			"from": [ 10, 6.5, 9.5 ],
			"to": [ 11.5, 7, 10 ],
			"faces": {
				"down": { "uv": [ 15.25, 10.5, 16, 10.75 ], "texture": "#voxels_atlas" },
				"up": { "uv": [ 13, 11.25, 13.75, 11 ], "texture": "#voxels_atlas" },
				"north": { "uv": [ 16, 11, 15.25, 11.25 ], "texture": "#voxels_atlas" },
				"south": { "uv": [ 13, 10.75, 13.75, 11 ], "texture": "#voxels_atlas" },
				"west": { "uv": [ 15.75, 14.25, 16, 14.5 ], "texture": "#voxels_atlas" },
				"east": { "uv": [ 16, 14, 15.75, 14.25 ], "texture": "#voxels_atlas" }
			}
		},
		{
			"__comment": "Voxels",
			"from": [ 10, 7.5, 6.5 ],
			"to": [ 11.5, 8, 7 ],
			"faces": {
				"down": { "uv": [ 13, 10.25, 13.75, 10.5 ], "texture": "#voxels_atlas" },
				"up": { "uv": [ 14.75, 11.75, 15.5, 11.5 ], "texture": "#voxels_atlas" },
				"north": { "uv": [ 16, 12.25, 15.25, 12.5 ], "texture": "#voxels_atlas" },
				"south": { "uv": [ 14.5, 10.75, 15.25, 11 ], "texture": "#voxels_atlas" },
				"west": { "uv": [ 0.5, 8.25, 0.75, 8.5 ], "texture": "#voxels_atlas" },
				"east": { "uv": [ 0.75, 8, 0.5, 8.25 ], "texture": "#voxels_atlas" }
			}
		},
		{
			"__comment": "Voxels",
			"from": [ 10, 7.5, 9.5 ],
			"to": [ 11.5, 8, 10 ],
			"faces": {
				"down": { "uv": [ 13.75, 10.75, 14.5, 11 ], "texture": "#voxels_atlas" },
				"up": { "uv": [ 15.25, 11, 16, 10.75 ], "texture": "#voxels_atlas" },
				"north": { "uv": [ 14.5, 11.25, 13.75, 11.5 ], "texture": "#voxels_atlas" },
				"south": { "uv": [ 13, 10.5, 13.75, 10.75 ], "texture": "#voxels_atlas" },
				"west": { "uv": [ 9.75, 8.25, 10, 8.5 ], "texture": "#voxels_atlas" },
				"east": { "uv": [ 10, 8, 9.75, 8.25 ], "texture": "#voxels_atlas" }
			}
		},
		{
			"__comment": "Voxels",
			"from": [ 15.5, 6.5, 8 ],
			"to": [ 17, 8, 8.5 ],
			"faces": {
				"down": { "uv": [ 13.75, 10.5, 14.5, 10.75 ], "texture": "#voxels_atlas" },
				"up": { "uv": [ 13.75, 10.5, 14.5, 10.25 ], "texture": "#voxels_atlas" },
				"north": { "uv": [ 10, 12.25, 9.25, 13 ], "texture": "#voxels_atlas" },
				"south": { "uv": [ 8, 8.25, 8.75, 9 ], "texture": "#voxels_atlas" },
				"west": { "uv": [ 12.25, 8, 12.5, 8.75 ], "texture": "#voxels_atlas" },
				"east": { "uv": [ 12.75, 8, 12.5, 8.75 ], "texture": "#voxels_atlas" }
			}
		},
		{
			"__comment": "Voxels",
			"from": [ 15.5, 7, 7.5 ],
			"to": [ 18.5, 7.5, 8 ],
			"faces": {
				"down": { "uv": [ 10, 9.75, 11.5, 10 ], "texture": "#voxels_atlas" },
				"up": { "uv": [ 10, 9.75, 11.5, 9.5 ], "texture": "#voxels_atlas" },
				"north": { "uv": [ 11.5, 9.25, 10, 9.5 ], "texture": "#voxels_atlas" },
				"south": { "uv": [ 10, 9, 11.5, 9.25 ], "texture": "#voxels_atlas" },
				"west": { "uv": [ 15.75, 11.75, 16, 12 ], "texture": "#voxels_atlas" },
				"east": { "uv": [ 13, 8.5, 12.75, 8.75 ], "texture": "#voxels_atlas" }
			}
		},
		{
			"__comment": "Voxels",
			"from": [ 15.5, 7, 8.5 ],
			"to": [ 18.5, 7.5, 9 ],
			"faces": {
				"down": { "uv": [ 10, 8.75, 11.5, 9 ], "texture": "#voxels_atlas" },
				"up": { "uv": [ 11.75, 12.25, 13.25, 12 ], "texture": "#voxels_atlas" },
				"north": { "uv": [ 14.75, 12, 13.25, 12.25 ], "texture": "#voxels_atlas" },
				"south": { "uv": [ 11.75, 11.75, 13.25, 12 ], "texture": "#voxels_atlas" },
				"west": { "uv": [ 13.5, 8.25, 13.75, 8.5 ], "texture": "#voxels_atlas" },
				"east": { "uv": [ 14, 8.25, 13.75, 8.5 ], "texture": "#voxels_atlas" }
			}
		},
		{
			"__comment": "Voxels",
			"from": [ 17, 7, 8 ],
			"to": [ 20, 7.5, 8.5 ],
			"faces": {
				"down": { "uv": [ 13.25, 11.75, 14.75, 12 ], "texture": "#voxels_atlas" },
				"up": { "uv": [ 11.75, 11.75, 13.25, 11.5 ], "texture": "#voxels_atlas" },
				"north": { "uv": [ 14.75, 11.5, 13.25, 11.75 ], "texture": "#voxels_atlas" },
				"south": { "uv": [ 12.25, 11.25, 13.75, 11.5 ], "texture": "#voxels_atlas" },
				"west": { "uv": [ 14.5, 9.75, 14.75, 10 ], "texture": "#voxels_atlas" },
				"east": { "uv": [ 15, 9.75, 14.75, 10 ], "texture": "#voxels_atlas" }
			}
		}
	],
	"display": {
		"thirdperson_righthand": {
			"rotation":  [ -167, 5, -88 ],
			"translation":  [ 0.6956, 8.346, 3.4886 ],
			"scale":  [ 0.8695, 0.8, 0.8 ]
		},
		"thirdperson_lefthand": {
			"rotation":  [ 13, 5, -88 ],
			"translation":  [ 0.6956, 8.346, 3.4886 ],
			"scale":  [ 0.8695, 0.8, 0.8 ]
		},
		"firstperson_righthand": {
			"rotation":  [ -1, -180, 92 ],
			"translation":  [ 2.7826, 7.6521, 0.6956 ],
			"scale":  [ 0.6, 0.6, 0.6 ]
		},
		"firstperson_lefthand": {
			"rotation":  [ 180, -180, 92 ],
			"translation":  [ 2.7826, 7.6521, 0.6956 ],
			"scale":  [ 0.6, 0.6, 0.6 ]
		},
		"gui": {
			"rotation":  [ 70, 52, 0 ],
			"translation":  [ 2.0868, 2.0869, 0 ],
			"scale":  [ 0.6, 0.8, 0.8 ]
		},
		"ground": {
			"rotation":  [ 6, 19, -74 ],
			"translation":  [ 0, 3.4792, 0 ],
			"scale":  [ 0.7, 0.7, 0.7 ]
		},
		"fixed": {
			"rotation":  [ -89, -133, 0 ],
			"translation":  [ -1.391, 2.7825, -1 ],
			"scale":  [ 0.8, 0.8, 0.8 ]
		}
	}
}