{
	"__comment": "Designed by Pashjn with Cubik Studio - https://cubik.studio",
	"textures": {
		"particle": "items/southaxen",
		"texture": "items/southaxen",
		"voxels_atlas": "items/southaxen"
	},
	"elements": [ 	 
		{
			"__comment": "Voxels",
			"from": [ 6.5, 2, -7.5 ],
			"to": [ 8, 3, -4 ],
			"faces": {
				"down": { "uv": [ 1.25, 0, 2, 3.5 ], "texture": "#voxels_atlas", "cullface": "north" },
				"up": { "uv": [ 3.5, 8.5, 4.25, 5 ], "texture": "#voxels_atlas", "cullface": "north" },
				"north": { "uv": [ 8, 0, 7.25, 1 ], "texture": "#voxels_atlas", "cullface": "north" },
				"south": { "uv": [ 15.25, 15, 16, 16 ], "texture": "#voxels_atlas", "cullface": "north" },
				"west": { "uv": [ 8, 15, 9.75, 16 ], "texture": "#voxels_atlas", "cullface": "north" },
				"east": { "uv": [ 11.5, 15, 9.75, 16 ], "texture": "#voxels_atlas", "cullface": "north" }
			}
		},
		{
			"__comment": "Voxels",
			"from": [ 6.5, 2.5, -4 ],
			"to": [ 8, 8, -1.5 ],
			"faces": {
				"down": { "uv": [ 6.5, 3, 7.25, 5.5 ], "texture": "#voxels_atlas", "cullface": "north" },
				"up": { "uv": [ 6.5, 3, 7.25, 0.5 ], "texture": "#voxels_atlas", "cullface": "north" },
				"north": { "uv": [ 4.25, 8.5, 3.5, 14 ], "texture": "#voxels_atlas", "cullface": "north" },
				"south": { "uv": [ 4.25, 8.5, 5, 14 ], "texture": "#voxels_atlas", "cullface": "north" },
				"west": { "uv": [ 0, 10.5, 1.25, 16 ], "texture": "#voxels_atlas", "cullface": "north" },
				"east": { "uv": [ 1.25, 5, 0, 10.5 ], "texture": "#voxels_atlas", "cullface": "north" }
			}
		},
		{
			"__comment": "Voxels",
			"from": [ 6.5, 3, -7 ],
			"to": [ 8, 3.5, -4 ],
			"faces": {
				"up": { "uv": [ 5.25, 5, 6, 2 ], "texture": "#voxels_atlas", "cullface": "north" },
				"north": { "uv": [ 11.75, 12, 11, 12.5 ], "texture": "#voxels_atlas", "cullface": "north" },
				"west": { "uv": [ 10.25, 14.5, 11.75, 15 ], "texture": "#voxels_atlas", "cullface": "north" },
				"east": { "uv": [ 11.75, 14, 10.25, 14.5 ], "texture": "#voxels_atlas", "cullface": "north" }
			}
		},
		{
			"__comment": "Voxels",
			"from": [ 6.5, 3, -1.5 ],
			"to": [ 8, 8.5, 0 ],
			"faces": {
				"down": { "uv": [ 8, 8.5, 8.75, 10 ], "texture": "#voxels_atlas", "cullface": "north" },
				"up": { "uv": [ 8, 5.5, 8.75, 4 ], "texture": "#voxels_atlas", "cullface": "north" },
				"north": { "uv": [ 2, 8.5, 1.25, 14 ], "texture": "#voxels_atlas", "cullface": "north" },
				"south": { "uv": [ 2, 8.5, 2.75, 14 ], "texture": "#voxels_atlas", "cullface": "north" },
				"west": { "uv": [ 2.75, 8.5, 3.5, 14 ], "texture": "#voxels_atlas", "cullface": "north" },
				"east": { "uv": [ 5.75, 8.5, 5, 14 ], "texture": "#voxels_atlas", "cullface": "north" }
			}
		},
		{
			"__comment": "Voxels",
			"from": [ 6.5, 3.5, -6 ],
			"to": [ 8, 4, -4 ],
			"faces": {
				"up": { "uv": [ 7.25, 5, 8, 3 ], "texture": "#voxels_atlas", "cullface": "north" },
				"north": { "uv": [ 9.5, 3, 8.75, 3.5 ], "texture": "#voxels_atlas", "cullface": "north" },
				"west": { "uv": [ 12, 12.5, 13, 13 ], "texture": "#voxels_atlas", "cullface": "north" },
				"east": { "uv": [ 14, 12.5, 13, 13 ], "texture": "#voxels_atlas", "cullface": "north" }
			}
		},
		{
			"__comment": "Voxels",
			"from": [ 6.5, 3.5, 0 ],
			"to": [ 8, 8.5, 1 ],
			"faces": {
				"down": { "uv": [ 14.75, 14, 15.5, 15 ], "texture": "#voxels_atlas" },
				"up": { "uv": [ 8.75, 14, 9.5, 13 ], "texture": "#voxels_atlas" },
				"south": { "uv": [ 0, 0, 0.75, 5 ], "texture": "#voxels_atlas" },
				"west": { "uv": [ 0.75, 0, 1.25, 5 ], "texture": "#voxels_atlas" },
				"east": { "uv": [ 4, 0, 3.5, 5 ], "texture": "#voxels_atlas" }
			}
		},
		{
			"__comment": "Voxels",
			"from": [ 6.5, 4, -5 ],
			"to": [ 8, 4.5, -4 ],
			"faces": {
				"up": { "uv": [ 10.25, 14, 11, 13 ], "texture": "#voxels_atlas", "cullface": "north" },
				"north": { "uv": [ 9.5, 2, 8.75, 2.5 ], "texture": "#voxels_atlas", "cullface": "north" },
				"west": { "uv": [ 4, 0, 4.5, 0.5 ], "texture": "#voxels_atlas", "cullface": "north" },
				"east": { "uv": [ 15.75, 11, 15.25, 11.5 ], "texture": "#voxels_atlas", "cullface": "north" }
			}
		},
		{
			"__comment": "Voxels",
			"from": [ 6.5, 4, 1 ],
			"to": [ 8, 8.5, 2 ],
			"faces": {
				"down": { "uv": [ 14, 13, 14.75, 14 ], "texture": "#voxels_atlas" },
				"up": { "uv": [ 14.75, 14, 15.5, 13 ], "texture": "#voxels_atlas" },
				"south": { "uv": [ 2.75, 4, 3.5, 8.5 ], "texture": "#voxels_atlas" },
				"west": { "uv": [ 4, 0.5, 4.5, 5 ], "texture": "#voxels_atlas" },
				"east": { "uv": [ 7, 5.5, 6.5, 10 ], "texture": "#voxels_atlas" }
			}
		},
		{
			"__comment": "Voxels",
			"from": [ 6.5, 4.5, -4.5 ],
			"to": [ 8, 5, -4 ],
			"faces": {
				"up": { "uv": [ 8.75, 0.5, 9.5, 0 ], "texture": "#voxels_atlas", "cullface": "north" },
				"north": { "uv": [ 10.25, 12, 9.5, 12.5 ], "texture": "#voxels_atlas", "cullface": "north" },
				"west": { "uv": [ 12, 9, 12.25, 9.5 ], "texture": "#voxels_atlas", "cullface": "north" },
				"east": { "uv": [ 12.5, 9, 12.25, 9.5 ], "texture": "#voxels_atlas", "cullface": "north" }
			}
		},
		{
			"__comment": "Voxels",
			"from": [ 6.5, 4.5, 2 ],
			"to": [ 8, 8.5, 2.5 ],
			"faces": {
				"down": { "uv": [ 11.75, 12, 12.5, 12.5 ], "texture": "#voxels_atlas" },
				"up": { "uv": [ 12.5, 12.5, 13.25, 12 ], "texture": "#voxels_atlas" },
				"south": { "uv": [ 2, 0, 2.75, 4 ], "texture": "#voxels_atlas" },
				"west": { "uv": [ 5.75, 10, 6, 14 ], "texture": "#voxels_atlas" },
				"east": { "uv": [ 6.25, 2.5, 6, 6.5 ], "texture": "#voxels_atlas" }
			}
		},
		{
			"__comment": "Voxels",
			"from": [ 6.5, 5, 2.5 ],
			"to": [ 8, 8.5, 3 ],
			"faces": {
				"down": { "uv": [ 13.25, 12, 14, 12.5 ], "texture": "#voxels_atlas" },
				"up": { "uv": [ 14, 12.5, 14.75, 12 ], "texture": "#voxels_atlas" },
				"south": { "uv": [ 4.25, 5, 5, 8.5 ], "texture": "#voxels_atlas" },
				"west": { "uv": [ 6.25, 3, 6.5, 6.5 ], "texture": "#voxels_atlas" },
				"east": { "uv": [ 6, 5, 5.75, 8.5 ], "texture": "#voxels_atlas" }
			}
		},
		{
			"__comment": "Voxels",
			"from": [ 6.5, 5.5, -4.5 ],
			"to": [ 8, 7.5, -4 ],
			"faces": {
				"down": { "uv": [ 14.75, 12, 15.5, 12.5 ], "texture": "#voxels_atlas", "cullface": "north" },
				"up": { "uv": [ 9.5, 12, 10.25, 11.5 ], "texture": "#voxels_atlas", "cullface": "north" },
				"north": { "uv": [ 8, 9, 7.25, 11 ], "texture": "#voxels_atlas", "cullface": "north" },
				"west": { "uv": [ 8.75, 6.5, 9, 8.5 ], "texture": "#voxels_atlas", "cullface": "north" },
				"east": { "uv": [ 9.25, 6.5, 9, 8.5 ], "texture": "#voxels_atlas", "cullface": "north" }
			}
		},
		{
			"__comment": "Voxels",
			"from": [ 6.5, 5.5, 3 ],
			"to": [ 8, 8.5, 3.5 ],
			"faces": {
				"down": { "uv": [ 10.25, 11.5, 11, 12 ], "texture": "#voxels_atlas" },
				"up": { "uv": [ 11, 12, 11.75, 11.5 ], "texture": "#voxels_atlas" },
				"south": { "uv": [ 6.5, 13, 7.25, 16 ], "texture": "#voxels_atlas" },
				"west": { "uv": [ 6.25, 0, 6.5, 3 ], "texture": "#voxels_atlas" },
				"east": { "uv": [ 8.5, 1, 8.25, 4 ], "texture": "#voxels_atlas" }
			}
		},
		{
			"__comment": "Voxels",
			"from": [ 6.5, 6, -5 ],
			"to": [ 8, 7.5, -4.5 ],
			"faces": {
				"down": { "uv": [ 11.75, 11.5, 12.5, 12 ], "texture": "#voxels_atlas", "cullface": "north" },
				"up": { "uv": [ 12.5, 12, 13.25, 11.5 ], "texture": "#voxels_atlas", "cullface": "north" },
				"north": { "uv": [ 8.75, 7, 8, 8.5 ], "texture": "#voxels_atlas", "cullface": "north" },
				"west": { "uv": [ 5.75, 8.5, 6, 10 ], "texture": "#voxels_atlas", "cullface": "north" },
				"east": { "uv": [ 10.25, 0.5, 10, 2 ], "texture": "#voxels_atlas", "cullface": "north" }
			}
		},
		{
			"__comment": "Voxels",
			"from": [ 6.5, 6, 3.5 ],
			"to": [ 8, 8.5, 4 ],
			"faces": {
				"down": { "uv": [ 11, 11, 11.75, 11.5 ], "texture": "#voxels_atlas" },
				"up": { "uv": [ 10.25, 11.5, 11, 11 ], "texture": "#voxels_atlas" },
				"south": { "uv": [ 7.25, 11, 8, 13.5 ], "texture": "#voxels_atlas" },
				"west": { "uv": [ 8.5, 1.5, 8.75, 4 ], "texture": "#voxels_atlas" },
				"east": { "uv": [ 9.25, 8.5, 9, 11 ], "texture": "#voxels_atlas" }
			}
		},
		{
			"__comment": "Voxels",
			"from": [ 6.5, 6, 18.5 ],
			"to": [ 8, 8, 19 ],
			"faces": {
				"down": { "uv": [ 9.5, 4, 10.25, 4.5 ], "texture": "#voxels_atlas", "cullface": "south" },
				"up": { "uv": [ 9.5, 5, 10.25, 4.5 ], "texture": "#voxels_atlas", "cullface": "south" },
				"north": { "uv": [ 8, 1, 7.25, 3 ], "texture": "#voxels_atlas", "cullface": "south" },
				"south": { "uv": [ 4.5, 0, 5.25, 2 ], "texture": "#voxels_atlas", "cullface": "south" },
				"west": { "uv": [ 8.75, 4.5, 9, 6.5 ], "texture": "#voxels_atlas", "cullface": "south" },
				"east": { "uv": [ 9.25, 4.5, 9, 6.5 ], "texture": "#voxels_atlas", "cullface": "south" }
			}
		},
		{
			"__comment": "Voxels",
			"from": [ 6.5, 6.5, 4 ],
			"to": [ 8, 8, 4.5 ],
			"faces": {
				"down": { "uv": [ 9.5, 10, 10.25, 10.5 ], "texture": "#voxels_atlas" },
				"up": { "uv": [ 14.75, 12, 15.5, 11.5 ], "texture": "#voxels_atlas" },
				"south": { "uv": [ 8, 11.5, 8.75, 13 ], "texture": "#voxels_atlas" },
				"west": { "uv": [ 9.25, 5, 9.5, 6.5 ], "texture": "#voxels_atlas" },
				"east": { "uv": [ 9.75, 8.5, 9.5, 10 ], "texture": "#voxels_atlas" }
			}
		},
		{
			"__comment": "Voxels",
			"from": [ 6.5, 6.5, 4.5 ],
			"to": [ 8, 7.5, 6.5 ],
			"faces": {
				"down": { "uv": [ 7.25, 5, 8, 7 ], "texture": "#voxels_atlas" },
				"up": { "uv": [ 7.25, 9, 8, 7 ], "texture": "#voxels_atlas" },
				"south": { "uv": [ 14, 14, 14.75, 15 ], "texture": "#voxels_atlas" },
				"west": { "uv": [ 11.5, 15, 12.5, 16 ], "texture": "#voxels_atlas" },
				"east": { "uv": [ 13.5, 15, 12.5, 16 ], "texture": "#voxels_atlas" }
			}
		},
		{
			"__comment": "Voxels",
			"from": [ 6.5, 6.5, 7.5 ],
			"to": [ 8, 7.5, 8.5 ],
			"faces": {
				"down": { "uv": [ 11, 13, 11.75, 14 ], "texture": "#voxels_atlas" },
				"up": { "uv": [ 11.75, 14, 12.5, 13 ], "texture": "#voxels_atlas" },
				"north": { "uv": [ 13.25, 13, 12.5, 14 ], "texture": "#voxels_atlas" },
				"south": { "uv": [ 13.25, 13, 14, 14 ], "texture": "#voxels_atlas" },
				"west": { "uv": [ 15.5, 13, 16, 14 ], "texture": "#voxels_atlas" },
				"east": { "uv": [ 16, 14, 15.5, 15 ], "texture": "#voxels_atlas" }
			}
		},
		{
			"__comment": "Voxels",
			"from": [ 6.5, 6.5, 18 ],
			"to": [ 8, 7.5, 18.5 ],
			"faces": {
				"down": { "uv": [ 13.25, 11.5, 14, 12 ], "texture": "#voxels_atlas", "cullface": "south" },
				"up": { "uv": [ 14, 12, 14.75, 11.5 ], "texture": "#voxels_atlas", "cullface": "south" },
				"north": { "uv": [ 9.5, 12, 8.75, 13 ], "texture": "#voxels_atlas", "cullface": "south" },
				"west": { "uv": [ 10.5, 6, 10.75, 7 ], "texture": "#voxels_atlas", "cullface": "south" },
				"east": { "uv": [ 10.75, 7, 10.5, 8 ], "texture": "#voxels_atlas", "cullface": "south" }
			}
		},
		{
			"__comment": "Voxels",
			"from": [ 6.5, 6.5, 19 ],
			"to": [ 8, 7.5, 19.5 ],
			"faces": {
				"down": { "uv": [ 9.5, 11, 10.25, 11.5 ], "texture": "#voxels_atlas", "cullface": "south" },
				"up": { "uv": [ 9.5, 11, 10.25, 10.5 ], "texture": "#voxels_atlas", "cullface": "south" },
				"south": { "uv": [ 9.5, 14, 10.25, 15 ], "texture": "#voxels_atlas", "cullface": "south" },
				"west": { "uv": [ 10.25, 3, 10.5, 4 ], "texture": "#voxels_atlas", "cullface": "south" },
				"east": { "uv": [ 10.5, 4, 10.25, 5 ], "texture": "#voxels_atlas", "cullface": "south" }
			}
		},
		{
			"__comment": "Voxels",
			"from": [ 6.5, 8, -2.5 ],
			"to": [ 8, 8.5, -1.5 ],
			"faces": {
				"up": { "uv": [ 11.75, 15, 12.5, 14 ], "texture": "#voxels_atlas", "cullface": "north" },
				"north": { "uv": [ 10.25, 8, 9.5, 8.5 ], "texture": "#voxels_atlas", "cullface": "north" },
				"west": { "uv": [ 13.75, 11, 14.25, 11.5 ], "texture": "#voxels_atlas", "cullface": "north" },
				"east": { "uv": [ 13.75, 11, 13.25, 11.5 ], "texture": "#voxels_atlas", "cullface": "north" }
			}
		},
		{
			"__comment": "Voxels",
			"from": [ 7, 1.5, -8 ],
			"to": [ 7.5, 3, -7.5 ],
			"faces": {
				"down": { "uv": [ 12, 9.5, 12.25, 10 ], "texture": "#voxels_atlas", "cullface": "north" },
				"up": { "uv": [ 12.25, 10, 12.5, 9.5 ], "texture": "#voxels_atlas", "cullface": "north" },
				"north": { "uv": [ 9.75, 6.5, 9.5, 8 ], "texture": "#voxels_atlas", "cullface": "north" },
				"south": { "uv": [ 9.75, 6.5, 10, 8 ], "texture": "#voxels_atlas", "cullface": "north" },
				"west": { "uv": [ 10, 6.5, 10.25, 8 ], "texture": "#voxels_atlas", "cullface": "north" },
				"east": { "uv": [ 9.75, 5, 9.5, 6.5 ], "texture": "#voxels_atlas", "cullface": "north" }
			}
		},
		{
			"__comment": "Voxels",
			"from": [ 7, 1.5, -7.5 ],
			"to": [ 7.5, 2, -4 ],
			"faces": {
				"down": { "uv": [ 8, 0.5, 8.25, 4 ], "texture": "#voxels_atlas", "cullface": "north" },
				"south": { "uv": [ 13.75, 9.5, 14, 10 ], "texture": "#voxels_atlas", "cullface": "north" },
				"west": { "uv": [ 13.5, 15.5, 15.25, 16 ], "texture": "#voxels_atlas", "cullface": "north" },
				"east": { "uv": [ 15.25, 15, 13.5, 15.5 ], "texture": "#voxels_atlas", "cullface": "north" }
			}
		},
		{
			"__comment": "Voxels",
			"from": [ 7, 2, -8.5 ],
			"to": [ 7.5, 2.5, -8 ],
			"faces": {
				"down": { "uv": [ 11, 7, 11.25, 7.5 ], "texture": "#voxels_atlas", "cullface": "north" },
				"up": { "uv": [ 11, 7, 11.25, 6.5 ], "texture": "#voxels_atlas", "cullface": "north" },
				"north": { "uv": [ 11.25, 5, 11, 5.5 ], "texture": "#voxels_atlas", "cullface": "north" },
				"west": { "uv": [ 11, 4, 11.25, 4.5 ], "texture": "#voxels_atlas", "cullface": "north" },
				"east": { "uv": [ 11.25, 3.5, 11, 4 ], "texture": "#voxels_atlas", "cullface": "north" }
			}
		},
		{
			"__comment": "Voxels",
			"from": [ 7, 2, -4 ],
			"to": [ 7.5, 2.5, -1.5 ],
			"faces": {
				"down": { "uv": [ 6, 0, 6.25, 2.5 ], "texture": "#voxels_atlas", "cullface": "north" },
				"south": { "uv": [ 11, 1.5, 11.25, 2 ], "texture": "#voxels_atlas", "cullface": "north" },
				"west": { "uv": [ 10.75, 12.5, 12, 13 ], "texture": "#voxels_atlas", "cullface": "north" },
				"east": { "uv": [ 10.75, 12.5, 9.5, 13 ], "texture": "#voxels_atlas", "cullface": "north" }
			}
		},
		{
			"__comment": "Voxels",
			"from": [ 7, 2.5, -1.5 ],
			"to": [ 7.5, 3, 0 ],
			"faces": {
				"down": { "uv": [ 9.75, 8.5, 10, 10 ], "texture": "#voxels_atlas", "cullface": "north" },
				"south": { "uv": [ 11, 0.5, 11.25, 1 ], "texture": "#voxels_atlas", "cullface": "north" },
				"west": { "uv": [ 9.5, 3, 10.25, 3.5 ], "texture": "#voxels_atlas", "cullface": "north" },
				"east": { "uv": [ 10.25, 2.5, 9.5, 3 ], "texture": "#voxels_atlas", "cullface": "north" }
			}
		},
		{
			"__comment": "Voxels",
			"from": [ 7, 3, -7.5 ],
			"to": [ 7.5, 3.5, -7 ],
			"faces": {
				"up": { "uv": [ 15.25, 10.5, 15.5, 10 ], "texture": "#voxels_atlas", "cullface": "north" },
				"north": { "uv": [ 15.75, 10, 15.5, 10.5 ], "texture": "#voxels_atlas", "cullface": "north" },
				"west": { "uv": [ 11, 9.5, 11.25, 10 ], "texture": "#voxels_atlas", "cullface": "north" },
				"east": { "uv": [ 11.5, 9.5, 11.25, 10 ], "texture": "#voxels_atlas", "cullface": "north" }
			}
		},
		{
			"__comment": "Voxels",
			"from": [ 7, 3, 0 ],
			"to": [ 7.5, 3.5, 1 ],
			"faces": {
				"down": { "uv": [ 10.5, 5, 10.75, 6 ], "texture": "#voxels_atlas" },
				"south": { "uv": [ 12.75, 9.5, 13, 10 ], "texture": "#voxels_atlas" },
				"west": { "uv": [ 15.5, 11.5, 16, 12 ], "texture": "#voxels_atlas" },
				"east": { "uv": [ 10.25, 0, 9.75, 0.5 ], "texture": "#voxels_atlas" }
			}
		},
		{
			"__comment": "Voxels",
			"from": [ 7, 3.5, -7 ],
			"to": [ 7.5, 4, -6 ],
			"faces": {
				"up": { "uv": [ 10.5, 10, 10.75, 9 ], "texture": "#voxels_atlas", "cullface": "north" },
				"north": { "uv": [ 11.25, 6, 11, 6.5 ], "texture": "#voxels_atlas", "cullface": "north" },
				"west": { "uv": [ 10.75, 10.5, 11.25, 11 ], "texture": "#voxels_atlas", "cullface": "north" },
				"east": { "uv": [ 11.75, 10.5, 11.25, 11 ], "texture": "#voxels_atlas", "cullface": "north" }
			}
		},
		{
			"__comment": "Voxels",
			"from": [ 7, 3.5, 1 ],
			"to": [ 7.5, 4, 2 ],
			"faces": {
				"down": { "uv": [ 10.5, 0, 10.75, 1 ], "texture": "#voxels_atlas" },
				"south": { "uv": [ 11, 2.5, 11.25, 3 ], "texture": "#voxels_atlas" },
				"west": { "uv": [ 12.75, 10.5, 13.25, 11 ], "texture": "#voxels_atlas" },
				"east": { "uv": [ 13.75, 10.5, 13.25, 11 ], "texture": "#voxels_atlas" }
			}
		},
		{
			"__comment": "Voxels",
			"from": [ 7, 4, -6 ],
			"to": [ 7.5, 4.5, -5 ],
			"faces": {
				"up": { "uv": [ 10.75, 6.5, 11, 5.5 ], "texture": "#voxels_atlas", "cullface": "north" },
				"north": { "uv": [ 11.75, 9, 11.5, 9.5 ], "texture": "#voxels_atlas", "cullface": "north" },
				"west": { "uv": [ 14.75, 10.5, 15.25, 11 ], "texture": "#voxels_atlas", "cullface": "north" },
				"east": { "uv": [ 16, 12, 15.5, 12.5 ], "texture": "#voxels_atlas", "cullface": "north" }
			}
		},
		{
			"__comment": "Voxels",
			"from": [ 7, 4, 2 ],
			"to": [ 7.5, 4.5, 2.5 ],
			"faces": {
				"down": { "uv": [ 13, 9, 13.25, 9.5 ], "texture": "#voxels_atlas" },
				"south": { "uv": [ 13.75, 9, 14, 9.5 ], "texture": "#voxels_atlas" },
				"west": { "uv": [ 14.5, 9, 14.75, 9.5 ], "texture": "#voxels_atlas" },
				"east": { "uv": [ 15, 9, 14.75, 9.5 ], "texture": "#voxels_atlas" }
			}
		},
		{
			"__comment": "Voxels",
			"from": [ 7, 4.5, -5 ],
			"to": [ 7.5, 5, -4.5 ],
			"faces": {
				"up": { "uv": [ 11.25, 4.5, 11.5, 4 ], "texture": "#voxels_atlas", "cullface": "north" },
				"north": { "uv": [ 11.5, 2.5, 11.25, 3 ], "texture": "#voxels_atlas", "cullface": "north" },
				"west": { "uv": [ 8, 0, 8.25, 0.5 ], "texture": "#voxels_atlas", "cullface": "north" },
				"east": { "uv": [ 8.75, 1, 8.5, 1.5 ], "texture": "#voxels_atlas", "cullface": "north" }
			}
		},
		{
			"__comment": "Voxels",
			"from": [ 7, 4.5, 2.5 ],
			"to": [ 7.5, 5, 3 ],
			"faces": {
				"down": { "uv": [ 9.25, 8.5, 9.5, 9 ], "texture": "#voxels_atlas" },
				"south": { "uv": [ 15.75, 11, 16, 11.5 ], "texture": "#voxels_atlas" },
				"west": { "uv": [ 15.25, 10.5, 15.5, 11 ], "texture": "#voxels_atlas" },
				"east": { "uv": [ 15.75, 10.5, 15.5, 11 ], "texture": "#voxels_atlas" }
			}
		},
		{
			"__comment": "Voxels",
			"from": [ 7, 5, -4.5 ],
			"to": [ 7.5, 5.5, -4 ],
			"faces": {
				"north": { "uv": [ 11, 3.5, 10.75, 4 ], "texture": "#voxels_atlas", "cullface": "north" },
				"west": { "uv": [ 10.75, 2.5, 11, 3 ], "texture": "#voxels_atlas", "cullface": "north" },
				"east": { "uv": [ 11, 2, 10.75, 2.5 ], "texture": "#voxels_atlas", "cullface": "north" }
			}
		},
		{
			"__comment": "Voxels",
			"from": [ 7, 5, 3 ],
			"to": [ 7.5, 5.5, 3.5 ],
			"faces": {
				"down": { "uv": [ 10.75, 1.5, 11, 2 ], "texture": "#voxels_atlas" },
				"south": { "uv": [ 10.75, 0, 11, 0.5 ], "texture": "#voxels_atlas" },
				"west": { "uv": [ 11, 10, 11.25, 10.5 ], "texture": "#voxels_atlas" },
				"east": { "uv": [ 11.5, 10, 11.25, 10.5 ], "texture": "#voxels_atlas" }
			}
		},
		{
			"__comment": "Voxels",
			"from": [ 7, 5.5, -5 ],
			"to": [ 7.5, 6, -4.5 ],
			"faces": {
				"down": { "uv": [ 11.5, 10, 11.75, 10.5 ], "texture": "#voxels_atlas", "cullface": "north" },
				"north": { "uv": [ 12.25, 10, 12, 10.5 ], "texture": "#voxels_atlas", "cullface": "north" },
				"west": { "uv": [ 12.5, 10, 12.75, 10.5 ], "texture": "#voxels_atlas", "cullface": "north" },
				"east": { "uv": [ 13, 10, 12.75, 10.5 ], "texture": "#voxels_atlas", "cullface": "north" }
			}
		},
		{
			"__comment": "Voxels",
			"from": [ 7, 5.5, 3.5 ],
			"to": [ 7.5, 6, 4 ],
			"faces": {
				"down": { "uv": [ 13, 10, 13.25, 10.5 ], "texture": "#voxels_atlas" },
				"south": { "uv": [ 13.75, 10, 14, 10.5 ], "texture": "#voxels_atlas" },
				"west": { "uv": [ 14, 10, 14.25, 10.5 ], "texture": "#voxels_atlas" },
				"east": { "uv": [ 14.5, 10, 14.25, 10.5 ], "texture": "#voxels_atlas" }
			}
		},
		{
			"__comment": "Voxels",
			"from": [ 7, 6, -5.5 ],
			"to": [ 7.5, 7.5, -5 ],
			"faces": {
				"down": { "uv": [ 14.5, 10, 14.75, 10.5 ], "texture": "#voxels_atlas", "cullface": "north" },
				"up": { "uv": [ 14.75, 10.5, 15, 10 ], "texture": "#voxels_atlas", "cullface": "north" },
				"north": { "uv": [ 10, 5, 9.75, 6.5 ], "texture": "#voxels_atlas", "cullface": "north" },
				"west": { "uv": [ 9.5, 0.5, 9.75, 2 ], "texture": "#voxels_atlas", "cullface": "north" },
				"east": { "uv": [ 10, 0.5, 9.75, 2 ], "texture": "#voxels_atlas", "cullface": "north" }
			}
		},
		{
			"__comment": "Voxels",
			"from": [ 7, 6, 4 ],
			"to": [ 7.5, 6.5, 6 ],
			"faces": {
				"down": { "uv": [ 9.25, 6.5, 9.5, 8.5 ], "texture": "#voxels_atlas" },
				"up": { "uv": [ 9.25, 11, 9.5, 9 ], "texture": "#voxels_atlas" },
				"south": { "uv": [ 11.75, 9.5, 12, 10 ], "texture": "#voxels_atlas" },
				"west": { "uv": [ 15, 12.5, 16, 13 ], "texture": "#voxels_atlas" },
				"east": { "uv": [ 15, 12.5, 14, 13 ], "texture": "#voxels_atlas" }
			}
		},
		{
			"__comment": "Voxels",
			"from": [ 7, 6, 7.5 ],
			"to": [ 7.5, 6.5, 8.5 ],
			"faces": {
				"down": { "uv": [ 10.25, 2, 10.5, 3 ], "texture": "#voxels_atlas" },
				"north": { "uv": [ 13.25, 9.5, 13, 10 ], "texture": "#voxels_atlas" },
				"south": { "uv": [ 13.25, 9.5, 13.5, 10 ], "texture": "#voxels_atlas" },
				"west": { "uv": [ 14.25, 11, 14.75, 11.5 ], "texture": "#voxels_atlas" },
				"east": { "uv": [ 15.25, 11, 14.75, 11.5 ], "texture": "#voxels_atlas" }
			}
		},
		{
			"__comment": "Voxels",
			"from": [ 7, 6, 18 ],
			"to": [ 7.5, 6.5, 18.5 ],
			"faces": {
				"down": { "uv": [ 14, 9.5, 14.25, 10 ], "texture": "#voxels_atlas", "cullface": "south" },
				"north": { "uv": [ 14.75, 9.5, 14.5, 10 ], "texture": "#voxels_atlas", "cullface": "south" },
				"west": { "uv": [ 15, 9.5, 15.25, 10 ], "texture": "#voxels_atlas", "cullface": "south" },
				"east": { "uv": [ 15.5, 9.5, 15.25, 10 ], "texture": "#voxels_atlas", "cullface": "south" }
			}
		},
		{
			"__comment": "Voxels",
			"from": [ 7, 6, 19 ],
			"to": [ 7.5, 6.5, 19.5 ],
			"faces": {
				"down": { "uv": [ 15.5, 9.5, 15.75, 10 ], "texture": "#voxels_atlas", "cullface": "south" },
				"south": { "uv": [ 11, 8.5, 11.25, 9 ], "texture": "#voxels_atlas", "cullface": "south" },
				"west": { "uv": [ 11, 8, 11.25, 8.5 ], "texture": "#voxels_atlas", "cullface": "south" },
				"east": { "uv": [ 11.25, 7.5, 11, 8 ], "texture": "#voxels_atlas", "cullface": "south" }
			}
		},
		{
			"__comment": "Voxels",
			"from": [ 7, 6.5, 6.5 ],
			"to": [ 7.5, 7.5, 7.5 ],
			"faces": {
				"down": { "uv": [ 10.25, 0, 10.5, 1 ], "texture": "#voxels_atlas" },
				"up": { "uv": [ 10.5, 11, 10.75, 10 ], "texture": "#voxels_atlas" },
				"west": { "uv": [ 8.25, 0, 8.75, 1 ], "texture": "#voxels_atlas" },
				"east": { "uv": [ 9.25, 3.5, 8.75, 4.5 ], "texture": "#voxels_atlas" }
			}
		},
		{
			"__comment": "Voxels",
			"from": [ 7, 6.5, 8.5 ],
			"to": [ 7.5, 7.5, 18 ],
			"faces": {
				"down": { "uv": [ 6, 6.5, 6.25, 16 ], "texture": "#voxels_atlas", "cullface": "south" },
				"up": { "uv": [ 6.25, 16, 6.5, 6.5 ], "texture": "#voxels_atlas", "cullface": "south" },
				"west": { "uv": [ 1.25, 14, 6, 15 ], "texture": "#voxels_atlas", "cullface": "south" },
				"east": { "uv": [ 6, 15, 1.25, 16 ], "texture": "#voxels_atlas", "cullface": "south" }
			}
		},
		{
			"__comment": "Voxels",
			"from": [ 7, 7.5, -5 ],
			"to": [ 7.5, 8, -4 ],
			"faces": {
				"down": { "uv": [ 10.5, 2, 10.75, 3 ], "texture": "#voxels_atlas", "cullface": "north" },
				"up": { "uv": [ 10.5, 2, 10.75, 1 ], "texture": "#voxels_atlas", "cullface": "north" },
				"north": { "uv": [ 11.25, 0, 11, 0.5 ], "texture": "#voxels_atlas", "cullface": "north" },
				"west": { "uv": [ 11.75, 10.5, 12.25, 11 ], "texture": "#voxels_atlas", "cullface": "north" },
				"east": { "uv": [ 12.75, 10.5, 12.25, 11 ], "texture": "#voxels_atlas", "cullface": "north" }
			}
		},
		{
			"__comment": "Voxels",
			"from": [ 7, 7.5, 4.5 ],
			"to": [ 7.5, 8, 6 ],
			"faces": {
				"up": { "uv": [ 10.25, 9.5, 10.5, 8 ], "texture": "#voxels_atlas" },
				"south": { "uv": [ 12.75, 9, 13, 9.5 ], "texture": "#voxels_atlas" },
				"west": { "uv": [ 11.75, 11, 12.5, 11.5 ], "texture": "#voxels_atlas" },
				"east": { "uv": [ 13.25, 11, 12.5, 11.5 ], "texture": "#voxels_atlas" }
			}
		},
		{
			"__comment": "Voxels",
			"from": [ 7, 7.5, 7.5 ],
			"to": [ 7.5, 8, 8.5 ],
			"faces": {
				"up": { "uv": [ 10.75, 8.5, 11, 7.5 ], "texture": "#voxels_atlas" },
				"north": { "uv": [ 14.25, 9, 14, 9.5 ], "texture": "#voxels_atlas" },
				"south": { "uv": [ 14.25, 9, 14.5, 9.5 ], "texture": "#voxels_atlas" },
				"west": { "uv": [ 13.75, 10.5, 14.25, 11 ], "texture": "#voxels_atlas" },
				"east": { "uv": [ 14.75, 10.5, 14.25, 11 ], "texture": "#voxels_atlas" }
			}
		},
		{
			"__comment": "Voxels",
			"from": [ 7, 7.5, 18 ],
			"to": [ 7.5, 8, 18.5 ],
			"faces": {
				"up": { "uv": [ 15.25, 9.5, 15.5, 9 ], "texture": "#voxels_atlas", "cullface": "south" },
				"north": { "uv": [ 15.75, 9, 15.5, 9.5 ], "texture": "#voxels_atlas", "cullface": "south" },
				"west": { "uv": [ 11.25, 8.5, 11.5, 9 ], "texture": "#voxels_atlas", "cullface": "south" },
				"east": { "uv": [ 11.5, 8, 11.25, 8.5 ], "texture": "#voxels_atlas", "cullface": "south" }
			}
		},
		{
			"__comment": "Voxels",
			"from": [ 7, 7.5, 19 ],
			"to": [ 7.5, 8, 19.5 ],
			"faces": {
				"up": { "uv": [ 11.25, 7.5, 11.5, 7 ], "texture": "#voxels_atlas", "cullface": "south" },
				"south": { "uv": [ 11.25, 6, 11.5, 6.5 ], "texture": "#voxels_atlas", "cullface": "south" },
				"west": { "uv": [ 11.25, 5.5, 11.5, 6 ], "texture": "#voxels_atlas", "cullface": "south" },
				"east": { "uv": [ 11.5, 5, 11.25, 5.5 ], "texture": "#voxels_atlas", "cullface": "south" }
			}
		},
		{
			"__comment": "Voxels",
			"from": [ 7, 8, -4 ],
			"to": [ 7.5, 8.5, -2.5 ],
			"faces": {
				"up": { "uv": [ 10.25, 6.5, 10.5, 5 ], "texture": "#voxels_atlas", "cullface": "north" },
				"north": { "uv": [ 11.5, 3.5, 11.25, 4 ], "texture": "#voxels_atlas", "cullface": "north" },
				"west": { "uv": [ 8.75, 1, 9.5, 1.5 ], "texture": "#voxels_atlas", "cullface": "north" },
				"east": { "uv": [ 10.25, 2, 9.5, 2.5 ], "texture": "#voxels_atlas", "cullface": "north" }
			}
		},
		{
			"__comment": "Voxels",
			"from": [ 7, 8, 4 ],
			"to": [ 7.5, 8.5, 4.5 ],
			"faces": {
				"up": { "uv": [ 11.25, 1.5, 11.5, 1 ], "texture": "#voxels_atlas" },
				"south": { "uv": [ 11.25, 0, 11.5, 0.5 ], "texture": "#voxels_atlas" },
				"west": { "uv": [ 11.5, 8.5, 11.75, 9 ], "texture": "#voxels_atlas" },
				"east": { "uv": [ 12, 8.5, 11.75, 9 ], "texture": "#voxels_atlas" }
			}
		}
	],
	"display": {
		"thirdperson_righthand": {
			"rotation":  [ 90, 0, 0 ],
			"translation":  [ 1, 3, 2 ]
		},
		"thirdperson_lefthand": {
			"rotation":  [ 90, 0, 0 ],
			"translation":  [ -1, 3, 2 ]
		},
		"firstperson_righthand": {
			"rotation":  [ 80, -10, 0 ],
			"translation":  [ 4, 4, 1 ]
		},
		"firstperson_lefthand": {
			"rotation":  [ 80, -10, 0 ],
			"translation":  [ 4, 4, 1 ]
		},
		"gui": {
			"rotation":  [ 90, -45, 90 ],
			"translation":  [ -2.5, 0, 0 ],
			"scale":  [ 0.7, 0.7, 0.7 ]
		},
		"ground": {
			"rotation":  [ -45, 0, 0 ],
			"translation":  [ 0, 2, 0 ],
			"scale":  [ 0.7, 0.7, 0.7 ]
		},
		"fixed": {
			"rotation":  [ 90, 45, -90 ],
			"translation":  [ 4, 0, 0 ]
		}
	}
}