{
	"__comment": "Designed by Elo106 with Cubik Studio - https://cubik.studio",
	"textures": {
		"particle": "items/oceankey2",
		"texture": "items/oceankey2",
		"voxels_atlas": "items/oceankey2",
		"horn_coral_fan": "block/horn_coral_fan",
		"fire_coral_fan": "block/fire_coral_fan"
	},
	"elements": [ 	 
		{
			"__comment": "Voxels",
			"from": [ 3, 16, 7 ],
			"to": [ 11, 18, 9 ],
			"faces": {
				"down": { "uv": [ 3, 12, 5, 13 ], "texture": "#voxels_atlas", "cullface": "up" },
				"up": { "uv": [ 3, 16, 5, 15 ], "texture": "#voxels_atlas", "cullface": "up" },
				"north": { "uv": [ 5, 14, 3, 15 ], "texture": "#voxels_atlas", "cullface": "up" },
				"south": { "uv": [ 3, 13, 5, 14 ], "texture": "#voxels_atlas", "cullface": "up" },
				"west": { "uv": [ 2, 0, 2.5, 1 ], "texture": "#voxels_atlas", "cullface": "up" },
				"east": { "uv": [ 3, 0, 2.5, 1 ], "texture": "#voxels_atlas", "cullface": "up" }
			}
		},
		{
			"__comment": "Voxels",
			"from": [ 3, 18, 7 ],
			"to": [ 6, 23, 9 ],
			"faces": {
				"up": { "uv": [ 6, 5, 6.75, 4 ], "texture": "#voxels_atlas", "cullface": "up" },
				"north": { "uv": [ 1.75, 1.5, 1, 4 ], "texture": "#voxels_atlas", "cullface": "up" },
				"south": { "uv": [ 4, 9.5, 4.75, 12 ], "texture": "#voxels_atlas", "cullface": "up" },
				"west": { "uv": [ 5.5, 11, 6, 13.5 ], "texture": "#voxels_atlas", "cullface": "up" },
				"east": { "uv": [ 6, 13.5, 5.5, 16 ], "texture": "#voxels_atlas", "cullface": "up" }
			}
		},
		{
			"__comment": "Voxels",
			"from": [ 4, 15, 7 ],
			"to": [ 10, 16, 9 ],
			"faces": {
				"down": { "uv": [ 3, 3.5, 4.5, 4.5 ], "texture": "#voxels_atlas" },
				"north": { "uv": [ 4.5, 0, 3, 0.5 ], "texture": "#voxels_atlas" },
				"south": { "uv": [ 7.25, 14.5, 8.75, 15 ], "texture": "#voxels_atlas" },
				"west": { "uv": [ 9.75, 14, 10.25, 14.5 ], "texture": "#voxels_atlas" },
				"east": { "uv": [ 9.75, 14, 9.25, 14.5 ], "texture": "#voxels_atlas" }
			}
		},
		{
			"__comment": "Voxels",
			"from": [ 4, 17, 6 ],
			"to": [ 10, 18, 7 ],
			"faces": {
				"down": { "uv": [ 7.25, 15.5, 8.75, 16 ], "texture": "#voxels_atlas", "cullface": "up" },
				"up": { "uv": [ 8.75, 16, 10.25, 15.5 ], "texture": "#voxels_atlas", "cullface": "up" },
				"north": { "uv": [ 11.75, 15.5, 10.25, 16 ], "texture": "#voxels_atlas", "cullface": "up" },
				"west": { "uv": [ 8.5, 0, 8.75, 0.5 ], "texture": "#voxels_atlas", "cullface": "up" },
				"east": { "uv": [ 7.25, 0, 7, 0.5 ], "texture": "#voxels_atlas", "cullface": "up" }
			}
		},
		{
			"__comment": "Voxels",
			"from": [ 4, 17, 9 ],
			"to": [ 10, 18, 10 ],
			"faces": {
				"down": { "uv": [ 13.25, 15.5, 14.75, 16 ], "texture": "#voxels_atlas", "cullface": "up" },
				"up": { "uv": [ 13.25, 15.5, 14.75, 15 ], "texture": "#voxels_atlas", "cullface": "up" },
				"south": { "uv": [ 8.75, 15, 10.25, 15.5 ], "texture": "#voxels_atlas", "cullface": "up" },
				"west": { "uv": [ 7, 0.5, 7.25, 1 ], "texture": "#voxels_atlas", "cullface": "up" },
				"east": { "uv": [ 7.25, 7.5, 7, 8 ], "texture": "#voxels_atlas", "cullface": "up" }
			}
		},
		{
			"__comment": "Voxels",
			"from": [ 4, 18, 6 ],
			"to": [ 6, 22, 7 ],
			"faces": {
				"up": { "uv": [ 6.75, 3, 7.25, 2.5 ], "texture": "#voxels_atlas", "cullface": "up" },
				"north": { "uv": [ 6, 5, 5.5, 7 ], "texture": "#voxels_atlas", "cullface": "up" },
				"west": { "uv": [ 8.25, 7.5, 8.5, 9.5 ], "texture": "#voxels_atlas", "cullface": "up" },
				"east": { "uv": [ 8.25, 7.5, 8, 9.5 ], "texture": "#voxels_atlas", "cullface": "up" }
			}
		},
		{
			"__comment": "Voxels",
			"from": [ 4, 18, 9 ],
			"to": [ 6, 22, 10 ],
			"faces": {
				"up": { "uv": [ 6.75, 4, 7.25, 3.5 ], "texture": "#voxels_atlas", "cullface": "up" },
				"south": { "uv": [ 6, 10, 6.5, 12 ], "texture": "#voxels_atlas", "cullface": "up" },
				"west": { "uv": [ 8.25, 10.5, 8.5, 12.5 ], "texture": "#voxels_atlas", "cullface": "up" },
				"east": { "uv": [ 8.25, 10.5, 8, 12.5 ], "texture": "#voxels_atlas", "cullface": "up" }
			}
		},
		{
			"__comment": "Voxels",
			"from": [ 4, 23, 7 ],
			"to": [ 10, 24, 9 ],
			"faces": {
				"down": { "uv": [ 3, 1.5, 4.5, 2.5 ], "texture": "#voxels_atlas", "cullface": "up" },
				"up": { "uv": [ 3, 1.5, 4.5, 0.5 ], "texture": "#voxels_atlas", "cullface": "up" },
				"north": { "uv": [ 11.75, 15, 10.25, 15.5 ], "texture": "#voxels_atlas", "cullface": "up" },
				"south": { "uv": [ 11.75, 15, 13.25, 15.5 ], "texture": "#voxels_atlas", "cullface": "up" },
				"west": { "uv": [ 10.25, 14, 10.75, 14.5 ], "texture": "#voxels_atlas", "cullface": "up" },
				"east": { "uv": [ 9.25, 14, 8.75, 14.5 ], "texture": "#voxels_atlas", "cullface": "up" }
			}
		},
		{
			"__comment": "Voxels",
			"from": [ 5, -9, 7 ],
			"to": [ 9, 15, 9 ],
			"faces": {
				"down": { "uv": [ 6, 12, 7, 13 ], "texture": "#voxels_atlas", "cullface": "down" },
				"north": { "uv": [ 1, 4, 0, 16 ], "texture": "#voxels_atlas", "cullface": "down" },
				"south": { "uv": [ 1, 4, 2, 16 ], "texture": "#voxels_atlas", "cullface": "down" },
				"west": { "uv": [ 2, 4, 2.5, 16 ], "texture": "#voxels_atlas", "cullface": "down" },
				"east": { "uv": [ 3, 4, 2.5, 16 ], "texture": "#voxels_atlas", "cullface": "down" }
			}
		},
		{
			"__comment": "Voxels",
			"from": [ 5, 16, 6 ],
			"to": [ 9, 17, 7 ],
			"faces": {
				"down": { "uv": [ 7.5, 12.5, 8.5, 13 ], "texture": "#voxels_atlas", "cullface": "up" },
				"north": { "uv": [ 8.5, 13.5, 7.5, 14 ], "texture": "#voxels_atlas", "cullface": "up" },
				"west": { "uv": [ 11.75, 13.5, 12, 14 ], "texture": "#voxels_atlas", "cullface": "up" },
				"east": { "uv": [ 11.75, 13.5, 11.5, 14 ], "texture": "#voxels_atlas", "cullface": "up" }
			}
		},
		{
			"__comment": "Voxels",
			"from": [ 5, 16, 9 ],
			"to": [ 9, 17, 10 ],
			"faces": {
				"down": { "uv": [ 10.75, 14.5, 11.75, 15 ], "texture": "#voxels_atlas", "cullface": "up" },
				"south": { "uv": [ 9.75, 14.5, 10.75, 15 ], "texture": "#voxels_atlas", "cullface": "up" },
				"west": { "uv": [ 11, 13.5, 11.25, 14 ], "texture": "#voxels_atlas", "cullface": "up" },
				"east": { "uv": [ 12.75, 13.5, 12.5, 14 ], "texture": "#voxels_atlas", "cullface": "up" }
			}
		},
		{
			"__comment": "Voxels",
			"from": [ 5, 22, 6 ],
			"to": [ 9, 23, 7 ],
			"faces": {
				"down": { "uv": [ 7.5, 10, 8.5, 10.5 ], "texture": "#voxels_atlas", "cullface": "up" },
				"up": { "uv": [ 7.5, 10, 8.5, 9.5 ], "texture": "#voxels_atlas", "cullface": "up" },
				"north": { "uv": [ 8.5, 5, 7.5, 5.5 ], "texture": "#voxels_atlas", "cullface": "up" },
				"south": { "uv": [ 7.5, 4.5, 8.5, 5 ], "texture": "#voxels_atlas", "cullface": "up" },
				"west": { "uv": [ 11.25, 13.5, 11.5, 14 ], "texture": "#voxels_atlas", "cullface": "up" },
				"east": { "uv": [ 9, 4, 8.75, 4.5 ], "texture": "#voxels_atlas", "cullface": "up" }
			}
		},
		{
			"__comment": "Voxels",
			"from": [ 5, 22, 9 ],
			"to": [ 9, 23, 10 ],
			"faces": {
				"down": { "uv": [ 4, 4.5, 5, 5 ], "texture": "#voxels_atlas", "cullface": "up" },
				"up": { "uv": [ 6, 1, 7, 0.5 ], "texture": "#voxels_atlas", "cullface": "up" },
				"north": { "uv": [ 7, 0, 6, 0.5 ], "texture": "#voxels_atlas", "cullface": "up" },
				"south": { "uv": [ 14.75, 15.5, 15.75, 16 ], "texture": "#voxels_atlas", "cullface": "up" },
				"west": { "uv": [ 8.75, 4.5, 9, 5 ], "texture": "#voxels_atlas", "cullface": "up" },
				"east": { "uv": [ 16, 14, 15.75, 14.5 ], "texture": "#voxels_atlas", "cullface": "up" }
			}
		},
		{
			"__comment": "Voxels",
			"from": [ 5, 24, 7 ],
			"to": [ 9, 25, 9 ],
			"faces": {
				"up": { "uv": [ 6, 7, 7, 6 ], "texture": "#voxels_atlas", "cullface": "up" },
				"north": { "uv": [ 12.75, 14.5, 11.75, 15 ], "texture": "#voxels_atlas", "cullface": "up" },
				"south": { "uv": [ 12.75, 14.5, 13.75, 15 ], "texture": "#voxels_atlas", "cullface": "up" },
				"west": { "uv": [ 12.75, 14, 13.25, 14.5 ], "texture": "#voxels_atlas", "cullface": "up" },
				"east": { "uv": [ 12.75, 14, 12.25, 14.5 ], "texture": "#voxels_atlas", "cullface": "up" }
			}
		},
		{
			"__comment": "Voxels",
			"from": [ 6, -5, 6 ],
			"to": [ 8, 1, 7 ],
			"faces": {
				"down": { "uv": [ 11.75, 14, 12.25, 14.5 ], "texture": "#voxels_atlas", "cullface": "down" },
				"up": { "uv": [ 11.25, 14.5, 11.75, 14 ], "texture": "#voxels_atlas", "cullface": "down" },
				"north": { "uv": [ 4.5, 6.5, 4, 9.5 ], "texture": "#voxels_atlas", "cullface": "down" },
				"west": { "uv": [ 7.25, 11.5, 7.5, 14.5 ], "texture": "#voxels_atlas", "cullface": "down" },
				"east": { "uv": [ 7.5, 8.5, 7.25, 11.5 ], "texture": "#voxels_atlas", "cullface": "down" }
			}
		},
		{
			"__comment": "Voxels",
			"from": [ 6, -5, 9 ],
			"to": [ 8, 1, 10 ],
			"faces": {
				"down": { "uv": [ 8, 0, 8.5, 0.5 ], "texture": "#voxels_atlas", "cullface": "down" },
				"up": { "uv": [ 10.75, 14.5, 11.25, 14 ], "texture": "#voxels_atlas", "cullface": "down" },
				"south": { "uv": [ 4.5, 6.5, 5, 9.5 ], "texture": "#voxels_atlas", "cullface": "down" },
				"west": { "uv": [ 7.25, 5.5, 7.5, 8.5 ], "texture": "#voxels_atlas", "cullface": "down" },
				"east": { "uv": [ 7.5, 2.5, 7.25, 5.5 ], "texture": "#voxels_atlas", "cullface": "down" }
			}
		},
		{
			"__comment": "Voxels",
			"from": [ 6, 1, 6 ],
			"to": [ 7, 16, 7 ],
			"faces": {
				"north": { "uv": [ 3.75, 4.5, 3.5, 12 ], "texture": "#voxels_atlas" },
				"south": { "uv": [ 3.75, 4.5, 4, 12 ], "texture": "#voxels_atlas" },
				"west": { "uv": [ 5, 8.5, 5.25, 16 ], "texture": "#voxels_atlas" },
				"east": { "uv": [ 5.25, 1, 5, 8.5 ], "texture": "#voxels_atlas" }
			}
		},
		{
			"__comment": "Voxels",
			"from": [ 6, 1, 9 ],
			"to": [ 7, 16, 10 ],
			"faces": {
				"north": { "uv": [ 3.5, 4.5, 3.25, 12 ], "texture": "#voxels_atlas" },
				"south": { "uv": [ 5.25, 1, 5.5, 8.5 ], "texture": "#voxels_atlas" },
				"west": { "uv": [ 3, 4.5, 3.25, 12 ], "texture": "#voxels_atlas" },
				"east": { "uv": [ 5.5, 8.5, 5.25, 16 ], "texture": "#voxels_atlas" }
			}
		},
		{
			"__comment": "Voxels",
			"from": [ 6, 21, 6 ],
			"to": [ 10, 22, 10 ],
			"faces": {
				"down": { "uv": [ 0, 0, 1, 2 ], "texture": "#voxels_atlas", "cullface": "up" },
				"up": { "uv": [ 0, 4, 1, 2 ], "texture": "#voxels_atlas", "cullface": "up" },
				"north": { "uv": [ 15.75, 14.5, 14.75, 15 ], "texture": "#voxels_atlas", "cullface": "up" },
				"south": { "uv": [ 13.75, 14.5, 14.75, 15 ], "texture": "#voxels_atlas", "cullface": "up" },
				"west": { "uv": [ 8.75, 14.5, 9.75, 15 ], "texture": "#voxels_atlas", "cullface": "up" },
				"east": { "uv": [ 15.75, 15, 14.75, 15.5 ], "texture": "#voxels_atlas", "cullface": "up" }
			}
		},
		{
			"__comment": "Voxels",
			"from": [ 6, 22, 7 ],
			"to": [ 11, 23, 9 ],
			"faces": {
				"down": { "uv": [ 6, 14, 7.25, 15 ], "texture": "#voxels_atlas", "cullface": "up" },
				"up": { "uv": [ 6, 16, 7.25, 15 ], "texture": "#voxels_atlas", "cullface": "up" },
				"north": { "uv": [ 7.25, 1, 6, 1.5 ], "texture": "#voxels_atlas", "cullface": "up" },
				"south": { "uv": [ 6, 1.5, 7.25, 2 ], "texture": "#voxels_atlas", "cullface": "up" },
				"east": { "uv": [ 8, 0.5, 7.5, 1 ], "texture": "#voxels_atlas", "cullface": "up" }
			}
		},
		{
			"__comment": "Voxels",
			"from": [ 7, -9, 6 ],
			"to": [ 8, -5, 7 ],
			"faces": {
				"down": { "uv": [ 12.75, 13.5, 13, 14 ], "texture": "#voxels_atlas", "cullface": "down" },
				"north": { "uv": [ 7.25, 10, 7, 12 ], "texture": "#voxels_atlas", "cullface": "down" },
				"west": { "uv": [ 7.5, 10.5, 7.75, 12.5 ], "texture": "#voxels_atlas", "cullface": "down" },
				"east": { "uv": [ 8, 10.5, 7.75, 12.5 ], "texture": "#voxels_atlas", "cullface": "down" }
			}
		},
		{
			"__comment": "Voxels",
			"from": [ 7, -9, 9 ],
			"to": [ 8, -5, 10 ],
			"faces": {
				"down": { "uv": [ 8.75, 1.5, 9, 2 ], "texture": "#voxels_atlas", "cullface": "down" },
				"south": { "uv": [ 7.75, 7.5, 8, 9.5 ], "texture": "#voxels_atlas", "cullface": "down" },
				"west": { "uv": [ 8, 5.5, 8.25, 7.5 ], "texture": "#voxels_atlas", "cullface": "down" },
				"east": { "uv": [ 8.5, 5.5, 8.25, 7.5 ], "texture": "#voxels_atlas", "cullface": "down" }
			}
		},
		{
			"__comment": "Voxels",
			"from": [ 7, 12, 6 ],
			"to": [ 8, 16, 7 ],
			"faces": {
				"down": { "uv": [ 1.75, 1.5, 2, 2 ], "texture": "#voxels_atlas" },
				"north": { "uv": [ 7.75, 2.5, 7.5, 4.5 ], "texture": "#voxels_atlas" },
				"south": { "uv": [ 7.75, 2.5, 8, 4.5 ], "texture": "#voxels_atlas" },
				"east": { "uv": [ 8.75, 10.5, 8.5, 12.5 ], "texture": "#voxels_atlas" }
			}
		},
		{
			"__comment": "Voxels",
			"from": [ 7, 12, 9 ],
			"to": [ 8, 16, 10 ],
			"faces": {
				"down": { "uv": [ 15.75, 15.5, 16, 16 ], "texture": "#voxels_atlas" },
				"north": { "uv": [ 5, 10, 4.75, 12 ], "texture": "#voxels_atlas" },
				"south": { "uv": [ 1.75, 2, 2, 4 ], "texture": "#voxels_atlas" },
				"east": { "uv": [ 8, 5.5, 7.75, 7.5 ], "texture": "#voxels_atlas" }
			}
		},
		{
			"__comment": "Voxels",
			"from": [ 8, 18, 6 ],
			"to": [ 10, 21, 10 ],
			"faces": {
				"down": { "uv": [ 5.5, 7, 6, 9 ], "texture": "#voxels_atlas", "cullface": "up" },
				"north": { "uv": [ 5, 0, 4.5, 1.5 ], "texture": "#voxels_atlas", "cullface": "up" },
				"south": { "uv": [ 6.5, 7.5, 7, 9 ], "texture": "#voxels_atlas", "cullface": "up" },
				"west": { "uv": [ 1, 0, 2, 1.5 ], "texture": "#voxels_atlas", "cullface": "up" },
				"east": { "uv": [ 5, 5, 4, 6.5 ], "texture": "#voxels_atlas", "cullface": "up" }
			}
		},
		{
			"__comment": "Voxels",
			"from": [ 9, -8, 7 ],
			"to": [ 12, -7, 9 ],
			"faces": {
				"down": { "uv": [ 6, 3, 6.75, 4 ], "texture": "#voxels_atlas", "cullface": "down" },
				"up": { "uv": [ 6, 3, 6.75, 2 ], "texture": "#voxels_atlas", "cullface": "down" },
				"north": { "uv": [ 8.25, 1, 7.5, 1.5 ], "texture": "#voxels_atlas", "cullface": "down" },
				"south": { "uv": [ 6.5, 7, 7.25, 7.5 ], "texture": "#voxels_atlas", "cullface": "down" },
				"east": { "uv": [ 14.25, 14, 13.75, 14.5 ], "texture": "#voxels_atlas", "cullface": "down" }
			}
		},
		{
			"__comment": "Voxels",
			"from": [ 9, -7, 7 ],
			"to": [ 10, -6, 9 ],
			"faces": {
				"up": { "uv": [ 8.75, 13, 9, 12 ], "texture": "#voxels_atlas", "cullface": "down" },
				"north": { "uv": [ 9, 3.5, 8.75, 4 ], "texture": "#voxels_atlas", "cullface": "down" },
				"south": { "uv": [ 8.75, 3, 9, 3.5 ], "texture": "#voxels_atlas", "cullface": "down" },
				"east": { "uv": [ 15.25, 14, 14.75, 14.5 ], "texture": "#voxels_atlas", "cullface": "down" }
			}
		},
		{
			"__comment": "Voxels",
			"from": [ 9, -4, 7 ],
			"to": [ 10, -2, 9 ],
			"faces": {
				"down": { "uv": [ 8.75, 9, 9, 10 ], "texture": "#voxels_atlas", "cullface": "down" },
				"up": { "uv": [ 8.75, 9, 9, 8 ], "texture": "#voxels_atlas", "cullface": "down" },
				"north": { "uv": [ 9, 7, 8.75, 8 ], "texture": "#voxels_atlas", "cullface": "down" },
				"south": { "uv": [ 8.75, 6, 9, 7 ], "texture": "#voxels_atlas", "cullface": "down" },
				"east": { "uv": [ 5, 2.5, 4.5, 3.5 ], "texture": "#voxels_atlas", "cullface": "down" }
			}
		},
		{
			"__comment": "Voxels",
			"from": [ 10, -3, 7 ],
			"to": [ 12, -2, 9 ],
			"faces": {
				"down": { "uv": [ 4.5, 1.5, 5, 2.5 ], "texture": "#voxels_atlas", "cullface": "down" },
				"up": { "uv": [ 5.5, 1, 6, 0 ], "texture": "#voxels_atlas", "cullface": "down" },
				"north": { "uv": [ 9.5, 13.5, 9, 14 ], "texture": "#voxels_atlas", "cullface": "down" },
				"south": { "uv": [ 9.5, 13.5, 10, 14 ], "texture": "#voxels_atlas", "cullface": "down" },
				"east": { "uv": [ 11, 13.5, 10.5, 14 ], "texture": "#voxels_atlas", "cullface": "down" }
			}
		},
		{
			"__comment": "Voxels",
			"from": [ 10, 18, 7 ],
			"to": [ 11, 22, 9 ],
			"faces": {
				"north": { "uv": [ 8.5, 2.5, 8.25, 4.5 ], "texture": "#voxels_atlas", "cullface": "up" },
				"south": { "uv": [ 8.5, 12.5, 8.75, 14.5 ], "texture": "#voxels_atlas", "cullface": "up" },
				"west": { "uv": [ 6.5, 10, 7, 12 ], "texture": "#voxels_atlas", "cullface": "up" },
				"east": { "uv": [ 6.5, 7, 6, 9 ], "texture": "#voxels_atlas", "cullface": "up" }
			}
		},
		{
			"__comment": "Voxels",
			"from": [ 11, -7, 7 ],
			"to": [ 13, -5, 8 ],
			"faces": {
				"down": { "uv": [ 7.5, 0, 8, 0.5 ], "texture": "#voxels_atlas", "cullface": "down" },
				"up": { "uv": [ 8, 1, 8.5, 0.5 ], "texture": "#voxels_atlas", "cullface": "down" },
				"north": { "uv": [ 7.25, 5, 6.75, 6 ], "texture": "#voxels_atlas", "cullface": "down" },
				"south": { "uv": [ 6.75, 4, 7.25, 5 ], "texture": "#voxels_atlas", "cullface": "down" },
				"west": { "uv": [ 5.25, 0, 5.5, 1 ], "texture": "#voxels_atlas", "cullface": "down" },
				"east": { "uv": [ 7.25, 13, 7, 14 ], "texture": "#voxels_atlas", "cullface": "down" }
			}
		},
		{
			"__comment": "Voxels",
			"from": [ 11, -7, 8 ],
			"to": [ 12, -3, 9 ],
			"faces": {
				"north": { "uv": [ 8.75, 8.5, 8.5, 10.5 ], "texture": "#voxels_atlas", "cullface": "down" },
				"south": { "uv": [ 8.5, 6.5, 8.75, 8.5 ], "texture": "#voxels_atlas", "cullface": "down" },
				"west": { "uv": [ 8.5, 4.5, 8.75, 6.5 ], "texture": "#voxels_atlas", "cullface": "down" },
				"east": { "uv": [ 8.75, 2.5, 8.5, 4.5 ], "texture": "#voxels_atlas", "cullface": "down" }
			}
		},
		{
			"__comment": "Voxels",
			"from": [ 11, -5, 7 ],
			"to": [ 12, -3, 8 ],
			"faces": {
				"north": { "uv": [ 7.25, 12, 7, 13 ], "texture": "#voxels_atlas", "cullface": "down" },
				"west": { "uv": [ 7, 8, 7.25, 9 ], "texture": "#voxels_atlas", "cullface": "down" },
				"east": { "uv": [ 7.25, 6, 7, 7 ], "texture": "#voxels_atlas", "cullface": "down" }
			}
		},
		{
			"__comment": "Voxels",
			"from": [ 12, -5, 8 ],
			"to": [ 13, -3, 9 ],
			"faces": {
				"down": { "uv": [ 12, 13.5, 12.25, 14 ], "texture": "#voxels_atlas", "cullface": "down" },
				"up": { "uv": [ 12.25, 14, 12.5, 13.5 ], "texture": "#voxels_atlas", "cullface": "down" },
				"north": { "uv": [ 8.75, 1.5, 8.5, 2.5 ], "texture": "#voxels_atlas", "cullface": "down" },
				"south": { "uv": [ 8.5, 0.5, 8.75, 1.5 ], "texture": "#voxels_atlas", "cullface": "down" },
				"east": { "uv": [ 9, 10, 8.75, 11 ], "texture": "#voxels_atlas", "cullface": "down" }
			}
		},
		{
			"__comment": "Box35",
			"from": [ 5.1364, 13.4999, 3.5625 ],
			"to": [ 8.6364, 13.5009, 6.0625 ],
			"faces": {
				"down": { "uv": [ 0, 0, 16, 16 ], "texture": "#fire_coral_fan", "rotation": 180 },
				"up": { "uv": [ 16, 16, 0, 0 ], "texture": "#fire_coral_fan", "rotation": 180 },
				"north": { "uv": [ 0, 0, 0, 0 ], "texture": "#fire_coral_fan", "rotation": 180 },
				"south": { "uv": [ 0, 0, 0, 0 ], "texture": "#fire_coral_fan", "rotation": 180 },
				"west": { "uv": [ 0.5, 0, 0, 0 ], "texture": "#fire_coral_fan" },
				"east": { "uv": [ 0, 0, 0, 0 ], "texture": "#fire_coral_fan" }
			}
		},
		{
			"__comment": "Box35",
			"from": [ 5.5, -4, 3.5 ],
			"to": [ 5.501, 0.5, 7 ],
			"faces": {
				"down": { "uv": [ 0, 0, 0, 0 ], "texture": "#horn_coral_fan", "cullface": "down", "rotation": 270 },
				"up": { "uv": [ 0.5, 0, 0, 0 ], "texture": "#horn_coral_fan", "cullface": "down", "rotation": 90 },
				"north": { "uv": [ 0, 0, 0, 0 ], "texture": "#horn_coral_fan", "cullface": "down", "rotation": 90 },
				"west": { "uv": [ 16, 16, 0, 0 ], "texture": "#horn_coral_fan", "cullface": "down", "rotation": 90 },
				"east": { "uv": [ 16, 16, 0, 0 ], "texture": "#horn_coral_fan", "cullface": "down", "rotation": 270 }
			}
		},
		{
			"__comment": "Box35",
			"from": [ 9, 17.0909, 3.375 ],
			"to": [ 9.001, 22.0909, 6.375 ],
			"faces": {
				"down": { "uv": [ 0, 0, 0, 0 ], "texture": "#fire_coral_fan", "cullface": "up", "rotation": 270 },
				"up": { "uv": [ 0.5, 0, 0, 0 ], "texture": "#fire_coral_fan", "cullface": "up", "rotation": 90 },
				"north": { "uv": [ 0, 0, 0, 0 ], "texture": "#fire_coral_fan", "cullface": "up", "rotation": 90 },
				"south": { "uv": [ 0, 0, 0, 0 ], "texture": "#fire_coral_fan", "cullface": "up", "rotation": 270 },
				"west": { "uv": [ 16, 16, 0, 0 ], "texture": "#fire_coral_fan", "cullface": "up", "rotation": 90 },
				"east": { "uv": [ 16, 16, 0, 0 ], "texture": "#fire_coral_fan", "cullface": "up", "rotation": 270 }
			}
		},
		{
			"__comment": "Box35",
			"from": [ 7, 11.8636, 3.5625 ],
			"to": [ 7.001, 15.3636, 6.0625 ],
			"faces": {
				"down": { "uv": [ 0, 0, 0, 0 ], "texture": "#fire_coral_fan", "rotation": 270 },
				"up": { "uv": [ 0.5, 0, 0, 0 ], "texture": "#fire_coral_fan", "rotation": 90 },
				"north": { "uv": [ 0, 0, 0, 0 ], "texture": "#fire_coral_fan", "rotation": 90 },
				"west": { "uv": [ 16, 16, 0, 0 ], "texture": "#fire_coral_fan", "rotation": 90 },
				"east": { "uv": [ 16, 16, 0, 0 ], "texture": "#fire_coral_fan", "rotation": 270 }
			}
		},
		{
			"__comment": "Box35",
			"from": [ 7.5, 1, 3.5 ],
			"to": [ 7.501, 5.5, 7 ],
			"faces": {
				"down": { "uv": [ 0, 0, 0, 0 ], "texture": "#horn_coral_fan", "rotation": 270 },
				"up": { "uv": [ 0.5, 0, 0, 0 ], "texture": "#horn_coral_fan", "rotation": 90 },
				"north": { "uv": [ 0, 0, 0, 0 ], "texture": "#horn_coral_fan", "rotation": 90 },
				"west": { "uv": [ 16, 16, 0, 0 ], "texture": "#horn_coral_fan", "rotation": 90 },
				"east": { "uv": [ 16, 16, 0, 0 ], "texture": "#horn_coral_fan", "rotation": 270 }
			}
		}
	],
	"display": {
		"thirdperson_righthand": {
			"rotation":  [ -90, -90, 90 ],
			"translation":  [ 0, 2.5, 1 ],
			"scale":  [ 0.2, 0.2, 0.2 ]
		},
		"thirdperson_lefthand": {
			"rotation":  [ 90, 90, 90 ],
			"translation":  [ 0, 2.5, 1 ],
			"scale":  [ 0.2, 0.2, 0.2 ]
		},
		"firstperson_righthand": {
			"rotation":  [ 90, -90, 0 ],
			"translation":  [ 0, 2.5, 0 ],
			"scale":  [ 0.3, 0.3, 0.3 ]
		},
		"firstperson_lefthand": {
			"rotation":  [ 90, 90, 0 ],
			"translation":  [ 0, 2.5, 0 ],
			"scale":  [ 0.3, 0.3, 0.3 ]
		},
		"gui": {
			"rotation":  [ 0, 180, -135 ],
			"scale":  [ 0.6, 0.6, 0.6 ]
		},
		"ground": {
			"rotation":  [ 90, 0, 0 ],
			"scale":  [ 0.3, 0.3, 0.3 ]
		},
		"fixed": {
			"rotation":  [ 0, 0, -135 ],
			"scale":  [ 0.8, 0.8, 0.8 ]
		}
	}
}