{
	"__comment": "Designed by Pashjn with Cubik Studio - https://cubik.studio",
	"textures": {
		"particle": "items/rockets",
		"texture": "items/rockets",
		"voxels_atlas": "items/rockets"
	},
	"elements": [ 	 
		{
			"__comment": "Voxels",
			"from": [ 0.5, 11, 4 ],
			"to": [ 1.5, 11.5, 4.5 ],
			"faces": {
				"down": { "uv": [ 7.25, 10, 7.5, 10.125 ], "texture": "#voxels_atlas" },
				"up": { "uv": [ 11.5, 10.125, 11.75, 10 ], "texture": "#voxels_atlas" },
				"north": { "uv": [ 12, 10, 11.75, 10.125 ], "texture": "#voxels_atlas" },
				"south": { "uv": [ 12, 10, 12.25, 10.125 ], "texture": "#voxels_atlas" },
				"west": { "uv": [ 5.875, 8.875, 6, 9 ], "texture": "#voxels_atlas" },
				"east": { "uv": [ 6, 9.25, 5.875, 9.375 ], "texture": "#voxels_atlas" }
			}
		},
		{
			"__comment": "Voxels",
			"from": [ 0.5, 11.5, 4 ],
			"to": [ 1, 12.5, 4.5 ],
			"faces": {
				"down": { "uv": [ 5.875, 9.375, 6, 9.5 ], "texture": "#voxels_atlas" },
				"up": { "uv": [ 15.5, 10, 15.625, 9.875 ], "texture": "#voxels_atlas" },
				"north": { "uv": [ 5.875, 9.75, 5.75, 10 ], "texture": "#voxels_atlas" },
				"south": { "uv": [ 5.75, 9.5, 5.875, 9.75 ], "texture": "#voxels_atlas" },
				"west": { "uv": [ 5.75, 9.25, 5.875, 9.5 ], "texture": "#voxels_atlas" },
				"east": { "uv": [ 5.875, 9, 5.75, 9.25 ], "texture": "#voxels_atlas" }
			}
		},
		{
			"__comment": "Voxels",
			"from": [ 1, 10.5, 4 ],
			"to": [ 2.5, 11, 4.5 ],
			"faces": {
				"down": { "uv": [ 5.625, 10.375, 6, 10.5 ], "texture": "#voxels_atlas" },
				"up": { "uv": [ 6, 10.5, 6.375, 10.375 ], "texture": "#voxels_atlas" },
				"north": { "uv": [ 6.75, 10.375, 6.375, 10.5 ], "texture": "#voxels_atlas" },
				"south": { "uv": [ 6.75, 10.375, 7.125, 10.5 ], "texture": "#voxels_atlas" },
				"west": { "uv": [ 15.375, 9.875, 15.5, 10 ], "texture": "#voxels_atlas" },
				"east": { "uv": [ 14.625, 9.875, 14.5, 10 ], "texture": "#voxels_atlas" }
			}
		},
		{
			"__comment": "Voxels",
			"from": [ 1, 12, 4 ],
			"to": [ 1.5, 13, 4.5 ],
			"faces": {
				"down": { "uv": [ 14.375, 9.875, 14.5, 10 ], "texture": "#voxels_atlas" },
				"up": { "uv": [ 14, 10, 14.125, 9.875 ], "texture": "#voxels_atlas" },
				"north": { "uv": [ 5.875, 8.75, 5.75, 9 ], "texture": "#voxels_atlas" },
				"south": { "uv": [ 5.75, 8.5, 5.875, 8.75 ], "texture": "#voxels_atlas" },
				"west": { "uv": [ 5.75, 8.25, 5.875, 8.5 ], "texture": "#voxels_atlas" },
				"east": { "uv": [ 5.875, 8, 5.75, 8.25 ], "texture": "#voxels_atlas" }
			}
		},
		{
			"__comment": "Voxels",
			"from": [ 1.5, 12.5, 4 ],
			"to": [ 2.5, 13, 4.5 ],
			"faces": {
				"down": { "uv": [ 15.75, 10, 16, 10.125 ], "texture": "#voxels_atlas" },
				"up": { "uv": [ 5.875, 10, 6.125, 9.875 ], "texture": "#voxels_atlas" },
				"north": { "uv": [ 6.375, 9.875, 6.125, 10 ], "texture": "#voxels_atlas" },
				"south": { "uv": [ 6.375, 9.875, 6.625, 10 ], "texture": "#voxels_atlas" },
				"west": { "uv": [ 13.875, 9.875, 14, 10 ], "texture": "#voxels_atlas" },
				"east": { "uv": [ 13.875, 9.875, 13.75, 10 ], "texture": "#voxels_atlas" }
			}
		},
		{
			"__comment": "Voxels",
			"from": [ 2, 11, 4 ],
			"to": [ 3, 11.5, 4.5 ],
			"faces": {
				"down": { "uv": [ 7.125, 9.875, 7.375, 10 ], "texture": "#voxels_atlas" },
				"up": { "uv": [ 7.375, 10, 7.625, 9.875 ], "texture": "#voxels_atlas" },
				"north": { "uv": [ 8.375, 9.875, 8.125, 10 ], "texture": "#voxels_atlas" },
				"south": { "uv": [ 8.375, 9.875, 8.625, 10 ], "texture": "#voxels_atlas" },
				"west": { "uv": [ 13.625, 9.875, 13.75, 10 ], "texture": "#voxels_atlas" },
				"east": { "uv": [ 5.875, 1.25, 5.75, 1.375 ], "texture": "#voxels_atlas" }
			}
		},
		{
			"__comment": "Voxels",
			"from": [ 2, 12, 4 ],
			"to": [ 3, 12.5, 4.5 ],
			"faces": {
				"down": { "uv": [ 8.625, 9.875, 8.875, 10 ], "texture": "#voxels_atlas" },
				"up": { "uv": [ 8.875, 10, 9.125, 9.875 ], "texture": "#voxels_atlas" },
				"north": { "uv": [ 9.375, 9.875, 9.125, 10 ], "texture": "#voxels_atlas" },
				"south": { "uv": [ 9.375, 9.875, 9.625, 10 ], "texture": "#voxels_atlas" },
				"west": { "uv": [ 5.75, 1.375, 5.875, 1.5 ], "texture": "#voxels_atlas" },
				"east": { "uv": [ 5.875, 1.75, 5.75, 1.875 ], "texture": "#voxels_atlas" }
			}
		},
		{
			"__comment": "Voxels",
			"from": [ 2.5, 11.5, 4 ],
			"to": [ 12.5, 12, 4.5 ],
			"faces": {
				"down": { "uv": [ 11.125, 11.875, 13.625, 12 ], "texture": "#voxels_atlas" },
				"up": { "uv": [ 3.625, 12, 6.125, 11.875 ], "texture": "#voxels_atlas" },
				"north": { "uv": [ 11.375, 12, 8.875, 12.125 ], "texture": "#voxels_atlas" },
				"south": { "uv": [ 11.375, 12, 13.875, 12.125 ], "texture": "#voxels_atlas" },
				"west": { "uv": [ 5.75, 1.875, 5.875, 2 ], "texture": "#voxels_atlas" },
				"east": { "uv": [ 5.875, 3.25, 5.75, 3.375 ], "texture": "#voxels_atlas" }
			}
		},
		{
			"__comment": "Voxels",
			"from": [ 3, 11.5, 2.5 ],
			"to": [ 11.5, 12, 4 ],
			"faces": {
				"down": { "uv": [ 5.75, 13.75, 7.875, 14.125 ], "texture": "#voxels_atlas" },
				"up": { "uv": [ 3.625, 14.125, 5.75, 13.75 ], "texture": "#voxels_atlas" },
				"north": { "uv": [ 8, 11.625, 5.875, 11.75 ], "texture": "#voxels_atlas" },
				"south": { "uv": [ 13.875, 12, 16, 12.125 ], "texture": "#voxels_atlas" },
				"west": { "uv": [ 7.125, 10.375, 7.5, 10.5 ], "texture": "#voxels_atlas" },
				"east": { "uv": [ 9, 10.375, 8.625, 10.5 ], "texture": "#voxels_atlas" }
			}
		},
		{
			"__comment": "Voxels",
			"from": [ 3.5, 11, 0 ],
			"to": [ 4.5, 11.5, 2 ],
			"faces": {
				"down": { "uv": [ 1.125, 5.75, 1.375, 6.25 ], "texture": "#voxels_atlas" },
				"up": { "uv": [ 1.125, 5.75, 1.375, 5.25 ], "texture": "#voxels_atlas" },
				"north": { "uv": [ 11.375, 9.875, 11.125, 10 ], "texture": "#voxels_atlas" },
				"south": { "uv": [ 11.375, 9.875, 11.625, 10 ], "texture": "#voxels_atlas" },
				"west": { "uv": [ 4.875, 3, 5.375, 3.125 ], "texture": "#voxels_atlas" },
				"east": { "uv": [ 5.375, 2.625, 4.875, 2.75 ], "texture": "#voxels_atlas" }
			}
		},
		{
			"__comment": "Voxels",
			"from": [ 3.5, 11, 4 ],
			"to": [ 10.5, 11.5, 4.5 ],
			"faces": {
				"down": { "uv": [ 10.625, 11.25, 12.375, 11.375 ], "texture": "#voxels_atlas" },
				"up": { "uv": [ 12.75, 11.5, 14.5, 11.375 ], "texture": "#voxels_atlas" },
				"north": { "uv": [ 7.125, 11.125, 5.375, 11.25 ], "texture": "#voxels_atlas" },
				"south": { "uv": [ 3.625, 11.125, 5.375, 11.25 ], "texture": "#voxels_atlas" },
				"west": { "uv": [ 5.75, 3.375, 5.875, 3.5 ], "texture": "#voxels_atlas" },
				"east": { "uv": [ 5.875, 3.5, 5.75, 3.625 ], "texture": "#voxels_atlas" }
			}
		},
		{
			"__comment": "Voxels",
			"from": [ 3.5, 11.5, 0 ],
			"to": [ 4, 12.5, 2 ],
			"faces": {
				"down": { "uv": [ 2.625, 2.75, 2.75, 3.25 ], "texture": "#voxels_atlas" },
				"up": { "uv": [ 2.625, 2.25, 2.75, 1.75 ], "texture": "#voxels_atlas" },
				"north": { "uv": [ 5.875, 5.25, 5.75, 5.5 ], "texture": "#voxels_atlas" },
				"south": { "uv": [ 5.75, 5, 5.875, 5.25 ], "texture": "#voxels_atlas" },
				"west": { "uv": [ 4.5, 6.25, 5, 6.5 ], "texture": "#voxels_atlas" },
				"east": { "uv": [ 4.5, 6, 4, 6.25 ], "texture": "#voxels_atlas" }
			}
		},
		{
			"__comment": "Voxels",
			"from": [ 3.5, 11.5, 2 ],
			"to": [ 11, 12, 2.5 ],
			"faces": {
				"down": { "uv": [ 5.5, 11.375, 7.375, 11.5 ], "texture": "#voxels_atlas" },
				"up": { "uv": [ 3.625, 11.5, 5.5, 11.375 ], "texture": "#voxels_atlas" },
				"north": { "uv": [ 15.375, 11.5, 13.5, 11.625 ], "texture": "#voxels_atlas" },
				"south": { "uv": [ 7.375, 11.375, 9.25, 11.5 ], "texture": "#voxels_atlas" },
				"west": { "uv": [ 5.75, 3.625, 5.875, 3.75 ], "texture": "#voxels_atlas" },
				"east": { "uv": [ 5.375, 0, 5.25, 0.125 ], "texture": "#voxels_atlas" }
			}
		},
		{
			"__comment": "Voxels",
			"from": [ 3.5, 11.5, 4.5 ],
			"to": [ 12.5, 12, 5.5 ],
			"faces": {
				"down": { "uv": [ 7.875, 13.875, 10.125, 14.125 ], "texture": "#voxels_atlas" },
				"up": { "uv": [ 10.125, 14.125, 12.375, 13.875 ], "texture": "#voxels_atlas" },
				"north": { "uv": [ 15.875, 11.875, 13.625, 12 ], "texture": "#voxels_atlas" },
				"south": { "uv": [ 5.875, 11.75, 8.125, 11.875 ], "texture": "#voxels_atlas" },
				"west": { "uv": [ 1.125, 8.875, 1.375, 9 ], "texture": "#voxels_atlas" },
				"east": { "uv": [ 3.625, 6.625, 3.375, 6.75 ], "texture": "#voxels_atlas" }
			}
		},
		{
			"__comment": "Voxels",
			"from": [ 3.5, 11.5, 5.5 ],
			"to": [ 11.5, 12, 6 ],
			"faces": {
				"down": { "uv": [ 13.75, 11.75, 15.75, 11.875 ], "texture": "#voxels_atlas" },
				"up": { "uv": [ 3.625, 11.625, 5.625, 11.5 ], "texture": "#voxels_atlas" },
				"north": { "uv": [ 7.625, 11.5, 5.625, 11.625 ], "texture": "#voxels_atlas" },
				"south": { "uv": [ 7.625, 11.5, 9.625, 11.625 ], "texture": "#voxels_atlas" },
				"west": { "uv": [ 5.25, 0.125, 5.375, 0.25 ], "texture": "#voxels_atlas" },
				"east": { "uv": [ 5.375, 0.5, 5.25, 0.625 ], "texture": "#voxels_atlas" }
			}
		},
		{
			"__comment": "Voxels",
			"from": [ 3.5, 12, 4 ],
			"to": [ 10.5, 12.5, 4.5 ],
			"faces": {
				"down": { "uv": [ 12.375, 11.25, 14.125, 11.375 ], "texture": "#voxels_atlas" },
				"up": { "uv": [ 14.25, 14.25, 16, 14.125 ], "texture": "#voxels_atlas" },
				"north": { "uv": [ 12.75, 11.375, 11, 11.5 ], "texture": "#voxels_atlas" },
				"south": { "uv": [ 3.625, 11.25, 5.375, 11.375 ], "texture": "#voxels_atlas" },
				"west": { "uv": [ 5.25, 0.625, 5.375, 0.75 ], "texture": "#voxels_atlas" },
				"east": { "uv": [ 5.375, 1.875, 5.25, 2 ], "texture": "#voxels_atlas" }
			}
		},
		{
			"__comment": "Voxels",
			"from": [ 4, 10, 0 ],
			"to": [ 5, 10.5, 2 ],
			"faces": {
				"down": { "uv": [ 1.125, 9.5, 1.375, 10 ], "texture": "#voxels_atlas" },
				"up": { "uv": [ 1.125, 9.5, 1.375, 9 ], "texture": "#voxels_atlas" },
				"north": { "uv": [ 3.625, 6.125, 3.375, 6.25 ], "texture": "#voxels_atlas" },
				"south": { "uv": [ 3.375, 5.625, 3.625, 5.75 ], "texture": "#voxels_atlas" },
				"west": { "uv": [ 4.875, 3.5, 5.375, 3.625 ], "texture": "#voxels_atlas" },
				"east": { "uv": [ 5.375, 3.625, 4.875, 3.75 ], "texture": "#voxels_atlas" }
			}
		},
		{
			"__comment": "Voxels",
			"from": [ 4, 10.5, 0 ],
			"to": [ 4.5, 11, 2 ],
			"faces": {
				"down": { "uv": [ 2.625, 5.875, 2.75, 6.375 ], "texture": "#voxels_atlas" },
				"up": { "uv": [ 2.625, 6.875, 2.75, 6.375 ], "texture": "#voxels_atlas" },
				"north": { "uv": [ 5.375, 10.25, 5.25, 10.375 ], "texture": "#voxels_atlas" },
				"south": { "uv": [ 5.25, 10.375, 5.375, 10.5 ], "texture": "#voxels_atlas" },
				"west": { "uv": [ 4.875, 4.25, 5.375, 4.375 ], "texture": "#voxels_atlas" },
				"east": { "uv": [ 5.375, 4.375, 4.875, 4.5 ], "texture": "#voxels_atlas" }
			}
		},
		{
			"__comment": "Voxels",
			"from": [ 4, 10.5, 3.5 ],
			"to": [ 10, 11.5, 4 ],
			"faces": {
				"down": { "uv": [ 5.125, 10.875, 6.625, 11 ], "texture": "#voxels_atlas" },
				"up": { "uv": [ 11.625, 11.125, 13.125, 11 ], "texture": "#voxels_atlas" },
				"north": { "uv": [ 6.625, 12.5, 5.125, 12.75 ], "texture": "#voxels_atlas" },
				"south": { "uv": [ 11.375, 12.875, 12.875, 13.125 ], "texture": "#voxels_atlas" },
				"west": { "uv": [ 15.875, 12.875, 16, 13.125 ], "texture": "#voxels_atlas" },
				"east": { "uv": [ 5.5, 0.125, 5.375, 0.375 ], "texture": "#voxels_atlas" }
			}
		},
		{
			"__comment": "Voxels",
			"from": [ 4, 10.5, 4 ],
			"to": [ 10, 11, 5 ],
			"faces": {
				"down": { "uv": [ 3.625, 12.5, 5.125, 12.75 ], "texture": "#voxels_atlas" },
				"up": { "uv": [ 6.625, 12.75, 8.125, 12.5 ], "texture": "#voxels_atlas" },
				"north": { "uv": [ 9.625, 10.875, 8.125, 11 ], "texture": "#voxels_atlas" },
				"south": { "uv": [ 13.125, 11, 14.625, 11.125 ], "texture": "#voxels_atlas" },
				"west": { "uv": [ 5.125, 9.375, 5.375, 9.5 ], "texture": "#voxels_atlas" },
				"east": { "uv": [ 3.625, 5.125, 3.375, 5.25 ], "texture": "#voxels_atlas" }
			}
		},
		{
			"__comment": "Voxels",
			"from": [ 4, 11, 2 ],
			"to": [ 10.5, 11.5, 3.5 ],
			"faces": {
				"down": { "uv": [ 14.25, 14.25, 15.875, 14.625 ], "texture": "#voxels_atlas" },
				"up": { "uv": [ 14.25, 15, 15.875, 14.625 ], "texture": "#voxels_atlas" },
				"north": { "uv": [ 6.875, 11, 5.25, 11.125 ], "texture": "#voxels_atlas" },
				"south": { "uv": [ 6.875, 11, 8.5, 11.125 ], "texture": "#voxels_atlas" },
				"west": { "uv": [ 9.75, 10.375, 10.125, 10.5 ], "texture": "#voxels_atlas" },
				"east": { "uv": [ 10.5, 10.375, 10.125, 10.5 ], "texture": "#voxels_atlas" }
			}
		},
		{
			"__comment": "Voxels",
			"from": [ 4, 11, 4.5 ],
			"to": [ 10.5, 11.5, 12 ],
			"faces": {
				"down": { "uv": [ 3, 14.125, 4.625, 16 ], "texture": "#voxels_atlas" },
				"up": { "uv": [ 1.375, 16, 3, 14.125 ], "texture": "#voxels_atlas" },
				"north": { "uv": [ 5.25, 11, 3.625, 11.125 ], "texture": "#voxels_atlas" },
				"south": { "uv": [ 8.5, 11, 10.125, 11.125 ], "texture": "#voxels_atlas" },
				"west": { "uv": [ 14.125, 12.125, 16, 12.25 ], "texture": "#voxels_atlas" },
				"east": { "uv": [ 13.5, 11.5, 11.625, 11.625 ], "texture": "#voxels_atlas" }
			}
		},
		{
			"__comment": "Voxels",
			"from": [ 4, 11.5, 1.5 ],
			"to": [ 11, 12.5, 2 ],
			"faces": {
				"down": { "uv": [ 13.25, 13.375, 15, 13.5 ], "texture": "#voxels_atlas" },
				"up": { "uv": [ 9.25, 11.5, 11, 11.375 ], "texture": "#voxels_atlas" },
				"north": { "uv": [ 15, 13.5, 13.25, 13.75 ], "texture": "#voxels_atlas" },
				"south": { "uv": [ 7.125, 13.125, 8.875, 13.375 ], "texture": "#voxels_atlas" },
				"west": { "uv": [ 5.625, 9, 5.75, 9.25 ], "texture": "#voxels_atlas" },
				"east": { "uv": [ 5.75, 8.75, 5.625, 9 ], "texture": "#voxels_atlas" }
			}
		},
		{
			"__comment": "Voxels",
			"from": [ 4, 11.5, 6 ],
			"to": [ 11, 12, 6.5 ],
			"faces": {
				"down": { "uv": [ 8.875, 11.25, 10.625, 11.375 ], "texture": "#voxels_atlas" },
				"up": { "uv": [ 7.125, 11.375, 8.875, 11.25 ], "texture": "#voxels_atlas" },
				"north": { "uv": [ 7.125, 11.25, 5.375, 11.375 ], "texture": "#voxels_atlas" },
				"south": { "uv": [ 14.125, 11.25, 15.875, 11.375 ], "texture": "#voxels_atlas" },
				"west": { "uv": [ 15.875, 10.625, 16, 10.75 ], "texture": "#voxels_atlas" },
				"east": { "uv": [ 16, 11.25, 15.875, 11.375 ], "texture": "#voxels_atlas" }
			}
		},
		{
			"__comment": "Voxels",
			"from": [ 4, 11.5, 6.5 ],
			"to": [ 10.5, 12.5, 12 ],
			"faces": {
				"down": { "uv": [ 9, 14.625, 10.625, 16 ], "texture": "#voxels_atlas" },
				"up": { "uv": [ 7.375, 16, 9, 14.625 ], "texture": "#voxels_atlas" },
				"north": { "uv": [ 13.75, 13.125, 12.125, 13.375 ], "texture": "#voxels_atlas" },
				"south": { "uv": [ 13.75, 13.125, 15.375, 13.375 ], "texture": "#voxels_atlas" },
				"west": { "uv": [ 9.5, 12.5, 10.875, 12.75 ], "texture": "#voxels_atlas" },
				"east": { "uv": [ 13.625, 12.5, 12.25, 12.75 ], "texture": "#voxels_atlas" }
			}
		},
		{
			"__comment": "Voxels",
			"from": [ 4, 11.5, 12 ],
			"to": [ 10.5, 12, 13 ],
			"faces": {
				"down": { "uv": [ 9.75, 12.875, 11.375, 13.125 ], "texture": "#voxels_atlas" },
				"up": { "uv": [ 10.5, 13.375, 12.125, 13.125 ], "texture": "#voxels_atlas" },
				"north": { "uv": [ 9.75, 12.75, 8.125, 12.875 ], "texture": "#voxels_atlas" },
				"south": { "uv": [ 9.75, 12.75, 11.375, 12.875 ], "texture": "#voxels_atlas" },
				"west": { "uv": [ 3.375, 1, 3.625, 1.125 ], "texture": "#voxels_atlas" },
				"east": { "uv": [ 3.625, 0.625, 3.375, 0.75 ], "texture": "#voxels_atlas" }
			}
		},
		{
			"__comment": "Voxels",
			"from": [ 4, 12, 0 ],
			"to": [ 4.5, 13.5, 1.5 ],
			"faces": {
				"down": { "uv": [ 5.375, 4.125, 5.5, 4.5 ], "texture": "#voxels_atlas" },
				"up": { "uv": [ 5.5, 4.5, 5.625, 4.125 ], "texture": "#voxels_atlas" },
				"north": { "uv": [ 5.5, 3.75, 5.375, 4.125 ], "texture": "#voxels_atlas" },
				"south": { "uv": [ 5.5, 3.75, 5.625, 4.125 ], "texture": "#voxels_atlas" },
				"west": { "uv": [ 3.625, 7.25, 4, 7.625 ], "texture": "#voxels_atlas" },
				"east": { "uv": [ 4, 7.625, 3.625, 8 ], "texture": "#voxels_atlas" }
			}
		},
		{
			"__comment": "Voxels",
			"from": [ 4, 12, 2 ],
			"to": [ 10.5, 12.5, 4 ],
			"faces": {
				"down": { "uv": [ 14.25, 15, 15.875, 15.5 ], "texture": "#voxels_atlas" },
				"up": { "uv": [ 14.25, 16, 15.875, 15.5 ], "texture": "#voxels_atlas" },
				"north": { "uv": [ 8.75, 11.125, 7.125, 11.25 ], "texture": "#voxels_atlas" },
				"south": { "uv": [ 8.75, 11.125, 10.375, 11.25 ], "texture": "#voxels_atlas" },
				"west": { "uv": [ 4.875, 5.625, 5.375, 5.75 ], "texture": "#voxels_atlas" },
				"east": { "uv": [ 5.375, 5.75, 4.875, 5.875 ], "texture": "#voxels_atlas" }
			}
		},
		{
			"__comment": "Voxels",
			"from": [ 4, 12, 4.5 ],
			"to": [ 10.5, 12.5, 6.5 ],
			"faces": {
				"down": { "uv": [ 7.375, 14.125, 9, 14.625 ], "texture": "#voxels_atlas" },
				"up": { "uv": [ 9, 14.625, 10.625, 14.125 ], "texture": "#voxels_atlas" },
				"north": { "uv": [ 12, 11.125, 10.375, 11.25 ], "texture": "#voxels_atlas" },
				"south": { "uv": [ 14.375, 12.75, 16, 12.875 ], "texture": "#voxels_atlas" },
				"west": { "uv": [ 2.25, 1.625, 2.75, 1.75 ], "texture": "#voxels_atlas" },
				"east": { "uv": [ 2.75, 4.875, 2.25, 5 ], "texture": "#voxels_atlas" }
			}
		},
		{
			"__comment": "Voxels",
			"from": [ 4, 12.5, 1.5 ],
			"to": [ 10.5, 13.5, 2 ],
			"faces": {
				"down": { "uv": [ 12, 11.125, 13.625, 11.25 ], "texture": "#voxels_atlas" },
				"up": { "uv": [ 13.625, 11.25, 15.25, 11.125 ], "texture": "#voxels_atlas" },
				"north": { "uv": [ 9.75, 12.875, 8.125, 13.125 ], "texture": "#voxels_atlas" },
				"south": { "uv": [ 8.875, 13.125, 10.5, 13.375 ], "texture": "#voxels_atlas" },
				"west": { "uv": [ 5.625, 8, 5.75, 8.25 ], "texture": "#voxels_atlas" },
				"east": { "uv": [ 5.75, 7.75, 5.625, 8 ], "texture": "#voxels_atlas" }
			}
		},
		{
			"__comment": "Voxels",
			"from": [ 4, 12.5, 3.5 ],
			"to": [ 10, 13, 5 ],
			"faces": {
				"down": { "uv": [ 13.875, 13.75, 15.375, 14.125 ], "texture": "#voxels_atlas" },
				"up": { "uv": [ 12.375, 14.125, 13.875, 13.75 ], "texture": "#voxels_atlas" },
				"north": { "uv": [ 12.875, 12.75, 11.375, 12.875 ], "texture": "#voxels_atlas" },
				"south": { "uv": [ 12.875, 12.75, 14.375, 12.875 ], "texture": "#voxels_atlas" },
				"west": { "uv": [ 12.375, 10.375, 12.75, 10.5 ], "texture": "#voxels_atlas" },
				"east": { "uv": [ 13.125, 10.375, 12.75, 10.5 ], "texture": "#voxels_atlas" }
			}
		},
		{
			"__comment": "Voxels",
			"from": [ 4.5, 9.5, 0 ],
			"to": [ 5.5, 10, 2 ],
			"faces": {
				"down": { "uv": [ 1.125, 7.125, 1.375, 7.625 ], "texture": "#voxels_atlas" },
				"up": { "uv": [ 1.125, 7.125, 1.375, 6.625 ], "texture": "#voxels_atlas" },
				"north": { "uv": [ 5.375, 10.125, 5.125, 10.25 ], "texture": "#voxels_atlas" },
				"south": { "uv": [ 5.125, 10, 5.375, 10.125 ], "texture": "#voxels_atlas" },
				"west": { "uv": [ 4.875, 2, 5.375, 2.125 ], "texture": "#voxels_atlas" },
				"east": { "uv": [ 5.375, 2.125, 4.875, 2.25 ], "texture": "#voxels_atlas" }
			}
		},
		{
			"__comment": "Voxels",
			"from": [ 4.5, 10, 2 ],
			"to": [ 10, 11, 3.5 ],
			"faces": {
				"down": { "uv": [ 7.75, 13.375, 9.125, 13.75 ], "texture": "#voxels_atlas" },
				"up": { "uv": [ 9.125, 13.75, 10.5, 13.375 ], "texture": "#voxels_atlas" },
				"north": { "uv": [ 7.75, 12.25, 6.375, 12.5 ], "texture": "#voxels_atlas" },
				"south": { "uv": [ 7.75, 12.25, 9.125, 12.5 ], "texture": "#voxels_atlas" },
				"west": { "uv": [ 3.625, 2.5, 4, 2.75 ], "texture": "#voxels_atlas" },
				"east": { "uv": [ 4, 2.25, 3.625, 2.5 ], "texture": "#voxels_atlas" }
			}
		},
		{
			"__comment": "Voxels",
			"from": [ 4.5, 10, 3.5 ],
			"to": [ 10, 10.5, 12.5 ],
			"faces": {
				"down": { "uv": [ 0, 13.75, 1.375, 16 ], "texture": "#voxels_atlas" },
				"up": { "uv": [ 0, 13.75, 1.375, 11.5 ], "texture": "#voxels_atlas" },
				"north": { "uv": [ 8.125, 10.625, 6.75, 10.75 ], "texture": "#voxels_atlas" },
				"south": { "uv": [ 8.125, 10.625, 9.5, 10.75 ], "texture": "#voxels_atlas" },
				"west": { "uv": [ 7.875, 13.75, 10.125, 13.875 ], "texture": "#voxels_atlas" },
				"east": { "uv": [ 12.375, 13.75, 10.125, 13.875 ], "texture": "#voxels_atlas" }
			}
		},
		{
			"__comment": "Voxels",
			"from": [ 4.5, 10.5, 1.5 ],
			"to": [ 10.5, 11.5, 2 ],
			"faces": {
				"down": { "uv": [ 6.625, 10.875, 8.125, 11 ], "texture": "#voxels_atlas" },
				"up": { "uv": [ 14.5, 11.5, 16, 11.375 ], "texture": "#voxels_atlas" },
				"north": { "uv": [ 14.375, 12.875, 12.875, 13.125 ], "texture": "#voxels_atlas" },
				"south": { "uv": [ 14.375, 12.875, 15.875, 13.125 ], "texture": "#voxels_atlas" },
				"west": { "uv": [ 5.625, 7.5, 5.75, 7.75 ], "texture": "#voxels_atlas" },
				"east": { "uv": [ 5.75, 7.25, 5.625, 7.5 ], "texture": "#voxels_atlas" }
			}
		},
		{
			"__comment": "Voxels",
			"from": [ 4.5, 10.5, 5 ],
			"to": [ 10, 11, 13 ],
			"faces": {
				"down": { "uv": [ 1.375, 12.125, 2.75, 14.125 ], "texture": "#voxels_atlas" },
				"up": { "uv": [ 1.375, 12.125, 2.75, 10.125 ], "texture": "#voxels_atlas" },
				"north": { "uv": [ 12.25, 10.625, 10.875, 10.75 ], "texture": "#voxels_atlas" },
				"south": { "uv": [ 12.25, 10.625, 13.625, 10.75 ], "texture": "#voxels_atlas" },
				"west": { "uv": [ 13.75, 11.625, 15.75, 11.75 ], "texture": "#voxels_atlas" },
				"east": { "uv": [ 11.625, 11.5, 9.625, 11.625 ], "texture": "#voxels_atlas" }
			}
		},
		{
			"__comment": "Voxels",
			"from": [ 4.5, 11, 12 ],
			"to": [ 10, 11.5, 13.5 ],
			"faces": {
				"down": { "uv": [ 6.375, 13.375, 7.75, 13.75 ], "texture": "#voxels_atlas" },
				"up": { "uv": [ 11.875, 13.75, 13.25, 13.375 ], "texture": "#voxels_atlas" },
				"north": { "uv": [ 15, 10.625, 13.625, 10.75 ], "texture": "#voxels_atlas" },
				"south": { "uv": [ 4, 10.5, 5.375, 10.625 ], "texture": "#voxels_atlas" },
				"west": { "uv": [ 14.25, 10.375, 14.625, 10.5 ], "texture": "#voxels_atlas" },
				"east": { "uv": [ 8.625, 10.375, 8.25, 10.5 ], "texture": "#voxels_atlas" }
			}
		},
		{
			"__comment": "Voxels",
			"from": [ 4.5, 11, 18 ],
			"to": [ 6, 12.5, 18.5 ],
			"faces": {
				"down": { "uv": [ 7.875, 10.375, 8.25, 10.5 ], "texture": "#voxels_atlas" },
				"up": { "uv": [ 7.5, 10.5, 7.875, 10.375 ], "texture": "#voxels_atlas" },
				"north": { "uv": [ 4, 6.875, 3.625, 7.25 ], "texture": "#voxels_atlas" },
				"south": { "uv": [ 3.625, 8, 4, 8.375 ], "texture": "#voxels_atlas" },
				"west": { "uv": [ 2.625, 7.625, 2.75, 8 ], "texture": "#voxels_atlas" },
				"east": { "uv": [ 16, 14.25, 15.875, 14.625 ], "texture": "#voxels_atlas" }
			}
		},
		{
			"__comment": "Voxels",
			"from": [ 4.5, 11, 18.5 ],
			"to": [ 5.5, 11.5, 19.5 ],
			"faces": {
				"down": { "uv": [ 1.125, 0, 1.375, 0.25 ], "texture": "#voxels_atlas" },
				"up": { "uv": [ 1.125, 1.25, 1.375, 1 ], "texture": "#voxels_atlas" },
				"north": { "uv": [ 5.375, 9.875, 5.125, 10 ], "texture": "#voxels_atlas" },
				"south": { "uv": [ 5.125, 9.75, 5.375, 9.875 ], "texture": "#voxels_atlas" },
				"west": { "uv": [ 5.125, 9.625, 5.375, 9.75 ], "texture": "#voxels_atlas" },
				"east": { "uv": [ 5.375, 9.5, 5.125, 9.625 ], "texture": "#voxels_atlas" }
			}
		},
		{
			"__comment": "Voxels",
			"from": [ 4.5, 11.5, 13 ],
			"to": [ 10, 12.5, 13.5 ],
			"faces": {
				"down": { "uv": [ 4.625, 14.125, 6, 14.25 ], "texture": "#voxels_atlas" },
				"up": { "uv": [ 6, 14.25, 7.375, 14.125 ], "texture": "#voxels_atlas" },
				"north": { "uv": [ 9.5, 12.5, 8.125, 12.75 ], "texture": "#voxels_atlas" },
				"south": { "uv": [ 10.5, 12.25, 11.875, 12.5 ], "texture": "#voxels_atlas" },
				"west": { "uv": [ 5.625, 7, 5.75, 7.25 ], "texture": "#voxels_atlas" },
				"east": { "uv": [ 5.75, 6.75, 5.625, 7 ], "texture": "#voxels_atlas" }
			}
		},
		{
			"__comment": "Voxels",
			"from": [ 4.5, 11.5, 13.5 ],
			"to": [ 10, 12, 16.5 ],
			"faces": {
				"down": { "uv": [ 11.75, 15.25, 13.125, 16 ], "texture": "#voxels_atlas" },
				"up": { "uv": [ 11.75, 15.25, 13.125, 14.5 ], "texture": "#voxels_atlas" },
				"north": { "uv": [ 16, 11, 14.625, 11.125 ], "texture": "#voxels_atlas" },
				"south": { "uv": [ 9.625, 10.875, 11, 11 ], "texture": "#voxels_atlas" },
				"west": { "uv": [ 4, 1.5, 4.75, 1.625 ], "texture": "#voxels_atlas" },
				"east": { "uv": [ 4.75, 1.625, 4, 1.75 ], "texture": "#voxels_atlas" }
			}
		},
		{
			"__comment": "Voxels",
			"from": [ 4.5, 11.5, 18.5 ],
			"to": [ 5, 12.5, 19.5 ],
			"faces": {
				"down": { "uv": [ 5.625, 6.5, 5.75, 6.75 ], "texture": "#voxels_atlas" },
				"up": { "uv": [ 5.625, 6.5, 5.75, 6.25 ], "texture": "#voxels_atlas" },
				"north": { "uv": [ 5.75, 5.5, 5.625, 5.75 ], "texture": "#voxels_atlas" },
				"south": { "uv": [ 5.625, 5.25, 5.75, 5.5 ], "texture": "#voxels_atlas" },
				"west": { "uv": [ 3.375, 1.125, 3.625, 1.375 ], "texture": "#voxels_atlas" },
				"east": { "uv": [ 3.625, 0.75, 3.375, 1 ], "texture": "#voxels_atlas" }
			}
		},
		{
			"__comment": "Voxels",
			"from": [ 4.5, 12, 12 ],
			"to": [ 10, 13.5, 12.5 ],
			"faces": {
				"down": { "uv": [ 11, 10.875, 12.375, 11 ], "texture": "#voxels_atlas" },
				"up": { "uv": [ 12.375, 11, 13.75, 10.875 ], "texture": "#voxels_atlas" },
				"north": { "uv": [ 6.375, 13.375, 5, 13.75 ], "texture": "#voxels_atlas" },
				"south": { "uv": [ 11.75, 14.125, 13.125, 14.5 ], "texture": "#voxels_atlas" },
				"west": { "uv": [ 2.625, 2.25, 2.75, 2.625 ], "texture": "#voxels_atlas" },
				"east": { "uv": [ 2.75, 5, 2.625, 5.375 ], "texture": "#voxels_atlas" }
			}
		},
		{
			"__comment": "Voxels",
			"from": [ 4.5, 12, 12.5 ],
			"to": [ 10, 13, 13 ],
			"faces": {
				"down": { "uv": [ 13.75, 10.875, 15.125, 11 ], "texture": "#voxels_atlas" },
				"up": { "uv": [ 4, 10.875, 5.375, 10.75 ], "texture": "#voxels_atlas" },
				"north": { "uv": [ 6.375, 12.25, 5, 12.5 ], "texture": "#voxels_atlas" },
				"south": { "uv": [ 9.125, 12.25, 10.5, 12.5 ], "texture": "#voxels_atlas" },
				"west": { "uv": [ 5.625, 5, 5.75, 5.25 ], "texture": "#voxels_atlas" },
				"east": { "uv": [ 5.75, 4.75, 5.625, 5 ], "texture": "#voxels_atlas" }
			}
		},
		{
			"__comment": "Voxels",
			"from": [ 4.5, 12.5, 2 ],
			"to": [ 10, 13.5, 3.5 ],
			"faces": {
				"down": { "uv": [ 1.375, 0.625, 2.75, 1 ], "texture": "#voxels_atlas" },
				"up": { "uv": [ 10.5, 13.75, 11.875, 13.375 ], "texture": "#voxels_atlas" },
				"north": { "uv": [ 15, 12.5, 13.625, 12.75 ], "texture": "#voxels_atlas" },
				"south": { "uv": [ 3.625, 12.25, 5, 12.5 ], "texture": "#voxels_atlas" },
				"west": { "uv": [ 3.625, 3.25, 4, 3.5 ], "texture": "#voxels_atlas" },
				"east": { "uv": [ 4, 3.5, 3.625, 3.75 ], "texture": "#voxels_atlas" }
			}
		},
		{
			"__comment": "Voxels",
			"from": [ 4.5, 12.5, 5 ],
			"to": [ 10, 13.5, 12 ],
			"faces": {
				"down": { "uv": [ 4.625, 14.25, 6, 16 ], "texture": "#voxels_atlas" },
				"up": { "uv": [ 6, 16, 7.375, 14.25 ], "texture": "#voxels_atlas" },
				"north": { "uv": [ 2.75, 0, 1.375, 0.25 ], "texture": "#voxels_atlas" },
				"south": { "uv": [ 10.875, 12.5, 12.25, 12.75 ], "texture": "#voxels_atlas" },
				"west": { "uv": [ 5.375, 13.125, 7.125, 13.375 ], "texture": "#voxels_atlas" },
				"east": { "uv": [ 5.375, 13.125, 3.625, 13.375 ], "texture": "#voxels_atlas" }
			}
		},
		{
			"__comment": "Voxels",
			"from": [ 4.5, 13, 0 ],
			"to": [ 5, 14, 1.5 ],
			"faces": {
				"down": { "uv": [ 15.875, 14.625, 16, 15 ], "texture": "#voxels_atlas" },
				"up": { "uv": [ 5.5, 1.125, 5.625, 0.75 ], "texture": "#voxels_atlas" },
				"north": { "uv": [ 5.75, 4, 5.625, 4.25 ], "texture": "#voxels_atlas" },
				"south": { "uv": [ 5.625, 3.75, 5.75, 4 ], "texture": "#voxels_atlas" },
				"west": { "uv": [ 3.625, 1.25, 4, 1.5 ], "texture": "#voxels_atlas" },
				"east": { "uv": [ 4, 1.5, 3.625, 1.75 ], "texture": "#voxels_atlas" }
			}
		},
		{
			"__comment": "Voxels",
			"from": [ 4.5, 13, 3.5 ],
			"to": [ 10, 13.5, 5 ],
			"faces": {
				"down": { "uv": [ 1.375, 0.25, 2.75, 0.625 ], "texture": "#voxels_atlas" },
				"up": { "uv": [ 3.625, 13.75, 5, 13.375 ], "texture": "#voxels_atlas" },
				"north": { "uv": [ 6.75, 10.75, 5.375, 10.875 ], "texture": "#voxels_atlas" },
				"south": { "uv": [ 6.75, 10.75, 8.125, 10.875 ], "texture": "#voxels_atlas" },
				"west": { "uv": [ 14.25, 10.125, 14.625, 10.25 ], "texture": "#voxels_atlas" },
				"east": { "uv": [ 11.25, 10.125, 10.875, 10.25 ], "texture": "#voxels_atlas" }
			}
		},
		{
			"__comment": "Voxels",
			"from": [ 4.5, 13.5, 1.5 ],
			"to": [ 10, 14, 2 ],
			"faces": {
				"down": { "uv": [ 8.125, 10.75, 9.5, 10.875 ], "texture": "#voxels_atlas" },
				"up": { "uv": [ 9.5, 10.875, 10.875, 10.75 ], "texture": "#voxels_atlas" },
				"north": { "uv": [ 12.25, 10.75, 10.875, 10.875 ], "texture": "#voxels_atlas" },
				"south": { "uv": [ 12.25, 10.75, 13.625, 10.875 ], "texture": "#voxels_atlas" },
				"west": { "uv": [ 8, 11.625, 8.125, 11.75 ], "texture": "#voxels_atlas" },
				"east": { "uv": [ 2.75, 2.625, 2.625, 2.75 ], "texture": "#voxels_atlas" }
			}
		},
		{
			"__comment": "Voxels",
			"from": [ 5, 9, 0 ],
			"to": [ 6, 9.5, 2 ],
			"faces": {
				"down": { "uv": [ 1.125, 4.25, 1.375, 4.75 ], "texture": "#voxels_atlas" },
				"up": { "uv": [ 1.125, 5.25, 1.375, 4.75 ], "texture": "#voxels_atlas" },
				"north": { "uv": [ 5.375, 9.25, 5.125, 9.375 ], "texture": "#voxels_atlas" },
				"south": { "uv": [ 5.125, 9.125, 5.375, 9.25 ], "texture": "#voxels_atlas" },
				"west": { "uv": [ 4.875, 5, 5.375, 5.125 ], "texture": "#voxels_atlas" },
				"east": { "uv": [ 5.375, 4.625, 4.875, 4.75 ], "texture": "#voxels_atlas" }
			}
		},
		{
			"__comment": "Voxels",
			"from": [ 5, 9.5, 2 ],
			"to": [ 9.5, 10, 12.5 ],
			"faces": {
				"down": { "uv": [ 0, 6.25, 1.125, 8.875 ], "texture": "#voxels_atlas" },
				"up": { "uv": [ 0, 6.25, 1.125, 3.625 ], "texture": "#voxels_atlas" },
				"north": { "uv": [ 5.125, 7.125, 4, 7.25 ], "texture": "#voxels_atlas" },
				"south": { "uv": [ 4, 7.25, 5.125, 7.375 ], "texture": "#voxels_atlas" },
				"west": { "uv": [ 11.875, 12.375, 14.5, 12.5 ], "texture": "#voxels_atlas" },
				"east": { "uv": [ 14.5, 12.25, 11.875, 12.375 ], "texture": "#voxels_atlas" }
			}
		},
		{
			"__comment": "Voxels",
			"from": [ 5, 10, 1.5 ],
			"to": [ 10.5, 10.5, 2 ],
			"faces": {
				"down": { "uv": [ 13.625, 10.75, 15, 10.875 ], "texture": "#voxels_atlas" },
				"up": { "uv": [ 4, 10.75, 5.375, 10.625 ], "texture": "#voxels_atlas" },
				"north": { "uv": [ 6.75, 10.625, 5.375, 10.75 ], "texture": "#voxels_atlas" },
				"south": { "uv": [ 9.5, 10.625, 10.875, 10.75 ], "texture": "#voxels_atlas" },
				"west": { "uv": [ 2.625, 3.75, 2.75, 3.875 ], "texture": "#voxels_atlas" },
				"east": { "uv": [ 6, 1.75, 5.875, 1.875 ], "texture": "#voxels_atlas" }
			}
		},
		{
			"__comment": "Voxels",
			"from": [ 5, 10, 12.5 ],
			"to": [ 9.5, 10.5, 14 ],
			"faces": {
				"down": { "uv": [ 4.75, 12.75, 5.875, 13.125 ], "texture": "#voxels_atlas" },
				"up": { "uv": [ 3.625, 13.125, 4.75, 12.75 ], "texture": "#voxels_atlas" },
				"north": { "uv": [ 5.125, 7.5, 4, 7.625 ], "texture": "#voxels_atlas" },
				"south": { "uv": [ 4, 7.375, 5.125, 7.5 ], "texture": "#voxels_atlas" },
				"west": { "uv": [ 14.625, 10.375, 15, 10.5 ], "texture": "#voxels_atlas" },
				"east": { "uv": [ 6.75, 10.25, 6.375, 10.375 ], "texture": "#voxels_atlas" }
			}
		},
		{
			"__comment": "Voxels",
			"from": [ 5, 10.5, 13 ],
			"to": [ 9.5, 11, 16 ],
			"faces": {
				"down": { "uv": [ 13.125, 15.25, 14.25, 16 ], "texture": "#voxels_atlas" },
				"up": { "uv": [ 10.625, 15, 11.75, 14.25 ], "texture": "#voxels_atlas" },
				"north": { "uv": [ 5.125, 7, 4, 7.125 ], "texture": "#voxels_atlas" },
				"south": { "uv": [ 4, 6.875, 5.125, 7 ], "texture": "#voxels_atlas" },
				"west": { "uv": [ 4, 1.75, 4.75, 1.875 ], "texture": "#voxels_atlas" },
				"east": { "uv": [ 16, 11.125, 15.25, 11.25 ], "texture": "#voxels_atlas" }
			}
		},
		{
			"__comment": "Voxels",
			"from": [ 5, 10.5, 18 ],
			"to": [ 6.5, 11, 18.5 ],
			"faces": {
				"down": { "uv": [ 6.75, 10.25, 7.125, 10.375 ], "texture": "#voxels_atlas" },
				"up": { "uv": [ 7.875, 10.375, 8.25, 10.25 ], "texture": "#voxels_atlas" },
				"north": { "uv": [ 8.625, 10.25, 8.25, 10.375 ], "texture": "#voxels_atlas" },
				"south": { "uv": [ 10.125, 10.25, 10.5, 10.375 ], "texture": "#voxels_atlas" },
				"west": { "uv": [ 5.875, 1.875, 6, 2 ], "texture": "#voxels_atlas" },
				"east": { "uv": [ 6, 3.5, 5.875, 3.625 ], "texture": "#voxels_atlas" }
			}
		},
		{
			"__comment": "Voxels",
			"from": [ 5, 10.5, 18.5 ],
			"to": [ 6, 11, 19.5 ],
			"faces": {
				"down": { "uv": [ 3.375, 1.5, 3.625, 1.75 ], "texture": "#voxels_atlas" },
				"up": { "uv": [ 3.375, 2.125, 3.625, 1.875 ], "texture": "#voxels_atlas" },
				"north": { "uv": [ 5.375, 9, 5.125, 9.125 ], "texture": "#voxels_atlas" },
				"south": { "uv": [ 5.125, 8.875, 5.375, 9 ], "texture": "#voxels_atlas" },
				"west": { "uv": [ 5.125, 8.75, 5.375, 8.875 ], "texture": "#voxels_atlas" },
				"east": { "uv": [ 5.375, 8.625, 5.125, 8.75 ], "texture": "#voxels_atlas" }
			}
		},
		{
			"__comment": "Voxels",
			"from": [ 5, 11, 13.5 ],
			"to": [ 9.5, 11.5, 17.5 ],
			"faces": {
				"down": { "uv": [ 0, 0, 1.125, 1 ], "texture": "#voxels_atlas" },
				"up": { "uv": [ 10.625, 16, 11.75, 15 ], "texture": "#voxels_atlas" },
				"north": { "uv": [ 5.125, 7.875, 4, 8 ], "texture": "#voxels_atlas" },
				"south": { "uv": [ 4, 7.625, 5.125, 7.75 ], "texture": "#voxels_atlas" },
				"west": { "uv": [ 15, 13.375, 16, 13.5 ], "texture": "#voxels_atlas" },
				"east": { "uv": [ 16, 10.75, 15, 10.875 ], "texture": "#voxels_atlas" }
			}
		},
		{
			"__comment": "Voxels",
			"from": [ 5, 11, 17.5 ],
			"to": [ 6, 12.5, 18 ],
			"faces": {
				"down": { "uv": [ 5.125, 8.5, 5.375, 8.625 ], "texture": "#voxels_atlas" },
				"up": { "uv": [ 5.125, 8.25, 5.375, 8.125 ], "texture": "#voxels_atlas" },
				"north": { "uv": [ 3.625, 4.75, 3.375, 5.125 ], "texture": "#voxels_atlas" },
				"south": { "uv": [ 3.375, 4.375, 3.625, 4.75 ], "texture": "#voxels_atlas" },
				"west": { "uv": [ 5.5, 3.375, 5.625, 3.75 ], "texture": "#voxels_atlas" },
				"east": { "uv": [ 5.5, 3, 5.375, 3.375 ], "texture": "#voxels_atlas" }
			}
		},
		{
			"__comment": "Voxels",
			"from": [ 5, 11.5, 16.5 ],
			"to": [ 9.5, 12.5, 17.5 ],
			"faces": {
				"down": { "uv": [ 3.625, 11.625, 4.75, 11.875 ], "texture": "#voxels_atlas" },
				"up": { "uv": [ 14.5, 12.5, 15.625, 12.25 ], "texture": "#voxels_atlas" },
				"north": { "uv": [ 12.625, 11.625, 11.5, 11.875 ], "texture": "#voxels_atlas" },
				"south": { "uv": [ 12.625, 11.625, 13.75, 11.875 ], "texture": "#voxels_atlas" },
				"west": { "uv": [ 5.375, 4.75, 5.625, 5 ], "texture": "#voxels_atlas" },
				"east": { "uv": [ 5.625, 5, 5.375, 5.25 ], "texture": "#voxels_atlas" }
			}
		},
		{
			"__comment": "Voxels",
			"from": [ 5, 12, 13.5 ],
			"to": [ 9.5, 13.5, 14 ],
			"faces": {
				"down": { "uv": [ 4, 8.125, 5.125, 8.25 ], "texture": "#voxels_atlas" },
				"up": { "uv": [ 4, 6.875, 5.125, 6.75 ], "texture": "#voxels_atlas" },
				"north": { "uv": [ 8.125, 12.75, 7, 13.125 ], "texture": "#voxels_atlas" },
				"south": { "uv": [ 5.875, 12.75, 7, 13.125 ], "texture": "#voxels_atlas" },
				"west": { "uv": [ 5.5, 1.875, 5.625, 2.25 ], "texture": "#voxels_atlas" },
				"east": { "uv": [ 5.5, 1.5, 5.375, 1.875 ], "texture": "#voxels_atlas" }
			}
		},
		{
			"__comment": "Voxels",
			"from": [ 5, 12, 14 ],
			"to": [ 9.5, 13, 16 ],
			"faces": {
				"down": { "uv": [ 13.125, 14.25, 14.25, 14.75 ], "texture": "#voxels_atlas" },
				"up": { "uv": [ 13.125, 15.25, 14.25, 14.75 ], "texture": "#voxels_atlas" },
				"north": { "uv": [ 5.875, 11.625, 4.75, 11.875 ], "texture": "#voxels_atlas" },
				"south": { "uv": [ 8.125, 11.625, 9.25, 11.875 ], "texture": "#voxels_atlas" },
				"west": { "uv": [ 4.5, 6, 5, 6.25 ], "texture": "#voxels_atlas" },
				"east": { "uv": [ 5, 6.5, 4.5, 6.75 ], "texture": "#voxels_atlas" }
			}
		},
		{
			"__comment": "Voxels",
			"from": [ 5, 12, 16 ],
			"to": [ 9.5, 12.5, 16.5 ],
			"faces": {
				"down": { "uv": [ 4, 9.625, 5.125, 9.75 ], "texture": "#voxels_atlas" },
				"up": { "uv": [ 4, 10, 5.125, 9.875 ], "texture": "#voxels_atlas" },
				"north": { "uv": [ 5.125, 10, 4, 10.125 ], "texture": "#voxels_atlas" },
				"south": { "uv": [ 10.625, 14.125, 11.75, 14.25 ], "texture": "#voxels_atlas" },
				"west": { "uv": [ 5.875, 3.625, 6, 3.75 ], "texture": "#voxels_atlas" },
				"east": { "uv": [ 6, 5.25, 5.875, 5.375 ], "texture": "#voxels_atlas" }
			}
		},
		{
			"__comment": "Voxels",
			"from": [ 5, 12, 18.5 ],
			"to": [ 5.5, 13, 19.5 ],
			"faces": {
				"down": { "uv": [ 5.625, 3.5, 5.75, 3.75 ], "texture": "#voxels_atlas" },
				"up": { "uv": [ 5.625, 3.5, 5.75, 3.25 ], "texture": "#voxels_atlas" },
				"north": { "uv": [ 5.75, 3, 5.625, 3.25 ], "texture": "#voxels_atlas" },
				"south": { "uv": [ 5.625, 2.75, 5.75, 3 ], "texture": "#voxels_atlas" },
				"west": { "uv": [ 5.375, 8.25, 5.625, 8.5 ], "texture": "#voxels_atlas" },
				"east": { "uv": [ 5.625, 7, 5.375, 7.25 ], "texture": "#voxels_atlas" }
			}
		},
		{
			"__comment": "Voxels",
			"from": [ 5, 12.5, 13 ],
			"to": [ 9.5, 13.5, 13.5 ],
			"faces": {
				"down": { "uv": [ 4, 8.375, 5.125, 8.5 ], "texture": "#voxels_atlas" },
				"up": { "uv": [ 4, 8.375, 5.125, 8.25 ], "texture": "#voxels_atlas" },
				"north": { "uv": [ 11.5, 11.625, 10.375, 11.875 ], "texture": "#voxels_atlas" },
				"south": { "uv": [ 9.25, 11.625, 10.375, 11.875 ], "texture": "#voxels_atlas" },
				"west": { "uv": [ 5.625, 2.5, 5.75, 2.75 ], "texture": "#voxels_atlas" },
				"east": { "uv": [ 5.75, 2.25, 5.625, 2.5 ], "texture": "#voxels_atlas" }
			}
		},
		{
			"__comment": "Voxels",
			"from": [ 5, 12.5, 18 ],
			"to": [ 6.5, 13, 18.5 ],
			"faces": {
				"down": { "uv": [ 9.125, 10.5, 9.5, 10.625 ], "texture": "#voxels_atlas" },
				"up": { "uv": [ 10.25, 10.625, 10.625, 10.5 ], "texture": "#voxels_atlas" },
				"north": { "uv": [ 11.75, 10.5, 11.375, 10.625 ], "texture": "#voxels_atlas" },
				"south": { "uv": [ 11.75, 10.5, 12.125, 10.625 ], "texture": "#voxels_atlas" },
				"west": { "uv": [ 5.875, 5.375, 6, 5.5 ], "texture": "#voxels_atlas" },
				"east": { "uv": [ 6, 5.5, 5.875, 5.625 ], "texture": "#voxels_atlas" }
			}
		},
		{
			"__comment": "Voxels",
			"from": [ 5, 13, 12.5 ],
			"to": [ 9.5, 13.5, 13 ],
			"faces": {
				"down": { "uv": [ 13.125, 14.125, 14.25, 14.25 ], "texture": "#voxels_atlas" },
				"up": { "uv": [ 4, 9, 5.125, 8.875 ], "texture": "#voxels_atlas" },
				"north": { "uv": [ 5.125, 8.75, 4, 8.875 ], "texture": "#voxels_atlas" },
				"south": { "uv": [ 4, 8, 5.125, 8.125 ], "texture": "#voxels_atlas" },
				"west": { "uv": [ 5.875, 5.625, 6, 5.75 ], "texture": "#voxels_atlas" },
				"east": { "uv": [ 6, 6.75, 5.875, 6.875 ], "texture": "#voxels_atlas" }
			}
		},
		{
			"__comment": "Voxels",
			"from": [ 5, 13.5, 0 ],
			"to": [ 5.5, 14.5, 1.5 ],
			"faces": {
				"down": { "uv": [ 2.625, 1.25, 2.75, 1.625 ], "texture": "#voxels_atlas" },
				"up": { "uv": [ 3.5, 10.5, 3.625, 10.125 ], "texture": "#voxels_atlas" },
				"north": { "uv": [ 5.75, 2, 5.625, 2.25 ], "texture": "#voxels_atlas" },
				"south": { "uv": [ 5.625, 1.75, 5.75, 2 ], "texture": "#voxels_atlas" },
				"west": { "uv": [ 3.625, 4.5, 4, 4.75 ], "texture": "#voxels_atlas" },
				"east": { "uv": [ 4, 4.25, 3.625, 4.5 ], "texture": "#voxels_atlas" }
			}
		},
		{
			"__comment": "Voxels",
			"from": [ 5, 13.5, 2 ],
			"to": [ 9.5, 14, 12.5 ],
			"faces": {
				"down": { "uv": [ 0, 8.875, 1.125, 11.5 ], "texture": "#voxels_atlas" },
				"up": { "uv": [ 0, 3.625, 1.125, 1 ], "texture": "#voxels_atlas" },
				"north": { "uv": [ 5.125, 9.5, 4, 9.625 ], "texture": "#voxels_atlas" },
				"south": { "uv": [ 4, 9.375, 5.125, 9.5 ], "texture": "#voxels_atlas" },
				"west": { "uv": [ 3.625, 12, 6.25, 12.125 ], "texture": "#voxels_atlas" },
				"east": { "uv": [ 14.125, 12.125, 11.5, 12.25 ], "texture": "#voxels_atlas" }
			}
		},
		{
			"__comment": "Voxels",
			"from": [ 5, 14, 1.5 ],
			"to": [ 9.5, 14.5, 2 ],
			"faces": {
				"down": { "uv": [ 4, 9.25, 5.125, 9.375 ], "texture": "#voxels_atlas" },
				"up": { "uv": [ 4, 9.25, 5.125, 9.125 ], "texture": "#voxels_atlas" },
				"north": { "uv": [ 5.125, 9, 4, 9.125 ], "texture": "#voxels_atlas" },
				"south": { "uv": [ 4, 9.75, 5.125, 9.875 ], "texture": "#voxels_atlas" },
				"west": { "uv": [ 5.875, 6.875, 6, 7 ], "texture": "#voxels_atlas" },
				"east": { "uv": [ 6, 7, 5.875, 7.125 ], "texture": "#voxels_atlas" }
			}
		},
		{
			"__comment": "Voxels",
			"from": [ 5.5, 8.5, 0 ],
			"to": [ 7, 9, 2 ],
			"faces": {
				"down": { "uv": [ 3.625, 10.375, 4, 10.875 ], "texture": "#voxels_atlas" },
				"up": { "uv": [ 3.625, 10.375, 4, 9.875 ], "texture": "#voxels_atlas" },
				"north": { "uv": [ 9.375, 10.375, 9, 10.5 ], "texture": "#voxels_atlas" },
				"south": { "uv": [ 9.375, 10.375, 9.75, 10.5 ], "texture": "#voxels_atlas" },
				"west": { "uv": [ 4.875, 2.5, 5.375, 2.625 ], "texture": "#voxels_atlas" },
				"east": { "uv": [ 5.375, 3.25, 4.875, 3.375 ], "texture": "#voxels_atlas" }
			}
		},
		{
			"__comment": "Voxels",
			"from": [ 5.5, 9, 2 ],
			"to": [ 9, 9.5, 12.5 ],
			"faces": {
				"down": { "uv": [ 1.375, 4.875, 2.25, 7.5 ], "texture": "#voxels_atlas" },
				"up": { "uv": [ 2.75, 14.125, 3.625, 11.5 ], "texture": "#voxels_atlas" },
				"north": { "uv": [ 4.875, 2.75, 4, 2.875 ], "texture": "#voxels_atlas" },
				"south": { "uv": [ 4, 2.625, 4.875, 2.75 ], "texture": "#voxels_atlas" },
				"west": { "uv": [ 6.25, 12, 8.875, 12.125 ], "texture": "#voxels_atlas" },
				"east": { "uv": [ 8.875, 12.125, 6.25, 12.25 ], "texture": "#voxels_atlas" }
			}
		},
		{
			"__comment": "Voxels",
			"from": [ 5.5, 9.5, 1.5 ],
			"to": [ 10, 10, 2 ],
			"faces": {
				"down": { "uv": [ 4, 7.75, 5.125, 7.875 ], "texture": "#voxels_atlas" },
				"up": { "uv": [ 4, 8.625, 5.125, 8.5 ], "texture": "#voxels_atlas" },
				"north": { "uv": [ 5.125, 8.625, 4, 8.75 ], "texture": "#voxels_atlas" },
				"south": { "uv": [ 4, 10.125, 5.125, 10.25 ], "texture": "#voxels_atlas" },
				"west": { "uv": [ 5.875, 7.125, 6, 7.25 ], "texture": "#voxels_atlas" },
				"east": { "uv": [ 6, 8, 5.875, 8.125 ], "texture": "#voxels_atlas" }
			}
		},
		{
			"__comment": "Voxels",
			"from": [ 5.5, 9.5, 12.5 ],
			"to": [ 9, 10, 14 ],
			"faces": {
				"down": { "uv": [ 2.75, 7.5, 3.625, 7.875 ], "texture": "#voxels_atlas" },
				"up": { "uv": [ 2.75, 9.375, 3.625, 9 ], "texture": "#voxels_atlas" },
				"north": { "uv": [ 4.875, 3.5, 4, 3.625 ], "texture": "#voxels_atlas" },
				"south": { "uv": [ 4, 5, 4.875, 5.125 ], "texture": "#voxels_atlas" },
				"west": { "uv": [ 9, 10.25, 9.375, 10.375 ], "texture": "#voxels_atlas" },
				"east": { "uv": [ 9, 10.25, 8.625, 10.375 ], "texture": "#voxels_atlas" }
			}
		},
		{
			"__comment": "Voxels",
			"from": [ 5.5, 10, 14 ],
			"to": [ 9, 10.5, 16.5 ],
			"faces": {
				"down": { "uv": [ 1.375, 1.625, 2.25, 2.25 ], "texture": "#voxels_atlas" },
				"up": { "uv": [ 1.375, 1.625, 2.25, 1 ], "texture": "#voxels_atlas" },
				"north": { "uv": [ 4.875, 1.875, 4, 2 ], "texture": "#voxels_atlas" },
				"south": { "uv": [ 4, 2, 4.875, 2.125 ], "texture": "#voxels_atlas" },
				"west": { "uv": [ 4, 0.25, 4.625, 0.375 ], "texture": "#voxels_atlas" },
				"east": { "uv": [ 4.625, 0.375, 4, 0.5 ], "texture": "#voxels_atlas" }
			}
		},
		{
			"__comment": "Voxels",
			"from": [ 5.5, 10, 18 ],
			"to": [ 9, 10.5, 18.5 ],
			"faces": {
				"down": { "uv": [ 4, 5.25, 4.875, 5.375 ], "texture": "#voxels_atlas" },
				"up": { "uv": [ 4, 4.875, 4.875, 4.75 ], "texture": "#voxels_atlas" },
				"north": { "uv": [ 4.875, 2.875, 4, 3 ], "texture": "#voxels_atlas" },
				"south": { "uv": [ 4, 3, 4.875, 3.125 ], "texture": "#voxels_atlas" },
				"west": { "uv": [ 5.875, 8.125, 6, 8.25 ], "texture": "#voxels_atlas" },
				"east": { "uv": [ 6, 8.375, 5.875, 8.5 ], "texture": "#voxels_atlas" }
			}
		},
		{
			"__comment": "Voxels",
			"from": [ 5.5, 10, 18.5 ],
			"to": [ 7, 10.5, 19.5 ],
			"faces": {
				"down": { "uv": [ 3.625, 1.75, 4, 2 ], "texture": "#voxels_atlas" },
				"up": { "uv": [ 3.625, 2.25, 4, 2 ], "texture": "#voxels_atlas" },
				"north": { "uv": [ 10.875, 10.25, 10.5, 10.375 ], "texture": "#voxels_atlas" },
				"south": { "uv": [ 12.375, 10.25, 12.75, 10.375 ], "texture": "#voxels_atlas" },
				"west": { "uv": [ 15.75, 10.375, 16, 10.5 ], "texture": "#voxels_atlas" },
				"east": { "uv": [ 16, 10.25, 15.75, 10.375 ], "texture": "#voxels_atlas" }
			}
		},
		{
			"__comment": "Voxels",
			"from": [ 5.5, 10.5, 16 ],
			"to": [ 9, 11, 17.5 ],
			"faces": {
				"down": { "uv": [ 2.75, 7.875, 3.625, 8.25 ], "texture": "#voxels_atlas" },
				"up": { "uv": [ 2.75, 8.625, 3.625, 8.25 ], "texture": "#voxels_atlas" },
				"north": { "uv": [ 4.875, 4.375, 4, 4.5 ], "texture": "#voxels_atlas" },
				"south": { "uv": [ 4, 4.5, 4.875, 4.625 ], "texture": "#voxels_atlas" },
				"west": { "uv": [ 8.375, 10.5, 8.75, 10.625 ], "texture": "#voxels_atlas" },
				"east": { "uv": [ 9.125, 10.5, 8.75, 10.625 ], "texture": "#voxels_atlas" }
			}
		},
		{
			"__comment": "Voxels",
			"from": [ 5.5, 10.5, 17.5 ],
			"to": [ 6.5, 11, 18 ],
			"faces": {
				"down": { "uv": [ 15.75, 10.125, 16, 10.25 ], "texture": "#voxels_atlas" },
				"up": { "uv": [ 6, 10.125, 6.25, 10 ], "texture": "#voxels_atlas" },
				"north": { "uv": [ 6.5, 10, 6.25, 10.125 ], "texture": "#voxels_atlas" },
				"south": { "uv": [ 7, 10, 7.25, 10.125 ], "texture": "#voxels_atlas" },
				"west": { "uv": [ 5.875, 8.5, 6, 8.625 ], "texture": "#voxels_atlas" },
				"east": { "uv": [ 6, 8.625, 5.875, 8.75 ], "texture": "#voxels_atlas" }
			}
		},
		{
			"__comment": "Voxels",
			"from": [ 5.5, 12.5, 16 ],
			"to": [ 9, 13.5, 16.5 ],
			"faces": {
				"down": { "uv": [ 4, 2.5, 4.875, 2.625 ], "texture": "#voxels_atlas" },
				"up": { "uv": [ 4, 2.5, 4.875, 2.375 ], "texture": "#voxels_atlas" },
				"north": { "uv": [ 3.625, 0.375, 2.75, 0.625 ], "texture": "#voxels_atlas" },
				"south": { "uv": [ 15, 12.5, 15.875, 12.75 ], "texture": "#voxels_atlas" },
				"west": { "uv": [ 5.625, 1.5, 5.75, 1.75 ], "texture": "#voxels_atlas" },
				"east": { "uv": [ 5.75, 1.25, 5.625, 1.5 ], "texture": "#voxels_atlas" }
			}
		},
		{
			"__comment": "Voxels",
			"from": [ 5.5, 12.5, 16.5 ],
			"to": [ 9, 13, 17.5 ],
			"faces": {
				"down": { "uv": [ 15, 13.5, 15.875, 13.75 ], "texture": "#voxels_atlas" },
				"up": { "uv": [ 2.75, 0.375, 3.625, 0.125 ], "texture": "#voxels_atlas" },
				"north": { "uv": [ 4.875, 5.125, 4, 5.25 ], "texture": "#voxels_atlas" },
				"south": { "uv": [ 2.75, 0, 3.625, 0.125 ], "texture": "#voxels_atlas" },
				"west": { "uv": [ 8.5, 10, 8.75, 10.125 ], "texture": "#voxels_atlas" },
				"east": { "uv": [ 9, 10, 8.75, 10.125 ], "texture": "#voxels_atlas" }
			}
		},
		{
			"__comment": "Voxels",
			"from": [ 5.5, 12.5, 17.5 ],
			"to": [ 6.5, 13, 18 ],
			"faces": {
				"down": { "uv": [ 9, 10, 9.25, 10.125 ], "texture": "#voxels_atlas" },
				"up": { "uv": [ 9.25, 10.125, 9.5, 10 ], "texture": "#voxels_atlas" },
				"north": { "uv": [ 9.75, 10, 9.5, 10.125 ], "texture": "#voxels_atlas" },
				"south": { "uv": [ 9.75, 10, 10, 10.125 ], "texture": "#voxels_atlas" },
				"west": { "uv": [ 5.875, 8.25, 6, 8.375 ], "texture": "#voxels_atlas" },
				"east": { "uv": [ 6, 8.75, 5.875, 8.875 ], "texture": "#voxels_atlas" }
			}
		},
		{
			"__comment": "Voxels",
			"from": [ 5.5, 12.5, 18.5 ],
			"to": [ 6, 13.5, 19.5 ],
			"faces": {
				"down": { "uv": [ 5.625, 1, 5.75, 1.25 ], "texture": "#voxels_atlas" },
				"up": { "uv": [ 5.625, 1, 5.75, 0.75 ], "texture": "#voxels_atlas" },
				"north": { "uv": [ 5.75, 0.5, 5.625, 0.75 ], "texture": "#voxels_atlas" },
				"south": { "uv": [ 5.625, 0, 5.75, 0.25 ], "texture": "#voxels_atlas" },
				"west": { "uv": [ 5.375, 5.25, 5.625, 5.5 ], "texture": "#voxels_atlas" },
				"east": { "uv": [ 1.375, 3.625, 1.125, 3.875 ], "texture": "#voxels_atlas" }
			}
		},
		{
			"__comment": "Voxels",
			"from": [ 5.5, 13, 14 ],
			"to": [ 9, 13.5, 16 ],
			"faces": {
				"down": { "uv": [ 2.75, 11, 3.625, 11.5 ], "texture": "#voxels_atlas" },
				"up": { "uv": [ 2.75, 11, 3.625, 10.5 ], "texture": "#voxels_atlas" },
				"north": { "uv": [ 4.875, 5.75, 4, 5.875 ], "texture": "#voxels_atlas" },
				"south": { "uv": [ 4, 4, 4.875, 4.125 ], "texture": "#voxels_atlas" },
				"west": { "uv": [ 4.875, 3.375, 5.375, 3.5 ], "texture": "#voxels_atlas" },
				"east": { "uv": [ 2.75, 7.5, 2.25, 7.625 ], "texture": "#voxels_atlas" }
			}
		},
		{
			"__comment": "Voxels",
			"from": [ 5.5, 13, 18 ],
			"to": [ 9, 13.5, 18.5 ],
			"faces": {
				"down": { "uv": [ 4, 5.5, 4.875, 5.625 ], "texture": "#voxels_atlas" },
				"up": { "uv": [ 4, 3.875, 4.875, 3.75 ], "texture": "#voxels_atlas" },
				"north": { "uv": [ 4.875, 3.875, 4, 4 ], "texture": "#voxels_atlas" },
				"south": { "uv": [ 4, 4.625, 4.875, 4.75 ], "texture": "#voxels_atlas" },
				"west": { "uv": [ 5.875, 3.125, 6, 3.25 ], "texture": "#voxels_atlas" },
				"east": { "uv": [ 6, 3, 5.875, 3.125 ], "texture": "#voxels_atlas" }
			}
		},
		{
			"__comment": "Voxels",
			"from": [ 5.5, 13.5, 12.5 ],
			"to": [ 9, 14, 14 ],
			"faces": {
				"down": { "uv": [ 2.75, 8.625, 3.625, 9 ], "texture": "#voxels_atlas" },
				"up": { "uv": [ 2.75, 7.5, 3.625, 7.125 ], "texture": "#voxels_atlas" },
				"north": { "uv": [ 4.875, 3.25, 4, 3.375 ], "texture": "#voxels_atlas" },
				"south": { "uv": [ 4, 3.625, 4.875, 3.75 ], "texture": "#voxels_atlas" },
				"west": { "uv": [ 9.75, 10.125, 10.125, 10.25 ], "texture": "#voxels_atlas" },
				"east": { "uv": [ 10.875, 10.375, 10.5, 10.5 ], "texture": "#voxels_atlas" }
			}
		},
		{
			"__comment": "Voxels",
			"from": [ 5.5, 14, 0 ],
			"to": [ 6.5, 15, 1.5 ],
			"faces": {
				"down": { "uv": [ 3.375, 5.25, 3.625, 5.625 ], "texture": "#voxels_atlas" },
				"up": { "uv": [ 3.375, 6.125, 3.625, 5.75 ], "texture": "#voxels_atlas" },
				"north": { "uv": [ 16, 11.625, 15.75, 11.875 ], "texture": "#voxels_atlas" },
				"south": { "uv": [ 5.375, 8.5, 5.625, 8.75 ], "texture": "#voxels_atlas" },
				"west": { "uv": [ 3.625, 2.75, 4, 3 ], "texture": "#voxels_atlas" },
				"east": { "uv": [ 4, 3, 3.625, 3.25 ], "texture": "#voxels_atlas" }
			}
		},
		{
			"__comment": "Voxels",
			"from": [ 5.5, 14, 2 ],
			"to": [ 9, 14.5, 12.5 ],
			"faces": {
				"down": { "uv": [ 1.375, 7.5, 2.25, 10.125 ], "texture": "#voxels_atlas" },
				"up": { "uv": [ 1.375, 4.875, 2.25, 2.25 ], "texture": "#voxels_atlas" },
				"north": { "uv": [ 4.875, 3.125, 4, 3.25 ], "texture": "#voxels_atlas" },
				"south": { "uv": [ 4, 2.25, 4.875, 2.375 ], "texture": "#voxels_atlas" },
				"west": { "uv": [ 3.625, 12.125, 6.25, 12.25 ], "texture": "#voxels_atlas" },
				"east": { "uv": [ 11.5, 12.125, 8.875, 12.25 ], "texture": "#voxels_atlas" }
			}
		},
		{
			"__comment": "Voxels",
			"from": [ 5.5, 14.5, 1.5 ],
			"to": [ 9, 15, 2 ],
			"faces": {
				"down": { "uv": [ 15.125, 10.875, 16, 11 ], "texture": "#voxels_atlas" },
				"up": { "uv": [ 15, 10.75, 15.875, 10.625 ], "texture": "#voxels_atlas" },
				"north": { "uv": [ 4.875, 5.875, 4, 6 ], "texture": "#voxels_atlas" },
				"south": { "uv": [ 4, 5.375, 4.875, 5.5 ], "texture": "#voxels_atlas" },
				"west": { "uv": [ 5.75, 1.125, 5.875, 1.25 ], "texture": "#voxels_atlas" },
				"east": { "uv": [ 5.875, 1, 5.75, 1.125 ], "texture": "#voxels_atlas" }
			}
		},
		{
			"__comment": "Voxels",
			"from": [ 6, 3, 8 ],
			"to": [ 8.5, 4, 9.5 ],
			"faces": {
				"down": { "uv": [ 2.75, 1.375, 3.375, 1.75 ], "texture": "#voxels_atlas" },
				"up": { "uv": [ 2.75, 4.75, 3.375, 4.375 ], "texture": "#voxels_atlas" },
				"north": { "uv": [ 16, 13.125, 15.375, 13.375 ], "texture": "#voxels_atlas" },
				"south": { "uv": [ 15.375, 13.875, 16, 14.125 ], "texture": "#voxels_atlas" },
				"west": { "uv": [ 3.625, 4.75, 4, 5 ], "texture": "#voxels_atlas" },
				"east": { "uv": [ 16, 12.25, 15.625, 12.5 ], "texture": "#voxels_atlas" }
			}
		},
		{
			"__comment": "Voxels",
			"from": [ 6, 8.5, 2 ],
			"to": [ 8.5, 9, 3.5 ],
			"faces": {
				"down": { "uv": [ 2.75, 0.625, 3.375, 1 ], "texture": "#voxels_atlas" },
				"up": { "uv": [ 2.75, 1.375, 3.375, 1 ], "texture": "#voxels_atlas" },
				"north": { "uv": [ 16, 11.5, 15.375, 11.625 ], "texture": "#voxels_atlas" },
				"south": { "uv": [ 15.375, 13.75, 16, 13.875 ], "texture": "#voxels_atlas" },
				"west": { "uv": [ 14.75, 10.5, 15.125, 10.625 ], "texture": "#voxels_atlas" },
				"east": { "uv": [ 12.5, 10.5, 12.125, 10.625 ], "texture": "#voxels_atlas" }
			}
		},
		{
			"__comment": "Voxels",
			"from": [ 6, 8.5, 8 ],
			"to": [ 8.5, 9, 9.5 ],
			"faces": {
				"down": { "uv": [ 2.75, 2.875, 3.375, 3.25 ], "texture": "#voxels_atlas" },
				"up": { "uv": [ 2.75, 3.625, 3.375, 3.25 ], "texture": "#voxels_atlas" },
				"north": { "uv": [ 4.625, 0.625, 4, 0.75 ], "texture": "#voxels_atlas" },
				"south": { "uv": [ 4.625, 0.875, 5.25, 1 ], "texture": "#voxels_atlas" },
				"west": { "uv": [ 12.5, 10.5, 12.875, 10.625 ], "texture": "#voxels_atlas" },
				"east": { "uv": [ 13.25, 10.5, 12.875, 10.625 ], "texture": "#voxels_atlas" }
			}
		},
		{
			"__comment": "Voxels",
			"from": [ 6, 9, 1.5 ],
			"to": [ 9.5, 9.5, 2 ],
			"faces": {
				"down": { "uv": [ 4, 5.625, 4.875, 5.75 ], "texture": "#voxels_atlas" },
				"up": { "uv": [ 4, 5, 4.875, 4.875 ], "texture": "#voxels_atlas" },
				"north": { "uv": [ 4.875, 3.375, 4, 3.5 ], "texture": "#voxels_atlas" },
				"south": { "uv": [ 4, 2.125, 4.875, 2.25 ], "texture": "#voxels_atlas" },
				"west": { "uv": [ 5.875, 6.375, 6, 6.5 ], "texture": "#voxels_atlas" },
				"east": { "uv": [ 6, 6.25, 5.875, 6.375 ], "texture": "#voxels_atlas" }
			}
		},
		{
			"__comment": "Voxels",
			"from": [ 6, 9, 12.5 ],
			"to": [ 8.5, 9.5, 13 ],
			"faces": {
				"down": { "uv": [ 4, 1, 4.625, 1.125 ], "texture": "#voxels_atlas" },
				"up": { "uv": [ 4.75, 1.375, 5.375, 1.25 ], "texture": "#voxels_atlas" },
				"north": { "uv": [ 4.625, 0.75, 4, 0.875 ], "texture": "#voxels_atlas" },
				"south": { "uv": [ 6.625, 10.5, 7.25, 10.625 ], "texture": "#voxels_atlas" },
				"west": { "uv": [ 5.875, 4.125, 6, 4.25 ], "texture": "#voxels_atlas" },
				"east": { "uv": [ 6, 4, 5.875, 4.125 ], "texture": "#voxels_atlas" }
			}
		},
		{
			"__comment": "Voxels",
			"from": [ 6, 9.5, 14 ],
			"to": [ 8.5, 10, 16 ],
			"faces": {
				"down": { "uv": [ 2.75, 5.125, 3.375, 5.625 ], "texture": "#voxels_atlas" },
				"up": { "uv": [ 2.75, 6.625, 3.375, 6.125 ], "texture": "#voxels_atlas" },
				"north": { "uv": [ 5.25, 0.75, 4.625, 0.875 ], "texture": "#voxels_atlas" },
				"south": { "uv": [ 4.75, 1.625, 5.375, 1.75 ], "texture": "#voxels_atlas" },
				"west": { "uv": [ 4.875, 3.125, 5.375, 3.25 ], "texture": "#voxels_atlas" },
				"east": { "uv": [ 5.375, 4.5, 4.875, 4.625 ], "texture": "#voxels_atlas" }
			}
		},
		{
			"__comment": "Voxels",
			"from": [ 6, 10, 16.5 ],
			"to": [ 8.5, 10.5, 18 ],
			"faces": {
				"down": { "uv": [ 2.75, 4, 3.375, 4.375 ], "texture": "#voxels_atlas" },
				"up": { "uv": [ 2.75, 4, 3.375, 3.625 ], "texture": "#voxels_atlas" },
				"north": { "uv": [ 5.375, 1.375, 4.75, 1.5 ], "texture": "#voxels_atlas" },
				"south": { "uv": [ 4.75, 1.75, 5.375, 1.875 ], "texture": "#voxels_atlas" },
				"west": { "uv": [ 13.25, 10.5, 13.625, 10.625 ], "texture": "#voxels_atlas" },
				"east": { "uv": [ 14, 10.5, 13.625, 10.625 ], "texture": "#voxels_atlas" }
			}
		},
		{
			"__comment": "Voxels",
			"from": [ 6, 13, 16.5 ],
			"to": [ 8.5, 13.5, 18 ],
			"faces": {
				"down": { "uv": [ 2.75, 1.75, 3.375, 2.125 ], "texture": "#voxels_atlas" },
				"up": { "uv": [ 2.75, 2.5, 3.375, 2.125 ], "texture": "#voxels_atlas" },
				"north": { "uv": [ 4.625, 0.875, 4, 1 ], "texture": "#voxels_atlas" },
				"south": { "uv": [ 4, 0.5, 4.625, 0.625 ], "texture": "#voxels_atlas" },
				"west": { "uv": [ 14, 10.5, 14.375, 10.625 ], "texture": "#voxels_atlas" },
				"east": { "uv": [ 14.75, 10.5, 14.375, 10.625 ], "texture": "#voxels_atlas" }
			}
		},
		{
			"__comment": "Voxels",
			"from": [ 6, 13, 18.5 ],
			"to": [ 6.5, 14, 19.5 ],
			"faces": {
				"down": { "uv": [ 5.5, 0.125, 5.625, 0.375 ], "texture": "#voxels_atlas" },
				"up": { "uv": [ 5.625, 10, 5.75, 9.75 ], "texture": "#voxels_atlas" },
				"north": { "uv": [ 5.75, 9.5, 5.625, 9.75 ], "texture": "#voxels_atlas" },
				"south": { "uv": [ 5.625, 9.25, 5.75, 9.5 ], "texture": "#voxels_atlas" },
				"west": { "uv": [ 5.375, 10.25, 5.625, 10.5 ], "texture": "#voxels_atlas" },
				"east": { "uv": [ 5.625, 9.5, 5.375, 9.75 ], "texture": "#voxels_atlas" }
			}
		},
		{
			"__comment": "Voxels",
			"from": [ 6, 13.5, 14 ],
			"to": [ 8.5, 14, 16 ],
			"faces": {
				"down": { "uv": [ 2.75, 5.625, 3.375, 6.125 ], "texture": "#voxels_atlas" },
				"up": { "uv": [ 2.75, 7.125, 3.375, 6.625 ], "texture": "#voxels_atlas" },
				"north": { "uv": [ 4.625, 0.125, 4, 0.25 ], "texture": "#voxels_atlas" },
				"south": { "uv": [ 4, 0, 4.625, 0.125 ], "texture": "#voxels_atlas" },
				"west": { "uv": [ 4.875, 2.875, 5.375, 3 ], "texture": "#voxels_atlas" },
				"east": { "uv": [ 5.375, 2.75, 4.875, 2.875 ], "texture": "#voxels_atlas" }
			}
		},
		{
			"__comment": "Voxels",
			"from": [ 6, 13.5, 18 ],
			"to": [ 8.5, 14, 18.5 ],
			"faces": {
				"down": { "uv": [ 4.625, 0.625, 5.25, 0.75 ], "texture": "#voxels_atlas" },
				"up": { "uv": [ 4.625, 0.625, 5.25, 0.5 ], "texture": "#voxels_atlas" },
				"north": { "uv": [ 5.25, 0.375, 4.625, 0.5 ], "texture": "#voxels_atlas" },
				"south": { "uv": [ 4.625, 0.25, 5.25, 0.375 ], "texture": "#voxels_atlas" },
				"west": { "uv": [ 14.625, 9.875, 14.75, 10 ], "texture": "#voxels_atlas" },
				"east": { "uv": [ 14.875, 9.875, 14.75, 10 ], "texture": "#voxels_atlas" }
			}
		},
		{
			"__comment": "Voxels",
			"from": [ 6, 14, 12.5 ],
			"to": [ 8.5, 14.5, 13 ],
			"faces": {
				"down": { "uv": [ 4.625, 0.125, 5.25, 0.25 ], "texture": "#voxels_atlas" },
				"up": { "uv": [ 4.625, 0.125, 5.25, 0 ], "texture": "#voxels_atlas" },
				"north": { "uv": [ 6, 10.5, 5.375, 10.625 ], "texture": "#voxels_atlas" },
				"south": { "uv": [ 6, 10.5, 6.625, 10.625 ], "texture": "#voxels_atlas" },
				"west": { "uv": [ 5.875, 9.125, 6, 9.25 ], "texture": "#voxels_atlas" },
				"east": { "uv": [ 6, 9, 5.875, 9.125 ], "texture": "#voxels_atlas" }
			}
		},
		{
			"__comment": "Voxels",
			"from": [ 6.5, 3, 7.5 ],
			"to": [ 8, 4, 8 ],
			"faces": {
				"down": { "uv": [ 10.875, 10.375, 11.25, 10.5 ], "texture": "#voxels_atlas" },
				"up": { "uv": [ 11.25, 10.5, 11.625, 10.375 ], "texture": "#voxels_atlas" },
				"north": { "uv": [ 4, 1, 3.625, 1.25 ], "texture": "#voxels_atlas" },
				"south": { "uv": [ 3.625, 0.75, 4, 1 ], "texture": "#voxels_atlas" },
				"west": { "uv": [ 5.625, 6, 5.75, 6.25 ], "texture": "#voxels_atlas" },
				"east": { "uv": [ 5.75, 5.75, 5.625, 6 ], "texture": "#voxels_atlas" }
			}
		},
		{
			"__comment": "Voxels",
			"from": [ 6.5, 3, 9.5 ],
			"to": [ 8, 4, 10 ],
			"faces": {
				"down": { "uv": [ 11.625, 10.375, 12, 10.5 ], "texture": "#voxels_atlas" },
				"up": { "uv": [ 12, 10.5, 12.375, 10.375 ], "texture": "#voxels_atlas" },
				"north": { "uv": [ 4, 0.5, 3.625, 0.75 ], "texture": "#voxels_atlas" },
				"south": { "uv": [ 3.625, 0.25, 4, 0.5 ], "texture": "#voxels_atlas" },
				"west": { "uv": [ 5.625, 4.5, 5.75, 4.75 ], "texture": "#voxels_atlas" },
				"east": { "uv": [ 5.75, 4.25, 5.625, 4.5 ], "texture": "#voxels_atlas" }
			}
		},
		{
			"__comment": "Voxels",
			"from": [ 6.5, 4, 8 ],
			"to": [ 8, 8.5, 9.5 ],
			"faces": {
				"down": { "uv": [ 2.25, 2.25, 2.625, 2.625 ], "texture": "#voxels_atlas" },
				"up": { "uv": [ 3.625, 8.75, 4, 8.375 ], "texture": "#voxels_atlas" },
				"north": { "uv": [ 3.5, 9.375, 3.125, 10.5 ], "texture": "#voxels_atlas" },
				"south": { "uv": [ 2.75, 9.375, 3.125, 10.5 ], "texture": "#voxels_atlas" },
				"west": { "uv": [ 2.25, 2.625, 2.625, 3.75 ], "texture": "#voxels_atlas" },
				"east": { "uv": [ 2.625, 3.75, 2.25, 4.875 ], "texture": "#voxels_atlas" }
			}
		},
		{
			"__comment": "Voxels",
			"from": [ 6.5, 8, 0 ],
			"to": [ 8, 8.5, 2 ],
			"faces": {
				"down": { "uv": [ 2.25, 1.75, 2.625, 2.25 ], "texture": "#voxels_atlas" },
				"up": { "uv": [ 2.25, 1.625, 2.625, 1.125 ], "texture": "#voxels_atlas" },
				"north": { "uv": [ 9.75, 10.25, 9.375, 10.375 ], "texture": "#voxels_atlas" },
				"south": { "uv": [ 9.75, 10.25, 10.125, 10.375 ], "texture": "#voxels_atlas" },
				"west": { "uv": [ 4.875, 2.375, 5.375, 2.5 ], "texture": "#voxels_atlas" },
				"east": { "uv": [ 5.375, 2.25, 4.875, 2.375 ], "texture": "#voxels_atlas" }
			}
		},
		{
			"__comment": "Voxels",
			"from": [ 6.5, 8.5, 3.5 ],
			"to": [ 8, 9, 5 ],
			"faces": {
				"down": { "uv": [ 3.625, 6.5, 4, 6.875 ], "texture": "#voxels_atlas" },
				"up": { "uv": [ 3.625, 9.875, 4, 9.5 ], "texture": "#voxels_atlas" },
				"north": { "uv": [ 13.875, 10.25, 13.5, 10.375 ], "texture": "#voxels_atlas" },
				"south": { "uv": [ 13.875, 10.25, 14.25, 10.375 ], "texture": "#voxels_atlas" },
				"west": { "uv": [ 14.25, 10.25, 14.625, 10.375 ], "texture": "#voxels_atlas" },
				"east": { "uv": [ 15, 10.25, 14.625, 10.375 ], "texture": "#voxels_atlas" }
			}
		},
		{
			"__comment": "Voxels",
			"from": [ 6.5, 8.5, 7.5 ],
			"to": [ 8, 9, 8 ],
			"faces": {
				"down": { "uv": [ 15, 10.25, 15.375, 10.375 ], "texture": "#voxels_atlas" },
				"up": { "uv": [ 13.125, 10.5, 13.5, 10.375 ], "texture": "#voxels_atlas" },
				"north": { "uv": [ 15.75, 10.25, 15.375, 10.375 ], "texture": "#voxels_atlas" },
				"south": { "uv": [ 5.625, 10.125, 6, 10.25 ], "texture": "#voxels_atlas" },
				"west": { "uv": [ 5.25, 0.875, 5.375, 1 ], "texture": "#voxels_atlas" },
				"east": { "uv": [ 5.375, 0.75, 5.25, 0.875 ], "texture": "#voxels_atlas" }
			}
		},
		{
			"__comment": "Voxels",
			"from": [ 6.5, 8.5, 9.5 ],
			"to": [ 8, 9, 10 ],
			"faces": {
				"down": { "uv": [ 6, 10.125, 6.375, 10.25 ], "texture": "#voxels_atlas" },
				"up": { "uv": [ 6.375, 10.25, 6.75, 10.125 ], "texture": "#voxels_atlas" },
				"north": { "uv": [ 7.125, 10.125, 6.75, 10.25 ], "texture": "#voxels_atlas" },
				"south": { "uv": [ 7.875, 10.125, 8.25, 10.25 ], "texture": "#voxels_atlas" },
				"west": { "uv": [ 15.875, 10.5, 16, 10.625 ], "texture": "#voxels_atlas" },
				"east": { "uv": [ 5.625, 0.375, 5.5, 0.5 ], "texture": "#voxels_atlas" }
			}
		},
		{
			"__comment": "Voxels",
			"from": [ 6.5, 9, 13 ],
			"to": [ 8, 9.5, 13.5 ],
			"faces": {
				"down": { "uv": [ 8.25, 10.125, 8.625, 10.25 ], "texture": "#voxels_atlas" },
				"up": { "uv": [ 8.625, 10.25, 9, 10.125 ], "texture": "#voxels_atlas" },
				"north": { "uv": [ 9.375, 10.125, 9, 10.25 ], "texture": "#voxels_atlas" },
				"south": { "uv": [ 9.375, 10.125, 9.75, 10.25 ], "texture": "#voxels_atlas" },
				"west": { "uv": [ 5.75, 2.125, 5.875, 2.25 ], "texture": "#voxels_atlas" },
				"east": { "uv": [ 5.875, 2, 5.75, 2.125 ], "texture": "#voxels_atlas" }
			}
		},
		{
			"__comment": "Voxels",
			"from": [ 6.5, 9.5, 18 ],
			"to": [ 8, 10, 19.5 ],
			"faces": {
				"down": { "uv": [ 3.625, 9.125, 4, 9.5 ], "texture": "#voxels_atlas" },
				"up": { "uv": [ 3.625, 9.125, 4, 8.75 ], "texture": "#voxels_atlas" },
				"north": { "uv": [ 11.625, 10.125, 11.25, 10.25 ], "texture": "#voxels_atlas" },
				"south": { "uv": [ 12.375, 10.125, 12.75, 10.25 ], "texture": "#voxels_atlas" },
				"west": { "uv": [ 12.75, 10.125, 13.125, 10.25 ], "texture": "#voxels_atlas" },
				"east": { "uv": [ 14.25, 10.125, 13.875, 10.25 ], "texture": "#voxels_atlas" }
			}
		},
		{
			"__comment": "Voxels",
			"from": [ 6.5, 13.5, 18.5 ],
			"to": [ 8.5, 14, 19.5 ],
			"faces": {
				"down": { "uv": [ 4, 6.5, 4.5, 6.75 ], "texture": "#voxels_atlas" },
				"up": { "uv": [ 4, 6.5, 4.5, 6.25 ], "texture": "#voxels_atlas" },
				"north": { "uv": [ 2.75, 1, 2.25, 1.125 ], "texture": "#voxels_atlas" },
				"south": { "uv": [ 4.875, 5.875, 5.375, 6 ], "texture": "#voxels_atlas" },
				"west": { "uv": [ 13.25, 10, 13.5, 10.125 ], "texture": "#voxels_atlas" },
				"east": { "uv": [ 13.75, 10, 13.5, 10.125 ], "texture": "#voxels_atlas" }
			}
		},
		{
			"__comment": "Voxels",
			"from": [ 6.5, 14, 13 ],
			"to": [ 8, 14.5, 13.5 ],
			"faces": {
				"down": { "uv": [ 4.875, 1.875, 5.25, 2 ], "texture": "#voxels_atlas" },
				"up": { "uv": [ 7.25, 10.625, 7.625, 10.5 ], "texture": "#voxels_atlas" },
				"north": { "uv": [ 8, 10.5, 7.625, 10.625 ], "texture": "#voxels_atlas" },
				"south": { "uv": [ 8, 10.5, 8.375, 10.625 ], "texture": "#voxels_atlas" },
				"west": { "uv": [ 15.625, 9.875, 15.75, 10 ], "texture": "#voxels_atlas" },
				"east": { "uv": [ 15.875, 9.875, 15.75, 10 ], "texture": "#voxels_atlas" }
			}
		},
		{
			"__comment": "Voxels",
			"from": [ 6.5, 14.5, 0 ],
			"to": [ 9, 15, 1.5 ],
			"faces": {
				"down": { "uv": [ 2.75, 2.5, 3.375, 2.875 ], "texture": "#voxels_atlas" },
				"up": { "uv": [ 2.75, 5.125, 3.375, 4.75 ], "texture": "#voxels_atlas" },
				"north": { "uv": [ 4.625, 1.125, 4, 1.25 ], "texture": "#voxels_atlas" },
				"south": { "uv": [ 4.625, 1.125, 5.25, 1.25 ], "texture": "#voxels_atlas" },
				"west": { "uv": [ 9.5, 10.5, 9.875, 10.625 ], "texture": "#voxels_atlas" },
				"east": { "uv": [ 10.25, 10.5, 9.875, 10.625 ], "texture": "#voxels_atlas" }
			}
		},
		{
			"__comment": "Voxels",
			"from": [ 6.5, 14.5, 2 ],
			"to": [ 8, 15, 12 ],
			"faces": {
				"down": { "uv": [ 2.25, 5, 2.625, 7.5 ], "texture": "#voxels_atlas" },
				"up": { "uv": [ 2.25, 10.125, 2.625, 7.625 ], "texture": "#voxels_atlas" },
				"north": { "uv": [ 11, 10.5, 10.625, 10.625 ], "texture": "#voxels_atlas" },
				"south": { "uv": [ 11, 10.5, 11.375, 10.625 ], "texture": "#voxels_atlas" },
				"west": { "uv": [ 6.125, 11.875, 8.625, 12 ], "texture": "#voxels_atlas" },
				"east": { "uv": [ 11.125, 11.875, 8.625, 12 ], "texture": "#voxels_atlas" }
			}
		},
		{
			"__comment": "Voxels",
			"from": [ 7, 8.5, 1.5 ],
			"to": [ 9, 9, 2 ],
			"faces": {
				"down": { "uv": [ 4.875, 5.5, 5.375, 5.625 ], "texture": "#voxels_atlas" },
				"up": { "uv": [ 4.875, 5.5, 5.375, 5.375 ], "texture": "#voxels_atlas" },
				"north": { "uv": [ 5.375, 5.25, 4.875, 5.375 ], "texture": "#voxels_atlas" },
				"south": { "uv": [ 4.875, 5.125, 5.375, 5.25 ], "texture": "#voxels_atlas" },
				"west": { "uv": [ 5.875, 6.625, 6, 6.75 ], "texture": "#voxels_atlas" },
				"east": { "uv": [ 6, 6.5, 5.875, 6.625 ], "texture": "#voxels_atlas" }
			}
		},
		{
			"__comment": "Voxels",
			"from": [ 7, 8.5, 5 ],
			"to": [ 7.5, 9, 6 ],
			"faces": {
				"down": { "uv": [ 5.75, 6.75, 5.875, 7 ], "texture": "#voxels_atlas" },
				"up": { "uv": [ 5.75, 6.75, 5.875, 6.5 ], "texture": "#voxels_atlas" },
				"north": { "uv": [ 6, 5.875, 5.875, 6 ], "texture": "#voxels_atlas" },
				"south": { "uv": [ 5.875, 5.75, 6, 5.875 ], "texture": "#voxels_atlas" },
				"west": { "uv": [ 10.125, 9.875, 10.375, 10 ], "texture": "#voxels_atlas" },
				"east": { "uv": [ 10.625, 9.875, 10.375, 10 ], "texture": "#voxels_atlas" }
			}
		},
		{
			"__comment": "Voxels",
			"from": [ 7, 8.5, 12 ],
			"to": [ 7.5, 9, 13 ],
			"faces": {
				"down": { "uv": [ 5.75, 6.25, 5.875, 6.5 ], "texture": "#voxels_atlas" },
				"up": { "uv": [ 5.75, 6.25, 5.875, 6 ], "texture": "#voxels_atlas" },
				"north": { "uv": [ 6, 5.125, 5.875, 5.25 ], "texture": "#voxels_atlas" },
				"south": { "uv": [ 5.875, 5, 6, 5.125 ], "texture": "#voxels_atlas" },
				"west": { "uv": [ 10.625, 9.875, 10.875, 10 ], "texture": "#voxels_atlas" },
				"east": { "uv": [ 11.125, 9.875, 10.875, 10 ], "texture": "#voxels_atlas" }
			}
		},
		{
			"__comment": "Voxels",
			"from": [ 7, 9, 13.5 ],
			"to": [ 7.5, 9.5, 16.5 ],
			"faces": {
				"down": { "uv": [ 2.625, 9.375, 2.75, 10.125 ], "texture": "#voxels_atlas" },
				"up": { "uv": [ 2.625, 9.375, 2.75, 8.625 ], "texture": "#voxels_atlas" },
				"north": { "uv": [ 6, 3.375, 5.875, 3.5 ], "texture": "#voxels_atlas" },
				"south": { "uv": [ 5.875, 3.25, 6, 3.375 ], "texture": "#voxels_atlas" },
				"west": { "uv": [ 4, 1.375, 4.75, 1.5 ], "texture": "#voxels_atlas" },
				"east": { "uv": [ 4.75, 1.25, 4, 1.375 ], "texture": "#voxels_atlas" }
			}
		},
		{
			"__comment": "Voxels",
			"from": [ 7, 9.5, 16 ],
			"to": [ 7.5, 10, 18 ],
			"faces": {
				"down": { "uv": [ 15.875, 15.5, 16, 16 ], "texture": "#voxels_atlas" },
				"up": { "uv": [ 15.875, 15.5, 16, 15 ], "texture": "#voxels_atlas" },
				"north": { "uv": [ 6, 1.375, 5.875, 1.5 ], "texture": "#voxels_atlas" },
				"south": { "uv": [ 5.875, 1.25, 6, 1.375 ], "texture": "#voxels_atlas" },
				"west": { "uv": [ 4.875, 4.875, 5.375, 5 ], "texture": "#voxels_atlas" },
				"east": { "uv": [ 5.375, 4.75, 4.875, 4.875 ], "texture": "#voxels_atlas" }
			}
		},
		{
			"__comment": "Voxels",
			"from": [ 7, 13.5, 16 ],
			"to": [ 7.5, 14.5, 16.5 ],
			"faces": {
				"down": { "uv": [ 2.625, 1.125, 2.75, 1.25 ], "texture": "#voxels_atlas" },
				"up": { "uv": [ 15.875, 12, 16, 11.875 ], "texture": "#voxels_atlas" },
				"north": { "uv": [ 16, 13.5, 15.875, 13.75 ], "texture": "#voxels_atlas" },
				"south": { "uv": [ 5.625, 0.25, 5.75, 0.5 ], "texture": "#voxels_atlas" },
				"west": { "uv": [ 15.875, 12.5, 16, 12.75 ], "texture": "#voxels_atlas" },
				"east": { "uv": [ 5.625, 0.5, 5.5, 0.75 ], "texture": "#voxels_atlas" }
			}
		},
		{
			"__comment": "Voxels",
			"from": [ 7, 13.5, 16.5 ],
			"to": [ 7.5, 14, 18 ],
			"faces": {
				"down": { "uv": [ 3.5, 9.75, 3.625, 10.125 ], "texture": "#voxels_atlas" },
				"up": { "uv": [ 3.5, 9.75, 3.625, 9.375 ], "texture": "#voxels_atlas" },
				"north": { "uv": [ 5.375, 1.125, 5.25, 1.25 ], "texture": "#voxels_atlas" },
				"south": { "uv": [ 5.25, 1, 5.375, 1.125 ], "texture": "#voxels_atlas" },
				"west": { "uv": [ 15.125, 10.5, 15.5, 10.625 ], "texture": "#voxels_atlas" },
				"east": { "uv": [ 15.875, 10.5, 15.5, 10.625 ], "texture": "#voxels_atlas" }
			}
		},
		{
			"__comment": "Voxels",
			"from": [ 7, 14, 13.5 ],
			"to": [ 7.5, 14.5, 16 ],
			"faces": {
				"down": { "uv": [ 2.625, 8, 2.75, 8.625 ], "texture": "#voxels_atlas" },
				"up": { "uv": [ 2.625, 7.5, 2.75, 6.875 ], "texture": "#voxels_atlas" },
				"north": { "uv": [ 5.375, 0.375, 5.25, 0.5 ], "texture": "#voxels_atlas" },
				"south": { "uv": [ 5.25, 0.25, 5.375, 0.375 ], "texture": "#voxels_atlas" },
				"west": { "uv": [ 4.625, 1, 5.25, 1.125 ], "texture": "#voxels_atlas" },
				"east": { "uv": [ 5.375, 1.5, 4.75, 1.625 ], "texture": "#voxels_atlas" }
			}
		},
		{
			"__comment": "Voxels",
			"from": [ 7, 14.5, 12 ],
			"to": [ 7.5, 15, 13 ],
			"faces": {
				"down": { "uv": [ 5.625, 8.5, 5.75, 8.75 ], "texture": "#voxels_atlas" },
				"up": { "uv": [ 5.625, 8.5, 5.75, 8.25 ], "texture": "#voxels_atlas" },
				"north": { "uv": [ 5.875, 3.875, 5.75, 4 ], "texture": "#voxels_atlas" },
				"south": { "uv": [ 5.75, 3.75, 5.875, 3.875 ], "texture": "#voxels_atlas" },
				"west": { "uv": [ 3.375, 1.75, 3.625, 1.875 ], "texture": "#voxels_atlas" },
				"east": { "uv": [ 3.625, 1.375, 3.375, 1.5 ], "texture": "#voxels_atlas" }
			}
		},
		{
			"__comment": "Voxels",
			"from": [ 7, 15, 1 ],
			"to": [ 7.5, 15.5, 7 ],
			"faces": {
				"down": { "uv": [ 1.25, 10, 1.375, 11.5 ], "texture": "#voxels_atlas" },
				"up": { "uv": [ 1.125, 11.5, 1.25, 10 ], "texture": "#voxels_atlas" },
				"north": { "uv": [ 5.875, 2.375, 5.75, 2.5 ], "texture": "#voxels_atlas" },
				"south": { "uv": [ 5.75, 2.25, 5.875, 2.375 ], "texture": "#voxels_atlas" },
				"west": { "uv": [ 3.625, 10.875, 5.125, 11 ], "texture": "#voxels_atlas" },
				"east": { "uv": [ 11.625, 11, 10.125, 11.125 ], "texture": "#voxels_atlas" }
			}
		},
		{
			"__comment": "Voxels",
			"from": [ 7, 15.5, 1.5 ],
			"to": [ 7.5, 16, 6.5 ],
			"faces": {
				"down": { "uv": [ 1.125, 7.625, 1.25, 8.875 ], "texture": "#voxels_atlas" },
				"up": { "uv": [ 1.25, 8.875, 1.375, 7.625 ], "texture": "#voxels_atlas" },
				"north": { "uv": [ 5.875, 1.625, 5.75, 1.75 ], "texture": "#voxels_atlas" },
				"south": { "uv": [ 5.75, 1.5, 5.875, 1.625 ], "texture": "#voxels_atlas" },
				"west": { "uv": [ 4, 10.25, 5.25, 10.375 ], "texture": "#voxels_atlas" },
				"east": { "uv": [ 5.25, 10.375, 4, 10.5 ], "texture": "#voxels_atlas" }
			}
		},
		{
			"__comment": "Voxels",
			"from": [ 7, 16, 2.5 ],
			"to": [ 7.5, 16.5, 6 ],
			"faces": {
				"down": { "uv": [ 1.25, 2.75, 1.375, 3.625 ], "texture": "#voxels_atlas" },
				"up": { "uv": [ 1.125, 3.625, 1.25, 2.75 ], "texture": "#voxels_atlas" },
				"north": { "uv": [ 5.875, 0.125, 5.75, 0.25 ], "texture": "#voxels_atlas" },
				"south": { "uv": [ 5.75, 0, 5.875, 0.125 ], "texture": "#voxels_atlas" },
				"west": { "uv": [ 4, 4.125, 4.875, 4.25 ], "texture": "#voxels_atlas" },
				"east": { "uv": [ 4.875, 4.25, 4, 4.375 ], "texture": "#voxels_atlas" }
			}
		},
		{
			"__comment": "Voxels",
			"from": [ 7, 16.5, 3.5 ],
			"to": [ 7.5, 17, 5.5 ],
			"faces": {
				"down": { "uv": [ 2.625, 5.375, 2.75, 5.875 ], "texture": "#voxels_atlas" },
				"up": { "uv": [ 2.625, 4.875, 2.75, 4.375 ], "texture": "#voxels_atlas" },
				"north": { "uv": [ 14.25, 9.875, 14.125, 10 ], "texture": "#voxels_atlas" },
				"south": { "uv": [ 14.25, 9.875, 14.375, 10 ], "texture": "#voxels_atlas" },
				"west": { "uv": [ 4.875, 4.125, 5.375, 4.25 ], "texture": "#voxels_atlas" },
				"east": { "uv": [ 5.375, 4, 4.875, 4.125 ], "texture": "#voxels_atlas" }
			}
		},
		{
			"__comment": "Voxels",
			"from": [ 7, 17, 4 ],
			"to": [ 7.5, 17.5, 6 ],
			"faces": {
				"down": { "uv": [ 2.625, 3.875, 2.75, 4.375 ], "texture": "#voxels_atlas" },
				"up": { "uv": [ 2.625, 3.75, 2.75, 3.25 ], "texture": "#voxels_atlas" },
				"north": { "uv": [ 15.25, 9.875, 15.125, 10 ], "texture": "#voxels_atlas" },
				"south": { "uv": [ 15.25, 9.875, 15.375, 10 ], "texture": "#voxels_atlas" },
				"west": { "uv": [ 4.875, 3.875, 5.375, 4 ], "texture": "#voxels_atlas" },
				"east": { "uv": [ 5.375, 3.75, 4.875, 3.875 ], "texture": "#voxels_atlas" }
			}
		},
		{
			"__comment": "Voxels",
			"from": [ 7, 17.5, 5.5 ],
			"to": [ 7.5, 18, 7 ],
			"faces": {
				"down": { "uv": [ 5.375, 0.375, 5.5, 0.75 ], "texture": "#voxels_atlas" },
				"up": { "uv": [ 5.375, 3.75, 5.5, 3.375 ], "texture": "#voxels_atlas" },
				"north": { "uv": [ 6, 9.625, 5.875, 9.75 ], "texture": "#voxels_atlas" },
				"south": { "uv": [ 5.875, 9.5, 6, 9.625 ], "texture": "#voxels_atlas" },
				"west": { "uv": [ 13.5, 10.375, 13.875, 10.5 ], "texture": "#voxels_atlas" },
				"east": { "uv": [ 14.25, 10.375, 13.875, 10.5 ], "texture": "#voxels_atlas" }
			}
		},
		{
			"__comment": "Voxels",
			"from": [ 7.5, 8.5, 0 ],
			"to": [ 9, 9, 1.5 ],
			"faces": {
				"down": { "uv": [ 3.625, 5, 4, 5.375 ], "texture": "#voxels_atlas" },
				"up": { "uv": [ 3.625, 6.5, 4, 6.125 ], "texture": "#voxels_atlas" },
				"north": { "uv": [ 15.375, 10.375, 15, 10.5 ], "texture": "#voxels_atlas" },
				"south": { "uv": [ 15.375, 10.375, 15.75, 10.5 ], "texture": "#voxels_atlas" },
				"west": { "uv": [ 5.625, 10.25, 6, 10.375 ], "texture": "#voxels_atlas" },
				"east": { "uv": [ 6.375, 10.25, 6, 10.375 ], "texture": "#voxels_atlas" }
			}
		},
		{
			"__comment": "Voxels",
			"from": [ 7.5, 10, 18.5 ],
			"to": [ 9, 10.5, 19.5 ],
			"faces": {
				"down": { "uv": [ 5, 6.5, 5.375, 6.75 ], "texture": "#voxels_atlas" },
				"up": { "uv": [ 5, 6.5, 5.375, 6.25 ], "texture": "#voxels_atlas" },
				"north": { "uv": [ 7.5, 10.25, 7.125, 10.375 ], "texture": "#voxels_atlas" },
				"south": { "uv": [ 7.5, 10.25, 7.875, 10.375 ], "texture": "#voxels_atlas" },
				"west": { "uv": [ 5.125, 8.375, 5.375, 8.5 ], "texture": "#voxels_atlas" },
				"east": { "uv": [ 5.375, 8.25, 5.125, 8.375 ], "texture": "#voxels_atlas" }
			}
		},
		{
			"__comment": "Voxels",
			"from": [ 8, 10.5, 17.5 ],
			"to": [ 9, 11, 18.5 ],
			"faces": {
				"down": { "uv": [ 5.375, 10, 5.625, 10.25 ], "texture": "#voxels_atlas" },
				"up": { "uv": [ 5.375, 10, 5.625, 9.75 ], "texture": "#voxels_atlas" },
				"north": { "uv": [ 5.375, 8, 5.125, 8.125 ], "texture": "#voxels_atlas" },
				"south": { "uv": [ 5.125, 7.875, 5.375, 8 ], "texture": "#voxels_atlas" },
				"west": { "uv": [ 5.125, 7.75, 5.375, 7.875 ], "texture": "#voxels_atlas" },
				"east": { "uv": [ 5.375, 7.625, 5.125, 7.75 ], "texture": "#voxels_atlas" }
			}
		},
		{
			"__comment": "Voxels",
			"from": [ 8, 12.5, 17.5 ],
			"to": [ 9, 13, 18.5 ],
			"faces": {
				"down": { "uv": [ 5.375, 4.5, 5.625, 4.75 ], "texture": "#voxels_atlas" },
				"up": { "uv": [ 5.375, 9.5, 5.625, 9.25 ], "texture": "#voxels_atlas" },
				"north": { "uv": [ 5.375, 7.5, 5.125, 7.625 ], "texture": "#voxels_atlas" },
				"south": { "uv": [ 5.125, 7.375, 5.375, 7.5 ], "texture": "#voxels_atlas" },
				"west": { "uv": [ 5.125, 7.25, 5.375, 7.375 ], "texture": "#voxels_atlas" },
				"east": { "uv": [ 5.375, 7.125, 5.125, 7.25 ], "texture": "#voxels_atlas" }
			}
		},
		{
			"__comment": "Voxels",
			"from": [ 8, 13, 18.5 ],
			"to": [ 9, 13.5, 19.5 ],
			"faces": {
				"down": { "uv": [ 5.375, 9, 5.625, 9.25 ], "texture": "#voxels_atlas" },
				"up": { "uv": [ 5.375, 9, 5.625, 8.75 ], "texture": "#voxels_atlas" },
				"north": { "uv": [ 5.375, 7, 5.125, 7.125 ], "texture": "#voxels_atlas" },
				"south": { "uv": [ 5.125, 6.875, 5.375, 7 ], "texture": "#voxels_atlas" },
				"west": { "uv": [ 5.125, 6.75, 5.375, 6.875 ], "texture": "#voxels_atlas" },
				"east": { "uv": [ 5.625, 0, 5.375, 0.125 ], "texture": "#voxels_atlas" }
			}
		},
		{
			"__comment": "Voxels",
			"from": [ 8, 14, 0 ],
			"to": [ 9.5, 14.5, 1.5 ],
			"faces": {
				"down": { "uv": [ 3.625, 5.75, 4, 6.125 ], "texture": "#voxels_atlas" },
				"up": { "uv": [ 3.625, 5.75, 4, 5.375 ], "texture": "#voxels_atlas" },
				"north": { "uv": [ 11.25, 10.25, 10.875, 10.375 ], "texture": "#voxels_atlas" },
				"south": { "uv": [ 11.25, 10.25, 11.625, 10.375 ], "texture": "#voxels_atlas" },
				"west": { "uv": [ 11.625, 10.25, 12, 10.375 ], "texture": "#voxels_atlas" },
				"east": { "uv": [ 12.375, 10.25, 12, 10.375 ], "texture": "#voxels_atlas" }
			}
		},
		{
			"__comment": "Voxels",
			"from": [ 8.5, 9, 0 ],
			"to": [ 9.5, 9.5, 1.5 ],
			"faces": {
				"down": { "uv": [ 3.375, 3.625, 3.625, 4 ], "texture": "#voxels_atlas" },
				"up": { "uv": [ 3.375, 3.625, 3.625, 3.25 ], "texture": "#voxels_atlas" },
				"north": { "uv": [ 6.75, 10, 6.5, 10.125 ], "texture": "#voxels_atlas" },
				"south": { "uv": [ 6.75, 10, 7, 10.125 ], "texture": "#voxels_atlas" },
				"west": { "uv": [ 12.75, 10.25, 13.125, 10.375 ], "texture": "#voxels_atlas" },
				"east": { "uv": [ 13.5, 10.25, 13.125, 10.375 ], "texture": "#voxels_atlas" }
			}
		},
		{
			"__comment": "Voxels",
			"from": [ 8.5, 10.5, 18.5 ],
			"to": [ 9.5, 11, 19.5 ],
			"faces": {
				"down": { "uv": [ 5.375, 8, 5.625, 8.25 ], "texture": "#voxels_atlas" },
				"up": { "uv": [ 5.375, 8, 5.625, 7.75 ], "texture": "#voxels_atlas" },
				"north": { "uv": [ 7.75, 10, 7.5, 10.125 ], "texture": "#voxels_atlas" },
				"south": { "uv": [ 7.75, 10, 8, 10.125 ], "texture": "#voxels_atlas" },
				"west": { "uv": [ 8, 10, 8.25, 10.125 ], "texture": "#voxels_atlas" },
				"east": { "uv": [ 8.5, 10, 8.25, 10.125 ], "texture": "#voxels_atlas" }
			}
		},
		{
			"__comment": "Voxels",
			"from": [ 8.5, 11, 17.5 ],
			"to": [ 9.5, 12.5, 18.5 ],
			"faces": {
				"down": { "uv": [ 5.375, 7.5, 5.625, 7.75 ], "texture": "#voxels_atlas" },
				"up": { "uv": [ 5.375, 7.5, 5.625, 7.25 ], "texture": "#voxels_atlas" },
				"north": { "uv": [ 3.625, 2.875, 3.375, 3.25 ], "texture": "#voxels_atlas" },
				"south": { "uv": [ 3.375, 2.5, 3.625, 2.875 ], "texture": "#voxels_atlas" },
				"west": { "uv": [ 3.375, 2.125, 3.625, 2.5 ], "texture": "#voxels_atlas" },
				"east": { "uv": [ 1.375, 6.25, 1.125, 6.625 ], "texture": "#voxels_atlas" }
			}
		},
		{
			"__comment": "Voxels",
			"from": [ 8.5, 12.5, 18.5 ],
			"to": [ 9.5, 13, 19.5 ],
			"faces": {
				"down": { "uv": [ 5.375, 6.75, 5.625, 7 ], "texture": "#voxels_atlas" },
				"up": { "uv": [ 5.375, 6.75, 5.625, 6.5 ], "texture": "#voxels_atlas" },
				"north": { "uv": [ 10.25, 10, 10, 10.125 ], "texture": "#voxels_atlas" },
				"south": { "uv": [ 10.25, 10, 10.5, 10.125 ], "texture": "#voxels_atlas" },
				"west": { "uv": [ 10.5, 10, 10.75, 10.125 ], "texture": "#voxels_atlas" },
				"east": { "uv": [ 11, 10, 10.75, 10.125 ], "texture": "#voxels_atlas" }
			}
		},
		{
			"__comment": "Voxels",
			"from": [ 9, 9.5, 0 ],
			"to": [ 10, 10, 1.5 ],
			"faces": {
				"down": { "uv": [ 1.125, 3.875, 1.375, 4.25 ], "texture": "#voxels_atlas" },
				"up": { "uv": [ 3.375, 4.375, 3.625, 4 ], "texture": "#voxels_atlas" },
				"north": { "uv": [ 11.25, 10, 11, 10.125 ], "texture": "#voxels_atlas" },
				"south": { "uv": [ 11.25, 10, 11.5, 10.125 ], "texture": "#voxels_atlas" },
				"west": { "uv": [ 7.125, 10.125, 7.5, 10.25 ], "texture": "#voxels_atlas" },
				"east": { "uv": [ 7.875, 10.125, 7.5, 10.25 ], "texture": "#voxels_atlas" }
			}
		},
		{
			"__comment": "Voxels",
			"from": [ 9, 10.5, 18 ],
			"to": [ 9.5, 11, 18.5 ],
			"faces": {
				"down": { "uv": [ 5.75, 3.125, 5.875, 3.25 ], "texture": "#voxels_atlas" },
				"up": { "uv": [ 5.75, 3.125, 5.875, 3 ], "texture": "#voxels_atlas" },
				"north": { "uv": [ 5.875, 2.875, 5.75, 3 ], "texture": "#voxels_atlas" },
				"south": { "uv": [ 5.75, 2.75, 5.875, 2.875 ], "texture": "#voxels_atlas" },
				"west": { "uv": [ 5.75, 2.625, 5.875, 2.75 ], "texture": "#voxels_atlas" },
				"east": { "uv": [ 5.875, 2.5, 5.75, 2.625 ], "texture": "#voxels_atlas" }
			}
		},
		{
			"__comment": "Voxels",
			"from": [ 9, 11, 18.5 ],
			"to": [ 10, 11.5, 19.5 ],
			"faces": {
				"down": { "uv": [ 5.375, 6.25, 5.625, 6.5 ], "texture": "#voxels_atlas" },
				"up": { "uv": [ 5.375, 6.25, 5.625, 6 ], "texture": "#voxels_atlas" },
				"north": { "uv": [ 12.5, 10, 12.25, 10.125 ], "texture": "#voxels_atlas" },
				"south": { "uv": [ 12.5, 10, 12.75, 10.125 ], "texture": "#voxels_atlas" },
				"west": { "uv": [ 12.75, 10, 13, 10.125 ], "texture": "#voxels_atlas" },
				"east": { "uv": [ 13.25, 10, 13, 10.125 ], "texture": "#voxels_atlas" }
			}
		},
		{
			"__comment": "Voxels",
			"from": [ 9, 12, 18.5 ],
			"to": [ 10, 12.5, 19.5 ],
			"faces": {
				"down": { "uv": [ 5.375, 5.75, 5.625, 6 ], "texture": "#voxels_atlas" },
				"up": { "uv": [ 5.375, 5.75, 5.625, 5.5 ], "texture": "#voxels_atlas" },
				"north": { "uv": [ 14, 10, 13.75, 10.125 ], "texture": "#voxels_atlas" },
				"south": { "uv": [ 14, 10, 14.25, 10.125 ], "texture": "#voxels_atlas" },
				"west": { "uv": [ 14.25, 10, 14.5, 10.125 ], "texture": "#voxels_atlas" },
				"east": { "uv": [ 14.75, 10, 14.5, 10.125 ], "texture": "#voxels_atlas" }
			}
		},
		{
			"__comment": "Voxels",
			"from": [ 9, 12.5, 18 ],
			"to": [ 9.5, 13, 18.5 ],
			"faces": {
				"down": { "uv": [ 5.75, 0.875, 5.875, 1 ], "texture": "#voxels_atlas" },
				"up": { "uv": [ 5.75, 0.875, 5.875, 0.75 ], "texture": "#voxels_atlas" },
				"north": { "uv": [ 5.875, 0.625, 5.75, 0.75 ], "texture": "#voxels_atlas" },
				"south": { "uv": [ 5.75, 0.5, 5.875, 0.625 ], "texture": "#voxels_atlas" },
				"west": { "uv": [ 5.75, 0.375, 5.875, 0.5 ], "texture": "#voxels_atlas" },
				"east": { "uv": [ 5.875, 0.25, 5.75, 0.375 ], "texture": "#voxels_atlas" }
			}
		},
		{
			"__comment": "Voxels",
			"from": [ 9, 13.5, 0 ],
			"to": [ 10, 14, 1.5 ],
			"faces": {
				"down": { "uv": [ 1.125, 2.375, 1.375, 2.75 ], "texture": "#voxels_atlas" },
				"up": { "uv": [ 1.125, 2.375, 1.375, 2 ], "texture": "#voxels_atlas" },
				"north": { "uv": [ 15, 10, 14.75, 10.125 ], "texture": "#voxels_atlas" },
				"south": { "uv": [ 15, 10, 15.25, 10.125 ], "texture": "#voxels_atlas" },
				"west": { "uv": [ 10.125, 10.125, 10.5, 10.25 ], "texture": "#voxels_atlas" },
				"east": { "uv": [ 10.875, 10.125, 10.5, 10.25 ], "texture": "#voxels_atlas" }
			}
		},
		{
			"__comment": "Voxels",
			"from": [ 9.5, 10, 0 ],
			"to": [ 10.5, 10.5, 1.5 ],
			"faces": {
				"down": { "uv": [ 1.125, 1.625, 1.375, 2 ], "texture": "#voxels_atlas" },
				"up": { "uv": [ 1.125, 1.625, 1.375, 1.25 ], "texture": "#voxels_atlas" },
				"north": { "uv": [ 15.5, 10, 15.25, 10.125 ], "texture": "#voxels_atlas" },
				"south": { "uv": [ 15.5, 10, 15.75, 10.125 ], "texture": "#voxels_atlas" },
				"west": { "uv": [ 11.625, 10.125, 12, 10.25 ], "texture": "#voxels_atlas" },
				"east": { "uv": [ 12.375, 10.125, 12, 10.25 ], "texture": "#voxels_atlas" }
			}
		},
		{
			"__comment": "Voxels",
			"from": [ 9.5, 11, 18 ],
			"to": [ 10, 12.5, 18.5 ],
			"faces": {
				"down": { "uv": [ 14.875, 9.875, 15, 10 ], "texture": "#voxels_atlas" },
				"up": { "uv": [ 15, 10, 15.125, 9.875 ], "texture": "#voxels_atlas" },
				"north": { "uv": [ 5.625, 3, 5.5, 3.375 ], "texture": "#voxels_atlas" },
				"south": { "uv": [ 5.375, 2.625, 5.5, 3 ], "texture": "#voxels_atlas" },
				"west": { "uv": [ 5.5, 2.625, 5.625, 3 ], "texture": "#voxels_atlas" },
				"east": { "uv": [ 5.5, 2.25, 5.375, 2.625 ], "texture": "#voxels_atlas" }
			}
		},
		{
			"__comment": "Voxels",
			"from": [ 9.5, 11.5, 18.5 ],
			"to": [ 10, 12, 19.5 ],
			"faces": {
				"down": { "uv": [ 5.75, 7.75, 5.875, 8 ], "texture": "#voxels_atlas" },
				"up": { "uv": [ 5.75, 7.75, 5.875, 7.5 ], "texture": "#voxels_atlas" },
				"north": { "uv": [ 16, 9.875, 15.875, 10 ], "texture": "#voxels_atlas" },
				"south": { "uv": [ 5.875, 9.75, 6, 9.875 ], "texture": "#voxels_atlas" },
				"west": { "uv": [ 6.625, 9.875, 6.875, 10 ], "texture": "#voxels_atlas" },
				"east": { "uv": [ 7.125, 9.875, 6.875, 10 ], "texture": "#voxels_atlas" }
			}
		},
		{
			"__comment": "Voxels",
			"from": [ 9.5, 13, 0 ],
			"to": [ 10.5, 13.5, 1.5 ],
			"faces": {
				"down": { "uv": [ 1.125, 0.625, 1.375, 1 ], "texture": "#voxels_atlas" },
				"up": { "uv": [ 1.125, 0.625, 1.375, 0.25 ], "texture": "#voxels_atlas" },
				"north": { "uv": [ 7.875, 9.875, 7.625, 10 ], "texture": "#voxels_atlas" },
				"south": { "uv": [ 7.875, 9.875, 8.125, 10 ], "texture": "#voxels_atlas" },
				"west": { "uv": [ 13.125, 10.125, 13.5, 10.25 ], "texture": "#voxels_atlas" },
				"east": { "uv": [ 13.875, 10.125, 13.5, 10.25 ], "texture": "#voxels_atlas" }
			}
		},
		{
			"__comment": "Voxels",
			"from": [ 10, 10.5, 0 ],
			"to": [ 10.5, 11.5, 1.5 ],
			"faces": {
				"down": { "uv": [ 5.5, 2.25, 5.625, 2.625 ], "texture": "#voxels_atlas" },
				"up": { "uv": [ 5.375, 2.25, 5.5, 1.875 ], "texture": "#voxels_atlas" },
				"north": { "uv": [ 5.875, 7.25, 5.75, 7.5 ], "texture": "#voxels_atlas" },
				"south": { "uv": [ 5.75, 7, 5.875, 7.25 ], "texture": "#voxels_atlas" },
				"west": { "uv": [ 3.625, 4, 4, 4.25 ], "texture": "#voxels_atlas" },
				"east": { "uv": [ 4, 3.75, 3.625, 4 ], "texture": "#voxels_atlas" }
			}
		},
		{
			"__comment": "Voxels",
			"from": [ 10, 11, 3.5 ],
			"to": [ 10.5, 11.5, 4 ],
			"faces": {
				"down": { "uv": [ 5.875, 7.875, 6, 8 ], "texture": "#voxels_atlas" },
				"up": { "uv": [ 5.875, 7.875, 6, 7.75 ], "texture": "#voxels_atlas" },
				"north": { "uv": [ 6, 7.625, 5.875, 7.75 ], "texture": "#voxels_atlas" },
				"south": { "uv": [ 5.875, 7.5, 6, 7.625 ], "texture": "#voxels_atlas" },
				"west": { "uv": [ 5.875, 7.375, 6, 7.5 ], "texture": "#voxels_atlas" },
				"east": { "uv": [ 6, 7.25, 5.875, 7.375 ], "texture": "#voxels_atlas" }
			}
		},
		{
			"__comment": "Voxels",
			"from": [ 10, 12, 0 ],
			"to": [ 11, 12.5, 1.5 ],
			"faces": {
				"down": { "uv": [ 3.375, 6.75, 3.625, 7.125 ], "texture": "#voxels_atlas" },
				"up": { "uv": [ 3.375, 6.625, 3.625, 6.25 ], "texture": "#voxels_atlas" },
				"north": { "uv": [ 9.875, 9.875, 9.625, 10 ], "texture": "#voxels_atlas" },
				"south": { "uv": [ 9.875, 9.875, 10.125, 10 ], "texture": "#voxels_atlas" },
				"west": { "uv": [ 14.625, 10.125, 15, 10.25 ], "texture": "#voxels_atlas" },
				"east": { "uv": [ 15.375, 10.125, 15, 10.25 ], "texture": "#voxels_atlas" }
			}
		},
		{
			"__comment": "Voxels",
			"from": [ 10, 12.5, 0 ],
			"to": [ 10.5, 13, 1.5 ],
			"faces": {
				"down": { "uv": [ 5.5, 1.5, 5.625, 1.875 ], "texture": "#voxels_atlas" },
				"up": { "uv": [ 5.375, 1.5, 5.5, 1.125 ], "texture": "#voxels_atlas" },
				"north": { "uv": [ 6, 6.125, 5.875, 6.25 ], "texture": "#voxels_atlas" },
				"south": { "uv": [ 5.875, 6, 6, 6.125 ], "texture": "#voxels_atlas" },
				"west": { "uv": [ 15.375, 10.125, 15.75, 10.25 ], "texture": "#voxels_atlas" },
				"east": { "uv": [ 6, 10, 5.625, 10.125 ], "texture": "#voxels_atlas" }
			}
		},
		{
			"__comment": "Voxels",
			"from": [ 10.5, 11, 0 ],
			"to": [ 11, 12, 1.5 ],
			"faces": {
				"down": { "uv": [ 5.5, 1.125, 5.625, 1.5 ], "texture": "#voxels_atlas" },
				"up": { "uv": [ 5.375, 1.125, 5.5, 0.75 ], "texture": "#voxels_atlas" },
				"north": { "uv": [ 5.875, 5.75, 5.75, 6 ], "texture": "#voxels_atlas" },
				"south": { "uv": [ 5.75, 5.5, 5.875, 5.75 ], "texture": "#voxels_atlas" },
				"west": { "uv": [ 5, 6, 5.375, 6.25 ], "texture": "#voxels_atlas" },
				"east": { "uv": [ 4, 0, 3.625, 0.25 ], "texture": "#voxels_atlas" }
			}
		},
		{
			"__comment": "Voxels",
			"from": [ 10.5, 11, 1.5 ],
			"to": [ 11, 11.5, 2 ],
			"faces": {
				"down": { "uv": [ 5.875, 4.875, 6, 5 ], "texture": "#voxels_atlas" },
				"up": { "uv": [ 5.875, 4.875, 6, 4.75 ], "texture": "#voxels_atlas" },
				"north": { "uv": [ 6, 4.625, 5.875, 4.75 ], "texture": "#voxels_atlas" },
				"south": { "uv": [ 5.875, 4.5, 6, 4.625 ], "texture": "#voxels_atlas" },
				"west": { "uv": [ 5.875, 4.375, 6, 4.5 ], "texture": "#voxels_atlas" },
				"east": { "uv": [ 6, 4.25, 5.875, 4.375 ], "texture": "#voxels_atlas" }
			}
		},
		{
			"__comment": "Voxels",
			"from": [ 11.5, 11.5, 3 ],
			"to": [ 12, 12, 4 ],
			"faces": {
				"down": { "uv": [ 5.75, 4.75, 5.875, 5 ], "texture": "#voxels_atlas" },
				"up": { "uv": [ 5.75, 4.75, 5.875, 4.5 ], "texture": "#voxels_atlas" },
				"north": { "uv": [ 6, 3.875, 5.875, 4 ], "texture": "#voxels_atlas" },
				"south": { "uv": [ 5.875, 3.75, 6, 3.875 ], "texture": "#voxels_atlas" },
				"west": { "uv": [ 11.625, 9.875, 11.875, 10 ], "texture": "#voxels_atlas" },
				"east": { "uv": [ 12.125, 9.875, 11.875, 10 ], "texture": "#voxels_atlas" }
			}
		},
		{
			"__comment": "Voxels",
			"from": [ 12, 11.5, 5.5 ],
			"to": [ 13, 12, 6 ],
			"faces": {
				"down": { "uv": [ 12.125, 9.875, 12.375, 10 ], "texture": "#voxels_atlas" },
				"up": { "uv": [ 12.375, 10, 12.625, 9.875 ], "texture": "#voxels_atlas" },
				"north": { "uv": [ 12.875, 9.875, 12.625, 10 ], "texture": "#voxels_atlas" },
				"south": { "uv": [ 12.875, 9.875, 13.125, 10 ], "texture": "#voxels_atlas" },
				"west": { "uv": [ 5.875, 2.875, 6, 3 ], "texture": "#voxels_atlas" },
				"east": { "uv": [ 6, 2.75, 5.875, 2.875 ], "texture": "#voxels_atlas" }
			}
		},
		{
			"__comment": "Voxels",
			"from": [ 12.5, 11.5, 5 ],
			"to": [ 13, 12, 5.5 ],
			"faces": {
				"down": { "uv": [ 5.875, 2.625, 6, 2.75 ], "texture": "#voxels_atlas" },
				"up": { "uv": [ 5.875, 2.625, 6, 2.5 ], "texture": "#voxels_atlas" },
				"north": { "uv": [ 6, 2.375, 5.875, 2.5 ], "texture": "#voxels_atlas" },
				"south": { "uv": [ 5.875, 2.25, 6, 2.375 ], "texture": "#voxels_atlas" },
				"west": { "uv": [ 5.875, 2.125, 6, 2.25 ], "texture": "#voxels_atlas" },
				"east": { "uv": [ 6, 2, 5.875, 2.125 ], "texture": "#voxels_atlas" }
			}
		},
		{
			"__comment": "Voxels",
			"from": [ 12.5, 11.5, 6 ],
			"to": [ 13, 12, 7 ],
			"faces": {
				"down": { "uv": [ 5.75, 4.25, 5.875, 4.5 ], "texture": "#voxels_atlas" },
				"up": { "uv": [ 5.75, 4.25, 5.875, 4 ], "texture": "#voxels_atlas" },
				"north": { "uv": [ 6, 1.625, 5.875, 1.75 ], "texture": "#voxels_atlas" },
				"south": { "uv": [ 5.875, 1.5, 6, 1.625 ], "texture": "#voxels_atlas" },
				"west": { "uv": [ 13.125, 9.875, 13.375, 10 ], "texture": "#voxels_atlas" },
				"east": { "uv": [ 13.625, 9.875, 13.375, 10 ], "texture": "#voxels_atlas" }
			}
		}
	],
	"display": {
		"thirdperson_righthand": {
			"scale":  [ 0.8, 0.8, 1.1 ]
		},
		"thirdperson_lefthand": {
			"scale":  [ 0.8, 0.8, 1.1 ]
		},
		"firstperson_righthand": {
			"rotation":  [ -11, 0, 0 ],
			"translation":  [ 2.7826, 0, 0 ],
			"scale":  [ 0.5, 0.5, 0.5 ]
		},
		"firstperson_lefthand": {
			"rotation":  [ -11, 0, 0 ],
			"translation":  [ 2.7826, 0, 0 ],
			"scale":  [ 0.5, 0.5, 0.5 ]
		},
		"gui": {
			"rotation":  [ -90, 28, 114 ],
			"translation":  [ 1.3913, -1.391, 0 ],
			"scale":  [ 0.6, 0.6, 0.6 ]
		},
		"ground": {
			"rotation":  [ -58, 0, 0 ],
			"scale":  [ 0.7, 0.7, 0.7 ]
		},
		"fixed": {
			"rotation":  [ -90, -39, 0 ],
			"scale":  [ 0.7, 0.7, 0.7 ]
		}
	}
}