{
	"__comment": "Designed by Pashjn with Cubik Studio - https://cubik.studio",
	"textures": {
		"particle": "items/arenaaxefire",
		"texture": "items/arenaaxefire",
		"voxels_atlas": "items/arenaaxefire"
	},
	"elements": [ 	 
		{
			"__comment": "Voxels",
			"from": [ 0.5, 6, -4.5 ],
			"to": [ 16.5, 7, -4 ],
			"faces": {
				"down": { "uv": [ 6.25, 15.875, 10.25, 16 ], "texture": "#voxels_atlas", "cullface": "north" },
				"up": { "uv": [ 10.25, 16, 14.25, 15.875 ], "texture": "#voxels_atlas", "cullface": "north" },
				"north": { "uv": [ 6.25, 15.75, 2.25, 16 ], "texture": "#voxels_atlas", "cullface": "north" },
				"south": { "uv": [ 2.25, 15.5, 6.25, 15.75 ], "texture": "#voxels_atlas", "cullface": "north" },
				"west": { "uv": [ 9.875, 12.75, 10, 13 ], "texture": "#voxels_atlas", "cullface": "north" },
				"east": { "uv": [ 10, 13, 9.875, 13.25 ], "texture": "#voxels_atlas", "cullface": "north" }
			}
		},
		{
			"__comment": "Voxels",
			"from": [ 1, 6, -5.5 ],
			"to": [ 16, 7, -4.5 ],
			"faces": {
				"down": { "uv": [ 2.25, 15.25, 6, 15.5 ], "texture": "#voxels_atlas", "cullface": "north" },
				"up": { "uv": [ 2.25, 15.25, 6, 15 ], "texture": "#voxels_atlas", "cullface": "north" },
				"north": { "uv": [ 6, 14.75, 2.25, 15 ], "texture": "#voxels_atlas", "cullface": "north" },
				"west": { "uv": [ 9.375, 9.25, 9.625, 9.5 ], "texture": "#voxels_atlas", "cullface": "north" },
				"east": { "uv": [ 9.625, 9, 9.375, 9.25 ], "texture": "#voxels_atlas", "cullface": "north" }
			}
		},
		{
			"__comment": "Voxels",
			"from": [ 1.5, 6, -6.5 ],
			"to": [ 15.5, 7, -5.5 ],
			"faces": {
				"down": { "uv": [ 2.25, 14.25, 5.75, 14.5 ], "texture": "#voxels_atlas", "cullface": "north" },
				"up": { "uv": [ 2.25, 14.25, 5.75, 14 ], "texture": "#voxels_atlas", "cullface": "north" },
				"north": { "uv": [ 5.75, 13.75, 2.25, 14 ], "texture": "#voxels_atlas", "cullface": "north" },
				"west": { "uv": [ 9.375, 8.75, 9.625, 9 ], "texture": "#voxels_atlas", "cullface": "north" },
				"east": { "uv": [ 9.625, 8.5, 9.375, 8.75 ], "texture": "#voxels_atlas", "cullface": "north" }
			}
		},
		{
			"__comment": "Voxels",
			"from": [ 1.5, 6, -4 ],
			"to": [ 15.5, 7, -3.5 ],
			"faces": {
				"down": { "uv": [ 2.75, 9.75, 6.25, 9.875 ], "texture": "#voxels_atlas", "cullface": "north" },
				"up": { "uv": [ 2.75, 10, 6.25, 9.875 ], "texture": "#voxels_atlas", "cullface": "north" },
				"south": { "uv": [ 2.25, 13, 5.75, 13.25 ], "texture": "#voxels_atlas", "cullface": "north" },
				"west": { "uv": [ 9.875, 13.25, 10, 13.5 ], "texture": "#voxels_atlas", "cullface": "north" },
				"east": { "uv": [ 10, 13.5, 9.875, 13.75 ], "texture": "#voxels_atlas", "cullface": "north" }
			}
		},
		{
			"__comment": "Voxels",
			"from": [ 2, 6, -7.5 ],
			"to": [ 15, 7, -6.5 ],
			"faces": {
				"down": { "uv": [ 2.25, 12.5, 5.5, 12.75 ], "texture": "#voxels_atlas", "cullface": "north" },
				"up": { "uv": [ 2.25, 12.25, 5.5, 12 ], "texture": "#voxels_atlas", "cullface": "north" },
				"north": { "uv": [ 5.5, 12.25, 2.25, 12.5 ], "texture": "#voxels_atlas", "cullface": "north" },
				"west": { "uv": [ 9.375, 8.25, 9.625, 8.5 ], "texture": "#voxels_atlas", "cullface": "north" },
				"east": { "uv": [ 9.625, 8, 9.375, 8.25 ], "texture": "#voxels_atlas", "cullface": "north" }
			}
		},
		{
			"__comment": "Voxels",
			"from": [ 2.5, 6, -8.5 ],
			"to": [ 5.5, 7, -7.5 ],
			"faces": {
				"down": { "uv": [ 5.5, 12.5, 6.25, 12.75 ], "texture": "#voxels_atlas", "cullface": "north" },
				"up": { "uv": [ 5.5, 12.5, 6.25, 12.25 ], "texture": "#voxels_atlas", "cullface": "north" },
				"north": { "uv": [ 6.25, 12, 5.5, 12.25 ], "texture": "#voxels_atlas", "cullface": "north" },
				"west": { "uv": [ 9.625, 14.25, 9.875, 14.5 ], "texture": "#voxels_atlas", "cullface": "north" },
				"east": { "uv": [ 10.125, 14.25, 9.875, 14.5 ], "texture": "#voxels_atlas", "cullface": "north" }
			}
		},
		{
			"__comment": "Voxels",
			"from": [ 2.5, 6, -3.5 ],
			"to": [ 14.5, 7, -3 ],
			"faces": {
				"down": { "uv": [ 6.25, 15.75, 9.25, 15.875 ], "texture": "#voxels_atlas", "cullface": "north" },
				"up": { "uv": [ 9.25, 15.875, 12.25, 15.75 ], "texture": "#voxels_atlas", "cullface": "north" },
				"south": { "uv": [ 2.25, 11.5, 5.25, 11.75 ], "texture": "#voxels_atlas", "cullface": "north" },
				"west": { "uv": [ 9.875, 13.75, 10, 14 ], "texture": "#voxels_atlas", "cullface": "north" },
				"east": { "uv": [ 16, 14.25, 15.875, 14.5 ], "texture": "#voxels_atlas", "cullface": "north" }
			}
		},
		{
			"__comment": "Voxels",
			"from": [ 3, 6, -9.5 ],
			"to": [ 5, 7, -8.5 ],
			"faces": {
				"down": { "uv": [ 5.75, 14.25, 6.25, 14.5 ], "texture": "#voxels_atlas", "cullface": "north" },
				"up": { "uv": [ 5.75, 14.25, 6.25, 14 ], "texture": "#voxels_atlas", "cullface": "north" },
				"north": { "uv": [ 6.25, 13.75, 5.75, 14 ], "texture": "#voxels_atlas", "cullface": "north" },
				"west": { "uv": [ 10.125, 14.25, 10.375, 14.5 ], "texture": "#voxels_atlas", "cullface": "north" },
				"east": { "uv": [ 10.625, 14.25, 10.375, 14.5 ], "texture": "#voxels_atlas", "cullface": "north" }
			}
		},
		{
			"__comment": "Voxels",
			"from": [ 3, 6, -3 ],
			"to": [ 14, 7, -2.5 ],
			"faces": {
				"down": { "uv": [ 6.75, 15.625, 9.5, 15.75 ], "texture": "#voxels_atlas", "cullface": "north" },
				"up": { "uv": [ 12.25, 15.875, 15, 15.75 ], "texture": "#voxels_atlas", "cullface": "north" },
				"south": { "uv": [ 2.25, 11.25, 5, 11.5 ], "texture": "#voxels_atlas", "cullface": "north" },
				"west": { "uv": [ 15.875, 14.625, 16, 14.875 ], "texture": "#voxels_atlas", "cullface": "north" },
				"east": { "uv": [ 8.875, 8.125, 8.75, 8.375 ], "texture": "#voxels_atlas", "cullface": "north" }
			}
		},
		{
			"__comment": "Voxels",
			"from": [ 3.5, 6, -10.5 ],
			"to": [ 4.5, 7, -9.5 ],
			"faces": {
				"down": { "uv": [ 10.625, 14.25, 10.875, 14.5 ], "texture": "#voxels_atlas", "cullface": "north" },
				"up": { "uv": [ 10.875, 14.5, 11.125, 14.25 ], "texture": "#voxels_atlas", "cullface": "north" },
				"north": { "uv": [ 11.375, 14.25, 11.125, 14.5 ], "texture": "#voxels_atlas", "cullface": "north" },
				"west": { "uv": [ 11.625, 14.25, 11.875, 14.5 ], "texture": "#voxels_atlas", "cullface": "north" },
				"east": { "uv": [ 12.125, 14.25, 11.875, 14.5 ], "texture": "#voxels_atlas", "cullface": "north" }
			}
		},
		{
			"__comment": "Voxels",
			"from": [ 4, 6, -11 ],
			"to": [ 4.5, 7, -10.5 ],
			"faces": {
				"down": { "uv": [ 8.75, 12.5, 8.875, 12.625 ], "texture": "#voxels_atlas", "cullface": "north" },
				"up": { "uv": [ 8.75, 12.125, 8.875, 12 ], "texture": "#voxels_atlas", "cullface": "north" },
				"north": { "uv": [ 8.875, 8.375, 8.75, 8.625 ], "texture": "#voxels_atlas", "cullface": "north" },
				"west": { "uv": [ 8.75, 8.875, 8.875, 9.125 ], "texture": "#voxels_atlas", "cullface": "north" },
				"east": { "uv": [ 8.875, 9.625, 8.75, 9.875 ], "texture": "#voxels_atlas", "cullface": "north" }
			}
		},
		{
			"__comment": "Voxels",
			"from": [ 4, 6, -2.5 ],
			"to": [ 13, 7, 0 ],
			"faces": {
				"down": { "uv": [ 0, 14.75, 2.25, 15.375 ], "texture": "#voxels_atlas", "cullface": "north" },
				"up": { "uv": [ 0, 16, 2.25, 15.375 ], "texture": "#voxels_atlas", "cullface": "north" },
				"south": { "uv": [ 2.75, 10, 5, 10.25 ], "texture": "#voxels_atlas", "cullface": "north" },
				"west": { "uv": [ 8.25, 15, 8.875, 15.25 ], "texture": "#voxels_atlas", "cullface": "north" },
				"east": { "uv": [ 8.875, 13, 8.25, 13.25 ], "texture": "#voxels_atlas", "cullface": "north" }
			}
		},
		{
			"__comment": "Voxels",
			"from": [ 4, 6, 0 ],
			"to": [ 5.5, 7, 0.5 ],
			"faces": {
				"down": { "uv": [ 15.375, 14.125, 15.75, 14.25 ], "texture": "#voxels_atlas" },
				"up": { "uv": [ 9.875, 14.125, 10.25, 14 ], "texture": "#voxels_atlas" },
				"south": { "uv": [ 11.875, 14.875, 12.25, 15.125 ], "texture": "#voxels_atlas" },
				"west": { "uv": [ 7, 9.125, 7.125, 9.375 ], "texture": "#voxels_atlas" },
				"east": { "uv": [ 10.125, 11.625, 10, 11.875 ], "texture": "#voxels_atlas" }
			}
		},
		{
			"__comment": "Voxels",
			"from": [ 4, 6, 0.5 ],
			"to": [ 5, 7, 1.5 ],
			"faces": {
				"down": { "uv": [ 12.125, 14.25, 12.375, 14.5 ], "texture": "#voxels_atlas" },
				"up": { "uv": [ 12.375, 14.5, 12.625, 14.25 ], "texture": "#voxels_atlas" },
				"south": { "uv": [ 12.875, 14.25, 13.125, 14.5 ], "texture": "#voxels_atlas" },
				"west": { "uv": [ 13.125, 14.25, 13.375, 14.5 ], "texture": "#voxels_atlas" },
				"east": { "uv": [ 14.125, 14.25, 13.875, 14.5 ], "texture": "#voxels_atlas" }
			}
		},
		{
			"__comment": "Voxels",
			"from": [ 4, 6, 1.5 ],
			"to": [ 4.5, 7, 2.5 ],
			"faces": {
				"down": { "uv": [ 10.125, 11.875, 10.25, 12.125 ], "texture": "#voxels_atlas" },
				"up": { "uv": [ 10.125, 12.5, 10.25, 12.25 ], "texture": "#voxels_atlas" },
				"south": { "uv": [ 9.875, 8.5, 10, 8.75 ], "texture": "#voxels_atlas" },
				"west": { "uv": [ 14.125, 14.25, 14.375, 14.5 ], "texture": "#voxels_atlas" },
				"east": { "uv": [ 14.625, 14.25, 14.375, 14.5 ], "texture": "#voxels_atlas" }
			}
		},
		{
			"__comment": "Voxels",
			"from": [ 5.5, 6, -8 ],
			"to": [ 7, 7, -7.5 ],
			"faces": {
				"down": { "uv": [ 8.5, 11.875, 8.875, 12 ], "texture": "#voxels_atlas", "cullface": "north" },
				"up": { "uv": [ 8.5, 13.375, 8.875, 13.25 ], "texture": "#voxels_atlas", "cullface": "north" },
				"north": { "uv": [ 12.625, 14.875, 12.25, 15.125 ], "texture": "#voxels_atlas", "cullface": "north" },
				"east": { "uv": [ 10.25, 11.375, 10.125, 11.625 ], "texture": "#voxels_atlas", "cullface": "north" }
			}
		},
		{
			"__comment": "Voxels",
			"from": [ 6, 6, 4.5 ],
			"to": [ 11, 7, 5 ],
			"faces": {
				"down": { "uv": [ 8.875, 15.125, 10.125, 15.25 ], "texture": "#voxels_atlas" },
				"up": { "uv": [ 10.125, 15.25, 11.375, 15.125 ], "texture": "#voxels_atlas" },
				"north": { "uv": [ 6.25, 11, 5, 11.25 ], "texture": "#voxels_atlas" },
				"south": { "uv": [ 5, 11.25, 6.25, 11.5 ], "texture": "#voxels_atlas" },
				"west": { "uv": [ 10, 11.875, 10.125, 12.125 ], "texture": "#voxels_atlas" },
				"east": { "uv": [ 10.125, 12.25, 10, 12.5 ], "texture": "#voxels_atlas" }
			}
		},
		{
			"__comment": "Voxels",
			"from": [ 6.5, 6, 0 ],
			"to": [ 10.5, 7, 0.5 ],
			"faces": {
				"down": { "uv": [ 14.625, 15.125, 15.625, 15.25 ], "texture": "#voxels_atlas" },
				"up": { "uv": [ 13.625, 15.25, 14.625, 15.125 ], "texture": "#voxels_atlas" },
				"south": { "uv": [ 8.625, 15.375, 9.625, 15.625 ], "texture": "#voxels_atlas" },
				"west": { "uv": [ 10.125, 12.5, 10.25, 12.75 ], "texture": "#voxels_atlas" },
				"east": { "uv": [ 10.125, 12.5, 10, 12.75 ], "texture": "#voxels_atlas" }
			}
		},
		{
			"__comment": "Voxels",
			"from": [ 6.5, 6, 5 ],
			"to": [ 10.5, 7, 5.5 ],
			"faces": {
				"down": { "uv": [ 15, 15.625, 16, 15.75 ], "texture": "#voxels_atlas" },
				"up": { "uv": [ 15, 15.875, 16, 15.75 ], "texture": "#voxels_atlas" },
				"south": { "uv": [ 5, 10, 6, 10.25 ], "texture": "#voxels_atlas" },
				"west": { "uv": [ 10.125, 12.75, 10.25, 13 ], "texture": "#voxels_atlas" },
				"east": { "uv": [ 10.25, 13.125, 10.125, 13.375 ], "texture": "#voxels_atlas" }
			}
		},
		{
			"__comment": "Voxels",
			"from": [ 7, 5.5, -6.5 ],
			"to": [ 10, 6, -1 ],
			"faces": {
				"down": { "uv": [ 0.75, 12, 1.5, 13.375 ], "texture": "#voxels_atlas", "cullface": "north" },
				"up": { "uv": [ 0, 13.375, 0.75, 12 ], "texture": "#voxels_atlas", "cullface": "north" },
				"north": { "uv": [ 14.5, 15, 13.75, 15.125 ], "texture": "#voxels_atlas", "cullface": "north" },
				"south": { "uv": [ 15.125, 15.25, 15.875, 15.375 ], "texture": "#voxels_atlas", "cullface": "north" },
				"west": { "uv": [ 13.625, 15.625, 15, 15.75 ], "texture": "#voxels_atlas", "cullface": "north" },
				"east": { "uv": [ 12.25, 15.625, 10.875, 15.75 ], "texture": "#voxels_atlas", "cullface": "north" }
			}
		},
		{
			"__comment": "Voxels",
			"from": [ 7, 6, 0.5 ],
			"to": [ 10, 7, 1 ],
			"faces": {
				"down": { "uv": [ 15.25, 14.875, 16, 15 ], "texture": "#voxels_atlas" },
				"up": { "uv": [ 1, 9.375, 1.75, 9.25 ], "texture": "#voxels_atlas" },
				"south": { "uv": [ 14.875, 15.375, 15.625, 15.625 ], "texture": "#voxels_atlas" },
				"west": { "uv": [ 10, 13.125, 10.125, 13.375 ], "texture": "#voxels_atlas" },
				"east": { "uv": [ 10, 10.5, 9.875, 10.75 ], "texture": "#voxels_atlas" }
			}
		},
		{
			"__comment": "Voxels",
			"from": [ 7, 6, 21.5 ],
			"to": [ 10, 7, 23.5 ],
			"faces": {
				"down": { "uv": [ 0.5, 8.75, 1.25, 9.25 ], "texture": "#voxels_atlas", "cullface": "south" },
				"up": { "uv": [ 1, 9.875, 1.75, 9.375 ], "texture": "#voxels_atlas", "cullface": "south" },
				"north": { "uv": [ 12.625, 15.375, 11.875, 15.625 ], "texture": "#voxels_atlas", "cullface": "south" },
				"south": { "uv": [ 11.125, 15.375, 11.875, 15.625 ], "texture": "#voxels_atlas", "cullface": "south" },
				"west": { "uv": [ 8.25, 10.125, 8.75, 10.375 ], "texture": "#voxels_atlas", "cullface": "south" },
				"east": { "uv": [ 6.25, 8, 5.75, 8.25 ], "texture": "#voxels_atlas", "cullface": "south" }
			}
		},
		{
			"__comment": "Voxels",
			"from": [ 7, 6, 24.5 ],
			"to": [ 10, 7, 26 ],
			"faces": {
				"down": { "uv": [ 0.5, 8.375, 1.25, 8.75 ], "texture": "#voxels_atlas", "cullface": "south" },
				"up": { "uv": [ 0.5, 8.375, 1.25, 8 ], "texture": "#voxels_atlas", "cullface": "south" },
				"north": { "uv": [ 14.125, 15.375, 13.375, 15.625 ], "texture": "#voxels_atlas", "cullface": "south" },
				"south": { "uv": [ 10.375, 15.375, 11.125, 15.625 ], "texture": "#voxels_atlas", "cullface": "south" },
				"west": { "uv": [ 13.375, 14.875, 13.75, 15.125 ], "texture": "#voxels_atlas", "cullface": "south" },
				"east": { "uv": [ 13.375, 14.875, 13, 15.125 ], "texture": "#voxels_atlas", "cullface": "south" }
			}
		},
		{
			"__comment": "Voxels",
			"from": [ 7, 7, -6.5 ],
			"to": [ 10, 7.5, -1 ],
			"faces": {
				"down": { "uv": [ 0, 13.375, 0.75, 14.75 ], "texture": "#voxels_atlas", "cullface": "north" },
				"up": { "uv": [ 1.5, 13.375, 2.25, 12 ], "texture": "#voxels_atlas", "cullface": "north" },
				"north": { "uv": [ 15.25, 14.875, 14.5, 15 ], "texture": "#voxels_atlas", "cullface": "north" },
				"south": { "uv": [ 15.25, 15, 16, 15.125 ], "texture": "#voxels_atlas", "cullface": "north" },
				"west": { "uv": [ 11, 15.25, 12.375, 15.375 ], "texture": "#voxels_atlas", "cullface": "north" },
				"east": { "uv": [ 13.75, 15.25, 12.375, 15.375 ], "texture": "#voxels_atlas", "cullface": "north" }
			}
		},
		{
			"__comment": "Voxels",
			"from": [ 7.5, 5, -6.5 ],
			"to": [ 9.5, 5.5, -1 ],
			"faces": {
				"down": { "uv": [ 1, 10.625, 1.5, 12 ], "texture": "#voxels_atlas", "cullface": "north" },
				"north": { "uv": [ 11.875, 14.5, 11.375, 14.625 ], "texture": "#voxels_atlas", "cullface": "north" },
				"south": { "uv": [ 11.875, 14.5, 12.375, 14.625 ], "texture": "#voxels_atlas", "cullface": "north" },
				"west": { "uv": [ 8.25, 15.25, 9.625, 15.375 ], "texture": "#voxels_atlas", "cullface": "north" },
				"east": { "uv": [ 10.875, 15.625, 9.5, 15.75 ], "texture": "#voxels_atlas", "cullface": "north" }
			}
		},
		{
			"__comment": "Voxels",
			"from": [ 7.5, 5.5, 2 ],
			"to": [ 9.5, 7.5, 2.5 ],
			"faces": {
				"down": { "uv": [ 12.375, 14.5, 12.875, 14.625 ], "texture": "#voxels_atlas" },
				"up": { "uv": [ 12.875, 14.625, 13.375, 14.5 ], "texture": "#voxels_atlas" },
				"north": { "uv": [ 7.625, 10.625, 7.125, 11.125 ], "texture": "#voxels_atlas" },
				"south": { "uv": [ 7.125, 10.125, 7.625, 10.625 ], "texture": "#voxels_atlas" },
				"west": { "uv": [ 8, 13.75, 8.125, 14.25 ], "texture": "#voxels_atlas" },
				"east": { "uv": [ 8.125, 13.25, 8, 13.75 ], "texture": "#voxels_atlas" }
			}
		},
		{
			"__comment": "Voxels",
			"from": [ 7.5, 5.5, 3 ],
			"to": [ 9.5, 7.5, 4.5 ],
			"faces": {
				"down": { "uv": [ 7.625, 11.75, 8.125, 12.125 ], "texture": "#voxels_atlas" },
				"up": { "uv": [ 7.625, 15, 8.125, 14.625 ], "texture": "#voxels_atlas" },
				"north": { "uv": [ 2.25, 9.375, 1.75, 9.875 ], "texture": "#voxels_atlas" },
				"south": { "uv": [ 7.125, 15.125, 7.625, 15.625 ], "texture": "#voxels_atlas" },
				"west": { "uv": [ 7.625, 13.75, 8, 14.25 ], "texture": "#voxels_atlas" },
				"east": { "uv": [ 8, 13.25, 7.625, 13.75 ], "texture": "#voxels_atlas" }
			}
		},
		{
			"__comment": "Voxels",
			"from": [ 7.5, 5.5, 4.5 ],
			"to": [ 9.5, 6, 6.5 ],
			"faces": {
				"down": { "uv": [ 7.125, 14.625, 7.625, 15.125 ], "texture": "#voxels_atlas" },
				"up": { "uv": [ 7.125, 14.625, 7.625, 14.125 ], "texture": "#voxels_atlas" },
				"south": { "uv": [ 13.875, 14.5, 14.375, 14.625 ], "texture": "#voxels_atlas" },
				"west": { "uv": [ 14.375, 14.5, 14.875, 14.625 ], "texture": "#voxels_atlas" },
				"east": { "uv": [ 15.375, 14.5, 14.875, 14.625 ], "texture": "#voxels_atlas" }
			}
		},
		{
			"__comment": "Voxels",
			"from": [ 7.5, 5.5, 10.5 ],
			"to": [ 9.5, 7.5, 11 ],
			"faces": {
				"down": { "uv": [ 15.375, 14.5, 15.875, 14.625 ], "texture": "#voxels_atlas" },
				"up": { "uv": [ 9.875, 14.25, 10.375, 14.125 ], "texture": "#voxels_atlas" },
				"north": { "uv": [ 7.625, 13.625, 7.125, 14.125 ], "texture": "#voxels_atlas" },
				"south": { "uv": [ 7.125, 13.125, 7.625, 13.625 ], "texture": "#voxels_atlas" },
				"west": { "uv": [ 8.75, 14, 8.875, 14.5 ], "texture": "#voxels_atlas" },
				"east": { "uv": [ 8.875, 13.375, 8.75, 13.875 ], "texture": "#voxels_atlas" }
			}
		},
		{
			"__comment": "Voxels",
			"from": [ 7.5, 5.5, 20.5 ],
			"to": [ 9.5, 7.5, 21.5 ],
			"faces": {
				"down": { "uv": [ 8.25, 9.125, 8.75, 9.375 ], "texture": "#voxels_atlas", "cullface": "south" },
				"up": { "uv": [ 5.75, 13.5, 6.25, 13.25 ], "texture": "#voxels_atlas", "cullface": "south" },
				"north": { "uv": [ 7.625, 12.625, 7.125, 13.125 ], "texture": "#voxels_atlas", "cullface": "south" },
				"south": { "uv": [ 7.125, 12.125, 7.625, 12.625 ], "texture": "#voxels_atlas", "cullface": "south" },
				"west": { "uv": [ 8.25, 10.375, 8.5, 10.875 ], "texture": "#voxels_atlas", "cullface": "south" },
				"east": { "uv": [ 8.75, 10.875, 8.5, 11.375 ], "texture": "#voxels_atlas", "cullface": "south" }
			}
		},
		{
			"__comment": "Voxels",
			"from": [ 7.5, 5.5, 21.5 ],
			"to": [ 9.5, 6, 27 ],
			"faces": {
				"down": { "uv": [ 0.5, 9.25, 1, 10.625 ], "texture": "#voxels_atlas", "cullface": "south" },
				"up": { "uv": [ 0, 10.625, 0.5, 9.25 ], "texture": "#voxels_atlas", "cullface": "south" },
				"south": { "uv": [ 10.875, 14.125, 11.375, 14.25 ], "texture": "#voxels_atlas", "cullface": "south" },
				"west": { "uv": [ 9.625, 15.25, 11, 15.375 ], "texture": "#voxels_atlas", "cullface": "south" },
				"east": { "uv": [ 15.125, 15.25, 13.75, 15.375 ], "texture": "#voxels_atlas", "cullface": "south" }
			}
		},
		{
			"__comment": "Voxels",
			"from": [ 7.5, 6, 1 ],
			"to": [ 9.5, 7, 1.5 ],
			"faces": {
				"down": { "uv": [ 11.375, 14.125, 11.875, 14.25 ], "texture": "#voxels_atlas" },
				"up": { "uv": [ 11.875, 14.25, 12.375, 14.125 ], "texture": "#voxels_atlas" },
				"south": { "uv": [ 9.875, 14.875, 10.375, 15.125 ], "texture": "#voxels_atlas" },
				"west": { "uv": [ 9.875, 10.75, 10, 11 ], "texture": "#voxels_atlas" },
				"east": { "uv": [ 10, 11, 9.875, 11.25 ], "texture": "#voxels_atlas" }
			}
		},
		{
			"__comment": "Voxels",
			"from": [ 7.5, 6, 5.5 ],
			"to": [ 9.5, 7.5, 6.5 ],
			"faces": {
				"up": { "uv": [ 8.25, 9.125, 8.75, 8.875 ], "texture": "#voxels_atlas" },
				"north": { "uv": [ 8.125, 8.75, 7.625, 9.125 ], "texture": "#voxels_atlas" },
				"south": { "uv": [ 7.125, 8.125, 7.625, 8.5 ], "texture": "#voxels_atlas" },
				"west": { "uv": [ 9.125, 11.875, 9.375, 12.25 ], "texture": "#voxels_atlas" },
				"east": { "uv": [ 9.375, 8.875, 9.125, 9.25 ], "texture": "#voxels_atlas" }
			}
		},
		{
			"__comment": "Voxels",
			"from": [ 7.5, 6, 23.5 ],
			"to": [ 9.5, 7.5, 24.5 ],
			"faces": {
				"up": { "uv": [ 11.375, 15.125, 11.875, 14.875 ], "texture": "#voxels_atlas", "cullface": "south" },
				"north": { "uv": [ 8.125, 15, 7.625, 15.375 ], "texture": "#voxels_atlas", "cullface": "south" },
				"south": { "uv": [ 7.625, 9.125, 8.125, 9.5 ], "texture": "#voxels_atlas", "cullface": "south" },
				"west": { "uv": [ 9.125, 13.75, 9.375, 14.125 ], "texture": "#voxels_atlas", "cullface": "south" },
				"east": { "uv": [ 9.375, 14.125, 9.125, 14.5 ], "texture": "#voxels_atlas", "cullface": "south" }
			}
		},
		{
			"__comment": "Voxels",
			"from": [ 7.5, 6, 26 ],
			"to": [ 9.5, 7.5, 27 ],
			"faces": {
				"up": { "uv": [ 8.25, 8.625, 8.75, 8.375 ], "texture": "#voxels_atlas", "cullface": "south" },
				"north": { "uv": [ 8.125, 9.5, 7.625, 9.875 ], "texture": "#voxels_atlas", "cullface": "south" },
				"south": { "uv": [ 7.625, 10.625, 8.125, 11 ], "texture": "#voxels_atlas", "cullface": "south" },
				"west": { "uv": [ 9.125, 9.625, 9.375, 10 ], "texture": "#voxels_atlas", "cullface": "south" },
				"east": { "uv": [ 9.375, 9.25, 9.125, 9.625 ], "texture": "#voxels_atlas", "cullface": "south" }
			}
		},
		{
			"__comment": "Voxels",
			"from": [ 7.5, 7, 4.5 ],
			"to": [ 9.5, 7.5, 5.5 ],
			"faces": {
				"down": { "uv": [ 8.875, 14.875, 9.375, 15.125 ], "texture": "#voxels_atlas" },
				"up": { "uv": [ 9.375, 15.125, 9.875, 14.875 ], "texture": "#voxels_atlas" },
				"west": { "uv": [ 15.25, 13.875, 15.5, 14 ], "texture": "#voxels_atlas" },
				"east": { "uv": [ 13.75, 13.875, 13.5, 14 ], "texture": "#voxels_atlas" }
			}
		},
		{
			"__comment": "Voxels",
			"from": [ 7.5, 7, 21.5 ],
			"to": [ 9.5, 7.5, 23.5 ],
			"faces": {
				"up": { "uv": [ 7.125, 11.625, 7.625, 11.125 ], "texture": "#voxels_atlas", "cullface": "south" },
				"west": { "uv": [ 7.125, 8, 7.625, 8.125 ], "texture": "#voxels_atlas", "cullface": "south" },
				"east": { "uv": [ 8.75, 8, 8.25, 8.125 ], "texture": "#voxels_atlas", "cullface": "south" }
			}
		},
		{
			"__comment": "Voxels",
			"from": [ 7.5, 7, 24.5 ],
			"to": [ 9.5, 7.5, 26 ],
			"faces": {
				"up": { "uv": [ 7.625, 14.625, 8.125, 14.25 ], "texture": "#voxels_atlas", "cullface": "south" },
				"west": { "uv": [ 15.625, 15.875, 16, 16 ], "texture": "#voxels_atlas", "cullface": "south" },
				"east": { "uv": [ 14.25, 14.125, 13.875, 14.25 ], "texture": "#voxels_atlas", "cullface": "south" }
			}
		},
		{
			"__comment": "Voxels",
			"from": [ 7.5, 7.5, -6.5 ],
			"to": [ 9.5, 8, -1 ],
			"faces": {
				"up": { "uv": [ 1.5, 12, 2, 10.625 ], "texture": "#voxels_atlas", "cullface": "north" },
				"north": { "uv": [ 11.375, 14.625, 10.875, 14.75 ], "texture": "#voxels_atlas", "cullface": "north" },
				"south": { "uv": [ 11.375, 14.75, 11.875, 14.875 ], "texture": "#voxels_atlas", "cullface": "north" },
				"west": { "uv": [ 12.25, 15.625, 13.625, 15.75 ], "texture": "#voxels_atlas", "cullface": "north" },
				"east": { "uv": [ 15.625, 15.875, 14.25, 16 ], "texture": "#voxels_atlas", "cullface": "north" }
			}
		},
		{
			"__comment": "Voxels",
			"from": [ 8, -1.5, -4.5 ],
			"to": [ 9, 5, -4 ],
			"faces": {
				"down": { "uv": [ 11.75, 13.875, 12, 14 ], "texture": "#voxels_atlas", "cullface": "north" },
				"north": { "uv": [ 3, 8.125, 2.75, 9.75 ], "texture": "#voxels_atlas", "cullface": "north" },
				"south": { "uv": [ 3, 8.125, 3.25, 9.75 ], "texture": "#voxels_atlas", "cullface": "north" },
				"west": { "uv": [ 7.125, 8.5, 7.25, 10.125 ], "texture": "#voxels_atlas", "cullface": "north" },
				"east": { "uv": [ 7.375, 8.5, 7.25, 10.125 ], "texture": "#voxels_atlas", "cullface": "north" }
			}
		},
		{
			"__comment": "Voxels",
			"from": [ 8, -1, -5.5 ],
			"to": [ 9, 5, -4.5 ],
			"faces": {
				"down": { "uv": [ 6, 15.25, 6.25, 15.5 ], "texture": "#voxels_atlas", "cullface": "north" },
				"north": { "uv": [ 5.5, 8.25, 5.25, 9.75 ], "texture": "#voxels_atlas", "cullface": "north" },
				"west": { "uv": [ 5, 8.25, 5.25, 9.75 ], "texture": "#voxels_atlas", "cullface": "north" },
				"east": { "uv": [ 6, 8.25, 5.75, 9.75 ], "texture": "#voxels_atlas", "cullface": "north" }
			}
		},
		{
			"__comment": "Voxels",
			"from": [ 8, -0.5, -6.5 ],
			"to": [ 9, 5, -5.5 ],
			"faces": {
				"down": { "uv": [ 6, 14.75, 6.25, 15 ], "texture": "#voxels_atlas", "cullface": "north" },
				"north": { "uv": [ 6.75, 14.375, 6.5, 15.75 ], "texture": "#voxels_atlas", "cullface": "north" },
				"west": { "uv": [ 6.25, 10.25, 6.5, 11.625 ], "texture": "#voxels_atlas", "cullface": "north" },
				"east": { "uv": [ 6.5, 8.875, 6.25, 10.25 ], "texture": "#voxels_atlas", "cullface": "north" }
			}
		},
		{
			"__comment": "Voxels",
			"from": [ 8, -0.5, -4 ],
			"to": [ 9, 5, -3.5 ],
			"faces": {
				"down": { "uv": [ 2, 8, 2.25, 8.125 ], "texture": "#voxels_atlas", "cullface": "north" },
				"south": { "uv": [ 6.25, 13, 6.5, 14.375 ], "texture": "#voxels_atlas", "cullface": "north" },
				"west": { "uv": [ 8.125, 14, 8.25, 15.375 ], "texture": "#voxels_atlas", "cullface": "north" },
				"east": { "uv": [ 8.25, 12.625, 8.125, 14 ], "texture": "#voxels_atlas", "cullface": "north" }
			}
		},
		{
			"__comment": "Voxels",
			"from": [ 8, 0, -7.5 ],
			"to": [ 9, 6, -6.5 ],
			"faces": {
				"down": { "uv": [ 6, 10.75, 6.25, 11 ], "texture": "#voxels_atlas", "cullface": "north" },
				"north": { "uv": [ 3.5, 8.25, 3.25, 9.75 ], "texture": "#voxels_atlas", "cullface": "north" },
				"south": { "uv": [ 4.75, 8.25, 5, 9.75 ], "texture": "#voxels_atlas", "cullface": "north" },
				"west": { "uv": [ 4.5, 8.25, 4.75, 9.75 ], "texture": "#voxels_atlas", "cullface": "north" },
				"east": { "uv": [ 4.25, 8.25, 4, 9.75 ], "texture": "#voxels_atlas", "cullface": "north" }
			}
		},
		{
			"__comment": "Voxels",
			"from": [ 8, 0.5, -8.5 ],
			"to": [ 9, 3.5, -7.5 ],
			"faces": {
				"down": { "uv": [ 6, 10.25, 6.25, 10.5 ], "texture": "#voxels_atlas", "cullface": "north" },
				"up": { "uv": [ 6, 10.25, 6.25, 10 ], "texture": "#voxels_atlas", "cullface": "north" },
				"north": { "uv": [ 7.875, 12.125, 7.625, 12.875 ], "texture": "#voxels_atlas", "cullface": "north" },
				"west": { "uv": [ 7.625, 11, 7.875, 11.75 ], "texture": "#voxels_atlas", "cullface": "north" },
				"east": { "uv": [ 7.875, 9.875, 7.625, 10.625 ], "texture": "#voxels_atlas", "cullface": "north" }
			}
		},
		{
			"__comment": "Voxels",
			"from": [ 8, 0.5, -3.5 ],
			"to": [ 9, 5, -3 ],
			"faces": {
				"down": { "uv": [ 10, 9.875, 10.25, 10 ], "texture": "#voxels_atlas", "cullface": "north" },
				"south": { "uv": [ 1.5, 8.125, 1.75, 9.25 ], "texture": "#voxels_atlas", "cullface": "north" },
				"west": { "uv": [ 8.125, 10.375, 8.25, 11.5 ], "texture": "#voxels_atlas", "cullface": "north" },
				"east": { "uv": [ 8.25, 9.25, 8.125, 10.375 ], "texture": "#voxels_atlas", "cullface": "north" }
			}
		},
		{
			"__comment": "Voxels",
			"from": [ 8, 1, -9.5 ],
			"to": [ 9, 3, -8.5 ],
			"faces": {
				"down": { "uv": [ 3.25, 8, 3.5, 8.25 ], "texture": "#voxels_atlas", "cullface": "north" },
				"up": { "uv": [ 3.5, 8.25, 3.75, 8 ], "texture": "#voxels_atlas", "cullface": "north" },
				"north": { "uv": [ 9.125, 14.375, 8.875, 14.875 ], "texture": "#voxels_atlas", "cullface": "north" },
				"west": { "uv": [ 8.875, 13.375, 9.125, 13.875 ], "texture": "#voxels_atlas", "cullface": "north" },
				"east": { "uv": [ 9.125, 12.875, 8.875, 13.375 ], "texture": "#voxels_atlas", "cullface": "north" }
			}
		},
		{
			"__comment": "Voxels",
			"from": [ 8, 1, -3 ],
			"to": [ 9, 5, -2.5 ],
			"faces": {
				"down": { "uv": [ 10, 13.625, 10.25, 13.75 ], "texture": "#voxels_atlas", "cullface": "north" },
				"south": { "uv": [ 6.75, 12.125, 7, 13.125 ], "texture": "#voxels_atlas", "cullface": "north" },
				"west": { "uv": [ 7, 12.125, 7.125, 13.125 ], "texture": "#voxels_atlas", "cullface": "north" },
				"east": { "uv": [ 7.125, 11.125, 7, 12.125 ], "texture": "#voxels_atlas", "cullface": "north" }
			}
		},
		{
			"__comment": "Voxels",
			"from": [ 8, 1.5, -10.5 ],
			"to": [ 9, 2.5, -9.5 ],
			"faces": {
				"down": { "uv": [ 3.75, 8, 4, 8.25 ], "texture": "#voxels_atlas", "cullface": "north" },
				"up": { "uv": [ 4, 8.25, 4.25, 8 ], "texture": "#voxels_atlas", "cullface": "north" },
				"north": { "uv": [ 4.5, 8, 4.25, 8.25 ], "texture": "#voxels_atlas", "cullface": "north" },
				"west": { "uv": [ 4.75, 8, 5, 8.25 ], "texture": "#voxels_atlas", "cullface": "north" },
				"east": { "uv": [ 5.25, 8, 5, 8.25 ], "texture": "#voxels_atlas", "cullface": "north" }
			}
		},
		{
			"__comment": "Voxels",
			"from": [ 8, 2, -11 ],
			"to": [ 9, 2.5, -10.5 ],
			"faces": {
				"down": { "uv": [ 13, 13.875, 13.25, 14 ], "texture": "#voxels_atlas", "cullface": "north" },
				"up": { "uv": [ 10, 14, 10.25, 13.875 ], "texture": "#voxels_atlas", "cullface": "north" },
				"north": { "uv": [ 16, 14, 15.75, 14.125 ], "texture": "#voxels_atlas", "cullface": "north" },
				"west": { "uv": [ 8.75, 13.875, 8.875, 14 ], "texture": "#voxels_atlas", "cullface": "north" },
				"east": { "uv": [ 16, 14.5, 15.875, 14.625 ], "texture": "#voxels_atlas", "cullface": "north" }
			}
		},
		{
			"__comment": "Voxels",
			"from": [ 8, 2, -2.5 ],
			"to": [ 9, 5, 0 ],
			"faces": {
				"down": { "uv": [ 8.5, 13.875, 8.75, 14.5 ], "texture": "#voxels_atlas", "cullface": "north" },
				"up": { "uv": [ 2.25, 8.625, 2.5, 8 ], "texture": "#voxels_atlas", "cullface": "north" },
				"south": { "uv": [ 7.375, 8.625, 7.625, 9.375 ], "texture": "#voxels_atlas", "cullface": "north" },
				"west": { "uv": [ 1, 9.875, 1.625, 10.625 ], "texture": "#voxels_atlas", "cullface": "north" },
				"east": { "uv": [ 2.25, 9.875, 1.625, 10.625 ], "texture": "#voxels_atlas", "cullface": "north" }
			}
		},
		{
			"__comment": "Voxels",
			"from": [ 8, 2, 0 ],
			"to": [ 9, 3.5, 0.5 ],
			"faces": {
				"down": { "uv": [ 10.75, 13.875, 11, 14 ], "texture": "#voxels_atlas" },
				"up": { "uv": [ 11, 14, 11.25, 13.875 ], "texture": "#voxels_atlas" },
				"south": { "uv": [ 9.125, 12.625, 9.375, 13 ], "texture": "#voxels_atlas" },
				"west": { "uv": [ 9.625, 9.875, 9.75, 10.25 ], "texture": "#voxels_atlas" },
				"east": { "uv": [ 7.125, 8, 7, 8.375 ], "texture": "#voxels_atlas" }
			}
		},
		{
			"__comment": "Voxels",
			"from": [ 8, 2, 0.5 ],
			"to": [ 9, 3, 1.5 ],
			"faces": {
				"down": { "uv": [ 5.25, 8, 5.5, 8.25 ], "texture": "#voxels_atlas" },
				"up": { "uv": [ 5.5, 8.25, 5.75, 8 ], "texture": "#voxels_atlas" },
				"south": { "uv": [ 11.875, 14.625, 12.125, 14.875 ], "texture": "#voxels_atlas" },
				"west": { "uv": [ 12.125, 14.625, 12.375, 14.875 ], "texture": "#voxels_atlas" },
				"east": { "uv": [ 12.625, 14.625, 12.375, 14.875 ], "texture": "#voxels_atlas" }
			}
		},
		{
			"__comment": "Voxels",
			"from": [ 8, 2, 1.5 ],
			"to": [ 9, 2.5, 2.5 ],
			"faces": {
				"down": { "uv": [ 12.625, 14.625, 12.875, 14.875 ], "texture": "#voxels_atlas" },
				"up": { "uv": [ 12.875, 14.875, 13.125, 14.625 ], "texture": "#voxels_atlas" },
				"south": { "uv": [ 15.75, 13.875, 16, 14 ], "texture": "#voxels_atlas" },
				"west": { "uv": [ 11, 13.75, 11.25, 13.875 ], "texture": "#voxels_atlas" },
				"east": { "uv": [ 14.75, 13.75, 14.5, 13.875 ], "texture": "#voxels_atlas" }
			}
		},
		{
			"__comment": "Voxels",
			"from": [ 8, 3.5, -8 ],
			"to": [ 9, 5, -7.5 ],
			"faces": {
				"up": { "uv": [ 15.5, 13.875, 15.75, 13.75 ], "texture": "#voxels_atlas", "cullface": "north" },
				"north": { "uv": [ 9.375, 14.5, 9.125, 14.875 ], "texture": "#voxels_atlas", "cullface": "north" },
				"west": { "uv": [ 9.625, 8.75, 9.75, 9.125 ], "texture": "#voxels_atlas", "cullface": "north" },
				"east": { "uv": [ 9.875, 8.75, 9.75, 9.125 ], "texture": "#voxels_atlas", "cullface": "north" }
			}
		},
		{
			"__comment": "Voxels",
			"from": [ 8, 4, 4.5 ],
			"to": [ 9, 5.5, 5 ],
			"faces": {
				"down": { "uv": [ 10, 12.125, 10.25, 12.25 ], "texture": "#voxels_atlas" },
				"north": { "uv": [ 9.375, 10, 9.125, 10.375 ], "texture": "#voxels_atlas" },
				"south": { "uv": [ 8.875, 9.375, 9.125, 9.75 ], "texture": "#voxels_atlas" },
				"west": { "uv": [ 8.75, 12.125, 8.875, 12.5 ], "texture": "#voxels_atlas" },
				"east": { "uv": [ 8.875, 10.5, 8.75, 10.875 ], "texture": "#voxels_atlas" }
			}
		},
		{
			"__comment": "Voxels",
			"from": [ 8, 4.5, 0 ],
			"to": [ 9, 6, 0.5 ],
			"faces": {
				"down": { "uv": [ 15.75, 13.75, 16, 13.875 ], "texture": "#voxels_atlas" },
				"north": { "uv": [ 9.125, 9.75, 8.875, 10.125 ], "texture": "#voxels_atlas", "cullface": "north" },
				"south": { "uv": [ 6.75, 8, 7, 8.375 ], "texture": "#voxels_atlas" },
				"west": { "uv": [ 8.75, 11.5, 8.875, 11.875 ], "texture": "#voxels_atlas" },
				"east": { "uv": [ 8.875, 11, 8.75, 11.375 ], "texture": "#voxels_atlas" }
			}
		},
		{
			"__comment": "Voxels",
			"from": [ 8, 4.5, 5 ],
			"to": [ 9, 5.5, 5.5 ],
			"faces": {
				"down": { "uv": [ 12.75, 14, 13, 14.125 ], "texture": "#voxels_atlas" },
				"south": { "uv": [ 13.375, 14.625, 13.625, 14.875 ], "texture": "#voxels_atlas" },
				"west": { "uv": [ 9.875, 12.5, 10, 12.75 ], "texture": "#voxels_atlas" },
				"east": { "uv": [ 10, 12.25, 9.875, 12.5 ], "texture": "#voxels_atlas" }
			}
		},
		{
			"__comment": "Voxels",
			"from": [ 8, 5, -1 ],
			"to": [ 9, 6, 0 ],
			"faces": {
				"north": { "uv": [ 14.375, 14.625, 14.125, 14.875 ], "texture": "#voxels_atlas", "cullface": "north" },
				"west": { "uv": [ 14.625, 14.625, 14.875, 14.875 ], "texture": "#voxels_atlas", "cullface": "north" },
				"east": { "uv": [ 15.125, 14.625, 14.875, 14.875 ], "texture": "#voxels_atlas", "cullface": "north" }
			}
		},
		{
			"__comment": "Voxels",
			"from": [ 8, 5, 0.5 ],
			"to": [ 9, 6, 1 ],
			"faces": {
				"down": { "uv": [ 10.25, 13.875, 10.5, 14 ], "texture": "#voxels_atlas" },
				"south": { "uv": [ 15.375, 14.625, 15.625, 14.875 ], "texture": "#voxels_atlas" },
				"west": { "uv": [ 9.875, 12, 10, 12.25 ], "texture": "#voxels_atlas" },
				"east": { "uv": [ 10, 11.75, 9.875, 12 ], "texture": "#voxels_atlas" }
			}
		},
		{
			"__comment": "Voxels",
			"from": [ 8, 5, 21.5 ],
			"to": [ 9, 5.5, 23.5 ],
			"faces": {
				"down": { "uv": [ 8.5, 12, 8.75, 12.5 ], "texture": "#voxels_atlas", "cullface": "south" },
				"north": { "uv": [ 12.25, 13.875, 12, 14 ], "texture": "#voxels_atlas", "cullface": "south" },
				"south": { "uv": [ 12.75, 13.875, 13, 14 ], "texture": "#voxels_atlas", "cullface": "south" },
				"west": { "uv": [ 9.375, 14.5, 9.875, 14.625 ], "texture": "#voxels_atlas", "cullface": "south" },
				"east": { "uv": [ 10.375, 14.5, 9.875, 14.625 ], "texture": "#voxels_atlas", "cullface": "south" }
			}
		},
		{
			"__comment": "Voxels",
			"from": [ 8, 5, 24.5 ],
			"to": [ 9, 5.5, 26 ],
			"faces": {
				"down": { "uv": [ 9.125, 12.25, 9.375, 12.625 ], "texture": "#voxels_atlas", "cullface": "south" },
				"north": { "uv": [ 14, 13.875, 13.75, 14 ], "texture": "#voxels_atlas", "cullface": "south" },
				"south": { "uv": [ 14, 13.875, 14.25, 14 ], "texture": "#voxels_atlas", "cullface": "south" },
				"west": { "uv": [ 15.625, 15.125, 16, 15.25 ], "texture": "#voxels_atlas", "cullface": "south" },
				"east": { "uv": [ 14.625, 14.125, 14.25, 14.25 ], "texture": "#voxels_atlas", "cullface": "south" }
			}
		},
		{
			"__comment": "Voxels",
			"from": [ 8, 5.5, 1 ],
			"to": [ 9, 6, 1.5 ],
			"faces": {
				"down": { "uv": [ 14.25, 13.875, 14.5, 14 ], "texture": "#voxels_atlas" },
				"south": { "uv": [ 15, 13.875, 15.25, 14 ], "texture": "#voxels_atlas" },
				"west": { "uv": [ 8.75, 11.375, 8.875, 11.5 ], "texture": "#voxels_atlas" },
				"east": { "uv": [ 8.875, 10.875, 8.75, 11 ], "texture": "#voxels_atlas" }
			}
		},
		{
			"__comment": "Voxels",
			"from": [ 8, 6, -10 ],
			"to": [ 9, 7, -7.5 ],
			"faces": {
				"down": { "uv": [ 8.25, 13.875, 8.5, 14.5 ], "texture": "#voxels_atlas", "cullface": "north" },
				"up": { "uv": [ 8.25, 13.875, 8.5, 13.25 ], "texture": "#voxels_atlas", "cullface": "north" },
				"north": { "uv": [ 15.875, 14.625, 15.625, 14.875 ], "texture": "#voxels_atlas", "cullface": "north" },
				"west": { "uv": [ 8.25, 14.5, 8.875, 14.75 ], "texture": "#voxels_atlas", "cullface": "north" },
				"east": { "uv": [ 8.875, 14.75, 8.25, 15 ], "texture": "#voxels_atlas", "cullface": "north" }
			}
		},
		{
			"__comment": "Voxels",
			"from": [ 8, 6, 1.5 ],
			"to": [ 9, 7, 2 ],
			"faces": {
				"down": { "uv": [ 12.25, 13.75, 12.5, 13.875 ], "texture": "#voxels_atlas" },
				"up": { "uv": [ 14.25, 13.875, 14.5, 13.75 ], "texture": "#voxels_atlas" },
				"west": { "uv": [ 9.875, 10, 10, 10.25 ], "texture": "#voxels_atlas" },
				"east": { "uv": [ 10, 9.25, 9.875, 9.5 ], "texture": "#voxels_atlas" }
			}
		},
		{
			"__comment": "Voxels",
			"from": [ 8, 6, 2.5 ],
			"to": [ 9, 7, 3 ],
			"faces": {
				"down": { "uv": [ 15, 13.75, 15.25, 13.875 ], "texture": "#voxels_atlas" },
				"up": { "uv": [ 15.25, 13.875, 15.5, 13.75 ], "texture": "#voxels_atlas" },
				"west": { "uv": [ 9.875, 8.25, 10, 8.5 ], "texture": "#voxels_atlas" },
				"east": { "uv": [ 10.25, 13.375, 10.125, 13.625 ], "texture": "#voxels_atlas" }
			}
		},
		{
			"__comment": "Voxels",
			"from": [ 8, 6, 6.5 ],
			"to": [ 9, 7, 10.5 ],
			"faces": {
				"down": { "uv": [ 6.75, 9.125, 7, 10.125 ], "texture": "#voxels_atlas" },
				"up": { "uv": [ 6.75, 11.125, 7, 10.125 ], "texture": "#voxels_atlas" },
				"west": { "uv": [ 7.625, 15.375, 8.625, 15.625 ], "texture": "#voxels_atlas" },
				"east": { "uv": [ 6.25, 11.5, 5.25, 11.75 ], "texture": "#voxels_atlas" }
			}
		},
		{
			"__comment": "Voxels",
			"from": [ 8, 6, 11 ],
			"to": [ 9, 7, 20.5 ],
			"faces": {
				"down": { "uv": [ 2.5, 8.125, 2.75, 10.5 ], "texture": "#voxels_atlas", "cullface": "south" },
				"up": { "uv": [ 2.25, 11, 2.5, 8.625 ], "texture": "#voxels_atlas", "cullface": "south" },
				"west": { "uv": [ 2.5, 10.5, 4.875, 10.75 ], "texture": "#voxels_atlas", "cullface": "south" },
				"east": { "uv": [ 4.875, 10.75, 2.5, 11 ], "texture": "#voxels_atlas", "cullface": "south" }
			}
		},
		{
			"__comment": "Voxels",
			"from": [ 8, 6, 27 ],
			"to": [ 9, 7, 27.5 ],
			"faces": {
				"down": { "uv": [ 10, 11.25, 10.25, 11.375 ], "texture": "#voxels_atlas", "cullface": "south" },
				"up": { "uv": [ 10, 10.75, 10.25, 10.625 ], "texture": "#voxels_atlas", "cullface": "south" },
				"south": { "uv": [ 9.375, 11.75, 9.625, 12 ], "texture": "#voxels_atlas", "cullface": "south" },
				"west": { "uv": [ 9.875, 11.5, 10, 11.75 ], "texture": "#voxels_atlas", "cullface": "south" },
				"east": { "uv": [ 10, 11.25, 9.875, 11.5 ], "texture": "#voxels_atlas", "cullface": "south" }
			}
		},
		{
			"__comment": "Voxels",
			"from": [ 8, 7, -7.5 ],
			"to": [ 9, 13, -6.5 ],
			"faces": {
				"up": { "uv": [ 9.375, 11.5, 9.625, 11.25 ], "texture": "#voxels_atlas", "cullface": "north" },
				"north": { "uv": [ 4.5, 8.25, 4.25, 9.75 ], "texture": "#voxels_atlas", "cullface": "north" },
				"south": { "uv": [ 3.75, 8.25, 4, 9.75 ], "texture": "#voxels_atlas", "cullface": "north" },
				"west": { "uv": [ 3.5, 8.25, 3.75, 9.75 ], "texture": "#voxels_atlas", "cullface": "north" },
				"east": { "uv": [ 6.25, 8.25, 6, 9.75 ], "texture": "#voxels_atlas", "cullface": "north" }
			}
		},
		{
			"__comment": "Voxels",
			"from": [ 8, 7, -1 ],
			"to": [ 9, 11, 0 ],
			"faces": {
				"up": { "uv": [ 9.375, 11, 9.625, 10.75 ], "texture": "#voxels_atlas", "cullface": "north" },
				"north": { "uv": [ 6.75, 8, 6.5, 9 ], "texture": "#voxels_atlas", "cullface": "north" },
				"south": { "uv": [ 6.5, 9, 6.75, 10 ], "texture": "#voxels_atlas", "cullface": "north" },
				"west": { "uv": [ 6.5, 11, 6.75, 12 ], "texture": "#voxels_atlas", "cullface": "north" },
				"east": { "uv": [ 6.75, 12, 6.5, 13 ], "texture": "#voxels_atlas", "cullface": "north" }
			}
		},
		{
			"__comment": "Voxels",
			"from": [ 8, 7, 0 ],
			"to": [ 9, 8.5, 0.5 ],
			"faces": {
				"up": { "uv": [ 0.25, 8.125, 0.5, 8 ], "texture": "#voxels_atlas" },
				"south": { "uv": [ 8.875, 10.5, 9.125, 10.875 ], "texture": "#voxels_atlas" },
				"west": { "uv": [ 9.625, 9.5, 9.75, 9.875 ], "texture": "#voxels_atlas" },
				"east": { "uv": [ 9.875, 9.5, 9.75, 9.875 ], "texture": "#voxels_atlas" }
			}
		},
		{
			"__comment": "Voxels",
			"from": [ 8, 7, 0.5 ],
			"to": [ 9, 8, 1 ],
			"faces": {
				"up": { "uv": [ 1.5, 8.125, 1.75, 8 ], "texture": "#voxels_atlas" },
				"south": { "uv": [ 9.375, 10.25, 9.625, 10.5 ], "texture": "#voxels_atlas" },
				"west": { "uv": [ 8.75, 10.125, 8.875, 10.375 ], "texture": "#voxels_atlas" },
				"east": { "uv": [ 8.875, 9.875, 8.75, 10.125 ], "texture": "#voxels_atlas" }
			}
		},
		{
			"__comment": "Voxels",
			"from": [ 8, 7, 1 ],
			"to": [ 9, 7.5, 1.5 ],
			"faces": {
				"up": { "uv": [ 2.75, 8.125, 3, 8 ], "texture": "#voxels_atlas" },
				"south": { "uv": [ 6.25, 8, 6.5, 8.125 ], "texture": "#voxels_atlas" },
				"west": { "uv": [ 8.75, 8, 8.875, 8.125 ], "texture": "#voxels_atlas" },
				"east": { "uv": [ 8.875, 10.375, 8.75, 10.5 ], "texture": "#voxels_atlas" }
			}
		},
		{
			"__comment": "Voxels",
			"from": [ 8, 7.5, 4.5 ],
			"to": [ 9, 9, 5 ],
			"faces": {
				"up": { "uv": [ 9.125, 8.125, 9.375, 8 ], "texture": "#voxels_atlas" },
				"north": { "uv": [ 9.125, 10.875, 8.875, 11.25 ], "texture": "#voxels_atlas" },
				"south": { "uv": [ 8.875, 11.25, 9.125, 11.625 ], "texture": "#voxels_atlas" },
				"west": { "uv": [ 9.75, 9.125, 9.875, 9.5 ], "texture": "#voxels_atlas" },
				"east": { "uv": [ 9.875, 9.875, 9.75, 10.25 ], "texture": "#voxels_atlas" }
			}
		},
		{
			"__comment": "Voxels",
			"from": [ 8, 7.5, 5 ],
			"to": [ 9, 8.5, 5.5 ],
			"faces": {
				"up": { "uv": [ 9.625, 8.125, 9.875, 8 ], "texture": "#voxels_atlas" },
				"south": { "uv": [ 9.375, 9.5, 9.625, 9.75 ], "texture": "#voxels_atlas" },
				"west": { "uv": [ 8.75, 9.375, 8.875, 9.625 ], "texture": "#voxels_atlas" },
				"east": { "uv": [ 8.875, 9.125, 8.75, 9.375 ], "texture": "#voxels_atlas" }
			}
		},
		{
			"__comment": "Voxels",
			"from": [ 8, 7.5, 21.5 ],
			"to": [ 9, 8, 23.5 ],
			"faces": {
				"up": { "uv": [ 8.5, 10.875, 8.75, 10.375 ], "texture": "#voxels_atlas", "cullface": "south" },
				"north": { "uv": [ 16, 14.125, 15.75, 14.25 ], "texture": "#voxels_atlas", "cullface": "south" },
				"south": { "uv": [ 12.5, 14, 12.75, 14.125 ], "texture": "#voxels_atlas", "cullface": "south" },
				"west": { "uv": [ 10.375, 14.5, 10.875, 14.625 ], "texture": "#voxels_atlas", "cullface": "south" },
				"east": { "uv": [ 11.375, 14.5, 10.875, 14.625 ], "texture": "#voxels_atlas", "cullface": "south" }
			}
		},
		{
			"__comment": "Voxels",
			"from": [ 8, 7.5, 24.5 ],
			"to": [ 9, 8, 26 ],
			"faces": {
				"up": { "uv": [ 8.875, 12.375, 9.125, 12 ], "texture": "#voxels_atlas", "cullface": "south" },
				"north": { "uv": [ 13.5, 14, 13.25, 14.125 ], "texture": "#voxels_atlas", "cullface": "south" },
				"south": { "uv": [ 13.5, 14, 13.75, 14.125 ], "texture": "#voxels_atlas", "cullface": "south" },
				"west": { "uv": [ 14.625, 14.125, 15, 14.25 ], "texture": "#voxels_atlas", "cullface": "south" },
				"east": { "uv": [ 15.375, 14.125, 15, 14.25 ], "texture": "#voxels_atlas", "cullface": "south" }
			}
		},
		{
			"__comment": "Voxels",
			"from": [ 8, 8, -8 ],
			"to": [ 9, 12.5, -7.5 ],
			"faces": {
				"down": { "uv": [ 13.75, 14, 14, 14.125 ], "texture": "#voxels_atlas", "cullface": "north" },
				"up": { "uv": [ 14, 14.125, 14.25, 14 ], "texture": "#voxels_atlas", "cullface": "north" },
				"north": { "uv": [ 2.25, 8.125, 2, 9.25 ], "texture": "#voxels_atlas", "cullface": "north" },
				"west": { "uv": [ 8.125, 8.125, 8.25, 9.25 ], "texture": "#voxels_atlas", "cullface": "north" },
				"east": { "uv": [ 8.25, 11.5, 8.125, 12.625 ], "texture": "#voxels_atlas", "cullface": "north" }
			}
		},
		{
			"__comment": "Voxels",
			"from": [ 8, 8, -6.5 ],
			"to": [ 9, 13.5, -3.5 ],
			"faces": {
				"up": { "uv": [ 6.25, 8.875, 6.5, 8.125 ], "texture": "#voxels_atlas", "cullface": "north" },
				"north": { "uv": [ 6.5, 14.375, 6.25, 15.75 ], "texture": "#voxels_atlas", "cullface": "north" },
				"south": { "uv": [ 2, 10.625, 2.25, 12 ], "texture": "#voxels_atlas", "cullface": "north" },
				"west": { "uv": [ 0.75, 13.375, 1.5, 14.75 ], "texture": "#voxels_atlas", "cullface": "north" },
				"east": { "uv": [ 2.25, 13.375, 1.5, 14.75 ], "texture": "#voxels_atlas", "cullface": "north" }
			}
		},
		{
			"__comment": "Voxels",
			"from": [ 8, 8, -3.5 ],
			"to": [ 9, 12.5, -3 ],
			"faces": {
				"up": { "uv": [ 14.75, 14.125, 15, 14 ], "texture": "#voxels_atlas", "cullface": "north" },
				"south": { "uv": [ 0.25, 8.125, 0.5, 9.25 ], "texture": "#voxels_atlas", "cullface": "north" },
				"west": { "uv": [ 8.25, 11.875, 8.375, 13 ], "texture": "#voxels_atlas", "cullface": "north" },
				"east": { "uv": [ 8.5, 11.875, 8.375, 13 ], "texture": "#voxels_atlas", "cullface": "north" }
			}
		},
		{
			"__comment": "Voxels",
			"from": [ 8, 8, -3 ],
			"to": [ 9, 12, -2.5 ],
			"faces": {
				"up": { "uv": [ 15.25, 14.125, 15.5, 14 ], "texture": "#voxels_atlas", "cullface": "north" },
				"south": { "uv": [ 6.75, 11.125, 7, 12.125 ], "texture": "#voxels_atlas", "cullface": "north" },
				"west": { "uv": [ 7, 10.125, 7.125, 11.125 ], "texture": "#voxels_atlas", "cullface": "north" },
				"east": { "uv": [ 7.125, 13.125, 7, 14.125 ], "texture": "#voxels_atlas", "cullface": "north" }
			}
		},
		{
			"__comment": "Voxels",
			"from": [ 8, 8, -2.5 ],
			"to": [ 9, 11, -1 ],
			"faces": {
				"up": { "uv": [ 9.125, 8.5, 9.375, 8.125 ], "texture": "#voxels_atlas", "cullface": "north" },
				"west": { "uv": [ 6.75, 14.125, 7.125, 14.875 ], "texture": "#voxels_atlas", "cullface": "north" },
				"east": { "uv": [ 7.125, 14.875, 6.75, 15.625 ], "texture": "#voxels_atlas", "cullface": "north" }
			}
		},
		{
			"__comment": "Voxels",
			"from": [ 8, 9.5, -8.5 ],
			"to": [ 9, 12.5, -8 ],
			"faces": {
				"down": { "uv": [ 11.25, 13.875, 11.5, 14 ], "texture": "#voxels_atlas", "cullface": "north" },
				"up": { "uv": [ 11.5, 14, 11.75, 13.875 ], "texture": "#voxels_atlas", "cullface": "north" },
				"north": { "uv": [ 7.875, 8, 7.625, 8.75 ], "texture": "#voxels_atlas", "cullface": "north" },
				"west": { "uv": [ 7, 9.375, 7.125, 10.125 ], "texture": "#voxels_atlas", "cullface": "north" },
				"east": { "uv": [ 7.125, 8.375, 7, 9.125 ], "texture": "#voxels_atlas", "cullface": "north" }
			}
		},
		{
			"__comment": "Voxels",
			"from": [ 8, 9.5, 0 ],
			"to": [ 9, 11, 0.5 ],
			"faces": {
				"down": { "uv": [ 12.25, 13.875, 12.5, 14 ], "texture": "#voxels_atlas" },
				"up": { "uv": [ 12.5, 14, 12.75, 13.875 ], "texture": "#voxels_atlas" },
				"south": { "uv": [ 9.125, 13, 9.375, 13.375 ], "texture": "#voxels_atlas" },
				"west": { "uv": [ 8.75, 12.625, 8.875, 13 ], "texture": "#voxels_atlas" },
				"east": { "uv": [ 9.75, 9.125, 9.625, 9.5 ], "texture": "#voxels_atlas" }
			}
		},
		{
			"__comment": "Voxels",
			"from": [ 8, 10, -9.5 ],
			"to": [ 9, 12, -8.5 ],
			"faces": {
				"down": { "uv": [ 13.375, 14.25, 13.625, 14.5 ], "texture": "#voxels_atlas", "cullface": "north" },
				"up": { "uv": [ 13.625, 14.5, 13.875, 14.25 ], "texture": "#voxels_atlas", "cullface": "north" },
				"north": { "uv": [ 8.75, 12.5, 8.5, 13 ], "texture": "#voxels_atlas", "cullface": "north" },
				"west": { "uv": [ 8.5, 11.375, 8.75, 11.875 ], "texture": "#voxels_atlas", "cullface": "north" },
				"east": { "uv": [ 8.5, 10.875, 8.25, 11.375 ], "texture": "#voxels_atlas", "cullface": "north" }
			}
		},
		{
			"__comment": "Voxels",
			"from": [ 8, 10, 0.5 ],
			"to": [ 9, 11, 1.5 ],
			"faces": {
				"down": { "uv": [ 14.625, 14.25, 14.875, 14.5 ], "texture": "#voxels_atlas" },
				"up": { "uv": [ 14.875, 14.5, 15.125, 14.25 ], "texture": "#voxels_atlas" },
				"south": { "uv": [ 15.375, 14.25, 15.625, 14.5 ], "texture": "#voxels_atlas" },
				"west": { "uv": [ 15.625, 14.25, 15.875, 14.5 ], "texture": "#voxels_atlas" },
				"east": { "uv": [ 9.875, 14, 9.625, 14.25 ], "texture": "#voxels_atlas" }
			}
		},
		{
			"__comment": "Voxels",
			"from": [ 8, 10.5, -11 ],
			"to": [ 9, 11, -9.5 ],
			"faces": {
				"down": { "uv": [ 9.125, 11.5, 9.375, 11.875 ], "texture": "#voxels_atlas", "cullface": "north" },
				"up": { "uv": [ 9.125, 11.5, 9.375, 11.125 ], "texture": "#voxels_atlas", "cullface": "north" },
				"north": { "uv": [ 10.25, 9.75, 10, 9.875 ], "texture": "#voxels_atlas", "cullface": "north" },
				"west": { "uv": [ 10.25, 14, 10.625, 14.125 ], "texture": "#voxels_atlas", "cullface": "north" },
				"east": { "uv": [ 11, 14, 10.625, 14.125 ], "texture": "#voxels_atlas", "cullface": "north" }
			}
		},
		{
			"__comment": "Voxels",
			"from": [ 8, 10.5, 1.5 ],
			"to": [ 9, 11, 2.5 ],
			"faces": {
				"down": { "uv": [ 9.625, 13.75, 9.875, 14 ], "texture": "#voxels_atlas" },
				"up": { "uv": [ 9.625, 13.75, 9.875, 13.5 ], "texture": "#voxels_atlas" },
				"south": { "uv": [ 10.25, 13.75, 10.5, 13.875 ], "texture": "#voxels_atlas" },
				"west": { "uv": [ 10.5, 13.75, 10.75, 13.875 ], "texture": "#voxels_atlas" },
				"east": { "uv": [ 11, 13.75, 10.75, 13.875 ], "texture": "#voxels_atlas" }
			}
		},
		{
			"__comment": "Voxels",
			"from": [ 8, 11, -10.5 ],
			"to": [ 9, 11.5, -9.5 ],
			"faces": {
				"up": { "uv": [ 9.625, 13.25, 9.875, 13 ], "texture": "#voxels_atlas", "cullface": "north" },
				"north": { "uv": [ 11.5, 13.75, 11.25, 13.875 ], "texture": "#voxels_atlas", "cullface": "north" },
				"west": { "uv": [ 11.75, 13.75, 12, 13.875 ], "texture": "#voxels_atlas", "cullface": "north" },
				"east": { "uv": [ 12.25, 13.75, 12, 13.875 ], "texture": "#voxels_atlas", "cullface": "north" }
			}
		},
		{
			"__comment": "Voxels",
			"from": [ 8, 13.5, -5.5 ],
			"to": [ 9, 14, -4 ],
			"faces": {
				"up": { "uv": [ 9.125, 10.75, 9.375, 10.375 ], "texture": "#voxels_atlas", "cullface": "north" },
				"north": { "uv": [ 12.75, 13.75, 12.5, 13.875 ], "texture": "#voxels_atlas", "cullface": "north" },
				"south": { "uv": [ 12.75, 13.75, 13, 13.875 ], "texture": "#voxels_atlas", "cullface": "north" },
				"west": { "uv": [ 11, 14, 11.375, 14.125 ], "texture": "#voxels_atlas", "cullface": "north" },
				"east": { "uv": [ 11.75, 14, 11.375, 14.125 ], "texture": "#voxels_atlas", "cullface": "north" }
			}
		},
		{
			"__comment": "Voxels",
			"from": [ 8, 14, -4.5 ],
			"to": [ 9, 14.5, -4 ],
			"faces": {
				"up": { "uv": [ 13.5, 13.875, 13.75, 13.75 ], "texture": "#voxels_atlas", "cullface": "north" },
				"north": { "uv": [ 14, 13.75, 13.75, 13.875 ], "texture": "#voxels_atlas", "cullface": "north" },
				"south": { "uv": [ 14, 13.75, 14.25, 13.875 ], "texture": "#voxels_atlas", "cullface": "north" },
				"west": { "uv": [ 8.125, 8, 8.25, 8.125 ], "texture": "#voxels_atlas", "cullface": "north" },
				"east": { "uv": [ 16, 15.25, 15.875, 15.375 ], "texture": "#voxels_atlas", "cullface": "north" }
			}
		},
		{
			"__comment": "Voxels",
			"from": [ 10, 6, -8 ],
			"to": [ 14.5, 7, -7.5 ],
			"faces": {
				"down": { "uv": [ 11.375, 15.125, 12.5, 15.25 ], "texture": "#voxels_atlas", "cullface": "north" },
				"up": { "uv": [ 12.5, 15.25, 13.625, 15.125 ], "texture": "#voxels_atlas", "cullface": "north" },
				"north": { "uv": [ 6, 10.5, 4.875, 10.75 ], "texture": "#voxels_atlas", "cullface": "north" },
				"west": { "uv": [ 9.875, 9.75, 10, 10 ], "texture": "#voxels_atlas", "cullface": "north" },
				"east": { "uv": [ 10, 9.5, 9.875, 9.75 ], "texture": "#voxels_atlas", "cullface": "north" }
			}
		},
		{
			"__comment": "Voxels",
			"from": [ 11.5, 6, -8.5 ],
			"to": [ 14.5, 7, -8 ],
			"faces": {
				"down": { "uv": [ 13.75, 14.875, 14.5, 15 ], "texture": "#voxels_atlas", "cullface": "north" },
				"up": { "uv": [ 14.5, 15.125, 15.25, 15 ], "texture": "#voxels_atlas", "cullface": "north" },
				"north": { "uv": [ 14.875, 15.375, 14.125, 15.625 ], "texture": "#voxels_atlas", "cullface": "north" },
				"west": { "uv": [ 9.875, 9, 10, 9.25 ], "texture": "#voxels_atlas", "cullface": "north" },
				"east": { "uv": [ 10, 8.75, 9.875, 9 ], "texture": "#voxels_atlas", "cullface": "north" }
			}
		},
		{
			"__comment": "Voxels",
			"from": [ 11.5, 6, 0 ],
			"to": [ 13, 7, 0.5 ],
			"faces": {
				"down": { "uv": [ 11.75, 14, 12.125, 14.125 ], "texture": "#voxels_atlas" },
				"up": { "uv": [ 12.125, 14.125, 12.5, 14 ], "texture": "#voxels_atlas" },
				"south": { "uv": [ 9.75, 14.625, 10.125, 14.875 ], "texture": "#voxels_atlas" },
				"west": { "uv": [ 9.875, 8, 10, 8.25 ], "texture": "#voxels_atlas" },
				"east": { "uv": [ 10.125, 13.375, 10, 13.625 ], "texture": "#voxels_atlas" }
			}
		},
		{
			"__comment": "Voxels",
			"from": [ 12, 6, -9.5 ],
			"to": [ 14, 7, -8.5 ],
			"faces": {
				"down": { "uv": [ 5.75, 13, 6.25, 13.25 ], "texture": "#voxels_atlas", "cullface": "north" },
				"up": { "uv": [ 8.25, 10.125, 8.75, 9.875 ], "texture": "#voxels_atlas", "cullface": "north" },
				"north": { "uv": [ 8.75, 9.625, 8.25, 9.875 ], "texture": "#voxels_atlas", "cullface": "north" },
				"west": { "uv": [ 9.625, 12.75, 9.875, 13 ], "texture": "#voxels_atlas", "cullface": "north" },
				"east": { "uv": [ 9.875, 12.5, 9.625, 12.75 ], "texture": "#voxels_atlas", "cullface": "north" }
			}
		},
		{
			"__comment": "Voxels",
			"from": [ 12, 6, 0.5 ],
			"to": [ 13, 7, 1.5 ],
			"faces": {
				"down": { "uv": [ 9.625, 12.25, 9.875, 12.5 ], "texture": "#voxels_atlas" },
				"up": { "uv": [ 9.625, 12.25, 9.875, 12 ], "texture": "#voxels_atlas" },
				"south": { "uv": [ 9.625, 11.5, 9.875, 11.75 ], "texture": "#voxels_atlas" },
				"west": { "uv": [ 9.625, 11.25, 9.875, 11.5 ], "texture": "#voxels_atlas" },
				"east": { "uv": [ 9.875, 11, 9.625, 11.25 ], "texture": "#voxels_atlas" }
			}
		},
		{
			"__comment": "Voxels",
			"from": [ 12.5, 6, -11 ],
			"to": [ 13, 7, -9.5 ],
			"faces": {
				"down": { "uv": [ 9.625, 8.375, 9.75, 8.75 ], "texture": "#voxels_atlas", "cullface": "north" },
				"up": { "uv": [ 9.75, 8.75, 9.875, 8.375 ], "texture": "#voxels_atlas", "cullface": "north" },
				"north": { "uv": [ 10.25, 11.625, 10.125, 11.875 ], "texture": "#voxels_atlas", "cullface": "north" },
				"west": { "uv": [ 10.125, 14.625, 10.5, 14.875 ], "texture": "#voxels_atlas", "cullface": "north" },
				"east": { "uv": [ 10.875, 14.625, 10.5, 14.875 ], "texture": "#voxels_atlas", "cullface": "north" }
			}
		},
		{
			"__comment": "Voxels",
			"from": [ 12.5, 6, 1.5 ],
			"to": [ 13, 7, 2.5 ],
			"faces": {
				"down": { "uv": [ 10, 11, 10.125, 11.25 ], "texture": "#voxels_atlas" },
				"up": { "uv": [ 10.125, 11.25, 10.25, 11 ], "texture": "#voxels_atlas" },
				"south": { "uv": [ 10.125, 10.75, 10.25, 11 ], "texture": "#voxels_atlas" },
				"west": { "uv": [ 9.625, 10.75, 9.875, 11 ], "texture": "#voxels_atlas" },
				"east": { "uv": [ 9.875, 10.5, 9.625, 10.75 ], "texture": "#voxels_atlas" }
			}
		},
		{
			"__comment": "Voxels",
			"from": [ 13, 6, -10.5 ],
			"to": [ 13.5, 7, -9.5 ],
			"faces": {
				"down": { "uv": [ 10, 10.25, 10.125, 10.5 ], "texture": "#voxels_atlas", "cullface": "north" },
				"up": { "uv": [ 10.125, 10.5, 10.25, 10.25 ], "texture": "#voxels_atlas", "cullface": "north" },
				"north": { "uv": [ 10.125, 10, 10, 10.25 ], "texture": "#voxels_atlas", "cullface": "north" },
				"east": { "uv": [ 9.625, 10, 9.375, 10.25 ], "texture": "#voxels_atlas", "cullface": "north" }
			}
		}
	],
	"display": {
		"thirdperson_righthand": {
			"rotation":  [ 92, 0, 0 ],
			"translation":  [ 0, 3.4782, 2.0869 ],
			"scale":  [ 0.7, 0.7, 0.7 ]
		},
		"thirdperson_lefthand": {
			"rotation":  [ 92, 0, 0 ],
			"translation":  [ 0, 3.4782, 2.0869 ],
			"scale":  [ 0.7, 0.7, 0.7 ]
		},
		"firstperson_righthand": {
			"rotation":  [ 113, -8, 59 ],
			"translation":  [ 0.6956, 2.0869, 0 ],
			"scale":  [ 0.7, 0.7, 0.7 ]
		},
		"firstperson_lefthand": {
			"rotation":  [ 113, -8, 59 ],
			"translation":  [ 0.6956, 2.0869, 0 ],
			"scale":  [ 0.7, 0.7, 0.7 ]
		},
		"gui": {
			"rotation":  [ 90, 42, 0 ],
			"scale":  [ 0.4, 0.4, 0.4 ]
		},
		"ground": {
			"rotation":  [ -27, 0, 0 ],
			"translation":  [ 0, 2.7826, 0 ],
			"scale":  [ 0.5, 0.5, 0.5 ]
		},
		"fixed": {
			"rotation":  [ 91, 0, 0 ],
			"scale":  [ 0.5, 0.5, 0.5 ]
		}
	}
}