{
	"__comment": "Designed by Pashjn with Cubik Studio - https://cubik.studio",
	"textures": {
		"particle": "items/chickenleg",
		"texture": "items/chickenleg",
		"voxels_atlas": "items/chickenleg"
	},
	"elements": [ 	 
		{
			"__comment": "Voxels",
			"from": [ 3, 5, 7 ],
			"to": [ 4, 6, 8 ],
			"faces": {
				"down": { "uv": [ 15.5, 13, 15.75, 13.5 ], "texture": "#voxels_atlas" },
				"up": { "uv": [ 7, 12, 7.25, 11.5 ], "texture": "#voxels_atlas" },
				"north": { "uv": [ 7.25, 11, 7, 11.5 ], "texture": "#voxels_atlas" },
				"south": { "uv": [ 7, 10.5, 7.25, 11 ], "texture": "#voxels_atlas" },
				"west": { "uv": [ 7, 3.5, 7.25, 4 ], "texture": "#voxels_atlas" },
				"east": { "uv": [ 7.25, 3, 7, 3.5 ], "texture": "#voxels_atlas" }
			}
		},
		{
			"__comment": "Voxels",
			"from": [ 3, 7, 8 ],
			"to": [ 12, 8, 9 ],
			"faces": {
				"down": { "uv": [ 5, 12, 7.25, 12.5 ], "texture": "#voxels_atlas" },
				"up": { "uv": [ 5, 13, 7.25, 12.5 ], "texture": "#voxels_atlas" },
				"north": { "uv": [ 7.25, 13, 5, 13.5 ], "texture": "#voxels_atlas" },
				"south": { "uv": [ 5, 15.5, 7.25, 16 ], "texture": "#voxels_atlas" },
				"west": { "uv": [ 7, 2.5, 7.25, 3 ], "texture": "#voxels_atlas" },
				"east": { "uv": [ 8.5, 7.5, 8.25, 8 ], "texture": "#voxels_atlas" }
			}
		},
		{
			"__comment": "Voxels",
			"from": [ 4, 3, 9 ],
			"to": [ 5, 4, 10 ],
			"faces": {
				"down": { "uv": [ 8.25, 7, 8.5, 7.5 ], "texture": "#voxels_atlas" },
				"up": { "uv": [ 8.25, 7, 8.5, 6.5 ], "texture": "#voxels_atlas" },
				"north": { "uv": [ 8.5, 6, 8.25, 6.5 ], "texture": "#voxels_atlas" },
				"south": { "uv": [ 8.25, 5.5, 8.5, 6 ], "texture": "#voxels_atlas" },
				"west": { "uv": [ 8.25, 3.5, 8.5, 4 ], "texture": "#voxels_atlas" },
				"east": { "uv": [ 8.5, 3, 8.25, 3.5 ], "texture": "#voxels_atlas" }
			}
		},
		{
			"__comment": "Voxels",
			"from": [ 4, 5, 8 ],
			"to": [ 12, 7, 9 ],
			"faces": {
				"down": { "uv": [ 5, 11.5, 7, 12 ], "texture": "#voxels_atlas" },
				"north": { "uv": [ 5, 15, 3, 16 ], "texture": "#voxels_atlas" },
				"south": { "uv": [ 3, 13, 5, 14 ], "texture": "#voxels_atlas" },
				"west": { "uv": [ 8.75, 9.5, 9, 10.5 ], "texture": "#voxels_atlas" },
				"east": { "uv": [ 9, 8.5, 8.75, 9.5 ], "texture": "#voxels_atlas" }
			}
		},
		{
			"__comment": "Voxels",
			"from": [ 4, 6, 9 ],
			"to": [ 12, 8, 10 ],
			"faces": {
				"down": { "uv": [ 5, 10.5, 7, 11 ], "texture": "#voxels_atlas" },
				"up": { "uv": [ 3, 6, 5, 5.5 ], "texture": "#voxels_atlas" },
				"north": { "uv": [ 5, 14, 3, 15 ], "texture": "#voxels_atlas" },
				"south": { "uv": [ 3, 12, 5, 13 ], "texture": "#voxels_atlas" },
				"west": { "uv": [ 8.75, 7.5, 9, 8.5 ], "texture": "#voxels_atlas" },
				"east": { "uv": [ 9, 6.5, 8.75, 7.5 ], "texture": "#voxels_atlas" }
			}
		},
		{
			"__comment": "Voxels",
			"from": [ 4, 8, 8 ],
			"to": [ 13, 9, 9 ],
			"faces": {
				"down": { "uv": [ 5, 15, 7.25, 15.5 ], "texture": "#voxels_atlas" },
				"up": { "uv": [ 5, 15, 7.25, 14.5 ], "texture": "#voxels_atlas" },
				"north": { "uv": [ 7.25, 14, 5, 14.5 ], "texture": "#voxels_atlas" },
				"south": { "uv": [ 5, 13.5, 7.25, 14 ], "texture": "#voxels_atlas" },
				"west": { "uv": [ 8.75, 0, 9, 0.5 ], "texture": "#voxels_atlas" },
				"east": { "uv": [ 15.75, 13.5, 15.5, 14 ], "texture": "#voxels_atlas" }
			}
		},
		{
			"__comment": "Voxels",
			"from": [ 4, 12, 8 ],
			"to": [ 5, 13, 9 ],
			"faces": {
				"down": { "uv": [ 15.75, 13.5, 16, 14 ], "texture": "#voxels_atlas" },
				"up": { "uv": [ 9, 13.5, 9.25, 13 ], "texture": "#voxels_atlas" },
				"north": { "uv": [ 9.25, 12.5, 9, 13 ], "texture": "#voxels_atlas" },
				"south": { "uv": [ 9.75, 11, 10, 11.5 ], "texture": "#voxels_atlas" },
				"west": { "uv": [ 9.75, 11.5, 10, 12 ], "texture": "#voxels_atlas" },
				"east": { "uv": [ 16, 12, 15.75, 12.5 ], "texture": "#voxels_atlas" }
			}
		},
		{
			"__comment": "Voxels",
			"from": [ 5, 3, 8 ],
			"to": [ 11, 5, 9 ],
			"faces": {
				"down": { "uv": [ 5.25, 5.5, 6.75, 6 ], "texture": "#voxels_atlas" },
				"north": { "uv": [ 3, 2.5, 1.5, 3.5 ], "texture": "#voxels_atlas" },
				"south": { "uv": [ 1.5, 7.5, 3, 8.5 ], "texture": "#voxels_atlas" },
				"west": { "uv": [ 8.75, 1.5, 9, 2.5 ], "texture": "#voxels_atlas" },
				"east": { "uv": [ 9, 0.5, 8.75, 1.5 ], "texture": "#voxels_atlas" }
			}
		},
		{
			"__comment": "Voxels",
			"from": [ 5, 4, 9 ],
			"to": [ 11, 6, 10 ],
			"faces": {
				"down": { "uv": [ 5, 7, 6.5, 7.5 ], "texture": "#voxels_atlas" },
				"north": { "uv": [ 3, 4.5, 1.5, 5.5 ], "texture": "#voxels_atlas" },
				"south": { "uv": [ 1.5, 3.5, 3, 4.5 ], "texture": "#voxels_atlas" },
				"west": { "uv": [ 9, 13.5, 9.25, 14.5 ], "texture": "#voxels_atlas" },
				"east": { "uv": [ 9.5, 13.5, 9.25, 14.5 ], "texture": "#voxels_atlas" }
			}
		},
		{
			"__comment": "Voxels",
			"from": [ 5, 4, 10 ],
			"to": [ 11, 5, 11 ],
			"faces": {
				"down": { "uv": [ 5.25, 4.5, 6.75, 5 ], "texture": "#voxels_atlas" },
				"up": { "uv": [ 1.5, 0.5, 3, 0 ], "texture": "#voxels_atlas" },
				"south": { "uv": [ 5, 7.5, 6.5, 8 ], "texture": "#voxels_atlas" },
				"west": { "uv": [ 15.5, 12, 15.75, 12.5 ], "texture": "#voxels_atlas" },
				"east": { "uv": [ 15, 12, 14.75, 12.5 ], "texture": "#voxels_atlas" }
			}
		},
		{
			"__comment": "Voxels",
			"from": [ 5, 5, 7 ],
			"to": [ 11, 11, 8 ],
			"faces": {
				"down": { "uv": [ 5, 6.5, 6.5, 7 ], "texture": "#voxels_atlas" },
				"up": { "uv": [ 5, 6.5, 6.5, 6 ], "texture": "#voxels_atlas" },
				"north": { "uv": [ 1.5, 10, 0, 13 ], "texture": "#voxels_atlas" },
				"south": { "uv": [ 0, 13, 1.5, 16 ], "texture": "#voxels_atlas" },
				"west": { "uv": [ 4, 2.5, 4.25, 5.5 ], "texture": "#voxels_atlas" },
				"east": { "uv": [ 5.25, 3, 5, 6 ], "texture": "#voxels_atlas" }
			}
		},
		{
			"__comment": "Voxels",
			"from": [ 5, 5, 10 ],
			"to": [ 10, 9, 11 ],
			"faces": {
				"up": { "uv": [ 11, 16, 12.25, 15.5 ], "texture": "#voxels_atlas" },
				"north": { "uv": [ 1.25, 2, 0, 4 ], "texture": "#voxels_atlas" },
				"south": { "uv": [ 0, 0, 1.25, 2 ], "texture": "#voxels_atlas" },
				"west": { "uv": [ 1.25, 0, 1.5, 2 ], "texture": "#voxels_atlas" },
				"east": { "uv": [ 7, 0.5, 6.75, 2.5 ], "texture": "#voxels_atlas" }
			}
		},
		{
			"__comment": "Voxels",
			"from": [ 5, 8, 9 ],
			"to": [ 11, 11, 10 ],
			"faces": {
				"up": { "uv": [ 5.25, 4.5, 6.75, 4 ], "texture": "#voxels_atlas" },
				"north": { "uv": [ 3, 14.5, 1.5, 16 ], "texture": "#voxels_atlas" },
				"south": { "uv": [ 1.5, 13, 3, 14.5 ], "texture": "#voxels_atlas" },
				"west": { "uv": [ 8.5, 10.5, 8.75, 12 ], "texture": "#voxels_atlas" },
				"east": { "uv": [ 4.75, 7.5, 4.5, 9 ], "texture": "#voxels_atlas" }
			}
		},
		{
			"__comment": "Voxels",
			"from": [ 5, 9, 8 ],
			"to": [ 12, 10, 9 ],
			"faces": {
				"up": { "uv": [ 5, 10, 6.75, 9.5 ], "texture": "#voxels_atlas" },
				"north": { "uv": [ 6.75, 9, 5, 9.5 ], "texture": "#voxels_atlas" },
				"south": { "uv": [ 5, 8.5, 6.75, 9 ], "texture": "#voxels_atlas" },
				"west": { "uv": [ 14.5, 12, 14.75, 12.5 ], "texture": "#voxels_atlas" },
				"east": { "uv": [ 14.5, 12, 14.25, 12.5 ], "texture": "#voxels_atlas" }
			}
		},
		{
			"__comment": "Voxels",
			"from": [ 5, 9, 11 ],
			"to": [ 6, 10, 12 ],
			"faces": {
				"down": { "uv": [ 14, 12, 14.25, 12.5 ], "texture": "#voxels_atlas" },
				"up": { "uv": [ 9.25, 9.5, 9.5, 9 ], "texture": "#voxels_atlas" },
				"north": { "uv": [ 9.5, 9.5, 9.25, 10 ], "texture": "#voxels_atlas" },
				"south": { "uv": [ 9.25, 10, 9.5, 10.5 ], "texture": "#voxels_atlas" },
				"west": { "uv": [ 9.25, 10.5, 9.5, 11 ], "texture": "#voxels_atlas" },
				"east": { "uv": [ 16, 13, 15.75, 13.5 ], "texture": "#voxels_atlas" }
			}
		},
		{
			"__comment": "Voxels",
			"from": [ 5, 10, 8 ],
			"to": [ 11, 12, 9 ],
			"faces": {
				"up": { "uv": [ 5.5, 3, 7, 2.5 ], "texture": "#voxels_atlas" },
				"north": { "uv": [ 3, 5.5, 1.5, 6.5 ], "texture": "#voxels_atlas" },
				"south": { "uv": [ 1.5, 6.5, 3, 7.5 ], "texture": "#voxels_atlas" },
				"west": { "uv": [ 9.5, 13.5, 9.75, 14.5 ], "texture": "#voxels_atlas" },
				"east": { "uv": [ 10, 13.5, 9.75, 14.5 ], "texture": "#voxels_atlas" }
			}
		},
		{
			"__comment": "Voxels",
			"from": [ 6, 0, 8 ],
			"to": [ 11, 3, 9 ],
			"faces": {
				"down": { "uv": [ 7.25, 15.5, 8.5, 16 ], "texture": "#voxels_atlas", "cullface": "down" },
				"north": { "uv": [ 2.75, 10, 1.5, 11.5 ], "texture": "#voxels_atlas" },
				"south": { "uv": [ 1.5, 11.5, 2.75, 13 ], "texture": "#voxels_atlas" },
				"west": { "uv": [ 8, 1.5, 8.25, 3 ], "texture": "#voxels_atlas" },
				"east": { "uv": [ 8.5, 1.5, 8.25, 3 ], "texture": "#voxels_atlas" }
			}
		},
		{
			"__comment": "Voxels",
			"from": [ 6, 1, 9 ],
			"to": [ 10, 4, 10 ],
			"faces": {
				"down": { "uv": [ 8.5, 15, 9.5, 15.5 ], "texture": "#voxels_atlas" },
				"north": { "uv": [ 5, 10.5, 4, 12 ], "texture": "#voxels_atlas" },
				"south": { "uv": [ 3, 10.5, 4, 12 ], "texture": "#voxels_atlas" },
				"west": { "uv": [ 7.5, 0, 7.75, 1.5 ], "texture": "#voxels_atlas" },
				"east": { "uv": [ 8, 0, 7.75, 1.5 ], "texture": "#voxels_atlas" }
			}
		},
		{
			"__comment": "Voxels",
			"from": [ 6, 2, 7 ],
			"to": [ 10, 5, 8 ],
			"faces": {
				"down": { "uv": [ 10.5, 15, 11.5, 15.5 ], "texture": "#voxels_atlas" },
				"north": { "uv": [ 2.5, 1, 1.5, 2.5 ], "texture": "#voxels_atlas" },
				"south": { "uv": [ 1.5, 8.5, 2.5, 10 ], "texture": "#voxels_atlas" },
				"west": { "uv": [ 8, 0, 8.25, 1.5 ], "texture": "#voxels_atlas" },
				"east": { "uv": [ 3, 11.5, 2.75, 13 ], "texture": "#voxels_atlas" }
			}
		},
		{
			"__comment": "Voxels",
			"from": [ 6, 3, 10 ],
			"to": [ 10, 4, 11 ],
			"faces": {
				"down": { "uv": [ 7.5, 11, 8.5, 11.5 ], "texture": "#voxels_atlas" },
				"south": { "uv": [ 7.5, 9.5, 8.5, 10 ], "texture": "#voxels_atlas" },
				"west": { "uv": [ 14.75, 13, 15, 13.5 ], "texture": "#voxels_atlas" },
				"east": { "uv": [ 14.75, 13, 14.5, 13.5 ], "texture": "#voxels_atlas" }
			}
		},
		{
			"__comment": "Voxels",
			"from": [ 6, 4, 6 ],
			"to": [ 10, 10, 7 ],
			"faces": {
				"down": { "uv": [ 7.5, 9, 8.5, 9.5 ], "texture": "#voxels_atlas" },
				"up": { "uv": [ 7.5, 9, 8.5, 8.5 ], "texture": "#voxels_atlas" },
				"north": { "uv": [ 1, 7, 0, 10 ], "texture": "#voxels_atlas" },
				"south": { "uv": [ 0, 4, 1, 7 ], "texture": "#voxels_atlas" },
				"west": { "uv": [ 5, 0, 5.25, 3 ], "texture": "#voxels_atlas" },
				"east": { "uv": [ 5.5, 1, 5.25, 4 ], "texture": "#voxels_atlas" }
			}
		},
		{
			"__comment": "Voxels",
			"from": [ 6, 5, 11 ],
			"to": [ 9, 8, 12 ],
			"faces": {
				"down": { "uv": [ 5.5, 0.5, 6.25, 1 ], "texture": "#voxels_atlas" },
				"up": { "uv": [ 5.5, 0.5, 6.25, 0 ], "texture": "#voxels_atlas" },
				"south": { "uv": [ 3.75, 9, 4.5, 10.5 ], "texture": "#voxels_atlas" },
				"west": { "uv": [ 2.75, 10, 3, 11.5 ], "texture": "#voxels_atlas" },
				"east": { "uv": [ 4.75, 9, 4.5, 10.5 ], "texture": "#voxels_atlas" }
			}
		},
		{
			"__comment": "Voxels",
			"from": [ 6, 6, 4 ],
			"to": [ 7, 7, 5 ],
			"faces": {
				"down": { "uv": [ 14.25, 13, 14.5, 13.5 ], "texture": "#voxels_atlas" },
				"up": { "uv": [ 14, 13.5, 14.25, 13 ], "texture": "#voxels_atlas" },
				"north": { "uv": [ 13.5, 13, 13.25, 13.5 ], "texture": "#voxels_atlas" },
				"south": { "uv": [ 13, 13, 13.25, 13.5 ], "texture": "#voxels_atlas" },
				"west": { "uv": [ 12.75, 13, 13, 13.5 ], "texture": "#voxels_atlas" },
				"east": { "uv": [ 12.75, 13, 12.5, 13.5 ], "texture": "#voxels_atlas" }
			}
		},
		{
			"__comment": "Voxels",
			"from": [ 6, 9, 10 ],
			"to": [ 11, 10, 11 ],
			"faces": {
				"down": { "uv": [ 12.25, 15.5, 13.5, 16 ], "texture": "#voxels_atlas" },
				"up": { "uv": [ 13.5, 16, 14.75, 15.5 ], "texture": "#voxels_atlas" },
				"south": { "uv": [ 7.25, 15, 8.5, 15.5 ], "texture": "#voxels_atlas" },
				"west": { "uv": [ 11.75, 13, 12, 13.5 ], "texture": "#voxels_atlas" },
				"east": { "uv": [ 11.75, 13, 11.5, 13.5 ], "texture": "#voxels_atlas" }
			}
		},
		{
			"__comment": "Voxels",
			"from": [ 6, 11, 7 ],
			"to": [ 10, 12, 8 ],
			"faces": {
				"up": { "uv": [ 12.5, 15.5, 13.5, 15 ], "texture": "#voxels_atlas" },
				"north": { "uv": [ 8.5, 12.5, 7.5, 13 ], "texture": "#voxels_atlas" },
				"west": { "uv": [ 11.25, 13, 11.5, 13.5 ], "texture": "#voxels_atlas" },
				"east": { "uv": [ 11.25, 13, 11, 13.5 ], "texture": "#voxels_atlas" }
			}
		},
		{
			"__comment": "Voxels",
			"from": [ 6, 11, 9 ],
			"to": [ 10, 12, 10 ],
			"faces": {
				"up": { "uv": [ 7.5, 15, 8.5, 14.5 ], "texture": "#voxels_atlas" },
				"south": { "uv": [ 7.5, 13.5, 8.5, 14 ], "texture": "#voxels_atlas" },
				"west": { "uv": [ 10.25, 13, 10.5, 13.5 ], "texture": "#voxels_atlas" },
				"east": { "uv": [ 10.25, 13, 10, 13.5 ], "texture": "#voxels_atlas" }
			}
		},
		{
			"__comment": "Voxels",
			"from": [ 6, 12, 8 ],
			"to": [ 10, 13, 9 ],
			"faces": {
				"up": { "uv": [ 7.5, 8.5, 8.5, 8 ], "texture": "#voxels_atlas" },
				"north": { "uv": [ 8.5, 12, 7.5, 12.5 ], "texture": "#voxels_atlas" },
				"south": { "uv": [ 7.5, 11.5, 8.5, 12 ], "texture": "#voxels_atlas" },
				"west": { "uv": [ 9.75, 13, 10, 13.5 ], "texture": "#voxels_atlas" },
				"east": { "uv": [ 9.75, 13, 9.5, 13.5 ], "texture": "#voxels_atlas" }
			}
		},
		{
			"__comment": "Voxels",
			"from": [ 7, -13, 8 ],
			"to": [ 10, -11, 9 ],
			"faces": {
				"down": { "uv": [ 8.75, 14.5, 9.5, 15 ], "texture": "#voxels_atlas", "cullface": "down" },
				"up": { "uv": [ 9.5, 15, 10.25, 14.5 ], "texture": "#voxels_atlas", "cullface": "down" },
				"north": { "uv": [ 4.75, 1.5, 4, 2.5 ], "texture": "#voxels_atlas", "cullface": "down" },
				"south": { "uv": [ 4, 0.5, 4.75, 1.5 ], "texture": "#voxels_atlas", "cullface": "down" },
				"west": { "uv": [ 10, 13.5, 10.25, 14.5 ], "texture": "#voxels_atlas", "cullface": "down" },
				"east": { "uv": [ 10.5, 13.5, 10.25, 14.5 ], "texture": "#voxels_atlas", "cullface": "down" }
			}
		},
		{
			"__comment": "Voxels",
			"from": [ 7, -3, 8 ],
			"to": [ 10, 0, 9 ],
			"faces": {
				"down": { "uv": [ 12.5, 14.5, 13.25, 15 ], "texture": "#voxels_atlas", "cullface": "down" },
				"north": { "uv": [ 4.5, 6, 3.75, 7.5 ], "texture": "#voxels_atlas", "cullface": "down" },
				"south": { "uv": [ 3, 7.5, 3.75, 9 ], "texture": "#voxels_atlas", "cullface": "down" },
				"west": { "uv": [ 8.5, 7.5, 8.75, 9 ], "texture": "#voxels_atlas", "cullface": "down" },
				"east": { "uv": [ 8.75, 6, 8.5, 7.5 ], "texture": "#voxels_atlas", "cullface": "down" }
			}
		},
		{
			"__comment": "Voxels",
			"from": [ 7, -2, 9 ],
			"to": [ 10, 1, 10 ],
			"faces": {
				"down": { "uv": [ 14, 14.5, 14.75, 15 ], "texture": "#voxels_atlas", "cullface": "down" },
				"north": { "uv": [ 4.5, 7.5, 3.75, 9 ], "texture": "#voxels_atlas", "cullface": "down" },
				"south": { "uv": [ 3, 9, 3.75, 10.5 ], "texture": "#voxels_atlas", "cullface": "down" },
				"west": { "uv": [ 8.25, 0, 8.5, 1.5 ], "texture": "#voxels_atlas", "cullface": "down" },
				"east": { "uv": [ 8.75, 12, 8.5, 13.5 ], "texture": "#voxels_atlas", "cullface": "down" }
			}
		},
		{
			"__comment": "Voxels",
			"from": [ 7, -1, 6 ],
			"to": [ 8, 0, 7 ],
			"faces": {
				"down": { "uv": [ 9, 7.5, 9.25, 8 ], "texture": "#voxels_atlas", "cullface": "down" },
				"up": { "uv": [ 9, 8.5, 9.25, 8 ], "texture": "#voxels_atlas", "cullface": "down" },
				"north": { "uv": [ 9.25, 8.5, 9, 9 ], "texture": "#voxels_atlas", "cullface": "down" },
				"south": { "uv": [ 9, 9, 9.25, 9.5 ], "texture": "#voxels_atlas", "cullface": "down" },
				"west": { "uv": [ 9.25, 5.5, 9.5, 6 ], "texture": "#voxels_atlas", "cullface": "down" },
				"east": { "uv": [ 9.5, 6, 9.25, 6.5 ], "texture": "#voxels_atlas", "cullface": "down" }
			}
		},
		{
			"__comment": "Voxels",
			"from": [ 7, 0, 7 ],
			"to": [ 10, 2, 8 ],
			"faces": {
				"down": { "uv": [ 6.5, 6.5, 7.25, 7 ], "texture": "#voxels_atlas", "cullface": "down" },
				"north": { "uv": [ 5, 3.5, 4.25, 4.5 ], "texture": "#voxels_atlas" },
				"west": { "uv": [ 10.5, 13.5, 10.75, 14.5 ], "texture": "#voxels_atlas" },
				"east": { "uv": [ 11, 13.5, 10.75, 14.5 ], "texture": "#voxels_atlas" }
			}
		},
		{
			"__comment": "Voxels",
			"from": [ 7, 0, 11 ],
			"to": [ 8, 1, 12 ],
			"faces": {
				"down": { "uv": [ 9.25, 12, 9.5, 12.5 ], "texture": "#voxels_atlas", "cullface": "down" },
				"up": { "uv": [ 9.25, 13, 9.5, 12.5 ], "texture": "#voxels_atlas" },
				"north": { "uv": [ 9.25, 0.5, 9, 1 ], "texture": "#voxels_atlas" },
				"south": { "uv": [ 9, 1, 9.25, 1.5 ], "texture": "#voxels_atlas" },
				"west": { "uv": [ 9, 1.5, 9.25, 2 ], "texture": "#voxels_atlas" },
				"east": { "uv": [ 9.25, 2, 9, 2.5 ], "texture": "#voxels_atlas" }
			}
		},
		{
			"__comment": "Voxels",
			"from": [ 7, 1, 6 ],
			"to": [ 8, 4, 7 ],
			"faces": {
				"down": { "uv": [ 9, 4.5, 9.25, 5 ], "texture": "#voxels_atlas" },
				"north": { "uv": [ 3.25, 0, 3, 1.5 ], "texture": "#voxels_atlas" },
				"south": { "uv": [ 3.25, 0, 3.5, 1.5 ], "texture": "#voxels_atlas" },
				"west": { "uv": [ 7.25, 1.5, 7.5, 3 ], "texture": "#voxels_atlas" },
				"east": { "uv": [ 7.5, 0, 7.25, 1.5 ], "texture": "#voxels_atlas" }
			}
		},
		{
			"__comment": "Voxels",
			"from": [ 7, 1, 10 ],
			"to": [ 10, 3, 11 ],
			"faces": {
				"down": { "uv": [ 7.5, 3.5, 8.25, 4 ], "texture": "#voxels_atlas" },
				"south": { "uv": [ 4.25, 4.5, 5, 5.5 ], "texture": "#voxels_atlas" },
				"west": { "uv": [ 11, 13.5, 11.25, 14.5 ], "texture": "#voxels_atlas" },
				"east": { "uv": [ 11.5, 13.5, 11.25, 14.5 ], "texture": "#voxels_atlas" }
			}
		},
		{
			"__comment": "Voxels",
			"from": [ 7, 4, 11 ],
			"to": [ 9, 5, 12 ],
			"faces": {
				"down": { "uv": [ 6.75, 10, 7.25, 10.5 ], "texture": "#voxels_atlas" },
				"south": { "uv": [ 6.75, 8.5, 7.25, 9 ], "texture": "#voxels_atlas" },
				"west": { "uv": [ 9, 10.5, 9.25, 11 ], "texture": "#voxels_atlas" },
				"east": { "uv": [ 9.25, 11, 9, 11.5 ], "texture": "#voxels_atlas" }
			}
		},
		{
			"__comment": "Voxels",
			"from": [ 7, 6, 5 ],
			"to": [ 9, 11, 6 ],
			"faces": {
				"down": { "uv": [ 6.75, 5.5, 7.25, 6 ], "texture": "#voxels_atlas" },
				"up": { "uv": [ 6.75, 5.5, 7.25, 5 ], "texture": "#voxels_atlas" },
				"north": { "uv": [ 1.5, 4.5, 1, 7 ], "texture": "#voxels_atlas" },
				"south": { "uv": [ 1, 7.5, 1.5, 10 ], "texture": "#voxels_atlas" },
				"west": { "uv": [ 6.5, 0, 6.75, 2.5 ], "texture": "#voxels_atlas" },
				"east": { "uv": [ 6.5, 0, 6.25, 2.5 ], "texture": "#voxels_atlas" }
			}
		},
		{
			"__comment": "Voxels",
			"from": [ 7, 6, 12 ],
			"to": [ 8, 7, 13 ],
			"faces": {
				"down": { "uv": [ 9.25, 3, 9.5, 3.5 ], "texture": "#voxels_atlas" },
				"up": { "uv": [ 9.5, 9.5, 9.75, 9 ], "texture": "#voxels_atlas" },
				"south": { "uv": [ 9.5, 7, 9.75, 7.5 ], "texture": "#voxels_atlas" },
				"west": { "uv": [ 9, 12, 9.25, 12.5 ], "texture": "#voxels_atlas" },
				"east": { "uv": [ 9.25, 11.5, 9, 12 ], "texture": "#voxels_atlas" }
			}
		},
		{
			"__comment": "Voxels",
			"from": [ 7, 8, 11 ],
			"to": [ 9, 9, 12 ],
			"faces": {
				"up": { "uv": [ 6.75, 4.5, 7.25, 4 ], "texture": "#voxels_atlas" },
				"south": { "uv": [ 15.5, 15, 16, 15.5 ], "texture": "#voxels_atlas" },
				"west": { "uv": [ 9, 4, 9.25, 4.5 ], "texture": "#voxels_atlas" },
				"east": { "uv": [ 9.25, 3.5, 9, 4 ], "texture": "#voxels_atlas" }
			}
		},
		{
			"__comment": "Voxels",
			"from": [ 7, 10, 6 ],
			"to": [ 10, 11, 7 ],
			"faces": {
				"up": { "uv": [ 7.5, 6, 8.25, 5.5 ], "texture": "#voxels_atlas" },
				"north": { "uv": [ 8.25, 6.5, 7.5, 7 ], "texture": "#voxels_atlas" },
				"west": { "uv": [ 15, 13, 15.25, 13.5 ], "texture": "#voxels_atlas" },
				"east": { "uv": [ 15.5, 13, 15.25, 13.5 ], "texture": "#voxels_atlas" }
			}
		},
		{
			"__comment": "Voxels",
			"from": [ 7, 10, 10 ],
			"to": [ 10, 11, 11 ],
			"faces": {
				"up": { "uv": [ 5.5, 1.5, 6.25, 1 ], "texture": "#voxels_atlas" },
				"south": { "uv": [ 6.5, 7.5, 7.25, 8 ], "texture": "#voxels_atlas" },
				"west": { "uv": [ 9.25, 5, 9.5, 5.5 ], "texture": "#voxels_atlas" },
				"east": { "uv": [ 9.5, 3.5, 9.25, 4 ], "texture": "#voxels_atlas" }
			}
		},
		{
			"__comment": "Voxels",
			"from": [ 7, 11, 5 ],
			"to": [ 8, 12, 7 ],
			"faces": {
				"down": { "uv": [ 11.5, 13.5, 11.75, 14.5 ], "texture": "#voxels_atlas" },
				"up": { "uv": [ 11.75, 14.5, 12, 13.5 ], "texture": "#voxels_atlas" },
				"north": { "uv": [ 9.75, 8.5, 9.5, 9 ], "texture": "#voxels_atlas" },
				"west": { "uv": [ 15.5, 14.5, 16, 15 ], "texture": "#voxels_atlas" },
				"east": { "uv": [ 12.5, 14, 12, 14.5 ], "texture": "#voxels_atlas" }
			}
		},
		{
			"__comment": "Voxels",
			"from": [ 7, 12, 4 ],
			"to": [ 8, 13, 5 ],
			"faces": {
				"down": { "uv": [ 9.5, 6.5, 9.75, 7 ], "texture": "#voxels_atlas" },
				"up": { "uv": [ 9.5, 5.5, 9.75, 5 ], "texture": "#voxels_atlas" },
				"north": { "uv": [ 11.25, 12, 11, 12.5 ], "texture": "#voxels_atlas" },
				"south": { "uv": [ 11.25, 12, 11.5, 12.5 ], "texture": "#voxels_atlas" },
				"west": { "uv": [ 11.5, 12, 11.75, 12.5 ], "texture": "#voxels_atlas" },
				"east": { "uv": [ 12, 12, 11.75, 12.5 ], "texture": "#voxels_atlas" }
			}
		},
		{
			"__comment": "Voxels",
			"from": [ 7, 12, 7 ],
			"to": [ 9, 13, 8 ],
			"faces": {
				"up": { "uv": [ 12.5, 14.5, 13, 14 ], "texture": "#voxels_atlas" },
				"north": { "uv": [ 13, 13.5, 12.5, 14 ], "texture": "#voxels_atlas" },
				"west": { "uv": [ 9, 10, 9.25, 10.5 ], "texture": "#voxels_atlas" },
				"east": { "uv": [ 9.25, 9.5, 9, 10 ], "texture": "#voxels_atlas" }
			}
		},
		{
			"__comment": "Voxels",
			"from": [ 7, 12, 9 ],
			"to": [ 10, 13, 10 ],
			"faces": {
				"up": { "uv": [ 11.75, 15, 12.5, 14.5 ], "texture": "#voxels_atlas" },
				"south": { "uv": [ 10.25, 14.5, 11, 15 ], "texture": "#voxels_atlas" },
				"west": { "uv": [ 9, 7, 9.25, 7.5 ], "texture": "#voxels_atlas" },
				"east": { "uv": [ 9.25, 6.5, 9, 7 ], "texture": "#voxels_atlas" }
			}
		},
		{
			"__comment": "Voxels",
			"from": [ 8, -13, 7 ],
			"to": [ 9, -11, 8 ],
			"faces": {
				"down": { "uv": [ 9, 6, 9.25, 6.5 ], "texture": "#voxels_atlas", "cullface": "down" },
				"up": { "uv": [ 9, 6, 9.25, 5.5 ], "texture": "#voxels_atlas", "cullface": "down" },
				"north": { "uv": [ 13.75, 13.5, 13.5, 14.5 ], "texture": "#voxels_atlas", "cullface": "down" },
				"west": { "uv": [ 14, 13.5, 14.25, 14.5 ], "texture": "#voxels_atlas", "cullface": "down" },
				"east": { "uv": [ 14.5, 13.5, 14.25, 14.5 ], "texture": "#voxels_atlas", "cullface": "down" }
			}
		},
		{
			"__comment": "Voxels",
			"from": [ 8, -13, 9 ],
			"to": [ 9, -11, 10 ],
			"faces": {
				"down": { "uv": [ 9, 3, 9.25, 3.5 ], "texture": "#voxels_atlas", "cullface": "down" },
				"up": { "uv": [ 9, 3, 9.25, 2.5 ], "texture": "#voxels_atlas", "cullface": "down" },
				"south": { "uv": [ 14.75, 13.5, 15, 14.5 ], "texture": "#voxels_atlas", "cullface": "down" },
				"west": { "uv": [ 15, 13.5, 15.25, 14.5 ], "texture": "#voxels_atlas", "cullface": "down" },
				"east": { "uv": [ 15.5, 13.5, 15.25, 14.5 ], "texture": "#voxels_atlas", "cullface": "down" }
			}
		},
		{
			"__comment": "Voxels",
			"from": [ 8, -11, 8 ],
			"to": [ 9, -3, 9 ],
			"faces": {
				"north": { "uv": [ 4, 1.5, 3.75, 5.5 ], "texture": "#voxels_atlas", "cullface": "down" },
				"south": { "uv": [ 3.5, 1.5, 3.75, 5.5 ], "texture": "#voxels_atlas", "cullface": "down" },
				"west": { "uv": [ 3, 1.5, 3.25, 5.5 ], "texture": "#voxels_atlas", "cullface": "down" },
				"east": { "uv": [ 3.5, 1.5, 3.25, 5.5 ], "texture": "#voxels_atlas", "cullface": "down" }
			}
		},
		{
			"__comment": "Voxels",
			"from": [ 8, -5, 9 ],
			"to": [ 9, -2, 10 ],
			"faces": {
				"down": { "uv": [ 10.5, 13, 10.75, 13.5 ], "texture": "#voxels_atlas", "cullface": "down" },
				"north": { "uv": [ 8.25, 4, 8, 5.5 ], "texture": "#voxels_atlas", "cullface": "down" },
				"south": { "uv": [ 7.75, 4, 8, 5.5 ], "texture": "#voxels_atlas", "cullface": "down" },
				"west": { "uv": [ 3.75, 0, 4, 1.5 ], "texture": "#voxels_atlas", "cullface": "down" },
				"east": { "uv": [ 3.75, 0, 3.5, 1.5 ], "texture": "#voxels_atlas", "cullface": "down" }
			}
		},
		{
			"__comment": "Voxels",
			"from": [ 8, -4, 7 ],
			"to": [ 9, 0, 8 ],
			"faces": {
				"down": { "uv": [ 12, 13, 12.25, 13.5 ], "texture": "#voxels_atlas", "cullface": "down" },
				"north": { "uv": [ 7.5, 9, 7.25, 11 ], "texture": "#voxels_atlas", "cullface": "down" },
				"south": { "uv": [ 7.25, 11, 7.5, 13 ], "texture": "#voxels_atlas", "cullface": "down" },
				"west": { "uv": [ 7.25, 13, 7.5, 15 ], "texture": "#voxels_atlas", "cullface": "down" },
				"east": { "uv": [ 7.25, 0.5, 7, 2.5 ], "texture": "#voxels_atlas", "cullface": "down" }
			}
		},
		{
			"__comment": "Voxels",
			"from": [ 8, -2, 10 ],
			"to": [ 9, 1, 11 ],
			"faces": {
				"down": { "uv": [ 13.5, 13, 13.75, 13.5 ], "texture": "#voxels_atlas", "cullface": "down" },
				"south": { "uv": [ 4.75, 9, 5, 10.5 ], "texture": "#voxels_atlas", "cullface": "down" },
				"west": { "uv": [ 8.5, 4.5, 8.75, 6 ], "texture": "#voxels_atlas", "cullface": "down" },
				"east": { "uv": [ 8.75, 9, 8.5, 10.5 ], "texture": "#voxels_atlas", "cullface": "down" }
			}
		},
		{
			"__comment": "Voxels",
			"from": [ 8, 2, 6 ],
			"to": [ 10, 4, 7 ],
			"faces": {
				"down": { "uv": [ 13, 13.5, 13.5, 14 ], "texture": "#voxels_atlas" },
				"north": { "uv": [ 3, 1.5, 2.5, 2.5 ], "texture": "#voxels_atlas" },
				"east": { "uv": [ 5, 0.5, 4.75, 1.5 ], "texture": "#voxels_atlas" }
			}
		},
		{
			"__comment": "Voxels",
			"from": [ 8, 3, 5 ],
			"to": [ 9, 6, 6 ],
			"faces": {
				"down": { "uv": [ 9.25, 11.5, 9.5, 12 ], "texture": "#voxels_atlas" },
				"north": { "uv": [ 8.75, 13.5, 8.5, 15 ], "texture": "#voxels_atlas" },
				"south": { "uv": [ 8.25, 4, 8.5, 5.5 ], "texture": "#voxels_atlas" },
				"west": { "uv": [ 7.5, 1.5, 7.75, 3 ], "texture": "#voxels_atlas" },
				"east": { "uv": [ 8, 1.5, 7.75, 3 ], "texture": "#voxels_atlas" }
			}
		},
		{
			"__comment": "Voxels",
			"from": [ 8, 3, 11 ],
			"to": [ 9, 4, 12 ],
			"faces": {
				"down": { "uv": [ 9.25, 8.5, 9.5, 9 ], "texture": "#voxels_atlas" },
				"south": { "uv": [ 9.25, 7, 9.5, 7.5 ], "texture": "#voxels_atlas" },
				"west": { "uv": [ 9.25, 6.5, 9.5, 7 ], "texture": "#voxels_atlas" },
				"east": { "uv": [ 9.75, 4.5, 9.5, 5 ], "texture": "#voxels_atlas" }
			}
		},
		{
			"__comment": "Voxels",
			"from": [ 8, 7, 12 ],
			"to": [ 9, 8, 14 ],
			"faces": {
				"down": { "uv": [ 5.25, 0, 5.5, 1 ], "texture": "#voxels_atlas" },
				"up": { "uv": [ 8.5, 3, 8.75, 2 ], "texture": "#voxels_atlas" },
				"south": { "uv": [ 9.25, 4, 9.5, 4.5 ], "texture": "#voxels_atlas" },
				"west": { "uv": [ 1, 4, 1.5, 4.5 ], "texture": "#voxels_atlas" },
				"east": { "uv": [ 3, 8.5, 2.5, 9 ], "texture": "#voxels_atlas" }
			}
		},
		{
			"__comment": "Voxels",
			"from": [ 8, 9, 11 ],
			"to": [ 9, 10, 12 ],
			"faces": {
				"up": { "uv": [ 9.25, 2.5, 9.5, 2 ], "texture": "#voxels_atlas" },
				"south": { "uv": [ 9.25, 1, 9.5, 1.5 ], "texture": "#voxels_atlas" },
				"west": { "uv": [ 9.25, 0.5, 9.5, 1 ], "texture": "#voxels_atlas" },
				"east": { "uv": [ 9.5, 0, 9.25, 0.5 ], "texture": "#voxels_atlas" }
			}
		},
		{
			"__comment": "Voxels",
			"from": [ 8, 11, 6 ],
			"to": [ 9, 12, 7 ],
			"faces": {
				"up": { "uv": [ 9.75, 13, 10, 12.5 ], "texture": "#voxels_atlas" },
				"north": { "uv": [ 10.25, 12.5, 10, 13 ], "texture": "#voxels_atlas" },
				"east": { "uv": [ 11, 12.5, 10.75, 13 ], "texture": "#voxels_atlas" }
			}
		},
		{
			"__comment": "Voxels",
			"from": [ 8, 11, 10 ],
			"to": [ 9, 12, 11 ],
			"faces": {
				"up": { "uv": [ 11.25, 13, 11.5, 12.5 ], "texture": "#voxels_atlas" },
				"south": { "uv": [ 11.75, 12.5, 12, 13 ], "texture": "#voxels_atlas" },
				"west": { "uv": [ 12, 12.5, 12.25, 13 ], "texture": "#voxels_atlas" },
				"east": { "uv": [ 12.5, 12.5, 12.25, 13 ], "texture": "#voxels_atlas" }
			}
		},
		{
			"__comment": "Voxels",
			"from": [ 9, -4, 8 ],
			"to": [ 10, -3, 9 ],
			"faces": {
				"down": { "uv": [ 12.5, 12.5, 12.75, 13 ], "texture": "#voxels_atlas", "cullface": "down" },
				"north": { "uv": [ 13.25, 12.5, 13, 13 ], "texture": "#voxels_atlas", "cullface": "down" },
				"south": { "uv": [ 13.25, 12.5, 13.5, 13 ], "texture": "#voxels_atlas", "cullface": "down" },
				"east": { "uv": [ 14, 12.5, 13.75, 13 ], "texture": "#voxels_atlas", "cullface": "down" }
			}
		},
		{
			"__comment": "Voxels",
			"from": [ 9, -3, 9 ],
			"to": [ 10, -2, 10 ],
			"faces": {
				"down": { "uv": [ 14, 12.5, 14.25, 13 ], "texture": "#voxels_atlas", "cullface": "down" },
				"south": { "uv": [ 14.75, 12.5, 15, 13 ], "texture": "#voxels_atlas", "cullface": "down" },
				"east": { "uv": [ 15.5, 12.5, 15.25, 13 ], "texture": "#voxels_atlas", "cullface": "down" }
			}
		},
		{
			"__comment": "Voxels",
			"from": [ 9, -1, 7 ],
			"to": [ 10, 0, 8 ],
			"faces": {
				"down": { "uv": [ 15.5, 12.5, 15.75, 13 ], "texture": "#voxels_atlas", "cullface": "down" },
				"north": { "uv": [ 9.75, 12, 9.5, 12.5 ], "texture": "#voxels_atlas", "cullface": "down" },
				"east": { "uv": [ 9.75, 10.5, 9.5, 11 ], "texture": "#voxels_atlas", "cullface": "down" }
			}
		},
		{
			"__comment": "Voxels",
			"from": [ 9, 6, 11 ],
			"to": [ 10, 8, 12 ],
			"faces": {
				"down": { "uv": [ 9.5, 10, 9.75, 10.5 ], "texture": "#voxels_atlas" },
				"up": { "uv": [ 9.5, 10, 9.75, 9.5 ], "texture": "#voxels_atlas" },
				"south": { "uv": [ 8.5, 0, 8.75, 1 ], "texture": "#voxels_atlas" },
				"east": { "uv": [ 9, 12.5, 8.75, 13.5 ], "texture": "#voxels_atlas" }
			}
		},
		{
			"__comment": "Voxels",
			"from": [ 9, 9, 4 ],
			"to": [ 10, 10, 6 ],
			"faces": {
				"down": { "uv": [ 8.75, 11.5, 9, 12.5 ], "texture": "#voxels_atlas" },
				"up": { "uv": [ 8.75, 11.5, 9, 10.5 ], "texture": "#voxels_atlas" },
				"north": { "uv": [ 9.75, 6, 9.5, 6.5 ], "texture": "#voxels_atlas" },
				"west": { "uv": [ 2.5, 1, 3, 1.5 ], "texture": "#voxels_atlas" },
				"east": { "uv": [ 1.5, 7, 1, 7.5 ], "texture": "#voxels_atlas" }
			}
		},
		{
			"__comment": "Voxels",
			"from": [ 9, 13, 9 ],
			"to": [ 10, 14, 10 ],
			"faces": {
				"up": { "uv": [ 9.5, 4, 9.75, 3.5 ], "texture": "#voxels_atlas" },
				"north": { "uv": [ 9.75, 3, 9.5, 3.5 ], "texture": "#voxels_atlas" },
				"south": { "uv": [ 9.5, 2.5, 9.75, 3 ], "texture": "#voxels_atlas" },
				"west": { "uv": [ 9.5, 2, 9.75, 2.5 ], "texture": "#voxels_atlas" },
				"east": { "uv": [ 9.75, 1.5, 9.5, 2 ], "texture": "#voxels_atlas" }
			}
		},
		{
			"__comment": "Voxels",
			"from": [ 10, -1, 8 ],
			"to": [ 11, 0, 9 ],
			"faces": {
				"down": { "uv": [ 9.5, 1, 9.75, 1.5 ], "texture": "#voxels_atlas", "cullface": "down" },
				"north": { "uv": [ 9.75, 0, 9.5, 0.5 ], "texture": "#voxels_atlas", "cullface": "down" },
				"south": { "uv": [ 9.75, 12, 10, 12.5 ], "texture": "#voxels_atlas", "cullface": "down" },
				"east": { "uv": [ 10.5, 12, 10.25, 12.5 ], "texture": "#voxels_atlas", "cullface": "down" }
			}
		},
		{
			"__comment": "Voxels",
			"from": [ 10, 3, 7 ],
			"to": [ 11, 5, 8 ],
			"faces": {
				"down": { "uv": [ 10.5, 12, 10.75, 12.5 ], "texture": "#voxels_atlas" },
				"north": { "uv": [ 9, 5.5, 8.75, 6.5 ], "texture": "#voxels_atlas" },
				"east": { "uv": [ 9, 2.5, 8.75, 3.5 ], "texture": "#voxels_atlas" }
			}
		},
		{
			"__comment": "Voxels",
			"from": [ 10, 3, 9 ],
			"to": [ 11, 4, 10 ],
			"faces": {
				"down": { "uv": [ 12, 12, 12.25, 12.5 ], "texture": "#voxels_atlas" },
				"south": { "uv": [ 12.75, 12, 13, 12.5 ], "texture": "#voxels_atlas" },
				"east": { "uv": [ 13.5, 12, 13.25, 12.5 ], "texture": "#voxels_atlas" }
			}
		},
		{
			"__comment": "Voxels",
			"from": [ 10, 5, 6 ],
			"to": [ 11, 9, 7 ],
			"faces": {
				"down": { "uv": [ 13.5, 12, 13.75, 12.5 ], "texture": "#voxels_atlas" },
				"up": { "uv": [ 13.75, 12.5, 14, 12 ], "texture": "#voxels_atlas" },
				"north": { "uv": [ 7.5, 7, 7.25, 9 ], "texture": "#voxels_atlas" },
				"east": { "uv": [ 1.5, 2, 1.25, 4 ], "texture": "#voxels_atlas" }
			}
		},
		{
			"__comment": "Voxels",
			"from": [ 10, 6, 10 ],
			"to": [ 11, 9, 11 ],
			"faces": {
				"down": { "uv": [ 15, 12, 15.25, 12.5 ], "texture": "#voxels_atlas" },
				"north": { "uv": [ 7.75, 4, 7.5, 5.5 ], "texture": "#voxels_atlas" },
				"south": { "uv": [ 4.75, 6, 5, 7.5 ], "texture": "#voxels_atlas" },
				"east": { "uv": [ 5, 7.5, 4.75, 9 ], "texture": "#voxels_atlas" }
			}
		},
		{
			"__comment": "Voxels",
			"from": [ 11, 3, 6 ],
			"to": [ 12, 4, 7 ],
			"faces": {
				"down": { "uv": [ 9.75, 10.5, 10, 11 ], "texture": "#voxels_atlas" },
				"up": { "uv": [ 9.75, 10.5, 10, 10 ], "texture": "#voxels_atlas" },
				"north": { "uv": [ 10, 9.5, 9.75, 10 ], "texture": "#voxels_atlas" },
				"south": { "uv": [ 9.75, 9, 10, 9.5 ], "texture": "#voxels_atlas" },
				"west": { "uv": [ 9.75, 8.5, 10, 9 ], "texture": "#voxels_atlas" },
				"east": { "uv": [ 10, 8, 9.75, 8.5 ], "texture": "#voxels_atlas" }
			}
		},
		{
			"__comment": "Voxels",
			"from": [ 11, 4, 8 ],
			"to": [ 12, 5, 9 ],
			"faces": {
				"down": { "uv": [ 9.75, 7.5, 10, 8 ], "texture": "#voxels_atlas" },
				"north": { "uv": [ 10, 6.5, 9.75, 7 ], "texture": "#voxels_atlas" },
				"south": { "uv": [ 9.75, 6, 10, 6.5 ], "texture": "#voxels_atlas" },
				"east": { "uv": [ 10, 5, 9.75, 5.5 ], "texture": "#voxels_atlas" }
			}
		},
		{
			"__comment": "Voxels",
			"from": [ 11, 4, 11 ],
			"to": [ 12, 5, 12 ],
			"faces": {
				"down": { "uv": [ 9.75, 4.5, 10, 5 ], "texture": "#voxels_atlas" },
				"up": { "uv": [ 9.75, 4.5, 10, 4 ], "texture": "#voxels_atlas" },
				"north": { "uv": [ 10, 3.5, 9.75, 4 ], "texture": "#voxels_atlas" },
				"south": { "uv": [ 9.75, 3, 10, 3.5 ], "texture": "#voxels_atlas" },
				"west": { "uv": [ 9.75, 2.5, 10, 3 ], "texture": "#voxels_atlas" },
				"east": { "uv": [ 10, 2, 9.75, 2.5 ], "texture": "#voxels_atlas" }
			}
		}
	],
	"display": {
		"thirdperson_righthand": {
			"translation":  [ 0, 11.825, 0 ],
			"scale":  [ 0.8, 0.8, 0.8 ]
		},
		"thirdperson_lefthand": {
			"translation":  [ 0, 11.825, 0 ],
			"scale":  [ 0.8, 0.8, 0.8 ]
		},
		"firstperson_righthand": {
			"rotation":  [ 18, 0, 0 ],
			"translation":  [ 0.0006, 12.521, 4.1739 ],
			"scale":  [ 0.7, 0.7, 0.7 ]
		},
		"firstperson_lefthand": {
			"rotation":  [ 18, 0, 0 ],
			"translation":  [ 0.0006, 12.521, 4.8695 ],
			"scale":  [ 0.7, 0.7, 0.7 ]
		},
		"gui": {
			"rotation":  [ 0, 0, -23 ],
			"translation":  [ 1.3919, 4.8695, 0 ],
			"scale":  [ 0.6, 0.6, 0.6 ]
		},
		"ground": {
			"rotation":  [ -119, 0, 0 ],
			"scale":  [ 0.6, 0.6, 0.6 ]
		},
		"fixed": {
			"rotation":  [ 0, 0, 27 ],
			"translation":  [ -2.782, 4.1739, 0 ],
			"scale":  [ 0.7, 0.7, 0.7 ]
		}
	}
}