{
	"credit": "Made by Borin8 with Blockbench",
	"textures": {
		"0": "items/ironhatchet",
		"particle": "items/ironhatchet"
	},
	"elements": [
		{
			"from": [8, 0, 7],
			"to": [9, 2, 8],
			"faces": {
				"north": {"uv": [5, 0, 6, 2], "texture": "#0"},
				"east": {"uv": [5, 2, 6, 4], "texture": "#0"},
				"south": {"uv": [5, 4, 6, 6], "texture": "#0"},
				"west": {"uv": [0, 6, 1, 8], "texture": "#0"},
				"up": {"uv": [4, 8, 3, 7], "texture": "#0"},
				"down": {"uv": [5, 7, 4, 8], "texture": "#0"}
			}
		},
		{
			"from": [7.9, 5, 7],
			"to": [9, 8, 8],
			"faces": {
				"north": {"uv": [0, 0, 1.125, 3], "texture": "#0"},
				"east": {"uv": [0, 3, 1, 6], "texture": "#0"},
				"south": {"uv": [2, 0, 3.125, 3], "texture": "#0"},
				"west": {"uv": [1, 3, 2, 6], "texture": "#0"},
				"up": {"uv": [4.125, 7, 3, 6], "texture": "#0"},
				"down": {"uv": [7.125, 3, 6, 4], "texture": "#0"}
			}
		},
		{
			"from": [9, 0, 7],
			"to": [9.5, 1, 8],
			"faces": {
				"north": {"uv": [8, 4, 8.5, 5], "texture": "#0"},
				"east": {"uv": [5, 7, 6, 8], "texture": "#0"},
				"south": {"uv": [5, 8, 5.5, 9], "texture": "#0"},
				"west": {"uv": [6, 7, 7, 8], "texture": "#0"},
				"up": {"uv": [8.5, 6, 8, 5], "texture": "#0"},
				"down": {"uv": [6.5, 8, 6, 9], "texture": "#0"}
			}
		},
		{
			"from": [7.9, 2, 7],
			"to": [8.9, 5, 8],
			"faces": {
				"north": {"uv": [2, 3, 3, 6], "texture": "#0"},
				"east": {"uv": [3, 3, 4, 6], "texture": "#0"},
				"south": {"uv": [4, 0, 5, 3], "texture": "#0"},
				"west": {"uv": [4, 3, 5, 6], "texture": "#0"},
				"up": {"uv": [8, 7, 7, 6], "texture": "#0"},
				"down": {"uv": [8, 7, 7, 8], "texture": "#0"}
			}
		},
		{
			"from": [7.9, 7, 6.8],
			"to": [9, 8, 7],
			"faces": {
				"north": {"uv": [6, 4, 7.125, 5], "texture": "#0"},
				"east": {"uv": [11, 2, 11.25, 3], "texture": "#0"},
				"south": {"uv": [5, 6, 6.125, 7], "texture": "#0"},
				"west": {"uv": [11, 3, 11.25, 4], "texture": "#0"},
				"up": {"uv": [11.125, 8.25, 10, 8], "texture": "#0"},
				"down": {"uv": [11.125, 9, 10, 9.25], "texture": "#0"}
			}
		},
		{
			"from": [7.9, 7, 8],
			"to": [9, 8, 8.2],
			"faces": {
				"north": {"uv": [6, 5, 7.125, 6], "texture": "#0"},
				"east": {"uv": [11, 4, 11.25, 5], "texture": "#0"},
				"south": {"uv": [1, 7, 2.125, 8], "texture": "#0"},
				"west": {"uv": [5, 11, 5.25, 12], "texture": "#0"},
				"up": {"uv": [11.125, 10.25, 10, 10], "texture": "#0"},
				"down": {"uv": [1.125, 11, 0, 11.25], "texture": "#0"}
			}
		},
		{
			"from": [7.7, 7, 6.9],
			"to": [7.9, 8, 8.1],
			"faces": {
				"north": {"uv": [11, 5, 11.25, 6], "texture": "#0"},
				"east": {"uv": [6, 0, 7.25, 1], "texture": "#0"},
				"south": {"uv": [6, 11, 6.25, 12], "texture": "#0"},
				"west": {"uv": [1, 6, 2.25, 7], "texture": "#0"},
				"up": {"uv": [3.25, 11.25, 3, 10], "texture": "#0"},
				"down": {"uv": [4.25, 10, 4, 11.25], "texture": "#0"}
			}
		},
		{
			"from": [9, 7, 6.9],
			"to": [9.2, 8, 8.1],
			"faces": {
				"north": {"uv": [11, 6, 11.25, 7], "texture": "#0"},
				"east": {"uv": [6, 1, 7.25, 2], "texture": "#0"},
				"south": {"uv": [7, 11, 7.25, 12], "texture": "#0"},
				"west": {"uv": [6, 2, 7.25, 3], "texture": "#0"},
				"up": {"uv": [10.25, 5.25, 10, 4], "texture": "#0"},
				"down": {"uv": [10.25, 6, 10, 7.25], "texture": "#0"}
			}
		},
		{
			"from": [9.2, 7, 7.1],
			"to": [9.4, 8, 7.9],
			"faces": {
				"north": {"uv": [11, 7, 11.25, 8], "texture": "#0"},
				"east": {"uv": [0, 8, 0.75, 9], "texture": "#0"},
				"south": {"uv": [9, 11, 9.25, 12], "texture": "#0"},
				"west": {"uv": [8, 0, 8.75, 1], "texture": "#0"},
				"up": {"uv": [12.25, 2.75, 12, 2], "texture": "#0"},
				"down": {"uv": [3.25, 12, 3, 12.75], "texture": "#0"}
			}
		},
		{
			"from": [9.4, 7, 7.2],
			"to": [9.6, 8, 7.8],
			"faces": {
				"north": {"uv": [10, 11, 10.25, 12], "texture": "#0"},
				"east": {"uv": [1, 8, 1.625, 9], "texture": "#0"},
				"south": {"uv": [11, 11, 11.25, 12], "texture": "#0"},
				"west": {"uv": [8, 1, 8.625, 2], "texture": "#0"},
				"up": {"uv": [6.25, 12.625, 6, 12], "texture": "#0"},
				"down": {"uv": [12.25, 6, 12, 6.625], "texture": "#0"}
			}
		},
		{
			"from": [9.6, 7, 7.3],
			"to": [10.1, 8, 7.7],
			"faces": {
				"north": {"uv": [8, 6, 8.5, 7], "texture": "#0"},
				"east": {"uv": [8, 9, 8.375, 10], "texture": "#0"},
				"south": {"uv": [7, 8, 7.5, 9], "texture": "#0"},
				"west": {"uv": [9, 8, 9.375, 9], "texture": "#0"},
				"up": {"uv": [12.5, 3.375, 12, 3], "texture": "#0"},
				"down": {"uv": [4.5, 12, 4, 12.375], "texture": "#0"}
			}
		},
		{
			"from": [10.1, 6.8, 7.3],
			"to": [10.2, 8, 7.7],
			"faces": {
				"north": {"uv": [7, 12, 7.125, 13.25], "texture": "#0"},
				"east": {"uv": [8, 7, 8.375, 8.25], "texture": "#0"},
				"south": {"uv": [12, 7, 12.125, 8.25], "texture": "#0"},
				"west": {"uv": [0, 9, 0.375, 10.25], "texture": "#0"},
				"up": {"uv": [13.125, 6.375, 13, 6], "texture": "#0"},
				"down": {"uv": [13.125, 7, 13, 7.375], "texture": "#0"}
			}
		},
		{
			"from": [10.2, 6.6, 7.3],
			"to": [10.4, 8.1, 7.7],
			"faces": {
				"north": {"uv": [9, 9, 9.25, 10.5], "texture": "#0"},
				"east": {"uv": [3, 8, 3.375, 9.5], "texture": "#0"},
				"south": {"uv": [10, 0, 10.25, 1.5], "texture": "#0"},
				"west": {"uv": [4, 8, 4.375, 9.5], "texture": "#0"},
				"up": {"uv": [12.25, 12.375, 12, 12], "texture": "#0"},
				"down": {"uv": [13.25, 0, 13, 0.375], "texture": "#0"}
			}
		},
		{
			"from": [10.4, 6.5, 7.3],
			"to": [10.6, 8.1, 7.7],
			"faces": {
				"north": {"uv": [9, 6, 9.25, 7.625], "texture": "#0"},
				"east": {"uv": [2, 8, 2.375, 9.625], "texture": "#0"},
				"south": {"uv": [7, 9, 7.25, 10.625], "texture": "#0"},
				"west": {"uv": [8, 2, 8.375, 3.625], "texture": "#0"},
				"up": {"uv": [11.25, 12.375, 11, 12], "texture": "#0"},
				"down": {"uv": [12.25, 11, 12, 11.375], "texture": "#0"}
			}
		},
		{
			"from": [10.6, 6.7, 7.3],
			"to": [10.7, 8, 7.7],
			"faces": {
				"north": {"uv": [8, 12, 8.125, 13.25], "texture": "#0"},
				"east": {"uv": [9, 2, 9.375, 3.25], "texture": "#0"},
				"south": {"uv": [9, 12, 9.125, 13.25], "texture": "#0"},
				"west": {"uv": [9, 4, 9.375, 5.25], "texture": "#0"},
				"up": {"uv": [13.125, 8.375, 13, 8], "texture": "#0"},
				"down": {"uv": [13.125, 9, 13, 9.375], "texture": "#0"}
			}
		},
		{
			"from": [10.6, 6.3, 7.4],
			"to": [10.7, 8.2, 7.6],
			"faces": {
				"north": {"uv": [0, 12, 0.125, 13.875], "texture": "#0"},
				"east": {"uv": [9, 0, 9.25, 1.875], "texture": "#0"},
				"south": {"uv": [12, 0, 12.125, 1.875], "texture": "#0"},
				"west": {"uv": [1, 9, 1.25, 10.875], "texture": "#0"},
				"up": {"uv": [13.125, 10.25, 13, 10], "texture": "#0"},
				"down": {"uv": [11.125, 13, 11, 13.25], "texture": "#0"}
			}
		},
		{
			"from": [10.8, 6.6, 7.4],
			"to": [10.9, 8.1, 7.6],
			"faces": {
				"north": {"uv": [12, 4, 12.125, 5.5], "texture": "#0"},
				"east": {"uv": [2, 10, 2.25, 11.5], "texture": "#0"},
				"south": {"uv": [5, 12, 5.125, 13.5], "texture": "#0"},
				"west": {"uv": [10, 2, 10.25, 3.5], "texture": "#0"},
				"up": {"uv": [13.125, 11.25, 13, 11], "texture": "#0"},
				"down": {"uv": [12.125, 13, 12, 13.25], "texture": "#0"}
			}
		},
		{
			"from": [10.9, 6.85, 7.4],
			"to": [11, 7.95, 7.6],
			"faces": {
				"north": {"uv": [12, 9, 12.125, 10.125], "texture": "#0"},
				"east": {"uv": [8, 10, 8.25, 11.125], "texture": "#0"},
				"south": {"uv": [10, 12, 10.125, 13.125], "texture": "#0"},
				"west": {"uv": [11, 0, 11.25, 1.125], "texture": "#0"},
				"up": {"uv": [2.125, 14.25, 2, 14], "texture": "#0"},
				"down": {"uv": [14.125, 2, 14, 2.25], "texture": "#0"}
			}
		},
		{
			"from": [10.7, 6.4, 7.4],
			"to": [10.8, 8.2, 7.6],
			"faces": {
				"north": {"uv": [1, 12, 1.125, 13.75], "texture": "#0"},
				"east": {"uv": [5, 9, 5.25, 10.75], "texture": "#0"},
				"south": {"uv": [2, 12, 2.125, 13.75], "texture": "#0"},
				"west": {"uv": [6, 9, 6.25, 10.75], "texture": "#0"},
				"up": {"uv": [13.125, 12.25, 13, 12], "texture": "#0"},
				"down": {"uv": [13.125, 13, 13, 13.25], "texture": "#0"}
			}
		},
		{
			"from": [10.4, 6.2, 7.4],
			"to": [10.6, 6.5, 7.6],
			"faces": {
				"north": {"uv": [13, 1, 13.25, 1.25], "texture": "#0"},
				"east": {"uv": [13, 2, 13.25, 2.25], "texture": "#0"},
				"south": {"uv": [3, 13, 3.25, 13.25], "texture": "#0"},
				"west": {"uv": [13, 3, 13.25, 3.25], "texture": "#0"},
				"up": {"uv": [4.25, 13.25, 4, 13], "texture": "#0"},
				"down": {"uv": [13.25, 4, 13, 4.25], "texture": "#0"}
			}
		},
		{
			"from": [10.3, 6.3, 7.4],
			"to": [10.4, 6.6, 7.6],
			"faces": {
				"north": {"uv": [0, 14, 0.125, 14.25], "texture": "#0"},
				"east": {"uv": [13, 5, 13.25, 5.25], "texture": "#0"},
				"south": {"uv": [14, 0, 14.125, 0.25], "texture": "#0"},
				"west": {"uv": [6, 13, 6.25, 13.25], "texture": "#0"},
				"up": {"uv": [1.125, 14.25, 1, 14], "texture": "#0"},
				"down": {"uv": [14.125, 1, 14, 1.25], "texture": "#0"}
			}
		}
	],
	"gui_light": "front",
	"display": {
		"thirdperson_righthand": {
			"rotation": [0, 90, 0],
			"translation": [1.25, 6.5, 2],
			"scale": [1.6, 1.6, 1.6]
		},
		"thirdperson_lefthand": {
			"rotation": [0, -90, 0],
			"translation": [-0.75, 4.75, 2],
			"scale": [1.4, 1.4, 1.4]
		},
		"firstperson_righthand": {
			"rotation": [-17, 112, 0],
			"translation": [0, 7.5, 1.5]
		},
		"firstperson_lefthand": {
			"rotation": [-17, -67, 0],
			"translation": [0, 7.5, 2.5]
		},
		"ground": {
			"translation": [0, 4.75, 0]
		},
		"gui": {
			"rotation": [0, 0, -45],
			"translation": [3, 5, 0],
			"scale": [1.5, 1.5, 1.5]
		},
		"fixed": {
			"rotation": [0, -90, -31],
			"translation": [0.5, 5.75, -4.75],
			"scale": [2.2, 2.2, 2.2]
		}
	}
}