{
	"__comment": "Designed by Elo106 with Cubik Studio - https://cubik.studio",
	"textures": {
		"particle": "items/wateraxe",
		"texture": "items/wateraxe",
		"aaa_atlas": "items/wateraxe",
		"horn_coral": "block/horn_coral",
		"horn_coral_fan": "block/horn_coral_fan"
	},
	"elements": [ 	 
		{
			"__comment": "Voxels",
			"from": [ 2, 7.5, 18.5 ],
			"to": [ 5.5, 8, 20 ],
			"faces": {
				"down": { "uv": [ 4, 12.5, 5.75, 13.25 ], "texture": "#aaa_atlas" },
				"up": { "uv": [ 13.5, 14.5, 15.25, 13.75 ], "texture": "#aaa_atlas" },
				"north": { "uv": [ 16, 10.25, 14.25, 10.5 ], "texture": "#aaa_atlas" },
				"south": { "uv": [ 13.75, 10, 15.5, 10.25 ], "texture": "#aaa_atlas" },
				"west": { "uv": [ 6.75, 3.75, 7.5, 4 ], "texture": "#aaa_atlas" },
				"east": { "uv": [ 7.5, 3.5, 6.75, 3.75 ], "texture": "#aaa_atlas" }
			}
		},
		{
			"__comment": "Voxels",
			"from": [ 2.5, 7.5, 17 ],
			"to": [ 3.5, 8, 18.5 ],
			"faces": {
				"down": { "uv": [ 2, 5.75, 2.5, 6.5 ], "texture": "#aaa_atlas" },
				"up": { "uv": [ 2, 5.75, 2.5, 5 ], "texture": "#aaa_atlas" },
				"north": { "uv": [ 8.25, 7.75, 7.75, 8 ], "texture": "#aaa_atlas" },
				"south": { "uv": [ 12.75, 8, 13.25, 8.25 ], "texture": "#aaa_atlas" },
				"west": { "uv": [ 6.75, 3.25, 7.5, 3.5 ], "texture": "#aaa_atlas" },
				"east": { "uv": [ 7.5, 3, 6.75, 3.25 ], "texture": "#aaa_atlas" }
			}
		},
		{
			"__comment": "Voxels",
			"from": [ 2.5, 7.5, 20 ],
			"to": [ 6, 8, 20.5 ],
			"faces": {
				"down": { "uv": [ 5.25, 9.5, 7, 9.75 ], "texture": "#aaa_atlas" },
				"up": { "uv": [ 7, 9.75, 8.75, 9.5 ], "texture": "#aaa_atlas" },
				"north": { "uv": [ 10.5, 9.5, 8.75, 9.75 ], "texture": "#aaa_atlas" },
				"south": { "uv": [ 10.5, 9.5, 12.25, 9.75 ], "texture": "#aaa_atlas" },
				"west": { "uv": [ 7.5, 3.25, 7.75, 3.5 ], "texture": "#aaa_atlas" },
				"east": { "uv": [ 7.75, 3.5, 7.5, 3.75 ], "texture": "#aaa_atlas" }
			}
		},
		{
			"__comment": "Voxels",
			"from": [ 2.5, 7.5, 20.5 ],
			"to": [ 3.5, 8, 21 ],
			"faces": {
				"down": { "uv": [ 9.25, 8, 9.75, 8.25 ], "texture": "#aaa_atlas" },
				"up": { "uv": [ 4.75, 1.5, 5.25, 1.25 ], "texture": "#aaa_atlas" },
				"north": { "uv": [ 4, 0.25, 3.5, 0.5 ], "texture": "#aaa_atlas" },
				"south": { "uv": [ 7.75, 5.25, 8.25, 5.5 ], "texture": "#aaa_atlas" },
				"west": { "uv": [ 7.5, 5.25, 7.75, 5.5 ], "texture": "#aaa_atlas" },
				"east": { "uv": [ 7.75, 5.5, 7.5, 5.75 ], "texture": "#aaa_atlas" }
			}
		},
		{
			"__comment": "Voxels",
			"from": [ 3, 7.5, 16.5 ],
			"to": [ 3.5, 8, 17 ],
			"faces": {
				"down": { "uv": [ 7.5, 5.75, 7.75, 6 ], "texture": "#aaa_atlas" },
				"up": { "uv": [ 6.5, 0.75, 6.75, 0.5 ], "texture": "#aaa_atlas" },
				"north": { "uv": [ 6.75, 0.75, 6.5, 1 ], "texture": "#aaa_atlas" },
				"south": { "uv": [ 6.5, 1, 6.75, 1.25 ], "texture": "#aaa_atlas" },
				"west": { "uv": [ 6.5, 1.25, 6.75, 1.5 ], "texture": "#aaa_atlas" },
				"east": { "uv": [ 6.75, 1.5, 6.5, 1.75 ], "texture": "#aaa_atlas" }
			}
		},
		{
			"__comment": "Voxels",
			"from": [ 3, 7.5, 21 ],
			"to": [ 3.5, 8, 22 ],
			"faces": {
				"down": { "uv": [ 5, 2, 5.25, 2.5 ], "texture": "#aaa_atlas" },
				"up": { "uv": [ 5, 3, 5.25, 2.5 ], "texture": "#aaa_atlas" },
				"north": { "uv": [ 6.75, 2.25, 6.5, 2.5 ], "texture": "#aaa_atlas" },
				"south": { "uv": [ 6.5, 2.5, 6.75, 2.75 ], "texture": "#aaa_atlas" },
				"west": { "uv": [ 15.25, 8, 15.75, 8.25 ], "texture": "#aaa_atlas" },
				"east": { "uv": [ 15.25, 8, 14.75, 8.25 ], "texture": "#aaa_atlas" }
			}
		},
		{
			"__comment": "Voxels",
			"from": [ 4, 7, 17.5 ],
			"to": [ 6, 8.5, 18.5 ],
			"faces": {
				"down": { "uv": [ 4, 2.5, 5, 3 ], "texture": "#aaa_atlas" },
				"up": { "uv": [ 4, 2.5, 5, 2 ], "texture": "#aaa_atlas" },
				"north": { "uv": [ 2, 0.5, 1, 1.25 ], "texture": "#aaa_atlas" },
				"south": { "uv": [ 1, 5, 2, 5.75 ], "texture": "#aaa_atlas" },
				"west": { "uv": [ 2.5, 4.25, 3, 5 ], "texture": "#aaa_atlas" },
				"east": { "uv": [ 3, 5, 2.5, 5.75 ], "texture": "#aaa_atlas" }
			}
		},
		{
			"__comment": "Voxels",
			"from": [ 4, 7, 18.5 ],
			"to": [ 5.5, 7.5, 21 ],
			"faces": {
				"down": { "uv": [ 0, 5.25, 0.75, 6.5 ], "texture": "#aaa_atlas" },
				"up": { "uv": [ 0, 5.25, 0.75, 4 ], "texture": "#aaa_atlas" },
				"north": { "uv": [ 7.5, 2.75, 6.75, 3 ], "texture": "#aaa_atlas" },
				"south": { "uv": [ 6.75, 2.5, 7.5, 2.75 ], "texture": "#aaa_atlas" },
				"west": { "uv": [ 14.25, 8.75, 15.5, 9 ], "texture": "#aaa_atlas" },
				"east": { "uv": [ 14.25, 8.75, 13, 9 ], "texture": "#aaa_atlas" }
			}
		},
		{
			"__comment": "Voxels",
			"from": [ 4, 7.5, 20.5 ],
			"to": [ 6.5, 8.5, 21 ],
			"faces": {
				"down": { "uv": [ 11.75, 8.75, 13, 9 ], "texture": "#aaa_atlas" },
				"up": { "uv": [ 11.75, 9.25, 13, 9 ], "texture": "#aaa_atlas" },
				"north": { "uv": [ 5.25, 7, 4, 7.5 ], "texture": "#aaa_atlas" },
				"south": { "uv": [ 14.5, 13.25, 15.75, 13.75 ], "texture": "#aaa_atlas" },
				"west": { "uv": [ 5, 4, 5.25, 4.5 ], "texture": "#aaa_atlas" },
				"east": { "uv": [ 5.25, 4.5, 5, 5 ], "texture": "#aaa_atlas" }
			}
		},
		{
			"__comment": "Voxels",
			"from": [ 4, 8, 18.5 ],
			"to": [ 5.5, 8.5, 20.5 ],
			"faces": {
				"down": { "uv": [ 0, 3, 0.75, 4 ], "texture": "#aaa_atlas" },
				"up": { "uv": [ 0, 3, 0.75, 2 ], "texture": "#aaa_atlas" },
				"north": { "uv": [ 7.5, 2.25, 6.75, 2.5 ], "texture": "#aaa_atlas" },
				"south": { "uv": [ 6.75, 2, 7.5, 2.25 ], "texture": "#aaa_atlas" },
				"west": { "uv": [ 13.25, 8.25, 14.25, 8.5 ], "texture": "#aaa_atlas" },
				"east": { "uv": [ 13.25, 8.25, 12.25, 8.5 ], "texture": "#aaa_atlas" }
			}
		},
		{
			"__comment": "Voxels",
			"from": [ 4.5, 7, 16.5 ],
			"to": [ 7, 8.5, 17 ],
			"faces": {
				"down": { "uv": [ 8, 8.5, 9.25, 8.75 ], "texture": "#aaa_atlas" },
				"up": { "uv": [ 10.5, 9.25, 11.75, 9 ], "texture": "#aaa_atlas" },
				"north": { "uv": [ 5.25, 11.25, 4, 12 ], "texture": "#aaa_atlas" },
				"south": { "uv": [ 12.75, 11.25, 14, 12 ], "texture": "#aaa_atlas" },
				"west": { "uv": [ 3, 0.5, 3.25, 1.25 ], "texture": "#aaa_atlas" },
				"east": { "uv": [ 3.5, 0.5, 3.25, 1.25 ], "texture": "#aaa_atlas" }
			}
		},
		{
			"__comment": "Voxels",
			"from": [ 4.5, 7, 17 ],
			"to": [ 6.5, 8.5, 17.5 ],
			"faces": {
				"down": { "uv": [ 6.75, 7, 7.75, 7.25 ], "texture": "#aaa_atlas" },
				"up": { "uv": [ 6.75, 7.5, 7.75, 7.25 ], "texture": "#aaa_atlas" },
				"north": { "uv": [ 1, 0.5, 0, 1.25 ], "texture": "#aaa_atlas" },
				"south": { "uv": [ 1, 1.25, 2, 2 ], "texture": "#aaa_atlas" },
				"west": { "uv": [ 3.5, 5.75, 3.75, 6.5 ], "texture": "#aaa_atlas" },
				"east": { "uv": [ 4, 5.75, 3.75, 6.5 ], "texture": "#aaa_atlas" }
			}
		},
		{
			"__comment": "Voxels",
			"from": [ 4.5, 7, 21 ],
			"to": [ 9.5, 8.5, 21.5 ],
			"faces": {
				"down": { "uv": [ 13.5, 15.75, 16, 16 ], "texture": "#aaa_atlas" },
				"up": { "uv": [ 13.5, 15.75, 16, 15.5 ], "texture": "#aaa_atlas" },
				"north": { "uv": [ 6.5, 13.75, 4, 14.5 ], "texture": "#aaa_atlas" },
				"south": { "uv": [ 6.5, 13.75, 9, 14.5 ], "texture": "#aaa_atlas" },
				"west": { "uv": [ 3.5, 5, 3.75, 5.75 ], "texture": "#aaa_atlas" },
				"east": { "uv": [ 4, 5, 3.75, 5.75 ], "texture": "#aaa_atlas" }
			}
		},
		{
			"__comment": "Voxels",
			"from": [ 5, 7, 16 ],
			"to": [ 7.5, 8.5, 16.5 ],
			"faces": {
				"down": { "uv": [ 8, 8.75, 9.25, 9 ], "texture": "#aaa_atlas" },
				"up": { "uv": [ 9.25, 9, 10.5, 8.75 ], "texture": "#aaa_atlas" },
				"north": { "uv": [ 15.25, 11.25, 14, 12 ], "texture": "#aaa_atlas" },
				"south": { "uv": [ 4, 10.5, 5.25, 11.25 ], "texture": "#aaa_atlas" },
				"west": { "uv": [ 3.5, 4.25, 3.75, 5 ], "texture": "#aaa_atlas" },
				"east": { "uv": [ 4, 4.25, 3.75, 5 ], "texture": "#aaa_atlas" }
			}
		},
		{
			"__comment": "Voxels",
			"from": [ 5, 7, 21.5 ],
			"to": [ 9.5, 8.5, 22 ],
			"faces": {
				"down": { "uv": [ 13.5, 14.5, 15.75, 14.75 ], "texture": "#aaa_atlas" },
				"up": { "uv": [ 13.5, 15, 15.75, 14.75 ], "texture": "#aaa_atlas" },
				"north": { "uv": [ 13.5, 13.75, 11.25, 14.5 ], "texture": "#aaa_atlas" },
				"south": { "uv": [ 9, 13.75, 11.25, 14.5 ], "texture": "#aaa_atlas" },
				"west": { "uv": [ 3.5, 3.5, 3.75, 4.25 ], "texture": "#aaa_atlas" },
				"east": { "uv": [ 4, 3.5, 3.75, 4.25 ], "texture": "#aaa_atlas" }
			}
		},
		{
			"__comment": "Voxels",
			"from": [ 5, 7.5, 25 ],
			"to": [ 7.5, 8, 25.5 ],
			"faces": {
				"down": { "uv": [ 10.5, 8.5, 11.75, 8.75 ], "texture": "#aaa_atlas" },
				"up": { "uv": [ 11.75, 8.75, 13, 8.5 ], "texture": "#aaa_atlas" },
				"north": { "uv": [ 6.5, 0, 5.25, 0.25 ], "texture": "#aaa_atlas" },
				"south": { "uv": [ 5.25, 0.25, 6.5, 0.5 ], "texture": "#aaa_atlas" },
				"west": { "uv": [ 6.5, 4, 6.75, 4.25 ], "texture": "#aaa_atlas" },
				"east": { "uv": [ 6.75, 4.25, 6.5, 4.5 ], "texture": "#aaa_atlas" }
			}
		},
		{
			"__comment": "Voxels",
			"from": [ 5.5, 7, 15.5 ],
			"to": [ 8, 8.5, 16 ],
			"faces": {
				"down": { "uv": [ 5.25, 3.5, 6.5, 3.75 ], "texture": "#aaa_atlas" },
				"up": { "uv": [ 5.25, 4, 6.5, 3.75 ], "texture": "#aaa_atlas" },
				"north": { "uv": [ 9, 11.25, 7.75, 12 ], "texture": "#aaa_atlas" },
				"south": { "uv": [ 9, 11.25, 10.25, 12 ], "texture": "#aaa_atlas" },
				"west": { "uv": [ 3.5, 2.75, 3.75, 3.5 ], "texture": "#aaa_atlas" },
				"east": { "uv": [ 4, 2.75, 3.75, 3.5 ], "texture": "#aaa_atlas" }
			}
		},
		{
			"__comment": "Voxels",
			"from": [ 5.5, 7, 20 ],
			"to": [ 6, 7.5, 21 ],
			"faces": {
				"down": { "uv": [ 15.75, 13.25, 16, 13.75 ], "texture": "#aaa_atlas" },
				"up": { "uv": [ 3, 0.5, 3.25, 0 ], "texture": "#aaa_atlas" },
				"north": { "uv": [ 6.75, 4.5, 6.5, 4.75 ], "texture": "#aaa_atlas" },
				"south": { "uv": [ 15.75, 9.5, 16, 9.75 ], "texture": "#aaa_atlas" },
				"west": { "uv": [ 15.5, 8.75, 16, 9 ], "texture": "#aaa_atlas" },
				"east": { "uv": [ 16, 9, 15.5, 9.25 ], "texture": "#aaa_atlas" }
			}
		},
		{
			"__comment": "Voxels",
			"from": [ 5.5, 7, 22 ],
			"to": [ 9, 8.5, 22.5 ],
			"faces": {
				"down": { "uv": [ 12.25, 9.5, 14, 9.75 ], "texture": "#aaa_atlas" },
				"up": { "uv": [ 14.25, 10, 16, 9.75 ], "texture": "#aaa_atlas" },
				"north": { "uv": [ 7.5, 12.5, 5.75, 13.25 ], "texture": "#aaa_atlas" },
				"south": { "uv": [ 7.5, 12.5, 9.25, 13.25 ], "texture": "#aaa_atlas" },
				"west": { "uv": [ 3.5, 2, 3.75, 2.75 ], "texture": "#aaa_atlas" },
				"east": { "uv": [ 4, 2, 3.75, 2.75 ], "texture": "#aaa_atlas" }
			}
		},
		{
			"__comment": "Voxels",
			"from": [ 5.5, 7.5, 19 ],
			"to": [ 13.5, 8, 19.5 ],
			"faces": {
				"down": { "uv": [ 12, 12.25, 16, 12.5 ], "texture": "#aaa_atlas" },
				"up": { "uv": [ 8, 12.5, 12, 12.25 ], "texture": "#aaa_atlas" },
				"north": { "uv": [ 8, 12.25, 4, 12.5 ], "texture": "#aaa_atlas" },
				"south": { "uv": [ 4, 12, 8, 12.25 ], "texture": "#aaa_atlas" },
				"west": { "uv": [ 15.75, 14.75, 16, 15 ], "texture": "#aaa_atlas" },
				"east": { "uv": [ 16, 15, 15.75, 15.25 ], "texture": "#aaa_atlas" }
			}
		},
		{
			"__comment": "Voxels",
			"from": [ 5.5, 7.5, 19.5 ],
			"to": [ 13, 8, 20 ],
			"faces": {
				"down": { "uv": [ 12.25, 13, 16, 13.25 ], "texture": "#aaa_atlas" },
				"up": { "uv": [ 8, 12.25, 11.75, 12 ], "texture": "#aaa_atlas" },
				"north": { "uv": [ 16, 12.5, 12.25, 12.75 ], "texture": "#aaa_atlas" },
				"south": { "uv": [ 12.25, 12.75, 16, 13 ], "texture": "#aaa_atlas" },
				"west": { "uv": [ 15.75, 15.25, 16, 15.5 ], "texture": "#aaa_atlas" },
				"east": { "uv": [ 6.75, 3.25, 6.5, 3.5 ], "texture": "#aaa_atlas" }
			}
		},
		{
			"__comment": "Voxels",
			"from": [ 5.5, 8, 20 ],
			"to": [ 6, 8.5, 20.5 ],
			"faces": {
				"down": { "uv": [ 7.75, 0, 8, 0.25 ], "texture": "#aaa_atlas" },
				"up": { "uv": [ 8, 0.5, 8.25, 0.25 ], "texture": "#aaa_atlas" },
				"north": { "uv": [ 8, 0.25, 7.75, 0.5 ], "texture": "#aaa_atlas" },
				"south": { "uv": [ 8, 0.5, 8.25, 0.75 ], "texture": "#aaa_atlas" },
				"west": { "uv": [ 7.75, 1, 8, 1.25 ], "texture": "#aaa_atlas" },
				"east": { "uv": [ 8.25, 1.25, 8, 1.5 ], "texture": "#aaa_atlas" }
			}
		},
		{
			"__comment": "Voxels",
			"from": [ 6, 7, 15 ],
			"to": [ 8.5, 8.5, 15.5 ],
			"faces": {
				"down": { "uv": [ 5.25, 1.25, 6.5, 1.5 ], "texture": "#aaa_atlas" },
				"up": { "uv": [ 5.25, 1.25, 6.5, 1 ], "texture": "#aaa_atlas" },
				"north": { "uv": [ 7.75, 11.25, 6.5, 12 ], "texture": "#aaa_atlas" },
				"south": { "uv": [ 5.25, 11.25, 6.5, 12 ], "texture": "#aaa_atlas" },
				"west": { "uv": [ 3.5, 1.25, 3.75, 2 ], "texture": "#aaa_atlas" },
				"east": { "uv": [ 4, 1.25, 3.75, 2 ], "texture": "#aaa_atlas" }
			}
		},
		{
			"__comment": "Voxels",
			"from": [ 6, 7, 20.5 ],
			"to": [ 6.5, 7.5, 21 ],
			"faces": {
				"down": { "uv": [ 7.75, 1.25, 8, 1.5 ], "texture": "#aaa_atlas" },
				"up": { "uv": [ 8, 1.75, 8.25, 1.5 ], "texture": "#aaa_atlas" },
				"north": { "uv": [ 8, 3, 7.75, 3.25 ], "texture": "#aaa_atlas" },
				"south": { "uv": [ 8, 3.25, 8.25, 3.5 ], "texture": "#aaa_atlas" },
				"west": { "uv": [ 15.75, 8, 16, 8.25 ], "texture": "#aaa_atlas" },
				"east": { "uv": [ 7.75, 1.5, 7.5, 1.75 ], "texture": "#aaa_atlas" }
			}
		},
		{
			"__comment": "Voxels",
			"from": [ 6, 7.5, 24.5 ],
			"to": [ 8.5, 8, 25 ],
			"faces": {
				"down": { "uv": [ 5.25, 4, 6.5, 4.25 ], "texture": "#aaa_atlas" },
				"up": { "uv": [ 5.25, 3.5, 6.5, 3.25 ], "texture": "#aaa_atlas" },
				"north": { "uv": [ 6.5, 3, 5.25, 3.25 ], "texture": "#aaa_atlas" },
				"south": { "uv": [ 5.25, 1.75, 6.5, 2 ], "texture": "#aaa_atlas" },
				"west": { "uv": [ 7.5, 2.25, 7.75, 2.5 ], "texture": "#aaa_atlas" },
				"east": { "uv": [ 7.75, 2.75, 7.5, 3 ], "texture": "#aaa_atlas" }
			}
		},
		{
			"__comment": "Voxels",
			"from": [ 6.5, 7, 14.5 ],
			"to": [ 9.5, 8.5, 15 ],
			"faces": {
				"down": { "uv": [ 14, 9.25, 15.5, 9.5 ], "texture": "#aaa_atlas" },
				"up": { "uv": [ 5.25, 9.25, 6.75, 9 ], "texture": "#aaa_atlas" },
				"north": { "uv": [ 10.75, 12.5, 9.25, 13.25 ], "texture": "#aaa_atlas" },
				"south": { "uv": [ 10.75, 12.5, 12.25, 13.25 ], "texture": "#aaa_atlas" },
				"west": { "uv": [ 3.5, 0.5, 3.75, 1.25 ], "texture": "#aaa_atlas" },
				"east": { "uv": [ 4, 0.5, 3.75, 1.25 ], "texture": "#aaa_atlas" }
			}
		},
		{
			"__comment": "Voxels",
			"from": [ 6.5, 7, 22.5 ],
			"to": [ 9, 8.5, 23 ],
			"faces": {
				"down": { "uv": [ 9.25, 8.5, 10.5, 8.75 ], "texture": "#aaa_atlas" },
				"up": { "uv": [ 10.5, 9, 11.75, 8.75 ], "texture": "#aaa_atlas" },
				"north": { "uv": [ 5.25, 9, 4, 9.75 ], "texture": "#aaa_atlas" },
				"south": { "uv": [ 4, 9.75, 5.25, 10.5 ], "texture": "#aaa_atlas" },
				"west": { "uv": [ 5, 8.25, 5.25, 9 ], "texture": "#aaa_atlas" },
				"east": { "uv": [ 5.25, 7.5, 5, 8.25 ], "texture": "#aaa_atlas" }
			}
		},
		{
			"__comment": "Voxels",
			"from": [ 6.5, 7.5, 18.5 ],
			"to": [ 13.5, 8, 19 ],
			"faces": {
				"down": { "uv": [ 12.25, 11, 15.75, 11.25 ], "texture": "#aaa_atlas" },
				"up": { "uv": [ 11.75, 12.25, 15.25, 12 ], "texture": "#aaa_atlas" },
				"north": { "uv": [ 8.75, 11, 5.25, 11.25 ], "texture": "#aaa_atlas" },
				"south": { "uv": [ 8.75, 11, 12.25, 11.25 ], "texture": "#aaa_atlas" },
				"west": { "uv": [ 7.5, 3, 7.75, 3.25 ], "texture": "#aaa_atlas" },
				"east": { "uv": [ 9.5, 7.5, 9.25, 7.75 ], "texture": "#aaa_atlas" }
			}
		},
		{
			"__comment": "Voxels",
			"from": [ 7, 7.5, 18 ],
			"to": [ 13.5, 8, 18.5 ],
			"faces": {
				"down": { "uv": [ 11.75, 10.75, 15, 11 ], "texture": "#aaa_atlas" },
				"up": { "uv": [ 5.25, 10.75, 8.5, 10.5 ], "texture": "#aaa_atlas" },
				"north": { "uv": [ 8.5, 10.75, 5.25, 11 ], "texture": "#aaa_atlas" },
				"south": { "uv": [ 8.5, 10.75, 11.75, 11 ], "texture": "#aaa_atlas" },
				"west": { "uv": [ 9, 7.5, 9.25, 7.75 ], "texture": "#aaa_atlas" },
				"east": { "uv": [ 8.25, 1, 8, 1.25 ], "texture": "#aaa_atlas" }
			}
		},
		{
			"__comment": "Voxels",
			"from": [ 7, 7.5, 20 ],
			"to": [ 13, 8, 20.5 ],
			"faces": {
				"down": { "uv": [ 8.5, 10.5, 11.5, 10.75 ], "texture": "#aaa_atlas" },
				"up": { "uv": [ 5.25, 10.25, 8.25, 10 ], "texture": "#aaa_atlas" },
				"north": { "uv": [ 14.25, 10.25, 11.25, 10.5 ], "texture": "#aaa_atlas" },
				"south": { "uv": [ 8.25, 10.25, 11.25, 10.5 ], "texture": "#aaa_atlas" },
				"west": { "uv": [ 7.75, 2.75, 8, 3 ], "texture": "#aaa_atlas" },
				"east": { "uv": [ 8.25, 5.75, 8, 6 ], "texture": "#aaa_atlas" }
			}
		},
		{
			"__comment": "Voxels",
			"from": [ 7, 7.5, 24 ],
			"to": [ 10, 8, 24.5 ],
			"faces": {
				"down": { "uv": [ 5.25, 7.25, 6.75, 7.5 ], "texture": "#aaa_atlas" },
				"up": { "uv": [ 5.25, 7.25, 6.75, 7 ], "texture": "#aaa_atlas" },
				"north": { "uv": [ 6.75, 6.75, 5.25, 7 ], "texture": "#aaa_atlas" },
				"south": { "uv": [ 5.25, 6.5, 6.75, 6.75 ], "texture": "#aaa_atlas" },
				"west": { "uv": [ 7.5, 4.75, 7.75, 5 ], "texture": "#aaa_atlas" },
				"east": { "uv": [ 7.75, 5, 7.5, 5.25 ], "texture": "#aaa_atlas" }
			}
		},
		{
			"__comment": "Voxels",
			"from": [ 7.5, 7, 14 ],
			"to": [ 9.5, 8.5, 14.5 ],
			"faces": {
				"down": { "uv": [ 14.25, 8.25, 15.25, 8.5 ], "texture": "#aaa_atlas" },
				"up": { "uv": [ 6.75, 8.25, 7.75, 8 ], "texture": "#aaa_atlas" },
				"north": { "uv": [ 2, 5.75, 1, 6.5 ], "texture": "#aaa_atlas" },
				"south": { "uv": [ 0, 1.25, 1, 2 ], "texture": "#aaa_atlas" },
				"west": { "uv": [ 4.75, 6.25, 5, 7 ], "texture": "#aaa_atlas" },
				"east": { "uv": [ 5.25, 6.25, 5, 7 ], "texture": "#aaa_atlas" }
			}
		},
		{
			"__comment": "Voxels",
			"from": [ 7.5, 7, 23 ],
			"to": [ 8.5, 8.5, 23.5 ],
			"faces": {
				"down": { "uv": [ 7.75, 6.5, 8.25, 6.75 ], "texture": "#aaa_atlas" },
				"up": { "uv": [ 7.75, 7, 8.25, 6.75 ], "texture": "#aaa_atlas" },
				"north": { "uv": [ 3, 3.5, 2.5, 4.25 ], "texture": "#aaa_atlas" },
				"south": { "uv": [ 2.5, 1.25, 3, 2 ], "texture": "#aaa_atlas" },
				"west": { "uv": [ 3, 2.75, 3.25, 3.5 ], "texture": "#aaa_atlas" },
				"east": { "uv": [ 3.5, 2.75, 3.25, 3.5 ], "texture": "#aaa_atlas" }
			}
		},
		{
			"__comment": "Voxels",
			"from": [ 7.5, 7.5, 17 ],
			"to": [ 13.5, 8, 18 ],
			"faces": {
				"down": { "uv": [ 4, 13.25, 7, 13.75 ], "texture": "#aaa_atlas" },
				"up": { "uv": [ 7, 13.75, 10, 13.25 ], "texture": "#aaa_atlas" },
				"north": { "uv": [ 8.25, 10.25, 5.25, 10.5 ], "texture": "#aaa_atlas" },
				"south": { "uv": [ 11.5, 10.5, 14.5, 10.75 ], "texture": "#aaa_atlas" },
				"west": { "uv": [ 6.75, 1.25, 7.25, 1.5 ], "texture": "#aaa_atlas" },
				"east": { "uv": [ 16, 8.5, 15.5, 8.75 ], "texture": "#aaa_atlas" }
			}
		},
		{
			"__comment": "Voxels",
			"from": [ 7.5, 7.5, 20.5 ],
			"to": [ 13, 8, 21 ],
			"faces": {
				"down": { "uv": [ 11, 10, 13.75, 10.25 ], "texture": "#aaa_atlas" },
				"up": { "uv": [ 5.25, 10, 8, 9.75 ], "texture": "#aaa_atlas" },
				"north": { "uv": [ 10.75, 9.75, 8, 10 ], "texture": "#aaa_atlas" },
				"south": { "uv": [ 8.25, 10, 11, 10.25 ], "texture": "#aaa_atlas" },
				"west": { "uv": [ 15.75, 11, 16, 11.25 ], "texture": "#aaa_atlas" },
				"east": { "uv": [ 16, 14.5, 15.75, 14.75 ], "texture": "#aaa_atlas" }
			}
		},
		{
			"__comment": "Voxels",
			"from": [ 7.5, 7.5, 23.5 ],
			"to": [ 10.5, 8, 24 ],
			"faces": {
				"down": { "uv": [ 5.25, 8, 6.75, 8.25 ], "texture": "#aaa_atlas" },
				"up": { "uv": [ 5.25, 8.5, 6.75, 8.25 ], "texture": "#aaa_atlas" },
				"north": { "uv": [ 6.75, 8.5, 5.25, 8.75 ], "texture": "#aaa_atlas" },
				"south": { "uv": [ 5.25, 8.75, 6.75, 9 ], "texture": "#aaa_atlas" },
				"west": { "uv": [ 7.75, 1.5, 8, 1.75 ], "texture": "#aaa_atlas" },
				"east": { "uv": [ 8.25, 1.75, 8, 2 ], "texture": "#aaa_atlas" }
			}
		},
		{
			"__comment": "Voxels",
			"from": [ 8, 7, -9 ],
			"to": [ 10, 8.5, -8 ],
			"faces": {
				"down": { "uv": [ 1, 0, 2, 0.5 ], "texture": "#aaa_atlas" },
				"up": { "uv": [ 4, 5.5, 5, 5 ], "texture": "#aaa_atlas" },
				"north": { "uv": [ 2, 4.25, 1, 5 ], "texture": "#aaa_atlas" },
				"south": { "uv": [ 1, 2.75, 2, 3.5 ], "texture": "#aaa_atlas" },
				"west": { "uv": [ 2, 0.5, 2.5, 1.25 ], "texture": "#aaa_atlas" },
				"east": { "uv": [ 3, 5.75, 2.5, 6.5 ], "texture": "#aaa_atlas" }
			}
		},
		{
			"__comment": "Voxels",
			"from": [ 8, 7, 11 ],
			"to": [ 10, 8.5, 12.5 ],
			"faces": {
				"down": { "uv": [ 1, 2, 2, 2.75 ], "texture": "#aaa_atlas" },
				"up": { "uv": [ 1, 4.25, 2, 3.5 ], "texture": "#aaa_atlas" },
				"north": { "uv": [ 5, 8.25, 4, 9 ], "texture": "#aaa_atlas" },
				"south": { "uv": [ 4, 7.5, 5, 8.25 ], "texture": "#aaa_atlas" },
				"west": { "uv": [ 4, 5.5, 4.75, 6.25 ], "texture": "#aaa_atlas" },
				"east": { "uv": [ 4.75, 6.25, 4, 7 ], "texture": "#aaa_atlas" }
			}
		},
		{
			"__comment": "Voxels",
			"from": [ 8, 7, 13.5 ],
			"to": [ 9.5, 8.5, 14 ],
			"faces": {
				"down": { "uv": [ 15.25, 12, 16, 12.25 ], "texture": "#aaa_atlas" },
				"up": { "uv": [ 6, 8, 6.75, 7.75 ], "texture": "#aaa_atlas" },
				"north": { "uv": [ 16, 11.25, 15.25, 12 ], "texture": "#aaa_atlas" },
				"south": { "uv": [ 15.25, 13.75, 16, 14.5 ], "texture": "#aaa_atlas" },
				"west": { "uv": [ 3, 2, 3.25, 2.75 ], "texture": "#aaa_atlas" },
				"east": { "uv": [ 3.5, 2, 3.25, 2.75 ], "texture": "#aaa_atlas" }
			}
		},
		{
			"__comment": "Voxels",
			"from": [ 8, 7, 18.5 ],
			"to": [ 10, 7.5, 19.5 ],
			"faces": {
				"down": { "uv": [ 0, 0, 1, 0.5 ], "texture": "#aaa_atlas" },
				"up": { "uv": [ 4, 2, 5, 1.5 ], "texture": "#aaa_atlas" },
				"north": { "uv": [ 7.75, 7.75, 6.75, 8 ], "texture": "#aaa_atlas" },
				"south": { "uv": [ 6.75, 6.5, 7.75, 6.75 ], "texture": "#aaa_atlas" },
				"west": { "uv": [ 9.75, 8, 10.25, 8.25 ], "texture": "#aaa_atlas" },
				"east": { "uv": [ 10.75, 8, 10.25, 8.25 ], "texture": "#aaa_atlas" }
			}
		},
		{
			"__comment": "Voxels",
			"from": [ 8, 7, 20.5 ],
			"to": [ 10.5, 7.5, 21 ],
			"faces": {
				"down": { "uv": [ 9.25, 9, 10.5, 9.25 ], "texture": "#aaa_atlas" },
				"up": { "uv": [ 8, 9.25, 9.25, 9 ], "texture": "#aaa_atlas" },
				"north": { "uv": [ 6.5, 4.25, 5.25, 4.5 ], "texture": "#aaa_atlas" },
				"south": { "uv": [ 6.75, 9, 8, 9.25 ], "texture": "#aaa_atlas" },
				"west": { "uv": [ 7.5, 2.5, 7.75, 2.75 ], "texture": "#aaa_atlas" },
				"east": { "uv": [ 16, 7.75, 15.75, 8 ], "texture": "#aaa_atlas" }
			}
		},
		{
			"__comment": "Voxels",
			"from": [ 8, 7.5, -8 ],
			"to": [ 10, 8, 11 ],
			"faces": {
				"down": { "uv": [ 1, 6.5, 2, 16 ], "texture": "#aaa_atlas" },
				"up": { "uv": [ 0, 16, 1, 6.5 ], "texture": "#aaa_atlas" },
				"north": { "uv": [ 7.75, 6.75, 6.75, 7 ], "texture": "#aaa_atlas" },
				"south": { "uv": [ 6.75, 7.5, 7.75, 7.75 ], "texture": "#aaa_atlas" },
				"west": { "uv": [ 4, 15, 13.5, 15.25 ], "texture": "#aaa_atlas" },
				"east": { "uv": [ 13.5, 15.5, 4, 15.75 ], "texture": "#aaa_atlas" }
			}
		},
		{
			"__comment": "Voxels",
			"from": [ 8, 7.5, 12.5 ],
			"to": [ 10, 8, 13.5 ],
			"faces": {
				"down": { "uv": [ 4, 3, 5, 3.5 ], "texture": "#aaa_atlas" },
				"up": { "uv": [ 4, 4, 5, 3.5 ], "texture": "#aaa_atlas" },
				"north": { "uv": [ 12.25, 8.25, 11.25, 8.5 ], "texture": "#aaa_atlas" },
				"south": { "uv": [ 10.25, 8.25, 11.25, 8.5 ], "texture": "#aaa_atlas" },
				"west": { "uv": [ 10.75, 7.75, 11.25, 8 ], "texture": "#aaa_atlas" },
				"east": { "uv": [ 11.75, 7.75, 11.25, 8 ], "texture": "#aaa_atlas" }
			}
		},
		{
			"__comment": "Voxels",
			"from": [ 8, 7.5, 15.5 ],
			"to": [ 9, 8, 17 ],
			"faces": {
				"down": { "uv": [ 2.5, 2, 3, 2.75 ], "texture": "#aaa_atlas" },
				"up": { "uv": [ 2.5, 3.5, 3, 2.75 ], "texture": "#aaa_atlas" },
				"north": { "uv": [ 8.25, 7.5, 7.75, 7.75 ], "texture": "#aaa_atlas" },
				"south": { "uv": [ 7.75, 7.25, 8.25, 7.5 ], "texture": "#aaa_atlas" },
				"west": { "uv": [ 6, 7.5, 6.75, 7.75 ], "texture": "#aaa_atlas" },
				"east": { "uv": [ 16, 8.25, 15.25, 8.5 ], "texture": "#aaa_atlas" }
			}
		},
		{
			"__comment": "Voxels",
			"from": [ 8, 8, 18.5 ],
			"to": [ 10, 8.5, 19.5 ],
			"faces": {
				"down": { "uv": [ 4, 4, 5, 4.5 ], "texture": "#aaa_atlas" },
				"up": { "uv": [ 4, 5, 5, 4.5 ], "texture": "#aaa_atlas" },
				"north": { "uv": [ 10.25, 8.25, 9.25, 8.5 ], "texture": "#aaa_atlas" },
				"south": { "uv": [ 15, 10.75, 16, 11 ], "texture": "#aaa_atlas" },
				"west": { "uv": [ 7.75, 7, 8.25, 7.25 ], "texture": "#aaa_atlas" },
				"east": { "uv": [ 13.75, 7.75, 13.25, 8 ], "texture": "#aaa_atlas" }
			}
		},
		{
			"__comment": "Voxels",
			"from": [ 8, 8, 20.5 ],
			"to": [ 10.5, 8.5, 21 ],
			"faces": {
				"down": { "uv": [ 5.25, 2, 6.5, 2.25 ], "texture": "#aaa_atlas" },
				"up": { "uv": [ 5.25, 2.5, 6.5, 2.25 ], "texture": "#aaa_atlas" },
				"north": { "uv": [ 6.5, 4.5, 5.25, 4.75 ], "texture": "#aaa_atlas" },
				"south": { "uv": [ 5.25, 2.75, 6.5, 3 ], "texture": "#aaa_atlas" },
				"west": { "uv": [ 8.5, 7.5, 8.75, 7.75 ], "texture": "#aaa_atlas" },
				"east": { "uv": [ 9, 7.5, 8.75, 7.75 ], "texture": "#aaa_atlas" }
			}
		},
		{
			"__comment": "Voxels",
			"from": [ 8.5, 6.5, -9 ],
			"to": [ 9.5, 7, -8 ],
			"faces": {
				"down": { "uv": [ 3, 3.5, 3.5, 4 ], "texture": "#aaa_atlas" },
				"up": { "uv": [ 3, 4.5, 3.5, 4 ], "texture": "#aaa_atlas" },
				"north": { "uv": [ 4, 0, 3.5, 0.25 ], "texture": "#aaa_atlas" },
				"south": { "uv": [ 4.75, 6, 5.25, 6.25 ], "texture": "#aaa_atlas" },
				"west": { "uv": [ 4.75, 5.75, 5.25, 6 ], "texture": "#aaa_atlas" },
				"east": { "uv": [ 5.25, 5.5, 4.75, 5.75 ], "texture": "#aaa_atlas" }
			}
		},
		{
			"__comment": "Voxels",
			"from": [ 8.5, 6.5, 11 ],
			"to": [ 9.5, 7, 12.5 ],
			"faces": {
				"down": { "uv": [ 2, 2, 2.5, 2.75 ], "texture": "#aaa_atlas" },
				"up": { "uv": [ 2, 3.5, 2.5, 2.75 ], "texture": "#aaa_atlas" },
				"north": { "uv": [ 5.25, 0.75, 4.75, 1 ], "texture": "#aaa_atlas" },
				"south": { "uv": [ 4.75, 0.5, 5.25, 0.75 ], "texture": "#aaa_atlas" },
				"west": { "uv": [ 6.75, 5.75, 7.5, 6 ], "texture": "#aaa_atlas" },
				"east": { "uv": [ 7.5, 5.5, 6.75, 5.75 ], "texture": "#aaa_atlas" }
			}
		},
		{
			"__comment": "Voxels",
			"from": [ 8.5, 7, -9.5 ],
			"to": [ 9.5, 8.5, -9 ],
			"faces": {
				"down": { "uv": [ 15.5, 10, 16, 10.25 ], "texture": "#aaa_atlas" },
				"up": { "uv": [ 15.5, 9.5, 16, 9.25 ], "texture": "#aaa_atlas" },
				"north": { "uv": [ 3, 0.5, 2.5, 1.25 ], "texture": "#aaa_atlas" },
				"south": { "uv": [ 2, 1.25, 2.5, 2 ], "texture": "#aaa_atlas" },
				"west": { "uv": [ 3, 1.25, 3.25, 2 ], "texture": "#aaa_atlas" },
				"east": { "uv": [ 3.5, 1.25, 3.25, 2 ], "texture": "#aaa_atlas" }
			}
		},
		{
			"__comment": "Voxels",
			"from": [ 8.5, 7, -8 ],
			"to": [ 9.5, 7.5, 11 ],
			"faces": {
				"down": { "uv": [ 3.5, 6.5, 4, 16 ], "texture": "#aaa_atlas" },
				"up": { "uv": [ 2, 16, 2.5, 6.5 ], "texture": "#aaa_atlas" },
				"north": { "uv": [ 7.25, 1, 6.75, 1.25 ], "texture": "#aaa_atlas" },
				"south": { "uv": [ 7.25, 1, 7.75, 1.25 ], "texture": "#aaa_atlas" },
				"west": { "uv": [ 4, 14.5, 13.5, 14.75 ], "texture": "#aaa_atlas" },
				"east": { "uv": [ 13.5, 14.75, 4, 15 ], "texture": "#aaa_atlas" }
			}
		},
		{
			"__comment": "Voxels",
			"from": [ 8.5, 7, 12.5 ],
			"to": [ 9.5, 7.5, 13.5 ],
			"faces": {
				"down": { "uv": [ 2, 0, 2.5, 0.5 ], "texture": "#aaa_atlas" },
				"up": { "uv": [ 2.5, 0.5, 3, 0 ], "texture": "#aaa_atlas" },
				"north": { "uv": [ 7.25, 0.5, 6.75, 0.75 ], "texture": "#aaa_atlas" },
				"south": { "uv": [ 7.25, 0.5, 7.75, 0.75 ], "texture": "#aaa_atlas" },
				"west": { "uv": [ 6.75, 0.25, 7.25, 0.5 ], "texture": "#aaa_atlas" },
				"east": { "uv": [ 7.25, 0, 6.75, 0.25 ], "texture": "#aaa_atlas" }
			}
		},
		{
			"__comment": "Voxels",
			"from": [ 8.5, 7, 18 ],
			"to": [ 9.5, 7.5, 18.5 ],
			"faces": {
				"down": { "uv": [ 7.25, 0.25, 7.75, 0.5 ], "texture": "#aaa_atlas" },
				"up": { "uv": [ 7.25, 0.25, 7.75, 0 ], "texture": "#aaa_atlas" },
				"north": { "uv": [ 8.25, 8, 7.75, 8.25 ], "texture": "#aaa_atlas" },
				"south": { "uv": [ 8.25, 8, 8.75, 8.25 ], "texture": "#aaa_atlas" },
				"west": { "uv": [ 6.5, 3.75, 6.75, 4 ], "texture": "#aaa_atlas" },
				"east": { "uv": [ 6.75, 3.5, 6.5, 3.75 ], "texture": "#aaa_atlas" }
			}
		},
		{
			"__comment": "Voxels",
			"from": [ 8.5, 7, 19.5 ],
			"to": [ 10, 7.5, 20.5 ],
			"faces": {
				"down": { "uv": [ 4, 0, 4.75, 0.5 ], "texture": "#aaa_atlas" },
				"up": { "uv": [ 5.25, 8, 6, 7.5 ], "texture": "#aaa_atlas" },
				"north": { "uv": [ 7.5, 5.25, 6.75, 5.5 ], "texture": "#aaa_atlas" },
				"south": { "uv": [ 6.75, 5, 7.5, 5.25 ], "texture": "#aaa_atlas" },
				"west": { "uv": [ 10.75, 8, 11.25, 8.25 ], "texture": "#aaa_atlas" },
				"east": { "uv": [ 11.75, 8, 11.25, 8.25 ], "texture": "#aaa_atlas" }
			}
		},
		{
			"__comment": "Voxels",
			"from": [ 8.5, 7.5, 15 ],
			"to": [ 9.5, 8, 15.5 ],
			"faces": {
				"down": { "uv": [ 11.75, 8, 12.25, 8.25 ], "texture": "#aaa_atlas" },
				"up": { "uv": [ 12.25, 8.25, 12.75, 8 ], "texture": "#aaa_atlas" },
				"north": { "uv": [ 7.25, 0.75, 6.75, 1 ], "texture": "#aaa_atlas" },
				"south": { "uv": [ 13.25, 8, 13.75, 8.25 ], "texture": "#aaa_atlas" },
				"west": { "uv": [ 6.5, 3, 6.75, 3.25 ], "texture": "#aaa_atlas" },
				"east": { "uv": [ 6.75, 2.75, 6.5, 3 ], "texture": "#aaa_atlas" }
			}
		},
		{
			"__comment": "Voxels",
			"from": [ 8.5, 7.5, 23 ],
			"to": [ 11, 8, 23.5 ],
			"faces": {
				"down": { "uv": [ 5.25, 0.75, 6.5, 1 ], "texture": "#aaa_atlas" },
				"up": { "uv": [ 5.25, 1.75, 6.5, 1.5 ], "texture": "#aaa_atlas" },
				"north": { "uv": [ 6.5, 0.5, 5.25, 0.75 ], "texture": "#aaa_atlas" },
				"south": { "uv": [ 13, 8.5, 14.25, 8.75 ], "texture": "#aaa_atlas" },
				"west": { "uv": [ 6.5, 2, 6.75, 2.25 ], "texture": "#aaa_atlas" },
				"east": { "uv": [ 6.75, 1.75, 6.5, 2 ], "texture": "#aaa_atlas" }
			}
		},
		{
			"__comment": "Voxels",
			"from": [ 8.5, 8, -8 ],
			"to": [ 9.5, 8.5, 11 ],
			"faces": {
				"down": { "uv": [ 3, 6.5, 3.5, 16 ], "texture": "#aaa_atlas" },
				"up": { "uv": [ 2.5, 16, 3, 6.5 ], "texture": "#aaa_atlas" },
				"north": { "uv": [ 9.25, 7.75, 8.75, 8 ], "texture": "#aaa_atlas" },
				"south": { "uv": [ 9.25, 7.75, 9.75, 8 ], "texture": "#aaa_atlas" },
				"west": { "uv": [ 4, 15.75, 13.5, 16 ], "texture": "#aaa_atlas" },
				"east": { "uv": [ 13.5, 15.25, 4, 15.5 ], "texture": "#aaa_atlas" }
			}
		},
		{
			"__comment": "Voxels",
			"from": [ 8.5, 8, 12.5 ],
			"to": [ 9.5, 8.5, 13.5 ],
			"faces": {
				"down": { "uv": [ 3, 4.5, 3.5, 5 ], "texture": "#aaa_atlas" },
				"up": { "uv": [ 3, 5.5, 3.5, 5 ], "texture": "#aaa_atlas" },
				"north": { "uv": [ 12.25, 7.75, 11.75, 8 ], "texture": "#aaa_atlas" },
				"south": { "uv": [ 12.25, 7.75, 12.75, 8 ], "texture": "#aaa_atlas" },
				"west": { "uv": [ 12.75, 7.75, 13.25, 8 ], "texture": "#aaa_atlas" },
				"east": { "uv": [ 10.75, 7.75, 10.25, 8 ], "texture": "#aaa_atlas" }
			}
		},
		{
			"__comment": "Voxels",
			"from": [ 8.5, 8, 18 ],
			"to": [ 9.5, 8.5, 18.5 ],
			"faces": {
				"down": { "uv": [ 13.75, 7.75, 14.25, 8 ], "texture": "#aaa_atlas" },
				"up": { "uv": [ 14.25, 8, 14.75, 7.75 ], "texture": "#aaa_atlas" },
				"north": { "uv": [ 15.25, 7.75, 14.75, 8 ], "texture": "#aaa_atlas" },
				"south": { "uv": [ 15.25, 7.75, 15.75, 8 ], "texture": "#aaa_atlas" },
				"west": { "uv": [ 6.5, 0.25, 6.75, 0.5 ], "texture": "#aaa_atlas" },
				"east": { "uv": [ 6.75, 0, 6.5, 0.25 ], "texture": "#aaa_atlas" }
			}
		},
		{
			"__comment": "Voxels",
			"from": [ 8.5, 8, 19.5 ],
			"to": [ 10, 8.5, 20.5 ],
			"faces": {
				"down": { "uv": [ 4, 0.5, 4.75, 1 ], "texture": "#aaa_atlas" },
				"up": { "uv": [ 4, 1.5, 4.75, 1 ], "texture": "#aaa_atlas" },
				"north": { "uv": [ 7.5, 4.75, 6.75, 5 ], "texture": "#aaa_atlas" },
				"south": { "uv": [ 6.75, 4.5, 7.5, 4.75 ], "texture": "#aaa_atlas" },
				"west": { "uv": [ 7.75, 6.25, 8.25, 6.5 ], "texture": "#aaa_atlas" },
				"east": { "uv": [ 8.25, 6, 7.75, 6.25 ], "texture": "#aaa_atlas" }
			}
		},
		{
			"__comment": "Voxels",
			"from": [ 8.5, 8.5, -9 ],
			"to": [ 9.5, 9, -8 ],
			"faces": {
				"down": { "uv": [ 3, 5.5, 3.5, 6 ], "texture": "#aaa_atlas" },
				"up": { "uv": [ 3, 6.5, 3.5, 6 ], "texture": "#aaa_atlas" },
				"north": { "uv": [ 8.25, 5, 7.75, 5.25 ], "texture": "#aaa_atlas" },
				"south": { "uv": [ 7.75, 4.75, 8.25, 5 ], "texture": "#aaa_atlas" },
				"west": { "uv": [ 7.75, 4.5, 8.25, 4.75 ], "texture": "#aaa_atlas" },
				"east": { "uv": [ 8.25, 4.25, 7.75, 4.5 ], "texture": "#aaa_atlas" }
			}
		},
		{
			"__comment": "Voxels",
			"from": [ 8.5, 8.5, 11 ],
			"to": [ 9.5, 9, 12.5 ],
			"faces": {
				"down": { "uv": [ 2, 3.5, 2.5, 4.25 ], "texture": "#aaa_atlas" },
				"up": { "uv": [ 2, 5, 2.5, 4.25 ], "texture": "#aaa_atlas" },
				"north": { "uv": [ 5.25, 1, 4.75, 1.25 ], "texture": "#aaa_atlas" },
				"south": { "uv": [ 4.75, 0.25, 5.25, 0.5 ], "texture": "#aaa_atlas" },
				"west": { "uv": [ 6.75, 4.25, 7.5, 4.5 ], "texture": "#aaa_atlas" },
				"east": { "uv": [ 7.5, 4, 6.75, 4.25 ], "texture": "#aaa_atlas" }
			}
		},
		{
			"__comment": "Voxels",
			"from": [ 9, 7, 17 ],
			"to": [ 9.5, 7.5, 18 ],
			"faces": {
				"down": { "uv": [ 3.25, 0, 3.5, 0.5 ], "texture": "#aaa_atlas" },
				"up": { "uv": [ 5, 5.5, 5.25, 5 ], "texture": "#aaa_atlas" },
				"north": { "uv": [ 7.75, 4.25, 7.5, 4.5 ], "texture": "#aaa_atlas" },
				"south": { "uv": [ 7.5, 4.5, 7.75, 4.75 ], "texture": "#aaa_atlas" },
				"west": { "uv": [ 7.25, 0.75, 7.75, 1 ], "texture": "#aaa_atlas" },
				"east": { "uv": [ 9.25, 8, 8.75, 8.25 ], "texture": "#aaa_atlas" }
			}
		},
		{
			"__comment": "Voxels",
			"from": [ 9, 7.5, 16 ],
			"to": [ 13.5, 8, 17 ],
			"faces": {
				"down": { "uv": [ 12.25, 13.25, 14.5, 13.75 ], "texture": "#aaa_atlas" },
				"up": { "uv": [ 10, 13.75, 12.25, 13.25 ], "texture": "#aaa_atlas" },
				"north": { "uv": [ 15.75, 15, 13.5, 15.25 ], "texture": "#aaa_atlas" },
				"south": { "uv": [ 13.5, 15.25, 15.75, 15.5 ], "texture": "#aaa_atlas" },
				"west": { "uv": [ 13.75, 8, 14.25, 8.25 ], "texture": "#aaa_atlas" },
				"east": { "uv": [ 14.75, 8, 14.25, 8.25 ], "texture": "#aaa_atlas" }
			}
		},
		{
			"__comment": "Voxels",
			"from": [ 9, 7.5, 22 ],
			"to": [ 12, 8, 22.5 ],
			"faces": {
				"down": { "uv": [ 14.5, 10.5, 16, 10.75 ], "texture": "#aaa_atlas" },
				"up": { "uv": [ 5.25, 6.5, 6.75, 6.25 ], "texture": "#aaa_atlas" },
				"north": { "uv": [ 6.75, 6, 5.25, 6.25 ], "texture": "#aaa_atlas" },
				"south": { "uv": [ 5.25, 5.75, 6.75, 6 ], "texture": "#aaa_atlas" },
				"west": { "uv": [ 7.75, 3.5, 8, 3.75 ], "texture": "#aaa_atlas" },
				"east": { "uv": [ 8.25, 3, 8, 3.25 ], "texture": "#aaa_atlas" }
			}
		},
		{
			"__comment": "Voxels",
			"from": [ 9, 7.5, 22.5 ],
			"to": [ 11.5, 8, 23 ],
			"faces": {
				"down": { "uv": [ 5.25, 2.5, 6.5, 2.75 ], "texture": "#aaa_atlas" },
				"up": { "uv": [ 13, 9.25, 14.25, 9 ], "texture": "#aaa_atlas" },
				"north": { "uv": [ 15.5, 9, 14.25, 9.25 ], "texture": "#aaa_atlas" },
				"south": { "uv": [ 6.75, 8.75, 8, 9 ], "texture": "#aaa_atlas" },
				"west": { "uv": [ 10, 7.5, 10.25, 7.75 ], "texture": "#aaa_atlas" },
				"east": { "uv": [ 10.5, 7.5, 10.25, 7.75 ], "texture": "#aaa_atlas" }
			}
		},
		{
			"__comment": "Voxels",
			"from": [ 9, 8, 17 ],
			"to": [ 9.5, 8.5, 18 ],
			"faces": {
				"down": { "uv": [ 5, 3.5, 5.25, 4 ], "texture": "#aaa_atlas" },
				"up": { "uv": [ 5, 3.5, 5.25, 3 ], "texture": "#aaa_atlas" },
				"north": { "uv": [ 7.75, 4, 7.5, 4.25 ], "texture": "#aaa_atlas" },
				"south": { "uv": [ 7.5, 3.75, 7.75, 4 ], "texture": "#aaa_atlas" },
				"west": { "uv": [ 8.25, 7.75, 8.75, 8 ], "texture": "#aaa_atlas" },
				"east": { "uv": [ 10.25, 7.75, 9.75, 8 ], "texture": "#aaa_atlas" }
			}
		},
		{
			"__comment": "Voxels",
			"from": [ 9.5, 7.5, 21 ],
			"to": [ 13, 8, 21.5 ],
			"faces": {
				"down": { "uv": [ 14, 9.5, 15.75, 9.75 ], "texture": "#aaa_atlas" },
				"up": { "uv": [ 10.5, 9.5, 12.25, 9.25 ], "texture": "#aaa_atlas" },
				"north": { "uv": [ 14, 9.25, 12.25, 9.5 ], "texture": "#aaa_atlas" },
				"south": { "uv": [ 8.75, 9.25, 10.5, 9.5 ], "texture": "#aaa_atlas" },
				"west": { "uv": [ 7.5, 2, 7.75, 2.25 ], "texture": "#aaa_atlas" },
				"east": { "uv": [ 7.75, 1.75, 7.5, 2 ], "texture": "#aaa_atlas" }
			}
		},
		{
			"__comment": "Voxels",
			"from": [ 9.5, 7.5, 21.5 ],
			"to": [ 12.5, 8, 22 ],
			"faces": {
				"down": { "uv": [ 5.25, 5.5, 6.75, 5.75 ], "texture": "#aaa_atlas" },
				"up": { "uv": [ 5.25, 5.5, 6.75, 5.25 ], "texture": "#aaa_atlas" },
				"north": { "uv": [ 6.75, 5, 5.25, 5.25 ], "texture": "#aaa_atlas" },
				"south": { "uv": [ 5.25, 4.75, 6.75, 5 ], "texture": "#aaa_atlas" },
				"west": { "uv": [ 8, 5.5, 8.25, 5.75 ], "texture": "#aaa_atlas" },
				"east": { "uv": [ 8, 4, 7.75, 4.25 ], "texture": "#aaa_atlas" }
			}
		},
		{
			"__comment": "Voxels",
			"from": [ 10, 7, 20 ],
			"to": [ 10.5, 7.5, 20.5 ],
			"faces": {
				"down": { "uv": [ 8, 4, 8.25, 4.25 ], "texture": "#aaa_atlas" },
				"up": { "uv": [ 7.75, 4, 8, 3.75 ], "texture": "#aaa_atlas" },
				"north": { "uv": [ 8.25, 3.75, 8, 4 ], "texture": "#aaa_atlas" },
				"south": { "uv": [ 7.75, 0.75, 8, 1 ], "texture": "#aaa_atlas" },
				"west": { "uv": [ 8, 3.5, 8.25, 3.75 ], "texture": "#aaa_atlas" },
				"east": { "uv": [ 8, 3.25, 7.75, 3.5 ], "texture": "#aaa_atlas" }
			}
		},
		{
			"__comment": "Voxels",
			"from": [ 10, 7.5, 15.5 ],
			"to": [ 13.5, 8, 16 ],
			"faces": {
				"down": { "uv": [ 5.25, 9.25, 7, 9.5 ], "texture": "#aaa_atlas" },
				"up": { "uv": [ 7, 9.5, 8.75, 9.25 ], "texture": "#aaa_atlas" },
				"north": { "uv": [ 14.25, 9.75, 12.5, 10 ], "texture": "#aaa_atlas" },
				"south": { "uv": [ 10.75, 9.75, 12.5, 10 ], "texture": "#aaa_atlas" },
				"west": { "uv": [ 8, 2.75, 8.25, 3 ], "texture": "#aaa_atlas" },
				"east": { "uv": [ 8, 2.5, 7.75, 2.75 ], "texture": "#aaa_atlas" }
			}
		},
		{
			"__comment": "Voxels",
			"from": [ 10, 8, 20 ],
			"to": [ 10.5, 8.5, 20.5 ],
			"faces": {
				"down": { "uv": [ 8, 2.5, 8.25, 2.75 ], "texture": "#aaa_atlas" },
				"up": { "uv": [ 7.75, 2.5, 8, 2.25 ], "texture": "#aaa_atlas" },
				"north": { "uv": [ 8.25, 2.25, 8, 2.5 ], "texture": "#aaa_atlas" },
				"south": { "uv": [ 7.75, 2, 8, 2.25 ], "texture": "#aaa_atlas" },
				"west": { "uv": [ 8, 2, 8.25, 2.25 ], "texture": "#aaa_atlas" },
				"east": { "uv": [ 8, 1.75, 7.75, 2 ], "texture": "#aaa_atlas" }
			}
		},
		{
			"__comment": "Voxels",
			"from": [ 10.5, 7.5, 14 ],
			"to": [ 13, 8, 15.5 ],
			"faces": {
				"down": { "uv": [ 11.5, 11.25, 12.75, 12 ], "texture": "#aaa_atlas" },
				"up": { "uv": [ 10.25, 12, 11.5, 11.25 ], "texture": "#aaa_atlas" },
				"north": { "uv": [ 15.5, 8.5, 14.25, 8.75 ], "texture": "#aaa_atlas" },
				"south": { "uv": [ 6.75, 8.5, 8, 8.75 ], "texture": "#aaa_atlas" },
				"west": { "uv": [ 6.75, 1.75, 7.5, 2 ], "texture": "#aaa_atlas" },
				"east": { "uv": [ 7.5, 1.5, 6.75, 1.75 ], "texture": "#aaa_atlas" }
			}
		},
		{
			"__comment": "Voxels",
			"from": [ 11, 7.5, 11.5 ],
			"to": [ 11.5, 8, 14 ],
			"faces": {
				"down": { "uv": [ 0.75, 5.25, 1, 6.5 ], "texture": "#aaa_atlas" },
				"up": { "uv": [ 0.75, 5.25, 1, 4 ], "texture": "#aaa_atlas" },
				"north": { "uv": [ 8.25, 0.75, 8, 1 ], "texture": "#aaa_atlas" },
				"south": { "uv": [ 7.75, 0.5, 8, 0.75 ], "texture": "#aaa_atlas" },
				"west": { "uv": [ 6.75, 8.25, 8, 8.5 ], "texture": "#aaa_atlas" },
				"east": { "uv": [ 9.25, 8.25, 8, 8.5 ], "texture": "#aaa_atlas" }
			}
		},
		{
			"__comment": "Voxels",
			"from": [ 11.5, 7.5, 12 ],
			"to": [ 12, 8, 14 ],
			"faces": {
				"down": { "uv": [ 0.75, 3, 1, 4 ], "texture": "#aaa_atlas" },
				"up": { "uv": [ 0.75, 3, 1, 2 ], "texture": "#aaa_atlas" },
				"north": { "uv": [ 8.25, 0, 8, 0.25 ], "texture": "#aaa_atlas" },
				"south": { "uv": [ 8.25, 7.5, 8.5, 7.75 ], "texture": "#aaa_atlas" },
				"west": { "uv": [ 6.75, 6.25, 7.75, 6.5 ], "texture": "#aaa_atlas" },
				"east": { "uv": [ 7.75, 6, 6.75, 6.25 ], "texture": "#aaa_atlas" }
			}
		},
		{
			"__comment": "Voxels",
			"from": [ 12, 7.5, 13 ],
			"to": [ 12.5, 8, 14 ],
			"faces": {
				"down": { "uv": [ 5, 1.5, 5.25, 2 ], "texture": "#aaa_atlas" },
				"up": { "uv": [ 7.75, 6, 8, 5.5 ], "texture": "#aaa_atlas" },
				"north": { "uv": [ 9.75, 7.5, 9.5, 7.75 ], "texture": "#aaa_atlas" },
				"south": { "uv": [ 9.75, 7.5, 10, 7.75 ], "texture": "#aaa_atlas" },
				"west": { "uv": [ 4.75, 0, 5.25, 0.25 ], "texture": "#aaa_atlas" },
				"east": { "uv": [ 7.75, 1.25, 7.25, 1.5 ], "texture": "#aaa_atlas" }
			}
		},
		{
			"__comment": "Voxels",
			"from": [ 13, 7.5, 15 ],
			"to": [ 13.5, 8, 15.5 ],
			"faces": {
				"down": { "uv": [ 10.5, 7.5, 10.75, 7.75 ], "texture": "#aaa_atlas" },
				"up": { "uv": [ 10.75, 7.75, 11, 7.5 ], "texture": "#aaa_atlas" },
				"north": { "uv": [ 11.25, 7.5, 11, 7.75 ], "texture": "#aaa_atlas" },
				"south": { "uv": [ 11.25, 7.5, 11.5, 7.75 ], "texture": "#aaa_atlas" },
				"west": { "uv": [ 11.5, 7.5, 11.75, 7.75 ], "texture": "#aaa_atlas" },
				"east": { "uv": [ 12, 7.5, 11.75, 7.75 ], "texture": "#aaa_atlas" }
			}
		},
		{
			"__comment": "Box77",
			"from": [ 8.5, 8.5, -7.751 ],
			"to": [ 10, 10, -7.75 ],
			"faces": {
				"down": { "uv": [ 0, 0, 0.000999451, 1.5 ], "texture": "#horn_coral_fan", "rotation": 90 },
				"up": { "uv": [ 0, 0, 0.000999451, 1.5 ], "texture": "#horn_coral_fan", "rotation": 270 },
				"north": { "uv": [ 0, 0, 16, 16 ], "texture": "#horn_coral_fan" },
				"south": { "uv": [ 0, 0, 16, 16 ], "texture": "#horn_coral_fan" },
				"west": { "uv": [ 0, 0, 0.000999451, 1.5 ], "texture": "#horn_coral_fan" },
				"east": { "uv": [ 0, 0, 0.000999451, 1.5 ], "texture": "#horn_coral_fan" }
			}
		},
		{
			"__comment": "Box77",
			"from": [ 8.75, 8, 10.25 ],
			"to": [ 10.25, 9.5, 10.251 ],
			"faces": {
				"down": { "uv": [ 0, 0, 0.000999451, 1.5 ], "texture": "#horn_coral", "rotation": 270 },
				"up": { "uv": [ 0, 0, 0.000999451, 1.5 ], "texture": "#horn_coral", "rotation": 90 },
				"north": { "uv": [ 0, 0, 16, 16 ], "texture": "#horn_coral" },
				"south": { "uv": [ 0, 0, 16, 16 ], "texture": "#horn_coral" },
				"west": { "uv": [ 0, 0, 0.000999451, 1.5 ], "texture": "#horn_coral" },
				"east": { "uv": [ 0, 0, 0.000999451, 1.5 ], "texture": "#horn_coral" }
			}
		},
		{
			"__comment": "Box77",
			"from": [ 9.25, 8.5, -8.5 ],
			"to": [ 9.251, 10, -7 ],
			"faces": {
				"down": { "uv": [ 0, 0, 0.000999451, 1.5 ], "texture": "#horn_coral_fan" },
				"up": { "uv": [ 0, 0, 0.000999451, 1.5 ], "texture": "#horn_coral_fan" },
				"north": { "uv": [ 0, 0, 0.000999451, 1.5 ], "texture": "#horn_coral_fan" },
				"south": { "uv": [ 0, 0, 0.000999451, 1.5 ], "texture": "#horn_coral_fan" },
				"west": { "uv": [ 0, 0, 16, 16 ], "texture": "#horn_coral_fan" },
				"east": { "uv": [ 0, 0, 16, 16 ], "texture": "#horn_coral_fan" }
			}
		},
		{
			"__comment": "Box77",
			"from": [ 9.5, 8, 9.5 ],
			"to": [ 9.501, 9.5, 11 ],
			"faces": {
				"down": { "uv": [ 0, 0, 0.000999451, 1.5 ], "texture": "#horn_coral" },
				"up": { "uv": [ 0, 0, 0.000999451, 1.5 ], "texture": "#horn_coral" },
				"north": { "uv": [ 0, 0, 0.000999451, 1.5 ], "texture": "#horn_coral" },
				"south": { "uv": [ 0, 0, 0.000999451, 1.5 ], "texture": "#horn_coral" },
				"west": { "uv": [ 0, 0, 16, 16 ], "texture": "#horn_coral" },
				"east": { "uv": [ 0, 0, 16, 16 ], "texture": "#horn_coral" }
			}
		},
		{
			"__comment": "Box77",
			"from": [ 6.75, 8.25, 21.25 ],
			"to": [ 6.751, 9.75, 22.75 ],
			"faces": {
				"down": { "uv": [ 0, 0, 0.000999451, 1.5 ], "texture": "#horn_coral_fan" },
				"up": { "uv": [ 0, 0, 0.000999451, 1.5 ], "texture": "#horn_coral_fan" },
				"north": { "uv": [ 0, 0, 0.000999451, 1.5 ], "texture": "#horn_coral_fan" },
				"south": { "uv": [ 0, 0, 0.000999451, 1.5 ], "texture": "#horn_coral_fan" },
				"west": { "uv": [ 0, 0, 16, 16 ], "texture": "#horn_coral_fan" },
				"east": { "uv": [ 0, 0, 16, 16 ], "texture": "#horn_coral_fan" }
			}
		},
		{
			"__comment": "Box77",
			"from": [ 6, 8.25, 21.999 ],
			"to": [ 7.5, 9.75, 22 ],
			"faces": {
				"down": { "uv": [ 0, 0, 0.000999451, 1.5 ], "texture": "#horn_coral_fan", "rotation": 90 },
				"up": { "uv": [ 0, 0, 0.000999451, 1.5 ], "texture": "#horn_coral_fan", "rotation": 270 },
				"north": { "uv": [ 0, 0, 16, 16 ], "texture": "#horn_coral_fan" },
				"south": { "uv": [ 0, 0, 16, 16 ], "texture": "#horn_coral_fan" },
				"west": { "uv": [ 0, 0, 0.000999451, 1.5 ], "texture": "#horn_coral_fan" },
				"east": { "uv": [ 0, 0, 0.000999451, 1.5 ], "texture": "#horn_coral_fan" }
			}
		},
		{
			"__comment": "Box77",
			"from": [ 4, 8.5, 19 ],
			"to": [ 5.5, 10, 19.001 ],
			"faces": {
				"down": { "uv": [ 0, 0, 0.000999451, 1.5 ], "texture": "#horn_coral", "rotation": 270 },
				"up": { "uv": [ 0, 0, 0.000999451, 1.5 ], "texture": "#horn_coral", "rotation": 90 },
				"north": { "uv": [ 0, 0, 16, 16 ], "texture": "#horn_coral" },
				"south": { "uv": [ 0, 0, 16, 16 ], "texture": "#horn_coral" },
				"west": { "uv": [ 0, 0, 0.000999451, 1.5 ], "texture": "#horn_coral" },
				"east": { "uv": [ 0, 0, 0.000999451, 1.5 ], "texture": "#horn_coral" }
			}
		},
		{
			"__comment": "Box77",
			"from": [ 4.75, 8.5, 18.25 ],
			"to": [ 4.751, 10, 19.75 ],
			"faces": {
				"down": { "uv": [ 0, 0, 0.000999451, 1.5 ], "texture": "#horn_coral" },
				"up": { "uv": [ 0, 0, 0.000999451, 1.5 ], "texture": "#horn_coral" },
				"north": { "uv": [ 0, 0, 0.000999451, 1.5 ], "texture": "#horn_coral" },
				"south": { "uv": [ 0, 0, 0.000999451, 1.5 ], "texture": "#horn_coral" },
				"west": { "uv": [ 0, 0, 16, 16 ], "texture": "#horn_coral" },
				"east": { "uv": [ 0, 0, 16, 16 ], "texture": "#horn_coral" }
			}
		},
		{
			"__comment": "Box77",
			"from": [ 8, 8.5, 14.249 ],
			"to": [ 9.5, 10, 14.25 ],
			"faces": {
				"down": { "uv": [ 0, 0, 0.000999451, 1.5 ], "texture": "#horn_coral_fan", "rotation": 90 },
				"up": { "uv": [ 0, 0, 0.000999451, 1.5 ], "texture": "#horn_coral_fan", "rotation": 270 },
				"north": { "uv": [ 0, 0, 16, 16 ], "texture": "#horn_coral_fan" },
				"south": { "uv": [ 0, 0, 16, 16 ], "texture": "#horn_coral_fan" },
				"west": { "uv": [ 0, 0, 0.000999451, 1.5 ], "texture": "#horn_coral_fan" },
				"east": { "uv": [ 0, 0, 0.000999451, 1.5 ], "texture": "#horn_coral_fan" }
			}
		},
		{
			"__comment": "Box77",
			"from": [ 8.75, 8.5, 13.5 ],
			"to": [ 8.751, 10, 15 ],
			"faces": {
				"down": { "uv": [ 0, 0, 0.000999451, 1.5 ], "texture": "#horn_coral_fan" },
				"up": { "uv": [ 0, 0, 0.000999451, 1.5 ], "texture": "#horn_coral_fan" },
				"north": { "uv": [ 0, 0, 0.000999451, 1.5 ], "texture": "#horn_coral_fan" },
				"south": { "uv": [ 0, 0, 0.000999451, 1.5 ], "texture": "#horn_coral_fan" },
				"west": { "uv": [ 0, 0, 16, 16 ], "texture": "#horn_coral_fan" },
				"east": { "uv": [ 0, 0, 16, 16 ], "texture": "#horn_coral_fan" }
			}
		}
	],
	"display": {
		"thirdperson_righthand": {
			"rotation":  [ 90, 180, -90 ],
			"translation":  [ 0, 5, 2 ],
			"scale":  [ 0.7, 0.7, 0.7 ]
		},
		"thirdperson_lefthand": {
			"rotation":  [ 90, 180, 90 ],
			"translation":  [ 0, 5, 2 ],
			"scale":  [ 0.7, 0.7, 0.7 ]
		},
		"firstperson_righthand": {
			"rotation":  [ -95, 12, 90 ],
			"translation":  [ 0, 2, 2 ],
			"scale":  [ 0.6, 0.6, 0.6 ]
		},
		"firstperson_lefthand": {
			"rotation":  [ -95, 12, -90 ],
			"translation":  [ 0, 2, 2 ],
			"scale":  [ 0.6, 0.6, 0.6 ]
		},
		"gui": {
			"rotation":  [ 90, 140, 0 ],
			"scale":  [ 0.6, 0.6, 0.6 ]
		},
		"ground": {
			"rotation":  [ -90, 135, 0 ],
			"translation":  [ 0, 3, 0 ],
			"scale":  [ 0.4, 0.4, 0.4 ]
		},
		"fixed": {
			"rotation":  [ 90, -140, -180 ],
			"scale":  [ 0.7, 0.7, 0.7 ]
		}
	}
}