{
	"__comment": "Designed by Pashjn with Cubik Studio - https://cubik.studio",
	"textures": {
		"particle": "items/southpickaxen",
		"texture": "items/southpickaxen",
		"voxels_atlas": "items/southpickaxen"
	},
	"elements": [ 	 
		{
			"__comment": "Voxels",
			"from": [ -6.5, 7.5, 4 ],
			"to": [ -6, 8.5, 6.5 ],
			"faces": {
				"down": { "uv": [ 11.875, 3.5, 12, 4.75 ], "texture": "#voxels_atlas", "cullface": "west" },
				"up": { "uv": [ 12, 7.75, 12.125, 6.5 ], "texture": "#voxels_atlas", "cullface": "west" },
				"north": { "uv": [ 13.125, 5.25, 13, 5.75 ], "texture": "#voxels_atlas", "cullface": "west" },
				"south": { "uv": [ 13, 0.25, 13.125, 0.75 ], "texture": "#voxels_atlas", "cullface": "west" },
				"west": { "uv": [ 11, 9.5, 11.625, 10 ], "texture": "#voxels_atlas", "cullface": "west" },
				"east": { "uv": [ 12.25, 9.5, 11.625, 10 ], "texture": "#voxels_atlas", "cullface": "west" }
			}
		},
		{
			"__comment": "Voxels",
			"from": [ -6, 7.5, 5 ],
			"to": [ -5.5, 8.5, 8.5 ],
			"faces": {
				"down": { "uv": [ 11.5, 3.5, 11.625, 5.25 ], "texture": "#voxels_atlas", "cullface": "west" },
				"up": { "uv": [ 11.375, 3.5, 11.5, 1.75 ], "texture": "#voxels_atlas", "cullface": "west" },
				"north": { "uv": [ 9.25, 11.75, 9.125, 12.25 ], "texture": "#voxels_atlas", "cullface": "west" },
				"south": { "uv": [ 9.125, 11.25, 9.25, 11.75 ], "texture": "#voxels_atlas", "cullface": "west" },
				"west": { "uv": [ 10, 11.5, 10.875, 12 ], "texture": "#voxels_atlas", "cullface": "west" },
				"east": { "uv": [ 11.75, 11.5, 10.875, 12 ], "texture": "#voxels_atlas", "cullface": "west" }
			}
		},
		{
			"__comment": "Voxels",
			"from": [ -5.5, 7.5, 6 ],
			"to": [ -5, 8.5, 10 ],
			"faces": {
				"down": { "uv": [ 11, 1.75, 11.125, 3.75 ], "texture": "#voxels_atlas", "cullface": "west" },
				"up": { "uv": [ 11.125, 3.75, 11.25, 1.75 ], "texture": "#voxels_atlas", "cullface": "west" },
				"north": { "uv": [ 9.25, 7, 9.125, 7.5 ], "texture": "#voxels_atlas", "cullface": "west" },
				"south": { "uv": [ 9.125, 2, 9.25, 2.5 ], "texture": "#voxels_atlas", "cullface": "west" },
				"west": { "uv": [ 8.25, 6.5, 9.25, 7 ], "texture": "#voxels_atlas", "cullface": "west" },
				"east": { "uv": [ 8, 13.25, 7, 13.75 ], "texture": "#voxels_atlas", "cullface": "west" }
			}
		},
		{
			"__comment": "Voxels",
			"from": [ -5, 7.5, 7 ],
			"to": [ -4.5, 8.5, 11 ],
			"faces": {
				"down": { "uv": [ 11.25, 7.5, 11.375, 9.5 ], "texture": "#voxels_atlas", "cullface": "west" },
				"up": { "uv": [ 11.25, 7.5, 11.375, 5.5 ], "texture": "#voxels_atlas", "cullface": "west" },
				"north": { "uv": [ 9.25, 1.5, 9.125, 2 ], "texture": "#voxels_atlas", "cullface": "west" },
				"south": { "uv": [ 9.125, 1, 9.25, 1.5 ], "texture": "#voxels_atlas", "cullface": "west" },
				"west": { "uv": [ 4.25, 0, 5.25, 0.5 ], "texture": "#voxels_atlas", "cullface": "west" },
				"east": { "uv": [ 5.25, 5, 4.25, 5.5 ], "texture": "#voxels_atlas", "cullface": "west" }
			}
		},
		{
			"__comment": "Voxels",
			"from": [ -4.5, 7.5, 8 ],
			"to": [ -4, 8.5, 11.5 ],
			"faces": {
				"down": { "uv": [ 11.625, 5.75, 11.75, 7.5 ], "texture": "#voxels_atlas", "cullface": "west" },
				"up": { "uv": [ 11.625, 5.75, 11.75, 4 ], "texture": "#voxels_atlas", "cullface": "west" },
				"north": { "uv": [ 16, 12, 15.875, 12.5 ], "texture": "#voxels_atlas", "cullface": "west" },
				"south": { "uv": [ 15.875, 9.5, 16, 10 ], "texture": "#voxels_atlas", "cullface": "west" },
				"west": { "uv": [ 8, 1.5, 8.875, 2 ], "texture": "#voxels_atlas", "cullface": "west" },
				"east": { "uv": [ 8.875, 1, 8, 1.5 ], "texture": "#voxels_atlas", "cullface": "west" }
			}
		},
		{
			"__comment": "Voxels",
			"from": [ -4, 7.5, 8.5 ],
			"to": [ -3.5, 8.5, 12 ],
			"faces": {
				"down": { "uv": [ 9.125, 3.25, 9.25, 5 ], "texture": "#voxels_atlas", "cullface": "west" },
				"up": { "uv": [ 11.375, 5.25, 11.5, 3.5 ], "texture": "#voxels_atlas", "cullface": "west" },
				"north": { "uv": [ 11.75, 0, 11.625, 0.5 ], "texture": "#voxels_atlas", "cullface": "west" },
				"south": { "uv": [ 15.875, 7, 16, 7.5 ], "texture": "#voxels_atlas", "cullface": "west" },
				"west": { "uv": [ 8, 0.5, 8.875, 1 ], "texture": "#voxels_atlas", "cullface": "west" },
				"east": { "uv": [ 8.875, 0, 8, 0.5 ], "texture": "#voxels_atlas", "cullface": "west" }
			}
		},
		{
			"__comment": "Voxels",
			"from": [ -3.5, 7.5, 9 ],
			"to": [ -3, 8.5, 12.5 ],
			"faces": {
				"down": { "uv": [ 11.5, 1.75, 11.625, 3.5 ], "texture": "#voxels_atlas", "cullface": "west" },
				"up": { "uv": [ 11.375, 1.75, 11.5, 0 ], "texture": "#voxels_atlas", "cullface": "west" },
				"north": { "uv": [ 12.625, 3.5, 12.5, 4 ], "texture": "#voxels_atlas", "cullface": "west" },
				"south": { "uv": [ 12.375, 2.75, 12.5, 3.25 ], "texture": "#voxels_atlas", "cullface": "west" },
				"west": { "uv": [ 9.375, 12.5, 10.25, 13 ], "texture": "#voxels_atlas", "cullface": "west" },
				"east": { "uv": [ 11.125, 12.5, 10.25, 13 ], "texture": "#voxels_atlas", "cullface": "west" }
			}
		},
		{
			"__comment": "Voxels",
			"from": [ -3, 7.5, 9.5 ],
			"to": [ -2.5, 8.5, 13 ],
			"faces": {
				"down": { "uv": [ 11.625, 2.25, 11.75, 4 ], "texture": "#voxels_atlas", "cullface": "west" },
				"up": { "uv": [ 11.625, 2.25, 11.75, 0.5 ], "texture": "#voxels_atlas", "cullface": "west" },
				"north": { "uv": [ 12.625, 2.75, 12.5, 3.25 ], "texture": "#voxels_atlas", "cullface": "west" },
				"south": { "uv": [ 12.375, 2.25, 12.5, 2.75 ], "texture": "#voxels_atlas", "cullface": "west" },
				"west": { "uv": [ 11.125, 12.5, 12, 13 ], "texture": "#voxels_atlas", "cullface": "west" },
				"east": { "uv": [ 12.875, 12.5, 12, 13 ], "texture": "#voxels_atlas", "cullface": "west" }
			}
		},
		{
			"__comment": "Voxels",
			"from": [ -2.5, 7.5, 10 ],
			"to": [ -1.5, 8.5, 13.5 ],
			"faces": {
				"down": { "uv": [ 8.625, 3.25, 8.875, 5 ], "texture": "#voxels_atlas", "cullface": "west" },
				"up": { "uv": [ 8.875, 5, 9.125, 3.25 ], "texture": "#voxels_atlas", "cullface": "west" },
				"north": { "uv": [ 5.25, 11, 5, 11.5 ], "texture": "#voxels_atlas", "cullface": "west" },
				"south": { "uv": [ 7.75, 6.25, 8, 6.75 ], "texture": "#voxels_atlas", "cullface": "west" },
				"west": { "uv": [ 12.875, 12.5, 13.75, 13 ], "texture": "#voxels_atlas", "cullface": "west" },
				"east": { "uv": [ 14.625, 12.5, 13.75, 13 ], "texture": "#voxels_atlas", "cullface": "west" }
			}
		},
		{
			"__comment": "Voxels",
			"from": [ -2, 7.5, 13.5 ],
			"to": [ 17, 8.5, 14 ],
			"faces": {
				"down": { "uv": [ 5.75, 15.75, 10.5, 16 ], "texture": "#voxels_atlas", "cullface": "east" },
				"up": { "uv": [ 10.5, 16, 15.25, 15.75 ], "texture": "#voxels_atlas", "cullface": "east" },
				"north": { "uv": [ 5.25, 15.5, 0.5, 16 ], "texture": "#voxels_atlas", "cullface": "east" },
				"south": { "uv": [ 0.5, 15, 5.25, 15.5 ], "texture": "#voxels_atlas", "cullface": "east" },
				"west": { "uv": [ 12.5, 2.25, 12.625, 2.75 ], "texture": "#voxels_atlas", "cullface": "east" },
				"east": { "uv": [ 13.25, 5.25, 13.125, 5.75 ], "texture": "#voxels_atlas", "cullface": "east" }
			}
		},
		{
			"__comment": "Voxels",
			"from": [ -1.5, 7.5, 10.5 ],
			"to": [ -0.5, 8.5, 13.5 ],
			"faces": {
				"down": { "uv": [ 10.25, 1, 10.5, 2.5 ], "texture": "#voxels_atlas", "cullface": "west" },
				"up": { "uv": [ 10.5, 8.5, 10.75, 7 ], "texture": "#voxels_atlas", "cullface": "west" },
				"north": { "uv": [ 12.375, 0, 12.125, 0.5 ], "texture": "#voxels_atlas", "cullface": "west" },
				"east": { "uv": [ 16, 10.75, 15.25, 11.25 ], "texture": "#voxels_atlas", "cullface": "west" }
			}
		},
		{
			"__comment": "Voxels",
			"from": [ -1, 7.5, 14 ],
			"to": [ 16, 8.5, 14.5 ],
			"faces": {
				"down": { "uv": [ 8, 14, 12.25, 14.25 ], "texture": "#voxels_atlas", "cullface": "west" },
				"up": { "uv": [ 8, 14, 12.25, 13.75 ], "texture": "#voxels_atlas", "cullface": "west" },
				"south": { "uv": [ 0.5, 9, 4.75, 9.5 ], "texture": "#voxels_atlas", "cullface": "west" },
				"west": { "uv": [ 12.875, 1.5, 13, 2 ], "texture": "#voxels_atlas", "cullface": "west" },
				"east": { "uv": [ 12.875, 2, 12.75, 2.5 ], "texture": "#voxels_atlas", "cullface": "west" }
			}
		},
		{
			"__comment": "Voxels",
			"from": [ -0.5, 7.5, 11 ],
			"to": [ 1, 8.5, 13.5 ],
			"faces": {
				"down": { "uv": [ 8.25, 5.25, 8.625, 6.5 ], "texture": "#voxels_atlas", "cullface": "west" },
				"up": { "uv": [ 8.25, 5, 8.625, 3.75 ], "texture": "#voxels_atlas", "cullface": "west" },
				"north": { "uv": [ 8, 10.5, 7.625, 11 ], "texture": "#voxels_atlas", "cullface": "west" },
				"east": { "uv": [ 14.25, 10.25, 13.625, 10.75 ], "texture": "#voxels_atlas", "cullface": "west" }
			}
		},
		{
			"__comment": "Voxels",
			"from": [ 0, 7.5, 14.5 ],
			"to": [ 15, 8.5, 15 ],
			"faces": {
				"down": { "uv": [ 12.25, 14.25, 16, 14.5 ], "texture": "#voxels_atlas" },
				"up": { "uv": [ 12.25, 14.25, 16, 14 ], "texture": "#voxels_atlas" },
				"south": { "uv": [ 0.5, 6.5, 4.25, 7 ], "texture": "#voxels_atlas" },
				"west": { "uv": [ 12.875, 4, 13, 4.5 ], "texture": "#voxels_atlas", "cullface": "west" },
				"east": { "uv": [ 12.875, 4, 12.75, 4.5 ], "texture": "#voxels_atlas" }
			}
		},
		{
			"__comment": "Voxels",
			"from": [ 1, 7.5, 11.5 ],
			"to": [ 19, 8.5, 12 ],
			"faces": {
				"down": { "uv": [ 8, 15.5, 12.5, 15.75 ], "texture": "#voxels_atlas", "cullface": "east" },
				"up": { "uv": [ 8, 15.5, 12.5, 15.25 ], "texture": "#voxels_atlas", "cullface": "east" },
				"north": { "uv": [ 5, 11, 0.5, 11.5 ], "texture": "#voxels_atlas", "cullface": "east" },
				"south": { "uv": [ 0.5, 11.5, 5, 12 ], "texture": "#voxels_atlas", "cullface": "east" },
				"east": { "uv": [ 12.875, 5, 12.75, 5.5 ], "texture": "#voxels_atlas", "cullface": "east" }
			}
		},
		{
			"__comment": "Voxels",
			"from": [ 1, 7.5, 12 ],
			"to": [ 18.5, 8.5, 12.5 ],
			"faces": {
				"down": { "uv": [ 8, 14.75, 12.375, 15 ], "texture": "#voxels_atlas", "cullface": "east" },
				"up": { "uv": [ 8, 15.25, 12.375, 15 ], "texture": "#voxels_atlas", "cullface": "east" },
				"south": { "uv": [ 0.5, 10.5, 4.875, 11 ], "texture": "#voxels_atlas", "cullface": "east" },
				"east": { "uv": [ 12.75, 0.75, 12.625, 1.25 ], "texture": "#voxels_atlas", "cullface": "east" }
			}
		},
		{
			"__comment": "Voxels",
			"from": [ 1, 7.5, 12.5 ],
			"to": [ 18, 8.5, 13 ],
			"faces": {
				"down": { "uv": [ 8, 14.25, 12.25, 14.5 ], "texture": "#voxels_atlas", "cullface": "east" },
				"up": { "uv": [ 8, 14.75, 12.25, 14.5 ], "texture": "#voxels_atlas", "cullface": "east" },
				"south": { "uv": [ 0.5, 8.5, 4.75, 9 ], "texture": "#voxels_atlas", "cullface": "east" },
				"east": { "uv": [ 12.75, 3.75, 12.625, 4.25 ], "texture": "#voxels_atlas", "cullface": "east" }
			}
		},
		{
			"__comment": "Voxels",
			"from": [ 1, 7.5, 13 ],
			"to": [ 17.5, 8.5, 13.5 ],
			"faces": {
				"down": { "uv": [ 8, 13.25, 12.125, 13.5 ], "texture": "#voxels_atlas", "cullface": "east" },
				"up": { "uv": [ 8, 13.75, 12.125, 13.5 ], "texture": "#voxels_atlas", "cullface": "east" },
				"south": { "uv": [ 0.5, 7, 4.625, 7.5 ], "texture": "#voxels_atlas", "cullface": "east" },
				"east": { "uv": [ 12.75, 4.75, 12.625, 5.25 ], "texture": "#voxels_atlas", "cullface": "east" }
			}
		},
		{
			"__comment": "Voxels",
			"from": [ 1.5, 7.5, 15 ],
			"to": [ 13.5, 8.5, 15.5 ],
			"faces": {
				"down": { "uv": [ 12.5, 15.25, 15.5, 15.5 ], "texture": "#voxels_atlas" },
				"up": { "uv": [ 12.5, 15.75, 15.5, 15.5 ], "texture": "#voxels_atlas" },
				"south": { "uv": [ 0.5, 4, 3.5, 4.5 ], "texture": "#voxels_atlas" },
				"west": { "uv": [ 12.625, 5.25, 12.75, 5.75 ], "texture": "#voxels_atlas" },
				"east": { "uv": [ 13.25, 0.25, 13.125, 0.75 ], "texture": "#voxels_atlas" }
			}
		},
		{
			"__comment": "Voxels",
			"from": [ 3, 7.5, 11 ],
			"to": [ 12, 8.5, 11.5 ],
			"faces": {
				"down": { "uv": [ 9.25, 13, 11.5, 13.25 ], "texture": "#voxels_atlas" },
				"up": { "uv": [ 12.375, 15.25, 14.625, 15 ], "texture": "#voxels_atlas" },
				"north": { "uv": [ 8, 15.25, 5.75, 15.75 ], "texture": "#voxels_atlas" },
				"west": { "uv": [ 13.125, 0.75, 13.25, 1.25 ], "texture": "#voxels_atlas" },
				"east": { "uv": [ 13.25, 1.25, 13.125, 1.75 ], "texture": "#voxels_atlas" }
			}
		},
		{
			"__comment": "Voxels",
			"from": [ 3, 7.5, 15.5 ],
			"to": [ 12, 8.5, 16 ],
			"faces": {
				"down": { "uv": [ 11.5, 13, 13.75, 13.25 ], "texture": "#voxels_atlas" },
				"up": { "uv": [ 12.375, 15, 14.625, 14.75 ], "texture": "#voxels_atlas" },
				"south": { "uv": [ 5.75, 14.75, 8, 15.25 ], "texture": "#voxels_atlas", "cullface": "south" },
				"west": { "uv": [ 13.125, 1.75, 13.25, 2.25 ], "texture": "#voxels_atlas" },
				"east": { "uv": [ 13.25, 3.25, 13.125, 3.75 ], "texture": "#voxels_atlas" }
			}
		},
		{
			"__comment": "Voxels",
			"from": [ 4, 7.5, 10.5 ],
			"to": [ 11, 8.5, 11 ],
			"faces": {
				"down": { "uv": [ 10.625, 12, 12.375, 12.25 ], "texture": "#voxels_atlas" },
				"up": { "uv": [ 12.375, 12.5, 14.125, 12.25 ], "texture": "#voxels_atlas" },
				"north": { "uv": [ 5.25, 4.5, 3.5, 5 ], "texture": "#voxels_atlas" },
				"west": { "uv": [ 13.125, 3.75, 13.25, 4.25 ], "texture": "#voxels_atlas" },
				"east": { "uv": [ 13.125, 1.75, 13, 2.25 ], "texture": "#voxels_atlas" }
			}
		},
		{
			"__comment": "Voxels",
			"from": [ 5, 7.5, 10 ],
			"to": [ 10, 8.5, 10.5 ],
			"faces": {
				"down": { "uv": [ 11, 10, 12.25, 10.25 ], "texture": "#voxels_atlas" },
				"up": { "uv": [ 6.25, 10, 7.5, 9.75 ], "texture": "#voxels_atlas" },
				"north": { "uv": [ 7.5, 10, 6.25, 10.5 ], "texture": "#voxels_atlas" },
				"west": { "uv": [ 13, 2.25, 13.125, 2.75 ], "texture": "#voxels_atlas" },
				"east": { "uv": [ 13.125, 3.75, 13, 4.25 ], "texture": "#voxels_atlas" }
			}
		},
		{
			"__comment": "Voxels",
			"from": [ 5.5, 7.5, 9 ],
			"to": [ 9.5, 8.5, 10 ],
			"faces": {
				"down": { "uv": [ 7, 12.75, 8, 13.25 ], "texture": "#voxels_atlas" },
				"up": { "uv": [ 4.25, 6, 5.25, 5.5 ], "texture": "#voxels_atlas" },
				"north": { "uv": [ 5.25, 6, 4.25, 6.5 ], "texture": "#voxels_atlas" },
				"west": { "uv": [ 7.75, 3, 8, 3.5 ], "texture": "#voxels_atlas" },
				"east": { "uv": [ 5.25, 11.5, 5, 12 ], "texture": "#voxels_atlas" }
			}
		},
		{
			"__comment": "Voxels",
			"from": [ 6, 7, 10 ],
			"to": [ 9, 7.5, 16 ],
			"faces": {
				"down": { "uv": [ 2.75, 12, 3.5, 15 ], "texture": "#voxels_atlas" },
				"up": { "uv": [ 0.5, 15, 1.25, 12 ], "texture": "#voxels_atlas" },
				"north": { "uv": [ 15.125, 8.5, 14.375, 8.75 ], "texture": "#voxels_atlas" },
				"south": { "uv": [ 15.25, 8.75, 16, 9 ], "texture": "#voxels_atlas", "cullface": "south" },
				"west": { "uv": [ 10.75, 11.25, 12.25, 11.5 ], "texture": "#voxels_atlas" },
				"east": { "uv": [ 13.75, 11.25, 12.25, 11.5 ], "texture": "#voxels_atlas" }
			}
		},
		{
			"__comment": "Voxels",
			"from": [ 6, 7.5, -13 ],
			"to": [ 9, 8.5, -10.5 ],
			"faces": {
				"down": { "uv": [ 4.25, 0.5, 5, 1.75 ], "texture": "#voxels_atlas", "cullface": "north" },
				"up": { "uv": [ 6.25, 13.75, 7, 12.5 ], "texture": "#voxels_atlas", "cullface": "north" },
				"north": { "uv": [ 12.25, 10.75, 11.5, 11.25 ], "texture": "#voxels_atlas", "cullface": "north" },
				"south": { "uv": [ 12.25, 10.75, 13, 11.25 ], "texture": "#voxels_atlas", "cullface": "north" },
				"west": { "uv": [ 13, 10.25, 13.625, 10.75 ], "texture": "#voxels_atlas", "cullface": "north" },
				"east": { "uv": [ 5.25, 7.5, 4.625, 8 ], "texture": "#voxels_atlas", "cullface": "north" }
			}
		},
		{
			"__comment": "Voxels",
			"from": [ 6, 7.5, 5.5 ],
			"to": [ 9, 8.5, 9 ],
			"faces": {
				"down": { "uv": [ 1, 2.25, 1.75, 4 ], "texture": "#voxels_atlas" },
				"up": { "uv": [ 1, 2.25, 1.75, 0.5 ], "texture": "#voxels_atlas" },
				"north": { "uv": [ 12.25, 10.25, 11.5, 10.75 ], "texture": "#voxels_atlas" },
				"west": { "uv": [ 14.125, 12, 15, 12.5 ], "texture": "#voxels_atlas" },
				"east": { "uv": [ 15.875, 12, 15, 12.5 ], "texture": "#voxels_atlas" }
			}
		},
		{
			"__comment": "Voxels",
			"from": [ 6, 8.5, 10 ],
			"to": [ 9, 9, 16 ],
			"faces": {
				"down": { "uv": [ 2, 12, 2.75, 15 ], "texture": "#voxels_atlas" },
				"up": { "uv": [ 1.25, 15, 2, 12 ], "texture": "#voxels_atlas" },
				"north": { "uv": [ 16, 9, 15.25, 9.25 ], "texture": "#voxels_atlas" },
				"south": { "uv": [ 15.125, 8.5, 15.875, 8.75 ], "texture": "#voxels_atlas", "cullface": "south" },
				"west": { "uv": [ 12.5, 11.5, 14, 11.75 ], "texture": "#voxels_atlas" },
				"east": { "uv": [ 15.25, 11, 13.75, 11.25 ], "texture": "#voxels_atlas" }
			}
		},
		{
			"__comment": "Voxels",
			"from": [ 6.5, 6.5, 10 ],
			"to": [ 8.5, 7, 16 ],
			"faces": {
				"down": { "uv": [ 4, 12, 4.5, 15 ], "texture": "#voxels_atlas" },
				"north": { "uv": [ 16, 11.5, 15.5, 11.75 ], "texture": "#voxels_atlas" },
				"south": { "uv": [ 15.5, 11.75, 16, 12 ], "texture": "#voxels_atlas", "cullface": "south" },
				"west": { "uv": [ 14, 11.5, 15.5, 11.75 ], "texture": "#voxels_atlas" },
				"east": { "uv": [ 14, 11.75, 12.5, 12 ], "texture": "#voxels_atlas" }
			}
		},
		{
			"__comment": "Voxels",
			"from": [ 6.5, 7, -13 ],
			"to": [ 8.5, 7.5, -10.5 ],
			"faces": {
				"down": { "uv": [ 2.75, 0.5, 3.25, 1.75 ], "texture": "#voxels_atlas", "cullface": "north" },
				"north": { "uv": [ 16, 12.5, 15.5, 12.75 ], "texture": "#voxels_atlas", "cullface": "north" },
				"south": { "uv": [ 15.5, 12.75, 16, 13 ], "texture": "#voxels_atlas", "cullface": "north" },
				"west": { "uv": [ 14.5, 7.75, 15.125, 8 ], "texture": "#voxels_atlas", "cullface": "north" },
				"east": { "uv": [ 15.75, 8.25, 15.125, 8.5 ], "texture": "#voxels_atlas", "cullface": "north" }
			}
		},
		{
			"__comment": "Voxels",
			"from": [ 6.5, 7, 4.5 ],
			"to": [ 8.5, 9, 5.5 ],
			"faces": {
				"down": { "uv": [ 2.75, 0, 3.25, 0.5 ], "texture": "#voxels_atlas" },
				"up": { "uv": [ 3.25, 0.5, 3.75, 0 ], "texture": "#voxels_atlas" },
				"north": { "uv": [ 1, 0, 0.5, 1 ], "texture": "#voxels_atlas" },
				"south": { "uv": [ 8.75, 8, 9.25, 9 ], "texture": "#voxels_atlas" },
				"west": { "uv": [ 5.25, 0, 5.5, 1 ], "texture": "#voxels_atlas" },
				"east": { "uv": [ 5.75, 0, 5.5, 1 ], "texture": "#voxels_atlas" }
			}
		},
		{
			"__comment": "Voxels",
			"from": [ 6.5, 7, 5.5 ],
			"to": [ 8.5, 7.5, 10 ],
			"faces": {
				"down": { "uv": [ 4.25, 1.75, 4.75, 4 ], "texture": "#voxels_atlas" },
				"up": { "uv": [ 2.75, 4, 3.25, 1.75 ], "texture": "#voxels_atlas" },
				"west": { "uv": [ 13.375, 9.5, 14.5, 9.75 ], "texture": "#voxels_atlas" },
				"east": { "uv": [ 14.5, 9.75, 13.375, 10 ], "texture": "#voxels_atlas" }
			}
		},
		{
			"__comment": "Voxels",
			"from": [ 6.5, 7, 16 ],
			"to": [ 8.5, 9, 16.5 ],
			"faces": {
				"down": { "uv": [ 15.5, 15.5, 16, 15.75 ], "texture": "#voxels_atlas", "cullface": "south" },
				"up": { "uv": [ 7.5, 0.25, 8, 0 ], "texture": "#voxels_atlas", "cullface": "south" },
				"north": { "uv": [ 4.25, 0.75, 3.75, 1.75 ], "texture": "#voxels_atlas", "cullface": "south" },
				"south": { "uv": [ 0, 0, 0.5, 1 ], "texture": "#voxels_atlas", "cullface": "south" },
				"west": { "uv": [ 11.75, 0, 11.875, 1 ], "texture": "#voxels_atlas", "cullface": "south" },
				"east": { "uv": [ 9.25, 0, 9.125, 1 ], "texture": "#voxels_atlas", "cullface": "south" }
			}
		},
		{
			"__comment": "Voxels",
			"from": [ 6.5, 7.5, -10.5 ],
			"to": [ 8.5, 8.5, 4.5 ],
			"faces": {
				"down": { "uv": [ 0, 8.5, 0.5, 16 ], "texture": "#voxels_atlas", "cullface": "north" },
				"up": { "uv": [ 0, 8.5, 0.5, 1 ], "texture": "#voxels_atlas", "cullface": "north" },
				"west": { "uv": [ 0.5, 5, 4.25, 5.5 ], "texture": "#voxels_atlas", "cullface": "north" },
				"east": { "uv": [ 4.25, 5.5, 0.5, 6 ], "texture": "#voxels_atlas", "cullface": "north" }
			}
		},
		{
			"__comment": "Voxels",
			"from": [ 6.5, 7.5, 16.5 ],
			"to": [ 8.5, 8.5, 17 ],
			"faces": {
				"down": { "uv": [ 7.5, 9.75, 8, 10 ], "texture": "#voxels_atlas", "cullface": "south" },
				"up": { "uv": [ 3.75, 0.25, 4.25, 0 ], "texture": "#voxels_atlas", "cullface": "south" },
				"south": { "uv": [ 8.75, 7.5, 9.25, 8 ], "texture": "#voxels_atlas", "cullface": "south" },
				"west": { "uv": [ 12.625, 2.25, 12.75, 2.75 ], "texture": "#voxels_atlas", "cullface": "south" },
				"east": { "uv": [ 12.75, 1.75, 12.625, 2.25 ], "texture": "#voxels_atlas", "cullface": "south" }
			}
		},
		{
			"__comment": "Voxels",
			"from": [ 6.5, 8.5, -13 ],
			"to": [ 8.5, 9, -10.5 ],
			"faces": {
				"up": { "uv": [ 2.25, 1.5, 2.75, 0.25 ], "texture": "#voxels_atlas", "cullface": "north" },
				"north": { "uv": [ 2.75, 0, 2.25, 0.25 ], "texture": "#voxels_atlas", "cullface": "north" },
				"south": { "uv": [ 1.75, 0, 2.25, 0.25 ], "texture": "#voxels_atlas", "cullface": "north" },
				"west": { "uv": [ 13.875, 8, 14.5, 8.25 ], "texture": "#voxels_atlas", "cullface": "north" },
				"east": { "uv": [ 14.5, 8.25, 13.875, 8.5 ], "texture": "#voxels_atlas", "cullface": "north" }
			}
		},
		{
			"__comment": "Voxels",
			"from": [ 6.5, 8.5, 5.5 ],
			"to": [ 8.5, 9, 10 ],
			"faces": {
				"down": { "uv": [ 3.25, 1.75, 3.75, 4 ], "texture": "#voxels_atlas" },
				"up": { "uv": [ 3.75, 4, 4.25, 1.75 ], "texture": "#voxels_atlas" },
				"west": { "uv": [ 13.375, 10, 14.5, 10.25 ], "texture": "#voxels_atlas" },
				"east": { "uv": [ 13.375, 10, 12.25, 10.25 ], "texture": "#voxels_atlas" }
			}
		},
		{
			"__comment": "Voxels",
			"from": [ 6.5, 9, 10 ],
			"to": [ 8.5, 9.5, 16 ],
			"faces": {
				"up": { "uv": [ 4.5, 15, 5, 12 ], "texture": "#voxels_atlas" },
				"north": { "uv": [ 16, 7.5, 15.5, 7.75 ], "texture": "#voxels_atlas" },
				"south": { "uv": [ 15, 7.5, 15.5, 7.75 ], "texture": "#voxels_atlas", "cullface": "south" },
				"west": { "uv": [ 14, 11.75, 15.5, 12 ], "texture": "#voxels_atlas" },
				"east": { "uv": [ 15.25, 11.25, 13.75, 11.5 ], "texture": "#voxels_atlas" }
			}
		},
		{
			"__comment": "Voxels",
			"from": [ 7, -6, 4 ],
			"to": [ 8, -5.5, 6.5 ],
			"faces": {
				"down": { "uv": [ 10.75, 0.25, 11, 1.5 ], "texture": "#voxels_atlas", "cullface": "down" },
				"up": { "uv": [ 5, 1.75, 5.25, 0.5 ], "texture": "#voxels_atlas", "cullface": "down" },
				"north": { "uv": [ 13, 6.5, 12.75, 6.75 ], "texture": "#voxels_atlas", "cullface": "down" },
				"south": { "uv": [ 13, 6.5, 13.25, 6.75 ], "texture": "#voxels_atlas", "cullface": "down" },
				"west": { "uv": [ 13.875, 7.75, 14.5, 8 ], "texture": "#voxels_atlas", "cullface": "down" },
				"east": { "uv": [ 13.375, 7.5, 12.75, 7.75 ], "texture": "#voxels_atlas", "cullface": "down" }
			}
		},
		{
			"__comment": "Voxels",
			"from": [ 7, -5.5, 5 ],
			"to": [ 8, -5, 8.5 ],
			"faces": {
				"down": { "uv": [ 9.5, 10.75, 9.75, 12.5 ], "texture": "#voxels_atlas", "cullface": "down" },
				"up": { "uv": [ 9.5, 10.75, 9.75, 9 ], "texture": "#voxels_atlas", "cullface": "down" },
				"north": { "uv": [ 14.75, 6.25, 14.5, 6.5 ], "texture": "#voxels_atlas", "cullface": "down" },
				"south": { "uv": [ 14.75, 6.25, 15, 6.5 ], "texture": "#voxels_atlas", "cullface": "down" },
				"west": { "uv": [ 13.5, 8.75, 14.375, 9 ], "texture": "#voxels_atlas", "cullface": "down" },
				"east": { "uv": [ 15.25, 9, 14.375, 9.25 ], "texture": "#voxels_atlas", "cullface": "down" }
			}
		},
		{
			"__comment": "Voxels",
			"from": [ 7, -5, 6 ],
			"to": [ 8, -4.5, 10 ],
			"faces": {
				"down": { "uv": [ 8, 3, 8.25, 5 ], "texture": "#voxels_atlas", "cullface": "down" },
				"up": { "uv": [ 9, 11.25, 9.25, 9.25 ], "texture": "#voxels_atlas", "cullface": "down" },
				"north": { "uv": [ 13, 6, 12.75, 6.25 ], "texture": "#voxels_atlas", "cullface": "down" },
				"south": { "uv": [ 13, 6, 13.25, 6.25 ], "texture": "#voxels_atlas", "cullface": "down" },
				"west": { "uv": [ 7, 12.5, 8, 12.75 ], "texture": "#voxels_atlas", "cullface": "down" },
				"east": { "uv": [ 15.5, 9.5, 14.5, 9.75 ], "texture": "#voxels_atlas", "cullface": "down" }
			}
		},
		{
			"__comment": "Voxels",
			"from": [ 7, -4.5, 7 ],
			"to": [ 8, -4, 11 ],
			"faces": {
				"down": { "uv": [ 8.25, 7, 8.5, 9 ], "texture": "#voxels_atlas", "cullface": "down" },
				"up": { "uv": [ 8.5, 9, 8.75, 7 ], "texture": "#voxels_atlas", "cullface": "down" },
				"north": { "uv": [ 13, 3.75, 12.75, 4 ], "texture": "#voxels_atlas", "cullface": "down" },
				"south": { "uv": [ 12.75, 3, 13, 3.25 ], "texture": "#voxels_atlas", "cullface": "down" },
				"west": { "uv": [ 11.375, 9.25, 12.375, 9.5 ], "texture": "#voxels_atlas", "cullface": "down" },
				"east": { "uv": [ 13.375, 9.25, 12.375, 9.5 ], "texture": "#voxels_atlas", "cullface": "down" }
			}
		},
		{
			"__comment": "Voxels",
			"from": [ 7, -4, 8 ],
			"to": [ 8, -3.5, 11.5 ],
			"faces": {
				"down": { "uv": [ 9.75, 10.25, 10, 12 ], "texture": "#voxels_atlas", "cullface": "down" },
				"up": { "uv": [ 9.75, 10.25, 10, 8.5 ], "texture": "#voxels_atlas", "cullface": "down" },
				"north": { "uv": [ 13, 1.25, 12.75, 1.5 ], "texture": "#voxels_atlas", "cullface": "down" },
				"south": { "uv": [ 12.75, 1, 13, 1.25 ], "texture": "#voxels_atlas", "cullface": "down" },
				"west": { "uv": [ 11.75, 9, 12.625, 9.25 ], "texture": "#voxels_atlas", "cullface": "down" },
				"east": { "uv": [ 16, 9.25, 15.125, 9.5 ], "texture": "#voxels_atlas", "cullface": "down" }
			}
		},
		{
			"__comment": "Voxels",
			"from": [ 7, -3.5, 8.5 ],
			"to": [ 8, -3, 12 ],
			"faces": {
				"down": { "uv": [ 9.75, 5, 10, 6.75 ], "texture": "#voxels_atlas", "cullface": "down" },
				"up": { "uv": [ 9.75, 5, 10, 3.25 ], "texture": "#voxels_atlas", "cullface": "down" },
				"north": { "uv": [ 15.375, 6.75, 15.125, 7 ], "texture": "#voxels_atlas", "cullface": "down" },
				"south": { "uv": [ 14.875, 6.75, 15.125, 7 ], "texture": "#voxels_atlas", "cullface": "down" },
				"west": { "uv": [ 14.25, 9.25, 15.125, 9.5 ], "texture": "#voxels_atlas", "cullface": "down" },
				"east": { "uv": [ 14.25, 9.25, 13.375, 9.5 ], "texture": "#voxels_atlas", "cullface": "down" }
			}
		},
		{
			"__comment": "Voxels",
			"from": [ 7, -3, 9 ],
			"to": [ 8, -2.5, 12.5 ],
			"faces": {
				"down": { "uv": [ 10, 6.25, 10.25, 8 ], "texture": "#voxels_atlas", "cullface": "down" },
				"up": { "uv": [ 9.5, 5.5, 9.75, 3.75 ], "texture": "#voxels_atlas", "cullface": "down" },
				"north": { "uv": [ 12.625, 0.75, 12.375, 1 ], "texture": "#voxels_atlas", "cullface": "down" },
				"south": { "uv": [ 12.375, 1, 12.625, 1.25 ], "texture": "#voxels_atlas", "cullface": "down" },
				"west": { "uv": [ 13.5, 8.5, 14.375, 8.75 ], "texture": "#voxels_atlas", "cullface": "down" },
				"east": { "uv": [ 13.5, 8.5, 12.625, 8.75 ], "texture": "#voxels_atlas", "cullface": "down" }
			}
		},
		{
			"__comment": "Voxels",
			"from": [ 7, -2.5, 9.5 ],
			"to": [ 8, -2, 13 ],
			"faces": {
				"down": { "uv": [ 9.5, 2, 9.75, 3.75 ], "texture": "#voxels_atlas", "cullface": "down" },
				"up": { "uv": [ 9.5, 2, 9.75, 0.25 ], "texture": "#voxels_atlas", "cullface": "down" },
				"north": { "uv": [ 11, 0, 10.75, 0.25 ], "texture": "#voxels_atlas", "cullface": "down" },
				"south": { "uv": [ 10, 0, 10.25, 0.25 ], "texture": "#voxels_atlas", "cullface": "down" },
				"west": { "uv": [ 12.625, 8.75, 13.5, 9 ], "texture": "#voxels_atlas", "cullface": "down" },
				"east": { "uv": [ 12.625, 8.75, 11.75, 9 ], "texture": "#voxels_atlas", "cullface": "down" }
			}
		},
		{
			"__comment": "Voxels",
			"from": [ 7, -2, 10 ],
			"to": [ 8, -1, 13.5 ],
			"faces": {
				"down": { "uv": [ 10, 9.75, 10.25, 11.5 ], "texture": "#voxels_atlas", "cullface": "down" },
				"up": { "uv": [ 10, 9.75, 10.25, 8 ], "texture": "#voxels_atlas", "cullface": "down" },
				"north": { "uv": [ 7, 0, 6.75, 0.5 ], "texture": "#voxels_atlas", "cullface": "down" },
				"south": { "uv": [ 6.5, 0, 6.75, 0.5 ], "texture": "#voxels_atlas", "cullface": "down" },
				"west": { "uv": [ 8, 2.5, 8.875, 3 ], "texture": "#voxels_atlas", "cullface": "down" },
				"east": { "uv": [ 8.875, 2, 8, 2.5 ], "texture": "#voxels_atlas", "cullface": "down" }
			}
		},
		{
			"__comment": "Voxels",
			"from": [ 7, -1.5, 13.5 ],
			"to": [ 8, 6.5, 14 ],
			"faces": {
				"down": { "uv": [ 7.5, 6.25, 7.75, 6.5 ], "texture": "#voxels_atlas", "cullface": "down" },
				"north": { "uv": [ 6.25, 9.75, 6, 13.75 ], "texture": "#voxels_atlas", "cullface": "down" },
				"south": { "uv": [ 5.75, 9.75, 6, 13.75 ], "texture": "#voxels_atlas", "cullface": "down" },
				"west": { "uv": [ 8.125, 5, 8.25, 9 ], "texture": "#voxels_atlas", "cullface": "down" },
				"east": { "uv": [ 8.125, 5, 8, 9 ], "texture": "#voxels_atlas", "cullface": "down" }
			}
		},
		{
			"__comment": "Voxels",
			"from": [ 7, -1, 10.5 ],
			"to": [ 8, 0, 13.5 ],
			"faces": {
				"up": { "uv": [ 10.25, 11.5, 10.5, 10 ], "texture": "#voxels_atlas", "cullface": "down" },
				"north": { "uv": [ 12.875, 7, 12.625, 7.5 ], "texture": "#voxels_atlas", "cullface": "down" },
				"west": { "uv": [ 1, 0, 1.75, 0.5 ], "texture": "#voxels_atlas", "cullface": "down" },
				"east": { "uv": [ 12.5, 11.5, 11.75, 12 ], "texture": "#voxels_atlas", "cullface": "down" }
			}
		},
		{
			"__comment": "Voxels",
			"from": [ 7, -0.5, 14 ],
			"to": [ 8, 6.5, 14.5 ],
			"faces": {
				"down": { "uv": [ 13.25, 6.25, 13.5, 6.5 ], "texture": "#voxels_atlas", "cullface": "down" },
				"south": { "uv": [ 6.25, 6.25, 6.5, 9.75 ], "texture": "#voxels_atlas", "cullface": "down" },
				"west": { "uv": [ 9.25, 2.5, 9.375, 6 ], "texture": "#voxels_atlas", "cullface": "down" },
				"east": { "uv": [ 9.5, 9, 9.375, 12.5 ], "texture": "#voxels_atlas", "cullface": "down" }
			}
		},
		{
			"__comment": "Voxels",
			"from": [ 7, 0, 11 ],
			"to": [ 8, 1.5, 13.5 ],
			"faces": {
				"up": { "uv": [ 10.75, 7.75, 11, 6.5 ], "texture": "#voxels_atlas" },
				"north": { "uv": [ 13.875, 7.75, 13.625, 8.5 ], "texture": "#voxels_atlas" },
				"west": { "uv": [ 8.625, 5, 9.25, 5.75 ], "texture": "#voxels_atlas" },
				"east": { "uv": [ 9.25, 5.75, 8.625, 6.5 ], "texture": "#voxels_atlas" }
			}
		},
		{
			"__comment": "Voxels",
			"from": [ 7, 0.5, 14.5 ],
			"to": [ 8, 6.5, 15 ],
			"faces": {
				"down": { "uv": [ 8.75, 9, 9, 9.25 ], "texture": "#voxels_atlas" },
				"south": { "uv": [ 7.75, 6.75, 8, 9.75 ], "texture": "#voxels_atlas" },
				"west": { "uv": [ 10.375, 7, 10.5, 10 ], "texture": "#voxels_atlas" },
				"east": { "uv": [ 10.375, 7, 10.25, 10 ], "texture": "#voxels_atlas" }
			}
		},
		{
			"__comment": "Voxels",
			"from": [ 7, 1.5, 11.5 ],
			"to": [ 8, 6.5, 13.5 ],
			"faces": {
				"north": { "uv": [ 7.25, 0.5, 7, 3 ], "texture": "#voxels_atlas" },
				"west": { "uv": [ 1.75, 1.5, 2.25, 4 ], "texture": "#voxels_atlas" },
				"east": { "uv": [ 2.75, 1.5, 2.25, 4 ], "texture": "#voxels_atlas" }
			}
		},
		{
			"__comment": "Voxels",
			"from": [ 7, 2, 15 ],
			"to": [ 8, 6.5, 15.5 ],
			"faces": {
				"down": { "uv": [ 14.75, 6.5, 15, 6.75 ], "texture": "#voxels_atlas" },
				"south": { "uv": [ 5, 1.75, 5.25, 4 ], "texture": "#voxels_atlas" },
				"west": { "uv": [ 11.125, 3.75, 11.25, 6 ], "texture": "#voxels_atlas" },
				"east": { "uv": [ 11.25, 6, 11.125, 8.25 ], "texture": "#voxels_atlas" }
			}
		},
		{
			"__comment": "Voxels",
			"from": [ 7, 3.5, 11 ],
			"to": [ 8, 6.5, 11.5 ],
			"faces": {
				"down": { "uv": [ 14, 5.75, 14.25, 6 ], "texture": "#voxels_atlas" },
				"north": { "uv": [ 10.25, 1.75, 10, 3.25 ], "texture": "#voxels_atlas" },
				"west": { "uv": [ 11.75, 7, 11.875, 8.5 ], "texture": "#voxels_atlas" },
				"east": { "uv": [ 11.375, 0, 11.25, 1.5 ], "texture": "#voxels_atlas" }
			}
		},
		{
			"__comment": "Voxels",
			"from": [ 7, 3.5, 15.5 ],
			"to": [ 8, 6.5, 16 ],
			"faces": {
				"down": { "uv": [ 5.75, 0, 6, 0.25 ], "texture": "#voxels_atlas" },
				"south": { "uv": [ 10, 0.25, 10.25, 1.75 ], "texture": "#voxels_atlas", "cullface": "south" },
				"west": { "uv": [ 11.75, 5.5, 11.875, 7 ], "texture": "#voxels_atlas" },
				"east": { "uv": [ 11.875, 4, 11.75, 5.5 ], "texture": "#voxels_atlas" }
			}
		},
		{
			"__comment": "Voxels",
			"from": [ 7, 4.5, 10.5 ],
			"to": [ 8, 6.5, 11 ],
			"faces": {
				"down": { "uv": [ 7.75, 3.5, 8, 3.75 ], "texture": "#voxels_atlas" },
				"north": { "uv": [ 10.5, 0, 10.25, 1 ], "texture": "#voxels_atlas" },
				"west": { "uv": [ 12, 2.5, 12.125, 3.5 ], "texture": "#voxels_atlas" },
				"east": { "uv": [ 12.125, 1.5, 12, 2.5 ], "texture": "#voxels_atlas" }
			}
		},
		{
			"__comment": "Voxels",
			"from": [ 7, 5.5, 10 ],
			"to": [ 8, 6.5, 10.5 ],
			"faces": {
				"down": { "uv": [ 9, 9, 9.25, 9.25 ], "texture": "#voxels_atlas" },
				"north": { "uv": [ 15.875, 9.5, 15.625, 10 ], "texture": "#voxels_atlas" },
				"west": { "uv": [ 12.375, 1.75, 12.5, 2.25 ], "texture": "#voxels_atlas" },
				"east": { "uv": [ 12.625, 1.75, 12.5, 2.25 ], "texture": "#voxels_atlas" }
			}
		},
		{
			"__comment": "Voxels",
			"from": [ 7, 6, 9 ],
			"to": [ 8, 7, 10 ],
			"faces": {
				"down": { "uv": [ 12.125, 6, 12.375, 6.5 ], "texture": "#voxels_atlas" },
				"north": { "uv": [ 12.375, 5, 12.125, 5.5 ], "texture": "#voxels_atlas" },
				"south": { "uv": [ 12.125, 4.5, 12.375, 5 ], "texture": "#voxels_atlas" },
				"west": { "uv": [ 12.125, 4, 12.375, 4.5 ], "texture": "#voxels_atlas" },
				"east": { "uv": [ 12.375, 3.5, 12.125, 4 ], "texture": "#voxels_atlas" }
			}
		},
		{
			"__comment": "Voxels",
			"from": [ 7, 6.5, -13 ],
			"to": [ 8, 7, -10.5 ],
			"faces": {
				"down": { "uv": [ 10.75, 2.75, 11, 4 ], "texture": "#voxels_atlas", "cullface": "north" },
				"north": { "uv": [ 9.75, 0, 9.5, 0.25 ], "texture": "#voxels_atlas", "cullface": "north" },
				"south": { "uv": [ 13.875, 12, 14.125, 12.25 ], "texture": "#voxels_atlas", "cullface": "north" },
				"west": { "uv": [ 14.5, 8.25, 15.125, 8.5 ], "texture": "#voxels_atlas", "cullface": "north" },
				"east": { "uv": [ 15.125, 8, 14.5, 8.25 ], "texture": "#voxels_atlas", "cullface": "north" }
			}
		},
		{
			"__comment": "Voxels",
			"from": [ 7, 6.5, 5.5 ],
			"to": [ 8, 7, 9 ],
			"faces": {
				"down": { "uv": [ 9.75, 1.5, 10, 3.25 ], "texture": "#voxels_atlas" },
				"north": { "uv": [ 15.875, 10, 15.625, 10.25 ], "texture": "#voxels_atlas" },
				"west": { "uv": [ 14.375, 8.75, 15.25, 9 ], "texture": "#voxels_atlas" },
				"east": { "uv": [ 12.625, 8.5, 11.75, 8.75 ], "texture": "#voxels_atlas" }
			}
		},
		{
			"__comment": "Voxels",
			"from": [ 7, 7, -10.5 ],
			"to": [ 8, 7.5, 4.5 ],
			"faces": {
				"down": { "uv": [ 5.25, 1, 5.5, 8.5 ], "texture": "#voxels_atlas", "cullface": "north" },
				"west": { "uv": [ 12.25, 13.75, 16, 14 ], "texture": "#voxels_atlas", "cullface": "north" },
				"east": { "uv": [ 16, 14.5, 12.25, 14.75 ], "texture": "#voxels_atlas", "cullface": "north" }
			}
		},
		{
			"__comment": "Voxels",
			"from": [ 7, 7, 16.5 ],
			"to": [ 8, 7.5, 17 ],
			"faces": {
				"down": { "uv": [ 12.375, 0.5, 12.625, 0.75 ], "texture": "#voxels_atlas", "cullface": "south" },
				"south": { "uv": [ 13.625, 6.75, 13.875, 7 ], "texture": "#voxels_atlas", "cullface": "south" },
				"west": { "uv": [ 15.875, 13.25, 16, 13.5 ], "texture": "#voxels_atlas", "cullface": "south" },
				"east": { "uv": [ 16, 13.5, 15.875, 13.75 ], "texture": "#voxels_atlas", "cullface": "south" }
			}
		},
		{
			"__comment": "Voxels",
			"from": [ 7, 7.5, -13.5 ],
			"to": [ 8, 8.5, -13 ],
			"faces": {
				"down": { "uv": [ 13.875, 6.75, 14.125, 7 ], "texture": "#voxels_atlas", "cullface": "north" },
				"up": { "uv": [ 14.125, 7, 14.375, 6.75 ], "texture": "#voxels_atlas", "cullface": "north" },
				"north": { "uv": [ 14.625, 7, 14.375, 7.5 ], "texture": "#voxels_atlas", "cullface": "north" },
				"west": { "uv": [ 12.625, 6.25, 12.75, 6.75 ], "texture": "#voxels_atlas", "cullface": "north" },
				"east": { "uv": [ 12.75, 5.75, 12.625, 6.25 ], "texture": "#voxels_atlas", "cullface": "north" }
			}
		},
		{
			"__comment": "Voxels",
			"from": [ 7, 8.5, -10.5 ],
			"to": [ 8, 9, 4.5 ],
			"faces": {
				"up": { "uv": [ 5.5, 8.5, 5.75, 1 ], "texture": "#voxels_atlas", "cullface": "north" },
				"west": { "uv": [ 12.125, 13.5, 15.875, 13.75 ], "texture": "#voxels_atlas", "cullface": "north" },
				"east": { "uv": [ 15.875, 13.25, 12.125, 13.5 ], "texture": "#voxels_atlas", "cullface": "north" }
			}
		},
		{
			"__comment": "Voxels",
			"from": [ 7, 8.5, 16.5 ],
			"to": [ 8, 9, 17 ],
			"faces": {
				"up": { "uv": [ 15.5, 6, 15.75, 5.75 ], "texture": "#voxels_atlas", "cullface": "south" },
				"south": { "uv": [ 14.5, 5.75, 14.75, 6 ], "texture": "#voxels_atlas", "cullface": "south" },
				"west": { "uv": [ 15.5, 9.5, 15.625, 9.75 ], "texture": "#voxels_atlas", "cullface": "south" },
				"east": { "uv": [ 16, 10, 15.875, 10.25 ], "texture": "#voxels_atlas", "cullface": "south" }
			}
		},
		{
			"__comment": "Voxels",
			"from": [ 7, 9, -13 ],
			"to": [ 8, 9.5, -10.5 ],
			"faces": {
				"up": { "uv": [ 10.75, 2.75, 11, 1.5 ], "texture": "#voxels_atlas", "cullface": "north" },
				"north": { "uv": [ 13, 0, 12.75, 0.25 ], "texture": "#voxels_atlas", "cullface": "north" },
				"south": { "uv": [ 12.75, 0.25, 13, 0.5 ], "texture": "#voxels_atlas", "cullface": "north" },
				"west": { "uv": [ 12.125, 7.5, 12.75, 7.75 ], "texture": "#voxels_atlas", "cullface": "north" },
				"east": { "uv": [ 14, 7.5, 13.375, 7.75 ], "texture": "#voxels_atlas", "cullface": "north" }
			}
		},
		{
			"__comment": "Voxels",
			"from": [ 7, 9, 5.5 ],
			"to": [ 8, 9.5, 10 ],
			"faces": {
				"up": { "uv": [ 8, 11.25, 8.25, 9 ], "texture": "#voxels_atlas" },
				"north": { "uv": [ 13, 2.5, 12.75, 2.75 ], "texture": "#voxels_atlas" },
				"west": { "uv": [ 14.5, 9.75, 15.625, 10 ], "texture": "#voxels_atlas" },
				"east": { "uv": [ 13.375, 9.5, 12.25, 9.75 ], "texture": "#voxels_atlas" }
			}
		},
		{
			"__comment": "Voxels",
			"from": [ 7, 9.5, 9 ],
			"to": [ 8, 10, 16 ],
			"faces": {
				"down": { "uv": [ 6.75, 6.25, 7, 9.75 ], "texture": "#voxels_atlas" },
				"up": { "uv": [ 6.5, 9.75, 6.75, 6.25 ], "texture": "#voxels_atlas" },
				"north": { "uv": [ 15.5, 6.25, 15.25, 6.5 ], "texture": "#voxels_atlas" },
				"south": { "uv": [ 15, 6.25, 15.25, 6.5 ], "texture": "#voxels_atlas", "cullface": "south" },
				"west": { "uv": [ 10.625, 12.25, 12.375, 12.5 ], "texture": "#voxels_atlas" },
				"east": { "uv": [ 15.5, 13, 13.75, 13.25 ], "texture": "#voxels_atlas" }
			}
		},
		{
			"__comment": "Voxels",
			"from": [ 7, 10, 10 ],
			"to": [ 8, 10.5, 16 ],
			"faces": {
				"up": { "uv": [ 5.75, 6.25, 6, 3.25 ], "texture": "#voxels_atlas" },
				"north": { "uv": [ 14.25, 6.5, 14, 6.75 ], "texture": "#voxels_atlas" },
				"south": { "uv": [ 13.75, 6.5, 14, 6.75 ], "texture": "#voxels_atlas", "cullface": "south" },
				"west": { "uv": [ 13.75, 10.75, 15.25, 11 ], "texture": "#voxels_atlas" },
				"east": { "uv": [ 13.875, 12, 12.375, 12.25 ], "texture": "#voxels_atlas" }
			}
		},
		{
			"__comment": "Voxels",
			"from": [ 7, 10.5, 10.5 ],
			"to": [ 8, 11.5, 16 ],
			"faces": {
				"up": { "uv": [ 6.25, 6.25, 6.5, 3.5 ], "texture": "#voxels_atlas" },
				"north": { "uv": [ 12.625, 5.5, 12.375, 6 ], "texture": "#voxels_atlas" },
				"south": { "uv": [ 12.375, 5, 12.625, 5.5 ], "texture": "#voxels_atlas", "cullface": "south" },
				"west": { "uv": [ 6.25, 10.5, 7.625, 11 ], "texture": "#voxels_atlas" },
				"east": { "uv": [ 7.625, 12, 6.25, 12.5 ], "texture": "#voxels_atlas" }
			}
		},
		{
			"__comment": "Voxels",
			"from": [ 7, 11.5, 11 ],
			"to": [ 8, 12.5, 16 ],
			"faces": {
				"up": { "uv": [ 6.5, 3, 6.75, 0.5 ], "texture": "#voxels_atlas" },
				"north": { "uv": [ 12.625, 4.5, 12.375, 5 ], "texture": "#voxels_atlas" },
				"south": { "uv": [ 12.375, 4, 12.625, 4.5 ], "texture": "#voxels_atlas", "cullface": "south" },
				"west": { "uv": [ 8, 12.25, 9.25, 12.75 ], "texture": "#voxels_atlas" },
				"east": { "uv": [ 7.75, 3, 6.5, 3.5 ], "texture": "#voxels_atlas" }
			}
		},
		{
			"__comment": "Voxels",
			"from": [ 7, 12.5, 11.5 ],
			"to": [ 8, 19.5, 12 ],
			"faces": {
				"up": { "uv": [ 14.25, 5.75, 14.5, 5.5 ], "texture": "#voxels_atlas", "cullface": "up" },
				"north": { "uv": [ 6, 6.25, 5.75, 9.75 ], "texture": "#voxels_atlas", "cullface": "up" },
				"south": { "uv": [ 6, 6.25, 6.25, 9.75 ], "texture": "#voxels_atlas", "cullface": "up" },
				"west": { "uv": [ 9.25, 6, 9.375, 9.5 ], "texture": "#voxels_atlas", "cullface": "up" },
				"east": { "uv": [ 9.375, 9.5, 9.25, 13 ], "texture": "#voxels_atlas", "cullface": "up" }
			}
		},
		{
			"__comment": "Voxels",
			"from": [ 7, 12.5, 12 ],
			"to": [ 8, 19, 12.5 ],
			"faces": {
				"up": { "uv": [ 14.5, 6.25, 14.75, 6 ], "texture": "#voxels_atlas", "cullface": "up" },
				"south": { "uv": [ 7.5, 6.5, 7.75, 9.75 ], "texture": "#voxels_atlas", "cullface": "up" },
				"west": { "uv": [ 9.375, 5.75, 9.5, 9 ], "texture": "#voxels_atlas", "cullface": "up" },
				"east": { "uv": [ 9.5, 2.5, 9.375, 5.75 ], "texture": "#voxels_atlas", "cullface": "up" }
			}
		},
		{
			"__comment": "Voxels",
			"from": [ 7, 12.5, 12.5 ],
			"to": [ 8, 18.5, 13 ],
			"faces": {
				"up": { "uv": [ 14, 6.5, 14.25, 6.25 ], "texture": "#voxels_atlas", "cullface": "up" },
				"south": { "uv": [ 5, 12, 5.25, 15 ], "texture": "#voxels_atlas", "cullface": "up" },
				"west": { "uv": [ 10, 3.25, 10.125, 6.25 ], "texture": "#voxels_atlas", "cullface": "up" },
				"east": { "uv": [ 10.25, 3.25, 10.125, 6.25 ], "texture": "#voxels_atlas", "cullface": "up" }
			}
		},
		{
			"__comment": "Voxels",
			"from": [ 7, 12.5, 13 ],
			"to": [ 8, 18, 13.5 ],
			"faces": {
				"up": { "uv": [ 13.5, 6.5, 13.75, 6.25 ], "texture": "#voxels_atlas", "cullface": "up" },
				"south": { "uv": [ 7, 3.5, 7.25, 6.25 ], "texture": "#voxels_atlas", "cullface": "up" },
				"west": { "uv": [ 10.5, 0, 10.625, 2.75 ], "texture": "#voxels_atlas", "cullface": "up" },
				"east": { "uv": [ 10.625, 2.75, 10.5, 5.5 ], "texture": "#voxels_atlas", "cullface": "up" }
			}
		},
		{
			"__comment": "Voxels",
			"from": [ 7, 12.5, 13.5 ],
			"to": [ 8, 17.5, 14 ],
			"faces": {
				"up": { "uv": [ 14.25, 6.25, 14.5, 6 ], "texture": "#voxels_atlas", "cullface": "up" },
				"south": { "uv": [ 7.75, 3.75, 8, 6.25 ], "texture": "#voxels_atlas", "cullface": "up" },
				"west": { "uv": [ 9.375, 0, 9.5, 2.5 ], "texture": "#voxels_atlas", "cullface": "up" },
				"east": { "uv": [ 9.375, 0, 9.25, 2.5 ], "texture": "#voxels_atlas", "cullface": "up" }
			}
		},
		{
			"__comment": "Voxels",
			"from": [ 7, 12.5, 14 ],
			"to": [ 8, 16.5, 14.5 ],
			"faces": {
				"up": { "uv": [ 15.25, 6.75, 15.5, 6.5 ], "texture": "#voxels_atlas", "cullface": "up" },
				"south": { "uv": [ 8.5, 9.25, 8.75, 11.25 ], "texture": "#voxels_atlas", "cullface": "up" },
				"west": { "uv": [ 11.25, 3.5, 11.375, 5.5 ], "texture": "#voxels_atlas", "cullface": "up" },
				"east": { "uv": [ 11.375, 1.5, 11.25, 3.5 ], "texture": "#voxels_atlas", "cullface": "up" }
			}
		},
		{
			"__comment": "Voxels",
			"from": [ 7, 12.5, 14.5 ],
			"to": [ 8, 15.5, 15 ],
			"faces": {
				"up": { "uv": [ 13.75, 6.25, 14, 6 ], "texture": "#voxels_atlas" },
				"south": { "uv": [ 10.5, 10, 10.75, 11.5 ], "texture": "#voxels_atlas" },
				"west": { "uv": [ 11.875, 4.75, 12, 6.25 ], "texture": "#voxels_atlas" },
				"east": { "uv": [ 12, 6.25, 11.875, 7.75 ], "texture": "#voxels_atlas" }
			}
		},
		{
			"__comment": "Voxels",
			"from": [ 7, 12.5, 15 ],
			"to": [ 8, 14, 15.5 ],
			"faces": {
				"up": { "uv": [ 15.25, 6.25, 15.5, 6 ], "texture": "#voxels_atlas" },
				"south": { "uv": [ 11, 0, 11.25, 0.75 ], "texture": "#voxels_atlas" },
				"west": { "uv": [ 12.375, 3.25, 12.5, 4 ], "texture": "#voxels_atlas" },
				"east": { "uv": [ 12.125, 0, 12, 0.75 ], "texture": "#voxels_atlas" }
			}
		},
		{
			"__comment": "Voxels",
			"from": [ 7, 14.5, 11 ],
			"to": [ 8, 20, 11.5 ],
			"faces": {
				"down": { "uv": [ 13, 5.75, 13.25, 6 ], "texture": "#voxels_atlas", "cullface": "up" },
				"up": { "uv": [ 13.5, 6, 13.75, 5.75 ], "texture": "#voxels_atlas", "cullface": "up" },
				"north": { "uv": [ 7.5, 3.5, 7.25, 6.25 ], "texture": "#voxels_atlas", "cullface": "up" },
				"south": { "uv": [ 7.5, 3.5, 7.75, 6.25 ], "texture": "#voxels_atlas", "cullface": "up" },
				"west": { "uv": [ 10.625, 0, 10.75, 2.75 ], "texture": "#voxels_atlas", "cullface": "up" },
				"east": { "uv": [ 10.75, 2.75, 10.625, 5.5 ], "texture": "#voxels_atlas", "cullface": "up" }
			}
		},
		{
			"__comment": "Voxels",
			"from": [ 7, 16, 10.5 ],
			"to": [ 8, 20.5, 11 ],
			"faces": {
				"down": { "uv": [ 15, 5.75, 15.25, 6 ], "texture": "#voxels_atlas", "cullface": "up" },
				"up": { "uv": [ 15.25, 6, 15.5, 5.75 ], "texture": "#voxels_atlas", "cullface": "up" },
				"north": { "uv": [ 7.75, 0.75, 7.5, 3 ], "texture": "#voxels_atlas", "cullface": "up" },
				"south": { "uv": [ 4.75, 1.75, 5, 4 ], "texture": "#voxels_atlas", "cullface": "up" },
				"west": { "uv": [ 11, 3.75, 11.125, 6 ], "texture": "#voxels_atlas", "cullface": "up" },
				"east": { "uv": [ 11.125, 6, 11, 8.25 ], "texture": "#voxels_atlas", "cullface": "up" }
			}
		},
		{
			"__comment": "Voxels",
			"from": [ 7, 17, 10 ],
			"to": [ 8, 20.5, 10.5 ],
			"faces": {
				"down": { "uv": [ 13.75, 5.5, 14, 5.75 ], "texture": "#voxels_atlas", "cullface": "up" },
				"up": { "uv": [ 14, 5.75, 14.25, 5.5 ], "texture": "#voxels_atlas", "cullface": "up" },
				"north": { "uv": [ 9.75, 5.5, 9.5, 7.25 ], "texture": "#voxels_atlas", "cullface": "up" },
				"west": { "uv": [ 11.625, 7.5, 11.75, 9.25 ], "texture": "#voxels_atlas", "cullface": "up" },
				"east": { "uv": [ 11.625, 0, 11.5, 1.75 ], "texture": "#voxels_atlas", "cullface": "up" }
			}
		},
		{
			"__comment": "Voxels",
			"from": [ 7, 18, 9.5 ],
			"to": [ 8, 21, 10 ],
			"faces": {
				"down": { "uv": [ 15.375, 6.75, 15.625, 7 ], "texture": "#voxels_atlas", "cullface": "up" },
				"up": { "uv": [ 15.625, 7, 15.875, 6.75 ], "texture": "#voxels_atlas", "cullface": "up" },
				"north": { "uv": [ 10.5, 4, 10.25, 5.5 ], "texture": "#voxels_atlas", "cullface": "up" },
				"south": { "uv": [ 10.25, 2.5, 10.5, 4 ], "texture": "#voxels_atlas", "cullface": "up" },
				"west": { "uv": [ 11.75, 1, 11.875, 2.5 ], "texture": "#voxels_atlas", "cullface": "up" },
				"east": { "uv": [ 11.875, 2.5, 11.75, 4 ], "texture": "#voxels_atlas", "cullface": "up" }
			}
		},
		{
			"__comment": "Voxels",
			"from": [ 7, 18.5, 9 ],
			"to": [ 8, 21, 9.5 ],
			"faces": {
				"down": { "uv": [ 13.25, 6.5, 13.5, 6.75 ], "texture": "#voxels_atlas", "cullface": "up" },
				"up": { "uv": [ 13.5, 6.75, 13.75, 6.5 ], "texture": "#voxels_atlas", "cullface": "up" },
				"north": { "uv": [ 11, 4, 10.75, 5.25 ], "texture": "#voxels_atlas", "cullface": "up" },
				"west": { "uv": [ 11.875, 1, 12, 2.25 ], "texture": "#voxels_atlas", "cullface": "up" },
				"east": { "uv": [ 12, 2.25, 11.875, 3.5 ], "texture": "#voxels_atlas", "cullface": "up" }
			}
		},
		{
			"__comment": "Voxels",
			"from": [ 7, 19, 8.5 ],
			"to": [ 8, 21, 9 ],
			"faces": {
				"down": { "uv": [ 14.25, 6.5, 14.5, 6.75 ], "texture": "#voxels_atlas", "cullface": "up" },
				"up": { "uv": [ 14.5, 6.75, 14.75, 6.5 ], "texture": "#voxels_atlas", "cullface": "up" },
				"north": { "uv": [ 11.625, 8.25, 11.375, 9.25 ], "texture": "#voxels_atlas", "cullface": "up" },
				"west": { "uv": [ 11.875, 0, 12, 1 ], "texture": "#voxels_atlas", "cullface": "up" },
				"east": { "uv": [ 12.125, 5.5, 12, 6.5 ], "texture": "#voxels_atlas", "cullface": "up" }
			}
		},
		{
			"__comment": "Voxels",
			"from": [ 7, 19.5, 8 ],
			"to": [ 8, 21.5, 8.5 ],
			"faces": {
				"down": { "uv": [ 15.75, 6.5, 16, 6.75 ], "texture": "#voxels_atlas", "cullface": "up" },
				"up": { "uv": [ 12.75, 6.5, 13, 6.25 ], "texture": "#voxels_atlas", "cullface": "up" },
				"north": { "uv": [ 11.625, 6.25, 11.375, 7.25 ], "texture": "#voxels_atlas", "cullface": "up" },
				"south": { "uv": [ 11.375, 5.25, 11.625, 6.25 ], "texture": "#voxels_atlas", "cullface": "up" },
				"west": { "uv": [ 12, 4.5, 12.125, 5.5 ], "texture": "#voxels_atlas", "cullface": "up" },
				"east": { "uv": [ 12.125, 3.5, 12, 4.5 ], "texture": "#voxels_atlas", "cullface": "up" }
			}
		},
		{
			"__comment": "Voxels",
			"from": [ 7, 20, 7 ],
			"to": [ 8, 21.5, 8 ],
			"faces": {
				"down": { "uv": [ 7, 0, 7.25, 0.5 ], "texture": "#voxels_atlas", "cullface": "up" },
				"up": { "uv": [ 7.25, 0.5, 7.5, 0 ], "texture": "#voxels_atlas", "cullface": "up" },
				"north": { "uv": [ 13.625, 7.75, 13.375, 8.5 ], "texture": "#voxels_atlas", "cullface": "up" },
				"west": { "uv": [ 12.875, 7.75, 13.125, 8.5 ], "texture": "#voxels_atlas", "cullface": "up" },
				"east": { "uv": [ 12.875, 7.75, 12.625, 8.5 ], "texture": "#voxels_atlas", "cullface": "up" }
			}
		},
		{
			"__comment": "Voxels",
			"from": [ 7, 20.5, 6 ],
			"to": [ 8, 22, 6.5 ],
			"faces": {
				"down": { "uv": [ 15.5, 6.25, 15.75, 6.5 ], "texture": "#voxels_atlas", "cullface": "up" },
				"up": { "uv": [ 15.75, 6.5, 16, 6.25 ], "texture": "#voxels_atlas", "cullface": "up" },
				"north": { "uv": [ 12.625, 7.75, 12.375, 8.5 ], "texture": "#voxels_atlas", "cullface": "up" },
				"south": { "uv": [ 12.125, 7.75, 12.375, 8.5 ], "texture": "#voxels_atlas", "cullface": "up" },
				"west": { "uv": [ 8.5, 3, 8.625, 3.75 ], "texture": "#voxels_atlas", "cullface": "up" },
				"east": { "uv": [ 12.125, 0.75, 12, 1.5 ], "texture": "#voxels_atlas", "cullface": "up" }
			}
		},
		{
			"__comment": "Voxels",
			"from": [ 7, 20.5, 6.5 ],
			"to": [ 8, 21.5, 7 ],
			"faces": {
				"down": { "uv": [ 13.25, 6, 13.5, 6.25 ], "texture": "#voxels_atlas", "cullface": "up" },
				"up": { "uv": [ 13.5, 6.25, 13.75, 6 ], "texture": "#voxels_atlas", "cullface": "up" },
				"west": { "uv": [ 12.625, 3.25, 12.75, 3.75 ], "texture": "#voxels_atlas", "cullface": "up" },
				"east": { "uv": [ 12.75, 2.75, 12.625, 3.25 ], "texture": "#voxels_atlas", "cullface": "up" }
			}
		},
		{
			"__comment": "Voxels",
			"from": [ 7, 21, 5 ],
			"to": [ 8, 22, 6 ],
			"faces": {
				"down": { "uv": [ 8.875, 1, 9.125, 1.5 ], "texture": "#voxels_atlas", "cullface": "up" },
				"up": { "uv": [ 12.125, 7.5, 12.375, 7 ], "texture": "#voxels_atlas", "cullface": "up" },
				"north": { "uv": [ 12.375, 6.5, 12.125, 7 ], "texture": "#voxels_atlas", "cullface": "up" },
				"west": { "uv": [ 12.125, 2.5, 12.375, 3 ], "texture": "#voxels_atlas", "cullface": "up" },
				"east": { "uv": [ 12.375, 2, 12.125, 2.5 ], "texture": "#voxels_atlas", "cullface": "up" }
			}
		},
		{
			"__comment": "Voxels",
			"from": [ 7, 21.5, 4 ],
			"to": [ 8, 22, 5 ],
			"faces": {
				"down": { "uv": [ 12.125, 1.5, 12.375, 2 ], "texture": "#voxels_atlas", "cullface": "up" },
				"up": { "uv": [ 12.125, 1.5, 12.375, 1 ], "texture": "#voxels_atlas", "cullface": "up" },
				"north": { "uv": [ 15.75, 6, 15.5, 6.25 ], "texture": "#voxels_atlas", "cullface": "up" },
				"west": { "uv": [ 12.75, 5.75, 13, 6 ], "texture": "#voxels_atlas", "cullface": "up" },
				"east": { "uv": [ 13, 5.5, 12.75, 5.75 ], "texture": "#voxels_atlas", "cullface": "up" }
			}
		},
		{
			"__comment": "Voxels",
			"from": [ 14, 7.5, 11 ],
			"to": [ 19.5, 8.5, 11.5 ],
			"faces": {
				"down": { "uv": [ 14.625, 14.75, 16, 15 ], "texture": "#voxels_atlas", "cullface": "east" },
				"up": { "uv": [ 14.625, 15.25, 16, 15 ], "texture": "#voxels_atlas", "cullface": "east" },
				"north": { "uv": [ 7.625, 11, 6.25, 11.5 ], "texture": "#voxels_atlas", "cullface": "east" },
				"south": { "uv": [ 6.25, 11.5, 7.625, 12 ], "texture": "#voxels_atlas", "cullface": "east" },
				"west": { "uv": [ 12.875, 5, 13, 5.5 ], "texture": "#voxels_atlas", "cullface": "east" },
				"east": { "uv": [ 12.875, 4.5, 12.75, 5 ], "texture": "#voxels_atlas", "cullface": "east" }
			}
		},
		{
			"__comment": "Voxels",
			"from": [ 15.5, 7.5, 10.5 ],
			"to": [ 20, 8.5, 11 ],
			"faces": {
				"down": { "uv": [ 12.25, 9.75, 13.375, 10 ], "texture": "#voxels_atlas", "cullface": "east" },
				"up": { "uv": [ 14.5, 10.25, 15.625, 10 ], "texture": "#voxels_atlas", "cullface": "east" },
				"north": { "uv": [ 9.125, 11.75, 8, 12.25 ], "texture": "#voxels_atlas", "cullface": "east" },
				"south": { "uv": [ 8, 11.25, 9.125, 11.75 ], "texture": "#voxels_atlas", "cullface": "east" },
				"west": { "uv": [ 12.75, 3.25, 12.875, 3.75 ], "texture": "#voxels_atlas", "cullface": "east" },
				"east": { "uv": [ 13, 3.25, 12.875, 3.75 ], "texture": "#voxels_atlas", "cullface": "east" }
			}
		},
		{
			"__comment": "Voxels",
			"from": [ 16.5, 7.5, 10 ],
			"to": [ 20, 8.5, 10.5 ],
			"faces": {
				"down": { "uv": [ 13.5, 9, 14.375, 9.25 ], "texture": "#voxels_atlas", "cullface": "east" },
				"up": { "uv": [ 12.625, 9.25, 13.5, 9 ], "texture": "#voxels_atlas", "cullface": "east" },
				"north": { "uv": [ 10.625, 12, 9.75, 12.5 ], "texture": "#voxels_atlas", "cullface": "east" },
				"west": { "uv": [ 12.875, 2, 13, 2.5 ], "texture": "#voxels_atlas", "cullface": "east" },
				"east": { "uv": [ 12.875, 1.5, 12.75, 2 ], "texture": "#voxels_atlas", "cullface": "east" }
			}
		},
		{
			"__comment": "Voxels",
			"from": [ 17.5, 7.5, 9.5 ],
			"to": [ 20.5, 8.5, 10 ],
			"faces": {
				"down": { "uv": [ 15.25, 11.25, 16, 11.5 ], "texture": "#voxels_atlas", "cullface": "east" },
				"up": { "uv": [ 15.25, 16, 16, 15.75 ], "texture": "#voxels_atlas", "cullface": "east" },
				"north": { "uv": [ 11.5, 10.25, 10.75, 10.75 ], "texture": "#voxels_atlas", "cullface": "east" },
				"south": { "uv": [ 10.75, 10.75, 11.5, 11.25 ], "texture": "#voxels_atlas", "cullface": "east" },
				"west": { "uv": [ 12.75, 0.5, 12.875, 1 ], "texture": "#voxels_atlas", "cullface": "east" },
				"east": { "uv": [ 13, 0.5, 12.875, 1 ], "texture": "#voxels_atlas", "cullface": "east" }
			}
		},
		{
			"__comment": "Voxels",
			"from": [ 18, 7.5, 9 ],
			"to": [ 20.5, 8.5, 9.5 ],
			"faces": {
				"down": { "uv": [ 15.125, 7.75, 15.75, 8 ], "texture": "#voxels_atlas", "cullface": "east" },
				"up": { "uv": [ 15.125, 8.25, 15.75, 8 ], "texture": "#voxels_atlas", "cullface": "east" },
				"north": { "uv": [ 14.875, 10.25, 14.25, 10.75 ], "texture": "#voxels_atlas", "cullface": "east" },
				"west": { "uv": [ 13, 4.75, 13.125, 5.25 ], "texture": "#voxels_atlas", "cullface": "east" },
				"east": { "uv": [ 13.125, 4.25, 13, 4.75 ], "texture": "#voxels_atlas", "cullface": "east" }
			}
		},
		{
			"__comment": "Voxels",
			"from": [ 18.5, 7.5, 8.5 ],
			"to": [ 20.5, 8.5, 9 ],
			"faces": {
				"down": { "uv": [ 15.5, 10.5, 16, 10.75 ], "texture": "#voxels_atlas", "cullface": "east" },
				"up": { "uv": [ 15.5, 10.5, 16, 10.25 ], "texture": "#voxels_atlas", "cullface": "east" },
				"north": { "uv": [ 5.25, 9.5, 4.75, 10 ], "texture": "#voxels_atlas", "cullface": "east" },
				"west": { "uv": [ 13, 3.25, 13.125, 3.75 ], "texture": "#voxels_atlas", "cullface": "east" },
				"east": { "uv": [ 13.125, 2.75, 13, 3.25 ], "texture": "#voxels_atlas", "cullface": "east" }
			}
		},
		{
			"__comment": "Voxels",
			"from": [ 19, 7.5, 8 ],
			"to": [ 21, 8.5, 8.5 ],
			"faces": {
				"down": { "uv": [ 14, 7.5, 14.5, 7.75 ], "texture": "#voxels_atlas", "cullface": "east" },
				"up": { "uv": [ 14.5, 7.75, 15, 7.5 ], "texture": "#voxels_atlas", "cullface": "east" },
				"north": { "uv": [ 5.25, 8.5, 4.75, 9 ], "texture": "#voxels_atlas", "cullface": "east" },
				"south": { "uv": [ 4.75, 8, 5.25, 8.5 ], "texture": "#voxels_atlas", "cullface": "east" },
				"west": { "uv": [ 13, 1.25, 13.125, 1.75 ], "texture": "#voxels_atlas", "cullface": "east" },
				"east": { "uv": [ 13.125, 0.75, 13, 1.25 ], "texture": "#voxels_atlas", "cullface": "east" }
			}
		},
		{
			"__comment": "Voxels",
			"from": [ 19.5, 7.5, 7 ],
			"to": [ 21, 8.5, 8 ],
			"faces": {
				"down": { "uv": [ 7.625, 11, 8, 11.5 ], "texture": "#voxels_atlas", "cullface": "east" },
				"up": { "uv": [ 7.625, 12.5, 8, 12 ], "texture": "#voxels_atlas", "cullface": "east" },
				"north": { "uv": [ 5.25, 10, 4.875, 10.5 ], "texture": "#voxels_atlas", "cullface": "east" },
				"west": { "uv": [ 12.875, 7, 13.125, 7.5 ], "texture": "#voxels_atlas", "cullface": "east" },
				"east": { "uv": [ 13.375, 7, 13.125, 7.5 ], "texture": "#voxels_atlas", "cullface": "east" }
			}
		},
		{
			"__comment": "Voxels",
			"from": [ 20, 7.5, 6 ],
			"to": [ 21.5, 8.5, 6.5 ],
			"faces": {
				"down": { "uv": [ 8.875, 3, 9.25, 3.25 ], "texture": "#voxels_atlas", "cullface": "east" },
				"up": { "uv": [ 8.25, 5.25, 8.625, 5 ], "texture": "#voxels_atlas", "cullface": "east" },
				"north": { "uv": [ 9.25, 2.5, 8.875, 3 ], "texture": "#voxels_atlas", "cullface": "east" },
				"south": { "uv": [ 7.625, 11.5, 8, 12 ], "texture": "#voxels_atlas", "cullface": "east" },
				"west": { "uv": [ 13.125, 4.75, 13.25, 5.25 ], "texture": "#voxels_atlas", "cullface": "east" },
				"east": { "uv": [ 13.25, 4.25, 13.125, 4.75 ], "texture": "#voxels_atlas", "cullface": "east" }
			}
		},
		{
			"__comment": "Voxels",
			"from": [ 20, 7.5, 6.5 ],
			"to": [ 21, 8.5, 7 ],
			"faces": {
				"down": { "uv": [ 13.25, 5.5, 13.5, 5.75 ], "texture": "#voxels_atlas", "cullface": "east" },
				"up": { "uv": [ 13.5, 5.75, 13.75, 5.5 ], "texture": "#voxels_atlas", "cullface": "east" },
				"west": { "uv": [ 13.125, 2.75, 13.25, 3.25 ], "texture": "#voxels_atlas", "cullface": "east" },
				"east": { "uv": [ 13.25, 2.25, 13.125, 2.75 ], "texture": "#voxels_atlas", "cullface": "east" }
			}
		},
		{
			"__comment": "Voxels",
			"from": [ 20.5, 7.5, 5 ],
			"to": [ 21.5, 8.5, 6 ],
			"faces": {
				"down": { "uv": [ 13.875, 7, 14.125, 7.5 ], "texture": "#voxels_atlas", "cullface": "east" },
				"up": { "uv": [ 14.125, 7.5, 14.375, 7 ], "texture": "#voxels_atlas", "cullface": "east" },
				"north": { "uv": [ 15.125, 7, 14.875, 7.5 ], "texture": "#voxels_atlas", "cullface": "east" },
				"west": { "uv": [ 15.375, 7, 15.625, 7.5 ], "texture": "#voxels_atlas", "cullface": "east" },
				"east": { "uv": [ 15.875, 7, 15.625, 7.5 ], "texture": "#voxels_atlas", "cullface": "east" }
			}
		},
		{
			"__comment": "Voxels",
			"from": [ 21, 7.5, 4 ],
			"to": [ 21.5, 8.5, 5 ],
			"faces": {
				"down": { "uv": [ 13.25, 5, 13.375, 5.5 ], "texture": "#voxels_atlas", "cullface": "east" },
				"up": { "uv": [ 13.25, 5, 13.375, 4.5 ], "texture": "#voxels_atlas", "cullface": "east" },
				"north": { "uv": [ 13.375, 4, 13.25, 4.5 ], "texture": "#voxels_atlas", "cullface": "east" },
				"west": { "uv": [ 12.375, 6.5, 12.625, 7 ], "texture": "#voxels_atlas", "cullface": "east" },
				"east": { "uv": [ 12.625, 6, 12.375, 6.5 ], "texture": "#voxels_atlas", "cullface": "east" }
			}
		}
	],
	"display": {
		"thirdperson_righthand": {
			"rotation":  [ -88, 0, 0 ],
			"translation":  [ 0, 6.2608, 1.3912 ],
			"scale":  [ 0.6, 0.6, 0.6 ]
		},
		"thirdperson_lefthand": {
			"rotation":  [ -88, 0, 0 ],
			"translation":  [ 0, 6.2608, 1.3912 ],
			"scale":  [ 0.6, 0.6, 0.6 ]
		},
		"firstperson_righthand": {
			"rotation":  [ 75, 160, 0 ],
			"translation":  [ 4, 9, 0 ],
			"scale":  [ 0.6, 0.6, 0.6 ]
		},
		"firstperson_lefthand": {
			"rotation":  [ 75, 160, 0 ],
			"translation":  [ 4, 9, 0 ],
			"scale":  [ 0.6, 0.6, 0.6 ]
		},
		"gui": {
			"rotation":  [ 90, 135, 40 ],
			"translation":  [ 2, 2, 0 ],
			"scale":  [ 0.6, 0.6, 0.6 ]
		},
		"ground": {
			"rotation":  [ 45, 0, 0 ],
			"translation":  [ 0, 2, 0 ],
			"scale":  [ 0.4, 0.4, 0.4 ]
		},
		"fixed": {
			"rotation":  [ 90, 135, 40 ],
			"translation":  [ 2, 2, 0 ],
			"scale":  [ 0.6, 0.6, 0.6 ]
		}
	}
}