{
	"credit": "Made with Blockbench",
	"texture_size": [64, 64],
	"textures": {
		"1": "block/chair2",
		"2": "block/oak_planks",
		"particle": "block/oak_planks"
	},
	"elements": [
		{
			"name": "leg",
			"from": [14, 0, 0],
			"to": [16, 8, 2],
			"faces": {
				"north": {"uv": [0, 0, 0.5, 2], "texture": "#2"},
				"east": {"uv": [0, 0, 0.5, 2], "texture": "#2"},
				"south": {"uv": [0, 0, 0.5, 2], "texture": "#2"},
				"west": {"uv": [0, 0, 0.5, 2], "texture": "#2"},
				"up": {"uv": [0, 0, 0.5, 0.5], "texture": "#2"},
				"down": {"uv": [0, 0, 0.5, 0.5], "texture": "#2"}
			}
		},
		{
			"name": "leg",
			"from": [0, 0, 0],
			"to": [2, 8, 2],
			"faces": {
				"north": {"uv": [0, 0, 0.5, 2], "texture": "#2"},
				"east": {"uv": [0, 0, 0.5, 2], "texture": "#2"},
				"south": {"uv": [14, 11, 14.5, 13], "texture": "#2"},
				"west": {"uv": [0, 0, 0.5, 2], "texture": "#2"},
				"up": {"uv": [0, 0, 0.5, 0.5], "texture": "#2"},
				"down": {"uv": [0, 0, 0.5, 0.5], "texture": "#2"}
			}
		},
		{
			"name": "leg",
			"from": [14, 0, 14],
			"to": [16, 8, 16],
			"faces": {
				"north": {"uv": [0, 0, 2, 8], "texture": "#2"},
				"east": {"uv": [0, 0, 2, 8], "texture": "#2"},
				"south": {"uv": [0, 0, 2, 8], "texture": "#2"},
				"west": {"uv": [0, 0, 2, 8], "texture": "#2"},
				"up": {"uv": [0, 0, 2, 2], "texture": "#2"},
				"down": {"uv": [0, 0, 2, 2], "texture": "#2"}
			}
		},
		{
			"name": "leg",
			"from": [0, 0, 14],
			"to": [2, 8, 16],
			"faces": {
				"north": {"uv": [0, 0, 2, 8], "texture": "#2"},
				"east": {"uv": [0, 0, 2, 8], "texture": "#2"},
				"south": {"uv": [0, 0, 2, 8], "texture": "#2"},
				"west": {"uv": [0, 0, 2, 8], "texture": "#2"},
				"up": {"uv": [0, 0, 2, 2], "texture": "#2"},
				"down": {"uv": [0, 0, 2, 2], "texture": "#2"}
			}
		},
		{
			"from": [0, 8, 0],
			"to": [16, 9, 15],
			"faces": {
				"north": {"uv": [0, 0, 16, 1], "texture": "#2"},
				"east": {"uv": [0, 0, 15, 1], "texture": "#2"},
				"south": {"uv": [0, 0, 16, 1], "texture": "#2"},
				"west": {"uv": [0, 0, 15, 1], "texture": "#2"},
				"up": {"uv": [0, 0, 16, 15], "texture": "#2"},
				"down": {"uv": [0, 0, 16, 15], "texture": "#2"}
			}
		},
		{
			"from": [0, 8, 15],
			"to": [16, 27, 16],
			"faces": {
				"north": {"uv": [0, 0, 16, 16], "texture": "#2"},
				"east": {"uv": [0, 0, 1, 16], "texture": "#2"},
				"south": {"uv": [0, 0, 16, 16], "texture": "#2"},
				"west": {"uv": [0, 0, 1, 16], "texture": "#2"},
				"up": {"uv": [0, 0, 16, 1], "texture": "#2"},
				"down": {"uv": [0, 0, 16, 1], "texture": "#2"}
			}
		},
		{
			"from": [1, 10, 14],
			"to": [15, 26, 15],
			"faces": {
				"north": {"uv": [0, 0, 3.5, 4], "texture": "#1", "tintindex": 0},
				"east": {"uv": [7, 1.75, 7.25, 8], "texture": "#1", "tintindex": 0},
				"south": {"uv": [3.5, 0, 7, 4], "texture": "#1", "tintindex": 0},
				"west": {"uv": [7, 4, 7.25, 8], "texture": "#1", "tintindex": 0},
				"up": {"uv": [10.75, 1.25, 7.25, 1], "texture": "#1", "tintindex": 0},
				"down": {"uv": [10.75, 1.25, 7.25, 1.5], "texture": "#1", "tintindex": 0}
			}
		},
		{
			"from": [1, 9, 1],
			"to": [15, 10, 15],
			"faces": {
				"north": {"uv": [7.25, 0, 10.75, 0.25], "texture": "#1", "tintindex": 0},
				"east": {"uv": [7.25, 0.25, 10.75, 0.5], "texture": "#1", "tintindex": 0},
				"south": {"uv": [7.25, 0.5, 10.75, 0.75], "texture": "#1", "tintindex": 0},
				"west": {"uv": [7.25, 0.75, 10.75, 1], "texture": "#1", "tintindex": 0},
				"up": {"uv": [3.5, 7.5, 0, 4], "texture": "#1", "tintindex": 0},
				"down": {"uv": [7, 4, 3.5, 7.5], "texture": "#1", "tintindex": 0}
			}
		}
	],
	"display": {
		"thirdperson_righthand": {
			"translation": [0, 1.5, 0],
			"scale": [0.25, 0.25, 0.25]
		},
		"thirdperson_lefthand": {
			"translation": [0, 1.5, 0],
			"scale": [0.25, 0.25, 0.25]
		},
		"firstperson_righthand": {
			"rotation": [25.25, 104.25, 0],
			"translation": [1.5, 0, 0.5],
			"scale": [0.5, 0.5, 0.5]
		},
		"firstperson_lefthand": {
			"rotation": [25.25, 104.25, 0],
			"translation": [1.5, 0, 0.5],
			"scale": [0.5, 0.5, 0.5]
		},
		"ground": {
			"scale": [0.5, 0.5, 0.5]
		},
		"gui": {
			"rotation": [47.5, 137, 0],
			"translation": [0, -1.25, 0],
			"scale": [0.4, 0.4, 0.4]
		},
		"fixed": {
			"rotation": [-90, 0, 0],
			"translation": [0, 0, -13],
			"scale": [1.75, 2, 1.75]
		}
	},
	"groups": [
		{
			"name": "group",
			"origin": [0, 0, 0],
			"children": [0, 1, 2, 3, 4, 5]
		},
		{
			"name": "cusion",
			"origin": [0, 0, 0],
			"children": [6, 7]
		}
	]
}