{
	"credit": "Made with Blockbench",
	"texture_size": [64, 64],
	"textures": {
		"0": "modelengine:entity/farmer"
	},
	"elements": [
		{
			"from": [8.47507, 7.44437, 2.97961],
			"to": [10.47507, 9.44437, 31.97961],
			"rotation": {"angle": 0, "axis": "y", "origin": [9.47507, 8.31257, 3.2233]},
			"faces": {
				"north": {"uv": [12.25, 15.5, 11.75, 16], "rotation": 180, "texture": "#0"},
				"east": {"uv": [14.5, 16, 15, 8.75], "rotation": 270, "texture": "#0"},
				"south": {"uv": [11.75, 15.5, 11.25, 16], "texture": "#0"},
				"west": {"uv": [14, 16, 14.5, 8.75], "rotation": 90, "texture": "#0"},
				"up": {"uv": [15.5, 8.75, 15, 16], "texture": "#0"},
				"down": {"uv": [16, 8.75, 15.5, 16], "rotation": 180, "texture": "#0"}
			}
		},
		{
			"from": [5.47507, 8.72503, -5],
			"to": [13.47507, 8.72503, 4],
			"rotation": {"angle": 0, "axis": "y", "origin": [9.47507, 8.31257, 3.2233]},
			"faces": {
				"north": {"uv": [2, 0, 0, 0], "rotation": 180, "texture": "#0"},
				"east": {"uv": [0, 2.25, 0, 0], "rotation": 270, "texture": "#0"},
				"south": {"uv": [2, 0, 0, 0], "texture": "#0"},
				"west": {"uv": [0, 2.25, 0, 0], "rotation": 90, "texture": "#0"},
				"up": {"uv": [16, 1.25, 14, 3.5], "texture": "#0"},
				"down": {"uv": [16, 1.25, 14, 3.5], "rotation": 180, "texture": "#0"}
			}
		},
		{
			"from": [5.47507, 11.84055, -9.2162],
			"to": [13.47507, 11.84055, -4.2162],
			"rotation": {"angle": -22.5, "axis": "x", "origin": [9.47507, 8.31257, 3.2233]},
			"faces": {
				"north": {"uv": [2, 0, 0, 0], "rotation": 180, "texture": "#0"},
				"east": {"uv": [0, 1.25, 0, 0], "rotation": 270, "texture": "#0"},
				"south": {"uv": [2, 0, 0, 0], "texture": "#0"},
				"west": {"uv": [0, 1.25, 0, 0], "rotation": 90, "texture": "#0"},
				"up": {"uv": [16, 0, 14, 1.25], "texture": "#0"},
				"down": {"uv": [16, 0, 14, 1.25], "rotation": 180, "texture": "#0"}
			}
		}
	],
	"display": {
		"thirdperson_righthand": {
			"rotation": [91, 0, -49],
			"translation": [-1.75, 6.25, 2.5]
		},
		"thirdperson_lefthand": {
			"rotation": [91, 0, -49],
			"translation": [0.25, 6.25, 0.25]
		},
		"firstperson_righthand": {
			"rotation": [88, -12, -18],
			"translation": [-1.75, 2.5, 2.5],
			"scale": [0.75, 0.75, 0.75]
		},
		"firstperson_lefthand": {
			"rotation": [88, -12, -18],
			"translation": [-1.75, 2.5, 2.5],
			"scale": [0.75, 0.75, 0.75]
		},
		"ground": {
			"rotation": [45, 0, 133],
			"translation": [0, 11.5, 0],
			"scale": [0.75, 0.75, 0.75]
		},
		"gui": {
			"rotation": [56, -33, -180],
			"translation": [1, 0.75, 0],
			"scale": [0.5, 0.5, 0.5]
		},
		"head": {
			"translation": [0, 6.25, 0]
		},
		"fixed": {
			"rotation": [91, 0, 0],
			"translation": [-2.25, 0, -1.5],
			"scale": [1.5, 1.5, 1.5]
		}
	}
}