{
	"__comment": "Designed by Elo106 with Cubik Studio - https://cubik.studio",
	"textures": {
		"particle": "items/reaperscythe",
		"texture": "items/reaperscythe",
		"voxels_atlas": "items/reaperscythe"
	},
	"elements": [ 	 
		{
			"__comment": "Voxels",
			"from": [ 6.5, -8, 15.5 ],
			"to": [ 7.5, -7, 16.5 ],
			"faces": {
				"down": { "uv": [ 13, 10.25, 13.25, 10.75 ], "texture": "#voxels_atlas", "cullface": "down" },
				"up": { "uv": [ 9.125, 0.5, 9.375, 0 ], "texture": "#voxels_atlas", "cullface": "down" },
				"north": { "uv": [ 16, 12.25, 15.75, 12.75 ], "texture": "#voxels_atlas", "cullface": "down" },
				"south": { "uv": [ 12.375, 10.75, 12.625, 11.25 ], "texture": "#voxels_atlas", "cullface": "down" },
				"west": { "uv": [ 12.375, 10.25, 12.625, 10.75 ], "texture": "#voxels_atlas", "cullface": "down" },
				"east": { "uv": [ 12.875, 10.75, 12.625, 11.25 ], "texture": "#voxels_atlas", "cullface": "down" }
			}
		},
		{
			"__comment": "Voxels",
			"from": [ 6.5, -8, 18 ],
			"to": [ 9.5, -7.5, 18.5 ],
			"faces": {
				"down": { "uv": [ 11.25, 12.5, 12, 12.75 ], "texture": "#voxels_atlas" },
				"up": { "uv": [ 11.25, 12.5, 12, 12.25 ], "texture": "#voxels_atlas" },
				"north": { "uv": [ 12.75, 12.5, 12, 12.75 ], "texture": "#voxels_atlas" },
				"south": { "uv": [ 12, 12.25, 12.75, 12.5 ], "texture": "#voxels_atlas" },
				"west": { "uv": [ 13.75, 10, 13.875, 10.25 ], "texture": "#voxels_atlas" },
				"east": { "uv": [ 14.25, 10, 14.125, 10.25 ], "texture": "#voxels_atlas" }
			}
		},
		{
			"__comment": "Voxels",
			"from": [ 6.5, -8, 18.5 ],
			"to": [ 9, -7.5, 19 ],
			"faces": {
				"down": { "uv": [ 15.25, 12, 15.875, 12.25 ], "texture": "#voxels_atlas" },
				"up": { "uv": [ 15.25, 12, 15.875, 11.75 ], "texture": "#voxels_atlas" },
				"south": { "uv": [ 10.75, 11.25, 11.375, 11.5 ], "texture": "#voxels_atlas" },
				"west": { "uv": [ 15, 10, 15.125, 10.25 ], "texture": "#voxels_atlas" },
				"east": { "uv": [ 15.5, 10, 15.375, 10.25 ], "texture": "#voxels_atlas" }
			}
		},
		{
			"__comment": "Voxels",
			"from": [ 6.5, -7.5, 16.5 ],
			"to": [ 7.5, -6.5, 19 ],
			"faces": {
				"down": { "uv": [ 8.625, 0, 8.875, 1.25 ], "texture": "#voxels_atlas" },
				"up": { "uv": [ 8.375, 1.5, 8.625, 0.25 ], "texture": "#voxels_atlas" },
				"north": { "uv": [ 12.875, 10.25, 12.625, 10.75 ], "texture": "#voxels_atlas" },
				"south": { "uv": [ 13, 10.75, 13.25, 11.25 ], "texture": "#voxels_atlas" },
				"west": { "uv": [ 15.375, 14.5, 16, 15 ], "texture": "#voxels_atlas" },
				"east": { "uv": [ 10.75, 14, 10.125, 14.5 ], "texture": "#voxels_atlas" }
			}
		},
		{
			"__comment": "Voxels",
			"from": [ 6.5, -7, 16 ],
			"to": [ 7.5, -6.5, 16.5 ],
			"faces": {
				"up": { "uv": [ 8.375, 0.25, 8.625, 0 ], "texture": "#voxels_atlas", "cullface": "down" },
				"north": { "uv": [ 10.125, 0, 9.875, 0.25 ], "texture": "#voxels_atlas", "cullface": "down" },
				"west": { "uv": [ 15.5, 10, 15.625, 10.25 ], "texture": "#voxels_atlas", "cullface": "down" },
				"east": { "uv": [ 15.75, 10, 15.625, 10.25 ], "texture": "#voxels_atlas", "cullface": "down" }
			}
		},
		{
			"__comment": "Voxels",
			"from": [ 7, -9, 19.5 ],
			"to": [ 9, -7.5, 20 ],
			"faces": {
				"down": { "uv": [ 15, 12.75, 15.5, 13 ], "texture": "#voxels_atlas" },
				"up": { "uv": [ 15.5, 13, 16, 12.75 ], "texture": "#voxels_atlas" },
				"north": { "uv": [ 15.375, 15.25, 14.875, 16 ], "texture": "#voxels_atlas" },
				"south": { "uv": [ 14, 14.5, 14.5, 15.25 ], "texture": "#voxels_atlas" },
				"west": { "uv": [ 9, 0, 9.125, 0.75 ], "texture": "#voxels_atlas" },
				"east": { "uv": [ 11, 7.25, 10.875, 8 ], "texture": "#voxels_atlas" }
			}
		},
		{
			"__comment": "Voxels",
			"from": [ 7, -8.5, 19 ],
			"to": [ 9, -7.5, 19.5 ],
			"faces": {
				"down": { "uv": [ 11.375, 11.25, 11.875, 11.5 ], "texture": "#voxels_atlas" },
				"up": { "uv": [ 11.875, 11.5, 12.375, 11.25 ], "texture": "#voxels_atlas" },
				"north": { "uv": [ 11.25, 12.25, 10.75, 12.75 ], "texture": "#voxels_atlas" },
				"west": { "uv": [ 11.25, 2, 11.375, 2.5 ], "texture": "#voxels_atlas" },
				"east": { "uv": [ 11.375, 1.5, 11.25, 2 ], "texture": "#voxels_atlas" }
			}
		},
		{
			"__comment": "Voxels",
			"from": [ 7, -7.5, 19 ],
			"to": [ 8, -6.5, 20 ],
			"faces": {
				"down": { "uv": [ 14.25, 10.75, 14.5, 11.25 ], "texture": "#voxels_atlas" },
				"up": { "uv": [ 14.25, 10.75, 14.5, 10.25 ], "texture": "#voxels_atlas" },
				"north": { "uv": [ 14.75, 10.75, 14.5, 11.25 ], "texture": "#voxels_atlas" },
				"south": { "uv": [ 14.5, 10.25, 14.75, 10.75 ], "texture": "#voxels_atlas" },
				"west": { "uv": [ 14.75, 10.75, 15, 11.25 ], "texture": "#voxels_atlas" },
				"east": { "uv": [ 15, 10.25, 14.75, 10.75 ], "texture": "#voxels_atlas" }
			}
		},
		{
			"__comment": "Voxels",
			"from": [ 7.5, -12, 18.5 ],
			"to": [ 9.5, -11, 20 ],
			"faces": {
				"down": { "uv": [ 12.375, 14.5, 12.875, 15.25 ], "texture": "#voxels_atlas" },
				"up": { "uv": [ 14, 16, 14.5, 15.25 ], "texture": "#voxels_atlas" },
				"north": { "uv": [ 10.25, 12.25, 9.75, 12.75 ], "texture": "#voxels_atlas" },
				"south": { "uv": [ 10.25, 12.25, 10.75, 12.75 ], "texture": "#voxels_atlas" },
				"west": { "uv": [ 13, 11.75, 13.375, 12.25 ], "texture": "#voxels_atlas" },
				"east": { "uv": [ 13.75, 11.75, 13.375, 12.25 ], "texture": "#voxels_atlas" }
			}
		},
		{
			"__comment": "Voxels",
			"from": [ 7.5, -11.5, 20 ],
			"to": [ 9.5, -9, 20.5 ],
			"faces": {
				"down": { "uv": [ 12.375, 11.25, 12.875, 11.5 ], "texture": "#voxels_atlas" },
				"up": { "uv": [ 12.875, 11.5, 13.375, 11.25 ], "texture": "#voxels_atlas" },
				"north": { "uv": [ 8.25, 13.5, 7.75, 14.75 ], "texture": "#voxels_atlas" },
				"south": { "uv": [ 7.75, 14.75, 8.25, 16 ], "texture": "#voxels_atlas" },
				"west": { "uv": [ 10.625, 6.5, 10.75, 7.75 ], "texture": "#voxels_atlas" },
				"east": { "uv": [ 10.75, 5.25, 10.625, 6.5 ], "texture": "#voxels_atlas" }
			}
		},
		{
			"__comment": "Voxels",
			"from": [ 7.5, -11, 19 ],
			"to": [ 9.5, -10.5, 20 ],
			"faces": {
				"up": { "uv": [ 15, 13.5, 15.5, 13 ], "texture": "#voxels_atlas" },
				"north": { "uv": [ 13.875, 11.25, 13.375, 11.5 ], "texture": "#voxels_atlas" },
				"west": { "uv": [ 12.625, 10, 12.875, 10.25 ], "texture": "#voxels_atlas" },
				"east": { "uv": [ 13.25, 10, 13, 10.25 ], "texture": "#voxels_atlas" }
			}
		},
		{
			"__comment": "Voxels",
			"from": [ 7.5, -11, 20.5 ],
			"to": [ 9.5, -9, 21 ],
			"faces": {
				"down": { "uv": [ 14.375, 11.25, 14.875, 11.5 ], "texture": "#voxels_atlas" },
				"up": { "uv": [ 14.875, 11.5, 15.375, 11.25 ], "texture": "#voxels_atlas" },
				"south": { "uv": [ 4.125, 0, 4.625, 1 ], "texture": "#voxels_atlas" },
				"west": { "uv": [ 15.25, 10.25, 15.375, 11.25 ], "texture": "#voxels_atlas" },
				"east": { "uv": [ 15.5, 10.25, 15.375, 11.25 ], "texture": "#voxels_atlas" }
			}
		},
		{
			"__comment": "Voxels",
			"from": [ 7.5, -10.5, 19.5 ],
			"to": [ 9.5, -9, 20 ],
			"faces": {
				"up": { "uv": [ 15.375, 11.5, 15.875, 11.25 ], "texture": "#voxels_atlas" },
				"north": { "uv": [ 12.875, 15.25, 12.375, 16 ], "texture": "#voxels_atlas" },
				"west": { "uv": [ 11, 6.5, 11.125, 7.25 ], "texture": "#voxels_atlas" },
				"east": { "uv": [ 11, 5.75, 10.875, 6.5 ], "texture": "#voxels_atlas" }
			}
		},
		{
			"__comment": "Voxels",
			"from": [ 7.5, -9, 20 ],
			"to": [ 9, -7.5, 20.5 ],
			"faces": {
				"up": { "uv": [ 11.875, 13.75, 12.25, 13.5 ], "texture": "#voxels_atlas" },
				"south": { "uv": [ 14.625, 12.75, 15, 13.5 ], "texture": "#voxels_atlas" },
				"west": { "uv": [ 11, 5.75, 11.125, 6.5 ], "texture": "#voxels_atlas" },
				"east": { "uv": [ 11, 5, 10.875, 5.75 ], "texture": "#voxels_atlas" }
			}
		},
		{
			"__comment": "Voxels",
			"from": [ 7.5, -8, 17.5 ],
			"to": [ 9.5, -7.5, 18 ],
			"faces": {
				"down": { "uv": [ 11.125, 9.75, 11.625, 10 ], "texture": "#voxels_atlas" },
				"up": { "uv": [ 11.625, 10, 12.125, 9.75 ], "texture": "#voxels_atlas" },
				"north": { "uv": [ 12.625, 9.75, 12.125, 10 ], "texture": "#voxels_atlas" },
				"west": { "uv": [ 15.875, 9, 16, 9.25 ], "texture": "#voxels_atlas" },
				"east": { "uv": [ 12.875, 8.75, 12.75, 9 ], "texture": "#voxels_atlas" }
			}
		},
		{
			"__comment": "Voxels",
			"from": [ 8, -12.5, 17 ],
			"to": [ 9.5, -10.5, 18 ],
			"faces": {
				"down": { "uv": [ 7, 0, 7.375, 0.5 ], "texture": "#voxels_atlas" },
				"up": { "uv": [ 13.875, 12.75, 14.25, 12.25 ], "texture": "#voxels_atlas" },
				"north": { "uv": [ 10.125, 13.5, 9.75, 14.5 ], "texture": "#voxels_atlas" },
				"south": { "uv": [ 11.625, 15, 12, 16 ], "texture": "#voxels_atlas" },
				"west": { "uv": [ 9.875, 11.25, 10.125, 12.25 ], "texture": "#voxels_atlas" },
				"east": { "uv": [ 10.125, 10.25, 9.875, 11.25 ], "texture": "#voxels_atlas" }
			}
		},
		{
			"__comment": "Voxels",
			"from": [ 8, -12.5, 18 ],
			"to": [ 9.5, -11, 18.5 ],
			"faces": {
				"down": { "uv": [ 13, 13.5, 13.375, 13.75 ], "texture": "#voxels_atlas" },
				"up": { "uv": [ 13.375, 13.75, 13.75, 13.5 ], "texture": "#voxels_atlas" },
				"south": { "uv": [ 14.5, 13.75, 14.875, 14.5 ], "texture": "#voxels_atlas" },
				"west": { "uv": [ 11, 5, 11.125, 5.75 ], "texture": "#voxels_atlas" },
				"east": { "uv": [ 11, 4.25, 10.875, 5 ], "texture": "#voxels_atlas" }
			}
		},
		{
			"__comment": "Voxels",
			"from": [ 8, -9, 20.5 ],
			"to": [ 9, -7.5, 21 ],
			"faces": {
				"up": { "uv": [ 14.5, 10.25, 14.75, 10 ], "texture": "#voxels_atlas" },
				"south": { "uv": [ 11, 11.5, 11.25, 12.25 ], "texture": "#voxels_atlas" },
				"west": { "uv": [ 11, 4.25, 11.125, 5 ], "texture": "#voxels_atlas" },
				"east": { "uv": [ 11, 3.5, 10.875, 4.25 ], "texture": "#voxels_atlas" }
			}
		},
		{
			"__comment": "Voxels",
			"from": [ 8.5, -12, 16.5 ],
			"to": [ 9.5, -6.5, 17 ],
			"faces": {
				"down": { "uv": [ 14.75, 10, 15, 10.25 ], "texture": "#voxels_atlas" },
				"up": { "uv": [ 15.75, 10.25, 16, 10 ], "texture": "#voxels_atlas" },
				"north": { "uv": [ 7.25, 0.5, 7, 3.25 ], "texture": "#voxels_atlas" },
				"south": { "uv": [ 7, 3.25, 7.25, 6 ], "texture": "#voxels_atlas" },
				"west": { "uv": [ 7.25, 3.25, 7.375, 6 ], "texture": "#voxels_atlas" },
				"east": { "uv": [ 7.375, 0.5, 7.25, 3.25 ], "texture": "#voxels_atlas" }
			}
		},
		{
			"__comment": "Voxels",
			"from": [ 8.5, -11, 16 ],
			"to": [ 9.5, -8, 16.5 ],
			"faces": {
				"down": { "uv": [ 15.75, 9.75, 16, 10 ], "texture": "#voxels_atlas" },
				"up": { "uv": [ 1.875, 0.25, 2.125, 0 ], "texture": "#voxels_atlas" },
				"north": { "uv": [ 2.625, 0, 2.375, 1.5 ], "texture": "#voxels_atlas" },
				"west": { "uv": [ 10.375, 1.75, 10.5, 3.25 ], "texture": "#voxels_atlas" },
				"east": { "uv": [ 10.5, 0.25, 10.375, 1.75 ], "texture": "#voxels_atlas" }
			}
		},
		{
			"__comment": "Voxels",
			"from": [ 8.5, -10.5, 15.5 ],
			"to": [ 9.5, -8.5, 16 ],
			"faces": {
				"down": { "uv": [ 15.75, 9.5, 16, 9.75 ], "texture": "#voxels_atlas", "cullface": "down" },
				"up": { "uv": [ 15.75, 9.5, 16, 9.25 ], "texture": "#voxels_atlas", "cullface": "down" },
				"north": { "uv": [ 10.125, 9.25, 9.875, 10.25 ], "texture": "#voxels_atlas", "cullface": "down" },
				"west": { "uv": [ 15, 10.25, 15.125, 11.25 ], "texture": "#voxels_atlas", "cullface": "down" },
				"east": { "uv": [ 15.25, 10.25, 15.125, 11.25 ], "texture": "#voxels_atlas", "cullface": "down" }
			}
		},
		{
			"__comment": "Voxels",
			"from": [ 8.5, -10.5, 17 ],
			"to": [ 9.5, 0, 17.5 ],
			"faces": {
				"up": { "uv": [ 13.875, 9.25, 14.125, 9 ], "texture": "#voxels_atlas" },
				"north": { "uv": [ 3.625, 7.25, 3.375, 12.5 ], "texture": "#voxels_atlas" },
				"south": { "uv": [ 3, 0.25, 3.25, 5.5 ], "texture": "#voxels_atlas" },
				"west": { "uv": [ 3.25, 0.25, 3.375, 5.5 ], "texture": "#voxels_atlas" },
				"east": { "uv": [ 3.75, 7.25, 3.625, 12.5 ], "texture": "#voxels_atlas" }
			}
		},
		{
			"__comment": "Voxels",
			"from": [ 8.5, -9, 17.5 ],
			"to": [ 9.5, -8, 18 ],
			"faces": {
				"down": { "uv": [ 14.125, 9, 14.375, 9.25 ], "texture": "#voxels_atlas" },
				"south": { "uv": [ 10.875, 9, 11.125, 9.5 ], "texture": "#voxels_atlas" },
				"west": { "uv": [ 11.25, 0, 11.375, 0.5 ], "texture": "#voxels_atlas" },
				"east": { "uv": [ 11.5, 8.5, 11.375, 9 ], "texture": "#voxels_atlas" }
			}
		},
		{
			"__comment": "Voxels",
			"from": [ 8.5, -8.5, 18 ],
			"to": [ 9.5, -8, 18.5 ],
			"faces": {
				"down": { "uv": [ 14.625, 9, 14.875, 9.25 ], "texture": "#voxels_atlas" },
				"south": { "uv": [ 15.375, 9, 15.625, 9.25 ], "texture": "#voxels_atlas" },
				"west": { "uv": [ 12.875, 8.75, 13, 9 ], "texture": "#voxels_atlas" },
				"east": { "uv": [ 13.125, 8.75, 13, 9 ], "texture": "#voxels_atlas" }
			}
		},
		{
			"__comment": "Voxels",
			"from": [ 8.5, -7.5, 17.5 ],
			"to": [ 10, 0, 18 ],
			"faces": {
				"down": { "uv": [ 13.375, 11.5, 13.75, 11.75 ], "texture": "#voxels_atlas" },
				"up": { "uv": [ 13.75, 11.75, 14.125, 11.5 ], "texture": "#voxels_atlas" },
				"north": { "uv": [ 0.75, 0.25, 0.375, 4 ], "texture": "#voxels_atlas" },
				"south": { "uv": [ 0.75, 0.25, 1.125, 4 ], "texture": "#voxels_atlas" },
				"west": { "uv": [ 6.375, 0.25, 6.5, 4 ], "texture": "#voxels_atlas" },
				"east": { "uv": [ 6.625, 0.25, 6.5, 4 ], "texture": "#voxels_atlas" }
			}
		},
		{
			"__comment": "Voxels",
			"from": [ 8.5, -7.5, 18 ],
			"to": [ 9.5, -3, 18.5 ],
			"faces": {
				"up": { "uv": [ 11.5, 9, 11.75, 8.75 ], "texture": "#voxels_atlas" },
				"south": { "uv": [ 8.375, 10, 8.625, 12.25 ], "texture": "#voxels_atlas" },
				"west": { "uv": [ 9.5, 10, 9.625, 12.25 ], "texture": "#voxels_atlas" },
				"east": { "uv": [ 9.75, 10, 9.625, 12.25 ], "texture": "#voxels_atlas" }
			}
		},
		{
			"__comment": "Voxels",
			"from": [ 8.5, -0.5, 17 ],
			"to": [ 10, 13.5, 18 ],
			"rotation": { "origin": [ 8.5, -0.5, 17 ], "axis": "x", "angle": -22.5 },
			"faces": {
				"down": { "uv": [ 12, 14.5, 12.375, 15 ], "texture": "#voxels_atlas" },
				"north": { "uv": [ 0.375, 9, 0, 16 ], "texture": "#voxels_atlas" },
				"south": { "uv": [ 0, 2, 0.375, 9 ], "texture": "#voxels_atlas" },
				"west": { "uv": [ 1.125, 2, 1.375, 9 ], "texture": "#voxels_atlas" },
				"east": { "uv": [ 1.375, 9, 1.125, 16 ], "texture": "#voxels_atlas" }
			}
		},
		{
			"__comment": "Voxels",
			"from": [ 8.5, 12, 11 ],
			"to": [ 10, 19, 12.5 ],
			"faces": {
				"down": { "uv": [ 12.375, 12.75, 12.75, 13.5 ], "texture": "#voxels_atlas", "cullface": "up" },
				"up": { "uv": [ 12.75, 13.5, 13.125, 12.75 ], "texture": "#voxels_atlas", "cullface": "up" },
				"north": { "uv": [ 3, 12.5, 2.625, 16 ], "texture": "#voxels_atlas", "cullface": "up" },
				"south": { "uv": [ 3, 12.5, 3.375, 16 ], "texture": "#voxels_atlas", "cullface": "up" },
				"west": { "uv": [ 3, 9, 3.375, 12.5 ], "texture": "#voxels_atlas", "cullface": "up" },
				"east": { "uv": [ 3, 5.5, 2.625, 9 ], "texture": "#voxels_atlas", "cullface": "up" }
			}
		},
		{
			"__comment": "Voxels",
			"from": [ 8.5, 12.5, 10.5 ],
			"to": [ 10, 19.5, 11 ],
			"faces": {
				"down": { "uv": [ 14.5, 11.5, 14.875, 11.75 ], "texture": "#voxels_atlas", "cullface": "up" },
				"up": { "uv": [ 14.875, 11.75, 15.25, 11.5 ], "texture": "#voxels_atlas", "cullface": "up" },
				"north": { "uv": [ 3, 9, 2.625, 12.5 ], "texture": "#voxels_atlas", "cullface": "up" },
				"south": { "uv": [ 3.375, 12.5, 3.75, 16 ], "texture": "#voxels_atlas", "cullface": "up" },
				"west": { "uv": [ 5.625, 0, 5.75, 3.5 ], "texture": "#voxels_atlas", "cullface": "up" },
				"east": { "uv": [ 9.125, 7.25, 9, 10.75 ], "texture": "#voxels_atlas", "cullface": "up" }
			}
		},
		{
			"__comment": "Voxels",
			"from": [ 8.5, 12.5, 12.5 ],
			"to": [ 10, 19, 13 ],
			"faces": {
				"down": { "uv": [ 13.125, 9.75, 13.5, 10 ], "texture": "#voxels_atlas", "cullface": "up" },
				"up": { "uv": [ 13.5, 10, 13.875, 9.75 ], "texture": "#voxels_atlas", "cullface": "up" },
				"south": { "uv": [ 3.375, 0.75, 3.75, 4 ], "texture": "#voxels_atlas", "cullface": "up" },
				"west": { "uv": [ 9.125, 4.5, 9.25, 7.75 ], "texture": "#voxels_atlas", "cullface": "up" },
				"east": { "uv": [ 9.125, 0.75, 9, 4 ], "texture": "#voxels_atlas", "cullface": "up" }
			}
		},
		{
			"__comment": "Voxels",
			"from": [ 8.5, 13.5, 10 ],
			"to": [ 10, 19.5, 10.5 ],
			"faces": {
				"down": { "uv": [ 13.875, 9.75, 14.25, 10 ], "texture": "#voxels_atlas", "cullface": "up" },
				"up": { "uv": [ 14.25, 10, 14.625, 9.75 ], "texture": "#voxels_atlas", "cullface": "up" },
				"north": { "uv": [ 4.125, 10, 3.75, 13 ], "texture": "#voxels_atlas", "cullface": "up" },
				"west": { "uv": [ 5.375, 0, 5.5, 3 ], "texture": "#voxels_atlas", "cullface": "up" },
				"east": { "uv": [ 5.625, 0, 5.5, 3 ], "texture": "#voxels_atlas", "cullface": "up" }
			}
		},
		{
			"__comment": "Voxels",
			"from": [ 8.5, 14.5, 9.5 ],
			"to": [ 10, 19.5, 10 ],
			"faces": {
				"down": { "uv": [ 14.625, 9.75, 15, 10 ], "texture": "#voxels_atlas", "cullface": "up" },
				"up": { "uv": [ 15, 10, 15.375, 9.75 ], "texture": "#voxels_atlas", "cullface": "up" },
				"north": { "uv": [ 4.125, 2.5, 3.75, 5 ], "texture": "#voxels_atlas", "cullface": "up" },
				"west": { "uv": [ 9.375, 5.5, 9.5, 8 ], "texture": "#voxels_atlas", "cullface": "up" },
				"east": { "uv": [ 9.5, 3, 9.375, 5.5 ], "texture": "#voxels_atlas", "cullface": "up" }
			}
		},
		{
			"__comment": "Voxels",
			"from": [ 8.5, 15, 9 ],
			"to": [ 10, 20, 9.5 ],
			"faces": {
				"down": { "uv": [ 15.375, 9.75, 15.75, 10 ], "texture": "#voxels_atlas", "cullface": "up" },
				"up": { "uv": [ 11.25, 9.75, 11.625, 9.5 ], "texture": "#voxels_atlas", "cullface": "up" },
				"north": { "uv": [ 4.125, 0, 3.75, 2.5 ], "texture": "#voxels_atlas", "cullface": "up" },
				"south": { "uv": [ 3.75, 7.5, 4.125, 10 ], "texture": "#voxels_atlas", "cullface": "up" },
				"west": { "uv": [ 5, 0, 5.125, 2.5 ], "texture": "#voxels_atlas", "cullface": "up" },
				"east": { "uv": [ 5.25, 0, 5.125, 2.5 ], "texture": "#voxels_atlas", "cullface": "up" }
			}
		},
		{
			"__comment": "Voxels",
			"from": [ 8.5, 15.5, 13 ],
			"to": [ 10, 19, 13.5 ],
			"faces": {
				"down": { "uv": [ 13.875, 9.25, 14.25, 9.5 ], "texture": "#voxels_atlas", "cullface": "up" },
				"up": { "uv": [ 13.5, 9.5, 13.875, 9.25 ], "texture": "#voxels_atlas", "cullface": "up" },
				"south": { "uv": [ 7.375, 12.5, 7.75, 14.25 ], "texture": "#voxels_atlas", "cullface": "up" },
				"west": { "uv": [ 10.125, 8.75, 10.25, 10.5 ], "texture": "#voxels_atlas", "cullface": "up" },
				"east": { "uv": [ 10.25, 5.25, 10.125, 7 ], "texture": "#voxels_atlas", "cullface": "up" }
			}
		},
		{
			"__comment": "Voxels",
			"from": [ 8.5, 16.5, 8.5 ],
			"to": [ 10, 20.5, 9 ],
			"faces": {
				"down": { "uv": [ 14.25, 9.5, 14.625, 9.75 ], "texture": "#voxels_atlas", "cullface": "up" },
				"up": { "uv": [ 12.375, 9.75, 12.75, 9.5 ], "texture": "#voxels_atlas", "cullface": "up" },
				"north": { "uv": [ 6.25, 5.25, 5.875, 7.25 ], "texture": "#voxels_atlas", "cullface": "up" },
				"south": { "uv": [ 5.875, 3.25, 6.25, 5.25 ], "texture": "#voxels_atlas", "cullface": "up" },
				"west": { "uv": [ 9.75, 8.25, 9.875, 10.25 ], "texture": "#voxels_atlas", "cullface": "up" },
				"east": { "uv": [ 6.375, 1.25, 6.25, 3.25 ], "texture": "#voxels_atlas", "cullface": "up" }
			}
		},
		{
			"__comment": "Voxels",
			"from": [ 8.5, 17, -0.5 ],
			"to": [ 10, 18, 0.5 ],
			"faces": {
				"down": { "uv": [ 14.875, 11.75, 15.25, 12.25 ], "texture": "#voxels_atlas", "cullface": "up" },
				"up": { "uv": [ 7.375, 0.5, 7.75, 0 ], "texture": "#voxels_atlas", "cullface": "up" },
				"north": { "uv": [ 12, 14.5, 11.625, 15 ], "texture": "#voxels_atlas", "cullface": "up" },
				"south": { "uv": [ 13.25, 14.5, 13.625, 15 ], "texture": "#voxels_atlas", "cullface": "up" },
				"west": { "uv": [ 13.875, 10.25, 14.125, 10.75 ], "texture": "#voxels_atlas", "cullface": "up" },
				"east": { "uv": [ 14.125, 10.75, 13.875, 11.25 ], "texture": "#voxels_atlas", "cullface": "up" }
			}
		},
		{
			"__comment": "Voxels",
			"from": [ 8.5, 17.5, 0.5 ],
			"to": [ 10, 19, 2 ],
			"faces": {
				"down": { "uv": [ 11.875, 13.75, 12.25, 14.5 ], "texture": "#voxels_atlas", "cullface": "up" },
				"up": { "uv": [ 12.25, 14.5, 12.625, 13.75 ], "texture": "#voxels_atlas", "cullface": "up" },
				"north": { "uv": [ 13, 13.75, 12.625, 14.5 ], "texture": "#voxels_atlas", "cullface": "up" },
				"south": { "uv": [ 13, 13.75, 13.375, 14.5 ], "texture": "#voxels_atlas", "cullface": "up" },
				"west": { "uv": [ 13.375, 13.75, 13.75, 14.5 ], "texture": "#voxels_atlas", "cullface": "up" },
				"east": { "uv": [ 14.125, 13.75, 13.75, 14.5 ], "texture": "#voxels_atlas", "cullface": "up" }
			}
		},
		{
			"__comment": "Voxels",
			"from": [ 8.5, 17.5, 3 ],
			"to": [ 10, 21.5, 4.5 ],
			"faces": {
				"down": { "uv": [ 14.875, 13.75, 15.25, 14.5 ], "texture": "#voxels_atlas", "cullface": "up" },
				"up": { "uv": [ 15.25, 14.5, 15.625, 13.75 ], "texture": "#voxels_atlas", "cullface": "up" },
				"north": { "uv": [ 3, 0, 2.625, 2 ], "texture": "#voxels_atlas", "cullface": "up" },
				"south": { "uv": [ 0, 0, 0.375, 2 ], "texture": "#voxels_atlas", "cullface": "up" },
				"west": { "uv": [ 6.625, 1, 7, 3 ], "texture": "#voxels_atlas", "cullface": "up" },
				"east": { "uv": [ 7, 3, 6.625, 5 ], "texture": "#voxels_atlas", "cullface": "up" }
			}
		},
		{
			"__comment": "Voxels",
			"from": [ 8.5, 17.5, 7 ],
			"to": [ 10, 24.5, 8 ],
			"faces": {
				"down": { "uv": [ 13.625, 14.5, 14, 15 ], "texture": "#voxels_atlas", "cullface": "up" },
				"up": { "uv": [ 14.5, 15, 14.875, 14.5 ], "texture": "#voxels_atlas", "cullface": "up" },
				"north": { "uv": [ 3.375, 5.5, 3, 9 ], "texture": "#voxels_atlas", "cullface": "up" },
				"south": { "uv": [ 2.625, 2, 3, 5.5 ], "texture": "#voxels_atlas", "cullface": "up" },
				"west": { "uv": [ 1.625, 0, 1.875, 3.5 ], "texture": "#voxels_atlas", "cullface": "up" },
				"east": { "uv": [ 1.625, 0, 1.375, 3.5 ], "texture": "#voxels_atlas", "cullface": "up" }
			}
		},
		{
			"__comment": "Voxels",
			"from": [ 8.5, 17.5, 8 ],
			"to": [ 10, 21, 8.5 ],
			"faces": {
				"down": { "uv": [ 13.75, 13.5, 14.125, 13.75 ], "texture": "#voxels_atlas", "cullface": "up" },
				"up": { "uv": [ 11.125, 13.75, 11.5, 13.5 ], "texture": "#voxels_atlas", "cullface": "up" },
				"south": { "uv": [ 7.375, 9, 7.75, 10.75 ], "texture": "#voxels_atlas", "cullface": "up" },
				"west": { "uv": [ 10.125, 10.5, 10.25, 12.25 ], "texture": "#voxels_atlas", "cullface": "up" },
				"east": { "uv": [ 10.25, 7, 10.125, 8.75 ], "texture": "#voxels_atlas", "cullface": "up" }
			}
		},
		{
			"__comment": "Voxels",
			"from": [ 8.5, 17.5, 13.5 ],
			"to": [ 10, 19.5, 14 ],
			"faces": {
				"down": { "uv": [ 10.75, 13.5, 11.125, 13.75 ], "texture": "#voxels_atlas", "cullface": "up" },
				"up": { "uv": [ 11, 14.75, 11.375, 14.5 ], "texture": "#voxels_atlas", "cullface": "up" },
				"north": { "uv": [ 14, 15, 13.625, 16 ], "texture": "#voxels_atlas", "cullface": "up" },
				"south": { "uv": [ 14.5, 15, 14.875, 16 ], "texture": "#voxels_atlas", "cullface": "up" },
				"west": { "uv": [ 15.625, 10.25, 15.75, 11.25 ], "texture": "#voxels_atlas", "cullface": "up" },
				"east": { "uv": [ 15.875, 10.25, 15.75, 11.25 ], "texture": "#voxels_atlas", "cullface": "up" }
			}
		},
		{
			"__comment": "Voxels",
			"from": [ 8.5, 18, 0 ],
			"to": [ 10, 18.5, 0.5 ],
			"faces": {
				"up": { "uv": [ 10.25, 14.75, 10.625, 14.5 ], "texture": "#voxels_atlas", "cullface": "up" },
				"north": { "uv": [ 10.25, 14.5, 9.875, 14.75 ], "texture": "#voxels_atlas", "cullface": "up" },
				"west": { "uv": [ 14.125, 8.75, 14.25, 9 ], "texture": "#voxels_atlas", "cullface": "up" },
				"east": { "uv": [ 15, 8.75, 14.875, 9 ], "texture": "#voxels_atlas", "cullface": "up" }
			}
		},
		{
			"__comment": "Voxels",
			"from": [ 8.5, 18, 2 ],
			"to": [ 10, 19.5, 3 ],
			"faces": {
				"down": { "uv": [ 12.75, 12.25, 13.125, 12.75 ], "texture": "#voxels_atlas", "cullface": "up" },
				"up": { "uv": [ 13.125, 12.75, 13.5, 12.25 ], "texture": "#voxels_atlas", "cullface": "up" },
				"north": { "uv": [ 16, 13.75, 15.625, 14.5 ], "texture": "#voxels_atlas", "cullface": "up" },
				"west": { "uv": [ 10.5, 11.5, 10.75, 12.25 ], "texture": "#voxels_atlas", "cullface": "up" },
				"east": { "uv": [ 11.5, 11.5, 11.25, 12.25 ], "texture": "#voxels_atlas", "cullface": "up" }
			}
		},
		{
			"__comment": "Voxels",
			"from": [ 8.5, 18, 6 ],
			"to": [ 10, 22.5, 7 ],
			"faces": {
				"down": { "uv": [ 11.875, 11.75, 12.25, 12.25 ], "texture": "#voxels_atlas", "cullface": "up" },
				"up": { "uv": [ 12.25, 12.25, 12.625, 11.75 ], "texture": "#voxels_atlas", "cullface": "up" },
				"north": { "uv": [ 4.5, 3.25, 4.125, 5.5 ], "texture": "#voxels_atlas", "cullface": "up" },
				"west": { "uv": [ 8.375, 5.5, 8.625, 7.75 ], "texture": "#voxels_atlas", "cullface": "up" },
				"east": { "uv": [ 8.625, 7.75, 8.375, 10 ], "texture": "#voxels_atlas", "cullface": "up" }
			}
		},
		{
			"__comment": "Voxels",
			"from": [ 8.5, 18, 14 ],
			"to": [ 10, 20.5, 14.5 ],
			"faces": {
				"down": { "uv": [ 11.75, 9, 12.125, 9.25 ], "texture": "#voxels_atlas", "cullface": "up" },
				"up": { "uv": [ 11.375, 9.25, 11.75, 9 ], "texture": "#voxels_atlas", "cullface": "up" },
				"north": { "uv": [ 11.375, 14.75, 11, 16 ], "texture": "#voxels_atlas", "cullface": "up" },
				"south": { "uv": [ 10.625, 14.75, 11, 16 ], "texture": "#voxels_atlas", "cullface": "up" },
				"west": { "uv": [ 11.25, 10, 11.375, 11.25 ], "texture": "#voxels_atlas", "cullface": "up" },
				"east": { "uv": [ 11.25, 10, 11.125, 11.25 ], "texture": "#voxels_atlas", "cullface": "up" }
			}
		},
		{
			"__comment": "Voxels",
			"from": [ 8.5, 18.5, 4.5 ],
			"to": [ 10, 21.5, 6 ],
			"faces": {
				"down": { "uv": [ 10.125, 12.75, 10.5, 13.5 ], "texture": "#voxels_atlas", "cullface": "up" },
				"up": { "uv": [ 10.5, 13.5, 10.875, 12.75 ], "texture": "#voxels_atlas", "cullface": "up" },
				"west": { "uv": [ 7.875, 3.75, 8.25, 5.25 ], "texture": "#voxels_atlas", "cullface": "up" },
				"east": { "uv": [ 7.75, 0.5, 7.375, 2 ], "texture": "#voxels_atlas", "cullface": "up" }
			}
		},
		{
			"__comment": "Voxels",
			"from": [ 8.5, 18.5, 14.5 ],
			"to": [ 10, 21, 15 ],
			"faces": {
				"down": { "uv": [ 12.25, 11.5, 12.625, 11.75 ], "texture": "#voxels_atlas", "cullface": "up" },
				"up": { "uv": [ 11.875, 11.75, 12.25, 11.5 ], "texture": "#voxels_atlas", "cullface": "up" },
				"north": { "uv": [ 10.25, 14.75, 9.875, 16 ], "texture": "#voxels_atlas", "cullface": "up" },
				"south": { "uv": [ 9.5, 14.75, 9.875, 16 ], "texture": "#voxels_atlas", "cullface": "up" },
				"west": { "uv": [ 11, 10, 11.125, 11.25 ], "texture": "#voxels_atlas", "cullface": "up" },
				"east": { "uv": [ 11, 10, 10.875, 11.25 ], "texture": "#voxels_atlas", "cullface": "up" }
			}
		},
		{
			"__comment": "Voxels",
			"from": [ 8.5, 19, 1.5 ],
			"to": [ 10, 19.5, 2 ],
			"faces": {
				"up": { "uv": [ 14.625, 9.5, 15, 9.25 ], "texture": "#voxels_atlas", "cullface": "up" },
				"north": { "uv": [ 15.375, 9.25, 15, 9.5 ], "texture": "#voxels_atlas", "cullface": "up" },
				"west": { "uv": [ 13.5, 8.75, 13.625, 9 ], "texture": "#voxels_atlas", "cullface": "up" },
				"east": { "uv": [ 13.75, 8.75, 13.625, 9 ], "texture": "#voxels_atlas", "cullface": "up" }
			}
		},
		{
			"__comment": "Voxels",
			"from": [ 8.5, 19.5, 2.5 ],
			"to": [ 10, 20.5, 3 ],
			"faces": {
				"up": { "uv": [ 9.125, 14.75, 9.5, 14.5 ], "texture": "#voxels_atlas", "cullface": "up" },
				"north": { "uv": [ 14.875, 11.75, 14.5, 12.25 ], "texture": "#voxels_atlas", "cullface": "up" },
				"west": { "uv": [ 11.375, 7, 11.5, 7.5 ], "texture": "#voxels_atlas", "cullface": "up" },
				"east": { "uv": [ 11.75, 7.75, 11.625, 8.25 ], "texture": "#voxels_atlas", "cullface": "up" }
			}
		},
		{
			"__comment": "Voxels",
			"from": [ 8.5, 19.5, 15 ],
			"to": [ 10, 21.5, 15.5 ],
			"faces": {
				"down": { "uv": [ 12.125, 9, 12.5, 9.25 ], "texture": "#voxels_atlas", "cullface": "up" },
				"up": { "uv": [ 12.5, 9.25, 12.875, 9 ], "texture": "#voxels_atlas", "cullface": "up" },
				"north": { "uv": [ 13.25, 15, 12.875, 16 ], "texture": "#voxels_atlas", "cullface": "up" },
				"south": { "uv": [ 13.25, 15, 13.625, 16 ], "texture": "#voxels_atlas", "cullface": "up" },
				"west": { "uv": [ 13.5, 10.25, 13.625, 11.25 ], "texture": "#voxels_atlas", "cullface": "up" },
				"east": { "uv": [ 13.75, 10.25, 13.625, 11.25 ], "texture": "#voxels_atlas", "cullface": "up" }
			}
		},
		{
			"__comment": "Voxels",
			"from": [ 8.5, 20.5, 15.5 ],
			"to": [ 10, 22, 16 ],
			"faces": {
				"down": { "uv": [ 13.25, 9, 13.625, 9.25 ], "texture": "#voxels_atlas", "cullface": "up" },
				"up": { "uv": [ 3, 0.25, 3.375, 0 ], "texture": "#voxels_atlas", "cullface": "up" },
				"north": { "uv": [ 11.25, 12.75, 10.875, 13.5 ], "texture": "#voxels_atlas", "cullface": "up" },
				"south": { "uv": [ 11.25, 12.75, 11.625, 13.5 ], "texture": "#voxels_atlas", "cullface": "up" },
				"west": { "uv": [ 11, 3.5, 11.125, 4.25 ], "texture": "#voxels_atlas", "cullface": "up" },
				"east": { "uv": [ 11, 6.5, 10.875, 7.25 ], "texture": "#voxels_atlas", "cullface": "up" }
			}
		},
		{
			"__comment": "Voxels",
			"from": [ 8.5, 21.5, 5.5 ],
			"to": [ 10, 22, 6 ],
			"faces": {
				"up": { "uv": [ 12.625, 13.75, 13, 13.5 ], "texture": "#voxels_atlas", "cullface": "up" },
				"north": { "uv": [ 14.5, 13.5, 14.125, 13.75 ], "texture": "#voxels_atlas", "cullface": "up" },
				"west": { "uv": [ 11.625, 6.25, 11.75, 6.5 ], "texture": "#voxels_atlas", "cullface": "up" },
				"east": { "uv": [ 11.75, 5.75, 11.625, 6 ], "texture": "#voxels_atlas", "cullface": "up" }
			}
		},
		{
			"__comment": "Voxels",
			"from": [ 8.5, 22.5, 6.5 ],
			"to": [ 10, 23, 7 ],
			"faces": {
				"up": { "uv": [ 15.25, 13.75, 15.625, 13.5 ], "texture": "#voxels_atlas", "cullface": "up" },
				"north": { "uv": [ 16, 13.5, 15.625, 13.75 ], "texture": "#voxels_atlas", "cullface": "up" },
				"west": { "uv": [ 10.375, 0, 10.5, 0.25 ], "texture": "#voxels_atlas", "cullface": "up" },
				"east": { "uv": [ 13.375, 10, 13.25, 10.25 ], "texture": "#voxels_atlas", "cullface": "up" }
			}
		},
		{
			"__comment": "Voxels",
			"from": [ 8.5, 22.5, 8 ],
			"to": [ 10, 26, 8.5 ],
			"faces": {
				"down": { "uv": [ 12.625, 11.5, 13, 11.75 ], "texture": "#voxels_atlas", "cullface": "up" },
				"up": { "uv": [ 13, 11.75, 13.375, 11.5 ], "texture": "#voxels_atlas", "cullface": "up" },
				"north": { "uv": [ 7.75, 7.25, 7.375, 9 ], "texture": "#voxels_atlas", "cullface": "up" },
				"south": { "uv": [ 7.375, 5.5, 7.75, 7.25 ], "texture": "#voxels_atlas", "cullface": "up" },
				"west": { "uv": [ 10.25, 5.25, 10.375, 7 ], "texture": "#voxels_atlas", "cullface": "up" },
				"east": { "uv": [ 10.375, 7, 10.25, 8.75 ], "texture": "#voxels_atlas", "cullface": "up" }
			}
		},
		{
			"__comment": "Voxels",
			"from": [ 8.5, 23, 8.5 ],
			"to": [ 10, 27, 9 ],
			"faces": {
				"down": { "uv": [ 12.875, 9, 13.25, 9.25 ], "texture": "#voxels_atlas", "cullface": "up" },
				"up": { "uv": [ 14.125, 11.75, 14.5, 11.5 ], "texture": "#voxels_atlas", "cullface": "up" },
				"north": { "uv": [ 6.25, 1.25, 5.875, 3.25 ], "texture": "#voxels_atlas", "cullface": "up" },
				"south": { "uv": [ 6.625, 14, 7, 16 ], "texture": "#voxels_atlas", "cullface": "up" },
				"west": { "uv": [ 9.75, 6.25, 9.875, 8.25 ], "texture": "#voxels_atlas", "cullface": "up" },
				"east": { "uv": [ 9.75, 0, 9.625, 2 ], "texture": "#voxels_atlas", "cullface": "up" }
			}
		},
		{
			"__comment": "Voxels",
			"from": [ 8.5, 23.5, 13.5 ],
			"to": [ 10, 27, 14 ],
			"faces": {
				"down": { "uv": [ 12.75, 9.25, 13.125, 9.5 ], "texture": "#voxels_atlas", "cullface": "up" },
				"up": { "uv": [ 12.375, 9.5, 12.75, 9.25 ], "texture": "#voxels_atlas", "cullface": "up" },
				"north": { "uv": [ 7.75, 3.75, 7.375, 5.5 ], "texture": "#voxels_atlas", "cullface": "up" },
				"south": { "uv": [ 7.375, 2, 7.75, 3.75 ], "texture": "#voxels_atlas", "cullface": "up" },
				"west": { "uv": [ 10, 5.5, 10.125, 7.25 ], "texture": "#voxels_atlas", "cullface": "up" },
				"east": { "uv": [ 9.875, 2.75, 9.75, 4.5 ], "texture": "#voxels_atlas", "cullface": "up" }
			}
		},
		{
			"__comment": "Voxels",
			"from": [ 8.5, 23.5, 14 ],
			"to": [ 10, 26.5, 14.5 ],
			"faces": {
				"down": { "uv": [ 11.625, 9.25, 12, 9.5 ], "texture": "#voxels_atlas", "cullface": "up" },
				"up": { "uv": [ 11.25, 9.5, 11.625, 9.25 ], "texture": "#voxels_atlas", "cullface": "up" },
				"south": { "uv": [ 7.75, 12, 8.125, 13.5 ], "texture": "#voxels_atlas", "cullface": "up" },
				"west": { "uv": [ 8.125, 6.75, 8.25, 8.25 ], "texture": "#voxels_atlas", "cullface": "up" },
				"east": { "uv": [ 8.25, 10.5, 8.125, 12 ], "texture": "#voxels_atlas", "cullface": "up" }
			}
		},
		{
			"__comment": "Voxels",
			"from": [ 8.5, 24, 9 ],
			"to": [ 10, 27, 9.5 ],
			"faces": {
				"down": { "uv": [ 15, 9.5, 15.375, 9.75 ], "texture": "#voxels_atlas", "cullface": "up" },
				"up": { "uv": [ 14.625, 9.75, 15, 9.5 ], "texture": "#voxels_atlas", "cullface": "up" },
				"south": { "uv": [ 7.875, 5.25, 8.25, 6.75 ], "texture": "#voxels_atlas", "cullface": "up" },
				"west": { "uv": [ 8.125, 12, 8.25, 13.5 ], "texture": "#voxels_atlas", "cullface": "up" },
				"east": { "uv": [ 10.625, 1, 10.5, 2.5 ], "texture": "#voxels_atlas", "cullface": "up" }
			}
		},
		{
			"__comment": "Voxels",
			"from": [ 8.5, 24, 13 ],
			"to": [ 10, 27, 13.5 ],
			"faces": {
				"down": { "uv": [ 13.875, 9.5, 14.25, 9.75 ], "texture": "#voxels_atlas", "cullface": "up" },
				"up": { "uv": [ 13.5, 9.75, 13.875, 9.5 ], "texture": "#voxels_atlas", "cullface": "up" },
				"north": { "uv": [ 9.125, 14.5, 8.75, 16 ], "texture": "#voxels_atlas", "cullface": "up" },
				"west": { "uv": [ 10.5, 8.5, 10.625, 10 ], "texture": "#voxels_atlas", "cullface": "up" },
				"east": { "uv": [ 10.625, 10, 10.5, 11.5 ], "texture": "#voxels_atlas", "cullface": "up" }
			}
		},
		{
			"__comment": "Voxels",
			"from": [ 8.5, 24.5, 11 ],
			"to": [ 10, 26, 11.5 ],
			"faces": {
				"down": { "uv": [ 13.125, 9.5, 13.5, 9.75 ], "texture": "#voxels_atlas", "cullface": "up" },
				"up": { "uv": [ 12.75, 9.75, 13.125, 9.5 ], "texture": "#voxels_atlas", "cullface": "up" },
				"north": { "uv": [ 12, 12.75, 11.625, 13.5 ], "texture": "#voxels_atlas", "cullface": "up" },
				"south": { "uv": [ 12, 12.75, 12.375, 13.5 ], "texture": "#voxels_atlas", "cullface": "up" },
				"west": { "uv": [ 11.125, 6, 11.25, 6.75 ], "texture": "#voxels_atlas", "cullface": "up" },
				"east": { "uv": [ 11.375, 8.5, 11.25, 9.25 ], "texture": "#voxels_atlas", "cullface": "up" }
			}
		},
		{
			"__comment": "Voxels",
			"from": [ 8.5, 24.5, 11.5 ],
			"to": [ 10, 25.5, 13 ],
			"faces": {
				"down": { "uv": [ 13.125, 12.75, 13.5, 13.5 ], "texture": "#voxels_atlas", "cullface": "up" },
				"up": { "uv": [ 13.5, 13.5, 13.875, 12.75 ], "texture": "#voxels_atlas", "cullface": "up" },
				"west": { "uv": [ 15.375, 12.25, 15.75, 12.75 ], "texture": "#voxels_atlas", "cullface": "up" },
				"east": { "uv": [ 11.875, 11.75, 11.5, 12.25 ], "texture": "#voxels_atlas", "cullface": "up" }
			}
		},
		{
			"__comment": "Voxels",
			"from": [ 8.5, 25, 9.5 ],
			"to": [ 10, 27, 10.5 ],
			"faces": {
				"down": { "uv": [ 12.625, 11.75, 13, 12.25 ], "texture": "#voxels_atlas", "cullface": "up" },
				"up": { "uv": [ 13.5, 12.75, 13.875, 12.25 ], "texture": "#voxels_atlas", "cullface": "up" },
				"south": { "uv": [ 12, 15, 12.375, 16 ], "texture": "#voxels_atlas", "cullface": "up" },
				"west": { "uv": [ 9.875, 8.25, 10.125, 9.25 ], "texture": "#voxels_atlas", "cullface": "up" },
				"east": { "uv": [ 16, 15, 15.75, 16 ], "texture": "#voxels_atlas", "cullface": "up" }
			}
		},
		{
			"__comment": "Voxels",
			"from": [ 8.5, 25, 10.5 ],
			"to": [ 10, 26.5, 11 ],
			"faces": {
				"down": { "uv": [ 11.625, 9.5, 12, 9.75 ], "texture": "#voxels_atlas", "cullface": "up" },
				"up": { "uv": [ 12, 9.75, 12.375, 9.5 ], "texture": "#voxels_atlas", "cullface": "up" },
				"south": { "uv": [ 14.875, 14.5, 15.25, 15.25 ], "texture": "#voxels_atlas", "cullface": "up" },
				"west": { "uv": [ 11.125, 8.25, 11.25, 9 ], "texture": "#voxels_atlas", "cullface": "up" },
				"east": { "uv": [ 11.25, 7.5, 11.125, 8.25 ], "texture": "#voxels_atlas", "cullface": "up" }
			}
		},
		{
			"__comment": "Voxels",
			"from": [ 9, -6.5, 16.5 ],
			"to": [ 9.5, 0, 17 ],
			"faces": {
				"up": { "uv": [ 13.375, 9, 13.5, 8.75 ], "texture": "#voxels_atlas" },
				"north": { "uv": [ 9.375, 7.75, 9.25, 11 ], "texture": "#voxels_atlas" },
				"west": { "uv": [ 9.125, 7.75, 9.25, 11 ], "texture": "#voxels_atlas" },
				"east": { "uv": [ 9, 0, 8.875, 3.25 ], "texture": "#voxels_atlas" }
			}
		},
		{
			"__comment": "Voxels",
			"from": [ 9, -6, -10.5 ],
			"to": [ 9.5, 6.5, -10 ],
			"faces": {
				"down": { "uv": [ 15.625, 8.75, 15.75, 9 ], "texture": "#voxels_atlas", "cullface": "north" },
				"up": { "uv": [ 11.5, 0.25, 11.625, 0 ], "texture": "#voxels_atlas", "cullface": "north" },
				"north": { "uv": [ 6.125, 7.25, 6, 13.5 ], "texture": "#voxels_atlas", "cullface": "north" },
				"south": { "uv": [ 5.75, 7.25, 5.875, 13.5 ], "texture": "#voxels_atlas", "cullface": "north" },
				"west": { "uv": [ 5.625, 9.75, 5.75, 16 ], "texture": "#voxels_atlas", "cullface": "north" },
				"east": { "uv": [ 6, 7.25, 5.875, 13.5 ], "texture": "#voxels_atlas", "cullface": "north" }
			}
		},
		{
			"__comment": "Voxels",
			"from": [ 9, -5, -11 ],
			"to": [ 9.5, 4, -10.5 ],
			"faces": {
				"down": { "uv": [ 11.625, 7.5, 11.75, 7.75 ], "texture": "#voxels_atlas", "cullface": "north" },
				"up": { "uv": [ 11.625, 7.5, 11.75, 7.25 ], "texture": "#voxels_atlas", "cullface": "north" },
				"north": { "uv": [ 8.375, 2.5, 8.25, 7 ], "texture": "#voxels_atlas", "cullface": "north" },
				"west": { "uv": [ 8.25, 11.5, 8.375, 16 ], "texture": "#voxels_atlas", "cullface": "north" },
				"east": { "uv": [ 8.375, 7, 8.25, 11.5 ], "texture": "#voxels_atlas", "cullface": "north" }
			}
		},
		{
			"__comment": "Voxels",
			"from": [ 9, -4.5, -10 ],
			"to": [ 9.5, 8.5, -9.5 ],
			"faces": {
				"down": { "uv": [ 11.625, 6.5, 11.75, 6.75 ], "texture": "#voxels_atlas", "cullface": "north" },
				"up": { "uv": [ 11.625, 5.5, 11.75, 5.25 ], "texture": "#voxels_atlas", "cullface": "north" },
				"north": { "uv": [ 5.625, 9.5, 5.5, 16 ], "texture": "#voxels_atlas", "cullface": "north" },
				"south": { "uv": [ 5.375, 9.5, 5.5, 16 ], "texture": "#voxels_atlas", "cullface": "north" },
				"west": { "uv": [ 5.5, 3, 5.625, 9.5 ], "texture": "#voxels_atlas", "cullface": "north" },
				"east": { "uv": [ 5.5, 3, 5.375, 9.5 ], "texture": "#voxels_atlas", "cullface": "north" }
			}
		},
		{
			"__comment": "Voxels",
			"from": [ 9, -3.5, -9.5 ],
			"to": [ 9.5, 10, -9 ],
			"faces": {
				"down": { "uv": [ 11.625, 5, 11.75, 5.25 ], "texture": "#voxels_atlas", "cullface": "north" },
				"up": { "uv": [ 11.625, 5, 11.75, 4.75 ], "texture": "#voxels_atlas", "cullface": "north" },
				"north": { "uv": [ 5.125, 9.25, 5, 16 ], "texture": "#voxels_atlas", "cullface": "north" },
				"south": { "uv": [ 5, 2.5, 5.125, 9.25 ], "texture": "#voxels_atlas", "cullface": "north" },
				"west": { "uv": [ 5.125, 9.25, 5.25, 16 ], "texture": "#voxels_atlas", "cullface": "north" },
				"east": { "uv": [ 5.25, 2.5, 5.125, 9.25 ], "texture": "#voxels_atlas", "cullface": "north" }
			}
		},
		{
			"__comment": "Voxels",
			"from": [ 9, -3, 18 ],
			"to": [ 9.5, 0, 18.5 ],
			"faces": {
				"up": { "uv": [ 11.625, 2.25, 11.75, 2 ], "texture": "#voxels_atlas", "cullface": "south" },
				"south": { "uv": [ 10.375, 7.75, 10.5, 9.25 ], "texture": "#voxels_atlas", "cullface": "south" },
				"west": { "uv": [ 10.375, 6.25, 10.5, 7.75 ], "texture": "#voxels_atlas", "cullface": "south" },
				"east": { "uv": [ 10.5, 4.75, 10.375, 6.25 ], "texture": "#voxels_atlas", "cullface": "south" }
			}
		},
		{
			"__comment": "Voxels",
			"from": [ 9, -2.5, -11.5 ],
			"to": [ 9.5, -0.5, -11 ],
			"faces": {
				"down": { "uv": [ 11.625, 1.75, 11.75, 2 ], "texture": "#voxels_atlas" },
				"up": { "uv": [ 13.125, 8.75, 13.25, 8.5 ], "texture": "#voxels_atlas" },
				"north": { "uv": [ 16, 10.25, 15.875, 11.25 ], "texture": "#voxels_atlas" },
				"west": { "uv": [ 12.875, 10.25, 13, 11.25 ], "texture": "#voxels_atlas" },
				"east": { "uv": [ 13.375, 10.25, 13.25, 11.25 ], "texture": "#voxels_atlas" }
			}
		},
		{
			"__comment": "Voxels",
			"from": [ 9, -2, -9 ],
			"to": [ 9.5, 11.5, -8.5 ],
			"faces": {
				"down": { "uv": [ 15.375, 8.75, 15.5, 9 ], "texture": "#voxels_atlas", "cullface": "north" },
				"up": { "uv": [ 14.5, 9, 14.625, 8.75 ], "texture": "#voxels_atlas", "cullface": "north" },
				"north": { "uv": [ 5.375, 9.25, 5.25, 16 ], "texture": "#voxels_atlas", "cullface": "north" },
				"south": { "uv": [ 5.25, 2.5, 5.375, 9.25 ], "texture": "#voxels_atlas", "cullface": "north" },
				"west": { "uv": [ 4.875, 9.25, 5, 16 ], "texture": "#voxels_atlas", "cullface": "north" },
				"east": { "uv": [ 5, 2.5, 4.875, 9.25 ], "texture": "#voxels_atlas", "cullface": "north" }
			}
		},
		{
			"__comment": "Voxels",
			"from": [ 9, 0, -8.5 ],
			"to": [ 9.5, 11.5, -7.5 ],
			"faces": {
				"down": { "uv": [ 11.375, 0.5, 11.5, 1 ], "texture": "#voxels_atlas", "cullface": "north" },
				"up": { "uv": [ 11.375, 1.5, 11.5, 1 ], "texture": "#voxels_atlas", "cullface": "north" },
				"south": { "uv": [ 7.125, 6.25, 7.25, 12 ], "texture": "#voxels_atlas", "cullface": "north" },
				"west": { "uv": [ 2.375, 10.25, 2.625, 16 ], "texture": "#voxels_atlas", "cullface": "north" },
				"east": { "uv": [ 2.625, 4.5, 2.375, 10.25 ], "texture": "#voxels_atlas", "cullface": "north" }
			}
		},
		{
			"__comment": "Voxels",
			"from": [ 9, -0.5, 16.5 ],
			"to": [ 9.5, 13.5, 17 ],
			"rotation": { "origin": [ 8.5, -0.5, 17 ], "axis": "x", "angle": -22.5 },
			"faces": {
				"north": { "uv": [ 4.25, 5.5, 4.125, 12.5 ], "texture": "#voxels_atlas" },
				"south": { "uv": [ 4.25, 5.5, 4.375, 12.5 ], "texture": "#voxels_atlas" },
				"west": { "uv": [ 4.5, 5.5, 4.625, 12.5 ], "texture": "#voxels_atlas" },
				"east": { "uv": [ 4.5, 5.5, 4.375, 12.5 ], "texture": "#voxels_atlas" }
			}
		},
		{
			"__comment": "Voxels",
			"from": [ 9, -0.5, 18 ],
			"to": [ 9.5, 13.5, 18.5 ],
			"rotation": { "origin": [ 8.5, -0.5, 17 ], "axis": "x", "angle": -22.5 },
			"faces": {
				"north": { "uv": [ 4.75, 9, 4.625, 16 ], "texture": "#voxels_atlas", "cullface": "south" },
				"south": { "uv": [ 4.625, 2, 4.75, 9 ], "texture": "#voxels_atlas", "cullface": "south" },
				"west": { "uv": [ 4.75, 9, 4.875, 16 ], "texture": "#voxels_atlas", "cullface": "south" },
				"east": { "uv": [ 4.875, 2, 4.75, 9 ], "texture": "#voxels_atlas", "cullface": "south" }
			}
		},
		{
			"__comment": "Voxels",
			"from": [ 9, 1.5, -7.5 ],
			"to": [ 9.5, 13.5, -6.5 ],
			"faces": {
				"down": { "uv": [ 11.5, 4.75, 11.625, 5.25 ], "texture": "#voxels_atlas", "cullface": "north" },
				"up": { "uv": [ 11.5, 6.75, 11.625, 6.25 ], "texture": "#voxels_atlas", "cullface": "north" },
				"north": { "uv": [ 6.5, 4, 6.375, 10 ], "texture": "#voxels_atlas", "cullface": "north" },
				"south": { "uv": [ 6.5, 10, 6.625, 16 ], "texture": "#voxels_atlas", "cullface": "north" },
				"west": { "uv": [ 1.875, 4, 2.125, 10 ], "texture": "#voxels_atlas", "cullface": "north" },
				"east": { "uv": [ 2.125, 10, 1.875, 16 ], "texture": "#voxels_atlas", "cullface": "north" }
			}
		},
		{
			"__comment": "Voxels",
			"from": [ 9, 3.5, -6.5 ],
			"to": [ 9.5, 15.5, -5 ],
			"faces": {
				"down": { "uv": [ 11, 7.25, 11.125, 8 ], "texture": "#voxels_atlas", "cullface": "north" },
				"up": { "uv": [ 15.25, 15.25, 15.375, 14.5 ], "texture": "#voxels_atlas", "cullface": "north" },
				"north": { "uv": [ 6.625, 4, 6.5, 10 ], "texture": "#voxels_atlas", "cullface": "north" },
				"south": { "uv": [ 6.375, 10, 6.5, 16 ], "texture": "#voxels_atlas", "cullface": "north" },
				"west": { "uv": [ 0.375, 4, 0.75, 10 ], "texture": "#voxels_atlas", "cullface": "north" },
				"east": { "uv": [ 1.125, 10, 0.75, 16 ], "texture": "#voxels_atlas", "cullface": "north" }
			}
		},
		{
			"__comment": "Voxels",
			"from": [ 9, 6, -5 ],
			"to": [ 9.5, 18.5, -4 ],
			"faces": {
				"down": { "uv": [ 11.5, 5.25, 11.625, 5.75 ], "texture": "#voxels_atlas", "cullface": "north" },
				"up": { "uv": [ 11.375, 4, 11.5, 3.5 ], "texture": "#voxels_atlas", "cullface": "north" },
				"north": { "uv": [ 6.375, 7.25, 6.25, 13.5 ], "texture": "#voxels_atlas", "cullface": "north" },
				"south": { "uv": [ 5.75, 1, 5.875, 7.25 ], "texture": "#voxels_atlas", "cullface": "north" },
				"west": { "uv": [ 1.375, 3.5, 1.625, 9.75 ], "texture": "#voxels_atlas", "cullface": "north" },
				"east": { "uv": [ 1.875, 9.75, 1.625, 16 ], "texture": "#voxels_atlas", "cullface": "north" }
			}
		},
		{
			"__comment": "Voxels",
			"from": [ 9, 7.5, -4 ],
			"to": [ 9.5, 20, -3 ],
			"faces": {
				"down": { "uv": [ 11.5, 0.25, 11.625, 0.75 ], "texture": "#voxels_atlas", "cullface": "north" },
				"up": { "uv": [ 11.625, 8.75, 11.75, 8.25 ], "texture": "#voxels_atlas", "cullface": "north" },
				"north": { "uv": [ 5.75, 3.5, 5.625, 9.75 ], "texture": "#voxels_atlas", "cullface": "north" },
				"south": { "uv": [ 6.125, 7.25, 6.25, 13.5 ], "texture": "#voxels_atlas", "cullface": "north" },
				"west": { "uv": [ 1.375, 9.75, 1.625, 16 ], "texture": "#voxels_atlas", "cullface": "north" },
				"east": { "uv": [ 1.875, 3.5, 1.625, 9.75 ], "texture": "#voxels_atlas", "cullface": "north" }
			}
		},
		{
			"__comment": "Voxels",
			"from": [ 9, 9, -3 ],
			"to": [ 9.5, 21, -1.5 ],
			"faces": {
				"down": { "uv": [ 11.25, 6.25, 11.375, 7 ], "texture": "#voxels_atlas", "cullface": "north" },
				"up": { "uv": [ 11.25, 7.75, 11.375, 7 ], "texture": "#voxels_atlas", "cullface": "north" },
				"north": { "uv": [ 7.125, 6, 7, 12 ], "texture": "#voxels_atlas", "cullface": "north" },
				"south": { "uv": [ 6.875, 5, 7, 11 ], "texture": "#voxels_atlas", "cullface": "north" },
				"west": { "uv": [ 0.375, 10, 0.75, 16 ], "texture": "#voxels_atlas", "cullface": "north" },
				"east": { "uv": [ 1.125, 4, 0.75, 10 ], "texture": "#voxels_atlas", "cullface": "north" }
			}
		},
		{
			"__comment": "Voxels",
			"from": [ 9, 10, -1.5 ],
			"to": [ 9.5, 22, -0.5 ],
			"faces": {
				"down": { "uv": [ 11.375, 5, 11.5, 5.5 ], "texture": "#voxels_atlas", "cullface": "north" },
				"up": { "uv": [ 11.375, 6, 11.5, 5.5 ], "texture": "#voxels_atlas", "cullface": "north" },
				"north": { "uv": [ 6.875, 5, 6.75, 11 ], "texture": "#voxels_atlas", "cullface": "north" },
				"south": { "uv": [ 6.625, 5, 6.75, 11 ], "texture": "#voxels_atlas", "cullface": "north" },
				"west": { "uv": [ 2.125, 4, 2.375, 10 ], "texture": "#voxels_atlas", "cullface": "north" },
				"east": { "uv": [ 2.375, 10, 2.125, 16 ], "texture": "#voxels_atlas", "cullface": "north" }
			}
		},
		{
			"__comment": "Voxels",
			"from": [ 9, 10, -0.5 ],
			"to": [ 9.5, 12.5, 0 ],
			"faces": {
				"down": { "uv": [ 14.375, 8.75, 14.5, 9 ], "texture": "#voxels_atlas", "cullface": "north" },
				"up": { "uv": [ 14.25, 9, 14.375, 8.75 ], "texture": "#voxels_atlas", "cullface": "north" },
				"south": { "uv": [ 10.75, 2.5, 10.875, 3.75 ], "texture": "#voxels_atlas", "cullface": "north" },
				"west": { "uv": [ 10.75, 1.25, 10.875, 2.5 ], "texture": "#voxels_atlas", "cullface": "north" },
				"east": { "uv": [ 10.875, 0, 10.75, 1.25 ], "texture": "#voxels_atlas", "cullface": "north" }
			}
		},
		{
			"__comment": "Voxels",
			"from": [ 9, 13, 3 ],
			"to": [ 9.5, 17.5, 4 ],
			"faces": {
				"down": { "uv": [ 11.5, 2.25, 11.625, 2.75 ], "texture": "#voxels_atlas", "cullface": "up" },
				"north": { "uv": [ 4.625, 3.25, 4.5, 5.5 ], "texture": "#voxels_atlas", "cullface": "up" },
				"south": { "uv": [ 4.5, 1, 4.625, 3.25 ], "texture": "#voxels_atlas", "cullface": "up" },
				"west": { "uv": [ 8, 8.25, 8.25, 10.5 ], "texture": "#voxels_atlas", "cullface": "up" },
				"east": { "uv": [ 8, 8.25, 7.75, 10.5 ], "texture": "#voxels_atlas", "cullface": "up" }
			}
		},
		{
			"__comment": "Voxels",
			"from": [ 9, 13.5, 4 ],
			"to": [ 9.5, 17.5, 4.5 ],
			"faces": {
				"down": { "uv": [ 11.625, 6, 11.75, 6.25 ], "texture": "#voxels_atlas", "cullface": "up" },
				"south": { "uv": [ 9.5, 0, 9.625, 2 ], "texture": "#voxels_atlas", "cullface": "up" },
				"west": { "uv": [ 9.625, 2, 9.75, 4 ], "texture": "#voxels_atlas", "cullface": "up" },
				"east": { "uv": [ 9.625, 6, 9.5, 8 ], "texture": "#voxels_atlas", "cullface": "up" }
			}
		},
		{
			"__comment": "Voxels",
			"from": [ 9, 13.5, 7.5 ],
			"to": [ 9.5, 17.5, 8.5 ],
			"faces": {
				"down": { "uv": [ 11.375, 6.5, 11.5, 7 ], "texture": "#voxels_atlas", "cullface": "up" },
				"up": { "uv": [ 11.375, 6.5, 11.5, 6 ], "texture": "#voxels_atlas", "cullface": "up" },
				"north": { "uv": [ 9.625, 2, 9.5, 4 ], "texture": "#voxels_atlas", "cullface": "up" },
				"south": { "uv": [ 9.625, 4, 9.75, 6 ], "texture": "#voxels_atlas", "cullface": "up" },
				"west": { "uv": [ 1.125, 0, 1.375, 2 ], "texture": "#voxels_atlas", "cullface": "up" },
				"east": { "uv": [ 8.625, 3.5, 8.375, 5.5 ], "texture": "#voxels_atlas", "cullface": "up" }
			}
		},
		{
			"__comment": "Voxels",
			"from": [ 9, 14, 2 ],
			"to": [ 9.5, 18, 3 ],
			"faces": {
				"down": { "uv": [ 11.25, 1, 11.375, 1.5 ], "texture": "#voxels_atlas", "cullface": "up" },
				"north": { "uv": [ 9.625, 4, 9.5, 6 ], "texture": "#voxels_atlas", "cullface": "up" },
				"south": { "uv": [ 9.625, 6, 9.75, 8 ], "texture": "#voxels_atlas", "cullface": "up" },
				"west": { "uv": [ 8.375, 1.5, 8.625, 3.5 ], "texture": "#voxels_atlas", "cullface": "up" },
				"east": { "uv": [ 8.875, 12.5, 8.625, 14.5 ], "texture": "#voxels_atlas", "cullface": "up" }
			}
		},
		{
			"__comment": "Voxels",
			"from": [ 9, 14, 6.5 ],
			"to": [ 9.5, 18, 7 ],
			"faces": {
				"down": { "uv": [ 11.625, 1.5, 11.75, 1.75 ], "texture": "#voxels_atlas", "cullface": "up" },
				"north": { "uv": [ 6.375, 5.25, 6.25, 7.25 ], "texture": "#voxels_atlas", "cullface": "up" },
				"south": { "uv": [ 4.75, 0, 4.875, 2 ], "texture": "#voxels_atlas", "cullface": "up" },
				"west": { "uv": [ 9.625, 8, 9.75, 10 ], "texture": "#voxels_atlas", "cullface": "up" },
				"east": { "uv": [ 6.375, 3.25, 6.25, 5.25 ], "texture": "#voxels_atlas", "cullface": "up" }
			}
		},
		{
			"__comment": "Voxels",
			"from": [ 9, 14, 7 ],
			"to": [ 9.5, 17.5, 7.5 ],
			"faces": {
				"down": { "uv": [ 11.625, 0, 11.75, 0.25 ], "texture": "#voxels_atlas", "cullface": "up" },
				"west": { "uv": [ 9.875, 5.5, 10, 7.25 ], "texture": "#voxels_atlas", "cullface": "up" },
				"east": { "uv": [ 10.375, 10.5, 10.25, 12.25 ], "texture": "#voxels_atlas", "cullface": "up" }
			}
		},
		{
			"__comment": "Voxels",
			"from": [ 9, 14, 8.5 ],
			"to": [ 9.5, 16.5, 9 ],
			"faces": {
				"down": { "uv": [ 11.625, 0.5, 11.75, 0.75 ], "texture": "#voxels_atlas", "cullface": "up" },
				"south": { "uv": [ 11.5, 10, 11.625, 11.25 ], "texture": "#voxels_atlas", "cullface": "up" },
				"west": { "uv": [ 11.625, 10, 11.75, 11.25 ], "texture": "#voxels_atlas", "cullface": "up" },
				"east": { "uv": [ 11.875, 10, 11.75, 11.25 ], "texture": "#voxels_atlas", "cullface": "up" }
			}
		},
		{
			"__comment": "Voxels",
			"from": [ 9, 14.5, -0.5 ],
			"to": [ 9.5, 17, 2 ],
			"faces": {
				"down": { "uv": [ 11.875, 10, 12, 11.25 ], "texture": "#voxels_atlas", "cullface": "north" },
				"up": { "uv": [ 12, 11.25, 12.125, 10 ], "texture": "#voxels_atlas", "cullface": "north" },
				"west": { "uv": [ 5.75, 13.5, 6.375, 14.75 ], "texture": "#voxels_atlas", "cullface": "north" },
				"east": { "uv": [ 6.375, 14.75, 5.75, 16 ], "texture": "#voxels_atlas", "cullface": "north" }
			}
		},
		{
			"__comment": "Voxels",
			"from": [ 9, 14.5, 4.5 ],
			"to": [ 9.5, 18.5, 6 ],
			"faces": {
				"down": { "uv": [ 11.25, 4.75, 11.375, 5.5 ], "texture": "#voxels_atlas", "cullface": "up" },
				"north": { "uv": [ 4.75, 0, 4.625, 2 ], "texture": "#voxels_atlas", "cullface": "up" },
				"south": { "uv": [ 9.5, 8, 9.625, 10 ], "texture": "#voxels_atlas", "cullface": "up" },
				"west": { "uv": [ 7, 12, 7.375, 14 ], "texture": "#voxels_atlas", "cullface": "up" },
				"east": { "uv": [ 7.375, 14, 7, 16 ], "texture": "#voxels_atlas", "cullface": "up" }
			}
		},
		{
			"__comment": "Voxels",
			"from": [ 9, 14.5, 6 ],
			"to": [ 9.5, 18, 6.5 ],
			"faces": {
				"down": { "uv": [ 15, 8.75, 15.125, 9 ], "texture": "#voxels_atlas", "cullface": "up" },
				"west": { "uv": [ 10.25, 8.75, 10.375, 10.5 ], "texture": "#voxels_atlas", "cullface": "up" },
				"east": { "uv": [ 10.25, 3.5, 10.125, 5.25 ], "texture": "#voxels_atlas", "cullface": "up" }
			}
		},
		{
			"__comment": "Voxels",
			"from": [ 9, 17, 0.5 ],
			"to": [ 9.5, 17.5, 2 ],
			"faces": {
				"west": { "uv": [ 0.375, 0, 0.75, 0.25 ], "texture": "#voxels_atlas", "cullface": "up" },
				"east": { "uv": [ 1.125, 0, 0.75, 0.25 ], "texture": "#voxels_atlas", "cullface": "up" }
			}
		},
		{
			"__comment": "Voxels",
			"from": [ 9, 18, -0.5 ],
			"to": [ 9.5, 23, 0 ],
			"faces": {
				"up": { "uv": [ 14.625, 9, 14.75, 8.75 ], "texture": "#voxels_atlas" },
				"north": { "uv": [ 8.375, 0, 8.25, 2.5 ], "texture": "#voxels_atlas" },
				"south": { "uv": [ 5.25, 0, 5.375, 2.5 ], "texture": "#voxels_atlas" },
				"west": { "uv": [ 9.375, 0.5, 9.5, 3 ], "texture": "#voxels_atlas" },
				"east": { "uv": [ 5, 0, 4.875, 2.5 ], "texture": "#voxels_atlas" }
			}
		},
		{
			"__comment": "Voxels",
			"from": [ 9, 18.5, 0 ],
			"to": [ 9.5, 24, 0.5 ],
			"faces": {
				"up": { "uv": [ 12.875, 10.25, 13, 10 ], "texture": "#voxels_atlas", "cullface": "up" },
				"north": { "uv": [ 9.25, 1.75, 9.125, 4.5 ], "texture": "#voxels_atlas", "cullface": "up" },
				"south": { "uv": [ 9.375, 10.75, 9.5, 13.5 ], "texture": "#voxels_atlas", "cullface": "up" },
				"west": { "uv": [ 9.375, 8, 9.5, 10.75 ], "texture": "#voxels_atlas", "cullface": "up" },
				"east": { "uv": [ 9.375, 1.75, 9.25, 4.5 ], "texture": "#voxels_atlas", "cullface": "up" }
			}
		},
		{
			"__comment": "Voxels",
			"from": [ 9, 19, 0.5 ],
			"to": [ 9.5, 25, 1.5 ],
			"faces": {
				"up": { "uv": [ 11.375, 8, 11.5, 7.5 ], "texture": "#voxels_atlas", "cullface": "up" },
				"north": { "uv": [ 7, 11, 6.875, 14 ], "texture": "#voxels_atlas", "cullface": "up" },
				"south": { "uv": [ 9.25, 4.75, 9.375, 7.75 ], "texture": "#voxels_atlas", "cullface": "up" },
				"west": { "uv": [ 2.375, 1.5, 2.625, 4.5 ], "texture": "#voxels_atlas", "cullface": "up" },
				"east": { "uv": [ 6.875, 11, 6.625, 14 ], "texture": "#voxels_atlas", "cullface": "up" }
			}
		},
		{
			"__comment": "Voxels",
			"from": [ 9, 19, 15 ],
			"to": [ 9.5, 19.5, 16 ],
			"faces": {
				"down": { "uv": [ 11.5, 5.75, 11.625, 6.25 ], "texture": "#voxels_atlas", "cullface": "up" },
				"up": { "uv": [ 11.5, 4.75, 11.625, 4.25 ], "texture": "#voxels_atlas", "cullface": "up" },
				"south": { "uv": [ 9.25, 4.5, 9.375, 4.75 ], "texture": "#voxels_atlas", "cullface": "up" },
				"west": { "uv": [ 2.125, 0, 2.375, 0.25 ], "texture": "#voxels_atlas", "cullface": "up" },
				"east": { "uv": [ 14.125, 10, 13.875, 10.25 ], "texture": "#voxels_atlas", "cullface": "up" }
			}
		},
		{
			"__comment": "Voxels",
			"from": [ 9, 19.5, 1.5 ],
			"to": [ 9.5, 27, 2.5 ],
			"faces": {
				"down": { "uv": [ 9.375, 0, 9.5, 0.5 ], "texture": "#voxels_atlas", "cullface": "up" },
				"up": { "uv": [ 11, 0.5, 11.125, 0 ], "texture": "#voxels_atlas", "cullface": "up" },
				"north": { "uv": [ 8.875, 8.75, 8.75, 12.5 ], "texture": "#voxels_atlas", "cullface": "up" },
				"south": { "uv": [ 8.625, 5, 8.75, 8.75 ], "texture": "#voxels_atlas", "cullface": "up" },
				"west": { "uv": [ 1.875, 0.25, 2.125, 4 ], "texture": "#voxels_atlas", "cullface": "up" },
				"east": { "uv": [ 2.375, 0.25, 2.125, 4 ], "texture": "#voxels_atlas", "cullface": "up" }
			}
		},
		{
			"__comment": "Voxels",
			"from": [ 9, 19.5, 15.5 ],
			"to": [ 9.5, 20.5, 16 ],
			"faces": {
				"south": { "uv": [ 11.375, 2.5, 11.5, 3 ], "texture": "#voxels_atlas", "cullface": "up" },
				"west": { "uv": [ 11.375, 2, 11.5, 2.5 ], "texture": "#voxels_atlas", "cullface": "up" },
				"east": { "uv": [ 11.5, 1.5, 11.375, 2 ], "texture": "#voxels_atlas", "cullface": "up" }
			}
		},
		{
			"__comment": "Voxels",
			"from": [ 9, 20, 16 ],
			"to": [ 9.5, 23.5, 18 ],
			"faces": {
				"down": { "uv": [ 15.5, 10.25, 15.625, 11.25 ], "texture": "#voxels_atlas" },
				"up": { "uv": [ 14.125, 11.25, 14.25, 10.25 ], "texture": "#voxels_atlas" },
				"north": { "uv": [ 10.125, 0.25, 10, 2 ], "texture": "#voxels_atlas" },
				"south": { "uv": [ 9.875, 0.25, 10, 2 ], "texture": "#voxels_atlas" },
				"west": { "uv": [ 4.125, 14.25, 4.625, 16 ], "texture": "#voxels_atlas" },
				"east": { "uv": [ 4.625, 12.5, 4.125, 14.25 ], "texture": "#voxels_atlas" }
			}
		},
		{
			"__comment": "Voxels",
			"from": [ 9, 20.5, 2.5 ],
			"to": [ 9.5, 28, 3 ],
			"faces": {
				"up": { "uv": [ 15.5, 9, 15.625, 8.75 ], "texture": "#voxels_atlas", "cullface": "up" },
				"north": { "uv": [ 8.875, 5, 8.75, 8.75 ], "texture": "#voxels_atlas", "cullface": "up" },
				"south": { "uv": [ 8.625, 1.25, 8.75, 5 ], "texture": "#voxels_atlas", "cullface": "up" },
				"west": { "uv": [ 8.75, 1.25, 8.875, 5 ], "texture": "#voxels_atlas", "cullface": "up" },
				"east": { "uv": [ 8.75, 8.75, 8.625, 12.5 ], "texture": "#voxels_atlas", "cullface": "up" }
			}
		},
		{
			"__comment": "Voxels",
			"from": [ 9, 20.5, 14 ],
			"to": [ 9.5, 23.5, 14.5 ],
			"faces": {
				"north": { "uv": [ 10.5, 10.75, 10.375, 12.25 ], "texture": "#voxels_atlas", "cullface": "up" },
				"south": { "uv": [ 10.25, 0.25, 10.375, 1.75 ], "texture": "#voxels_atlas", "cullface": "up" },
				"west": { "uv": [ 8.125, 0.75, 8.25, 2.25 ], "texture": "#voxels_atlas", "cullface": "up" },
				"east": { "uv": [ 10.5, 3.25, 10.375, 4.75 ], "texture": "#voxels_atlas", "cullface": "up" }
			}
		},
		{
			"__comment": "Voxels",
			"from": [ 9, 21, 14.5 ],
			"to": [ 9.5, 23.5, 15 ],
			"faces": {
				"up": { "uv": [ 13, 8.75, 13.125, 8.5 ], "texture": "#voxels_atlas", "cullface": "up" },
				"south": { "uv": [ 10.625, 9, 10.75, 10.25 ], "texture": "#voxels_atlas", "cullface": "up" },
				"west": { "uv": [ 10.625, 7.75, 10.75, 9 ], "texture": "#voxels_atlas", "cullface": "up" },
				"east": { "uv": [ 10.75, 4, 10.625, 5.25 ], "texture": "#voxels_atlas", "cullface": "up" }
			}
		},
		{
			"__comment": "Voxels",
			"from": [ 9, 21, 18 ],
			"to": [ 9.5, 24.5, 19 ],
			"faces": {
				"down": { "uv": [ 11.375, 4.5, 11.5, 5 ], "texture": "#voxels_atlas" },
				"up": { "uv": [ 11.375, 4.5, 11.5, 4 ], "texture": "#voxels_atlas" },
				"north": { "uv": [ 9.875, 1, 9.75, 2.75 ], "texture": "#voxels_atlas" },
				"south": { "uv": [ 9.75, 4.5, 9.875, 6.25 ], "texture": "#voxels_atlas" },
				"west": { "uv": [ 9.125, 12.75, 9.375, 14.5 ], "texture": "#voxels_atlas" },
				"east": { "uv": [ 9.375, 11, 9.125, 12.75 ], "texture": "#voxels_atlas" }
			}
		},
		{
			"__comment": "Voxels",
			"from": [ 9, 21.5, 3 ],
			"to": [ 9.5, 25, 3.5 ],
			"faces": {
				"up": { "uv": [ 10.25, 0.25, 10.375, 0 ], "texture": "#voxels_atlas", "cullface": "up" },
				"south": { "uv": [ 10.125, 0, 10.25, 1.75 ], "texture": "#voxels_atlas", "cullface": "up" },
				"west": { "uv": [ 10.25, 1.75, 10.375, 3.5 ], "texture": "#voxels_atlas", "cullface": "up" },
				"east": { "uv": [ 10.375, 3.5, 10.25, 5.25 ], "texture": "#voxels_atlas", "cullface": "up" }
			}
		},
		{
			"__comment": "Voxels",
			"from": [ 9, 21.5, 3.5 ],
			"to": [ 9.5, 24, 4 ],
			"faces": {
				"up": { "uv": [ 10.625, 0.25, 10.75, 0 ], "texture": "#voxels_atlas", "cullface": "up" },
				"south": { "uv": [ 10.625, 1.5, 10.75, 2.75 ], "texture": "#voxels_atlas", "cullface": "up" },
				"west": { "uv": [ 10.625, 0.25, 10.75, 1.5 ], "texture": "#voxels_atlas", "cullface": "up" },
				"east": { "uv": [ 10.875, 10, 10.75, 11.25 ], "texture": "#voxels_atlas", "cullface": "up" }
			}
		},
		{
			"__comment": "Voxels",
			"from": [ 9, 21.5, 4 ],
			"to": [ 9.5, 23, 5.5 ],
			"faces": {
				"down": { "uv": [ 10.875, 2.75, 11, 3.5 ], "texture": "#voxels_atlas", "cullface": "up" },
				"up": { "uv": [ 11, 3.5, 11.125, 2.75 ], "texture": "#voxels_atlas", "cullface": "up" },
				"south": { "uv": [ 11, 2, 11.125, 2.75 ], "texture": "#voxels_atlas", "cullface": "up" },
				"west": { "uv": [ 10.75, 13.75, 11.125, 14.5 ], "texture": "#voxels_atlas", "cullface": "up" },
				"east": { "uv": [ 14.25, 12.75, 13.875, 13.5 ], "texture": "#voxels_atlas", "cullface": "up" }
			}
		},
		{
			"__comment": "Voxels",
			"from": [ 9, 21.5, 15 ],
			"to": [ 9.5, 23, 15.5 ],
			"faces": {
				"up": { "uv": [ 13.5, 10.25, 13.625, 10 ], "texture": "#voxels_atlas", "cullface": "up" },
				"south": { "uv": [ 11, 1.25, 11.125, 2 ], "texture": "#voxels_atlas", "cullface": "up" },
				"west": { "uv": [ 10.875, 0.5, 11, 1.25 ], "texture": "#voxels_atlas", "cullface": "up" },
				"east": { "uv": [ 11.125, 0.5, 11, 1.25 ], "texture": "#voxels_atlas", "cullface": "up" }
			}
		},
		{
			"__comment": "Voxels",
			"from": [ 9, 21.5, 19 ],
			"to": [ 9.5, 24.5, 19.5 ],
			"faces": {
				"down": { "uv": [ 15.125, 10, 15.25, 10.25 ], "texture": "#voxels_atlas" },
				"up": { "uv": [ 15.25, 10.25, 15.375, 10 ], "texture": "#voxels_atlas" },
				"south": { "uv": [ 10.5, 4, 10.625, 5.5 ], "texture": "#voxels_atlas" },
				"west": { "uv": [ 10.5, 5.5, 10.625, 7 ], "texture": "#voxels_atlas" },
				"east": { "uv": [ 10.625, 7, 10.5, 8.5 ], "texture": "#voxels_atlas" }
			}
		},
		{
			"__comment": "Voxels",
			"from": [ 9, 22, 5.5 ],
			"to": [ 9.5, 22.5, 6 ],
			"faces": {
				"up": { "uv": [ 11.875, 9, 12, 8.75 ], "texture": "#voxels_atlas", "cullface": "up" },
				"west": { "uv": [ 12.25, 8.75, 12.375, 9 ], "texture": "#voxels_atlas", "cullface": "up" },
				"east": { "uv": [ 12.5, 8.75, 12.375, 9 ], "texture": "#voxels_atlas", "cullface": "up" }
			}
		},
		{
			"__comment": "Voxels",
			"from": [ 9, 22, 15.5 ],
			"to": [ 9.5, 23, 16 ],
			"faces": {
				"up": { "uv": [ 12.625, 9, 12.75, 8.75 ], "texture": "#voxels_atlas", "cullface": "up" },
				"west": { "uv": [ 11.5, 7.75, 11.625, 8.25 ], "texture": "#voxels_atlas", "cullface": "up" },
				"east": { "uv": [ 11.625, 7.25, 11.5, 7.75 ], "texture": "#voxels_atlas", "cullface": "up" }
			}
		},
		{
			"__comment": "Voxels",
			"from": [ 9, 22, 19.5 ],
			"to": [ 9.5, 24.5, 20.5 ],
			"faces": {
				"down": { "uv": [ 10.875, 0, 11, 0.5 ], "texture": "#voxels_atlas" },
				"up": { "uv": [ 11.5, 7.25, 11.625, 6.75 ], "texture": "#voxels_atlas" },
				"south": { "uv": [ 10.75, 7.5, 10.875, 8.75 ], "texture": "#voxels_atlas" },
				"west": { "uv": [ 9.125, 0.5, 9.375, 1.75 ], "texture": "#voxels_atlas" },
				"east": { "uv": [ 9.75, 12.25, 9.5, 13.5 ], "texture": "#voxels_atlas" }
			}
		},
		{
			"__comment": "Voxels",
			"from": [ 9, 22.5, 20.5 ],
			"to": [ 9.5, 25, 22 ],
			"faces": {
				"down": { "uv": [ 11.125, 9, 11.25, 9.75 ], "texture": "#voxels_atlas" },
				"up": { "uv": [ 11.125, 7.5, 11.25, 6.75 ], "texture": "#voxels_atlas" },
				"north": { "uv": [ 10.875, 6.25, 10.75, 7.5 ], "texture": "#voxels_atlas" },
				"south": { "uv": [ 10.75, 5, 10.875, 6.25 ], "texture": "#voxels_atlas" },
				"west": { "uv": [ 10.25, 14.75, 10.625, 16 ], "texture": "#voxels_atlas" },
				"east": { "uv": [ 9.5, 14.75, 9.125, 16 ], "texture": "#voxels_atlas" }
			}
		},
		{
			"__comment": "Voxels",
			"from": [ 9, 23, 22 ],
			"to": [ 9.5, 25, 23.5 ],
			"faces": {
				"down": { "uv": [ 11.125, 5.25, 11.25, 6 ], "texture": "#voxels_atlas" },
				"up": { "uv": [ 11.125, 5.25, 11.25, 4.5 ], "texture": "#voxels_atlas" },
				"south": { "uv": [ 13.375, 10.25, 13.5, 11.25 ], "texture": "#voxels_atlas" },
				"west": { "uv": [ 9.375, 13.5, 9.75, 14.5 ], "texture": "#voxels_atlas" },
				"east": { "uv": [ 15.75, 15, 15.375, 16 ], "texture": "#voxels_atlas" }
			}
		},
		{
			"__comment": "Voxels",
			"from": [ 9, 23.5, 16.5 ],
			"to": [ 9.5, 24, 18 ],
			"faces": {
				"up": { "uv": [ 11.125, 3.75, 11.25, 3 ], "texture": "#voxels_atlas" },
				"north": { "uv": [ 15.875, 8.75, 15.75, 9 ], "texture": "#voxels_atlas" },
				"west": { "uv": [ 15.375, 9.5, 15.75, 9.75 ], "texture": "#voxels_atlas" },
				"east": { "uv": [ 12.375, 9.25, 12, 9.5 ], "texture": "#voxels_atlas" }
			}
		},
		{
			"__comment": "Voxels",
			"from": [ 9, 23.5, 23.5 ],
			"to": [ 9.5, 25, 25 ],
			"faces": {
				"down": { "uv": [ 11.125, 2.25, 11.25, 3 ], "texture": "#voxels_atlas" },
				"up": { "uv": [ 11.125, 2.25, 11.25, 1.5 ], "texture": "#voxels_atlas" },
				"south": { "uv": [ 11.125, 0, 11.25, 0.75 ], "texture": "#voxels_atlas" },
				"west": { "uv": [ 11.125, 13.75, 11.5, 14.5 ], "texture": "#voxels_atlas" },
				"east": { "uv": [ 11.875, 13.75, 11.5, 14.5 ], "texture": "#voxels_atlas" }
			}
		},
		{
			"__comment": "Voxels",
			"from": [ 9, 23.5, 25 ],
			"to": [ 9.5, 24.5, 26.5 ],
			"faces": {
				"down": { "uv": [ 11.25, 7.75, 11.375, 8.5 ], "texture": "#voxels_atlas" },
				"up": { "uv": [ 11.25, 6.25, 11.375, 5.5 ], "texture": "#voxels_atlas" },
				"south": { "uv": [ 11.5, 3.25, 11.625, 3.75 ], "texture": "#voxels_atlas" },
				"west": { "uv": [ 15, 12.25, 15.375, 12.75 ], "texture": "#voxels_atlas" },
				"east": { "uv": [ 15, 12.25, 14.625, 12.75 ], "texture": "#voxels_atlas" }
			}
		},
		{
			"__comment": "Voxels",
			"from": [ 9, 24.5, 20 ],
			"to": [ 9.5, 25, 20.5 ],
			"faces": {
				"up": { "uv": [ 11.625, 4.25, 11.75, 4 ], "texture": "#voxels_atlas" },
				"north": { "uv": [ 11.75, 3.75, 11.625, 4 ], "texture": "#voxels_atlas" },
				"west": { "uv": [ 11.625, 3.25, 11.75, 3.5 ], "texture": "#voxels_atlas" },
				"east": { "uv": [ 11.75, 3, 11.625, 3.25 ], "texture": "#voxels_atlas" }
			}
		},
		{
			"__comment": "Voxels",
			"from": [ 9, 25, 1 ],
			"to": [ 9.5, 26, 1.5 ],
			"faces": {
				"up": { "uv": [ 11.625, 2.75, 11.75, 2.5 ], "texture": "#voxels_atlas", "cullface": "up" },
				"north": { "uv": [ 11.375, 0.5, 11.25, 1 ], "texture": "#voxels_atlas", "cullface": "up" },
				"west": { "uv": [ 11.5, 1.25, 11.625, 1.75 ], "texture": "#voxels_atlas", "cullface": "up" },
				"east": { "uv": [ 11.625, 0.75, 11.5, 1.25 ], "texture": "#voxels_atlas", "cullface": "up" }
			}
		},
		{
			"__comment": "Voxels",
			"from": [ 9, 26, 3 ],
			"to": [ 9.5, 28, 3.5 ],
			"faces": {
				"down": { "uv": [ 11.625, 1.25, 11.75, 1.5 ], "texture": "#voxels_atlas", "cullface": "up" },
				"up": { "uv": [ 11.625, 1.25, 11.75, 1 ], "texture": "#voxels_atlas", "cullface": "up" },
				"south": { "uv": [ 6.25, 0, 6.375, 1 ], "texture": "#voxels_atlas", "cullface": "up" },
				"west": { "uv": [ 11, 8, 11.125, 9 ], "texture": "#voxels_atlas", "cullface": "up" },
				"east": { "uv": [ 11, 8, 10.875, 9 ], "texture": "#voxels_atlas", "cullface": "up" }
			}
		},
		{
			"__comment": "Voxels",
			"from": [ 9, 27, 2 ],
			"to": [ 9.5, 27.5, 2.5 ],
			"faces": {
				"up": { "uv": [ 11.875, 8.75, 12, 8.5 ], "texture": "#voxels_atlas", "cullface": "up" },
				"north": { "uv": [ 12.125, 8.5, 12, 8.75 ], "texture": "#voxels_atlas", "cullface": "up" },
				"west": { "uv": [ 12.25, 8.5, 12.375, 8.75 ], "texture": "#voxels_atlas", "cullface": "up" },
				"east": { "uv": [ 12.5, 8.5, 12.375, 8.75 ], "texture": "#voxels_atlas", "cullface": "up" }
			}
		},
		{
			"__comment": "Voxels",
			"from": [ 9.5, -7.5, 17 ],
			"to": [ 10, 0, 17.5 ],
			"faces": {
				"down": { "uv": [ 12.5, 8.5, 12.625, 8.75 ], "texture": "#voxels_atlas" },
				"up": { "uv": [ 12.625, 8.75, 12.75, 8.5 ], "texture": "#voxels_atlas" },
				"north": { "uv": [ 9, 3.25, 8.875, 7 ], "texture": "#voxels_atlas" },
				"east": { "uv": [ 9.125, 10.75, 9, 14.5 ], "texture": "#voxels_atlas" }
			}
		}
	],
	"display": {
		"thirdperson_righthand": {
			"rotation":  [ 46, 0, 0 ],
			"translation":  [ -0.5, 3, 0 ],
			"scale":  [ 0.5, 0.5, 0.5 ]
		},
		"thirdperson_lefthand": {
			"rotation":  [ 0, 75, 75 ],
			"translation":  [ -10, -6, 9 ],
			"scale":  [ 0.5, 0.5, 0.5 ]
		},
		"firstperson_righthand": {
			"translation":  [ 0, 7, 2 ],
			"scale":  [ 0.4, 0.4, 0.4 ]
		},
		"firstperson_lefthand": {
			"translation":  [ 0, 7, 2 ],
			"scale":  [ 0.4, 0.4, 0.4 ]
		},
		"gui": {
			"rotation":  [ 90, -90, 90 ],
			"scale":  [ 0.4, 0.4, 0.4 ]
		},
		"ground": {
			"rotation":  [ -120, 0, 0 ],
			"translation":  [ 0, 3.5, 0 ],
			"scale":  [ 0.4, 0.4, 0.4 ]
		},
		"fixed": {
			"rotation":  [ 0, 90, 0 ],
			"scale":  [ 0.4, 0.4, 0.4 ]
		}
	}
}