{
	"__comment": "Designed by Elo106 with Cubik Studio - https://cubik.studio",
	"textures": {
		"particle": "items/windblade",
		"texture": "items/windblade",
		"voxels_atlas": "items/windblade",
		"windbladerune": "items/windbladerune"
	},
	"elements": [ 	 
		{
			"__comment": "Voxels",
			"from": [ -2.25, 9, 7.5 ],
			"to": [ -1, 9.25, 7.75 ],
			"faces": {
				"down": { "uv": [ 2.75, 5.125, 3.375, 5.25 ], "texture": "#voxels_atlas", "cullface": "west" },
				"up": { "uv": [ 2.75, 3.125, 3.375, 3 ], "texture": "#voxels_atlas", "cullface": "west" },
				"north": { "uv": [ 3.375, 3.125, 2.75, 3.25 ], "texture": "#voxels_atlas", "cullface": "west" },
				"south": { "uv": [ 2.75, 3.25, 3.375, 3.375 ], "texture": "#voxels_atlas", "cullface": "west" },
				"west": { "uv": [ 3.625, 1.125, 3.75, 1.25 ], "texture": "#voxels_atlas", "cullface": "west" },
				"east": { "uv": [ 3.625, 1.125, 3.5, 1.25 ], "texture": "#voxels_atlas", "cullface": "west" }
			}
		},
		{
			"__comment": "Voxels",
			"from": [ -2.25, 9, 7.75 ],
			"to": [ -1.25, 9.25, 8.5 ],
			"faces": {
				"down": { "uv": [ 0, 6.125, 0.5, 6.5 ], "texture": "#voxels_atlas", "cullface": "west" },
				"up": { "uv": [ 0, 9.375, 0.5, 9 ], "texture": "#voxels_atlas", "cullface": "west" },
				"south": { "uv": [ 3.375, 8.75, 3.875, 8.875 ], "texture": "#voxels_atlas", "cullface": "west" },
				"west": { "uv": [ 3, 5.375, 3.375, 5.5 ], "texture": "#voxels_atlas", "cullface": "west" },
				"east": { "uv": [ 3.375, 5.5, 3, 5.625 ], "texture": "#voxels_atlas", "cullface": "west" }
			}
		},
		{
			"__comment": "Voxels",
			"from": [ -2.25, 9.25, 7.5 ],
			"to": [ -1.25, 9.5, 7.75 ],
			"faces": {
				"up": { "uv": [ 3.375, 8.625, 3.875, 8.5 ], "texture": "#voxels_atlas", "cullface": "west" },
				"north": { "uv": [ 16, 13, 15.5, 13.125 ], "texture": "#voxels_atlas", "cullface": "west" },
				"south": { "uv": [ 2.875, 3.875, 3.375, 4 ], "texture": "#voxels_atlas", "cullface": "west" },
				"west": { "uv": [ 3.375, 1.125, 3.5, 1.25 ], "texture": "#voxels_atlas", "cullface": "west" },
				"east": { "uv": [ 3.875, 1.25, 3.75, 1.375 ], "texture": "#voxels_atlas", "cullface": "west" }
			}
		},
		{
			"__comment": "Voxels",
			"from": [ -2.25, 9.25, 8.25 ],
			"to": [ -1.25, 9.5, 8.5 ],
			"faces": {
				"up": { "uv": [ 2.875, 3.5, 3.375, 3.375 ], "texture": "#voxels_atlas", "cullface": "west" },
				"north": { "uv": [ 3.25, 2.75, 2.75, 2.875 ], "texture": "#voxels_atlas", "cullface": "west" },
				"south": { "uv": [ 1.75, 2.625, 2.25, 2.75 ], "texture": "#voxels_atlas", "cullface": "west" },
				"west": { "uv": [ 3.375, 1.625, 3.5, 1.75 ], "texture": "#voxels_atlas", "cullface": "west" },
				"east": { "uv": [ 3.875, 1.75, 3.75, 1.875 ], "texture": "#voxels_atlas", "cullface": "west" }
			}
		},
		{
			"__comment": "Voxels",
			"from": [ -2, 8.5, 7.75 ],
			"to": [ 18.25, 9, 8.25 ],
			"faces": {
				"down": { "uv": [ 0, 15.75, 10.125, 16 ], "texture": "#voxels_atlas", "cullface": "east" },
				"up": { "uv": [ 0, 15.5, 10.125, 15.25 ], "texture": "#voxels_atlas", "cullface": "east" },
				"north": { "uv": [ 10.125, 15, 0, 15.25 ], "texture": "#voxels_atlas", "cullface": "east" },
				"south": { "uv": [ 0, 15.5, 10.125, 15.75 ], "texture": "#voxels_atlas", "cullface": "east" },
				"west": { "uv": [ 15.75, 15.25, 16, 15.5 ], "texture": "#voxels_atlas", "cullface": "east" },
				"east": { "uv": [ 16, 15, 15.75, 15.25 ], "texture": "#voxels_atlas", "cullface": "east" }
			}
		},
		{
			"__comment": "Voxels",
			"from": [ -2, 8.75, 7.5 ],
			"to": [ -0.75, 9, 7.75 ],
			"faces": {
				"down": { "uv": [ 2.25, 3.5, 2.875, 3.625 ], "texture": "#voxels_atlas", "cullface": "west" },
				"up": { "uv": [ 2.25, 3.75, 2.875, 3.625 ], "texture": "#voxels_atlas", "cullface": "west" },
				"north": { "uv": [ 2.875, 3.75, 2.25, 3.875 ], "texture": "#voxels_atlas", "cullface": "west" },
				"west": { "uv": [ 3.625, 1.75, 3.75, 1.875 ], "texture": "#voxels_atlas", "cullface": "west" },
				"east": { "uv": [ 3.625, 1.75, 3.5, 1.875 ], "texture": "#voxels_atlas", "cullface": "west" }
			}
		},
		{
			"__comment": "Voxels",
			"from": [ -2, 8.75, 8.25 ],
			"to": [ -0.75, 9, 8.5 ],
			"faces": {
				"down": { "uv": [ 2.75, 4.625, 3.375, 4.75 ], "texture": "#voxels_atlas", "cullface": "west" },
				"up": { "uv": [ 2.75, 4.875, 3.375, 4.75 ], "texture": "#voxels_atlas", "cullface": "west" },
				"south": { "uv": [ 2.75, 4.875, 3.375, 5 ], "texture": "#voxels_atlas", "cullface": "west" },
				"west": { "uv": [ 3.625, 1.875, 3.75, 2 ], "texture": "#voxels_atlas", "cullface": "west" },
				"east": { "uv": [ 3.625, 1.875, 3.5, 2 ], "texture": "#voxels_atlas", "cullface": "west" }
			}
		},
		{
			"__comment": "Voxels",
			"from": [ -1.5, 8.5, 7.5 ],
			"to": [ 17.75, 8.75, 7.75 ],
			"faces": {
				"down": { "uv": [ 0, 13.875, 9.625, 14 ], "texture": "#voxels_atlas", "cullface": "east" },
				"up": { "uv": [ 0, 13.375, 9.625, 13.25 ], "texture": "#voxels_atlas", "cullface": "east" },
				"north": { "uv": [ 9.625, 13.75, 0, 13.875 ], "texture": "#voxels_atlas", "cullface": "east" },
				"west": { "uv": [ 3.375, 1.875, 3.5, 2 ], "texture": "#voxels_atlas", "cullface": "east" },
				"east": { "uv": [ 3.875, 2, 3.75, 2.125 ], "texture": "#voxels_atlas", "cullface": "east" }
			}
		},
		{
			"__comment": "Voxels",
			"from": [ -1.5, 8.5, 8.25 ],
			"to": [ 17.75, 8.75, 8.5 ],
			"faces": {
				"down": { "uv": [ 0, 13, 9.625, 13.125 ], "texture": "#voxels_atlas", "cullface": "east" },
				"up": { "uv": [ 0, 13.75, 9.625, 13.625 ], "texture": "#voxels_atlas", "cullface": "east" },
				"south": { "uv": [ 0, 13.125, 9.625, 13.25 ], "texture": "#voxels_atlas", "cullface": "east" },
				"west": { "uv": [ 3.375, 2, 3.5, 2.125 ], "texture": "#voxels_atlas", "cullface": "east" },
				"east": { "uv": [ 3.875, 2.125, 3.75, 2.25 ], "texture": "#voxels_atlas", "cullface": "east" }
			}
		},
		{
			"__comment": "Voxels",
			"from": [ -1.25, 7.5, 7.25 ],
			"to": [ -0.25, 8.25, 7.5 ],
			"faces": {
				"down": { "uv": [ 2.25, 2.125, 2.75, 2.25 ], "texture": "#voxels_atlas", "cullface": "west" },
				"up": { "uv": [ 2.75, 2.25, 3.25, 2.125 ], "texture": "#voxels_atlas", "cullface": "west" },
				"north": { "uv": [ 0.5, 7.5, 0, 7.875 ], "texture": "#voxels_atlas", "cullface": "west" },
				"south": { "uv": [ 0, 8.25, 0.5, 8.625 ], "texture": "#voxels_atlas", "cullface": "west" },
				"west": { "uv": [ 3.125, 1.375, 3.25, 1.75 ], "texture": "#voxels_atlas", "cullface": "west" },
				"east": { "uv": [ 3.125, 1.375, 3, 1.75 ], "texture": "#voxels_atlas", "cullface": "west" }
			}
		},
		{
			"__comment": "Voxels",
			"from": [ -1.25, 7.5, 7.5 ],
			"to": [ -0.5, 8.5, 7.75 ],
			"faces": {
				"down": { "uv": [ 3, 7.5, 3.375, 7.625 ], "texture": "#voxels_atlas", "cullface": "west" },
				"north": { "uv": [ 0.375, 5.625, 0, 6.125 ], "texture": "#voxels_atlas", "cullface": "west" },
				"south": { "uv": [ 0, 10.375, 0.375, 10.875 ], "texture": "#voxels_atlas", "cullface": "west" },
				"west": { "uv": [ 0.375, 9.375, 0.5, 9.875 ], "texture": "#voxels_atlas", "cullface": "west" },
				"east": { "uv": [ 0.625, 9.375, 0.5, 9.875 ], "texture": "#voxels_atlas", "cullface": "west" }
			}
		},
		{
			"__comment": "Voxels",
			"from": [ -1.25, 7.5, 8.25 ],
			"to": [ -0.5, 8.5, 8.5 ],
			"faces": {
				"down": { "uv": [ 1.375, 0.375, 1.75, 0.5 ], "texture": "#voxels_atlas", "cullface": "west" },
				"north": { "uv": [ 0.375, 9.875, 0, 10.375 ], "texture": "#voxels_atlas", "cullface": "west" },
				"south": { "uv": [ 0, 9.375, 0.375, 9.875 ], "texture": "#voxels_atlas", "cullface": "west" },
				"west": { "uv": [ 0.375, 7, 0.5, 7.5 ], "texture": "#voxels_atlas", "cullface": "west" },
				"east": { "uv": [ 0.625, 7, 0.5, 7.5 ], "texture": "#voxels_atlas", "cullface": "west" }
			}
		},
		{
			"__comment": "Voxels",
			"from": [ -1.25, 7.5, 8.5 ],
			"to": [ -0.25, 8.25, 8.75 ],
			"faces": {
				"down": { "uv": [ 1.75, 2, 2.25, 2.125 ], "texture": "#voxels_atlas", "cullface": "west" },
				"up": { "uv": [ 2.25, 2.125, 2.75, 2 ], "texture": "#voxels_atlas", "cullface": "west" },
				"north": { "uv": [ 0.5, 7.875, 0, 8.25 ], "texture": "#voxels_atlas", "cullface": "west" },
				"south": { "uv": [ 0, 8.625, 0.5, 9 ], "texture": "#voxels_atlas", "cullface": "west" },
				"west": { "uv": [ 0.5, 6.125, 0.625, 6.5 ], "texture": "#voxels_atlas", "cullface": "west" },
				"east": { "uv": [ 0.625, 7.5, 0.5, 7.875 ], "texture": "#voxels_atlas", "cullface": "west" }
			}
		},
		{
			"__comment": "Voxels",
			"from": [ -1.25, 8.25, 7.75 ],
			"to": [ 17.75, 8.5, 8.25 ],
			"faces": {
				"down": { "uv": [ 0, 14.75, 9.5, 15 ], "texture": "#voxels_atlas", "cullface": "east" },
				"north": { "uv": [ 9.5, 12.875, 0, 13 ], "texture": "#voxels_atlas", "cullface": "east" },
				"south": { "uv": [ 0, 12.75, 9.5, 12.875 ], "texture": "#voxels_atlas", "cullface": "east" },
				"west": { "uv": [ 3.625, 5.875, 3.875, 6 ], "texture": "#voxels_atlas", "cullface": "east" },
				"east": { "uv": [ 3.875, 5.75, 3.625, 5.875 ], "texture": "#voxels_atlas", "cullface": "east" }
			}
		},
		{
			"__comment": "Voxels",
			"from": [ -1.25, 9, 8.25 ],
			"to": [ -1, 9.25, 8.5 ],
			"faces": {
				"up": { "uv": [ 3.5, 2.25, 3.625, 2.125 ], "texture": "#voxels_atlas", "cullface": "west" },
				"north": { "uv": [ 3.5, 2.125, 3.375, 2.25 ], "texture": "#voxels_atlas", "cullface": "west" },
				"south": { "uv": [ 3.75, 2.25, 3.875, 2.375 ], "texture": "#voxels_atlas", "cullface": "west" },
				"east": { "uv": [ 3.875, 2.375, 3.75, 2.5 ], "texture": "#voxels_atlas", "cullface": "west" }
			}
		},
		{
			"__comment": "Voxels",
			"from": [ -1, 7.25, 7 ],
			"to": [ 0, 7.5, 7.5 ],
			"faces": {
				"down": { "uv": [ 0, 5.125, 0.5, 5.375 ], "texture": "#voxels_atlas", "cullface": "west" },
				"up": { "uv": [ 15.5, 14.75, 16, 14.5 ], "texture": "#voxels_atlas", "cullface": "west" },
				"north": { "uv": [ 3.25, 2, 2.75, 2.125 ], "texture": "#voxels_atlas", "cullface": "west" },
				"south": { "uv": [ 1.75, 1.875, 2.25, 2 ], "texture": "#voxels_atlas", "cullface": "west" },
				"west": { "uv": [ 3.375, 5.625, 3.625, 5.75 ], "texture": "#voxels_atlas", "cullface": "west" },
				"east": { "uv": [ 3.875, 5.625, 3.625, 5.75 ], "texture": "#voxels_atlas", "cullface": "west" }
			}
		},
		{
			"__comment": "Voxels",
			"from": [ -1, 7.25, 8.5 ],
			"to": [ 0, 7.5, 9 ],
			"faces": {
				"down": { "uv": [ 0, 3.625, 0.5, 3.875 ], "texture": "#voxels_atlas", "cullface": "west" },
				"up": { "uv": [ 0, 3.125, 0.5, 2.875 ], "texture": "#voxels_atlas", "cullface": "west" },
				"north": { "uv": [ 2.75, 1.875, 2.25, 2 ], "texture": "#voxels_atlas", "cullface": "west" },
				"south": { "uv": [ 2.75, 1.875, 3.25, 2 ], "texture": "#voxels_atlas", "cullface": "west" },
				"west": { "uv": [ 3.375, 5.5, 3.625, 5.625 ], "texture": "#voxels_atlas", "cullface": "west" },
				"east": { "uv": [ 3.875, 5.5, 3.625, 5.625 ], "texture": "#voxels_atlas", "cullface": "west" }
			}
		},
		{
			"__comment": "Voxels",
			"from": [ -1, 7.5, 7 ],
			"to": [ -0.25, 7.75, 7.25 ],
			"faces": {
				"up": { "uv": [ 3, 8.125, 3.375, 8 ], "texture": "#voxels_atlas", "cullface": "west" },
				"north": { "uv": [ 3.375, 8.375, 3, 8.5 ], "texture": "#voxels_atlas", "cullface": "west" },
				"west": { "uv": [ 3.75, 6.25, 3.875, 6.375 ], "texture": "#voxels_atlas", "cullface": "west" },
				"east": { "uv": [ 3.875, 6.375, 3.75, 6.5 ], "texture": "#voxels_atlas", "cullface": "west" }
			}
		},
		{
			"__comment": "Voxels",
			"from": [ -1, 7.5, 8.75 ],
			"to": [ -0.25, 7.75, 9 ],
			"faces": {
				"up": { "uv": [ 3, 9.125, 3.375, 9 ], "texture": "#voxels_atlas", "cullface": "west" },
				"south": { "uv": [ 3, 10.25, 3.375, 10.375 ], "texture": "#voxels_atlas", "cullface": "west" },
				"west": { "uv": [ 3.75, 6.5, 3.875, 6.625 ], "texture": "#voxels_atlas", "cullface": "west" },
				"east": { "uv": [ 3.375, 1.875, 3.25, 2 ], "texture": "#voxels_atlas", "cullface": "west" }
			}
		},
		{
			"__comment": "Voxels",
			"from": [ -1, 7.75, 7 ],
			"to": [ -0.5, 8.25, 7.25 ],
			"faces": {
				"up": { "uv": [ 3.375, 5.5, 3.625, 5.375 ], "texture": "#voxels_atlas", "cullface": "west" },
				"north": { "uv": [ 0.625, 0.625, 0.375, 0.875 ], "texture": "#voxels_atlas", "cullface": "west" },
				"west": { "uv": [ 1.625, 11.375, 1.75, 11.625 ], "texture": "#voxels_atlas", "cullface": "west" },
				"east": { "uv": [ 1.75, 11.125, 1.625, 11.375 ], "texture": "#voxels_atlas", "cullface": "west" }
			}
		},
		{
			"__comment": "Voxels",
			"from": [ -1, 7.75, 8.75 ],
			"to": [ -0.5, 8.25, 9 ],
			"faces": {
				"up": { "uv": [ 3.375, 5.25, 3.625, 5.125 ], "texture": "#voxels_atlas", "cullface": "west" },
				"south": { "uv": [ 1.5, 10.375, 1.75, 10.625 ], "texture": "#voxels_atlas", "cullface": "west" },
				"west": { "uv": [ 1.625, 10.875, 1.75, 11.125 ], "texture": "#voxels_atlas", "cullface": "west" },
				"east": { "uv": [ 1.75, 10.625, 1.625, 10.875 ], "texture": "#voxels_atlas", "cullface": "west" }
			}
		},
		{
			"__comment": "Voxels",
			"from": [ -1, 8.25, 7.25 ],
			"to": [ -0.25, 8.5, 7.5 ],
			"faces": {
				"up": { "uv": [ 3, 11.625, 3.375, 11.5 ], "texture": "#voxels_atlas", "cullface": "west" },
				"north": { "uv": [ 3.375, 11.625, 3, 11.75 ], "texture": "#voxels_atlas", "cullface": "west" },
				"south": { "uv": [ 1.375, 0, 1.75, 0.125 ], "texture": "#voxels_atlas", "cullface": "west" },
				"west": { "uv": [ 3.25, 2.5, 3.375, 2.625 ], "texture": "#voxels_atlas", "cullface": "west" },
				"east": { "uv": [ 3.375, 2.625, 3.25, 2.75 ], "texture": "#voxels_atlas", "cullface": "west" }
			}
		},
		{
			"__comment": "Voxels",
			"from": [ -1, 8.25, 8.5 ],
			"to": [ -0.25, 8.5, 8.75 ],
			"faces": {
				"up": { "uv": [ 1.375, 0.625, 1.75, 0.5 ], "texture": "#voxels_atlas", "cullface": "west" },
				"north": { "uv": [ 1.75, 1.25, 1.375, 1.375 ], "texture": "#voxels_atlas", "cullface": "west" },
				"south": { "uv": [ 1.375, 1.375, 1.75, 1.5 ], "texture": "#voxels_atlas", "cullface": "west" },
				"west": { "uv": [ 3.25, 2.75, 3.375, 2.875 ], "texture": "#voxels_atlas", "cullface": "west" },
				"east": { "uv": [ 3.375, 5.625, 3.25, 5.75 ], "texture": "#voxels_atlas", "cullface": "west" }
			}
		},
		{
			"__comment": "Voxels",
			"from": [ -0.75, 7, 7 ],
			"to": [ 0.25, 7.25, 7.25 ],
			"faces": {
				"down": { "uv": [ 2, 1.75, 2.5, 1.875 ], "texture": "#voxels_atlas", "cullface": "west" },
				"up": { "uv": [ 2, 1.75, 2.5, 1.625 ], "texture": "#voxels_atlas", "cullface": "west" },
				"north": { "uv": [ 2.5, 1.5, 2, 1.625 ], "texture": "#voxels_atlas", "cullface": "west" },
				"south": { "uv": [ 2, 1.375, 2.5, 1.5 ], "texture": "#voxels_atlas", "cullface": "west" },
				"west": { "uv": [ 3.25, 6, 3.375, 6.125 ], "texture": "#voxels_atlas", "cullface": "west" },
				"east": { "uv": [ 3.375, 6.125, 3.25, 6.25 ], "texture": "#voxels_atlas", "cullface": "west" }
			}
		},
		{
			"__comment": "Voxels",
			"from": [ -0.75, 7, 7.25 ],
			"to": [ 0, 7.25, 7.5 ],
			"faces": {
				"down": { "uv": [ 1.375, 7.75, 1.75, 7.875 ], "texture": "#voxels_atlas", "cullface": "west" },
				"south": { "uv": [ 3.375, 6.5, 3.75, 6.625 ], "texture": "#voxels_atlas", "cullface": "west" },
				"west": { "uv": [ 3.25, 6.625, 3.375, 6.75 ], "texture": "#voxels_atlas", "cullface": "west" },
				"east": { "uv": [ 3.375, 6.75, 3.25, 6.875 ], "texture": "#voxels_atlas", "cullface": "west" }
			}
		},
		{
			"__comment": "Voxels",
			"from": [ -0.75, 7, 8.5 ],
			"to": [ 0, 7.25, 9 ],
			"faces": {
				"down": { "uv": [ 1.375, 8.375, 1.75, 8.625 ], "texture": "#voxels_atlas", "cullface": "west" },
				"north": { "uv": [ 1.75, 0.125, 1.375, 0.25 ], "texture": "#voxels_atlas", "cullface": "west" },
				"south": { "uv": [ 1.375, 1.125, 1.75, 1.25 ], "texture": "#voxels_atlas", "cullface": "west" },
				"west": { "uv": [ 3.625, 5, 3.875, 5.125 ], "texture": "#voxels_atlas", "cullface": "west" },
				"east": { "uv": [ 3.625, 4.875, 3.375, 5 ], "texture": "#voxels_atlas", "cullface": "west" }
			}
		},
		{
			"__comment": "Voxels",
			"from": [ -0.75, 7.25, 7.5 ],
			"to": [ -0.5, 7.5, 7.75 ],
			"faces": {
				"down": { "uv": [ 3.25, 7.125, 3.375, 7.25 ], "texture": "#voxels_atlas", "cullface": "west" },
				"south": { "uv": [ 1.625, 2.625, 1.75, 2.75 ], "texture": "#voxels_atlas", "cullface": "west" },
				"west": { "uv": [ 1.625, 3, 1.75, 3.125 ], "texture": "#voxels_atlas", "cullface": "west" },
				"east": { "uv": [ 1.75, 3.125, 1.625, 3.25 ], "texture": "#voxels_atlas", "cullface": "west" }
			}
		},
		{
			"__comment": "Voxels",
			"from": [ -0.75, 7.25, 8.25 ],
			"to": [ -0.5, 7.5, 8.5 ],
			"faces": {
				"down": { "uv": [ 1.625, 3.25, 1.75, 3.375 ], "texture": "#voxels_atlas", "cullface": "west" },
				"north": { "uv": [ 1.75, 3.75, 1.625, 3.875 ], "texture": "#voxels_atlas", "cullface": "west" },
				"west": { "uv": [ 1.625, 4, 1.75, 4.125 ], "texture": "#voxels_atlas", "cullface": "west" },
				"east": { "uv": [ 1.75, 4.125, 1.625, 4.25 ], "texture": "#voxels_atlas", "cullface": "west" }
			}
		},
		{
			"__comment": "Voxels",
			"from": [ -0.75, 8.25, 7 ],
			"to": [ -0.5, 8.5, 7.25 ],
			"faces": {
				"up": { "uv": [ 1.625, 4.75, 1.75, 4.625 ], "texture": "#voxels_atlas", "cullface": "west" },
				"north": { "uv": [ 1.75, 4.75, 1.625, 4.875 ], "texture": "#voxels_atlas", "cullface": "west" },
				"west": { "uv": [ 15.875, 12, 16, 12.125 ], "texture": "#voxels_atlas", "cullface": "west" },
				"east": { "uv": [ 16, 12.125, 15.875, 12.25 ], "texture": "#voxels_atlas", "cullface": "west" }
			}
		},
		{
			"__comment": "Voxels",
			"from": [ -0.75, 8.25, 8.75 ],
			"to": [ -0.5, 8.5, 9 ],
			"faces": {
				"up": { "uv": [ 4, 3.25, 4.125, 3.125 ], "texture": "#voxels_atlas", "cullface": "west" },
				"south": { "uv": [ 4, 4.875, 4.125, 5 ], "texture": "#voxels_atlas", "cullface": "west" },
				"west": { "uv": [ 4, 5, 4.125, 5.125 ], "texture": "#voxels_atlas", "cullface": "west" },
				"east": { "uv": [ 4.125, 5.125, 4, 5.25 ], "texture": "#voxels_atlas", "cullface": "west" }
			}
		},
		{
			"__comment": "Voxels",
			"from": [ -0.75, 8.5, 7.25 ],
			"to": [ -0.25, 8.75, 7.5 ],
			"faces": {
				"up": { "uv": [ 3.375, 4.875, 3.625, 4.75 ], "texture": "#voxels_atlas", "cullface": "west" },
				"north": { "uv": [ 3.875, 4.75, 3.625, 4.875 ], "texture": "#voxels_atlas", "cullface": "west" },
				"west": { "uv": [ 4, 6.75, 4.125, 6.875 ], "texture": "#voxels_atlas", "cullface": "west" },
				"east": { "uv": [ 4.125, 6.875, 4, 7 ], "texture": "#voxels_atlas", "cullface": "west" }
			}
		},
		{
			"__comment": "Voxels",
			"from": [ -0.75, 8.5, 8.5 ],
			"to": [ -0.25, 8.75, 8.75 ],
			"faces": {
				"up": { "uv": [ 3.375, 4.5, 3.625, 4.375 ], "texture": "#voxels_atlas", "cullface": "west" },
				"south": { "uv": [ 3.375, 4.25, 3.625, 4.375 ], "texture": "#voxels_atlas", "cullface": "west" },
				"west": { "uv": [ 4, 7, 4.125, 7.125 ], "texture": "#voxels_atlas", "cullface": "west" },
				"east": { "uv": [ 4.125, 7.375, 4, 7.5 ], "texture": "#voxels_atlas", "cullface": "west" }
			}
		},
		{
			"__comment": "Voxels",
			"from": [ -0.5, 6.75, 6.75 ],
			"to": [ 1.75, 7.25, 7 ],
			"faces": {
				"down": { "uv": [ 0.625, 6.625, 1.75, 6.75 ], "texture": "#voxels_atlas", "cullface": "west" },
				"up": { "uv": [ 0.625, 5.5, 1.75, 5.375 ], "texture": "#voxels_atlas", "cullface": "west" },
				"north": { "uv": [ 15.375, 14.25, 14.25, 14.5 ], "texture": "#voxels_atlas", "cullface": "west" },
				"south": { "uv": [ 0.625, 11.625, 1.75, 11.875 ], "texture": "#voxels_atlas", "cullface": "west" },
				"west": { "uv": [ 3.375, 4, 3.5, 4.25 ], "texture": "#voxels_atlas", "cullface": "west" },
				"east": { "uv": [ 3.625, 4, 3.5, 4.25 ], "texture": "#voxels_atlas", "cullface": "west" }
			}
		},
		{
			"__comment": "Voxels",
			"from": [ -0.5, 6.75, 7 ],
			"to": [ 1.75, 7, 7.25 ],
			"faces": {
				"down": { "uv": [ 0.625, 6.375, 1.75, 6.5 ], "texture": "#voxels_atlas", "cullface": "west" },
				"up": { "uv": [ 0.625, 6.625, 1.75, 6.5 ], "texture": "#voxels_atlas", "cullface": "west" },
				"south": { "uv": [ 0.625, 6.25, 1.75, 6.375 ], "texture": "#voxels_atlas", "cullface": "west" },
				"west": { "uv": [ 4, 7.5, 4.125, 7.625 ], "texture": "#voxels_atlas", "cullface": "west" },
				"east": { "uv": [ 4.125, 7.625, 4, 7.75 ], "texture": "#voxels_atlas", "cullface": "west" }
			}
		},
		{
			"__comment": "Voxels",
			"from": [ -0.5, 6.75, 8.75 ],
			"to": [ 1.75, 7, 9.25 ],
			"faces": {
				"down": { "uv": [ 14.375, 14.75, 15.5, 15 ], "texture": "#voxels_atlas", "cullface": "west" },
				"up": { "uv": [ 14.375, 14.75, 15.5, 14.5 ], "texture": "#voxels_atlas", "cullface": "west" },
				"north": { "uv": [ 1.75, 5.75, 0.625, 5.875 ], "texture": "#voxels_atlas", "cullface": "west" },
				"south": { "uv": [ 0.625, 5.5, 1.75, 5.625 ], "texture": "#voxels_atlas", "cullface": "west" },
				"west": { "uv": [ 3.625, 4.25, 3.875, 4.375 ], "texture": "#voxels_atlas", "cullface": "west" },
				"east": { "uv": [ 3.875, 4.125, 3.625, 4.25 ], "texture": "#voxels_atlas", "cullface": "west" }
			}
		},
		{
			"__comment": "Voxels",
			"from": [ -0.5, 7, 9 ],
			"to": [ 2, 7.25, 9.25 ],
			"faces": {
				"down": { "uv": [ 1.75, 9.75, 3, 9.875 ], "texture": "#voxels_atlas", "cullface": "west" },
				"up": { "uv": [ 1.75, 9.75, 3, 9.625 ], "texture": "#voxels_atlas", "cullface": "west" },
				"north": { "uv": [ 3, 7.625, 1.75, 7.75 ], "texture": "#voxels_atlas", "cullface": "west" },
				"south": { "uv": [ 1.75, 7.5, 3, 7.625 ], "texture": "#voxels_atlas", "cullface": "west" },
				"west": { "uv": [ 4, 7.75, 4.125, 7.875 ], "texture": "#voxels_atlas", "cullface": "west" },
				"east": { "uv": [ 4.125, 8.125, 4, 8.25 ], "texture": "#voxels_atlas", "cullface": "west" }
			}
		},
		{
			"__comment": "Voxels",
			"from": [ -0.5, 7.25, 6.75 ],
			"to": [ -0.25, 7.5, 7 ],
			"faces": {
				"up": { "uv": [ 4, 9, 4.125, 8.875 ], "texture": "#voxels_atlas", "cullface": "west" },
				"north": { "uv": [ 4.125, 9, 4, 9.125 ], "texture": "#voxels_atlas", "cullface": "west" },
				"west": { "uv": [ 4, 10, 4.125, 10.125 ], "texture": "#voxels_atlas", "cullface": "west" },
				"east": { "uv": [ 4.125, 10.875, 4, 11 ], "texture": "#voxels_atlas", "cullface": "west" }
			}
		},
		{
			"__comment": "Voxels",
			"from": [ -0.5, 7.25, 9 ],
			"to": [ -0.25, 7.5, 9.25 ],
			"faces": {
				"up": { "uv": [ 4, 11.25, 4.125, 11.125 ], "texture": "#voxels_atlas", "cullface": "west" },
				"south": { "uv": [ 3.875, 0, 4, 0.125 ], "texture": "#voxels_atlas", "cullface": "west" },
				"west": { "uv": [ 3.875, 0.125, 4, 0.25 ], "texture": "#voxels_atlas", "cullface": "west" },
				"east": { "uv": [ 4, 0.25, 3.875, 0.375 ], "texture": "#voxels_atlas", "cullface": "west" }
			}
		},
		{
			"__comment": "Voxels",
			"from": [ -0.5, 8, 7.5 ],
			"to": [ -0.25, 8.5, 7.75 ],
			"faces": {
				"down": { "uv": [ 3.875, 0.625, 4, 0.75 ], "texture": "#voxels_atlas", "cullface": "west" },
				"north": { "uv": [ 3.5, 3.75, 3.375, 4 ], "texture": "#voxels_atlas", "cullface": "west" },
				"south": { "uv": [ 3.5, 3.75, 3.625, 4 ], "texture": "#voxels_atlas", "cullface": "west" },
				"east": { "uv": [ 3.875, 3.75, 3.75, 4 ], "texture": "#voxels_atlas", "cullface": "west" }
			}
		},
		{
			"__comment": "Voxels",
			"from": [ -0.5, 8, 8.25 ],
			"to": [ -0.25, 8.5, 8.5 ],
			"faces": {
				"down": { "uv": [ 3.875, 0.875, 4, 1 ], "texture": "#voxels_atlas", "cullface": "west" },
				"north": { "uv": [ 3.5, 3.5, 3.375, 3.75 ], "texture": "#voxels_atlas", "cullface": "west" },
				"south": { "uv": [ 3.5, 3.5, 3.625, 3.75 ], "texture": "#voxels_atlas", "cullface": "west" },
				"east": { "uv": [ 3.875, 3.5, 3.75, 3.75 ], "texture": "#voxels_atlas", "cullface": "west" }
			}
		},
		{
			"__comment": "Voxels",
			"from": [ -0.25, 6.75, 7.25 ],
			"to": [ 0, 7, 7.5 ],
			"faces": {
				"down": { "uv": [ 3.875, 1.625, 4, 1.75 ], "texture": "#voxels_atlas", "cullface": "west" },
				"south": { "uv": [ 3.875, 2.25, 4, 2.375 ], "texture": "#voxels_atlas", "cullface": "west" },
				"west": { "uv": [ 3.875, 2.375, 4, 2.5 ], "texture": "#voxels_atlas", "cullface": "west" },
				"east": { "uv": [ 4, 2.5, 3.875, 2.625 ], "texture": "#voxels_atlas", "cullface": "west" }
			}
		},
		{
			"__comment": "Voxels",
			"from": [ -0.25, 6.75, 8.5 ],
			"to": [ 0, 7, 8.75 ],
			"faces": {
				"down": { "uv": [ 3.875, 2.625, 4, 2.75 ], "texture": "#voxels_atlas", "cullface": "west" },
				"north": { "uv": [ 4, 3.125, 3.875, 3.25 ], "texture": "#voxels_atlas", "cullface": "west" },
				"west": { "uv": [ 3.875, 3.875, 4, 4 ], "texture": "#voxels_atlas", "cullface": "west" },
				"east": { "uv": [ 4, 4, 3.875, 4.125 ], "texture": "#voxels_atlas", "cullface": "west" }
			}
		},
		{
			"__comment": "Voxels",
			"from": [ 0, 6.5, 6.75 ],
			"to": [ 1.25, 6.75, 7 ],
			"faces": {
				"down": { "uv": [ 2.375, 5.25, 3, 5.375 ], "texture": "#voxels_atlas" },
				"north": { "uv": [ 2.625, 5.75, 2, 5.875 ], "texture": "#voxels_atlas" },
				"south": { "uv": [ 2, 5.875, 2.625, 6 ], "texture": "#voxels_atlas" },
				"west": { "uv": [ 3.875, 4.125, 4, 4.25 ], "texture": "#voxels_atlas", "cullface": "west" },
				"east": { "uv": [ 4, 4.5, 3.875, 4.625 ], "texture": "#voxels_atlas" }
			}
		},
		{
			"__comment": "Voxels",
			"from": [ 0, 6.5, 9 ],
			"to": [ 1.25, 6.75, 9.25 ],
			"faces": {
				"down": { "uv": [ 2.625, 5.875, 3.25, 6 ], "texture": "#voxels_atlas" },
				"north": { "uv": [ 2.5, 4.625, 1.875, 4.75 ], "texture": "#voxels_atlas" },
				"south": { "uv": [ 2.25, 3.375, 2.875, 3.5 ], "texture": "#voxels_atlas" },
				"west": { "uv": [ 3.875, 4.875, 4, 5 ], "texture": "#voxels_atlas", "cullface": "west" },
				"east": { "uv": [ 4, 5.25, 3.875, 5.375 ], "texture": "#voxels_atlas" }
			}
		},
		{
			"__comment": "Voxels",
			"from": [ 0, 7, 8.75 ],
			"to": [ 0.25, 7.25, 9 ],
			"faces": {
				"up": { "uv": [ 3.875, 5.625, 4, 5.5 ], "texture": "#voxels_atlas" },
				"north": { "uv": [ 4, 5.625, 3.875, 5.75 ], "texture": "#voxels_atlas" },
				"east": { "uv": [ 4, 6, 3.875, 6.125 ], "texture": "#voxels_atlas" }
			}
		},
		{
			"__comment": "Voxels",
			"from": [ 0.25, 6.75, 6.5 ],
			"to": [ 1.25, 7, 6.75 ],
			"faces": {
				"down": { "uv": [ 1.875, 0.375, 2.375, 0.5 ], "texture": "#voxels_atlas" },
				"up": { "uv": [ 1.875, 0.375, 2.375, 0.25 ], "texture": "#voxels_atlas" },
				"north": { "uv": [ 2.375, 0.125, 1.875, 0.25 ], "texture": "#voxels_atlas" },
				"west": { "uv": [ 3.875, 6.375, 4, 6.5 ], "texture": "#voxels_atlas" },
				"east": { "uv": [ 4, 6.5, 3.875, 6.625 ], "texture": "#voxels_atlas" }
			}
		},
		{
			"__comment": "Voxels",
			"from": [ 0.25, 6.75, 9.25 ],
			"to": [ 1.25, 7, 9.5 ],
			"faces": {
				"down": { "uv": [ 2.875, 0.5, 3.375, 0.625 ], "texture": "#voxels_atlas" },
				"up": { "uv": [ 2.375, 0.5, 2.875, 0.375 ], "texture": "#voxels_atlas" },
				"south": { "uv": [ 2.375, 0.125, 2.875, 0.25 ], "texture": "#voxels_atlas" },
				"west": { "uv": [ 3.875, 6.625, 4, 6.75 ], "texture": "#voxels_atlas" },
				"east": { "uv": [ 4, 6.75, 3.875, 6.875 ], "texture": "#voxels_atlas" }
			}
		},
		{
			"__comment": "Voxels",
			"from": [ 1, 7, 7 ],
			"to": [ 2, 7.25, 7.25 ],
			"faces": {
				"down": { "uv": [ 2.375, 0, 2.875, 0.125 ], "texture": "#voxels_atlas" },
				"up": { "uv": [ 2.875, 0.5, 3.375, 0.375 ], "texture": "#voxels_atlas" },
				"north": { "uv": [ 3.375, 0.25, 2.875, 0.375 ], "texture": "#voxels_atlas" },
				"south": { "uv": [ 2.875, 0.125, 3.375, 0.25 ], "texture": "#voxels_atlas" },
				"west": { "uv": [ 3.875, 7.625, 4, 7.75 ], "texture": "#voxels_atlas" },
				"east": { "uv": [ 4, 7.75, 3.875, 7.875 ], "texture": "#voxels_atlas" }
			}
		},
		{
			"__comment": "Voxels",
			"from": [ 1, 7, 8.75 ],
			"to": [ 2, 7.25, 9 ],
			"faces": {
				"down": { "uv": [ 2.875, 0, 3.375, 0.125 ], "texture": "#voxels_atlas" },
				"up": { "uv": [ 3.375, 11.625, 3.875, 11.5 ], "texture": "#voxels_atlas" },
				"north": { "uv": [ 3.875, 11.375, 3.375, 11.5 ], "texture": "#voxels_atlas" },
				"west": { "uv": [ 3.875, 7.875, 4, 8 ], "texture": "#voxels_atlas" },
				"east": { "uv": [ 4, 8.25, 3.875, 8.375 ], "texture": "#voxels_atlas" }
			}
		},
		{
			"__comment": "Voxels",
			"from": [ 1.25, 7.25, 6.75 ],
			"to": [ 2.25, 7.5, 7.25 ],
			"faces": {
				"down": { "uv": [ 15.5, 14.75, 16, 15 ], "texture": "#voxels_atlas" },
				"up": { "uv": [ 0, 4.625, 0.5, 4.375 ], "texture": "#voxels_atlas" },
				"north": { "uv": [ 3.875, 11.125, 3.375, 11.25 ], "texture": "#voxels_atlas" },
				"south": { "uv": [ 3.375, 11, 3.875, 11.125 ], "texture": "#voxels_atlas" },
				"west": { "uv": [ 3.625, 4, 3.875, 4.125 ], "texture": "#voxels_atlas" },
				"east": { "uv": [ 3.625, 3.375, 3.375, 3.5 ], "texture": "#voxels_atlas" }
			}
		},
		{
			"__comment": "Voxels",
			"from": [ 1.25, 7.25, 8.75 ],
			"to": [ 2.25, 7.5, 9.25 ],
			"faces": {
				"down": { "uv": [ 0, 2.625, 0.5, 2.875 ], "texture": "#voxels_atlas" },
				"up": { "uv": [ 0, 4.125, 0.5, 3.875 ], "texture": "#voxels_atlas" },
				"north": { "uv": [ 3.875, 10.75, 3.375, 10.875 ], "texture": "#voxels_atlas" },
				"south": { "uv": [ 3.375, 10.625, 3.875, 10.75 ], "texture": "#voxels_atlas" },
				"west": { "uv": [ 3.625, 3.375, 3.875, 3.5 ], "texture": "#voxels_atlas" },
				"east": { "uv": [ 3.625, 3.25, 3.375, 3.375 ], "texture": "#voxels_atlas" }
			}
		},
		{
			"__comment": "Voxels",
			"from": [ 1.5, 7.5, 6.75 ],
			"to": [ 2.25, 7.75, 7.25 ],
			"faces": {
				"up": { "uv": [ 0, 0.625, 0.375, 0.375 ], "texture": "#voxels_atlas" },
				"north": { "uv": [ 1.75, 7.625, 1.375, 7.75 ], "texture": "#voxels_atlas" },
				"south": { "uv": [ 1.375, 7.5, 1.75, 7.625 ], "texture": "#voxels_atlas" },
				"west": { "uv": [ 3.625, 3.25, 3.875, 3.375 ], "texture": "#voxels_atlas" },
				"east": { "uv": [ 3.625, 2.875, 3.375, 3 ], "texture": "#voxels_atlas" }
			}
		},
		{
			"__comment": "Voxels",
			"from": [ 1.5, 7.5, 8.75 ],
			"to": [ 2.5, 8, 9 ],
			"faces": {
				"down": { "uv": [ 3.375, 10, 3.875, 10.125 ], "texture": "#voxels_atlas" },
				"up": { "uv": [ 3.375, 10, 3.875, 9.875 ], "texture": "#voxels_atlas" },
				"north": { "uv": [ 0.5, 3.375, 0, 3.625 ], "texture": "#voxels_atlas" },
				"south": { "uv": [ 0, 3.125, 0.5, 3.375 ], "texture": "#voxels_atlas" },
				"west": { "uv": [ 3.375, 2.625, 3.5, 2.875 ], "texture": "#voxels_atlas" },
				"east": { "uv": [ 3.625, 2.625, 3.5, 2.875 ], "texture": "#voxels_atlas" }
			}
		},
		{
			"__comment": "Voxels",
			"from": [ 1.5, 7.5, 9 ],
			"to": [ 2.25, 7.75, 9.25 ],
			"faces": {
				"up": { "uv": [ 1.375, 1, 1.75, 0.875 ], "texture": "#voxels_atlas" },
				"south": { "uv": [ 1.375, 0.625, 1.75, 0.75 ], "texture": "#voxels_atlas" },
				"west": { "uv": [ 3.875, 8.625, 4, 8.75 ], "texture": "#voxels_atlas" },
				"east": { "uv": [ 4, 8.75, 3.875, 8.875 ], "texture": "#voxels_atlas" }
			}
		},
		{
			"__comment": "Voxels",
			"from": [ 1.5, 7.75, 7 ],
			"to": [ 2.5, 8, 7.25 ],
			"faces": {
				"down": { "uv": [ 3.375, 9.625, 3.875, 9.75 ], "texture": "#voxels_atlas" },
				"up": { "uv": [ 3.375, 9.625, 3.875, 9.5 ], "texture": "#voxels_atlas" },
				"north": { "uv": [ 3.875, 9.375, 3.375, 9.5 ], "texture": "#voxels_atlas" },
				"south": { "uv": [ 3.375, 9.25, 3.875, 9.375 ], "texture": "#voxels_atlas" },
				"west": { "uv": [ 3.875, 8.875, 4, 9 ], "texture": "#voxels_atlas" },
				"east": { "uv": [ 4, 9, 3.875, 9.125 ], "texture": "#voxels_atlas" }
			}
		},
		{
			"__comment": "Voxels",
			"from": [ 1.5, 8.25, 7.5 ],
			"to": [ 17.25, 8.5, 7.75 ],
			"faces": {
				"down": { "uv": [ 7.875, 12.5, 15.75, 12.625 ], "texture": "#voxels_atlas", "cullface": "east" },
				"north": { "uv": [ 15.75, 12.25, 7.875, 12.375 ], "texture": "#voxels_atlas", "cullface": "east" },
				"west": { "uv": [ 3.875, 9.375, 4, 9.5 ], "texture": "#voxels_atlas", "cullface": "east" },
				"east": { "uv": [ 4, 9.75, 3.875, 9.875 ], "texture": "#voxels_atlas", "cullface": "east" }
			}
		},
		{
			"__comment": "Voxels",
			"from": [ 1.5, 8.25, 8.25 ],
			"to": [ 17.25, 8.5, 8.5 ],
			"faces": {
				"down": { "uv": [ 0, 12.25, 7.875, 12.375 ], "texture": "#voxels_atlas", "cullface": "east" },
				"south": { "uv": [ 0, 12.625, 7.875, 12.75 ], "texture": "#voxels_atlas", "cullface": "east" },
				"west": { "uv": [ 3.875, 9.875, 4, 10 ], "texture": "#voxels_atlas", "cullface": "east" },
				"east": { "uv": [ 4, 10, 3.875, 10.125 ], "texture": "#voxels_atlas", "cullface": "east" }
			}
		},
		{
			"__comment": "Voxels",
			"from": [ 1.75, 6.25, 7.75 ],
			"to": [ 3.5, 6.5, 8.25 ],
			"faces": {
				"down": { "uv": [ 0.625, 9.125, 1.5, 9.375 ], "texture": "#voxels_atlas" },
				"up": { "uv": [ 0.625, 9.875, 1.5, 9.625 ], "texture": "#voxels_atlas" },
				"north": { "uv": [ 1.5, 2.375, 0.625, 2.5 ], "texture": "#voxels_atlas" },
				"south": { "uv": [ 0.625, 2.125, 1.5, 2.25 ], "texture": "#voxels_atlas" },
				"west": { "uv": [ 3.625, 2.875, 3.875, 3 ], "texture": "#voxels_atlas" },
				"east": { "uv": [ 3.875, 2.75, 3.625, 2.875 ], "texture": "#voxels_atlas" }
			}
		},
		{
			"__comment": "Voxels",
			"from": [ 1.75, 7, 6.75 ],
			"to": [ 2, 7.25, 7 ],
			"faces": {
				"down": { "uv": [ 3.875, 10.625, 4, 10.75 ], "texture": "#voxels_atlas" },
				"north": { "uv": [ 4, 10.875, 3.875, 11 ], "texture": "#voxels_atlas" },
				"east": { "uv": [ 3.75, 0, 3.625, 0.125 ], "texture": "#voxels_atlas" }
			}
		},
		{
			"__comment": "Voxels",
			"from": [ 1.75, 7.25, 7.25 ],
			"to": [ 2, 8, 7.5 ],
			"faces": {
				"down": { "uv": [ 3.75, 0.125, 3.875, 0.25 ], "texture": "#voxels_atlas" },
				"up": { "uv": [ 3.625, 0.25, 3.75, 0.125 ], "texture": "#voxels_atlas" },
				"north": { "uv": [ 3.375, 1.375, 3.25, 1.75 ], "texture": "#voxels_atlas" },
				"south": { "uv": [ 3.375, 7, 3.5, 7.375 ], "texture": "#voxels_atlas" },
				"west": { "uv": [ 3.5, 7, 3.625, 7.375 ], "texture": "#voxels_atlas" },
				"east": { "uv": [ 3.75, 7, 3.625, 7.375 ], "texture": "#voxels_atlas" }
			}
		},
		{
			"__comment": "Voxels",
			"from": [ 1.75, 7.25, 8.5 ],
			"to": [ 2, 8, 8.75 ],
			"faces": {
				"down": { "uv": [ 3.75, 0.25, 3.875, 0.375 ], "texture": "#voxels_atlas" },
				"up": { "uv": [ 3.625, 0.375, 3.75, 0.25 ], "texture": "#voxels_atlas" },
				"north": { "uv": [ 3.875, 7, 3.75, 7.375 ], "texture": "#voxels_atlas" },
				"south": { "uv": [ 3.375, 6.625, 3.5, 7 ], "texture": "#voxels_atlas" },
				"west": { "uv": [ 3.5, 6.625, 3.625, 7 ], "texture": "#voxels_atlas" },
				"east": { "uv": [ 3.75, 6.625, 3.625, 7 ], "texture": "#voxels_atlas" }
			}
		},
		{
			"__comment": "Voxels",
			"from": [ 1.75, 7.75, 6.75 ],
			"to": [ 2.25, 8.25, 7 ],
			"faces": {
				"up": { "uv": [ 3.375, 2.625, 3.625, 2.5 ], "texture": "#voxels_atlas" },
				"north": { "uv": [ 1.75, 10.125, 1.5, 10.375 ], "texture": "#voxels_atlas" },
				"south": { "uv": [ 1.5, 9.875, 1.75, 10.125 ], "texture": "#voxels_atlas" },
				"west": { "uv": [ 0.5, 5.125, 0.625, 5.375 ], "texture": "#voxels_atlas" },
				"east": { "uv": [ 0.625, 4.875, 0.5, 5.125 ], "texture": "#voxels_atlas" }
			}
		},
		{
			"__comment": "Voxels",
			"from": [ 1.75, 7.75, 9 ],
			"to": [ 2.25, 8.25, 9.25 ],
			"faces": {
				"up": { "uv": [ 15.75, 12.625, 16, 12.5 ], "texture": "#voxels_atlas" },
				"north": { "uv": [ 1.75, 9.625, 1.5, 9.875 ], "texture": "#voxels_atlas" },
				"south": { "uv": [ 1.5, 9.375, 1.75, 9.625 ], "texture": "#voxels_atlas" },
				"west": { "uv": [ 0.5, 4.625, 0.625, 4.875 ], "texture": "#voxels_atlas" },
				"east": { "uv": [ 0.625, 3.875, 0.5, 4.125 ], "texture": "#voxels_atlas" }
			}
		},
		{
			"__comment": "Voxels",
			"from": [ 1.75, 8, 7 ],
			"to": [ 2.75, 8.25, 7.25 ],
			"faces": {
				"down": { "uv": [ 3.375, 8.375, 3.875, 8.5 ], "texture": "#voxels_atlas" },
				"up": { "uv": [ 15.5, 14, 16, 13.875 ], "texture": "#voxels_atlas" },
				"north": { "uv": [ 16, 13.75, 15.5, 13.875 ], "texture": "#voxels_atlas" },
				"south": { "uv": [ 15.5, 13.625, 16, 13.75 ], "texture": "#voxels_atlas" },
				"west": { "uv": [ 3.5, 0.25, 3.625, 0.375 ], "texture": "#voxels_atlas" },
				"east": { "uv": [ 3.5, 0, 3.375, 0.125 ], "texture": "#voxels_atlas" }
			}
		},
		{
			"__comment": "Voxels",
			"from": [ 1.75, 8, 8.75 ],
			"to": [ 2.75, 8.25, 9 ],
			"faces": {
				"down": { "uv": [ 15.5, 13.5, 16, 13.625 ], "texture": "#voxels_atlas" },
				"up": { "uv": [ 15.5, 13.5, 16, 13.375 ], "texture": "#voxels_atlas" },
				"north": { "uv": [ 16, 13.25, 15.5, 13.375 ], "texture": "#voxels_atlas" },
				"south": { "uv": [ 15.5, 13.125, 16, 13.25 ], "texture": "#voxels_atlas" },
				"west": { "uv": [ 3.375, 0.125, 3.5, 0.25 ], "texture": "#voxels_atlas" },
				"east": { "uv": [ 3.75, 0.375, 3.625, 0.5 ], "texture": "#voxels_atlas" }
			}
		},
		{
			"__comment": "Voxels",
			"from": [ 1.75, 8.75, 7.5 ],
			"to": [ 5, 9, 7.75 ],
			"faces": {
				"up": { "uv": [ 11.375, 12, 13, 11.875 ], "texture": "#voxels_atlas" },
				"north": { "uv": [ 15.875, 12.125, 14.25, 12.25 ], "texture": "#voxels_atlas" },
				"west": { "uv": [ 3.5, 0.375, 3.625, 0.5 ], "texture": "#voxels_atlas" },
				"east": { "uv": [ 3.5, 0.375, 3.375, 0.5 ], "texture": "#voxels_atlas" }
			}
		},
		{
			"__comment": "Voxels",
			"from": [ 1.75, 8.75, 8.25 ],
			"to": [ 5, 9, 8.5 ],
			"faces": {
				"up": { "uv": [ 13, 12, 14.625, 11.875 ], "texture": "#voxels_atlas" },
				"south": { "uv": [ 4.875, 11.875, 6.5, 12 ], "texture": "#voxels_atlas" },
				"west": { "uv": [ 3.75, 0.625, 3.875, 0.75 ], "texture": "#voxels_atlas" },
				"east": { "uv": [ 3.75, 0.625, 3.625, 0.75 ], "texture": "#voxels_atlas" }
			}
		},
		{
			"__comment": "Voxels",
			"from": [ 2, 6.5, 7.5 ],
			"to": [ 4, 6.75, 7.75 ],
			"faces": {
				"down": { "uv": [ 0.625, 4.625, 1.625, 4.75 ], "texture": "#voxels_atlas" },
				"up": { "uv": [ 0.625, 4.875, 1.625, 4.75 ], "texture": "#voxels_atlas" },
				"north": { "uv": [ 1.625, 5, 0.625, 5.125 ], "texture": "#voxels_atlas" },
				"south": { "uv": [ 0.625, 2.625, 1.625, 2.75 ], "texture": "#voxels_atlas" },
				"west": { "uv": [ 3.5, 0.625, 3.625, 0.75 ], "texture": "#voxels_atlas" },
				"east": { "uv": [ 3.5, 0.625, 3.375, 0.75 ], "texture": "#voxels_atlas" }
			}
		},
		{
			"__comment": "Voxels",
			"from": [ 2, 6.5, 8.25 ],
			"to": [ 4, 6.75, 8.5 ],
			"faces": {
				"down": { "uv": [ 0.625, 4.375, 1.625, 4.5 ], "texture": "#voxels_atlas" },
				"up": { "uv": [ 0.625, 4.25, 1.625, 4.125 ], "texture": "#voxels_atlas" },
				"north": { "uv": [ 1.625, 4, 0.625, 4.125 ], "texture": "#voxels_atlas" },
				"south": { "uv": [ 0.625, 3.875, 1.625, 4 ], "texture": "#voxels_atlas" },
				"west": { "uv": [ 3.75, 0.875, 3.875, 1 ], "texture": "#voxels_atlas" },
				"east": { "uv": [ 3.5, 0.875, 3.375, 1 ], "texture": "#voxels_atlas" }
			}
		},
		{
			"__comment": "Voxels",
			"from": [ 2, 7.5, 7.25 ],
			"to": [ 2.25, 9, 7.5 ],
			"faces": {
				"down": { "uv": [ 3.75, 1, 3.875, 1.125 ], "texture": "#voxels_atlas" },
				"up": { "uv": [ 3.625, 1.125, 3.75, 1 ], "texture": "#voxels_atlas" },
				"north": { "uv": [ 0.25, 0.875, 0.125, 1.625 ], "texture": "#voxels_atlas" },
				"south": { "uv": [ 0, 1.625, 0.125, 2.375 ], "texture": "#voxels_atlas" },
				"west": { "uv": [ 0.125, 1.625, 0.25, 2.375 ], "texture": "#voxels_atlas" },
				"east": { "uv": [ 0.375, 1.625, 0.25, 2.375 ], "texture": "#voxels_atlas" }
			}
		},
		{
			"__comment": "Voxels",
			"from": [ 2, 7.5, 8.5 ],
			"to": [ 2.25, 9, 8.75 ],
			"faces": {
				"down": { "uv": [ 3.625, 2, 3.75, 2.125 ], "texture": "#voxels_atlas" },
				"up": { "uv": [ 3.5, 2.125, 3.625, 2 ], "texture": "#voxels_atlas" },
				"north": { "uv": [ 0.5, 1.625, 0.375, 2.375 ], "texture": "#voxels_atlas" },
				"south": { "uv": [ 0.5, 1.625, 0.625, 2.375 ], "texture": "#voxels_atlas" },
				"west": { "uv": [ 0, 0.875, 0.125, 1.625 ], "texture": "#voxels_atlas" },
				"east": { "uv": [ 0.375, 0.875, 0.25, 1.625 ], "texture": "#voxels_atlas" }
			}
		},
		{
			"__comment": "Voxels",
			"from": [ 2, 8.25, 7 ],
			"to": [ 3, 8.75, 7.25 ],
			"faces": {
				"down": { "uv": [ 2.5, 1.5, 3, 1.625 ], "texture": "#voxels_atlas" },
				"up": { "uv": [ 2.5, 1.5, 3, 1.375 ], "texture": "#voxels_atlas" },
				"north": { "uv": [ 0.5, 4.125, 0, 4.375 ], "texture": "#voxels_atlas" },
				"south": { "uv": [ 0, 2.375, 0.5, 2.625 ], "texture": "#voxels_atlas" },
				"west": { "uv": [ 0.5, 3.625, 0.625, 3.875 ], "texture": "#voxels_atlas" },
				"east": { "uv": [ 0.625, 3.375, 0.5, 3.625 ], "texture": "#voxels_atlas" }
			}
		},
		{
			"__comment": "Voxels",
			"from": [ 2, 8.25, 8.75 ],
			"to": [ 3, 8.75, 9 ],
			"faces": {
				"down": { "uv": [ 2.875, 1, 3.375, 1.125 ], "texture": "#voxels_atlas" },
				"up": { "uv": [ 1.875, 1, 2.375, 0.875 ], "texture": "#voxels_atlas" },
				"north": { "uv": [ 0.5, 4.625, 0, 4.875 ], "texture": "#voxels_atlas" },
				"south": { "uv": [ 0, 4.875, 0.5, 5.125 ], "texture": "#voxels_atlas" },
				"west": { "uv": [ 0.5, 3.125, 0.625, 3.375 ], "texture": "#voxels_atlas" },
				"east": { "uv": [ 0.625, 2.375, 0.5, 2.625 ], "texture": "#voxels_atlas" }
			}
		},
		{
			"__comment": "Voxels",
			"from": [ 2.25, 7.5, 7 ],
			"to": [ 2.5, 7.75, 7.25 ],
			"faces": {
				"down": { "uv": [ 3.25, 2.25, 3.375, 2.375 ], "texture": "#voxels_atlas" },
				"north": { "uv": [ 4.125, 6.25, 4, 6.375 ], "texture": "#voxels_atlas" },
				"south": { "uv": [ 4, 6.625, 4.125, 6.75 ], "texture": "#voxels_atlas" },
				"east": { "uv": [ 4.125, 9.875, 4, 10 ], "texture": "#voxels_atlas" }
			}
		},
		{
			"__comment": "Voxels",
			"from": [ 2.25, 7.75, 7.25 ],
			"to": [ 2.5, 9, 7.5 ],
			"faces": {
				"down": { "uv": [ 4, 11.25, 4.125, 11.375 ], "texture": "#voxels_atlas" },
				"up": { "uv": [ 4, 11.5, 4.125, 11.375 ], "texture": "#voxels_atlas" },
				"north": { "uv": [ 2.25, 4, 2.125, 4.625 ], "texture": "#voxels_atlas" },
				"south": { "uv": [ 2.375, 4, 2.5, 4.625 ], "texture": "#voxels_atlas" },
				"east": { "uv": [ 2.75, 4, 2.625, 4.625 ], "texture": "#voxels_atlas" }
			}
		},
		{
			"__comment": "Voxels",
			"from": [ 2.25, 7.75, 8.5 ],
			"to": [ 2.5, 9, 8.75 ],
			"faces": {
				"down": { "uv": [ 3.875, 7.125, 4, 7.25 ], "texture": "#voxels_atlas" },
				"up": { "uv": [ 3.875, 7.625, 4, 7.5 ], "texture": "#voxels_atlas" },
				"north": { "uv": [ 2.875, 4, 2.75, 4.625 ], "texture": "#voxels_atlas" },
				"south": { "uv": [ 2.875, 4, 3, 4.625 ], "texture": "#voxels_atlas" },
				"east": { "uv": [ 1.875, 3.375, 1.75, 4 ], "texture": "#voxels_atlas" }
			}
		},
		{
			"__comment": "Voxels",
			"from": [ 2.25, 8, 6.75 ],
			"to": [ 2.5, 8.75, 7 ],
			"faces": {
				"down": { "uv": [ 3.5, 0.75, 3.625, 0.875 ], "texture": "#voxels_atlas" },
				"up": { "uv": [ 3.375, 0.875, 3.5, 0.75 ], "texture": "#voxels_atlas" },
				"north": { "uv": [ 0.625, 7.875, 0.5, 8.25 ], "texture": "#voxels_atlas" },
				"south": { "uv": [ 0.5, 8.25, 0.625, 8.625 ], "texture": "#voxels_atlas" },
				"west": { "uv": [ 3.75, 6.625, 3.875, 7 ], "texture": "#voxels_atlas" },
				"east": { "uv": [ 0.625, 8.625, 0.5, 9 ], "texture": "#voxels_atlas" }
			}
		},
		{
			"__comment": "Voxels",
			"from": [ 2.25, 8, 9 ],
			"to": [ 2.5, 8.75, 9.25 ],
			"faces": {
				"down": { "uv": [ 3.875, 8.5, 4, 8.625 ], "texture": "#voxels_atlas" },
				"up": { "uv": [ 3.875, 8.5, 4, 8.375 ], "texture": "#voxels_atlas" },
				"north": { "uv": [ 3.625, 5.75, 3.5, 6.125 ], "texture": "#voxels_atlas" },
				"south": { "uv": [ 3.375, 5.75, 3.5, 6.125 ], "texture": "#voxels_atlas" },
				"west": { "uv": [ 1.75, 0, 1.875, 0.375 ], "texture": "#voxels_atlas" },
				"east": { "uv": [ 0.625, 9, 0.5, 9.375 ], "texture": "#voxels_atlas" }
			}
		},
		{
			"__comment": "Voxels",
			"from": [ 2.25, 8.75, 7 ],
			"to": [ 3.25, 9, 7.25 ],
			"faces": {
				"down": { "uv": [ 3.375, 9.75, 3.875, 9.875 ], "texture": "#voxels_atlas" },
				"up": { "uv": [ 3.375, 10.25, 3.875, 10.125 ], "texture": "#voxels_atlas" },
				"north": { "uv": [ 3.875, 10.25, 3.375, 10.375 ], "texture": "#voxels_atlas" },
				"south": { "uv": [ 3.375, 10.375, 3.875, 10.5 ], "texture": "#voxels_atlas" },
				"west": { "uv": [ 4, 4.625, 4.125, 4.75 ], "texture": "#voxels_atlas" },
				"east": { "uv": [ 4.125, 4.5, 4, 4.625 ], "texture": "#voxels_atlas" }
			}
		},
		{
			"__comment": "Voxels",
			"from": [ 2.25, 8.75, 8.75 ],
			"to": [ 3.25, 9, 9 ],
			"faces": {
				"down": { "uv": [ 3.375, 10.5, 3.875, 10.625 ], "texture": "#voxels_atlas" },
				"up": { "uv": [ 3.375, 11, 3.875, 10.875 ], "texture": "#voxels_atlas" },
				"north": { "uv": [ 3, 1.625, 2.5, 1.75 ], "texture": "#voxels_atlas" },
				"south": { "uv": [ 2.5, 1.75, 3, 1.875 ], "texture": "#voxels_atlas" },
				"west": { "uv": [ 3.375, 1.75, 3.5, 1.875 ], "texture": "#voxels_atlas" },
				"east": { "uv": [ 3.625, 1, 3.5, 1.125 ], "texture": "#voxels_atlas" }
			}
		},
		{
			"__comment": "Voxels",
			"from": [ 2.5, 7, 7.75 ],
			"to": [ 4.5, 7.25, 8.25 ],
			"faces": {
				"down": { "uv": [ 0.625, 11.125, 1.625, 11.375 ], "texture": "#voxels_atlas" },
				"up": { "uv": [ 0.625, 10.875, 1.625, 10.625 ], "texture": "#voxels_atlas" },
				"north": { "uv": [ 1.625, 3.75, 0.625, 3.875 ], "texture": "#voxels_atlas" },
				"south": { "uv": [ 0.625, 4.875, 1.625, 5 ], "texture": "#voxels_atlas" },
				"west": { "uv": [ 15.75, 12.25, 16, 12.375 ], "texture": "#voxels_atlas" },
				"east": { "uv": [ 0.625, 10.375, 0.375, 10.5 ], "texture": "#voxels_atlas" }
			}
		},
		{
			"__comment": "Voxels",
			"from": [ 2.5, 8, 7.25 ],
			"to": [ 2.75, 9.25, 7.5 ],
			"faces": {
				"down": { "uv": [ 3.625, 0.75, 3.75, 0.875 ], "texture": "#voxels_atlas" },
				"up": { "uv": [ 3.75, 0.875, 3.875, 0.75 ], "texture": "#voxels_atlas" },
				"north": { "uv": [ 2.625, 4.625, 2.5, 5.25 ], "texture": "#voxels_atlas" },
				"south": { "uv": [ 2.625, 4.625, 2.75, 5.25 ], "texture": "#voxels_atlas" },
				"west": { "uv": [ 1.875, 2.75, 2, 3.375 ], "texture": "#voxels_atlas" },
				"east": { "uv": [ 1.875, 2.75, 1.75, 3.375 ], "texture": "#voxels_atlas" }
			}
		},
		{
			"__comment": "Voxels",
			"from": [ 2.5, 8, 8.5 ],
			"to": [ 2.75, 9.25, 8.75 ],
			"faces": {
				"down": { "uv": [ 3.375, 0.5, 3.5, 0.625 ], "texture": "#voxels_atlas" },
				"up": { "uv": [ 3.75, 0.625, 3.875, 0.5 ], "texture": "#voxels_atlas" },
				"north": { "uv": [ 2.25, 3.375, 2.125, 4 ], "texture": "#voxels_atlas" },
				"south": { "uv": [ 2, 3.375, 2.125, 4 ], "texture": "#voxels_atlas" },
				"west": { "uv": [ 3.25, 4, 3.375, 4.625 ], "texture": "#voxels_atlas" },
				"east": { "uv": [ 3.25, 4, 3.125, 4.625 ], "texture": "#voxels_atlas" }
			}
		},
		{
			"__comment": "Voxels",
			"from": [ 2.5, 9, 7 ],
			"to": [ 3.25, 9.25, 7.25 ],
			"faces": {
				"up": { "uv": [ 1.375, 1.875, 1.75, 1.75 ], "texture": "#voxels_atlas" },
				"north": { "uv": [ 3.375, 1.75, 3, 1.875 ], "texture": "#voxels_atlas" },
				"south": { "uv": [ 3, 5.25, 3.375, 5.375 ], "texture": "#voxels_atlas" },
				"west": { "uv": [ 3.5, 0.125, 3.625, 0.25 ], "texture": "#voxels_atlas" },
				"east": { "uv": [ 3.625, 0, 3.5, 0.125 ], "texture": "#voxels_atlas" }
			}
		},
		{
			"__comment": "Voxels",
			"from": [ 2.5, 9, 7.5 ],
			"to": [ 4.75, 9.25, 7.75 ],
			"faces": {
				"up": { "uv": [ 0.625, 6.25, 1.75, 6.125 ], "texture": "#voxels_atlas" },
				"north": { "uv": [ 1.75, 6.75, 0.625, 6.875 ], "texture": "#voxels_atlas" },
				"south": { "uv": [ 0.625, 6.875, 1.75, 7 ], "texture": "#voxels_atlas" },
				"west": { "uv": [ 3.875, 11.5, 4, 11.625 ], "texture": "#voxels_atlas" },
				"east": { "uv": [ 4, 11.375, 3.875, 11.5 ], "texture": "#voxels_atlas" }
			}
		},
		{
			"__comment": "Voxels",
			"from": [ 2.5, 9, 8.25 ],
			"to": [ 4.75, 9.25, 8.5 ],
			"faces": {
				"up": { "uv": [ 0.625, 5.375, 1.75, 5.25 ], "texture": "#voxels_atlas" },
				"north": { "uv": [ 1.75, 7, 0.625, 7.125 ], "texture": "#voxels_atlas" },
				"south": { "uv": [ 0.625, 5.875, 1.75, 6 ], "texture": "#voxels_atlas" },
				"west": { "uv": [ 3.875, 10.5, 4, 10.625 ], "texture": "#voxels_atlas" },
				"east": { "uv": [ 4, 10.125, 3.875, 10.25 ], "texture": "#voxels_atlas" }
			}
		},
		{
			"__comment": "Voxels",
			"from": [ 2.5, 9, 8.75 ],
			"to": [ 3.25, 9.25, 9 ],
			"faces": {
				"up": { "uv": [ 3, 8.375, 3.375, 8.25 ], "texture": "#voxels_atlas" },
				"north": { "uv": [ 3.375, 9.125, 3, 9.25 ], "texture": "#voxels_atlas" },
				"south": { "uv": [ 3, 9.75, 3.375, 9.875 ], "texture": "#voxels_atlas" },
				"west": { "uv": [ 3.875, 9.25, 4, 9.375 ], "texture": "#voxels_atlas" },
				"east": { "uv": [ 4, 9.125, 3.875, 9.25 ], "texture": "#voxels_atlas" }
			}
		},
		{
			"__comment": "Voxels",
			"from": [ 2.75, 6.5, 7.75 ],
			"to": [ 4, 6.75, 8.25 ],
			"faces": {
				"down": { "uv": [ 15.375, 14.25, 16, 14.5 ], "texture": "#voxels_atlas" },
				"up": { "uv": [ 0, 5.625, 0.625, 5.375 ], "texture": "#voxels_atlas" },
				"west": { "uv": [ 0.375, 9.875, 0.625, 10 ], "texture": "#voxels_atlas" },
				"east": { "uv": [ 0.625, 0.875, 0.375, 1 ], "texture": "#voxels_atlas" }
			}
		},
		{
			"__comment": "Voxels",
			"from": [ 2.75, 7.25, 7.75 ],
			"to": [ 4.5, 7.5, 8.25 ],
			"faces": {
				"up": { "uv": [ 0.625, 10.375, 1.5, 10.125 ], "texture": "#voxels_atlas" },
				"north": { "uv": [ 16, 12.75, 15.125, 12.875 ], "texture": "#voxels_atlas" },
				"south": { "uv": [ 15.125, 12.875, 16, 13 ], "texture": "#voxels_atlas" },
				"west": { "uv": [ 0.375, 0, 0.625, 0.125 ], "texture": "#voxels_atlas" },
				"east": { "uv": [ 1.75, 9.25, 1.5, 9.375 ], "texture": "#voxels_atlas" }
			}
		},
		{
			"__comment": "Voxels",
			"from": [ 2.75, 8.25, 7.25 ],
			"to": [ 3, 9.5, 7.5 ],
			"faces": {
				"down": { "uv": [ 3.875, 7, 4, 7.125 ], "texture": "#voxels_atlas" },
				"up": { "uv": [ 3.875, 7, 4, 6.875 ], "texture": "#voxels_atlas" },
				"north": { "uv": [ 0.5, 1, 0.375, 1.625 ], "texture": "#voxels_atlas" },
				"south": { "uv": [ 0.5, 1, 0.625, 1.625 ], "texture": "#voxels_atlas" },
				"west": { "uv": [ 1.75, 5.625, 1.875, 6.25 ], "texture": "#voxels_atlas" },
				"east": { "uv": [ 2, 5.625, 1.875, 6.25 ], "texture": "#voxels_atlas" }
			}
		},
		{
			"__comment": "Voxels",
			"from": [ 2.75, 8.25, 8.5 ],
			"to": [ 3, 9.5, 8.75 ],
			"faces": {
				"down": { "uv": [ 3.875, 6.25, 4, 6.375 ], "texture": "#voxels_atlas" },
				"up": { "uv": [ 3.875, 6.25, 4, 6.125 ], "texture": "#voxels_atlas" },
				"north": { "uv": [ 2, 3.375, 1.875, 4 ], "texture": "#voxels_atlas" },
				"south": { "uv": [ 2.25, 4, 2.375, 4.625 ], "texture": "#voxels_atlas" },
				"west": { "uv": [ 1.75, 4, 1.875, 4.625 ], "texture": "#voxels_atlas" },
				"east": { "uv": [ 1.875, 4.625, 1.75, 5.25 ], "texture": "#voxels_atlas" }
			}
		},
		{
			"__comment": "Voxels",
			"from": [ 2.75, 9.25, 7.5 ],
			"to": [ 4.25, 9.5, 7.75 ],
			"faces": {
				"up": { "uv": [ 2.5, 7.375, 3.25, 7.25 ], "texture": "#voxels_atlas" },
				"north": { "uv": [ 1.375, 0.125, 0.625, 0.25 ], "texture": "#voxels_atlas" },
				"south": { "uv": [ 0.625, 0.5, 1.375, 0.625 ], "texture": "#voxels_atlas" },
				"west": { "uv": [ 3.875, 4.75, 4, 4.875 ], "texture": "#voxels_atlas" },
				"east": { "uv": [ 4, 4.625, 3.875, 4.75 ], "texture": "#voxels_atlas" }
			}
		},
		{
			"__comment": "Voxels",
			"from": [ 2.75, 9.25, 8.25 ],
			"to": [ 4.25, 9.5, 8.5 ],
			"faces": {
				"up": { "uv": [ 2.5, 7, 3.25, 6.875 ], "texture": "#voxels_atlas" },
				"north": { "uv": [ 3.25, 6.625, 2.5, 6.75 ], "texture": "#voxels_atlas" },
				"south": { "uv": [ 1.75, 7, 2.5, 7.125 ], "texture": "#voxels_atlas" },
				"west": { "uv": [ 3.875, 3.75, 4, 3.875 ], "texture": "#voxels_atlas" },
				"east": { "uv": [ 4, 3.375, 3.875, 3.5 ], "texture": "#voxels_atlas" }
			}
		},
		{
			"__comment": "Voxels",
			"from": [ 3, 6.75, 7.5 ],
			"to": [ 4.25, 7, 8.5 ],
			"faces": {
				"down": { "uv": [ 0, 11.375, 0.625, 11.875 ], "texture": "#voxels_atlas" },
				"up": { "uv": [ 0, 11.375, 0.625, 10.875 ], "texture": "#voxels_atlas" },
				"north": { "uv": [ 2.5, 5, 1.875, 5.125 ], "texture": "#voxels_atlas" },
				"south": { "uv": [ 1.875, 4.875, 2.5, 5 ], "texture": "#voxels_atlas" },
				"west": { "uv": [ 1.875, 0.625, 2.375, 0.75 ], "texture": "#voxels_atlas" },
				"east": { "uv": [ 2.375, 0.75, 1.875, 0.875 ], "texture": "#voxels_atlas" }
			}
		},
		{
			"__comment": "Voxels",
			"from": [ 3, 7.25, 7.5 ],
			"to": [ 4.5, 7.5, 7.75 ],
			"faces": {
				"down": { "uv": [ 1.75, 7.25, 2.5, 7.375 ], "texture": "#voxels_atlas" },
				"up": { "uv": [ 2.5, 7.5, 3.25, 7.375 ], "texture": "#voxels_atlas" },
				"north": { "uv": [ 2.5, 7.375, 1.75, 7.5 ], "texture": "#voxels_atlas" },
				"west": { "uv": [ 3.875, 1.5, 4, 1.625 ], "texture": "#voxels_atlas" },
				"east": { "uv": [ 4, 1.125, 3.875, 1.25 ], "texture": "#voxels_atlas" }
			}
		},
		{
			"__comment": "Voxels",
			"from": [ 3, 7.25, 8.25 ],
			"to": [ 4.5, 7.5, 8.5 ],
			"faces": {
				"down": { "uv": [ 0.625, 0.25, 1.375, 0.375 ], "texture": "#voxels_atlas" },
				"up": { "uv": [ 0.625, 0.5, 1.375, 0.375 ], "texture": "#voxels_atlas" },
				"south": { "uv": [ 2.5, 7.125, 3.25, 7.25 ], "texture": "#voxels_atlas" },
				"west": { "uv": [ 3.875, 0.5, 4, 0.625 ], "texture": "#voxels_atlas" },
				"east": { "uv": [ 4, 0.375, 3.875, 0.5 ], "texture": "#voxels_atlas" }
			}
		},
		{
			"__comment": "Voxels",
			"from": [ 3, 7.5, 7.75 ],
			"to": [ 4.75, 7.75, 8.25 ],
			"faces": {
				"down": { "uv": [ 0.625, 9.875, 1.5, 10.125 ], "texture": "#voxels_atlas" },
				"up": { "uv": [ 0.625, 9.625, 1.5, 9.375 ], "texture": "#voxels_atlas" },
				"north": { "uv": [ 1.5, 2.25, 0.625, 2.375 ], "texture": "#voxels_atlas" },
				"south": { "uv": [ 0.625, 2, 1.5, 2.125 ], "texture": "#voxels_atlas" },
				"west": { "uv": [ 1.5, 9.125, 1.75, 9.25 ], "texture": "#voxels_atlas" },
				"east": { "uv": [ 1.75, 9, 1.5, 9.125 ], "texture": "#voxels_atlas" }
			}
		},
		{
			"__comment": "Voxels",
			"from": [ 3, 8, 7.75 ],
			"to": [ 17.25, 8.25, 8.25 ],
			"faces": {
				"down": { "uv": [ 7.125, 14.25, 14.25, 14.5 ], "texture": "#voxels_atlas", "cullface": "east" },
				"north": { "uv": [ 14.25, 12.125, 7.125, 12.25 ], "texture": "#voxels_atlas", "cullface": "east" },
				"south": { "uv": [ 0, 12.125, 7.125, 12.25 ], "texture": "#voxels_atlas", "cullface": "east" },
				"west": { "uv": [ 1.5, 8.875, 1.75, 9 ], "texture": "#voxels_atlas", "cullface": "east" },
				"east": { "uv": [ 1.75, 8.75, 1.5, 8.875 ], "texture": "#voxels_atlas", "cullface": "east" }
			}
		},
		{
			"__comment": "Voxels",
			"from": [ 3, 8.5, 7.25 ],
			"to": [ 3.25, 9.75, 7.5 ],
			"faces": {
				"down": { "uv": [ 4, 9.625, 4.125, 9.75 ], "texture": "#voxels_atlas" },
				"up": { "uv": [ 4, 9.375, 4.125, 9.25 ], "texture": "#voxels_atlas" },
				"north": { "uv": [ 2.125, 2.75, 2, 3.375 ], "texture": "#voxels_atlas" },
				"south": { "uv": [ 2.125, 2.75, 2.25, 3.375 ], "texture": "#voxels_atlas" },
				"west": { "uv": [ 2.25, 2.75, 2.375, 3.375 ], "texture": "#voxels_atlas" },
				"east": { "uv": [ 2.5, 2.75, 2.375, 3.375 ], "texture": "#voxels_atlas" }
			}
		},
		{
			"__comment": "Voxels",
			"from": [ 3, 8.5, 8.5 ],
			"to": [ 3.25, 9.75, 8.75 ],
			"faces": {
				"down": { "uv": [ 4, 8.375, 4.125, 8.5 ], "texture": "#voxels_atlas" },
				"up": { "uv": [ 4, 8.375, 4.125, 8.25 ], "texture": "#voxels_atlas" },
				"north": { "uv": [ 2.625, 2.75, 2.5, 3.375 ], "texture": "#voxels_atlas" },
				"south": { "uv": [ 2.625, 2.75, 2.75, 3.375 ], "texture": "#voxels_atlas" },
				"west": { "uv": [ 2, 4, 2.125, 4.625 ], "texture": "#voxels_atlas" },
				"east": { "uv": [ 2, 4, 1.875, 4.625 ], "texture": "#voxels_atlas" }
			}
		},
		{
			"__comment": "Voxels",
			"from": [ 3, 9, 7.75 ],
			"to": [ 5, 9.25, 8.25 ],
			"faces": {
				"up": { "uv": [ 0.625, 11.625, 1.625, 11.375 ], "texture": "#voxels_atlas" },
				"north": { "uv": [ 1.625, 4.5, 0.625, 4.625 ], "texture": "#voxels_atlas" },
				"south": { "uv": [ 0.625, 3.625, 1.625, 3.75 ], "texture": "#voxels_atlas" },
				"west": { "uv": [ 1.5, 8.625, 1.75, 8.75 ], "texture": "#voxels_atlas" },
				"east": { "uv": [ 1.75, 2.5, 1.5, 2.625 ], "texture": "#voxels_atlas" }
			}
		},
		{
			"__comment": "Voxels",
			"from": [ 3, 9.25, 7 ],
			"to": [ 3.25, 9.5, 7.25 ],
			"faces": {
				"up": { "uv": [ 4, 6.125, 4.125, 6 ], "texture": "#voxels_atlas" },
				"north": { "uv": [ 4.125, 5.875, 4, 6 ], "texture": "#voxels_atlas" },
				"west": { "uv": [ 4, 5.375, 4.125, 5.5 ], "texture": "#voxels_atlas" },
				"east": { "uv": [ 4.125, 5.25, 4, 5.375 ], "texture": "#voxels_atlas" }
			}
		},
		{
			"__comment": "Voxels",
			"from": [ 3, 9.25, 7.75 ],
			"to": [ 4.5, 9.5, 8.25 ],
			"faces": {
				"up": { "uv": [ 0.625, 7.625, 1.375, 7.375 ], "texture": "#voxels_atlas" },
				"north": { "uv": [ 1.375, 1.625, 0.625, 1.75 ], "texture": "#voxels_atlas" },
				"south": { "uv": [ 0.625, 1.75, 1.375, 1.875 ], "texture": "#voxels_atlas" },
				"west": { "uv": [ 1.5, 2.375, 1.75, 2.5 ], "texture": "#voxels_atlas" },
				"east": { "uv": [ 1.75, 2.25, 1.5, 2.375 ], "texture": "#voxels_atlas" }
			}
		},
		{
			"__comment": "Voxels",
			"from": [ 3, 9.25, 8.75 ],
			"to": [ 3.25, 9.5, 9 ],
			"faces": {
				"up": { "uv": [ 4, 4.125, 4.125, 4 ], "texture": "#voxels_atlas" },
				"south": { "uv": [ 4, 3.75, 4.125, 3.875 ], "texture": "#voxels_atlas" },
				"west": { "uv": [ 4, 3.625, 4.125, 3.75 ], "texture": "#voxels_atlas" },
				"east": { "uv": [ 4.125, 3.25, 4, 3.375 ], "texture": "#voxels_atlas" }
			}
		},
		{
			"__comment": "Voxels",
			"from": [ 3, 9.5, 7.5 ],
			"to": [ 3.75, 9.75, 7.75 ],
			"faces": {
				"up": { "uv": [ 1.375, 7.375, 1.75, 7.25 ], "texture": "#voxels_atlas" },
				"north": { "uv": [ 1.75, 8, 1.375, 8.125 ], "texture": "#voxels_atlas" },
				"south": { "uv": [ 1.375, 7.375, 1.75, 7.5 ], "texture": "#voxels_atlas" },
				"west": { "uv": [ 15.875, 11.875, 16, 12 ], "texture": "#voxels_atlas" },
				"east": { "uv": [ 1.75, 5, 1.625, 5.125 ], "texture": "#voxels_atlas" }
			}
		},
		{
			"__comment": "Voxels",
			"from": [ 3, 9.5, 8.25 ],
			"to": [ 3.75, 9.75, 8.5 ],
			"faces": {
				"up": { "uv": [ 3.375, 6.25, 3.75, 6.125 ], "texture": "#voxels_atlas" },
				"north": { "uv": [ 1.75, 7.125, 1.375, 7.25 ], "texture": "#voxels_atlas" },
				"south": { "uv": [ 1.375, 1.5, 1.75, 1.625 ], "texture": "#voxels_atlas" },
				"west": { "uv": [ 1.625, 4.375, 1.75, 4.5 ], "texture": "#voxels_atlas" },
				"east": { "uv": [ 1.75, 4.25, 1.625, 4.375 ], "texture": "#voxels_atlas" }
			}
		},
		{
			"__comment": "Voxels",
			"from": [ 3.25, 7, 7.5 ],
			"to": [ 4.5, 7.25, 7.75 ],
			"faces": {
				"down": { "uv": [ 2.5, 6.5, 3.125, 6.625 ], "texture": "#voxels_atlas" },
				"north": { "uv": [ 2.5, 4.75, 1.875, 4.875 ], "texture": "#voxels_atlas" },
				"west": { "uv": [ 1.625, 3.625, 1.75, 3.75 ], "texture": "#voxels_atlas" },
				"east": { "uv": [ 1.75, 3.5, 1.625, 3.625 ], "texture": "#voxels_atlas" }
			}
		},
		{
			"__comment": "Voxels",
			"from": [ 3.25, 7, 8.25 ],
			"to": [ 4.5, 7.25, 8.5 ],
			"faces": {
				"down": { "uv": [ 2.375, 5.375, 3, 5.5 ], "texture": "#voxels_atlas" },
				"south": { "uv": [ 2.625, 6, 3.25, 6.125 ], "texture": "#voxels_atlas" },
				"west": { "uv": [ 1.625, 2.875, 1.75, 3 ], "texture": "#voxels_atlas" },
				"east": { "uv": [ 1.75, 2.75, 1.625, 2.875 ], "texture": "#voxels_atlas" }
			}
		},
		{
			"__comment": "Voxels",
			"from": [ 3.25, 7.5, 7.5 ],
			"to": [ 4.5, 7.75, 7.75 ],
			"faces": {
				"up": { "uv": [ 2, 5.75, 2.625, 5.625 ], "texture": "#voxels_atlas" },
				"north": { "uv": [ 2.625, 6, 2, 6.125 ], "texture": "#voxels_atlas" },
				"west": { "uv": [ 3.25, 7, 3.375, 7.125 ], "texture": "#voxels_atlas" },
				"east": { "uv": [ 3.375, 6.875, 3.25, 7 ], "texture": "#voxels_atlas" }
			}
		},
		{
			"__comment": "Voxels",
			"from": [ 3.25, 7.5, 8.25 ],
			"to": [ 4.5, 7.75, 8.5 ],
			"faces": {
				"up": { "uv": [ 2.375, 6.5, 3, 6.375 ], "texture": "#voxels_atlas" },
				"south": { "uv": [ 2.375, 6.25, 3, 6.375 ], "texture": "#voxels_atlas" },
				"west": { "uv": [ 3.25, 5.875, 3.375, 6 ], "texture": "#voxels_atlas" },
				"east": { "uv": [ 3.375, 5.75, 3.25, 5.875 ], "texture": "#voxels_atlas" }
			}
		},
		{
			"__comment": "Voxels",
			"from": [ 3.25, 7.75, 7.75 ],
			"to": [ 4.75, 8, 8.25 ],
			"faces": {
				"north": { "uv": [ 2.5, 6.875, 1.75, 7 ], "texture": "#voxels_atlas" },
				"south": { "uv": [ 2.5, 7, 3.25, 7.125 ], "texture": "#voxels_atlas" },
				"west": { "uv": [ 1.5, 2.125, 1.75, 2.25 ], "texture": "#voxels_atlas" },
				"east": { "uv": [ 1.75, 2, 1.5, 2.125 ], "texture": "#voxels_atlas" }
			}
		},
		{
			"__comment": "Voxels",
			"from": [ 3.25, 8.75, 7.25 ],
			"to": [ 3.5, 9.75, 7.5 ],
			"faces": {
				"down": { "uv": [ 3.25, 2.125, 3.375, 2.25 ], "texture": "#voxels_atlas" },
				"up": { "uv": [ 3.25, 2.125, 3.375, 2 ], "texture": "#voxels_atlas" },
				"north": { "uv": [ 2, 1.375, 1.875, 1.875 ], "texture": "#voxels_atlas" },
				"south": { "uv": [ 1.75, 0.375, 1.875, 0.875 ], "texture": "#voxels_atlas" },
				"east": { "uv": [ 1.875, 1.375, 1.75, 1.875 ], "texture": "#voxels_atlas" }
			}
		},
		{
			"__comment": "Voxels",
			"from": [ 3.25, 8.75, 8.5 ],
			"to": [ 3.5, 9.75, 8.75 ],
			"faces": {
				"down": { "uv": [ 3.75, 6.125, 3.875, 6.25 ], "texture": "#voxels_atlas" },
				"up": { "uv": [ 3.625, 2.5, 3.75, 2.375 ], "texture": "#voxels_atlas" },
				"north": { "uv": [ 0.625, 5.625, 0.5, 6.125 ], "texture": "#voxels_atlas" },
				"south": { "uv": [ 0.375, 5.625, 0.5, 6.125 ], "texture": "#voxels_atlas" },
				"east": { "uv": [ 0.5, 6.5, 0.375, 7 ], "texture": "#voxels_atlas" }
			}
		},
		{
			"__comment": "Voxels",
			"from": [ 3.25, 9.5, 7.75 ],
			"to": [ 4, 9.75, 8.25 ],
			"faces": {
				"up": { "uv": [ 15.625, 14.25, 16, 14 ], "texture": "#voxels_atlas" },
				"north": { "uv": [ 3.375, 6.375, 3, 6.5 ], "texture": "#voxels_atlas" },
				"south": { "uv": [ 3, 6.25, 3.375, 6.375 ], "texture": "#voxels_atlas" },
				"west": { "uv": [ 1.5, 1.875, 1.75, 2 ], "texture": "#voxels_atlas" },
				"east": { "uv": [ 3.375, 6.5, 3.125, 6.625 ], "texture": "#voxels_atlas" }
			}
		},
		{
			"__comment": "Voxels",
			"from": [ 3.5, 7.75, 7.5 ],
			"to": [ 4.5, 8, 7.75 ],
			"faces": {
				"up": { "uv": [ 2.75, 2.375, 3.25, 2.25 ], "texture": "#voxels_atlas" },
				"north": { "uv": [ 2.75, 2.25, 2.25, 2.375 ], "texture": "#voxels_atlas" },
				"west": { "uv": [ 3.75, 1.875, 3.875, 2 ], "texture": "#voxels_atlas" },
				"east": { "uv": [ 4, 5, 3.875, 5.125 ], "texture": "#voxels_atlas" }
			}
		},
		{
			"__comment": "Voxels",
			"from": [ 3.5, 7.75, 8.25 ],
			"to": [ 4.5, 8, 8.5 ],
			"faces": {
				"up": { "uv": [ 1.75, 2.625, 2.25, 2.5 ], "texture": "#voxels_atlas" },
				"south": { "uv": [ 2.25, 2.625, 2.75, 2.75 ], "texture": "#voxels_atlas" },
				"west": { "uv": [ 3.5, 1.625, 3.625, 1.75 ], "texture": "#voxels_atlas" },
				"east": { "uv": [ 3.75, 1.625, 3.625, 1.75 ], "texture": "#voxels_atlas" }
			}
		},
		{
			"__comment": "Voxels",
			"from": [ 3.5, 9.25, 7.25 ],
			"to": [ 3.75, 9.5, 7.5 ],
			"faces": {
				"down": { "uv": [ 3.75, 1.625, 3.875, 1.75 ], "texture": "#voxels_atlas" },
				"up": { "uv": [ 3.375, 1.625, 3.5, 1.5 ], "texture": "#voxels_atlas" },
				"north": { "uv": [ 3.625, 1.5, 3.5, 1.625 ], "texture": "#voxels_atlas" },
				"east": { "uv": [ 3.5, 1.375, 3.375, 1.5 ], "texture": "#voxels_atlas" }
			}
		},
		{
			"__comment": "Voxels",
			"from": [ 3.5, 9.25, 8.5 ],
			"to": [ 3.75, 9.5, 8.75 ],
			"faces": {
				"down": { "uv": [ 3.5, 1.375, 3.625, 1.5 ], "texture": "#voxels_atlas" },
				"up": { "uv": [ 3.625, 1.5, 3.75, 1.375 ], "texture": "#voxels_atlas" },
				"south": { "uv": [ 3.375, 1.25, 3.5, 1.375 ], "texture": "#voxels_atlas" },
				"east": { "uv": [ 3.75, 1.25, 3.625, 1.375 ], "texture": "#voxels_atlas" }
			}
		},
		{
			"__comment": "Voxels",
			"from": [ 3.75, 8, 7.5 ],
			"to": [ 4.75, 8.25, 7.75 ],
			"faces": {
				"down": { "uv": [ 2.875, 3.625, 3.375, 3.75 ], "texture": "#voxels_atlas" },
				"north": { "uv": [ 3.875, 9, 3.375, 9.125 ], "texture": "#voxels_atlas" },
				"west": { "uv": [ 3.75, 1.125, 3.875, 1.25 ], "texture": "#voxels_atlas" },
				"east": { "uv": [ 3.5, 1, 3.375, 1.125 ], "texture": "#voxels_atlas" }
			}
		},
		{
			"__comment": "Voxels",
			"from": [ 3.75, 8, 8.25 ],
			"to": [ 4.75, 8.25, 8.5 ],
			"faces": {
				"down": { "uv": [ 2.75, 2.5, 3.25, 2.625 ], "texture": "#voxels_atlas" },
				"south": { "uv": [ 2.75, 2.375, 3.25, 2.5 ], "texture": "#voxels_atlas" },
				"west": { "uv": [ 3.5, 0.875, 3.625, 1 ], "texture": "#voxels_atlas" },
				"east": { "uv": [ 3.75, 0.875, 3.625, 1 ], "texture": "#voxels_atlas" }
			}
		},
		{
			"__comment": "Voxels",
			"from": [ 5.25, 7.75, 7.75 ],
			"to": [ 17, 8, 8.25 ],
			"faces": {
				"down": { "uv": [ 10.125, 15.5, 16, 15.75 ], "texture": "#voxels_atlas", "cullface": "east" },
				"north": { "uv": [ 15.5, 13.5, 9.625, 13.625 ], "texture": "#voxels_atlas", "cullface": "east" },
				"south": { "uv": [ 9.625, 13.375, 15.5, 13.5 ], "texture": "#voxels_atlas", "cullface": "east" },
				"west": { "uv": [ 3.625, 5.375, 3.875, 5.5 ], "texture": "#voxels_atlas", "cullface": "east" },
				"east": { "uv": [ 3.625, 5.25, 3.375, 5.375 ], "texture": "#voxels_atlas", "cullface": "east" }
			}
		},
		{
			"__comment": "Voxels",
			"from": [ 5.25, 8, 7.5 ],
			"to": [ 17, 8.25, 7.75 ],
			"faces": {
				"down": { "uv": [ 9.625, 13.25, 15.5, 13.375 ], "texture": "#voxels_atlas", "cullface": "east" },
				"north": { "uv": [ 15.5, 13.75, 9.625, 13.875 ], "texture": "#voxels_atlas", "cullface": "east" },
				"west": { "uv": [ 3.5, 0.5, 3.625, 0.625 ], "texture": "#voxels_atlas", "cullface": "east" },
				"east": { "uv": [ 3.75, 0.5, 3.625, 0.625 ], "texture": "#voxels_atlas", "cullface": "east" }
			}
		},
		{
			"__comment": "Voxels",
			"from": [ 5.25, 8, 8.25 ],
			"to": [ 17, 8.25, 8.5 ],
			"faces": {
				"down": { "uv": [ 9.75, 14, 15.625, 14.125 ], "texture": "#voxels_atlas", "cullface": "east" },
				"south": { "uv": [ 9.625, 13.125, 15.5, 13.25 ], "texture": "#voxels_atlas", "cullface": "east" },
				"west": { "uv": [ 3.75, 0.375, 3.875, 0.5 ], "texture": "#voxels_atlas", "cullface": "east" },
				"east": { "uv": [ 3.5, 0.25, 3.375, 0.375 ], "texture": "#voxels_atlas", "cullface": "east" }
			}
		},
		{
			"__comment": "Voxels",
			"from": [ 5.5, 7.5, 7.75 ],
			"to": [ 16.75, 7.75, 8.25 ],
			"faces": {
				"down": { "uv": [ 10.125, 15.25, 15.75, 15.5 ], "texture": "#voxels_atlas", "cullface": "east" },
				"north": { "uv": [ 15.125, 12.75, 9.5, 12.875 ], "texture": "#voxels_atlas", "cullface": "east" },
				"south": { "uv": [ 9.5, 12.875, 15.125, 13 ], "texture": "#voxels_atlas", "cullface": "east" },
				"west": { "uv": [ 3.375, 4.5, 3.625, 4.625 ], "texture": "#voxels_atlas", "cullface": "east" },
				"east": { "uv": [ 3.875, 4.5, 3.625, 4.625 ], "texture": "#voxels_atlas", "cullface": "east" }
			}
		},
		{
			"__comment": "Voxels",
			"from": [ 5.5, 7.75, 7.5 ],
			"to": [ 8, 8, 7.75 ],
			"faces": {
				"down": { "uv": [ 14.625, 11.875, 15.875, 12 ], "texture": "#voxels_atlas" },
				"north": { "uv": [ 3, 11.5, 1.75, 11.625 ], "texture": "#voxels_atlas" },
				"west": { "uv": [ 3.75, 0, 3.875, 0.125 ], "texture": "#voxels_atlas" },
				"east": { "uv": [ 4, 11.75, 3.875, 11.875 ], "texture": "#voxels_atlas" }
			}
		},
		{
			"__comment": "Voxels",
			"from": [ 5.5, 7.75, 8.25 ],
			"to": [ 8, 8, 8.5 ],
			"faces": {
				"down": { "uv": [ 1.75, 11.25, 3, 11.375 ], "texture": "#voxels_atlas" },
				"south": { "uv": [ 1.75, 10.875, 3, 11 ], "texture": "#voxels_atlas" },
				"west": { "uv": [ 3.875, 11.125, 4, 11.25 ], "texture": "#voxels_atlas" },
				"east": { "uv": [ 4, 11, 3.875, 11.125 ], "texture": "#voxels_atlas" }
			}
		},
		{
			"__comment": "Voxels",
			"from": [ 5.5, 8.75, 7.5 ],
			"to": [ 8, 9, 7.75 ],
			"faces": {
				"up": { "uv": [ 1.75, 10.75, 3, 10.625 ], "texture": "#voxels_atlas" },
				"north": { "uv": [ 3, 10.5, 1.75, 10.625 ], "texture": "#voxels_atlas" },
				"west": { "uv": [ 3.875, 10.375, 4, 10.5 ], "texture": "#voxels_atlas" },
				"east": { "uv": [ 4, 10.25, 3.875, 10.375 ], "texture": "#voxels_atlas" }
			}
		},
		{
			"__comment": "Voxels",
			"from": [ 5.5, 8.75, 8.25 ],
			"to": [ 8, 9, 8.5 ],
			"faces": {
				"up": { "uv": [ 1.75, 10.25, 3, 10.125 ], "texture": "#voxels_atlas" },
				"south": { "uv": [ 1.75, 9.875, 3, 10 ], "texture": "#voxels_atlas" },
				"west": { "uv": [ 3.875, 9.625, 4, 9.75 ], "texture": "#voxels_atlas" },
				"east": { "uv": [ 4, 9.5, 3.875, 9.625 ], "texture": "#voxels_atlas" }
			}
		},
		{
			"__comment": "Voxels",
			"from": [ 5.5, 9, 7.75 ],
			"to": [ 7, 9.25, 8.25 ],
			"faces": {
				"up": { "uv": [ 0.625, 8.625, 1.375, 8.375 ], "texture": "#voxels_atlas" },
				"north": { "uv": [ 3.25, 6.75, 2.5, 6.875 ], "texture": "#voxels_atlas" },
				"south": { "uv": [ 1.75, 6.625, 2.5, 6.75 ], "texture": "#voxels_atlas" },
				"west": { "uv": [ 3.375, 3.125, 3.625, 3.25 ], "texture": "#voxels_atlas" },
				"east": { "uv": [ 3.875, 3, 3.625, 3.125 ], "texture": "#voxels_atlas" }
			}
		},
		{
			"__comment": "Voxels",
			"from": [ 5.75, 7.5, 7.5 ],
			"to": [ 6.75, 7.75, 7.75 ],
			"faces": {
				"down": { "uv": [ 1.875, 1.25, 2.375, 1.375 ], "texture": "#voxels_atlas" },
				"north": { "uv": [ 3.375, 1.25, 2.875, 1.375 ], "texture": "#voxels_atlas" },
				"west": { "uv": [ 3.875, 8.125, 4, 8.25 ], "texture": "#voxels_atlas" },
				"east": { "uv": [ 4, 8, 3.875, 8.125 ], "texture": "#voxels_atlas" }
			}
		},
		{
			"__comment": "Voxels",
			"from": [ 5.75, 7.5, 8.25 ],
			"to": [ 6.75, 7.75, 8.5 ],
			"faces": {
				"down": { "uv": [ 2.375, 1.125, 2.875, 1.25 ], "texture": "#voxels_atlas" },
				"south": { "uv": [ 2.375, 1, 2.875, 1.125 ], "texture": "#voxels_atlas" },
				"west": { "uv": [ 3.875, 7.375, 4, 7.5 ], "texture": "#voxels_atlas" },
				"east": { "uv": [ 4, 7.25, 3.875, 7.375 ], "texture": "#voxels_atlas" }
			}
		},
		{
			"__comment": "Voxels",
			"from": [ 6, 8.25, 7.25 ],
			"to": [ 15.75, 8.75, 7.5 ],
			"faces": {
				"down": { "uv": [ 0, 11.875, 4.875, 12 ], "texture": "#voxels_atlas" },
				"up": { "uv": [ 9.75, 12.125, 14.625, 12 ], "texture": "#voxels_atlas" },
				"north": { "uv": [ 9.75, 14, 4.875, 14.25 ], "texture": "#voxels_atlas" },
				"south": { "uv": [ 0, 14, 4.875, 14.25 ], "texture": "#voxels_atlas" },
				"west": { "uv": [ 0.5, 4.375, 0.625, 4.625 ], "texture": "#voxels_atlas" },
				"east": { "uv": [ 0.625, 4.125, 0.5, 4.375 ], "texture": "#voxels_atlas" }
			}
		},
		{
			"__comment": "Voxels",
			"from": [ 6, 8.25, 8.5 ],
			"to": [ 15.75, 8.75, 8.75 ],
			"faces": {
				"down": { "uv": [ 4.875, 12, 9.75, 12.125 ], "texture": "#voxels_atlas" },
				"up": { "uv": [ 0, 12.125, 4.875, 12 ], "texture": "#voxels_atlas" },
				"north": { "uv": [ 14.375, 14.5, 9.5, 14.75 ], "texture": "#voxels_atlas" },
				"south": { "uv": [ 9.5, 14.75, 14.375, 15 ], "texture": "#voxels_atlas" },
				"west": { "uv": [ 0.5, 2.875, 0.625, 3.125 ], "texture": "#voxels_atlas" },
				"east": { "uv": [ 0.625, 2.625, 0.5, 2.875 ], "texture": "#voxels_atlas" }
			}
		},
		{
			"__comment": "Voxels",
			"from": [ 6, 9, 7.5 ],
			"to": [ 7, 9.25, 7.75 ],
			"faces": {
				"up": { "uv": [ 2.375, 1, 2.875, 0.875 ], "texture": "#voxels_atlas" },
				"north": { "uv": [ 3.375, 0.875, 2.875, 1 ], "texture": "#voxels_atlas" },
				"west": { "uv": [ 3.875, 5.125, 4, 5.25 ], "texture": "#voxels_atlas" },
				"east": { "uv": [ 4.125, 2.625, 4, 2.75 ], "texture": "#voxels_atlas" }
			}
		},
		{
			"__comment": "Voxels",
			"from": [ 6, 9, 8.25 ],
			"to": [ 7, 9.25, 8.5 ],
			"faces": {
				"up": { "uv": [ 2.375, 0.75, 2.875, 0.625 ], "texture": "#voxels_atlas" },
				"south": { "uv": [ 1.875, 0.5, 2.375, 0.625 ], "texture": "#voxels_atlas" },
				"west": { "uv": [ 3.875, 4.375, 4, 4.5 ], "texture": "#voxels_atlas" },
				"east": { "uv": [ 4, 4.25, 3.875, 4.375 ], "texture": "#voxels_atlas" }
			}
		},
		{
			"__comment": "Voxels",
			"from": [ 6.25, 8, 7.25 ],
			"to": [ 7.75, 8.25, 7.5 ],
			"faces": {
				"down": { "uv": [ 0.625, 1.5, 1.375, 1.625 ], "texture": "#voxels_atlas" },
				"north": { "uv": [ 1.375, 1.375, 0.625, 1.5 ], "texture": "#voxels_atlas" },
				"west": { "uv": [ 3.875, 3.625, 4, 3.75 ], "texture": "#voxels_atlas" },
				"east": { "uv": [ 4, 3.5, 3.875, 3.625 ], "texture": "#voxels_atlas" }
			}
		},
		{
			"__comment": "Voxels",
			"from": [ 6.25, 8, 8.5 ],
			"to": [ 7.75, 8.25, 8.75 ],
			"faces": {
				"down": { "uv": [ 0.625, 1.125, 1.375, 1.25 ], "texture": "#voxels_atlas" },
				"south": { "uv": [ 0.625, 0.75, 1.375, 0.875 ], "texture": "#voxels_atlas" },
				"west": { "uv": [ 3.875, 2.875, 4, 3 ], "texture": "#voxels_atlas" },
				"east": { "uv": [ 4, 2.75, 3.875, 2.875 ], "texture": "#voxels_atlas" }
			}
		},
		{
			"__comment": "Voxels",
			"from": [ 6.5, 8.75, 7.25 ],
			"to": [ 7.25, 9, 7.5 ],
			"faces": {
				"up": { "uv": [ 3, 11.375, 3.375, 11.25 ], "texture": "#voxels_atlas" },
				"north": { "uv": [ 3.375, 11.125, 3, 11.25 ], "texture": "#voxels_atlas" },
				"west": { "uv": [ 3.875, 2.125, 4, 2.25 ], "texture": "#voxels_atlas" },
				"east": { "uv": [ 4, 2, 3.875, 2.125 ], "texture": "#voxels_atlas" }
			}
		},
		{
			"__comment": "Voxels",
			"from": [ 6.5, 8.75, 8.5 ],
			"to": [ 7.25, 9, 8.75 ],
			"faces": {
				"up": { "uv": [ 3, 10.875, 3.375, 10.75 ], "texture": "#voxels_atlas" },
				"south": { "uv": [ 3, 10.5, 3.375, 10.625 ], "texture": "#voxels_atlas" },
				"west": { "uv": [ 3.875, 1.375, 4, 1.5 ], "texture": "#voxels_atlas" },
				"east": { "uv": [ 4, 1.25, 3.875, 1.375 ], "texture": "#voxels_atlas" }
			}
		},
		{
			"__comment": "Voxels",
			"from": [ 6.5, 9.25, 7.5 ],
			"to": [ 7.25, 9.5, 8.5 ],
			"faces": {
				"down": { "uv": [ 0, 7, 0.375, 7.5 ], "texture": "#voxels_atlas" },
				"up": { "uv": [ 0, 7, 0.375, 6.5 ], "texture": "#voxels_atlas" },
				"north": { "uv": [ 3.375, 10.125, 3, 10.25 ], "texture": "#voxels_atlas" },
				"south": { "uv": [ 3, 10, 3.375, 10.125 ], "texture": "#voxels_atlas" },
				"west": { "uv": [ 3.375, 11.75, 3.875, 11.875 ], "texture": "#voxels_atlas" },
				"east": { "uv": [ 3.875, 11.625, 3.375, 11.75 ], "texture": "#voxels_atlas" }
			}
		},
		{
			"__comment": "Voxels",
			"from": [ 6.75, 9.5, 7.5 ],
			"to": [ 7.5, 9.75, 7.75 ],
			"faces": {
				"down": { "uv": [ 3, 9.625, 3.375, 9.75 ], "texture": "#voxels_atlas" },
				"up": { "uv": [ 3, 9.625, 3.375, 9.5 ], "texture": "#voxels_atlas" },
				"north": { "uv": [ 3.375, 9.375, 3, 9.5 ], "texture": "#voxels_atlas" },
				"south": { "uv": [ 3, 9.25, 3.375, 9.375 ], "texture": "#voxels_atlas" },
				"west": { "uv": [ 4, 11.75, 4.125, 11.875 ], "texture": "#voxels_atlas" },
				"east": { "uv": [ 4.125, 11.625, 4, 11.75 ], "texture": "#voxels_atlas" }
			}
		},
		{
			"__comment": "Voxels",
			"from": [ 6.75, 9.5, 7.75 ],
			"to": [ 7.25, 9.75, 8.5 ],
			"faces": {
				"up": { "uv": [ 0.375, 10.375, 0.625, 10 ], "texture": "#voxels_atlas" },
				"south": { "uv": [ 3.375, 5, 3.625, 5.125 ], "texture": "#voxels_atlas" },
				"west": { "uv": [ 3, 8.875, 3.375, 9 ], "texture": "#voxels_atlas" },
				"east": { "uv": [ 3.375, 8.75, 3, 8.875 ], "texture": "#voxels_atlas" }
			}
		},
		{
			"__comment": "Voxels",
			"from": [ 7.25, 9.5, 8.25 ],
			"to": [ 7.5, 9.75, 8.5 ],
			"faces": {
				"down": { "uv": [ 4, 10.75, 4.125, 10.875 ], "texture": "#voxels_atlas" },
				"up": { "uv": [ 4, 10.75, 4.125, 10.625 ], "texture": "#voxels_atlas" },
				"north": { "uv": [ 4.125, 10.5, 4, 10.625 ], "texture": "#voxels_atlas" },
				"south": { "uv": [ 4, 10.375, 4.125, 10.5 ], "texture": "#voxels_atlas" },
				"east": { "uv": [ 4.125, 10.125, 4, 10.25 ], "texture": "#voxels_atlas" }
			}
		},
		{
			"__comment": "Voxels",
			"from": [ 13.75, 8.75, 7.5 ],
			"to": [ 16.25, 9, 7.75 ],
			"faces": {
				"up": { "uv": [ 1.75, 9.5, 3, 9.375 ], "texture": "#voxels_atlas", "cullface": "east" },
				"north": { "uv": [ 15.875, 12, 14.625, 12.125 ], "texture": "#voxels_atlas", "cullface": "east" },
				"west": { "uv": [ 4, 9.5, 4.125, 9.625 ], "texture": "#voxels_atlas", "cullface": "east" },
				"east": { "uv": [ 4.125, 9.375, 4, 9.5 ], "texture": "#voxels_atlas", "cullface": "east" }
			}
		},
		{
			"__comment": "Voxels",
			"from": [ 13.75, 8.75, 8.25 ],
			"to": [ 16.25, 9, 8.5 ],
			"faces": {
				"up": { "uv": [ 1.75, 9.125, 3, 9 ], "texture": "#voxels_atlas", "cullface": "east" },
				"south": { "uv": [ 1.75, 8.75, 3, 8.875 ], "texture": "#voxels_atlas", "cullface": "east" },
				"west": { "uv": [ 4, 8.75, 4.125, 8.875 ], "texture": "#voxels_atlas", "cullface": "east" },
				"east": { "uv": [ 4.125, 8.625, 4, 8.75 ], "texture": "#voxels_atlas", "cullface": "east" }
			}
		},
		{
			"__comment": "Voxels",
			"from": [ 14.25, 7.75, 7.5 ],
			"to": [ 16.75, 8, 7.75 ],
			"faces": {
				"down": { "uv": [ 1.75, 8.625, 3, 8.75 ], "texture": "#voxels_atlas", "cullface": "east" },
				"north": { "uv": [ 3, 8.375, 1.75, 8.5 ], "texture": "#voxels_atlas", "cullface": "east" },
				"west": { "uv": [ 4, 8, 4.125, 8.125 ], "texture": "#voxels_atlas", "cullface": "east" },
				"east": { "uv": [ 4.125, 7.875, 4, 8 ], "texture": "#voxels_atlas", "cullface": "east" }
			}
		},
		{
			"__comment": "Voxels",
			"from": [ 14.25, 7.75, 8.25 ],
			"to": [ 16.75, 8, 8.5 ],
			"faces": {
				"down": { "uv": [ 1.75, 8.125, 3, 8.25 ], "texture": "#voxels_atlas", "cullface": "east" },
				"south": { "uv": [ 1.75, 7.75, 3, 7.875 ], "texture": "#voxels_atlas", "cullface": "east" },
				"west": { "uv": [ 4, 7.25, 4.125, 7.375 ], "texture": "#voxels_atlas", "cullface": "east" },
				"east": { "uv": [ 4.125, 7.125, 4, 7.25 ], "texture": "#voxels_atlas", "cullface": "east" }
			}
		},
		{
			"__comment": "Voxels",
			"from": [ 14.5, 7.5, 7.5 ],
			"to": [ 16.5, 7.75, 7.75 ],
			"faces": {
				"down": { "uv": [ 0.625, 3.5, 1.625, 3.625 ], "texture": "#voxels_atlas", "cullface": "east" },
				"north": { "uv": [ 1.625, 3.25, 0.625, 3.375 ], "texture": "#voxels_atlas", "cullface": "east" },
				"west": { "uv": [ 4, 6.5, 4.125, 6.625 ], "texture": "#voxels_atlas", "cullface": "east" },
				"east": { "uv": [ 4.125, 6.375, 4, 6.5 ], "texture": "#voxels_atlas", "cullface": "east" }
			}
		},
		{
			"__comment": "Voxels",
			"from": [ 14.5, 7.5, 8.25 ],
			"to": [ 16.5, 7.75, 8.5 ],
			"faces": {
				"down": { "uv": [ 0.625, 3.125, 1.625, 3.25 ], "texture": "#voxels_atlas", "cullface": "east" },
				"south": { "uv": [ 0.625, 2.75, 1.625, 2.875 ], "texture": "#voxels_atlas", "cullface": "east" },
				"west": { "uv": [ 4, 5.75, 4.125, 5.875 ], "texture": "#voxels_atlas", "cullface": "east" },
				"east": { "uv": [ 4.125, 5.625, 4, 5.75 ], "texture": "#voxels_atlas", "cullface": "east" }
			}
		},
		{
			"__comment": "Voxels",
			"from": [ 14.75, 7.25, 7.75 ],
			"to": [ 16.5, 7.5, 8.25 ],
			"faces": {
				"down": { "uv": [ 0.625, 8.875, 1.5, 9.125 ], "texture": "#voxels_atlas", "cullface": "east" },
				"north": { "uv": [ 1.5, 1.875, 0.625, 2 ], "texture": "#voxels_atlas", "cullface": "east" },
				"south": { "uv": [ 0.625, 2.5, 1.5, 2.625 ], "texture": "#voxels_atlas", "cullface": "east" },
				"west": { "uv": [ 3.625, 3.125, 3.875, 3.25 ], "texture": "#voxels_atlas", "cullface": "east" },
				"east": { "uv": [ 3.625, 3, 3.375, 3.125 ], "texture": "#voxels_atlas", "cullface": "east" }
			}
		},
		{
			"__comment": "Voxels",
			"from": [ 14.75, 8, 7.25 ],
			"to": [ 15.75, 8.25, 7.5 ],
			"faces": {
				"down": { "uv": [ 3.375, 8.25, 3.875, 8.375 ], "texture": "#voxels_atlas" },
				"north": { "uv": [ 3.875, 8, 3.375, 8.125 ], "texture": "#voxels_atlas" },
				"west": { "uv": [ 4, 4.25, 4.125, 4.375 ], "texture": "#voxels_atlas" },
				"east": { "uv": [ 4.125, 4.125, 4, 4.25 ], "texture": "#voxels_atlas" }
			}
		},
		{
			"__comment": "Voxels",
			"from": [ 14.75, 8, 8.5 ],
			"to": [ 15.75, 8.25, 8.75 ],
			"faces": {
				"down": { "uv": [ 3.375, 7.75, 3.875, 7.875 ], "texture": "#voxels_atlas" },
				"south": { "uv": [ 3.375, 7.375, 3.875, 7.5 ], "texture": "#voxels_atlas" },
				"west": { "uv": [ 4, 3.5, 4.125, 3.625 ], "texture": "#voxels_atlas" },
				"east": { "uv": [ 4.125, 3.375, 4, 3.5 ], "texture": "#voxels_atlas" }
			}
		},
		{
			"__comment": "Voxels",
			"from": [ 18.25, 8.75, 7.75 ],
			"to": [ 18.5, 9, 8.25 ],
			"faces": {
				"down": { "uv": [ 3.375, 2.25, 3.5, 2.5 ], "texture": "#voxels_atlas", "cullface": "east" },
				"up": { "uv": [ 3.5, 2.5, 3.625, 2.25 ], "texture": "#voxels_atlas", "cullface": "east" },
				"north": { "uv": [ 4.125, 3, 4, 3.125 ], "texture": "#voxels_atlas", "cullface": "east" },
				"south": { "uv": [ 4, 2.875, 4.125, 3 ], "texture": "#voxels_atlas", "cullface": "east" },
				"east": { "uv": [ 3.875, 6, 3.625, 6.125 ], "texture": "#voxels_atlas", "cullface": "east" }
			}
		},
		{
			"__comment": "Voxels",
			"from": [ 15.5, 8.875, 7.735 ],
			"to": [ 15.66, 9.035, 8.054999 ],
			"faces": {
				"down": { "uv": [ 8, 16, 12, 14 ], "texture": "#windbladerune", "rotation": 270 },
				"up": { "uv": [ 12, 14, 16, 16 ], "texture": "#windbladerune", "rotation": 90 },
				"north": { "uv": [ 0, 0, 2, 2 ], "texture": "#windbladerune", "rotation": 270 },
				"south": { "uv": [ 4, 8, 2, 10 ], "texture": "#windbladerune", "rotation": 90 },
				"west": { "uv": [ 0, 14, 4, 16 ], "texture": "#windbladerune" },
				"east": { "uv": [ 8, 14, 4, 16 ], "texture": "#windbladerune" }
			}
		},
		{
			"__comment": "Voxels",
			"from": [ 15.66, 8.875, 7.895 ],
			"to": [ 15.98, 9.035, 8.055 ],
			"faces": {
				"down": { "uv": [ 0, 14, 2, 10 ], "texture": "#windbladerune", "rotation": 270 },
				"up": { "uv": [ 0, 6, 2, 10 ], "texture": "#windbladerune", "rotation": 90 },
				"north": { "uv": [ 0, 2, 2, 6 ], "texture": "#windbladerune", "rotation": 270 },
				"south": { "uv": [ 4, 10, 2, 14 ], "texture": "#windbladerune", "rotation": 90 },
				"west": { "uv": [ 2, 6, 4, 8 ], "texture": "#windbladerune" },
				"east": { "uv": [ 4, 4, 2, 6 ], "texture": "#windbladerune" }
			}
		},
		{
			"__comment": "Voxels",
			"from": [ 15.82, 8.875, 8.054999 ],
			"to": [ 15.98, 9.035, 8.214999 ],
			"faces": {
				"down": { "uv": [ 4, 14, 6, 12 ], "texture": "#windbladerune", "rotation": 270 },
				"up": { "uv": [ 6, 12, 8, 14 ], "texture": "#windbladerune", "rotation": 90 },
				"north": { "uv": [ 8, 12, 10, 14 ], "texture": "#windbladerune", "rotation": 270 },
				"south": { "uv": [ 12, 12, 10, 14 ], "texture": "#windbladerune", "rotation": 90 },
				"west": { "uv": [ 2, 2, 4, 4 ], "texture": "#windbladerune" },
				"east": { "uv": [ 4, 0, 2, 2 ], "texture": "#windbladerune" }
			}
		},
		{
			"__comment": "Voxels",
			"from": [ 14.75, 8.875, 7.875 ],
			"to": [ 14.91, 9.035, 8.035 ],
			"faces": {
				"down": { "uv": [ 4, 12, 6, 10 ], "texture": "#windbladerune", "rotation": 270 },
				"up": { "uv": [ 6, 10, 8, 12 ], "texture": "#windbladerune", "rotation": 90 },
				"north": { "uv": [ 8, 10, 10, 12 ], "texture": "#windbladerune", "rotation": 270 },
				"south": { "uv": [ 12, 10, 10, 12 ], "texture": "#windbladerune", "rotation": 90 },
				"west": { "uv": [ 12, 12, 14, 14 ], "texture": "#windbladerune" },
				"east": { "uv": [ 16, 12, 14, 14 ], "texture": "#windbladerune" }
			}
		},
		{
			"__comment": "Voxels",
			"from": [ 14, 8.875, 7.685 ],
			"to": [ 14.16, 9.035, 7.845 ],
			"faces": {
				"down": { "uv": [ 4, 10, 6, 8 ], "texture": "#windbladerune", "rotation": 270 },
				"up": { "uv": [ 4, 6, 6, 8 ], "texture": "#windbladerune", "rotation": 90 },
				"north": { "uv": [ 4, 4, 6, 6 ], "texture": "#windbladerune", "rotation": 270 },
				"south": { "uv": [ 6, 2, 4, 4 ], "texture": "#windbladerune", "rotation": 90 },
				"west": { "uv": [ 12, 10, 14, 12 ], "texture": "#windbladerune" },
				"east": { "uv": [ 16, 10, 14, 12 ], "texture": "#windbladerune" }
			}
		},
		{
			"__comment": "Voxels",
			"from": [ 15.07, 8.875, 7.875 ],
			"to": [ 15.23, 9.035, 8.035 ],
			"faces": {
				"down": { "uv": [ 8, 10, 10, 8 ], "texture": "#windbladerune", "rotation": 270 },
				"up": { "uv": [ 10, 8, 12, 10 ], "texture": "#windbladerune", "rotation": 90 },
				"north": { "uv": [ 12, 8, 14, 10 ], "texture": "#windbladerune", "rotation": 270 },
				"south": { "uv": [ 16, 8, 14, 10 ], "texture": "#windbladerune", "rotation": 90 },
				"west": { "uv": [ 4, 0, 6, 2 ], "texture": "#windbladerune" },
				"east": { "uv": [ 8, 8, 6, 10 ], "texture": "#windbladerune" }
			}
		},
		{
			"__comment": "Voxels",
			"from": [ 14.32, 8.875, 7.685 ],
			"to": [ 14.48, 9.035, 7.845 ],
			"faces": {
				"down": { "uv": [ 6, 4, 8, 2 ], "texture": "#windbladerune", "rotation": 270 },
				"up": { "uv": [ 6, 0, 8, 2 ], "texture": "#windbladerune", "rotation": 90 },
				"north": { "uv": [ 8, 6, 10, 8 ], "texture": "#windbladerune", "rotation": 270 },
				"south": { "uv": [ 12, 6, 10, 8 ], "texture": "#windbladerune", "rotation": 90 },
				"west": { "uv": [ 6, 6, 8, 8 ], "texture": "#windbladerune" },
				"east": { "uv": [ 8, 4, 6, 6 ], "texture": "#windbladerune" }
			}
		},
		{
			"__comment": "Voxels",
			"from": [ 14, 8.875, 8.13 ],
			"to": [ 14.16, 9.035, 8.29 ],
			"faces": {
				"down": { "uv": [ 8, 6, 10, 4 ], "texture": "#windbladerune", "rotation": 270 },
				"up": { "uv": [ 8, 2, 10, 4 ], "texture": "#windbladerune", "rotation": 90 },
				"north": { "uv": [ 8, 0, 10, 2 ], "texture": "#windbladerune", "rotation": 270 },
				"south": { "uv": [ 12, 4, 10, 6 ], "texture": "#windbladerune", "rotation": 90 },
				"west": { "uv": [ 12, 6, 14, 8 ], "texture": "#windbladerune" },
				"east": { "uv": [ 16, 6, 14, 8 ], "texture": "#windbladerune" }
			}
		},
		{
			"__comment": "Voxels",
			"from": [ 14.32, 8.875, 8.13 ],
			"to": [ 14.48, 9.035, 8.29 ],
			"faces": {
				"down": { "uv": [ 10, 4, 12, 2 ], "texture": "#windbladerune", "rotation": 270 },
				"up": { "uv": [ 10, 0, 12, 2 ], "texture": "#windbladerune", "rotation": 90 },
				"north": { "uv": [ 12, 2, 14, 4 ], "texture": "#windbladerune", "rotation": 270 },
				"south": { "uv": [ 16, 2, 14, 4 ], "texture": "#windbladerune", "rotation": 90 },
				"west": { "uv": [ 12, 4, 14, 6 ], "texture": "#windbladerune" },
				"east": { "uv": [ 16, 4, 14, 6 ], "texture": "#windbladerune" }
			}
		},
		{
			"__comment": "Voxels",
			"from": [ 8.5, 8.75, 7.25 ],
			"to": [ 8.625, 8.875, 7.75 ],
			"faces": {
				"down": { "uv": [ 0, 14, 2, 10 ], "texture": "#windbladerune", "rotation": 180 },
				"up": { "uv": [ 0, 6, 2, 10 ], "texture": "#windbladerune", "rotation": 180 },
				"north": { "uv": [ 2, 6, 4, 8 ], "texture": "#windbladerune" },
				"south": { "uv": [ 4, 4, 2, 6 ], "texture": "#windbladerune" },
				"west": { "uv": [ 4, 10, 2, 14 ], "texture": "#windbladerune", "rotation": 90 },
				"east": { "uv": [ 0, 2, 2, 6 ], "texture": "#windbladerune", "rotation": 270 }
			}
		},
		{
			"__comment": "Voxels",
			"from": [ 8.875, 8.75, 7.25 ],
			"to": [ 9, 8.875, 7.75 ],
			"faces": {
				"down": { "uv": [ 0, 14, 2, 10 ], "texture": "#windbladerune", "rotation": 180 },
				"up": { "uv": [ 0, 6, 2, 10 ], "texture": "#windbladerune", "rotation": 180 },
				"north": { "uv": [ 2, 6, 4, 8 ], "texture": "#windbladerune" },
				"south": { "uv": [ 4, 4, 2, 6 ], "texture": "#windbladerune" },
				"west": { "uv": [ 4, 10, 2, 14 ], "texture": "#windbladerune", "rotation": 90 },
				"east": { "uv": [ 0, 2, 2, 6 ], "texture": "#windbladerune", "rotation": 270 }
			}
		},
		{
			"__comment": "Voxels",
			"from": [ 9.25, 8.75, 7.25 ],
			"to": [ 9.375, 8.875, 7.75 ],
			"faces": {
				"down": { "uv": [ 0, 14, 2, 10 ], "texture": "#windbladerune", "rotation": 180 },
				"up": { "uv": [ 0, 6, 2, 10 ], "texture": "#windbladerune", "rotation": 180 },
				"north": { "uv": [ 2, 6, 4, 8 ], "texture": "#windbladerune" },
				"south": { "uv": [ 4, 4, 2, 6 ], "texture": "#windbladerune" },
				"west": { "uv": [ 4, 10, 2, 14 ], "texture": "#windbladerune", "rotation": 90 },
				"east": { "uv": [ 0, 2, 2, 6 ], "texture": "#windbladerune", "rotation": 270 }
			}
		},
		{
			"__comment": "Voxels",
			"from": [ 9.625, 8.75, 7.25 ],
			"to": [ 9.75, 8.875, 7.75 ],
			"faces": {
				"down": { "uv": [ 0, 14, 2, 10 ], "texture": "#windbladerune", "rotation": 180 },
				"up": { "uv": [ 0, 6, 2, 10 ], "texture": "#windbladerune", "rotation": 180 },
				"north": { "uv": [ 2, 6, 4, 8 ], "texture": "#windbladerune" },
				"south": { "uv": [ 4, 4, 2, 6 ], "texture": "#windbladerune" },
				"west": { "uv": [ 4, 10, 2, 14 ], "texture": "#windbladerune", "rotation": 90 },
				"east": { "uv": [ 0, 2, 2, 6 ], "texture": "#windbladerune", "rotation": 270 }
			}
		},
		{
			"__comment": "Voxels",
			"from": [ 12.375, 8.75, 7.25 ],
			"to": [ 12.5, 8.875, 7.75 ],
			"faces": {
				"down": { "uv": [ 0, 14, 2, 10 ], "texture": "#windbladerune", "rotation": 180 },
				"up": { "uv": [ 0, 6, 2, 10 ], "texture": "#windbladerune", "rotation": 180 },
				"north": { "uv": [ 2, 6, 4, 8 ], "texture": "#windbladerune" },
				"south": { "uv": [ 4, 4, 2, 6 ], "texture": "#windbladerune" },
				"west": { "uv": [ 4, 10, 2, 14 ], "texture": "#windbladerune", "rotation": 90 },
				"east": { "uv": [ 0, 2, 2, 6 ], "texture": "#windbladerune", "rotation": 270 }
			}
		},
		{
			"__comment": "Voxels",
			"from": [ 12.75, 8.75, 7.25 ],
			"to": [ 12.875, 8.875, 7.75 ],
			"faces": {
				"down": { "uv": [ 0, 14, 2, 10 ], "texture": "#windbladerune", "rotation": 180 },
				"up": { "uv": [ 0, 6, 2, 10 ], "texture": "#windbladerune", "rotation": 180 },
				"north": { "uv": [ 2, 6, 4, 8 ], "texture": "#windbladerune" },
				"south": { "uv": [ 4, 4, 2, 6 ], "texture": "#windbladerune" },
				"west": { "uv": [ 4, 10, 2, 14 ], "texture": "#windbladerune", "rotation": 90 },
				"east": { "uv": [ 0, 2, 2, 6 ], "texture": "#windbladerune", "rotation": 270 }
			}
		},
		{
			"__comment": "Voxels",
			"from": [ 13.125, 8.75, 7.25 ],
			"to": [ 13.25, 8.875, 7.75 ],
			"faces": {
				"down": { "uv": [ 0, 14, 2, 10 ], "texture": "#windbladerune", "rotation": 180 },
				"up": { "uv": [ 0, 6, 2, 10 ], "texture": "#windbladerune", "rotation": 180 },
				"north": { "uv": [ 2, 6, 4, 8 ], "texture": "#windbladerune" },
				"south": { "uv": [ 4, 4, 2, 6 ], "texture": "#windbladerune" },
				"west": { "uv": [ 4, 10, 2, 14 ], "texture": "#windbladerune", "rotation": 90 },
				"east": { "uv": [ 0, 2, 2, 6 ], "texture": "#windbladerune", "rotation": 270 }
			}
		},
		{
			"__comment": "Voxels",
			"from": [ 13.5, 8.75, 7.25 ],
			"to": [ 13.625, 8.875, 7.75 ],
			"faces": {
				"down": { "uv": [ 0, 14, 2, 10 ], "texture": "#windbladerune", "rotation": 180 },
				"up": { "uv": [ 0, 6, 2, 10 ], "texture": "#windbladerune", "rotation": 180 },
				"north": { "uv": [ 2, 6, 4, 8 ], "texture": "#windbladerune" },
				"south": { "uv": [ 4, 4, 2, 6 ], "texture": "#windbladerune" },
				"west": { "uv": [ 4, 10, 2, 14 ], "texture": "#windbladerune", "rotation": 90 },
				"east": { "uv": [ 0, 2, 2, 6 ], "texture": "#windbladerune", "rotation": 270 }
			}
		},
		{
			"__comment": "Voxels",
			"from": [ 8.5, 8.75, 8.25 ],
			"to": [ 8.625, 8.875, 8.75 ],
			"faces": {
				"down": { "uv": [ 0, 14, 2, 10 ], "texture": "#windbladerune", "rotation": 180 },
				"up": { "uv": [ 0, 6, 2, 10 ], "texture": "#windbladerune", "rotation": 180 },
				"north": { "uv": [ 2, 6, 4, 8 ], "texture": "#windbladerune" },
				"south": { "uv": [ 4, 4, 2, 6 ], "texture": "#windbladerune" },
				"west": { "uv": [ 4, 10, 2, 14 ], "texture": "#windbladerune", "rotation": 90 },
				"east": { "uv": [ 0, 2, 2, 6 ], "texture": "#windbladerune", "rotation": 270 }
			}
		},
		{
			"__comment": "Voxels",
			"from": [ 8.875, 8.75, 8.25 ],
			"to": [ 9, 8.875, 8.75 ],
			"faces": {
				"down": { "uv": [ 0, 14, 2, 10 ], "texture": "#windbladerune", "rotation": 180 },
				"up": { "uv": [ 0, 6, 2, 10 ], "texture": "#windbladerune", "rotation": 180 },
				"north": { "uv": [ 2, 6, 4, 8 ], "texture": "#windbladerune" },
				"south": { "uv": [ 4, 4, 2, 6 ], "texture": "#windbladerune" },
				"west": { "uv": [ 4, 10, 2, 14 ], "texture": "#windbladerune", "rotation": 90 },
				"east": { "uv": [ 0, 2, 2, 6 ], "texture": "#windbladerune", "rotation": 270 }
			}
		},
		{
			"__comment": "Voxels",
			"from": [ 9.25, 8.75, 8.25 ],
			"to": [ 9.375, 8.875, 8.75 ],
			"faces": {
				"down": { "uv": [ 0, 14, 2, 10 ], "texture": "#windbladerune", "rotation": 180 },
				"up": { "uv": [ 0, 6, 2, 10 ], "texture": "#windbladerune", "rotation": 180 },
				"north": { "uv": [ 2, 6, 4, 8 ], "texture": "#windbladerune" },
				"south": { "uv": [ 4, 4, 2, 6 ], "texture": "#windbladerune" },
				"west": { "uv": [ 4, 10, 2, 14 ], "texture": "#windbladerune", "rotation": 90 },
				"east": { "uv": [ 0, 2, 2, 6 ], "texture": "#windbladerune", "rotation": 270 }
			}
		},
		{
			"__comment": "Voxels",
			"from": [ 9.625, 8.75, 8.25 ],
			"to": [ 9.75, 8.875, 8.75 ],
			"faces": {
				"down": { "uv": [ 0, 14, 2, 10 ], "texture": "#windbladerune", "rotation": 180 },
				"up": { "uv": [ 0, 6, 2, 10 ], "texture": "#windbladerune", "rotation": 180 },
				"north": { "uv": [ 2, 6, 4, 8 ], "texture": "#windbladerune" },
				"south": { "uv": [ 4, 4, 2, 6 ], "texture": "#windbladerune" },
				"west": { "uv": [ 4, 10, 2, 14 ], "texture": "#windbladerune", "rotation": 90 },
				"east": { "uv": [ 0, 2, 2, 6 ], "texture": "#windbladerune", "rotation": 270 }
			}
		},
		{
			"__comment": "Voxels",
			"from": [ 12.375, 8.75, 8.25 ],
			"to": [ 12.5, 8.875, 8.75 ],
			"faces": {
				"down": { "uv": [ 0, 14, 2, 10 ], "texture": "#windbladerune", "rotation": 180 },
				"up": { "uv": [ 0, 6, 2, 10 ], "texture": "#windbladerune", "rotation": 180 },
				"north": { "uv": [ 2, 6, 4, 8 ], "texture": "#windbladerune" },
				"south": { "uv": [ 4, 4, 2, 6 ], "texture": "#windbladerune" },
				"west": { "uv": [ 4, 10, 2, 14 ], "texture": "#windbladerune", "rotation": 90 },
				"east": { "uv": [ 0, 2, 2, 6 ], "texture": "#windbladerune", "rotation": 270 }
			}
		},
		{
			"__comment": "Voxels",
			"from": [ 12.75, 8.75, 8.25 ],
			"to": [ 12.875, 8.875, 8.75 ],
			"faces": {
				"down": { "uv": [ 0, 14, 2, 10 ], "texture": "#windbladerune", "rotation": 180 },
				"up": { "uv": [ 0, 6, 2, 10 ], "texture": "#windbladerune", "rotation": 180 },
				"north": { "uv": [ 2, 6, 4, 8 ], "texture": "#windbladerune" },
				"south": { "uv": [ 4, 4, 2, 6 ], "texture": "#windbladerune" },
				"west": { "uv": [ 4, 10, 2, 14 ], "texture": "#windbladerune", "rotation": 90 },
				"east": { "uv": [ 0, 2, 2, 6 ], "texture": "#windbladerune", "rotation": 270 }
			}
		},
		{
			"__comment": "Voxels",
			"from": [ 13.125, 8.75, 8.25 ],
			"to": [ 13.25, 8.875, 8.75 ],
			"faces": {
				"down": { "uv": [ 0, 14, 2, 10 ], "texture": "#windbladerune", "rotation": 180 },
				"up": { "uv": [ 0, 6, 2, 10 ], "texture": "#windbladerune", "rotation": 180 },
				"north": { "uv": [ 2, 6, 4, 8 ], "texture": "#windbladerune" },
				"south": { "uv": [ 4, 4, 2, 6 ], "texture": "#windbladerune" },
				"west": { "uv": [ 4, 10, 2, 14 ], "texture": "#windbladerune", "rotation": 90 },
				"east": { "uv": [ 0, 2, 2, 6 ], "texture": "#windbladerune", "rotation": 270 }
			}
		},
		{
			"__comment": "Voxels",
			"from": [ 13.5, 8.75, 8.25 ],
			"to": [ 13.625, 8.875, 8.75 ],
			"faces": {
				"down": { "uv": [ 0, 14, 2, 10 ], "texture": "#windbladerune", "rotation": 180 },
				"up": { "uv": [ 0, 6, 2, 10 ], "texture": "#windbladerune", "rotation": 180 },
				"north": { "uv": [ 2, 6, 4, 8 ], "texture": "#windbladerune" },
				"south": { "uv": [ 4, 4, 2, 6 ], "texture": "#windbladerune" },
				"west": { "uv": [ 4, 10, 2, 14 ], "texture": "#windbladerune", "rotation": 90 },
				"east": { "uv": [ 0, 2, 2, 6 ], "texture": "#windbladerune", "rotation": 270 }
			}
		}
	],
	"display": {
		"thirdperson_righthand": {
			"rotation":  [ 90, 90, 0 ],
			"translation":  [ 0, 7, 0 ],
			"scale":  [ 1.2, 1.2, 1.2 ]
		},
		"thirdperson_lefthand": {
			"rotation":  [ 90, -90, 0 ],
			"translation":  [ 0, 7, 0 ],
			"scale":  [ 1.2, 1.2, 1.2 ]
		},
		"firstperson_righthand": {
			"rotation":  [ -8, 94, 105 ],
			"translation":  [ 2, 6, 0 ]
		},
		"firstperson_lefthand": {
			"rotation":  [ 0, -75, -105 ],
			"translation":  [ 2, 6, 0 ]
		},
		"gui": {
			"rotation":  [ 0, 0, 45 ]
		},
		"ground": {
			"rotation":  [ 0, 0, -45 ],
			"scale":  [ 0.7, 0.7, 0.7 ]
		},
		"fixed": {
			"rotation":  [ 0, 180, 45 ]
		}
	}
}