{
	"credit": "Made by Borin8 with Blockbench",
	"texture_size": [32, 32],
	"textures": {
		"0": "items/armclaws",
		"particle": "items/armclaws"
	},
	"elements": [
		{
			"from": [11, 0.5, 4],
			"to": [11.5, 5.5, 6],
			"rotation": {"angle": 0, "axis": "y", "origin": [8, 2, 10]},
			"faces": {
				"north": {"uv": [6, 6.5, 6.25, 9], "texture": "#0"},
				"east": {"uv": [3.5, 1, 4.5, 3.5], "texture": "#0"},
				"south": {"uv": [6.5, 6.5, 6.75, 9], "texture": "#0"},
				"west": {"uv": [3.5, 3.5, 4.5, 6], "texture": "#0"},
				"up": {"uv": [7.25, 1, 7, 0], "texture": "#0"},
				"down": {"uv": [3.25, 7.5, 3, 8.5], "texture": "#0"}
			}
		},
		{
			"from": [6.5, 0.5, 4],
			"to": [7, 5.5, 6],
			"rotation": {"angle": 0, "axis": "y", "origin": [8, 2, 10]},
			"faces": {
				"north": {"uv": [7, 6.5, 7.25, 9], "texture": "#0"},
				"east": {"uv": [0, 4, 1, 6.5], "texture": "#0"},
				"south": {"uv": [0, 7.5, 0.25, 10], "texture": "#0"},
				"west": {"uv": [1, 4, 2, 6.5], "texture": "#0"},
				"up": {"uv": [7.75, 8, 7.5, 7], "texture": "#0"},
				"down": {"uv": [8.25, 0, 8, 1], "texture": "#0"}
			}
		},
		{
			"from": [7, 0.5, 4],
			"to": [11, 1, 6],
			"rotation": {"angle": 0, "axis": "y", "origin": [8, 2, 10]},
			"faces": {
				"north": {"uv": [6.5, 5, 8.5, 5.25], "texture": "#0"},
				"east": {"uv": [1, 8, 2, 8.25], "texture": "#0"},
				"south": {"uv": [1, 7.5, 3, 7.75], "texture": "#0"},
				"west": {"uv": [8, 1, 9, 1.25], "texture": "#0"},
				"up": {"uv": [6.5, 5.5, 4.5, 4.5], "texture": "#0"},
				"down": {"uv": [7.5, 1, 5.5, 2], "texture": "#0"}
			}
		},
		{
			"from": [7, 5, 4],
			"to": [11, 5.5, 6],
			"rotation": {"angle": 0, "axis": "y", "origin": [8, 2, 10]},
			"faces": {
				"north": {"uv": [7.5, 1.5, 9.5, 1.75], "texture": "#0"},
				"east": {"uv": [2, 8, 3, 8.25], "texture": "#0"},
				"south": {"uv": [7.5, 2, 9.5, 2.25], "texture": "#0"},
				"west": {"uv": [8, 4, 9, 4.25], "texture": "#0"},
				"up": {"uv": [7.5, 3, 5.5, 2], "texture": "#0"},
				"down": {"uv": [7.5, 3, 5.5, 4], "texture": "#0"}
			}
		},
		{
			"from": [6, 1.7, 3],
			"to": [7, 4.2, 12],
			"rotation": {"angle": 0, "axis": "y", "origin": [8, 2, 10]},
			"faces": {
				"north": {"uv": [7.5, 0, 8, 1.25], "texture": "#0"},
				"east": {"uv": [0, 0, 3.5, 1.25], "texture": "#0"},
				"south": {"uv": [0.5, 7.5, 1, 8.75], "texture": "#0"},
				"west": {"uv": [0, 1.5, 3.5, 2.75], "texture": "#0"},
				"up": {"uv": [3.5, 7.5, 3, 4], "texture": "#0"},
				"down": {"uv": [5, 5.5, 4.5, 9], "texture": "#0"}
			}
		},
		{
			"from": [6.5, 2.5, 10],
			"to": [11.5, 3.5, 11],
			"rotation": {"angle": 0, "axis": "y", "origin": [8, 2, 10]},
			"faces": {
				"north": {"uv": [5.5, 4, 8, 4.5], "texture": "#0"},
				"east": {"uv": [8, 7, 8.5, 7.5], "texture": "#0"},
				"south": {"uv": [6, 5.5, 8.5, 6], "texture": "#0"},
				"west": {"uv": [7.5, 8, 8, 8.5], "texture": "#0"},
				"up": {"uv": [8.5, 6.5, 6, 6], "texture": "#0"},
				"down": {"uv": [9, 4.5, 6.5, 5], "texture": "#0"}
			}
		},
		{
			"from": [4.5, 2, 6],
			"to": [6, 4, 12.5],
			"rotation": {"angle": 0, "axis": "y", "origin": [8, 2, 10]},
			"faces": {
				"north": {"uv": [0, 6.5, 0.75, 7.5], "texture": "#0"},
				"east": {"uv": [0, 3, 3.25, 4], "texture": "#0"},
				"south": {"uv": [1, 6.5, 1.75, 7.5], "texture": "#0"},
				"west": {"uv": [3.5, 0, 6.75, 1], "texture": "#0"},
				"up": {"uv": [2.75, 7.25, 2, 4], "texture": "#0"},
				"down": {"uv": [5.25, 1, 4.5, 4.25], "texture": "#0"}
			}
		},
		{
			"from": [4.75, 2.5, 12.5],
			"to": [5.75, 2.7, 18.5],
			"rotation": {"angle": 0, "axis": "y", "origin": [8, 2, 10]},
			"faces": {
				"north": {"uv": [9.5, 1.5, 10, 1.625], "texture": "#0"},
				"east": {"uv": [7.5, 3.5, 10.5, 3.625], "texture": "#0"},
				"south": {"uv": [2, 9.5, 2.5, 9.625], "texture": "#0"},
				"west": {"uv": [7.5, 6.5, 10.5, 6.625], "texture": "#0"},
				"up": {"uv": [4, 9, 3.5, 6], "texture": "#0"},
				"down": {"uv": [4.5, 6, 4, 9], "texture": "#0"}
			}
		},
		{
			"from": [4.75, 3.3, 12.5],
			"to": [5.75, 3.5, 18.5],
			"rotation": {"angle": 0, "axis": "y", "origin": [8, 2, 10]},
			"faces": {
				"north": {"uv": [9, 8.5, 9.5, 8.625], "texture": "#0"},
				"east": {"uv": [7.5, 2.5, 10.5, 2.625], "texture": "#0"},
				"south": {"uv": [1.5, 9.5, 2, 9.625], "texture": "#0"},
				"west": {"uv": [7.5, 3, 10.5, 3.125], "texture": "#0"},
				"up": {"uv": [5.5, 8.5, 5, 5.5], "texture": "#0"},
				"down": {"uv": [6, 5.5, 5.5, 8.5], "texture": "#0"}
			}
		},
		{
			"from": [5.55, 3.3, 18.5],
			"to": [5.75, 3.5, 20.5],
			"rotation": {"angle": 0, "axis": "y", "origin": [8, 2, 10]},
			"faces": {
				"north": {"uv": [9.5, 9.5, 9.625, 9.625], "texture": "#0"},
				"east": {"uv": [8, 7.5, 9, 7.625], "texture": "#0"},
				"south": {"uv": [0, 10, 0.125, 10.125], "texture": "#0"},
				"west": {"uv": [8, 8, 9, 8.125], "texture": "#0"},
				"up": {"uv": [8.625, 1, 8.5, 0], "texture": "#0"},
				"down": {"uv": [1.125, 8.5, 1, 9.5], "texture": "#0"}
			}
		},
		{
			"from": [5.75, 3.3, 18.9],
			"to": [5.95, 3.5, 20.7],
			"rotation": {"angle": 0, "axis": "y", "origin": [8, 2, 10]},
			"faces": {
				"north": {"uv": [10, 5.5, 10.125, 5.625], "texture": "#0"},
				"east": {"uv": [1.5, 9, 2.375, 9.125], "texture": "#0"},
				"south": {"uv": [6, 10, 6.125, 10.125], "texture": "#0"},
				"west": {"uv": [2.5, 9, 3.375, 9.125], "texture": "#0"},
				"up": {"uv": [3.625, 9.875, 3.5, 9], "texture": "#0"},
				"down": {"uv": [4.125, 9, 4, 9.875], "texture": "#0"}
			}
		},
		{
			"from": [5.75, 2.5, 18.9],
			"to": [5.95, 2.7, 20.7],
			"rotation": {"angle": 0, "axis": "y", "origin": [8, 2, 10]},
			"faces": {
				"north": {"uv": [10, 6, 10.125, 6.125], "texture": "#0"},
				"east": {"uv": [9, 4, 9.875, 4.125], "texture": "#0"},
				"south": {"uv": [6.5, 10, 6.625, 10.125], "texture": "#0"},
				"west": {"uv": [9, 4.5, 9.875, 4.625], "texture": "#0"},
				"up": {"uv": [4.625, 9.875, 4.5, 9], "texture": "#0"},
				"down": {"uv": [9.125, 5, 9, 5.875], "texture": "#0"}
			}
		},
		{
			"from": [5.55, 2.5, 18.5],
			"to": [5.75, 2.7, 20.5],
			"rotation": {"angle": 0, "axis": "y", "origin": [8, 2, 10]},
			"faces": {
				"north": {"uv": [2.5, 10, 2.625, 10.125], "texture": "#0"},
				"east": {"uv": [1.5, 8.5, 2.5, 8.625], "texture": "#0"},
				"south": {"uv": [3, 10, 3.125, 10.125], "texture": "#0"},
				"west": {"uv": [2.5, 8.5, 3.5, 8.625], "texture": "#0"},
				"up": {"uv": [5.125, 9.5, 5, 8.5], "texture": "#0"},
				"down": {"uv": [8.625, 5, 8.5, 6], "texture": "#0"}
			}
		},
		{
			"from": [5.35, 3.3, 18.5],
			"to": [5.55, 3.5, 20.3],
			"rotation": {"angle": 0, "axis": "y", "origin": [8, 2, 10]},
			"faces": {
				"north": {"uv": [10, 0, 10.125, 0.125], "texture": "#0"},
				"east": {"uv": [8.5, 6, 9.375, 6.125], "texture": "#0"},
				"south": {"uv": [0.5, 10, 0.625, 10.125], "texture": "#0"},
				"west": {"uv": [8.5, 7, 9.375, 7.125], "texture": "#0"},
				"up": {"uv": [5.625, 9.375, 5.5, 8.5], "texture": "#0"},
				"down": {"uv": [7.625, 8.5, 7.5, 9.375], "texture": "#0"}
			}
		},
		{
			"from": [5.35, 2.5, 18.5],
			"to": [5.55, 2.7, 20.3],
			"rotation": {"angle": 0, "axis": "y", "origin": [8, 2, 10]},
			"faces": {
				"north": {"uv": [10, 4, 10.125, 4.125], "texture": "#0"},
				"east": {"uv": [8, 8.5, 8.875, 8.625], "texture": "#0"},
				"south": {"uv": [4.5, 10, 4.625, 10.125], "texture": "#0"},
				"west": {"uv": [9, 0, 9.875, 0.125], "texture": "#0"},
				"up": {"uv": [0.625, 9.875, 0.5, 9], "texture": "#0"},
				"down": {"uv": [9.125, 0.5, 9, 1.375], "texture": "#0"}
			}
		},
		{
			"from": [5.15, 3.3, 18.5],
			"to": [5.35, 3.5, 20],
			"rotation": {"angle": 0, "axis": "y", "origin": [8, 2, 10]},
			"faces": {
				"north": {"uv": [10, 0.5, 10.125, 0.625], "texture": "#0"},
				"east": {"uv": [6, 9, 6.75, 9.125], "texture": "#0"},
				"south": {"uv": [10, 1, 10.125, 1.125], "texture": "#0"},
				"west": {"uv": [9, 7.5, 9.75, 7.625], "texture": "#0"},
				"up": {"uv": [7.125, 9.75, 7, 9], "texture": "#0"},
				"down": {"uv": [8.125, 9, 8, 9.75], "texture": "#0"}
			}
		},
		{
			"from": [5.15, 2.5, 18.5],
			"to": [5.35, 2.7, 20],
			"rotation": {"angle": 0, "axis": "y", "origin": [8, 2, 10]},
			"faces": {
				"north": {"uv": [3.5, 10, 3.625, 10.125], "texture": "#0"},
				"east": {"uv": [9, 8, 9.75, 8.125], "texture": "#0"},
				"south": {"uv": [4, 10, 4.125, 10.125], "texture": "#0"},
				"west": {"uv": [8.5, 9, 9.25, 9.125], "texture": "#0"},
				"up": {"uv": [9.625, 1.25, 9.5, 0.5], "texture": "#0"},
				"down": {"uv": [1.125, 9.5, 1, 10.25], "texture": "#0"}
			}
		},
		{
			"from": [4.95, 3.3, 18.5],
			"to": [5.15, 3.5, 19.6],
			"rotation": {"angle": 0, "axis": "x", "origin": [8, 2, 10]},
			"faces": {
				"north": {"uv": [1.5, 10, 1.625, 10.125], "texture": "#0"},
				"east": {"uv": [9.5, 2, 10, 2.125], "texture": "#0"},
				"south": {"uv": [10, 1.5, 10.125, 1.625], "texture": "#0"},
				"west": {"uv": [2.5, 9.5, 3, 9.625], "texture": "#0"},
				"up": {"uv": [3.125, 10, 3, 9.5], "texture": "#0"},
				"down": {"uv": [5.125, 9.5, 5, 10], "texture": "#0"}
			}
		},
		{
			"from": [4.95, 2.5, 18.5],
			"to": [5.15, 2.7, 19.6],
			"rotation": {"angle": 0, "axis": "x", "origin": [8, 2, 10]},
			"faces": {
				"north": {"uv": [10, 4.5, 10.125, 4.625], "texture": "#0"},
				"east": {"uv": [9.5, 5, 10, 5.125], "texture": "#0"},
				"south": {"uv": [5, 10, 5.125, 10.125], "texture": "#0"},
				"west": {"uv": [5.5, 9.5, 6, 9.625], "texture": "#0"},
				"up": {"uv": [9.625, 6, 9.5, 5.5], "texture": "#0"},
				"down": {"uv": [6.125, 9.5, 6, 10], "texture": "#0"}
			}
		},
		{
			"from": [4.75, 3.3, 18.5],
			"to": [4.95, 3.5, 19.1],
			"rotation": {"angle": 0, "axis": "x", "origin": [8, 2, 10]},
			"faces": {
				"north": {"uv": [2, 10, 2.125, 10.125], "texture": "#0"},
				"east": {"uv": [9.5, 6, 9.75, 6.125], "texture": "#0"},
				"south": {"uv": [10, 2, 10.125, 2.125], "texture": "#0"},
				"west": {"uv": [6.5, 9.5, 6.75, 9.625], "texture": "#0"},
				"up": {"uv": [9.625, 7.25, 9.5, 7], "texture": "#0"},
				"down": {"uv": [7.625, 9.5, 7.5, 9.75], "texture": "#0"}
			}
		},
		{
			"from": [4.75, 2.5, 18.5],
			"to": [4.95, 2.7, 19.1],
			"rotation": {"angle": 0, "axis": "x", "origin": [8, 2, 10]},
			"faces": {
				"north": {"uv": [10, 5, 10.125, 5.125], "texture": "#0"},
				"east": {"uv": [8.5, 9.5, 8.75, 9.625], "texture": "#0"},
				"south": {"uv": [5.5, 10, 5.625, 10.125], "texture": "#0"},
				"west": {"uv": [9.5, 8.5, 9.75, 8.625], "texture": "#0"},
				"up": {"uv": [9.125, 9.75, 9, 9.5], "texture": "#0"},
				"down": {"uv": [9.625, 9, 9.5, 9.25], "texture": "#0"}
			}
		}
	],
	"gui_light": "front",
	"display": {
		"thirdperson_righthand": {
			"rotation": [-180, 0, -180],
			"translation": [1, 3, 3],
			"scale": [0.95313, 1, 1]
		},
		"thirdperson_lefthand": {
			"rotation": [-180, 0, 0],
			"translation": [1, -6.75, 3],
			"scale": [0.95313, 1, 1]
		},
		"firstperson_righthand": {
			"rotation": [50, -180, -15],
			"translation": [1.25, 4.25, 3.75],
			"scale": [0.7, 0.7, 0.7]
		},
		"firstperson_lefthand": {
			"rotation": [56, -180, 170],
			"translation": [0.5, 0.75, 0.25],
			"scale": [0.7, 0.7, 0.7]
		},
		"ground": {
			"translation": [0, 4.5, 0]
		},
		"gui": {
			"rotation": [83, 56, -134],
			"translation": [-1, 4.5, 0]
		},
		"fixed": {
			"rotation": [-180, 91, 91],
			"translation": [-6.25, 1.25, -11.25],
			"scale": [1.5, 1.5, 1.5]
		}
	}
}