{
	"__comment": "Designed by Elo106 with Cubik Studio - https://cubik.studio",
	"textures": {
		"particle": "items/claiven",
		"texture": "items/claiven",
		"pol_atlas": "items/claiven"
	},
	"elements": [ 	 
		{
			"__comment": "Voxels",
			"from": [ -6, 12.5, 8.5 ],
			"to": [ -4.5, 13, 9 ],
			"faces": {
				"down": { "uv": [ 7.75, 10.25, 8.5, 10.5 ], "texture": "#pol_atlas", "cullface": "west" },
				"up": { "uv": [ 11.25, 10.25, 12, 10 ], "texture": "#pol_atlas", "cullface": "west" },
				"north": { "uv": [ 11.25, 10, 10.5, 10.25 ], "texture": "#pol_atlas", "cullface": "west" },
				"south": { "uv": [ 9.75, 10, 10.5, 10.25 ], "texture": "#pol_atlas", "cullface": "west" },
				"west": { "uv": [ 13.5, 8, 13.75, 8.25 ], "texture": "#pol_atlas", "cullface": "west" },
				"east": { "uv": [ 13, 8, 12.75, 8.25 ], "texture": "#pol_atlas", "cullface": "west" }
			}
		},
		{
			"__comment": "Voxels",
			"from": [ -6, 13, 8.5 ],
			"to": [ -5, 13.5, 9 ],
			"faces": {
				"up": { "uv": [ 13.75, 9, 14.25, 8.75 ], "texture": "#pol_atlas", "cullface": "west" },
				"north": { "uv": [ 14.75, 8.75, 14.25, 9 ], "texture": "#pol_atlas", "cullface": "west" },
				"south": { "uv": [ 14.75, 8.75, 15.25, 9 ], "texture": "#pol_atlas", "cullface": "west" },
				"west": { "uv": [ 12.5, 8, 12.75, 8.25 ], "texture": "#pol_atlas", "cullface": "west" },
				"east": { "uv": [ 12.5, 8, 12.25, 8.25 ], "texture": "#pol_atlas", "cullface": "west" }
			}
		},
		{
			"__comment": "Voxels",
			"from": [ -6, 13.5, 8.5 ],
			"to": [ -5.5, 14.5, 9 ],
			"faces": {
				"up": { "uv": [ 7.5, 1, 7.75, 0.75 ], "texture": "#pol_atlas", "cullface": "west" },
				"north": { "uv": [ 6.75, 4.5, 6.5, 5 ], "texture": "#pol_atlas", "cullface": "west" },
				"south": { "uv": [ 6.5, 4, 6.75, 4.5 ], "texture": "#pol_atlas", "cullface": "west" },
				"west": { "uv": [ 6.5, 3.5, 6.75, 4 ], "texture": "#pol_atlas", "cullface": "west" },
				"east": { "uv": [ 6.75, 3, 6.5, 3.5 ], "texture": "#pol_atlas", "cullface": "west" }
			}
		},
		{
			"__comment": "Voxels",
			"from": [ -5.5, 10, 8.5 ],
			"to": [ -3.5, 10.5, 9 ],
			"faces": {
				"down": { "uv": [ 4.25, 7.5, 5.25, 7.75 ], "texture": "#pol_atlas", "cullface": "west" },
				"up": { "uv": [ 4.25, 7.5, 5.25, 7.25 ], "texture": "#pol_atlas", "cullface": "west" },
				"north": { "uv": [ 5.25, 7, 4.25, 7.25 ], "texture": "#pol_atlas", "cullface": "west" },
				"south": { "uv": [ 4.25, 6.75, 5.25, 7 ], "texture": "#pol_atlas", "cullface": "west" },
				"west": { "uv": [ 7.5, 1, 7.75, 1.25 ], "texture": "#pol_atlas", "cullface": "west" },
				"east": { "uv": [ 7.75, 1.25, 7.5, 1.5 ], "texture": "#pol_atlas", "cullface": "west" }
			}
		},
		{
			"__comment": "Voxels",
			"from": [ -5.5, 10.5, 8.5 ],
			"to": [ -4, 11.5, 9 ],
			"faces": {
				"up": { "uv": [ 15.25, 10.5, 16, 10.25 ], "texture": "#pol_atlas", "cullface": "west" },
				"north": { "uv": [ 0.75, 2.5, 0, 3 ], "texture": "#pol_atlas", "cullface": "west" },
				"south": { "uv": [ 0.75, 2.5, 1.5, 3 ], "texture": "#pol_atlas", "cullface": "west" },
				"west": { "uv": [ 6.5, 2.5, 6.75, 3 ], "texture": "#pol_atlas", "cullface": "west" },
				"east": { "uv": [ 6.75, 2, 6.5, 2.5 ], "texture": "#pol_atlas", "cullface": "west" }
			}
		},
		{
			"__comment": "Voxels",
			"from": [ -5.5, 11.5, 8.5 ],
			"to": [ -4.5, 12.5, 9 ],
			"faces": {
				"north": { "uv": [ 5.25, 6.25, 4.75, 6.75 ], "texture": "#pol_atlas", "cullface": "west" },
				"south": { "uv": [ 4.25, 5.25, 4.75, 5.75 ], "texture": "#pol_atlas", "cullface": "west" },
				"west": { "uv": [ 6.5, 1.5, 6.75, 2 ], "texture": "#pol_atlas", "cullface": "west" },
				"east": { "uv": [ 6.75, 1, 6.5, 1.5 ], "texture": "#pol_atlas", "cullface": "west" }
			}
		},
		{
			"__comment": "Voxels",
			"from": [ -5, 9, 8.5 ],
			"to": [ -2, 9.5, 9 ],
			"faces": {
				"down": { "uv": [ 1.5, 1, 3, 1.25 ], "texture": "#pol_atlas", "cullface": "west" },
				"up": { "uv": [ 1.5, 1.5, 3, 1.25 ], "texture": "#pol_atlas", "cullface": "west" },
				"north": { "uv": [ 3, 1.5, 1.5, 1.75 ], "texture": "#pol_atlas", "cullface": "west" },
				"south": { "uv": [ 1.5, 1.75, 3, 2 ], "texture": "#pol_atlas", "cullface": "west" },
				"west": { "uv": [ 7.5, 1.5, 7.75, 1.75 ], "texture": "#pol_atlas", "cullface": "west" },
				"east": { "uv": [ 7.75, 3.75, 7.5, 4 ], "texture": "#pol_atlas", "cullface": "west" }
			}
		},
		{
			"__comment": "Voxels",
			"from": [ -5, 9.5, 8.5 ],
			"to": [ -3, 10, 9 ],
			"faces": {
				"up": { "uv": [ 4.25, 5, 5.25, 4.75 ], "texture": "#pol_atlas", "cullface": "west" },
				"north": { "uv": [ 5.25, 4.5, 4.25, 4.75 ], "texture": "#pol_atlas", "cullface": "west" },
				"south": { "uv": [ 4.25, 4.25, 5.25, 4.5 ], "texture": "#pol_atlas", "cullface": "west" },
				"west": { "uv": [ 7.5, 4, 7.75, 4.25 ], "texture": "#pol_atlas", "cullface": "west" },
				"east": { "uv": [ 7.75, 4.25, 7.5, 4.5 ], "texture": "#pol_atlas", "cullface": "west" }
			}
		},
		{
			"__comment": "Voxels",
			"from": [ -4.5, 8, 8.5 ],
			"to": [ 3, 8.5, 9 ],
			"faces": {
				"down": { "uv": [ 12, 14.5, 15.75, 14.75 ], "texture": "#pol_atlas", "cullface": "west" },
				"up": { "uv": [ 3.5, 12, 7.25, 11.75 ], "texture": "#pol_atlas", "cullface": "west" },
				"north": { "uv": [ 11, 11.75, 7.25, 12 ], "texture": "#pol_atlas", "cullface": "west" },
				"south": { "uv": [ 11, 11.75, 14.75, 12 ], "texture": "#pol_atlas", "cullface": "west" },
				"west": { "uv": [ 7.5, 4.5, 7.75, 4.75 ], "texture": "#pol_atlas", "cullface": "west" },
				"east": { "uv": [ 7.75, 5.25, 7.5, 5.5 ], "texture": "#pol_atlas", "cullface": "west" }
			}
		},
		{
			"__comment": "Voxels",
			"from": [ -4.5, 8.5, 8.5 ],
			"to": [ -1.5, 9, 9 ],
			"faces": {
				"up": { "uv": [ 1.5, 4, 3, 3.75 ], "texture": "#pol_atlas", "cullface": "west" },
				"north": { "uv": [ 3, 3, 1.5, 3.25 ], "texture": "#pol_atlas", "cullface": "west" },
				"south": { "uv": [ 1.5, 3.5, 3, 3.75 ], "texture": "#pol_atlas", "cullface": "west" },
				"west": { "uv": [ 7.5, 5.5, 7.75, 5.75 ], "texture": "#pol_atlas", "cullface": "west" },
				"east": { "uv": [ 7.75, 5.75, 7.5, 6 ], "texture": "#pol_atlas", "cullface": "west" }
			}
		},
		{
			"__comment": "Voxels",
			"from": [ -4, 7.5, 8.5 ],
			"to": [ 6.5, 8, 9 ],
			"faces": {
				"down": { "uv": [ 0, 14.25, 5.25, 14.5 ], "texture": "#pol_atlas", "cullface": "west" },
				"up": { "uv": [ 5.25, 14.5, 10.5, 14.25 ], "texture": "#pol_atlas", "cullface": "west" },
				"north": { "uv": [ 15.75, 14.25, 10.5, 14.5 ], "texture": "#pol_atlas", "cullface": "west" },
				"south": { "uv": [ 0, 14, 5.25, 14.25 ], "texture": "#pol_atlas", "cullface": "west" },
				"west": { "uv": [ 7.5, 6, 7.75, 6.25 ], "texture": "#pol_atlas", "cullface": "west" },
				"east": { "uv": [ 13, 8.25, 12.75, 8.5 ], "texture": "#pol_atlas", "cullface": "west" }
			}
		},
		{
			"__comment": "Voxels",
			"from": [ -3.5, 7, 8.5 ],
			"to": [ 6, 7.5, 9 ],
			"faces": {
				"down": { "uv": [ 0, 13, 4.75, 13.25 ], "texture": "#pol_atlas", "cullface": "west" },
				"north": { "uv": [ 9.5, 12.75, 4.75, 13 ], "texture": "#pol_atlas", "cullface": "west" },
				"south": { "uv": [ 5.25, 14, 10, 14.25 ], "texture": "#pol_atlas", "cullface": "west" },
				"west": { "uv": [ 12.5, 8.25, 12.75, 8.5 ], "texture": "#pol_atlas", "cullface": "west" },
				"east": { "uv": [ 12.5, 8.25, 12.25, 8.5 ], "texture": "#pol_atlas", "cullface": "west" }
			}
		},
		{
			"__comment": "Voxels",
			"from": [ -3, 6.5, 8.5 ],
			"to": [ 5.5, 7, 9 ],
			"faces": {
				"down": { "uv": [ 5.75, 12.25, 10, 12.5 ], "texture": "#pol_atlas", "cullface": "west" },
				"north": { "uv": [ 10, 12.5, 5.75, 12.75 ], "texture": "#pol_atlas", "cullface": "west" },
				"south": { "uv": [ 9.5, 12.75, 13.75, 13 ], "texture": "#pol_atlas", "cullface": "west" },
				"west": { "uv": [ 12, 8.25, 12.25, 8.5 ], "texture": "#pol_atlas", "cullface": "west" },
				"east": { "uv": [ 11.5, 8.25, 11.25, 8.5 ], "texture": "#pol_atlas", "cullface": "west" }
			}
		},
		{
			"__comment": "Voxels",
			"from": [ -2.5, 6, 8.5 ],
			"to": [ 7, 6.5, 9 ],
			"faces": {
				"down": { "uv": [ 10, 13.75, 14.75, 14 ], "texture": "#pol_atlas", "cullface": "west" },
				"up": { "uv": [ 0, 13.5, 4.75, 13.25 ], "texture": "#pol_atlas", "cullface": "west" },
				"north": { "uv": [ 9.5, 13.25, 4.75, 13.5 ], "texture": "#pol_atlas", "cullface": "west" },
				"south": { "uv": [ 9.5, 13.25, 14.25, 13.5 ], "texture": "#pol_atlas", "cullface": "west" },
				"west": { "uv": [ 11, 8.25, 11.25, 8.5 ], "texture": "#pol_atlas", "cullface": "west" },
				"east": { "uv": [ 11, 8.25, 10.75, 8.5 ], "texture": "#pol_atlas", "cullface": "west" }
			}
		},
		{
			"__comment": "Voxels",
			"from": [ -2, 5.5, 8.5 ],
			"to": [ 1, 6, 9 ],
			"faces": {
				"down": { "uv": [ 14.25, 12.25, 15.75, 12.5 ], "texture": "#pol_atlas", "cullface": "west" },
				"north": { "uv": [ 3, 4.5, 1.5, 4.75 ], "texture": "#pol_atlas", "cullface": "west" },
				"south": { "uv": [ 2, 5.5, 3.5, 5.75 ], "texture": "#pol_atlas", "cullface": "west" },
				"west": { "uv": [ 10.5, 8.25, 10.75, 8.5 ], "texture": "#pol_atlas", "cullface": "west" },
				"east": { "uv": [ 9.5, 8.25, 9.25, 8.5 ], "texture": "#pol_atlas", "cullface": "west" }
			}
		},
		{
			"__comment": "Voxels",
			"from": [ -1.5, 5, 8.5 ],
			"to": [ 1, 5.5, 9 ],
			"faces": {
				"down": { "uv": [ 6, 10.75, 7.25, 11 ], "texture": "#pol_atlas", "cullface": "west" },
				"north": { "uv": [ 12.25, 10.75, 11, 11 ], "texture": "#pol_atlas", "cullface": "west" },
				"south": { "uv": [ 14.75, 14, 16, 14.25 ], "texture": "#pol_atlas", "cullface": "west" },
				"west": { "uv": [ 9, 8.25, 9.25, 8.5 ], "texture": "#pol_atlas", "cullface": "west" },
				"east": { "uv": [ 7.5, 2, 7.25, 2.25 ], "texture": "#pol_atlas", "cullface": "west" }
			}
		},
		{
			"__comment": "Voxels",
			"from": [ -0.5, 4.5, 8.5 ],
			"to": [ 0.5, 5, 9 ],
			"faces": {
				"down": { "uv": [ 3, 2, 3.5, 2.25 ], "texture": "#pol_atlas", "cullface": "west" },
				"north": { "uv": [ 7.25, 7.5, 6.75, 7.75 ], "texture": "#pol_atlas", "cullface": "west" },
				"south": { "uv": [ 6.75, 7.25, 7.25, 7.5 ], "texture": "#pol_atlas", "cullface": "west" },
				"west": { "uv": [ 7.25, 2.25, 7.5, 2.5 ], "texture": "#pol_atlas", "cullface": "west" },
				"east": { "uv": [ 7.5, 2.5, 7.25, 2.75 ], "texture": "#pol_atlas", "cullface": "west" }
			}
		},
		{
			"__comment": "Voxels",
			"from": [ 0, 4, 8.5 ],
			"to": [ 1, 4.5, 9 ],
			"faces": {
				"down": { "uv": [ 6.75, 7, 7.25, 7.25 ], "texture": "#pol_atlas" },
				"up": { "uv": [ 6.75, 7, 7.25, 6.75 ], "texture": "#pol_atlas" },
				"north": { "uv": [ 3.5, 4.5, 3, 4.75 ], "texture": "#pol_atlas" },
				"south": { "uv": [ 3, 4.25, 3.5, 4.5 ], "texture": "#pol_atlas" },
				"west": { "uv": [ 7.25, 2.75, 7.5, 3 ], "texture": "#pol_atlas", "cullface": "west" },
				"east": { "uv": [ 7.5, 6.5, 7.25, 6.75 ], "texture": "#pol_atlas" }
			}
		},
		{
			"__comment": "Voxels",
			"from": [ 0.5, 8.5, 8.5 ],
			"to": [ 2.5, 9, 9 ],
			"faces": {
				"up": { "uv": [ 13.25, 10.75, 14.25, 10.5 ], "texture": "#pol_atlas" },
				"north": { "uv": [ 15.25, 10.5, 14.25, 10.75 ], "texture": "#pol_atlas" },
				"south": { "uv": [ 5.25, 10.25, 6.25, 10.5 ], "texture": "#pol_atlas" },
				"west": { "uv": [ 7.25, 6.75, 7.5, 7 ], "texture": "#pol_atlas" },
				"east": { "uv": [ 7.5, 7, 7.25, 7.25 ], "texture": "#pol_atlas" }
			}
		},
		{
			"__comment": "Voxels",
			"from": [ 0.5, 9, 8.5 ],
			"to": [ 1, 9.5, 9 ],
			"faces": {
				"up": { "uv": [ 15.75, 8.75, 16, 8.5 ], "texture": "#pol_atlas" },
				"north": { "uv": [ 15.75, 8.5, 15.5, 8.75 ], "texture": "#pol_atlas" },
				"south": { "uv": [ 14.75, 8.5, 15, 8.75 ], "texture": "#pol_atlas" },
				"west": { "uv": [ 14.5, 8.5, 14.75, 8.75 ], "texture": "#pol_atlas" },
				"east": { "uv": [ 14.5, 8.5, 14.25, 8.75 ], "texture": "#pol_atlas" }
			}
		},
		{
			"__comment": "Voxels",
			"from": [ 2, 5.5, 8.5 ],
			"to": [ 14, 6, 9 ],
			"faces": {
				"down": { "uv": [ 0, 14.5, 6, 14.75 ], "texture": "#pol_atlas" },
				"up": { "uv": [ 6, 15, 12, 14.75 ], "texture": "#pol_atlas" },
				"north": { "uv": [ 6, 14.75, 0, 15 ], "texture": "#pol_atlas" },
				"south": { "uv": [ 6, 14.5, 12, 14.75 ], "texture": "#pol_atlas" },
				"west": { "uv": [ 14, 8.5, 14.25, 8.75 ], "texture": "#pol_atlas" },
				"east": { "uv": [ 12, 8.5, 11.75, 8.75 ], "texture": "#pol_atlas" }
			}
		},
		{
			"__comment": "Voxels",
			"from": [ 2.5, 4.5, 8.5 ],
			"to": [ 6, 5.5, 9 ],
			"faces": {
				"down": { "uv": [ 14.25, 13.25, 16, 13.5 ], "texture": "#pol_atlas" },
				"north": { "uv": [ 3.25, 10, 1.5, 10.5 ], "texture": "#pol_atlas" },
				"south": { "uv": [ 1.5, 10.5, 3.25, 11 ], "texture": "#pol_atlas" },
				"west": { "uv": [ 1.25, 10.75, 1.5, 11.25 ], "texture": "#pol_atlas" },
				"east": { "uv": [ 1.5, 1.5, 1.25, 2 ], "texture": "#pol_atlas" }
			}
		},
		{
			"__comment": "Voxels",
			"from": [ 3, 2, 8.5 ],
			"to": [ 4.5, 2.5, 9 ],
			"faces": {
				"down": { "uv": [ 5.5, 5.25, 6.25, 5.5 ], "texture": "#pol_atlas" },
				"up": { "uv": [ 5.5, 6, 6.25, 5.75 ], "texture": "#pol_atlas" },
				"north": { "uv": [ 6.25, 6, 5.5, 6.25 ], "texture": "#pol_atlas" },
				"south": { "uv": [ 5.5, 6.25, 6.25, 6.5 ], "texture": "#pol_atlas" },
				"west": { "uv": [ 11.5, 8.5, 11.75, 8.75 ], "texture": "#pol_atlas" },
				"east": { "uv": [ 11.5, 8.5, 11.25, 8.75 ], "texture": "#pol_atlas" }
			}
		},
		{
			"__comment": "Voxels",
			"from": [ 3, 4, 8.5 ],
			"to": [ 3.5, 4.5, 9 ],
			"faces": {
				"down": { "uv": [ 11, 8.5, 11.25, 8.75 ], "texture": "#pol_atlas" },
				"north": { "uv": [ 10.25, 8.5, 10, 8.75 ], "texture": "#pol_atlas" },
				"south": { "uv": [ 9.75, 8.5, 10, 8.75 ], "texture": "#pol_atlas" },
				"west": { "uv": [ 9.5, 8.5, 9.75, 8.75 ], "texture": "#pol_atlas" },
				"east": { "uv": [ 9, 8.5, 8.75, 8.75 ], "texture": "#pol_atlas" }
			}
		},
		{
			"__comment": "Voxels",
			"from": [ 3.5, 2.5, 8.5 ],
			"to": [ 5, 3, 9 ],
			"faces": {
				"down": { "uv": [ 8.25, 10, 9, 10.25 ], "texture": "#pol_atlas" },
				"up": { "uv": [ 13, 10.5, 13.75, 10.25 ], "texture": "#pol_atlas" },
				"north": { "uv": [ 12.25, 10.25, 11.5, 10.5 ], "texture": "#pol_atlas" },
				"south": { "uv": [ 15.25, 10.5, 16, 10.75 ], "texture": "#pol_atlas" },
				"west": { "uv": [ 8.5, 8.5, 8.75, 8.75 ], "texture": "#pol_atlas" },
				"east": { "uv": [ 8.5, 8.5, 8.25, 8.75 ], "texture": "#pol_atlas" }
			}
		},
		{
			"__comment": "Voxels",
			"from": [ 3.5, 8, 8.5 ],
			"to": [ 6, 8.5, 9 ],
			"faces": {
				"up": { "uv": [ 7.25, 11, 8.5, 10.75 ], "texture": "#pol_atlas" },
				"north": { "uv": [ 9.75, 10.75, 8.5, 11 ], "texture": "#pol_atlas" },
				"south": { "uv": [ 14.75, 11.75, 16, 12 ], "texture": "#pol_atlas" },
				"west": { "uv": [ 8, 8.5, 8.25, 8.75 ], "texture": "#pol_atlas" },
				"east": { "uv": [ 7, 1.25, 6.75, 1.5 ], "texture": "#pol_atlas" }
			}
		},
		{
			"__comment": "Voxels",
			"from": [ 3.5, 10.5, 8.5 ],
			"to": [ 4.5, 11, 9 ],
			"faces": {
				"down": { "uv": [ 3, 4, 3.5, 4.25 ], "texture": "#pol_atlas" },
				"up": { "uv": [ 3, 4, 3.5, 3.75 ], "texture": "#pol_atlas" },
				"north": { "uv": [ 3.5, 3.5, 3, 3.75 ], "texture": "#pol_atlas" },
				"south": { "uv": [ 3, 3.25, 3.5, 3.5 ], "texture": "#pol_atlas" },
				"west": { "uv": [ 7, 1.5, 7.25, 1.75 ], "texture": "#pol_atlas" },
				"east": { "uv": [ 7, 1.5, 6.75, 1.75 ], "texture": "#pol_atlas" }
			}
		},
		{
			"__comment": "Voxels",
			"from": [ 4, 2.5, 9 ],
			"to": [ 5, 3.5, 9.5 ],
			"faces": {
				"down": { "uv": [ 3, 3, 3.5, 3.25 ], "texture": "#pol_atlas" },
				"up": { "uv": [ 3, 2.5, 3.5, 2.25 ], "texture": "#pol_atlas" },
				"north": { "uv": [ 1.5, 5, 1, 5.5 ], "texture": "#pol_atlas" },
				"south": { "uv": [ 3, 6.25, 3.5, 6.75 ], "texture": "#pol_atlas" },
				"west": { "uv": [ 3.25, 10.5, 3.5, 11 ], "texture": "#pol_atlas" },
				"east": { "uv": [ 3.5, 10, 3.25, 10.5 ], "texture": "#pol_atlas" }
			}
		},
		{
			"__comment": "Voxels",
			"from": [ 4, 3, 8.5 ],
			"to": [ 5.5, 4, 9 ],
			"faces": {
				"down": { "uv": [ 10.75, 10.25, 11.5, 10.5 ], "texture": "#pol_atlas" },
				"up": { "uv": [ 13.75, 10, 14.5, 9.75 ], "texture": "#pol_atlas" },
				"north": { "uv": [ 0.75, 2, 0, 2.5 ], "texture": "#pol_atlas" },
				"south": { "uv": [ 0.75, 7.25, 1.5, 7.75 ], "texture": "#pol_atlas" },
				"west": { "uv": [ 3.25, 5, 3.5, 5.5 ], "texture": "#pol_atlas" },
				"east": { "uv": [ 4.25, 8.25, 4, 8.75 ], "texture": "#pol_atlas" }
			}
		},
		{
			"__comment": "Voxels",
			"from": [ 4, 5.5, 9 ],
			"to": [ 6, 6, 9.5 ],
			"faces": {
				"down": { "uv": [ 4.25, 10.5, 5.25, 10.75 ], "texture": "#pol_atlas" },
				"up": { "uv": [ 4.25, 10.5, 5.25, 10.25 ], "texture": "#pol_atlas" },
				"south": { "uv": [ 4.25, 9.75, 5.25, 10 ], "texture": "#pol_atlas" },
				"west": { "uv": [ 7, 1.75, 7.25, 2 ], "texture": "#pol_atlas" },
				"east": { "uv": [ 7, 2, 6.75, 2.25 ], "texture": "#pol_atlas" }
			}
		},
		{
			"__comment": "Voxels",
			"from": [ 4, 6, 9 ],
			"to": [ 5.5, 7.5, 9.5 ],
			"faces": {
				"up": { "uv": [ 11.5, 10, 12.25, 9.75 ], "texture": "#pol_atlas" },
				"north": { "uv": [ 0.75, 8.5, 0, 9.25 ], "texture": "#pol_atlas" },
				"south": { "uv": [ 0.75, 9.25, 1.5, 10 ], "texture": "#pol_atlas" },
				"west": { "uv": [ 5.25, 2.5, 5.5, 3.25 ], "texture": "#pol_atlas" },
				"east": { "uv": [ 5.5, 0.25, 5.25, 1 ], "texture": "#pol_atlas" }
			}
		},
		{
			"__comment": "Voxels",
			"from": [ 4, 8.5, 8.5 ],
			"to": [ 5.5, 9.5, 9 ],
			"faces": {
				"up": { "uv": [ 5.5, 5, 6.25, 4.75 ], "texture": "#pol_atlas" },
				"north": { "uv": [ 1.25, 1.5, 0.5, 2 ], "texture": "#pol_atlas" },
				"south": { "uv": [ 0.75, 2, 1.5, 2.5 ], "texture": "#pol_atlas" },
				"west": { "uv": [ 4, 7.75, 4.25, 8.25 ], "texture": "#pol_atlas" },
				"east": { "uv": [ 4.25, 7.25, 4, 7.75 ], "texture": "#pol_atlas" }
			}
		},
		{
			"__comment": "Voxels",
			"from": [ 4, 10, 8.5 ],
			"to": [ 5, 10.5, 9.5 ],
			"faces": {
				"down": { "uv": [ 3, 2.5, 3.5, 3 ], "texture": "#pol_atlas" },
				"up": { "uv": [ 3, 0.5, 3.5, 0 ], "texture": "#pol_atlas" },
				"north": { "uv": [ 3.5, 1.75, 3, 2 ], "texture": "#pol_atlas" },
				"south": { "uv": [ 3, 1.5, 3.5, 1.75 ], "texture": "#pol_atlas" },
				"west": { "uv": [ 3, 1.25, 3.5, 1.5 ], "texture": "#pol_atlas" },
				"east": { "uv": [ 3.5, 1, 3, 1.25 ], "texture": "#pol_atlas" }
			}
		},
		{
			"__comment": "Voxels",
			"from": [ 4.5, 3.5, 9 ],
			"to": [ 6.5, 4, 9.5 ],
			"faces": {
				"down": { "uv": [ 4.25, 9.5, 5.25, 9.75 ], "texture": "#pol_atlas" },
				"up": { "uv": [ 4.25, 9.5, 5.25, 9.25 ], "texture": "#pol_atlas" },
				"north": { "uv": [ 5.25, 9, 4.25, 9.25 ], "texture": "#pol_atlas" },
				"south": { "uv": [ 4.25, 8.75, 5.25, 9 ], "texture": "#pol_atlas" },
				"west": { "uv": [ 7, 2.25, 7.25, 2.5 ], "texture": "#pol_atlas" },
				"east": { "uv": [ 7, 2.25, 6.75, 2.5 ], "texture": "#pol_atlas" }
			}
		},
		{
			"__comment": "Voxels",
			"from": [ 4.5, 4, 8.5 ],
			"to": [ 6, 4.5, 9 ],
			"faces": {
				"down": { "uv": [ 12.75, 10, 13.5, 10.25 ], "texture": "#pol_atlas" },
				"north": { "uv": [ 15, 10, 14.25, 10.25 ], "texture": "#pol_atlas" },
				"south": { "uv": [ 15, 10, 15.75, 10.25 ], "texture": "#pol_atlas" },
				"west": { "uv": [ 7, 2.5, 7.25, 2.75 ], "texture": "#pol_atlas" },
				"east": { "uv": [ 7, 2.75, 6.75, 3 ], "texture": "#pol_atlas" }
			}
		},
		{
			"__comment": "Voxels",
			"from": [ 4.5, 5, 9 ],
			"to": [ 6, 5.5, 9.5 ],
			"faces": {
				"down": { "uv": [ 7, 9.75, 7.75, 10 ], "texture": "#pol_atlas" },
				"south": { "uv": [ 9.25, 9.75, 10, 10 ], "texture": "#pol_atlas" },
				"west": { "uv": [ 7, 3, 7.25, 3.25 ], "texture": "#pol_atlas" },
				"east": { "uv": [ 7, 3.25, 6.75, 3.5 ], "texture": "#pol_atlas" }
			}
		},
		{
			"__comment": "Voxels",
			"from": [ 4.5, 7.5, 9 ],
			"to": [ 6.5, 8, 9.5 ],
			"faces": {
				"down": { "uv": [ 4.25, 8.5, 5.25, 8.75 ], "texture": "#pol_atlas" },
				"up": { "uv": [ 4.25, 8.5, 5.25, 8.25 ], "texture": "#pol_atlas" },
				"south": { "uv": [ 4.25, 7.75, 5.25, 8 ], "texture": "#pol_atlas" },
				"west": { "uv": [ 7, 3.5, 7.25, 3.75 ], "texture": "#pol_atlas" },
				"east": { "uv": [ 7, 3.75, 6.75, 4 ], "texture": "#pol_atlas" }
			}
		},
		{
			"__comment": "Voxels",
			"from": [ 4.5, 8, 9 ],
			"to": [ 6, 8.5, 9.5 ],
			"faces": {
				"up": { "uv": [ 5.5, 9.25, 6.25, 9 ], "texture": "#pol_atlas" },
				"south": { "uv": [ 5.5, 8.5, 6.25, 8.75 ], "texture": "#pol_atlas" },
				"west": { "uv": [ 7, 4, 7.25, 4.25 ], "texture": "#pol_atlas" },
				"east": { "uv": [ 7, 4, 6.75, 4.25 ], "texture": "#pol_atlas" }
			}
		},
		{
			"__comment": "Voxels",
			"from": [ 4.5, 9.5, 8.5 ],
			"to": [ 5.5, 10, 9.5 ],
			"faces": {
				"down": { "uv": [ 3.5, 7.25, 4, 7.75 ], "texture": "#pol_atlas" },
				"up": { "uv": [ 3.5, 7.25, 4, 6.75 ], "texture": "#pol_atlas" },
				"north": { "uv": [ 3.5, 0.75, 3, 1 ], "texture": "#pol_atlas" },
				"south": { "uv": [ 3, 0.5, 3.5, 0.75 ], "texture": "#pol_atlas" },
				"west": { "uv": [ 15.5, 10.75, 16, 11 ], "texture": "#pol_atlas" },
				"east": { "uv": [ 6, 1.5, 5.5, 1.75 ], "texture": "#pol_atlas" }
			}
		},
		{
			"__comment": "Voxels",
			"from": [ 5, 3, 9 ],
			"to": [ 5.5, 3.5, 9.5 ],
			"faces": {
				"down": { "uv": [ 7, 4.25, 7.25, 4.5 ], "texture": "#pol_atlas" },
				"south": { "uv": [ 7, 5, 7.25, 5.25 ], "texture": "#pol_atlas" },
				"east": { "uv": [ 16, 9.5, 15.75, 9.75 ], "texture": "#pol_atlas" }
			}
		},
		{
			"__comment": "Voxels",
			"from": [ 5, 4, 8 ],
			"to": [ 6, 6, 8.5 ],
			"faces": {
				"down": { "uv": [ 5.5, 1.25, 6, 1.5 ], "texture": "#pol_atlas" },
				"up": { "uv": [ 5.5, 1.25, 6, 1 ], "texture": "#pol_atlas" },
				"north": { "uv": [ 1, 6, 0.5, 7 ], "texture": "#pol_atlas" },
				"south": { "uv": [ 0, 6, 0.5, 7 ], "texture": "#pol_atlas" },
				"west": { "uv": [ 4, 5.75, 4.25, 6.75 ], "texture": "#pol_atlas" },
				"east": { "uv": [ 3.75, 4.75, 3.5, 5.75 ], "texture": "#pol_atlas" }
			}
		},
		{
			"__comment": "Voxels",
			"from": [ 5, 4, 9 ],
			"to": [ 6, 5, 9.5 ],
			"faces": {
				"north": { "uv": [ 4.25, 5.25, 3.75, 5.75 ], "texture": "#pol_atlas" },
				"south": { "uv": [ 3.75, 4.75, 4.25, 5.25 ], "texture": "#pol_atlas" },
				"west": { "uv": [ 4, 6.75, 4.25, 7.25 ], "texture": "#pol_atlas" },
				"east": { "uv": [ 4.25, 2.25, 4, 2.75 ], "texture": "#pol_atlas" }
			}
		},
		{
			"__comment": "Voxels",
			"from": [ 5, 5, 7.5 ],
			"to": [ 11, 7, 8 ],
			"faces": {
				"down": { "uv": [ 3.5, 11.25, 6.5, 11.5 ], "texture": "#pol_atlas" },
				"up": { "uv": [ 6.5, 11.5, 9.5, 11.25 ], "texture": "#pol_atlas" },
				"north": { "uv": [ 3, 15, 0, 16 ], "texture": "#pol_atlas" },
				"south": { "uv": [ 3, 15, 6, 16 ], "texture": "#pol_atlas" },
				"west": { "uv": [ 3.5, 3.75, 3.75, 4.75 ], "texture": "#pol_atlas" },
				"east": { "uv": [ 4, 3.75, 3.75, 4.75 ], "texture": "#pol_atlas" }
			}
		},
		{
			"__comment": "Voxels",
			"from": [ 5, 6, 8 ],
			"to": [ 5.5, 8, 8.5 ],
			"faces": {
				"up": { "uv": [ 6, 1, 6.25, 0.75 ], "texture": "#pol_atlas" },
				"north": { "uv": [ 4.25, 3.75, 4, 4.75 ], "texture": "#pol_atlas" },
				"south": { "uv": [ 3.5, 2.75, 3.75, 3.75 ], "texture": "#pol_atlas" },
				"west": { "uv": [ 3.75, 2.75, 4, 3.75 ], "texture": "#pol_atlas" },
				"east": { "uv": [ 4.25, 2.75, 4, 3.75 ], "texture": "#pol_atlas" }
			}
		},
		{
			"__comment": "Voxels",
			"from": [ 5, 8.5, 9 ],
			"to": [ 6, 9.5, 9.5 ],
			"faces": {
				"up": { "uv": [ 5.5, 0.25, 6, 0 ], "texture": "#pol_atlas" },
				"north": { "uv": [ 4, 2.25, 3.5, 2.75 ], "texture": "#pol_atlas" },
				"south": { "uv": [ 3.5, 1.75, 4, 2.25 ], "texture": "#pol_atlas" },
				"west": { "uv": [ 4, 1.75, 4.25, 2.25 ], "texture": "#pol_atlas" },
				"east": { "uv": [ 4.25, 1.25, 4, 1.75 ], "texture": "#pol_atlas" }
			}
		},
		{
			"__comment": "Voxels",
			"from": [ 5.5, 3.5, 8 ],
			"to": [ 6.5, 4, 9 ],
			"faces": {
				"down": { "uv": [ 3.5, 1.25, 4, 1.75 ], "texture": "#pol_atlas" },
				"up": { "uv": [ 3.5, 1.25, 4, 0.75 ], "texture": "#pol_atlas" },
				"north": { "uv": [ 6.75, 9.5, 6.25, 9.75 ], "texture": "#pol_atlas" },
				"west": { "uv": [ 7.25, 9.5, 7.75, 9.75 ], "texture": "#pol_atlas" },
				"east": { "uv": [ 8.25, 9.5, 7.75, 9.75 ], "texture": "#pol_atlas" }
			}
		},
		{
			"__comment": "Voxels",
			"from": [ 5.5, 4, 7.5 ],
			"to": [ 10.5, 5, 8 ],
			"faces": {
				"down": { "uv": [ 8.5, 11, 11, 11.25 ], "texture": "#pol_atlas" },
				"north": { "uv": [ 10, 13.5, 7.5, 14 ], "texture": "#pol_atlas" },
				"south": { "uv": [ 5, 13.5, 7.5, 14 ], "texture": "#pol_atlas" },
				"west": { "uv": [ 4, 0.75, 4.25, 1.25 ], "texture": "#pol_atlas" },
				"east": { "uv": [ 4.25, 0.25, 4, 0.75 ], "texture": "#pol_atlas" }
			}
		},
		{
			"__comment": "Voxels",
			"from": [ 5.5, 5, 7 ],
			"to": [ 10.5, 6.5, 7.5 ],
			"faces": {
				"down": { "uv": [ 12.75, 15, 15.25, 15.25 ], "texture": "#pol_atlas" },
				"up": { "uv": [ 10.25, 15.25, 12.75, 15 ], "texture": "#pol_atlas" },
				"north": { "uv": [ 15.25, 15.25, 12.75, 16 ], "texture": "#pol_atlas" },
				"west": { "uv": [ 5.25, 7.75, 5.5, 8.5 ], "texture": "#pol_atlas" },
				"east": { "uv": [ 5.5, 7, 5.25, 7.75 ], "texture": "#pol_atlas" }
			}
		},
		{
			"__comment": "Voxels",
			"from": [ 5.5, 7, 7 ],
			"to": [ 10.5, 7.5, 8 ],
			"faces": {
				"down": { "uv": [ 0, 13.5, 2.5, 14 ], "texture": "#pol_atlas" },
				"up": { "uv": [ 2.5, 14, 5, 13.5 ], "texture": "#pol_atlas" },
				"north": { "uv": [ 6, 11, 3.5, 11.25 ], "texture": "#pol_atlas" },
				"south": { "uv": [ 12, 11.25, 14.5, 11.5 ], "texture": "#pol_atlas" },
				"west": { "uv": [ 8.25, 9.5, 8.75, 9.75 ], "texture": "#pol_atlas" },
				"east": { "uv": [ 9.25, 9.5, 8.75, 9.75 ], "texture": "#pol_atlas" }
			}
		},
		{
			"__comment": "Voxels",
			"from": [ 5.5, 7, 8 ],
			"to": [ 6, 8.5, 8.5 ],
			"faces": {
				"down": { "uv": [ 6, 1, 6.25, 1.25 ], "texture": "#pol_atlas" },
				"up": { "uv": [ 6, 1.5, 6.25, 1.25 ], "texture": "#pol_atlas" },
				"north": { "uv": [ 5.5, 5.5, 5.25, 6.25 ], "texture": "#pol_atlas" },
				"south": { "uv": [ 5.25, 4.75, 5.5, 5.5 ], "texture": "#pol_atlas" },
				"west": { "uv": [ 5.25, 4, 5.5, 4.75 ], "texture": "#pol_atlas" },
				"east": { "uv": [ 5.5, 3.25, 5.25, 4 ], "texture": "#pol_atlas" }
			}
		},
		{
			"__comment": "Voxels",
			"from": [ 5.5, 7, 9 ],
			"to": [ 6, 7.5, 9.5 ],
			"faces": {
				"down": { "uv": [ 6, 1.5, 6.25, 1.75 ], "texture": "#pol_atlas" },
				"south": { "uv": [ 15.75, 11.25, 16, 11.5 ], "texture": "#pol_atlas" },
				"east": { "uv": [ 16, 12.25, 15.75, 12.5 ], "texture": "#pol_atlas" }
			}
		},
		{
			"__comment": "Voxels",
			"from": [ 5.5, 7.5, 7.5 ],
			"to": [ 10.5, 8, 8 ],
			"faces": {
				"up": { "uv": [ 3.5, 11, 6, 10.75 ], "texture": "#pol_atlas" },
				"north": { "uv": [ 16, 11, 13.5, 11.25 ], "texture": "#pol_atlas" },
				"south": { "uv": [ 11, 11, 13.5, 11.25 ], "texture": "#pol_atlas" },
				"west": { "uv": [ 15.75, 12.5, 16, 12.75 ], "texture": "#pol_atlas" },
				"east": { "uv": [ 8, 0.75, 7.75, 1 ], "texture": "#pol_atlas" }
			}
		},
		{
			"__comment": "Voxels",
			"from": [ 6, 3, 8 ],
			"to": [ 7.5, 3.5, 9.5 ],
			"faces": {
				"down": { "uv": [ 0, 7.75, 0.75, 8.5 ], "texture": "#pol_atlas" },
				"up": { "uv": [ 0, 7.75, 0.75, 7 ], "texture": "#pol_atlas" },
				"north": { "uv": [ 6.25, 7.5, 5.5, 7.75 ], "texture": "#pol_atlas" },
				"south": { "uv": [ 5.5, 7.25, 6.25, 7.5 ], "texture": "#pol_atlas" },
				"west": { "uv": [ 5.5, 7, 6.25, 7.25 ], "texture": "#pol_atlas" },
				"east": { "uv": [ 6.25, 6.75, 5.5, 7 ], "texture": "#pol_atlas" }
			}
		},
		{
			"__comment": "Voxels",
			"from": [ 6, 3.5, 7.5 ],
			"to": [ 10, 4, 8 ],
			"faces": {
				"down": { "uv": [ 1.5, 6.75, 3.5, 7 ], "texture": "#pol_atlas" },
				"north": { "uv": [ 3.5, 9, 1.5, 9.25 ], "texture": "#pol_atlas" },
				"south": { "uv": [ 1.5, 8.75, 3.5, 9 ], "texture": "#pol_atlas" },
				"west": { "uv": [ 7.75, 1, 8, 1.25 ], "texture": "#pol_atlas" },
				"east": { "uv": [ 8, 1.25, 7.75, 1.5 ], "texture": "#pol_atlas" }
			}
		},
		{
			"__comment": "Voxels",
			"from": [ 6, 4, 7 ],
			"to": [ 10, 5, 7.5 ],
			"faces": {
				"down": { "uv": [ 1.5, 7.5, 3.5, 7.75 ], "texture": "#pol_atlas" },
				"north": { "uv": [ 3.5, 11.5, 1.5, 12 ], "texture": "#pol_atlas" },
				"west": { "uv": [ 6.25, 9, 6.5, 9.5 ], "texture": "#pol_atlas" },
				"east": { "uv": [ 6.5, 8.5, 6.25, 9 ], "texture": "#pol_atlas" }
			}
		},
		{
			"__comment": "Voxels",
			"from": [ 6, 6.5, 7 ],
			"to": [ 10, 7, 7.5 ],
			"faces": {
				"north": { "uv": [ 3.5, 7.75, 1.5, 8 ], "texture": "#pol_atlas" },
				"west": { "uv": [ 7.75, 1.5, 8, 1.75 ], "texture": "#pol_atlas" },
				"east": { "uv": [ 8, 1.75, 7.75, 2 ], "texture": "#pol_atlas" }
			}
		},
		{
			"__comment": "Voxels",
			"from": [ 6, 7, 6.5 ],
			"to": [ 7, 7.5, 7 ],
			"faces": {
				"down": { "uv": [ 9.25, 9.5, 9.75, 9.75 ], "texture": "#pol_atlas" },
				"up": { "uv": [ 9.75, 9.75, 10.25, 9.5 ], "texture": "#pol_atlas" },
				"north": { "uv": [ 10.75, 9.5, 10.25, 9.75 ], "texture": "#pol_atlas" },
				"west": { "uv": [ 7.75, 2, 8, 2.25 ], "texture": "#pol_atlas" },
				"east": { "uv": [ 8, 3.75, 7.75, 4 ], "texture": "#pol_atlas" }
			}
		},
		{
			"__comment": "Voxels",
			"from": [ 6, 7.5, 7 ],
			"to": [ 10, 8, 7.5 ],
			"faces": {
				"up": { "uv": [ 13.75, 13, 15.75, 12.75 ], "texture": "#pol_atlas" },
				"north": { "uv": [ 3.5, 9.75, 1.5, 10 ], "texture": "#pol_atlas" },
				"west": { "uv": [ 7.75, 4, 8, 4.25 ], "texture": "#pol_atlas" },
				"east": { "uv": [ 8, 5.25, 7.75, 5.5 ], "texture": "#pol_atlas" }
			}
		},
		{
			"__comment": "Voxels",
			"from": [ 6, 7.5, 8 ],
			"to": [ 6.5, 8, 8.5 ],
			"faces": {
				"down": { "uv": [ 7.75, 5.5, 8, 5.75 ], "texture": "#pol_atlas" },
				"up": { "uv": [ 14, 8.25, 14.25, 8 ], "texture": "#pol_atlas" },
				"east": { "uv": [ 7.75, 2.25, 7.5, 2.5 ], "texture": "#pol_atlas" }
			}
		},
		{
			"__comment": "Voxels",
			"from": [ 6, 8, 7.5 ],
			"to": [ 6.5, 8.5, 8 ],
			"faces": {
				"up": { "uv": [ 7.5, 3, 7.75, 2.75 ], "texture": "#pol_atlas" },
				"north": { "uv": [ 7.75, 3, 7.5, 3.25 ], "texture": "#pol_atlas" },
				"south": { "uv": [ 10.25, 8.25, 10.5, 8.5 ], "texture": "#pol_atlas" },
				"west": { "uv": [ 10, 8.25, 10.25, 8.5 ], "texture": "#pol_atlas" },
				"east": { "uv": [ 10, 8.25, 9.75, 8.5 ], "texture": "#pol_atlas" }
			}
		},
		{
			"__comment": "Voxels",
			"from": [ 6.5, 2.5, 8 ],
			"to": [ 9.5, 3, 9.5 ],
			"faces": {
				"down": { "uv": [ 0, 12, 1.5, 12.75 ], "texture": "#pol_atlas" },
				"up": { "uv": [ 0, 12, 1.5, 11.25 ], "texture": "#pol_atlas" },
				"north": { "uv": [ 1.5, 3.25, 0, 3.5 ], "texture": "#pol_atlas" },
				"south": { "uv": [ 14.25, 12.5, 15.75, 12.75 ], "texture": "#pol_atlas" },
				"west": { "uv": [ 5.5, 3.75, 6.25, 4 ], "texture": "#pol_atlas" },
				"east": { "uv": [ 16, 15, 15.25, 15.25 ], "texture": "#pol_atlas" }
			}
		},
		{
			"__comment": "Voxels",
			"from": [ 6.5, 3, 7.5 ],
			"to": [ 9.5, 3.5, 8 ],
			"faces": {
				"down": { "uv": [ 0, 0.5, 1.5, 0.75 ], "texture": "#pol_atlas" },
				"north": { "uv": [ 1.5, 0.75, 0, 1 ], "texture": "#pol_atlas" },
				"south": { "uv": [ 0, 3, 1.5, 3.25 ], "texture": "#pol_atlas" },
				"west": { "uv": [ 9.5, 8.25, 9.75, 8.5 ], "texture": "#pol_atlas" },
				"east": { "uv": [ 7.5, 0.5, 7.25, 0.75 ], "texture": "#pol_atlas" }
			}
		},
		{
			"__comment": "Voxels",
			"from": [ 6.5, 3.5, 7 ],
			"to": [ 9.5, 4, 7.5 ],
			"faces": {
				"down": { "uv": [ 0, 3.5, 1.5, 3.75 ], "texture": "#pol_atlas" },
				"north": { "uv": [ 3.5, 6, 2, 6.25 ], "texture": "#pol_atlas" },
				"west": { "uv": [ 7.25, 0.75, 7.5, 1 ], "texture": "#pol_atlas" },
				"east": { "uv": [ 7.75, 8.5, 7.5, 8.75 ], "texture": "#pol_atlas" }
			}
		},
		{
			"__comment": "Voxels",
			"from": [ 6.5, 6.5, 6.5 ],
			"to": [ 7, 7, 7 ],
			"faces": {
				"down": { "uv": [ 7.25, 8.5, 7.5, 8.75 ], "texture": "#pol_atlas" },
				"north": { "uv": [ 8, 5, 7.75, 5.25 ], "texture": "#pol_atlas" },
				"west": { "uv": [ 7.25, 5.25, 7.5, 5.5 ], "texture": "#pol_atlas" },
				"east": { "uv": [ 13, 8.5, 12.75, 8.75 ], "texture": "#pol_atlas" }
			}
		},
		{
			"__comment": "Voxels",
			"from": [ 6.5, 7, 6 ],
			"to": [ 7, 7.5, 6.5 ],
			"faces": {
				"down": { "uv": [ 12.5, 8.5, 12.75, 8.75 ], "texture": "#pol_atlas" },
				"up": { "uv": [ 12.25, 8.75, 12.5, 8.5 ], "texture": "#pol_atlas" },
				"north": { "uv": [ 9.5, 8.5, 9.25, 8.75 ], "texture": "#pol_atlas" },
				"west": { "uv": [ 6.75, 2.5, 7, 2.75 ], "texture": "#pol_atlas" },
				"east": { "uv": [ 7.25, 2, 7, 2.25 ], "texture": "#pol_atlas" }
			}
		},
		{
			"__comment": "Voxels",
			"from": [ 6.5, 7.5, 6.5 ],
			"to": [ 7, 8, 7 ],
			"faces": {
				"up": { "uv": [ 7, 1.25, 7.25, 1 ], "texture": "#pol_atlas" },
				"north": { "uv": [ 7, 0.5, 6.75, 0.75 ], "texture": "#pol_atlas" },
				"west": { "uv": [ 7.75, 8.5, 8, 8.75 ], "texture": "#pol_atlas" },
				"east": { "uv": [ 9.25, 8.5, 9, 8.75 ], "texture": "#pol_atlas" }
			}
		},
		{
			"__comment": "Voxels",
			"from": [ 7, 2.5, 7.5 ],
			"to": [ 9, 3, 8 ],
			"faces": {
				"down": { "uv": [ 4.25, 0.25, 5.25, 0.5 ], "texture": "#pol_atlas" },
				"north": { "uv": [ 5.25, 0.75, 4.25, 1 ], "texture": "#pol_atlas" },
				"west": { "uv": [ 7.25, 5.75, 7.5, 6 ], "texture": "#pol_atlas" },
				"east": { "uv": [ 7.5, 5.5, 7.25, 5.75 ], "texture": "#pol_atlas" }
			}
		},
		{
			"__comment": "Voxels",
			"from": [ 7, 3, 7 ],
			"to": [ 9, 3.5, 7.5 ],
			"faces": {
				"down": { "uv": [ 4.25, 5.75, 5.25, 6 ], "texture": "#pol_atlas" },
				"north": { "uv": [ 5.25, 3.75, 4.25, 4 ], "texture": "#pol_atlas" },
				"west": { "uv": [ 15.75, 12.75, 16, 13 ], "texture": "#pol_atlas" },
				"east": { "uv": [ 6.25, 0.5, 6, 0.75 ], "texture": "#pol_atlas" }
			}
		},
		{
			"__comment": "Voxels",
			"from": [ 7, 6.5, 6 ],
			"to": [ 7.5, 7, 6.5 ],
			"faces": {
				"down": { "uv": [ 6, 0.25, 6.25, 0.5 ], "texture": "#pol_atlas" },
				"up": { "uv": [ 7, 4.75, 7.25, 4.5 ], "texture": "#pol_atlas" },
				"north": { "uv": [ 7, 4.25, 6.75, 4.5 ], "texture": "#pol_atlas" },
				"south": { "uv": [ 7, 3.25, 7.25, 3.5 ], "texture": "#pol_atlas" },
				"west": { "uv": [ 6.75, 3, 7, 3.25 ], "texture": "#pol_atlas" },
				"east": { "uv": [ 7.25, 2.75, 7, 3 ], "texture": "#pol_atlas" }
			}
		},
		{
			"__comment": "Voxels",
			"from": [ 7.5, 2.5, 7 ],
			"to": [ 8.5, 3, 7.5 ],
			"faces": {
				"down": { "uv": [ 11.75, 9.5, 12.25, 9.75 ], "texture": "#pol_atlas" },
				"north": { "uv": [ 13.25, 9.5, 12.75, 9.75 ], "texture": "#pol_atlas" },
				"west": { "uv": [ 6.75, 0.75, 7, 1 ], "texture": "#pol_atlas" },
				"east": { "uv": [ 7.25, 0.75, 7, 1 ], "texture": "#pol_atlas" }
			}
		},
		{
			"__comment": "Voxels",
			"from": [ 7.5, 3.5, 6.5 ],
			"to": [ 8.5, 4.5, 7 ],
			"faces": {
				"down": { "uv": [ 13.75, 9.5, 14.25, 9.75 ], "texture": "#pol_atlas" },
				"up": { "uv": [ 14.25, 9.75, 14.75, 9.5 ], "texture": "#pol_atlas" },
				"north": { "uv": [ 4.75, 6.25, 4.25, 6.75 ], "texture": "#pol_atlas" },
				"south": { "uv": [ 3.5, 0.25, 4, 0.75 ], "texture": "#pol_atlas" },
				"west": { "uv": [ 6.25, 8, 6.5, 8.5 ], "texture": "#pol_atlas" },
				"east": { "uv": [ 6.5, 7.5, 6.25, 8 ], "texture": "#pol_atlas" }
			}
		},
		{
			"__comment": "Voxels",
			"from": [ 7.5, 4, 6 ],
			"to": [ 8.5, 4.5, 6.5 ],
			"faces": {
				"down": { "uv": [ 14.75, 9.5, 15.25, 9.75 ], "texture": "#pol_atlas" },
				"up": { "uv": [ 15.25, 9.75, 15.75, 9.5 ], "texture": "#pol_atlas" },
				"north": { "uv": [ 7, 9.25, 6.5, 9.5 ], "texture": "#pol_atlas" },
				"west": { "uv": [ 13, 8.5, 13.25, 8.75 ], "texture": "#pol_atlas" },
				"east": { "uv": [ 13.5, 8.5, 13.25, 8.75 ], "texture": "#pol_atlas" }
			}
		},
		{
			"__comment": "Voxels",
			"from": [ 7.5, 4.5, 6 ],
			"to": [ 8, 5, 6.5 ],
			"faces": {
				"up": { "uv": [ 15.25, 8.75, 15.5, 8.5 ], "texture": "#pol_atlas" },
				"north": { "uv": [ 7.5, 8.25, 7.25, 8.5 ], "texture": "#pol_atlas" },
				"south": { "uv": [ 7.25, 8, 7.5, 8.25 ], "texture": "#pol_atlas" },
				"west": { "uv": [ 7.25, 7.75, 7.5, 8 ], "texture": "#pol_atlas" },
				"east": { "uv": [ 7.5, 7.5, 7.25, 7.75 ], "texture": "#pol_atlas" }
			}
		},
		{
			"__comment": "Voxels",
			"from": [ 7.5, 8, 7.5 ],
			"to": [ 8.5, 8.5, 8 ],
			"faces": {
				"up": { "uv": [ 8, 9.5, 8.5, 9.25 ], "texture": "#pol_atlas" },
				"north": { "uv": [ 9, 9.25, 8.5, 9.5 ], "texture": "#pol_atlas" },
				"south": { "uv": [ 9, 9.25, 9.5, 9.5 ], "texture": "#pol_atlas" },
				"west": { "uv": [ 7.25, 3.75, 7.5, 4 ], "texture": "#pol_atlas" },
				"east": { "uv": [ 7.5, 3.5, 7.25, 3.75 ], "texture": "#pol_atlas" }
			}
		},
		{
			"__comment": "Voxels",
			"from": [ 8, 3, 6.5 ],
			"to": [ 8.5, 3.5, 7 ],
			"faces": {
				"down": { "uv": [ 7.25, 3.25, 7.5, 3.5 ], "texture": "#pol_atlas" },
				"north": { "uv": [ 7.5, 1.75, 7.25, 2 ], "texture": "#pol_atlas" },
				"west": { "uv": [ 7.25, 1.25, 7.5, 1.5 ], "texture": "#pol_atlas" },
				"east": { "uv": [ 7.5, 1, 7.25, 1.25 ], "texture": "#pol_atlas" }
			}
		},
		{
			"__comment": "Voxels",
			"from": [ 8.5, 3, 8 ],
			"to": [ 10, 3.5, 9.5 ],
			"faces": {
				"down": { "uv": [ 15.25, 15.25, 16, 16 ], "texture": "#pol_atlas" },
				"up": { "uv": [ 0.75, 8.5, 1.5, 7.75 ], "texture": "#pol_atlas" },
				"north": { "uv": [ 6, 10, 5.25, 10.25 ], "texture": "#pol_atlas" },
				"south": { "uv": [ 5.5, 6.5, 6.25, 6.75 ], "texture": "#pol_atlas" },
				"west": { "uv": [ 14.5, 10.25, 15.25, 10.5 ], "texture": "#pol_atlas" },
				"east": { "uv": [ 14.5, 10.25, 13.75, 10.5 ], "texture": "#pol_atlas" }
			}
		},
		{
			"__comment": "Voxels",
			"from": [ 8.5, 6.5, 6 ],
			"to": [ 9, 7, 6.5 ],
			"faces": {
				"down": { "uv": [ 13, 8.25, 13.25, 8.5 ], "texture": "#pol_atlas" },
				"up": { "uv": [ 13.25, 8.5, 13.5, 8.25 ], "texture": "#pol_atlas" },
				"north": { "uv": [ 15.25, 8.25, 15, 8.5 ], "texture": "#pol_atlas" },
				"south": { "uv": [ 15.25, 8.25, 15.5, 8.5 ], "texture": "#pol_atlas" },
				"west": { "uv": [ 15.5, 8.25, 15.75, 8.5 ], "texture": "#pol_atlas" },
				"east": { "uv": [ 16, 8.25, 15.75, 8.5 ], "texture": "#pol_atlas" }
			}
		},
		{
			"__comment": "Voxels",
			"from": [ 9, 6, 8.5 ],
			"to": [ 18.5, 6.5, 9 ],
			"faces": {
				"down": { "uv": [ 9.5, 13, 14.25, 13.25 ], "texture": "#pol_atlas", "cullface": "east" },
				"up": { "uv": [ 0, 13, 4.75, 12.75 ], "texture": "#pol_atlas", "cullface": "east" },
				"north": { "uv": [ 14.75, 13.5, 10, 13.75 ], "texture": "#pol_atlas", "cullface": "east" },
				"south": { "uv": [ 10, 14, 14.75, 14.25 ], "texture": "#pol_atlas", "cullface": "east" },
				"west": { "uv": [ 7.5, 0.5, 7.75, 0.75 ], "texture": "#pol_atlas", "cullface": "east" },
				"east": { "uv": [ 7.75, 0.25, 7.5, 0.5 ], "texture": "#pol_atlas", "cullface": "east" }
			}
		},
		{
			"__comment": "Voxels",
			"from": [ 9, 6.5, 6.5 ],
			"to": [ 9.5, 8, 7 ],
			"faces": {
				"down": { "uv": [ 9, 8, 9.25, 8.25 ], "texture": "#pol_atlas" },
				"up": { "uv": [ 9.25, 8.25, 9.5, 8 ], "texture": "#pol_atlas" },
				"north": { "uv": [ 5.75, 1.75, 5.5, 2.5 ], "texture": "#pol_atlas" },
				"south": { "uv": [ 5.25, 8.5, 5.5, 9.25 ], "texture": "#pol_atlas" },
				"west": { "uv": [ 5.25, 9.25, 5.5, 10 ], "texture": "#pol_atlas" },
				"east": { "uv": [ 4.25, 8.75, 4, 9.5 ], "texture": "#pol_atlas" }
			}
		},
		{
			"__comment": "Voxels",
			"from": [ 9, 7, 6 ],
			"to": [ 9.5, 7.5, 6.5 ],
			"faces": {
				"down": { "uv": [ 14.25, 8, 14.5, 8.25 ], "texture": "#pol_atlas" },
				"up": { "uv": [ 15, 8.25, 15.25, 8 ], "texture": "#pol_atlas" },
				"north": { "uv": [ 15.5, 8, 15.25, 8.25 ], "texture": "#pol_atlas" },
				"west": { "uv": [ 15.75, 8, 16, 8.25 ], "texture": "#pol_atlas" },
				"east": { "uv": [ 8, 5.75, 7.75, 6 ], "texture": "#pol_atlas" }
			}
		},
		{
			"__comment": "Voxels",
			"from": [ 9.5, 3.5, 8 ],
			"to": [ 10.5, 4, 9.5 ],
			"faces": {
				"down": { "uv": [ 0, 1.25, 0.5, 2 ], "texture": "#pol_atlas" },
				"up": { "uv": [ 1.5, 6.25, 2, 5.5 ], "texture": "#pol_atlas" },
				"north": { "uv": [ 10, 9.25, 9.5, 9.5 ], "texture": "#pol_atlas" },
				"south": { "uv": [ 11.25, 9.5, 11.75, 9.75 ], "texture": "#pol_atlas" },
				"west": { "uv": [ 6.25, 9.75, 7, 10 ], "texture": "#pol_atlas" },
				"east": { "uv": [ 6.25, 5, 5.5, 5.25 ], "texture": "#pol_atlas" }
			}
		},
		{
			"__comment": "Voxels",
			"from": [ 9.5, 7, 6.5 ],
			"to": [ 10, 7.5, 7 ],
			"faces": {
				"down": { "uv": [ 7.75, 3.5, 8, 3.75 ], "texture": "#pol_atlas" },
				"up": { "uv": [ 7.75, 3.5, 8, 3.25 ], "texture": "#pol_atlas" },
				"north": { "uv": [ 8, 3, 7.75, 3.25 ], "texture": "#pol_atlas" },
				"east": { "uv": [ 8, 2.25, 7.75, 2.5 ], "texture": "#pol_atlas" }
			}
		},
		{
			"__comment": "Voxels",
			"from": [ 9.5, 7.5, 8 ],
			"to": [ 11, 8, 9.5 ],
			"faces": {
				"down": { "uv": [ 0.75, 8.5, 1.5, 9.25 ], "texture": "#pol_atlas" },
				"up": { "uv": [ 0, 10, 0.75, 9.25 ], "texture": "#pol_atlas" },
				"north": { "uv": [ 7.75, 10.25, 7, 10.5 ], "texture": "#pol_atlas" },
				"south": { "uv": [ 6.75, 10, 7.5, 10.25 ], "texture": "#pol_atlas" },
				"west": { "uv": [ 9, 10, 9.75, 10.25 ], "texture": "#pol_atlas" },
				"east": { "uv": [ 6.25, 8, 5.5, 8.25 ], "texture": "#pol_atlas" }
			}
		},
		{
			"__comment": "Voxels",
			"from": [ 9.5, 8, 7.5 ],
			"to": [ 10, 8.5, 8 ],
			"faces": {
				"up": { "uv": [ 10, 8, 10.25, 7.75 ], "texture": "#pol_atlas" },
				"north": { "uv": [ 10.5, 7.75, 10.25, 8 ], "texture": "#pol_atlas" },
				"south": { "uv": [ 10.5, 7.75, 10.75, 8 ], "texture": "#pol_atlas" },
				"west": { "uv": [ 15.75, 14.75, 16, 15 ], "texture": "#pol_atlas" },
				"east": { "uv": [ 16, 14.5, 15.75, 14.75 ], "texture": "#pol_atlas" }
			}
		},
		{
			"__comment": "Voxels",
			"from": [ 10, 4, 8 ],
			"to": [ 11, 6, 8.5 ],
			"faces": {
				"down": { "uv": [ 10, 9.25, 10.5, 9.5 ], "texture": "#pol_atlas" },
				"up": { "uv": [ 10.5, 9.5, 11, 9.25 ], "texture": "#pol_atlas" },
				"north": { "uv": [ 1, 4, 0.5, 5 ], "texture": "#pol_atlas" },
				"south": { "uv": [ 1, 4, 1.5, 5 ], "texture": "#pol_atlas" },
				"west": { "uv": [ 4.5, 2.5, 4.75, 3.5 ], "texture": "#pol_atlas" },
				"east": { "uv": [ 4.5, 2.5, 4.25, 3.5 ], "texture": "#pol_atlas" }
			}
		},
		{
			"__comment": "Voxels",
			"from": [ 10, 4, 8.5 ],
			"to": [ 11.5, 5.5, 9 ],
			"faces": {
				"down": { "uv": [ 15.25, 9.75, 16, 10 ], "texture": "#pol_atlas" },
				"north": { "uv": [ 1.5, 10, 0.75, 10.75 ], "texture": "#pol_atlas" },
				"south": { "uv": [ 0, 10, 0.75, 10.75 ], "texture": "#pol_atlas" },
				"west": { "uv": [ 5.25, 6.25, 5.5, 7 ], "texture": "#pol_atlas" },
				"east": { "uv": [ 4.25, 9.5, 4, 10.25 ], "texture": "#pol_atlas" }
			}
		},
		{
			"__comment": "Voxels",
			"from": [ 10, 4, 9 ],
			"to": [ 11, 6, 9.5 ],
			"faces": {
				"down": { "uv": [ 11, 9.25, 11.5, 9.5 ], "texture": "#pol_atlas" },
				"up": { "uv": [ 11.5, 9.5, 12, 9.25 ], "texture": "#pol_atlas" },
				"north": { "uv": [ 0.5, 4, 0, 5 ], "texture": "#pol_atlas" },
				"south": { "uv": [ 1, 6, 1.5, 7 ], "texture": "#pol_atlas" },
				"west": { "uv": [ 3.75, 5.75, 4, 6.75 ], "texture": "#pol_atlas" },
				"east": { "uv": [ 3.75, 5.75, 3.5, 6.75 ], "texture": "#pol_atlas" }
			}
		},
		{
			"__comment": "Voxels",
			"from": [ 10, 7, 8 ],
			"to": [ 11, 7.5, 9.5 ],
			"faces": {
				"down": { "uv": [ 1.5, 4.75, 2, 5.5 ], "texture": "#pol_atlas" },
				"north": { "uv": [ 12.5, 9.25, 12, 9.5 ], "texture": "#pol_atlas" },
				"south": { "uv": [ 12.5, 9.25, 13, 9.5 ], "texture": "#pol_atlas" },
				"west": { "uv": [ 5.5, 5.5, 6.25, 5.75 ], "texture": "#pol_atlas" },
				"east": { "uv": [ 6.25, 8.25, 5.5, 8.5 ], "texture": "#pol_atlas" }
			}
		},
		{
			"__comment": "Voxels",
			"from": [ 10, 8, 8 ],
			"to": [ 10.5, 8.5, 9.5 ],
			"faces": {
				"up": { "uv": [ 5.25, 2.5, 5.5, 1.75 ], "texture": "#pol_atlas" },
				"north": { "uv": [ 7.25, 3.75, 7, 4 ], "texture": "#pol_atlas" },
				"south": { "uv": [ 6.75, 3.5, 7, 3.75 ], "texture": "#pol_atlas" },
				"west": { "uv": [ 5.5, 9.5, 6.25, 9.75 ], "texture": "#pol_atlas" },
				"east": { "uv": [ 11.5, 9.75, 10.75, 10 ], "texture": "#pol_atlas" }
			}
		},
		{
			"__comment": "Voxels",
			"from": [ 10, 8.5, 9 ],
			"to": [ 11, 9.5, 9.5 ],
			"faces": {
				"down": { "uv": [ 13, 9.25, 13.5, 9.5 ], "texture": "#pol_atlas" },
				"up": { "uv": [ 13.5, 9.5, 14, 9.25 ], "texture": "#pol_atlas" },
				"north": { "uv": [ 4, 7.75, 3.5, 8.25 ], "texture": "#pol_atlas" },
				"south": { "uv": [ 3.5, 8.25, 4, 8.75 ], "texture": "#pol_atlas" },
				"west": { "uv": [ 6.25, 7, 6.5, 7.5 ], "texture": "#pol_atlas" },
				"east": { "uv": [ 6.5, 6.5, 6.25, 7 ], "texture": "#pol_atlas" }
			}
		},
		{
			"__comment": "Voxels",
			"from": [ 10.5, 3, 8.5 ],
			"to": [ 12, 4, 9 ],
			"faces": {
				"down": { "uv": [ 5.5, 9.75, 6.25, 10 ], "texture": "#pol_atlas" },
				"up": { "uv": [ 12, 10.25, 12.75, 10 ], "texture": "#pol_atlas" },
				"north": { "uv": [ 3.25, 5, 2.5, 5.5 ], "texture": "#pol_atlas" },
				"south": { "uv": [ 0, 0, 0.75, 0.5 ], "texture": "#pol_atlas" },
				"west": { "uv": [ 6.25, 6, 6.5, 6.5 ], "texture": "#pol_atlas" },
				"east": { "uv": [ 6.5, 5.5, 6.25, 6 ], "texture": "#pol_atlas" }
			}
		},
		{
			"__comment": "Voxels",
			"from": [ 10.5, 3, 9 ],
			"to": [ 12, 3.5, 9.5 ],
			"faces": {
				"down": { "uv": [ 7.5, 10, 8.25, 10.25 ], "texture": "#pol_atlas" },
				"up": { "uv": [ 12.25, 10, 13, 9.75 ], "texture": "#pol_atlas" },
				"south": { "uv": [ 5.5, 4.5, 6.25, 4.75 ], "texture": "#pol_atlas" },
				"west": { "uv": [ 7, 1.25, 7.25, 1.5 ], "texture": "#pol_atlas" },
				"east": { "uv": [ 7, 1, 6.75, 1.25 ], "texture": "#pol_atlas" }
			}
		},
		{
			"__comment": "Voxels",
			"from": [ 10.5, 3.5, 9 ],
			"to": [ 11.5, 4, 9.5 ],
			"faces": {
				"up": { "uv": [ 14.5, 9.5, 15, 9.25 ], "texture": "#pol_atlas" },
				"south": { "uv": [ 15.5, 9.25, 16, 9.5 ], "texture": "#pol_atlas" },
				"east": { "uv": [ 7, 0.25, 6.75, 0.5 ], "texture": "#pol_atlas" }
			}
		},
		{
			"__comment": "Voxels",
			"from": [ 10.5, 6, 8 ],
			"to": [ 11, 7, 8.5 ],
			"faces": {
				"south": { "uv": [ 6.25, 4.5, 6.5, 5 ], "texture": "#pol_atlas" },
				"west": { "uv": [ 6.25, 4, 6.5, 4.5 ], "texture": "#pol_atlas" },
				"east": { "uv": [ 6.5, 3.5, 6.25, 4 ], "texture": "#pol_atlas" }
			}
		},
		{
			"__comment": "Voxels",
			"from": [ 10.5, 6, 9 ],
			"to": [ 12, 7, 9.5 ],
			"faces": {
				"down": { "uv": [ 5.5, 2.5, 6.25, 2.75 ], "texture": "#pol_atlas" },
				"up": { "uv": [ 3.5, 0.25, 4.25, 0 ], "texture": "#pol_atlas" },
				"north": { "uv": [ 3, 6.25, 2.25, 6.75 ], "texture": "#pol_atlas" },
				"south": { "uv": [ 1.5, 2.5, 2.25, 3 ], "texture": "#pol_atlas" },
				"west": { "uv": [ 6.25, 3, 6.5, 3.5 ], "texture": "#pol_atlas" },
				"east": { "uv": [ 6.5, 2.5, 6.25, 3 ], "texture": "#pol_atlas" }
			}
		},
		{
			"__comment": "Voxels",
			"from": [ 10.5, 6.5, 8.5 ],
			"to": [ 19, 7, 9 ],
			"faces": {
				"down": { "uv": [ 10, 12.5, 14.25, 12.75 ], "texture": "#pol_atlas", "cullface": "east" },
				"up": { "uv": [ 1.5, 12.75, 5.75, 12.5 ], "texture": "#pol_atlas", "cullface": "east" },
				"north": { "uv": [ 5.75, 12.25, 1.5, 12.5 ], "texture": "#pol_atlas", "cullface": "east" },
				"south": { "uv": [ 10, 12.25, 14.25, 12.5 ], "texture": "#pol_atlas", "cullface": "east" },
				"west": { "uv": [ 10.5, 8.5, 10.75, 8.75 ], "texture": "#pol_atlas", "cullface": "east" },
				"east": { "uv": [ 11, 8.5, 10.75, 8.75 ], "texture": "#pol_atlas", "cullface": "east" }
			}
		},
		{
			"__comment": "Voxels",
			"from": [ 10.5, 8, 8.5 ],
			"to": [ 12.5, 8.5, 9 ],
			"faces": {
				"down": { "uv": [ 14.5, 10.75, 15.5, 11 ], "texture": "#pol_atlas" },
				"up": { "uv": [ 13.5, 11, 14.5, 10.75 ], "texture": "#pol_atlas" },
				"north": { "uv": [ 3.5, 4.75, 2.5, 5 ], "texture": "#pol_atlas" },
				"south": { "uv": [ 0.5, 1.25, 1.5, 1.5 ], "texture": "#pol_atlas" },
				"east": { "uv": [ 7.75, 4.75, 7.5, 5 ], "texture": "#pol_atlas" }
			}
		},
		{
			"__comment": "Voxels",
			"from": [ 10.5, 8, 9 ],
			"to": [ 11.5, 8.5, 9.5 ],
			"faces": {
				"down": { "uv": [ 6.5, 9, 7, 9.25 ], "texture": "#pol_atlas" },
				"up": { "uv": [ 7, 9.25, 7.5, 9 ], "texture": "#pol_atlas" },
				"south": { "uv": [ 8, 9, 8.5, 9.25 ], "texture": "#pol_atlas" },
				"east": { "uv": [ 14, 8.5, 13.75, 8.75 ], "texture": "#pol_atlas" }
			}
		},
		{
			"__comment": "Voxels",
			"from": [ 10.5, 8.5, 8.5 ],
			"to": [ 12, 9.5, 9 ],
			"faces": {
				"up": { "uv": [ 5.5, 4.25, 6.25, 4 ], "texture": "#pol_atlas" },
				"north": { "uv": [ 2.25, 6.25, 1.5, 6.75 ], "texture": "#pol_atlas" },
				"south": { "uv": [ 0.75, 0, 1.5, 0.5 ], "texture": "#pol_atlas" },
				"west": { "uv": [ 6.25, 1.5, 6.5, 2 ], "texture": "#pol_atlas" },
				"east": { "uv": [ 6.5, 1, 6.25, 1.5 ], "texture": "#pol_atlas" }
			}
		},
		{
			"__comment": "Voxels",
			"from": [ 10.5, 9.5, 8.5 ],
			"to": [ 11.5, 10, 9.5 ],
			"faces": {
				"down": { "uv": [ 1, 5.5, 1.5, 6 ], "texture": "#pol_atlas" },
				"up": { "uv": [ 4.75, 3, 5.25, 2.5 ], "texture": "#pol_atlas" },
				"north": { "uv": [ 9, 9, 8.5, 9.25 ], "texture": "#pol_atlas" },
				"south": { "uv": [ 9, 9, 9.5, 9.25 ], "texture": "#pol_atlas" },
				"west": { "uv": [ 9.5, 9, 10, 9.25 ], "texture": "#pol_atlas" },
				"east": { "uv": [ 10.5, 9, 10, 9.25 ], "texture": "#pol_atlas" }
			}
		},
		{
			"__comment": "Voxels",
			"from": [ 11, 2.5, 8.5 ],
			"to": [ 12.5, 3, 9 ],
			"faces": {
				"down": { "uv": [ 5.5, 3, 6.25, 3.25 ], "texture": "#pol_atlas" },
				"up": { "uv": [ 5.5, 3, 6.25, 2.75 ], "texture": "#pol_atlas" },
				"north": { "uv": [ 1.5, 7, 0.75, 7.25 ], "texture": "#pol_atlas" },
				"south": { "uv": [ 6.25, 10.25, 7, 10.5 ], "texture": "#pol_atlas" },
				"west": { "uv": [ 7.25, 6.25, 7.5, 6.5 ], "texture": "#pol_atlas" },
				"east": { "uv": [ 7.5, 6, 7.25, 6.25 ], "texture": "#pol_atlas" }
			}
		},
		{
			"__comment": "Voxels",
			"from": [ 11, 2.5, 9 ],
			"to": [ 12, 3, 9.5 ],
			"faces": {
				"down": { "uv": [ 10.5, 9, 11, 9.25 ], "texture": "#pol_atlas" },
				"south": { "uv": [ 12, 9, 12.5, 9.25 ], "texture": "#pol_atlas" },
				"west": { "uv": [ 7.25, 4.75, 7.5, 5 ], "texture": "#pol_atlas" },
				"east": { "uv": [ 7.5, 4.5, 7.25, 4.75 ], "texture": "#pol_atlas" }
			}
		},
		{
			"__comment": "Voxels",
			"from": [ 11, 5, 9 ],
			"to": [ 11.5, 6, 9.5 ],
			"faces": {
				"down": { "uv": [ 7.25, 4.25, 7.5, 4.5 ], "texture": "#pol_atlas" },
				"north": { "uv": [ 6.5, 0.5, 6.25, 1 ], "texture": "#pol_atlas" },
				"south": { "uv": [ 6.25, 0, 6.5, 0.5 ], "texture": "#pol_atlas" },
				"east": { "uv": [ 6.75, 8, 6.5, 8.5 ], "texture": "#pol_atlas" }
			}
		},
		{
			"__comment": "Voxels",
			"from": [ 11, 7, 8.5 ],
			"to": [ 19.5, 8, 9 ],
			"faces": {
				"down": { "uv": [ 1.5, 12, 5.75, 12.25 ], "texture": "#pol_atlas", "cullface": "east" },
				"up": { "uv": [ 5.75, 12.25, 10, 12 ], "texture": "#pol_atlas", "cullface": "east" },
				"north": { "uv": [ 10.25, 15.5, 6, 16 ], "texture": "#pol_atlas", "cullface": "east" },
				"south": { "uv": [ 6, 15, 10.25, 15.5 ], "texture": "#pol_atlas", "cullface": "east" },
				"west": { "uv": [ 6.5, 7.5, 6.75, 8 ], "texture": "#pol_atlas", "cullface": "east" },
				"east": { "uv": [ 6.75, 7, 6.5, 7.5 ], "texture": "#pol_atlas", "cullface": "east" }
			}
		},
		{
			"__comment": "Voxels",
			"from": [ 11, 7, 9 ],
			"to": [ 12, 7.5, 9.5 ],
			"faces": {
				"up": { "uv": [ 13, 9.25, 13.5, 9 ], "texture": "#pol_atlas" },
				"south": { "uv": [ 14, 9, 14.5, 9.25 ], "texture": "#pol_atlas" },
				"east": { "uv": [ 7.5, 0, 7.25, 0.25 ], "texture": "#pol_atlas" }
			}
		},
		{
			"__comment": "Voxels",
			"from": [ 11, 7.5, 9 ],
			"to": [ 11.5, 8, 9.5 ],
			"faces": {
				"south": { "uv": [ 8.25, 8.25, 8.5, 8.5 ], "texture": "#pol_atlas" },
				"east": { "uv": [ 9, 8.25, 8.75, 8.5 ], "texture": "#pol_atlas" }
			}
		},
		{
			"__comment": "Voxels",
			"from": [ 11, 10, 8.5 ],
			"to": [ 12, 10.5, 9.5 ],
			"faces": {
				"down": { "uv": [ 4.75, 3, 5.25, 3.5 ], "texture": "#pol_atlas" },
				"up": { "uv": [ 4.75, 5.75, 5.25, 5.25 ], "texture": "#pol_atlas" },
				"north": { "uv": [ 15, 9, 14.5, 9.25 ], "texture": "#pol_atlas" },
				"south": { "uv": [ 15, 9, 15.5, 9.25 ], "texture": "#pol_atlas" },
				"west": { "uv": [ 15.5, 9, 16, 9.25 ], "texture": "#pol_atlas" },
				"east": { "uv": [ 7.25, 8.75, 6.75, 9 ], "texture": "#pol_atlas" }
			}
		},
		{
			"__comment": "Voxels",
			"from": [ 11.5, 2, 8.5 ],
			"to": [ 13, 2.5, 9 ],
			"faces": {
				"down": { "uv": [ 8.5, 10.25, 9.25, 10.5 ], "texture": "#pol_atlas" },
				"up": { "uv": [ 9.25, 10.5, 10, 10.25 ], "texture": "#pol_atlas" },
				"north": { "uv": [ 10.75, 10.25, 10, 10.5 ], "texture": "#pol_atlas" },
				"south": { "uv": [ 12.25, 10.25, 13, 10.5 ], "texture": "#pol_atlas" },
				"west": { "uv": [ 11.5, 8.25, 11.75, 8.5 ], "texture": "#pol_atlas" },
				"east": { "uv": [ 12, 8.25, 11.75, 8.5 ], "texture": "#pol_atlas" }
			}
		},
		{
			"__comment": "Voxels",
			"from": [ 11.5, 4.5, 8.5 ],
			"to": [ 13.5, 5.5, 9 ],
			"faces": {
				"down": { "uv": [ 4.25, 1.5, 5.25, 1.75 ], "texture": "#pol_atlas" },
				"north": { "uv": [ 1, 5, 0, 5.5 ], "texture": "#pol_atlas" },
				"south": { "uv": [ 0, 5.5, 1, 6 ], "texture": "#pol_atlas" },
				"east": { "uv": [ 6.75, 6, 6.5, 6.5 ], "texture": "#pol_atlas" }
			}
		},
		{
			"__comment": "Voxels",
			"from": [ 11.5, 5.5, 9 ],
			"to": [ 12, 6, 9.5 ],
			"faces": {
				"down": { "uv": [ 13.5, 8.25, 13.75, 8.5 ], "texture": "#pol_atlas" },
				"south": { "uv": [ 14.25, 8.25, 14.5, 8.5 ], "texture": "#pol_atlas" },
				"east": { "uv": [ 15, 8.25, 14.75, 8.5 ], "texture": "#pol_atlas" }
			}
		},
		{
			"__comment": "Voxels",
			"from": [ 11.5, 10.5, 8.5 ],
			"to": [ 12.5, 11, 9 ],
			"faces": {
				"down": { "uv": [ 7.25, 8.75, 7.75, 9 ], "texture": "#pol_atlas" },
				"up": { "uv": [ 7.75, 9, 8.25, 8.75 ], "texture": "#pol_atlas" },
				"north": { "uv": [ 8.75, 8.75, 8.25, 9 ], "texture": "#pol_atlas" },
				"south": { "uv": [ 8.75, 8.75, 9.25, 9 ], "texture": "#pol_atlas" },
				"west": { "uv": [ 7.5, 8, 7.75, 8.25 ], "texture": "#pol_atlas" },
				"east": { "uv": [ 7.75, 7.75, 7.5, 8 ], "texture": "#pol_atlas" }
			}
		},
		{
			"__comment": "Voxels",
			"from": [ 12.5, 4, 8.5 ],
			"to": [ 13, 4.5, 9 ],
			"faces": {
				"down": { "uv": [ 7.5, 7.5, 7.75, 7.75 ], "texture": "#pol_atlas" },
				"north": { "uv": [ 7.75, 7, 7.5, 7.25 ], "texture": "#pol_atlas" },
				"south": { "uv": [ 7.5, 6.75, 7.75, 7 ], "texture": "#pol_atlas" },
				"west": { "uv": [ 7.5, 6.5, 7.75, 6.75 ], "texture": "#pol_atlas" },
				"east": { "uv": [ 7.75, 6.25, 7.5, 6.5 ], "texture": "#pol_atlas" }
			}
		},
		{
			"__comment": "Voxels",
			"from": [ 13, 8, 8.5 ],
			"to": [ 20.5, 8.5, 9 ],
			"faces": {
				"down": { "uv": [ 11, 11.5, 14.75, 11.75 ], "texture": "#pol_atlas", "cullface": "east" },
				"up": { "uv": [ 7.25, 11.75, 11, 11.5 ], "texture": "#pol_atlas", "cullface": "east" },
				"north": { "uv": [ 15.75, 14.75, 12, 15 ], "texture": "#pol_atlas", "cullface": "east" },
				"south": { "uv": [ 3.5, 11.5, 7.25, 11.75 ], "texture": "#pol_atlas", "cullface": "east" },
				"west": { "uv": [ 7.5, 5, 7.75, 5.25 ], "texture": "#pol_atlas", "cullface": "east" },
				"east": { "uv": [ 11, 7.75, 10.75, 8 ], "texture": "#pol_atlas", "cullface": "east" }
			}
		},
		{
			"__comment": "Voxels",
			"from": [ 13.5, 8.5, 8.5 ],
			"to": [ 15.5, 9, 9 ],
			"faces": {
				"up": { "uv": [ 4.25, 2.5, 5.25, 2.25 ], "texture": "#pol_atlas" },
				"north": { "uv": [ 5.25, 3.5, 4.25, 3.75 ], "texture": "#pol_atlas" },
				"south": { "uv": [ 4.25, 5, 5.25, 5.25 ], "texture": "#pol_atlas" },
				"west": { "uv": [ 7.5, 3.5, 7.75, 3.75 ], "texture": "#pol_atlas" },
				"east": { "uv": [ 7.75, 3.25, 7.5, 3.5 ], "texture": "#pol_atlas" }
			}
		},
		{
			"__comment": "Voxels",
			"from": [ 15, 4, 8.5 ],
			"to": [ 16, 4.5, 9 ],
			"faces": {
				"down": { "uv": [ 9.25, 8.75, 9.75, 9 ], "texture": "#pol_atlas" },
				"up": { "uv": [ 9.75, 9, 10.25, 8.75 ], "texture": "#pol_atlas" },
				"north": { "uv": [ 10.75, 8.75, 10.25, 9 ], "texture": "#pol_atlas" },
				"south": { "uv": [ 10.75, 8.75, 11.25, 9 ], "texture": "#pol_atlas" },
				"west": { "uv": [ 7.5, 2, 7.75, 2.25 ], "texture": "#pol_atlas" },
				"east": { "uv": [ 7.75, 1.75, 7.5, 2 ], "texture": "#pol_atlas", "cullface": "east" }
			}
		},
		{
			"__comment": "Voxels",
			"from": [ 15, 5, 8.5 ],
			"to": [ 17.5, 6, 9 ],
			"faces": {
				"down": { "uv": [ 14.75, 11.5, 16, 11.75 ], "texture": "#pol_atlas", "cullface": "east" },
				"north": { "uv": [ 1.25, 10.75, 0, 11.25 ], "texture": "#pol_atlas", "cullface": "east" },
				"south": { "uv": [ 14.75, 13.5, 16, 14 ], "texture": "#pol_atlas", "cullface": "east" },
				"west": { "uv": [ 6.5, 5.5, 6.75, 6 ], "texture": "#pol_atlas", "cullface": "east" },
				"east": { "uv": [ 6.75, 5, 6.5, 5.5 ], "texture": "#pol_atlas", "cullface": "east" }
			}
		},
		{
			"__comment": "Voxels",
			"from": [ 15, 9, 8.5 ],
			"to": [ 15.5, 9.5, 9 ],
			"faces": {
				"up": { "uv": [ 7.75, 8.25, 8, 8 ], "texture": "#pol_atlas" },
				"north": { "uv": [ 8.25, 8, 8, 8.25 ], "texture": "#pol_atlas" },
				"south": { "uv": [ 8.25, 8, 8.5, 8.25 ], "texture": "#pol_atlas" },
				"west": { "uv": [ 8.5, 8, 8.75, 8.25 ], "texture": "#pol_atlas" },
				"east": { "uv": [ 9, 8, 8.75, 8.25 ], "texture": "#pol_atlas" }
			}
		},
		{
			"__comment": "Voxels",
			"from": [ 15.5, 4.5, 8.5 ],
			"to": [ 16.5, 5, 9 ],
			"faces": {
				"down": { "uv": [ 11.25, 8.75, 11.75, 9 ], "texture": "#pol_atlas", "cullface": "east" },
				"north": { "uv": [ 12.75, 8.75, 12.25, 9 ], "texture": "#pol_atlas", "cullface": "east" },
				"south": { "uv": [ 12.75, 8.75, 13.25, 9 ], "texture": "#pol_atlas", "cullface": "east" },
				"west": { "uv": [ 10, 8, 10.25, 8.25 ], "texture": "#pol_atlas", "cullface": "east" },
				"east": { "uv": [ 10.5, 8, 10.25, 8.25 ], "texture": "#pol_atlas", "cullface": "east" }
			}
		},
		{
			"__comment": "Voxels",
			"from": [ 17.5, 5.5, 8.5 ],
			"to": [ 18, 6, 9 ],
			"faces": {
				"down": { "uv": [ 10.5, 8, 10.75, 8.25 ], "texture": "#pol_atlas", "cullface": "east" },
				"north": { "uv": [ 11.25, 8, 11, 8.25 ], "texture": "#pol_atlas", "cullface": "east" },
				"south": { "uv": [ 11.25, 8, 11.5, 8.25 ], "texture": "#pol_atlas", "cullface": "east" },
				"east": { "uv": [ 12, 8, 11.75, 8.25 ], "texture": "#pol_atlas", "cullface": "east" }
			}
		},
		{
			"__comment": "Voxels",
			"from": [ 17.5, 8.5, 8.5 ],
			"to": [ 20.5, 9, 9 ],
			"faces": {
				"up": { "uv": [ 1.5, 1, 3, 0.75 ], "texture": "#pol_atlas", "cullface": "east" },
				"north": { "uv": [ 3, 2, 1.5, 2.25 ], "texture": "#pol_atlas", "cullface": "east" },
				"south": { "uv": [ 1.5, 4, 3, 4.25 ], "texture": "#pol_atlas", "cullface": "east" },
				"west": { "uv": [ 13, 8, 13.25, 8.25 ], "texture": "#pol_atlas", "cullface": "east" },
				"east": { "uv": [ 13.5, 8, 13.25, 8.25 ], "texture": "#pol_atlas", "cullface": "east" }
			}
		},
		{
			"__comment": "Voxels",
			"from": [ 18, 9, 8.5 ],
			"to": [ 21, 9.5, 9 ],
			"faces": {
				"down": { "uv": [ 2, 5.75, 3.5, 6 ], "texture": "#pol_atlas", "cullface": "east" },
				"up": { "uv": [ 1.5, 0.75, 3, 0.5 ], "texture": "#pol_atlas", "cullface": "east" },
				"north": { "uv": [ 3, 0.25, 1.5, 0.5 ], "texture": "#pol_atlas", "cullface": "east" },
				"south": { "uv": [ 1.5, 0, 3, 0.25 ], "texture": "#pol_atlas", "cullface": "east" },
				"west": { "uv": [ 14.5, 8, 14.75, 8.25 ], "texture": "#pol_atlas", "cullface": "east" },
				"east": { "uv": [ 15, 8, 14.75, 8.25 ], "texture": "#pol_atlas", "cullface": "east" }
			}
		},
		{
			"__comment": "Voxels",
			"from": [ 19, 9.5, 8.5 ],
			"to": [ 21, 10, 9 ],
			"faces": {
				"up": { "uv": [ 6.25, 10.75, 7.25, 10.5 ], "texture": "#pol_atlas", "cullface": "east" },
				"north": { "uv": [ 8.25, 10.5, 7.25, 10.75 ], "texture": "#pol_atlas", "cullface": "east" },
				"south": { "uv": [ 8.25, 10.5, 9.25, 10.75 ], "texture": "#pol_atlas", "cullface": "east" },
				"west": { "uv": [ 7.75, 7.75, 8, 8 ], "texture": "#pol_atlas", "cullface": "east" },
				"east": { "uv": [ 8, 7.5, 7.75, 7.75 ], "texture": "#pol_atlas", "cullface": "east" }
			}
		},
		{
			"__comment": "Voxels",
			"from": [ 19.5, 7.5, 8.5 ],
			"to": [ 20, 8, 9 ],
			"faces": {
				"down": { "uv": [ 7.75, 7.25, 8, 7.5 ], "texture": "#pol_atlas", "cullface": "east" },
				"north": { "uv": [ 8, 6.75, 7.75, 7 ], "texture": "#pol_atlas", "cullface": "east" },
				"south": { "uv": [ 7.75, 6.5, 8, 6.75 ], "texture": "#pol_atlas", "cullface": "east" },
				"east": { "uv": [ 8, 6, 7.75, 6.25 ], "texture": "#pol_atlas", "cullface": "east" }
			}
		},
		{
			"__comment": "Voxels",
			"from": [ 19.5, 10, 8.5 ],
			"to": [ 21.5, 10.5, 9 ],
			"faces": {
				"down": { "uv": [ 9.25, 10.5, 10.25, 10.75 ], "texture": "#pol_atlas", "cullface": "east" },
				"up": { "uv": [ 10.25, 10.75, 11.25, 10.5 ], "texture": "#pol_atlas", "cullface": "east" },
				"north": { "uv": [ 12.25, 10.5, 11.25, 10.75 ], "texture": "#pol_atlas", "cullface": "east" },
				"south": { "uv": [ 12.25, 10.5, 13.25, 10.75 ], "texture": "#pol_atlas", "cullface": "east" },
				"west": { "uv": [ 7.75, 4.75, 8, 5 ], "texture": "#pol_atlas", "cullface": "east" },
				"east": { "uv": [ 8, 4.5, 7.75, 4.75 ], "texture": "#pol_atlas", "cullface": "east" }
			}
		},
		{
			"__comment": "Voxels",
			"from": [ 20, 10.5, 8.5 ],
			"to": [ 21.5, 11.5, 9 ],
			"faces": {
				"up": { "uv": [ 5.5, 3.5, 6.25, 3.25 ], "texture": "#pol_atlas", "cullface": "east" },
				"north": { "uv": [ 3, 2.5, 2.25, 3 ], "texture": "#pol_atlas", "cullface": "east" },
				"south": { "uv": [ 3.5, 10.25, 4.25, 10.75 ], "texture": "#pol_atlas", "cullface": "east" },
				"west": { "uv": [ 6.5, 0.5, 6.75, 1 ], "texture": "#pol_atlas", "cullface": "east" },
				"east": { "uv": [ 6.75, 0, 6.5, 0.5 ], "texture": "#pol_atlas", "cullface": "east" }
			}
		},
		{
			"__comment": "Voxels",
			"from": [ 20.5, 11.5, 8.5 ],
			"to": [ 21.5, 13, 9 ],
			"faces": {
				"up": { "uv": [ 6.75, 8, 7.25, 7.75 ], "texture": "#pol_atlas", "cullface": "east" },
				"north": { "uv": [ 4, 9.5, 3.5, 10.25 ], "texture": "#pol_atlas", "cullface": "east" },
				"south": { "uv": [ 3.5, 8.75, 4, 9.5 ], "texture": "#pol_atlas", "cullface": "east" },
				"west": { "uv": [ 5.75, 1.75, 6, 2.5 ], "texture": "#pol_atlas", "cullface": "east" },
				"east": { "uv": [ 6.25, 1.75, 6, 2.5 ], "texture": "#pol_atlas", "cullface": "east" }
			}
		},
		{
			"__comment": "Voxels",
			"from": [ 21, 13, 8.5 ],
			"to": [ 22, 13.5, 9 ],
			"faces": {
				"down": { "uv": [ 6.75, 6.5, 7.25, 6.75 ], "texture": "#pol_atlas", "cullface": "east" },
				"up": { "uv": [ 6.75, 6.5, 7.25, 6.25 ], "texture": "#pol_atlas", "cullface": "east" },
				"north": { "uv": [ 7.25, 6, 6.75, 6.25 ], "texture": "#pol_atlas", "cullface": "east" },
				"south": { "uv": [ 6.75, 5.75, 7.25, 6 ], "texture": "#pol_atlas", "cullface": "east" },
				"west": { "uv": [ 7.75, 0.25, 8, 0.5 ], "texture": "#pol_atlas", "cullface": "east" },
				"east": { "uv": [ 8, 0, 7.75, 0.25 ], "texture": "#pol_atlas", "cullface": "east" }
			}
		},
		{
			"__comment": "Voxels",
			"from": [ 21.5, 12.5, 8.5 ],
			"to": [ 22, 13, 9 ],
			"faces": {
				"down": { "uv": [ 8, 7.75, 8.25, 8 ], "texture": "#pol_atlas", "cullface": "east" },
				"north": { "uv": [ 8.75, 7.75, 8.5, 8 ], "texture": "#pol_atlas", "cullface": "east" },
				"south": { "uv": [ 8.75, 7.75, 9, 8 ], "texture": "#pol_atlas", "cullface": "east" },
				"east": { "uv": [ 9.5, 7.75, 9.25, 8 ], "texture": "#pol_atlas", "cullface": "east" }
			}
		},
		{
			"__comment": "Voxels",
			"from": [ 21.5, 13.5, 8.5 ],
			"to": [ 22, 14.5, 9 ],
			"faces": {
				"up": { "uv": [ 9.75, 8, 10, 7.75 ], "texture": "#pol_atlas", "cullface": "east" },
				"north": { "uv": [ 7, 5.25, 6.75, 5.75 ], "texture": "#pol_atlas", "cullface": "east" },
				"south": { "uv": [ 7, 5.25, 7.25, 5.75 ], "texture": "#pol_atlas", "cullface": "east" },
				"west": { "uv": [ 6.75, 4.75, 7, 5.25 ], "texture": "#pol_atlas", "cullface": "east" },
				"east": { "uv": [ 6.5, 2, 6.25, 2.5 ], "texture": "#pol_atlas", "cullface": "east" }
			}
		}
	],
	"display": {
		"thirdperson_righthand": {
			"rotation":  [ 0, -80, -90 ],
			"translation":  [ 3, -2, 4 ]
		},
		"thirdperson_lefthand": {
			"rotation":  [ 87, 164, 55 ],
			"translation":  [ -8, -7, 11 ]
		},
		"firstperson_righthand": {
			"rotation":  [ 12, -100, -66 ],
			"translation":  [ 3.4782, -1.391, 0 ]
		},
		"firstperson_lefthand": {
			"rotation":  [ 12, -100, -66 ],
			"translation":  [ 3.4782, -1.391, 0 ]
		},
		"gui": {
			"rotation":  [ 180, 0, 136 ],
			"translation":  [ 2, -1, 0 ],
			"scale":  [ 0.7, 0.7, 0.7 ]
		},
		"ground": {
			"rotation":  [ 80, 0, 0 ],
			"scale":  [ 0.5, 0.5, 0.5 ]
		},
		"fixed": {
			"translation":  [ 0, 0, -1 ],
			"scale":  [ 0.8, 0.8, 0.8 ]
		}
	}
}