{
	"credit": "Made by Borin8 with Blockbench",
	"texture_size": [32, 32],
	"textures": {
		"0": "items/ironrapier",
		"particle": "items/ironrapier"
	},
	"elements": [
		{
			"from": [6, 1, 6],
			"to": [9.5, 1.2, 6.2],
			"faces": {
				"north": {"uv": [2, 0, 3.75, 0.125], "texture": "#0"},
				"east": {"uv": [7.5, 7, 7.625, 7.125], "texture": "#0"},
				"south": {"uv": [2, 0.5, 3.75, 0.625], "texture": "#0"},
				"west": {"uv": [7.5, 7.5, 7.625, 7.625], "texture": "#0"},
				"up": {"uv": [3.75, 1.125, 2, 1], "texture": "#0"},
				"down": {"uv": [3.75, 1.5, 2, 1.625], "texture": "#0"}
			}
		},
		{
			"from": [7, 1, 7],
			"to": [8.5, 1.2, 7.2],
			"faces": {
				"north": {"uv": [3.5, 3.5, 4.25, 3.625], "texture": "#0"},
				"east": {"uv": [0.5, 8, 0.625, 8.125], "texture": "#0"},
				"south": {"uv": [4, 0, 4.75, 0.125], "texture": "#0"},
				"west": {"uv": [8, 0.5, 8.125, 0.625], "texture": "#0"},
				"up": {"uv": [4.75, 0.625, 4, 0.5], "texture": "#0"},
				"down": {"uv": [4.75, 1, 4, 1.125], "texture": "#0"}
			}
		},
		{
			"from": [7, 1, 5],
			"to": [8.5, 1.2, 5.2],
			"faces": {
				"north": {"uv": [3.5, 2, 4.25, 2.125], "texture": "#0"},
				"east": {"uv": [0, 8, 0.125, 8.125], "texture": "#0"},
				"south": {"uv": [2.5, 3.5, 3.25, 3.625], "texture": "#0"},
				"west": {"uv": [8, 0, 8.125, 0.125], "texture": "#0"},
				"up": {"uv": [4.25, 2.625, 3.5, 2.5], "texture": "#0"},
				"down": {"uv": [4.25, 3, 3.5, 3.125], "texture": "#0"}
			}
		},
		{
			"from": [6.8, 1, 5.2],
			"to": [7, 1.2, 5.4],
			"faces": {
				"north": {"uv": [1, 8, 1.125, 8.125], "texture": "#0"},
				"east": {"uv": [8, 1, 8.125, 1.125], "texture": "#0"},
				"south": {"uv": [1.5, 8, 1.625, 8.125], "texture": "#0"},
				"west": {"uv": [8, 1.5, 8.125, 1.625], "texture": "#0"},
				"up": {"uv": [2.125, 8.125, 2, 8], "texture": "#0"},
				"down": {"uv": [8.125, 2, 8, 2.125], "texture": "#0"}
			}
		},
		{
			"from": [8.5, 1.2, 5.2],
			"to": [8.7, 1.4, 5.4],
			"faces": {
				"north": {"uv": [4, 8, 4.125, 8.125], "texture": "#0"},
				"east": {"uv": [8, 4, 8.125, 4.125], "texture": "#0"},
				"south": {"uv": [4.5, 8, 4.625, 8.125], "texture": "#0"},
				"west": {"uv": [8, 4.5, 8.125, 4.625], "texture": "#0"},
				"up": {"uv": [5.125, 8.125, 5, 8], "texture": "#0"},
				"down": {"uv": [8.125, 5, 8, 5.125], "texture": "#0"}
			}
		},
		{
			"from": [8.7, 0, 5.6],
			"to": [8.9, 1, 5.8],
			"faces": {
				"north": {"uv": [0.5, 5, 0.625, 5.5], "texture": "#0"},
				"east": {"uv": [5, 0.5, 5.125, 1], "texture": "#0"},
				"south": {"uv": [1, 5, 1.125, 5.5], "texture": "#0"},
				"west": {"uv": [5, 1, 5.125, 1.5], "texture": "#0"},
				"up": {"uv": [10.625, 3.125, 10.5, 3], "texture": "#0"},
				"down": {"uv": [3.625, 10.5, 3.5, 10.625], "texture": "#0"}
			}
		},
		{
			"from": [8.7, 0, 6.4],
			"to": [8.9, 1, 6.6],
			"faces": {
				"north": {"uv": [3.5, 5, 3.625, 5.5], "texture": "#0"},
				"east": {"uv": [5, 3.5, 5.125, 4], "texture": "#0"},
				"south": {"uv": [4, 5, 4.125, 5.5], "texture": "#0"},
				"west": {"uv": [5, 4, 5.125, 4.5], "texture": "#0"},
				"up": {"uv": [10.625, 8.625, 10.5, 8.5], "texture": "#0"},
				"down": {"uv": [9.125, 10.5, 9, 10.625], "texture": "#0"}
			}
		},
		{
			"from": [8.5, 0.2, 5.2],
			"to": [8.7, 1, 5.4],
			"faces": {
				"north": {"uv": [5.5, 4, 5.625, 4.375], "texture": "#0"},
				"east": {"uv": [4.5, 5.5, 4.625, 5.875], "texture": "#0"},
				"south": {"uv": [5.5, 4.5, 5.625, 4.875], "texture": "#0"},
				"west": {"uv": [5, 5.5, 5.125, 5.875], "texture": "#0"},
				"up": {"uv": [10.625, 8.125, 10.5, 8], "texture": "#0"},
				"down": {"uv": [8.625, 10.5, 8.5, 10.625], "texture": "#0"}
			}
		},
		{
			"from": [8.5, 0.2, 6.8],
			"to": [8.7, 1, 7],
			"faces": {
				"north": {"uv": [5.5, 3, 5.625, 3.375], "texture": "#0"},
				"east": {"uv": [3.5, 5.5, 3.625, 5.875], "texture": "#0"},
				"south": {"uv": [5.5, 3.5, 5.625, 3.875], "texture": "#0"},
				"west": {"uv": [4, 5.5, 4.125, 5.875], "texture": "#0"},
				"up": {"uv": [10.625, 7.125, 10.5, 7], "texture": "#0"},
				"down": {"uv": [7.625, 10.5, 7.5, 10.625], "texture": "#0"}
			}
		},
		{
			"from": [8.3, -0.8, 6.6],
			"to": [8.5, 0.2, 6.8],
			"faces": {
				"north": {"uv": [1.5, 5, 1.625, 5.5], "texture": "#0"},
				"east": {"uv": [5, 1.5, 5.125, 2], "texture": "#0"},
				"south": {"uv": [2, 5, 2.125, 5.5], "texture": "#0"},
				"west": {"uv": [5, 2, 5.125, 2.5], "texture": "#0"},
				"up": {"uv": [10.625, 3.625, 10.5, 3.5], "texture": "#0"},
				"down": {"uv": [4.125, 10.5, 4, 10.625], "texture": "#0"}
			}
		},
		{
			"from": [8.3, -0.8, 5.4],
			"to": [8.5, 0.2, 5.6],
			"faces": {
				"north": {"uv": [2.5, 5, 2.625, 5.5], "texture": "#0"},
				"east": {"uv": [5, 2.5, 5.125, 3], "texture": "#0"},
				"south": {"uv": [3, 5, 3.125, 5.5], "texture": "#0"},
				"west": {"uv": [5, 3, 5.125, 3.5], "texture": "#0"},
				"up": {"uv": [10.625, 7.625, 10.5, 7.5], "texture": "#0"},
				"down": {"uv": [8.125, 10.5, 8, 10.625], "texture": "#0"}
			}
		},
		{
			"from": [8.5, 1.2, 6.8],
			"to": [8.7, 1.4, 7],
			"rotation": {"angle": 0, "axis": "y", "origin": [0, 0, 16]},
			"faces": {
				"north": {"uv": [9, 10, 9.125, 10.125], "texture": "#0"},
				"east": {"uv": [10, 9, 10.125, 9.125], "texture": "#0"},
				"south": {"uv": [9.5, 10, 9.625, 10.125], "texture": "#0"},
				"west": {"uv": [10, 9.5, 10.125, 9.625], "texture": "#0"},
				"up": {"uv": [10.125, 10.125, 10, 10], "texture": "#0"},
				"down": {"uv": [0.125, 10.5, 0, 10.625], "texture": "#0"}
			}
		},
		{
			"from": [6.8, 1.2, 5.2],
			"to": [7, 1.4, 5.4],
			"rotation": {"angle": 0, "axis": "y", "origin": [16, 0, 0]},
			"faces": {
				"north": {"uv": [9.5, 2.5, 9.625, 2.625], "texture": "#0"},
				"east": {"uv": [3, 9.5, 3.125, 9.625], "texture": "#0"},
				"south": {"uv": [9.5, 3, 9.625, 3.125], "texture": "#0"},
				"west": {"uv": [3.5, 9.5, 3.625, 9.625], "texture": "#0"},
				"up": {"uv": [9.625, 3.625, 9.5, 3.5], "texture": "#0"},
				"down": {"uv": [4.125, 9.5, 4, 9.625], "texture": "#0"}
			}
		},
		{
			"from": [7.65, 1.2, 5.1],
			"to": [7.85, 1.5, 5.3],
			"rotation": {"angle": 0, "axis": "y", "origin": [16, 0, 0]},
			"faces": {
				"north": {"uv": [10.5, 4, 10.625, 4.125], "texture": "#0"},
				"east": {"uv": [4.5, 10.5, 4.625, 10.625], "texture": "#0"},
				"south": {"uv": [10.5, 4.5, 10.625, 4.625], "texture": "#0"},
				"west": {"uv": [5, 10.5, 5.125, 10.625], "texture": "#0"},
				"up": {"uv": [10.625, 5.125, 10.5, 5], "texture": "#0"},
				"down": {"uv": [5.625, 10.5, 5.5, 10.625], "texture": "#0"}
			}
		},
		{
			"from": [7.65, 1.2, 6.9],
			"to": [7.85, 1.5, 7.1],
			"rotation": {"angle": 0, "axis": "y", "origin": [16, 0, 0]},
			"faces": {
				"north": {"uv": [10.5, 5.5, 10.625, 5.625], "texture": "#0"},
				"east": {"uv": [6, 10.5, 6.125, 10.625], "texture": "#0"},
				"south": {"uv": [10.5, 6, 10.625, 6.125], "texture": "#0"},
				"west": {"uv": [6.5, 10.5, 6.625, 10.625], "texture": "#0"},
				"up": {"uv": [10.625, 6.625, 10.5, 6.5], "texture": "#0"},
				"down": {"uv": [7.125, 10.5, 7, 10.625], "texture": "#0"}
			}
		},
		{
			"from": [6.8, 1.2, 6.8],
			"to": [7, 1.4, 7],
			"rotation": {"angle": 0, "axis": "y", "origin": [16, 0, 16]},
			"faces": {
				"north": {"uv": [6, 10, 6.125, 10.125], "texture": "#0"},
				"east": {"uv": [10, 6, 10.125, 6.125], "texture": "#0"},
				"south": {"uv": [6.5, 10, 6.625, 10.125], "texture": "#0"},
				"west": {"uv": [10, 6.5, 10.125, 6.625], "texture": "#0"},
				"up": {"uv": [7.125, 10.125, 7, 10], "texture": "#0"},
				"down": {"uv": [10.125, 7, 10, 7.125], "texture": "#0"}
			}
		},
		{
			"from": [8.5, 1, 5.2],
			"to": [8.7, 1.2, 5.4],
			"faces": {
				"north": {"uv": [9.5, 1, 9.625, 1.125], "texture": "#0"},
				"east": {"uv": [1.5, 9.5, 1.625, 9.625], "texture": "#0"},
				"south": {"uv": [9.5, 1.5, 9.625, 1.625], "texture": "#0"},
				"west": {"uv": [2, 9.5, 2.125, 9.625], "texture": "#0"},
				"up": {"uv": [9.625, 2.125, 9.5, 2], "texture": "#0"},
				"down": {"uv": [2.625, 9.5, 2.5, 9.625], "texture": "#0"}
			}
		},
		{
			"from": [8.5, 1, 6.2],
			"to": [8.7, 1.2, 6.4],
			"faces": {
				"north": {"uv": [5.5, 8, 5.625, 8.125], "texture": "#0"},
				"east": {"uv": [8, 5.5, 8.125, 5.625], "texture": "#0"},
				"south": {"uv": [6, 8, 6.125, 8.125], "texture": "#0"},
				"west": {"uv": [8, 6, 8.125, 6.125], "texture": "#0"},
				"up": {"uv": [6.625, 8.125, 6.5, 8], "texture": "#0"},
				"down": {"uv": [8.125, 6.5, 8, 6.625], "texture": "#0"}
			}
		},
		{
			"from": [8.5, 1, 6.8],
			"to": [8.7, 1.2, 7],
			"faces": {
				"north": {"uv": [8.5, 0, 8.625, 0.125], "texture": "#0"},
				"east": {"uv": [0.5, 8.5, 0.625, 8.625], "texture": "#0"},
				"south": {"uv": [8.5, 0.5, 8.625, 0.625], "texture": "#0"},
				"west": {"uv": [1, 8.5, 1.125, 8.625], "texture": "#0"},
				"up": {"uv": [8.625, 1.125, 8.5, 1], "texture": "#0"},
				"down": {"uv": [1.625, 8.5, 1.5, 8.625], "texture": "#0"}
			}
		},
		{
			"from": [8.5, 1, 5.8],
			"to": [8.7, 1.2, 6],
			"faces": {
				"north": {"uv": [8.5, 3, 8.625, 3.125], "texture": "#0"},
				"east": {"uv": [3.5, 8.5, 3.625, 8.625], "texture": "#0"},
				"south": {"uv": [8.5, 3.5, 8.625, 3.625], "texture": "#0"},
				"west": {"uv": [4, 8.5, 4.125, 8.625], "texture": "#0"},
				"up": {"uv": [8.625, 4.125, 8.5, 4], "texture": "#0"},
				"down": {"uv": [4.625, 8.5, 4.5, 8.625], "texture": "#0"}
			}
		},
		{
			"from": [6.8, 1, 6.2],
			"to": [7, 1.2, 6.4],
			"faces": {
				"north": {"uv": [2.5, 8, 2.625, 8.125], "texture": "#0"},
				"east": {"uv": [8, 2.5, 8.125, 2.625], "texture": "#0"},
				"south": {"uv": [3, 8, 3.125, 8.125], "texture": "#0"},
				"west": {"uv": [8, 3, 8.125, 3.125], "texture": "#0"},
				"up": {"uv": [3.625, 8.125, 3.5, 8], "texture": "#0"},
				"down": {"uv": [8.125, 3.5, 8, 3.625], "texture": "#0"}
			}
		},
		{
			"from": [6.8, 1, 6.8],
			"to": [7, 1.2, 7],
			"faces": {
				"north": {"uv": [7, 8, 7.125, 8.125], "texture": "#0"},
				"east": {"uv": [8, 7, 8.125, 7.125], "texture": "#0"},
				"south": {"uv": [7.5, 8, 7.625, 8.125], "texture": "#0"},
				"west": {"uv": [8, 7.5, 8.125, 7.625], "texture": "#0"},
				"up": {"uv": [8.125, 8.125, 8, 8], "texture": "#0"},
				"down": {"uv": [0.125, 8.5, 0, 8.625], "texture": "#0"}
			}
		},
		{
			"from": [6.8, 1, 5.8],
			"to": [7, 1.2, 6],
			"faces": {
				"north": {"uv": [8.5, 1.5, 8.625, 1.625], "texture": "#0"},
				"east": {"uv": [2, 8.5, 2.125, 8.625], "texture": "#0"},
				"south": {"uv": [8.5, 2, 8.625, 2.125], "texture": "#0"},
				"west": {"uv": [2.5, 8.5, 2.625, 8.625], "texture": "#0"},
				"up": {"uv": [8.625, 2.625, 8.5, 2.5], "texture": "#0"},
				"down": {"uv": [3.125, 8.5, 3, 8.625], "texture": "#0"}
			}
		},
		{
			"from": [6.6, 1, 5.4],
			"to": [6.8, 1.2, 5.8],
			"faces": {
				"north": {"uv": [8.5, 4.5, 8.625, 4.625], "texture": "#0"},
				"east": {"uv": [5.5, 5, 5.75, 5.125], "texture": "#0"},
				"south": {"uv": [5, 8.5, 5.125, 8.625], "texture": "#0"},
				"west": {"uv": [5.5, 5.5, 5.75, 5.625], "texture": "#0"},
				"up": {"uv": [0.125, 6.25, 0, 6], "texture": "#0"},
				"down": {"uv": [6.125, 0, 6, 0.25], "texture": "#0"}
			}
		},
		{
			"from": [8.7, 1, 5.4],
			"to": [8.9, 1.2, 5.8],
			"faces": {
				"north": {"uv": [8.5, 6, 8.625, 6.125], "texture": "#0"},
				"east": {"uv": [2.5, 6, 2.75, 6.125], "texture": "#0"},
				"south": {"uv": [6.5, 8.5, 6.625, 8.625], "texture": "#0"},
				"west": {"uv": [6, 2.5, 6.25, 2.625], "texture": "#0"},
				"up": {"uv": [3.125, 6.25, 3, 6], "texture": "#0"},
				"down": {"uv": [6.125, 3, 6, 3.25], "texture": "#0"}
			}
		},
		{
			"from": [6.6, 1, 6.4],
			"to": [6.8, 1.2, 6.8],
			"faces": {
				"north": {"uv": [8.5, 5, 8.625, 5.125], "texture": "#0"},
				"east": {"uv": [0.5, 6, 0.75, 6.125], "texture": "#0"},
				"south": {"uv": [5.5, 8.5, 5.625, 8.625], "texture": "#0"},
				"west": {"uv": [6, 0.5, 6.25, 0.625], "texture": "#0"},
				"up": {"uv": [1.125, 6.25, 1, 6], "texture": "#0"},
				"down": {"uv": [6.125, 1, 6, 1.25], "texture": "#0"}
			}
		},
		{
			"from": [8.7, 1, 6.4],
			"to": [8.9, 1.2, 6.8],
			"faces": {
				"north": {"uv": [8.5, 5.5, 8.625, 5.625], "texture": "#0"},
				"east": {"uv": [1.5, 6, 1.75, 6.125], "texture": "#0"},
				"south": {"uv": [6, 8.5, 6.125, 8.625], "texture": "#0"},
				"west": {"uv": [6, 1.5, 6.25, 1.625], "texture": "#0"},
				"up": {"uv": [2.125, 6.25, 2, 6], "texture": "#0"},
				"down": {"uv": [6.125, 2, 6, 2.25], "texture": "#0"}
			}
		},
		{
			"from": [7.6, 1, 6.05],
			"to": [7.9, 10, 6.15],
			"faces": {
				"north": {"uv": [0, 0, 0.125, 4.5], "texture": "#0"},
				"east": {"uv": [0.5, 0, 0.625, 4.5], "texture": "#0"},
				"south": {"uv": [1, 0, 1.125, 4.5], "texture": "#0"},
				"west": {"uv": [1.5, 0, 1.625, 4.5], "texture": "#0"},
				"up": {"uv": [8.625, 6.625, 8.5, 6.5], "texture": "#0"},
				"down": {"uv": [7.125, 8.5, 7, 8.625], "texture": "#0"}
			}
		},
		{
			"from": [7.65, 10, 6.05],
			"to": [7.85, 10.1, 6.15],
			"faces": {
				"north": {"uv": [8.5, 7, 8.625, 7.125], "texture": "#0"},
				"east": {"uv": [7.5, 8.5, 7.625, 8.625], "texture": "#0"},
				"south": {"uv": [8.5, 7.5, 8.625, 7.625], "texture": "#0"},
				"west": {"uv": [8, 8.5, 8.125, 8.625], "texture": "#0"},
				"up": {"uv": [8.625, 8.125, 8.5, 8], "texture": "#0"},
				"down": {"uv": [8.625, 8.5, 8.5, 8.625], "texture": "#0"}
			}
		},
		{
			"from": [7.7, 10.1, 6.05],
			"to": [7.8, 10.15, 6.15],
			"faces": {
				"north": {"uv": [1.5, 9, 1.625, 9.125], "texture": "#0"},
				"east": {"uv": [9, 1.5, 9.125, 1.625], "texture": "#0"},
				"south": {"uv": [2, 9, 2.125, 9.125], "texture": "#0"},
				"west": {"uv": [9, 2, 9.125, 2.125], "texture": "#0"},
				"up": {"uv": [2.625, 9.125, 2.5, 9], "texture": "#0"},
				"down": {"uv": [9.125, 2.5, 9, 2.625], "texture": "#0"}
			}
		},
		{
			"from": [5.75, 0.95, 5.95],
			"to": [6.05, 1.25, 6.25],
			"rotation": {"angle": 45, "axis": "x", "origin": [5.75, 1.1, 6.1]},
			"faces": {
				"north": {"uv": [0, 9, 0.125, 9.125], "texture": "#0"},
				"east": {"uv": [9, 0, 9.125, 0.125], "texture": "#0"},
				"south": {"uv": [0.5, 9, 0.625, 9.125], "texture": "#0"},
				"west": {"uv": [9, 0.5, 9.125, 0.625], "texture": "#0"},
				"up": {"uv": [1.125, 9.125, 1, 9], "texture": "#0"},
				"down": {"uv": [9.125, 1, 9, 1.125], "texture": "#0"}
			}
		},
		{
			"from": [9.5, 0.95, 5.95],
			"to": [9.8, 1.25, 6.25],
			"rotation": {"angle": 45, "axis": "x", "origin": [5.75, 1.1, 6.1]},
			"faces": {
				"north": {"uv": [3, 9, 3.125, 9.125], "texture": "#0"},
				"east": {"uv": [9, 3, 9.125, 3.125], "texture": "#0"},
				"south": {"uv": [3.5, 9, 3.625, 9.125], "texture": "#0"},
				"west": {"uv": [9, 3.5, 9.125, 3.625], "texture": "#0"},
				"up": {"uv": [4.125, 9.125, 4, 9], "texture": "#0"},
				"down": {"uv": [9.125, 4, 9, 4.125], "texture": "#0"}
			}
		},
		{
			"from": [7.6, -1.5, 6],
			"to": [7.9, 1, 6.2],
			"faces": {
				"north": {"uv": [2, 2, 2.125, 3.25], "texture": "#0"},
				"east": {"uv": [2.5, 2, 2.625, 3.25], "texture": "#0"},
				"south": {"uv": [3, 2, 3.125, 3.25], "texture": "#0"},
				"west": {"uv": [2, 3.5, 2.125, 4.75], "texture": "#0"},
				"up": {"uv": [4.625, 9.125, 4.5, 9], "texture": "#0"},
				"down": {"uv": [9.125, 4.5, 9, 4.625], "texture": "#0"}
			}
		},
		{
			"from": [7.55, -1.9, 5.9],
			"to": [7.95, -1.5, 6.3],
			"faces": {
				"north": {"uv": [4, 1.5, 4.25, 1.75], "texture": "#0"},
				"east": {"uv": [0, 4.5, 0.25, 4.75], "texture": "#0"},
				"south": {"uv": [0.5, 4.5, 0.75, 4.75], "texture": "#0"},
				"west": {"uv": [1, 4.5, 1.25, 4.75], "texture": "#0"},
				"up": {"uv": [1.75, 4.75, 1.5, 4.5], "texture": "#0"},
				"down": {"uv": [4.75, 1.5, 4.5, 1.75], "texture": "#0"}
			}
		},
		{
			"from": [7.3, 2, 6],
			"to": [8.2, 2.2, 6.2],
			"faces": {
				"north": {"uv": [4.5, 2, 5, 2.125], "texture": "#0"},
				"east": {"uv": [5, 9, 5.125, 9.125], "texture": "#0"},
				"south": {"uv": [4.5, 2.5, 5, 2.625], "texture": "#0"},
				"west": {"uv": [9, 5, 9.125, 5.125], "texture": "#0"},
				"up": {"uv": [5, 3.125, 4.5, 3], "texture": "#0"},
				"down": {"uv": [5, 3.5, 4.5, 3.625], "texture": "#0"}
			}
		},
		{
			"from": [7.9, 1.8, 6],
			"to": [8.5, 2, 6.2],
			"faces": {
				"north": {"uv": [5.5, 6, 5.75, 6.125], "texture": "#0"},
				"east": {"uv": [7, 9, 7.125, 9.125], "texture": "#0"},
				"south": {"uv": [6, 5.5, 6.25, 5.625], "texture": "#0"},
				"west": {"uv": [9, 7, 9.125, 7.125], "texture": "#0"},
				"up": {"uv": [6.25, 6.125, 6, 6], "texture": "#0"},
				"down": {"uv": [0.25, 6.5, 0, 6.625], "texture": "#0"}
			}
		},
		{
			"from": [7, 1.8, 6],
			"to": [7.6, 2, 6.2],
			"rotation": {"angle": 0, "axis": "y", "origin": [16, 0, 0]},
			"faces": {
				"north": {"uv": [1.5, 7, 1.75, 7.125], "texture": "#0"},
				"east": {"uv": [9.5, 8, 9.625, 8.125], "texture": "#0"},
				"south": {"uv": [7, 1.5, 7.25, 1.625], "texture": "#0"},
				"west": {"uv": [8.5, 9.5, 8.625, 9.625], "texture": "#0"},
				"up": {"uv": [2.25, 7.125, 2, 7], "texture": "#0"},
				"down": {"uv": [7.25, 2, 7, 2.125], "texture": "#0"}
			}
		},
		{
			"from": [8.2, 1.6, 6],
			"to": [8.8, 1.8, 6.2],
			"faces": {
				"north": {"uv": [6.5, 0, 6.75, 0.125], "texture": "#0"},
				"east": {"uv": [7.5, 9, 7.625, 9.125], "texture": "#0"},
				"south": {"uv": [0.5, 6.5, 0.75, 6.625], "texture": "#0"},
				"west": {"uv": [9, 7.5, 9.125, 7.625], "texture": "#0"},
				"up": {"uv": [6.75, 0.625, 6.5, 0.5], "texture": "#0"},
				"down": {"uv": [1.25, 6.5, 1, 6.625], "texture": "#0"}
			}
		},
		{
			"from": [6.7, 1.6, 6],
			"to": [7.3, 1.8, 6.2],
			"rotation": {"angle": 0, "axis": "y", "origin": [16, 0, 0]},
			"faces": {
				"north": {"uv": [2.5, 7, 2.75, 7.125], "texture": "#0"},
				"east": {"uv": [9.5, 8.5, 9.625, 8.625], "texture": "#0"},
				"south": {"uv": [7, 2.5, 7.25, 2.625], "texture": "#0"},
				"west": {"uv": [9, 9.5, 9.125, 9.625], "texture": "#0"},
				"up": {"uv": [3.25, 7.125, 3, 7], "texture": "#0"},
				"down": {"uv": [7.25, 3, 7, 3.125], "texture": "#0"}
			}
		},
		{
			"from": [8.5, 1.4, 6],
			"to": [9, 1.6, 6.2],
			"faces": {
				"north": {"uv": [6.5, 1, 6.75, 1.125], "texture": "#0"},
				"east": {"uv": [8, 9, 8.125, 9.125], "texture": "#0"},
				"south": {"uv": [1.5, 6.5, 1.75, 6.625], "texture": "#0"},
				"west": {"uv": [9, 8, 9.125, 8.125], "texture": "#0"},
				"up": {"uv": [6.75, 1.625, 6.5, 1.5], "texture": "#0"},
				"down": {"uv": [2.25, 6.5, 2, 6.625], "texture": "#0"}
			}
		},
		{
			"from": [6.5, 1.4, 6],
			"to": [7, 1.6, 6.2],
			"rotation": {"angle": 0, "axis": "y", "origin": [16, 0, 0]},
			"faces": {
				"north": {"uv": [3.5, 7, 3.75, 7.125], "texture": "#0"},
				"east": {"uv": [9.5, 9, 9.625, 9.125], "texture": "#0"},
				"south": {"uv": [7, 3.5, 7.25, 3.625], "texture": "#0"},
				"west": {"uv": [9.5, 9.5, 9.625, 9.625], "texture": "#0"},
				"up": {"uv": [4.25, 7.125, 4, 7], "texture": "#0"},
				"down": {"uv": [7.25, 4, 7, 4.125], "texture": "#0"}
			}
		},
		{
			"from": [8.7, 1.2, 6],
			"to": [9.2, 1.4, 6.2],
			"faces": {
				"north": {"uv": [6.5, 2, 6.75, 2.125], "texture": "#0"},
				"east": {"uv": [8.5, 9, 8.625, 9.125], "texture": "#0"},
				"south": {"uv": [2.5, 6.5, 2.75, 6.625], "texture": "#0"},
				"west": {"uv": [9, 8.5, 9.125, 8.625], "texture": "#0"},
				"up": {"uv": [6.75, 2.625, 6.5, 2.5], "texture": "#0"},
				"down": {"uv": [3.25, 6.5, 3, 6.625], "texture": "#0"}
			}
		},
		{
			"from": [6.3, 1.2, 6],
			"to": [6.8, 1.4, 6.2],
			"rotation": {"angle": 0, "axis": "y", "origin": [16, 0, 0]},
			"faces": {
				"north": {"uv": [4.5, 7, 4.75, 7.125], "texture": "#0"},
				"east": {"uv": [0, 10, 0.125, 10.125], "texture": "#0"},
				"south": {"uv": [7, 4.5, 7.25, 4.625], "texture": "#0"},
				"west": {"uv": [10, 0, 10.125, 0.125], "texture": "#0"},
				"up": {"uv": [5.25, 7.125, 5, 7], "texture": "#0"},
				"down": {"uv": [7.25, 5, 7, 5.125], "texture": "#0"}
			}
		},
		{
			"from": [8.9, 0, 6],
			"to": [9.1, 1, 6.2],
			"faces": {
				"north": {"uv": [4.5, 4, 4.625, 4.5], "texture": "#0"},
				"east": {"uv": [4.5, 4.5, 4.625, 5], "texture": "#0"},
				"south": {"uv": [0, 5, 0.125, 5.5], "texture": "#0"},
				"west": {"uv": [5, 0, 5.125, 0.5], "texture": "#0"},
				"up": {"uv": [9.125, 9.125, 9, 9], "texture": "#0"},
				"down": {"uv": [0.125, 9.5, 0, 9.625], "texture": "#0"}
			}
		},
		{
			"from": [8.7, -1.2, 6],
			"to": [8.9, 0.2, 6.2],
			"faces": {
				"north": {"uv": [2.5, 4, 2.625, 4.75], "texture": "#0"},
				"east": {"uv": [3, 4, 3.125, 4.75], "texture": "#0"},
				"south": {"uv": [3.5, 4, 3.625, 4.75], "texture": "#0"},
				"west": {"uv": [4, 4, 4.125, 4.75], "texture": "#0"},
				"up": {"uv": [9.625, 0.125, 9.5, 0], "texture": "#0"},
				"down": {"uv": [0.625, 9.5, 0.5, 9.625], "texture": "#0"}
			}
		},
		{
			"from": [7.4, 2, 5.8],
			"to": [8.1, 2.2, 6],
			"faces": {
				"north": {"uv": [4.5, 5, 4.875, 5.125], "texture": "#0"},
				"east": {"uv": [5.5, 9, 5.625, 9.125], "texture": "#0"},
				"south": {"uv": [5, 4.5, 5.375, 4.625], "texture": "#0"},
				"west": {"uv": [9, 5.5, 9.125, 5.625], "texture": "#0"},
				"up": {"uv": [5.375, 5.125, 5, 5], "texture": "#0"},
				"down": {"uv": [0.375, 5.5, 0, 5.625], "texture": "#0"}
			}
		},
		{
			"from": [7.4, 2, 6.2],
			"to": [8.1, 2.2, 6.4],
			"rotation": {"angle": 0, "axis": "y", "origin": [0, 0, 16]},
			"faces": {
				"north": {"uv": [5.5, 1, 5.875, 1.125], "texture": "#0"},
				"east": {"uv": [7.5, 10, 7.625, 10.125], "texture": "#0"},
				"south": {"uv": [1.5, 5.5, 1.875, 5.625], "texture": "#0"},
				"west": {"uv": [10, 7.5, 10.125, 7.625], "texture": "#0"},
				"up": {"uv": [5.875, 1.625, 5.5, 1.5], "texture": "#0"},
				"down": {"uv": [2.375, 5.5, 2, 5.625], "texture": "#0"}
			}
		},
		{
			"from": [7.9, 1.8, 5.6],
			"to": [8.4, 2, 5.8],
			"faces": {
				"north": {"uv": [3.5, 6, 3.75, 6.125], "texture": "#0"},
				"east": {"uv": [6, 9, 6.125, 9.125], "texture": "#0"},
				"south": {"uv": [6, 3.5, 6.25, 3.625], "texture": "#0"},
				"west": {"uv": [9, 6, 9.125, 6.125], "texture": "#0"},
				"up": {"uv": [4.25, 6.125, 4, 6], "texture": "#0"},
				"down": {"uv": [6.25, 4, 6, 4.125], "texture": "#0"}
			}
		},
		{
			"from": [7.9, 1.8, 6.4],
			"to": [8.4, 2, 6.6],
			"rotation": {"angle": 0, "axis": "y", "origin": [0, 0, 16]},
			"faces": {
				"north": {"uv": [7.5, 3, 7.75, 3.125], "texture": "#0"},
				"east": {"uv": [8, 10, 8.125, 10.125], "texture": "#0"},
				"south": {"uv": [3.5, 7.5, 3.75, 7.625], "texture": "#0"},
				"west": {"uv": [10, 8, 10.125, 8.125], "texture": "#0"},
				"up": {"uv": [7.75, 3.625, 7.5, 3.5], "texture": "#0"},
				"down": {"uv": [4.25, 7.5, 4, 7.625], "texture": "#0"}
			}
		},
		{
			"from": [7.1, 1.8, 5.6],
			"to": [7.6, 2, 5.8],
			"rotation": {"angle": 0, "axis": "y", "origin": [16, 0, 0]},
			"faces": {
				"north": {"uv": [6.5, 6, 6.75, 6.125], "texture": "#0"},
				"east": {"uv": [9.5, 5, 9.625, 5.125], "texture": "#0"},
				"south": {"uv": [6.5, 6.5, 6.75, 6.625], "texture": "#0"},
				"west": {"uv": [5.5, 9.5, 5.625, 9.625], "texture": "#0"},
				"up": {"uv": [0.25, 7.125, 0, 7], "texture": "#0"},
				"down": {"uv": [7.25, 0, 7, 0.125], "texture": "#0"}
			}
		},
		{
			"from": [7.1, 1.8, 6.4],
			"to": [7.6, 2, 6.6],
			"rotation": {"angle": 0, "axis": "y", "origin": [16, 0, 16]},
			"faces": {
				"north": {"uv": [7.5, 2, 7.75, 2.125], "texture": "#0"},
				"east": {"uv": [5.5, 10, 5.625, 10.125], "texture": "#0"},
				"south": {"uv": [2.5, 7.5, 2.75, 7.625], "texture": "#0"},
				"west": {"uv": [10, 5.5, 10.125, 5.625], "texture": "#0"},
				"up": {"uv": [7.75, 2.625, 7.5, 2.5], "texture": "#0"},
				"down": {"uv": [3.25, 7.5, 3, 7.625], "texture": "#0"}
			}
		},
		{
			"from": [8.1, 1.6, 5.4],
			"to": [8.6, 1.8, 5.6],
			"faces": {
				"north": {"uv": [4.5, 6, 4.75, 6.125], "texture": "#0"},
				"east": {"uv": [6.5, 9, 6.625, 9.125], "texture": "#0"},
				"south": {"uv": [6, 4.5, 6.25, 4.625], "texture": "#0"},
				"west": {"uv": [9, 6.5, 9.125, 6.625], "texture": "#0"},
				"up": {"uv": [5.25, 6.125, 5, 6], "texture": "#0"},
				"down": {"uv": [6.25, 5, 6, 5.125], "texture": "#0"}
			}
		},
		{
			"from": [8.1, 1.6, 6.6],
			"to": [8.6, 1.8, 6.8],
			"rotation": {"angle": 0, "axis": "y", "origin": [0, 0, 16]},
			"faces": {
				"north": {"uv": [7.5, 6, 7.75, 6.125], "texture": "#0"},
				"east": {"uv": [10.5, 2.5, 10.625, 2.625], "texture": "#0"},
				"south": {"uv": [6.5, 7.5, 6.75, 7.625], "texture": "#0"},
				"west": {"uv": [3, 10.5, 3.125, 10.625], "texture": "#0"},
				"up": {"uv": [7.75, 6.625, 7.5, 6.5], "texture": "#0"},
				"down": {"uv": [7.25, 7.5, 7, 7.625], "texture": "#0"}
			}
		},
		{
			"from": [6.9, 1.6, 5.4],
			"to": [7.4, 1.8, 5.6],
			"rotation": {"angle": 0, "axis": "y", "origin": [16, 0, 0]},
			"faces": {
				"north": {"uv": [6.5, 5, 6.75, 5.125], "texture": "#0"},
				"east": {"uv": [9.5, 4.5, 9.625, 4.625], "texture": "#0"},
				"south": {"uv": [5.5, 6.5, 5.75, 6.625], "texture": "#0"},
				"west": {"uv": [5, 9.5, 5.125, 9.625], "texture": "#0"},
				"up": {"uv": [6.75, 5.625, 6.5, 5.5], "texture": "#0"},
				"down": {"uv": [6.25, 6.5, 6, 6.625], "texture": "#0"}
			}
		},
		{
			"from": [6.9, 1.6, 6.6],
			"to": [7.4, 1.8, 6.8],
			"rotation": {"angle": 0, "axis": "y", "origin": [16, 0, 16]},
			"faces": {
				"north": {"uv": [7.5, 1, 7.75, 1.125], "texture": "#0"},
				"east": {"uv": [5, 10, 5.125, 10.125], "texture": "#0"},
				"south": {"uv": [1.5, 7.5, 1.75, 7.625], "texture": "#0"},
				"west": {"uv": [10, 5, 10.125, 5.125], "texture": "#0"},
				"up": {"uv": [7.75, 1.625, 7.5, 1.5], "texture": "#0"},
				"down": {"uv": [2.25, 7.5, 2, 7.625], "texture": "#0"}
			}
		},
		{
			"from": [8.3, 1.4, 5.2],
			"to": [8.7, 1.6, 5.4],
			"faces": {
				"north": {"uv": [6.5, 3, 6.75, 3.125], "texture": "#0"},
				"east": {"uv": [9.5, 0.5, 9.625, 0.625], "texture": "#0"},
				"south": {"uv": [3.5, 6.5, 3.75, 6.625], "texture": "#0"},
				"west": {"uv": [1, 9.5, 1.125, 9.625], "texture": "#0"},
				"up": {"uv": [6.75, 3.625, 6.5, 3.5], "texture": "#0"},
				"down": {"uv": [4.25, 6.5, 4, 6.625], "texture": "#0"}
			}
		},
		{
			"from": [8.3, 1.4, 6.8],
			"to": [8.7, 1.6, 7],
			"rotation": {"angle": 0, "axis": "y", "origin": [0, 0, 16]},
			"faces": {
				"north": {"uv": [7.5, 4, 7.75, 4.125], "texture": "#0"},
				"east": {"uv": [10.5, 0, 10.625, 0.125], "texture": "#0"},
				"south": {"uv": [4.5, 7.5, 4.75, 7.625], "texture": "#0"},
				"west": {"uv": [0.5, 10.5, 0.625, 10.625], "texture": "#0"},
				"up": {"uv": [7.75, 4.625, 7.5, 4.5], "texture": "#0"},
				"down": {"uv": [5.25, 7.5, 5, 7.625], "texture": "#0"}
			}
		},
		{
			"from": [8.6, 1.4, 5.4],
			"to": [8.8, 1.6, 5.8],
			"faces": {
				"north": {"uv": [9.5, 6, 9.625, 6.125], "texture": "#0"},
				"east": {"uv": [0.5, 7, 0.75, 7.125], "texture": "#0"},
				"south": {"uv": [6.5, 9.5, 6.625, 9.625], "texture": "#0"},
				"west": {"uv": [7, 0.5, 7.25, 0.625], "texture": "#0"},
				"up": {"uv": [1.125, 7.25, 1, 7], "texture": "#0"},
				"down": {"uv": [7.125, 1, 7, 1.25], "texture": "#0"}
			}
		},
		{
			"from": [8.6, 1.4, 6.4],
			"to": [8.8, 1.6, 6.8],
			"rotation": {"angle": 0, "axis": "y", "origin": [0, 0, 16]},
			"faces": {
				"north": {"uv": [10.5, 0.5, 10.625, 0.625], "texture": "#0"},
				"east": {"uv": [7.5, 5, 7.75, 5.125], "texture": "#0"},
				"south": {"uv": [1, 10.5, 1.125, 10.625], "texture": "#0"},
				"west": {"uv": [5.5, 7.5, 5.75, 7.625], "texture": "#0"},
				"up": {"uv": [7.625, 5.75, 7.5, 5.5], "texture": "#0"},
				"down": {"uv": [6.125, 7.5, 6, 7.75], "texture": "#0"}
			}
		},
		{
			"from": [6.7, 1.4, 5.4],
			"to": [6.9, 1.6, 5.8],
			"faces": {
				"north": {"uv": [0.5, 10, 0.625, 10.125], "texture": "#0"},
				"east": {"uv": [5.5, 7, 5.75, 7.125], "texture": "#0"},
				"south": {"uv": [10, 0.5, 10.125, 0.625], "texture": "#0"},
				"west": {"uv": [7, 5.5, 7.25, 5.625], "texture": "#0"},
				"up": {"uv": [6.125, 7.25, 6, 7], "texture": "#0"},
				"down": {"uv": [7.125, 6, 7, 6.25], "texture": "#0"}
			}
		},
		{
			"from": [6.7, 1.4, 6.4],
			"to": [6.9, 1.6, 6.8],
			"rotation": {"angle": 0, "axis": "y", "origin": [0, 0, 16]},
			"faces": {
				"north": {"uv": [4, 10, 4.125, 10.125], "texture": "#0"},
				"east": {"uv": [6.5, 7, 6.75, 7.125], "texture": "#0"},
				"south": {"uv": [10, 4, 10.125, 4.125], "texture": "#0"},
				"west": {"uv": [7, 6.5, 7.25, 6.625], "texture": "#0"},
				"up": {"uv": [7.125, 7.25, 7, 7], "texture": "#0"},
				"down": {"uv": [0.125, 7.5, 0, 7.75], "texture": "#0"}
			}
		},
		{
			"from": [8.7, 1.4, 5.8],
			"to": [8.9, 1.6, 6],
			"faces": {
				"north": {"uv": [9.5, 6.5, 9.625, 6.625], "texture": "#0"},
				"east": {"uv": [7, 9.5, 7.125, 9.625], "texture": "#0"},
				"south": {"uv": [9.5, 7, 9.625, 7.125], "texture": "#0"},
				"west": {"uv": [7.5, 9.5, 7.625, 9.625], "texture": "#0"},
				"up": {"uv": [9.625, 7.625, 9.5, 7.5], "texture": "#0"},
				"down": {"uv": [8.125, 9.5, 8, 9.625], "texture": "#0"}
			}
		},
		{
			"from": [8.7, 1.4, 6.2],
			"to": [8.9, 1.6, 6.4],
			"rotation": {"angle": 0, "axis": "y", "origin": [0, 0, 16]},
			"faces": {
				"north": {"uv": [10.5, 1, 10.625, 1.125], "texture": "#0"},
				"east": {"uv": [1.5, 10.5, 1.625, 10.625], "texture": "#0"},
				"south": {"uv": [10.5, 1.5, 10.625, 1.625], "texture": "#0"},
				"west": {"uv": [2, 10.5, 2.125, 10.625], "texture": "#0"},
				"up": {"uv": [10.625, 2.125, 10.5, 2], "texture": "#0"},
				"down": {"uv": [2.625, 10.5, 2.5, 10.625], "texture": "#0"}
			}
		},
		{
			"from": [6.6, 1.4, 5.8],
			"to": [6.8, 1.6, 6],
			"faces": {
				"north": {"uv": [1, 10, 1.125, 10.125], "texture": "#0"},
				"east": {"uv": [10, 1, 10.125, 1.125], "texture": "#0"},
				"south": {"uv": [1.5, 10, 1.625, 10.125], "texture": "#0"},
				"west": {"uv": [10, 1.5, 10.125, 1.625], "texture": "#0"},
				"up": {"uv": [2.125, 10.125, 2, 10], "texture": "#0"},
				"down": {"uv": [10.125, 2, 10, 2.125], "texture": "#0"}
			}
		},
		{
			"from": [6.6, 1.4, 6.2],
			"to": [6.8, 1.6, 6.4],
			"rotation": {"angle": 0, "axis": "y", "origin": [0, 0, 16]},
			"faces": {
				"north": {"uv": [2.5, 10, 2.625, 10.125], "texture": "#0"},
				"east": {"uv": [10, 2.5, 10.125, 2.625], "texture": "#0"},
				"south": {"uv": [3, 10, 3.125, 10.125], "texture": "#0"},
				"west": {"uv": [10, 3, 10.125, 3.125], "texture": "#0"},
				"up": {"uv": [3.625, 10.125, 3.5, 10], "texture": "#0"},
				"down": {"uv": [10.125, 3.5, 10, 3.625], "texture": "#0"}
			}
		},
		{
			"from": [6.8, 1.4, 5.2],
			"to": [7.2, 1.6, 5.4],
			"rotation": {"angle": 0, "axis": "y", "origin": [16, 0, 0]},
			"faces": {
				"north": {"uv": [6.5, 4, 6.75, 4.125], "texture": "#0"},
				"east": {"uv": [9.5, 4, 9.625, 4.125], "texture": "#0"},
				"south": {"uv": [4.5, 6.5, 4.75, 6.625], "texture": "#0"},
				"west": {"uv": [4.5, 9.5, 4.625, 9.625], "texture": "#0"},
				"up": {"uv": [6.75, 4.625, 6.5, 4.5], "texture": "#0"},
				"down": {"uv": [5.25, 6.5, 5, 6.625], "texture": "#0"}
			}
		},
		{
			"from": [6.8, 1.4, 6.8],
			"to": [7.2, 1.6, 7],
			"rotation": {"angle": 0, "axis": "y", "origin": [16, 0, 16]},
			"faces": {
				"north": {"uv": [7.5, 0, 7.75, 0.125], "texture": "#0"},
				"east": {"uv": [4.5, 10, 4.625, 10.125], "texture": "#0"},
				"south": {"uv": [0.5, 7.5, 0.75, 7.625], "texture": "#0"},
				"west": {"uv": [10, 4.5, 10.125, 4.625], "texture": "#0"},
				"up": {"uv": [7.75, 0.625, 7.5, 0.5], "texture": "#0"},
				"down": {"uv": [1.25, 7.5, 1, 7.625], "texture": "#0"}
			}
		},
		{
			"from": [7.4, 1.5, 5.3],
			"to": [8.1, 1.7, 5.5],
			"rotation": {"angle": 0, "axis": "y", "origin": [16, 0, 0]},
			"faces": {
				"north": {"uv": [5.5, 0, 5.875, 0.125], "texture": "#0"},
				"east": {"uv": [9.5, 5.5, 9.625, 5.625], "texture": "#0"},
				"south": {"uv": [0.5, 5.5, 0.875, 5.625], "texture": "#0"},
				"west": {"uv": [6, 9.5, 6.125, 9.625], "texture": "#0"},
				"up": {"uv": [5.875, 0.625, 5.5, 0.5], "texture": "#0"},
				"down": {"uv": [1.375, 5.5, 1, 5.625], "texture": "#0"}
			}
		},
		{
			"from": [7.4, 1.5, 6.7],
			"to": [8.1, 1.7, 6.9],
			"rotation": {"angle": 0, "axis": "y", "origin": [16, 0, 16]},
			"faces": {
				"north": {"uv": [5.5, 2, 5.875, 2.125], "texture": "#0"},
				"east": {"uv": [8.5, 10, 8.625, 10.125], "texture": "#0"},
				"south": {"uv": [2.5, 5.5, 2.875, 5.625], "texture": "#0"},
				"west": {"uv": [10, 8.5, 10.125, 8.625], "texture": "#0"},
				"up": {"uv": [5.875, 2.625, 5.5, 2.5], "texture": "#0"},
				"down": {"uv": [3.375, 5.5, 3, 5.625], "texture": "#0"}
			}
		}
	],
	"gui_light": "front",
	"display": {
		"thirdperson_righthand": {
			"rotation": [0, 90, 0],
			"translation": [4, 14.5, 0.25],
			"scale": [2, 2, 2]
		},
		"thirdperson_lefthand": {
			"rotation": [0, -90, 0],
			"translation": [-3.5, 14.5, 0.5],
			"scale": [2, 2, 2]
		},
		"firstperson_righthand": {
			"rotation": [-18, 95, 0],
			"translation": [0, 11.75, 1.25],
			"scale": [1.3, 1.3, 1.3]
		},
		"firstperson_lefthand": {
			"rotation": [-18, 95, 0],
			"translation": [0, 11.75, 1.25],
			"scale": [1.3, 1.3, 1.3]
		},
		"ground": {
			"rotation": [26, 0, -180],
			"translation": [5, -5.5, 1.75],
			"scale": [2, 2, 2]
		},
		"gui": {
			"rotation": [12, 159, 45],
			"translation": [6.75, 6, 0],
			"scale": [2, 2, 2]
		},
		"fixed": {
			"rotation": [0, 0, 45],
			"translation": [-5.5, 6, 2.25],
			"scale": [2, 2, 2]
		}
	}
}