{
	"__comment": "Designed by Pashjn with Cubik Studio - https://cubik.studio",
	"textures": {
		"particle": "items/lazarusn",
		"texture": "items/lazarusn",
		"voxels_atlas": "items/lazarusn"
	},
	"elements": [ 	 
		{
			"__comment": "Voxels",
			"from": [ -10, 10.5, 8 ],
			"to": [ 12.5, 12, 9.5 ],
			"faces": {
				"down": { "uv": [ 0, 15.25, 5.625, 16 ], "texture": "#voxels_atlas", "cullface": "west" },
				"up": { "uv": [ 0, 15.25, 5.625, 14.5 ], "texture": "#voxels_atlas", "cullface": "west" },
				"north": { "uv": [ 5.625, 13.75, 0, 14.5 ], "texture": "#voxels_atlas", "cullface": "west" },
				"south": { "uv": [ 0, 13, 5.625, 13.75 ], "texture": "#voxels_atlas", "cullface": "west" },
				"west": { "uv": [ 6.125, 3.75, 6.5, 4.5 ], "texture": "#voxels_atlas", "cullface": "west" },
				"east": { "uv": [ 6.875, 3.75, 6.5, 4.5 ], "texture": "#voxels_atlas", "cullface": "west" }
			}
		},
		{
			"__comment": "Voxels",
			"from": [ -9.5, 10, 8 ],
			"to": [ -7.5, 10.5, 9.5 ],
			"faces": {
				"down": { "uv": [ 6.125, 6, 6.625, 6.75 ], "texture": "#voxels_atlas", "cullface": "west" },
				"north": { "uv": [ 15.625, 13, 15.125, 13.25 ], "texture": "#voxels_atlas", "cullface": "west" },
				"south": { "uv": [ 6.375, 0.75, 6.875, 1 ], "texture": "#voxels_atlas", "cullface": "west" },
				"west": { "uv": [ 9.75, 3.5, 10.125, 3.75 ], "texture": "#voxels_atlas", "cullface": "west" },
				"east": { "uv": [ 9.75, 3.5, 9.375, 3.75 ], "texture": "#voxels_atlas", "cullface": "west" }
			}
		},
		{
			"__comment": "Voxels",
			"from": [ -9.5, 12, 8 ],
			"to": [ -7.5, 12.5, 9.5 ],
			"faces": {
				"up": { "uv": [ 5, 10, 5.5, 9.25 ], "texture": "#voxels_atlas", "cullface": "west" },
				"north": { "uv": [ 15.125, 12.75, 14.625, 13 ], "texture": "#voxels_atlas", "cullface": "west" },
				"south": { "uv": [ 6.375, 1.5, 6.875, 1.75 ], "texture": "#voxels_atlas", "cullface": "west" },
				"west": { "uv": [ 9.75, 3.75, 10.125, 4 ], "texture": "#voxels_atlas", "cullface": "west" },
				"east": { "uv": [ 9.75, 3.75, 9.375, 4 ], "texture": "#voxels_atlas", "cullface": "west" }
			}
		},
		{
			"__comment": "Voxels",
			"from": [ -9, 9.5, 8 ],
			"to": [ -7.5, 10, 9.5 ],
			"faces": {
				"down": { "uv": [ 2.75, 2.5, 3.125, 3.25 ], "texture": "#voxels_atlas", "cullface": "west" },
				"north": { "uv": [ 10.125, 4, 9.75, 4.25 ], "texture": "#voxels_atlas", "cullface": "west" },
				"south": { "uv": [ 9.375, 4, 9.75, 4.25 ], "texture": "#voxels_atlas", "cullface": "west" },
				"west": { "uv": [ 9.75, 4.25, 10.125, 4.5 ], "texture": "#voxels_atlas", "cullface": "west" },
				"east": { "uv": [ 9.75, 4.25, 9.375, 4.5 ], "texture": "#voxels_atlas", "cullface": "west" }
			}
		},
		{
			"__comment": "Voxels",
			"from": [ -9, 12.5, 8 ],
			"to": [ -7.5, 13, 9.5 ],
			"faces": {
				"up": { "uv": [ 5.625, 3.75, 6, 3 ], "texture": "#voxels_atlas", "cullface": "west" },
				"north": { "uv": [ 9.75, 5, 9.375, 5.25 ], "texture": "#voxels_atlas", "cullface": "west" },
				"south": { "uv": [ 9.75, 4.5, 10.125, 4.75 ], "texture": "#voxels_atlas", "cullface": "west" },
				"west": { "uv": [ 9.375, 4.5, 9.75, 4.75 ], "texture": "#voxels_atlas", "cullface": "west" },
				"east": { "uv": [ 10.125, 4.75, 9.75, 5 ], "texture": "#voxels_atlas", "cullface": "west" }
			}
		},
		{
			"__comment": "Voxels",
			"from": [ -8.5, 9, 8 ],
			"to": [ -8, 9.5, 9.5 ],
			"faces": {
				"down": { "uv": [ 5.5, 1.75, 5.625, 2.5 ], "texture": "#voxels_atlas", "cullface": "west" },
				"north": { "uv": [ 6.75, 2.75, 6.625, 3 ], "texture": "#voxels_atlas", "cullface": "west" },
				"south": { "uv": [ 6.75, 5.25, 6.875, 5.5 ], "texture": "#voxels_atlas", "cullface": "west" },
				"west": { "uv": [ 9.375, 4.75, 9.75, 5 ], "texture": "#voxels_atlas", "cullface": "west" },
				"east": { "uv": [ 10.125, 5, 9.75, 5.25 ], "texture": "#voxels_atlas", "cullface": "west" }
			}
		},
		{
			"__comment": "Voxels",
			"from": [ -8.5, 13, 8 ],
			"to": [ -8, 13.5, 9.5 ],
			"faces": {
				"up": { "uv": [ 5.5, 4.75, 5.625, 4 ], "texture": "#voxels_atlas", "cullface": "west" },
				"north": { "uv": [ 6.75, 4.5, 6.625, 4.75 ], "texture": "#voxels_atlas", "cullface": "west" },
				"south": { "uv": [ 10.25, 9.25, 10.375, 9.5 ], "texture": "#voxels_atlas", "cullface": "west" },
				"west": { "uv": [ 9.75, 5.25, 10.125, 5.5 ], "texture": "#voxels_atlas", "cullface": "west" },
				"east": { "uv": [ 9.75, 5.25, 9.375, 5.5 ], "texture": "#voxels_atlas", "cullface": "west" }
			}
		},
		{
			"__comment": "Voxels",
			"from": [ -1, 10, 8 ],
			"to": [ 12.5, 10.5, 9.5 ],
			"faces": {
				"down": { "uv": [ 0, 5.5, 3.375, 6.25 ], "texture": "#voxels_atlas", "cullface": "west" },
				"north": { "uv": [ 10.25, 9.75, 6.875, 10 ], "texture": "#voxels_atlas", "cullface": "west" },
				"south": { "uv": [ 6.875, 10, 10.25, 10.25 ], "texture": "#voxels_atlas", "cullface": "west" },
				"west": { "uv": [ 9.75, 5.5, 10.125, 5.75 ], "texture": "#voxels_atlas", "cullface": "west" },
				"east": { "uv": [ 9.75, 5.5, 9.375, 5.75 ], "texture": "#voxels_atlas", "cullface": "west" }
			}
		},
		{
			"__comment": "Voxels",
			"from": [ -1, 12, 8 ],
			"to": [ 13.5, 12.5, 9.5 ],
			"faces": {
				"down": { "uv": [ 0, 10, 3.625, 10.75 ], "texture": "#voxels_atlas", "cullface": "west" },
				"up": { "uv": [ 0, 9.25, 3.625, 8.5 ], "texture": "#voxels_atlas", "cullface": "west" },
				"north": { "uv": [ 10.5, 11.75, 6.875, 12 ], "texture": "#voxels_atlas", "cullface": "west" },
				"south": { "uv": [ 6.875, 11.5, 10.5, 11.75 ], "texture": "#voxels_atlas", "cullface": "west" },
				"west": { "uv": [ 9.75, 5.75, 10.125, 6 ], "texture": "#voxels_atlas", "cullface": "west" },
				"east": { "uv": [ 9.75, 5.75, 9.375, 6 ], "texture": "#voxels_atlas", "cullface": "west" }
			}
		},
		{
			"__comment": "Voxels",
			"from": [ -0.5, 9.5, 8 ],
			"to": [ 12, 10, 9.5 ],
			"faces": {
				"down": { "uv": [ 0, 4.75, 3.125, 5.5 ], "texture": "#voxels_atlas", "cullface": "west" },
				"north": { "uv": [ 10, 8.5, 6.875, 8.75 ], "texture": "#voxels_atlas", "cullface": "west" },
				"south": { "uv": [ 6.875, 8.25, 10, 8.5 ], "texture": "#voxels_atlas", "cullface": "west" },
				"west": { "uv": [ 9.375, 6, 9.75, 6.25 ], "texture": "#voxels_atlas", "cullface": "west" },
				"east": { "uv": [ 10.125, 6.25, 9.75, 6.5 ], "texture": "#voxels_atlas", "cullface": "west" }
			}
		},
		{
			"__comment": "Voxels",
			"from": [ -0.5, 12.5, 8 ],
			"to": [ 14, 13, 9.5 ],
			"faces": {
				"down": { "uv": [ 0, 11.5, 3.625, 12.25 ], "texture": "#voxels_atlas", "cullface": "west" },
				"up": { "uv": [ 0, 13, 3.625, 12.25 ], "texture": "#voxels_atlas", "cullface": "west" },
				"north": { "uv": [ 14.125, 11.75, 10.5, 12 ], "texture": "#voxels_atlas", "cullface": "west" },
				"south": { "uv": [ 10.5, 11.5, 14.125, 11.75 ], "texture": "#voxels_atlas", "cullface": "west" },
				"west": { "uv": [ 9.375, 6.25, 9.75, 6.5 ], "texture": "#voxels_atlas", "cullface": "west" },
				"east": { "uv": [ 10.125, 6.5, 9.75, 6.75 ], "texture": "#voxels_atlas", "cullface": "west" }
			}
		},
		{
			"__comment": "Voxels",
			"from": [ 0, 8.5, 8 ],
			"to": [ 11, 9.5, 9.5 ],
			"faces": {
				"down": { "uv": [ 0, 3.25, 2.75, 4 ], "texture": "#voxels_atlas" },
				"north": { "uv": [ 15.625, 15, 12.875, 15.5 ], "texture": "#voxels_atlas" },
				"south": { "uv": [ 6.875, 14.5, 9.625, 15 ], "texture": "#voxels_atlas" },
				"west": { "uv": [ 6, 0.5, 6.375, 1 ], "texture": "#voxels_atlas", "cullface": "west" },
				"east": { "uv": [ 6.75, 1, 6.375, 1.5 ], "texture": "#voxels_atlas" }
			}
		},
		{
			"__comment": "Voxels",
			"from": [ 0, 13, 8 ],
			"to": [ 14.5, 14, 9.5 ],
			"faces": {
				"down": { "uv": [ 0, 9.25, 3.625, 10 ], "texture": "#voxels_atlas" },
				"up": { "uv": [ 0, 11.5, 3.625, 10.75 ], "texture": "#voxels_atlas" },
				"north": { "uv": [ 9.25, 15, 5.625, 15.5 ], "texture": "#voxels_atlas" },
				"south": { "uv": [ 9.25, 15, 12.875, 15.5 ], "texture": "#voxels_atlas" },
				"west": { "uv": [ 6, 1, 6.375, 1.5 ], "texture": "#voxels_atlas", "cullface": "west" },
				"east": { "uv": [ 6, 0, 5.625, 0.5 ], "texture": "#voxels_atlas" }
			}
		},
		{
			"__comment": "Voxels",
			"from": [ 0.5, 5, 8 ],
			"to": [ 6, 6, 9.5 ],
			"faces": {
				"down": { "uv": [ 3.625, 8.5, 5, 9.25 ], "texture": "#voxels_atlas" },
				"up": { "uv": [ 3.625, 10, 5, 9.25 ], "texture": "#voxels_atlas" },
				"north": { "uv": [ 16, 14.5, 14.625, 15 ], "texture": "#voxels_atlas" },
				"south": { "uv": [ 14.125, 15.5, 15.5, 16 ], "texture": "#voxels_atlas" },
				"west": { "uv": [ 6.375, 3.25, 6.75, 3.75 ], "texture": "#voxels_atlas" },
				"east": { "uv": [ 2.875, 0, 2.5, 0.5 ], "texture": "#voxels_atlas" }
			}
		},
		{
			"__comment": "Voxels",
			"from": [ 0.5, 6, 8 ],
			"to": [ 5.5, 8.5, 9.5 ],
			"faces": {
				"north": { "uv": [ 5.625, 0.5, 4.375, 1.75 ], "texture": "#voxels_atlas" },
				"south": { "uv": [ 5.625, 13.75, 6.875, 15 ], "texture": "#voxels_atlas" },
				"west": { "uv": [ 2.5, 0.5, 2.875, 1.75 ], "texture": "#voxels_atlas" },
				"east": { "uv": [ 6.75, 6.75, 6.375, 8 ], "texture": "#voxels_atlas" }
			}
		},
		{
			"__comment": "Voxels",
			"from": [ 0.5, 14, 8 ],
			"to": [ 14.5, 14.5, 9.5 ],
			"faces": {
				"up": { "uv": [ 0, 7.75, 3.5, 7 ], "texture": "#voxels_atlas" },
				"north": { "uv": [ 10.375, 11.25, 6.875, 11.5 ], "texture": "#voxels_atlas" },
				"south": { "uv": [ 6.875, 10.5, 10.375, 10.75 ], "texture": "#voxels_atlas" },
				"west": { "uv": [ 9.375, 6.5, 9.75, 6.75 ], "texture": "#voxels_atlas" },
				"east": { "uv": [ 10.125, 6.75, 9.75, 7 ], "texture": "#voxels_atlas" }
			}
		},
		{
			"__comment": "Voxels",
			"from": [ 0.5, 14.5, 8 ],
			"to": [ 8.5, 15, 9.5 ],
			"faces": {
				"up": { "uv": [ 3.625, 13, 5.625, 12.25 ], "texture": "#voxels_atlas" },
				"north": { "uv": [ 15.875, 11.25, 13.875, 11.5 ], "texture": "#voxels_atlas" },
				"south": { "uv": [ 10.375, 7.75, 12.375, 8 ], "texture": "#voxels_atlas" },
				"west": { "uv": [ 9.375, 6.75, 9.75, 7 ], "texture": "#voxels_atlas" },
				"east": { "uv": [ 10.125, 7, 9.75, 7.25 ], "texture": "#voxels_atlas" }
			}
		},
		{
			"__comment": "Voxels",
			"from": [ 0.5, 15, 8 ],
			"to": [ 6.5, 15.5, 9.5 ],
			"faces": {
				"up": { "uv": [ 3.625, 10.75, 5.125, 10 ], "texture": "#voxels_atlas" },
				"north": { "uv": [ 15.875, 12, 14.375, 12.25 ], "texture": "#voxels_atlas" },
				"south": { "uv": [ 14.375, 12.25, 15.875, 12.5 ], "texture": "#voxels_atlas" },
				"west": { "uv": [ 9.375, 7, 9.75, 7.25 ], "texture": "#voxels_atlas" },
				"east": { "uv": [ 10.125, 7.25, 9.75, 7.5 ], "texture": "#voxels_atlas" }
			}
		},
		{
			"__comment": "Voxels",
			"from": [ 0.5, 15.5, 8 ],
			"to": [ 5.5, 18, 9.5 ],
			"faces": {
				"up": { "uv": [ 5.625, 10.25, 6.875, 9.5 ], "texture": "#voxels_atlas", "cullface": "up" },
				"north": { "uv": [ 6.875, 12.5, 5.625, 13.75 ], "texture": "#voxels_atlas", "cullface": "up" },
				"south": { "uv": [ 3.125, 0.5, 4.375, 1.75 ], "texture": "#voxels_atlas", "cullface": "up" },
				"west": { "uv": [ 6, 6.75, 6.375, 8 ], "texture": "#voxels_atlas", "cullface": "up" },
				"east": { "uv": [ 6, 6.75, 5.625, 8 ], "texture": "#voxels_atlas", "cullface": "up" }
			}
		},
		{
			"__comment": "Voxels",
			"from": [ 1, 4.5, 8 ],
			"to": [ 6, 5, 9.5 ],
			"faces": {
				"down": { "uv": [ 5.625, 11.75, 6.875, 12.5 ], "texture": "#voxels_atlas" },
				"north": { "uv": [ 4.375, 0, 3.125, 0.25 ], "texture": "#voxels_atlas" },
				"south": { "uv": [ 3.125, 0.25, 4.375, 0.5 ], "texture": "#voxels_atlas" },
				"west": { "uv": [ 9.375, 7.5, 9.75, 7.75 ], "texture": "#voxels_atlas" },
				"east": { "uv": [ 10.125, 7.75, 9.75, 8 ], "texture": "#voxels_atlas" }
			}
		},
		{
			"__comment": "Voxels",
			"from": [ 1, 18, 8 ],
			"to": [ 6, 18.5, 9.5 ],
			"faces": {
				"down": { "uv": [ 3.375, 6.25, 4.625, 7 ], "texture": "#voxels_atlas", "cullface": "up" },
				"up": { "uv": [ 3.5, 7.75, 4.75, 7 ], "texture": "#voxels_atlas", "cullface": "up" },
				"north": { "uv": [ 5.625, 0.25, 4.375, 0.5 ], "texture": "#voxels_atlas", "cullface": "up" },
				"south": { "uv": [ 4.375, 0, 5.625, 0.25 ], "texture": "#voxels_atlas", "cullface": "up" },
				"west": { "uv": [ 9.375, 7.75, 9.75, 8 ], "texture": "#voxels_atlas", "cullface": "up" },
				"east": { "uv": [ 10.125, 8, 9.75, 8.25 ], "texture": "#voxels_atlas", "cullface": "up" }
			}
		},
		{
			"__comment": "Voxels",
			"from": [ 2, 4, 8 ],
			"to": [ 6, 4.5, 9.5 ],
			"faces": {
				"down": { "uv": [ 4.625, 5.5, 5.625, 6.25 ], "texture": "#voxels_atlas" },
				"north": { "uv": [ 6.625, 2.75, 5.625, 3 ], "texture": "#voxels_atlas" },
				"south": { "uv": [ 5.625, 2, 6.625, 2.25 ], "texture": "#voxels_atlas" },
				"west": { "uv": [ 10, 8.5, 10.375, 8.75 ], "texture": "#voxels_atlas" },
				"east": { "uv": [ 16, 11.5, 15.625, 11.75 ], "texture": "#voxels_atlas" }
			}
		},
		{
			"__comment": "Voxels",
			"from": [ 2, 18.5, 8 ],
			"to": [ 6, 19, 9.5 ],
			"faces": {
				"up": { "uv": [ 5.625, 9.5, 6.625, 8.75 ], "texture": "#voxels_atlas", "cullface": "up" },
				"north": { "uv": [ 6.625, 2.5, 5.625, 2.75 ], "texture": "#voxels_atlas", "cullface": "up" },
				"south": { "uv": [ 5.625, 2.25, 6.625, 2.5 ], "texture": "#voxels_atlas", "cullface": "up" },
				"west": { "uv": [ 15.25, 11.5, 15.625, 11.75 ], "texture": "#voxels_atlas", "cullface": "up" },
				"east": { "uv": [ 15.25, 11.5, 14.875, 11.75 ], "texture": "#voxels_atlas", "cullface": "up" }
			}
		},
		{
			"__comment": "Voxels",
			"from": [ 2.5, 3.5, 8 ],
			"to": [ 4.5, 4, 9.5 ],
			"faces": {
				"down": { "uv": [ 5.125, 10, 5.625, 10.75 ], "texture": "#voxels_atlas" },
				"north": { "uv": [ 15.125, 12.5, 14.625, 12.75 ], "texture": "#voxels_atlas" },
				"south": { "uv": [ 15.125, 12.75, 15.625, 13 ], "texture": "#voxels_atlas" },
				"west": { "uv": [ 14.5, 11.5, 14.875, 11.75 ], "texture": "#voxels_atlas" },
				"east": { "uv": [ 14.5, 11.5, 14.125, 11.75 ], "texture": "#voxels_atlas" }
			}
		},
		{
			"__comment": "Voxels",
			"from": [ 2.5, 19, 8 ],
			"to": [ 4.5, 19.5, 9.5 ],
			"faces": {
				"up": { "uv": [ 5.125, 11.5, 5.625, 10.75 ], "texture": "#voxels_atlas", "cullface": "up" },
				"north": { "uv": [ 6.875, 0.25, 6.375, 0.5 ], "texture": "#voxels_atlas", "cullface": "up" },
				"south": { "uv": [ 6.375, 0.5, 6.875, 0.75 ], "texture": "#voxels_atlas", "cullface": "up" },
				"west": { "uv": [ 14.5, 11.75, 14.875, 12 ], "texture": "#voxels_atlas", "cullface": "up" },
				"east": { "uv": [ 15.875, 12.5, 15.5, 12.75 ], "texture": "#voxels_atlas", "cullface": "up" }
			}
		},
		{
			"__comment": "Voxels",
			"from": [ 5.5, 7.5, 8 ],
			"to": [ 6.5, 8.5, 9.5 ],
			"faces": {
				"down": { "uv": [ 6.625, 8.75, 6.875, 9.5 ], "texture": "#voxels_atlas" },
				"north": { "uv": [ 3.125, 0, 2.875, 0.5 ], "texture": "#voxels_atlas" },
				"south": { "uv": [ 2.875, 0.5, 3.125, 1 ], "texture": "#voxels_atlas" },
				"east": { "uv": [ 15.875, 15.5, 15.5, 16 ], "texture": "#voxels_atlas" }
			}
		},
		{
			"__comment": "Voxels",
			"from": [ 5.5, 17, 8 ],
			"to": [ 6, 18, 9.5 ],
			"faces": {
				"down": { "uv": [ 5.5, 7, 5.625, 7.75 ], "texture": "#voxels_atlas", "cullface": "up" },
				"north": { "uv": [ 6.875, 5.5, 6.75, 6 ], "texture": "#voxels_atlas", "cullface": "up" },
				"south": { "uv": [ 6.75, 6.25, 6.875, 6.75 ], "texture": "#voxels_atlas", "cullface": "up" },
				"east": { "uv": [ 6, 0.5, 5.625, 1 ], "texture": "#voxels_atlas", "cullface": "up" }
			}
		},
		{
			"__comment": "Voxels",
			"from": [ 6.5, 8, 8 ],
			"to": [ 8.5, 8.5, 9.5 ],
			"faces": {
				"down": { "uv": [ 6.125, 5.25, 6.625, 6 ], "texture": "#voxels_atlas" },
				"north": { "uv": [ 6.875, 0, 6.375, 0.25 ], "texture": "#voxels_atlas" },
				"south": { "uv": [ 15.375, 13.25, 15.875, 13.5 ], "texture": "#voxels_atlas" },
				"east": { "uv": [ 6.375, 0.25, 6, 0.5 ], "texture": "#voxels_atlas" }
			}
		},
		{
			"__comment": "Voxels",
			"from": [ 11, 9, 8 ],
			"to": [ 11.5, 9.5, 9.5 ],
			"faces": {
				"down": { "uv": [ 5.5, 7.75, 5.625, 8.5 ], "texture": "#voxels_atlas" },
				"north": { "uv": [ 6.875, 3.5, 6.75, 3.75 ], "texture": "#voxels_atlas" },
				"south": { "uv": [ 6.625, 5, 6.75, 5.25 ], "texture": "#voxels_atlas" },
				"east": { "uv": [ 10.125, 3.25, 9.75, 3.5 ], "texture": "#voxels_atlas" }
			}
		},
		{
			"__comment": "Voxels",
			"from": [ 12, 9.5, 8.5 ],
			"to": [ 30, 10, 9 ],
			"faces": {
				"down": { "uv": [ 6.875, 13.75, 11.375, 14 ], "texture": "#voxels_atlas", "cullface": "east" },
				"up": { "uv": [ 11.375, 14, 15.875, 13.75 ], "texture": "#voxels_atlas", "cullface": "east" },
				"north": { "uv": [ 11.375, 13.5, 6.875, 13.75 ], "texture": "#voxels_atlas", "cullface": "east" },
				"south": { "uv": [ 11.375, 13.5, 15.875, 13.75 ], "texture": "#voxels_atlas", "cullface": "east" },
				"east": { "uv": [ 6.875, 2.5, 6.75, 2.75 ], "texture": "#voxels_atlas", "cullface": "east" }
			}
		},
		{
			"__comment": "Voxels",
			"from": [ 12.5, 10, 8.5 ],
			"to": [ 29.5, 11, 9 ],
			"faces": {
				"up": { "uv": [ 11.125, 13.5, 15.375, 13.25 ], "texture": "#voxels_atlas", "cullface": "east" },
				"north": { "uv": [ 9.875, 15.5, 5.625, 16 ], "texture": "#voxels_atlas", "cullface": "east" },
				"south": { "uv": [ 9.875, 15.5, 14.125, 16 ], "texture": "#voxels_atlas", "cullface": "east" },
				"west": { "uv": [ 6.75, 7, 6.875, 7.5 ], "texture": "#voxels_atlas", "cullface": "east" },
				"east": { "uv": [ 6.75, 6.25, 6.625, 6.75 ], "texture": "#voxels_atlas", "cullface": "east" }
			}
		},
		{
			"__comment": "Voxels",
			"from": [ 12.5, 11, 8.5 ],
			"to": [ 29, 11.5, 9 ],
			"faces": {
				"up": { "uv": [ 11.875, 14.5, 16, 14.25 ], "texture": "#voxels_atlas", "cullface": "east" },
				"north": { "uv": [ 15.125, 13, 11, 13.25 ], "texture": "#voxels_atlas", "cullface": "east" },
				"south": { "uv": [ 11.875, 14, 16, 14.25 ], "texture": "#voxels_atlas", "cullface": "east" },
				"east": { "uv": [ 10.25, 8.75, 10.125, 9 ], "texture": "#voxels_atlas", "cullface": "east" }
			}
		},
		{
			"__comment": "Voxels",
			"from": [ 12.5, 11.5, 8 ],
			"to": [ 13, 12, 9.5 ],
			"faces": {
				"down": { "uv": [ 5.5, 9.25, 5.625, 10 ], "texture": "#voxels_atlas" },
				"north": { "uv": [ 6.875, 8, 6.75, 8.25 ], "texture": "#voxels_atlas" },
				"south": { "uv": [ 15.875, 13.25, 16, 13.5 ], "texture": "#voxels_atlas" },
				"east": { "uv": [ 16, 13, 15.625, 13.25 ], "texture": "#voxels_atlas" }
			}
		},
		{
			"__comment": "Voxels",
			"from": [ 13, 11.5, 8.5 ],
			"to": [ 28.5, 12, 9 ],
			"faces": {
				"up": { "uv": [ 10.75, 12.75, 14.625, 12.5 ], "texture": "#voxels_atlas", "cullface": "east" },
				"north": { "uv": [ 10.75, 12.5, 6.875, 12.75 ], "texture": "#voxels_atlas", "cullface": "east" },
				"south": { "uv": [ 10.75, 12.75, 14.625, 13 ], "texture": "#voxels_atlas", "cullface": "east" },
				"east": { "uv": [ 16, 12, 15.875, 12.25 ], "texture": "#voxels_atlas", "cullface": "east" }
			}
		},
		{
			"__comment": "Voxels",
			"from": [ 13.5, 12, 8.5 ],
			"to": [ 28.5, 12.5, 9 ],
			"faces": {
				"up": { "uv": [ 10.625, 12.5, 14.375, 12.25 ], "texture": "#voxels_atlas", "cullface": "east" },
				"north": { "uv": [ 10.625, 12.25, 6.875, 12.5 ], "texture": "#voxels_atlas", "cullface": "east" },
				"south": { "uv": [ 10.625, 12, 14.375, 12.25 ], "texture": "#voxels_atlas", "cullface": "east" },
				"east": { "uv": [ 10.375, 9.75, 10.25, 10 ], "texture": "#voxels_atlas", "cullface": "east" }
			}
		},
		{
			"__comment": "Voxels",
			"from": [ 14, 12.5, 8.5 ],
			"to": [ 28, 13, 9 ],
			"faces": {
				"up": { "uv": [ 6.875, 11.25, 10.375, 11 ], "texture": "#voxels_atlas", "cullface": "east" },
				"north": { "uv": [ 10.375, 10.75, 6.875, 11 ], "texture": "#voxels_atlas", "cullface": "east" },
				"south": { "uv": [ 10.375, 11.25, 13.875, 11.5 ], "texture": "#voxels_atlas", "cullface": "east" },
				"east": { "uv": [ 6.75, 6, 6.625, 6.25 ], "texture": "#voxels_atlas", "cullface": "east" }
			}
		},
		{
			"__comment": "Voxels",
			"from": [ 14.5, 13, 8.5 ],
			"to": [ 27.5, 13.5, 9 ],
			"faces": {
				"up": { "uv": [ 6.875, 9.75, 10.125, 9.5 ], "texture": "#voxels_atlas", "cullface": "east" },
				"north": { "uv": [ 10.125, 9, 6.875, 9.25 ], "texture": "#voxels_atlas", "cullface": "east" },
				"south": { "uv": [ 6.875, 8.75, 10.125, 9 ], "texture": "#voxels_atlas", "cullface": "east" },
				"east": { "uv": [ 10.375, 8.75, 10.25, 9 ], "texture": "#voxels_atlas", "cullface": "east" }
			}
		},
		{
			"__comment": "Voxels",
			"from": [ 17, 13.5, 8 ],
			"to": [ 27, 14, 9.5 ],
			"faces": {
				"down": { "uv": [ 0, 1, 2.5, 1.75 ], "texture": "#voxels_atlas", "cullface": "east" },
				"up": { "uv": [ 3.125, 5.5, 5.625, 4.75 ], "texture": "#voxels_atlas", "cullface": "east" },
				"north": { "uv": [ 9.375, 0.5, 6.875, 0.75 ], "texture": "#voxels_atlas", "cullface": "east" },
				"south": { "uv": [ 6.875, 0.75, 9.375, 1 ], "texture": "#voxels_atlas", "cullface": "east" },
				"west": { "uv": [ 10, 8.25, 10.375, 8.5 ], "texture": "#voxels_atlas", "cullface": "east" },
				"east": { "uv": [ 9.75, 8, 9.375, 8.25 ], "texture": "#voxels_atlas", "cullface": "east" }
			}
		},
		{
			"__comment": "Voxels",
			"from": [ 17, 14, 8 ],
			"to": [ 26.5, 14.5, 9.5 ],
			"faces": {
				"up": { "uv": [ 3.125, 4.75, 5.5, 4 ], "texture": "#voxels_atlas", "cullface": "east" },
				"north": { "uv": [ 12.75, 9.75, 10.375, 10 ], "texture": "#voxels_atlas", "cullface": "east" },
				"south": { "uv": [ 12.75, 9.75, 15.125, 10 ], "texture": "#voxels_atlas", "cullface": "east" },
				"west": { "uv": [ 9.75, 7.5, 10.125, 7.75 ], "texture": "#voxels_atlas", "cullface": "east" },
				"east": { "uv": [ 9.75, 7.25, 9.375, 7.5 ], "texture": "#voxels_atlas", "cullface": "east" }
			}
		},
		{
			"__comment": "Voxels",
			"from": [ 17.5, 13, 8 ],
			"to": [ 27.5, 13.5, 8.5 ],
			"faces": {
				"down": { "uv": [ 6.875, 4.25, 9.375, 4.5 ], "texture": "#voxels_atlas", "cullface": "east" },
				"up": { "uv": [ 6.875, 4.75, 9.375, 4.5 ], "texture": "#voxels_atlas", "cullface": "east" },
				"north": { "uv": [ 9.375, 5.75, 6.875, 6 ], "texture": "#voxels_atlas", "cullface": "east" },
				"west": { "uv": [ 10.125, 9.25, 10.25, 9.5 ], "texture": "#voxels_atlas", "cullface": "east" },
				"east": { "uv": [ 10.375, 9.5, 10.25, 9.75 ], "texture": "#voxels_atlas", "cullface": "east" }
			}
		},
		{
			"__comment": "Voxels",
			"from": [ 17.5, 13, 9 ],
			"to": [ 27.5, 13.5, 9.5 ],
			"faces": {
				"down": { "uv": [ 6.875, 1.5, 9.375, 1.75 ], "texture": "#voxels_atlas", "cullface": "east" },
				"up": { "uv": [ 12.875, 10.75, 15.375, 10.5 ], "texture": "#voxels_atlas", "cullface": "east" },
				"south": { "uv": [ 6.875, 5.25, 9.375, 5.5 ], "texture": "#voxels_atlas", "cullface": "east" },
				"west": { "uv": [ 15.875, 12.25, 16, 12.5 ], "texture": "#voxels_atlas", "cullface": "east" },
				"east": { "uv": [ 6.875, 1, 6.75, 1.25 ], "texture": "#voxels_atlas", "cullface": "east" }
			}
		},
		{
			"__comment": "Voxels",
			"from": [ 18, 12.5, 8 ],
			"to": [ 28, 13, 8.5 ],
			"faces": {
				"down": { "uv": [ 6.875, 4, 9.375, 4.25 ], "texture": "#voxels_atlas", "cullface": "east" },
				"up": { "uv": [ 6.875, 4, 9.375, 3.75 ], "texture": "#voxels_atlas", "cullface": "east" },
				"north": { "uv": [ 9.375, 3, 6.875, 3.25 ], "texture": "#voxels_atlas", "cullface": "east" },
				"west": { "uv": [ 6.75, 1.25, 6.875, 1.5 ], "texture": "#voxels_atlas", "cullface": "east" },
				"east": { "uv": [ 6.875, 2, 6.75, 2.25 ], "texture": "#voxels_atlas", "cullface": "east" }
			}
		},
		{
			"__comment": "Voxels",
			"from": [ 18, 12.5, 9 ],
			"to": [ 28, 13, 9.5 ],
			"faces": {
				"down": { "uv": [ 6.875, 2.25, 9.375, 2.5 ], "texture": "#voxels_atlas", "cullface": "east" },
				"up": { "uv": [ 6.875, 2.25, 9.375, 2 ], "texture": "#voxels_atlas", "cullface": "east" },
				"south": { "uv": [ 6.875, 1, 9.375, 1.25 ], "texture": "#voxels_atlas", "cullface": "east" },
				"west": { "uv": [ 6.75, 5, 6.875, 5.25 ], "texture": "#voxels_atlas", "cullface": "east" },
				"east": { "uv": [ 6.875, 6, 6.75, 6.25 ], "texture": "#voxels_atlas", "cullface": "east" }
			}
		},
		{
			"__comment": "Voxels",
			"from": [ 18.5, 11.5, 8 ],
			"to": [ 28.5, 12.5, 8.5 ],
			"faces": {
				"down": { "uv": [ 6.875, 0, 9.375, 0.25 ], "texture": "#voxels_atlas", "cullface": "east" },
				"up": { "uv": [ 10.375, 11.25, 12.875, 11 ], "texture": "#voxels_atlas", "cullface": "east" },
				"north": { "uv": [ 14.625, 14.5, 12.125, 15 ], "texture": "#voxels_atlas", "cullface": "east" },
				"south": { "uv": [ 9.625, 14.5, 12.125, 15 ], "texture": "#voxels_atlas", "cullface": "east" },
				"west": { "uv": [ 15.875, 15.5, 16, 16 ], "texture": "#voxels_atlas", "cullface": "east" },
				"east": { "uv": [ 6.75, 5.5, 6.625, 6 ], "texture": "#voxels_atlas", "cullface": "east" }
			}
		},
		{
			"__comment": "Voxels",
			"from": [ 18.5, 11.5, 9 ],
			"to": [ 28.5, 12.5, 9.5 ],
			"faces": {
				"down": { "uv": [ 6.875, 3.25, 9.375, 3.5 ], "texture": "#voxels_atlas", "cullface": "east" },
				"up": { "uv": [ 6.875, 2, 9.375, 1.75 ], "texture": "#voxels_atlas", "cullface": "east" },
				"north": { "uv": [ 11.875, 14, 9.375, 14.5 ], "texture": "#voxels_atlas", "cullface": "east" },
				"south": { "uv": [ 6.875, 14, 9.375, 14.5 ], "texture": "#voxels_atlas", "cullface": "east" },
				"west": { "uv": [ 6.75, 8.25, 6.875, 8.75 ], "texture": "#voxels_atlas", "cullface": "east" },
				"east": { "uv": [ 6.875, 7.5, 6.75, 8 ], "texture": "#voxels_atlas", "cullface": "east" }
			}
		},
		{
			"__comment": "Voxels",
			"from": [ 19, 11, 8 ],
			"to": [ 29, 11.5, 8.5 ],
			"faces": {
				"down": { "uv": [ 6.875, 2.5, 9.375, 2.75 ], "texture": "#voxels_atlas", "cullface": "east" },
				"up": { "uv": [ 6.875, 3, 9.375, 2.75 ], "texture": "#voxels_atlas", "cullface": "east" },
				"north": { "uv": [ 9.375, 3.5, 6.875, 3.75 ], "texture": "#voxels_atlas", "cullface": "east" },
				"west": { "uv": [ 10.125, 9.5, 10.25, 9.75 ], "texture": "#voxels_atlas", "cullface": "east" },
				"east": { "uv": [ 6.75, 5.25, 6.625, 5.5 ], "texture": "#voxels_atlas", "cullface": "east" }
			}
		},
		{
			"__comment": "Voxels",
			"from": [ 19, 11, 9 ],
			"to": [ 29, 11.5, 9.5 ],
			"faces": {
				"down": { "uv": [ 6.875, 6, 9.375, 6.25 ], "texture": "#voxels_atlas", "cullface": "east" },
				"up": { "uv": [ 6.875, 5.25, 9.375, 5 ], "texture": "#voxels_atlas", "cullface": "east" },
				"south": { "uv": [ 6.875, 6.5, 9.375, 6.75 ], "texture": "#voxels_atlas", "cullface": "east" },
				"west": { "uv": [ 6.75, 2.75, 6.875, 3 ], "texture": "#voxels_atlas", "cullface": "east" },
				"east": { "uv": [ 10.25, 9, 10.125, 9.25 ], "texture": "#voxels_atlas", "cullface": "east" }
			}
		},
		{
			"__comment": "Voxels",
			"from": [ 19.5, 10.5, 8 ],
			"to": [ 29.5, 11, 8.5 ],
			"faces": {
				"down": { "uv": [ 6.875, 7.5, 9.375, 7.75 ], "texture": "#voxels_atlas", "cullface": "east" },
				"up": { "uv": [ 6.875, 8, 9.375, 7.75 ], "texture": "#voxels_atlas", "cullface": "east" },
				"north": { "uv": [ 9.375, 8, 6.875, 8.25 ], "texture": "#voxels_atlas", "cullface": "east" },
				"west": { "uv": [ 6.75, 4.5, 6.875, 4.75 ], "texture": "#voxels_atlas", "cullface": "east" },
				"east": { "uv": [ 6.875, 3.25, 6.75, 3.5 ], "texture": "#voxels_atlas", "cullface": "east" }
			}
		},
		{
			"__comment": "Voxels",
			"from": [ 19.5, 10.5, 9 ],
			"to": [ 29.5, 11, 9.5 ],
			"faces": {
				"down": { "uv": [ 12.875, 11, 15.375, 11.25 ], "texture": "#voxels_atlas", "cullface": "east" },
				"up": { "uv": [ 12.875, 11, 15.375, 10.75 ], "texture": "#voxels_atlas", "cullface": "east" },
				"south": { "uv": [ 6.875, 7.25, 9.375, 7.5 ], "texture": "#voxels_atlas", "cullface": "east" },
				"west": { "uv": [ 6.625, 2, 6.75, 2.25 ], "texture": "#voxels_atlas", "cullface": "east" },
				"east": { "uv": [ 16, 11.25, 15.875, 11.5 ], "texture": "#voxels_atlas", "cullface": "east" }
			}
		},
		{
			"__comment": "Voxels",
			"from": [ 20, 10, 8 ],
			"to": [ 29.5, 10.5, 8.5 ],
			"faces": {
				"down": { "uv": [ 10.375, 9.5, 12.75, 9.75 ], "texture": "#voxels_atlas", "cullface": "east" },
				"north": { "uv": [ 12.75, 8.25, 10.375, 8.5 ], "texture": "#voxels_atlas", "cullface": "east" },
				"west": { "uv": [ 10.25, 8, 10.375, 8.25 ], "texture": "#voxels_atlas", "cullface": "east" },
				"east": { "uv": [ 10.25, 7.75, 10.125, 8 ], "texture": "#voxels_atlas", "cullface": "east" }
			}
		},
		{
			"__comment": "Voxels",
			"from": [ 20, 10, 9 ],
			"to": [ 29.5, 10.5, 9.5 ],
			"faces": {
				"down": { "uv": [ 10.375, 9.25, 12.75, 9.5 ], "texture": "#voxels_atlas", "cullface": "east" },
				"south": { "uv": [ 10.375, 10.25, 12.75, 10.5 ], "texture": "#voxels_atlas", "cullface": "east" },
				"west": { "uv": [ 6.625, 4.75, 6.75, 5 ], "texture": "#voxels_atlas", "cullface": "east" },
				"east": { "uv": [ 6.875, 4.75, 6.75, 5 ], "texture": "#voxels_atlas", "cullface": "east" }
			}
		},
		{
			"__comment": "Voxels",
			"from": [ 20.5, 9, 8 ],
			"to": [ 30.5, 9.5, 9.5 ],
			"faces": {
				"down": { "uv": [ 0, 0.25, 2.5, 1 ], "texture": "#voxels_atlas", "cullface": "east" },
				"up": { "uv": [ 0, 2.5, 2.5, 1.75 ], "texture": "#voxels_atlas", "cullface": "east" },
				"north": { "uv": [ 9.375, 7, 6.875, 7.25 ], "texture": "#voxels_atlas", "cullface": "east" },
				"south": { "uv": [ 6.875, 6.75, 9.375, 7 ], "texture": "#voxels_atlas", "cullface": "east" },
				"west": { "uv": [ 9.375, 3, 9.75, 3.25 ], "texture": "#voxels_atlas", "cullface": "east" },
				"east": { "uv": [ 10.125, 3, 9.75, 3.25 ], "texture": "#voxels_atlas", "cullface": "east" }
			}
		},
		{
			"__comment": "Voxels",
			"from": [ 20.5, 9.5, 8 ],
			"to": [ 30, 10, 8.5 ],
			"faces": {
				"up": { "uv": [ 10.375, 9.25, 12.75, 9 ], "texture": "#voxels_atlas", "cullface": "east" },
				"north": { "uv": [ 15.125, 9, 12.75, 9.25 ], "texture": "#voxels_atlas", "cullface": "east" },
				"west": { "uv": [ 6.625, 2.25, 6.75, 2.5 ], "texture": "#voxels_atlas", "cullface": "east" },
				"east": { "uv": [ 6.875, 2.25, 6.75, 2.5 ], "texture": "#voxels_atlas", "cullface": "east" }
			}
		},
		{
			"__comment": "Voxels",
			"from": [ 20.5, 9.5, 9 ],
			"to": [ 30, 10, 9.5 ],
			"faces": {
				"up": { "uv": [ 12.75, 9, 15.125, 8.75 ], "texture": "#voxels_atlas", "cullface": "east" },
				"south": { "uv": [ 12.75, 8.5, 15.125, 8.75 ], "texture": "#voxels_atlas", "cullface": "east" },
				"west": { "uv": [ 15.875, 13.75, 16, 14 ], "texture": "#voxels_atlas", "cullface": "east" },
				"east": { "uv": [ 16, 13.5, 15.875, 13.75 ], "texture": "#voxels_atlas", "cullface": "east" }
			}
		},
		{
			"__comment": "Voxels",
			"from": [ 21, 8.5, 8 ],
			"to": [ 30.5, 9, 9.5 ],
			"faces": {
				"down": { "uv": [ 3.125, 2.5, 5.5, 3.25 ], "texture": "#voxels_atlas", "cullface": "east" },
				"north": { "uv": [ 12.75, 8, 10.375, 8.25 ], "texture": "#voxels_atlas", "cullface": "east" },
				"south": { "uv": [ 12.75, 8, 15.125, 8.25 ], "texture": "#voxels_atlas", "cullface": "east" },
				"west": { "uv": [ 15.125, 12.5, 15.5, 12.75 ], "texture": "#voxels_atlas", "cullface": "east" },
				"east": { "uv": [ 14.5, 11.75, 14.125, 12 ], "texture": "#voxels_atlas", "cullface": "east" }
			}
		},
		{
			"__comment": "Voxels",
			"from": [ 23, 14.5, 8 ],
			"to": [ 26, 15, 9.5 ],
			"faces": {
				"up": { "uv": [ 4.75, 7.75, 5.5, 7 ], "texture": "#voxels_atlas", "cullface": "east" },
				"north": { "uv": [ 6.375, 1.5, 5.625, 1.75 ], "texture": "#voxels_atlas", "cullface": "east" },
				"south": { "uv": [ 5.625, 1.75, 6.375, 2 ], "texture": "#voxels_atlas", "cullface": "east" },
				"west": { "uv": [ 14.875, 11.75, 15.25, 12 ], "texture": "#voxels_atlas", "cullface": "east" },
				"east": { "uv": [ 15.625, 11.75, 15.25, 12 ], "texture": "#voxels_atlas", "cullface": "east" }
			}
		},
		{
			"__comment": "Voxels",
			"from": [ 29, 8, 8 ],
			"to": [ 31, 8.5, 9.5 ],
			"faces": {
				"down": { "uv": [ 6.125, 4.5, 6.625, 5.25 ], "texture": "#voxels_atlas", "cullface": "east" },
				"up": { "uv": [ 5.625, 4.5, 6.125, 3.75 ], "texture": "#voxels_atlas", "cullface": "east" },
				"north": { "uv": [ 6.875, 1.75, 6.375, 2 ], "texture": "#voxels_atlas", "cullface": "east" },
				"south": { "uv": [ 6.375, 3, 6.875, 3.25 ], "texture": "#voxels_atlas", "cullface": "east" },
				"west": { "uv": [ 15.625, 11.75, 16, 12 ], "texture": "#voxels_atlas", "cullface": "east" },
				"east": { "uv": [ 10.125, 6, 9.75, 6.25 ], "texture": "#voxels_atlas", "cullface": "east" }
			}
		}
	],
	"display": {
		"thirdperson_righthand": {
			"rotation":  [ 0, -90, 90 ],
			"translation":  [ 0, 5.5652, 3.4782 ],
			"scale":  [ 0.6, 0.6, 0.6 ]
		},
		"thirdperson_lefthand": {
			"rotation":  [ 2, 90, -85 ],
			"translation":  [ 0, 5.5652, 3.4782 ],
			"scale":  [ 0.6, 0.6, 0.6 ]
		},
		"firstperson_righthand": {
			"rotation":  [ 0, -100, 75 ],
			"translation":  [ 2.7826, 4, 0.6956 ],
			"scale":  [ 0.4, 0.4, 0.4 ]
		},
		"firstperson_lefthand": {
			"rotation":  [ 0, 70, -75 ],
			"translation":  [ 2.7826, 4, 0.6956 ],
			"scale":  [ 0.4, 0.4, 0.4 ]
		},
		"gui": {
			"rotation":  [ 0, 0, 136 ],
			"translation":  [ 2.0869, 0, 0 ],
			"scale":  [ 0.5, 0.5, 0.5 ]
		},
		"ground": {
			"rotation":  [ 28, 20, -51 ],
			"scale":  [ 0.5, 0.5, 0.5 ]
		},
		"fixed": {
			"rotation":  [ 0, 0, 130 ],
			"translation":  [ 2, 0, 0 ],
			"scale":  [ 0.5, 0.5, 0.5 ]
		}
	}
}