{
	"__comment": "Designed by Pashjn with Cubik Studio - https://cubik.studio",
	"textures": {
		"particle": "items/seasononea",
		"texture": "items/seasononea",
		"voxels_atlas": "items/seasononea"
	},
	"elements": [ 	 
		{
			"__comment": "Voxels",
			"from": [ -9, 11.5, 8.5 ],
			"to": [ -2, 12, 9 ],
			"faces": {
				"down": { "uv": [ 7.25, 10.875, 9, 11 ], "texture": "#voxels_atlas" },
				"up": { "uv": [ 7.25, 11.75, 9, 11.625 ], "texture": "#voxels_atlas" },
				"north": { "uv": [ 9, 11.5, 7.25, 11.625 ], "texture": "#voxels_atlas" },
				"south": { "uv": [ 7.25, 11.375, 9, 11.5 ], "texture": "#voxels_atlas" },
				"west": { "uv": [ 10.125, 9, 10.25, 9.125 ], "texture": "#voxels_atlas" },
				"east": { "uv": [ 10.125, 8.875, 10, 9 ], "texture": "#voxels_atlas" }
			}
		},
		{
			"__comment": "Voxels",
			"from": [ -9, 12, 8.5 ],
			"to": [ -3, 12.5, 9 ],
			"faces": {
				"down": { "uv": [ 12.75, 14, 14.25, 14.125 ], "texture": "#voxels_atlas" },
				"up": { "uv": [ 14.25, 14.125, 15.75, 14 ], "texture": "#voxels_atlas" },
				"north": { "uv": [ 11, 13.875, 9.5, 14 ], "texture": "#voxels_atlas" },
				"south": { "uv": [ 11, 13.875, 12.5, 14 ], "texture": "#voxels_atlas" },
				"west": { "uv": [ 10.125, 8.375, 10.25, 8.5 ], "texture": "#voxels_atlas" },
				"east": { "uv": [ 10.125, 8.25, 10, 8.375 ], "texture": "#voxels_atlas" }
			}
		},
		{
			"__comment": "Voxels",
			"from": [ -9, 12.5, 8.5 ],
			"to": [ -3.5, 13, 9 ],
			"faces": {
				"down": { "uv": [ 10.25, 13.625, 11.625, 13.75 ], "texture": "#voxels_atlas" },
				"up": { "uv": [ 13, 13.75, 14.375, 13.625 ], "texture": "#voxels_atlas" },
				"north": { "uv": [ 11.625, 13.75, 10.25, 13.875 ], "texture": "#voxels_atlas" },
				"south": { "uv": [ 11.625, 13.5, 13, 13.625 ], "texture": "#voxels_atlas" },
				"west": { "uv": [ 15.875, 13.625, 16, 13.75 ], "texture": "#voxels_atlas" },
				"east": { "uv": [ 15.875, 13.375, 15.75, 13.5 ], "texture": "#voxels_atlas" }
			}
		},
		{
			"__comment": "Voxels",
			"from": [ -9, 13, 8.5 ],
			"to": [ -4, 13.5, 9 ],
			"faces": {
				"down": { "uv": [ 14.25, 13.5, 15.5, 13.625 ], "texture": "#voxels_atlas" },
				"up": { "uv": [ 13, 13.625, 14.25, 13.5 ], "texture": "#voxels_atlas" },
				"north": { "uv": [ 16, 14.25, 14.75, 14.375 ], "texture": "#voxels_atlas" },
				"south": { "uv": [ 14.75, 14.375, 16, 14.5 ], "texture": "#voxels_atlas" },
				"west": { "uv": [ 10.375, 8.375, 10.5, 8.5 ], "texture": "#voxels_atlas" },
				"east": { "uv": [ 10.625, 8.25, 10.5, 8.375 ], "texture": "#voxels_atlas" }
			}
		},
		{
			"__comment": "Voxels",
			"from": [ -9, 13.5, 8.5 ],
			"to": [ -4.5, 15, 9 ],
			"faces": {
				"down": { "uv": [ 6.125, 10.75, 7.25, 10.875 ], "texture": "#voxels_atlas" },
				"up": { "uv": [ 6.125, 11, 7.25, 10.875 ], "texture": "#voxels_atlas" },
				"north": { "uv": [ 1.125, 11, 0, 11.375 ], "texture": "#voxels_atlas" },
				"south": { "uv": [ 0, 11.375, 1.125, 11.75 ], "texture": "#voxels_atlas" },
				"west": { "uv": [ 1.625, 11.75, 1.75, 12.125 ], "texture": "#voxels_atlas" },
				"east": { "uv": [ 1.75, 8.25, 1.625, 8.625 ], "texture": "#voxels_atlas" }
			}
		},
		{
			"__comment": "Voxels",
			"from": [ -9, 15, 8.5 ],
			"to": [ -5, 16.5, 9 ],
			"faces": {
				"down": { "uv": [ 6.25, 11.75, 7.25, 11.875 ], "texture": "#voxels_atlas" },
				"up": { "uv": [ 6.25, 12, 7.25, 11.875 ], "texture": "#voxels_atlas" },
				"north": { "uv": [ 1, 9, 0, 9.375 ], "texture": "#voxels_atlas" },
				"south": { "uv": [ 1.75, 8.625, 2.75, 9 ], "texture": "#voxels_atlas" },
				"west": { "uv": [ 9.375, 8.25, 9.5, 8.625 ], "texture": "#voxels_atlas" },
				"east": { "uv": [ 10.25, 12.5, 10.125, 12.875 ], "texture": "#voxels_atlas" }
			}
		},
		{
			"__comment": "Voxels",
			"from": [ -9, 16.5, 8.5 ],
			"to": [ -5.5, 17.5, 9 ],
			"faces": {
				"down": { "uv": [ 6.375, 12.875, 7.25, 13 ], "texture": "#voxels_atlas" },
				"up": { "uv": [ 6.375, 12.5, 7.25, 12.375 ], "texture": "#voxels_atlas" },
				"north": { "uv": [ 8.125, 10.625, 7.25, 10.875 ], "texture": "#voxels_atlas" },
				"south": { "uv": [ 8.125, 10.625, 9, 10.875 ], "texture": "#voxels_atlas" },
				"west": { "uv": [ 10.125, 8, 10.25, 8.25 ], "texture": "#voxels_atlas" },
				"east": { "uv": [ 10.375, 8.25, 10.25, 8.5 ], "texture": "#voxels_atlas" }
			}
		},
		{
			"__comment": "Voxels",
			"from": [ -8.5, 8.5, 8.5 ],
			"to": [ 20.5, 9, 9 ],
			"faces": {
				"down": { "uv": [ 0, 14.375, 7.25, 14.5 ], "texture": "#voxels_atlas" },
				"up": { "uv": [ 0, 14.375, 7.25, 14.25 ], "texture": "#voxels_atlas" },
				"north": { "uv": [ 7.25, 13.75, 0, 13.875 ], "texture": "#voxels_atlas" },
				"south": { "uv": [ 0, 14.125, 7.25, 14.25 ], "texture": "#voxels_atlas" },
				"west": { "uv": [ 10.375, 8.125, 10.5, 8.25 ], "texture": "#voxels_atlas" },
				"east": { "uv": [ 10.75, 8.125, 10.625, 8.25 ], "texture": "#voxels_atlas" }
			}
		},
		{
			"__comment": "Voxels",
			"from": [ -8.5, 9, 8.5 ],
			"to": [ 15.5, 9.5, 9 ],
			"faces": {
				"down": { "uv": [ 9.625, 15.625, 15.625, 15.75 ], "texture": "#voxels_atlas" },
				"up": { "uv": [ 9.625, 15.875, 15.625, 15.75 ], "texture": "#voxels_atlas" },
				"north": { "uv": [ 15.625, 15.5, 9.625, 15.625 ], "texture": "#voxels_atlas" },
				"south": { "uv": [ 9.625, 15.875, 15.625, 16 ], "texture": "#voxels_atlas" },
				"west": { "uv": [ 10.625, 8, 10.75, 8.125 ], "texture": "#voxels_atlas" },
				"east": { "uv": [ 10.875, 13.125, 10.75, 13.25 ], "texture": "#voxels_atlas" }
			}
		},
		{
			"__comment": "Voxels",
			"from": [ -8.5, 9.5, 8.5 ],
			"to": [ 10.5, 10, 9 ],
			"faces": {
				"down": { "uv": [ 1.75, 13, 6.5, 13.125 ], "texture": "#voxels_atlas" },
				"up": { "uv": [ 9.625, 14.875, 14.375, 14.75 ], "texture": "#voxels_atlas" },
				"north": { "uv": [ 6.5, 13.125, 1.75, 13.25 ], "texture": "#voxels_atlas" },
				"south": { "uv": [ 9.625, 14.875, 14.375, 15 ], "texture": "#voxels_atlas" },
				"west": { "uv": [ 10.875, 13.125, 11, 13.25 ], "texture": "#voxels_atlas" },
				"east": { "uv": [ 11.375, 13.125, 11.25, 13.25 ], "texture": "#voxels_atlas" }
			}
		},
		{
			"__comment": "Voxels",
			"from": [ -8.5, 10, 8.5 ],
			"to": [ 6.5, 10.5, 9 ],
			"faces": {
				"down": { "uv": [ 7.25, 14.375, 11, 14.5 ], "texture": "#voxels_atlas" },
				"up": { "uv": [ 11, 14.5, 14.75, 14.375 ], "texture": "#voxels_atlas" },
				"north": { "uv": [ 11, 14.25, 7.25, 14.375 ], "texture": "#voxels_atlas" },
				"south": { "uv": [ 11, 14.25, 14.75, 14.375 ], "texture": "#voxels_atlas" },
				"west": { "uv": [ 11.375, 13.125, 11.5, 13.25 ], "texture": "#voxels_atlas" },
				"east": { "uv": [ 11.625, 13.125, 11.5, 13.25 ], "texture": "#voxels_atlas" }
			}
		},
		{
			"__comment": "Voxels",
			"from": [ -8.5, 10.5, 8.5 ],
			"to": [ 1.5, 11, 9 ],
			"faces": {
				"down": { "uv": [ 3.875, 9, 6.375, 9.125 ], "texture": "#voxels_atlas" },
				"up": { "uv": [ 3.875, 9.25, 6.375, 9.125 ], "texture": "#voxels_atlas" },
				"north": { "uv": [ 6.375, 9.375, 3.875, 9.5 ], "texture": "#voxels_atlas" },
				"south": { "uv": [ 3.875, 9.25, 6.375, 9.375 ], "texture": "#voxels_atlas" },
				"west": { "uv": [ 15.125, 13.125, 15.25, 13.25 ], "texture": "#voxels_atlas" },
				"east": { "uv": [ 15.125, 13.125, 15, 13.25 ], "texture": "#voxels_atlas" }
			}
		},
		{
			"__comment": "Voxels",
			"from": [ -8.5, 11, 8.5 ],
			"to": [ -0.5, 11.5, 9 ],
			"faces": {
				"down": { "uv": [ 7.25, 13.125, 9.25, 13.25 ], "texture": "#voxels_atlas" },
				"up": { "uv": [ 7.25, 13.125, 9.25, 13 ], "texture": "#voxels_atlas" },
				"north": { "uv": [ 9.25, 12.875, 7.25, 13 ], "texture": "#voxels_atlas" },
				"south": { "uv": [ 7.25, 12.75, 9.25, 12.875 ], "texture": "#voxels_atlas" },
				"west": { "uv": [ 14.625, 13.125, 14.75, 13.25 ], "texture": "#voxels_atlas" },
				"east": { "uv": [ 14.625, 13.125, 14.5, 13.25 ], "texture": "#voxels_atlas" }
			}
		},
		{
			"__comment": "Voxels",
			"from": [ -8.5, 17.5, 8.5 ],
			"to": [ -5.5, 18.5, 9 ],
			"faces": {
				"down": { "uv": [ 9.5, 11.625, 10.25, 11.75 ], "texture": "#voxels_atlas" },
				"up": { "uv": [ 6.5, 13.25, 7.25, 13.125 ], "texture": "#voxels_atlas" },
				"north": { "uv": [ 1.75, 8, 1, 8.25 ], "texture": "#voxels_atlas" },
				"south": { "uv": [ 9.5, 13.625, 10.25, 13.875 ], "texture": "#voxels_atlas" },
				"west": { "uv": [ 10.5, 8.625, 10.625, 8.875 ], "texture": "#voxels_atlas" },
				"east": { "uv": [ 10.5, 8.625, 10.375, 8.875 ], "texture": "#voxels_atlas" }
			}
		},
		{
			"__comment": "Voxels",
			"from": [ -8, 7, 8.5 ],
			"to": [ 31, 7.5, 9 ],
			"faces": {
				"down": { "uv": [ 0, 15.25, 9.75, 15.375 ], "texture": "#voxels_atlas" },
				"up": { "uv": [ 0, 15.5, 9.75, 15.375 ], "texture": "#voxels_atlas" },
				"north": { "uv": [ 9.75, 15.125, 0, 15.25 ], "texture": "#voxels_atlas" },
				"south": { "uv": [ 0, 15, 9.75, 15.125 ], "texture": "#voxels_atlas" },
				"west": { "uv": [ 10.5, 8.375, 10.625, 8.5 ], "texture": "#voxels_atlas" },
				"east": { "uv": [ 14, 13.125, 13.875, 13.25 ], "texture": "#voxels_atlas" }
			}
		},
		{
			"__comment": "Voxels",
			"from": [ -8, 7.5, 8.5 ],
			"to": [ 21, 8, 9 ],
			"faces": {
				"down": { "uv": [ 0, 14.5, 7.25, 14.625 ], "texture": "#voxels_atlas" },
				"up": { "uv": [ 0, 14.75, 7.25, 14.625 ], "texture": "#voxels_atlas" },
				"north": { "uv": [ 7.25, 13.875, 0, 14 ], "texture": "#voxels_atlas" },
				"south": { "uv": [ 0, 14, 7.25, 14.125 ], "texture": "#voxels_atlas" },
				"west": { "uv": [ 13.75, 13.125, 13.875, 13.25 ], "texture": "#voxels_atlas" },
				"east": { "uv": [ 13.75, 13.125, 13.625, 13.25 ], "texture": "#voxels_atlas" }
			}
		},
		{
			"__comment": "Voxels",
			"from": [ -8, 8, 8.5 ],
			"to": [ 20.5, 8.5, 9 ],
			"faces": {
				"down": { "uv": [ 0, 13.5, 7.125, 13.625 ], "texture": "#voxels_atlas" },
				"up": { "uv": [ 0, 13.5, 7.125, 13.375 ], "texture": "#voxels_atlas" },
				"north": { "uv": [ 7.125, 13.25, 0, 13.375 ], "texture": "#voxels_atlas" },
				"south": { "uv": [ 0, 13.625, 7.125, 13.75 ], "texture": "#voxels_atlas" },
				"west": { "uv": [ 13.5, 13.125, 13.625, 13.25 ], "texture": "#voxels_atlas" },
				"east": { "uv": [ 13.25, 13.125, 13.125, 13.25 ], "texture": "#voxels_atlas" }
			}
		},
		{
			"__comment": "Voxels",
			"from": [ -8, 18.5, 8.5 ],
			"to": [ -5.5, 19.5, 9 ],
			"faces": {
				"down": { "uv": [ 9.5, 11, 10.125, 11.125 ], "texture": "#voxels_atlas" },
				"up": { "uv": [ 8.875, 8.875, 9.5, 8.75 ], "texture": "#voxels_atlas" },
				"north": { "uv": [ 3.375, 8, 2.75, 8.25 ], "texture": "#voxels_atlas" },
				"south": { "uv": [ 6.25, 8, 6.875, 8.25 ], "texture": "#voxels_atlas" },
				"west": { "uv": [ 10.625, 8.875, 10.75, 9.125 ], "texture": "#voxels_atlas" },
				"east": { "uv": [ 10.5, 8.875, 10.375, 9.125 ], "texture": "#voxels_atlas" }
			}
		},
		{
			"__comment": "Voxels",
			"from": [ -7.5, 6, 8.5 ],
			"to": [ 31, 7, 9 ],
			"faces": {
				"down": { "uv": [ 0, 14.875, 9.625, 15 ], "texture": "#voxels_atlas" },
				"up": { "uv": [ 0, 14.875, 9.625, 14.75 ], "texture": "#voxels_atlas" },
				"north": { "uv": [ 9.625, 15.5, 0, 15.75 ], "texture": "#voxels_atlas" },
				"south": { "uv": [ 0, 15.75, 9.625, 16 ], "texture": "#voxels_atlas" },
				"west": { "uv": [ 10.625, 9.125, 10.75, 9.375 ], "texture": "#voxels_atlas" },
				"east": { "uv": [ 10.625, 9.125, 10.5, 9.375 ], "texture": "#voxels_atlas" }
			}
		},
		{
			"__comment": "Voxels",
			"from": [ -7.5, 19.5, 8.5 ],
			"to": [ -5.5, 20.5, 9 ],
			"faces": {
				"down": { "uv": [ 9.5, 10.125, 10, 10.25 ], "texture": "#voxels_atlas" },
				"up": { "uv": [ 9, 9.875, 9.5, 9.75 ], "texture": "#voxels_atlas" },
				"north": { "uv": [ 1.75, 9.375, 1.25, 9.625 ], "texture": "#voxels_atlas" },
				"south": { "uv": [ 3.375, 8, 3.875, 8.25 ], "texture": "#voxels_atlas" },
				"west": { "uv": [ 10.375, 9.125, 10.5, 9.375 ], "texture": "#voxels_atlas" },
				"east": { "uv": [ 10.75, 9.375, 10.625, 9.625 ], "texture": "#voxels_atlas" }
			}
		},
		{
			"__comment": "Voxels",
			"from": [ -7, 5, 8.5 ],
			"to": [ -3, 6, 9 ],
			"faces": {
				"down": { "uv": [ 6.25, 11, 7.25, 11.125 ], "texture": "#voxels_atlas" },
				"up": { "uv": [ 6.125, 10.75, 7.125, 10.625 ], "texture": "#voxels_atlas" },
				"north": { "uv": [ 1, 8, 0, 8.25 ], "texture": "#voxels_atlas" },
				"south": { "uv": [ 1.75, 8.375, 2.75, 8.625 ], "texture": "#voxels_atlas" },
				"west": { "uv": [ 10.5, 9.375, 10.625, 9.625 ], "texture": "#voxels_atlas" },
				"east": { "uv": [ 10.5, 9.375, 10.375, 9.625 ], "texture": "#voxels_atlas" }
			}
		},
		{
			"__comment": "Voxels",
			"from": [ -7, 20.5, 8.5 ],
			"to": [ -5, 21.5, 9 ],
			"faces": {
				"down": { "uv": [ 9, 11.5, 9.5, 11.625 ], "texture": "#voxels_atlas" },
				"up": { "uv": [ 9, 11.75, 9.5, 11.625 ], "texture": "#voxels_atlas" },
				"north": { "uv": [ 9.5, 10.625, 9, 10.875 ], "texture": "#voxels_atlas" },
				"south": { "uv": [ 8.875, 8, 9.375, 8.25 ], "texture": "#voxels_atlas" },
				"west": { "uv": [ 10.625, 9.625, 10.75, 9.875 ], "texture": "#voxels_atlas" },
				"east": { "uv": [ 10.625, 9.625, 10.5, 9.875 ], "texture": "#voxels_atlas" }
			}
		},
		{
			"__comment": "Voxels",
			"from": [ -6.5, 4.5, 8.5 ],
			"to": [ -4.5, 5, 9 ],
			"faces": {
				"down": { "uv": [ 9.5, 9.75, 10, 9.875 ], "texture": "#voxels_atlas" },
				"up": { "uv": [ 9.5, 10.125, 10, 10 ], "texture": "#voxels_atlas" },
				"north": { "uv": [ 9.5, 10, 9, 10.125 ], "texture": "#voxels_atlas" },
				"south": { "uv": [ 13.25, 13.375, 13.75, 13.5 ], "texture": "#voxels_atlas" },
				"west": { "uv": [ 10.5, 8, 10.625, 8.125 ], "texture": "#voxels_atlas" },
				"east": { "uv": [ 10.75, 8.25, 10.625, 8.375 ], "texture": "#voxels_atlas" }
			}
		},
		{
			"__comment": "Voxels",
			"from": [ -6.5, 21.5, 8.5 ],
			"to": [ -5, 22.5, 9 ],
			"faces": {
				"down": { "uv": [ 15.375, 13.375, 15.75, 13.5 ], "texture": "#voxels_atlas" },
				"up": { "uv": [ 10.375, 13.375, 10.75, 13.25 ], "texture": "#voxels_atlas" },
				"north": { "uv": [ 16, 15.75, 15.625, 16 ], "texture": "#voxels_atlas" },
				"south": { "uv": [ 15.625, 15.5, 16, 15.75 ], "texture": "#voxels_atlas" },
				"west": { "uv": [ 10.5, 9.875, 10.625, 10.125 ], "texture": "#voxels_atlas" },
				"east": { "uv": [ 10.5, 9.875, 10.375, 10.125 ], "texture": "#voxels_atlas" }
			}
		},
		{
			"__comment": "Voxels",
			"from": [ -6, 22.5, 8.5 ],
			"to": [ -5, 23, 9 ],
			"faces": {
				"down": { "uv": [ 10, 10, 10.25, 10.125 ], "texture": "#voxels_atlas" },
				"up": { "uv": [ 10, 10.25, 10.25, 10.125 ], "texture": "#voxels_atlas" },
				"north": { "uv": [ 10.25, 10.25, 10, 10.375 ], "texture": "#voxels_atlas" },
				"south": { "uv": [ 15.75, 14, 16, 14.125 ], "texture": "#voxels_atlas" },
				"west": { "uv": [ 10, 8.5, 10.125, 8.625 ], "texture": "#voxels_atlas" },
				"east": { "uv": [ 10.125, 8.625, 10, 8.75 ], "texture": "#voxels_atlas" }
			}
		},
		{
			"__comment": "Voxels",
			"from": [ -5.5, 20, 8.5 ],
			"to": [ -5, 20.5, 9 ],
			"faces": {
				"down": { "uv": [ 10.125, 8.75, 10.25, 8.875 ], "texture": "#voxels_atlas" },
				"up": { "uv": [ 10, 9.125, 10.125, 9 ], "texture": "#voxels_atlas" },
				"north": { "uv": [ 10.25, 9.125, 10.125, 9.25 ], "texture": "#voxels_atlas" },
				"south": { "uv": [ 10, 9.25, 10.125, 9.375 ], "texture": "#voxels_atlas" },
				"west": { "uv": [ 10.125, 9.375, 10.25, 9.5 ], "texture": "#voxels_atlas" },
				"east": { "uv": [ 10.125, 9.375, 10, 9.5 ], "texture": "#voxels_atlas" }
			}
		},
		{
			"__comment": "Voxels",
			"from": [ -5.5, 23, 8.5 ],
			"to": [ -5, 23.5, 9 ],
			"faces": {
				"down": { "uv": [ 10.125, 9.5, 10.25, 9.625 ], "texture": "#voxels_atlas" },
				"up": { "uv": [ 10.125, 10.625, 10.25, 10.5 ], "texture": "#voxels_atlas" },
				"north": { "uv": [ 10.25, 10.625, 10.125, 10.75 ], "texture": "#voxels_atlas" },
				"south": { "uv": [ 10.125, 11.25, 10.25, 11.375 ], "texture": "#voxels_atlas" },
				"west": { "uv": [ 9.375, 13.25, 9.5, 13.375 ], "texture": "#voxels_atlas" },
				"east": { "uv": [ 9.5, 13.375, 9.375, 13.5 ], "texture": "#voxels_atlas" }
			}
		},
		{
			"__comment": "Voxels",
			"from": [ -3, 5.5, 8.5 ],
			"to": [ 19.5, 6, 9 ],
			"faces": {
				"down": { "uv": [ 9.75, 15.25, 15.375, 15.375 ], "texture": "#voxels_atlas" },
				"up": { "uv": [ 9.75, 15.25, 15.375, 15.125 ], "texture": "#voxels_atlas" },
				"north": { "uv": [ 15.375, 15.375, 9.75, 15.5 ], "texture": "#voxels_atlas" },
				"south": { "uv": [ 9.75, 15, 15.375, 15.125 ], "texture": "#voxels_atlas" },
				"west": { "uv": [ 6.125, 8.25, 6.25, 8.375 ], "texture": "#voxels_atlas" },
				"east": { "uv": [ 6.25, 8.375, 6.125, 8.5 ], "texture": "#voxels_atlas" }
			}
		},
		{
			"__comment": "Voxels",
			"from": [ 2.5, 5, 8.5 ],
			"to": [ 19, 5.5, 9 ],
			"faces": {
				"down": { "uv": [ 11.375, 14.5, 15.5, 14.625 ], "texture": "#voxels_atlas" },
				"up": { "uv": [ 7.25, 14.75, 11.375, 14.625 ], "texture": "#voxels_atlas" },
				"north": { "uv": [ 11.375, 14.5, 7.25, 14.625 ], "texture": "#voxels_atlas" },
				"south": { "uv": [ 11.375, 14.625, 15.5, 14.75 ], "texture": "#voxels_atlas" },
				"west": { "uv": [ 7.125, 9, 7.25, 9.125 ], "texture": "#voxels_atlas" },
				"east": { "uv": [ 7.25, 9.125, 7.125, 9.25 ], "texture": "#voxels_atlas" }
			}
		},
		{
			"__comment": "Voxels",
			"from": [ 5.5, 4.5, 8.5 ],
			"to": [ 18.5, 5, 9 ],
			"faces": {
				"down": { "uv": [ 3.875, 9.5, 7.125, 9.625 ], "texture": "#voxels_atlas" },
				"up": { "uv": [ 3.875, 9.875, 7.125, 9.75 ], "texture": "#voxels_atlas" },
				"north": { "uv": [ 7.125, 9.875, 3.875, 10 ], "texture": "#voxels_atlas" },
				"south": { "uv": [ 3.875, 9.625, 7.125, 9.75 ], "texture": "#voxels_atlas" },
				"west": { "uv": [ 7.125, 9.5, 7.25, 9.625 ], "texture": "#voxels_atlas" },
				"east": { "uv": [ 7.25, 9.625, 7.125, 9.75 ], "texture": "#voxels_atlas" }
			}
		},
		{
			"__comment": "Voxels",
			"from": [ 9, 4, 8.5 ],
			"to": [ 18.5, 4.5, 9 ],
			"faces": {
				"down": { "uv": [ 3.875, 8.625, 6.25, 8.75 ], "texture": "#voxels_atlas" },
				"up": { "uv": [ 3.875, 8.875, 6.25, 8.75 ], "texture": "#voxels_atlas" },
				"north": { "uv": [ 6.25, 8.5, 3.875, 8.625 ], "texture": "#voxels_atlas" },
				"south": { "uv": [ 3.875, 8.875, 6.25, 9 ], "texture": "#voxels_atlas" },
				"west": { "uv": [ 7.125, 10, 7.25, 10.125 ], "texture": "#voxels_atlas" },
				"east": { "uv": [ 7.25, 10.125, 7.125, 10.25 ], "texture": "#voxels_atlas" }
			}
		},
		{
			"__comment": "Voxels",
			"from": [ 12, 7.5, 8 ],
			"to": [ 21, 8, 8.5 ],
			"faces": {
				"down": { "uv": [ 7.25, 14, 9.5, 14.125 ], "texture": "#voxels_atlas" },
				"up": { "uv": [ 7.25, 14, 9.5, 13.875 ], "texture": "#voxels_atlas" },
				"north": { "uv": [ 9.5, 14.125, 7.25, 14.25 ], "texture": "#voxels_atlas" },
				"south": { "uv": [ 3.875, 8.375, 6.125, 8.5 ], "texture": "#voxels_atlas" },
				"west": { "uv": [ 7.125, 10.25, 7.25, 10.375 ], "texture": "#voxels_atlas" },
				"east": { "uv": [ 7.25, 10.375, 7.125, 10.5 ], "texture": "#voxels_atlas" }
			}
		},
		{
			"__comment": "Voxels",
			"from": [ 12, 7.5, 9 ],
			"to": [ 21, 8, 9.5 ],
			"faces": {
				"down": { "uv": [ 7.25, 13.75, 9.5, 13.875 ], "texture": "#voxels_atlas" },
				"up": { "uv": [ 3.875, 8.375, 6.125, 8.25 ], "texture": "#voxels_atlas" },
				"north": { "uv": [ 6.125, 8.125, 3.875, 8.25 ], "texture": "#voxels_atlas" },
				"south": { "uv": [ 3.875, 8, 6.125, 8.125 ], "texture": "#voxels_atlas" },
				"west": { "uv": [ 7.125, 10.5, 7.25, 10.625 ], "texture": "#voxels_atlas" },
				"east": { "uv": [ 7.25, 10.625, 7.125, 10.75 ], "texture": "#voxels_atlas" }
			}
		},
		{
			"__comment": "Voxels",
			"from": [ 12, 8, 8 ],
			"to": [ 20.5, 9, 8.5 ],
			"faces": {
				"down": { "uv": [ 7.25, 13.625, 9.375, 13.75 ], "texture": "#voxels_atlas" },
				"up": { "uv": [ 7.25, 13.375, 9.375, 13.25 ], "texture": "#voxels_atlas" },
				"north": { "uv": [ 3.875, 9.75, 1.75, 10 ], "texture": "#voxels_atlas" },
				"south": { "uv": [ 1.75, 9.5, 3.875, 9.75 ], "texture": "#voxels_atlas" },
				"west": { "uv": [ 10, 8, 10.125, 8.25 ], "texture": "#voxels_atlas" },
				"east": { "uv": [ 9.5, 8, 9.375, 8.25 ], "texture": "#voxels_atlas" }
			}
		},
		{
			"__comment": "Voxels",
			"from": [ 12, 8, 9 ],
			"to": [ 20.5, 9, 9.5 ],
			"faces": {
				"down": { "uv": [ 7.25, 13.5, 9.375, 13.625 ], "texture": "#voxels_atlas" },
				"up": { "uv": [ 7.25, 13.5, 9.375, 13.375 ], "texture": "#voxels_atlas" },
				"north": { "uv": [ 3.875, 9.25, 1.75, 9.5 ], "texture": "#voxels_atlas" },
				"south": { "uv": [ 1.75, 9, 3.875, 9.25 ], "texture": "#voxels_atlas" },
				"west": { "uv": [ 1.625, 10, 1.75, 10.25 ], "texture": "#voxels_atlas" },
				"east": { "uv": [ 1.75, 10.25, 1.625, 10.5 ], "texture": "#voxels_atlas" }
			}
		},
		{
			"__comment": "Voxels",
			"from": [ 12.5, 3.5, 8.5 ],
			"to": [ 16, 4, 9 ],
			"faces": {
				"down": { "uv": [ 6.375, 12.5, 7.25, 12.625 ], "texture": "#voxels_atlas" },
				"up": { "uv": [ 6.375, 12.75, 7.25, 12.625 ], "texture": "#voxels_atlas" },
				"north": { "uv": [ 7.25, 12.25, 6.375, 12.375 ], "texture": "#voxels_atlas" },
				"south": { "uv": [ 6.375, 12.75, 7.25, 12.875 ], "texture": "#voxels_atlas" },
				"west": { "uv": [ 7.125, 13.5, 7.25, 13.625 ], "texture": "#voxels_atlas" },
				"east": { "uv": [ 7.25, 13.625, 7.125, 13.75 ], "texture": "#voxels_atlas" }
			}
		},
		{
			"__comment": "Voxels",
			"from": [ 12.5, 7, 8 ],
			"to": [ 31, 7.5, 8.5 ],
			"faces": {
				"down": { "uv": [ 1.75, 12.5, 6.375, 12.625 ], "texture": "#voxels_atlas" },
				"up": { "uv": [ 1.75, 12.25, 6.375, 12.125 ], "texture": "#voxels_atlas" },
				"north": { "uv": [ 6.375, 12.875, 1.75, 13 ], "texture": "#voxels_atlas" },
				"south": { "uv": [ 1.75, 12.75, 6.375, 12.875 ], "texture": "#voxels_atlas" },
				"west": { "uv": [ 14.375, 13.125, 14.5, 13.25 ], "texture": "#voxels_atlas" },
				"east": { "uv": [ 14.375, 13.125, 14.25, 13.25 ], "texture": "#voxels_atlas" }
			}
		},
		{
			"__comment": "Voxels",
			"from": [ 12.5, 7, 9 ],
			"to": [ 31, 7.5, 9.5 ],
			"faces": {
				"down": { "uv": [ 1.75, 12.625, 6.375, 12.75 ], "texture": "#voxels_atlas" },
				"up": { "uv": [ 1.75, 12.5, 6.375, 12.375 ], "texture": "#voxels_atlas" },
				"north": { "uv": [ 6.375, 12.25, 1.75, 12.375 ], "texture": "#voxels_atlas" },
				"south": { "uv": [ 1.75, 12, 6.375, 12.125 ], "texture": "#voxels_atlas" },
				"west": { "uv": [ 13, 13.125, 13.125, 13.25 ], "texture": "#voxels_atlas" },
				"east": { "uv": [ 12.625, 13.125, 12.5, 13.25 ], "texture": "#voxels_atlas" }
			}
		},
		{
			"__comment": "Voxels",
			"from": [ 13, 6.5, 8 ],
			"to": [ 31, 7, 8.5 ],
			"faces": {
				"down": { "uv": [ 1.75, 11, 6.25, 11.125 ], "texture": "#voxels_atlas" },
				"up": { "uv": [ 1.75, 11.25, 6.25, 11.125 ], "texture": "#voxels_atlas" },
				"north": { "uv": [ 6.25, 11.25, 1.75, 11.375 ], "texture": "#voxels_atlas" },
				"south": { "uv": [ 1.75, 11.375, 6.25, 11.5 ], "texture": "#voxels_atlas" },
				"west": { "uv": [ 12.125, 13.125, 12.25, 13.25 ], "texture": "#voxels_atlas" },
				"east": { "uv": [ 12.125, 13.125, 12, 13.25 ], "texture": "#voxels_atlas" }
			}
		},
		{
			"__comment": "Voxels",
			"from": [ 13, 6.5, 9 ],
			"to": [ 31, 7, 9.5 ],
			"faces": {
				"down": { "uv": [ 1.75, 11.625, 6.25, 11.75 ], "texture": "#voxels_atlas" },
				"up": { "uv": [ 1.75, 11.875, 6.25, 11.75 ], "texture": "#voxels_atlas" },
				"north": { "uv": [ 6.25, 11.875, 1.75, 12 ], "texture": "#voxels_atlas" },
				"south": { "uv": [ 1.75, 11.5, 6.25, 11.625 ], "texture": "#voxels_atlas" },
				"west": { "uv": [ 10.625, 8.5, 10.75, 8.625 ], "texture": "#voxels_atlas" },
				"east": { "uv": [ 10.625, 8.5, 10.5, 8.625 ], "texture": "#voxels_atlas" }
			}
		},
		{
			"__comment": "Voxels",
			"from": [ 13.5, 6, 8 ],
			"to": [ 31, 6.5, 8.5 ],
			"faces": {
				"down": { "uv": [ 1.75, 10, 6.125, 10.125 ], "texture": "#voxels_atlas" },
				"up": { "uv": [ 1.75, 10.625, 6.125, 10.5 ], "texture": "#voxels_atlas" },
				"north": { "uv": [ 6.125, 10.625, 1.75, 10.75 ], "texture": "#voxels_atlas" },
				"south": { "uv": [ 1.75, 10.75, 6.125, 10.875 ], "texture": "#voxels_atlas" },
				"west": { "uv": [ 10.625, 8.75, 10.75, 8.875 ], "texture": "#voxels_atlas" },
				"east": { "uv": [ 16, 13.375, 15.875, 13.5 ], "texture": "#voxels_atlas" }
			}
		},
		{
			"__comment": "Voxels",
			"from": [ 13.5, 6, 9 ],
			"to": [ 31, 6.5, 9.5 ],
			"faces": {
				"down": { "uv": [ 1.75, 10.875, 6.125, 11 ], "texture": "#voxels_atlas" },
				"up": { "uv": [ 1.75, 10.25, 6.125, 10.125 ], "texture": "#voxels_atlas" },
				"north": { "uv": [ 6.125, 10.375, 1.75, 10.5 ], "texture": "#voxels_atlas" },
				"south": { "uv": [ 1.75, 10.25, 6.125, 10.375 ], "texture": "#voxels_atlas" },
				"west": { "uv": [ 15.75, 13.75, 15.875, 13.875 ], "texture": "#voxels_atlas" },
				"east": { "uv": [ 10.25, 8.25, 10.125, 8.375 ], "texture": "#voxels_atlas" }
			}
		},
		{
			"__comment": "Voxels",
			"from": [ 13.5, 9, 8 ],
			"to": [ 15.5, 9.5, 8.5 ],
			"faces": {
				"down": { "uv": [ 9.5, 9.125, 10, 9.25 ], "texture": "#voxels_atlas" },
				"up": { "uv": [ 9.5, 8.625, 10, 8.5 ], "texture": "#voxels_atlas" },
				"north": { "uv": [ 10, 9.625, 9.5, 9.75 ], "texture": "#voxels_atlas" },
				"south": { "uv": [ 9.5, 9.5, 10, 9.625 ], "texture": "#voxels_atlas" },
				"west": { "uv": [ 7.125, 9.75, 7.25, 9.875 ], "texture": "#voxels_atlas" },
				"east": { "uv": [ 7.25, 9.875, 7.125, 10 ], "texture": "#voxels_atlas" }
			}
		},
		{
			"__comment": "Voxels",
			"from": [ 13.5, 9, 9 ],
			"to": [ 15.5, 9.5, 9.5 ],
			"faces": {
				"down": { "uv": [ 9.5, 8.375, 10, 8.5 ], "texture": "#voxels_atlas" },
				"up": { "uv": [ 10.25, 13.5, 10.75, 13.375 ], "texture": "#voxels_atlas" },
				"north": { "uv": [ 14.25, 13.375, 13.75, 13.5 ], "texture": "#voxels_atlas" },
				"south": { "uv": [ 12.25, 13.375, 12.75, 13.5 ], "texture": "#voxels_atlas" },
				"west": { "uv": [ 10.125, 8.875, 10.25, 9 ], "texture": "#voxels_atlas" },
				"east": { "uv": [ 10.125, 8.75, 10, 8.875 ], "texture": "#voxels_atlas" }
			}
		},
		{
			"__comment": "Voxels",
			"from": [ 14, 5.5, 8 ],
			"to": [ 19.5, 6, 8.5 ],
			"faces": {
				"down": { "uv": [ 11.625, 13.625, 13, 13.75 ], "texture": "#voxels_atlas" },
				"up": { "uv": [ 12.5, 14, 13.875, 13.875 ], "texture": "#voxels_atlas" },
				"north": { "uv": [ 14.375, 13.75, 13, 13.875 ], "texture": "#voxels_atlas" },
				"south": { "uv": [ 11.625, 13.75, 13, 13.875 ], "texture": "#voxels_atlas" },
				"west": { "uv": [ 10.125, 10.75, 10.25, 10.875 ], "texture": "#voxels_atlas" },
				"east": { "uv": [ 10.25, 10.375, 10.125, 10.5 ], "texture": "#voxels_atlas" }
			}
		},
		{
			"__comment": "Voxels",
			"from": [ 14, 5.5, 9 ],
			"to": [ 19.5, 6, 9.5 ],
			"faces": {
				"down": { "uv": [ 14.375, 13.75, 15.75, 13.875 ], "texture": "#voxels_atlas" },
				"up": { "uv": [ 13.875, 14, 15.25, 13.875 ], "texture": "#voxels_atlas" },
				"north": { "uv": [ 11.625, 13.5, 10.25, 13.625 ], "texture": "#voxels_atlas" },
				"south": { "uv": [ 14.375, 13.625, 15.75, 13.75 ], "texture": "#voxels_atlas" },
				"west": { "uv": [ 12.25, 13.125, 12.375, 13.25 ], "texture": "#voxels_atlas" },
				"east": { "uv": [ 7.25, 9.25, 7.125, 9.375 ], "texture": "#voxels_atlas" }
			}
		},
		{
			"__comment": "Voxels",
			"from": [ 14, 8, 7.5 ],
			"to": [ 20.5, 9, 8 ],
			"faces": {
				"down": { "uv": [ 14.375, 14.75, 16, 14.875 ], "texture": "#voxels_atlas" },
				"up": { "uv": [ 9.5, 14.25, 11.125, 14.125 ], "texture": "#voxels_atlas" },
				"north": { "uv": [ 1.625, 10.75, 0, 11 ], "texture": "#voxels_atlas" },
				"south": { "uv": [ 0, 10.25, 1.625, 10.5 ], "texture": "#voxels_atlas" },
				"west": { "uv": [ 10.25, 8, 10.375, 8.25 ], "texture": "#voxels_atlas" },
				"east": { "uv": [ 10.625, 8.875, 10.5, 9.125 ], "texture": "#voxels_atlas" }
			}
		},
		{
			"__comment": "Voxels",
			"from": [ 14, 8, 9.5 ],
			"to": [ 20.5, 9, 10 ],
			"faces": {
				"down": { "uv": [ 14.375, 14.125, 16, 14.25 ], "texture": "#voxels_atlas" },
				"up": { "uv": [ 12.75, 14.25, 14.375, 14.125 ], "texture": "#voxels_atlas" },
				"north": { "uv": [ 1.625, 10.5, 0, 10.75 ], "texture": "#voxels_atlas" },
				"south": { "uv": [ 0, 10, 1.625, 10.25 ], "texture": "#voxels_atlas" },
				"west": { "uv": [ 10.375, 9.625, 10.5, 9.875 ], "texture": "#voxels_atlas" },
				"east": { "uv": [ 10.75, 9.875, 10.625, 10.125 ], "texture": "#voxels_atlas" }
			}
		},
		{
			"__comment": "Voxels",
			"from": [ 14, 9, 7.5 ],
			"to": [ 15.5, 9.5, 8 ],
			"faces": {
				"down": { "uv": [ 10.75, 13.25, 11.125, 13.375 ], "texture": "#voxels_atlas" },
				"up": { "uv": [ 11.125, 13.375, 11.5, 13.25 ], "texture": "#voxels_atlas" },
				"north": { "uv": [ 11.875, 13.25, 11.5, 13.375 ], "texture": "#voxels_atlas" },
				"south": { "uv": [ 11.875, 13.25, 12.25, 13.375 ], "texture": "#voxels_atlas" },
				"west": { "uv": [ 10.375, 8.25, 10.5, 8.375 ], "texture": "#voxels_atlas" },
				"east": { "uv": [ 10.75, 8.375, 10.625, 8.5 ], "texture": "#voxels_atlas" }
			}
		},
		{
			"__comment": "Voxels",
			"from": [ 14, 9, 9.5 ],
			"to": [ 15.5, 9.5, 10 ],
			"faces": {
				"down": { "uv": [ 12.25, 13.25, 12.625, 13.375 ], "texture": "#voxels_atlas" },
				"up": { "uv": [ 12.625, 13.375, 13, 13.25 ], "texture": "#voxels_atlas" },
				"north": { "uv": [ 13.375, 13.25, 13, 13.375 ], "texture": "#voxels_atlas" },
				"south": { "uv": [ 13.375, 13.25, 13.75, 13.375 ], "texture": "#voxels_atlas" },
				"west": { "uv": [ 10.375, 8.5, 10.5, 8.625 ], "texture": "#voxels_atlas" },
				"east": { "uv": [ 16, 13.75, 15.875, 13.875 ], "texture": "#voxels_atlas" }
			}
		},
		{
			"__comment": "Voxels",
			"from": [ 14.5, 7.5, 7.5 ],
			"to": [ 21, 8, 8 ],
			"faces": {
				"down": { "uv": [ 14.375, 14.875, 16, 15 ], "texture": "#voxels_atlas" },
				"up": { "uv": [ 7.25, 9.75, 8.875, 9.625 ], "texture": "#voxels_atlas" },
				"north": { "uv": [ 8.875, 9.25, 7.25, 9.375 ], "texture": "#voxels_atlas" },
				"south": { "uv": [ 7.25, 9.375, 8.875, 9.5 ], "texture": "#voxels_atlas" },
				"west": { "uv": [ 10, 8.375, 10.125, 8.5 ], "texture": "#voxels_atlas" },
				"east": { "uv": [ 10.25, 8.5, 10.125, 8.625 ], "texture": "#voxels_atlas" }
			}
		},
		{
			"__comment": "Voxels",
			"from": [ 14.5, 7.5, 9.5 ],
			"to": [ 21, 8, 10 ],
			"faces": {
				"down": { "uv": [ 7.25, 8.5, 8.875, 8.625 ], "texture": "#voxels_atlas" },
				"up": { "uv": [ 7.25, 8.5, 8.875, 8.375 ], "texture": "#voxels_atlas" },
				"north": { "uv": [ 8.875, 9.5, 7.25, 9.625 ], "texture": "#voxels_atlas" },
				"south": { "uv": [ 7.25, 8.25, 8.875, 8.375 ], "texture": "#voxels_atlas" },
				"west": { "uv": [ 10.125, 8.625, 10.25, 8.75 ], "texture": "#voxels_atlas" },
				"east": { "uv": [ 10.125, 9.125, 10, 9.25 ], "texture": "#voxels_atlas" }
			}
		},
		{
			"__comment": "Voxels",
			"from": [ 15, 5, 8 ],
			"to": [ 19, 5.5, 8.5 ],
			"faces": {
				"down": { "uv": [ 6.125, 10, 7.125, 10.125 ], "texture": "#voxels_atlas" },
				"up": { "uv": [ 6.125, 10.5, 7.125, 10.375 ], "texture": "#voxels_atlas" },
				"north": { "uv": [ 7.25, 11.375, 6.25, 11.5 ], "texture": "#voxels_atlas" },
				"south": { "uv": [ 6.125, 10.5, 7.125, 10.625 ], "texture": "#voxels_atlas" },
				"west": { "uv": [ 10.125, 9.25, 10.25, 9.375 ], "texture": "#voxels_atlas" },
				"east": { "uv": [ 10.125, 9.5, 10, 9.625 ], "texture": "#voxels_atlas" }
			}
		},
		{
			"__comment": "Voxels",
			"from": [ 15, 5, 9 ],
			"to": [ 19, 5.5, 9.5 ],
			"faces": {
				"down": { "uv": [ 6.25, 11.5, 7.25, 11.625 ], "texture": "#voxels_atlas" },
				"up": { "uv": [ 6.125, 10.25, 7.125, 10.125 ], "texture": "#voxels_atlas" },
				"north": { "uv": [ 7.25, 11.125, 6.25, 11.25 ], "texture": "#voxels_atlas" },
				"south": { "uv": [ 6.25, 11.25, 7.25, 11.375 ], "texture": "#voxels_atlas" },
				"west": { "uv": [ 10.125, 9.625, 10.25, 9.75 ], "texture": "#voxels_atlas" },
				"east": { "uv": [ 10.125, 9.875, 10, 10 ], "texture": "#voxels_atlas" }
			}
		},
		{
			"__comment": "Voxels",
			"from": [ 15, 7, 7.5 ],
			"to": [ 22.5, 7.5, 8 ],
			"faces": {
				"down": { "uv": [ 7.25, 12.625, 9.125, 12.75 ], "texture": "#voxels_atlas" },
				"up": { "uv": [ 7.25, 12.625, 9.125, 12.5 ], "texture": "#voxels_atlas" },
				"north": { "uv": [ 9.125, 11.875, 7.25, 12 ], "texture": "#voxels_atlas" },
				"south": { "uv": [ 7.25, 12, 9.125, 12.125 ], "texture": "#voxels_atlas" },
				"west": { "uv": [ 10.125, 10.875, 10.25, 11 ], "texture": "#voxels_atlas" },
				"east": { "uv": [ 9.5, 13.625, 9.375, 13.75 ], "texture": "#voxels_atlas" }
			}
		},
		{
			"__comment": "Voxels",
			"from": [ 15, 7, 9.5 ],
			"to": [ 22.5, 7.5, 10 ],
			"faces": {
				"down": { "uv": [ 7.25, 12.125, 9.125, 12.25 ], "texture": "#voxels_atlas" },
				"up": { "uv": [ 7.25, 11.875, 9.125, 11.75 ], "texture": "#voxels_atlas" },
				"north": { "uv": [ 9.125, 12.25, 7.25, 12.375 ], "texture": "#voxels_atlas" },
				"south": { "uv": [ 7.25, 12.375, 9.125, 12.5 ], "texture": "#voxels_atlas" },
				"west": { "uv": [ 6.125, 8, 6.25, 8.125 ], "texture": "#voxels_atlas" },
				"east": { "uv": [ 6.25, 8.125, 6.125, 8.25 ], "texture": "#voxels_atlas" }
			}
		},
		{
			"__comment": "Voxels",
			"from": [ 15.5, 6.5, 7.5 ],
			"to": [ 22.5, 7, 8 ],
			"faces": {
				"down": { "uv": [ 7.25, 11, 9, 11.125 ], "texture": "#voxels_atlas" },
				"up": { "uv": [ 7.25, 10.625, 9, 10.5 ], "texture": "#voxels_atlas" },
				"north": { "uv": [ 9, 10.375, 7.25, 10.5 ], "texture": "#voxels_atlas" },
				"south": { "uv": [ 7.25, 10.25, 9, 10.375 ], "texture": "#voxels_atlas" },
				"west": { "uv": [ 11.625, 13.125, 11.75, 13.25 ], "texture": "#voxels_atlas" },
				"east": { "uv": [ 15.375, 13.125, 15.25, 13.25 ], "texture": "#voxels_atlas" }
			}
		},
		{
			"__comment": "Voxels",
			"from": [ 15.5, 6.5, 9.5 ],
			"to": [ 22.5, 7, 10 ],
			"faces": {
				"down": { "uv": [ 7.25, 10.125, 9, 10.25 ], "texture": "#voxels_atlas" },
				"up": { "uv": [ 7.25, 10.125, 9, 10 ], "texture": "#voxels_atlas" },
				"north": { "uv": [ 9, 9.875, 7.25, 10 ], "texture": "#voxels_atlas" },
				"south": { "uv": [ 7.25, 11.125, 9, 11.25 ], "texture": "#voxels_atlas" },
				"west": { "uv": [ 12.75, 13.125, 12.875, 13.25 ], "texture": "#voxels_atlas" },
				"east": { "uv": [ 12.75, 13.125, 12.625, 13.25 ], "texture": "#voxels_atlas" }
			}
		},
		{
			"__comment": "Voxels",
			"from": [ 16, 2.5, 8 ],
			"to": [ 20, 3, 9.5 ],
			"faces": {
				"down": { "uv": [ 0, 8.25, 1, 8.625 ], "texture": "#voxels_atlas" },
				"up": { "uv": [ 0, 9, 1, 8.625 ], "texture": "#voxels_atlas" },
				"north": { "uv": [ 7.25, 11.625, 6.25, 11.75 ], "texture": "#voxels_atlas" },
				"south": { "uv": [ 6.125, 10.25, 7.125, 10.375 ], "texture": "#voxels_atlas" },
				"west": { "uv": [ 13.75, 13.25, 14.125, 13.375 ], "texture": "#voxels_atlas" },
				"east": { "uv": [ 14.5, 13.25, 14.125, 13.375 ], "texture": "#voxels_atlas" }
			}
		},
		{
			"__comment": "Voxels",
			"from": [ 16, 4.5, 8 ],
			"to": [ 18.5, 5, 8.5 ],
			"faces": {
				"down": { "uv": [ 9.5, 11.125, 10.125, 11.25 ], "texture": "#voxels_atlas" },
				"up": { "uv": [ 9.5, 11.375, 10.125, 11.25 ], "texture": "#voxels_atlas" },
				"north": { "uv": [ 10.125, 11.375, 9.5, 11.5 ], "texture": "#voxels_atlas" },
				"south": { "uv": [ 8.875, 8.875, 9.5, 9 ], "texture": "#voxels_atlas" },
				"west": { "uv": [ 13.25, 13.125, 13.375, 13.25 ], "texture": "#voxels_atlas" },
				"east": { "uv": [ 13.5, 13.125, 13.375, 13.25 ], "texture": "#voxels_atlas" }
			}
		},
		{
			"__comment": "Voxels",
			"from": [ 16, 4.5, 9 ],
			"to": [ 18.5, 5, 9.5 ],
			"faces": {
				"down": { "uv": [ 9.5, 10.625, 10.125, 10.75 ], "texture": "#voxels_atlas" },
				"up": { "uv": [ 9.5, 10.875, 10.125, 10.75 ], "texture": "#voxels_atlas" },
				"north": { "uv": [ 10.125, 10.5, 9.5, 10.625 ], "texture": "#voxels_atlas" },
				"south": { "uv": [ 9.5, 10.375, 10.125, 10.5 ], "texture": "#voxels_atlas" },
				"west": { "uv": [ 12.375, 13.125, 12.5, 13.25 ], "texture": "#voxels_atlas" },
				"east": { "uv": [ 7.25, 9.375, 7.125, 9.5 ], "texture": "#voxels_atlas" }
			}
		},
		{
			"__comment": "Voxels",
			"from": [ 16, 6, 7.5 ],
			"to": [ 22.5, 6.5, 8 ],
			"faces": {
				"down": { "uv": [ 11.125, 14.125, 12.75, 14.25 ], "texture": "#voxels_atlas" },
				"up": { "uv": [ 7.25, 8.125, 8.875, 8 ], "texture": "#voxels_atlas" },
				"north": { "uv": [ 8.875, 8.125, 7.25, 8.25 ], "texture": "#voxels_atlas" },
				"south": { "uv": [ 7.25, 8.75, 8.875, 8.875 ], "texture": "#voxels_atlas" },
				"west": { "uv": [ 9.375, 13.5, 9.5, 13.625 ], "texture": "#voxels_atlas" },
				"east": { "uv": [ 10.25, 11.375, 10.125, 11.5 ], "texture": "#voxels_atlas" }
			}
		},
		{
			"__comment": "Voxels",
			"from": [ 16, 6, 9.5 ],
			"to": [ 22.5, 6.5, 10 ],
			"faces": {
				"down": { "uv": [ 7.25, 8.625, 8.875, 8.75 ], "texture": "#voxels_atlas" },
				"up": { "uv": [ 7.25, 9.125, 8.875, 9 ], "texture": "#voxels_atlas" },
				"north": { "uv": [ 8.875, 9.125, 7.25, 9.25 ], "texture": "#voxels_atlas" },
				"south": { "uv": [ 7.25, 8.875, 8.875, 9 ], "texture": "#voxels_atlas" },
				"west": { "uv": [ 10.125, 9.875, 10.25, 10 ], "texture": "#voxels_atlas" },
				"east": { "uv": [ 10.125, 9.75, 10, 9.875 ], "texture": "#voxels_atlas" }
			}
		},
		{
			"__comment": "Voxels",
			"from": [ 16.5, 3, 8 ],
			"to": [ 19.5, 3.5, 9.5 ],
			"faces": {
				"down": { "uv": [ 1, 9, 1.75, 9.375 ], "texture": "#voxels_atlas" },
				"up": { "uv": [ 1, 9, 1.75, 8.625 ], "texture": "#voxels_atlas" },
				"north": { "uv": [ 10.25, 11.5, 9.5, 11.625 ], "texture": "#voxels_atlas" },
				"south": { "uv": [ 9.5, 11.75, 10.25, 11.875 ], "texture": "#voxels_atlas" },
				"west": { "uv": [ 14.5, 13.25, 14.875, 13.375 ], "texture": "#voxels_atlas" },
				"east": { "uv": [ 15.25, 13.25, 14.875, 13.375 ], "texture": "#voxels_atlas" }
			}
		},
		{
			"__comment": "Voxels",
			"from": [ 16.5, 5.5, 7.5 ],
			"to": [ 19.5, 6, 8 ],
			"faces": {
				"down": { "uv": [ 15.25, 13.875, 16, 14 ], "texture": "#voxels_atlas" },
				"up": { "uv": [ 6.375, 9.125, 7.125, 9 ], "texture": "#voxels_atlas" },
				"north": { "uv": [ 7.125, 9.125, 6.375, 9.25 ], "texture": "#voxels_atlas" },
				"south": { "uv": [ 6.375, 9.25, 7.125, 9.375 ], "texture": "#voxels_atlas" },
				"west": { "uv": [ 15.75, 13.625, 15.875, 13.75 ], "texture": "#voxels_atlas" },
				"east": { "uv": [ 10.75, 8.625, 10.625, 8.75 ], "texture": "#voxels_atlas" }
			}
		},
		{
			"__comment": "Voxels",
			"from": [ 16.5, 5.5, 9.5 ],
			"to": [ 19.5, 6, 10 ],
			"faces": {
				"down": { "uv": [ 6.375, 9.375, 7.125, 9.5 ], "texture": "#voxels_atlas" },
				"up": { "uv": [ 6.375, 12.125, 7.125, 12 ], "texture": "#voxels_atlas" },
				"north": { "uv": [ 7.125, 12.125, 6.375, 12.25 ], "texture": "#voxels_atlas" },
				"south": { "uv": [ 6.5, 13, 7.25, 13.125 ], "texture": "#voxels_atlas" },
				"west": { "uv": [ 10.375, 8, 10.5, 8.125 ], "texture": "#voxels_atlas" },
				"east": { "uv": [ 10.625, 8.125, 10.5, 8.25 ], "texture": "#voxels_atlas" }
			}
		},
		{
			"__comment": "Voxels",
			"from": [ 17, 3.5, 8 ],
			"to": [ 19, 4, 9.5 ],
			"faces": {
				"down": { "uv": [ 1.25, 9.625, 1.75, 10 ], "texture": "#voxels_atlas" },
				"up": { "uv": [ 3.375, 8.625, 3.875, 8.25 ], "texture": "#voxels_atlas" },
				"north": { "uv": [ 9.5, 10.375, 9, 10.5 ], "texture": "#voxels_atlas" },
				"south": { "uv": [ 9, 10.5, 9.5, 10.625 ], "texture": "#voxels_atlas" },
				"west": { "uv": [ 15.25, 13.25, 15.625, 13.375 ], "texture": "#voxels_atlas" },
				"east": { "uv": [ 16, 13.25, 15.625, 13.375 ], "texture": "#voxels_atlas" }
			}
		},
		{
			"__comment": "Voxels",
			"from": [ 17, 4, 8 ],
			"to": [ 18.5, 4.5, 8.5 ],
			"faces": {
				"down": { "uv": [ 10.375, 13.125, 10.75, 13.25 ], "texture": "#voxels_atlas" },
				"up": { "uv": [ 10.375, 13.125, 10.75, 13 ], "texture": "#voxels_atlas" },
				"north": { "uv": [ 10.75, 12.875, 10.375, 13 ], "texture": "#voxels_atlas" },
				"south": { "uv": [ 10.375, 12.75, 10.75, 12.875 ], "texture": "#voxels_atlas" },
				"west": { "uv": [ 15.375, 13.125, 15.5, 13.25 ], "texture": "#voxels_atlas" },
				"east": { "uv": [ 15.625, 13.125, 15.5, 13.25 ], "texture": "#voxels_atlas" }
			}
		},
		{
			"__comment": "Voxels",
			"from": [ 17, 4, 9 ],
			"to": [ 18.5, 4.5, 9.5 ],
			"faces": {
				"down": { "uv": [ 10.375, 12.625, 10.75, 12.75 ], "texture": "#voxels_atlas" },
				"up": { "uv": [ 10.375, 12.625, 10.75, 12.5 ], "texture": "#voxels_atlas" },
				"north": { "uv": [ 10.75, 12.375, 10.375, 12.5 ], "texture": "#voxels_atlas" },
				"south": { "uv": [ 10.375, 12.25, 10.75, 12.375 ], "texture": "#voxels_atlas" },
				"west": { "uv": [ 12.875, 13.125, 13, 13.25 ], "texture": "#voxels_atlas" },
				"east": { "uv": [ 15.75, 13.125, 15.625, 13.25 ], "texture": "#voxels_atlas" }
			}
		},
		{
			"__comment": "Voxels",
			"from": [ 17, 5, 7.5 ],
			"to": [ 19, 5.5, 8 ],
			"faces": {
				"down": { "uv": [ 9, 10.875, 9.5, 11 ], "texture": "#voxels_atlas" },
				"up": { "uv": [ 9, 11.125, 9.5, 11 ], "texture": "#voxels_atlas" },
				"north": { "uv": [ 9.5, 11.125, 9, 11.25 ], "texture": "#voxels_atlas" },
				"south": { "uv": [ 9, 11.25, 9.5, 11.375 ], "texture": "#voxels_atlas" },
				"west": { "uv": [ 7.125, 13.375, 7.25, 13.5 ], "texture": "#voxels_atlas" },
				"east": { "uv": [ 7.25, 13.25, 7.125, 13.375 ], "texture": "#voxels_atlas" }
			}
		},
		{
			"__comment": "Voxels",
			"from": [ 17, 5, 9.5 ],
			"to": [ 19, 5.5, 10 ],
			"faces": {
				"down": { "uv": [ 15.5, 14.5, 16, 14.625 ], "texture": "#voxels_atlas" },
				"up": { "uv": [ 15.5, 14.75, 16, 14.625 ], "texture": "#voxels_atlas" },
				"north": { "uv": [ 12.25, 13.375, 11.75, 13.5 ], "texture": "#voxels_atlas" },
				"south": { "uv": [ 11.25, 13.375, 11.75, 13.5 ], "texture": "#voxels_atlas" },
				"west": { "uv": [ 7.125, 12.125, 7.25, 12.25 ], "texture": "#voxels_atlas" },
				"east": { "uv": [ 7.25, 12, 7.125, 12.125 ], "texture": "#voxels_atlas" }
			}
		},
		{
			"__comment": "Voxels",
			"from": [ 17, 9, 7.5 ],
			"to": [ 19.5, 9.5, 10 ],
			"faces": {
				"down": { "uv": [ 0, 9.375, 0.625, 10 ], "texture": "#voxels_atlas" },
				"up": { "uv": [ 0.625, 10, 1.25, 9.375 ], "texture": "#voxels_atlas" },
				"north": { "uv": [ 16, 15.375, 15.375, 15.5 ], "texture": "#voxels_atlas" },
				"south": { "uv": [ 8.875, 9.125, 9.5, 9.25 ], "texture": "#voxels_atlas" },
				"west": { "uv": [ 8.875, 9.25, 9.5, 9.375 ], "texture": "#voxels_atlas" },
				"east": { "uv": [ 9.5, 9.375, 8.875, 9.5 ], "texture": "#voxels_atlas" }
			}
		},
		{
			"__comment": "Voxels",
			"from": [ 17.5, 2, 8 ],
			"to": [ 24, 2.5, 9.5 ],
			"faces": {
				"down": { "uv": [ 0, 12.125, 1.625, 12.5 ], "texture": "#voxels_atlas" },
				"up": { "uv": [ 0, 12.125, 1.625, 11.75 ], "texture": "#voxels_atlas" },
				"north": { "uv": [ 11.125, 14, 9.5, 14.125 ], "texture": "#voxels_atlas" },
				"south": { "uv": [ 11.125, 14, 12.75, 14.125 ], "texture": "#voxels_atlas" },
				"west": { "uv": [ 10.375, 12.125, 10.75, 12.25 ], "texture": "#voxels_atlas" },
				"east": { "uv": [ 10.75, 12, 10.375, 12.125 ], "texture": "#voxels_atlas" }
			}
		},
		{
			"__comment": "Voxels",
			"from": [ 18, 1.5, 8 ],
			"to": [ 25, 2, 9.5 ],
			"faces": {
				"down": { "uv": [ 0, 12.5, 1.75, 12.875 ], "texture": "#voxels_atlas" },
				"up": { "uv": [ 0, 13.25, 1.75, 12.875 ], "texture": "#voxels_atlas" },
				"north": { "uv": [ 9, 9.75, 7.25, 9.875 ], "texture": "#voxels_atlas" },
				"south": { "uv": [ 7.25, 11.25, 9, 11.375 ], "texture": "#voxels_atlas" },
				"west": { "uv": [ 10.375, 11.875, 10.75, 12 ], "texture": "#voxels_atlas" },
				"east": { "uv": [ 10.75, 11.75, 10.375, 11.875 ], "texture": "#voxels_atlas" }
			}
		},
		{
			"__comment": "Voxels",
			"from": [ 18.5, 0.5, 8 ],
			"to": [ 19, 1.5, 9.5 ],
			"faces": {
				"down": { "uv": [ 10.25, 11.125, 10.375, 11.5 ], "texture": "#voxels_atlas" },
				"up": { "uv": [ 10.25, 11.125, 10.375, 10.75 ], "texture": "#voxels_atlas" },
				"north": { "uv": [ 1.75, 10.75, 1.625, 11 ], "texture": "#voxels_atlas" },
				"south": { "uv": [ 1.625, 10.5, 1.75, 10.75 ], "texture": "#voxels_atlas" },
				"west": { "uv": [ 9.5, 11.875, 9.875, 12.125 ], "texture": "#voxels_atlas" },
				"east": { "uv": [ 7.25, 8, 6.875, 8.25 ], "texture": "#voxels_atlas" }
			}
		},
		{
			"__comment": "Voxels",
			"from": [ 19, 1, 8 ],
			"to": [ 19.5, 1.5, 9.5 ],
			"faces": {
				"down": { "uv": [ 10.25, 10.375, 10.375, 10.75 ], "texture": "#voxels_atlas" },
				"up": { "uv": [ 10.25, 11.875, 10.375, 11.5 ], "texture": "#voxels_atlas" },
				"north": { "uv": [ 10.25, 11.125, 10.125, 11.25 ], "texture": "#voxels_atlas" },
				"south": { "uv": [ 10.125, 11, 10.25, 11.125 ], "texture": "#voxels_atlas" },
				"west": { "uv": [ 10.375, 11.625, 10.75, 11.75 ], "texture": "#voxels_atlas" },
				"east": { "uv": [ 10.75, 11.5, 10.375, 11.625 ], "texture": "#voxels_atlas" }
			}
		},
		{
			"__comment": "Voxels",
			"from": [ 20.5, 1, 8 ],
			"to": [ 21.5, 1.5, 9.5 ],
			"faces": {
				"down": { "uv": [ 9.875, 12.5, 10.125, 12.875 ], "texture": "#voxels_atlas" },
				"up": { "uv": [ 10, 12.5, 10.25, 12.125 ], "texture": "#voxels_atlas" },
				"north": { "uv": [ 9.5, 13.125, 9.25, 13.25 ], "texture": "#voxels_atlas" },
				"south": { "uv": [ 9.25, 13, 9.5, 13.125 ], "texture": "#voxels_atlas" },
				"west": { "uv": [ 10.375, 11.375, 10.75, 11.5 ], "texture": "#voxels_atlas" },
				"east": { "uv": [ 10.75, 11.25, 10.375, 11.375 ], "texture": "#voxels_atlas" }
			}
		},
		{
			"__comment": "Voxels",
			"from": [ 21, 0.5, 8 ],
			"to": [ 21.5, 1, 9.5 ],
			"faces": {
				"down": { "uv": [ 10.25, 10, 10.375, 10.375 ], "texture": "#voxels_atlas" },
				"up": { "uv": [ 10.25, 10, 10.375, 9.625 ], "texture": "#voxels_atlas" },
				"north": { "uv": [ 10.25, 9.75, 10.125, 9.875 ], "texture": "#voxels_atlas" },
				"south": { "uv": [ 10, 9.625, 10.125, 9.75 ], "texture": "#voxels_atlas" },
				"west": { "uv": [ 10.375, 11.125, 10.75, 11.25 ], "texture": "#voxels_atlas" },
				"east": { "uv": [ 10.75, 11, 10.375, 11.125 ], "texture": "#voxels_atlas" }
			}
		},
		{
			"__comment": "Voxels",
			"from": [ 23.5, 1, 8 ],
			"to": [ 25.5, 1.5, 9.5 ],
			"faces": {
				"down": { "uv": [ 8.875, 8.25, 9.375, 8.625 ], "texture": "#voxels_atlas" },
				"up": { "uv": [ 3.375, 9, 3.875, 8.625 ], "texture": "#voxels_atlas" },
				"north": { "uv": [ 13.25, 13.375, 12.75, 13.5 ], "texture": "#voxels_atlas" },
				"south": { "uv": [ 10.75, 13.375, 11.25, 13.5 ], "texture": "#voxels_atlas" },
				"west": { "uv": [ 10.375, 10.875, 10.75, 11 ], "texture": "#voxels_atlas" },
				"east": { "uv": [ 10.75, 10.75, 10.375, 10.875 ], "texture": "#voxels_atlas" }
			}
		},
		{
			"__comment": "Voxels",
			"from": [ 25, 0.5, 8 ],
			"to": [ 26, 1, 9.5 ],
			"faces": {
				"down": { "uv": [ 9.75, 12.125, 10, 12.5 ], "texture": "#voxels_atlas" },
				"up": { "uv": [ 9.5, 12.5, 9.75, 12.125 ], "texture": "#voxels_atlas" },
				"north": { "uv": [ 9.5, 12.875, 9.25, 13 ], "texture": "#voxels_atlas" },
				"south": { "uv": [ 9.25, 12.75, 9.5, 12.875 ], "texture": "#voxels_atlas" },
				"west": { "uv": [ 10.375, 10.625, 10.75, 10.75 ], "texture": "#voxels_atlas" },
				"east": { "uv": [ 10.75, 10.5, 10.375, 10.625 ], "texture": "#voxels_atlas" }
			}
		},
		{
			"__comment": "Voxels",
			"from": [ 28, 5.5, 8 ],
			"to": [ 30.5, 6, 9.5 ],
			"faces": {
				"down": { "uv": [ 1, 8.25, 1.625, 8.625 ], "texture": "#voxels_atlas" },
				"up": { "uv": [ 1.125, 11.375, 1.75, 11 ], "texture": "#voxels_atlas" },
				"north": { "uv": [ 16, 15.25, 15.375, 15.375 ], "texture": "#voxels_atlas" },
				"south": { "uv": [ 9.5, 10.875, 10.125, 11 ], "texture": "#voxels_atlas" },
				"west": { "uv": [ 10.375, 10.25, 10.75, 10.375 ], "texture": "#voxels_atlas" },
				"east": { "uv": [ 10.75, 10.125, 10.375, 10.25 ], "texture": "#voxels_atlas" }
			}
		},
		{
			"__comment": "Voxels",
			"from": [ 28, 6, 7.5 ],
			"to": [ 30.5, 7.5, 8 ],
			"faces": {
				"down": { "uv": [ 15.375, 15.125, 16, 15.25 ], "texture": "#voxels_atlas" },
				"up": { "uv": [ 8.875, 8.75, 9.5, 8.625 ], "texture": "#voxels_atlas" },
				"north": { "uv": [ 1.75, 11.375, 1.125, 11.75 ], "texture": "#voxels_atlas" },
				"south": { "uv": [ 1.75, 8, 2.375, 8.375 ], "texture": "#voxels_atlas" },
				"west": { "uv": [ 10.25, 9.25, 10.375, 9.625 ], "texture": "#voxels_atlas" },
				"east": { "uv": [ 10.375, 8.875, 10.25, 9.25 ], "texture": "#voxels_atlas" }
			}
		},
		{
			"__comment": "Voxels",
			"from": [ 28, 6, 9.5 ],
			"to": [ 30.5, 7.5, 10 ],
			"faces": {
				"down": { "uv": [ 8.875, 9, 9.5, 9.125 ], "texture": "#voxels_atlas" },
				"up": { "uv": [ 8.875, 9.625, 9.5, 9.5 ], "texture": "#voxels_atlas" },
				"north": { "uv": [ 3.375, 8.625, 2.75, 9 ], "texture": "#voxels_atlas" },
				"south": { "uv": [ 2.75, 8.25, 3.375, 8.625 ], "texture": "#voxels_atlas" },
				"west": { "uv": [ 10.25, 8.5, 10.375, 8.875 ], "texture": "#voxels_atlas" },
				"east": { "uv": [ 1.75, 12.125, 1.625, 12.5 ], "texture": "#voxels_atlas" }
			}
		},
		{
			"__comment": "Voxels",
			"from": [ 28, 7.5, 8 ],
			"to": [ 30.5, 8, 9.5 ],
			"faces": {
				"down": { "uv": [ 6.25, 8.625, 6.875, 9 ], "texture": "#voxels_atlas" },
				"up": { "uv": [ 6.25, 8.625, 6.875, 8.25 ], "texture": "#voxels_atlas" },
				"north": { "uv": [ 9.5, 9.625, 8.875, 9.75 ], "texture": "#voxels_atlas" },
				"south": { "uv": [ 15.375, 15, 16, 15.125 ], "texture": "#voxels_atlas" },
				"west": { "uv": [ 9.125, 12.625, 9.5, 12.75 ], "texture": "#voxels_atlas" },
				"east": { "uv": [ 9.5, 12.5, 9.125, 12.625 ], "texture": "#voxels_atlas" }
			}
		},
		{
			"__comment": "Voxels",
			"from": [ 28.5, 5, 8 ],
			"to": [ 30, 5.5, 9.5 ],
			"faces": {
				"down": { "uv": [ 6.875, 8.25, 7.25, 8.625 ], "texture": "#voxels_atlas" },
				"up": { "uv": [ 6.875, 9, 7.25, 8.625 ], "texture": "#voxels_atlas" },
				"north": { "uv": [ 9.5, 12.375, 9.125, 12.5 ], "texture": "#voxels_atlas" },
				"south": { "uv": [ 9.125, 12.25, 9.5, 12.375 ], "texture": "#voxels_atlas" },
				"west": { "uv": [ 9.125, 12.125, 9.5, 12.25 ], "texture": "#voxels_atlas" },
				"east": { "uv": [ 9.5, 12, 9.125, 12.125 ], "texture": "#voxels_atlas" }
			}
		},
		{
			"__comment": "Voxels",
			"from": [ 28.5, 5.5, 7.5 ],
			"to": [ 30.5, 6, 8 ],
			"faces": {
				"down": { "uv": [ 9, 9.875, 9.5, 10 ], "texture": "#voxels_atlas" },
				"up": { "uv": [ 9.5, 9.5, 10, 9.375 ], "texture": "#voxels_atlas" },
				"north": { "uv": [ 10, 9.25, 9.5, 9.375 ], "texture": "#voxels_atlas" },
				"south": { "uv": [ 9, 11.375, 9.5, 11.5 ], "texture": "#voxels_atlas" },
				"west": { "uv": [ 11, 13.125, 11.125, 13.25 ], "texture": "#voxels_atlas" },
				"east": { "uv": [ 11.25, 13.125, 11.125, 13.25 ], "texture": "#voxels_atlas" }
			}
		},
		{
			"__comment": "Voxels",
			"from": [ 28.5, 5.5, 9.5 ],
			"to": [ 30.5, 6, 10 ],
			"faces": {
				"down": { "uv": [ 9, 10.25, 9.5, 10.375 ], "texture": "#voxels_atlas" },
				"up": { "uv": [ 9.5, 10, 10, 9.875 ], "texture": "#voxels_atlas" },
				"north": { "uv": [ 9.5, 10.125, 9, 10.25 ], "texture": "#voxels_atlas" },
				"south": { "uv": [ 9.5, 10.25, 10, 10.375 ], "texture": "#voxels_atlas" },
				"west": { "uv": [ 11.75, 13.125, 11.875, 13.25 ], "texture": "#voxels_atlas" },
				"east": { "uv": [ 12, 13.125, 11.875, 13.25 ], "texture": "#voxels_atlas" }
			}
		},
		{
			"__comment": "Voxels",
			"from": [ 28.5, 6, 7 ],
			"to": [ 30, 7.5, 7.5 ],
			"faces": {
				"down": { "uv": [ 9.125, 11.875, 9.5, 12 ], "texture": "#voxels_atlas" },
				"up": { "uv": [ 9.125, 11.875, 9.5, 11.75 ], "texture": "#voxels_atlas" },
				"north": { "uv": [ 9.875, 12.5, 9.5, 12.875 ], "texture": "#voxels_atlas" },
				"south": { "uv": [ 9.875, 12.875, 10.25, 13.25 ], "texture": "#voxels_atlas" },
				"west": { "uv": [ 10.25, 13, 10.375, 13.375 ], "texture": "#voxels_atlas" },
				"east": { "uv": [ 10.375, 12.625, 10.25, 13 ], "texture": "#voxels_atlas" }
			}
		},
		{
			"__comment": "Voxels",
			"from": [ 28.5, 6, 10 ],
			"to": [ 30, 7.5, 10.5 ],
			"faces": {
				"down": { "uv": [ 9.875, 12, 10.25, 12.125 ], "texture": "#voxels_atlas" },
				"up": { "uv": [ 9.875, 12, 10.25, 11.875 ], "texture": "#voxels_atlas" },
				"north": { "uv": [ 9.875, 12.875, 9.5, 13.25 ], "texture": "#voxels_atlas" },
				"south": { "uv": [ 9.5, 13.25, 9.875, 13.625 ], "texture": "#voxels_atlas" },
				"west": { "uv": [ 10.25, 12.25, 10.375, 12.625 ], "texture": "#voxels_atlas" },
				"east": { "uv": [ 10.375, 11.875, 10.25, 12.25 ], "texture": "#voxels_atlas" }
			}
		},
		{
			"__comment": "Voxels",
			"from": [ 28.5, 7.5, 7.5 ],
			"to": [ 30.5, 8, 8 ],
			"faces": {
				"down": { "uv": [ 9.5, 9, 10, 9.125 ], "texture": "#voxels_atlas" },
				"up": { "uv": [ 9.5, 9, 10, 8.875 ], "texture": "#voxels_atlas" },
				"north": { "uv": [ 10, 8.75, 9.5, 8.875 ], "texture": "#voxels_atlas" },
				"south": { "uv": [ 9.5, 8.625, 10, 8.75 ], "texture": "#voxels_atlas" },
				"west": { "uv": [ 14, 13.125, 14.125, 13.25 ], "texture": "#voxels_atlas" },
				"east": { "uv": [ 14.25, 13.125, 14.125, 13.25 ], "texture": "#voxels_atlas" }
			}
		},
		{
			"__comment": "Voxels",
			"from": [ 28.5, 7.5, 9.5 ],
			"to": [ 30.5, 8, 10 ],
			"faces": {
				"down": { "uv": [ 9.5, 8.25, 10, 8.375 ], "texture": "#voxels_atlas" },
				"up": { "uv": [ 9.5, 8.25, 10, 8.125 ], "texture": "#voxels_atlas" },
				"north": { "uv": [ 10, 8, 9.5, 8.125 ], "texture": "#voxels_atlas" },
				"south": { "uv": [ 15.5, 13.5, 16, 13.625 ], "texture": "#voxels_atlas" },
				"west": { "uv": [ 14.75, 13.125, 14.875, 13.25 ], "texture": "#voxels_atlas" },
				"east": { "uv": [ 15, 13.125, 14.875, 13.25 ], "texture": "#voxels_atlas" }
			}
		},
		{
			"__comment": "Voxels",
			"from": [ 28.5, 8, 8 ],
			"to": [ 30, 8.5, 9.5 ],
			"faces": {
				"down": { "uv": [ 2.375, 8, 2.75, 8.375 ], "texture": "#voxels_atlas" },
				"up": { "uv": [ 9.875, 13.625, 10.25, 13.25 ], "texture": "#voxels_atlas" },
				"north": { "uv": [ 14.625, 13.375, 14.25, 13.5 ], "texture": "#voxels_atlas" },
				"south": { "uv": [ 14.625, 13.375, 15, 13.5 ], "texture": "#voxels_atlas" },
				"west": { "uv": [ 15, 13.375, 15.375, 13.5 ], "texture": "#voxels_atlas" },
				"east": { "uv": [ 10.75, 10.375, 10.375, 10.5 ], "texture": "#voxels_atlas" }
			}
		}
	],
	"display": {
		"thirdperson_righthand": {
			"rotation":  [ 88, -90, 0 ],
			"translation":  [ 0, 8.3478, 2.7826 ],
			"scale":  [ 0.6391, 0.5913, 0.5695 ]
		},
		"thirdperson_lefthand": {
			"rotation":  [ -100, 4, 117 ],
			"translation":  [ -8.347, -8.347, 6.9565 ],
			"scale":  [ 0.7434, 0.7652, 0.5695 ]
		},
		"firstperson_righthand": {
			"rotation":  [ 0, -80, -86 ],
			"translation":  [ 4.2, 7, -1.4 ],
			"scale":  [ 0.4, 0.25, 0.25 ]
		},
		"firstperson_lefthand": {
			"rotation":  [ -180, 90, -86 ],
			"translation":  [ 4.2, 7, -1.4 ],
			"scale":  [ 0.4, 0.25, 0.25 ]
		},
		"gui": {
			"rotation":  [ -2, 0, 58 ],
			"translation":  [ 0.6956, -0.695, 0 ],
			"scale":  [ 0.38, 0.38, 0.38 ]
		},
		"ground": {
			"rotation":  [ -22, 19, 80 ],
			"translation":  [ 0, 3.4782, 0 ],
			"scale":  [ 0.45, 0.45, 0.45 ]
		},
		"fixed": {
			"rotation":  [ 0, 0, 56 ],
			"scale":  [ 0.45, 0.45, 0.45 ]
		}
	}
}