{
	"__comment": "Designed by Pashjn with Cubik Studio - https://cubik.studio",
	"textures": {
		"particle": "items/sworddec",
		"texture": "items/sworddec",
		"voxels_atlas": "items/sworddec",
		"flare": "block/flaredec"
	},
	"elements": [ 	 
		{
			"__comment": "Voxels",
			"from": [ -13.5, 8.5, 8 ],
			"to": [ -11, 9, 8.5 ],
			"faces": {
				"down": { "uv": [ 5.75, 2.5, 7, 2.75 ], "texture": "#voxels_atlas", "cullface": "west" },
				"up": { "uv": [ 14.75, 9.5, 16, 9.25 ], "texture": "#voxels_atlas", "cullface": "west" },
				"north": { "uv": [ 16, 9, 14.75, 9.25 ], "texture": "#voxels_atlas", "cullface": "west" },
				"south": { "uv": [ 14.75, 8.75, 16, 9 ], "texture": "#voxels_atlas", "cullface": "west" },
				"west": { "uv": [ 5.5, 2.75, 5.75, 3 ], "texture": "#voxels_atlas", "cullface": "west" },
				"east": { "uv": [ 5.5, 2.5, 5.25, 2.75 ], "texture": "#voxels_atlas", "cullface": "west" }
			}
		},
		{
			"__comment": "Voxels",
			"from": [ -13.5, 11.5, 8 ],
			"to": [ -11, 12, 8.5 ],
			"faces": {
				"down": { "uv": [ 5.75, 3.75, 7, 4 ], "texture": "#voxels_atlas", "cullface": "west" },
				"up": { "uv": [ 5.75, 3.75, 7, 3.5 ], "texture": "#voxels_atlas", "cullface": "west" },
				"north": { "uv": [ 7, 3.25, 5.75, 3.5 ], "texture": "#voxels_atlas", "cullface": "west" },
				"south": { "uv": [ 5.75, 3, 7, 3.25 ], "texture": "#voxels_atlas", "cullface": "west" },
				"west": { "uv": [ 5.5, 2.5, 5.75, 2.75 ], "texture": "#voxels_atlas", "cullface": "west" },
				"east": { "uv": [ 5.5, 2.25, 5.25, 2.5 ], "texture": "#voxels_atlas", "cullface": "west" }
			}
		},
		{
			"__comment": "Voxels",
			"from": [ -13, 8.5, 7.5 ],
			"to": [ -11.5, 9, 8 ],
			"faces": {
				"down": { "uv": [ 15.25, 15.25, 16, 15.5 ], "texture": "#voxels_atlas", "cullface": "west" },
				"up": { "uv": [ 15.25, 15.25, 16, 15 ], "texture": "#voxels_atlas", "cullface": "west" },
				"north": { "uv": [ 16, 14.75, 15.25, 15 ], "texture": "#voxels_atlas", "cullface": "west" },
				"west": { "uv": [ 5.5, 2, 5.75, 2.25 ], "texture": "#voxels_atlas", "cullface": "west" },
				"east": { "uv": [ 5.5, 1.75, 5.25, 2 ], "texture": "#voxels_atlas", "cullface": "west" }
			}
		},
		{
			"__comment": "Voxels",
			"from": [ -13, 8.5, 8.5 ],
			"to": [ -11.5, 9, 9 ],
			"faces": {
				"down": { "uv": [ 15.25, 14, 16, 14.25 ], "texture": "#voxels_atlas", "cullface": "west" },
				"up": { "uv": [ 2.5, 6, 3.25, 5.75 ], "texture": "#voxels_atlas", "cullface": "west" },
				"south": { "uv": [ 2.5, 5.25, 3.25, 5.5 ], "texture": "#voxels_atlas", "cullface": "west" },
				"west": { "uv": [ 5.5, 1.75, 5.75, 2 ], "texture": "#voxels_atlas", "cullface": "west" },
				"east": { "uv": [ 5.5, 1.5, 5.25, 1.75 ], "texture": "#voxels_atlas", "cullface": "west" }
			}
		},
		{
			"__comment": "Voxels",
			"from": [ -13, 9, 8 ],
			"to": [ -10.5, 9.5, 8.5 ],
			"faces": {
				"down": { "uv": [ 5.75, 1.5, 7, 1.75 ], "texture": "#voxels_atlas", "cullface": "west" },
				"up": { "uv": [ 5.75, 1.5, 7, 1.25 ], "texture": "#voxels_atlas", "cullface": "west" },
				"north": { "uv": [ 7, 4.25, 5.75, 4.5 ], "texture": "#voxels_atlas", "cullface": "west" },
				"south": { "uv": [ 5.75, 4, 7, 4.25 ], "texture": "#voxels_atlas", "cullface": "west" },
				"west": { "uv": [ 5.5, 1.25, 5.75, 1.5 ], "texture": "#voxels_atlas", "cullface": "west" },
				"east": { "uv": [ 5.5, 1, 5.25, 1.25 ], "texture": "#voxels_atlas", "cullface": "west" }
			}
		},
		{
			"__comment": "Voxels",
			"from": [ -13, 11, 8 ],
			"to": [ -10.5, 11.5, 8.5 ],
			"faces": {
				"down": { "uv": [ 5.75, 2.25, 7, 2.5 ], "texture": "#voxels_atlas", "cullface": "west" },
				"up": { "uv": [ 5.75, 2.25, 7, 2 ], "texture": "#voxels_atlas", "cullface": "west" },
				"north": { "uv": [ 7, 1.75, 5.75, 2 ], "texture": "#voxels_atlas", "cullface": "west" },
				"south": { "uv": [ 5.75, 2.75, 7, 3 ], "texture": "#voxels_atlas", "cullface": "west" },
				"west": { "uv": [ 5.5, 1, 5.75, 1.25 ], "texture": "#voxels_atlas", "cullface": "west" },
				"east": { "uv": [ 5.5, 0.75, 5.25, 1 ], "texture": "#voxels_atlas", "cullface": "west" }
			}
		},
		{
			"__comment": "Voxels",
			"from": [ -13, 11.5, 7.5 ],
			"to": [ -11.5, 12, 8 ],
			"faces": {
				"down": { "uv": [ 2.5, 3.75, 3.25, 4 ], "texture": "#voxels_atlas", "cullface": "west" },
				"up": { "uv": [ 2.5, 3.75, 3.25, 3.5 ], "texture": "#voxels_atlas", "cullface": "west" },
				"north": { "uv": [ 3.25, 3.25, 2.5, 3.5 ], "texture": "#voxels_atlas", "cullface": "west" },
				"west": { "uv": [ 7, 3.25, 7.25, 3.5 ], "texture": "#voxels_atlas", "cullface": "west" },
				"east": { "uv": [ 7.75, 2, 7.5, 2.25 ], "texture": "#voxels_atlas", "cullface": "west" }
			}
		},
		{
			"__comment": "Voxels",
			"from": [ -13, 11.5, 8.5 ],
			"to": [ -11.5, 12, 9 ],
			"faces": {
				"down": { "uv": [ 2.5, 2.5, 3.25, 2.75 ], "texture": "#voxels_atlas", "cullface": "west" },
				"up": { "uv": [ 2.5, 5, 3.25, 4.75 ], "texture": "#voxels_atlas", "cullface": "west" },
				"south": { "uv": [ 7.25, 3.5, 8, 3.75 ], "texture": "#voxels_atlas", "cullface": "west" },
				"west": { "uv": [ 8, 7.5, 8.25, 7.75 ], "texture": "#voxels_atlas", "cullface": "west" },
				"east": { "uv": [ 15.5, 7.75, 15.25, 8 ], "texture": "#voxels_atlas", "cullface": "west" }
			}
		},
		{
			"__comment": "Voxels",
			"from": [ -12.5, 9, 7.5 ],
			"to": [ -11, 9.5, 8 ],
			"faces": {
				"down": { "uv": [ 7.25, 3.75, 8, 4 ], "texture": "#voxels_atlas", "cullface": "west" },
				"up": { "uv": [ 7.25, 4.25, 8, 4 ], "texture": "#voxels_atlas", "cullface": "west" },
				"north": { "uv": [ 8, 4.25, 7.25, 4.5 ], "texture": "#voxels_atlas", "cullface": "west" },
				"west": { "uv": [ 13.5, 7.75, 13.75, 8 ], "texture": "#voxels_atlas", "cullface": "west" },
				"east": { "uv": [ 13.5, 7.75, 13.25, 8 ], "texture": "#voxels_atlas", "cullface": "west" }
			}
		},
		{
			"__comment": "Voxels",
			"from": [ -12.5, 9, 8.5 ],
			"to": [ -11, 9.5, 9 ],
			"faces": {
				"down": { "uv": [ 7.25, 4.75, 8, 5 ], "texture": "#voxels_atlas", "cullface": "west" },
				"up": { "uv": [ 7.25, 5.25, 8, 5 ], "texture": "#voxels_atlas", "cullface": "west" },
				"south": { "uv": [ 7.25, 5.5, 8, 5.75 ], "texture": "#voxels_atlas", "cullface": "west" },
				"west": { "uv": [ 11.5, 7.75, 11.75, 8 ], "texture": "#voxels_atlas", "cullface": "west" },
				"east": { "uv": [ 11, 7.75, 10.75, 8 ], "texture": "#voxels_atlas", "cullface": "west" }
			}
		},
		{
			"__comment": "Voxels",
			"from": [ -12.5, 11, 7.5 ],
			"to": [ -11, 11.5, 8 ],
			"faces": {
				"down": { "uv": [ 7.25, 5.75, 8, 6 ], "texture": "#voxels_atlas", "cullface": "west" },
				"up": { "uv": [ 7.25, 6.25, 8, 6 ], "texture": "#voxels_atlas", "cullface": "west" },
				"north": { "uv": [ 8, 6.25, 7.25, 6.5 ], "texture": "#voxels_atlas", "cullface": "west" },
				"west": { "uv": [ 9, 7.75, 9.25, 8 ], "texture": "#voxels_atlas", "cullface": "west" },
				"east": { "uv": [ 9, 7.75, 8.75, 8 ], "texture": "#voxels_atlas", "cullface": "west" }
			}
		},
		{
			"__comment": "Voxels",
			"from": [ -12.5, 11, 8.5 ],
			"to": [ -11, 11.5, 9 ],
			"faces": {
				"down": { "uv": [ 7.25, 6.75, 8, 7 ], "texture": "#voxels_atlas", "cullface": "west" },
				"up": { "uv": [ 13.25, 8.25, 14, 8 ], "texture": "#voxels_atlas", "cullface": "west" },
				"south": { "uv": [ 7.25, 7.25, 8, 7.5 ], "texture": "#voxels_atlas", "cullface": "west" },
				"west": { "uv": [ 7.75, 0.25, 8, 0.5 ], "texture": "#voxels_atlas", "cullface": "west" },
				"east": { "uv": [ 7.75, 0.25, 7.5, 0.5 ], "texture": "#voxels_atlas", "cullface": "west" }
			}
		},
		{
			"__comment": "Voxels",
			"from": [ -11.5, 9.5, 7.5 ],
			"to": [ -10.5, 10, 9 ],
			"faces": {
				"down": { "uv": [ 5.25, 8, 5.75, 8.75 ], "texture": "#voxels_atlas", "cullface": "west" },
				"up": { "uv": [ 5.25, 9.5, 5.75, 8.75 ], "texture": "#voxels_atlas", "cullface": "west" },
				"north": { "uv": [ 16, 13.5, 15.5, 13.75 ], "texture": "#voxels_atlas", "cullface": "west" },
				"south": { "uv": [ 15.5, 13.75, 16, 14 ], "texture": "#voxels_atlas", "cullface": "west" },
				"west": { "uv": [ 7.25, 7.5, 8, 7.75 ], "texture": "#voxels_atlas", "cullface": "west" },
				"east": { "uv": [ 8, 7.75, 7.25, 8 ], "texture": "#voxels_atlas", "cullface": "west" }
			}
		},
		{
			"__comment": "Voxels",
			"from": [ -11.5, 10.5, 7.5 ],
			"to": [ -10.5, 11, 9 ],
			"faces": {
				"down": { "uv": [ 2.75, 0.25, 3.25, 1 ], "texture": "#voxels_atlas", "cullface": "west" },
				"up": { "uv": [ 2.25, 1, 2.75, 0.25 ], "texture": "#voxels_atlas", "cullface": "west" },
				"north": { "uv": [ 3.25, 0, 2.75, 0.25 ], "texture": "#voxels_atlas", "cullface": "west" },
				"south": { "uv": [ 2.25, 0, 2.75, 0.25 ], "texture": "#voxels_atlas", "cullface": "west" },
				"west": { "uv": [ 14.75, 8, 15.5, 8.25 ], "texture": "#voxels_atlas", "cullface": "west" },
				"east": { "uv": [ 14.75, 8, 14, 8.25 ], "texture": "#voxels_atlas", "cullface": "west" }
			}
		},
		{
			"__comment": "Voxels",
			"from": [ -11, 10, 7.5 ],
			"to": [ -10, 10.5, 8.5 ],
			"faces": {
				"down": { "uv": [ 5.25, 7.5, 5.75, 8 ], "texture": "#voxels_atlas", "cullface": "west" },
				"up": { "uv": [ 5.25, 7.5, 5.75, 7 ], "texture": "#voxels_atlas", "cullface": "west" },
				"north": { "uv": [ 5.75, 6.25, 5.25, 6.5 ], "texture": "#voxels_atlas", "cullface": "west" },
				"south": { "uv": [ 15.5, 11, 16, 11.25 ], "texture": "#voxels_atlas", "cullface": "west" },
				"west": { "uv": [ 15.5, 13, 16, 13.25 ], "texture": "#voxels_atlas", "cullface": "west" },
				"east": { "uv": [ 16, 13.25, 15.5, 13.5 ], "texture": "#voxels_atlas", "cullface": "west" }
			}
		},
		{
			"__comment": "Voxels",
			"from": [ -11, 10, 8.5 ],
			"to": [ -10.5, 10.5, 9 ],
			"faces": {
				"south": { "uv": [ 15.5, 8, 15.75, 8.25 ], "texture": "#voxels_atlas", "cullface": "west" },
				"west": { "uv": [ 15.75, 8.25, 16, 8.5 ], "texture": "#voxels_atlas", "cullface": "west" },
				"east": { "uv": [ 15.75, 8.25, 15.5, 8.5 ], "texture": "#voxels_atlas", "cullface": "west" }
			}
		},
		{
			"__comment": "Voxels",
			"from": [ -10.5, 9.5, 8 ],
			"to": [ -4, 10, 8.5 ],
			"faces": {
				"down": { "uv": [ 0, 10.25, 3.25, 10.5 ], "texture": "#voxels_atlas", "cullface": "west" },
				"up": { "uv": [ 0, 10.25, 3.25, 10 ], "texture": "#voxels_atlas", "cullface": "west" },
				"north": { "uv": [ 3.25, 10.5, 0, 10.75 ], "texture": "#voxels_atlas", "cullface": "west" },
				"south": { "uv": [ 0, 11.75, 3.25, 12 ], "texture": "#voxels_atlas", "cullface": "west" },
				"east": { "uv": [ 7, 0, 6.75, 0.25 ], "texture": "#voxels_atlas", "cullface": "west" }
			}
		},
		{
			"__comment": "Voxels",
			"from": [ -10.5, 10.5, 8 ],
			"to": [ -4, 11, 8.5 ],
			"faces": {
				"down": { "uv": [ 0, 11, 3.25, 11.25 ], "texture": "#voxels_atlas", "cullface": "west" },
				"up": { "uv": [ 0, 11, 3.25, 10.75 ], "texture": "#voxels_atlas", "cullface": "west" },
				"north": { "uv": [ 3.25, 11.5, 0, 11.75 ], "texture": "#voxels_atlas", "cullface": "west" },
				"south": { "uv": [ 0, 11.25, 3.25, 11.5 ], "texture": "#voxels_atlas", "cullface": "west" },
				"east": { "uv": [ 7, 0.25, 6.75, 0.5 ], "texture": "#voxels_atlas", "cullface": "west" }
			}
		},
		{
			"__comment": "Voxels",
			"from": [ -10, 10, 8 ],
			"to": [ -4, 10.5, 8.5 ],
			"faces": {
				"north": { "uv": [ 3, 7.75, 0, 8 ], "texture": "#voxels_atlas", "cullface": "west" },
				"south": { "uv": [ 0, 6, 3, 6.25 ], "texture": "#voxels_atlas", "cullface": "west" },
				"east": { "uv": [ 7, 0.75, 6.75, 1 ], "texture": "#voxels_atlas", "cullface": "west" }
			}
		},
		{
			"__comment": "Voxels",
			"from": [ -8, 9, 8 ],
			"to": [ -4, 9.5, 8.5 ],
			"faces": {
				"down": { "uv": [ 3.25, 9.75, 5.25, 10 ], "texture": "#voxels_atlas", "cullface": "west" },
				"north": { "uv": [ 5.25, 9.25, 3.25, 9.5 ], "texture": "#voxels_atlas", "cullface": "west" },
				"south": { "uv": [ 3.25, 9, 5.25, 9.25 ], "texture": "#voxels_atlas", "cullface": "west" },
				"west": { "uv": [ 7, 1, 7.25, 1.25 ], "texture": "#voxels_atlas", "cullface": "west" },
				"east": { "uv": [ 7, 1, 6.75, 1.25 ], "texture": "#voxels_atlas", "cullface": "west" }
			}
		},
		{
			"__comment": "Voxels",
			"from": [ -8, 11, 8 ],
			"to": [ -4, 11.5, 8.5 ],
			"faces": {
				"up": { "uv": [ 3.25, 8.75, 5.25, 8.5 ], "texture": "#voxels_atlas", "cullface": "west" },
				"north": { "uv": [ 5.25, 8.25, 3.25, 8.5 ], "texture": "#voxels_atlas", "cullface": "west" },
				"south": { "uv": [ 3.25, 8, 5.25, 8.25 ], "texture": "#voxels_atlas", "cullface": "west" },
				"west": { "uv": [ 7, 1.75, 7.25, 2 ], "texture": "#voxels_atlas", "cullface": "west" },
				"east": { "uv": [ 7.25, 2, 7, 2.25 ], "texture": "#voxels_atlas", "cullface": "west" }
			}
		},
		{
			"__comment": "Voxels",
			"from": [ -7.5, 9, 7.5 ],
			"to": [ -4.5, 9.5, 8 ],
			"faces": {
				"down": { "uv": [ 11.75, 9.25, 13.25, 9.5 ], "texture": "#voxels_atlas", "cullface": "west" },
				"up": { "uv": [ 10.25, 9.25, 11.75, 9 ], "texture": "#voxels_atlas", "cullface": "west" },
				"north": { "uv": [ 14.75, 9, 13.25, 9.25 ], "texture": "#voxels_atlas", "cullface": "west" },
				"west": { "uv": [ 7, 2.25, 7.25, 2.5 ], "texture": "#voxels_atlas", "cullface": "west" },
				"east": { "uv": [ 7.25, 2.5, 7, 2.75 ], "texture": "#voxels_atlas", "cullface": "west" }
			}
		},
		{
			"__comment": "Voxels",
			"from": [ -7.5, 9, 8.5 ],
			"to": [ -4.5, 9.5, 9 ],
			"faces": {
				"down": { "uv": [ 8.25, 9.5, 9.75, 9.75 ], "texture": "#voxels_atlas", "cullface": "west" },
				"up": { "uv": [ 9.75, 9.75, 11.25, 9.5 ], "texture": "#voxels_atlas", "cullface": "west" },
				"south": { "uv": [ 11.25, 9.5, 12.75, 9.75 ], "texture": "#voxels_atlas", "cullface": "west" },
				"west": { "uv": [ 7, 3.5, 7.25, 3.75 ], "texture": "#voxels_atlas", "cullface": "west" },
				"east": { "uv": [ 7.25, 3.75, 7, 4 ], "texture": "#voxels_atlas", "cullface": "west" }
			}
		},
		{
			"__comment": "Voxels",
			"from": [ -7.5, 11, 7.5 ],
			"to": [ -4.5, 11.5, 8 ],
			"faces": {
				"down": { "uv": [ 14.25, 9.5, 15.75, 9.75 ], "texture": "#voxels_atlas", "cullface": "west" },
				"up": { "uv": [ 7.25, 9.5, 8.75, 9.25 ], "texture": "#voxels_atlas", "cullface": "west" },
				"north": { "uv": [ 10.25, 9.25, 8.75, 9.5 ], "texture": "#voxels_atlas", "cullface": "west" },
				"west": { "uv": [ 7, 4, 7.25, 4.25 ], "texture": "#voxels_atlas", "cullface": "west" },
				"east": { "uv": [ 5.5, 0, 5.25, 0.25 ], "texture": "#voxels_atlas", "cullface": "west" }
			}
		},
		{
			"__comment": "Voxels",
			"from": [ -7.5, 11, 8.5 ],
			"to": [ -4.5, 11.5, 9 ],
			"faces": {
				"down": { "uv": [ 13.25, 9.25, 14.75, 9.5 ], "texture": "#voxels_atlas", "cullface": "west" },
				"up": { "uv": [ 5.75, 9.25, 7.25, 9 ], "texture": "#voxels_atlas", "cullface": "west" },
				"south": { "uv": [ 8.75, 9, 10.25, 9.25 ], "texture": "#voxels_atlas", "cullface": "west" },
				"west": { "uv": [ 5.5, 0.25, 5.75, 0.5 ], "texture": "#voxels_atlas", "cullface": "west" },
				"east": { "uv": [ 5.5, 0.25, 5.25, 0.5 ], "texture": "#voxels_atlas", "cullface": "west" }
			}
		},
		{
			"__comment": "Voxels",
			"from": [ -7, 8.5, 8 ],
			"to": [ 10, 9, 8.5 ],
			"faces": {
				"down": { "uv": [ 0, 15.5, 8.5, 15.75 ], "texture": "#voxels_atlas", "cullface": "west" },
				"up": { "uv": [ 0, 14.5, 8.5, 14.25 ], "texture": "#voxels_atlas", "cullface": "west" },
				"north": { "uv": [ 8.5, 14.5, 0, 14.75 ], "texture": "#voxels_atlas", "cullface": "west" },
				"south": { "uv": [ 0, 14.75, 8.5, 15 ], "texture": "#voxels_atlas", "cullface": "west" },
				"west": { "uv": [ 5.5, 0.5, 5.75, 0.75 ], "texture": "#voxels_atlas", "cullface": "west" },
				"east": { "uv": [ 5.5, 3, 5.25, 3.25 ], "texture": "#voxels_atlas", "cullface": "west" }
			}
		},
		{
			"__comment": "Voxels",
			"from": [ -7, 9.5, 7.5 ],
			"to": [ -4, 10, 8 ],
			"faces": {
				"down": { "uv": [ 13.25, 8.75, 14.75, 9 ], "texture": "#voxels_atlas", "cullface": "west" },
				"up": { "uv": [ 5.75, 8.75, 7.25, 8.5 ], "texture": "#voxels_atlas", "cullface": "west" },
				"north": { "uv": [ 7.25, 5.5, 5.75, 5.75 ], "texture": "#voxels_atlas", "cullface": "west" },
				"west": { "uv": [ 5.5, 3.25, 5.75, 3.5 ], "texture": "#voxels_atlas", "cullface": "west" },
				"east": { "uv": [ 5.5, 3.25, 5.25, 3.5 ], "texture": "#voxels_atlas", "cullface": "west" }
			}
		},
		{
			"__comment": "Voxels",
			"from": [ -7, 9.5, 8.5 ],
			"to": [ -4, 10, 9 ],
			"faces": {
				"down": { "uv": [ 5.75, 5, 7.25, 5.25 ], "texture": "#voxels_atlas", "cullface": "west" },
				"up": { "uv": [ 5.75, 5, 7.25, 4.75 ], "texture": "#voxels_atlas", "cullface": "west" },
				"south": { "uv": [ 14.5, 11.5, 16, 11.75 ], "texture": "#voxels_atlas", "cullface": "west" },
				"west": { "uv": [ 5.5, 3.5, 5.75, 3.75 ], "texture": "#voxels_atlas", "cullface": "west" },
				"east": { "uv": [ 5.5, 3.75, 5.25, 4 ], "texture": "#voxels_atlas", "cullface": "west" }
			}
		},
		{
			"__comment": "Voxels",
			"from": [ -7, 10.5, 7.5 ],
			"to": [ -4, 11, 8 ],
			"faces": {
				"down": { "uv": [ 12.75, 9.75, 14.25, 10 ], "texture": "#voxels_atlas", "cullface": "west" },
				"up": { "uv": [ 14.5, 11.5, 16, 11.25 ], "texture": "#voxels_atlas", "cullface": "west" },
				"north": { "uv": [ 6.75, 9.75, 5.25, 10 ], "texture": "#voxels_atlas", "cullface": "west" },
				"west": { "uv": [ 5.5, 4, 5.75, 4.25 ], "texture": "#voxels_atlas", "cullface": "west" },
				"east": { "uv": [ 5.5, 4, 5.25, 4.25 ], "texture": "#voxels_atlas", "cullface": "west" }
			}
		},
		{
			"__comment": "Voxels",
			"from": [ -7, 10.5, 8.5 ],
			"to": [ -4, 11, 9 ],
			"faces": {
				"down": { "uv": [ 6.75, 9.75, 8.25, 10 ], "texture": "#voxels_atlas", "cullface": "west" },
				"up": { "uv": [ 8.25, 10, 9.75, 9.75 ], "texture": "#voxels_atlas", "cullface": "west" },
				"south": { "uv": [ 11.25, 9.75, 12.75, 10 ], "texture": "#voxels_atlas", "cullface": "west" },
				"west": { "uv": [ 5.5, 4.25, 5.75, 4.5 ], "texture": "#voxels_atlas", "cullface": "west" },
				"east": { "uv": [ 5.5, 4.5, 5.25, 4.75 ], "texture": "#voxels_atlas", "cullface": "west" }
			}
		},
		{
			"__comment": "Voxels",
			"from": [ -7, 11.5, 8 ],
			"to": [ 10, 12, 8.5 ],
			"faces": {
				"down": { "uv": [ 0, 15, 8.5, 15.25 ], "texture": "#voxels_atlas", "cullface": "west" },
				"up": { "uv": [ 0, 15.5, 8.5, 15.25 ], "texture": "#voxels_atlas", "cullface": "west" },
				"north": { "uv": [ 8.5, 14, 0, 14.25 ], "texture": "#voxels_atlas", "cullface": "west" },
				"south": { "uv": [ 0, 15.75, 8.5, 16 ], "texture": "#voxels_atlas", "cullface": "west" },
				"west": { "uv": [ 5.5, 4.75, 5.75, 5 ], "texture": "#voxels_atlas", "cullface": "west" },
				"east": { "uv": [ 5.5, 4.75, 5.25, 5 ], "texture": "#voxels_atlas", "cullface": "west" }
			}
		},
		{
			"__comment": "Voxels",
			"from": [ -6.5, 8, 8 ],
			"to": [ 9, 8.5, 8.5 ],
			"faces": {
				"down": { "uv": [ 7.75, 13, 15.5, 13.25 ], "texture": "#voxels_atlas", "cullface": "west" },
				"north": { "uv": [ 7.75, 13.25, 0, 13.5 ], "texture": "#voxels_atlas", "cullface": "west" },
				"south": { "uv": [ 0, 13, 7.75, 13.25 ], "texture": "#voxels_atlas", "cullface": "west" },
				"west": { "uv": [ 5.5, 5, 5.75, 5.25 ], "texture": "#voxels_atlas", "cullface": "west" },
				"east": { "uv": [ 5.5, 5.25, 5.25, 5.5 ], "texture": "#voxels_atlas", "cullface": "west" }
			}
		},
		{
			"__comment": "Voxels",
			"from": [ -6.5, 8.5, 7.5 ],
			"to": [ -5, 9, 8 ],
			"faces": {
				"down": { "uv": [ 14, 8.5, 14.75, 8.75 ], "texture": "#voxels_atlas", "cullface": "west" },
				"north": { "uv": [ 10.25, 8.25, 9.5, 8.5 ], "texture": "#voxels_atlas", "cullface": "west" },
				"west": { "uv": [ 15.75, 10, 16, 10.25 ], "texture": "#voxels_atlas", "cullface": "west" },
				"east": { "uv": [ 16, 10.25, 15.75, 10.5 ], "texture": "#voxels_atlas", "cullface": "west" }
			}
		},
		{
			"__comment": "Voxels",
			"from": [ -6.5, 8.5, 8.5 ],
			"to": [ -5, 9, 9 ],
			"faces": {
				"down": { "uv": [ 14.75, 8.5, 15.5, 8.75 ], "texture": "#voxels_atlas", "cullface": "west" },
				"south": { "uv": [ 15.25, 10.75, 16, 11 ], "texture": "#voxels_atlas", "cullface": "west" },
				"west": { "uv": [ 5, 0.25, 5.25, 0.5 ], "texture": "#voxels_atlas", "cullface": "west" },
				"east": { "uv": [ 5.25, 2.5, 5, 2.75 ], "texture": "#voxels_atlas", "cullface": "west" }
			}
		},
		{
			"__comment": "Voxels",
			"from": [ -6.5, 10, 7.5 ],
			"to": [ -4.5, 10.5, 8 ],
			"faces": {
				"north": { "uv": [ 6.75, 1, 5.75, 1.25 ], "texture": "#voxels_atlas", "cullface": "west" },
				"west": { "uv": [ 5, 1.5, 5.25, 1.75 ], "texture": "#voxels_atlas", "cullface": "west" },
				"east": { "uv": [ 5.25, 1.75, 5, 2 ], "texture": "#voxels_atlas", "cullface": "west" }
			}
		},
		{
			"__comment": "Voxels",
			"from": [ -6.5, 10, 8.5 ],
			"to": [ -4.5, 10.5, 9 ],
			"faces": {
				"south": { "uv": [ 5.75, 0.75, 6.75, 1 ], "texture": "#voxels_atlas", "cullface": "west" },
				"west": { "uv": [ 5, 2.75, 5.25, 3 ], "texture": "#voxels_atlas", "cullface": "west" },
				"east": { "uv": [ 5.25, 3.5, 5, 3.75 ], "texture": "#voxels_atlas", "cullface": "west" }
			}
		},
		{
			"__comment": "Voxels",
			"from": [ -6.5, 11.5, 7.5 ],
			"to": [ -5, 12, 8 ],
			"faces": {
				"up": { "uv": [ 8, 8.5, 8.75, 8.25 ], "texture": "#voxels_atlas", "cullface": "west" },
				"north": { "uv": [ 8, 8.25, 7.25, 8.5 ], "texture": "#voxels_atlas", "cullface": "west" },
				"west": { "uv": [ 5, 4.25, 5.25, 4.5 ], "texture": "#voxels_atlas", "cullface": "west" },
				"east": { "uv": [ 5.25, 4.5, 5, 4.75 ], "texture": "#voxels_atlas", "cullface": "west" }
			}
		},
		{
			"__comment": "Voxels",
			"from": [ -6.5, 11.5, 8.5 ],
			"to": [ -5, 12, 9 ],
			"faces": {
				"up": { "uv": [ 2.5, 1.25, 3.25, 1 ], "texture": "#voxels_atlas", "cullface": "west" },
				"south": { "uv": [ 2.5, 1.5, 3.25, 1.75 ], "texture": "#voxels_atlas", "cullface": "west" },
				"west": { "uv": [ 5, 5.25, 5.25, 5.5 ], "texture": "#voxels_atlas", "cullface": "west" },
				"east": { "uv": [ 3.25, 6.5, 3, 6.75 ], "texture": "#voxels_atlas", "cullface": "west" }
			}
		},
		{
			"__comment": "Voxels",
			"from": [ -6.5, 12, 8 ],
			"to": [ 9, 12.5, 8.5 ],
			"faces": {
				"up": { "uv": [ 7.75, 14, 15.5, 13.75 ], "texture": "#voxels_atlas", "cullface": "west" },
				"north": { "uv": [ 7.75, 13.5, 0, 13.75 ], "texture": "#voxels_atlas", "cullface": "west" },
				"south": { "uv": [ 7.75, 13.5, 15.5, 13.75 ], "texture": "#voxels_atlas", "cullface": "west" },
				"west": { "uv": [ 3, 6.75, 3.25, 7 ], "texture": "#voxels_atlas", "cullface": "west" },
				"east": { "uv": [ 3.25, 7, 3, 7.25 ], "texture": "#voxels_atlas", "cullface": "west" }
			}
		},
		{
			"__comment": "Voxels",
			"from": [ -6, 7.5, 8 ],
			"to": [ 0, 8, 8.5 ],
			"faces": {
				"down": { "uv": [ 0, 8.5, 3, 8.75 ], "texture": "#voxels_atlas", "cullface": "west" },
				"north": { "uv": [ 3, 9.5, 0, 9.75 ], "texture": "#voxels_atlas", "cullface": "west" },
				"south": { "uv": [ 0, 9.25, 3, 9.5 ], "texture": "#voxels_atlas", "cullface": "west" },
				"west": { "uv": [ 3, 7.25, 3.25, 7.5 ], "texture": "#voxels_atlas", "cullface": "west" },
				"east": { "uv": [ 3.25, 7.5, 3, 7.75 ], "texture": "#voxels_atlas", "cullface": "west" }
			}
		},
		{
			"__comment": "Voxels",
			"from": [ -6, 8, 7.5 ],
			"to": [ -5.5, 8.5, 8 ],
			"faces": {
				"down": { "uv": [ 3, 7.75, 3.25, 8 ], "texture": "#voxels_atlas", "cullface": "west" },
				"north": { "uv": [ 3.25, 9.25, 3, 9.5 ], "texture": "#voxels_atlas", "cullface": "west" },
				"west": { "uv": [ 3, 9.75, 3.25, 10 ], "texture": "#voxels_atlas", "cullface": "west" },
				"east": { "uv": [ 8.25, 6.75, 8, 7 ], "texture": "#voxels_atlas", "cullface": "west" }
			}
		},
		{
			"__comment": "Voxels",
			"from": [ -6, 8, 8.5 ],
			"to": [ -5.5, 8.5, 9 ],
			"faces": {
				"down": { "uv": [ 8, 7, 8.25, 7.25 ], "texture": "#voxels_atlas", "cullface": "west" },
				"south": { "uv": [ 13.75, 7.75, 14, 8 ], "texture": "#voxels_atlas", "cullface": "west" },
				"west": { "uv": [ 13, 7.75, 13.25, 8 ], "texture": "#voxels_atlas", "cullface": "west" },
				"east": { "uv": [ 12, 7.75, 11.75, 8 ], "texture": "#voxels_atlas", "cullface": "west" }
			}
		},
		{
			"__comment": "Voxels",
			"from": [ -6, 12, 7.5 ],
			"to": [ -5.5, 12.5, 8 ],
			"faces": {
				"up": { "uv": [ 10.25, 8, 10.5, 7.75 ], "texture": "#voxels_atlas", "cullface": "west" },
				"north": { "uv": [ 10.25, 7.75, 10, 8 ], "texture": "#voxels_atlas", "cullface": "west" },
				"west": { "uv": [ 7.5, 0, 7.75, 0.25 ], "texture": "#voxels_atlas", "cullface": "west" },
				"east": { "uv": [ 8, 0.5, 7.75, 0.75 ], "texture": "#voxels_atlas", "cullface": "west" }
			}
		},
		{
			"__comment": "Voxels",
			"from": [ -6, 12, 8.5 ],
			"to": [ -5.5, 12.5, 9 ],
			"faces": {
				"up": { "uv": [ 7.75, 1.25, 8, 1 ], "texture": "#voxels_atlas", "cullface": "west" },
				"south": { "uv": [ 7.25, 1, 7.5, 1.25 ], "texture": "#voxels_atlas", "cullface": "west" },
				"west": { "uv": [ 7.75, 1.25, 8, 1.5 ], "texture": "#voxels_atlas", "cullface": "west" },
				"east": { "uv": [ 7.5, 1.5, 7.25, 1.75 ], "texture": "#voxels_atlas", "cullface": "west" }
			}
		},
		{
			"__comment": "Voxels",
			"from": [ -6, 12.5, 8 ],
			"to": [ 0, 13, 8.5 ],
			"faces": {
				"up": { "uv": [ 0, 7.5, 3, 7.25 ], "texture": "#voxels_atlas", "cullface": "west" },
				"north": { "uv": [ 3, 7, 0, 7.25 ], "texture": "#voxels_atlas", "cullface": "west" },
				"south": { "uv": [ 0, 6.75, 3, 7 ], "texture": "#voxels_atlas", "cullface": "west" },
				"west": { "uv": [ 7.75, 1.75, 8, 2 ], "texture": "#voxels_atlas", "cullface": "west" },
				"east": { "uv": [ 8, 2, 7.75, 2.25 ], "texture": "#voxels_atlas", "cullface": "west" }
			}
		},
		{
			"__comment": "Voxels",
			"from": [ -5.5, 7, 8 ],
			"to": [ -0.5, 7.5, 8.5 ],
			"faces": {
				"down": { "uv": [ 0, 1, 2.5, 1.25 ], "texture": "#voxels_atlas", "cullface": "west" },
				"north": { "uv": [ 2.5, 4.75, 0, 5 ], "texture": "#voxels_atlas", "cullface": "west" },
				"south": { "uv": [ 0, 5, 2.5, 5.25 ], "texture": "#voxels_atlas", "cullface": "west" },
				"west": { "uv": [ 7.5, 1.5, 7.75, 1.75 ], "texture": "#voxels_atlas", "cullface": "west" },
				"east": { "uv": [ 8, 1.5, 7.75, 1.75 ], "texture": "#voxels_atlas", "cullface": "west" }
			}
		},
		{
			"__comment": "Voxels",
			"from": [ -5.5, 13, 8 ],
			"to": [ -0.5, 13.5, 8.5 ],
			"faces": {
				"up": { "uv": [ 0, 5.75, 2.5, 5.5 ], "texture": "#voxels_atlas", "cullface": "west" },
				"north": { "uv": [ 2.5, 5.75, 0, 6 ], "texture": "#voxels_atlas", "cullface": "west" },
				"south": { "uv": [ 13.5, 12, 16, 12.25 ], "texture": "#voxels_atlas", "cullface": "west" },
				"west": { "uv": [ 7.75, 0.75, 8, 1 ], "texture": "#voxels_atlas", "cullface": "west" },
				"east": { "uv": [ 7.5, 0.5, 7.25, 0.75 ], "texture": "#voxels_atlas", "cullface": "west" }
			}
		},
		{
			"__comment": "Voxels",
			"from": [ -5, 6.5, 8 ],
			"to": [ -1, 7, 8.5 ],
			"faces": {
				"down": { "uv": [ 3.25, 10.75, 5.25, 11 ], "texture": "#voxels_atlas", "cullface": "west" },
				"north": { "uv": [ 13.5, 11, 11.5, 11.25 ], "texture": "#voxels_atlas", "cullface": "west" },
				"south": { "uv": [ 9.5, 11, 11.5, 11.25 ], "texture": "#voxels_atlas", "cullface": "west" },
				"west": { "uv": [ 8.5, 7.75, 8.75, 8 ], "texture": "#voxels_atlas", "cullface": "west" },
				"east": { "uv": [ 9.5, 7.75, 9.25, 8 ], "texture": "#voxels_atlas", "cullface": "west" }
			}
		},
		{
			"__comment": "Voxels",
			"from": [ -5, 13.5, 8 ],
			"to": [ -1, 14, 8.5 ],
			"faces": {
				"up": { "uv": [ 5.5, 11.25, 7.5, 11 ], "texture": "#voxels_atlas", "cullface": "west" },
				"north": { "uv": [ 5.25, 5.5, 3.25, 5.75 ], "texture": "#voxels_atlas", "cullface": "west" },
				"south": { "uv": [ 3.25, 5.75, 5.25, 6 ], "texture": "#voxels_atlas", "cullface": "west" },
				"west": { "uv": [ 12, 7.75, 12.25, 8 ], "texture": "#voxels_atlas", "cullface": "west" },
				"east": { "uv": [ 12.5, 7.75, 12.25, 8 ], "texture": "#voxels_atlas", "cullface": "west" }
			}
		},
		{
			"__comment": "Voxels",
			"from": [ -4.5, 6, 8 ],
			"to": [ -1.5, 6.5, 8.5 ],
			"faces": {
				"down": { "uv": [ 5.75, 8.75, 7.25, 9 ], "texture": "#voxels_atlas", "cullface": "west" },
				"north": { "uv": [ 10.25, 8.75, 8.75, 9 ], "texture": "#voxels_atlas", "cullface": "west" },
				"south": { "uv": [ 10.25, 8.75, 11.75, 9 ], "texture": "#voxels_atlas", "cullface": "west" },
				"west": { "uv": [ 15, 7.75, 15.25, 8 ], "texture": "#voxels_atlas", "cullface": "west" },
				"east": { "uv": [ 8.25, 7.25, 8, 7.5 ], "texture": "#voxels_atlas", "cullface": "west" }
			}
		},
		{
			"__comment": "Voxels",
			"from": [ -4.5, 6.5, 7.5 ],
			"to": [ -1.5, 7.5, 8 ],
			"faces": {
				"down": { "uv": [ 5.75, 9.25, 7.25, 9.5 ], "texture": "#voxels_atlas", "cullface": "west" },
				"up": { "uv": [ 14.25, 10, 15.75, 9.75 ], "texture": "#voxels_atlas", "cullface": "west" },
				"north": { "uv": [ 3, 8, 1.5, 8.5 ], "texture": "#voxels_atlas", "cullface": "west" },
				"south": { "uv": [ 0, 8, 1.5, 8.5 ], "texture": "#voxels_atlas", "cullface": "west" },
				"west": { "uv": [ 3, 8.75, 3.25, 9.25 ], "texture": "#voxels_atlas", "cullface": "west" },
				"east": { "uv": [ 3.25, 8, 3, 8.5 ], "texture": "#voxels_atlas", "cullface": "west" }
			}
		},
		{
			"__comment": "Voxels",
			"from": [ -4.5, 6.5, 8.5 ],
			"to": [ -1.5, 7.5, 9 ],
			"faces": {
				"down": { "uv": [ 5.25, 9.5, 6.75, 9.75 ], "texture": "#voxels_atlas", "cullface": "west" },
				"up": { "uv": [ 6.75, 9.75, 8.25, 9.5 ], "texture": "#voxels_atlas", "cullface": "west" },
				"north": { "uv": [ 3, 8.75, 1.5, 9.25 ], "texture": "#voxels_atlas", "cullface": "west" },
				"south": { "uv": [ 0, 8.75, 1.5, 9.25 ], "texture": "#voxels_atlas", "cullface": "west" },
				"west": { "uv": [ 5.5, 6.5, 5.75, 7 ], "texture": "#voxels_atlas", "cullface": "west" },
				"east": { "uv": [ 5.5, 6.5, 5.25, 7 ], "texture": "#voxels_atlas", "cullface": "west" }
			}
		},
		{
			"__comment": "Voxels",
			"from": [ -4.5, 13, 7.5 ],
			"to": [ -1, 13.5, 8 ],
			"faces": {
				"down": { "uv": [ 3.25, 2, 5, 2.25 ], "texture": "#voxels_atlas", "cullface": "west" },
				"up": { "uv": [ 3.25, 2, 5, 1.75 ], "texture": "#voxels_atlas", "cullface": "west" },
				"north": { "uv": [ 5, 1.5, 3.25, 1.75 ], "texture": "#voxels_atlas", "cullface": "west" },
				"west": { "uv": [ 3, 6.25, 3.25, 6.5 ], "texture": "#voxels_atlas", "cullface": "west" },
				"east": { "uv": [ 3.25, 6, 3, 6.25 ], "texture": "#voxels_atlas", "cullface": "west" }
			}
		},
		{
			"__comment": "Voxels",
			"from": [ -4.5, 13, 8.5 ],
			"to": [ -1, 13.5, 9 ],
			"faces": {
				"down": { "uv": [ 14, 10, 15.75, 10.25 ], "texture": "#voxels_atlas", "cullface": "west" },
				"up": { "uv": [ 12.25, 10.25, 14, 10 ], "texture": "#voxels_atlas", "cullface": "west" },
				"south": { "uv": [ 8.75, 10, 10.5, 10.25 ], "texture": "#voxels_atlas", "cullface": "west" },
				"west": { "uv": [ 5, 5, 5.25, 5.25 ], "texture": "#voxels_atlas", "cullface": "west" },
				"east": { "uv": [ 5.25, 4.75, 5, 5 ], "texture": "#voxels_atlas", "cullface": "west" }
			}
		},
		{
			"__comment": "Voxels",
			"from": [ -4.5, 13.5, 7.5 ],
			"to": [ -1.5, 14, 8 ],
			"faces": {
				"up": { "uv": [ 5.75, 6.25, 7.25, 6 ], "texture": "#voxels_atlas", "cullface": "west" },
				"north": { "uv": [ 7.25, 6.25, 5.75, 6.5 ], "texture": "#voxels_atlas", "cullface": "west" },
				"west": { "uv": [ 5, 4, 5.25, 4.25 ], "texture": "#voxels_atlas", "cullface": "west" },
				"east": { "uv": [ 5.25, 3.75, 5, 4 ], "texture": "#voxels_atlas", "cullface": "west" }
			}
		},
		{
			"__comment": "Voxels",
			"from": [ -4.5, 13.5, 8.5 ],
			"to": [ -1.5, 14, 9 ],
			"faces": {
				"up": { "uv": [ 5.75, 7.25, 7.25, 7 ], "texture": "#voxels_atlas", "cullface": "west" },
				"south": { "uv": [ 5.75, 7.5, 7.25, 7.75 ], "texture": "#voxels_atlas", "cullface": "west" },
				"west": { "uv": [ 5, 3.25, 5.25, 3.5 ], "texture": "#voxels_atlas", "cullface": "west" },
				"east": { "uv": [ 5.25, 3, 5, 3.25 ], "texture": "#voxels_atlas", "cullface": "west" }
			}
		},
		{
			"__comment": "Voxels",
			"from": [ -4.5, 14, 8 ],
			"to": [ -1.5, 14.5, 8.5 ],
			"faces": {
				"up": { "uv": [ 12.75, 9.75, 14.25, 9.5 ], "texture": "#voxels_atlas", "cullface": "west" },
				"north": { "uv": [ 7.25, 8, 5.75, 8.25 ], "texture": "#voxels_atlas", "cullface": "west" },
				"south": { "uv": [ 5.75, 8.25, 7.25, 8.5 ], "texture": "#voxels_atlas", "cullface": "west" },
				"west": { "uv": [ 5, 2.25, 5.25, 2.5 ], "texture": "#voxels_atlas", "cullface": "west" },
				"east": { "uv": [ 5.25, 2, 5, 2.25 ], "texture": "#voxels_atlas", "cullface": "west" }
			}
		},
		{
			"__comment": "Voxels",
			"from": [ -4, 7.5, 7.5 ],
			"to": [ -0.5, 8, 8 ],
			"faces": {
				"down": { "uv": [ 7, 10, 8.75, 10.25 ], "texture": "#voxels_atlas", "cullface": "west" },
				"up": { "uv": [ 5.25, 10.25, 7, 10 ], "texture": "#voxels_atlas", "cullface": "west" },
				"north": { "uv": [ 15.75, 10.25, 14, 10.5 ], "texture": "#voxels_atlas", "cullface": "west" },
				"west": { "uv": [ 5, 1.25, 5.25, 1.5 ], "texture": "#voxels_atlas", "cullface": "west" },
				"east": { "uv": [ 5.25, 1, 5, 1.25 ], "texture": "#voxels_atlas", "cullface": "west" }
			}
		},
		{
			"__comment": "Voxels",
			"from": [ -4, 7.5, 8.5 ],
			"to": [ -0.5, 8, 9 ],
			"faces": {
				"down": { "uv": [ 10.5, 10.25, 12.25, 10.5 ], "texture": "#voxels_atlas", "cullface": "west" },
				"up": { "uv": [ 8.75, 10.5, 10.5, 10.25 ], "texture": "#voxels_atlas", "cullface": "west" },
				"south": { "uv": [ 5.25, 10.25, 7, 10.5 ], "texture": "#voxels_atlas", "cullface": "west" },
				"west": { "uv": [ 5, 0.75, 5.25, 1 ], "texture": "#voxels_atlas", "cullface": "west" },
				"east": { "uv": [ 5.25, 0.5, 5, 0.75 ], "texture": "#voxels_atlas", "cullface": "west" }
			}
		},
		{
			"__comment": "Voxels",
			"from": [ -4, 12.5, 7.5 ],
			"to": [ -0.5, 13, 8 ],
			"faces": {
				"down": { "uv": [ 14, 10.5, 15.75, 10.75 ], "texture": "#voxels_atlas", "cullface": "west" },
				"up": { "uv": [ 12.25, 10.75, 14, 10.5 ], "texture": "#voxels_atlas", "cullface": "west" },
				"north": { "uv": [ 12.25, 10.5, 10.5, 10.75 ], "texture": "#voxels_atlas", "cullface": "west" },
				"west": { "uv": [ 5, 0, 5.25, 0.25 ], "texture": "#voxels_atlas", "cullface": "west" },
				"east": { "uv": [ 16, 10.5, 15.75, 10.75 ], "texture": "#voxels_atlas", "cullface": "west" }
			}
		},
		{
			"__comment": "Voxels",
			"from": [ -4, 12.5, 8.5 ],
			"to": [ -0.5, 13, 9 ],
			"faces": {
				"down": { "uv": [ 7, 10.5, 8.75, 10.75 ], "texture": "#voxels_atlas", "cullface": "west" },
				"up": { "uv": [ 5.25, 10.75, 7, 10.5 ], "texture": "#voxels_atlas", "cullface": "west" },
				"south": { "uv": [ 3.25, 0.25, 5, 0.5 ], "texture": "#voxels_atlas", "cullface": "west" },
				"west": { "uv": [ 15.75, 9.75, 16, 10 ], "texture": "#voxels_atlas", "cullface": "west" },
				"east": { "uv": [ 16, 9.5, 15.75, 9.75 ], "texture": "#voxels_atlas", "cullface": "west" }
			}
		},
		{
			"__comment": "Voxels",
			"from": [ -3.5, 5.5, 8 ],
			"to": [ -2, 6, 8.5 ],
			"faces": {
				"down": { "uv": [ 15.25, 15.5, 16, 15.75 ], "texture": "#voxels_atlas", "cullface": "west" },
				"north": { "uv": [ 3.25, 4.5, 2.5, 4.75 ], "texture": "#voxels_atlas", "cullface": "west" },
				"south": { "uv": [ 2.5, 4.25, 3.25, 4.5 ], "texture": "#voxels_atlas", "cullface": "west" },
				"west": { "uv": [ 5.25, 6, 5.5, 6.25 ], "texture": "#voxels_atlas", "cullface": "west" },
				"east": { "uv": [ 5.75, 6, 5.5, 6.25 ], "texture": "#voxels_atlas", "cullface": "west" }
			}
		},
		{
			"__comment": "Voxels",
			"from": [ -3.5, 6, 7.5 ],
			"to": [ -2, 6.5, 8 ],
			"faces": {
				"down": { "uv": [ 2.5, 2.25, 3.25, 2.5 ], "texture": "#voxels_atlas", "cullface": "west" },
				"north": { "uv": [ 3.25, 1.75, 2.5, 2 ], "texture": "#voxels_atlas", "cullface": "west" },
				"west": { "uv": [ 5.25, 5.75, 5.5, 6 ], "texture": "#voxels_atlas", "cullface": "west" },
				"east": { "uv": [ 5.75, 5.75, 5.5, 6 ], "texture": "#voxels_atlas", "cullface": "west" }
			}
		},
		{
			"__comment": "Voxels",
			"from": [ -3.5, 6, 8.5 ],
			"to": [ -2, 6.5, 9 ],
			"faces": {
				"down": { "uv": [ 10.25, 8.25, 11, 8.5 ], "texture": "#voxels_atlas", "cullface": "west" },
				"south": { "uv": [ 2.5, 4, 3.25, 4.25 ], "texture": "#voxels_atlas", "cullface": "west" },
				"west": { "uv": [ 5.25, 5.5, 5.5, 5.75 ], "texture": "#voxels_atlas", "cullface": "west" },
				"east": { "uv": [ 5.75, 5.5, 5.5, 5.75 ], "texture": "#voxels_atlas", "cullface": "west" }
			}
		},
		{
			"__comment": "Voxels",
			"from": [ -3.5, 8, 7.5 ],
			"to": [ 0, 8.5, 8 ],
			"faces": {
				"down": { "uv": [ 3.25, 0.5, 5, 0.75 ], "texture": "#voxels_atlas", "cullface": "west" },
				"up": { "uv": [ 3.25, 1, 5, 0.75 ], "texture": "#voxels_atlas", "cullface": "west" },
				"north": { "uv": [ 5, 4.25, 3.25, 4.5 ], "texture": "#voxels_atlas", "cullface": "west" },
				"west": { "uv": [ 5.5, 5.25, 5.75, 5.5 ], "texture": "#voxels_atlas", "cullface": "west" },
				"east": { "uv": [ 5.5, 5, 5.25, 5.25 ], "texture": "#voxels_atlas", "cullface": "west" }
			}
		},
		{
			"__comment": "Voxels",
			"from": [ -3.5, 8, 8.5 ],
			"to": [ 0, 8.5, 9 ],
			"faces": {
				"down": { "uv": [ 3.25, 1.25, 5, 1.5 ], "texture": "#voxels_atlas", "cullface": "west" },
				"up": { "uv": [ 3.25, 2.5, 5, 2.25 ], "texture": "#voxels_atlas", "cullface": "west" },
				"south": { "uv": [ 3.25, 3.25, 5, 3.5 ], "texture": "#voxels_atlas", "cullface": "west" },
				"west": { "uv": [ 5.5, 4.5, 5.75, 4.75 ], "texture": "#voxels_atlas", "cullface": "west" },
				"east": { "uv": [ 5.5, 4.25, 5.25, 4.5 ], "texture": "#voxels_atlas", "cullface": "west" }
			}
		},
		{
			"__comment": "Voxels",
			"from": [ -3.5, 12, 7.5 ],
			"to": [ 0, 12.5, 8 ],
			"faces": {
				"down": { "uv": [ 3.25, 4, 5, 4.25 ], "texture": "#voxels_atlas", "cullface": "west" },
				"up": { "uv": [ 3.25, 5.5, 5, 5.25 ], "texture": "#voxels_atlas", "cullface": "west" },
				"north": { "uv": [ 5, 2.75, 3.25, 3 ], "texture": "#voxels_atlas", "cullface": "west" },
				"west": { "uv": [ 5.5, 3.75, 5.75, 4 ], "texture": "#voxels_atlas", "cullface": "west" },
				"east": { "uv": [ 5.5, 3.5, 5.25, 3.75 ], "texture": "#voxels_atlas", "cullface": "west" }
			}
		},
		{
			"__comment": "Voxels",
			"from": [ -3.5, 12, 8.5 ],
			"to": [ 0, 12.5, 9 ],
			"faces": {
				"down": { "uv": [ 3.25, 4.75, 5, 5 ], "texture": "#voxels_atlas", "cullface": "west" },
				"up": { "uv": [ 3.25, 3.75, 5, 3.5 ], "texture": "#voxels_atlas", "cullface": "west" },
				"south": { "uv": [ 3.25, 5, 5, 5.25 ], "texture": "#voxels_atlas", "cullface": "west" },
				"west": { "uv": [ 5.5, 3, 5.75, 3.25 ], "texture": "#voxels_atlas", "cullface": "west" },
				"east": { "uv": [ 5.5, 2.75, 5.25, 3 ], "texture": "#voxels_atlas", "cullface": "west" }
			}
		},
		{
			"__comment": "Voxels",
			"from": [ -3.5, 14, 7.5 ],
			"to": [ -2, 14.5, 8 ],
			"faces": {
				"up": { "uv": [ 13.25, 8.5, 14, 8.25 ], "texture": "#voxels_atlas", "cullface": "west" },
				"north": { "uv": [ 14.75, 8.25, 14, 8.5 ], "texture": "#voxels_atlas", "cullface": "west" },
				"west": { "uv": [ 5.5, 2.25, 5.75, 2.5 ], "texture": "#voxels_atlas", "cullface": "west" },
				"east": { "uv": [ 5.5, 2, 5.25, 2.25 ], "texture": "#voxels_atlas", "cullface": "west" }
			}
		},
		{
			"__comment": "Voxels",
			"from": [ -3.5, 14, 8.5 ],
			"to": [ -2, 14.5, 9 ],
			"faces": {
				"up": { "uv": [ 8, 8.25, 8.75, 8 ], "texture": "#voxels_atlas", "cullface": "west" },
				"south": { "uv": [ 9.5, 8, 10.25, 8.25 ], "texture": "#voxels_atlas", "cullface": "west" },
				"west": { "uv": [ 5.5, 1.5, 5.75, 1.75 ], "texture": "#voxels_atlas", "cullface": "west" },
				"east": { "uv": [ 5.5, 1.25, 5.25, 1.5 ], "texture": "#voxels_atlas", "cullface": "west" }
			}
		},
		{
			"__comment": "Voxels",
			"from": [ -3.5, 14.5, 8 ],
			"to": [ -2, 15, 8.5 ],
			"faces": {
				"up": { "uv": [ 11, 8.25, 11.75, 8 ], "texture": "#voxels_atlas", "cullface": "west" },
				"north": { "uv": [ 12.5, 8, 11.75, 8.25 ], "texture": "#voxels_atlas", "cullface": "west" },
				"south": { "uv": [ 12.5, 8, 13.25, 8.25 ], "texture": "#voxels_atlas", "cullface": "west" },
				"west": { "uv": [ 5.5, 0.75, 5.75, 1 ], "texture": "#voxels_atlas", "cullface": "west" },
				"east": { "uv": [ 5.5, 0.5, 5.25, 0.75 ], "texture": "#voxels_atlas", "cullface": "west" }
			}
		},
		{
			"__comment": "Voxels",
			"from": [ -2.5, 8.5, 7.5 ],
			"to": [ 1.5, 9, 8 ],
			"faces": {
				"down": { "uv": [ 3.25, 6, 5.25, 6.25 ], "texture": "#voxels_atlas", "cullface": "west" },
				"up": { "uv": [ 3.25, 6.5, 5.25, 6.25 ], "texture": "#voxels_atlas", "cullface": "west" },
				"north": { "uv": [ 5.25, 6.5, 3.25, 6.75 ], "texture": "#voxels_atlas", "cullface": "west" },
				"west": { "uv": [ 5.5, 0, 5.75, 0.25 ], "texture": "#voxels_atlas", "cullface": "west" },
				"east": { "uv": [ 7.25, 4.25, 7, 4.5 ], "texture": "#voxels_atlas", "cullface": "west" }
			}
		},
		{
			"__comment": "Voxels",
			"from": [ -2.5, 8.5, 8.5 ],
			"to": [ 1.5, 9, 9 ],
			"faces": {
				"down": { "uv": [ 3.25, 7, 5.25, 7.25 ], "texture": "#voxels_atlas", "cullface": "west" },
				"up": { "uv": [ 3.25, 7.5, 5.25, 7.25 ], "texture": "#voxels_atlas", "cullface": "west" },
				"south": { "uv": [ 3.25, 7.75, 5.25, 8 ], "texture": "#voxels_atlas", "cullface": "west" },
				"west": { "uv": [ 7, 3, 7.25, 3.25 ], "texture": "#voxels_atlas", "cullface": "west" },
				"east": { "uv": [ 7.25, 2.75, 7, 3 ], "texture": "#voxels_atlas", "cullface": "west" }
			}
		},
		{
			"__comment": "Voxels",
			"from": [ -2.5, 9, 8 ],
			"to": [ 11, 9.5, 8.5 ],
			"faces": {
				"down": { "uv": [ 8.5, 15.25, 15.25, 15.5 ], "texture": "#voxels_atlas", "cullface": "west" },
				"up": { "uv": [ 0, 12.5, 6.75, 12.25 ], "texture": "#voxels_atlas", "cullface": "west" },
				"north": { "uv": [ 15.25, 15.5, 8.5, 15.75 ], "texture": "#voxels_atlas", "cullface": "west" },
				"south": { "uv": [ 8.5, 15.75, 15.25, 16 ], "texture": "#voxels_atlas", "cullface": "west" },
				"west": { "uv": [ 7, 1.5, 7.25, 1.75 ], "texture": "#voxels_atlas", "cullface": "west" },
				"east": { "uv": [ 7.25, 1.25, 7, 1.5 ], "texture": "#voxels_atlas", "cullface": "west" }
			}
		},
		{
			"__comment": "Voxels",
			"from": [ -2.5, 11, 8 ],
			"to": [ 11, 11.5, 8.5 ],
			"faces": {
				"down": { "uv": [ 8.5, 15, 15.25, 15.25 ], "texture": "#voxels_atlas", "cullface": "west" },
				"up": { "uv": [ 8.5, 15, 15.25, 14.75 ], "texture": "#voxels_atlas", "cullface": "west" },
				"north": { "uv": [ 6.75, 12.5, 0, 12.75 ], "texture": "#voxels_atlas", "cullface": "west" },
				"south": { "uv": [ 0, 12.75, 6.75, 13 ], "texture": "#voxels_atlas", "cullface": "west" },
				"west": { "uv": [ 6.75, 0.5, 7, 0.75 ], "texture": "#voxels_atlas", "cullface": "west" },
				"east": { "uv": [ 7.25, 0.5, 7, 0.75 ], "texture": "#voxels_atlas", "cullface": "west" }
			}
		},
		{
			"__comment": "Voxels",
			"from": [ -2.5, 11.5, 7.5 ],
			"to": [ 1.5, 12, 8 ],
			"faces": {
				"down": { "uv": [ 3.25, 10, 5.25, 10.25 ], "texture": "#voxels_atlas", "cullface": "west" },
				"up": { "uv": [ 3.25, 10.5, 5.25, 10.25 ], "texture": "#voxels_atlas", "cullface": "west" },
				"north": { "uv": [ 5.25, 10.5, 3.25, 10.75 ], "texture": "#voxels_atlas", "cullface": "west" },
				"west": { "uv": [ 15.5, 8.5, 15.75, 8.75 ], "texture": "#voxels_atlas", "cullface": "west" },
				"east": { "uv": [ 16, 8.5, 15.75, 8.75 ], "texture": "#voxels_atlas", "cullface": "west" }
			}
		},
		{
			"__comment": "Voxels",
			"from": [ -2.5, 11.5, 8.5 ],
			"to": [ 1.5, 12, 9 ],
			"faces": {
				"down": { "uv": [ 11.25, 10.75, 13.25, 11 ], "texture": "#voxels_atlas", "cullface": "west" },
				"up": { "uv": [ 9.25, 11, 11.25, 10.75 ], "texture": "#voxels_atlas", "cullface": "west" },
				"south": { "uv": [ 5.25, 10.75, 7.25, 11 ], "texture": "#voxels_atlas", "cullface": "west" },
				"west": { "uv": [ 7.25, 3.25, 7.5, 3.5 ], "texture": "#voxels_atlas", "cullface": "west" },
				"east": { "uv": [ 7.75, 3.25, 7.5, 3.5 ], "texture": "#voxels_atlas", "cullface": "west" }
			}
		},
		{
			"__comment": "Voxels",
			"from": [ -1.5, 7, 7.5 ],
			"to": [ -1, 7.5, 8 ],
			"faces": {
				"down": { "uv": [ 7.75, 3.25, 8, 3.5 ], "texture": "#voxels_atlas", "cullface": "west" },
				"north": { "uv": [ 7.75, 3, 7.5, 3.25 ], "texture": "#voxels_atlas", "cullface": "west" },
				"east": { "uv": [ 7.75, 2.75, 7.5, 3 ], "texture": "#voxels_atlas", "cullface": "west" }
			}
		},
		{
			"__comment": "Voxels",
			"from": [ -1.5, 7, 8.5 ],
			"to": [ -1, 7.5, 9 ],
			"faces": {
				"down": { "uv": [ 7.75, 2.75, 8, 3 ], "texture": "#voxels_atlas", "cullface": "west" },
				"south": { "uv": [ 7.75, 2.5, 8, 2.75 ], "texture": "#voxels_atlas", "cullface": "west" },
				"east": { "uv": [ 7.75, 2.25, 7.5, 2.5 ], "texture": "#voxels_atlas", "cullface": "west" }
			}
		},
		{
			"__comment": "Voxels",
			"from": [ -1.5, 9, 7.5 ],
			"to": [ 3.5, 9.5, 8 ],
			"faces": {
				"down": { "uv": [ 0, 3, 2.5, 3.25 ], "texture": "#voxels_atlas", "cullface": "west" },
				"up": { "uv": [ 0, 3.5, 2.5, 3.25 ], "texture": "#voxels_atlas", "cullface": "west" },
				"north": { "uv": [ 2.5, 3.5, 0, 3.75 ], "texture": "#voxels_atlas", "cullface": "west" },
				"west": { "uv": [ 7.25, 1.75, 7.5, 2 ], "texture": "#voxels_atlas", "cullface": "west" },
				"east": { "uv": [ 7.75, 1.75, 7.5, 2 ], "texture": "#voxels_atlas", "cullface": "west" }
			}
		},
		{
			"__comment": "Voxels",
			"from": [ -1.5, 9, 8.5 ],
			"to": [ 3.5, 9.5, 9 ],
			"faces": {
				"down": { "uv": [ 0, 2.5, 2.5, 2.75 ], "texture": "#voxels_atlas", "cullface": "west" },
				"up": { "uv": [ 0, 4.25, 2.5, 4 ], "texture": "#voxels_atlas", "cullface": "west" },
				"south": { "uv": [ 0, 4.5, 2.5, 4.75 ], "texture": "#voxels_atlas", "cullface": "west" },
				"west": { "uv": [ 7.25, 1.25, 7.5, 1.5 ], "texture": "#voxels_atlas", "cullface": "west" },
				"east": { "uv": [ 7.75, 1.25, 7.5, 1.5 ], "texture": "#voxels_atlas", "cullface": "west" }
			}
		},
		{
			"__comment": "Voxels",
			"from": [ -1.5, 9.5, 8 ],
			"to": [ 12, 10, 8.5 ],
			"faces": {
				"down": { "uv": [ 6.75, 12.5, 13.5, 12.75 ], "texture": "#voxels_atlas", "cullface": "west" },
				"up": { "uv": [ 8.5, 14.25, 15.25, 14 ], "texture": "#voxels_atlas", "cullface": "west" },
				"north": { "uv": [ 15.25, 14.25, 8.5, 14.5 ], "texture": "#voxels_atlas", "cullface": "west" },
				"south": { "uv": [ 8.5, 14.5, 15.25, 14.75 ], "texture": "#voxels_atlas", "cullface": "west" },
				"west": { "uv": [ 7.25, 0.75, 7.5, 1 ], "texture": "#voxels_atlas", "cullface": "west" },
				"east": { "uv": [ 7.75, 0.75, 7.5, 1 ], "texture": "#voxels_atlas", "cullface": "west" }
			}
		},
		{
			"__comment": "Voxels",
			"from": [ -1.5, 10.5, 8 ],
			"to": [ 12, 11, 8.5 ],
			"faces": {
				"down": { "uv": [ 6.75, 12.75, 13.5, 13 ], "texture": "#voxels_atlas", "cullface": "west" },
				"up": { "uv": [ 6.75, 12.5, 13.5, 12.25 ], "texture": "#voxels_atlas", "cullface": "west" },
				"north": { "uv": [ 6.75, 12, 0, 12.25 ], "texture": "#voxels_atlas", "cullface": "west" },
				"south": { "uv": [ 6.75, 12, 13.5, 12.25 ], "texture": "#voxels_atlas", "cullface": "west" },
				"west": { "uv": [ 7.25, 0.25, 7.5, 0.5 ], "texture": "#voxels_atlas", "cullface": "west" },
				"east": { "uv": [ 7.5, 0, 7.25, 0.25 ], "texture": "#voxels_atlas", "cullface": "west" }
			}
		},
		{
			"__comment": "Voxels",
			"from": [ -1.5, 11, 7.5 ],
			"to": [ 3.5, 11.5, 8 ],
			"faces": {
				"down": { "uv": [ 13.5, 12.25, 16, 12.5 ], "texture": "#voxels_atlas", "cullface": "west" },
				"up": { "uv": [ 13.5, 12.75, 16, 12.5 ], "texture": "#voxels_atlas", "cullface": "west" },
				"north": { "uv": [ 16, 12.75, 13.5, 13 ], "texture": "#voxels_atlas", "cullface": "west" },
				"west": { "uv": [ 8, 7.75, 8.25, 8 ], "texture": "#voxels_atlas", "cullface": "west" },
				"east": { "uv": [ 8.5, 7.75, 8.25, 8 ], "texture": "#voxels_atlas", "cullface": "west" }
			}
		},
		{
			"__comment": "Voxels",
			"from": [ -1.5, 11, 8.5 ],
			"to": [ 3.5, 11.5, 9 ],
			"faces": {
				"down": { "uv": [ 0, 1.5, 2.5, 1.75 ], "texture": "#voxels_atlas", "cullface": "west" },
				"up": { "uv": [ 0, 2, 2.5, 1.75 ], "texture": "#voxels_atlas", "cullface": "west" },
				"south": { "uv": [ 0, 2.25, 2.5, 2.5 ], "texture": "#voxels_atlas", "cullface": "west" },
				"west": { "uv": [ 9.5, 7.75, 9.75, 8 ], "texture": "#voxels_atlas", "cullface": "west" },
				"east": { "uv": [ 10, 7.75, 9.75, 8 ], "texture": "#voxels_atlas", "cullface": "west" }
			}
		},
		{
			"__comment": "Voxels",
			"from": [ 0.5, 9.5, 7.5 ],
			"to": [ 5, 10, 8 ],
			"faces": {
				"down": { "uv": [ 0, 0.5, 2.25, 0.75 ], "texture": "#voxels_atlas" },
				"up": { "uv": [ 0, 1, 2.25, 0.75 ], "texture": "#voxels_atlas" },
				"north": { "uv": [ 5.5, 11, 3.25, 11.25 ], "texture": "#voxels_atlas" },
				"west": { "uv": [ 11, 7.75, 11.25, 8 ], "texture": "#voxels_atlas" },
				"east": { "uv": [ 11.5, 7.75, 11.25, 8 ], "texture": "#voxels_atlas" }
			}
		},
		{
			"__comment": "Voxels",
			"from": [ 0.5, 9.5, 8.5 ],
			"to": [ 5, 10, 9 ],
			"faces": {
				"down": { "uv": [ 7.75, 11.5, 10, 11.75 ], "texture": "#voxels_atlas" },
				"up": { "uv": [ 5.5, 11.75, 7.75, 11.5 ], "texture": "#voxels_atlas" },
				"south": { "uv": [ 12.25, 11.75, 14.5, 12 ], "texture": "#voxels_atlas" },
				"west": { "uv": [ 12.5, 7.75, 12.75, 8 ], "texture": "#voxels_atlas" },
				"east": { "uv": [ 13, 7.75, 12.75, 8 ], "texture": "#voxels_atlas" }
			}
		},
		{
			"__comment": "Voxels",
			"from": [ 0.5, 10.5, 7.5 ],
			"to": [ 5, 11, 8 ],
			"faces": {
				"down": { "uv": [ 5.5, 11.75, 7.75, 12 ], "texture": "#voxels_atlas" },
				"up": { "uv": [ 3.25, 12, 5.5, 11.75 ], "texture": "#voxels_atlas" },
				"north": { "uv": [ 2.25, 0, 0, 0.25 ], "texture": "#voxels_atlas" },
				"west": { "uv": [ 14, 7.75, 14.25, 8 ], "texture": "#voxels_atlas" },
				"east": { "uv": [ 14.5, 7.75, 14.25, 8 ], "texture": "#voxels_atlas" }
			}
		},
		{
			"__comment": "Voxels",
			"from": [ 0.5, 10.5, 8.5 ],
			"to": [ 5, 11, 9 ],
			"faces": {
				"down": { "uv": [ 10, 11.75, 12.25, 12 ], "texture": "#voxels_atlas" },
				"up": { "uv": [ 3.25, 11.75, 5.5, 11.5 ], "texture": "#voxels_atlas" },
				"south": { "uv": [ 10, 11.5, 12.25, 11.75 ], "texture": "#voxels_atlas" },
				"west": { "uv": [ 15.5, 7.75, 15.75, 8 ], "texture": "#voxels_atlas" },
				"east": { "uv": [ 16, 7.75, 15.75, 8 ], "texture": "#voxels_atlas" }
			}
		},
		{
			"__comment": "Voxels",
			"from": [ 9, 10, 8 ],
			"to": [ 13.5, 10.5, 8.5 ],
			"faces": {
				"down": { "uv": [ 12.25, 11.5, 14.5, 11.75 ], "texture": "#voxels_atlas" },
				"up": { "uv": [ 3.25, 11.5, 5.5, 11.25 ], "texture": "#voxels_atlas" },
				"north": { "uv": [ 7.75, 11.25, 5.5, 11.5 ], "texture": "#voxels_atlas" },
				"south": { "uv": [ 7.75, 11.25, 10, 11.5 ], "texture": "#voxels_atlas" },
				"west": { "uv": [ 8, 6.5, 8.25, 6.75 ], "texture": "#voxels_atlas" },
				"east": { "uv": [ 8.25, 6.25, 8, 6.5 ], "texture": "#voxels_atlas" }
			}
		},
		{
			"__comment": "Box91",
			"from": [ -5.25, 8.75, 8.25 ],
			"to": [ 9.25, 11.75, 8.251 ],
			"faces": {
				"north": { "uv": [ 16, 0, 0, 16 ], "texture": "#flare", "cullface": "west" },
				"south": { "uv": [ 0, 0, 16, 16 ], "texture": "#flare", "cullface": "west" },
				"west": { "uv": [ 0, 0, 0.001000404, 3 ], "texture": "#flare", "cullface": "west" },
				"east": { "uv": [ 0, 0, 0.000999928, 3 ], "texture": "#flare", "cullface": "west" }
			}
		}
	],
	"display": {
		"thirdperson_righthand": {
			"rotation":  [ 90, 90, 0 ],
			"translation":  [ 0, 15, -0.5 ],
			"scale":  [ 1, 0.9, 0.6 ]
		},
		"thirdperson_lefthand": {
			"rotation":  [ -90, 90, 0 ],
			"translation":  [ 0, 15, 3 ],
			"scale":  [ 1, 0.9, 0.6 ]
		},
		"firstperson_righthand": {
			"rotation":  [ -80, -90, -5 ],
			"translation":  [ 2, 7, 3 ],
			"scale":  [ 0.6, 0.6, 0.6 ]
		},
		"firstperson_lefthand": {
			"rotation":  [ -80, 95, -5 ],
			"translation":  [ 2, 7, 3 ],
			"scale":  [ 0.6, 0.6, 0.6 ]
		},
		"gui": {
			"rotation":  [ 0, 0, 45 ],
			"translation":  [ 6, 4, 0 ],
			"scale":  [ 0.8, 0.8, 0.8 ]
		},
		"ground": {
			"rotation":  [ 90, 3, 0 ],
			"translation":  [ 4, -1, 0 ],
			"scale":  [ 0.5, 0.5, 0.5 ]
		},
		"fixed": {
			"rotation":  [ 0, 0, 135 ],
			"translation":  [ -4, 8, 0 ]
		}
	}
}