{
	"__comment": "Designed by Elo106 with Cubik Studio - https://cubik.studio",
	"textures": {
		"particle": "items/shalamaynen",
		"texture": "items/shalamaynen",
		"sha_atlas": "items/shalamaynen"
	},
	"elements": [ 	 
		{
			"__comment": "Voxels",
			"from": [ 6.5, 8, -3.5 ],
			"to": [ 10, 9.5, -3 ],
			"faces": {
				"down": { "uv": [ 6.25, 15.25, 7.125, 15.5 ], "texture": "#sha_atlas", "cullface": "north" },
				"up": { "uv": [ 1.5, 0.25, 2.375, 0 ], "texture": "#sha_atlas", "cullface": "north" },
				"north": { "uv": [ 2.25, 3.5, 1.375, 4.25 ], "texture": "#sha_atlas", "cullface": "north" },
				"south": { "uv": [ 1.5, 0.25, 2.375, 1 ], "texture": "#sha_atlas", "cullface": "north" },
				"west": { "uv": [ 8.25, 2.75, 8.375, 3.5 ], "texture": "#sha_atlas", "cullface": "north" },
				"east": { "uv": [ 2.375, 3.5, 2.25, 4.25 ], "texture": "#sha_atlas", "cullface": "north" }
			}
		},
		{
			"__comment": "Voxels",
			"from": [ 7, 4, -5.5 ],
			"to": [ 9.5, 5, -5 ],
			"faces": {
				"down": { "uv": [ 11.375, 15.75, 12, 16 ], "texture": "#sha_atlas", "cullface": "north" },
				"up": { "uv": [ 12, 16, 12.625, 15.75 ], "texture": "#sha_atlas", "cullface": "north" },
				"north": { "uv": [ 3.875, 3.5, 3.25, 4 ], "texture": "#sha_atlas", "cullface": "north" },
				"south": { "uv": [ 3.25, 3, 3.875, 3.5 ], "texture": "#sha_atlas", "cullface": "north" },
				"west": { "uv": [ 7.5, 9, 7.625, 9.5 ], "texture": "#sha_atlas", "cullface": "north" },
				"east": { "uv": [ 7.625, 8.5, 7.5, 9 ], "texture": "#sha_atlas", "cullface": "north" }
			}
		},
		{
			"__comment": "Voxels",
			"from": [ 7, 4, -4 ],
			"to": [ 9.5, 5, -3.5 ],
			"faces": {
				"down": { "uv": [ 15.125, 15.75, 15.75, 16 ], "texture": "#sha_atlas", "cullface": "north" },
				"up": { "uv": [ 7.625, 15.75, 8.25, 15.5 ], "texture": "#sha_atlas", "cullface": "north" },
				"north": { "uv": [ 3.875, 2.5, 3.25, 3 ], "texture": "#sha_atlas", "cullface": "north" },
				"south": { "uv": [ 3.25, 2, 3.875, 2.5 ], "texture": "#sha_atlas", "cullface": "north" },
				"west": { "uv": [ 3.75, 0, 3.875, 0.5 ], "texture": "#sha_atlas", "cullface": "north" },
				"east": { "uv": [ 7.5, 4.5, 7.375, 5 ], "texture": "#sha_atlas", "cullface": "north" }
			}
		},
		{
			"__comment": "Voxels",
			"from": [ 7, 4.5, -6.5 ],
			"to": [ 9.5, 6, -6 ],
			"faces": {
				"down": { "uv": [ 10.75, 15.5, 11.375, 15.75 ], "texture": "#sha_atlas", "cullface": "north" },
				"up": { "uv": [ 11.375, 15.75, 12, 15.5 ], "texture": "#sha_atlas", "cullface": "north" },
				"north": { "uv": [ 5.875, 10.75, 5.25, 11.5 ], "texture": "#sha_atlas", "cullface": "north" },
				"south": { "uv": [ 4.25, 10, 4.875, 10.75 ], "texture": "#sha_atlas", "cullface": "north" },
				"west": { "uv": [ 2.375, 0, 2.5, 0.75 ], "texture": "#sha_atlas", "cullface": "north" },
				"east": { "uv": [ 2.75, 0, 2.625, 0.75 ], "texture": "#sha_atlas", "cullface": "north" }
			}
		},
		{
			"__comment": "Voxels",
			"from": [ 7, 4.5, -6 ],
			"to": [ 9.5, 5.5, -5.5 ],
			"faces": {
				"down": { "uv": [ 14.5, 15.5, 15.125, 15.75 ], "texture": "#sha_atlas", "cullface": "north" },
				"up": { "uv": [ 15.125, 15.75, 15.75, 15.5 ], "texture": "#sha_atlas", "cullface": "north" },
				"south": { "uv": [ 4.25, 9.5, 4.875, 10 ], "texture": "#sha_atlas", "cullface": "north" },
				"west": { "uv": [ 7.5, 4.5, 7.625, 5 ], "texture": "#sha_atlas", "cullface": "north" },
				"east": { "uv": [ 7.5, 3, 7.375, 3.5 ], "texture": "#sha_atlas", "cullface": "north" }
			}
		},
		{
			"__comment": "Voxels",
			"from": [ 7, 4.5, -5 ],
			"to": [ 9.5, 5, -4 ],
			"faces": {
				"down": { "uv": [ 4.375, 9, 5, 9.5 ], "texture": "#sha_atlas", "cullface": "north" },
				"up": { "uv": [ 4.375, 9, 5, 8.5 ], "texture": "#sha_atlas", "cullface": "north" },
				"west": { "uv": [ 15.75, 15.75, 16, 16 ], "texture": "#sha_atlas", "cullface": "north" },
				"east": { "uv": [ 16, 15.5, 15.75, 15.75 ], "texture": "#sha_atlas", "cullface": "north" }
			}
		},
		{
			"__comment": "Voxels",
			"from": [ 7, 4.5, -3.5 ],
			"to": [ 9.5, 5.5, -1.5 ],
			"faces": {
				"down": { "uv": [ 4, 14, 4.625, 15 ], "texture": "#sha_atlas", "cullface": "north" },
				"up": { "uv": [ 2.75, 14, 3.375, 13 ], "texture": "#sha_atlas", "cullface": "north" },
				"north": { "uv": [ 5.625, 9, 5, 9.5 ], "texture": "#sha_atlas", "cullface": "north" },
				"south": { "uv": [ 5, 8.5, 5.625, 9 ], "texture": "#sha_atlas", "cullface": "north" },
				"west": { "uv": [ 6.5, 6.25, 7, 6.75 ], "texture": "#sha_atlas", "cullface": "north" },
				"east": { "uv": [ 3.75, 0, 3.25, 0.5 ], "texture": "#sha_atlas", "cullface": "north" }
			}
		},
		{
			"__comment": "Voxels",
			"from": [ 7, 5, -7.5 ],
			"to": [ 9.5, 5.5, -6.5 ],
			"faces": {
				"down": { "uv": [ 5.625, 9, 6.25, 9.5 ], "texture": "#sha_atlas", "cullface": "north" },
				"up": { "uv": [ 5.625, 9, 6.25, 8.5 ], "texture": "#sha_atlas", "cullface": "north" },
				"north": { "uv": [ 8.25, 11, 7.625, 11.25 ], "texture": "#sha_atlas", "cullface": "north" },
				"west": { "uv": [ 15.75, 14.5, 16, 14.75 ], "texture": "#sha_atlas", "cullface": "north" },
				"east": { "uv": [ 16, 14.25, 15.75, 14.5 ], "texture": "#sha_atlas", "cullface": "north" }
			}
		},
		{
			"__comment": "Voxels",
			"from": [ 7, 5, -1 ],
			"to": [ 9.5, 7, 0 ],
			"faces": {
				"down": { "uv": [ 6.25, 9, 6.875, 9.5 ], "texture": "#sha_atlas", "cullface": "north" },
				"up": { "uv": [ 6.25, 9, 6.875, 8.5 ], "texture": "#sha_atlas", "cullface": "north" },
				"north": { "uv": [ 4, 14, 3.375, 15 ], "texture": "#sha_atlas", "cullface": "north" },
				"south": { "uv": [ 2.75, 14, 3.375, 15 ], "texture": "#sha_atlas", "cullface": "north" },
				"west": { "uv": [ 4.375, 1, 4.625, 2 ], "texture": "#sha_atlas", "cullface": "north" },
				"east": { "uv": [ 4.625, 5, 4.375, 6 ], "texture": "#sha_atlas", "cullface": "north" }
			}
		},
		{
			"__comment": "Voxels",
			"from": [ 7, 5.5, -7 ],
			"to": [ 9.5, 6, -6.5 ],
			"faces": {
				"up": { "uv": [ 7.625, 9.75, 8.25, 9.5 ], "texture": "#sha_atlas", "cullface": "north" },
				"north": { "uv": [ 8.25, 6.75, 7.625, 7 ], "texture": "#sha_atlas", "cullface": "north" },
				"west": { "uv": [ 14, 13, 14.125, 13.25 ], "texture": "#sha_atlas", "cullface": "north" },
				"east": { "uv": [ 14.25, 13, 14.125, 13.25 ], "texture": "#sha_atlas", "cullface": "north" }
			}
		},
		{
			"__comment": "Voxels",
			"from": [ 7, 5.5, -2.5 ],
			"to": [ 9.5, 6, -1 ],
			"faces": {
				"down": { "uv": [ 4.625, 13.25, 5.25, 14 ], "texture": "#sha_atlas", "cullface": "north" },
				"up": { "uv": [ 5.25, 14, 5.875, 13.25 ], "texture": "#sha_atlas", "cullface": "north" },
				"north": { "uv": [ 8.25, 4.75, 7.625, 5 ], "texture": "#sha_atlas", "cullface": "north" },
				"west": { "uv": [ 6.375, 9.5, 6.75, 9.75 ], "texture": "#sha_atlas", "cullface": "north" },
				"east": { "uv": [ 7.125, 9.5, 6.75, 9.75 ], "texture": "#sha_atlas", "cullface": "north" }
			}
		},
		{
			"__comment": "Voxels",
			"from": [ 7, 5.5, 0 ],
			"to": [ 9.5, 6.5, 0.5 ],
			"faces": {
				"down": { "uv": [ 7.625, 4.25, 8.25, 4.5 ], "texture": "#sha_atlas" },
				"up": { "uv": [ 7.625, 4.25, 8.25, 4 ], "texture": "#sha_atlas" },
				"south": { "uv": [ 3.25, 8, 3.875, 8.5 ], "texture": "#sha_atlas" },
				"west": { "uv": [ 8.25, 0, 8.375, 0.5 ], "texture": "#sha_atlas" },
				"east": { "uv": [ 8.625, 0, 8.5, 0.5 ], "texture": "#sha_atlas" }
			}
		},
		{
			"__comment": "Voxels",
			"from": [ 7, 5.5, 0.5 ],
			"to": [ 9.5, 6, 1.5 ],
			"faces": {
				"down": { "uv": [ 6.375, 8, 7, 8.5 ], "texture": "#sha_atlas" },
				"up": { "uv": [ 5.125, 8.5, 5.75, 8 ], "texture": "#sha_atlas" },
				"south": { "uv": [ 7.625, 3, 8.25, 3.25 ], "texture": "#sha_atlas" },
				"west": { "uv": [ 15.75, 13.75, 16, 14 ], "texture": "#sha_atlas" },
				"east": { "uv": [ 9.25, 13.5, 9, 13.75 ], "texture": "#sha_atlas" }
			}
		},
		{
			"__comment": "Voxels",
			"from": [ 7, 6, -2 ],
			"to": [ 9.5, 8.5, -1.5 ],
			"faces": {
				"up": { "uv": [ 7.625, 2.75, 8.25, 2.5 ], "texture": "#sha_atlas", "cullface": "north" },
				"north": { "uv": [ 2.375, 5.5, 1.75, 6.75 ], "texture": "#sha_atlas", "cullface": "north" },
				"south": { "uv": [ 1.75, 11.5, 2.375, 12.75 ], "texture": "#sha_atlas", "cullface": "north" },
				"west": { "uv": [ 7.875, 1.25, 8, 2.5 ], "texture": "#sha_atlas", "cullface": "north" },
				"east": { "uv": [ 8.125, 1.25, 8, 2.5 ], "texture": "#sha_atlas", "cullface": "north" }
			}
		},
		{
			"__comment": "Voxels",
			"from": [ 7, 6, -1.5 ],
			"to": [ 9.5, 7.5, -1 ],
			"faces": {
				"up": { "uv": [ 7.625, 1, 8.25, 0.75 ], "texture": "#sha_atlas", "cullface": "north" },
				"south": { "uv": [ 6.375, 12.25, 7, 13 ], "texture": "#sha_atlas", "cullface": "north" },
				"west": { "uv": [ 7.625, 0, 7.75, 0.75 ], "texture": "#sha_atlas", "cullface": "north" },
				"east": { "uv": [ 7.875, 0, 7.75, 0.75 ], "texture": "#sha_atlas", "cullface": "north" }
			}
		},
		{
			"__comment": "Voxels",
			"from": [ 7, 7.5, -12 ],
			"to": [ 9.5, 8, -11 ],
			"faces": {
				"down": { "uv": [ 5.125, 7.5, 5.75, 8 ], "texture": "#sha_atlas", "cullface": "north" },
				"up": { "uv": [ 5.75, 8, 6.375, 7.5 ], "texture": "#sha_atlas", "cullface": "north" },
				"north": { "uv": [ 2.375, 5.25, 1.75, 5.5 ], "texture": "#sha_atlas", "cullface": "north" },
				"south": { "uv": [ 3.375, 13, 4, 13.25 ], "texture": "#sha_atlas", "cullface": "north" },
				"west": { "uv": [ 9.25, 13.5, 9.5, 13.75 ], "texture": "#sha_atlas", "cullface": "north" },
				"east": { "uv": [ 9.75, 13.5, 9.5, 13.75 ], "texture": "#sha_atlas", "cullface": "north" }
			}
		},
		{
			"__comment": "Voxels",
			"from": [ 7, 7.5, -10.5 ],
			"to": [ 9.5, 8.5, -10 ],
			"faces": {
				"down": { "uv": [ 4, 13, 4.625, 13.25 ], "texture": "#sha_atlas", "cullface": "north" },
				"up": { "uv": [ 4.625, 13.25, 5.25, 13 ], "texture": "#sha_atlas", "cullface": "north" },
				"north": { "uv": [ 7.625, 7.5, 7, 8 ], "texture": "#sha_atlas", "cullface": "north" },
				"south": { "uv": [ 3.25, 7, 3.875, 7.5 ], "texture": "#sha_atlas", "cullface": "north" },
				"west": { "uv": [ 9, 13, 9.125, 13.5 ], "texture": "#sha_atlas", "cullface": "north" },
				"east": { "uv": [ 9.125, 12.5, 9, 13 ], "texture": "#sha_atlas", "cullface": "north" }
			}
		},
		{
			"__comment": "Voxels",
			"from": [ 7, 7.5, -4 ],
			"to": [ 9.5, 10, -3.5 ],
			"faces": {
				"down": { "uv": [ 5.25, 13, 5.875, 13.25 ], "texture": "#sha_atlas", "cullface": "north" },
				"up": { "uv": [ 5.875, 13.25, 6.5, 13 ], "texture": "#sha_atlas", "cullface": "north" },
				"north": { "uv": [ 2.375, 12.75, 1.75, 14 ], "texture": "#sha_atlas", "cullface": "north" },
				"south": { "uv": [ 0.75, 3, 1.375, 4.25 ], "texture": "#sha_atlas", "cullface": "north" },
				"west": { "uv": [ 6, 0.75, 6.125, 2 ], "texture": "#sha_atlas", "cullface": "north" },
				"east": { "uv": [ 6.25, 0.75, 6.125, 2 ], "texture": "#sha_atlas", "cullface": "north" }
			}
		},
		{
			"__comment": "Voxels",
			"from": [ 7, 7.5, -3.5 ],
			"to": [ 9.5, 8, -3 ],
			"faces": {
				"down": { "uv": [ 6.5, 13, 7.125, 13.25 ], "texture": "#sha_atlas", "cullface": "north" },
				"south": { "uv": [ 6.875, 2.75, 7.5, 3 ], "texture": "#sha_atlas", "cullface": "north" },
				"west": { "uv": [ 14.25, 13, 14.375, 13.25 ], "texture": "#sha_atlas", "cullface": "north" },
				"east": { "uv": [ 14.5, 13, 14.375, 13.25 ], "texture": "#sha_atlas", "cullface": "north" }
			}
		},
		{
			"__comment": "Voxels",
			"from": [ 7, 7.5, -2.5 ],
			"to": [ 9.5, 8.5, -2 ],
			"faces": {
				"down": { "uv": [ 6.25, 2.5, 6.875, 2.75 ], "texture": "#sha_atlas", "cullface": "north" },
				"up": { "uv": [ 6.875, 2.75, 7.5, 2.5 ], "texture": "#sha_atlas", "cullface": "north" },
				"north": { "uv": [ 3.875, 6.5, 3.25, 7 ], "texture": "#sha_atlas", "cullface": "north" },
				"west": { "uv": [ 9, 11.5, 9.125, 12 ], "texture": "#sha_atlas", "cullface": "north" },
				"east": { "uv": [ 9.125, 11, 9, 11.5 ], "texture": "#sha_atlas", "cullface": "north" }
			}
		},
		{
			"__comment": "Voxels",
			"from": [ 7, 8, -12.5 ],
			"to": [ 9.5, 8.5, -12 ],
			"faces": {
				"down": { "uv": [ 6.25, 2.25, 6.875, 2.5 ], "texture": "#sha_atlas", "cullface": "north" },
				"up": { "uv": [ 6.875, 2.5, 7.5, 2.25 ], "texture": "#sha_atlas", "cullface": "north" },
				"north": { "uv": [ 6.875, 2, 6.25, 2.25 ], "texture": "#sha_atlas", "cullface": "north" },
				"south": { "uv": [ 6.875, 2, 7.5, 2.25 ], "texture": "#sha_atlas", "cullface": "north" },
				"west": { "uv": [ 14.5, 13, 14.625, 13.25 ], "texture": "#sha_atlas", "cullface": "north" },
				"east": { "uv": [ 14.75, 13, 14.625, 13.25 ], "texture": "#sha_atlas", "cullface": "north" }
			}
		},
		{
			"__comment": "Voxels",
			"from": [ 7, 8, -11 ],
			"to": [ 9.5, 8.5, -10.5 ],
			"faces": {
				"down": { "uv": [ 6.25, 1.75, 6.875, 2 ], "texture": "#sha_atlas", "cullface": "north" },
				"up": { "uv": [ 6.875, 2, 7.5, 1.75 ], "texture": "#sha_atlas", "cullface": "north" },
				"north": { "uv": [ 6.875, 1.5, 6.25, 1.75 ], "texture": "#sha_atlas", "cullface": "north" },
				"west": { "uv": [ 14.75, 13, 14.875, 13.25 ], "texture": "#sha_atlas", "cullface": "north" },
				"east": { "uv": [ 15, 13, 14.875, 13.25 ], "texture": "#sha_atlas", "cullface": "north" }
			}
		},
		{
			"__comment": "Voxels",
			"from": [ 7, 8, -10 ],
			"to": [ 9.5, 9.5, -9 ],
			"faces": {
				"down": { "uv": [ 3.25, 4.5, 3.875, 5 ], "texture": "#sha_atlas", "cullface": "north" },
				"up": { "uv": [ 3.25, 4.5, 3.875, 4 ], "texture": "#sha_atlas", "cullface": "north" },
				"north": { "uv": [ 4, 13.25, 3.375, 14 ], "texture": "#sha_atlas", "cullface": "north" },
				"south": { "uv": [ 5.875, 13.25, 6.5, 14 ], "texture": "#sha_atlas", "cullface": "north" },
				"west": { "uv": [ 7.375, 6, 7.625, 6.75 ], "texture": "#sha_atlas", "cullface": "north" },
				"east": { "uv": [ 5.375, 3.75, 5.125, 4.5 ], "texture": "#sha_atlas", "cullface": "north" }
			}
		},
		{
			"__comment": "Voxels",
			"from": [ 7, 8, -9 ],
			"to": [ 9.5, 8.5, -8.5 ],
			"faces": {
				"down": { "uv": [ 6.25, 1.25, 6.875, 1.5 ], "texture": "#sha_atlas", "cullface": "north" },
				"up": { "uv": [ 6.25, 1.25, 6.875, 1 ], "texture": "#sha_atlas", "cullface": "north" },
				"south": { "uv": [ 6.25, 0.5, 6.875, 0.75 ], "texture": "#sha_atlas", "cullface": "north" },
				"west": { "uv": [ 15.5, 13, 15.625, 13.25 ], "texture": "#sha_atlas", "cullface": "north" },
				"east": { "uv": [ 15.75, 13, 15.625, 13.25 ], "texture": "#sha_atlas", "cullface": "north" }
			}
		},
		{
			"__comment": "Voxels",
			"from": [ 7, 8, -8 ],
			"to": [ 9.5, 9.5, -7.5 ],
			"faces": {
				"down": { "uv": [ 6.25, 0.25, 6.875, 0.5 ], "texture": "#sha_atlas", "cullface": "north" },
				"up": { "uv": [ 6.25, 0.25, 6.875, 0 ], "texture": "#sha_atlas", "cullface": "north" },
				"north": { "uv": [ 7.125, 13.25, 6.5, 14 ], "texture": "#sha_atlas", "cullface": "north" },
				"south": { "uv": [ 5, 12.25, 5.625, 13 ], "texture": "#sha_atlas", "cullface": "north" },
				"west": { "uv": [ 8.25, 7.25, 8.375, 8 ], "texture": "#sha_atlas", "cullface": "north" },
				"east": { "uv": [ 8.375, 6.5, 8.25, 7.25 ], "texture": "#sha_atlas", "cullface": "north" }
			}
		},
		{
			"__comment": "Voxels",
			"from": [ 7, 8, -7.5 ],
			"to": [ 9.5, 8.5, -7 ],
			"faces": {
				"down": { "uv": [ 6.875, 1.25, 7.5, 1.5 ], "texture": "#sha_atlas", "cullface": "north" },
				"up": { "uv": [ 6.875, 1.25, 7.5, 1 ], "texture": "#sha_atlas", "cullface": "north" },
				"south": { "uv": [ 6.875, 0.5, 7.5, 0.75 ], "texture": "#sha_atlas", "cullface": "north" },
				"west": { "uv": [ 15.875, 13, 16, 13.25 ], "texture": "#sha_atlas", "cullface": "north" },
				"east": { "uv": [ 9.5, 12.75, 9.375, 13 ], "texture": "#sha_atlas", "cullface": "north" }
			}
		},
		{
			"__comment": "Voxels",
			"from": [ 7, 8, -6.5 ],
			"to": [ 9.5, 9.5, -6 ],
			"faces": {
				"down": { "uv": [ 7.625, 5, 8.25, 5.25 ], "texture": "#sha_atlas", "cullface": "north" },
				"up": { "uv": [ 6.875, 0.25, 7.5, 0 ], "texture": "#sha_atlas", "cullface": "north" },
				"north": { "uv": [ 7, 11.5, 6.375, 12.25 ], "texture": "#sha_atlas", "cullface": "north" },
				"south": { "uv": [ 2.75, 10.75, 3.375, 11.5 ], "texture": "#sha_atlas", "cullface": "north" },
				"west": { "uv": [ 8.25, 4.25, 8.375, 5 ], "texture": "#sha_atlas", "cullface": "north" },
				"east": { "uv": [ 8.375, 3.5, 8.25, 4.25 ], "texture": "#sha_atlas", "cullface": "north" }
			}
		},
		{
			"__comment": "Voxels",
			"from": [ 7, 8, -6 ],
			"to": [ 9.5, 8.5, -5.5 ],
			"faces": {
				"down": { "uv": [ 7.625, 15.75, 8.25, 16 ], "texture": "#sha_atlas", "cullface": "north" },
				"up": { "uv": [ 8.25, 16, 8.875, 15.75 ], "texture": "#sha_atlas", "cullface": "north" },
				"south": { "uv": [ 10.75, 15.75, 11.375, 16 ], "texture": "#sha_atlas", "cullface": "north" },
				"west": { "uv": [ 9.375, 12.5, 9.5, 12.75 ], "texture": "#sha_atlas", "cullface": "north" },
				"east": { "uv": [ 9.5, 11.75, 9.375, 12 ], "texture": "#sha_atlas", "cullface": "north" }
			}
		},
		{
			"__comment": "Voxels",
			"from": [ 7, 8, -5 ],
			"to": [ 9.5, 9.5, -4 ],
			"faces": {
				"down": { "uv": [ 7, 8, 7.625, 8.5 ], "texture": "#sha_atlas", "cullface": "north" },
				"up": { "uv": [ 3.25, 8, 3.875, 7.5 ], "texture": "#sha_atlas", "cullface": "north" },
				"north": { "uv": [ 4, 10.75, 3.375, 11.5 ], "texture": "#sha_atlas", "cullface": "north" },
				"west": { "uv": [ 3.625, 1.25, 3.875, 2 ], "texture": "#sha_atlas", "cullface": "north" },
				"east": { "uv": [ 3.875, 0.5, 3.625, 1.25 ], "texture": "#sha_atlas", "cullface": "north" }
			}
		},
		{
			"__comment": "Voxels",
			"from": [ 7, 8, -3 ],
			"to": [ 9.5, 9.5, -2.5 ],
			"faces": {
				"down": { "uv": [ 9.5, 15.75, 10.125, 16 ], "texture": "#sha_atlas", "cullface": "north" },
				"up": { "uv": [ 10.125, 16, 10.75, 15.75 ], "texture": "#sha_atlas", "cullface": "north" },
				"south": { "uv": [ 4.625, 10.75, 5.25, 11.5 ], "texture": "#sha_atlas", "cullface": "north" },
				"west": { "uv": [ 8.25, 0.5, 8.375, 1.25 ], "texture": "#sha_atlas", "cullface": "north" },
				"east": { "uv": [ 8.5, 14.5, 8.375, 15.25 ], "texture": "#sha_atlas", "cullface": "north" }
			}
		},
		{
			"__comment": "Voxels",
			"from": [ 7, 8, -1.5 ],
			"to": [ 9.5, 9.5, -0.5 ],
			"faces": {
				"down": { "uv": [ 3.25, 6, 3.875, 6.5 ], "texture": "#sha_atlas", "cullface": "north" },
				"up": { "uv": [ 3.25, 6, 3.875, 5.5 ], "texture": "#sha_atlas", "cullface": "north" },
				"north": { "uv": [ 6.5, 10.75, 5.875, 11.5 ], "texture": "#sha_atlas", "cullface": "north" },
				"south": { "uv": [ 6.5, 10.75, 7.125, 11.5 ], "texture": "#sha_atlas", "cullface": "north" },
				"west": { "uv": [ 5.125, 3, 5.375, 3.75 ], "texture": "#sha_atlas", "cullface": "north" },
				"east": { "uv": [ 5.375, 2.25, 5.125, 3 ], "texture": "#sha_atlas", "cullface": "north" }
			}
		},
		{
			"__comment": "Voxels",
			"from": [ 7, 8.5, -13 ],
			"to": [ 9.5, 9, -12.5 ],
			"faces": {
				"down": { "uv": [ 12.625, 15.75, 13.25, 16 ], "texture": "#sha_atlas", "cullface": "north" },
				"up": { "uv": [ 13.25, 16, 13.875, 15.75 ], "texture": "#sha_atlas", "cullface": "north" },
				"north": { "uv": [ 14.5, 15.75, 13.875, 16 ], "texture": "#sha_atlas", "cullface": "north" },
				"south": { "uv": [ 14.5, 15.75, 15.125, 16 ], "texture": "#sha_atlas", "cullface": "north" },
				"west": { "uv": [ 9.375, 11.5, 9.5, 11.75 ], "texture": "#sha_atlas", "cullface": "north" },
				"east": { "uv": [ 9.5, 10.75, 9.375, 11 ], "texture": "#sha_atlas", "cullface": "north" }
			}
		},
		{
			"__comment": "Voxels",
			"from": [ 7, 8.5, -0.5 ],
			"to": [ 9.5, 9, 0 ],
			"faces": {
				"down": { "uv": [ 8.25, 15.5, 8.875, 15.75 ], "texture": "#sha_atlas", "cullface": "north" },
				"up": { "uv": [ 8.875, 15.75, 9.5, 15.5 ], "texture": "#sha_atlas", "cullface": "north" },
				"south": { "uv": [ 10.125, 15.5, 10.75, 15.75 ], "texture": "#sha_atlas", "cullface": "north" },
				"west": { "uv": [ 9.375, 10.5, 9.5, 10.75 ], "texture": "#sha_atlas", "cullface": "north" },
				"east": { "uv": [ 9.5, 7.5, 9.375, 7.75 ], "texture": "#sha_atlas", "cullface": "north" }
			}
		},
		{
			"__comment": "Voxels",
			"from": [ 7, 9, -12.5 ],
			"to": [ 9.5, 9.5, -12 ],
			"faces": {
				"down": { "uv": [ 12, 15.5, 12.625, 15.75 ], "texture": "#sha_atlas", "cullface": "north" },
				"up": { "uv": [ 12.625, 15.75, 13.25, 15.5 ], "texture": "#sha_atlas", "cullface": "north" },
				"north": { "uv": [ 13.875, 15.5, 13.25, 15.75 ], "texture": "#sha_atlas", "cullface": "north" },
				"south": { "uv": [ 13.875, 15.5, 14.5, 15.75 ], "texture": "#sha_atlas", "cullface": "north" },
				"west": { "uv": [ 9.375, 5.75, 9.5, 6 ], "texture": "#sha_atlas", "cullface": "north" },
				"east": { "uv": [ 10, 12.75, 9.875, 13 ], "texture": "#sha_atlas", "cullface": "north" }
			}
		},
		{
			"__comment": "Voxels",
			"from": [ 7, 9, -11 ],
			"to": [ 9.5, 9.5, -10 ],
			"faces": {
				"down": { "uv": [ 6.375, 7.5, 7, 8 ], "texture": "#sha_atlas", "cullface": "north" },
				"up": { "uv": [ 1.375, 3.5, 2, 3 ], "texture": "#sha_atlas", "cullface": "north" },
				"north": { "uv": [ 8.25, 15.25, 7.625, 15.5 ], "texture": "#sha_atlas", "cullface": "north" },
				"west": { "uv": [ 11.5, 13.5, 11.75, 13.75 ], "texture": "#sha_atlas", "cullface": "north" },
				"east": { "uv": [ 12, 13.5, 11.75, 13.75 ], "texture": "#sha_atlas", "cullface": "north" }
			}
		},
		{
			"__comment": "Voxels",
			"from": [ 7, 9, -9 ],
			"to": [ 9.5, 9.5, -8.5 ],
			"faces": {
				"down": { "uv": [ 7.625, 14.25, 8.25, 14.5 ], "texture": "#sha_atlas", "cullface": "north" },
				"up": { "uv": [ 7.625, 14.25, 8.25, 14 ], "texture": "#sha_atlas", "cullface": "north" },
				"south": { "uv": [ 7.625, 13.5, 8.25, 13.75 ], "texture": "#sha_atlas", "cullface": "north" },
				"west": { "uv": [ 10.25, 12.75, 10.375, 13 ], "texture": "#sha_atlas", "cullface": "north" },
				"east": { "uv": [ 10.5, 12.75, 10.375, 13 ], "texture": "#sha_atlas", "cullface": "north" }
			}
		},
		{
			"__comment": "Voxels",
			"from": [ 7, 9, -7.5 ],
			"to": [ 9.5, 9.5, -7 ],
			"faces": {
				"down": { "uv": [ 7.625, 12, 8.25, 12.25 ], "texture": "#sha_atlas", "cullface": "north" },
				"up": { "uv": [ 7.625, 12, 8.25, 11.75 ], "texture": "#sha_atlas", "cullface": "north" },
				"south": { "uv": [ 7.625, 11.25, 8.25, 11.5 ], "texture": "#sha_atlas", "cullface": "north" },
				"west": { "uv": [ 11.25, 12.75, 11.375, 13 ], "texture": "#sha_atlas", "cullface": "north" },
				"east": { "uv": [ 11.5, 12.75, 11.375, 13 ], "texture": "#sha_atlas", "cullface": "north" }
			}
		},
		{
			"__comment": "Voxels",
			"from": [ 7, 9, -6 ],
			"to": [ 9.5, 9.5, -5.5 ],
			"faces": {
				"down": { "uv": [ 7.625, 10.5, 8.25, 10.75 ], "texture": "#sha_atlas", "cullface": "north" },
				"up": { "uv": [ 7.625, 10.5, 8.25, 10.25 ], "texture": "#sha_atlas", "cullface": "north" },
				"south": { "uv": [ 7.625, 9.75, 8.25, 10 ], "texture": "#sha_atlas", "cullface": "north" },
				"west": { "uv": [ 11.75, 12.75, 11.875, 13 ], "texture": "#sha_atlas", "cullface": "north" },
				"east": { "uv": [ 12, 12.75, 11.875, 13 ], "texture": "#sha_atlas", "cullface": "north" }
			}
		},
		{
			"__comment": "Voxels",
			"from": [ 7, 9, -2.5 ],
			"to": [ 9.5, 10, -1.5 ],
			"faces": {
				"down": { "uv": [ 6.875, 9, 7.5, 9.5 ], "texture": "#sha_atlas", "cullface": "north" },
				"up": { "uv": [ 3.875, 8.5, 4.5, 8 ], "texture": "#sha_atlas", "cullface": "north" },
				"north": { "uv": [ 5.125, 8, 4.5, 8.5 ], "texture": "#sha_atlas", "cullface": "north" },
				"south": { "uv": [ 5.75, 8, 6.375, 8.5 ], "texture": "#sha_atlas", "cullface": "north" },
				"west": { "uv": [ 7.375, 5.5, 7.625, 6 ], "texture": "#sha_atlas", "cullface": "north" },
				"east": { "uv": [ 7.625, 5, 7.375, 5.5 ], "texture": "#sha_atlas", "cullface": "north" }
			}
		},
		{
			"__comment": "Voxels",
			"from": [ 7, 9.5, -12 ],
			"to": [ 9.5, 10, -11 ],
			"faces": {
				"down": { "uv": [ 3.875, 7.5, 4.5, 8 ], "texture": "#sha_atlas", "cullface": "north" },
				"up": { "uv": [ 4.5, 8, 5.125, 7.5 ], "texture": "#sha_atlas", "cullface": "north" },
				"north": { "uv": [ 8.25, 9.25, 7.625, 9.5 ], "texture": "#sha_atlas", "cullface": "north" },
				"south": { "uv": [ 7.625, 9, 8.25, 9.25 ], "texture": "#sha_atlas", "cullface": "north" },
				"west": { "uv": [ 12.75, 13.5, 13, 13.75 ], "texture": "#sha_atlas", "cullface": "north" },
				"east": { "uv": [ 13.25, 13.5, 13, 13.75 ], "texture": "#sha_atlas", "cullface": "north" }
			}
		},
		{
			"__comment": "Voxels",
			"from": [ 7, 9.5, -10.5 ],
			"to": [ 9.5, 10, -10 ],
			"faces": {
				"up": { "uv": [ 7.625, 8.75, 8.25, 8.5 ], "texture": "#sha_atlas", "cullface": "north" },
				"north": { "uv": [ 8.25, 8.25, 7.625, 8.5 ], "texture": "#sha_atlas", "cullface": "north" },
				"south": { "uv": [ 7.625, 8, 8.25, 8.25 ], "texture": "#sha_atlas", "cullface": "north" },
				"west": { "uv": [ 12.25, 12.75, 12.375, 13 ], "texture": "#sha_atlas", "cullface": "north" },
				"east": { "uv": [ 4.375, 0, 4.25, 0.25 ], "texture": "#sha_atlas", "cullface": "north" }
			}
		},
		{
			"__comment": "Voxels",
			"from": [ 7, 9.5, -3.5 ],
			"to": [ 9.5, 10, -3 ],
			"faces": {
				"up": { "uv": [ 7.625, 7.75, 8.25, 7.5 ], "texture": "#sha_atlas", "cullface": "north" },
				"south": { "uv": [ 7.625, 7, 8.25, 7.25 ], "texture": "#sha_atlas", "cullface": "north" },
				"west": { "uv": [ 12.375, 12.75, 12.5, 13 ], "texture": "#sha_atlas", "cullface": "north" },
				"east": { "uv": [ 12.625, 12.75, 12.5, 13 ], "texture": "#sha_atlas", "cullface": "north" }
			}
		},
		{
			"__comment": "Voxels",
			"from": [ 7.5, 3.5, -4 ],
			"to": [ 9, 4, -3 ],
			"faces": {
				"down": { "uv": [ 5.375, 0, 5.75, 0.5 ], "texture": "#sha_atlas", "cullface": "north" },
				"up": { "uv": [ 4.75, 2, 5.125, 1.5 ], "texture": "#sha_atlas", "cullface": "north" },
				"north": { "uv": [ 15.125, 15.25, 14.75, 15.5 ], "texture": "#sha_atlas", "cullface": "north" },
				"south": { "uv": [ 15.125, 15.25, 15.5, 15.5 ], "texture": "#sha_atlas", "cullface": "north" },
				"west": { "uv": [ 13.5, 13.5, 13.75, 13.75 ], "texture": "#sha_atlas", "cullface": "north" },
				"east": { "uv": [ 14, 13.5, 13.75, 13.75 ], "texture": "#sha_atlas", "cullface": "north" }
			}
		},
		{
			"__comment": "Voxels",
			"from": [ 7.5, 3.5, -1.5 ],
			"to": [ 9, 5.5, -1 ],
			"faces": {
				"down": { "uv": [ 15.5, 15.25, 15.875, 15.5 ], "texture": "#sha_atlas", "cullface": "north" },
				"north": { "uv": [ 6, 9.75, 5.625, 10.75 ], "texture": "#sha_atlas", "cullface": "north" },
				"south": { "uv": [ 2.875, 4.5, 3.25, 5.5 ], "texture": "#sha_atlas", "cullface": "north" },
				"west": { "uv": [ 8.25, 10.5, 8.375, 11.5 ], "texture": "#sha_atlas", "cullface": "north" },
				"east": { "uv": [ 8.375, 9.5, 8.25, 10.5 ], "texture": "#sha_atlas", "cullface": "north" }
			}
		},
		{
			"__comment": "Voxels",
			"from": [ 7.5, 3.5, 3 ],
			"to": [ 9, 6.5, 3.5 ],
			"faces": {
				"down": { "uv": [ 8.875, 15, 9.25, 15.25 ], "texture": "#sha_atlas" },
				"up": { "uv": [ 9.25, 15.25, 9.625, 15 ], "texture": "#sha_atlas" },
				"north": { "uv": [ 4.25, 11.5, 3.875, 13 ], "texture": "#sha_atlas" },
				"south": { "uv": [ 3.5, 11.5, 3.875, 13 ], "texture": "#sha_atlas" },
				"west": { "uv": [ 4.625, 1, 4.75, 2.5 ], "texture": "#sha_atlas" },
				"east": { "uv": [ 5.875, 2, 5.75, 3.5 ], "texture": "#sha_atlas" }
			}
		},
		{
			"__comment": "Voxels",
			"from": [ 7.5, 4, -6 ],
			"to": [ 9, 4.5, -5.5 ],
			"faces": {
				"down": { "uv": [ 9.625, 15, 10, 15.25 ], "texture": "#sha_atlas", "cullface": "north" },
				"north": { "uv": [ 10.75, 15, 10.375, 15.25 ], "texture": "#sha_atlas", "cullface": "north" },
				"west": { "uv": [ 12.625, 12.75, 12.75, 13 ], "texture": "#sha_atlas", "cullface": "north" },
				"east": { "uv": [ 15.125, 12.75, 15, 13 ], "texture": "#sha_atlas", "cullface": "north" }
			}
		},
		{
			"__comment": "Voxels",
			"from": [ 7.5, 4, -5 ],
			"to": [ 9, 4.5, -4 ],
			"faces": {
				"down": { "uv": [ 5.875, 3, 6.25, 3.5 ], "texture": "#sha_atlas", "cullface": "north" },
				"west": { "uv": [ 14, 13.5, 14.25, 13.75 ], "texture": "#sha_atlas", "cullface": "north" },
				"east": { "uv": [ 14.5, 13.5, 14.25, 13.75 ], "texture": "#sha_atlas", "cullface": "north" }
			}
		},
		{
			"__comment": "Voxels",
			"from": [ 7.5, 4, -3.5 ],
			"to": [ 9, 4.5, -3 ],
			"faces": {
				"south": { "uv": [ 13.75, 15, 14.125, 15.25 ], "texture": "#sha_atlas", "cullface": "north" },
				"west": { "uv": [ 15.125, 12.75, 15.25, 13 ], "texture": "#sha_atlas", "cullface": "north" },
				"east": { "uv": [ 15.625, 12.75, 15.5, 13 ], "texture": "#sha_atlas", "cullface": "north" }
			}
		},
		{
			"__comment": "Voxels",
			"from": [ 7.5, 4, -1 ],
			"to": [ 9, 5, -0.5 ],
			"faces": {
				"down": { "uv": [ 14.125, 15, 14.5, 15.25 ], "texture": "#sha_atlas", "cullface": "north" },
				"south": { "uv": [ 6.625, 5, 7, 5.5 ], "texture": "#sha_atlas", "cullface": "north" },
				"west": { "uv": [ 9, 1, 9.125, 1.5 ], "texture": "#sha_atlas", "cullface": "north" },
				"east": { "uv": [ 9.125, 0.5, 9, 1 ], "texture": "#sha_atlas", "cullface": "north" }
			}
		},
		{
			"__comment": "Voxels",
			"from": [ 7.5, 4, 2.5 ],
			"to": [ 9, 6.5, 3 ],
			"faces": {
				"down": { "uv": [ 14.875, 15, 15.25, 15.25 ], "texture": "#sha_atlas" },
				"up": { "uv": [ 15.25, 15.25, 15.625, 15 ], "texture": "#sha_atlas" },
				"north": { "uv": [ 7.375, 11.75, 7, 13 ], "texture": "#sha_atlas" },
				"west": { "uv": [ 7.875, 12.25, 8, 13.5 ], "texture": "#sha_atlas" },
				"east": { "uv": [ 7.75, 5.25, 7.625, 6.5 ], "texture": "#sha_atlas" }
			}
		},
		{
			"__comment": "Voxels",
			"from": [ 7.5, 4, 3.5 ],
			"to": [ 9, 6.5, 4 ],
			"faces": {
				"down": { "uv": [ 15.625, 15, 16, 15.25 ], "texture": "#sha_atlas" },
				"up": { "uv": [ 8.5, 15, 8.875, 14.75 ], "texture": "#sha_atlas" },
				"south": { "uv": [ 4.875, 9.5, 5.25, 10.75 ], "texture": "#sha_atlas" },
				"west": { "uv": [ 8, 5.25, 8.125, 6.5 ], "texture": "#sha_atlas" },
				"east": { "uv": [ 8.25, 5.25, 8.125, 6.5 ], "texture": "#sha_atlas" }
			}
		},
		{
			"__comment": "Voxels",
			"from": [ 7.5, 4.5, -7 ],
			"to": [ 9, 5, -6.5 ],
			"faces": {
				"down": { "uv": [ 8.875, 14.75, 9.25, 15 ], "texture": "#sha_atlas", "cullface": "north" },
				"north": { "uv": [ 10, 14.75, 9.625, 15 ], "texture": "#sha_atlas", "cullface": "north" },
				"west": { "uv": [ 15.625, 12.75, 15.75, 13 ], "texture": "#sha_atlas", "cullface": "north" },
				"east": { "uv": [ 9.625, 12, 9.5, 12.25 ], "texture": "#sha_atlas", "cullface": "north" }
			}
		},
		{
			"__comment": "Voxels",
			"from": [ 7.5, 4.5, 4 ],
			"to": [ 9, 6.5, 5 ],
			"faces": {
				"down": { "uv": [ 4.75, 0, 5.125, 0.5 ], "texture": "#sha_atlas" },
				"up": { "uv": [ 5.875, 5, 6.25, 4.5 ], "texture": "#sha_atlas" },
				"south": { "uv": [ 4, 8.5, 4.375, 9.5 ], "texture": "#sha_atlas" },
				"west": { "uv": [ 4.375, 0, 4.625, 1 ], "texture": "#sha_atlas" },
				"east": { "uv": [ 4.625, 2, 4.375, 3 ], "texture": "#sha_atlas" }
			}
		},
		{
			"__comment": "Voxels",
			"from": [ 7.5, 5, -8.5 ],
			"to": [ 9, 5.5, -7.5 ],
			"faces": {
				"down": { "uv": [ 6.25, 4.5, 6.625, 5 ], "texture": "#sha_atlas", "cullface": "north" },
				"up": { "uv": [ 4.75, 4.5, 5.125, 4 ], "texture": "#sha_atlas", "cullface": "north" },
				"north": { "uv": [ 10.75, 14.75, 10.375, 15 ], "texture": "#sha_atlas", "cullface": "north" },
				"west": { "uv": [ 15, 13.5, 15.25, 13.75 ], "texture": "#sha_atlas", "cullface": "north" },
				"east": { "uv": [ 15.5, 13.5, 15.25, 13.75 ], "texture": "#sha_atlas", "cullface": "north" }
			}
		},
		{
			"__comment": "Voxels",
			"from": [ 7.5, 5, -5.5 ],
			"to": [ 9, 5.5, -3.5 ],
			"faces": {
				"down": { "uv": [ 6.375, 9.75, 6.75, 10.75 ], "texture": "#sha_atlas", "cullface": "north" },
				"up": { "uv": [ 6.75, 10.75, 7.125, 9.75 ], "texture": "#sha_atlas", "cullface": "north" },
				"west": { "uv": [ 7.125, 15, 7.625, 15.25 ], "texture": "#sha_atlas", "cullface": "north" },
				"east": { "uv": [ 7.625, 15.25, 7.125, 15.5 ], "texture": "#sha_atlas", "cullface": "north" }
			}
		},
		{
			"__comment": "Voxels",
			"from": [ 7.5, 5, 2 ],
			"to": [ 9, 7, 2.5 ],
			"faces": {
				"down": { "uv": [ 11.875, 14.75, 12.25, 15 ], "texture": "#sha_atlas" },
				"up": { "uv": [ 12.25, 15, 12.625, 14.75 ], "texture": "#sha_atlas" },
				"north": { "uv": [ 7.5, 14, 7.125, 15 ], "texture": "#sha_atlas" },
				"south": { "uv": [ 1.125, 0, 1.5, 1 ], "texture": "#sha_atlas" },
				"west": { "uv": [ 8.125, 1.5, 8.25, 2.5 ], "texture": "#sha_atlas" },
				"east": { "uv": [ 8.375, 14.5, 8.25, 15.5 ], "texture": "#sha_atlas" }
			}
		},
		{
			"__comment": "Voxels",
			"from": [ 7.5, 5, 5 ],
			"to": [ 9, 7, 6 ],
			"faces": {
				"down": { "uv": [ 2, 3, 2.375, 3.5 ], "texture": "#sha_atlas" },
				"up": { "uv": [ 6.625, 5, 7, 4.5 ], "texture": "#sha_atlas" },
				"north": { "uv": [ 3.25, 8.5, 2.875, 9.5 ], "texture": "#sha_atlas" },
				"south": { "uv": [ 7.125, 9.75, 7.5, 10.75 ], "texture": "#sha_atlas" },
				"west": { "uv": [ 4.375, 3, 4.625, 4 ], "texture": "#sha_atlas" },
				"east": { "uv": [ 4.625, 4, 4.375, 5 ], "texture": "#sha_atlas" }
			}
		},
		{
			"__comment": "Voxels",
			"from": [ 7.5, 5.5, -8 ],
			"to": [ 9, 6, -7 ],
			"faces": {
				"down": { "uv": [ 5.875, 5, 6.25, 5.5 ], "texture": "#sha_atlas", "cullface": "north" },
				"up": { "uv": [ 6.25, 5.5, 6.625, 5 ], "texture": "#sha_atlas", "cullface": "north" },
				"north": { "uv": [ 13, 14.75, 12.625, 15 ], "texture": "#sha_atlas", "cullface": "north" },
				"west": { "uv": [ 15.5, 13.5, 15.75, 13.75 ], "texture": "#sha_atlas", "cullface": "north" },
				"east": { "uv": [ 16, 13.5, 15.75, 13.75 ], "texture": "#sha_atlas", "cullface": "north" }
			}
		},
		{
			"__comment": "Voxels",
			"from": [ 7.5, 5.5, -6 ],
			"to": [ 9, 6, -5.5 ],
			"faces": {
				"up": { "uv": [ 14.5, 15, 14.875, 14.75 ], "texture": "#sha_atlas", "cullface": "north" },
				"south": { "uv": [ 15.25, 14.75, 15.625, 15 ], "texture": "#sha_atlas", "cullface": "north" },
				"west": { "uv": [ 9.5, 11.75, 9.625, 12 ], "texture": "#sha_atlas", "cullface": "north" },
				"east": { "uv": [ 9.625, 11.5, 9.5, 11.75 ], "texture": "#sha_atlas", "cullface": "north" }
			}
		},
		{
			"__comment": "Voxels",
			"from": [ 7.5, 5.5, -3.5 ],
			"to": [ 8, 6, -2.5 ],
			"faces": {
				"up": { "uv": [ 9.125, 12, 9.25, 11.5 ], "texture": "#sha_atlas", "cullface": "north" },
				"north": { "uv": [ 9.625, 11.25, 9.5, 11.5 ], "texture": "#sha_atlas", "cullface": "north" },
				"west": { "uv": [ 9.25, 13.25, 9.5, 13.5 ], "texture": "#sha_atlas", "cullface": "north" },
				"east": { "uv": [ 9.75, 13.25, 9.5, 13.5 ], "texture": "#sha_atlas", "cullface": "north" }
			}
		},
		{
			"__comment": "Voxels",
			"from": [ 7.5, 5.5, 1.5 ],
			"to": [ 9, 7.5, 2 ],
			"faces": {
				"down": { "uv": [ 10.5, 14.5, 10.875, 14.75 ], "texture": "#sha_atlas" },
				"up": { "uv": [ 10.875, 14.75, 11.25, 14.5 ], "texture": "#sha_atlas" },
				"north": { "uv": [ 3.25, 2.5, 2.875, 3.5 ], "texture": "#sha_atlas" },
				"south": { "uv": [ 5.25, 9.75, 5.625, 10.75 ], "texture": "#sha_atlas" },
				"west": { "uv": [ 7.5, 9.75, 7.625, 10.75 ], "texture": "#sha_atlas" },
				"east": { "uv": [ 4.75, 0, 4.625, 1 ], "texture": "#sha_atlas" }
			}
		},
		{
			"__comment": "Voxels",
			"from": [ 7.5, 5.5, 6 ],
			"to": [ 9, 8.5, 8.5 ],
			"faces": {
				"down": { "uv": [ 0.75, 6.75, 1.125, 8 ], "texture": "#sha_atlas" },
				"up": { "uv": [ 3.5, 10.75, 3.875, 9.5 ], "texture": "#sha_atlas" },
				"north": { "uv": [ 3.125, 11.5, 2.75, 13 ], "texture": "#sha_atlas" },
				"south": { "uv": [ 3.125, 11.5, 3.5, 13 ], "texture": "#sha_atlas" },
				"west": { "uv": [ 0, 5.25, 0.625, 6.75 ], "texture": "#sha_atlas" },
				"east": { "uv": [ 2.125, 6.75, 1.5, 8.25 ], "texture": "#sha_atlas" }
			}
		},
		{
			"__comment": "Voxels",
			"from": [ 7.5, 6, -7.5 ],
			"to": [ 9, 6.5, -7 ],
			"faces": {
				"up": { "uv": [ 11.625, 14.75, 12, 14.5 ], "texture": "#sha_atlas", "cullface": "north" },
				"north": { "uv": [ 12.375, 14.5, 12, 14.75 ], "texture": "#sha_atlas", "cullface": "north" },
				"south": { "uv": [ 12.375, 14.5, 12.75, 14.75 ], "texture": "#sha_atlas", "cullface": "north" },
				"west": { "uv": [ 9.5, 10.25, 9.625, 10.5 ], "texture": "#sha_atlas", "cullface": "north" },
				"east": { "uv": [ 9.625, 5.5, 9.5, 5.75 ], "texture": "#sha_atlas", "cullface": "north" }
			}
		},
		{
			"__comment": "Voxels",
			"from": [ 7.5, 6, -2.5 ],
			"to": [ 9, 7.5, -2 ],
			"faces": {
				"north": { "uv": [ 4.25, 6, 3.875, 6.75 ], "texture": "#sha_atlas", "cullface": "north" },
				"west": { "uv": [ 8.5, 8.75, 8.625, 9.5 ], "texture": "#sha_atlas", "cullface": "north" },
				"east": { "uv": [ 8.625, 8, 8.5, 8.75 ], "texture": "#sha_atlas", "cullface": "north" }
			}
		},
		{
			"__comment": "Voxels",
			"from": [ 7.5, 6, 0.5 ],
			"to": [ 9, 10.5, 1 ],
			"faces": {
				"up": { "uv": [ 13.875, 14.75, 14.25, 14.5 ], "texture": "#sha_atlas" },
				"north": { "uv": [ 0.375, 0.75, 0, 3 ], "texture": "#sha_atlas" },
				"south": { "uv": [ 0, 3, 0.375, 5.25 ], "texture": "#sha_atlas" },
				"west": { "uv": [ 2.25, 9.25, 2.375, 11.5 ], "texture": "#sha_atlas" },
				"east": { "uv": [ 4.375, 3.75, 4.25, 6 ], "texture": "#sha_atlas" }
			}
		},
		{
			"__comment": "Voxels",
			"from": [ 7.5, 6, 1 ],
			"to": [ 9, 10, 1.5 ],
			"faces": {
				"up": { "uv": [ 14.625, 14.75, 15, 14.5 ], "texture": "#sha_atlas" },
				"south": { "uv": [ 0.75, 1, 1.125, 3 ], "texture": "#sha_atlas" },
				"west": { "uv": [ 4.625, 4, 4.75, 6 ], "texture": "#sha_atlas" },
				"east": { "uv": [ 4.375, 1.75, 4.25, 3.75 ], "texture": "#sha_atlas" }
			}
		},
		{
			"__comment": "Voxels",
			"from": [ 7.5, 6, 8.5 ],
			"to": [ 9, 8.5, 15.5 ],
			"faces": {
				"down": { "uv": [ 0.75, 8, 1.125, 11.5 ], "texture": "#sha_atlas" },
				"up": { "uv": [ 1.125, 11.5, 1.5, 8 ], "texture": "#sha_atlas" },
				"south": { "uv": [ 4.625, 11.75, 5, 13 ], "texture": "#sha_atlas" },
				"west": { "uv": [ 0, 12.75, 1.75, 14 ], "texture": "#sha_atlas" },
				"east": { "uv": [ 1.75, 11.5, 0, 12.75 ], "texture": "#sha_atlas" }
			}
		},
		{
			"__comment": "Voxels",
			"from": [ 7.5, 6.5, 0 ],
			"to": [ 9, 10.5, 0.5 ],
			"faces": {
				"up": { "uv": [ 15.375, 14.75, 15.75, 14.5 ], "texture": "#sha_atlas" },
				"north": { "uv": [ 2.25, 1, 1.875, 3 ], "texture": "#sha_atlas", "cullface": "north" },
				"west": { "uv": [ 2.25, 1, 2.375, 3 ], "texture": "#sha_atlas" },
				"east": { "uv": [ 2.875, 0, 2.75, 2 ], "texture": "#sha_atlas" }
			}
		},
		{
			"__comment": "Voxels",
			"from": [ 7.5, 6.5, 15.5 ],
			"to": [ 9, 8.5, 25 ],
			"faces": {
				"down": { "uv": [ 0.375, 6.75, 0.75, 11.5 ], "texture": "#sha_atlas", "cullface": "south" },
				"up": { "uv": [ 0, 11.5, 0.375, 6.75 ], "texture": "#sha_atlas", "cullface": "south" },
				"south": { "uv": [ 7.125, 13, 7.5, 14 ], "texture": "#sha_atlas", "cullface": "south" },
				"west": { "uv": [ 0, 14, 2.375, 15 ], "texture": "#sha_atlas", "cullface": "south" },
				"east": { "uv": [ 2.375, 15, 0, 16 ], "texture": "#sha_atlas", "cullface": "south" }
			}
		},
		{
			"__comment": "Voxels",
			"from": [ 7.5, 7, -12 ],
			"to": [ 9, 7.5, -10.5 ],
			"faces": {
				"down": { "uv": [ 3.875, 2.25, 4.25, 3 ], "texture": "#sha_atlas", "cullface": "north" },
				"up": { "uv": [ 3.875, 4.5, 4.25, 3.75 ], "texture": "#sha_atlas", "cullface": "north" },
				"north": { "uv": [ 9, 14.25, 8.625, 14.5 ], "texture": "#sha_atlas", "cullface": "north" },
				"south": { "uv": [ 9, 14.25, 9.375, 14.5 ], "texture": "#sha_atlas", "cullface": "north" },
				"west": { "uv": [ 9.375, 14.25, 9.75, 14.5 ], "texture": "#sha_atlas", "cullface": "north" },
				"east": { "uv": [ 10.125, 14.25, 9.75, 14.5 ], "texture": "#sha_atlas", "cullface": "north" }
			}
		},
		{
			"__comment": "Voxels",
			"from": [ 7.5, 7, -3.5 ],
			"to": [ 9, 7.5, -3 ],
			"faces": {
				"down": { "uv": [ 10.125, 14.25, 10.5, 14.5 ], "texture": "#sha_atlas", "cullface": "north" },
				"north": { "uv": [ 11.25, 14.25, 10.875, 14.5 ], "texture": "#sha_atlas", "cullface": "north" },
				"south": { "uv": [ 11.25, 14.25, 11.625, 14.5 ], "texture": "#sha_atlas", "cullface": "north" },
				"west": { "uv": [ 9.5, 5.25, 9.625, 5.5 ], "texture": "#sha_atlas", "cullface": "north" },
				"east": { "uv": [ 9.625, 4, 9.5, 4.25 ], "texture": "#sha_atlas", "cullface": "north" }
			}
		},
		{
			"__comment": "Voxels",
			"from": [ 7.5, 7, -1 ],
			"to": [ 9, 8, 0 ],
			"faces": {
				"up": { "uv": [ 6.625, 6, 7, 5.5 ], "texture": "#sha_atlas", "cullface": "north" },
				"north": { "uv": [ 7.375, 5.5, 7, 6 ], "texture": "#sha_atlas", "cullface": "north" },
				"west": { "uv": [ 7.375, 11.5, 7.625, 12 ], "texture": "#sha_atlas", "cullface": "north" },
				"east": { "uv": [ 2.375, 6.75, 2.125, 7.25 ], "texture": "#sha_atlas", "cullface": "north" }
			}
		},
		{
			"__comment": "Voxels",
			"from": [ 7.5, 7, 5.5 ],
			"to": [ 9, 7.5, 6 ],
			"faces": {
				"up": { "uv": [ 12.75, 14.5, 13.125, 14.25 ], "texture": "#sha_atlas" },
				"north": { "uv": [ 13.5, 14.25, 13.125, 14.5 ], "texture": "#sha_atlas" },
				"west": { "uv": [ 9.5, 3.75, 9.625, 4 ], "texture": "#sha_atlas" },
				"east": { "uv": [ 9.625, 3, 9.5, 3.25 ], "texture": "#sha_atlas" }
			}
		},
		{
			"__comment": "Voxels",
			"from": [ 7.5, 7, 25 ],
			"to": [ 9, 8.5, 25.5 ],
			"faces": {
				"down": { "uv": [ 13.875, 14.25, 14.25, 14.5 ], "texture": "#sha_atlas", "cullface": "south" },
				"up": { "uv": [ 14.25, 14.5, 14.625, 14.25 ], "texture": "#sha_atlas", "cullface": "south" },
				"south": { "uv": [ 6.5, 6.75, 6.875, 7.5 ], "texture": "#sha_atlas", "cullface": "south" },
				"west": { "uv": [ 8.5, 5.75, 8.625, 6.5 ], "texture": "#sha_atlas", "cullface": "south" },
				"east": { "uv": [ 8.625, 5, 8.5, 5.75 ], "texture": "#sha_atlas", "cullface": "south" }
			}
		},
		{
			"__comment": "Voxels",
			"from": [ 7.5, 7.5, -12.5 ],
			"to": [ 9, 8, -12 ],
			"faces": {
				"down": { "uv": [ 14.625, 14.25, 15, 14.5 ], "texture": "#sha_atlas", "cullface": "north" },
				"north": { "uv": [ 15.75, 14.25, 15.375, 14.5 ], "texture": "#sha_atlas", "cullface": "north" },
				"west": { "uv": [ 9.5, 2.75, 9.625, 3 ], "texture": "#sha_atlas", "cullface": "north" },
				"east": { "uv": [ 9.625, 2, 9.5, 2.25 ], "texture": "#sha_atlas", "cullface": "north" }
			}
		},
		{
			"__comment": "Voxels",
			"from": [ 7.5, 7.5, -11 ],
			"to": [ 9, 8, -10.5 ],
			"faces": {
				"west": { "uv": [ 9.375, 7, 9.5, 7.25 ], "texture": "#sha_atlas", "cullface": "north" },
				"east": { "uv": [ 9.5, 7.25, 9.375, 7.5 ], "texture": "#sha_atlas", "cullface": "north" }
			}
		},
		{
			"__comment": "Voxels",
			"from": [ 7.5, 7.5, -10 ],
			"to": [ 9, 8, -8.5 ],
			"faces": {
				"down": { "uv": [ 5, 6.75, 5.375, 7.5 ], "texture": "#sha_atlas", "cullface": "north" },
				"up": { "uv": [ 6.125, 6.75, 6.5, 6 ], "texture": "#sha_atlas", "cullface": "north" },
				"south": { "uv": [ 11.625, 14, 12, 14.25 ], "texture": "#sha_atlas", "cullface": "north" },
				"west": { "uv": [ 12, 14, 12.375, 14.25 ], "texture": "#sha_atlas", "cullface": "north" },
				"east": { "uv": [ 12.75, 14, 12.375, 14.25 ], "texture": "#sha_atlas", "cullface": "north" }
			}
		},
		{
			"__comment": "Voxels",
			"from": [ 7.5, 7.5, -8 ],
			"to": [ 9, 8, -7 ],
			"faces": {
				"down": { "uv": [ 6.5, 4, 6.875, 4.5 ], "texture": "#sha_atlas", "cullface": "north" },
				"up": { "uv": [ 6.875, 4.5, 7.25, 4 ], "texture": "#sha_atlas", "cullface": "north" },
				"north": { "uv": [ 13.125, 14, 12.75, 14.25 ], "texture": "#sha_atlas", "cullface": "north" },
				"south": { "uv": [ 13.125, 14, 13.5, 14.25 ], "texture": "#sha_atlas", "cullface": "north" },
				"west": { "uv": [ 12.5, 13.25, 12.75, 13.5 ], "texture": "#sha_atlas", "cullface": "north" },
				"east": { "uv": [ 12.5, 13.25, 12.25, 13.5 ], "texture": "#sha_atlas", "cullface": "north" }
			}
		},
		{
			"__comment": "Voxels",
			"from": [ 7.5, 7.5, -6.5 ],
			"to": [ 9, 8, -5.5 ],
			"faces": {
				"down": { "uv": [ 5.375, 3, 5.75, 3.5 ], "texture": "#sha_atlas", "cullface": "north" },
				"up": { "uv": [ 5.375, 3, 5.75, 2.5 ], "texture": "#sha_atlas", "cullface": "north" },
				"north": { "uv": [ 13.875, 14, 13.5, 14.25 ], "texture": "#sha_atlas", "cullface": "north" },
				"south": { "uv": [ 13.875, 14, 14.25, 14.25 ], "texture": "#sha_atlas", "cullface": "north" },
				"west": { "uv": [ 11.5, 13.25, 11.75, 13.5 ], "texture": "#sha_atlas", "cullface": "north" },
				"east": { "uv": [ 11.5, 13.25, 11.25, 13.5 ], "texture": "#sha_atlas", "cullface": "north" }
			}
		},
		{
			"__comment": "Voxels",
			"from": [ 7.5, 7.5, -5 ],
			"to": [ 9, 8, -4 ],
			"faces": {
				"down": { "uv": [ 5.375, 1, 5.75, 1.5 ], "texture": "#sha_atlas", "cullface": "north" },
				"north": { "uv": [ 14.625, 14, 14.25, 14.25 ], "texture": "#sha_atlas", "cullface": "north" },
				"west": { "uv": [ 11, 13.25, 11.25, 13.5 ], "texture": "#sha_atlas", "cullface": "north" },
				"east": { "uv": [ 11, 13.25, 10.75, 13.5 ], "texture": "#sha_atlas", "cullface": "north" }
			}
		},
		{
			"__comment": "Voxels",
			"from": [ 7.5, 7.5, -3 ],
			"to": [ 9, 8, -2.5 ],
			"faces": {
				"down": { "uv": [ 15, 14, 15.375, 14.25 ], "texture": "#sha_atlas", "cullface": "north" },
				"west": { "uv": [ 9.75, 12.75, 9.875, 13 ], "texture": "#sha_atlas", "cullface": "north" },
				"east": { "uv": [ 9.5, 5.5, 9.375, 5.75 ], "texture": "#sha_atlas", "cullface": "north" }
			}
		},
		{
			"__comment": "Voxels",
			"from": [ 7.5, 7.5, -1.5 ],
			"to": [ 9, 8, -1 ],
			"faces": {
				"west": { "uv": [ 15, 13, 15.125, 13.25 ], "texture": "#sha_atlas", "cullface": "north" },
				"east": { "uv": [ 9.375, 3.75, 9.25, 4 ], "texture": "#sha_atlas", "cullface": "north" }
			}
		},
		{
			"__comment": "Voxels",
			"from": [ 7.5, 7.5, 25.5 ],
			"to": [ 9, 8.5, 26 ],
			"faces": {
				"down": { "uv": [ 12.5, 15.25, 12.875, 15.5 ], "texture": "#sha_atlas", "cullface": "south" },
				"up": { "uv": [ 12.125, 15.5, 12.5, 15.25 ], "texture": "#sha_atlas", "cullface": "south" },
				"south": { "uv": [ 4.75, 5.5, 5.125, 6 ], "texture": "#sha_atlas", "cullface": "south" },
				"west": { "uv": [ 9, 4.5, 9.125, 5 ], "texture": "#sha_atlas", "cullface": "south" },
				"east": { "uv": [ 9.125, 8.5, 9, 9 ], "texture": "#sha_atlas", "cullface": "south" }
			}
		},
		{
			"__comment": "Voxels",
			"from": [ 7.5, 8, -13 ],
			"to": [ 9, 8.5, -12.5 ],
			"faces": {
				"down": { "uv": [ 11.75, 15.25, 12.125, 15.5 ], "texture": "#sha_atlas", "cullface": "north" },
				"north": { "uv": [ 10.625, 15.25, 10.25, 15.5 ], "texture": "#sha_atlas", "cullface": "north" },
				"west": { "uv": [ 15.75, 13, 15.875, 13.25 ], "texture": "#sha_atlas", "cullface": "north" },
				"east": { "uv": [ 15.25, 13, 15.125, 13.25 ], "texture": "#sha_atlas", "cullface": "north" }
			}
		},
		{
			"__comment": "Voxels",
			"from": [ 7.5, 8, -12 ],
			"to": [ 9, 9.5, -11 ],
			"faces": {
				"north": { "uv": [ 5, 6.75, 4.625, 7.5 ], "texture": "#sha_atlas", "cullface": "north" },
				"south": { "uv": [ 3.875, 6.75, 4.25, 7.5 ], "texture": "#sha_atlas", "cullface": "north" },
				"west": { "uv": [ 5.125, 1.5, 5.375, 2.25 ], "texture": "#sha_atlas", "cullface": "north" },
				"east": { "uv": [ 5.375, 0.75, 5.125, 1.5 ], "texture": "#sha_atlas", "cullface": "north" }
			}
		},
		{
			"__comment": "Voxels",
			"from": [ 7.5, 8, -8.5 ],
			"to": [ 9, 9.5, -8 ],
			"faces": {
				"down": { "uv": [ 7.125, 9.5, 7.5, 9.75 ], "texture": "#sha_atlas", "cullface": "north" },
				"up": { "uv": [ 6, 9.75, 6.375, 9.5 ], "texture": "#sha_atlas", "cullface": "north" },
				"north": { "uv": [ 0.375, 0, 0, 0.75 ], "texture": "#sha_atlas", "cullface": "north" },
				"west": { "uv": [ 5.75, 0, 5.875, 0.75 ], "texture": "#sha_atlas", "cullface": "north" },
				"east": { "uv": [ 7.625, 10.75, 7.5, 11.5 ], "texture": "#sha_atlas", "cullface": "north" }
			}
		},
		{
			"__comment": "Voxels",
			"from": [ 7.5, 8, -7 ],
			"to": [ 9, 9.5, -6.5 ],
			"faces": {
				"down": { "uv": [ 7, 11.5, 7.375, 11.75 ], "texture": "#sha_atlas", "cullface": "north" },
				"up": { "uv": [ 14.625, 14, 15, 13.75 ], "texture": "#sha_atlas", "cullface": "north" },
				"north": { "uv": [ 7.625, 6.75, 7.25, 7.5 ], "texture": "#sha_atlas", "cullface": "north" },
				"west": { "uv": [ 8.5, 0.5, 8.625, 1.25 ], "texture": "#sha_atlas", "cullface": "north" },
				"east": { "uv": [ 8.625, 1.25, 8.5, 2 ], "texture": "#sha_atlas", "cullface": "north" }
			}
		},
		{
			"__comment": "Voxels",
			"from": [ 7.5, 8, -5.5 ],
			"to": [ 9, 9.5, -5 ],
			"faces": {
				"down": { "uv": [ 14.25, 13.75, 14.625, 14 ], "texture": "#sha_atlas", "cullface": "north" },
				"up": { "uv": [ 13.875, 14, 14.25, 13.75 ], "texture": "#sha_atlas", "cullface": "north" },
				"north": { "uv": [ 3.625, 1.25, 3.25, 2 ], "texture": "#sha_atlas", "cullface": "north" },
				"west": { "uv": [ 8.5, 2, 8.625, 2.75 ], "texture": "#sha_atlas", "cullface": "north" },
				"east": { "uv": [ 8.625, 2.75, 8.5, 3.5 ], "texture": "#sha_atlas", "cullface": "north" }
			}
		},
		{
			"__comment": "Voxels",
			"from": [ 7.5, 8, -0.5 ],
			"to": [ 9, 8.5, 0 ],
			"faces": {
				"west": { "uv": [ 9.375, 8, 9.5, 8.25 ], "texture": "#sha_atlas", "cullface": "north" },
				"east": { "uv": [ 9.5, 8.25, 9.375, 8.5 ], "texture": "#sha_atlas", "cullface": "north" }
			}
		},
		{
			"__comment": "Voxels",
			"from": [ 7.5, 8, 26 ],
			"to": [ 9, 8.5, 26.5 ],
			"faces": {
				"down": { "uv": [ 10.125, 13.75, 10.5, 14 ], "texture": "#sha_atlas", "cullface": "south" },
				"up": { "uv": [ 9.75, 14, 10.125, 13.75 ], "texture": "#sha_atlas", "cullface": "south" },
				"south": { "uv": [ 8.625, 0.25, 9, 0.5 ], "texture": "#sha_atlas", "cullface": "south" },
				"west": { "uv": [ 9.25, 2, 9.375, 2.25 ], "texture": "#sha_atlas", "cullface": "south" },
				"east": { "uv": [ 9.375, 1.75, 9.25, 2 ], "texture": "#sha_atlas", "cullface": "south" }
			}
		},
		{
			"__comment": "Voxels",
			"from": [ 7.5, 8.5, -12.5 ],
			"to": [ 9, 9, -12 ],
			"faces": {
				"west": { "uv": [ 9.25, 2.75, 9.375, 3 ], "texture": "#sha_atlas", "cullface": "north" },
				"east": { "uv": [ 9.375, 3, 9.25, 3.25 ], "texture": "#sha_atlas", "cullface": "north" }
			}
		},
		{
			"__comment": "Voxels",
			"from": [ 7.5, 8.5, -11 ],
			"to": [ 9, 9, -10 ],
			"faces": {
				"down": { "uv": [ 6.875, 3.5, 7.25, 4 ], "texture": "#sha_atlas", "cullface": "north" },
				"west": { "uv": [ 13.25, 13.5, 13.5, 13.75 ], "texture": "#sha_atlas", "cullface": "north" },
				"east": { "uv": [ 12.25, 13.5, 12, 13.75 ], "texture": "#sha_atlas", "cullface": "north" }
			}
		},
		{
			"__comment": "Voxels",
			"from": [ 7.5, 8.5, -9 ],
			"to": [ 9, 9, -8.5 ],
			"faces": {
				"west": { "uv": [ 9.25, 4.75, 9.375, 5 ], "texture": "#sha_atlas", "cullface": "north" },
				"east": { "uv": [ 9.375, 5, 9.25, 5.25 ], "texture": "#sha_atlas", "cullface": "north" }
			}
		},
		{
			"__comment": "Voxels",
			"from": [ 7.5, 8.5, -7.5 ],
			"to": [ 9, 9, -7 ],
			"faces": {
				"west": { "uv": [ 9.25, 6.25, 9.375, 6.5 ], "texture": "#sha_atlas", "cullface": "north" },
				"east": { "uv": [ 9.375, 6.5, 9.25, 6.75 ], "texture": "#sha_atlas", "cullface": "north" }
			}
		},
		{
			"__comment": "Voxels",
			"from": [ 7.5, 8.5, -6 ],
			"to": [ 9, 9, -5.5 ],
			"faces": {
				"west": { "uv": [ 8.125, 1.25, 8.25, 1.5 ], "texture": "#sha_atlas", "cullface": "north" },
				"east": { "uv": [ 7.625, 0, 7.5, 0.25 ], "texture": "#sha_atlas", "cullface": "north" }
			}
		},
		{
			"__comment": "Voxels",
			"from": [ 7.5, 8.5, -2.5 ],
			"to": [ 9, 9, -1.5 ],
			"faces": {
				"down": { "uv": [ 4.75, 0.5, 5.125, 1 ], "texture": "#sha_atlas", "cullface": "north" },
				"west": { "uv": [ 12, 13.25, 12.25, 13.5 ], "texture": "#sha_atlas", "cullface": "north" },
				"east": { "uv": [ 12, 13.25, 11.75, 13.5 ], "texture": "#sha_atlas", "cullface": "north" }
			}
		},
		{
			"__comment": "Voxels",
			"from": [ 7.5, 9, -13 ],
			"to": [ 9, 9.5, -12.5 ],
			"faces": {
				"up": { "uv": [ 8.625, 9.25, 9, 9 ], "texture": "#sha_atlas", "cullface": "north" },
				"north": { "uv": [ 9, 8.75, 8.625, 9 ], "texture": "#sha_atlas", "cullface": "north" },
				"west": { "uv": [ 11.375, 13, 11.5, 13.25 ], "texture": "#sha_atlas", "cullface": "north" },
				"east": { "uv": [ 11.375, 13, 11.25, 13.25 ], "texture": "#sha_atlas", "cullface": "north" }
			}
		},
		{
			"__comment": "Voxels",
			"from": [ 7.5, 9, -0.5 ],
			"to": [ 9, 10, 0 ],
			"faces": {
				"up": { "uv": [ 8.625, 8.25, 9, 8 ], "texture": "#sha_atlas", "cullface": "north" },
				"north": { "uv": [ 5.75, 2, 5.375, 2.5 ], "texture": "#sha_atlas", "cullface": "north" },
				"west": { "uv": [ 9, 6.5, 9.125, 7 ], "texture": "#sha_atlas", "cullface": "north" },
				"east": { "uv": [ 9.125, 3.5, 9, 4 ], "texture": "#sha_atlas", "cullface": "north" }
			}
		},
		{
			"__comment": "Voxels",
			"from": [ 7.5, 9.5, -12.5 ],
			"to": [ 9, 10, -12 ],
			"faces": {
				"up": { "uv": [ 8.625, 7.75, 9, 7.5 ], "texture": "#sha_atlas", "cullface": "north" },
				"north": { "uv": [ 9, 7.25, 8.625, 7.5 ], "texture": "#sha_atlas", "cullface": "north" },
				"west": { "uv": [ 9.25, 4.5, 9.375, 4.75 ], "texture": "#sha_atlas", "cullface": "north" },
				"east": { "uv": [ 9.375, 5.5, 9.25, 5.75 ], "texture": "#sha_atlas", "cullface": "north" }
			}
		},
		{
			"__comment": "Voxels",
			"from": [ 7.5, 9.5, -11 ],
			"to": [ 9, 10.5, -10.5 ],
			"faces": {
				"up": { "uv": [ 8.625, 6.75, 9, 6.5 ], "texture": "#sha_atlas", "cullface": "north" },
				"north": { "uv": [ 6.25, 2.5, 5.875, 3 ], "texture": "#sha_atlas", "cullface": "north" },
				"south": { "uv": [ 5.875, 2, 6.25, 2.5 ], "texture": "#sha_atlas", "cullface": "north" },
				"west": { "uv": [ 9.125, 8, 9.25, 8.5 ], "texture": "#sha_atlas", "cullface": "north" },
				"east": { "uv": [ 9.25, 8.5, 9.125, 9 ], "texture": "#sha_atlas", "cullface": "north" }
			}
		},
		{
			"__comment": "Voxels",
			"from": [ 7.5, 9.5, -10 ],
			"to": [ 9, 10, -8.5 ],
			"faces": {
				"down": { "uv": [ 5, 6, 5.375, 6.75 ], "texture": "#sha_atlas", "cullface": "north" },
				"up": { "uv": [ 3.875, 0.75, 4.25, 0 ], "texture": "#sha_atlas", "cullface": "north" },
				"south": { "uv": [ 8.625, 6, 9, 6.25 ], "texture": "#sha_atlas", "cullface": "north" },
				"west": { "uv": [ 8.625, 5.75, 9, 6 ], "texture": "#sha_atlas", "cullface": "north" },
				"east": { "uv": [ 9, 5.5, 8.625, 5.75 ], "texture": "#sha_atlas", "cullface": "north" }
			}
		},
		{
			"__comment": "Voxels",
			"from": [ 7.5, 9.5, -8 ],
			"to": [ 9, 10, -7 ],
			"faces": {
				"down": { "uv": [ 5.5, 5.5, 5.875, 6 ], "texture": "#sha_atlas", "cullface": "north" },
				"up": { "uv": [ 4.75, 2.5, 5.125, 2 ], "texture": "#sha_atlas", "cullface": "north" },
				"north": { "uv": [ 9, 5.25, 8.625, 5.5 ], "texture": "#sha_atlas", "cullface": "north" },
				"south": { "uv": [ 8.625, 5, 9, 5.25 ], "texture": "#sha_atlas", "cullface": "north" },
				"west": { "uv": [ 11.25, 13.5, 11.5, 13.75 ], "texture": "#sha_atlas", "cullface": "north" },
				"east": { "uv": [ 11.25, 13.5, 11, 13.75 ], "texture": "#sha_atlas", "cullface": "north" }
			}
		},
		{
			"__comment": "Voxels",
			"from": [ 7.5, 9.5, -6.5 ],
			"to": [ 9, 10, -5.5 ],
			"faces": {
				"down": { "uv": [ 7.25, 4, 7.625, 4.5 ], "texture": "#sha_atlas", "cullface": "north" },
				"up": { "uv": [ 5.375, 4, 5.75, 3.5 ], "texture": "#sha_atlas", "cullface": "north" },
				"north": { "uv": [ 9, 4.75, 8.625, 5 ], "texture": "#sha_atlas", "cullface": "north" },
				"south": { "uv": [ 8.625, 4.5, 9, 4.75 ], "texture": "#sha_atlas", "cullface": "north" },
				"west": { "uv": [ 13.5, 13.25, 13.75, 13.5 ], "texture": "#sha_atlas", "cullface": "north" },
				"east": { "uv": [ 13.5, 13.25, 13.25, 13.5 ], "texture": "#sha_atlas", "cullface": "north" }
			}
		},
		{
			"__comment": "Voxels",
			"from": [ 7.5, 9.5, -5 ],
			"to": [ 9, 10, -4 ],
			"faces": {
				"up": { "uv": [ 7, 3.5, 7.375, 3 ], "texture": "#sha_atlas", "cullface": "north" },
				"north": { "uv": [ 9, 4.25, 8.625, 4.5 ], "texture": "#sha_atlas", "cullface": "north" },
				"west": { "uv": [ 10.5, 13.5, 10.75, 13.75 ], "texture": "#sha_atlas", "cullface": "north" },
				"east": { "uv": [ 10.5, 13.5, 10.25, 13.75 ], "texture": "#sha_atlas", "cullface": "north" }
			}
		},
		{
			"__comment": "Voxels",
			"from": [ 7.5, 9.5, -3 ],
			"to": [ 9, 10, -2.5 ],
			"faces": {
				"up": { "uv": [ 8.625, 3.75, 9, 3.5 ], "texture": "#sha_atlas", "cullface": "north" },
				"west": { "uv": [ 9.375, 8.5, 9.5, 8.75 ], "texture": "#sha_atlas", "cullface": "north" },
				"east": { "uv": [ 9.5, 8.75, 9.375, 9 ], "texture": "#sha_atlas", "cullface": "north" }
			}
		},
		{
			"__comment": "Voxels",
			"from": [ 7.5, 9.5, -1.5 ],
			"to": [ 9, 10.5, -1 ],
			"faces": {
				"up": { "uv": [ 8.625, 2.75, 9, 2.5 ], "texture": "#sha_atlas", "cullface": "north" },
				"north": { "uv": [ 6.5, 3.5, 6.125, 4 ], "texture": "#sha_atlas", "cullface": "north" },
				"south": { "uv": [ 6.5, 3.5, 6.875, 4 ], "texture": "#sha_atlas", "cullface": "north" },
				"west": { "uv": [ 9.125, 9, 9.25, 9.5 ], "texture": "#sha_atlas", "cullface": "north" },
				"east": { "uv": [ 9.125, 12, 9, 12.5 ], "texture": "#sha_atlas", "cullface": "north" }
			}
		},
		{
			"__comment": "Voxels",
			"from": [ 7.5, 9.5, -1 ],
			"to": [ 9, 10, -0.5 ],
			"faces": {
				"up": { "uv": [ 8.625, 2.25, 9, 2 ], "texture": "#sha_atlas", "cullface": "north" },
				"west": { "uv": [ 9.375, 9.25, 9.5, 9.5 ], "texture": "#sha_atlas", "cullface": "north" },
				"east": { "uv": [ 9.5, 9, 9.375, 9.25 ], "texture": "#sha_atlas", "cullface": "north" }
			}
		},
		{
			"__comment": "Voxels",
			"from": [ 7.5, 10, -12 ],
			"to": [ 9, 10.5, -11 ],
			"faces": {
				"up": { "uv": [ 4.75, 1.5, 5.125, 1 ], "texture": "#sha_atlas", "cullface": "north" },
				"north": { "uv": [ 9, 1.25, 8.625, 1.5 ], "texture": "#sha_atlas", "cullface": "north" },
				"west": { "uv": [ 10.75, 13.5, 11, 13.75 ], "texture": "#sha_atlas", "cullface": "north" },
				"east": { "uv": [ 16, 14, 15.75, 14.25 ], "texture": "#sha_atlas", "cullface": "north" }
			}
		},
		{
			"__comment": "Voxels",
			"from": [ 7.5, 10, -2.5 ],
			"to": [ 9, 12, -2 ],
			"faces": {
				"up": { "uv": [ 8.625, 0.75, 9, 0.5 ], "texture": "#sha_atlas", "cullface": "north" },
				"north": { "uv": [ 3.25, 5.5, 2.875, 6.5 ], "texture": "#sha_atlas", "cullface": "north" },
				"south": { "uv": [ 2.875, 6.5, 3.25, 7.5 ], "texture": "#sha_atlas", "cullface": "north" },
				"west": { "uv": [ 8.25, 11.5, 8.375, 12.5 ], "texture": "#sha_atlas", "cullface": "north" },
				"east": { "uv": [ 7.625, 13, 7.5, 14 ], "texture": "#sha_atlas", "cullface": "north" }
			}
		},
		{
			"__comment": "Voxels",
			"from": [ 7.5, 10, -2 ],
			"to": [ 9, 11.5, -1.5 ],
			"faces": {
				"up": { "uv": [ 9.375, 14, 9.75, 13.75 ], "texture": "#sha_atlas", "cullface": "north" },
				"south": { "uv": [ 5.375, 6, 5.75, 6.75 ], "texture": "#sha_atlas", "cullface": "north" },
				"west": { "uv": [ 8.5, 4.25, 8.625, 5 ], "texture": "#sha_atlas", "cullface": "north" },
				"east": { "uv": [ 8.625, 3.5, 8.5, 4.25 ], "texture": "#sha_atlas", "cullface": "north" }
			}
		},
		{
			"__comment": "Voxels",
			"from": [ 7.5, 10, 5.5 ],
			"to": [ 9, 12.5, 6 ],
			"faces": {
				"down": { "uv": [ 10.5, 13.75, 10.875, 14 ], "texture": "#sha_atlas" },
				"up": { "uv": [ 10.875, 14, 11.25, 13.75 ], "texture": "#sha_atlas" },
				"north": { "uv": [ 3.5, 9.5, 3.125, 10.75 ], "texture": "#sha_atlas" },
				"south": { "uv": [ 1.125, 6.75, 1.5, 8 ], "texture": "#sha_atlas" },
				"west": { "uv": [ 5.875, 0.75, 6, 2 ], "texture": "#sha_atlas" },
				"east": { "uv": [ 5.875, 0.75, 5.75, 2 ], "texture": "#sha_atlas" }
			}
		},
		{
			"__comment": "Voxels",
			"from": [ 7.5, 10, 6 ],
			"to": [ 9, 12, 6.5 ],
			"faces": {
				"down": { "uv": [ 11.25, 13.75, 11.625, 14 ], "texture": "#sha_atlas" },
				"up": { "uv": [ 11.625, 14, 12, 13.75 ], "texture": "#sha_atlas" },
				"south": { "uv": [ 0.75, 0, 1.125, 1 ], "texture": "#sha_atlas" },
				"west": { "uv": [ 7.5, 14, 7.625, 15 ], "texture": "#sha_atlas" },
				"east": { "uv": [ 2.375, 8.25, 2.25, 9.25 ], "texture": "#sha_atlas" }
			}
		},
		{
			"__comment": "Voxels",
			"from": [ 7.5, 10, 6.5 ],
			"to": [ 9, 11.5, 11 ],
			"faces": {
				"down": { "uv": [ 0.375, 0.75, 0.75, 3 ], "texture": "#sha_atlas" },
				"up": { "uv": [ 0.375, 5.25, 0.75, 3 ], "texture": "#sha_atlas" },
				"south": { "uv": [ 5.75, 6.75, 6.125, 7.5 ], "texture": "#sha_atlas" },
				"west": { "uv": [ 0.625, 6, 1.75, 6.75 ], "texture": "#sha_atlas" },
				"east": { "uv": [ 1.75, 5.25, 0.625, 6 ], "texture": "#sha_atlas" }
			}
		},
		{
			"__comment": "Voxels",
			"from": [ 7.5, 10, 11 ],
			"to": [ 9, 11, 17.5 ],
			"faces": {
				"down": { "uv": [ 1.875, 8.25, 2.25, 11.5 ], "texture": "#sha_atlas", "cullface": "south" },
				"up": { "uv": [ 1.5, 11.5, 1.875, 8.25 ], "texture": "#sha_atlas", "cullface": "south" },
				"south": { "uv": [ 5.375, 4, 5.75, 4.5 ], "texture": "#sha_atlas", "cullface": "south" },
				"west": { "uv": [ 0.75, 4.25, 2.375, 4.75 ], "texture": "#sha_atlas", "cullface": "south" },
				"east": { "uv": [ 2.375, 4.75, 0.75, 5.25 ], "texture": "#sha_atlas", "cullface": "south" }
			}
		},
		{
			"__comment": "Voxels",
			"from": [ 7.5, 10, 17.5 ],
			"to": [ 9, 10.5, 18.5 ],
			"faces": {
				"down": { "uv": [ 5.5, 4.5, 5.875, 5 ], "texture": "#sha_atlas", "cullface": "south" },
				"up": { "uv": [ 5.125, 5, 5.5, 4.5 ], "texture": "#sha_atlas", "cullface": "south" },
				"south": { "uv": [ 15.375, 13.75, 15.75, 14 ], "texture": "#sha_atlas", "cullface": "south" },
				"west": { "uv": [ 12.75, 13.25, 13, 13.5 ], "texture": "#sha_atlas", "cullface": "south" },
				"east": { "uv": [ 13.25, 13.25, 13, 13.5 ], "texture": "#sha_atlas", "cullface": "south" }
			}
		},
		{
			"__comment": "Voxels",
			"from": [ 7.5, 10.5, -5 ],
			"to": [ 9, 11, -4 ],
			"faces": {
				"down": { "uv": [ 4.75, 2.5, 5.125, 3 ], "texture": "#sha_atlas", "cullface": "north" },
				"up": { "uv": [ 4.75, 4, 5.125, 3.5 ], "texture": "#sha_atlas", "cullface": "north" },
				"north": { "uv": [ 4.625, 11.5, 4.25, 11.75 ], "texture": "#sha_atlas", "cullface": "north" },
				"south": { "uv": [ 4.625, 11.5, 5, 11.75 ], "texture": "#sha_atlas", "cullface": "north" },
				"west": { "uv": [ 13.75, 13.25, 14, 13.5 ], "texture": "#sha_atlas", "cullface": "north" },
				"east": { "uv": [ 14.25, 13.25, 14, 13.5 ], "texture": "#sha_atlas", "cullface": "north" }
			}
		},
		{
			"__comment": "Voxels",
			"from": [ 7.5, 10.5, -3 ],
			"to": [ 9, 12, -2.5 ],
			"faces": {
				"down": { "uv": [ 5.625, 11.5, 6, 11.75 ], "texture": "#sha_atlas", "cullface": "north" },
				"up": { "uv": [ 6, 11.75, 6.375, 11.5 ], "texture": "#sha_atlas", "cullface": "north" },
				"north": { "uv": [ 4.25, 3, 3.875, 3.75 ], "texture": "#sha_atlas", "cullface": "north" },
				"west": { "uv": [ 5.125, 0, 5.25, 0.75 ], "texture": "#sha_atlas", "cullface": "north" },
				"east": { "uv": [ 5.375, 0, 5.25, 0.75 ], "texture": "#sha_atlas", "cullface": "north" }
			}
		},
		{
			"__comment": "Voxels",
			"from": [ 7.5, 10.5, 5 ],
			"to": [ 9, 12.5, 5.5 ],
			"faces": {
				"down": { "uv": [ 5.25, 9.5, 5.625, 9.75 ], "texture": "#sha_atlas" },
				"up": { "uv": [ 5.625, 9.75, 6, 9.5 ], "texture": "#sha_atlas" },
				"north": { "uv": [ 3.25, 1.5, 2.875, 2.5 ], "texture": "#sha_atlas" },
				"west": { "uv": [ 8.25, 12.5, 8.375, 13.5 ], "texture": "#sha_atlas" },
				"east": { "uv": [ 8.375, 13.5, 8.25, 14.5 ], "texture": "#sha_atlas" }
			}
		},
		{
			"__comment": "Voxels",
			"from": [ 7.5, 11, -4.5 ],
			"to": [ 9, 11.5, -3 ],
			"faces": {
				"down": { "uv": [ 0.375, 0, 0.75, 0.75 ], "texture": "#sha_atlas", "cullface": "north" },
				"up": { "uv": [ 7.125, 11.5, 7.5, 10.75 ], "texture": "#sha_atlas", "cullface": "north" },
				"north": { "uv": [ 6.875, 6, 6.5, 6.25 ], "texture": "#sha_atlas", "cullface": "north" },
				"west": { "uv": [ 5.875, 0.5, 6.25, 0.75 ], "texture": "#sha_atlas", "cullface": "north" },
				"east": { "uv": [ 6.25, 0.25, 5.875, 0.5 ], "texture": "#sha_atlas", "cullface": "north" }
			}
		},
		{
			"__comment": "Voxels",
			"from": [ 7.5, 11, 3.5 ],
			"to": [ 9, 13, 4.5 ],
			"faces": {
				"down": { "uv": [ 5.75, 3.5, 6.125, 4 ], "texture": "#sha_atlas" },
				"up": { "uv": [ 6.125, 4.5, 6.5, 4 ], "texture": "#sha_atlas" },
				"north": { "uv": [ 3.25, 3.5, 2.875, 4.5 ], "texture": "#sha_atlas" },
				"south": { "uv": [ 6, 9.75, 6.375, 10.75 ], "texture": "#sha_atlas" },
				"west": { "uv": [ 2.125, 7.25, 2.375, 8.25 ], "texture": "#sha_atlas" },
				"east": { "uv": [ 7.625, 12, 7.375, 13 ], "texture": "#sha_atlas" }
			}
		},
		{
			"__comment": "Voxels",
			"from": [ 7.5, 11, 4.5 ],
			"to": [ 9, 12.5, 5 ],
			"faces": {
				"down": { "uv": [ 5.875, 0, 6.25, 0.25 ], "texture": "#sha_atlas" },
				"up": { "uv": [ 7.875, 0.75, 8.25, 0.5 ], "texture": "#sha_atlas" },
				"west": { "uv": [ 8.25, 8.75, 8.375, 9.5 ], "texture": "#sha_atlas" },
				"east": { "uv": [ 8.375, 8, 8.25, 8.75 ], "texture": "#sha_atlas" }
			}
		},
		{
			"__comment": "Voxels",
			"from": [ 7.5, 11.5, -3.5 ],
			"to": [ 9, 12, -3 ],
			"faces": {
				"up": { "uv": [ 8.375, 15.5, 8.75, 15.25 ], "texture": "#sha_atlas", "cullface": "north" },
				"north": { "uv": [ 9.125, 15.25, 8.75, 15.5 ], "texture": "#sha_atlas", "cullface": "north" },
				"west": { "uv": [ 9.375, 10.25, 9.5, 10.5 ], "texture": "#sha_atlas", "cullface": "north" },
				"east": { "uv": [ 9.5, 10, 9.375, 10.25 ], "texture": "#sha_atlas", "cullface": "north" }
			}
		},
		{
			"__comment": "Voxels",
			"from": [ 7.5, 11.5, 3 ],
			"to": [ 9, 13, 3.5 ],
			"faces": {
				"down": { "uv": [ 9.5, 15.25, 9.875, 15.5 ], "texture": "#sha_atlas" },
				"up": { "uv": [ 9.875, 15.5, 10.25, 15.25 ], "texture": "#sha_atlas" },
				"north": { "uv": [ 6.5, 6.75, 6.125, 7.5 ], "texture": "#sha_atlas" },
				"west": { "uv": [ 8.25, 5.75, 8.375, 6.5 ], "texture": "#sha_atlas" },
				"east": { "uv": [ 8.375, 5, 8.25, 5.75 ], "texture": "#sha_atlas" }
			}
		},
		{
			"__comment": "Voxels",
			"from": [ 8, 2.5, -3.5 ],
			"to": [ 8.5, 3.5, -3 ],
			"faces": {
				"down": { "uv": [ 9.375, 6.75, 9.5, 7 ], "texture": "#sha_atlas", "cullface": "north" },
				"north": { "uv": [ 9.25, 7, 9.125, 7.5 ], "texture": "#sha_atlas", "cullface": "north" },
				"south": { "uv": [ 9.125, 6.5, 9.25, 7 ], "texture": "#sha_atlas", "cullface": "north" },
				"west": { "uv": [ 9.125, 6, 9.25, 6.5 ], "texture": "#sha_atlas", "cullface": "north" },
				"east": { "uv": [ 9.25, 5.5, 9.125, 6 ], "texture": "#sha_atlas", "cullface": "north" }
			}
		},
		{
			"__comment": "Voxels",
			"from": [ 8, 3, -6 ],
			"to": [ 8.5, 4, -5.5 ],
			"faces": {
				"down": { "uv": [ 15.75, 12.75, 15.875, 13 ], "texture": "#sha_atlas", "cullface": "north" },
				"north": { "uv": [ 9.25, 1, 9.125, 1.5 ], "texture": "#sha_atlas", "cullface": "north" },
				"south": { "uv": [ 9.125, 0.5, 9.25, 1 ], "texture": "#sha_atlas", "cullface": "north" },
				"west": { "uv": [ 9.25, 12.25, 9.375, 12.75 ], "texture": "#sha_atlas", "cullface": "north" },
				"east": { "uv": [ 9.375, 11.75, 9.25, 12.25 ], "texture": "#sha_atlas", "cullface": "north" }
			}
		},
		{
			"__comment": "Voxels",
			"from": [ 8, 3, -1 ],
			"to": [ 8.5, 4, -0.5 ],
			"faces": {
				"down": { "uv": [ 9.5, 4.5, 9.625, 4.75 ], "texture": "#sha_atlas", "cullface": "north" },
				"north": { "uv": [ 9.375, 8.25, 9.25, 8.75 ], "texture": "#sha_atlas", "cullface": "north" },
				"south": { "uv": [ 9.25, 7.75, 9.375, 8.25 ], "texture": "#sha_atlas", "cullface": "north" },
				"west": { "uv": [ 9.25, 7.25, 9.375, 7.75 ], "texture": "#sha_atlas", "cullface": "north" },
				"east": { "uv": [ 9.375, 6.75, 9.25, 7.25 ], "texture": "#sha_atlas", "cullface": "north" }
			}
		},
		{
			"__comment": "Voxels",
			"from": [ 8, 3.5, -9 ],
			"to": [ 8.5, 4.5, -8.5 ],
			"faces": {
				"down": { "uv": [ 9.5, 1.75, 9.625, 2 ], "texture": "#sha_atlas", "cullface": "north" },
				"up": { "uv": [ 9.5, 1.75, 9.625, 1.5 ], "texture": "#sha_atlas", "cullface": "north" },
				"north": { "uv": [ 9.125, 10.5, 9, 11 ], "texture": "#sha_atlas", "cullface": "north" },
				"south": { "uv": [ 9, 10, 9.125, 10.5 ], "texture": "#sha_atlas", "cullface": "north" },
				"west": { "uv": [ 9, 9.5, 9.125, 10 ], "texture": "#sha_atlas", "cullface": "north" },
				"east": { "uv": [ 9.125, 9, 9, 9.5 ], "texture": "#sha_atlas", "cullface": "north" }
			}
		},
		{
			"__comment": "Voxels",
			"from": [ 8, 3.5, -5.5 ],
			"to": [ 8.5, 4, -5 ],
			"faces": {
				"down": { "uv": [ 9.5, 1.25, 9.625, 1.5 ], "texture": "#sha_atlas", "cullface": "north" },
				"south": { "uv": [ 9.5, 0, 9.625, 0.25 ], "texture": "#sha_atlas", "cullface": "north" },
				"west": { "uv": [ 9.625, 12.5, 9.75, 12.75 ], "texture": "#sha_atlas", "cullface": "north" },
				"east": { "uv": [ 2.625, 0, 2.5, 0.25 ], "texture": "#sha_atlas", "cullface": "north" }
			}
		},
		{
			"__comment": "Voxels",
			"from": [ 8, 3.5, -3 ],
			"to": [ 8.5, 4.5, -2.5 ],
			"faces": {
				"down": { "uv": [ 7.5, 9.5, 7.625, 9.75 ], "texture": "#sha_atlas", "cullface": "north" },
				"north": { "uv": [ 9.125, 7.5, 9, 8 ], "texture": "#sha_atlas", "cullface": "north" },
				"south": { "uv": [ 9, 7, 9.125, 7.5 ], "texture": "#sha_atlas", "cullface": "north" },
				"west": { "uv": [ 9, 4, 9.125, 4.5 ], "texture": "#sha_atlas", "cullface": "north" },
				"east": { "uv": [ 9.125, 6, 9, 6.5 ], "texture": "#sha_atlas", "cullface": "north" }
			}
		},
		{
			"__comment": "Voxels",
			"from": [ 8, 3.5, 3.5 ],
			"to": [ 8.5, 4, 4.5 ],
			"faces": {
				"down": { "uv": [ 9, 5.5, 9.125, 6 ], "texture": "#sha_atlas" },
				"up": { "uv": [ 9, 5.5, 9.125, 5 ], "texture": "#sha_atlas" },
				"south": { "uv": [ 7.5, 2.75, 7.625, 3 ], "texture": "#sha_atlas" },
				"west": { "uv": [ 12.25, 13.5, 12.5, 13.75 ], "texture": "#sha_atlas" },
				"east": { "uv": [ 12.75, 13.5, 12.5, 13.75 ], "texture": "#sha_atlas" }
			}
		},
		{
			"__comment": "Voxels",
			"from": [ 8, 4, -8.5 ],
			"to": [ 8.5, 5, -8 ],
			"faces": {
				"down": { "uv": [ 7.5, 2.5, 7.625, 2.75 ], "texture": "#sha_atlas", "cullface": "north" },
				"north": { "uv": [ 9.125, 3, 9, 3.5 ], "texture": "#sha_atlas", "cullface": "north" },
				"south": { "uv": [ 9, 2.5, 9.125, 3 ], "texture": "#sha_atlas", "cullface": "north" },
				"west": { "uv": [ 9, 2, 9.125, 2.5 ], "texture": "#sha_atlas", "cullface": "north" },
				"east": { "uv": [ 9.125, 1.5, 9, 2 ], "texture": "#sha_atlas", "cullface": "north" }
			}
		},
		{
			"__comment": "Voxels",
			"from": [ 8, 4, -0.5 ],
			"to": [ 8.5, 5, 0 ],
			"faces": {
				"down": { "uv": [ 7.5, 2, 7.625, 2.25 ], "texture": "#sha_atlas", "cullface": "north" },
				"south": { "uv": [ 9.125, 13, 9.25, 13.5 ], "texture": "#sha_atlas", "cullface": "north" },
				"west": { "uv": [ 9.125, 12.5, 9.25, 13 ], "texture": "#sha_atlas", "cullface": "north" },
				"east": { "uv": [ 9.25, 11, 9.125, 11.5 ], "texture": "#sha_atlas", "cullface": "north" }
			}
		},
		{
			"__comment": "Voxels",
			"from": [ 8, 4, 4 ],
			"to": [ 8.5, 4.5, 5 ],
			"faces": {
				"down": { "uv": [ 9.125, 10.5, 9.25, 11 ], "texture": "#sha_atlas" },
				"south": { "uv": [ 7.5, 1.25, 7.625, 1.5 ], "texture": "#sha_atlas" },
				"west": { "uv": [ 10.25, 13.25, 10.5, 13.5 ], "texture": "#sha_atlas" },
				"east": { "uv": [ 10.75, 13.25, 10.5, 13.5 ], "texture": "#sha_atlas" }
			}
		},
		{
			"__comment": "Voxels",
			"from": [ 8, 4.5, -8 ],
			"to": [ 8.5, 5, -7 ],
			"faces": {
				"down": { "uv": [ 9.125, 9.5, 9.25, 10 ], "texture": "#sha_atlas", "cullface": "north" },
				"up": { "uv": [ 7.5, 3.5, 7.625, 3 ], "texture": "#sha_atlas", "cullface": "north" },
				"west": { "uv": [ 9.75, 13.5, 10, 13.75 ], "texture": "#sha_atlas", "cullface": "north" },
				"east": { "uv": [ 10.25, 13.5, 10, 13.75 ], "texture": "#sha_atlas", "cullface": "north" }
			}
		},
		{
			"__comment": "Voxels",
			"from": [ 8, 4.5, 5 ],
			"to": [ 8.5, 5, 6.5 ],
			"faces": {
				"down": { "uv": [ 8.25, 2, 8.375, 2.75 ], "texture": "#sha_atlas" },
				"up": { "uv": [ 8.25, 2, 8.375, 1.25 ], "texture": "#sha_atlas" },
				"south": { "uv": [ 7.5, 0.25, 7.625, 0.5 ], "texture": "#sha_atlas" },
				"west": { "uv": [ 11, 15.25, 11.375, 15.5 ], "texture": "#sha_atlas" },
				"east": { "uv": [ 11.75, 15.25, 11.375, 15.5 ], "texture": "#sha_atlas" }
			}
		},
		{
			"__comment": "Voxels",
			"from": [ 8, 5, 6 ],
			"to": [ 8.5, 5.5, 9 ],
			"faces": {
				"down": { "uv": [ 4.625, 2.5, 4.75, 4 ], "texture": "#sha_atlas" },
				"up": { "uv": [ 4.25, 1.75, 4.375, 0.25 ], "texture": "#sha_atlas" },
				"south": { "uv": [ 8.375, 0, 8.5, 0.25 ], "texture": "#sha_atlas" },
				"west": { "uv": [ 5.875, 5.75, 6.625, 6 ], "texture": "#sha_atlas" },
				"east": { "uv": [ 7.125, 15, 6.375, 15.25 ], "texture": "#sha_atlas" }
			}
		},
		{
			"__comment": "Voxels",
			"from": [ 8, 5.5, -3 ],
			"to": [ 9, 6, -2.5 ],
			"faces": {
				"up": { "uv": [ 14.75, 13.75, 15, 13.5 ], "texture": "#sha_atlas", "cullface": "north" },
				"north": { "uv": [ 10, 13.25, 9.75, 13.5 ], "texture": "#sha_atlas", "cullface": "north" },
				"east": { "uv": [ 9.375, 5.75, 9.25, 6 ], "texture": "#sha_atlas", "cullface": "north" }
			}
		},
		{
			"__comment": "Voxels",
			"from": [ 8, 5.5, 8.5 ],
			"to": [ 8.5, 6, 16 ],
			"faces": {
				"down": { "uv": [ 2.75, 2, 2.875, 5.75 ], "texture": "#sha_atlas" },
				"up": { "uv": [ 2.75, 9.5, 2.875, 5.75 ], "texture": "#sha_atlas" },
				"south": { "uv": [ 9.25, 5.25, 9.375, 5.5 ], "texture": "#sha_atlas", "cullface": "south" },
				"west": { "uv": [ 4.625, 14, 6.5, 14.25 ], "texture": "#sha_atlas" },
				"east": { "uv": [ 6.5, 14.25, 4.625, 14.5 ], "texture": "#sha_atlas" }
			}
		},
		{
			"__comment": "Voxels",
			"from": [ 8, 6, 15.5 ],
			"to": [ 8.5, 6.5, 25.5 ],
			"faces": {
				"down": { "uv": [ 2.375, 0.75, 2.5, 5.75 ], "texture": "#sha_atlas", "cullface": "south" },
				"up": { "uv": [ 2.5, 5.25, 2.625, 0.25 ], "texture": "#sha_atlas", "cullface": "south" },
				"south": { "uv": [ 9.25, 4, 9.375, 4.25 ], "texture": "#sha_atlas", "cullface": "south" },
				"west": { "uv": [ 4.625, 14.75, 7.125, 15 ], "texture": "#sha_atlas", "cullface": "south" },
				"east": { "uv": [ 7.125, 14.5, 4.625, 14.75 ], "texture": "#sha_atlas", "cullface": "south" }
			}
		},
		{
			"__comment": "Voxels",
			"from": [ 8, 6.5, 2.5 ],
			"to": [ 8.5, 7, 5 ],
			"faces": {
				"down": { "uv": [ 7.75, 1.25, 7.875, 2.5 ], "texture": "#sha_atlas" },
				"up": { "uv": [ 7.625, 2.5, 7.75, 1.25 ], "texture": "#sha_atlas" },
				"west": { "uv": [ 7.625, 3.5, 8.25, 3.75 ], "texture": "#sha_atlas" },
				"east": { "uv": [ 8.25, 3.75, 7.625, 4 ], "texture": "#sha_atlas" }
			}
		},
		{
			"__comment": "Voxels",
			"from": [ 8, 6.5, 25 ],
			"to": [ 8.5, 7, 26.5 ],
			"faces": {
				"down": { "uv": [ 8.375, 13.75, 8.5, 14.5 ], "texture": "#sha_atlas", "cullface": "south" },
				"up": { "uv": [ 8.375, 13.75, 8.5, 13 ], "texture": "#sha_atlas", "cullface": "south" },
				"south": { "uv": [ 9.25, 2.25, 9.375, 2.5 ], "texture": "#sha_atlas", "cullface": "south" },
				"west": { "uv": [ 12.875, 15.25, 13.25, 15.5 ], "texture": "#sha_atlas", "cullface": "south" },
				"east": { "uv": [ 13.625, 15.25, 13.25, 15.5 ], "texture": "#sha_atlas", "cullface": "south" }
			}
		},
		{
			"__comment": "Voxels",
			"from": [ 8, 7, -10.5 ],
			"to": [ 8.5, 7.5, -10 ],
			"faces": {
				"down": { "uv": [ 9.25, 1.5, 9.375, 1.75 ], "texture": "#sha_atlas", "cullface": "north" },
				"south": { "uv": [ 9.25, 0.75, 9.375, 1 ], "texture": "#sha_atlas", "cullface": "north" },
				"west": { "uv": [ 9.25, 0.5, 9.375, 0.75 ], "texture": "#sha_atlas", "cullface": "north" },
				"east": { "uv": [ 9.375, 0.25, 9.25, 0.5 ], "texture": "#sha_atlas", "cullface": "north" }
			}
		},
		{
			"__comment": "Voxels",
			"from": [ 8, 7, 2 ],
			"to": [ 8.5, 7.5, 2.5 ],
			"faces": {
				"up": { "uv": [ 9.625, 13.25, 9.75, 13 ], "texture": "#sha_atlas" },
				"south": { "uv": [ 9.875, 13, 10, 13.25 ], "texture": "#sha_atlas" },
				"west": { "uv": [ 10, 13, 10.125, 13.25 ], "texture": "#sha_atlas" },
				"east": { "uv": [ 10.25, 13, 10.125, 13.25 ], "texture": "#sha_atlas" }
			}
		},
		{
			"__comment": "Voxels",
			"from": [ 8, 7, 5 ],
			"to": [ 8.5, 7.5, 5.5 ],
			"faces": {
				"up": { "uv": [ 10.375, 13.25, 10.5, 13 ], "texture": "#sha_atlas" },
				"north": { "uv": [ 10.625, 13, 10.5, 13.25 ], "texture": "#sha_atlas" },
				"west": { "uv": [ 10.75, 13, 10.875, 13.25 ], "texture": "#sha_atlas" },
				"east": { "uv": [ 11, 13, 10.875, 13.25 ], "texture": "#sha_atlas" }
			}
		},
		{
			"__comment": "Voxels",
			"from": [ 8, 7, 25.5 ],
			"to": [ 8.5, 7.5, 27 ],
			"faces": {
				"down": { "uv": [ 8.375, 12.25, 8.5, 13 ], "texture": "#sha_atlas", "cullface": "south" },
				"up": { "uv": [ 8.375, 12.25, 8.5, 11.5 ], "texture": "#sha_atlas", "cullface": "south" },
				"south": { "uv": [ 11.125, 13, 11.25, 13.25 ], "texture": "#sha_atlas", "cullface": "south" },
				"west": { "uv": [ 13.625, 15.25, 14, 15.5 ], "texture": "#sha_atlas", "cullface": "south" },
				"east": { "uv": [ 14.375, 15.25, 14, 15.5 ], "texture": "#sha_atlas", "cullface": "south" }
			}
		},
		{
			"__comment": "Voxels",
			"from": [ 8, 7.5, -8.5 ],
			"to": [ 8.5, 8, -8 ],
			"faces": {
				"down": { "uv": [ 11.5, 13, 11.625, 13.25 ], "texture": "#sha_atlas", "cullface": "north" },
				"west": { "uv": [ 12, 13, 12.125, 13.25 ], "texture": "#sha_atlas", "cullface": "north" },
				"east": { "uv": [ 9.5, 7.75, 9.375, 8 ], "texture": "#sha_atlas", "cullface": "north" }
			}
		},
		{
			"__comment": "Voxels",
			"from": [ 8, 7.5, -7 ],
			"to": [ 8.5, 8, -6.5 ],
			"faces": {
				"down": { "uv": [ 12.25, 13, 12.375, 13.25 ], "texture": "#sha_atlas", "cullface": "north" },
				"west": { "uv": [ 12.75, 13, 12.875, 13.25 ], "texture": "#sha_atlas", "cullface": "north" },
				"east": { "uv": [ 13, 13, 12.875, 13.25 ], "texture": "#sha_atlas", "cullface": "north" }
			}
		},
		{
			"__comment": "Voxels",
			"from": [ 8, 7.5, -5.5 ],
			"to": [ 8.5, 8, -5 ],
			"faces": {
				"down": { "uv": [ 13, 13, 13.125, 13.25 ], "texture": "#sha_atlas", "cullface": "north" },
				"west": { "uv": [ 13.5, 13, 13.625, 13.25 ], "texture": "#sha_atlas", "cullface": "north" },
				"east": { "uv": [ 13.75, 13, 13.625, 13.25 ], "texture": "#sha_atlas", "cullface": "north" }
			}
		},
		{
			"__comment": "Voxels",
			"from": [ 8, 7.5, 1.5 ],
			"to": [ 8.5, 10, 2 ],
			"faces": {
				"up": { "uv": [ 13.875, 13.25, 14, 13 ], "texture": "#sha_atlas" },
				"south": { "uv": [ 7.75, 5.25, 7.875, 6.5 ], "texture": "#sha_atlas" },
				"west": { "uv": [ 8.125, 12.25, 8.25, 13.5 ], "texture": "#sha_atlas" },
				"east": { "uv": [ 8.125, 12.25, 8, 13.5 ], "texture": "#sha_atlas" }
			}
		},
		{
			"__comment": "Voxels",
			"from": [ 8, 9.5, 3 ],
			"to": [ 8.5, 10, 4.5 ],
			"faces": {
				"up": { "uv": [ 8.375, 10.75, 8.5, 10 ], "texture": "#sha_atlas" },
				"north": { "uv": [ 7.875, 12.25, 7.75, 13.5 ], "texture": "#sha_atlas" },
				"south": { "uv": [ 7.625, 12.25, 7.75, 13.5 ], "texture": "#sha_atlas" },
				"west": { "uv": [ 6, 11.75, 6.375, 13 ], "texture": "#sha_atlas" },
				"east": { "uv": [ 6, 11.75, 5.625, 13 ], "texture": "#sha_atlas" }
			}
		},
		{
			"__comment": "Voxels",
			"from": [ 8, 7.5, 5.5 ],
			"to": [ 8.5, 9, 6 ],
			"faces": {
				"up": { "uv": [ 15.375, 13.25, 15.5, 13 ], "texture": "#sha_atlas" },
				"north": { "uv": [ 8.5, 9.25, 8.375, 10 ], "texture": "#sha_atlas" },
				"south": { "uv": [ 8.375, 8.5, 8.5, 9.25 ], "texture": "#sha_atlas" },
				"west": { "uv": [ 8.375, 7.75, 8.5, 8.5 ], "texture": "#sha_atlas" },
				"east": { "uv": [ 8.5, 7, 8.375, 7.75 ], "texture": "#sha_atlas" }
			}
		},
		{
			"__comment": "Voxels",
			"from": [ 8, 7.5, 26 ],
			"to": [ 8.5, 8, 27.5 ],
			"faces": {
				"down": { "uv": [ 8.375, 6.25, 8.5, 7 ], "texture": "#sha_atlas", "cullface": "south" },
				"up": { "uv": [ 8.375, 6.25, 8.5, 5.5 ], "texture": "#sha_atlas", "cullface": "south" },
				"south": { "uv": [ 9.375, 12, 9.5, 12.25 ], "texture": "#sha_atlas", "cullface": "south" },
				"west": { "uv": [ 11.125, 15, 11.5, 15.25 ], "texture": "#sha_atlas", "cullface": "south" },
				"east": { "uv": [ 11.875, 15, 11.5, 15.25 ], "texture": "#sha_atlas", "cullface": "south" }
			}
		},
		{
			"__comment": "Voxels",
			"from": [ 8, 8, 2.5 ],
			"to": [ 8.5, 9.5, 3 ],
			"faces": {
				"down": { "uv": [ 9.375, 11.25, 9.5, 11.5 ], "texture": "#sha_atlas" },
				"up": { "uv": [ 9.375, 11.25, 9.5, 11 ], "texture": "#sha_atlas" },
				"north": { "uv": [ 8.5, 4.75, 8.375, 5.5 ], "texture": "#sha_atlas" },
				"west": { "uv": [ 8.375, 3.25, 8.5, 4 ], "texture": "#sha_atlas" },
				"east": { "uv": [ 8.5, 2.5, 8.375, 3.25 ], "texture": "#sha_atlas" }
			}
		},
		{
			"__comment": "Voxels",
			"from": [ 8, 8, 4.5 ],
			"to": [ 8.5, 9.5, 5 ],
			"faces": {
				"down": { "uv": [ 9.375, 9.75, 9.5, 10 ], "texture": "#sha_atlas" },
				"up": { "uv": [ 9.375, 9.75, 9.5, 9.5 ], "texture": "#sha_atlas" },
				"south": { "uv": [ 8.375, 1, 8.5, 1.75 ], "texture": "#sha_atlas" },
				"west": { "uv": [ 8.375, 0.25, 8.5, 1 ], "texture": "#sha_atlas" },
				"east": { "uv": [ 8.625, 14, 8.5, 14.75 ], "texture": "#sha_atlas" }
			}
		},
		{
			"__comment": "Voxels",
			"from": [ 8, 8, 26.5 ],
			"to": [ 8.5, 9, 28 ],
			"faces": {
				"down": { "uv": [ 8.5, 13.25, 8.625, 14 ], "texture": "#sha_atlas", "cullface": "south" },
				"up": { "uv": [ 8.5, 13.25, 8.625, 12.5 ], "texture": "#sha_atlas", "cullface": "south" },
				"north": { "uv": [ 9.125, 8, 9, 8.5 ], "texture": "#sha_atlas", "cullface": "south" },
				"south": { "uv": [ 9.125, 7.5, 9.25, 8 ], "texture": "#sha_atlas", "cullface": "south" },
				"west": { "uv": [ 7, 4.5, 7.375, 5 ], "texture": "#sha_atlas", "cullface": "south" },
				"east": { "uv": [ 7.375, 5, 7, 5.5 ], "texture": "#sha_atlas", "cullface": "south" }
			}
		},
		{
			"__comment": "Voxels",
			"from": [ 8, 8.5, 6 ],
			"to": [ 8.5, 9, 26.5 ],
			"faces": {
				"down": { "uv": [ 2.375, 5.75, 2.5, 16 ], "texture": "#sha_atlas", "cullface": "south" },
				"up": { "uv": [ 2.5, 15.5, 2.625, 5.25 ], "texture": "#sha_atlas", "cullface": "south" },
				"west": { "uv": [ 2.5, 15.75, 7.625, 16 ], "texture": "#sha_atlas", "cullface": "south" },
				"east": { "uv": [ 7.625, 15.5, 2.5, 15.75 ], "texture": "#sha_atlas", "cullface": "south" }
			}
		},
		{
			"__comment": "Voxels",
			"from": [ 8, 8.5, 28 ],
			"to": [ 8.5, 9, 28.5 ],
			"faces": {
				"down": { "uv": [ 9.375, 5.25, 9.5, 5.5 ], "texture": "#sha_atlas", "cullface": "south" },
				"up": { "uv": [ 9.375, 5.25, 9.5, 5 ], "texture": "#sha_atlas", "cullface": "south" },
				"south": { "uv": [ 9.375, 4.5, 9.5, 4.75 ], "texture": "#sha_atlas", "cullface": "south" },
				"west": { "uv": [ 9.375, 4.25, 9.5, 4.5 ], "texture": "#sha_atlas", "cullface": "south" },
				"east": { "uv": [ 9.5, 4, 9.375, 4.25 ], "texture": "#sha_atlas", "cullface": "south" }
			}
		},
		{
			"__comment": "Voxels",
			"from": [ 8, 9.5, -8.5 ],
			"to": [ 8.5, 10, -8 ],
			"faces": {
				"up": { "uv": [ 9.375, 3.75, 9.5, 3.5 ], "texture": "#sha_atlas", "cullface": "north" },
				"west": { "uv": [ 9.375, 2.75, 9.5, 3 ], "texture": "#sha_atlas", "cullface": "north" },
				"east": { "uv": [ 9.5, 2.5, 9.375, 2.75 ], "texture": "#sha_atlas", "cullface": "north" }
			}
		},
		{
			"__comment": "Voxels",
			"from": [ 8, 9.5, -7 ],
			"to": [ 8.5, 10, -6.5 ],
			"faces": {
				"up": { "uv": [ 9.375, 2.25, 9.5, 2 ], "texture": "#sha_atlas", "cullface": "north" },
				"west": { "uv": [ 9.375, 1.25, 9.5, 1.5 ], "texture": "#sha_atlas", "cullface": "north" },
				"east": { "uv": [ 9.5, 1, 9.375, 1.25 ], "texture": "#sha_atlas", "cullface": "north" }
			}
		},
		{
			"__comment": "Voxels",
			"from": [ 8, 9.5, -5.5 ],
			"to": [ 8.5, 10, -5 ],
			"faces": {
				"up": { "uv": [ 9.375, 0.75, 9.5, 0.5 ], "texture": "#sha_atlas", "cullface": "north" },
				"west": { "uv": [ 9.5, 12.75, 9.625, 13 ], "texture": "#sha_atlas", "cullface": "north" },
				"east": { "uv": [ 9.75, 12.75, 9.625, 13 ], "texture": "#sha_atlas", "cullface": "north" }
			}
		},
		{
			"__comment": "Voxels",
			"from": [ 8, 9.5, 5.5 ],
			"to": [ 8.5, 10, 20 ],
			"faces": {
				"down": { "uv": [ 2.625, 8, 2.75, 15.25 ], "texture": "#sha_atlas", "cullface": "south" },
				"up": { "uv": [ 2.625, 8, 2.75, 0.75 ], "texture": "#sha_atlas", "cullface": "south" },
				"north": { "uv": [ 10.125, 12.75, 10, 13 ], "texture": "#sha_atlas", "cullface": "south" },
				"south": { "uv": [ 10.125, 12.75, 10.25, 13 ], "texture": "#sha_atlas", "cullface": "south" },
				"west": { "uv": [ 2.75, 15, 6.375, 15.25 ], "texture": "#sha_atlas", "cullface": "south" },
				"east": { "uv": [ 6.25, 15.25, 2.625, 15.5 ], "texture": "#sha_atlas", "cullface": "south" }
			}
		},
		{
			"__comment": "Voxels",
			"from": [ 8, 10, -10.5 ],
			"to": [ 8.5, 10.5, -10 ],
			"faces": {
				"up": { "uv": [ 10.625, 13, 10.75, 12.75 ], "texture": "#sha_atlas", "cullface": "north" },
				"south": { "uv": [ 10.875, 12.75, 11, 13 ], "texture": "#sha_atlas", "cullface": "north" },
				"west": { "uv": [ 11, 12.75, 11.125, 13 ], "texture": "#sha_atlas", "cullface": "north" },
				"east": { "uv": [ 11.25, 12.75, 11.125, 13 ], "texture": "#sha_atlas", "cullface": "north" }
			}
		},
		{
			"__comment": "Voxels",
			"from": [ 8, 10, -1 ],
			"to": [ 8.5, 10.5, 0 ],
			"faces": {
				"down": { "uv": [ 9.125, 5, 9.25, 5.5 ], "texture": "#sha_atlas", "cullface": "north" },
				"up": { "uv": [ 9.125, 5, 9.25, 4.5 ], "texture": "#sha_atlas", "cullface": "north" },
				"west": { "uv": [ 14.25, 13.25, 14.5, 13.5 ], "texture": "#sha_atlas", "cullface": "north" },
				"east": { "uv": [ 14.75, 13.25, 14.5, 13.5 ], "texture": "#sha_atlas", "cullface": "north" }
			}
		},
		{
			"__comment": "Voxels",
			"from": [ 8, 10, 1 ],
			"to": [ 8.5, 11, 1.5 ],
			"faces": {
				"up": { "uv": [ 12.125, 13, 12.25, 12.75 ], "texture": "#sha_atlas" },
				"north": { "uv": [ 9.25, 4, 9.125, 4.5 ], "texture": "#sha_atlas" },
				"south": { "uv": [ 9.125, 3.5, 9.25, 4 ], "texture": "#sha_atlas" },
				"west": { "uv": [ 9.125, 3, 9.25, 3.5 ], "texture": "#sha_atlas" },
				"east": { "uv": [ 9.25, 2.5, 9.125, 3 ], "texture": "#sha_atlas" }
			}
		},
		{
			"__comment": "Voxels",
			"from": [ 8, 10, 5 ],
			"to": [ 8.5, 10.5, 5.5 ],
			"faces": {
				"down": { "uv": [ 12.75, 12.75, 12.875, 13 ], "texture": "#sha_atlas" },
				"north": { "uv": [ 13.125, 12.75, 13, 13 ], "texture": "#sha_atlas" },
				"west": { "uv": [ 13.25, 12.75, 13.375, 13 ], "texture": "#sha_atlas" },
				"east": { "uv": [ 13.5, 12.75, 13.375, 13 ], "texture": "#sha_atlas" }
			}
		},
		{
			"__comment": "Voxels",
			"from": [ 8, 10, 18.5 ],
			"to": [ 8.5, 10.5, 19 ],
			"faces": {
				"up": { "uv": [ 13.625, 13, 13.75, 12.75 ], "texture": "#sha_atlas", "cullface": "south" },
				"south": { "uv": [ 13.875, 12.75, 14, 13 ], "texture": "#sha_atlas", "cullface": "south" },
				"west": { "uv": [ 14, 12.75, 14.125, 13 ], "texture": "#sha_atlas", "cullface": "south" },
				"east": { "uv": [ 14.25, 12.75, 14.125, 13 ], "texture": "#sha_atlas", "cullface": "south" }
			}
		},
		{
			"__comment": "Voxels",
			"from": [ 8, 10.5, -1.5 ],
			"to": [ 8.5, 11, -1 ],
			"faces": {
				"up": { "uv": [ 14.375, 13, 14.5, 12.75 ], "texture": "#sha_atlas", "cullface": "north" },
				"south": { "uv": [ 14.625, 12.75, 14.75, 13 ], "texture": "#sha_atlas", "cullface": "north" },
				"west": { "uv": [ 14.75, 12.75, 14.875, 13 ], "texture": "#sha_atlas", "cullface": "north" },
				"east": { "uv": [ 15, 12.75, 14.875, 13 ], "texture": "#sha_atlas", "cullface": "north" }
			}
		},
		{
			"__comment": "Voxels",
			"from": [ 8, 10.5, 0 ],
			"to": [ 8.5, 11, 1 ],
			"faces": {
				"down": { "uv": [ 9.125, 2, 9.25, 2.5 ], "texture": "#sha_atlas" },
				"up": { "uv": [ 9.125, 2, 9.25, 1.5 ], "texture": "#sha_atlas" },
				"north": { "uv": [ 15.375, 12.75, 15.25, 13 ], "texture": "#sha_atlas", "cullface": "north" },
				"west": { "uv": [ 14.75, 13.25, 15, 13.5 ], "texture": "#sha_atlas" },
				"east": { "uv": [ 15.25, 13.25, 15, 13.5 ], "texture": "#sha_atlas" }
			}
		},
		{
			"__comment": "Voxels",
			"from": [ 8, 10.5, 3.5 ],
			"to": [ 8.5, 11, 5 ],
			"faces": {
				"down": { "uv": [ 8.5, 11.75, 8.625, 12.5 ], "texture": "#sha_atlas" },
				"up": { "uv": [ 8.5, 11.75, 8.625, 11 ], "texture": "#sha_atlas" },
				"north": { "uv": [ 9.625, 12.5, 9.5, 12.75 ], "texture": "#sha_atlas" },
				"west": { "uv": [ 9.75, 14.5, 10.125, 14.75 ], "texture": "#sha_atlas" },
				"east": { "uv": [ 10.5, 14.5, 10.125, 14.75 ], "texture": "#sha_atlas" }
			}
		},
		{
			"__comment": "Voxels",
			"from": [ 8, 10.5, 17.5 ],
			"to": [ 8.5, 11, 18.5 ],
			"faces": {
				"up": { "uv": [ 9.25, 13.25, 9.375, 12.75 ], "texture": "#sha_atlas", "cullface": "south" },
				"south": { "uv": [ 9.5, 10.75, 9.625, 11 ], "texture": "#sha_atlas", "cullface": "south" },
				"west": { "uv": [ 15.25, 13.25, 15.5, 13.5 ], "texture": "#sha_atlas", "cullface": "south" },
				"east": { "uv": [ 15.75, 13.25, 15.5, 13.5 ], "texture": "#sha_atlas", "cullface": "south" }
			}
		},
		{
			"__comment": "Voxels",
			"from": [ 8, 11, -5 ],
			"to": [ 8.5, 11.5, -4.5 ],
			"faces": {
				"up": { "uv": [ 9.5, 10, 9.625, 9.75 ], "texture": "#sha_atlas", "cullface": "north" },
				"north": { "uv": [ 9.625, 9.5, 9.5, 9.75 ], "texture": "#sha_atlas", "cullface": "north" },
				"west": { "uv": [ 9.5, 9, 9.625, 9.25 ], "texture": "#sha_atlas", "cullface": "north" },
				"east": { "uv": [ 9.625, 8.75, 9.5, 9 ], "texture": "#sha_atlas", "cullface": "north" }
			}
		},
		{
			"__comment": "Voxels",
			"from": [ 8, 11, 0.5 ],
			"to": [ 8.5, 11.5, 1 ],
			"faces": {
				"up": { "uv": [ 9.5, 8.5, 9.625, 8.25 ], "texture": "#sha_atlas" },
				"north": { "uv": [ 9.625, 8, 9.5, 8.25 ], "texture": "#sha_atlas" },
				"south": { "uv": [ 9.5, 7.75, 9.625, 8 ], "texture": "#sha_atlas" },
				"west": { "uv": [ 9.5, 7.5, 9.625, 7.75 ], "texture": "#sha_atlas" },
				"east": { "uv": [ 9.625, 7.25, 9.5, 7.5 ], "texture": "#sha_atlas" }
			}
		},
		{
			"__comment": "Voxels",
			"from": [ 8, 11, 3 ],
			"to": [ 8.5, 11.5, 3.5 ],
			"faces": {
				"down": { "uv": [ 9.5, 7, 9.625, 7.25 ], "texture": "#sha_atlas" },
				"north": { "uv": [ 9.625, 6.5, 9.5, 6.75 ], "texture": "#sha_atlas" },
				"west": { "uv": [ 9.5, 6, 9.625, 6.25 ], "texture": "#sha_atlas" },
				"east": { "uv": [ 9.625, 5.75, 9.5, 6 ], "texture": "#sha_atlas" }
			}
		},
		{
			"__comment": "Voxels",
			"from": [ 8, 11, 11 ],
			"to": [ 8.5, 11.5, 12.5 ],
			"faces": {
				"up": { "uv": [ 8.5, 10.25, 8.625, 9.5 ], "texture": "#sha_atlas" },
				"south": { "uv": [ 9.5, 4.75, 9.625, 5 ], "texture": "#sha_atlas" },
				"west": { "uv": [ 11.625, 14.25, 12, 14.5 ], "texture": "#sha_atlas" },
				"east": { "uv": [ 12.375, 14.25, 12, 14.5 ], "texture": "#sha_atlas" }
			}
		},
		{
			"__comment": "Voxels",
			"from": [ 8, 11.5, -4.5 ],
			"to": [ 8.5, 12, -3.5 ],
			"faces": {
				"up": { "uv": [ 9.25, 11.25, 9.375, 10.75 ], "texture": "#sha_atlas", "cullface": "north" },
				"north": { "uv": [ 9.625, 3.5, 9.5, 3.75 ], "texture": "#sha_atlas", "cullface": "north" },
				"west": { "uv": [ 15.75, 13.25, 16, 13.5 ], "texture": "#sha_atlas", "cullface": "north" },
				"east": { "uv": [ 9.625, 13, 9.375, 13.25 ], "texture": "#sha_atlas", "cullface": "north" }
			}
		},
		{
			"__comment": "Voxels",
			"from": [ 8, 11.5, -2 ],
			"to": [ 8.5, 12.5, -1.5 ],
			"faces": {
				"up": { "uv": [ 9.5, 2.5, 9.625, 2.25 ], "texture": "#sha_atlas", "cullface": "north" },
				"north": { "uv": [ 9.375, 10.25, 9.25, 10.75 ], "texture": "#sha_atlas", "cullface": "north" },
				"south": { "uv": [ 9.25, 9.75, 9.375, 10.25 ], "texture": "#sha_atlas", "cullface": "north" },
				"west": { "uv": [ 9.25, 9.25, 9.375, 9.75 ], "texture": "#sha_atlas", "cullface": "north" },
				"east": { "uv": [ 9.375, 8.75, 9.25, 9.25 ], "texture": "#sha_atlas", "cullface": "north" }
			}
		},
		{
			"__comment": "Voxels",
			"from": [ 8, 11.5, 6.5 ],
			"to": [ 8.5, 12, 8 ],
			"faces": {
				"up": { "uv": [ 8.5, 7.25, 8.625, 6.5 ], "texture": "#sha_atlas" },
				"south": { "uv": [ 9.5, 0.25, 9.625, 0.5 ], "texture": "#sha_atlas" },
				"west": { "uv": [ 9, 14, 9.375, 14.25 ], "texture": "#sha_atlas" },
				"east": { "uv": [ 9.75, 14, 9.375, 14.25 ], "texture": "#sha_atlas" }
			}
		},
		{
			"__comment": "Voxels",
			"from": [ 8, 12, 6 ],
			"to": [ 8.5, 12.5, 6.5 ],
			"faces": {
				"up": { "uv": [ 9.875, 12.75, 10, 12.5 ], "texture": "#sha_atlas" },
				"south": { "uv": [ 10.125, 12.5, 10.25, 12.75 ], "texture": "#sha_atlas" },
				"west": { "uv": [ 10.25, 12.5, 10.375, 12.75 ], "texture": "#sha_atlas" },
				"east": { "uv": [ 10.5, 12.5, 10.375, 12.75 ], "texture": "#sha_atlas" }
			}
		},
		{
			"__comment": "Voxels",
			"from": [ 8, 12.5, 4.5 ],
			"to": [ 8.5, 13, 5 ],
			"faces": {
				"up": { "uv": [ 10.625, 12.75, 10.75, 12.5 ], "texture": "#sha_atlas" },
				"south": { "uv": [ 10.875, 12.5, 11, 12.75 ], "texture": "#sha_atlas" },
				"west": { "uv": [ 11, 12.5, 11.125, 12.75 ], "texture": "#sha_atlas" },
				"east": { "uv": [ 11.25, 12.5, 11.125, 12.75 ], "texture": "#sha_atlas" }
			}
		},
		{
			"__comment": "Voxels",
			"from": [ 8.5, 5.5, -3.5 ],
			"to": [ 9, 6, -3 ],
			"faces": {
				"up": { "uv": [ 11.375, 12.75, 11.5, 12.5 ], "texture": "#sha_atlas", "cullface": "north" },
				"north": { "uv": [ 11.625, 12.5, 11.5, 12.75 ], "texture": "#sha_atlas", "cullface": "north" },
				"west": { "uv": [ 11.75, 12.5, 11.875, 12.75 ], "texture": "#sha_atlas", "cullface": "north" },
				"east": { "uv": [ 12, 12.5, 11.875, 12.75 ], "texture": "#sha_atlas", "cullface": "north" }
			}
		},
		{
			"__comment": "Voxels",
			"from": [ 8, 7.5, 3 ],
			"to": [ 8.5, 8, 4.5 ],
			"faces": {
				"down": { "uv": [ 8.375, 10.75, 8.5, 11.5 ], "texture": "#sha_atlas" },
				"north": { "uv": [ 7.875, 12.25, 7.75, 13.5 ], "texture": "#sha_atlas" },
				"south": { "uv": [ 7.625, 12.25, 7.75, 13.5 ], "texture": "#sha_atlas" },
				"west": { "uv": [ 6, 11.75, 6.375, 13 ], "texture": "#sha_atlas" },
				"east": { "uv": [ 6, 11.75, 5.625, 13 ], "texture": "#sha_atlas" }
			}
		},
		{
			"__comment": "Voxels",
			"from": [ 8, 8, 3 ],
			"to": [ 8.5, 9.5, 4.5 ],
			"faces": {
				"west": { "uv": [ 6, 11.75, 6.375, 13 ], "texture": "#sha_atlas" },
				"east": { "uv": [ 6, 11.75, 5.625, 13 ], "texture": "#sha_atlas" }
			}
		}
	],
	"display": {
		"thirdperson_righthand": {
			"rotation":  [ -90, 0, 180 ],
			"translation":  [ 0, 7, 0.5 ],
			"scale":  [ 0.6, 0.6, 0.6 ]
		},
		"thirdperson_lefthand": {
			"rotation":  [ -90, 0, 180 ],
			"translation":  [ 0, 7, 0.5 ],
			"scale":  [ 0.6, 0.6, 0.6 ]
		},
		"firstperson_righthand": {
			"rotation":  [ 90, 180, 5 ],
			"translation":  [ 0, 10, 2 ],
			"scale":  [ 0.5, 0.5, 0.5 ]
		},
		"firstperson_lefthand": {
			"rotation":  [ 90, 180, 5 ],
			"translation":  [ 0, 10, 2 ],
			"scale":  [ 0.5, 0.5, 0.5 ]
		},
		"gui": {
			"rotation":  [ 90, 135, -90 ],
			"scale":  [ 0.5, 0.5, 0.5 ]
		},
		"ground": {
			"rotation":  [ 45, 0, 0 ],
			"translation":  [ 0, 4, 0 ],
			"scale":  [ 0.5, 0.5, 0.5 ]
		},
		"fixed": {
			"rotation":  [ 90, -135, 90 ],
			"scale":  [ 0.6, 0.6, 0.6 ]
		}
	}
}