{
	"__comment": "Designed by Elo106 with Cubik Studio - https://cubik.studio",
	"textures": {
		"particle": "items/thunderfuryn",
		"texture": "items/thunderfuryn",
		"voxels_atlas": "items/thunderfuryn"
	},
	"elements": [ 	 
		{
			"__comment": "Voxels",
			"from": [ -12, 7.5, 8.5 ],
			"to": [ 4.5, 8, 9 ],
			"faces": {
				"down": { "uv": [ 0, 10.75, 4.125, 11 ], "texture": "#voxels_atlas" },
				"up": { "uv": [ 0, 11.25, 4.125, 11 ], "texture": "#voxels_atlas" },
				"north": { "uv": [ 4.125, 11.25, 0, 11.5 ], "texture": "#voxels_atlas" },
				"south": { "uv": [ 0, 10.5, 4.125, 10.75 ], "texture": "#voxels_atlas" },
				"west": { "uv": [ 4.625, 8.25, 4.75, 8.5 ], "texture": "#voxels_atlas" },
				"east": { "uv": [ 4.75, 8, 4.625, 8.25 ], "texture": "#voxels_atlas" }
			}
		},
		{
			"__comment": "Voxels",
			"from": [ -11.5, 7.5, 9 ],
			"to": [ 10.5, 8, 9.5 ],
			"faces": {
				"down": { "uv": [ 4.75, 15.75, 10.25, 16 ], "texture": "#voxels_atlas" },
				"up": { "uv": [ 10.25, 16, 15.75, 15.75 ], "texture": "#voxels_atlas" },
				"north": { "uv": [ 10.25, 15.5, 4.75, 15.75 ], "texture": "#voxels_atlas" },
				"south": { "uv": [ 10.25, 15.5, 15.75, 15.75 ], "texture": "#voxels_atlas" },
				"west": { "uv": [ 4.625, 7.75, 4.75, 8 ], "texture": "#voxels_atlas" },
				"east": { "uv": [ 4.75, 7.5, 4.625, 7.75 ], "texture": "#voxels_atlas" }
			}
		},
		{
			"__comment": "Voxels",
			"from": [ -11, 7, 8.5 ],
			"to": [ 4.5, 7.5, 9 ],
			"faces": {
				"down": { "uv": [ 0, 6.25, 3.875, 6.5 ], "texture": "#voxels_atlas" },
				"up": { "uv": [ 0, 6.25, 3.875, 6 ], "texture": "#voxels_atlas" },
				"north": { "uv": [ 3.875, 5.75, 0, 6 ], "texture": "#voxels_atlas" },
				"south": { "uv": [ 0, 5.5, 3.875, 5.75 ], "texture": "#voxels_atlas" },
				"west": { "uv": [ 3.25, 0.25, 3.375, 0.5 ], "texture": "#voxels_atlas" },
				"east": { "uv": [ 3.375, 0, 3.25, 0.25 ], "texture": "#voxels_atlas" }
			}
		},
		{
			"__comment": "Voxels",
			"from": [ -10.5, 7, 9 ],
			"to": [ 10.5, 7.5, 9.5 ],
			"faces": {
				"down": { "uv": [ 10, 15, 15.25, 15.25 ], "texture": "#voxels_atlas" },
				"up": { "uv": [ 10, 15.5, 15.25, 15.25 ], "texture": "#voxels_atlas" },
				"north": { "uv": [ 10, 15.25, 4.75, 15.5 ], "texture": "#voxels_atlas" },
				"south": { "uv": [ 4.75, 15, 10, 15.25 ], "texture": "#voxels_atlas" },
				"west": { "uv": [ 4.375, 0, 4.5, 0.25 ], "texture": "#voxels_atlas" },
				"east": { "uv": [ 16, 15.25, 15.875, 15.5 ], "texture": "#voxels_atlas" }
			}
		},
		{
			"__comment": "Voxels",
			"from": [ -10.5, 7.5, 7.5 ],
			"to": [ 4, 8, 8 ],
			"faces": {
				"down": { "uv": [ 0, 5, 3.625, 5.25 ], "texture": "#voxels_atlas" },
				"up": { "uv": [ 0, 5, 3.625, 4.75 ], "texture": "#voxels_atlas" },
				"north": { "uv": [ 3.625, 5.25, 0, 5.5 ], "texture": "#voxels_atlas" },
				"south": { "uv": [ 0, 4.5, 3.625, 4.75 ], "texture": "#voxels_atlas" },
				"west": { "uv": [ 15.875, 15, 16, 15.25 ], "texture": "#voxels_atlas" },
				"east": { "uv": [ 8, 9.75, 7.875, 10 ], "texture": "#voxels_atlas" }
			}
		},
		{
			"__comment": "Voxels",
			"from": [ -10, 7.5, 9.5 ],
			"to": [ 10, 8, 10 ],
			"faces": {
				"down": { "uv": [ 9.75, 14.75, 14.75, 15 ], "texture": "#voxels_atlas" },
				"up": { "uv": [ 4.75, 15, 9.75, 14.75 ], "texture": "#voxels_atlas" },
				"north": { "uv": [ 9.75, 14.5, 4.75, 14.75 ], "texture": "#voxels_atlas" },
				"south": { "uv": [ 9.75, 14.5, 14.75, 14.75 ], "texture": "#voxels_atlas" },
				"west": { "uv": [ 7.875, 9.5, 8, 9.75 ], "texture": "#voxels_atlas" },
				"east": { "uv": [ 8, 9.25, 7.875, 9.5 ], "texture": "#voxels_atlas" }
			}
		},
		{
			"__comment": "Voxels",
			"from": [ -10, 8, 8.5 ],
			"to": [ 3.5, 8.5, 9 ],
			"faces": {
				"down": { "uv": [ 0, 2.75, 3.375, 3 ], "texture": "#voxels_atlas" },
				"up": { "uv": [ 0, 2.75, 3.375, 2.5 ], "texture": "#voxels_atlas" },
				"north": { "uv": [ 3.375, 2.25, 0, 2.5 ], "texture": "#voxels_atlas" },
				"south": { "uv": [ 0, 2, 3.375, 2.25 ], "texture": "#voxels_atlas" },
				"west": { "uv": [ 7.875, 9, 8, 9.25 ], "texture": "#voxels_atlas" },
				"east": { "uv": [ 8, 6.25, 7.875, 6.5 ], "texture": "#voxels_atlas" }
			}
		},
		{
			"__comment": "Voxels",
			"from": [ -9.5, 8, 9 ],
			"to": [ 4, 8.5, 9.5 ],
			"faces": {
				"down": { "uv": [ 0, 1.25, 3.375, 1.5 ], "texture": "#voxels_atlas" },
				"up": { "uv": [ 0, 1.25, 3.375, 1 ], "texture": "#voxels_atlas" },
				"north": { "uv": [ 3.375, 0.75, 0, 1 ], "texture": "#voxels_atlas" },
				"south": { "uv": [ 0, 1.5, 3.375, 1.75 ], "texture": "#voxels_atlas" },
				"west": { "uv": [ 7.875, 6, 8, 6.25 ], "texture": "#voxels_atlas" },
				"east": { "uv": [ 8, 5.75, 7.875, 6 ], "texture": "#voxels_atlas" }
			}
		},
		{
			"__comment": "Voxels",
			"from": [ -9, 7, 9.5 ],
			"to": [ 10, 7.5, 10 ],
			"faces": {
				"down": { "uv": [ 0, 14.5, 4.75, 14.75 ], "texture": "#voxels_atlas" },
				"up": { "uv": [ 0, 14.5, 4.75, 14.25 ], "texture": "#voxels_atlas" },
				"north": { "uv": [ 4.75, 14, 0, 14.25 ], "texture": "#voxels_atlas" },
				"south": { "uv": [ 0, 13.75, 4.75, 14 ], "texture": "#voxels_atlas" },
				"west": { "uv": [ 7.875, 5.5, 8, 5.75 ], "texture": "#voxels_atlas" },
				"east": { "uv": [ 5.5, 1.5, 5.375, 1.75 ], "texture": "#voxels_atlas" }
			}
		},
		{
			"__comment": "Voxels",
			"from": [ -9, 7.5, 7 ],
			"to": [ 4.5, 8, 7.5 ],
			"faces": {
				"down": { "uv": [ 0, 3, 3.375, 3.25 ], "texture": "#voxels_atlas" },
				"up": { "uv": [ 0, 3.5, 3.375, 3.25 ], "texture": "#voxels_atlas" },
				"north": { "uv": [ 3.375, 4, 0, 4.25 ], "texture": "#voxels_atlas" },
				"south": { "uv": [ 0, 0.5, 3.375, 0.75 ], "texture": "#voxels_atlas" },
				"west": { "uv": [ 5.5, 1.5, 5.625, 1.75 ], "texture": "#voxels_atlas" },
				"east": { "uv": [ 5.25, 0.25, 5.125, 0.5 ], "texture": "#voxels_atlas" }
			}
		},
		{
			"__comment": "Voxels",
			"from": [ -8, 7, 7.5 ],
			"to": [ 4, 7.5, 8 ],
			"faces": {
				"down": { "uv": [ 4.75, 12.25, 7.75, 12.5 ], "texture": "#voxels_atlas" },
				"up": { "uv": [ 4.75, 12.25, 7.75, 12 ], "texture": "#voxels_atlas" },
				"north": { "uv": [ 7.75, 12.75, 4.75, 13 ], "texture": "#voxels_atlas" },
				"south": { "uv": [ 4.75, 12.5, 7.75, 12.75 ], "texture": "#voxels_atlas" },
				"west": { "uv": [ 5.125, 0, 5.25, 0.25 ], "texture": "#voxels_atlas" },
				"east": { "uv": [ 8, 3.25, 7.875, 3.5 ], "texture": "#voxels_atlas" }
			}
		},
		{
			"__comment": "Voxels",
			"from": [ -7.5, 7.5, 6.5 ],
			"to": [ 10.5, 8, 7 ],
			"faces": {
				"down": { "uv": [ 0, 13.25, 4.5, 13.5 ], "texture": "#voxels_atlas" },
				"up": { "uv": [ 0, 13.25, 4.5, 13 ], "texture": "#voxels_atlas" },
				"north": { "uv": [ 4.5, 12.75, 0, 13 ], "texture": "#voxels_atlas" },
				"south": { "uv": [ 0, 12.5, 4.5, 12.75 ], "texture": "#voxels_atlas" },
				"west": { "uv": [ 7.875, 3, 8, 3.25 ], "texture": "#voxels_atlas" },
				"east": { "uv": [ 8, 2.75, 7.875, 3 ], "texture": "#voxels_atlas" }
			}
		},
		{
			"__comment": "Voxels",
			"from": [ -7.5, 7.5, 10 ],
			"to": [ 10, 8, 10.5 ],
			"faces": {
				"down": { "uv": [ 0, 11.5, 4.375, 11.75 ], "texture": "#voxels_atlas" },
				"up": { "uv": [ 0, 12, 4.375, 11.75 ], "texture": "#voxels_atlas" },
				"north": { "uv": [ 4.375, 12.25, 0, 12.5 ], "texture": "#voxels_atlas" },
				"south": { "uv": [ 0, 12, 4.375, 12.25 ], "texture": "#voxels_atlas" },
				"west": { "uv": [ 7.875, 2.5, 8, 2.75 ], "texture": "#voxels_atlas" },
				"east": { "uv": [ 7.875, 1.75, 7.75, 2 ], "texture": "#voxels_atlas" }
			}
		},
		{
			"__comment": "Voxels",
			"from": [ -7.5, 8, 7.5 ],
			"to": [ 3.5, 8.5, 8 ],
			"faces": {
				"down": { "uv": [ 4.75, 10.75, 7.5, 11 ], "texture": "#voxels_atlas" },
				"up": { "uv": [ 4.75, 10.75, 7.5, 10.5 ], "texture": "#voxels_atlas" },
				"north": { "uv": [ 7.5, 11, 4.75, 11.25 ], "texture": "#voxels_atlas" },
				"south": { "uv": [ 4.75, 11.25, 7.5, 11.5 ], "texture": "#voxels_atlas" },
				"west": { "uv": [ 7.875, 1.75, 8, 2 ], "texture": "#voxels_atlas" },
				"east": { "uv": [ 7.875, 1.5, 7.75, 1.75 ], "texture": "#voxels_atlas" }
			}
		},
		{
			"__comment": "Voxels",
			"from": [ -6.5, 7, 7 ],
			"to": [ 4.5, 7.5, 7.5 ],
			"faces": {
				"down": { "uv": [ 4.75, 10, 7.5, 10.25 ], "texture": "#voxels_atlas" },
				"up": { "uv": [ 4.75, 10.5, 7.5, 10.25 ], "texture": "#voxels_atlas" },
				"north": { "uv": [ 7.5, 11.75, 4.75, 12 ], "texture": "#voxels_atlas" },
				"south": { "uv": [ 4.75, 11.5, 7.5, 11.75 ], "texture": "#voxels_atlas" },
				"west": { "uv": [ 7.875, 1.5, 8, 1.75 ], "texture": "#voxels_atlas" },
				"east": { "uv": [ 7.5, 1.25, 7.375, 1.5 ], "texture": "#voxels_atlas" }
			}
		},
		{
			"__comment": "Voxels",
			"from": [ -6, 8, 9.5 ],
			"to": [ 7, 8.5, 10 ],
			"faces": {
				"down": { "uv": [ 0, 0.25, 3.25, 0.5 ], "texture": "#voxels_atlas" },
				"up": { "uv": [ 4.75, 14.25, 8, 14 ], "texture": "#voxels_atlas" },
				"north": { "uv": [ 8, 13.5, 4.75, 13.75 ], "texture": "#voxels_atlas" },
				"south": { "uv": [ 4.75, 13.75, 8, 14 ], "texture": "#voxels_atlas" },
				"west": { "uv": [ 7.5, 1.25, 7.625, 1.5 ], "texture": "#voxels_atlas" },
				"east": { "uv": [ 7.75, 1.25, 7.625, 1.5 ], "texture": "#voxels_atlas" }
			}
		},
		{
			"__comment": "Voxels",
			"from": [ -5.5, 7, 6.5 ],
			"to": [ 10.5, 7.5, 7 ],
			"faces": {
				"down": { "uv": [ 0, 7.5, 4, 7.75 ], "texture": "#voxels_atlas" },
				"up": { "uv": [ 0, 8, 4, 7.75 ], "texture": "#voxels_atlas" },
				"north": { "uv": [ 4, 8.75, 0, 9 ], "texture": "#voxels_atlas" },
				"south": { "uv": [ 0, 9, 4, 9.25 ], "texture": "#voxels_atlas" },
				"west": { "uv": [ 7.75, 1.25, 7.875, 1.5 ], "texture": "#voxels_atlas" },
				"east": { "uv": [ 8, 1.25, 7.875, 1.5 ], "texture": "#voxels_atlas" }
			}
		},
		{
			"__comment": "Voxels",
			"from": [ -5.5, 7.5, 6 ],
			"to": [ 10.5, 8, 6.5 ],
			"faces": {
				"down": { "uv": [ 0, 9.5, 4, 9.75 ], "texture": "#voxels_atlas" },
				"up": { "uv": [ 0, 9.5, 4, 9.25 ], "texture": "#voxels_atlas" },
				"north": { "uv": [ 4, 10, 0, 10.25 ], "texture": "#voxels_atlas" },
				"south": { "uv": [ 0, 10.25, 4, 10.5 ], "texture": "#voxels_atlas" },
				"west": { "uv": [ 7, 0, 7.125, 0.25 ], "texture": "#voxels_atlas" },
				"east": { "uv": [ 8.25, 11.75, 8.125, 12 ], "texture": "#voxels_atlas" }
			}
		},
		{
			"__comment": "Voxels",
			"from": [ -5.5, 8, 7 ],
			"to": [ 4, 8.5, 7.5 ],
			"faces": {
				"down": { "uv": [ 4.75, 7.25, 7.125, 7.5 ], "texture": "#voxels_atlas" },
				"up": { "uv": [ 4.75, 8.5, 7.125, 8.25 ], "texture": "#voxels_atlas" },
				"north": { "uv": [ 7.125, 7.75, 4.75, 8 ], "texture": "#voxels_atlas" },
				"south": { "uv": [ 4.75, 8, 7.125, 8.25 ], "texture": "#voxels_atlas" },
				"west": { "uv": [ 7.125, 0, 7.25, 0.25 ], "texture": "#voxels_atlas" },
				"east": { "uv": [ 7.375, 0, 7.25, 0.25 ], "texture": "#voxels_atlas" }
			}
		},
		{
			"__comment": "Voxels",
			"from": [ -3.5, 7.5, 5.5 ],
			"to": [ 10, 8, 6 ],
			"faces": {
				"down": { "uv": [ 0, 3.5, 3.375, 3.75 ], "texture": "#voxels_atlas" },
				"up": { "uv": [ 0, 4.5, 3.375, 4.25 ], "texture": "#voxels_atlas" },
				"north": { "uv": [ 3.375, 3.75, 0, 4 ], "texture": "#voxels_atlas" },
				"south": { "uv": [ 0, 1.75, 3.375, 2 ], "texture": "#voxels_atlas" },
				"west": { "uv": [ 8.125, 3.5, 8.25, 3.75 ], "texture": "#voxels_atlas" },
				"east": { "uv": [ 8.25, 3.75, 8.125, 4 ], "texture": "#voxels_atlas" }
			}
		},
		{
			"__comment": "Voxels",
			"from": [ -3.5, 8, 6.5 ],
			"to": [ 4.5, 8.5, 7 ],
			"faces": {
				"down": { "uv": [ 5.75, 4.75, 7.75, 5 ], "texture": "#voxels_atlas" },
				"up": { "uv": [ 4.75, 4.5, 6.75, 4.25 ], "texture": "#voxels_atlas" },
				"north": { "uv": [ 6.75, 5.25, 4.75, 5.5 ], "texture": "#voxels_atlas" },
				"south": { "uv": [ 5.75, 5, 7.75, 5.25 ], "texture": "#voxels_atlas" },
				"west": { "uv": [ 8.125, 4, 8.25, 4.25 ], "texture": "#voxels_atlas" },
				"east": { "uv": [ 8.25, 4.25, 8.125, 4.5 ], "texture": "#voxels_atlas" }
			}
		},
		{
			"__comment": "Voxels",
			"from": [ -3, 7, 10 ],
			"to": [ 7, 7.5, 10.5 ],
			"faces": {
				"down": { "uv": [ 4.75, 9.25, 7.25, 9.5 ], "texture": "#voxels_atlas" },
				"up": { "uv": [ 4.75, 10, 7.25, 9.75 ], "texture": "#voxels_atlas" },
				"north": { "uv": [ 7.25, 9.5, 4.75, 9.75 ], "texture": "#voxels_atlas" },
				"south": { "uv": [ 4.75, 9, 7.25, 9.25 ], "texture": "#voxels_atlas" },
				"west": { "uv": [ 8.125, 6.5, 8.25, 6.75 ], "texture": "#voxels_atlas" },
				"east": { "uv": [ 8.25, 6.75, 8.125, 7 ], "texture": "#voxels_atlas" }
			}
		},
		{
			"__comment": "Voxels",
			"from": [ -2.5, 7, 6 ],
			"to": [ 10.5, 7.5, 6.5 ],
			"faces": {
				"down": { "uv": [ 4.75, 14.25, 8, 14.5 ], "texture": "#voxels_atlas" },
				"up": { "uv": [ 0, 0.25, 3.25, 0 ], "texture": "#voxels_atlas" },
				"north": { "uv": [ 8, 13.25, 4.75, 13.5 ], "texture": "#voxels_atlas" },
				"south": { "uv": [ 4.75, 13, 8, 13.25 ], "texture": "#voxels_atlas" },
				"west": { "uv": [ 8.125, 7, 8.25, 7.25 ], "texture": "#voxels_atlas" },
				"east": { "uv": [ 8.25, 7.25, 8.125, 7.5 ], "texture": "#voxels_atlas" }
			}
		},
		{
			"__comment": "Voxels",
			"from": [ -1.5, 7.5, 10.5 ],
			"to": [ 7, 8, 11 ],
			"faces": {
				"down": { "uv": [ 4.75, 6.25, 6.875, 6.5 ], "texture": "#voxels_atlas" },
				"up": { "uv": [ 4.75, 6.25, 6.875, 6 ], "texture": "#voxels_atlas" },
				"north": { "uv": [ 6.875, 5.75, 4.75, 6 ], "texture": "#voxels_atlas" },
				"south": { "uv": [ 4.75, 5.5, 6.875, 5.75 ], "texture": "#voxels_atlas" },
				"west": { "uv": [ 8.125, 8, 8.25, 8.25 ], "texture": "#voxels_atlas" },
				"east": { "uv": [ 8.25, 8.25, 8.125, 8.5 ], "texture": "#voxels_atlas" }
			}
		},
		{
			"__comment": "Voxels",
			"from": [ 0.5, 8, 10 ],
			"to": [ 6.5, 8.5, 10.5 ],
			"faces": {
				"down": { "uv": [ 5.625, 3, 7.125, 3.25 ], "texture": "#voxels_atlas" },
				"up": { "uv": [ 5.625, 3.5, 7.125, 3.25 ], "texture": "#voxels_atlas" },
				"north": { "uv": [ 7.125, 2.5, 5.625, 2.75 ], "texture": "#voxels_atlas" },
				"south": { "uv": [ 5.625, 2.75, 7.125, 3 ], "texture": "#voxels_atlas" },
				"west": { "uv": [ 8.125, 8.5, 8.25, 8.75 ], "texture": "#voxels_atlas" },
				"east": { "uv": [ 8.25, 8.75, 8.125, 9 ], "texture": "#voxels_atlas" }
			}
		},
		{
			"__comment": "Voxels",
			"from": [ 1.5, 7.5, 5 ],
			"to": [ 7, 8, 5.5 ],
			"faces": {
				"down": { "uv": [ 3.375, 4, 4.75, 4.25 ], "texture": "#voxels_atlas" },
				"up": { "uv": [ 3.375, 4.5, 4.75, 4.25 ], "texture": "#voxels_atlas" },
				"north": { "uv": [ 4.75, 3.75, 3.375, 4 ], "texture": "#voxels_atlas" },
				"south": { "uv": [ 3.375, 3.5, 4.75, 3.75 ], "texture": "#voxels_atlas" },
				"west": { "uv": [ 8.125, 9.5, 8.25, 9.75 ], "texture": "#voxels_atlas" },
				"east": { "uv": [ 8.25, 9.75, 8.125, 10 ], "texture": "#voxels_atlas" }
			}
		},
		{
			"__comment": "Voxels",
			"from": [ 2, 8, 6 ],
			"to": [ 10, 8.5, 6.5 ],
			"faces": {
				"down": { "uv": [ 4.75, 4, 6.75, 4.25 ], "texture": "#voxels_atlas" },
				"up": { "uv": [ 4.75, 4, 6.75, 3.75 ], "texture": "#voxels_atlas" },
				"north": { "uv": [ 6.75, 3.5, 4.75, 3.75 ], "texture": "#voxels_atlas" },
				"south": { "uv": [ 4.75, 4.5, 6.75, 4.75 ], "texture": "#voxels_atlas" },
				"west": { "uv": [ 8.125, 10, 8.25, 10.25 ], "texture": "#voxels_atlas" },
				"east": { "uv": [ 8.25, 10.25, 8.125, 10.5 ], "texture": "#voxels_atlas" }
			}
		},
		{
			"__comment": "Voxels",
			"from": [ 3.5, 7, 5.5 ],
			"to": [ 7, 7.5, 6 ],
			"faces": {
				"down": { "uv": [ 3.875, 6.25, 4.75, 6.5 ], "texture": "#voxels_atlas" },
				"up": { "uv": [ 3.875, 6.25, 4.75, 6 ], "texture": "#voxels_atlas" },
				"north": { "uv": [ 4.75, 5.75, 3.875, 6 ], "texture": "#voxels_atlas" },
				"south": { "uv": [ 3.875, 5.5, 4.75, 5.75 ], "texture": "#voxels_atlas" },
				"west": { "uv": [ 8.125, 11, 8.25, 11.25 ], "texture": "#voxels_atlas" },
				"east": { "uv": [ 8.25, 11.25, 8.125, 11.5 ], "texture": "#voxels_atlas" }
			}
		},
		{
			"__comment": "Voxels",
			"from": [ 4, 7, 10.5 ],
			"to": [ 6.5, 7.5, 11 ],
			"faces": {
				"down": { "uv": [ 4.75, 2.25, 5.375, 2.5 ], "texture": "#voxels_atlas" },
				"up": { "uv": [ 7.25, 10, 7.875, 9.75 ], "texture": "#voxels_atlas" },
				"north": { "uv": [ 4.75, 10.5, 4.125, 10.75 ], "texture": "#voxels_atlas" },
				"south": { "uv": [ 4.125, 11, 4.75, 11.25 ], "texture": "#voxels_atlas" },
				"west": { "uv": [ 8, 3.25, 8.125, 3.5 ], "texture": "#voxels_atlas" },
				"east": { "uv": [ 8, 0, 7.875, 0.25 ], "texture": "#voxels_atlas" }
			}
		},
		{
			"__comment": "Voxels",
			"from": [ 4, 7.5, 11 ],
			"to": [ 7.5, 8, 11.5 ],
			"faces": {
				"down": { "uv": [ 7.125, 8.5, 8, 8.75 ], "texture": "#voxels_atlas" },
				"up": { "uv": [ 3.875, 7, 4.75, 6.75 ], "texture": "#voxels_atlas" },
				"north": { "uv": [ 4.75, 6.5, 3.875, 6.75 ], "texture": "#voxels_atlas" },
				"south": { "uv": [ 7.125, 8.75, 8, 9 ], "texture": "#voxels_atlas" },
				"west": { "uv": [ 7.75, 0, 7.875, 0.25 ], "texture": "#voxels_atlas" },
				"east": { "uv": [ 8, 0.25, 7.875, 0.5 ], "texture": "#voxels_atlas" }
			}
		},
		{
			"__comment": "Voxels",
			"from": [ 4.5, 7, 7.5 ],
			"to": [ 6, 7.5, 8.5 ],
			"faces": {
				"down": { "uv": [ 4.375, 2.25, 4.75, 2.75 ], "texture": "#voxels_atlas" },
				"up": { "uv": [ 4.375, 2, 4.75, 1.5 ], "texture": "#voxels_atlas" },
				"north": { "uv": [ 5.625, 0, 5.25, 0.25 ], "texture": "#voxels_atlas" },
				"south": { "uv": [ 5.25, 0.25, 5.625, 0.5 ], "texture": "#voxels_atlas" },
				"west": { "uv": [ 7.75, 7.75, 8, 8 ], "texture": "#voxels_atlas" },
				"east": { "uv": [ 8, 8, 7.75, 8.25 ], "texture": "#voxels_atlas" }
			}
		},
		{
			"__comment": "Voxels",
			"from": [ 4.5, 7.5, 4.5 ],
			"to": [ 7.5, 8, 5 ],
			"faces": {
				"down": { "uv": [ 4, 9.5, 4.75, 9.75 ], "texture": "#voxels_atlas" },
				"up": { "uv": [ 4, 10, 4.75, 9.75 ], "texture": "#voxels_atlas" },
				"north": { "uv": [ 4.75, 10.25, 4, 10.5 ], "texture": "#voxels_atlas" },
				"south": { "uv": [ 4, 8.5, 4.75, 8.75 ], "texture": "#voxels_atlas" },
				"west": { "uv": [ 8.125, 4.75, 8.25, 5 ], "texture": "#voxels_atlas" },
				"east": { "uv": [ 8.25, 5.5, 8.125, 5.75 ], "texture": "#voxels_atlas" }
			}
		},
		{
			"__comment": "Voxels",
			"from": [ 4.5, 8, 5.5 ],
			"to": [ 6, 8.5, 6 ],
			"faces": {
				"down": { "uv": [ 7.125, 2.75, 7.5, 3 ], "texture": "#voxels_atlas" },
				"up": { "uv": [ 7.625, 2.25, 8, 2 ], "texture": "#voxels_atlas" },
				"north": { "uv": [ 4.75, 1.25, 4.375, 1.5 ], "texture": "#voxels_atlas" },
				"south": { "uv": [ 4.375, 2, 4.75, 2.25 ], "texture": "#voxels_atlas" },
				"west": { "uv": [ 7.5, 0, 7.625, 0.25 ], "texture": "#voxels_atlas" },
				"east": { "uv": [ 7.75, 0.5, 7.625, 0.75 ], "texture": "#voxels_atlas" }
			}
		},
		{
			"__comment": "Voxels",
			"from": [ 5, 7, 5 ],
			"to": [ 6.5, 7.5, 5.5 ],
			"faces": {
				"down": { "uv": [ 6.625, 1, 7, 1.25 ], "texture": "#voxels_atlas" },
				"up": { "uv": [ 6.625, 1, 7, 0.75 ], "texture": "#voxels_atlas" },
				"north": { "uv": [ 7.75, 1.5, 7.375, 1.75 ], "texture": "#voxels_atlas" },
				"south": { "uv": [ 4.375, 12.25, 4.75, 12.5 ], "texture": "#voxels_atlas" },
				"west": { "uv": [ 8, 10.75, 8.125, 11 ], "texture": "#voxels_atlas" },
				"east": { "uv": [ 8.125, 10.5, 8, 10.75 ], "texture": "#voxels_atlas" }
			}
		},
		{
			"__comment": "Voxels",
			"from": [ 5, 7, 7 ],
			"to": [ 5.5, 7.5, 7.5 ],
			"faces": {
				"down": { "uv": [ 8, 9.25, 8.125, 9.5 ], "texture": "#voxels_atlas" },
				"up": { "uv": [ 8, 9.25, 8.125, 9 ], "texture": "#voxels_atlas" },
				"north": { "uv": [ 8.125, 8.75, 8, 9 ], "texture": "#voxels_atlas" },
				"south": { "uv": [ 8, 8.5, 8.125, 8.75 ], "texture": "#voxels_atlas" },
				"west": { "uv": [ 8, 2.5, 8.125, 2.75 ], "texture": "#voxels_atlas" },
				"east": { "uv": [ 8.125, 1.75, 8, 2 ], "texture": "#voxels_atlas" }
			}
		},
		{
			"__comment": "Voxels",
			"from": [ 5, 7, 8.5 ],
			"to": [ 5.5, 7.5, 9 ],
			"faces": {
				"down": { "uv": [ 8, 1.5, 8.125, 1.75 ], "texture": "#voxels_atlas" },
				"up": { "uv": [ 8, 1.5, 8.125, 1.25 ], "texture": "#voxels_atlas" },
				"north": { "uv": [ 8.125, 1, 8, 1.25 ], "texture": "#voxels_atlas" },
				"south": { "uv": [ 8, 0.25, 8.125, 0.5 ], "texture": "#voxels_atlas" },
				"west": { "uv": [ 8, 0, 8.125, 0.25 ], "texture": "#voxels_atlas" },
				"east": { "uv": [ 8.25, 14.25, 8.125, 14.5 ], "texture": "#voxels_atlas" }
			}
		},
		{
			"__comment": "Voxels",
			"from": [ 5.5, 7.5, 11.5 ],
			"to": [ 8, 8, 12 ],
			"faces": {
				"down": { "uv": [ 7.125, 8, 7.75, 8.25 ], "texture": "#voxels_atlas" },
				"up": { "uv": [ 7.125, 8, 7.75, 7.75 ], "texture": "#voxels_atlas" },
				"north": { "uv": [ 7.75, 7.5, 7.125, 7.75 ], "texture": "#voxels_atlas" },
				"south": { "uv": [ 7.125, 7.25, 7.75, 7.5 ], "texture": "#voxels_atlas" },
				"west": { "uv": [ 8.125, 12.5, 8.25, 12.75 ], "texture": "#voxels_atlas" },
				"east": { "uv": [ 8.25, 11.5, 8.125, 11.75 ], "texture": "#voxels_atlas" }
			}
		},
		{
			"__comment": "Voxels",
			"from": [ 6, 7, 7 ],
			"to": [ 10.5, 8, 7.5 ],
			"faces": {
				"down": { "uv": [ 3.625, 4.5, 4.75, 4.75 ], "texture": "#voxels_atlas" },
				"up": { "uv": [ 3.625, 5.5, 4.75, 5.25 ], "texture": "#voxels_atlas" },
				"north": { "uv": [ 7, 6.5, 5.875, 7 ], "texture": "#voxels_atlas" },
				"south": { "uv": [ 3.375, 0.75, 4.5, 1.25 ], "texture": "#voxels_atlas" },
				"west": { "uv": [ 7.5, 0.75, 7.625, 1.25 ], "texture": "#voxels_atlas" },
				"east": { "uv": [ 7.5, 0.25, 7.375, 0.75 ], "texture": "#voxels_atlas" }
			}
		},
		{
			"__comment": "Voxels",
			"from": [ 6, 7, 8.5 ],
			"to": [ 10.5, 8, 9 ],
			"faces": {
				"down": { "uv": [ 3.625, 4.75, 4.75, 5 ], "texture": "#voxels_atlas" },
				"up": { "uv": [ 3.625, 5.25, 4.75, 5 ], "texture": "#voxels_atlas" },
				"north": { "uv": [ 5.875, 6.5, 4.75, 7 ], "texture": "#voxels_atlas" },
				"south": { "uv": [ 3.375, 0.25, 4.5, 0.75 ], "texture": "#voxels_atlas" },
				"west": { "uv": [ 7, 0.25, 7.125, 0.75 ], "texture": "#voxels_atlas" },
				"east": { "uv": [ 7.25, 0.75, 7.125, 1.25 ], "texture": "#voxels_atlas" }
			}
		},
		{
			"__comment": "Voxels",
			"from": [ 6, 8, 6.5 ],
			"to": [ 10, 8.5, 7 ],
			"faces": {
				"down": { "uv": [ 6.875, 6, 7.875, 6.25 ], "texture": "#voxels_atlas" },
				"up": { "uv": [ 6.875, 6, 7.875, 5.75 ], "texture": "#voxels_atlas" },
				"north": { "uv": [ 6.625, 0, 5.625, 0.25 ], "texture": "#voxels_atlas" },
				"south": { "uv": [ 5.625, 0.25, 6.625, 0.5 ], "texture": "#voxels_atlas" },
				"west": { "uv": [ 8.125, 12.75, 8.25, 13 ], "texture": "#voxels_atlas" },
				"east": { "uv": [ 8.25, 13, 8.125, 13.25 ], "texture": "#voxels_atlas" }
			}
		},
		{
			"__comment": "Voxels",
			"from": [ 6, 8, 9 ],
			"to": [ 10, 8.5, 9.5 ],
			"faces": {
				"down": { "uv": [ 5.625, 0.5, 6.625, 0.75 ], "texture": "#voxels_atlas" },
				"up": { "uv": [ 5.625, 1, 6.625, 0.75 ], "texture": "#voxels_atlas" },
				"north": { "uv": [ 6.625, 2, 5.625, 2.25 ], "texture": "#voxels_atlas" },
				"south": { "uv": [ 5.625, 2.25, 6.625, 2.5 ], "texture": "#voxels_atlas" },
				"west": { "uv": [ 8.125, 13.25, 8.25, 13.5 ], "texture": "#voxels_atlas" },
				"east": { "uv": [ 8.25, 14, 8.125, 14.25 ], "texture": "#voxels_atlas" }
			}
		},
		{
			"__comment": "Voxels",
			"from": [ 6.5, 7, 7.5 ],
			"to": [ 25.5, 8, 8 ],
			"faces": {
				"down": { "uv": [ 0, 14.75, 4.75, 15 ], "texture": "#voxels_atlas" },
				"up": { "uv": [ 0, 13.75, 4.75, 13.5 ], "texture": "#voxels_atlas" },
				"north": { "uv": [ 4.75, 15.5, 0, 16 ], "texture": "#voxels_atlas" },
				"south": { "uv": [ 0, 15, 4.75, 15.5 ], "texture": "#voxels_atlas" },
				"west": { "uv": [ 7.625, 0.75, 7.75, 1.25 ], "texture": "#voxels_atlas" },
				"east": { "uv": [ 7.875, 4.75, 7.75, 5.25 ], "texture": "#voxels_atlas" }
			}
		},
		{
			"__comment": "Voxels",
			"from": [ 6.5, 7, 8 ],
			"to": [ 10.5, 8, 8.5 ],
			"faces": {
				"down": { "uv": [ 6.75, 4, 7.75, 4.25 ], "texture": "#voxels_atlas" },
				"up": { "uv": [ 5.625, 1.25, 6.625, 1 ], "texture": "#voxels_atlas" },
				"north": { "uv": [ 5.75, 4.75, 4.75, 5.25 ], "texture": "#voxels_atlas" },
				"south": { "uv": [ 7, 6.5, 8, 7 ], "texture": "#voxels_atlas" },
				"west": { "uv": [ 7.875, 4.75, 8, 5.25 ], "texture": "#voxels_atlas" },
				"east": { "uv": [ 7.125, 0.75, 7, 1.25 ], "texture": "#voxels_atlas" }
			}
		},
		{
			"__comment": "Voxels",
			"from": [ 6.5, 7.5, 4 ],
			"to": [ 8, 8, 4.5 ],
			"faces": {
				"down": { "uv": [ 6.625, 0, 7, 0.25 ], "texture": "#voxels_atlas" },
				"up": { "uv": [ 7, 2, 7.375, 1.75 ], "texture": "#voxels_atlas" },
				"north": { "uv": [ 7.75, 1.75, 7.375, 2 ], "texture": "#voxels_atlas" },
				"south": { "uv": [ 7, 1.5, 7.375, 1.75 ], "texture": "#voxels_atlas" },
				"west": { "uv": [ 8, 3, 8.125, 3.25 ], "texture": "#voxels_atlas" },
				"east": { "uv": [ 8.125, 6, 8, 6.25 ], "texture": "#voxels_atlas" }
			}
		},
		{
			"__comment": "Voxels",
			"from": [ 6.5, 8, 7 ],
			"to": [ 10.5, 8.5, 7.5 ],
			"faces": {
				"down": { "uv": [ 6.625, 2, 7.625, 2.25 ], "texture": "#voxels_atlas" },
				"up": { "uv": [ 6.875, 6.5, 7.875, 6.25 ], "texture": "#voxels_atlas" },
				"north": { "uv": [ 7.625, 2.25, 6.625, 2.5 ], "texture": "#voxels_atlas" },
				"south": { "uv": [ 5.625, 1.25, 6.625, 1.5 ], "texture": "#voxels_atlas" },
				"west": { "uv": [ 8, 10, 8.125, 10.25 ], "texture": "#voxels_atlas" },
				"east": { "uv": [ 8.125, 10.25, 8, 10.5 ], "texture": "#voxels_atlas" }
			}
		},
		{
			"__comment": "Voxels",
			"from": [ 6.5, 8, 8.5 ],
			"to": [ 10.5, 8.5, 9 ],
			"faces": {
				"down": { "uv": [ 6.75, 4.25, 7.75, 4.5 ], "texture": "#voxels_atlas" },
				"up": { "uv": [ 6.75, 4.75, 7.75, 4.5 ], "texture": "#voxels_atlas" },
				"north": { "uv": [ 7.875, 5.5, 6.875, 5.75 ], "texture": "#voxels_atlas" },
				"south": { "uv": [ 6.75, 5.25, 7.75, 5.5 ], "texture": "#voxels_atlas" },
				"west": { "uv": [ 8, 14, 8.125, 14.25 ], "texture": "#voxels_atlas" },
				"east": { "uv": [ 8.125, 14.25, 8, 14.5 ], "texture": "#voxels_atlas" }
			}
		},
		{
			"__comment": "Voxels",
			"from": [ 7, 8, 7.5 ],
			"to": [ 10.5, 8.5, 8.5 ],
			"faces": {
				"down": { "uv": [ 4.75, 2.5, 5.625, 3 ], "texture": "#voxels_atlas" },
				"up": { "uv": [ 4.75, 3.5, 5.625, 3 ], "texture": "#voxels_atlas" },
				"north": { "uv": [ 4.75, 7.25, 3.875, 7.5 ], "texture": "#voxels_atlas" },
				"south": { "uv": [ 3.875, 7, 4.75, 7.25 ], "texture": "#voxels_atlas" },
				"west": { "uv": [ 4.5, 13.25, 4.75, 13.5 ], "texture": "#voxels_atlas" },
				"east": { "uv": [ 4.75, 13, 4.5, 13.25 ], "texture": "#voxels_atlas" }
			}
		},
		{
			"__comment": "Voxels",
			"from": [ 8.5, 7, 5.5 ],
			"to": [ 10, 7.5, 6 ],
			"faces": {
				"down": { "uv": [ 7.5, 2.5, 7.875, 2.75 ], "texture": "#voxels_atlas" },
				"up": { "uv": [ 7.125, 2.75, 7.5, 2.5 ], "texture": "#voxels_atlas" },
				"north": { "uv": [ 5.625, 1.25, 5.25, 1.5 ], "texture": "#voxels_atlas" },
				"south": { "uv": [ 7.5, 2.75, 7.875, 3 ], "texture": "#voxels_atlas" },
				"west": { "uv": [ 7.75, 0.25, 7.875, 0.5 ], "texture": "#voxels_atlas" },
				"east": { "uv": [ 7.625, 0.25, 7.5, 0.5 ], "texture": "#voxels_atlas" }
			}
		},
		{
			"__comment": "Voxels",
			"from": [ 8.5, 7, 10 ],
			"to": [ 10, 7.5, 10.5 ],
			"faces": {
				"down": { "uv": [ 7.5, 3, 7.875, 3.25 ], "texture": "#voxels_atlas" },
				"up": { "uv": [ 7.125, 3.25, 7.5, 3 ], "texture": "#voxels_atlas" },
				"north": { "uv": [ 7.875, 3.25, 7.5, 3.5 ], "texture": "#voxels_atlas" },
				"south": { "uv": [ 7.125, 3.25, 7.5, 3.5 ], "texture": "#voxels_atlas" },
				"west": { "uv": [ 7.875, 0.75, 8, 1 ], "texture": "#voxels_atlas" },
				"east": { "uv": [ 7.875, 0.75, 7.75, 1 ], "texture": "#voxels_atlas" }
			}
		},
		{
			"__comment": "Voxels",
			"from": [ 8.5, 7.5, 5 ],
			"to": [ 9.5, 8, 5.5 ],
			"faces": {
				"down": { "uv": [ 4.5, 12.75, 4.75, 13 ], "texture": "#voxels_atlas" },
				"up": { "uv": [ 4.5, 12.75, 4.75, 12.5 ], "texture": "#voxels_atlas" },
				"north": { "uv": [ 4.75, 0, 4.5, 0.25 ], "texture": "#voxels_atlas" },
				"south": { "uv": [ 15.75, 15.75, 16, 16 ], "texture": "#voxels_atlas" },
				"west": { "uv": [ 8.125, 5.75, 8.25, 6 ], "texture": "#voxels_atlas" },
				"east": { "uv": [ 8.125, 5, 8, 5.25 ], "texture": "#voxels_atlas" }
			}
		},
		{
			"__comment": "Voxels",
			"from": [ 8.5, 7.5, 10.5 ],
			"to": [ 9.5, 8, 11 ],
			"faces": {
				"down": { "uv": [ 15.75, 15.5, 16, 15.75 ], "texture": "#voxels_atlas" },
				"up": { "uv": [ 15.75, 15, 16, 14.75 ], "texture": "#voxels_atlas" },
				"north": { "uv": [ 16, 14.5, 15.75, 14.75 ], "texture": "#voxels_atlas" },
				"south": { "uv": [ 7.75, 12.75, 8, 13 ], "texture": "#voxels_atlas" },
				"west": { "uv": [ 8, 7, 8.125, 7.25 ], "texture": "#voxels_atlas" },
				"east": { "uv": [ 8.125, 7.25, 8, 7.5 ], "texture": "#voxels_atlas" }
			}
		},
		{
			"__comment": "Voxels",
			"from": [ 8.5, 8, 9.5 ],
			"to": [ 10, 8.5, 10 ],
			"faces": {
				"down": { "uv": [ 6.625, 0.25, 7, 0.5 ], "texture": "#voxels_atlas" },
				"up": { "uv": [ 6.625, 1.5, 7, 1.25 ], "texture": "#voxels_atlas" },
				"north": { "uv": [ 7, 1.75, 6.625, 2 ], "texture": "#voxels_atlas" },
				"south": { "uv": [ 7.625, 2.25, 8, 2.5 ], "texture": "#voxels_atlas" },
				"west": { "uv": [ 8, 7.5, 8.125, 7.75 ], "texture": "#voxels_atlas" },
				"east": { "uv": [ 8.125, 7.75, 8, 8 ], "texture": "#voxels_atlas" }
			}
		},
		{
			"__comment": "Voxels",
			"from": [ 10.5, 7.5, 7 ],
			"to": [ 26.5, 8, 7.5 ],
			"faces": {
				"down": { "uv": [ 0, 8, 4, 8.25 ], "texture": "#voxels_atlas" },
				"up": { "uv": [ 0, 10, 4, 9.75 ], "texture": "#voxels_atlas" },
				"north": { "uv": [ 4, 8.25, 0, 8.5 ], "texture": "#voxels_atlas" },
				"south": { "uv": [ 0, 8.5, 4, 8.75 ], "texture": "#voxels_atlas" },
				"west": { "uv": [ 7.875, 1, 8, 1.25 ], "texture": "#voxels_atlas" },
				"east": { "uv": [ 7.875, 1, 7.75, 1.25 ], "texture": "#voxels_atlas" }
			}
		},
		{
			"__comment": "Voxels",
			"from": [ 10.5, 7.5, 8 ],
			"to": [ 26, 8, 8.5 ],
			"faces": {
				"down": { "uv": [ 0, 6.5, 3.875, 6.75 ], "texture": "#voxels_atlas" },
				"up": { "uv": [ 0, 7, 3.875, 6.75 ], "texture": "#voxels_atlas" },
				"north": { "uv": [ 3.875, 7, 0, 7.25 ], "texture": "#voxels_atlas" },
				"south": { "uv": [ 0, 7.25, 3.875, 7.5 ], "texture": "#voxels_atlas" },
				"west": { "uv": [ 8.125, 4.5, 8.25, 4.75 ], "texture": "#voxels_atlas" },
				"east": { "uv": [ 7.5, 0, 7.375, 0.25 ], "texture": "#voxels_atlas" }
			}
		},
		{
			"__comment": "Voxels",
			"from": [ 11, 7.5, 6.5 ],
			"to": [ 12.5, 8, 7 ],
			"faces": {
				"down": { "uv": [ 5.25, 0.75, 5.625, 1 ], "texture": "#voxels_atlas" },
				"up": { "uv": [ 5.25, 1.25, 5.625, 1 ], "texture": "#voxels_atlas" },
				"north": { "uv": [ 5.125, 0, 4.75, 0.25 ], "texture": "#voxels_atlas" },
				"south": { "uv": [ 5.25, 0.5, 5.625, 0.75 ], "texture": "#voxels_atlas" },
				"west": { "uv": [ 7.75, 0.5, 7.875, 0.75 ], "texture": "#voxels_atlas" },
				"east": { "uv": [ 8, 0.5, 7.875, 0.75 ], "texture": "#voxels_atlas" }
			}
		},
		{
			"__comment": "Voxels",
			"from": [ 11, 7.5, 8.5 ],
			"to": [ 15, 8, 9 ],
			"faces": {
				"down": { "uv": [ 5.625, 1.5, 6.625, 1.75 ], "texture": "#voxels_atlas" },
				"up": { "uv": [ 5.625, 2, 6.625, 1.75 ], "texture": "#voxels_atlas" },
				"north": { "uv": [ 7.75, 3.5, 6.75, 3.75 ], "texture": "#voxels_atlas" },
				"south": { "uv": [ 6.75, 3.75, 7.75, 4 ], "texture": "#voxels_atlas" },
				"west": { "uv": [ 8, 6.25, 8.125, 6.5 ], "texture": "#voxels_atlas" },
				"east": { "uv": [ 8.125, 5.25, 8, 5.5 ], "texture": "#voxels_atlas" }
			}
		},
		{
			"__comment": "Voxels",
			"from": [ 11.5, 7, 6.5 ],
			"to": [ 12.5, 7.5, 7.5 ],
			"faces": {
				"down": { "uv": [ 4.5, 0.25, 4.75, 0.75 ], "texture": "#voxels_atlas" },
				"up": { "uv": [ 4.5, 1.25, 4.75, 0.75 ], "texture": "#voxels_atlas" },
				"north": { "uv": [ 8, 12.5, 7.75, 12.75 ], "texture": "#voxels_atlas" },
				"south": { "uv": [ 7.75, 12.25, 8, 12.5 ], "texture": "#voxels_atlas" },
				"west": { "uv": [ 7.75, 12, 8, 12.25 ], "texture": "#voxels_atlas" },
				"east": { "uv": [ 8, 8.25, 7.75, 8.5 ], "texture": "#voxels_atlas" }
			}
		},
		{
			"__comment": "Voxels",
			"from": [ 11.5, 7, 8 ],
			"to": [ 15.5, 7.5, 8.5 ],
			"faces": {
				"down": { "uv": [ 14.75, 14.75, 15.75, 15 ], "texture": "#voxels_atlas" },
				"up": { "uv": [ 14.75, 14.75, 15.75, 14.5 ], "texture": "#voxels_atlas" },
				"north": { "uv": [ 4.375, 3.25, 3.375, 3.5 ], "texture": "#voxels_atlas" },
				"south": { "uv": [ 3.375, 3, 4.375, 3.25 ], "texture": "#voxels_atlas" },
				"west": { "uv": [ 7.5, 0.5, 7.625, 0.75 ], "texture": "#voxels_atlas" },
				"east": { "uv": [ 8.125, 2.75, 8, 3 ], "texture": "#voxels_atlas" }
			}
		},
		{
			"__comment": "Voxels",
			"from": [ 11.5, 7.5, 6 ],
			"to": [ 12.5, 8, 6.5 ],
			"faces": {
				"down": { "uv": [ 7.75, 7.5, 8, 7.75 ], "texture": "#voxels_atlas" },
				"up": { "uv": [ 7.75, 7.5, 8, 7.25 ], "texture": "#voxels_atlas" },
				"north": { "uv": [ 8, 7, 7.75, 7.25 ], "texture": "#voxels_atlas" },
				"south": { "uv": [ 7.75, 5.25, 8, 5.5 ], "texture": "#voxels_atlas" },
				"west": { "uv": [ 7.625, 0.25, 7.75, 0.5 ], "texture": "#voxels_atlas" },
				"east": { "uv": [ 7.75, 0, 7.625, 0.25 ], "texture": "#voxels_atlas" }
			}
		},
		{
			"__comment": "Voxels",
			"from": [ 11.5, 8, 7 ],
			"to": [ 15.5, 8.5, 8.5 ],
			"faces": {
				"down": { "uv": [ 3.375, 1.25, 4.375, 2 ], "texture": "#voxels_atlas" },
				"up": { "uv": [ 3.375, 2.75, 4.375, 2 ], "texture": "#voxels_atlas" },
				"north": { "uv": [ 4.375, 2.75, 3.375, 3 ], "texture": "#voxels_atlas" },
				"south": { "uv": [ 3.375, 0, 4.375, 0.25 ], "texture": "#voxels_atlas" },
				"west": { "uv": [ 6.625, 1.5, 7, 1.75 ], "texture": "#voxels_atlas" },
				"east": { "uv": [ 7, 0.5, 6.625, 0.75 ], "texture": "#voxels_atlas" }
			}
		},
		{
			"__comment": "Voxels",
			"from": [ 12, 7, 6 ],
			"to": [ 12.5, 7.5, 6.5 ],
			"faces": {
				"down": { "uv": [ 8, 13.75, 8.125, 14 ], "texture": "#voxels_atlas" },
				"up": { "uv": [ 8, 13.75, 8.125, 13.5 ], "texture": "#voxels_atlas" },
				"north": { "uv": [ 8.125, 13.25, 8, 13.5 ], "texture": "#voxels_atlas" },
				"south": { "uv": [ 8, 13, 8.125, 13.25 ], "texture": "#voxels_atlas" },
				"west": { "uv": [ 8, 12.75, 8.125, 13 ], "texture": "#voxels_atlas" },
				"east": { "uv": [ 8.125, 12.5, 8, 12.75 ], "texture": "#voxels_atlas" }
			}
		},
		{
			"__comment": "Voxels",
			"from": [ 12, 7.5, 5.5 ],
			"to": [ 12.5, 8, 6 ],
			"faces": {
				"down": { "uv": [ 8, 12.25, 8.125, 12.5 ], "texture": "#voxels_atlas" },
				"up": { "uv": [ 8, 12.25, 8.125, 12 ], "texture": "#voxels_atlas" },
				"north": { "uv": [ 8.125, 11.75, 8, 12 ], "texture": "#voxels_atlas" },
				"south": { "uv": [ 8, 11.5, 8.125, 11.75 ], "texture": "#voxels_atlas" },
				"west": { "uv": [ 8, 11.25, 8.125, 11.5 ], "texture": "#voxels_atlas" },
				"east": { "uv": [ 8.125, 11, 8, 11.25 ], "texture": "#voxels_atlas" }
			}
		},
		{
			"__comment": "Voxels",
			"from": [ 12.5, 7, 7 ],
			"to": [ 15.5, 7.5, 7.5 ],
			"faces": {
				"down": { "uv": [ 4, 10, 4.75, 10.25 ], "texture": "#voxels_atlas" },
				"up": { "uv": [ 4, 9, 4.75, 8.75 ], "texture": "#voxels_atlas" },
				"north": { "uv": [ 4.75, 9, 4, 9.25 ], "texture": "#voxels_atlas" },
				"south": { "uv": [ 4, 9.25, 4.75, 9.5 ], "texture": "#voxels_atlas" },
				"west": { "uv": [ 8, 9.75, 8.125, 10 ], "texture": "#voxels_atlas" },
				"east": { "uv": [ 8.125, 9.5, 8, 9.75 ], "texture": "#voxels_atlas" }
			}
		},
		{
			"__comment": "Voxels",
			"from": [ 13, 7.5, 6.5 ],
			"to": [ 15, 8, 7 ],
			"faces": {
				"down": { "uv": [ 7.5, 11, 8, 11.25 ], "texture": "#voxels_atlas" },
				"up": { "uv": [ 7.5, 11.5, 8, 11.25 ], "texture": "#voxels_atlas" },
				"north": { "uv": [ 8, 11.5, 7.5, 11.75 ], "texture": "#voxels_atlas" },
				"south": { "uv": [ 7.5, 11.75, 8, 12 ], "texture": "#voxels_atlas" },
				"west": { "uv": [ 8, 8.25, 8.125, 8.5 ], "texture": "#voxels_atlas" },
				"east": { "uv": [ 8.125, 8, 8, 8.25 ], "texture": "#voxels_atlas" }
			}
		},
		{
			"__comment": "Voxels",
			"from": [ 13.5, 7, 6.5 ],
			"to": [ 14.5, 7.5, 7 ],
			"faces": {
				"down": { "uv": [ 7.75, 4.5, 8, 4.75 ], "texture": "#voxels_atlas" },
				"up": { "uv": [ 7.75, 4.5, 8, 4.25 ], "texture": "#voxels_atlas" },
				"north": { "uv": [ 8, 4, 7.75, 4.25 ], "texture": "#voxels_atlas" },
				"south": { "uv": [ 7.75, 3.75, 8, 4 ], "texture": "#voxels_atlas" },
				"west": { "uv": [ 8, 6.75, 8.125, 7 ], "texture": "#voxels_atlas" },
				"east": { "uv": [ 8.125, 6.5, 8, 6.75 ], "texture": "#voxels_atlas" }
			}
		},
		{
			"__comment": "Voxels",
			"from": [ 13.5, 7.5, 5.5 ],
			"to": [ 14, 8, 6.5 ],
			"faces": {
				"down": { "uv": [ 7.25, 0.75, 7.375, 1.25 ], "texture": "#voxels_atlas" },
				"up": { "uv": [ 7.125, 0.75, 7.25, 0.25 ], "texture": "#voxels_atlas" },
				"north": { "uv": [ 8.125, 5.75, 8, 6 ], "texture": "#voxels_atlas" },
				"south": { "uv": [ 8, 5.5, 8.125, 5.75 ], "texture": "#voxels_atlas" },
				"west": { "uv": [ 7.75, 3.5, 8, 3.75 ], "texture": "#voxels_atlas" },
				"east": { "uv": [ 5.625, 2.25, 5.375, 2.5 ], "texture": "#voxels_atlas" }
			}
		},
		{
			"__comment": "Voxels",
			"from": [ 14, 7.5, 6 ],
			"to": [ 14.5, 8, 6.5 ],
			"faces": {
				"down": { "uv": [ 8, 4.75, 8.125, 5 ], "texture": "#voxels_atlas" },
				"up": { "uv": [ 8, 4.75, 8.125, 4.5 ], "texture": "#voxels_atlas" },
				"north": { "uv": [ 8.125, 4.25, 8, 4.5 ], "texture": "#voxels_atlas" },
				"south": { "uv": [ 8, 4, 8.125, 4.25 ], "texture": "#voxels_atlas" },
				"west": { "uv": [ 8, 3.75, 8.125, 4 ], "texture": "#voxels_atlas" },
				"east": { "uv": [ 8.125, 3.5, 8, 3.75 ], "texture": "#voxels_atlas" }
			}
		},
		{
			"__comment": "Voxels",
			"from": [ 15.5, 8, 7.5 ],
			"to": [ 25, 8.5, 8 ],
			"faces": {
				"down": { "uv": [ 4.75, 8.75, 7.125, 9 ], "texture": "#voxels_atlas" },
				"up": { "uv": [ 4.75, 8.75, 7.125, 8.5 ], "texture": "#voxels_atlas" },
				"north": { "uv": [ 7.125, 7, 4.75, 7.25 ], "texture": "#voxels_atlas" },
				"south": { "uv": [ 4.75, 7.5, 7.125, 7.75 ], "texture": "#voxels_atlas" },
				"west": { "uv": [ 8, 2.25, 8.125, 2.5 ], "texture": "#voxels_atlas" },
				"east": { "uv": [ 8.125, 2, 8, 2.25 ], "texture": "#voxels_atlas" }
			}
		},
		{
			"__comment": "Voxels",
			"from": [ 22, 7, 8 ],
			"to": [ 24.5, 7.5, 8.5 ],
			"faces": {
				"down": { "uv": [ 4, 8.25, 4.625, 8.5 ], "texture": "#voxels_atlas" },
				"up": { "uv": [ 4, 8.25, 4.625, 8 ], "texture": "#voxels_atlas" },
				"north": { "uv": [ 4.75, 10.75, 4.125, 11 ], "texture": "#voxels_atlas" },
				"south": { "uv": [ 4, 7.75, 4.625, 8 ], "texture": "#voxels_atlas" },
				"west": { "uv": [ 8, 0.75, 8.125, 1 ], "texture": "#voxels_atlas" },
				"east": { "uv": [ 8.125, 0.5, 8, 0.75 ], "texture": "#voxels_atlas" }
			}
		},
		{
			"__comment": "Voxels",
			"from": [ 22, 7.5, 8.5 ],
			"to": [ 24.5, 8, 9 ],
			"faces": {
				"down": { "uv": [ 15.25, 15.25, 15.875, 15.5 ], "texture": "#voxels_atlas" },
				"up": { "uv": [ 15.25, 15.25, 15.875, 15 ], "texture": "#voxels_atlas" },
				"north": { "uv": [ 7.875, 9.5, 7.25, 9.75 ], "texture": "#voxels_atlas" },
				"south": { "uv": [ 7.25, 9.25, 7.875, 9.5 ], "texture": "#voxels_atlas" },
				"west": { "uv": [ 8.125, 13.75, 8.25, 14 ], "texture": "#voxels_atlas" },
				"east": { "uv": [ 8.25, 13.5, 8.125, 13.75 ], "texture": "#voxels_atlas" }
			}
		},
		{
			"__comment": "Voxels",
			"from": [ 22, 8, 8 ],
			"to": [ 24.5, 8.5, 8.5 ],
			"faces": {
				"down": { "uv": [ 7.125, 8.25, 7.75, 8.5 ], "texture": "#voxels_atlas" },
				"up": { "uv": [ 7.125, 7.25, 7.75, 7 ], "texture": "#voxels_atlas" },
				"north": { "uv": [ 5.375, 2, 4.75, 2.25 ], "texture": "#voxels_atlas" },
				"south": { "uv": [ 4.75, 1.75, 5.375, 2 ], "texture": "#voxels_atlas" },
				"west": { "uv": [ 8.125, 12.25, 8.25, 12.5 ], "texture": "#voxels_atlas" },
				"east": { "uv": [ 8.25, 12, 8.125, 12.25 ], "texture": "#voxels_atlas" }
			}
		},
		{
			"__comment": "Voxels",
			"from": [ 22.5, 7, 7 ],
			"to": [ 24.5, 7.5, 7.5 ],
			"faces": {
				"down": { "uv": [ 7.5, 10.75, 8, 11 ], "texture": "#voxels_atlas" },
				"up": { "uv": [ 4.75, 0.75, 5.25, 0.5 ], "texture": "#voxels_atlas" },
				"north": { "uv": [ 5.25, 1.25, 4.75, 1.5 ], "texture": "#voxels_atlas" },
				"south": { "uv": [ 4.75, 0.75, 5.25, 1 ], "texture": "#voxels_atlas" },
				"west": { "uv": [ 8.125, 10.75, 8.25, 11 ], "texture": "#voxels_atlas" },
				"east": { "uv": [ 8.25, 10.5, 8.125, 10.75 ], "texture": "#voxels_atlas" }
			}
		},
		{
			"__comment": "Voxels",
			"from": [ 22.5, 7.5, 6.5 ],
			"to": [ 25, 8, 7 ],
			"faces": {
				"down": { "uv": [ 4.125, 11.25, 4.75, 11.5 ], "texture": "#voxels_atlas" },
				"up": { "uv": [ 4.75, 1.75, 5.375, 1.5 ], "texture": "#voxels_atlas" },
				"north": { "uv": [ 4.625, 7.5, 4, 7.75 ], "texture": "#voxels_atlas" },
				"south": { "uv": [ 7.25, 9, 7.875, 9.25 ], "texture": "#voxels_atlas" },
				"west": { "uv": [ 8.125, 9.25, 8.25, 9.5 ], "texture": "#voxels_atlas" },
				"east": { "uv": [ 8.25, 9, 8.125, 9.25 ], "texture": "#voxels_atlas" }
			}
		},
		{
			"__comment": "Voxels",
			"from": [ 22.5, 7.5, 9 ],
			"to": [ 24, 8, 9.5 ],
			"faces": {
				"down": { "uv": [ 4.375, 12, 4.75, 12.25 ], "texture": "#voxels_atlas" },
				"up": { "uv": [ 7, 1.5, 7.375, 1.25 ], "texture": "#voxels_atlas" },
				"north": { "uv": [ 5.125, 0.25, 4.75, 0.5 ], "texture": "#voxels_atlas" },
				"south": { "uv": [ 4.375, 2.75, 4.75, 3 ], "texture": "#voxels_atlas" },
				"west": { "uv": [ 8.125, 7.75, 8.25, 8 ], "texture": "#voxels_atlas" },
				"east": { "uv": [ 8.25, 7.5, 8.125, 7.75 ], "texture": "#voxels_atlas" }
			}
		},
		{
			"__comment": "Voxels",
			"from": [ 22.5, 8, 7 ],
			"to": [ 24.5, 8.5, 7.5 ],
			"faces": {
				"down": { "uv": [ 4.75, 1, 5.25, 1.25 ], "texture": "#voxels_atlas" },
				"up": { "uv": [ 7.5, 10.75, 8, 10.5 ], "texture": "#voxels_atlas" },
				"north": { "uv": [ 8, 10, 7.5, 10.25 ], "texture": "#voxels_atlas" },
				"south": { "uv": [ 7.5, 10.25, 8, 10.5 ], "texture": "#voxels_atlas" },
				"west": { "uv": [ 8.125, 6.25, 8.25, 6.5 ], "texture": "#voxels_atlas" },
				"east": { "uv": [ 8.25, 6, 8.125, 6.25 ], "texture": "#voxels_atlas" }
			}
		},
		{
			"__comment": "Voxels",
			"from": [ 23, 7.5, 9.5 ],
			"to": [ 23.5, 8, 10.5 ],
			"faces": {
				"down": { "uv": [ 7.25, 0.25, 7.375, 0.75 ], "texture": "#voxels_atlas" },
				"up": { "uv": [ 7.375, 1.25, 7.5, 0.75 ], "texture": "#voxels_atlas" },
				"north": { "uv": [ 8.25, 5.25, 8.125, 5.5 ], "texture": "#voxels_atlas" },
				"south": { "uv": [ 8.125, 5, 8.25, 5.25 ], "texture": "#voxels_atlas" },
				"west": { "uv": [ 5.375, 2, 5.625, 2.25 ], "texture": "#voxels_atlas" },
				"east": { "uv": [ 5.625, 1.75, 5.375, 2 ], "texture": "#voxels_atlas" }
			}
		},
		{
			"__comment": "Voxels",
			"from": [ 25.5, 7.5, 7.5 ],
			"to": [ 27, 8, 8 ],
			"faces": {
				"down": { "uv": [ 4.375, 11.75, 4.75, 12 ], "texture": "#voxels_atlas" },
				"up": { "uv": [ 4.375, 11.75, 4.75, 11.5 ], "texture": "#voxels_atlas" },
				"north": { "uv": [ 4.75, 3.25, 4.375, 3.5 ], "texture": "#voxels_atlas" },
				"south": { "uv": [ 4.375, 3, 4.75, 3.25 ], "texture": "#voxels_atlas" },
				"west": { "uv": [ 8.125, 3.25, 8.25, 3.5 ], "texture": "#voxels_atlas" },
				"east": { "uv": [ 8.25, 3, 8.125, 3.25 ], "texture": "#voxels_atlas" }
			}
		}
	],
	"display": {
		"thirdperson_righthand": {
			"rotation":  [ 0, 180, -90 ],
			"translation":  [ 0, 7, 1 ],
			"scale":  [ 0.8, 0.8, 0.8 ]
		},
		"thirdperson_lefthand": {
			"rotation":  [ 0, 180, 90 ],
			"translation":  [ 0, 7, 1 ],
			"scale":  [ 0.8, 0.8, 0.8 ]
		},
		"firstperson_righthand": {
			"rotation":  [ 140, 0, 110 ],
			"translation":  [ 2, 3, 0 ],
			"scale":  [ 0.6, 0.6, 0.6 ]
		},
		"firstperson_lefthand": {
			"rotation":  [ 140, 0, -70 ],
			"translation":  [ 2, 3, 0 ],
			"scale":  [ 0.6, 0.6, 0.6 ]
		},
		"gui": {
			"rotation":  [ 90, -136, 0 ],
			"translation":  [ -0.5, 0, 1 ],
			"scale":  [ 0.6, 0.6, 0.6 ]
		},
		"ground": {
			"rotation":  [ 0, 0, 50 ],
			"translation":  [ 0, 1.53, 0 ],
			"scale":  [ 0.6, 0.6, 0.6 ]
		},
		"fixed": {
			"rotation":  [ 90, -45, 0 ],
			"scale":  [ 0.8, 0.8, 0.8 ]
		}
	}
}