{
	"credit": "Made with Blockbench",
	"texture_size": [128, 128],
	"textures": {
		"0": "block/awning",
		"particle": "block/awning"
	},
	"elements": [
		{
			"from": [0, 8, 0],
			"to": [6, 8, 32],
			"rotation": {"angle": 0, "axis": "x", "origin": [8, 0, 8]},
			"faces": {
				"north": {"uv": [0, 0, 0.75, 0], "texture": "#0"},
				"east": {"uv": [0, 0, 4, 0], "texture": "#0"},
				"south": {"uv": [0, 0, 0.75, 0], "texture": "#0"},
				"west": {"uv": [0, 0, 4, 0], "texture": "#0", "tintindex": 0},
				"up": {"uv": [0.75, 8, 0, 4], "texture": "#0", "tintindex": 0},
				"down": {"uv": [4.75, 0, 4, 4], "texture": "#0", "tintindex": 0}
			}
		},
		{
			"from": [10, 8, 0],
			"to": [16, 8, 32],
			"rotation": {"angle": 0, "axis": "x", "origin": [8, 0, 8]},
			"faces": {
				"north": {"uv": [0, 0, 0.75, 0], "texture": "#0"},
				"east": {"uv": [0, 0, 4, 0], "texture": "#0"},
				"south": {"uv": [0, 0, 0.75, 0], "texture": "#0"},
				"west": {"uv": [0, 0, 4, 0], "texture": "#0"},
				"up": {"uv": [1.5, 8, 0.75, 4], "texture": "#0", "tintindex": 0},
				"down": {"uv": [2.25, 4, 1.5, 8], "texture": "#0", "tintindex": 0}
			}
		},
		{
			"from": [20, 8, 0],
			"to": [26, 8, 32],
			"rotation": {"angle": 0, "axis": "x", "origin": [8, 0, 8]},
			"faces": {
				"north": {"uv": [0, 0, 0.75, 0], "texture": "#0"},
				"east": {"uv": [0, 0, 4, 0], "texture": "#0"},
				"south": {"uv": [0, 0, 0.75, 0], "texture": "#0"},
				"west": {"uv": [0, 0, 4, 0], "texture": "#0"},
				"up": {"uv": [3, 8, 2.25, 4], "texture": "#0", "tintindex": 0},
				"down": {"uv": [3.75, 4, 3, 8], "texture": "#0", "tintindex": 0}
			}
		},
		{
			"from": [26, 8, 0],
			"to": [32, 8, 32],
			"rotation": {"angle": 0, "axis": "x", "origin": [8, 0, 8]},
			"faces": {
				"north": {"uv": [0, 0, 0.75, 0], "texture": "#0"},
				"east": {"uv": [0, 0, 4, 0], "texture": "#0"},
				"south": {"uv": [0, 0, 0.75, 0], "texture": "#0"},
				"west": {"uv": [0, 0, 4, 0], "texture": "#0"},
				"up": {"uv": [4.5, 8, 3.75, 4], "texture": "#0"},
				"down": {"uv": [5.25, 4, 4.5, 8], "texture": "#0"}
			}
		},
		{
			"from": [6, 8, 0],
			"to": [10, 8, 32],
			"rotation": {"angle": 0, "axis": "x", "origin": [8, 0, 8]},
			"faces": {
				"north": {"uv": [0, 0, 0.5, 0], "texture": "#0"},
				"east": {"uv": [0, 0, 4, 0], "texture": "#0"},
				"south": {"uv": [0, 0, 0.5, 0], "texture": "#0"},
				"west": {"uv": [0, 0, 4, 0], "texture": "#0"},
				"up": {"uv": [5.25, 4, 4.75, 0], "texture": "#0"},
				"down": {"uv": [5.75, 0, 5.25, 4], "texture": "#0"}
			}
		},
		{
			"from": [16, 8, 0],
			"to": [20, 8, 32],
			"rotation": {"angle": 0, "axis": "x", "origin": [8, 0, 8]},
			"faces": {
				"north": {"uv": [0, 0, 0.5, 0], "texture": "#0"},
				"east": {"uv": [0, 0, 4, 0], "texture": "#0"},
				"south": {"uv": [0, 0, 0.5, 0], "texture": "#0"},
				"west": {"uv": [0, 0, 4, 0], "texture": "#0"},
				"up": {"uv": [5.75, 8, 5.25, 4], "texture": "#0"},
				"down": {"uv": [6.25, 0, 5.75, 4], "texture": "#0"}
			}
		},
		{
			"from": [10, 0, 0],
			"to": [16, 8, 0],
			"faces": {
				"north": {"uv": [7.375, 2, 8.125, 3], "texture": "#0", "tintindex": 0},
				"east": {"uv": [0, 0, 0, 1], "texture": "#0"},
				"south": {"uv": [7.375, 3, 8.125, 4], "texture": "#0", "tintindex": 0},
				"west": {"uv": [0, 0, 0, 1], "texture": "#0"},
				"up": {"uv": [0.75, 0, 0, 0], "texture": "#0"},
				"down": {"uv": [0.75, 0, 0, 0], "texture": "#0"}
			}
		},
		{
			"from": [20, 0, 0],
			"to": [26, 8, 0],
			"faces": {
				"north": {"uv": [7.625, 4, 8.375, 5], "texture": "#0", "tintindex": 0},
				"east": {"uv": [0, 0, 0, 1], "texture": "#0"},
				"south": {"uv": [7.625, 5, 8.375, 6], "texture": "#0", "tintindex": 0},
				"west": {"uv": [0, 0, 0, 1], "texture": "#0"},
				"up": {"uv": [0.75, 0, 0, 0], "texture": "#0"},
				"down": {"uv": [0.75, 0, 0, 0], "texture": "#0"}
			}
		},
		{
			"from": [0, 0, 0],
			"to": [6, 8, 0],
			"faces": {
				"north": {"uv": [7.625, 6, 8.375, 7], "texture": "#0", "tintindex": 0},
				"east": {"uv": [0, 0, 0, 1], "texture": "#0"},
				"south": {"uv": [7.625, 7, 8.375, 8], "texture": "#0", "tintindex": 0},
				"west": {"uv": [0, 0, 0, 1], "texture": "#0"},
				"up": {"uv": [0.75, 0, 0, 0], "texture": "#0"},
				"down": {"uv": [0.75, 0, 0, 0], "texture": "#0"}
			}
		},
		{
			"from": [26, 0, 0],
			"to": [32, 8, 0],
			"faces": {
				"north": {"uv": [0, 8, 0.75, 9], "texture": "#0"},
				"east": {"uv": [0, 0, 0, 1], "texture": "#0"},
				"south": {"uv": [0.75, 8, 1.5, 9], "texture": "#0"},
				"west": {"uv": [0, 0, 0, 1], "texture": "#0"},
				"up": {"uv": [0.75, 0, 0, 0], "texture": "#0"},
				"down": {"uv": [0.75, 0, 0, 0], "texture": "#0"}
			}
		},
		{
			"from": [6, 0, 0],
			"to": [10, 8, 0],
			"faces": {
				"north": {"uv": [2.5, 8, 3, 9], "texture": "#0"},
				"east": {"uv": [0, 0, 0, 1], "texture": "#0"},
				"south": {"uv": [3, 8, 3.5, 9], "texture": "#0"},
				"west": {"uv": [0, 0, 0, 1], "texture": "#0"},
				"up": {"uv": [0.5, 0, 0, 0], "texture": "#0"},
				"down": {"uv": [0.5, 0, 0, 0], "texture": "#0"}
			}
		},
		{
			"from": [16, 0, 0],
			"to": [20, 8, 0],
			"faces": {
				"north": {"uv": [3.5, 8, 4, 9], "texture": "#0"},
				"east": {"uv": [0, 0, 0, 1], "texture": "#0"},
				"south": {"uv": [4, 8, 4.5, 9], "texture": "#0"},
				"west": {"uv": [0, 0, 0, 1], "texture": "#0"},
				"up": {"uv": [0.5, 0, 0, 0], "texture": "#0"},
				"down": {"uv": [0.5, 0, 0, 0], "texture": "#0"}
			}
		},
		{
			"from": [0.0625, 0, 0],
			"to": [0.0625, 8, 32],
			"faces": {
				"north": {"uv": [0, 0, 0, 1], "texture": "#0"},
				"east": {"uv": [0, 0, 4, 1], "texture": "#0", "tintindex": 0},
				"south": {"uv": [0, 0, 0, 1], "texture": "#0"},
				"west": {"uv": [0, 1, 4, 2], "texture": "#0", "tintindex": 0},
				"up": {"uv": [0, 4, 0, 0], "texture": "#0"},
				"down": {"uv": [0, 0, 0, 4], "texture": "#0"}
			}
		},
		{
			"from": [32, 0, 0],
			"to": [32, 8, 32],
			"faces": {
				"north": {"uv": [0, 0, 0, 1], "texture": "#0"},
				"east": {"uv": [0, 2, 4, 3], "texture": "#0"},
				"south": {"uv": [0, 0, 0, 1], "texture": "#0"},
				"west": {"uv": [0, 3, 4, 4], "texture": "#0"},
				"up": {"uv": [0, 4, 0, 0], "texture": "#0"},
				"down": {"uv": [0, 0, 0, 4], "texture": "#0"}
			}
		},
		{
			"from": [4, 7.5, 0.0625],
			"to": [7, 7.5, 32],
			"faces": {
				"north": {"uv": [0, 0, 0.375, 0], "texture": "#0"},
				"east": {"uv": [0, 0, 4, 0], "texture": "#0"},
				"south": {"uv": [0, 0, 0.375, 0], "texture": "#0"},
				"west": {"uv": [0, 0, 4, 0], "texture": "#0"},
				"up": {"uv": [6.125, 8, 5.75, 4], "texture": "#0"},
				"down": {"uv": [6.5, 4, 6.125, 8], "texture": "#0"}
			}
		},
		{
			"from": [25, 7.5, 0.0625],
			"to": [28, 7.5, 32],
			"faces": {
				"north": {"uv": [0, 0, 0.375, 0], "texture": "#0"},
				"east": {"uv": [0, 0, 4, 0], "texture": "#0"},
				"south": {"uv": [0, 0, 0.375, 0], "texture": "#0"},
				"west": {"uv": [0, 0, 4, 0], "texture": "#0"},
				"up": {"uv": [6.625, 4, 6.25, 0], "texture": "#0"},
				"down": {"uv": [6.875, 4, 6.5, 8], "texture": "#0"}
			}
		},
		{
			"from": [18, 7.5, 0.0625],
			"to": [21, 7.5, 32],
			"faces": {
				"north": {"uv": [0, 0, 0.375, 0], "texture": "#0"},
				"east": {"uv": [0, 0, 4, 0], "texture": "#0"},
				"south": {"uv": [0, 0, 0.375, 0], "texture": "#0"},
				"west": {"uv": [0, 0, 4, 0], "texture": "#0"},
				"up": {"uv": [7, 4, 6.625, 0], "texture": "#0"},
				"down": {"uv": [7.25, 4, 6.875, 8], "texture": "#0"}
			}
		},
		{
			"from": [11, 7.5, 0.0625],
			"to": [14, 7.5, 32],
			"faces": {
				"north": {"uv": [0, 0, 0.375, 0], "texture": "#0"},
				"east": {"uv": [0, 0, 4, 0], "texture": "#0"},
				"south": {"uv": [0, 0, 0.375, 0], "texture": "#0"},
				"west": {"uv": [0, 0, 4, 0], "texture": "#0"},
				"up": {"uv": [7.375, 4, 7, 0], "texture": "#0"},
				"down": {"uv": [7.625, 4, 7.25, 8], "texture": "#0"}
			}
		}
	],
	"display": {
		"thirdperson_righthand": {
			"translation": [-1, 1.25, 0],
			"scale": [0.125, 0.125, 0.125]
		},
		"thirdperson_lefthand": {
			"translation": [-1, 1.25, 0],
			"scale": [0.125, 0.125, 0.125]
		},
		"firstperson_righthand": {
			"rotation": [14, 124.25, 0],
			"translation": [9.5, 0, -4.25],
			"scale": [0.44922, 0.44922, 0.44922]
		},
		"firstperson_lefthand": {
			"rotation": [14, 124.25, 0],
			"translation": [9.5, 0, -4.25],
			"scale": [0.44922, 0.44922, 0.44922]
		},
		"ground": {
			"translation": [0, -1.25, 0],
			"scale": [0.13672, 0.13672, 0.13672]
		},
		"gui": {
			"rotation": [37, 135, 0],
			"translation": [0, -1.5, 0],
			"scale": [0.28125, 0.28125, 0.28125]
		},
		"head": {
			"translation": [-6.75, 8.25, -4.75]
		},
		"fixed": {
			"translation": [0, 16, -48],
			"scale": [2, 2, 2]
		}
	}
}