{
	"credit": "Made with Blockbench",
	"textures": {
		"particle": "block/chair_a",
		"texture": "block/chair_a"
	},
	"elements": [
		{
			"name": "Voxels",
			"from": [0.5, 11, 1],
			"to": [1.5, 11.5, 3.5],
			"faces": {
				"north": {"uv": [16, 12.5, 15.75, 12.625], "texture": "#texture"},
				"east": {"uv": [6, 11, 5.375, 11.125], "texture": "#texture"},
				"south": {"uv": [15.75, 13.75, 16, 13.875], "texture": "#texture"},
				"west": {"uv": [15, 11.5, 15.625, 11.625], "texture": "#texture"},
				"up": {"uv": [14.75, 14.375, 15, 13.75], "texture": "#texture"},
				"down": {"uv": [14.375, 13.75, 14.625, 14.375], "texture": "#texture"}
			}
		},
		{
			"name": "Voxels",
			"from": [0.5, 11, 12],
			"to": [1.5, 11.5, 14.5],
			"faces": {
				"north": {"uv": [16, 11.625, 15.75, 11.75], "texture": "#texture"},
				"east": {"uv": [7.875, 11, 7.25, 11.125], "texture": "#texture"},
				"south": {"uv": [15.75, 12.375, 16, 12.5], "texture": "#texture"},
				"west": {"uv": [6.625, 11, 7.25, 11.125], "texture": "#texture"},
				"up": {"uv": [13.875, 14.25, 14.125, 13.625], "texture": "#texture"},
				"down": {"uv": [14.125, 13.625, 14.375, 14.25], "texture": "#texture"}
			}
		},
		{
			"name": "Voxels",
			"from": [0.5, 11.5, 1],
			"to": [1, 12.5, 3.5],
			"faces": {
				"north": {"uv": [2.875, 0, 2.75, 0.25], "texture": "#texture"},
				"east": {"uv": [15.75, 13.625, 15.125, 13.875], "texture": "#texture"},
				"south": {"uv": [15.875, 12.125, 16, 12.375], "texture": "#texture"},
				"west": {"uv": [1.5, 0.375, 2.125, 0.625], "texture": "#texture"},
				"up": {"uv": [15.875, 13.625, 16, 13], "texture": "#texture"},
				"down": {"uv": [15, 13.75, 15.125, 14.375], "texture": "#texture"}
			}
		},
		{
			"name": "Voxels",
			"from": [0.5, 11.5, 12],
			"to": [1, 12.5, 14.5],
			"faces": {
				"north": {"uv": [2.375, 0.375, 2.25, 0.625], "texture": "#texture"},
				"east": {"uv": [15.75, 13.875, 15.125, 14.125], "texture": "#texture"},
				"south": {"uv": [2.875, 0, 3, 0.25], "texture": "#texture"},
				"west": {"uv": [15.125, 14.125, 15.75, 14.375], "texture": "#texture"},
				"up": {"uv": [4.375, 6.625, 4.5, 6], "texture": "#texture"},
				"down": {"uv": [4.125, 3.125, 4.25, 3.75], "texture": "#texture"}
			}
		},
		{
			"name": "Voxels",
			"from": [1, 12, 1],
			"to": [14.5, 12.5, 3.5],
			"faces": {
				"north": {"uv": [10.5, 11.75, 7.125, 11.875], "texture": "#texture"},
				"east": {"uv": [10.375, 11, 9.75, 11.125], "texture": "#texture"},
				"south": {"uv": [10.5, 11.75, 13.875, 11.875], "texture": "#texture"},
				"west": {"uv": [7.875, 11, 8.5, 11.125], "texture": "#texture"},
				"up": {"uv": [5.75, 13.625, 9.125, 13], "texture": "#texture"},
				"down": {"uv": [2.375, 13, 5.75, 13.625], "texture": "#texture"}
			}
		},
		{
			"name": "Voxels",
			"from": [1, 12, 12],
			"to": [14.5, 12.5, 14.5],
			"faces": {
				"north": {"uv": [7.125, 11.625, 3.75, 11.75], "texture": "#texture"},
				"east": {"uv": [11, 11, 10.375, 11.125], "texture": "#texture"},
				"south": {"uv": [3.75, 11.75, 7.125, 11.875], "texture": "#texture"},
				"west": {"uv": [9.125, 11, 9.75, 11.125], "texture": "#texture"},
				"up": {"uv": [12.5, 13.625, 15.875, 13], "texture": "#texture"},
				"down": {"uv": [9.125, 13, 12.5, 13.625], "texture": "#texture"}
			}
		},
		{
			"name": "Voxels",
			"from": [2, -0.5, 1.5],
			"to": [3.5, 12, 3],
			"faces": {
				"north": {"uv": [0.375, 0.375, 0, 3.5], "texture": "#texture"},
				"east": {"uv": [0.375, 3.5, 0, 6.625], "texture": "#texture"},
				"south": {"uv": [1.875, 3.5, 2.25, 6.625], "texture": "#texture"},
				"west": {"uv": [0.375, 0.375, 0.75, 3.5], "texture": "#texture"},
				"up": {"uv": [0, 0.375, 0.375, 0], "texture": "#texture"},
				"down": {"uv": [13.875, 14.375, 14.25, 14.75], "texture": "#texture"}
			}
		},
		{
			"name": "Voxels",
			"from": [2, -0.5, 12.5],
			"to": [3.5, 12, 14],
			"faces": {
				"north": {"uv": [0.75, 3.5, 0.375, 6.625], "texture": "#texture"},
				"east": {"uv": [1.875, 3.5, 1.5, 6.625], "texture": "#texture"},
				"south": {"uv": [0.75, 3.5, 1.125, 6.625], "texture": "#texture"},
				"west": {"uv": [1.125, 3.5, 1.5, 6.625], "texture": "#texture"},
				"up": {"uv": [0.75, 0.625, 1.125, 0.25], "texture": "#texture"},
				"down": {"uv": [0.375, 0, 0.75, 0.375], "texture": "#texture"}
			}
		},
		{
			"name": "Voxels",
			"from": [2, 6, 3],
			"to": [14.5, 6.5, 12.5],
			"faces": {
				"north": {"uv": [10.25, 11.625, 7.125, 11.75], "texture": "#texture"},
				"east": {"uv": [13.625, 11.125, 11.25, 11.25], "texture": "#texture"},
				"south": {"uv": [10.25, 11.625, 13.375, 11.75], "texture": "#texture"},
				"west": {"uv": [8.875, 11.125, 11.25, 11.25], "texture": "#texture"},
				"up": {"uv": [3.125, 16, 6.25, 13.625], "texture": "#texture"},
				"down": {"uv": [0, 13.625, 3.125, 16], "texture": "#texture"}
			}
		},
		{
			"name": "Voxels",
			"from": [2.5, 1, 3],
			"to": [3, 2, 12.5],
			"faces": {
				"north": {"uv": [4.5, 5.75, 4.375, 6], "texture": "#texture"},
				"east": {"uv": [15, 11.875, 12.625, 12.125], "texture": "#texture"},
				"south": {"uv": [2.125, 0.375, 2.25, 0.625], "texture": "#texture"},
				"west": {"uv": [10.25, 11.875, 12.625, 12.125], "texture": "#texture"},
				"up": {"uv": [3.5, 3, 3.625, 0.625], "texture": "#texture"},
				"down": {"uv": [3.375, 0.625, 3.5, 3], "texture": "#texture"}
			}
		},
		{
			"name": "Voxels",
			"from": [2.5, 6.5, 3],
			"to": [14, 7, 12.5],
			"faces": {
				"north": {"uv": [6.625, 11.5, 3.75, 11.625], "texture": "#texture"},
				"east": {"uv": [8.875, 11.125, 6.5, 11.25], "texture": "#texture"},
				"south": {"uv": [6.625, 11.5, 9.5, 11.625], "texture": "#texture"},
				"west": {"uv": [13.375, 11.625, 15.75, 11.75], "texture": "#texture", "tintindex": 0},
				"up": {"uv": [6.25, 16, 9.125, 13.625], "texture": "#texture", "tintindex": 0},
				"down": {"uv": [9.125, 13.625, 12, 16], "texture": "#texture"}
			}
		},
		{
			"name": "Voxels",
			"from": [3.5, 1, 2],
			"to": [14.5, 2, 2.5],
			"faces": {
				"north": {"uv": [8.25, 12.375, 5.5, 12.625], "texture": "#texture"},
				"east": {"uv": [4.75, 8.875, 4.625, 9.125], "texture": "#texture"},
				"south": {"uv": [8.25, 12.375, 11, 12.625], "texture": "#texture"},
				"west": {"uv": [2.25, 3.5, 2.375, 3.75], "texture": "#texture"},
				"up": {"uv": [12.25, 11.625, 15, 11.5], "texture": "#texture"},
				"down": {"uv": [3.75, 11.375, 6.5, 11.5], "texture": "#texture"}
			}
		},
		{
			"name": "Voxels",
			"from": [3.5, 1, 13],
			"to": [14.5, 2, 13.5],
			"faces": {
				"north": {"uv": [15.25, 12.75, 12.5, 13], "texture": "#texture"},
				"east": {"uv": [4.875, 9.5, 4.75, 9.75], "texture": "#texture"},
				"south": {"uv": [2.75, 11.875, 5.5, 12.125], "texture": "#texture"},
				"west": {"uv": [4.5, 8.875, 4.625, 9.125], "texture": "#texture"},
				"up": {"uv": [3.75, 11.25, 6.5, 11.125], "texture": "#texture"},
				"down": {"uv": [9.5, 11.5, 12.25, 11.625], "texture": "#texture"}
			}
		},
		{
			"name": "Voxels",
			"from": [3.5, 6, 1.5],
			"to": [14.5, 6.5, 3],
			"faces": {
				"north": {"uv": [12, 11.25, 9.25, 11.375], "texture": "#texture"},
				"east": {"uv": [13.75, 13.625, 13.375, 13.75], "texture": "#texture"},
				"south": {"uv": [12, 11.25, 14.75, 11.375], "texture": "#texture"},
				"west": {"uv": [13.875, 14.25, 14.25, 14.375], "texture": "#texture"},
				"up": {"uv": [2.75, 13, 5.5, 12.625], "texture": "#texture"},
				"down": {"uv": [5.5, 12.625, 8.25, 13], "texture": "#texture"}
			}
		},
		{
			"name": "Voxels",
			"from": [3.5, 6, 12.5],
			"to": [14.5, 7, 13.5],
			"faces": {
				"north": {"uv": [8.25, 12.125, 5.5, 12.375], "texture": "#texture"},
				"east": {"uv": [16, 13.875, 15.75, 14.125], "texture": "#texture"},
				"south": {"uv": [2.75, 12.125, 5.5, 12.375], "texture": "#texture", "tintindex": 0},
				"west": {"uv": [15.75, 14.125, 16, 14.375], "texture": "#texture"},
				"up": {"uv": [2.75, 12.625, 5.5, 12.375], "texture": "#texture", "tintindex": 0},
				"down": {"uv": [11, 12.125, 13.75, 12.375], "texture": "#texture"}
			}
		},
		{
			"name": "Voxels",
			"from": [3.5, 6, 13.5],
			"to": [14.5, 6.5, 14],
			"faces": {
				"north": {"uv": [14.75, 11.375, 12, 11.5], "texture": "#texture"},
				"east": {"uv": [4.625, 8.5, 4.5, 8.625], "texture": "#texture"},
				"south": {"uv": [3.75, 11.25, 6.5, 11.375], "texture": "#texture"},
				"west": {"uv": [15.875, 11.25, 16, 11.375], "texture": "#texture"},
				"up": {"uv": [9.25, 11.5, 12, 11.375], "texture": "#texture"},
				"down": {"uv": [6.5, 11.375, 9.25, 11.5], "texture": "#texture"}
			}
		},
		{
			"name": "Voxels",
			"from": [3.5, 6.5, 2],
			"to": [14.5, 7, 3],
			"faces": {
				"north": {"uv": [15.25, 12.625, 12.5, 12.75], "texture": "#texture", "tintindex": 0},
				"east": {"uv": [4.5, 0, 4.25, 0.125], "texture": "#texture"},
				"south": {"uv": [6.5, 11.25, 9.25, 11.375], "texture": "#texture"},
				"west": {"uv": [15.75, 11.125, 16, 11.25], "texture": "#texture"},
				"up": {"uv": [8.25, 12.375, 11, 12.125], "texture": "#texture", "tintindex": 0},
				"down": {"uv": [11, 12.375, 13.75, 12.625], "texture": "#texture"}
			}
		},
		{
			"name": "Voxels",
			"from": [13, -0.5, 1.5],
			"to": [14.5, 6, 2],
			"faces": {
				"north": {"uv": [15.125, 14.375, 14.75, 16], "texture": "#texture"},
				"east": {"uv": [4, 9.5, 3.875, 11.125], "texture": "#texture"},
				"south": {"uv": [15.125, 14.375, 15.5, 16], "texture": "#texture"},
				"west": {"uv": [3.875, 6.25, 4, 7.875], "texture": "#texture"},
				"up": {"uv": [2.375, 0.125, 2.75, 0], "texture": "#texture"},
				"down": {"uv": [14.75, 13.625, 15.125, 13.75], "texture": "#texture"}
			}
		},
		{
			"name": "Voxels",
			"from": [13, -0.5, 2],
			"to": [14.5, 1, 3],
			"faces": {
				"north": {"uv": [4.5, 7.625, 4.125, 8], "texture": "#texture"},
				"east": {"uv": [4.375, 4.25, 4.125, 4.625], "texture": "#texture"},
				"south": {"uv": [1.875, 0, 2.25, 0.375], "texture": "#texture"},
				"west": {"uv": [4.125, 5.375, 4.375, 5.75], "texture": "#texture"},
				"up": {"uv": [3, 0.25, 3.375, 0], "texture": "#texture"},
				"down": {"uv": [15.375, 12.125, 15.75, 12.375], "texture": "#texture"}
			}
		},
		{
			"name": "Voxels",
			"from": [13, -0.5, 12.5],
			"to": [14.5, 6, 13],
			"faces": {
				"north": {"uv": [15.875, 14.375, 15.5, 16], "texture": "#texture"},
				"east": {"uv": [3.875, 1.5, 3.75, 3.125], "texture": "#texture"},
				"south": {"uv": [14.375, 14.375, 14.75, 16], "texture": "#texture"},
				"west": {"uv": [3.875, 7.875, 4, 9.5], "texture": "#texture"},
				"up": {"uv": [15.5, 11.125, 15.875, 11], "texture": "#texture"},
				"down": {"uv": [4.5, 10.875, 4.875, 11], "texture": "#texture"}
			}
		},
		{
			"name": "Voxels",
			"from": [13, -0.5, 13],
			"to": [14.5, 1, 14],
			"faces": {
				"north": {"uv": [4.5, 10.25, 4.125, 10.625], "texture": "#texture"},
				"east": {"uv": [4.375, 4.625, 4.125, 5], "texture": "#texture"},
				"south": {"uv": [4.125, 10.625, 4.5, 11], "texture": "#texture"},
				"west": {"uv": [4.125, 5, 4.375, 5.375], "texture": "#texture"},
				"up": {"uv": [3.375, 0.25, 3.75, 0], "texture": "#texture"},
				"down": {"uv": [1.125, 0, 1.5, 0.25], "texture": "#texture"}
			}
		},
		{
			"name": "Voxels",
			"from": [13, 1, 2.5],
			"to": [14.5, 6, 3],
			"faces": {
				"north": {"uv": [3.375, 0.25, 3, 1.5], "texture": "#texture"},
				"east": {"uv": [4.125, 2, 4, 3.25], "texture": "#texture"},
				"south": {"uv": [3.375, 10.625, 3.75, 11.875], "texture": "#texture"},
				"west": {"uv": [4, 0.75, 4.125, 2], "texture": "#texture"},
				"up": {"uv": [14.375, 11.125, 14.75, 11], "texture": "#texture"},
				"down": {"uv": [14.375, 13.625, 14.75, 13.75], "texture": "#texture"}
			}
		},
		{
			"name": "Voxels",
			"from": [13, 1, 13.5],
			"to": [14.5, 6, 14],
			"faces": {
				"north": {"uv": [3.375, 2.75, 3, 4], "texture": "#texture"},
				"east": {"uv": [4.125, 7, 4, 8.25], "texture": "#texture"},
				"south": {"uv": [3, 1.5, 3.375, 2.75], "texture": "#texture"},
				"west": {"uv": [4, 5.75, 4.125, 7], "texture": "#texture"},
				"up": {"uv": [15.125, 11.125, 15.5, 11], "texture": "#texture"},
				"down": {"uv": [14.75, 11, 15.125, 11.125], "texture": "#texture"}
			}
		},
		{
			"name": "Voxels",
			"from": [13, 2, 2],
			"to": [14.5, 6, 2.5],
			"faces": {
				"north": {"uv": [3.75, 7.375, 3.375, 8.375], "texture": "#texture"},
				"east": {"uv": [4.375, 6.625, 4.25, 7.625], "texture": "#texture"},
				"south": {"uv": [3.375, 8.375, 3.75, 9.375], "texture": "#texture"},
				"west": {"uv": [4.125, 6.625, 4.25, 7.625], "texture": "#texture"},
				"up": {"uv": [12.5, 11.125, 12.875, 11], "texture": "#texture"},
				"down": {"uv": [12.875, 11, 13.25, 11.125], "texture": "#texture"}
			}
		},
		{
			"name": "Voxels",
			"from": [13, 2, 13],
			"to": [14.5, 6, 13.5],
			"faces": {
				"north": {"uv": [3.75, 6.375, 3.375, 7.375], "texture": "#texture"},
				"east": {"uv": [4.5, 9.25, 4.375, 10.25], "texture": "#texture"},
				"south": {"uv": [3.375, 5.375, 3.75, 6.375], "texture": "#texture"},
				"west": {"uv": [4.375, 6.625, 4.5, 7.625], "texture": "#texture"},
				"up": {"uv": [11.75, 11.125, 12.125, 11], "texture": "#texture"},
				"down": {"uv": [12.125, 11, 12.5, 11.125], "texture": "#texture"}
			}
		},
		{
			"name": "Voxels",
			"from": [13, 6.5, 1.5],
			"to": [14.5, 12, 2],
			"faces": {
				"north": {"uv": [2.75, 0.125, 2.375, 1.5], "texture": "#texture"},
				"east": {"uv": [4.125, 9.625, 4, 11], "texture": "#texture"},
				"south": {"uv": [3, 9.125, 3.375, 10.5], "texture": "#texture"},
				"west": {"uv": [4, 8.25, 4.125, 9.625], "texture": "#texture"},
				"up": {"uv": [11, 11.125, 11.375, 11], "texture": "#texture"},
				"down": {"uv": [11.375, 11, 11.75, 11.125], "texture": "#texture"}
			}
		},
		{
			"name": "Voxels",
			"from": [13, 6.5, 13.5],
			"to": [14.5, 12, 14],
			"faces": {
				"north": {"uv": [3.375, 7.75, 3, 9.125], "texture": "#texture"},
				"east": {"uv": [4, 0.5, 3.875, 1.875], "texture": "#texture"},
				"south": {"uv": [3, 10.5, 3.375, 11.875], "texture": "#texture"},
				"west": {"uv": [3.875, 1.875, 4, 3.25], "texture": "#texture"},
				"up": {"uv": [4.5, 10.625, 4.875, 10.5], "texture": "#texture"},
				"down": {"uv": [15.625, 11.5, 16, 11.625], "texture": "#texture"}
			}
		},
		{
			"name": "Voxels",
			"from": [13, 7, 2],
			"to": [14.5, 12, 3],
			"faces": {
				"north": {"uv": [3.75, 9.375, 3.375, 10.625], "texture": "#texture"},
				"east": {"uv": [3, 6.375, 2.75, 7.625], "texture": "#texture"},
				"south": {"uv": [3, 4, 3.375, 5.25], "texture": "#texture"},
				"west": {"uv": [2.75, 5.125, 3, 6.375], "texture": "#texture"},
				"up": {"uv": [4.125, 4.25, 4.5, 4], "texture": "#texture"},
				"down": {"uv": [15.375, 12.375, 15.75, 12.625], "texture": "#texture"}
			}
		},
		{
			"name": "Voxels",
			"from": [13, 7, 12.5],
			"to": [14.5, 12, 13.5],
			"faces": {
				"north": {"uv": [3.375, 5.25, 3, 6.5], "texture": "#texture"},
				"east": {"uv": [3, 2.625, 2.75, 3.875], "texture": "#texture"},
				"south": {"uv": [3, 6.5, 3.375, 7.75], "texture": "#texture"},
				"west": {"uv": [2.75, 3.875, 3, 5.125], "texture": "#texture"},
				"up": {"uv": [4.125, 4, 4.5, 3.75], "texture": "#texture"},
				"down": {"uv": [0.75, 0, 1.125, 0.25], "texture": "#texture"}
			}
		},
		{
			"name": "Voxels",
			"from": [13, 12.5, 1.5],
			"to": [14.5, 24, 3],
			"faces": {
				"north": {"uv": [2.25, 0.625, 1.875, 3.5], "texture": "#texture"},
				"east": {"uv": [2.75, 7.25, 2.375, 10.125], "texture": "#texture"},
				"south": {"uv": [2.375, 4.375, 2.75, 7.25], "texture": "#texture"},
				"west": {"uv": [2.375, 10.125, 2.75, 13], "texture": "#texture"},
				"up": {"uv": [4.125, 8.375, 4.5, 8], "texture": "#texture"},
				"down": {"uv": [4.125, 8.375, 4.5, 8.75], "texture": "#texture"}
			}
		},
		{
			"name": "Voxels",
			"from": [13, 12.5, 12.5],
			"to": [14.5, 24, 14],
			"faces": {
				"north": {"uv": [2.75, 1.5, 2.375, 4.375], "texture": "#texture"},
				"east": {"uv": [1.875, 0.625, 1.5, 3.5], "texture": "#texture"},
				"south": {"uv": [0.75, 0.625, 1.125, 3.5], "texture": "#texture"},
				"west": {"uv": [1.125, 0.625, 1.5, 3.5], "texture": "#texture"},
				"up": {"uv": [15.625, 13, 16, 12.625], "texture": "#texture"},
				"down": {"uv": [15.25, 12.625, 15.625, 13], "texture": "#texture"}
			}
		},
		{
			"name": "Voxels",
			"from": [13, 24, 2],
			"to": [14.5, 25.5, 2.5],
			"faces": {
				"north": {"uv": [3.75, 0.25, 3.375, 0.625], "texture": "#texture"},
				"east": {"uv": [4.5, 5, 4.375, 5.375], "texture": "#texture"},
				"south": {"uv": [4.125, 8.75, 4.5, 9.125], "texture": "#texture"},
				"west": {"uv": [4.375, 5.375, 4.5, 5.75], "texture": "#texture"},
				"up": {"uv": [13.625, 11.125, 14, 11], "texture": "#texture"},
				"down": {"uv": [13.25, 11, 13.625, 11.125], "texture": "#texture"}
			}
		},
		{
			"name": "Voxels",
			"from": [13, 24, 13],
			"to": [14.5, 25.5, 13.5],
			"faces": {
				"north": {"uv": [1.5, 0.25, 1.125, 0.625], "texture": "#texture"},
				"east": {"uv": [4.375, 0.125, 4.25, 0.5], "texture": "#texture"},
				"south": {"uv": [1.5, 0, 1.875, 0.375], "texture": "#texture"},
				"west": {"uv": [4.375, 0.125, 4.5, 0.5], "texture": "#texture"},
				"up": {"uv": [4.5, 10.75, 4.875, 10.625], "texture": "#texture"},
				"down": {"uv": [14, 11, 14.375, 11.125], "texture": "#texture"}
			}
		},
		{
			"name": "Voxels",
			"from": [13.5, 1, 3],
			"to": [14, 2, 12.5],
			"faces": {
				"north": {"uv": [4.625, 8.625, 4.5, 8.875], "texture": "#texture"},
				"east": {"uv": [7.875, 11.875, 5.5, 12.125], "texture": "#texture"},
				"south": {"uv": [4.75, 8.875, 4.875, 9.125], "texture": "#texture"},
				"west": {"uv": [7.875, 11.875, 10.25, 12.125], "texture": "#texture"},
				"up": {"uv": [2.75, 2.625, 2.875, 0.25], "texture": "#texture"},
				"down": {"uv": [3.625, 0.625, 3.75, 3], "texture": "#texture"}
			}
		},
		{
			"name": "Voxels",
			"from": [13.5, 7, 3],
			"to": [14, 12, 12.5],
			"faces": {
				"north": {"uv": [4.125, 4.5, 4, 5.75], "texture": "#texture"},
				"east": {"uv": [14.375, 14.75, 12, 16], "texture": "#texture"},
				"south": {"uv": [4, 3.25, 4.125, 4.5], "texture": "#texture"},
				"west": {"uv": [0, 6.625, 2.375, 7.875], "texture": "#texture"},
				"up": {"uv": [3.375, 5.375, 3.5, 3], "texture": "#texture"},
				"down": {"uv": [2.875, 0.25, 3, 2.625], "texture": "#texture"}
			}
		},
		{
			"name": "Voxels",
			"from": [13.5, 12, 3.5],
			"to": [14.5, 12.5, 12],
			"faces": {
				"north": {"uv": [4.5, 3.125, 4.25, 3.25], "texture": "#texture"},
				"east": {"uv": [16, 11.75, 13.875, 11.875], "texture": "#texture"},
				"south": {"uv": [15.75, 13.625, 16, 13.75], "texture": "#texture"},
				"west": {"uv": [13.625, 11.125, 15.75, 11.25], "texture": "#texture"},
				"up": {"uv": [2.75, 11.875, 3, 9.75], "texture": "#texture"},
				"down": {"uv": [2.75, 7.625, 3, 9.75], "texture": "#texture"}
			}
		},
		{
			"name": "Voxels",
			"from": [13.5, 12.5, 3],
			"to": [14, 24, 12.5],
			"faces": {
				"north": {"uv": [2.375, 0.625, 2.25, 3.5], "texture": "#texture"},
				"east": {"uv": [2.375, 7.875, 0, 10.75], "texture": "#texture"},
				"south": {"uv": [2.25, 3.75, 2.375, 6.625], "texture": "#texture"},
				"west": {"uv": [0, 10.75, 2.375, 13.625], "texture": "#texture"},
				"up": {"uv": [3.625, 5.375, 3.75, 3], "texture": "#texture"},
				"down": {"uv": [3.5, 3, 3.625, 5.375], "texture": "#texture"}
			}
		},
		{
			"name": "Voxels",
			"from": [13.5, 24, 1.5],
			"to": [14, 25.5, 2],
			"faces": {
				"north": {"uv": [4.5, 4.25, 4.375, 4.625], "texture": "#texture"},
				"east": {"uv": [4.375, 2.75, 4.25, 3.125], "texture": "#texture"},
				"south": {"uv": [4.375, 3.375, 4.5, 3.75], "texture": "#texture"},
				"west": {"uv": [4.125, 2.75, 4.25, 3.125], "texture": "#texture"},
				"up": {"uv": [4.625, 8.625, 4.75, 8.5], "texture": "#texture"},
				"down": {"uv": [15.875, 11.375, 16, 11.5], "texture": "#texture"}
			}
		},
		{
			"name": "Voxels",
			"from": [13.5, 24, 2.5],
			"to": [14, 25.5, 3],
			"faces": {
				"north": {"uv": [4.5, 2.75, 4.375, 3.125], "texture": "#texture"},
				"east": {"uv": [4.5, 2.375, 4.375, 2.75], "texture": "#texture"},
				"south": {"uv": [4.125, 2.375, 4.25, 2.75], "texture": "#texture"},
				"west": {"uv": [4.25, 2.375, 4.375, 2.75], "texture": "#texture"},
				"up": {"uv": [4.75, 8.25, 4.875, 8.125], "texture": "#texture"},
				"down": {"uv": [4.5, 8.25, 4.625, 8.375], "texture": "#texture"}
			}
		},
		{
			"name": "Voxels",
			"from": [13.5, 24, 3.5],
			"to": [14, 25.5, 12],
			"faces": {
				"north": {"uv": [2.375, 0, 2.25, 0.375], "texture": "#texture"},
				"east": {"uv": [10.375, 12.625, 8.25, 13], "texture": "#texture"},
				"south": {"uv": [4.375, 4.625, 4.5, 5], "texture": "#texture"},
				"west": {"uv": [10.375, 12.625, 12.5, 13], "texture": "#texture"},
				"up": {"uv": [3.75, 11.125, 3.875, 9], "texture": "#texture"},
				"down": {"uv": [3.75, 6.875, 3.875, 9], "texture": "#texture"}
			}
		},
		{
			"name": "Voxels",
			"from": [13.5, 24, 12.5],
			"to": [14, 25.5, 13],
			"faces": {
				"north": {"uv": [4.25, 2, 4.125, 2.375], "texture": "#texture"},
				"east": {"uv": [4.25, 1.625, 4.125, 2], "texture": "#texture"},
				"south": {"uv": [4.25, 2, 4.375, 2.375], "texture": "#texture"},
				"west": {"uv": [4.375, 2, 4.5, 2.375], "texture": "#texture"},
				"up": {"uv": [15.875, 12.125, 16, 12], "texture": "#texture"},
				"down": {"uv": [15.875, 11.875, 16, 12], "texture": "#texture"}
			}
		},
		{
			"name": "Voxels",
			"from": [13.5, 24, 13.5],
			"to": [14, 25.5, 14],
			"faces": {
				"north": {"uv": [4.375, 1.625, 4.25, 2], "texture": "#texture"},
				"east": {"uv": [4.375, 1.25, 4.25, 1.625], "texture": "#texture"},
				"south": {"uv": [4.375, 1.625, 4.5, 2], "texture": "#texture"},
				"west": {"uv": [4.125, 1.25, 4.25, 1.625], "texture": "#texture"},
				"up": {"uv": [4.75, 8.375, 4.875, 8.25], "texture": "#texture"},
				"down": {"uv": [4.625, 8.25, 4.75, 8.375], "texture": "#texture"}
			}
		},
		{
			"name": "Voxels",
			"from": [13.5, 25.5, 2],
			"to": [14, 27, 2.5],
			"faces": {
				"north": {"uv": [4.5, 1.25, 4.375, 1.625], "texture": "#texture"},
				"east": {"uv": [4.5, 0.875, 4.375, 1.25], "texture": "#texture"},
				"south": {"uv": [4.125, 0.875, 4.25, 1.25], "texture": "#texture"},
				"west": {"uv": [4.25, 0.875, 4.375, 1.25], "texture": "#texture"},
				"up": {"uv": [4.75, 8.75, 4.875, 8.625], "texture": "#texture"},
				"down": {"uv": [4.125, 0, 4.25, 0.125], "texture": "#texture"}
			}
		},
		{
			"name": "Voxels",
			"from": [13.5, 25.5, 4],
			"to": [14, 27.5, 11.5],
			"faces": {
				"north": {"uv": [4.375, 3.25, 4.25, 3.75], "texture": "#texture"},
				"east": {"uv": [13.875, 14.25, 12, 14.75], "texture": "#texture"},
				"south": {"uv": [3.875, 0, 4, 0.5], "texture": "#texture"},
				"west": {"uv": [12, 13.75, 13.875, 14.25], "texture": "#texture"},
				"up": {"uv": [3.75, 6.875, 3.875, 5], "texture": "#texture"},
				"down": {"uv": [3.75, 3.125, 3.875, 5], "texture": "#texture"}
			}
		},
		{
			"name": "Voxels",
			"from": [13.5, 25.5, 13],
			"to": [14, 27, 13.5],
			"faces": {
				"north": {"uv": [4.25, 0.5, 4.125, 0.875], "texture": "#texture"},
				"east": {"uv": [4.25, 0.125, 4.125, 0.5], "texture": "#texture"},
				"south": {"uv": [4.25, 0.5, 4.375, 0.875], "texture": "#texture"},
				"west": {"uv": [4.375, 0.5, 4.5, 0.875], "texture": "#texture"},
				"up": {"uv": [4.375, 3.375, 4.5, 3.25], "texture": "#texture"},
				"down": {"uv": [4.375, 9.125, 4.5, 9.25], "texture": "#texture"}
			}
		},
		{
			"name": "Voxels",
			"from": [13.5, 27.5, 4.5],
			"to": [14, 28.5, 11],
			"faces": {
				"north": {"uv": [15.875, 12.125, 15.75, 12.375], "texture": "#texture"},
				"east": {"uv": [15.375, 12.125, 13.75, 12.375], "texture": "#texture"},
				"south": {"uv": [4.625, 8.625, 4.75, 8.875], "texture": "#texture"},
				"west": {"uv": [13.75, 12.375, 15.375, 12.625], "texture": "#texture"},
				"up": {"uv": [3.875, 6.25, 4, 4.625], "texture": "#texture"},
				"down": {"uv": [15.875, 14.375, 16, 16], "texture": "#texture"}
			}
		},
		{
			"name": "Voxels",
			"from": [13.5, 28.5, 5],
			"to": [14, 29, 10.5],
			"faces": {
				"north": {"uv": [4.625, 8, 4.5, 8.125], "texture": "#texture"},
				"east": {"uv": [13.375, 13.625, 12, 13.75], "texture": "#texture"},
				"south": {"uv": [4, 0, 4.125, 0.125], "texture": "#texture"},
				"west": {"uv": [4, 11, 5.375, 11.125], "texture": "#texture"},
				"up": {"uv": [3.75, 1.5, 3.875, 0.125], "texture": "#texture"},
				"down": {"uv": [3.875, 3.25, 4, 4.625], "texture": "#texture"}
			}
		},
		{
			"name": "Voxels",
			"from": [13.5, 29, 5.5],
			"to": [14, 29.5, 10],
			"faces": {
				"north": {"uv": [4.875, 8.5, 4.75, 8.625], "texture": "#texture"},
				"east": {"uv": [15.875, 11.25, 14.75, 11.375], "texture": "#texture"},
				"south": {"uv": [4.75, 8.375, 4.875, 8.5], "texture": "#texture"},
				"west": {"uv": [14.75, 11.375, 15.875, 11.5], "texture": "#texture"},
				"up": {"uv": [4.25, 10.25, 4.375, 9.125], "texture": "#texture"},
				"down": {"uv": [4.125, 9.125, 4.25, 10.25], "texture": "#texture"}
			}
		},
		{
			"name": "Voxels",
			"from": [13.5, 29.5, 6],
			"to": [14, 30, 9.5],
			"faces": {
				"north": {"uv": [14.375, 14.25, 14.25, 14.375], "texture": "#texture"},
				"east": {"uv": [15.875, 12, 15, 12.125], "texture": "#texture"},
				"south": {"uv": [13.75, 13.625, 13.875, 13.75], "texture": "#texture"},
				"west": {"uv": [15, 11.875, 15.875, 12], "texture": "#texture"},
				"up": {"uv": [4.125, 6.625, 4.25, 5.75], "texture": "#texture"},
				"down": {"uv": [4.25, 5.75, 4.375, 6.625], "texture": "#texture"}
			}
		},
		{
			"name": "Voxels",
			"from": [13.5, 30, 6.5],
			"to": [14, 30.5, 9],
			"faces": {
				"north": {"uv": [3.875, 0, 3.75, 0.125], "texture": "#texture"},
				"east": {"uv": [6.625, 11, 6, 11.125], "texture": "#texture"},
				"south": {"uv": [15.875, 11, 16, 11.125], "texture": "#texture"},
				"west": {"uv": [8.5, 11, 9.125, 11.125], "texture": "#texture"},
				"up": {"uv": [14.625, 14.375, 14.75, 13.75], "texture": "#texture"},
				"down": {"uv": [4, 0.125, 4.125, 0.75], "texture": "#texture"}
			}
		},
		{
			"name": "Voxels",
			"from": [13.5, 30.5, 7],
			"to": [14, 31, 8.5],
			"faces": {
				"north": {"uv": [4.875, 9.375, 4.75, 9.5], "texture": "#texture"},
				"east": {"uv": [4.875, 9.75, 4.5, 9.875], "texture": "#texture"},
				"south": {"uv": [4.75, 8.75, 4.875, 8.875], "texture": "#texture"},
				"west": {"uv": [4.5, 9.875, 4.875, 10], "texture": "#texture"},
				"up": {"uv": [4.625, 10.375, 4.75, 10], "texture": "#texture"},
				"down": {"uv": [4.5, 10, 4.625, 10.375], "texture": "#texture"}
			}
		},
		{
			"name": "Voxels",
			"from": [14.5, 12, 1.5],
			"to": [15, 12.5, 3],
			"faces": {
				"north": {"uv": [4.625, 8.375, 4.5, 8.5], "texture": "#texture"},
				"east": {"uv": [4.875, 9.125, 4.5, 9.25], "texture": "#texture"},
				"south": {"uv": [4.625, 8.375, 4.75, 8.5], "texture": "#texture"},
				"west": {"uv": [4.5, 9.25, 4.875, 9.375], "texture": "#texture"},
				"up": {"uv": [4.5, 9.75, 4.625, 9.375], "texture": "#texture"},
				"down": {"uv": [4.75, 10, 4.875, 10.375], "texture": "#texture"}
			}
		},
		{
			"name": "Voxels",
			"from": [14.5, 12, 12.5],
			"to": [15, 12.5, 14],
			"faces": {
				"north": {"uv": [4.625, 8.125, 4.5, 8.25], "texture": "#texture"},
				"east": {"uv": [4.875, 10.75, 4.5, 10.875], "texture": "#texture"},
				"south": {"uv": [4.625, 8.125, 4.75, 8.25], "texture": "#texture"},
				"west": {"uv": [4.5, 10.375, 4.875, 10.5], "texture": "#texture"},
				"up": {"uv": [14.25, 14.75, 14.375, 14.375], "texture": "#texture"},
				"down": {"uv": [4.625, 9.375, 4.75, 9.75], "texture": "#texture"}
			}
		}
	],
	"display": {
		"thirdperson_righthand": {
			"rotation": [27, 36, 0],
			"translation": [-0.202, 2.7826, -0.695],
			"scale": [0.5, 0.5, 0.5]
		},
		"thirdperson_lefthand": {
			"rotation": [27, 36, 0],
			"translation": [-0.202, 2.7826, -0.695],
			"scale": [0.5, 0.5, 0.5]
		},
		"firstperson_righthand": {
			"rotation": [-14, 42, 0],
			"translation": [1.3922, 0, 0],
			"scale": [0.5, 0.5, 0.5]
		},
		"firstperson_lefthand": {
			"rotation": [-14, 42, 0],
			"translation": [1.3922, 0, 0],
			"scale": [0.5, 0.5, 0.5]
		},
		"ground": {
			"rotation": [0, 30, -28],
			"translation": [0, 2.7826, 0],
			"scale": [0.5, 0.5, 0.5]
		},
		"gui": {
			"rotation": [3, 63, 5],
			"translation": [0, -2.086, 0],
			"scale": [0.4, 0.4, 0.4]
		},
		"fixed": {
			"rotation": [-90, -90, 0],
			"translation": [0, 0, -18.4],
			"scale": [2.2, 2.4, 2.2]
		}
	}
}