{
	"credit": "Made with Blockbench",
	"texture_size": [16, 8],
	"textures": {
		"2": "items/counter1",
		"particle": "items/counter1"
	},
	"elements": [
		{
			"name": "Coin",
			"from": [2, 17, 8],
			"to": [3, 17.3, 9],
			"rotation": {"angle": 22.5, "axis": "y", "origin": [0, 0, 0]},
			"faces": {
				"north": {"uv": [8.25, 4.75, 8.5, 5], "texture": "#2"},
				"east": {"uv": [8.25, 4.75, 8.5, 5], "texture": "#2"},
				"south": {"uv": [8.25, 4.75, 8.5, 5], "texture": "#2"},
				"west": {"uv": [8.25, 4.75, 8.5, 5.25], "texture": "#2"},
				"up": {"uv": [8.375, 5, 8.5, 5.25], "texture": "#2"},
				"down": {"uv": [8.5, 4.75, 8.75, 5], "texture": "#2"}
			}
		},
		{
			"name": "Coin",
			"from": [8, 17, 5],
			"to": [9, 17.3, 6],
			"rotation": {"angle": -22.5, "axis": "y", "origin": [0, 0, 0]},
			"faces": {
				"north": {"uv": [8.25, 4.75, 8.5, 5], "texture": "#2"},
				"east": {"uv": [8.25, 4.75, 8.5, 5], "texture": "#2"},
				"south": {"uv": [8.25, 4.75, 8.5, 5], "texture": "#2"},
				"west": {"uv": [8.25, 4.75, 8.5, 5], "texture": "#2"},
				"up": {"uv": [8.625, 5, 8.75, 5.25], "texture": "#2"},
				"down": {"uv": [8.5, 4.75, 8.75, 5.25], "texture": "#2"}
			}
		},
		{
			"name": "Coin",
			"from": [10, 17, 0],
			"to": [11, 17.3, 1],
			"rotation": {"angle": -45, "axis": "y", "origin": [0, 0, 0]},
			"faces": {
				"north": {"uv": [8.25, 4.75, 8.5, 5], "texture": "#2"},
				"east": {"uv": [8.25, 4.75, 8.5, 5], "texture": "#2"},
				"south": {"uv": [8.25, 4.75, 8.5, 5], "texture": "#2"},
				"west": {"uv": [8.25, 4.75, 8.5, 5], "texture": "#2"},
				"up": {"uv": [8.625, 5, 8.75, 5.25], "texture": "#2"},
				"down": {"uv": [8.5, 4.75, 8.75, 5.25], "texture": "#2"}
			}
		},
		{
			"name": "Book",
			"from": [26, 12, 6],
			"to": [27, 17, 10],
			"rotation": {"angle": -22.5, "axis": "z", "origin": [0, 0, 0]},
			"faces": {
				"north": {"uv": [6.875, 4.5, 7.25, 6.25], "texture": "#2"},
				"east": {"uv": [6.25, 4.5, 6.75, 5.75], "texture": "#2"},
				"south": {"uv": [6.75, 4.5, 6.875, 5.75], "texture": "#2"},
				"west": {"uv": [6.25, 4.5, 6.75, 5.75], "texture": "#2"},
				"up": {"uv": [6.875, 4.5, 7.125, 6.25], "texture": "#2"},
				"down": {"uv": [6.875, 4.5, 7.375, 6.25], "texture": "#2"}
			}
		},
		{
			"name": "Finance Paper",
			"from": [23, 17, -8],
			"to": [31, 17.2, 0],
			"rotation": {"angle": -22.5, "axis": "y", "origin": [0, 4, 0]},
			"faces": {
				"north": {"uv": [6.875, 4.5, 7.75, 5], "texture": "#2"},
				"east": {"uv": [6.875, 4.5, 7.75, 5], "texture": "#2"},
				"south": {"uv": [6.875, 4.5, 7.75, 5], "texture": "#2"},
				"west": {"uv": [6.875, 4.5, 7.875, 5.5], "texture": "#2"},
				"up": {"uv": [6.875, 4.5, 7.75, 6.25], "texture": "#2"},
				"down": {"uv": [0, 0, 8, 16], "texture": "#2"}
			}
		},
		{
			"name": "SmallSafe",
			"from": [2, 9, 5],
			"to": [6, 14, 12],
			"faces": {
				"north": {"uv": [3.625, 9, 4.125, 10.25], "texture": "#2"},
				"east": {"uv": [4.125, 9, 5, 10.25], "texture": "#2"},
				"south": {"uv": [3.625, 9, 4.125, 10.25], "texture": "#2"},
				"west": {"uv": [4.125, 9, 5, 10.25], "texture": "#2"},
				"up": {"uv": [3.625, 10.25, 4.125, 12], "texture": "#2"},
				"down": {"uv": [3.625, 10.25, 4.125, 12], "texture": "#2"}
			}
		},
		{
			"name": "Shelf",
			"from": [1, 8, 1],
			"to": [31, 9, 13],
			"faces": {
				"north": {"uv": [0, 0, 16, 2], "texture": "#2"},
				"east": {"uv": [0, 0, 12, 2], "texture": "#2"},
				"south": {"uv": [0, 4.5, 3.875, 5], "texture": "#2"},
				"west": {"uv": [0, 0, 12, 2], "texture": "#2"},
				"up": {"uv": [0, 9, 3.625, 12], "texture": "#2"},
				"down": {"uv": [0, 9, 3.625, 12], "texture": "#2"}
			}
		},
		{
			"name": "Desk",
			"from": [0, 16, 0],
			"to": [32, 17, 18],
			"faces": {
				"north": {"uv": [0, 4.5, 4, 5], "texture": "#2"},
				"east": {"uv": [4, 7, 6.25, 8], "texture": "#2"},
				"south": {"uv": [0, 4.5, 4, 5], "texture": "#2"},
				"west": {"uv": [4, 0, 6.25, 1], "texture": "#2"},
				"up": {"uv": [0, 0, 4, 4.5], "texture": "#2"},
				"down": {"uv": [6.25, 0, 10.25, 4.5], "texture": "#2"}
			}
		},
		{
			"name": "BackPanel",
			"from": [0, 0, 0],
			"to": [32, 16, 1],
			"faces": {
				"north": {"uv": [0, 0, 4, 4.5], "texture": "#2"},
				"east": {"uv": [0, 4.5, 0.25, 9], "texture": "#2"},
				"south": {"uv": [0, 0, 3.875, 4.25], "texture": "#2"},
				"west": {"uv": [0, 4.5, 0.25, 9], "texture": "#2"},
				"up": {"uv": [0, 0, 16, 2], "texture": "#2"},
				"down": {"uv": [0, 4.5, 3.75, 4.75], "texture": "#2"}
			}
		},
		{
			"name": "SidePanelRight",
			"from": [31, 1, 1],
			"to": [32, 16, 16],
			"faces": {
				"north": {"uv": [0, 0, 1, 30], "texture": "#2"},
				"east": {"uv": [0.125, 0, 3.875, 4.5], "texture": "#2"},
				"south": {"uv": [0, 4.5, 0.125, 9], "texture": "#2"},
				"west": {"uv": [0.125, 0, 3.875, 4.5], "texture": "#2"},
				"up": {"uv": [0, 0, 1, 30], "texture": "#2"},
				"down": {"uv": [0, 0, 1, 30], "texture": "#2"}
			}
		},
		{
			"name": "SidePanelLeft",
			"from": [0, 1, 1],
			"to": [1, 16, 16],
			"faces": {
				"north": {"uv": [0, 0, 1, 30], "texture": "#2"},
				"east": {"uv": [0.125, 0, 3.875, 4.5], "texture": "#2"},
				"south": {"uv": [0, 4.5, 0.25, 9], "texture": "#2"},
				"west": {"uv": [0.125, 0, 3.875, 4.5], "texture": "#2"},
				"up": {"uv": [0, 0, 1, 30], "texture": "#2"},
				"down": {"uv": [0, 0, 1, 30], "texture": "#2"}
			}
		},
		{
			"name": "BottomPanel",
			"from": [0, 0, 1],
			"to": [32, 1, 16],
			"faces": {
				"north": {"uv": [0, 0, 16, 2], "texture": "#2"},
				"east": {"uv": [4, 0, 6.25, 0.75], "texture": "#2"},
				"south": {"uv": [0, 4.5, 4, 5.25], "texture": "#2"},
				"west": {"uv": [4, 4.75, 6.25, 6.75], "texture": "#2"},
				"up": {"uv": [0, 0, 4, 4.5], "texture": "#2"},
				"down": {"uv": [6.25, 0, 10.25, 4.5], "texture": "#2"}
			}
		},
		{
			"name": "Leg",
			"from": [0, -2, 14],
			"to": [2, 0, 16],
			"faces": {
				"north": {"uv": [4, 8, 4.25, 8.5], "texture": "#2"},
				"east": {"uv": [4, 8, 4.25, 8.5], "texture": "#2"},
				"south": {"uv": [4, 8, 4.25, 8.5], "texture": "#2"},
				"west": {"uv": [4, 8, 4.25, 8.5], "texture": "#2"},
				"up": {"uv": [0, 0, 2, 4], "texture": "#2"},
				"down": {"uv": [4, 8, 4.25, 8.5], "texture": "#2"}
			}
		},
		{
			"name": "Leg",
			"from": [30, -2, 14],
			"to": [32, 0, 16],
			"faces": {
				"north": {"uv": [4, 8, 4.25, 8.5], "texture": "#2"},
				"east": {"uv": [4, 8, 4.25, 8.5], "texture": "#2"},
				"south": {"uv": [4, 8, 4.25, 8.5], "texture": "#2"},
				"west": {"uv": [4, 8, 4.25, 8.5], "texture": "#2"},
				"up": {"uv": [0, 0, 2, 4], "texture": "#2"},
				"down": {"uv": [4, 8, 4.25, 8.5], "texture": "#2"}
			}
		},
		{
			"name": "Leg",
			"from": [30, -2, 0],
			"to": [32, 0, 2],
			"faces": {
				"north": {"uv": [4, 8, 4.25, 8.5], "texture": "#2"},
				"east": {"uv": [4, 8, 4.25, 8.5], "texture": "#2"},
				"south": {"uv": [4, 8, 4.25, 8.5], "texture": "#2"},
				"west": {"uv": [4, 8, 4.25, 8.5], "texture": "#2"},
				"up": {"uv": [0, 0, 2, 4], "texture": "#2"},
				"down": {"uv": [4, 8, 4.25, 8.5], "texture": "#2"}
			}
		},
		{
			"name": "Leg",
			"from": [0, -2, 0],
			"to": [2, 0, 2],
			"faces": {
				"north": {"uv": [4, 8, 4.25, 8.5], "texture": "#2"},
				"east": {"uv": [4, 8, 4.25, 8.5], "texture": "#2"},
				"south": {"uv": [4, 8, 4.25, 8.5], "texture": "#2"},
				"west": {"uv": [4, 8, 4.25, 8.5], "texture": "#2"},
				"up": {"uv": [0, 0, 2, 4], "texture": "#2"},
				"down": {"uv": [4, 8, 4.25, 8.5], "texture": "#2"}
			}
		},
		{
			"from": [2, -2, 14],
			"to": [30, 0, 15],
			"faces": {
				"north": {"uv": [0, 12, 3.625, 13], "texture": "#2"},
				"east": {"uv": [0, 0, 1, 4], "texture": "#2"},
				"south": {"uv": [0, 12, 3.625, 13], "texture": "#2"},
				"west": {"uv": [0, 0, 1, 4], "texture": "#2"},
				"up": {"uv": [0, 0, 16, 2], "texture": "#2"},
				"down": {"uv": [0, 12, 3.5, 13], "texture": "#2"}
			}
		},
		{
			"from": [2, -2, 1],
			"to": [30, 0, 2],
			"faces": {
				"north": {"uv": [0, 12, 3.625, 13], "texture": "#2"},
				"east": {"uv": [0, 0, 1, 4], "texture": "#2"},
				"south": {"uv": [0, 12, 3.625, 13], "texture": "#2"},
				"west": {"uv": [0, 0, 1, 4], "texture": "#2"},
				"up": {"uv": [0, 0, 16, 2], "texture": "#2"},
				"down": {"uv": [0, 12, 3.5, 13], "texture": "#2"}
			}
		},
		{
			"from": [1, -2, 2],
			"to": [2, 0, 14],
			"faces": {
				"north": {"uv": [0, 0, 1, 4], "texture": "#2"},
				"east": {"uv": [1.125, 12, 2.875, 13], "texture": "#2"},
				"south": {"uv": [0, 0, 1, 4], "texture": "#2"},
				"west": {"uv": [1.5, 12, 3.625, 13], "texture": "#2"},
				"up": {"uv": [0, 0, 1, 24], "texture": "#2"},
				"down": {"uv": [1.375, 10.5, 2, 11.5], "texture": "#2"}
			}
		},
		{
			"from": [30, -2, 2],
			"to": [31, 0, 14],
			"faces": {
				"north": {"uv": [0, 0, 1, 4], "texture": "#2"},
				"east": {"uv": [1.125, 12, 2.875, 13], "texture": "#2"},
				"south": {"uv": [0, 0, 1, 4], "texture": "#2"},
				"west": {"uv": [1.5, 12, 3.625, 13], "texture": "#2"},
				"up": {"uv": [0, 0, 1, 24], "texture": "#2"},
				"down": {"uv": [4, 8, 4.25, 8.5], "texture": "#2"}
			}
		}
	],
	"display": {
		"thirdperson_righthand": {
			"rotation": [0, 0, -90],
			"translation": [0.25, 2.25, 0.75],
			"scale": [0.5, 0.5, 0.5]
		},
		"thirdperson_lefthand": {
			"rotation": [0, 0, -90],
			"translation": [0, -6.25, 0.75],
			"scale": [0.5, 0.5, 0.5]
		},
		"firstperson_righthand": {
			"rotation": [-23, 64, 30],
			"translation": [-24.5, -1.5, -7.75],
			"scale": [0.5, 0.5, 0.5]
		},
		"firstperson_lefthand": {
			"rotation": [-23, 64, 30],
			"translation": [-24.5, -1.5, -7.75],
			"scale": [0.5, 0.5, 0.5]
		},
		"ground": {
			"translation": [0, 6, 0]
		},
		"gui": {
			"rotation": [17, -23, 0],
			"translation": [-3.5, 0, 0],
			"scale": [0.4, 0.4, 0.4]
		},
		"fixed": {
			"rotation": [-90, 0, 0],
			"translation": [0, 0.75, -19],
			"scale": [2, 2, 2]
		}
	},
	"groups": [
		{
			"name": "DetailItems",
			"origin": [8, 8, 8],
			"children": [0, 1, 2, 3, 4, 5]
		},
		{
			"name": "CounterBase",
			"origin": [8, 8, 8],
			"children": [6, 7, 8, 9, 10, 11, 12, 13, 14, 15, 16, 17, 18, 19]
		}
	]
}