{
	"__comment": "Designed by Pashjn with Cubik Studio - https://cubik.studio",
	"textures": {
		"particle": "block/jukebox",
		"texture": "block/jukebox",
		"voxels_atlas": "block/jukebox"
	},
	"elements": [ 	 
		{
			"__comment": "Voxels",
			"from": [ 3.5, 1, 0.5 ],
			"to": [ 5.5, 2.5, 2.5 ],
			"faces": {
				"down": { "uv": [ 4.75, 4, 5.25, 4.5 ], "texture": "#voxels_atlas" },
				"up": { "uv": [ 4.75, 2.125, 5.25, 1.625 ], "texture": "#voxels_atlas" },
				"north": { "uv": [ 8.75, 1.75, 8.25, 2.125 ], "texture": "#voxels_atlas" },
				"south": { "uv": [ 8.25, 2.125, 8.75, 2.5 ], "texture": "#voxels_atlas" },
				"west": { "uv": [ 8, 1, 8.5, 1.375 ], "texture": "#voxels_atlas" },
				"east": { "uv": [ 8.75, 2.875, 8.25, 3.25 ], "texture": "#voxels_atlas" }
			}
		},
		{
			"__comment": "Voxels",
			"from": [ 3.5, 1, 10 ],
			"to": [ 15.5, 2.5, 11.5 ],
			"faces": {
				"down": { "uv": [ 5.5, 13.5, 8.5, 13.875 ], "texture": "#voxels_atlas" },
				"up": { "uv": [ 0, 0.375, 3, 0 ], "texture": "#voxels_atlas" },
				"north": { "uv": [ 11.5, 13.5, 8.5, 13.875 ], "texture": "#voxels_atlas" },
				"south": { "uv": [ 11.5, 13.5, 14.5, 13.875 ], "texture": "#voxels_atlas" },
				"west": { "uv": [ 4.875, 0.125, 5.25, 0.5 ], "texture": "#voxels_atlas" },
				"east": { "uv": [ 8.875, 1.375, 8.5, 1.75 ], "texture": "#voxels_atlas" }
			}
		},
		{
			"__comment": "Voxels",
			"from": [ 3.5, 1, 11.5 ],
			"to": [ 5.5, 2.5, 12 ],
			"faces": {
				"down": { "uv": [ 14.875, 4, 15.375, 4.125 ], "texture": "#voxels_atlas" },
				"up": { "uv": [ 15.375, 4, 15.875, 3.875 ], "texture": "#voxels_atlas" },
				"north": { "uv": [ 8.875, 3.75, 8.375, 4.125 ], "texture": "#voxels_atlas" },
				"south": { "uv": [ 8.375, 4.125, 8.875, 4.5 ], "texture": "#voxels_atlas" },
				"west": { "uv": [ 15.875, 12, 16, 12.375 ], "texture": "#voxels_atlas" },
				"east": { "uv": [ 8.875, 2.875, 8.75, 3.25 ], "texture": "#voxels_atlas" }
			}
		},
		{
			"__comment": "Voxels",
			"from": [ 3.5, 2.5, 1 ],
			"to": [ 7, 9.5, 2 ],
			"faces": {
				"down": { "uv": [ 8, 4.875, 8.875, 5.125 ], "texture": "#voxels_atlas" },
				"up": { "uv": [ 14.875, 7.5, 15.75, 7.25 ], "texture": "#voxels_atlas" },
				"north": { "uv": [ 14.875, 9.5, 14, 11.25 ], "texture": "#voxels_atlas" },
				"south": { "uv": [ 14.5, 14.25, 15.375, 16 ], "texture": "#voxels_atlas" },
				"west": { "uv": [ 15.625, 14.25, 15.875, 16 ], "texture": "#voxels_atlas" },
				"east": { "uv": [ 15.625, 14.25, 15.375, 16 ], "texture": "#voxels_atlas" }
			}
		},
		{
			"__comment": "Voxels",
			"from": [ 3.5, 2.5, 10.5 ],
			"to": [ 15.5, 9, 11.5 ],
			"faces": {
				"down": { "uv": [ 11, 9.375, 14, 9.625 ], "texture": "#voxels_atlas" },
				"up": { "uv": [ 8, 9.625, 11, 9.375 ], "texture": "#voxels_atlas" },
				"north": { "uv": [ 11, 9.625, 8, 11.25 ], "texture": "#voxels_atlas" },
				"south": { "uv": [ 11, 9.625, 14, 11.25 ], "texture": "#voxels_atlas" },
				"west": { "uv": [ 2.75, 5.375, 3, 7 ], "texture": "#voxels_atlas" },
				"east": { "uv": [ 3, 3.125, 2.75, 4.75 ], "texture": "#voxels_atlas" }
			}
		},
		{
			"__comment": "Voxels",
			"from": [ 3.5, 6.5, 0.5 ],
			"to": [ 5.5, 7, 1 ],
			"faces": {
				"down": { "uv": [ 10.875, 2.625, 11.375, 2.75 ], "texture": "#voxels_atlas" },
				"up": { "uv": [ 11.625, 2.375, 12.125, 2.25 ], "texture": "#voxels_atlas" },
				"north": { "uv": [ 10.875, 2.125, 10.375, 2.25 ], "texture": "#voxels_atlas" },
				"south": { "uv": [ 4.75, 1.5, 5.25, 1.625 ], "texture": "#voxels_atlas" },
				"west": { "uv": [ 12, 3.125, 12.125, 3.25 ], "texture": "#voxels_atlas" },
				"east": { "uv": [ 12.125, 2, 12, 2.125 ], "texture": "#voxels_atlas" }
			}
		},
		{
			"__comment": "Voxels",
			"from": [ 3.5, 6.5, 2 ],
			"to": [ 15.5, 7, 10.5 ],
			"faces": {
				"down": { "uv": [ 8.5, 13.875, 11.5, 16 ], "texture": "#voxels_atlas" },
				"up": { "uv": [ 5.5, 16, 8.5, 13.875 ], "texture": "#voxels_atlas" },
				"north": { "uv": [ 13.375, 5.625, 10.375, 5.75 ], "texture": "#voxels_atlas" },
				"south": { "uv": [ 8.875, 5.5, 11.875, 5.625 ], "texture": "#voxels_atlas" },
				"west": { "uv": [ 10.125, 4.625, 12.25, 4.75 ], "texture": "#voxels_atlas" },
				"east": { "uv": [ 14.375, 4.125, 12.25, 4.25 ], "texture": "#voxels_atlas" }
			}
		},
		{
			"__comment": "Voxels",
			"from": [ 3.5, 6.5, 11.5 ],
			"to": [ 15.5, 7, 12 ],
			"faces": {
				"down": { "uv": [ 10.375, 5.75, 13.375, 5.875 ], "texture": "#voxels_atlas" },
				"up": { "uv": [ 5.5, 13.5, 8.5, 13.375 ], "texture": "#voxels_atlas" },
				"north": { "uv": [ 11.5, 13.375, 8.5, 13.5 ], "texture": "#voxels_atlas" },
				"south": { "uv": [ 11.5, 13.375, 14.5, 13.5 ], "texture": "#voxels_atlas" },
				"west": { "uv": [ 10.125, 0, 10.25, 0.125 ], "texture": "#voxels_atlas" },
				"east": { "uv": [ 12.125, 1.75, 12, 1.875 ], "texture": "#voxels_atlas" }
			}
		},
		{
			"__comment": "Voxels",
			"from": [ 3.5, 7.5, 0.5 ],
			"to": [ 5.5, 8, 1 ],
			"faces": {
				"down": { "uv": [ 9.625, 1.5, 10.125, 1.625 ], "texture": "#voxels_atlas" },
				"up": { "uv": [ 9.625, 1.5, 10.125, 1.375 ], "texture": "#voxels_atlas" },
				"north": { "uv": [ 10.125, 1.25, 9.625, 1.375 ], "texture": "#voxels_atlas" },
				"south": { "uv": [ 9.625, 0.375, 10.125, 0.5 ], "texture": "#voxels_atlas" },
				"west": { "uv": [ 10.625, 1, 10.75, 1.125 ], "texture": "#voxels_atlas" },
				"east": { "uv": [ 10.75, 0.875, 10.625, 1 ], "texture": "#voxels_atlas" }
			}
		},
		{
			"__comment": "Voxels",
			"from": [ 3.5, 7.5, 2 ],
			"to": [ 15.5, 8, 10.5 ],
			"faces": {
				"down": { "uv": [ 0, 9.125, 3, 11.25 ], "texture": "#voxels_atlas" },
				"up": { "uv": [ 0, 13.375, 3, 11.25 ], "texture": "#voxels_atlas" },
				"north": { "uv": [ 13.625, 6.625, 10.625, 6.75 ], "texture": "#voxels_atlas" },
				"south": { "uv": [ 10.625, 6.5, 13.625, 6.625 ], "texture": "#voxels_atlas" },
				"west": { "uv": [ 12.25, 4, 14.375, 4.125 ], "texture": "#voxels_atlas" },
				"east": { "uv": [ 12.25, 4, 10.125, 4.125 ], "texture": "#voxels_atlas" }
			}
		},
		{
			"__comment": "Voxels",
			"from": [ 3.5, 7.5, 11.5 ],
			"to": [ 15.5, 8, 12 ],
			"faces": {
				"down": { "uv": [ 8.875, 6.375, 11.875, 6.5 ], "texture": "#voxels_atlas" },
				"up": { "uv": [ 11.875, 6.5, 14.875, 6.375 ], "texture": "#voxels_atlas" },
				"north": { "uv": [ 11.875, 6.25, 8.875, 6.375 ], "texture": "#voxels_atlas" },
				"south": { "uv": [ 11.875, 6.25, 14.875, 6.375 ], "texture": "#voxels_atlas" },
				"west": { "uv": [ 10.625, 0.5, 10.75, 0.625 ], "texture": "#voxels_atlas" },
				"east": { "uv": [ 10.75, 0.375, 10.625, 0.5 ], "texture": "#voxels_atlas" }
			}
		},
		{
			"__comment": "Voxels",
			"from": [ 3.5, 8.5, 0.5 ],
			"to": [ 5.5, 9, 1 ],
			"faces": {
				"down": { "uv": [ 9.625, 1.125, 10.125, 1.25 ], "texture": "#voxels_atlas" },
				"up": { "uv": [ 9.625, 1.125, 10.125, 1 ], "texture": "#voxels_atlas" },
				"north": { "uv": [ 10.125, 0.875, 9.625, 1 ], "texture": "#voxels_atlas" },
				"south": { "uv": [ 15.375, 4, 15.875, 4.125 ], "texture": "#voxels_atlas" },
				"west": { "uv": [ 11.5, 0.875, 11.625, 1 ], "texture": "#voxels_atlas" },
				"east": { "uv": [ 11.75, 0.875, 11.625, 1 ], "texture": "#voxels_atlas" }
			}
		},
		{
			"__comment": "Voxels",
			"from": [ 3.5, 8.5, 2 ],
			"to": [ 15.5, 9, 10.5 ],
			"faces": {
				"down": { "uv": [ 0, 7, 3, 9.125 ], "texture": "#voxels_atlas" },
				"up": { "uv": [ 11.5, 16, 14.5, 13.875 ], "texture": "#voxels_atlas" },
				"north": { "uv": [ 11.875, 6.125, 8.875, 6.25 ], "texture": "#voxels_atlas" },
				"south": { "uv": [ 11.875, 6.125, 14.875, 6.25 ], "texture": "#voxels_atlas" },
				"west": { "uv": [ 5.25, 0, 7.375, 0.125 ], "texture": "#voxels_atlas" },
				"east": { "uv": [ 14.375, 4.5, 12.25, 4.625 ], "texture": "#voxels_atlas" }
			}
		},
		{
			"__comment": "Voxels",
			"from": [ 3.5, 8.5, 11.5 ],
			"to": [ 15.5, 9, 12 ],
			"faces": {
				"down": { "uv": [ 8.875, 6, 11.875, 6.125 ], "texture": "#voxels_atlas" },
				"up": { "uv": [ 11.875, 6.125, 14.875, 6 ], "texture": "#voxels_atlas" },
				"north": { "uv": [ 11.875, 5.875, 8.875, 6 ], "texture": "#voxels_atlas" },
				"south": { "uv": [ 11.875, 5.875, 14.875, 6 ], "texture": "#voxels_atlas" },
				"west": { "uv": [ 11.75, 0.875, 11.875, 1 ], "texture": "#voxels_atlas" },
				"east": { "uv": [ 12, 0.875, 11.875, 1 ], "texture": "#voxels_atlas" }
			}
		},
		{
			"__comment": "Voxels",
			"from": [ 4, 0.5, 1 ],
			"to": [ 15, 1, 11.5 ],
			"faces": {
				"down": { "uv": [ 2.75, 13.375, 5.5, 16 ], "texture": "#voxels_atlas" },
				"up": { "uv": [ 0, 16, 2.75, 13.375 ], "texture": "#voxels_atlas" },
				"north": { "uv": [ 14.375, 5.25, 11.625, 5.375 ], "texture": "#voxels_atlas" },
				"south": { "uv": [ 8.875, 5.25, 11.625, 5.375 ], "texture": "#voxels_atlas" },
				"west": { "uv": [ 13.375, 5.75, 16, 5.875 ], "texture": "#voxels_atlas" },
				"east": { "uv": [ 16, 5.625, 13.375, 5.75 ], "texture": "#voxels_atlas" }
			}
		},
		{
			"__comment": "Voxels",
			"from": [ 4, 1, 2.5 ],
			"to": [ 15, 6.5, 10 ],
			"faces": {
				"down": { "uv": [ 11.25, 11.5, 14, 13.375 ], "texture": "#voxels_atlas" },
				"up": { "uv": [ 5.25, 11.25, 8, 9.375 ], "texture": "#voxels_atlas" },
				"north": { "uv": [ 8, 8, 5.25, 9.375 ], "texture": "#voxels_atlas" },
				"south": { "uv": [ 8, 8, 10.75, 9.375 ], "texture": "#voxels_atlas" },
				"west": { "uv": [ 3, 0.125, 4.875, 1.5 ], "texture": "#voxels_atlas" },
				"east": { "uv": [ 15.875, 12, 14, 13.375 ], "texture": "#voxels_atlas" }
			}
		},
		{
			"__comment": "Voxels",
			"from": [ 4, 2.5, 0.5 ],
			"to": [ 5, 6.5, 1 ],
			"faces": {
				"down": { "uv": [ 10.25, 1.875, 10.5, 2 ], "texture": "#voxels_atlas" },
				"up": { "uv": [ 10.5, 2, 10.75, 1.875 ], "texture": "#voxels_atlas" },
				"north": { "uv": [ 5, 2.125, 4.75, 3.125 ], "texture": "#voxels_atlas" },
				"south": { "uv": [ 5, 2.125, 5.25, 3.125 ], "texture": "#voxels_atlas" },
				"west": { "uv": [ 9.75, 2.875, 9.875, 3.875 ], "texture": "#voxels_atlas" },
				"east": { "uv": [ 10, 2.875, 9.875, 3.875 ], "texture": "#voxels_atlas" }
			}
		},
		{
			"__comment": "Voxels",
			"from": [ 4, 2.5, 2 ],
			"to": [ 15, 6.5, 2.5 ],
			"faces": {
				"down": { "uv": [ 11.875, 5.5, 14.625, 5.625 ], "texture": "#voxels_atlas" },
				"up": { "uv": [ 8.875, 4.875, 11.625, 4.75 ], "texture": "#voxels_atlas" },
				"north": { "uv": [ 8, 3, 5.25, 4 ], "texture": "#voxels_atlas" },
				"south": { "uv": [ 5.25, 7, 8, 8 ], "texture": "#voxels_atlas" },
				"west": { "uv": [ 10, 2.875, 10.125, 3.875 ], "texture": "#voxels_atlas" },
				"east": { "uv": [ 9.125, 2.875, 9, 3.875 ], "texture": "#voxels_atlas" }
			}
		},
		{
			"__comment": "Voxels",
			"from": [ 4, 2.5, 10 ],
			"to": [ 15, 6.5, 10.5 ],
			"faces": {
				"down": { "uv": [ 11.625, 5.125, 14.375, 5.25 ], "texture": "#voxels_atlas" },
				"up": { "uv": [ 8.875, 5.125, 11.625, 5 ], "texture": "#voxels_atlas" },
				"north": { "uv": [ 8, 4, 5.25, 5 ], "texture": "#voxels_atlas" },
				"south": { "uv": [ 5.25, 5, 8, 6 ], "texture": "#voxels_atlas" },
				"west": { "uv": [ 15.875, 12.375, 16, 13.375 ], "texture": "#voxels_atlas" },
				"east": { "uv": [ 5.25, 5.5, 5.125, 6.5 ], "texture": "#voxels_atlas" }
			}
		},
		{
			"__comment": "Voxels",
			"from": [ 4, 2.5, 11.5 ],
			"to": [ 5, 6.5, 12 ],
			"faces": {
				"down": { "uv": [ 10.75, 1.875, 11, 2 ], "texture": "#voxels_atlas" },
				"up": { "uv": [ 11, 2, 11.25, 1.875 ], "texture": "#voxels_atlas" },
				"north": { "uv": [ 5.125, 0.5, 4.875, 1.5 ], "texture": "#voxels_atlas" },
				"south": { "uv": [ 15.75, 10.25, 16, 11.25 ], "texture": "#voxels_atlas" },
				"west": { "uv": [ 5.125, 4.5, 5.25, 5.5 ], "texture": "#voxels_atlas" },
				"east": { "uv": [ 5.25, 0.5, 5.125, 1.5 ], "texture": "#voxels_atlas" }
			}
		},
		{
			"__comment": "Voxels",
			"from": [ 4, 7, 0.5 ],
			"to": [ 5, 7.5, 1 ],
			"faces": {
				"down": { "uv": [ 11.25, 1.875, 11.5, 2 ], "texture": "#voxels_atlas" },
				"up": { "uv": [ 11.5, 2, 11.75, 1.875 ], "texture": "#voxels_atlas" },
				"north": { "uv": [ 12, 1.875, 11.75, 2 ], "texture": "#voxels_atlas" },
				"south": { "uv": [ 10.25, 1.75, 10.5, 1.875 ], "texture": "#voxels_atlas" },
				"west": { "uv": [ 11, 0.625, 11.125, 0.75 ], "texture": "#voxels_atlas" },
				"east": { "uv": [ 11.375, 0.375, 11.25, 0.5 ], "texture": "#voxels_atlas" }
			}
		},
		{
			"__comment": "Voxels",
			"from": [ 4, 7, 2 ],
			"to": [ 15, 7.5, 10.5 ],
			"faces": {
				"down": { "uv": [ 5.75, 11.25, 8.5, 13.375 ], "texture": "#voxels_atlas" },
				"up": { "uv": [ 8.5, 13.375, 11.25, 11.25 ], "texture": "#voxels_atlas" },
				"north": { "uv": [ 11.625, 5.125, 8.875, 5.25 ], "texture": "#voxels_atlas" },
				"south": { "uv": [ 11.625, 5, 14.375, 5.125 ], "texture": "#voxels_atlas" },
				"west": { "uv": [ 12.25, 4.625, 14.375, 4.75 ], "texture": "#voxels_atlas" },
				"east": { "uv": [ 12.25, 4.125, 10.125, 4.25 ], "texture": "#voxels_atlas" }
			}
		},
		{
			"__comment": "Voxels",
			"from": [ 4, 7, 11.5 ],
			"to": [ 5, 7.5, 12 ],
			"faces": {
				"down": { "uv": [ 10.5, 1.75, 10.75, 1.875 ], "texture": "#voxels_atlas" },
				"up": { "uv": [ 10.75, 1.875, 11, 1.75 ], "texture": "#voxels_atlas" },
				"north": { "uv": [ 11.25, 1.75, 11, 1.875 ], "texture": "#voxels_atlas" },
				"south": { "uv": [ 11.25, 1.75, 11.5, 1.875 ], "texture": "#voxels_atlas" },
				"west": { "uv": [ 11, 0.25, 11.125, 0.375 ], "texture": "#voxels_atlas" },
				"east": { "uv": [ 11.5, 0, 11.375, 0.125 ], "texture": "#voxels_atlas" }
			}
		},
		{
			"__comment": "Voxels",
			"from": [ 4, 8, 0.5 ],
			"to": [ 5, 8.5, 1 ],
			"faces": {
				"down": { "uv": [ 11.75, 1.75, 12, 1.875 ], "texture": "#voxels_atlas" },
				"up": { "uv": [ 10.375, 1.75, 10.625, 1.625 ], "texture": "#voxels_atlas" },
				"north": { "uv": [ 10.875, 1.625, 10.625, 1.75 ], "texture": "#voxels_atlas" },
				"south": { "uv": [ 10.875, 1.625, 11.125, 1.75 ], "texture": "#voxels_atlas" },
				"west": { "uv": [ 11.125, 0.5, 11.25, 0.625 ], "texture": "#voxels_atlas" },
				"east": { "uv": [ 11.25, 0, 11.125, 0.125 ], "texture": "#voxels_atlas" }
			}
		},
		{
			"__comment": "Voxels",
			"from": [ 4, 8, 2 ],
			"to": [ 15, 8.5, 10.5 ],
			"faces": {
				"down": { "uv": [ 3, 11.25, 5.75, 13.375 ], "texture": "#voxels_atlas" },
				"up": { "uv": [ 0, 2.5, 2.75, 0.375 ], "texture": "#voxels_atlas" },
				"north": { "uv": [ 11.625, 5.375, 8.875, 5.5 ], "texture": "#voxels_atlas" },
				"south": { "uv": [ 8.875, 4.875, 11.625, 5 ], "texture": "#voxels_atlas" },
				"west": { "uv": [ 10.125, 4.5, 12.25, 4.625 ], "texture": "#voxels_atlas" },
				"east": { "uv": [ 15.875, 4.75, 13.75, 4.875 ], "texture": "#voxels_atlas" }
			}
		},
		{
			"__comment": "Voxels",
			"from": [ 4, 8, 11.5 ],
			"to": [ 5, 8.5, 12 ],
			"faces": {
				"down": { "uv": [ 11.125, 1.625, 11.375, 1.75 ], "texture": "#voxels_atlas" },
				"up": { "uv": [ 11.375, 1.75, 11.625, 1.625 ], "texture": "#voxels_atlas" },
				"north": { "uv": [ 11.875, 1.625, 11.625, 1.75 ], "texture": "#voxels_atlas" },
				"south": { "uv": [ 10.75, 1.125, 11, 1.25 ], "texture": "#voxels_atlas" },
				"west": { "uv": [ 11.5, 0.125, 11.625, 0.25 ], "texture": "#voxels_atlas" },
				"east": { "uv": [ 11.875, 0.5, 11.75, 0.625 ], "texture": "#voxels_atlas" }
			}
		},
		{
			"__comment": "Voxels",
			"from": [ 4, 9, 0.5 ],
			"to": [ 5, 9.5, 1 ],
			"faces": {
				"down": { "uv": [ 11.25, 1.25, 11.5, 1.375 ], "texture": "#voxels_atlas" },
				"up": { "uv": [ 11, 1.375, 11.25, 1.25 ], "texture": "#voxels_atlas" },
				"north": { "uv": [ 11, 1.25, 10.75, 1.375 ], "texture": "#voxels_atlas" },
				"south": { "uv": [ 11.375, 1.375, 11.625, 1.5 ], "texture": "#voxels_atlas" },
				"west": { "uv": [ 11.375, 0.5, 11.5, 0.625 ], "texture": "#voxels_atlas" },
				"east": { "uv": [ 11.375, 0, 11.25, 0.125 ], "texture": "#voxels_atlas" }
			}
		},
		{
			"__comment": "Voxels",
			"from": [ 4, 9, 2 ],
			"to": [ 15, 13, 11 ],
			"faces": {
				"down": { "uv": [ 0, 2.5, 2.75, 4.75 ], "texture": "#voxels_atlas" },
				"up": { "uv": [ 0, 7, 2.75, 4.75 ], "texture": "#voxels_atlas" },
				"north": { "uv": [ 13.5, 8.375, 10.75, 9.375 ], "texture": "#voxels_atlas" },
				"south": { "uv": [ 5.25, 6, 8, 7 ], "texture": "#voxels_atlas" },
				"west": { "uv": [ 13.5, 8.375, 15.75, 9.375 ], "texture": "#voxels_atlas" },
				"east": { "uv": [ 7.5, 2, 5.25, 3 ], "texture": "#voxels_atlas" }
			}
		},
		{
			"__comment": "Voxels",
			"from": [ 4, 9, 11 ],
			"to": [ 5.5, 13, 11.5 ],
			"faces": {
				"down": { "uv": [ 15.625, 4.25, 16, 4.375 ], "texture": "#voxels_atlas" },
				"up": { "uv": [ 11.125, 2.125, 11.5, 2 ], "texture": "#voxels_atlas" },
				"north": { "uv": [ 5.125, 4.5, 4.75, 5.5 ], "texture": "#voxels_atlas" },
				"south": { "uv": [ 4.75, 5.5, 5.125, 6.5 ], "texture": "#voxels_atlas" },
				"west": { "uv": [ 9.25, 2.875, 9.375, 3.875 ], "texture": "#voxels_atlas" },
				"east": { "uv": [ 9.25, 2.875, 9.125, 3.875 ], "texture": "#voxels_atlas" }
			}
		},
		{
			"__comment": "Voxels",
			"from": [ 4, 9.5, 1 ],
			"to": [ 6.5, 10, 2 ],
			"faces": {
				"down": { "uv": [ 8, 0.75, 8.625, 1 ], "texture": "#voxels_atlas" },
				"up": { "uv": [ 8, 0.75, 8.625, 0.5 ], "texture": "#voxels_atlas" },
				"north": { "uv": [ 15, 4.25, 14.375, 4.375 ], "texture": "#voxels_atlas" },
				"south": { "uv": [ 15, 4.25, 15.625, 4.375 ], "texture": "#voxels_atlas" },
				"west": { "uv": [ 10.875, 1.375, 11.125, 1.5 ], "texture": "#voxels_atlas" },
				"east": { "uv": [ 10.875, 1.375, 10.625, 1.5 ], "texture": "#voxels_atlas" }
			}
		},
		{
			"__comment": "Voxels",
			"from": [ 4, 10, 1.5 ],
			"to": [ 15, 13, 2 ],
			"faces": {
				"down": { "uv": [ 11.625, 4.875, 14.375, 5 ], "texture": "#voxels_atlas" },
				"up": { "uv": [ 11.625, 5.5, 14.375, 5.375 ], "texture": "#voxels_atlas" },
				"north": { "uv": [ 8, 0.5, 5.25, 1.25 ], "texture": "#voxels_atlas" },
				"south": { "uv": [ 5.25, 1.25, 8, 2 ], "texture": "#voxels_atlas" },
				"west": { "uv": [ 8.875, 2.125, 9, 2.875 ], "texture": "#voxels_atlas" },
				"east": { "uv": [ 9.125, 2.125, 9, 2.875 ], "texture": "#voxels_atlas" }
			}
		},
		{
			"__comment": "Voxels",
			"from": [ 4.5, -1, 1.5 ],
			"to": [ 5.5, 0.5, 2.5 ],
			"faces": {
				"down": { "uv": [ 15.75, 7, 16, 7.25 ], "texture": "#voxels_atlas" },
				"up": { "uv": [ 9.875, 4.125, 10.125, 3.875 ], "texture": "#voxels_atlas" },
				"north": { "uv": [ 13.5, 8, 13.25, 8.375 ], "texture": "#voxels_atlas" },
				"south": { "uv": [ 7.75, 2, 8, 2.375 ], "texture": "#voxels_atlas" },
				"west": { "uv": [ 7.75, 0.125, 8, 0.5 ], "texture": "#voxels_atlas" },
				"east": { "uv": [ 8.625, 0.125, 8.375, 0.5 ], "texture": "#voxels_atlas" }
			}
		},
		{
			"__comment": "Voxels",
			"from": [ 4.5, -1, 10 ],
			"to": [ 5.5, 0.5, 11 ],
			"faces": {
				"down": { "uv": [ 11.375, 2.25, 11.625, 2.5 ], "texture": "#voxels_atlas" },
				"up": { "uv": [ 10.125, 2.25, 10.375, 2 ], "texture": "#voxels_atlas" },
				"north": { "uv": [ 8.875, 0.125, 8.625, 0.5 ], "texture": "#voxels_atlas" },
				"south": { "uv": [ 9.375, 2.5, 9.625, 2.875 ], "texture": "#voxels_atlas" },
				"west": { "uv": [ 9.375, 2.125, 9.625, 2.5 ], "texture": "#voxels_atlas" },
				"east": { "uv": [ 9.875, 1.75, 9.625, 2.125 ], "texture": "#voxels_atlas" }
			}
		},
		{
			"__comment": "Voxels",
			"from": [ 4.5, 10, 1 ],
			"to": [ 6, 12.5, 1.5 ],
			"faces": {
				"down": { "uv": [ 11.625, 2.125, 12, 2.25 ], "texture": "#voxels_atlas" },
				"up": { "uv": [ 11.625, 2.125, 12, 2 ], "texture": "#voxels_atlas" },
				"north": { "uv": [ 8.75, 5.125, 8.375, 5.75 ], "texture": "#voxels_atlas" },
				"south": { "uv": [ 8, 5.125, 8.375, 5.75 ], "texture": "#voxels_atlas" },
				"west": { "uv": [ 10.375, 2.25, 10.5, 2.875 ], "texture": "#voxels_atlas" },
				"east": { "uv": [ 8.875, 5.125, 8.75, 5.75 ], "texture": "#voxels_atlas" }
			}
		},
		{
			"__comment": "Voxels",
			"from": [ 5, 9.5, 0.5 ],
			"to": [ 6, 12, 1 ],
			"faces": {
				"down": { "uv": [ 11.875, 1.5, 12.125, 1.625 ], "texture": "#voxels_atlas" },
				"up": { "uv": [ 11.625, 1.625, 11.875, 1.5 ], "texture": "#voxels_atlas" },
				"north": { "uv": [ 3, 2.5, 2.75, 3.125 ], "texture": "#voxels_atlas" },
				"south": { "uv": [ 2.75, 4.75, 3, 5.375 ], "texture": "#voxels_atlas" },
				"west": { "uv": [ 10.25, 2.25, 10.375, 2.875 ], "texture": "#voxels_atlas" },
				"east": { "uv": [ 10.25, 2.25, 10.125, 2.875 ], "texture": "#voxels_atlas" }
			}
		},
		{
			"__comment": "Voxels",
			"from": [ 5, 13, 1.5 ],
			"to": [ 14, 14, 11 ],
			"faces": {
				"down": { "uv": [ 3, 8.875, 5.25, 11.25 ], "texture": "#voxels_atlas" },
				"up": { "uv": [ 3, 8.875, 5.25, 6.5 ], "texture": "#voxels_atlas" },
				"north": { "uv": [ 14.75, 7.25, 12.5, 7.5 ], "texture": "#voxels_atlas" },
				"south": { "uv": [ 8.875, 7, 11.125, 7.25 ], "texture": "#voxels_atlas" },
				"west": { "uv": [ 12.5, 7.75, 14.875, 8 ], "texture": "#voxels_atlas" },
				"east": { "uv": [ 14.875, 7.5, 12.5, 7.75 ], "texture": "#voxels_atlas" }
			}
		},
		{
			"__comment": "Voxels",
			"from": [ 5, 13, 11 ],
			"to": [ 6.5, 14, 11.5 ],
			"faces": {
				"down": { "uv": [ 15.625, 4.375, 16, 4.5 ], "texture": "#voxels_atlas" },
				"up": { "uv": [ 15.625, 4.625, 16, 4.5 ], "texture": "#voxels_atlas" },
				"north": { "uv": [ 9.875, 3.875, 9.5, 4.125 ], "texture": "#voxels_atlas" },
				"south": { "uv": [ 8.875, 0.125, 9.25, 0.375 ], "texture": "#voxels_atlas" },
				"west": { "uv": [ 10.625, 1.125, 10.75, 1.375 ], "texture": "#voxels_atlas" },
				"east": { "uv": [ 10.625, 0, 10.5, 0.25 ], "texture": "#voxels_atlas" }
			}
		},
		{
			"__comment": "Voxels",
			"from": [ 5.5, 1, 1 ],
			"to": [ 15.5, 2.5, 2.5 ],
			"faces": {
				"down": { "uv": [ 10.75, 8, 13.25, 8.375 ], "texture": "#voxels_atlas" },
				"up": { "uv": [ 13.5, 8.375, 16, 8 ], "texture": "#voxels_atlas" },
				"north": { "uv": [ 7.75, 0.125, 5.25, 0.5 ], "texture": "#voxels_atlas" },
				"south": { "uv": [ 10, 7.625, 12.5, 8 ], "texture": "#voxels_atlas" },
				"west": { "uv": [ 8.5, 1, 8.875, 1.375 ], "texture": "#voxels_atlas" },
				"east": { "uv": [ 8.375, 0.125, 8, 0.5 ], "texture": "#voxels_atlas" }
			}
		},
		{
			"__comment": "Voxels",
			"from": [ 5.5, 12.5, 1 ],
			"to": [ 13.5, 13.5, 1.5 ],
			"faces": {
				"down": { "uv": [ 10.125, 3.625, 12.125, 3.75 ], "texture": "#voxels_atlas" },
				"up": { "uv": [ 10.125, 3.625, 12.125, 3.5 ], "texture": "#voxels_atlas" },
				"north": { "uv": [ 10.875, 6.75, 8.875, 7 ], "texture": "#voxels_atlas" },
				"south": { "uv": [ 10.875, 6.75, 12.875, 7 ], "texture": "#voxels_atlas" },
				"west": { "uv": [ 10.5, 1, 10.625, 1.25 ], "texture": "#voxels_atlas" },
				"east": { "uv": [ 10.375, 0.75, 10.25, 1 ], "texture": "#voxels_atlas" }
			}
		},
		{
			"__comment": "Voxels",
			"from": [ 5.5, 12.5, 11 ],
			"to": [ 6, 13, 11.5 ],
			"faces": {
				"down": { "uv": [ 11.875, 0.125, 12, 0.25 ], "texture": "#voxels_atlas" },
				"up": { "uv": [ 12, 0.375, 12.125, 0.25 ], "texture": "#voxels_atlas" },
				"north": { "uv": [ 12, 0.25, 11.875, 0.375 ], "texture": "#voxels_atlas" },
				"south": { "uv": [ 11.625, 0.5, 11.75, 0.625 ], "texture": "#voxels_atlas" },
				"west": { "uv": [ 11.5, 0.5, 11.625, 0.625 ], "texture": "#voxels_atlas" },
				"east": { "uv": [ 11.5, 0.125, 11.375, 0.25 ], "texture": "#voxels_atlas" }
			}
		},
		{
			"__comment": "Voxels",
			"from": [ 6, 11, 1 ],
			"to": [ 6.5, 12.5, 1.5 ],
			"faces": {
				"down": { "uv": [ 11.375, 0.25, 11.5, 0.375 ], "texture": "#voxels_atlas" },
				"up": { "uv": [ 15.875, 5.625, 16, 5.5 ], "texture": "#voxels_atlas" },
				"north": { "uv": [ 10.25, 0.125, 10.125, 0.5 ], "texture": "#voxels_atlas" },
				"south": { "uv": [ 10.125, 0.5, 10.25, 0.875 ], "texture": "#voxels_atlas" },
				"west": { "uv": [ 10.125, 0.875, 10.25, 1.25 ], "texture": "#voxels_atlas" },
				"east": { "uv": [ 10.25, 1.25, 10.125, 1.625 ], "texture": "#voxels_atlas" }
			}
		},
		{
			"__comment": "Voxels",
			"from": [ 6, 12, 0.5 ],
			"to": [ 7, 13, 1 ],
			"faces": {
				"down": { "uv": [ 10.625, 1.5, 10.875, 1.625 ], "texture": "#voxels_atlas" },
				"up": { "uv": [ 10.875, 1.625, 11.125, 1.5 ], "texture": "#voxels_atlas" },
				"north": { "uv": [ 8.875, 0.5, 8.625, 0.75 ], "texture": "#voxels_atlas" },
				"south": { "uv": [ 8.625, 0.75, 8.875, 1 ], "texture": "#voxels_atlas" },
				"west": { "uv": [ 10.5, 1.25, 10.625, 1.5 ], "texture": "#voxels_atlas" },
				"east": { "uv": [ 14.875, 7.25, 14.75, 7.5 ], "texture": "#voxels_atlas" }
			}
		},
		{
			"__comment": "Voxels",
			"from": [ 6, 14, 1.5 ],
			"to": [ 13, 15, 11.5 ],
			"faces": {
				"down": { "uv": [ 3, 1.5, 4.75, 4 ], "texture": "#voxels_atlas" },
				"up": { "uv": [ 3, 6.5, 4.75, 4 ], "texture": "#voxels_atlas" },
				"north": { "uv": [ 10.625, 6.5, 8.875, 6.75 ], "texture": "#voxels_atlas" },
				"south": { "uv": [ 12.875, 6.75, 14.625, 7 ], "texture": "#voxels_atlas" },
				"west": { "uv": [ 11.25, 11.25, 13.75, 11.5 ], "texture": "#voxels_atlas" },
				"east": { "uv": [ 12.5, 7.375, 10, 7.625 ], "texture": "#voxels_atlas" }
			}
		},
		{
			"__comment": "Voxels",
			"from": [ 6.5, 9.5, 1.5 ],
			"to": [ 15, 10, 2 ],
			"faces": {
				"down": { "uv": [ 10.125, 3.75, 12.25, 3.875 ], "texture": "#voxels_atlas" },
				"up": { "uv": [ 12.25, 4, 14.375, 3.875 ], "texture": "#voxels_atlas" },
				"north": { "uv": [ 12.25, 3.875, 10.125, 4 ], "texture": "#voxels_atlas" },
				"south": { "uv": [ 12.25, 4.25, 14.375, 4.375 ], "texture": "#voxels_atlas" },
				"west": { "uv": [ 11, 0.75, 11.125, 0.875 ], "texture": "#voxels_atlas" },
				"east": { "uv": [ 11.125, 0.5, 11, 0.625 ], "texture": "#voxels_atlas" }
			}
		},
		{
			"__comment": "Voxels",
			"from": [ 6.5, 11.5, 1 ],
			"to": [ 7, 12.5, 1.5 ],
			"faces": {
				"down": { "uv": [ 11, 0.125, 11.125, 0.25 ], "texture": "#voxels_atlas" },
				"up": { "uv": [ 11.125, 0.25, 11.25, 0.125 ], "texture": "#voxels_atlas" },
				"north": { "uv": [ 10.625, 0.75, 10.5, 1 ], "texture": "#voxels_atlas" },
				"south": { "uv": [ 10.5, 0.5, 10.625, 0.75 ], "texture": "#voxels_atlas" },
				"west": { "uv": [ 10.5, 0.25, 10.625, 0.5 ], "texture": "#voxels_atlas" },
				"east": { "uv": [ 10.375, 1.5, 10.25, 1.75 ], "texture": "#voxels_atlas" }
			}
		},
		{
			"__comment": "Voxels",
			"from": [ 6.5, 13.5, 1 ],
			"to": [ 12.5, 14.5, 1.5 ],
			"faces": {
				"down": { "uv": [ 14.375, 5.25, 15.875, 5.375 ], "texture": "#voxels_atlas" },
				"up": { "uv": [ 14.375, 5.5, 15.875, 5.375 ], "texture": "#voxels_atlas" },
				"north": { "uv": [ 10.375, 5.625, 8.875, 5.875 ], "texture": "#voxels_atlas" },
				"south": { "uv": [ 13.625, 6.5, 15.125, 6.75 ], "texture": "#voxels_atlas" },
				"west": { "uv": [ 10.375, 0.75, 10.5, 1 ], "texture": "#voxels_atlas" },
				"east": { "uv": [ 10.5, 0.5, 10.375, 0.75 ], "texture": "#voxels_atlas" }
			}
		},
		{
			"__comment": "Voxels",
			"from": [ 6.5, 13.5, 11 ],
			"to": [ 14, 14, 11.5 ],
			"faces": {
				"down": { "uv": [ 10.125, 3.125, 12, 3.25 ], "texture": "#voxels_atlas" },
				"up": { "uv": [ 10.125, 3.125, 12, 3 ], "texture": "#voxels_atlas" },
				"north": { "uv": [ 12, 2.875, 10.125, 3 ], "texture": "#voxels_atlas" },
				"south": { "uv": [ 3, 0, 4.875, 0.125 ], "texture": "#voxels_atlas" },
				"west": { "uv": [ 15.875, 3.75, 16, 3.875 ], "texture": "#voxels_atlas" },
				"east": { "uv": [ 11.875, 0.75, 11.75, 0.875 ], "texture": "#voxels_atlas" }
			}
		},
		{
			"__comment": "Voxels",
			"from": [ 7, 2.5, 1.5 ],
			"to": [ 15.5, 3, 2 ],
			"faces": {
				"down": { "uv": [ 12.25, 3.75, 14.375, 3.875 ], "texture": "#voxels_atlas" },
				"up": { "uv": [ 10, 7.375, 12.125, 7.25 ], "texture": "#voxels_atlas" },
				"north": { "uv": [ 13.75, 4.75, 11.625, 4.875 ], "texture": "#voxels_atlas" },
				"south": { "uv": [ 10.125, 4.375, 12.25, 4.5 ], "texture": "#voxels_atlas" },
				"west": { "uv": [ 11.125, 0.25, 11.25, 0.375 ], "texture": "#voxels_atlas" },
				"east": { "uv": [ 11.25, 0.625, 11.125, 0.75 ], "texture": "#voxels_atlas" }
			}
		},
		{
			"__comment": "Voxels",
			"from": [ 7, 3, 1.5 ],
			"to": [ 7.5, 9.5, 2 ],
			"faces": {
				"down": { "uv": [ 11.125, 0.75, 11.25, 0.875 ], "texture": "#voxels_atlas" },
				"up": { "uv": [ 11, 0.125, 11.125, 0 ], "texture": "#voxels_atlas" },
				"north": { "uv": [ 8.25, 3.25, 8.125, 4.875 ], "texture": "#voxels_atlas" },
				"south": { "uv": [ 15.875, 14.375, 16, 16 ], "texture": "#voxels_atlas" },
				"west": { "uv": [ 8.25, 3.25, 8.375, 4.875 ], "texture": "#voxels_atlas" },
				"east": { "uv": [ 8.125, 3.25, 8, 4.875 ], "texture": "#voxels_atlas" }
			}
		},
		{
			"__comment": "Voxels",
			"from": [ 7, 8.5, 1 ],
			"to": [ 15.5, 9.5, 1.5 ],
			"faces": {
				"down": { "uv": [ 10.125, 4.25, 12.25, 4.375 ], "texture": "#voxels_atlas" },
				"up": { "uv": [ 12.25, 4.5, 14.375, 4.375 ], "texture": "#voxels_atlas" },
				"north": { "uv": [ 13.25, 7, 11.125, 7.25 ], "texture": "#voxels_atlas" },
				"south": { "uv": [ 13.25, 7, 15.375, 7.25 ], "texture": "#voxels_atlas" },
				"west": { "uv": [ 10.375, 0, 10.5, 0.25 ], "texture": "#voxels_atlas" },
				"east": { "uv": [ 10.5, 0.25, 10.375, 0.5 ], "texture": "#voxels_atlas" }
			}
		},
		{
			"__comment": "Voxels",
			"from": [ 7, 12, 1 ],
			"to": [ 7.5, 12.5, 1.5 ],
			"faces": {
				"down": { "uv": [ 12, 1, 12.125, 1.125 ], "texture": "#voxels_atlas" },
				"up": { "uv": [ 12, 1.25, 12.125, 1.125 ], "texture": "#voxels_atlas" },
				"north": { "uv": [ 12.125, 1.25, 12, 1.375 ], "texture": "#voxels_atlas" },
				"south": { "uv": [ 10.625, 0, 10.75, 0.125 ], "texture": "#voxels_atlas" },
				"west": { "uv": [ 10.625, 0.125, 10.75, 0.25 ], "texture": "#voxels_atlas" },
				"east": { "uv": [ 10.75, 0.25, 10.625, 0.375 ], "texture": "#voxels_atlas" }
			}
		},
		{
			"__comment": "Voxels",
			"from": [ 7, 13, 0.5 ],
			"to": [ 12, 14, 1 ],
			"faces": {
				"down": { "uv": [ 14.625, 5.5, 15.875, 5.625 ], "texture": "#voxels_atlas" },
				"up": { "uv": [ 14.375, 5.25, 15.625, 5.125 ], "texture": "#voxels_atlas" },
				"north": { "uv": [ 15.875, 6.75, 14.625, 7 ], "texture": "#voxels_atlas" },
				"south": { "uv": [ 8.875, 4.5, 10.125, 4.75 ], "texture": "#voxels_atlas" },
				"west": { "uv": [ 10.375, 1, 10.5, 1.25 ], "texture": "#voxels_atlas" },
				"east": { "uv": [ 10.5, 1.25, 10.375, 1.5 ], "texture": "#voxels_atlas" }
			}
		},
		{
			"__comment": "Voxels",
			"from": [ 7.5, 4, 1.5 ],
			"to": [ 8, 4.5, 2 ],
			"faces": {
				"down": { "uv": [ 12, 1.875, 12.125, 2 ], "texture": "#voxels_atlas" },
				"up": { "uv": [ 12, 2.25, 12.125, 2.125 ], "texture": "#voxels_atlas" },
				"north": { "uv": [ 11.625, 2, 11.5, 2.125 ], "texture": "#voxels_atlas" },
				"south": { "uv": [ 12, 3, 12.125, 3.125 ], "texture": "#voxels_atlas" },
				"west": { "uv": [ 12, 0.875, 12.125, 1 ], "texture": "#voxels_atlas" },
				"east": { "uv": [ 16, 5.375, 15.875, 5.5 ], "texture": "#voxels_atlas" }
			}
		},
		{
			"__comment": "Voxels",
			"from": [ 7.5, 6.5, 1.5 ],
			"to": [ 15.5, 9.5, 2 ],
			"faces": {
				"down": { "uv": [ 10.125, 3.25, 12.125, 3.375 ], "texture": "#voxels_atlas" },
				"up": { "uv": [ 10.125, 3.5, 12.125, 3.375 ], "texture": "#voxels_atlas" },
				"north": { "uv": [ 16, 11.25, 14, 12 ], "texture": "#voxels_atlas" },
				"south": { "uv": [ 8, 7.25, 10, 8 ], "texture": "#voxels_atlas" },
				"west": { "uv": [ 9.125, 2.125, 9.25, 2.875 ], "texture": "#voxels_atlas" },
				"east": { "uv": [ 9.375, 2.125, 9.25, 2.875 ], "texture": "#voxels_atlas" }
			}
		},
		{
			"__comment": "Voxels",
			"from": [ 7.5, 8, 1 ],
			"to": [ 8, 8.5, 1.5 ],
			"faces": {
				"down": { "uv": [ 15.875, 5.875, 16, 6 ], "texture": "#voxels_atlas" },
				"up": { "uv": [ 15.875, 6.125, 16, 6 ], "texture": "#voxels_atlas" },
				"north": { "uv": [ 12.25, 2.25, 12.125, 2.375 ], "texture": "#voxels_atlas" },
				"south": { "uv": [ 12.125, 2.375, 12.25, 2.5 ], "texture": "#voxels_atlas" },
				"west": { "uv": [ 12.125, 2.5, 12.25, 2.625 ], "texture": "#voxels_atlas" },
				"east": { "uv": [ 12.25, 2.625, 12.125, 2.75 ], "texture": "#voxels_atlas" }
			}
		},
		{
			"__comment": "Voxels",
			"from": [ 7.5, 9.5, 1 ],
			"to": [ 8, 10, 1.5 ],
			"faces": {
				"down": { "uv": [ 12.125, 3, 12.25, 3.125 ], "texture": "#voxels_atlas" },
				"up": { "uv": [ 12, 0.5, 12.125, 0.375 ], "texture": "#voxels_atlas" },
				"north": { "uv": [ 12.25, 3.375, 12.125, 3.5 ], "texture": "#voxels_atlas" },
				"south": { "uv": [ 12, 0, 12.125, 0.125 ], "texture": "#voxels_atlas" },
				"west": { "uv": [ 11.875, 0, 12, 0.125 ], "texture": "#voxels_atlas" },
				"east": { "uv": [ 12.125, 0.125, 12, 0.25 ], "texture": "#voxels_atlas" }
			}
		},
		{
			"__comment": "Voxels",
			"from": [ 7.5, 11, 1 ],
			"to": [ 11.5, 11.5, 1.5 ],
			"faces": {
				"down": { "uv": [ 14.5, 13.375, 15.5, 13.5 ], "texture": "#voxels_atlas" },
				"up": { "uv": [ 14.875, 6.125, 15.875, 6 ], "texture": "#voxels_atlas" },
				"north": { "uv": [ 15.875, 5.875, 14.875, 6 ], "texture": "#voxels_atlas" },
				"south": { "uv": [ 14.375, 5, 15.375, 5.125 ], "texture": "#voxels_atlas" },
				"west": { "uv": [ 11.75, 0.25, 11.875, 0.375 ], "texture": "#voxels_atlas" },
				"east": { "uv": [ 11.75, 0, 11.625, 0.125 ], "texture": "#voxels_atlas" }
			}
		},
		{
			"__comment": "Voxels",
			"from": [ 8, 10.5, 1 ],
			"to": [ 11, 11, 1.5 ],
			"faces": {
				"down": { "uv": [ 15.125, 6.5, 15.875, 6.625 ], "texture": "#voxels_atlas" },
				"up": { "uv": [ 8.875, 1.75, 9.625, 1.625 ], "texture": "#voxels_atlas" },
				"north": { "uv": [ 9.625, 1.5, 8.875, 1.625 ], "texture": "#voxels_atlas" },
				"south": { "uv": [ 8.875, 1.375, 9.625, 1.5 ], "texture": "#voxels_atlas" },
				"west": { "uv": [ 11.625, 0.375, 11.75, 0.5 ], "texture": "#voxels_atlas" },
				"east": { "uv": [ 11.625, 0, 11.5, 0.125 ], "texture": "#voxels_atlas" }
			}
		},
		{
			"__comment": "Voxels",
			"from": [ 8, 11.5, 1 ],
			"to": [ 11, 12, 1.5 ],
			"faces": {
				"down": { "uv": [ 8.875, 1, 9.625, 1.125 ], "texture": "#voxels_atlas" },
				"up": { "uv": [ 8.875, 1, 9.625, 0.875 ], "texture": "#voxels_atlas" },
				"north": { "uv": [ 9.625, 0.75, 8.875, 0.875 ], "texture": "#voxels_atlas" },
				"south": { "uv": [ 8.875, 0.625, 9.625, 0.75 ], "texture": "#voxels_atlas" },
				"west": { "uv": [ 12, 0.5, 12.125, 0.625 ], "texture": "#voxels_atlas" },
				"east": { "uv": [ 12, 0.5, 11.875, 0.625 ], "texture": "#voxels_atlas" }
			}
		},
		{
			"__comment": "Voxels",
			"from": [ 9, 1.5, 0.5 ],
			"to": [ 10, 2.5, 1 ],
			"faces": {
				"down": { "uv": [ 10.375, 1.5, 10.625, 1.625 ], "texture": "#voxels_atlas" },
				"up": { "uv": [ 11.875, 1.75, 12.125, 1.625 ], "texture": "#voxels_atlas" },
				"north": { "uv": [ 16, 7.25, 15.75, 7.5 ], "texture": "#voxels_atlas" },
				"south": { "uv": [ 13.75, 11.25, 14, 11.5 ], "texture": "#voxels_atlas" },
				"west": { "uv": [ 10.25, 1.25, 10.375, 1.5 ], "texture": "#voxels_atlas" },
				"east": { "uv": [ 16, 9.5, 15.875, 9.75 ], "texture": "#voxels_atlas" }
			}
		},
		{
			"__comment": "Voxels",
			"from": [ 9, 8, 1 ],
			"to": [ 10, 8.5, 1.5 ],
			"faces": {
				"down": { "uv": [ 11.125, 2.25, 11.375, 2.375 ], "texture": "#voxels_atlas" },
				"up": { "uv": [ 10.875, 2.375, 11.125, 2.25 ], "texture": "#voxels_atlas" },
				"north": { "uv": [ 11.625, 1.5, 11.375, 1.625 ], "texture": "#voxels_atlas" },
				"south": { "uv": [ 11.125, 1.5, 11.375, 1.625 ], "texture": "#voxels_atlas" },
				"west": { "uv": [ 11, 0.375, 11.125, 0.5 ], "texture": "#voxels_atlas" },
				"east": { "uv": [ 10.875, 2.25, 10.75, 2.375 ], "texture": "#voxels_atlas" }
			}
		},
		{
			"__comment": "Voxels",
			"from": [ 9, 9.5, 1 ],
			"to": [ 10, 10, 1.5 ],
			"faces": {
				"down": { "uv": [ 11.125, 1.375, 11.375, 1.5 ], "texture": "#voxels_atlas" },
				"up": { "uv": [ 2.75, 0.5, 3, 0.375 ], "texture": "#voxels_atlas" },
				"north": { "uv": [ 16, 9.75, 15.75, 9.875 ], "texture": "#voxels_atlas" },
				"south": { "uv": [ 7.75, 0, 8, 0.125 ], "texture": "#voxels_atlas" },
				"west": { "uv": [ 15.875, 4.125, 16, 4.25 ], "texture": "#voxels_atlas" },
				"east": { "uv": [ 12.125, 2.875, 12, 3 ], "texture": "#voxels_atlas" }
			}
		},
		{
			"__comment": "Voxels",
			"from": [ 11, 4, 1.5 ],
			"to": [ 15.5, 4.5, 2 ],
			"faces": {
				"down": { "uv": [ 14.875, 6.375, 16, 6.5 ], "texture": "#voxels_atlas" },
				"up": { "uv": [ 14.875, 6.25, 16, 6.125 ], "texture": "#voxels_atlas" },
				"north": { "uv": [ 16, 6.25, 14.875, 6.375 ], "texture": "#voxels_atlas" },
				"south": { "uv": [ 14.875, 9.375, 16, 9.5 ], "texture": "#voxels_atlas" },
				"west": { "uv": [ 11.125, 0.375, 11.25, 0.5 ], "texture": "#voxels_atlas" },
				"east": { "uv": [ 11.75, 0.625, 11.625, 0.75 ], "texture": "#voxels_atlas" }
			}
		},
		{
			"__comment": "Voxels",
			"from": [ 11, 8, 1 ],
			"to": [ 11.5, 8.5, 1.5 ],
			"faces": {
				"down": { "uv": [ 11.5, 0.375, 11.625, 0.5 ], "texture": "#voxels_atlas" },
				"up": { "uv": [ 11.5, 0.375, 11.625, 0.25 ], "texture": "#voxels_atlas" },
				"north": { "uv": [ 11.375, 0.75, 11.25, 0.875 ], "texture": "#voxels_atlas" },
				"south": { "uv": [ 11.625, 0.75, 11.75, 0.875 ], "texture": "#voxels_atlas" },
				"west": { "uv": [ 11.875, 0.75, 12, 0.875 ], "texture": "#voxels_atlas" },
				"east": { "uv": [ 12.125, 0.75, 12, 0.875 ], "texture": "#voxels_atlas" }
			}
		},
		{
			"__comment": "Voxels",
			"from": [ 11, 9.5, 1 ],
			"to": [ 11.5, 10, 1.5 ],
			"faces": {
				"down": { "uv": [ 11.25, 0.25, 11.375, 0.375 ], "texture": "#voxels_atlas" },
				"up": { "uv": [ 11.25, 0.25, 11.375, 0.125 ], "texture": "#voxels_atlas" },
				"north": { "uv": [ 11.875, 0.625, 11.75, 0.75 ], "texture": "#voxels_atlas" },
				"south": { "uv": [ 11.875, 0.625, 12, 0.75 ], "texture": "#voxels_atlas" },
				"west": { "uv": [ 12, 0.625, 12.125, 0.75 ], "texture": "#voxels_atlas" },
				"east": { "uv": [ 11.5, 0.375, 11.375, 0.5 ], "texture": "#voxels_atlas" }
			}
		},
		{
			"__comment": "Voxels",
			"from": [ 11.5, 3, 1.5 ],
			"to": [ 15.5, 4, 2 ],
			"faces": {
				"down": { "uv": [ 9.125, 4.125, 10.125, 4.25 ], "texture": "#voxels_atlas" },
				"up": { "uv": [ 9.125, 4.375, 10.125, 4.25 ], "texture": "#voxels_atlas" },
				"north": { "uv": [ 15.875, 9.5, 14.875, 9.75 ], "texture": "#voxels_atlas" },
				"south": { "uv": [ 14.5, 13.5, 15.5, 13.75 ], "texture": "#voxels_atlas" },
				"west": { "uv": [ 15.875, 6.75, 16, 7 ], "texture": "#voxels_atlas" },
				"east": { "uv": [ 9.625, 0.125, 9.5, 0.375 ], "texture": "#voxels_atlas" }
			}
		},
		{
			"__comment": "Voxels",
			"from": [ 11.5, 4.5, 1.5 ],
			"to": [ 15.5, 6.5, 2 ],
			"faces": {
				"down": { "uv": [ 14.375, 4.875, 15.375, 5 ], "texture": "#voxels_atlas" },
				"up": { "uv": [ 9.125, 4.5, 10.125, 4.375 ], "texture": "#voxels_atlas" },
				"north": { "uv": [ 15.875, 7.5, 14.875, 8 ], "texture": "#voxels_atlas" },
				"south": { "uv": [ 14.5, 13.75, 15.5, 14.25 ], "texture": "#voxels_atlas" },
				"west": { "uv": [ 15.875, 7.5, 16, 8 ], "texture": "#voxels_atlas" },
				"east": { "uv": [ 10.875, 2.375, 10.75, 2.875 ], "texture": "#voxels_atlas" }
			}
		},
		{
			"__comment": "Voxels",
			"from": [ 11.5, 12, 1 ],
			"to": [ 14.5, 12.5, 1.5 ],
			"faces": {
				"down": { "uv": [ 8.875, 0.375, 9.625, 0.5 ], "texture": "#voxels_atlas" },
				"up": { "uv": [ 8.875, 0.625, 9.625, 0.5 ], "texture": "#voxels_atlas" },
				"north": { "uv": [ 9.625, 1.125, 8.875, 1.25 ], "texture": "#voxels_atlas" },
				"south": { "uv": [ 8.875, 1.25, 9.625, 1.375 ], "texture": "#voxels_atlas" },
				"west": { "uv": [ 11.75, 0.375, 11.875, 0.5 ], "texture": "#voxels_atlas" },
				"east": { "uv": [ 12, 0.375, 11.875, 0.5 ], "texture": "#voxels_atlas" }
			}
		},
		{
			"__comment": "Voxels",
			"from": [ 12, 2.5, 1 ],
			"to": [ 15.5, 8.5, 1.5 ],
			"faces": {
				"down": { "uv": [ 14, 9.375, 14.875, 9.5 ], "texture": "#voxels_atlas" },
				"up": { "uv": [ 15.125, 6.75, 16, 6.625 ], "texture": "#voxels_atlas" },
				"north": { "uv": [ 15.75, 9.75, 14.875, 11.25 ], "texture": "#voxels_atlas" },
				"south": { "uv": [ 8, 5.75, 8.875, 7.25 ], "texture": "#voxels_atlas" },
				"west": { "uv": [ 8.125, 1.75, 8.25, 3.25 ], "texture": "#voxels_atlas" },
				"east": { "uv": [ 8.125, 1.75, 8, 3.25 ], "texture": "#voxels_atlas" }
			}
		},
		{
			"__comment": "Voxels",
			"from": [ 12, 11.5, 1 ],
			"to": [ 14.5, 12, 1.5 ],
			"faces": {
				"down": { "uv": [ 15, 4.5, 15.625, 4.625 ], "texture": "#voxels_atlas" },
				"up": { "uv": [ 15.375, 5.125, 16, 5 ], "texture": "#voxels_atlas" },
				"north": { "uv": [ 15, 4.375, 14.375, 4.5 ], "texture": "#voxels_atlas" },
				"south": { "uv": [ 15, 4.375, 15.625, 4.5 ], "texture": "#voxels_atlas" },
				"west": { "uv": [ 12.125, 3.25, 12.25, 3.375 ], "texture": "#voxels_atlas" },
				"east": { "uv": [ 12.25, 3.125, 12.125, 3.25 ], "texture": "#voxels_atlas" }
			}
		},
		{
			"__comment": "Voxels",
			"from": [ 12, 12, 0.5 ],
			"to": [ 13, 13, 1 ],
			"faces": {
				"down": { "uv": [ 9.875, 1.75, 10.125, 1.875 ], "texture": "#voxels_atlas" },
				"up": { "uv": [ 11.875, 2.875, 12.125, 2.75 ], "texture": "#voxels_atlas" },
				"north": { "uv": [ 11.625, 2.5, 11.375, 2.75 ], "texture": "#voxels_atlas" },
				"south": { "uv": [ 10.875, 2, 11.125, 2.25 ], "texture": "#voxels_atlas" },
				"west": { "uv": [ 10.25, 1, 10.375, 1.25 ], "texture": "#voxels_atlas" },
				"east": { "uv": [ 10.375, 0.5, 10.25, 0.75 ], "texture": "#voxels_atlas" }
			}
		},
		{
			"__comment": "Voxels",
			"from": [ 12.5, 9.5, 1 ],
			"to": [ 15, 10, 1.5 ],
			"faces": {
				"down": { "uv": [ 14.375, 4.5, 15, 4.625 ], "texture": "#voxels_atlas" },
				"up": { "uv": [ 15, 4.75, 15.625, 4.625 ], "texture": "#voxels_atlas" },
				"north": { "uv": [ 15, 4.625, 14.375, 4.75 ], "texture": "#voxels_atlas" },
				"south": { "uv": [ 15.375, 4.875, 16, 5 ], "texture": "#voxels_atlas" },
				"west": { "uv": [ 15.875, 14.25, 16, 14.375 ], "texture": "#voxels_atlas" },
				"east": { "uv": [ 16, 6.5, 15.875, 6.625 ], "texture": "#voxels_atlas" }
			}
		},
		{
			"__comment": "Voxels",
			"from": [ 12.5, 11, 1 ],
			"to": [ 14.5, 11.5, 1.5 ],
			"faces": {
				"down": { "uv": [ 9.625, 1.625, 10.125, 1.75 ], "texture": "#voxels_atlas" },
				"up": { "uv": [ 8.375, 3.375, 8.875, 3.25 ], "texture": "#voxels_atlas" },
				"north": { "uv": [ 11.375, 2.75, 10.875, 2.875 ], "texture": "#voxels_atlas" },
				"south": { "uv": [ 10.375, 2, 10.875, 2.125 ], "texture": "#voxels_atlas" },
				"west": { "uv": [ 15.875, 5.25, 16, 5.375 ], "texture": "#voxels_atlas" },
				"east": { "uv": [ 16, 4.75, 15.875, 4.875 ], "texture": "#voxels_atlas" }
			}
		},
		{
			"__comment": "Voxels",
			"from": [ 12.5, 13, 11 ],
			"to": [ 14, 13.5, 11.5 ],
			"faces": {
				"down": { "uv": [ 7.375, 0, 7.75, 0.125 ], "texture": "#voxels_atlas" },
				"up": { "uv": [ 12.125, 7.375, 12.5, 7.25 ], "texture": "#voxels_atlas" },
				"north": { "uv": [ 8.375, 0, 8, 0.125 ], "texture": "#voxels_atlas" },
				"south": { "uv": [ 15.625, 5.125, 16, 5.25 ], "texture": "#voxels_atlas" },
				"west": { "uv": [ 15.875, 4, 16, 4.125 ], "texture": "#voxels_atlas" },
				"east": { "uv": [ 16, 3.875, 15.875, 4 ], "texture": "#voxels_atlas" }
			}
		},
		{
			"__comment": "Voxels",
			"from": [ 13, 9.5, 0.5 ],
			"to": [ 14, 12, 1 ],
			"faces": {
				"down": { "uv": [ 8.375, 0, 8.625, 0.125 ], "texture": "#voxels_atlas" },
				"up": { "uv": [ 8.625, 0.125, 8.875, 0 ], "texture": "#voxels_atlas" },
				"north": { "uv": [ 8, 2.375, 7.75, 3 ], "texture": "#voxels_atlas" },
				"south": { "uv": [ 8.875, 3.875, 9.125, 4.5 ], "texture": "#voxels_atlas" },
				"west": { "uv": [ 10.625, 2.25, 10.75, 2.875 ], "texture": "#voxels_atlas" },
				"east": { "uv": [ 10.625, 2.25, 10.5, 2.875 ], "texture": "#voxels_atlas" }
			}
		},
		{
			"__comment": "Voxels",
			"from": [ 13, 10, 1 ],
			"to": [ 14.5, 11, 1.5 ],
			"faces": {
				"down": { "uv": [ 8.875, 0, 9.25, 0.125 ], "texture": "#voxels_atlas" },
				"up": { "uv": [ 9.25, 0.125, 9.625, 0 ], "texture": "#voxels_atlas" },
				"north": { "uv": [ 9.5, 3.875, 9.125, 4.125 ], "texture": "#voxels_atlas" },
				"south": { "uv": [ 15.375, 7, 15.75, 7.25 ], "texture": "#voxels_atlas" },
				"west": { "uv": [ 10.25, 0.25, 10.375, 0.5 ], "texture": "#voxels_atlas" },
				"east": { "uv": [ 10.375, 0, 10.25, 0.25 ], "texture": "#voxels_atlas" }
			}
		},
		{
			"__comment": "Voxels",
			"from": [ 13, 12.5, 11 ],
			"to": [ 15, 13, 11.5 ],
			"faces": {
				"down": { "uv": [ 11.625, 2.375, 12.125, 2.5 ], "texture": "#voxels_atlas" },
				"up": { "uv": [ 11.625, 2.625, 12.125, 2.5 ], "texture": "#voxels_atlas" },
				"north": { "uv": [ 12.125, 2.625, 11.625, 2.75 ], "texture": "#voxels_atlas" },
				"south": { "uv": [ 11.375, 2.75, 11.875, 2.875 ], "texture": "#voxels_atlas" },
				"west": { "uv": [ 10.625, 0.75, 10.75, 0.875 ], "texture": "#voxels_atlas" },
				"east": { "uv": [ 10.75, 0.625, 10.625, 0.75 ], "texture": "#voxels_atlas" }
			}
		},
		{
			"__comment": "Voxels",
			"from": [ 13.5, -1, 1.5 ],
			"to": [ 14.5, 0.5, 2.5 ],
			"faces": {
				"down": { "uv": [ 11.125, 2.375, 11.375, 2.625 ], "texture": "#voxels_atlas" },
				"up": { "uv": [ 10.875, 2.625, 11.125, 2.375 ], "texture": "#voxels_atlas" },
				"north": { "uv": [ 9.625, 1.75, 9.375, 2.125 ], "texture": "#voxels_atlas" },
				"south": { "uv": [ 9.125, 1.75, 9.375, 2.125 ], "texture": "#voxels_atlas" },
				"west": { "uv": [ 8.875, 1.75, 9.125, 2.125 ], "texture": "#voxels_atlas" },
				"east": { "uv": [ 16, 9.875, 15.75, 10.25 ], "texture": "#voxels_atlas" }
			}
		},
		{
			"__comment": "Voxels",
			"from": [ 13.5, -1, 10 ],
			"to": [ 14.5, 0.5, 11 ],
			"faces": {
				"down": { "uv": [ 9.25, 0.125, 9.5, 0.375 ], "texture": "#voxels_atlas" },
				"up": { "uv": [ 9.875, 2.125, 10.125, 1.875 ], "texture": "#voxels_atlas" },
				"north": { "uv": [ 10.125, 2.125, 9.875, 2.5 ], "texture": "#voxels_atlas" },
				"south": { "uv": [ 9.625, 2.125, 9.875, 2.5 ], "texture": "#voxels_atlas" },
				"west": { "uv": [ 9.875, 2.5, 10.125, 2.875 ], "texture": "#voxels_atlas" },
				"east": { "uv": [ 9.875, 2.5, 9.625, 2.875 ], "texture": "#voxels_atlas" }
			}
		},
		{
			"__comment": "Voxels",
			"from": [ 13.5, 1, 0.5 ],
			"to": [ 15.5, 2.5, 1 ],
			"faces": {
				"down": { "uv": [ 14.875, 3.75, 15.375, 3.875 ], "texture": "#voxels_atlas" },
				"up": { "uv": [ 14.375, 3.875, 14.875, 3.75 ], "texture": "#voxels_atlas" },
				"north": { "uv": [ 8.75, 2.5, 8.25, 2.875 ], "texture": "#voxels_atlas" },
				"south": { "uv": [ 8, 1.375, 8.5, 1.75 ], "texture": "#voxels_atlas" },
				"west": { "uv": [ 8.75, 2.5, 8.875, 2.875 ], "texture": "#voxels_atlas" },
				"east": { "uv": [ 8.875, 2.125, 8.75, 2.5 ], "texture": "#voxels_atlas" }
			}
		},
		{
			"__comment": "Voxels",
			"from": [ 13.5, 1, 11.5 ],
			"to": [ 15.5, 2.5, 12 ],
			"faces": {
				"down": { "uv": [ 14.875, 3.875, 15.375, 4 ], "texture": "#voxels_atlas" },
				"up": { "uv": [ 14.375, 4, 14.875, 3.875 ], "texture": "#voxels_atlas" },
				"north": { "uv": [ 8.875, 4.5, 8.375, 4.875 ], "texture": "#voxels_atlas" },
				"south": { "uv": [ 8.375, 3.375, 8.875, 3.75 ], "texture": "#voxels_atlas" },
				"west": { "uv": [ 8.75, 1.75, 8.875, 2.125 ], "texture": "#voxels_atlas" },
				"east": { "uv": [ 10.25, 1.625, 10.125, 2 ], "texture": "#voxels_atlas" }
			}
		},
		{
			"__comment": "Voxels",
			"from": [ 13.5, 6.5, 0.5 ],
			"to": [ 15.5, 7, 1 ],
			"faces": {
				"down": { "uv": [ 14.375, 4, 14.875, 4.125 ], "texture": "#voxels_atlas" },
				"up": { "uv": [ 11.125, 2.25, 11.625, 2.125 ], "texture": "#voxels_atlas" },
				"north": { "uv": [ 15.375, 4.125, 14.875, 4.25 ], "texture": "#voxels_atlas" },
				"south": { "uv": [ 14.375, 4.125, 14.875, 4.25 ], "texture": "#voxels_atlas" },
				"west": { "uv": [ 11.375, 0.75, 11.5, 0.875 ], "texture": "#voxels_atlas" },
				"east": { "uv": [ 11.625, 0.75, 11.5, 0.875 ], "texture": "#voxels_atlas" }
			}
		},
		{
			"__comment": "Voxels",
			"from": [ 13.5, 7.5, 0.5 ],
			"to": [ 15.5, 8, 1 ],
			"faces": {
				"down": { "uv": [ 9.625, 0, 10.125, 0.125 ], "texture": "#voxels_atlas" },
				"up": { "uv": [ 9.625, 0.25, 10.125, 0.125 ], "texture": "#voxels_atlas" },
				"north": { "uv": [ 10.125, 0.25, 9.625, 0.375 ], "texture": "#voxels_atlas" },
				"south": { "uv": [ 15.375, 4.125, 15.875, 4.25 ], "texture": "#voxels_atlas" },
				"west": { "uv": [ 11.25, 0.625, 11.375, 0.75 ], "texture": "#voxels_atlas" },
				"east": { "uv": [ 11.375, 0.5, 11.25, 0.625 ], "texture": "#voxels_atlas" }
			}
		},
		{
			"__comment": "Voxels",
			"from": [ 13.5, 8.5, 0.5 ],
			"to": [ 15.5, 9, 1 ],
			"faces": {
				"down": { "uv": [ 9.625, 0.5, 10.125, 0.625 ], "texture": "#voxels_atlas" },
				"up": { "uv": [ 9.625, 0.75, 10.125, 0.625 ], "texture": "#voxels_atlas" },
				"north": { "uv": [ 10.125, 0.75, 9.625, 0.875 ], "texture": "#voxels_atlas" },
				"south": { "uv": [ 15.375, 3.75, 15.875, 3.875 ], "texture": "#voxels_atlas" },
				"west": { "uv": [ 11.375, 0.625, 11.5, 0.75 ], "texture": "#voxels_atlas" },
				"east": { "uv": [ 11.625, 0.625, 11.5, 0.75 ], "texture": "#voxels_atlas" }
			}
		},
		{
			"__comment": "Voxels",
			"from": [ 13.5, 9, 11 ],
			"to": [ 15, 12.5, 11.5 ],
			"faces": {
				"down": { "uv": [ 15.625, 4.625, 16, 4.75 ], "texture": "#voxels_atlas" },
				"up": { "uv": [ 4.875, 0.125, 5.25, 0 ], "texture": "#voxels_atlas" },
				"north": { "uv": [ 15.875, 13.375, 15.5, 14.25 ], "texture": "#voxels_atlas" },
				"south": { "uv": [ 4.75, 3.125, 5.125, 4 ], "texture": "#voxels_atlas" },
				"west": { "uv": [ 5.125, 3.125, 5.25, 4 ], "texture": "#voxels_atlas" },
				"east": { "uv": [ 16, 13.375, 15.875, 14.25 ], "texture": "#voxels_atlas" }
			}
		},
		{
			"__comment": "Voxels",
			"from": [ 14, 2.5, 0.5 ],
			"to": [ 15, 6.5, 1 ],
			"faces": {
				"down": { "uv": [ 11.625, 1.375, 11.875, 1.5 ], "texture": "#voxels_atlas" },
				"up": { "uv": [ 11.875, 1.5, 12.125, 1.375 ], "texture": "#voxels_atlas" },
				"north": { "uv": [ 3, 0.5, 2.75, 1.5 ], "texture": "#voxels_atlas" },
				"south": { "uv": [ 2.75, 1.5, 3, 2.5 ], "texture": "#voxels_atlas" },
				"west": { "uv": [ 8.875, 2.875, 9, 3.875 ], "texture": "#voxels_atlas" },
				"east": { "uv": [ 9.75, 2.875, 9.625, 3.875 ], "texture": "#voxels_atlas" }
			}
		},
		{
			"__comment": "Voxels",
			"from": [ 14, 2.5, 11.5 ],
			"to": [ 15, 6.5, 12 ],
			"faces": {
				"down": { "uv": [ 11.5, 1.25, 11.75, 1.375 ], "texture": "#voxels_atlas" },
				"up": { "uv": [ 11.75, 1.375, 12, 1.25 ], "texture": "#voxels_atlas" },
				"north": { "uv": [ 7.75, 2, 7.5, 3 ], "texture": "#voxels_atlas" },
				"south": { "uv": [ 15.75, 8.375, 16, 9.375 ], "texture": "#voxels_atlas" },
				"west": { "uv": [ 9.5, 2.875, 9.625, 3.875 ], "texture": "#voxels_atlas" },
				"east": { "uv": [ 9.5, 2.875, 9.375, 3.875 ], "texture": "#voxels_atlas" }
			}
		},
		{
			"__comment": "Voxels",
			"from": [ 14, 7, 0.5 ],
			"to": [ 15, 7.5, 1 ],
			"faces": {
				"down": { "uv": [ 11, 1.125, 11.25, 1.25 ], "texture": "#voxels_atlas" },
				"up": { "uv": [ 11.25, 1.25, 11.5, 1.125 ], "texture": "#voxels_atlas" },
				"north": { "uv": [ 11.75, 1.125, 11.5, 1.25 ], "texture": "#voxels_atlas" },
				"south": { "uv": [ 11.5, 1.75, 11.75, 1.875 ], "texture": "#voxels_atlas" },
				"west": { "uv": [ 11.625, 0.25, 11.75, 0.375 ], "texture": "#voxels_atlas" },
				"east": { "uv": [ 11.75, 0.125, 11.625, 0.25 ], "texture": "#voxels_atlas" }
			}
		},
		{
			"__comment": "Voxels",
			"from": [ 14, 7, 11.5 ],
			"to": [ 15, 7.5, 12 ],
			"faces": {
				"down": { "uv": [ 11.75, 1.125, 12, 1.25 ], "texture": "#voxels_atlas" },
				"up": { "uv": [ 10.75, 1.125, 11, 1 ], "texture": "#voxels_atlas" },
				"north": { "uv": [ 11, 0.875, 10.75, 1 ], "texture": "#voxels_atlas" },
				"south": { "uv": [ 10.75, 0.75, 11, 0.875 ], "texture": "#voxels_atlas" },
				"west": { "uv": [ 11.75, 0.125, 11.875, 0.25 ], "texture": "#voxels_atlas" },
				"east": { "uv": [ 11.875, 0, 11.75, 0.125 ], "texture": "#voxels_atlas" }
			}
		},
		{
			"__comment": "Voxels",
			"from": [ 14, 8, 0.5 ],
			"to": [ 15, 8.5, 1 ],
			"faces": {
				"down": { "uv": [ 10.75, 0.625, 11, 0.75 ], "texture": "#voxels_atlas" },
				"up": { "uv": [ 10.75, 0.625, 11, 0.5 ], "texture": "#voxels_atlas" },
				"north": { "uv": [ 11, 0.375, 10.75, 0.5 ], "texture": "#voxels_atlas" },
				"south": { "uv": [ 10.75, 0.25, 11, 0.375 ], "texture": "#voxels_atlas" },
				"west": { "uv": [ 12.125, 3.625, 12.25, 3.75 ], "texture": "#voxels_atlas" },
				"east": { "uv": [ 12.25, 3.5, 12.125, 3.625 ], "texture": "#voxels_atlas" }
			}
		},
		{
			"__comment": "Voxels",
			"from": [ 14, 8, 11.5 ],
			"to": [ 15, 8.5, 12 ],
			"faces": {
				"down": { "uv": [ 10.75, 0.125, 11, 0.25 ], "texture": "#voxels_atlas" },
				"up": { "uv": [ 10.75, 0.125, 11, 0 ], "texture": "#voxels_atlas" },
				"north": { "uv": [ 11.25, 1, 11, 1.125 ], "texture": "#voxels_atlas" },
				"south": { "uv": [ 11.25, 1, 11.5, 1.125 ], "texture": "#voxels_atlas" },
				"west": { "uv": [ 12.125, 2.875, 12.25, 3 ], "texture": "#voxels_atlas" },
				"east": { "uv": [ 12.25, 2.75, 12.125, 2.875 ], "texture": "#voxels_atlas" }
			}
		},
		{
			"__comment": "Voxels",
			"from": [ 14, 9, 0.5 ],
			"to": [ 15, 9.5, 1 ],
			"faces": {
				"down": { "uv": [ 11.5, 1, 11.75, 1.125 ], "texture": "#voxels_atlas" },
				"up": { "uv": [ 11.75, 1.125, 12, 1 ], "texture": "#voxels_atlas" },
				"north": { "uv": [ 11.25, 0.875, 11, 1 ], "texture": "#voxels_atlas" },
				"south": { "uv": [ 11.25, 0.875, 11.5, 1 ], "texture": "#voxels_atlas" },
				"west": { "uv": [ 12.125, 2.125, 12.25, 2.25 ], "texture": "#voxels_atlas" },
				"east": { "uv": [ 12.25, 2, 12.125, 2.125 ], "texture": "#voxels_atlas" }
			}
		}
	],
	"display": {
		"thirdperson_righthand": {
			"translation":  [ -0.695, 0.6963, -1.391 ],
			"scale":  [ 0.5, 0.5, 0.5 ]
		},
		"thirdperson_lefthand": {
			"translation":  [ -0.695, 0.6963, -1.391 ],
			"scale":  [ 0.5, 0.5, 0.5 ]
		},
		"firstperson_righthand": {
			"rotation":  [ -42, 122, 36 ],
			"scale":  [ 0.6, 0.6, 0.6 ]
		},
		"firstperson_lefthand": {
			"rotation":  [ -42, 122, 36 ],
			"scale":  [ 0.6, 0.6, 0.6 ]
		},
		"gui": {
			"rotation":  [ 0, 136, 0 ],
			"translation":  [ 2.0869, 0.6962, 0 ],
			"scale":  [ 0.8, 0.8, 0.8 ]
		},
		"ground": {
			"rotation":  [ 56, 0, 0 ],
			"scale":  [ 0.6, 0.6, 0.6 ]
		},
		"fixed": {
			"rotation":  [ -90, 0, 0 ],
			"translation":  [ -2.80, 3.5, -26.42 ],
			"scale":  [ 2, 3, 2 ]
		}
	}
}