{
	"__comment": "Designed by Pashjn for CraftCitizen with Cubik Studio - https://cubik.studio",
	"textures": {
		"particle": "block/ladder1",
		"texture": "block/ladder1",
		"voxels_atlas": "block/ladder1"
	},
	"elements": [ 	 
		{
			"__comment": "Voxels",
			"from": [ 1, 0, 3.5 ],
			"to": [ 2, 15.5, 4.5 ],
			"rotation": { "origin": [ 2, 0, 3.5 ], "axis": "z", "angle": -22.5 },
			"faces": {
				"down": { "uv": [ 9.5, 15, 8.5, 14 ], "texture": "#voxels_atlas", "rotation": 90 },
				"up": { "uv": [ 10.5, 14, 9.5, 15 ], "texture": "#voxels_atlas", "rotation": 270 },
				"north": { "uv": [ 0, 9, 15.5, 8 ], "texture": "#voxels_atlas", "rotation": 270 },
				"south": { "uv": [ 15.5, 8, 0, 7 ], "texture": "#voxels_atlas", "rotation": 90 },
				"west": { "uv": [ 15.5, 9, 0, 10 ], "texture": "#voxels_atlas", "rotation": 90 },
				"east": { "uv": [ 0, 10, 15.5, 11 ], "texture": "#voxels_atlas", "rotation": 270 }
			}
		},
		{
			"__comment": "Voxels",
			"from": [ 2.5, 4.5, 4 ],
			"to": [ 5, 5, 12.5 ],
			"faces": {
				"down": { "uv": [ 0, 13.5, 8.5, 16 ], "texture": "#voxels_atlas", "rotation": 270 },
				"up": { "uv": [ 0, 13.5, 8.5, 11 ], "texture": "#voxels_atlas", "rotation": 90 },
				"north": { "uv": [ 8.5, 15.5, 11, 16 ], "texture": "#voxels_atlas" },
				"south": { "uv": [ 11, 15, 8.5, 15.5 ], "texture": "#voxels_atlas" },
				"west": { "uv": [ 0, 6, 8.5, 6.5 ], "texture": "#voxels_atlas" },
				"east": { "uv": [ 8.5, 6.5, 0, 7 ], "texture": "#voxels_atlas" }
			}
		},
		{
			"__comment": "Voxels",
			"from": [ 1, 0, 12 ],
			"to": [ 2, 15.5, 13 ],
			"rotation": { "origin": [ 2, 0, 12 ], "axis": "z", "angle": -22.5 },
			"faces": {
				"down": { "uv": [ 9.5, 15, 8.5, 14 ], "texture": "#voxels_atlas", "rotation": 90 },
				"up": { "uv": [ 10.5, 14, 9.5, 15 ], "texture": "#voxels_atlas", "rotation": 270 },
				"north": { "uv": [ 0, 9, 15.5, 8 ], "texture": "#voxels_atlas", "rotation": 270 },
				"south": { "uv": [ 15.5, 8, 0, 7 ], "texture": "#voxels_atlas", "rotation": 90 },
				"west": { "uv": [ 15.5, 9, 0, 10 ], "texture": "#voxels_atlas", "rotation": 90 },
				"east": { "uv": [ 0, 10, 15.5, 11 ], "texture": "#voxels_atlas", "rotation": 270 }
			}
		},
		{
			"__comment": "Voxels",
			"from": [ 4.5, 10, 4 ],
			"to": [ 7, 10.5, 12.5 ],
			"faces": {
				"down": { "uv": [ 0, 13.5, 8.5, 16 ], "texture": "#voxels_atlas", "rotation": 270 },
				"up": { "uv": [ 0, 13.5, 8.5, 11 ], "texture": "#voxels_atlas", "rotation": 90 },
				"north": { "uv": [ 8.5, 15.5, 11, 16 ], "texture": "#voxels_atlas" },
				"south": { "uv": [ 11, 15, 8.5, 15.5 ], "texture": "#voxels_atlas" },
				"west": { "uv": [ 0, 6, 8.5, 6.5 ], "texture": "#voxels_atlas" },
				"east": { "uv": [ 8.5, 6.5, 0, 7 ], "texture": "#voxels_atlas" }
			}
		},
		{
			"__comment": "Voxels",
			"from": [ 5.5, 14.5, 4 ],
			"to": [ 8, 15, 12.5 ],
			"faces": {
				"down": { "uv": [ 0, 13.5, 8.5, 16 ], "texture": "#voxels_atlas", "rotation": 270 },
				"up": { "uv": [ 0, 13.5, 8.5, 11 ], "texture": "#voxels_atlas", "rotation": 90 },
				"north": { "uv": [ 8.5, 15.5, 11, 16 ], "texture": "#voxels_atlas" },
				"south": { "uv": [ 11, 15, 8.5, 15.5 ], "texture": "#voxels_atlas" },
				"west": { "uv": [ 0, 6, 8.5, 6.5 ], "texture": "#voxels_atlas" },
				"east": { "uv": [ 8.5, 6.5, 0, 7 ], "texture": "#voxels_atlas" }
			}
		},
		{
			"__comment": "Voxels",
			"from": [ 14, 0.5, 12 ],
			"to": [ 15, 16, 13 ],
			"rotation": { "origin": [ 15, 0.5, 12 ], "axis": "z", "angle": 22.5 },
			"faces": {
				"down": { "uv": [ 9.5, 15, 8.5, 14 ], "texture": "#voxels_atlas", "rotation": 90 },
				"up": { "uv": [ 10.5, 14, 9.5, 15 ], "texture": "#voxels_atlas", "rotation": 270 },
				"north": { "uv": [ 0, 9, 15.5, 8 ], "texture": "#voxels_atlas", "rotation": 270 },
				"south": { "uv": [ 15.5, 8, 0, 7 ], "texture": "#voxels_atlas", "rotation": 90 },
				"west": { "uv": [ 15.5, 9, 0, 10 ], "texture": "#voxels_atlas", "rotation": 90 },
				"east": { "uv": [ 0, 10, 15.5, 11 ], "texture": "#voxels_atlas", "rotation": 270 }
			}
		},
		{
			"__comment": "Voxels",
			"from": [ 8, 14.5, 4 ],
			"to": [ 10.5, 15, 12.5 ],
			"faces": {
				"down": { "uv": [ 0, 13.5, 8.5, 16 ], "texture": "#voxels_atlas", "rotation": 270 },
				"up": { "uv": [ 0, 13.5, 8.5, 11 ], "texture": "#voxels_atlas", "rotation": 90 },
				"north": { "uv": [ 8.5, 15.5, 11, 16 ], "texture": "#voxels_atlas" },
				"south": { "uv": [ 11, 15, 8.5, 15.5 ], "texture": "#voxels_atlas" },
				"west": { "uv": [ 0, 6, 8.5, 6.5 ], "texture": "#voxels_atlas" },
				"east": { "uv": [ 8.5, 6.5, 0, 7 ], "texture": "#voxels_atlas" }
			}
		},
		{
			"__comment": "Voxels",
			"from": [ 14, 0.5, 3.5 ],
			"to": [ 15, 16, 4.5 ],
			"rotation": { "origin": [ 15, 0.5, 3.5 ], "axis": "z", "angle": 22.5 },
			"faces": {
				"down": { "uv": [ 9.5, 15, 8.5, 14 ], "texture": "#voxels_atlas", "rotation": 90 },
				"up": { "uv": [ 10.5, 14, 9.5, 15 ], "texture": "#voxels_atlas", "rotation": 270 },
				"north": { "uv": [ 0, 9, 15.5, 8 ], "texture": "#voxels_atlas", "rotation": 270 },
				"south": { "uv": [ 15.5, 8, 0, 7 ], "texture": "#voxels_atlas", "rotation": 90 },
				"west": { "uv": [ 15.5, 9, 0, 10 ], "texture": "#voxels_atlas", "rotation": 90 },
				"east": { "uv": [ 0, 10, 15.5, 11 ], "texture": "#voxels_atlas", "rotation": 270 }
			}
		},
		{
			"__comment": "Voxels",
			"from": [ 9, 10, 4 ],
			"to": [ 11.5, 10.5, 12.5 ],
			"faces": {
				"down": { "uv": [ 0, 13.5, 8.5, 16 ], "texture": "#voxels_atlas", "rotation": 270 },
				"up": { "uv": [ 0, 13.5, 8.5, 11 ], "texture": "#voxels_atlas", "rotation": 90 },
				"north": { "uv": [ 8.5, 15.5, 11, 16 ], "texture": "#voxels_atlas" },
				"south": { "uv": [ 11, 15, 8.5, 15.5 ], "texture": "#voxels_atlas" },
				"west": { "uv": [ 0, 6, 8.5, 6.5 ], "texture": "#voxels_atlas" },
				"east": { "uv": [ 8.5, 6.5, 0, 7 ], "texture": "#voxels_atlas" }
			}
		},
		{
			"__comment": "Voxels",
			"from": [ 11.5, 4.5, 4 ],
			"to": [ 14, 5, 12.5 ],
			"faces": {
				"down": { "uv": [ 0, 13.5, 8.5, 16 ], "texture": "#voxels_atlas", "rotation": 270 },
				"up": { "uv": [ 0, 13.5, 8.5, 11 ], "texture": "#voxels_atlas", "rotation": 90 },
				"north": { "uv": [ 8.5, 15.5, 11, 16 ], "texture": "#voxels_atlas" },
				"south": { "uv": [ 11, 15, 8.5, 15.5 ], "texture": "#voxels_atlas" },
				"west": { "uv": [ 0, 6, 8.5, 6.5 ], "texture": "#voxels_atlas" },
				"east": { "uv": [ 8.5, 6.5, 0, 7 ], "texture": "#voxels_atlas" }
			}
		}
	],
	"display": {
		"gui": {
			"rotation":  [ 34, 34, 0 ],
			"scale":  [ 0.6, 0.6, 0.6 ]
		},
		"ground": {
			"rotation":  [ 33, 0, 0 ],
			"scale":  [ 0.6, 0.6, 0.6 ]
		},
		"fixed": {
			"rotation":  [ -90, 0, 0 ],
			"translation":  [ 0, 0, -19.46 ],
			"scale":  [ 2.5, 2.5, 2.5 ]
		}
	}
}