{
	"__comment": "Designed by Pashjn for CraftCitizen with Cubik Studio - https://cubik.studio",
	"textures": {
		"particle": "block/logs1",
		"texture": "block/logs1",
		"voxels_atlas": "block/logs1"
	},
	"elements": [ 	 
		{
			"__comment": "Voxels",
			"from": [ -6.5, 1, 3.5 ],
			"to": [ 14.5, 5, 7.5 ],
			"rotation": { "origin": [ -6.5, 1, 7.5 ], "axis": "y", "angle": -22.5 },
			"faces": {
				"down": { "uv": [ 0, 5.5, 2, 16 ], "texture": "#voxels_atlas", "rotation": 90 },
				"up": { "uv": [ 2, 16, 4, 5.5 ], "texture": "#voxels_atlas", "rotation": 270 },
				"north": { "uv": [ 14.5, 12, 4, 14 ], "texture": "#voxels_atlas" },
				"south": { "uv": [ 4, 14, 14.5, 16 ], "texture": "#voxels_atlas" },
				"west": { "uv": [ 2, 3.5, 0, 5.5 ], "texture": "#voxels_atlas" },
				"east": { "uv": [ 0, 1.5, 2, 3.5 ], "texture": "#voxels_atlas" }
			}
		},
		{
			"__comment": "Voxels",
			"from": [ 3, 1, 3.5 ],
			"to": [ 7, 5, 31 ],
			"rotation": { "origin": [ 3, 1, 3.5 ], "axis": "x", "angle": -45 },
			"faces": {
				"down": { "uv": [ 0, 5.5, 2, 16 ], "texture": "#voxels_atlas" },
				"up": { "uv": [ 2, 16, 4, 5.5 ], "texture": "#voxels_atlas" },
				"north": { "uv": [ 2, 3.5, 0, 5.5 ], "texture": "#voxels_atlas" },
				"south": { "uv": [ 0, 1.5, 2, 3.5 ], "texture": "#voxels_atlas" },
				"west": { "uv": [ 4, 14, 14.5, 16 ], "texture": "#voxels_atlas" },
				"east": { "uv": [ 14.5, 12, 4, 14 ], "texture": "#voxels_atlas" }
			}
		}
	],
	"display": {
		"thirdperson_righthand": {
			"rotation":  [ 88, 23, 80 ],
			"translation":  [ 0.0006, -0.697, 4.8695 ]
		},
		"thirdperson_lefthand": {
			"rotation":  [ 88, 23, 80 ],
			"translation":  [ 0.0006, -0.697, 4.8695 ]
		},
		"firstperson_righthand": {
			"rotation":  [ 39, -144, 0 ],
			"translation":  [ 0, 0.6956, 0 ],
			"scale":  [ 0.5, 0.5, 0.5 ]
		},
		"firstperson_lefthand": {
			"rotation":  [ 39, -144, 0 ],
			"translation":  [ 0, 0.6956, 0 ],
			"scale":  [ 0.5, 0.5, 0.5 ]
		},
		"gui": {
			"rotation":  [ 41, -39, 0 ],
			"translation":  [ 2.7826, 2.0869, 0 ],
			"scale":  [ 0.6, 0.6, 0.6 ]
		},
		"ground": {
			"rotation":  [ 19, 25, 0 ],
			"translation":  [ 2.0869, 4.8695, -0.694 ],
			"scale":  [ 0.4, 0.4, 0.4 ]
		},
		"fixed": {
			"rotation":  [ -90, 0, 0 ],
			"translation":  [ 9.7391, -5.564, -13.9 ],
			"scale":  [ 2, 2, 2 ]
		}
	}
}