{
	"__comment": "Designed by Pashjn for CraftCitizen with Cubik Studio - https://cubik.studio",
	"textures": {
		"particle": "items/pendelauer",
		"texture": "items/pendelauer",
		"voxels_atlas": "items/pendelauer",
		"pendel": "items/pendel"
	},
	"elements": [ 	 
		{
			"__comment": "Box55",
			"from": [ 2, -5, 10.51 ],
			"to": [ 7.5, 8, 10.511 ],
			"faces": {
				"down": { "uv": [ 0, 0, 16, 16 ], "texture": "#texture" },
				"up": { "uv": [ 0, 0, 16, 16 ], "texture": "#texture" },
				"north": { "uv": [ 0, 0, 16, 16 ], "texture": "#pendel" },
				"south": { "uv": [ 0, 0, 16, 16 ], "texture": "#pendel" },
				"west": { "uv": [ 0, 0, 16, 16 ], "texture": "#texture" },
				"east": { "uv": [ 0, 0, 16, 16 ], "texture": "#texture" }
			}
		},
		{
			"__comment": "Voxels",
			"from": [ -3.5, 20, -0.5 ],
			"to": [ -0.5, 21, 13 ],
			"faces": {
				"down": { "uv": [ 10.625, 12, 11, 13.6875 ], "texture": "#voxels_atlas" },
				"up": { "uv": [ 10.625, 12, 11, 10.3125 ], "texture": "#voxels_atlas" },
				"north": { "uv": [ 1.875, 8.8125, 1.5, 8.9375 ], "texture": "#voxels_atlas" },
				"south": { "uv": [ 1.5, 8.9375, 1.875, 9.0625 ], "texture": "#voxels_atlas" },
				"west": { "uv": [ 11.0625, 15.5, 12.75, 15.625 ], "texture": "#voxels_atlas" },
				"east": { "uv": [ 12.75, 15.625, 11.0625, 15.75 ], "texture": "#voxels_atlas" }
			}
		},
		{
			"__comment": "Voxels",
			"from": [ -2, 19.5, 0 ],
			"to": [ 11.5, 20, 12.5 ],
			"faces": {
				"down": { "uv": [ 2.1875, 14.4375, 3.875, 16 ], "texture": "#voxels_atlas" },
				"up": { "uv": [ 2.1875, 14.4375, 3.875, 12.875 ], "texture": "#voxels_atlas" },
				"north": { "uv": [ 15.75, 15.1875, 14.0625, 15.25 ], "texture": "#voxels_atlas" },
				"south": { "uv": [ 14.0625, 15.5, 15.75, 15.5625 ], "texture": "#voxels_atlas" },
				"west": { "uv": [ 14.0625, 14.875, 15.625, 14.9375 ], "texture": "#voxels_atlas" },
				"east": { "uv": [ 15.625, 14.9375, 14.0625, 15 ], "texture": "#voxels_atlas" }
			}
		},
		{
			"__comment": "Voxels",
			"from": [ -1.5, 19, 0 ],
			"to": [ 11, 19.5, 12.5 ],
			"faces": {
				"down": { "uv": [ 2.1875, 8.1875, 3.75, 9.75 ], "texture": "#voxels_atlas" },
				"up": { "uv": [ 3.875, 16, 5.4375, 14.4375 ], "texture": "#voxels_atlas" },
				"north": { "uv": [ 15.625, 15.0625, 14.0625, 15.125 ], "texture": "#voxels_atlas" },
				"south": { "uv": [ 11.375, 14, 12.9375, 14.0625 ], "texture": "#voxels_atlas" },
				"west": { "uv": [ 11.375, 14.8125, 12.9375, 14.875 ], "texture": "#voxels_atlas" },
				"east": { "uv": [ 12.9375, 14.4375, 11.375, 14.5 ], "texture": "#voxels_atlas" }
			}
		},
		{
			"__comment": "Voxels",
			"from": [ -1, -11, 1 ],
			"to": [ 10.5, -10, 11.5 ],
			"faces": {
				"down": { "uv": [ 3.875, 10, 5.3125, 11.3125 ], "texture": "#voxels_atlas" },
				"up": { "uv": [ 3.875, 10, 5.3125, 8.6875 ], "texture": "#voxels_atlas" },
				"north": { "uv": [ 12.5, 15, 11.0625, 15.125 ], "texture": "#voxels_atlas" },
				"south": { "uv": [ 11.0625, 15.125, 12.5, 15.25 ], "texture": "#voxels_atlas" },
				"west": { "uv": [ 12.75, 15.5, 14.0625, 15.625 ], "texture": "#voxels_atlas" },
				"east": { "uv": [ 14.0625, 15.875, 12.75, 16 ], "texture": "#voxels_atlas" }
			}
		},
		{
			"__comment": "Voxels",
			"from": [ -1, 18.5, 0 ],
			"to": [ 4, 19, 12.5 ],
			"faces": {
				"down": { "uv": [ 9.5, 12.125, 10.125, 13.6875 ], "texture": "#voxels_atlas" },
				"up": { "uv": [ 9.5, 12.125, 10.125, 10.5625 ], "texture": "#voxels_atlas" },
				"north": { "uv": [ 2.125, 8.5, 1.5, 8.5625 ], "texture": "#voxels_atlas" },
				"south": { "uv": [ 1.5, 8.4375, 2.125, 8.5 ], "texture": "#voxels_atlas" },
				"west": { "uv": [ 11.375, 14.5625, 12.9375, 14.625 ], "texture": "#voxels_atlas" },
				"east": { "uv": [ 15.625, 15, 14.0625, 15.0625 ], "texture": "#voxels_atlas" }
			}
		},
		{
			"__comment": "Voxels",
			"from": [ -1, 21, -0.5 ],
			"to": [ 0.5, 21.5, 13 ],
			"faces": {
				"down": { "uv": [ 11.4375, 12, 11.625, 13.6875 ], "texture": "#voxels_atlas" },
				"up": { "uv": [ 11.1875, 12, 11.375, 10.3125 ], "texture": "#voxels_atlas" },
				"north": { "uv": [ 1.125, 9, 0.9375, 9.0625 ], "texture": "#voxels_atlas" },
				"south": { "uv": [ 0.9375, 8.9375, 1.125, 9 ], "texture": "#voxels_atlas" },
				"west": { "uv": [ 14.0625, 15.75, 15.75, 15.8125 ], "texture": "#voxels_atlas" },
				"east": { "uv": [ 15.75, 15.625, 14.0625, 15.6875 ], "texture": "#voxels_atlas" }
			}
		},
		{
			"__comment": "Voxels",
			"from": [ -0.5, -10, 1 ],
			"to": [ 10, -9.5, 11.5 ],
			"faces": {
				"down": { "uv": [ 5.4375, 13.375, 6.75, 14.6875 ], "texture": "#voxels_atlas" },
				"up": { "uv": [ 5.4375, 13.375, 6.75, 12.0625 ], "texture": "#voxels_atlas" },
				"north": { "uv": [ 14.0625, 15.0625, 12.75, 15.125 ], "texture": "#voxels_atlas" },
				"south": { "uv": [ 12.75, 15, 14.0625, 15.0625 ], "texture": "#voxels_atlas" },
				"west": { "uv": [ 12.75, 15.125, 14.0625, 15.1875 ], "texture": "#voxels_atlas" },
				"east": { "uv": [ 14.0625, 15.4375, 12.75, 15.5 ], "texture": "#voxels_atlas" }
			}
		},
		{
			"__comment": "Voxels",
			"from": [ -0.5, -7.5, 1 ],
			"to": [ 10, -6.5, 11.5 ],
			"faces": {
				"down": { "uv": [ 5.4375, 14.6875, 6.75, 16 ], "texture": "#voxels_atlas" },
				"up": { "uv": [ 5.4375, 12.0625, 6.75, 10.75 ], "texture": "#voxels_atlas" },
				"north": { "uv": [ 14.0625, 15.625, 12.75, 15.75 ], "texture": "#voxels_atlas" },
				"south": { "uv": [ 12.75, 15.75, 14.0625, 15.875 ], "texture": "#voxels_atlas" },
				"west": { "uv": [ 11.0625, 14.875, 12.375, 15 ], "texture": "#voxels_atlas" },
				"east": { "uv": [ 6.75, 8, 5.4375, 8.125 ], "texture": "#voxels_atlas" }
			}
		},
		{
			"__comment": "Voxels",
			"from": [ -0.5, 18, 0 ],
			"to": [ 3.5, 18.5, 12.5 ],
			"faces": {
				"down": { "uv": [ 10.125, 12.125, 10.625, 13.6875 ], "texture": "#voxels_atlas" },
				"up": { "uv": [ 9.5, 10.5625, 10, 9 ], "texture": "#voxels_atlas" },
				"north": { "uv": [ 14.625, 14.8125, 14.125, 14.875 ], "texture": "#voxels_atlas" },
				"south": { "uv": [ 3.375, 8.125, 3.875, 8.1875 ], "texture": "#voxels_atlas" },
				"west": { "uv": [ 11.375, 14.0625, 12.9375, 14.125 ], "texture": "#voxels_atlas" },
				"east": { "uv": [ 12.9375, 14.375, 11.375, 14.4375 ], "texture": "#voxels_atlas" }
			}
		},
		{
			"__comment": "Voxels",
			"from": [ -0.5, 20, 0 ],
			"to": [ 13, 21, 12.5 ],
			"faces": {
				"down": { "uv": [ 2.1875, 9.75, 3.875, 11.3125 ], "texture": "#voxels_atlas" },
				"up": { "uv": [ 2.1875, 12.875, 3.875, 11.3125 ], "texture": "#voxels_atlas" },
				"north": { "uv": [ 12.75, 15.875, 11.0625, 16 ], "texture": "#voxels_atlas" },
				"south": { "uv": [ 11.0625, 15.75, 12.75, 15.875 ], "texture": "#voxels_atlas" },
				"west": { "uv": [ 11.0625, 15.375, 12.625, 15.5 ], "texture": "#voxels_atlas" },
				"east": { "uv": [ 12.625, 15.25, 11.0625, 15.375 ], "texture": "#voxels_atlas" }
			}
		},
		{
			"__comment": "Voxels",
			"from": [ -0.5, 20.5, -0.5 ],
			"to": [ 0, 21, 0 ],
			"faces": {
				"down": { "uv": [ 2.125, 9.5, 2.1875, 9.5625 ], "texture": "#voxels_atlas" },
				"up": { "uv": [ 2.125, 9.5, 2.1875, 9.4375 ], "texture": "#voxels_atlas" },
				"north": { "uv": [ 2.1875, 9.375, 2.125, 9.4375 ], "texture": "#voxels_atlas" },
				"south": { "uv": [ 2.125, 9.3125, 2.1875, 9.375 ], "texture": "#voxels_atlas" },
				"west": { "uv": [ 2.125, 8.3125, 2.1875, 8.375 ], "texture": "#voxels_atlas" },
				"east": { "uv": [ 2.1875, 8.375, 2.125, 8.4375 ], "texture": "#voxels_atlas" }
			}
		},
		{
			"__comment": "Voxels",
			"from": [ -0.5, 20.5, 12.5 ],
			"to": [ 0, 21, 13 ],
			"faces": {
				"down": { "uv": [ 2.125, 8.4375, 2.1875, 8.5 ], "texture": "#voxels_atlas" },
				"up": { "uv": [ 2.125, 8.5625, 2.1875, 8.5 ], "texture": "#voxels_atlas" },
				"north": { "uv": [ 2.1875, 8.9375, 2.125, 9 ], "texture": "#voxels_atlas" },
				"south": { "uv": [ 2.125, 9, 2.1875, 9.0625 ], "texture": "#voxels_atlas" },
				"west": { "uv": [ 2.125, 9.0625, 2.1875, 9.125 ], "texture": "#voxels_atlas" },
				"east": { "uv": [ 2.1875, 9.125, 2.125, 9.1875 ], "texture": "#voxels_atlas" }
			}
		},
		{
			"__comment": "Voxels",
			"from": [ 0, -9.5, 1 ],
			"to": [ 9.5, -9, 11.5 ],
			"faces": {
				"down": { "uv": [ 5.4375, 9.4375, 6.625, 10.75 ], "texture": "#voxels_atlas" },
				"up": { "uv": [ 6.75, 14.6875, 7.9375, 13.375 ], "texture": "#voxels_atlas" },
				"north": { "uv": [ 5.0625, 8, 3.875, 8.0625 ], "texture": "#voxels_atlas" },
				"south": { "uv": [ 12.9375, 14.5625, 14.125, 14.625 ], "texture": "#voxels_atlas" },
				"west": { "uv": [ 12.75, 15.375, 14.0625, 15.4375 ], "texture": "#voxels_atlas" },
				"east": { "uv": [ 14.0625, 15.3125, 12.75, 15.375 ], "texture": "#voxels_atlas" }
			}
		},
		{
			"__comment": "Voxels",
			"from": [ 0, -6.5, 1 ],
			"to": [ 9.5, -6, 11.5 ],
			"faces": {
				"down": { "uv": [ 6.75, 14.6875, 7.9375, 16 ], "texture": "#voxels_atlas" },
				"up": { "uv": [ 5.4375, 9.4375, 6.625, 8.125 ], "texture": "#voxels_atlas" },
				"north": { "uv": [ 14.125, 14.3125, 12.9375, 14.375 ], "texture": "#voxels_atlas" },
				"south": { "uv": [ 12.9375, 14.75, 14.125, 14.8125 ], "texture": "#voxels_atlas" },
				"west": { "uv": [ 12.75, 15.25, 14.0625, 15.3125 ], "texture": "#voxels_atlas" },
				"east": { "uv": [ 14.0625, 15.1875, 12.75, 15.25 ], "texture": "#voxels_atlas" }
			}
		},
		{
			"__comment": "Voxels",
			"from": [ 0, 15.5, 1.5 ],
			"to": [ 9.5, 18, 11 ],
			"faces": {
				"down": { "uv": [ 6.75, 11, 7.9375, 12.1875 ], "texture": "#voxels_atlas" },
				"up": { "uv": [ 6.75, 13.375, 7.9375, 12.1875 ], "texture": "#voxels_atlas" },
				"north": { "uv": [ 7.9375, 8, 6.75, 8.3125 ], "texture": "#voxels_atlas" },
				"south": { "uv": [ 3.875, 8.375, 5.0625, 8.6875 ], "texture": "#voxels_atlas" },
				"west": { "uv": [ 3.875, 8.0625, 5.0625, 8.375 ], "texture": "#voxels_atlas" },
				"east": { "uv": [ 11.0625, 15.6875, 9.875, 16 ], "texture": "#voxels_atlas" }
			}
		},
		{
			"__comment": "Voxels",
			"from": [ 0, 17, 1 ],
			"to": [ 9.5, 18, 1.5 ],
			"faces": {
				"down": { "uv": [ 12.9375, 14.6875, 14.125, 14.75 ], "texture": "#voxels_atlas" },
				"up": { "uv": [ 9.875, 14.9375, 11.0625, 14.875 ], "texture": "#voxels_atlas" },
				"north": { "uv": [ 11.0625, 15.25, 9.875, 15.375 ], "texture": "#voxels_atlas" },
				"south": { "uv": [ 9.875, 15.375, 11.0625, 15.5 ], "texture": "#voxels_atlas" },
				"west": { "uv": [ 1, 9.6875, 1.0625, 9.8125 ], "texture": "#voxels_atlas" },
				"east": { "uv": [ 1.125, 9.6875, 1.0625, 9.8125 ], "texture": "#voxels_atlas" }
			}
		},
		{
			"__comment": "Voxels",
			"from": [ 0, 17, 11 ],
			"to": [ 9.5, 18, 11.5 ],
			"faces": {
				"down": { "uv": [ 12.9375, 14.1875, 14.125, 14.25 ], "texture": "#voxels_atlas" },
				"up": { "uv": [ 12.9375, 14.6875, 14.125, 14.625 ], "texture": "#voxels_atlas" },
				"north": { "uv": [ 11.0625, 15, 9.875, 15.125 ], "texture": "#voxels_atlas" },
				"south": { "uv": [ 9.875, 15.125, 11.0625, 15.25 ], "texture": "#voxels_atlas" },
				"west": { "uv": [ 1, 9.5625, 1.0625, 9.6875 ], "texture": "#voxels_atlas" },
				"east": { "uv": [ 1.125, 9.5625, 1.0625, 9.6875 ], "texture": "#voxels_atlas" }
			}
		},
		{
			"__comment": "Voxels",
			"from": [ 0, 17.5, 0.5 ],
			"to": [ 9.5, 18, 1 ],
			"faces": {
				"down": { "uv": [ 12.9375, 14.125, 14.125, 14.1875 ], "texture": "#voxels_atlas" },
				"up": { "uv": [ 12.9375, 14.4375, 14.125, 14.375 ], "texture": "#voxels_atlas" },
				"north": { "uv": [ 14.125, 14.4375, 12.9375, 14.5 ], "texture": "#voxels_atlas" },
				"south": { "uv": [ 12.9375, 14.5, 14.125, 14.5625 ], "texture": "#voxels_atlas" },
				"west": { "uv": [ 1, 9.0625, 1.0625, 9.125 ], "texture": "#voxels_atlas" },
				"east": { "uv": [ 1.125, 8.125, 1.0625, 8.1875 ], "texture": "#voxels_atlas" }
			}
		},
		{
			"__comment": "Voxels",
			"from": [ 0, 17.5, 11.5 ],
			"to": [ 9.5, 18, 12 ],
			"faces": {
				"down": { "uv": [ 12.9375, 14.8125, 14.125, 14.875 ], "texture": "#voxels_atlas" },
				"up": { "uv": [ 11.375, 13.75, 12.5625, 13.6875 ], "texture": "#voxels_atlas" },
				"north": { "uv": [ 11.0625, 14.9375, 9.875, 15 ], "texture": "#voxels_atlas" },
				"south": { "uv": [ 12.9375, 14.25, 14.125, 14.3125 ], "texture": "#voxels_atlas" },
				"west": { "uv": [ 2.125, 9.875, 2.1875, 9.9375 ], "texture": "#voxels_atlas" },
				"east": { "uv": [ 2.1875, 9.75, 2.125, 9.8125 ], "texture": "#voxels_atlas" }
			}
		},
		{
			"__comment": "Voxels",
			"from": [ 0, 21.5, -0.5 ],
			"to": [ 1.5, 22, 13 ],
			"faces": {
				"down": { "uv": [ 11.625, 12, 11.8125, 13.6875 ], "texture": "#voxels_atlas" },
				"up": { "uv": [ 11.4375, 10.3125, 11.625, 8.625 ], "texture": "#voxels_atlas" },
				"north": { "uv": [ 1.3125, 8.0625, 1.125, 8.125 ], "texture": "#voxels_atlas" },
				"south": { "uv": [ 1.125, 8.125, 1.3125, 8.1875 ], "texture": "#voxels_atlas" },
				"west": { "uv": [ 14.0625, 15.9375, 15.75, 16 ], "texture": "#voxels_atlas" },
				"east": { "uv": [ 15.75, 15.6875, 14.0625, 15.75 ], "texture": "#voxels_atlas" }
			}
		},
		{
			"__comment": "Voxels",
			"from": [ 0.5, -6, 1.5 ],
			"to": [ 9, 15.5, 10.5 ],
			"faces": {
				"down": { "uv": [ 6.75, 8.3125, 7.8125, 9.4375 ], "texture": "#voxels_atlas" },
				"up": { "uv": [ 8.8125, 16, 9.875, 14.875 ], "texture": "#voxels_atlas" },
				"north": { "uv": [ 2.1875, 10.625, 1.125, 13.3125 ], "texture": "#voxels_atlas" },
				"south": { "uv": [ 1.125, 13.3125, 2.1875, 16 ], "texture": "#voxels_atlas" },
				"west": { "uv": [ 0, 10.625, 1.125, 13.3125 ], "texture": "#voxels_atlas" },
				"east": { "uv": [ 1.125, 13.3125, 0, 16 ], "texture": "#voxels_atlas" }
			}
		},
		{
			"__comment": "Voxels",
			"from": [ 0.5, -6, 10.5 ],
			"to": [ 9, -5, 11 ],
			"faces": {
				"down": { "uv": [ 0, 8, 1.0625, 8.0625 ], "texture": "#voxels_atlas" },
				"up": { "uv": [ 12.9375, 14.125, 14, 14.0625 ], "texture": "#voxels_atlas" },
				"north": { "uv": [ 1.0625, 8.0625, 0, 8.1875 ], "texture": "#voxels_atlas" },
				"south": { "uv": [ 0, 8.1875, 1.0625, 8.3125 ], "texture": "#voxels_atlas" },
				"west": { "uv": [ 1, 9.4375, 1.0625, 9.5625 ], "texture": "#voxels_atlas" },
				"east": { "uv": [ 1.125, 9.4375, 1.0625, 9.5625 ], "texture": "#voxels_atlas" }
			}
		},
		{
			"__comment": "Voxels",
			"from": [ 0.5, -5, 10.5 ],
			"to": [ 2, 15.5, 11 ],
			"faces": {
				"down": { "uv": [ 1.125, 8.1875, 1.3125, 8.25 ], "texture": "#voxels_atlas" },
				"up": { "uv": [ 1.125, 8.3125, 1.3125, 8.25 ], "texture": "#voxels_atlas" },
				"north": { "uv": [ 11.1875, 11.125, 11, 13.6875 ], "texture": "#voxels_atlas" },
				"south": { "uv": [ 11, 8.5625, 11.1875, 11.125 ], "texture": "#voxels_atlas" },
				"west": { "uv": [ 11.8125, 11.125, 11.875, 13.6875 ], "texture": "#voxels_atlas" },
				"east": { "uv": [ 11.875, 8.5625, 11.8125, 11.125 ], "texture": "#voxels_atlas" }
			}
		},
		{
			"__comment": "Voxels",
			"from": [ 0.5, 21, 0 ],
			"to": [ 10.5, 21.5, 12.5 ],
			"faces": {
				"down": { "uv": [ 3.875, 12.875, 5.125, 14.4375 ], "texture": "#voxels_atlas" },
				"up": { "uv": [ 3.875, 12.875, 5.125, 11.3125 ], "texture": "#voxels_atlas" },
				"north": { "uv": [ 14, 14.875, 12.75, 14.9375 ], "texture": "#voxels_atlas" },
				"south": { "uv": [ 12.75, 14.9375, 14, 15 ], "texture": "#voxels_atlas" },
				"west": { "uv": [ 11.375, 14.6875, 12.9375, 14.75 ], "texture": "#voxels_atlas" },
				"east": { "uv": [ 12.9375, 14.625, 11.375, 14.6875 ], "texture": "#voxels_atlas" }
			}
		},
		{
			"__comment": "Voxels",
			"from": [ 0.5, 22, -0.5 ],
			"to": [ 2, 22.5, 13 ],
			"faces": {
				"down": { "uv": [ 11.1875, 8.625, 11.375, 10.3125 ], "texture": "#voxels_atlas" },
				"up": { "uv": [ 11.4375, 12, 11.625, 10.3125 ], "texture": "#voxels_atlas" },
				"north": { "uv": [ 1.3125, 8.3125, 1.125, 8.375 ], "texture": "#voxels_atlas" },
				"south": { "uv": [ 1.125, 8.375, 1.3125, 8.4375 ], "texture": "#voxels_atlas" },
				"west": { "uv": [ 14.0625, 15.375, 15.75, 15.4375 ], "texture": "#voxels_atlas" },
				"east": { "uv": [ 15.75, 15.4375, 14.0625, 15.5 ], "texture": "#voxels_atlas" }
			}
		},
		{
			"__comment": "Voxels",
			"from": [ 1, -9, 1.5 ],
			"to": [ 8.5, -7.5, 11 ],
			"faces": {
				"down": { "uv": [ 10.4375, 13.6875, 11.375, 14.875 ], "texture": "#voxels_atlas" },
				"up": { "uv": [ 9.5, 14.875, 10.4375, 13.6875 ], "texture": "#voxels_atlas" },
				"north": { "uv": [ 0.9375, 8.6875, 0, 8.875 ], "texture": "#voxels_atlas" },
				"south": { "uv": [ 0, 8.875, 0.9375, 9.0625 ], "texture": "#voxels_atlas" },
				"west": { "uv": [ 9.875, 15.5, 11.0625, 15.6875 ], "texture": "#voxels_atlas" },
				"east": { "uv": [ 3.375, 8, 2.1875, 8.1875 ], "texture": "#voxels_atlas" }
			}
		},
		{
			"__comment": "Voxels",
			"from": [ 1, 22.5, -0.5 ],
			"to": [ 3, 23, 13 ],
			"faces": {
				"down": { "uv": [ 11.1875, 12, 11.4375, 13.6875 ], "texture": "#voxels_atlas" },
				"up": { "uv": [ 10.625, 10.3125, 10.875, 8.625 ], "texture": "#voxels_atlas" },
				"north": { "uv": [ 1.125, 8.5, 0.875, 8.5625 ], "texture": "#voxels_atlas" },
				"south": { "uv": [ 0.875, 8.3125, 1.125, 8.375 ], "texture": "#voxels_atlas" },
				"west": { "uv": [ 14.0625, 15.25, 15.75, 15.3125 ], "texture": "#voxels_atlas" },
				"east": { "uv": [ 15.75, 15.125, 14.0625, 15.1875 ], "texture": "#voxels_atlas" }
			}
		},
		{
			"__comment": "Voxels",
			"from": [ 1.5, 21.5, 0 ],
			"to": [ 9.5, 22, 12.5 ],
			"faces": {
				"down": { "uv": [ 0, 9.0625, 1, 10.625 ], "texture": "#voxels_atlas" },
				"up": { "uv": [ 1.125, 10.625, 2.125, 9.0625 ], "texture": "#voxels_atlas" },
				"north": { "uv": [ 13.9375, 13.9375, 12.9375, 14 ], "texture": "#voxels_atlas" },
				"south": { "uv": [ 12.9375, 14, 13.9375, 14.0625 ], "texture": "#voxels_atlas" },
				"west": { "uv": [ 11.375, 14.75, 12.9375, 14.8125 ], "texture": "#voxels_atlas" },
				"east": { "uv": [ 12.9375, 14.5, 11.375, 14.5625 ], "texture": "#voxels_atlas" }
			}
		},
		{
			"__comment": "Voxels",
			"from": [ 2, 8, 10.5 ],
			"to": [ 9, 9.5, 11 ],
			"faces": {
				"down": { "uv": [ 7.9375, 8.1875, 8.8125, 8.25 ], "texture": "#voxels_atlas" },
				"up": { "uv": [ 7.9375, 8.1875, 8.8125, 8.125 ], "texture": "#voxels_atlas" },
				"north": { "uv": [ 0.875, 8.5, 0, 8.6875 ], "texture": "#voxels_atlas" },
				"south": { "uv": [ 0, 8.3125, 0.875, 8.5 ], "texture": "#voxels_atlas" },
				"west": { "uv": [ 1, 9.8125, 1.0625, 10 ], "texture": "#voxels_atlas" },
				"east": { "uv": [ 1.125, 9.8125, 1.0625, 10 ], "texture": "#voxels_atlas" }
			}
		},
		{
			"__comment": "Voxels",
			"from": [ 2, 14.5, 10.5 ],
			"to": [ 9, 15.5, 11 ],
			"faces": {
				"down": { "uv": [ 7.9375, 8.375, 8.8125, 8.4375 ], "texture": "#voxels_atlas" },
				"up": { "uv": [ 7.9375, 8.375, 8.8125, 8.3125 ], "texture": "#voxels_atlas" },
				"north": { "uv": [ 8.8125, 8.4375, 7.9375, 8.5625 ], "texture": "#voxels_atlas" },
				"south": { "uv": [ 7.9375, 8.5625, 8.8125, 8.6875 ], "texture": "#voxels_atlas" },
				"west": { "uv": [ 1.0625, 9.3125, 1.125, 9.4375 ], "texture": "#voxels_atlas" },
				"east": { "uv": [ 1.0625, 9.3125, 1, 9.4375 ], "texture": "#voxels_atlas" }
			}
		},
		{
			"__comment": "Voxels",
			"from": [ 2, 22, 0 ],
			"to": [ 9, 22.5, 12.5 ],
			"faces": {
				"down": { "uv": [ 7.9375, 14.4375, 8.8125, 16 ], "texture": "#voxels_atlas" },
				"up": { "uv": [ 6.75, 11, 7.625, 9.4375 ], "texture": "#voxels_atlas" },
				"north": { "uv": [ 8.8125, 8.0625, 7.9375, 8.125 ], "texture": "#voxels_atlas" },
				"south": { "uv": [ 7.9375, 8.25, 8.8125, 8.3125 ], "texture": "#voxels_atlas" },
				"west": { "uv": [ 11.375, 14.125, 12.9375, 14.1875 ], "texture": "#voxels_atlas" },
				"east": { "uv": [ 12.9375, 14.3125, 11.375, 14.375 ], "texture": "#voxels_atlas" }
			}
		},
		{
			"__comment": "Voxels",
			"from": [ 2, 23, -0.5 ],
			"to": [ 7.5, 23.5, 13 ],
			"faces": {
				"down": { "uv": [ 8.8125, 11.5, 9.5, 13.1875 ], "texture": "#voxels_atlas" },
				"up": { "uv": [ 8.8125, 14.875, 9.5, 13.1875 ], "texture": "#voxels_atlas" },
				"north": { "uv": [ 2.1875, 8.75, 1.5, 8.8125 ], "texture": "#voxels_atlas" },
				"south": { "uv": [ 1.5, 8.6875, 2.1875, 8.75 ], "texture": "#voxels_atlas" },
				"west": { "uv": [ 14.0625, 15.875, 15.75, 15.9375 ], "texture": "#voxels_atlas" },
				"east": { "uv": [ 15.75, 15.8125, 14.0625, 15.875 ], "texture": "#voxels_atlas" }
			}
		},
		{
			"__comment": "Voxels",
			"from": [ 3, 22.5, 0 ],
			"to": [ 8.5, 23, 12.5 ],
			"faces": {
				"down": { "uv": [ 8.8125, 9.9375, 9.5, 11.5 ], "texture": "#voxels_atlas" },
				"up": { "uv": [ 8.8125, 9.9375, 9.5, 8.375 ], "texture": "#voxels_atlas" },
				"north": { "uv": [ 2.1875, 8.5625, 1.5, 8.625 ], "texture": "#voxels_atlas" },
				"south": { "uv": [ 1.5, 8.625, 2.1875, 8.6875 ], "texture": "#voxels_atlas" },
				"west": { "uv": [ 11.375, 14.1875, 12.9375, 14.25 ], "texture": "#voxels_atlas" },
				"east": { "uv": [ 12.9375, 14.25, 11.375, 14.3125 ], "texture": "#voxels_atlas" }
			}
		},
		{
			"__comment": "Voxels",
			"from": [ 3, 23.5, -0.5 ],
			"to": [ 6.5, 24, 13 ],
			"faces": {
				"down": { "uv": [ 10.125, 10.4375, 10.5625, 12.125 ], "texture": "#voxels_atlas" },
				"up": { "uv": [ 10.125, 10.4375, 10.5625, 8.75 ], "texture": "#voxels_atlas" },
				"north": { "uv": [ 14.5625, 14.5, 14.125, 14.5625 ], "texture": "#voxels_atlas" },
				"south": { "uv": [ 14.125, 14.4375, 14.5625, 14.5 ], "texture": "#voxels_atlas" },
				"west": { "uv": [ 14.0625, 15.5625, 15.75, 15.625 ], "texture": "#voxels_atlas" },
				"east": { "uv": [ 15.75, 15.3125, 14.0625, 15.375 ], "texture": "#voxels_atlas" }
			}
		},
		{
			"__comment": "Voxels",
			"from": [ 3.5, 18, 0.5 ],
			"to": [ 10, 18.5, 12 ],
			"faces": {
				"down": { "uv": [ 7.9375, 10.125, 8.75, 11.5625 ], "texture": "#voxels_atlas" },
				"up": { "uv": [ 7.9375, 13, 8.75, 11.5625 ], "texture": "#voxels_atlas" },
				"north": { "uv": [ 13.75, 13.75, 12.9375, 13.8125 ], "texture": "#voxels_atlas" },
				"south": { "uv": [ 12.9375, 13.8125, 13.75, 13.875 ], "texture": "#voxels_atlas" },
				"west": { "uv": [ 11.375, 13.8125, 12.8125, 13.875 ], "texture": "#voxels_atlas" },
				"east": { "uv": [ 12.8125, 13.75, 11.375, 13.8125 ], "texture": "#voxels_atlas" }
			}
		},
		{
			"__comment": "Voxels",
			"from": [ 4, 18.5, 0.5 ],
			"to": [ 10.5, 19, 12 ],
			"faces": {
				"down": { "uv": [ 7.9375, 13, 8.75, 14.4375 ], "texture": "#voxels_atlas" },
				"up": { "uv": [ 7.9375, 10.125, 8.75, 8.6875 ], "texture": "#voxels_atlas" },
				"north": { "uv": [ 13.75, 13.875, 12.9375, 13.9375 ], "texture": "#voxels_atlas" },
				"south": { "uv": [ 7.9375, 8, 8.75, 8.0625 ], "texture": "#voxels_atlas" },
				"west": { "uv": [ 11.375, 13.9375, 12.8125, 14 ], "texture": "#voxels_atlas" },
				"east": { "uv": [ 12.8125, 13.875, 11.375, 13.9375 ], "texture": "#voxels_atlas" }
			}
		},
		{
			"__comment": "Voxels",
			"from": [ 5.5, 18.5, 0 ],
			"to": [ 10.5, 19, 0.5 ],
			"faces": {
				"down": { "uv": [ 1.5, 8, 2.125, 8.0625 ], "texture": "#voxels_atlas" },
				"up": { "uv": [ 1.5, 8.125, 2.125, 8.0625 ], "texture": "#voxels_atlas" },
				"north": { "uv": [ 2.125, 8.125, 1.5, 8.1875 ], "texture": "#voxels_atlas" },
				"south": { "uv": [ 1.5, 8.25, 2.125, 8.3125 ], "texture": "#voxels_atlas" },
				"west": { "uv": [ 1.0625, 8.0625, 1.125, 8.125 ], "texture": "#voxels_atlas" },
				"east": { "uv": [ 1.0625, 9.125, 1, 9.1875 ], "texture": "#voxels_atlas" }
			}
		},
		{
			"__comment": "Voxels",
			"from": [ 5.5, 18.5, 12 ],
			"to": [ 10.5, 19, 12.5 ],
			"faces": {
				"down": { "uv": [ 1.5, 8.3125, 2.125, 8.375 ], "texture": "#voxels_atlas" },
				"up": { "uv": [ 8.8125, 8.375, 9.4375, 8.3125 ], "texture": "#voxels_atlas" },
				"north": { "uv": [ 2.125, 8.1875, 1.5, 8.25 ], "texture": "#voxels_atlas" },
				"south": { "uv": [ 1.5, 8.375, 2.125, 8.4375 ], "texture": "#voxels_atlas" },
				"west": { "uv": [ 2.125, 10.4375, 2.1875, 10.5 ], "texture": "#voxels_atlas" },
				"east": { "uv": [ 1.125, 8.1875, 1.0625, 8.25 ], "texture": "#voxels_atlas" }
			}
		},
		{
			"__comment": "Voxels",
			"from": [ 6, 18, 0 ],
			"to": [ 10, 18.5, 0.5 ],
			"faces": {
				"down": { "uv": [ 8.8125, 8.125, 9.3125, 8.1875 ], "texture": "#voxels_atlas" },
				"up": { "uv": [ 8.8125, 8.125, 9.3125, 8.0625 ], "texture": "#voxels_atlas" },
				"north": { "uv": [ 9.3125, 8, 8.8125, 8.0625 ], "texture": "#voxels_atlas" },
				"south": { "uv": [ 12.9375, 13.6875, 13.4375, 13.75 ], "texture": "#voxels_atlas" },
				"west": { "uv": [ 1.0625, 9.1875, 1.125, 9.25 ], "texture": "#voxels_atlas" },
				"east": { "uv": [ 1.0625, 9.25, 1, 9.3125 ], "texture": "#voxels_atlas" }
			}
		},
		{
			"__comment": "Voxels",
			"from": [ 6, 18, 12 ],
			"to": [ 10, 18.5, 12.5 ],
			"faces": {
				"down": { "uv": [ 3.375, 8.0625, 3.875, 8.125 ], "texture": "#voxels_atlas" },
				"up": { "uv": [ 3.375, 8.0625, 3.875, 8 ], "texture": "#voxels_atlas" },
				"north": { "uv": [ 9.3125, 8.25, 8.8125, 8.3125 ], "texture": "#voxels_atlas" },
				"south": { "uv": [ 8.8125, 8.1875, 9.3125, 8.25 ], "texture": "#voxels_atlas" },
				"west": { "uv": [ 1.0625, 9.125, 1.125, 9.1875 ], "texture": "#voxels_atlas" },
				"east": { "uv": [ 2.1875, 9.6875, 2.125, 9.75 ], "texture": "#voxels_atlas" }
			}
		},
		{
			"__comment": "Voxels",
			"from": [ 6.5, 22.5, -0.5 ],
			"to": [ 8.5, 23, 0 ],
			"faces": {
				"down": { "uv": [ 0.875, 8.5625, 1.125, 8.625 ], "texture": "#voxels_atlas" },
				"up": { "uv": [ 1.875, 9.0625, 2.125, 9 ], "texture": "#voxels_atlas" },
				"north": { "uv": [ 1.125, 8.625, 0.875, 8.6875 ], "texture": "#voxels_atlas" },
				"south": { "uv": [ 0.875, 8.4375, 1.125, 8.5 ], "texture": "#voxels_atlas" },
				"west": { "uv": [ 2.125, 10.5, 2.1875, 10.5625 ], "texture": "#voxels_atlas" },
				"east": { "uv": [ 2.1875, 9.8125, 2.125, 9.875 ], "texture": "#voxels_atlas" }
			}
		},
		{
			"__comment": "Voxels",
			"from": [ 6.5, 22.5, 12.5 ],
			"to": [ 8.5, 23, 13 ],
			"faces": {
				"down": { "uv": [ 0.875, 8.375, 1.125, 8.4375 ], "texture": "#voxels_atlas" },
				"up": { "uv": [ 1.875, 9, 2.125, 8.9375 ], "texture": "#voxels_atlas" },
				"north": { "uv": [ 2.125, 8.875, 1.875, 8.9375 ], "texture": "#voxels_atlas" },
				"south": { "uv": [ 1.875, 8.8125, 2.125, 8.875 ], "texture": "#voxels_atlas" },
				"west": { "uv": [ 2.125, 10.25, 2.1875, 10.3125 ], "texture": "#voxels_atlas" },
				"east": { "uv": [ 2.1875, 10.1875, 2.125, 10.25 ], "texture": "#voxels_atlas" }
			}
		},
		{
			"__comment": "Voxels",
			"from": [ 7.5, -5, 10.5 ],
			"to": [ 9, 8, 11 ],
			"faces": {
				"down": { "uv": [ 1.3125, 8.375, 1.5, 8.4375 ], "texture": "#voxels_atlas" },
				"up": { "uv": [ 1.3125, 8.375, 1.5, 8.3125 ], "texture": "#voxels_atlas" },
				"north": { "uv": [ 11.8125, 10.375, 11.625, 12 ], "texture": "#voxels_atlas" },
				"south": { "uv": [ 11.625, 8.75, 11.8125, 10.375 ], "texture": "#voxels_atlas" },
				"west": { "uv": [ 10.5625, 8.8125, 10.625, 10.4375 ], "texture": "#voxels_atlas" },
				"east": { "uv": [ 10.625, 10.5, 10.5625, 12.125 ], "texture": "#voxels_atlas" }
			}
		},
		{
			"__comment": "Voxels",
			"from": [ 7.5, 9.5, 10.5 ],
			"to": [ 9, 14.5, 11 ],
			"faces": {
				"down": { "uv": [ 1.3125, 8.25, 1.5, 8.3125 ], "texture": "#voxels_atlas" },
				"up": { "uv": [ 1.3125, 8.25, 1.5, 8.1875 ], "texture": "#voxels_atlas" },
				"north": { "uv": [ 1.3125, 8.4375, 1.125, 9.0625 ], "texture": "#voxels_atlas" },
				"south": { "uv": [ 1.3125, 8.4375, 1.5, 9.0625 ], "texture": "#voxels_atlas" },
				"west": { "uv": [ 1, 10, 1.0625, 10.625 ], "texture": "#voxels_atlas" },
				"east": { "uv": [ 1.125, 10, 1.0625, 10.625 ], "texture": "#voxels_atlas" }
			}
		},
		{
			"__comment": "Voxels",
			"from": [ 7.5, 22, -0.5 ],
			"to": [ 9, 22.5, 0 ],
			"faces": {
				"down": { "uv": [ 1.125, 8, 1.3125, 8.0625 ], "texture": "#voxels_atlas" },
				"up": { "uv": [ 1.3125, 8.1875, 1.5, 8.125 ], "texture": "#voxels_atlas" },
				"north": { "uv": [ 1.5, 8.0625, 1.3125, 8.125 ], "texture": "#voxels_atlas" },
				"south": { "uv": [ 1.3125, 8, 1.5, 8.0625 ], "texture": "#voxels_atlas" },
				"west": { "uv": [ 2.125, 10.125, 2.1875, 10.1875 ], "texture": "#voxels_atlas" },
				"east": { "uv": [ 2.1875, 10.0625, 2.125, 10.125 ], "texture": "#voxels_atlas" }
			}
		},
		{
			"__comment": "Voxels",
			"from": [ 7.5, 22, 12.5 ],
			"to": [ 9, 22.5, 13 ],
			"faces": {
				"down": { "uv": [ 5.125, 14.375, 5.3125, 14.4375 ], "texture": "#voxels_atlas" },
				"up": { "uv": [ 5.125, 14.375, 5.3125, 14.3125 ], "texture": "#voxels_atlas" },
				"north": { "uv": [ 5.3125, 14.25, 5.125, 14.3125 ], "texture": "#voxels_atlas" },
				"south": { "uv": [ 5.125, 14.1875, 5.3125, 14.25 ], "texture": "#voxels_atlas" },
				"west": { "uv": [ 1.0625, 9.25, 1.125, 9.3125 ], "texture": "#voxels_atlas" },
				"east": { "uv": [ 1.0625, 9.1875, 1, 9.25 ], "texture": "#voxels_atlas" }
			}
		},
		{
			"__comment": "Voxels",
			"from": [ 8, 21.5, -0.5 ],
			"to": [ 9.5, 22, 0 ],
			"faces": {
				"down": { "uv": [ 5.125, 14.125, 5.3125, 14.1875 ], "texture": "#voxels_atlas" },
				"up": { "uv": [ 5.125, 14.125, 5.3125, 14.0625 ], "texture": "#voxels_atlas" },
				"north": { "uv": [ 5.3125, 14, 5.125, 14.0625 ], "texture": "#voxels_atlas" },
				"south": { "uv": [ 0.9375, 8.75, 1.125, 8.8125 ], "texture": "#voxels_atlas" },
				"west": { "uv": [ 1.0625, 9.0625, 1.125, 9.125 ], "texture": "#voxels_atlas" },
				"east": { "uv": [ 1.125, 8.25, 1.0625, 8.3125 ], "texture": "#voxels_atlas" }
			}
		},
		{
			"__comment": "Voxels",
			"from": [ 8, 21.5, 12.5 ],
			"to": [ 9.5, 22, 13 ],
			"faces": {
				"down": { "uv": [ 5.125, 13.9375, 5.3125, 14 ], "texture": "#voxels_atlas" },
				"up": { "uv": [ 0.9375, 8.75, 1.125, 8.6875 ], "texture": "#voxels_atlas" },
				"north": { "uv": [ 5.3125, 13.875, 5.125, 13.9375 ], "texture": "#voxels_atlas" },
				"south": { "uv": [ 5.125, 13.8125, 5.3125, 13.875 ], "texture": "#voxels_atlas" },
				"west": { "uv": [ 1.0625, 8, 1.125, 8.0625 ], "texture": "#voxels_atlas" },
				"east": { "uv": [ 2.1875, 10.5625, 2.125, 10.625 ], "texture": "#voxels_atlas" }
			}
		},
		{
			"__comment": "Voxels",
			"from": [ 9, 21, -0.5 ],
			"to": [ 10.5, 21.5, 0 ],
			"faces": {
				"down": { "uv": [ 5.125, 13.75, 5.3125, 13.8125 ], "texture": "#voxels_atlas" },
				"up": { "uv": [ 5.125, 13.75, 5.3125, 13.6875 ], "texture": "#voxels_atlas" },
				"north": { "uv": [ 5.3125, 13.625, 5.125, 13.6875 ], "texture": "#voxels_atlas" },
				"south": { "uv": [ 5.125, 13.5625, 5.3125, 13.625 ], "texture": "#voxels_atlas" },
				"west": { "uv": [ 2.125, 10.375, 2.1875, 10.4375 ], "texture": "#voxels_atlas" },
				"east": { "uv": [ 2.1875, 10.3125, 2.125, 10.375 ], "texture": "#voxels_atlas" }
			}
		},
		{
			"__comment": "Voxels",
			"from": [ 9, 21, 12.5 ],
			"to": [ 10.5, 21.5, 13 ],
			"faces": {
				"down": { "uv": [ 5.125, 13.5, 5.3125, 13.5625 ], "texture": "#voxels_atlas" },
				"up": { "uv": [ 5.125, 13.5, 5.3125, 13.4375 ], "texture": "#voxels_atlas" },
				"north": { "uv": [ 1.125, 8.875, 0.9375, 8.9375 ], "texture": "#voxels_atlas" },
				"south": { "uv": [ 0.9375, 8.8125, 1.125, 8.875 ], "texture": "#voxels_atlas" },
				"west": { "uv": [ 2.125, 10, 2.1875, 10.0625 ], "texture": "#voxels_atlas" },
				"east": { "uv": [ 2.1875, 9.9375, 2.125, 10 ], "texture": "#voxels_atlas" }
			}
		},
		{
			"__comment": "Voxels",
			"from": [ 9.5, 20.5, -0.5 ],
			"to": [ 13, 21, 0 ],
			"faces": {
				"down": { "uv": [ 14.125, 14.6875, 14.5625, 14.75 ], "texture": "#voxels_atlas" },
				"up": { "uv": [ 14.125, 14.25, 14.5625, 14.1875 ], "texture": "#voxels_atlas" },
				"north": { "uv": [ 14.5625, 14.75, 14.125, 14.8125 ], "texture": "#voxels_atlas" },
				"south": { "uv": [ 14.125, 14.5625, 14.5625, 14.625 ], "texture": "#voxels_atlas" },
				"west": { "uv": [ 2.125, 9.625, 2.1875, 9.6875 ], "texture": "#voxels_atlas" },
				"east": { "uv": [ 2.1875, 9.5625, 2.125, 9.625 ], "texture": "#voxels_atlas" }
			}
		},
		{
			"__comment": "Voxels",
			"from": [ 9.5, 20.5, 12.5 ],
			"to": [ 13, 21, 13 ],
			"faces": {
				"down": { "uv": [ 14.125, 14.3125, 14.5625, 14.375 ], "texture": "#voxels_atlas" },
				"up": { "uv": [ 14.125, 14.6875, 14.5625, 14.625 ], "texture": "#voxels_atlas" },
				"north": { "uv": [ 14.5625, 14.375, 14.125, 14.4375 ], "texture": "#voxels_atlas" },
				"south": { "uv": [ 14.125, 14.25, 14.5625, 14.3125 ], "texture": "#voxels_atlas" },
				"west": { "uv": [ 2.125, 9.25, 2.1875, 9.3125 ], "texture": "#voxels_atlas" },
				"east": { "uv": [ 2.1875, 9.1875, 2.125, 9.25 ], "texture": "#voxels_atlas" }
			}
		},
		{
			"__comment": "Voxels",
			"from": [ 10, 20, -0.5 ],
			"to": [ 13, 20.5, 0 ],
			"faces": {
				"down": { "uv": [ 5.0625, 8.625, 5.4375, 8.6875 ], "texture": "#voxels_atlas" },
				"up": { "uv": [ 5.0625, 8.625, 5.4375, 8.5625 ], "texture": "#voxels_atlas" },
				"north": { "uv": [ 5.4375, 8.5, 5.0625, 8.5625 ], "texture": "#voxels_atlas" },
				"south": { "uv": [ 5.0625, 8.4375, 5.4375, 8.5 ], "texture": "#voxels_atlas" },
				"west": { "uv": [ 2.125, 8.875, 2.1875, 8.9375 ], "texture": "#voxels_atlas" },
				"east": { "uv": [ 2.1875, 8.8125, 2.125, 8.875 ], "texture": "#voxels_atlas" }
			}
		},
		{
			"__comment": "Voxels",
			"from": [ 10, 20, 12.5 ],
			"to": [ 13, 20.5, 13 ],
			"faces": {
				"down": { "uv": [ 5.0625, 8.375, 5.4375, 8.4375 ], "texture": "#voxels_atlas" },
				"up": { "uv": [ 5.0625, 8.375, 5.4375, 8.3125 ], "texture": "#voxels_atlas" },
				"north": { "uv": [ 5.4375, 8.25, 5.0625, 8.3125 ], "texture": "#voxels_atlas" },
				"south": { "uv": [ 5.0625, 8.1875, 5.4375, 8.25 ], "texture": "#voxels_atlas" },
				"west": { "uv": [ 2.125, 8.25, 2.1875, 8.3125 ], "texture": "#voxels_atlas" },
				"east": { "uv": [ 2.1875, 8.1875, 2.125, 8.25 ], "texture": "#voxels_atlas" }
			}
		}
	],
	"display": {
		"firstperson_righthand": {
			"rotation":  [ -6, -41, 0 ],
			"translation":  [ 0, 4.8695, 0 ],
			"scale":  [ 0.3, 0.3, 0.3 ]
		},
		"firstperson_lefthand": {
			"rotation":  [ -6, -41, 0 ],
			"translation":  [ 0, 4.8695, 0 ],
			"scale":  [ 0.3, 0.3, 0.3 ]
		},
		"gui": {
			"rotation":  [ 23, -36, 0 ],
			"scale":  [ 0.4, 0.4, 0.4 ]
		},
		"ground": {
			"rotation":  [ -33, 0, 0 ],
			"scale":  [ 0.7, 0.7, 0.7 ]
		},
		"fixed": {
			"rotation":  [ -90, -180, 0 ],
			"translation":  [ -6.955, -4.869, -38.25 ],
			"scale":  [ 2, 2, 2 ]
		}
	}
}