{
	"__comment": "Designed by Pashjn for CraftCitizen with Cubik Studio - https://cubik.studio",
	"textures": {
		"0": "block/backchair1",
		"1": "block/backchair11",
		"2": "block/knit_blue",
		"particle": "block/backchair1"
	},
	"elements": [ 	 
		{
			"__comment": "Element",
			"from": [ 12.9062, -0.7386, 11.5 ],
			"to": [ 13.9062, 6.7614, 12.5 ],
			"rotation": { "origin": [ 13.15625, 4.76137, 7.25786 ], "axis": "x", "angle": -22.5 },
			"faces": {
				"down": { "uv": [ 14, 8, 16, 15 ], "texture": "#1" },
				"up": { "uv": [ 14, 8, 16, 15 ], "texture": "#1" },
				"north": { "uv": [ 14, 8, 16, 15 ], "texture": "#1" },
				"south": { "uv": [ 14, 8, 16, 15 ], "texture": "#1" },
				"west": { "uv": [ 14, 8, 16, 15 ], "texture": "#1" },
				"east": { "uv": [ 14, 8, 16, 15 ], "texture": "#1" }
			}
		},
		{
			"__comment": "Element",
			"from": [ 1.9062, -0.7386, 11.5 ],
			"to": [ 2.9062, 6.7614, 12.5 ],
			"rotation": { "origin": [ 2.15625, 4.76137, 7.25786 ], "axis": "x", "angle": -22.5 },
			"faces": {
				"down": { "uv": [ 14, 9, 16, 16 ], "texture": "#1" },
				"up": { "uv": [ 14, 9, 16, 16 ], "texture": "#1" },
				"north": { "uv": [ 14, 9, 16, 16 ], "texture": "#1" },
				"south": { "uv": [ 14, 9, 16, 16 ], "texture": "#1" },
				"west": { "uv": [ 14, 9, 16, 16 ], "texture": "#1" },
				"east": { "uv": [ 14, 9, 16, 16 ], "texture": "#1" }
			}
		},
		{
			"__comment": "Element",
			"from": [ 12.9062, 1.8, 3.7 ],
			"to": [ 13.9062, 8.3, 4.7 ],
			"rotation": { "origin": [ 13.15625, 3, 5.5 ], "axis": "x", "angle": 22.5 },
			"faces": {
				"down": { "uv": [ 14, 9, 16, 16 ], "texture": "#1" },
				"up": { "uv": [ 14, 9, 16, 16 ], "texture": "#1" },
				"north": { "uv": [ 14, 9, 16, 16 ], "texture": "#1" },
				"south": { "uv": [ 14, 9, 16, 16 ], "texture": "#1" },
				"west": { "uv": [ 14, 9, 16, 16 ], "texture": "#1" },
				"east": { "uv": [ 14, 9, 16, 16 ], "texture": "#1" }
			}
		},
		{
			"__comment": "Element",
			"from": [ 1.9062, 1.8, 3.7 ],
			"to": [ 2.9062, 8.3, 4.7 ],
			"rotation": { "origin": [ 2.15625, 3, 5.5 ], "axis": "x", "angle": 22.5 },
			"faces": {
				"down": { "uv": [ 14, 9, 16, 16 ], "texture": "#1" },
				"up": { "uv": [ 14, 9, 16, 16 ], "texture": "#1" },
				"north": { "uv": [ 14, 9, 16, 16 ], "texture": "#1" },
				"south": { "uv": [ 14, 9, 16, 16 ], "texture": "#1" },
				"west": { "uv": [ 14, 9, 16, 16 ], "texture": "#1" },
				"east": { "uv": [ 14, 9, 16, 16 ], "texture": "#1" }
			}
		},
		{
			"__comment": "Element",
			"from": [ 0.9216, 8, 3.48 ],
			"to": [ 14.0784, 9, 14.52 ],
			"faces": {
				"down": { "uv": [ 15, 1, 16, 2 ], "texture": "#1" },
				"up": { "uv": [ 1, 0, 16, 16 ], "texture": "#1", "rotation": 180 },
				"north": { "uv": [ 15, 1, 16, 2 ], "texture": "#1" },
				"south": { "uv": [ 15, 1, 16, 2 ], "texture": "#1" },
				"west": { "uv": [ 15, 1, 16, 2 ], "texture": "#1" },
				"east": { "uv": [ 0, 0, 12, 1.5 ], "texture": "#1" }
			}
		},
		{
			"__comment": "Element",
			"from": [ 1.3, 8.5, 15.8 ],
			"to": [ 3.4568, 21.54, 16.8 ],
			"rotation": { "origin": [ 8, 14.74695, 15.74795 ], "axis": "x", "angle": 22.5 },
			"faces": {
				"down": { "uv": [ 6, 0, 9, 12 ], "texture": "#1" },
				"up": { "uv": [ 6, 0, 9, 12 ], "texture": "#1" },
				"north": { "uv": [ 6, 0, 9, 12 ], "texture": "#1" },
				"south": { "uv": [ 6, 0, 9, 12 ], "texture": "#1" },
				"west": { "uv": [ 8, 0, 9, 12 ], "texture": "#1" },
				"east": { "uv": [ 6, 0, 9, 12 ], "texture": "#1" }
			}
		},
		{
			"__comment": "Element",
			"from": [ 1.305, 12.288, 6.8425 ],
			"to": [ 3.4618, 13.288, 15.8825 ],
			"faces": {
				"down": { "uv": [ 10, 0, 13, 12 ], "texture": "#1", "rotation": 180 },
				"up": { "uv": [ 10, 0, 13, 12 ], "texture": "#1", "rotation": 180 },
				"north": { "uv": [ 10, 0, 13, 12 ], "texture": "#1", "rotation": 180 },
				"south": { "uv": [ 10, 0, 13, 12 ], "texture": "#1", "rotation": 180 },
				"west": { "uv": [ 10, 2, 11, 11 ], "texture": "#1", "rotation": 180 },
				"east": { "uv": [ 10, 2, 11, 11 ], "texture": "#1", "rotation": 180 }
			}
		},
		{
			"__comment": "Element",
			"from": [ 12.4999, 12.288, 6.8425 ],
			"to": [ 14.6567, 13.288, 15.8825 ],
			"faces": {
				"down": { "uv": [ 10, 0, 13, 12 ], "texture": "#1", "rotation": 180 },
				"up": { "uv": [ 10, 0, 13, 12 ], "texture": "#1", "rotation": 180 },
				"north": { "uv": [ 10, 0, 13, 12 ], "texture": "#1", "rotation": 180 },
				"south": { "uv": [ 10, 0, 13, 12 ], "texture": "#1", "rotation": 180 },
				"west": { "uv": [ 10, 2, 11, 11 ], "texture": "#1", "rotation": 180 },
				"east": { "uv": [ 10, 2, 11, 11 ], "texture": "#1", "rotation": 180 }
			}
		},
		{
			"__comment": "Element",
			"from": [ 1.3, 12.127, 6.0334 ],
			"to": [ 3.4568, 13.127, 7.0734 ],
			"rotation": { "origin": [ 2.3784, 12.62702, 6.55339 ], "axis": "x", "angle": -22.5 },
			"faces": {
				"down": { "uv": [ 10, 2, 11, 11 ], "texture": "#1", "rotation": 180 },
				"up": { "uv": [ 10, 3, 13, 4 ], "texture": "#1", "rotation": 180 },
				"north": { "uv": [ 5, 0, 8, 3 ], "texture": "#1", "rotation": 180 },
				"south": { "uv": [ 6, 0, 7, 2 ], "texture": "#1", "rotation": 180 },
				"west": { "uv": [ 10, 2, 11, 11 ], "texture": "#1", "rotation": 180 },
				"east": { "uv": [ 10, 2, 11, 11 ], "texture": "#1", "rotation": 180 }
			}
		},
		{
			"__comment": "Element",
			"from": [ 12.5, 12.127, 6.0334 ],
			"to": [ 14.6568, 13.127, 7.0734 ],
			"rotation": { "origin": [ 13.5784, 12.62702, 6.55339 ], "axis": "x", "angle": -22.5 },
			"faces": {
				"down": { "uv": [ 10, 2, 11, 11 ], "texture": "#1", "rotation": 180 },
				"up": { "uv": [ 10, 3, 13, 4 ], "texture": "#1", "rotation": 180 },
				"north": { "uv": [ 5, 0, 8, 3 ], "texture": "#1", "rotation": 180 },
				"south": { "uv": [ 5, 0, 8, 3 ], "texture": "#1", "rotation": 180 },
				"west": { "uv": [ 10, 2, 11, 11 ], "texture": "#1", "rotation": 180 },
				"east": { "uv": [ 10, 2, 11, 11 ], "texture": "#1", "rotation": 180 }
			}
		},
		{
			"__comment": "Element",
			"from": [ 1.3, 12.3758, 5.0546 ],
			"to": [ 3.4568, 13.3758, 6.0946 ],
			"rotation": { "origin": [ 2.3784, 12.87582, 6.5746 ], "axis": "x", "angle": -45 },
			"faces": {
				"down": { "uv": [ 10, 2, 11, 11 ], "texture": "#1", "rotation": 180 },
				"up": { "uv": [ 10, 3, 13, 4 ], "texture": "#1", "rotation": 180 },
				"north": { "uv": [ 15, 1, 16, 3 ], "texture": "#1", "rotation": 180 },
				"south": { "uv": [ 5, 0, 8, 3 ], "texture": "#1", "rotation": 180 },
				"west": { "uv": [ 10, 2, 11, 11 ], "texture": "#1", "rotation": 180 },
				"east": { "uv": [ 10, 2, 11, 11 ], "texture": "#1", "rotation": 180 }
			}
		},
		{
			"__comment": "Element",
			"from": [ 12.5, 12.3758, 5.0546 ],
			"to": [ 14.6568, 13.3758, 6.0946 ],
			"rotation": { "origin": [ 13.5784, 12.87582, 6.5746 ], "axis": "x", "angle": -45 },
			"faces": {
				"down": { "uv": [ 10, 2, 11, 11 ], "texture": "#1", "rotation": 180 },
				"up": { "uv": [ 10, 3, 13, 4 ], "texture": "#1", "rotation": 180 },
				"north": { "uv": [ 15, 1, 16, 3 ], "texture": "#1", "rotation": 180 },
				"south": { "uv": [ 5, 0, 8, 3 ], "texture": "#1", "rotation": 180 },
				"west": { "uv": [ 10, 2, 11, 11 ], "texture": "#1", "rotation": 180 },
				"east": { "uv": [ 10, 2, 11, 11 ], "texture": "#1", "rotation": 180 }
			}
		},
		{
			"__comment": "Element",
			"from": [ 12.5, 8.5, 15.8 ],
			"to": [ 14.6568, 21.54, 16.8 ],
			"rotation": { "origin": [ 8, 14.74695, 15.74795 ], "axis": "x", "angle": 22.5 },
			"faces": {
				"down": { "uv": [ 6, 0, 9, 12 ], "texture": "#1" },
				"up": { "uv": [ 6, 0, 9, 12 ], "texture": "#1" },
				"north": { "uv": [ 6, 0, 9, 12 ], "texture": "#1" },
				"south": { "uv": [ 6, 0, 9, 12 ], "texture": "#1" },
				"west": { "uv": [ 6, 0, 9, 12 ], "texture": "#1" },
				"east": { "uv": [ 8, 0, 9, 12 ], "texture": "#1" }
			}
		},
		{
			"__comment": "Element",
			"from": [ 3.4568, 20.537, 15.8153 ],
			"to": [ 12.5068, 23.037, 16.8153 ],
			"rotation": { "origin": [ 7.9568, 14.78391, 15.76326 ], "axis": "x", "angle": 22.5 },
			"faces": {
				"down": { "uv": [ 2, 0, 13, 3 ], "texture": "#1" },
				"up": { "uv": [ 2, 2, 13, 3 ], "texture": "#1" },
				"north": { "uv": [ 2, 0, 13, 3 ], "texture": "#1" },
				"south": { "uv": [ 2, 0, 13, 3 ], "texture": "#1" },
				"west": { "uv": [ 2, 0, 13, 3 ], "texture": "#1" },
				"east": { "uv": [ 2, 0, 13, 3 ], "texture": "#1" }
			}
		},
		{
			"__comment": "Element",
			"from": [ 2.9568, 21.6892, 15.0499 ],
			"to": [ 3.4568, 23.1892, 16.0499 ],
			"rotation": { "origin": [ 7.4568, 12.93615, 14.99789 ], "axis": "x", "angle": 22.5 },
			"faces": {
				"down": { "uv": [ 11, 0, 12, 1 ], "texture": "#1", "rotation": 180 },
				"up": { "uv": [ 11, 0, 12, 1 ], "texture": "#1", "rotation": 180 },
				"north": { "uv": [ 11, 0, 12, 1 ], "texture": "#1", "rotation": 180 },
				"south": { "uv": [ 11, 0, 12, 1 ], "texture": "#1", "rotation": 180 },
				"west": { "uv": [ 11, 0, 12, 1 ], "texture": "#1", "rotation": 180 },
				"east": { "uv": [ 11, 0, 12, 1 ], "texture": "#1", "rotation": 180 }
			}
		},
		{
			"__comment": "Element",
			"from": [ 12.5, 21.6892, 15.0499 ],
			"to": [ 13, 23.1892, 16.0499 ],
			"rotation": { "origin": [ 7, 12.93615, 14.99789 ], "axis": "x", "angle": 22.5 },
			"faces": {
				"down": { "uv": [ 11, 0, 12, 1 ], "texture": "#1", "rotation": 180 },
				"up": { "uv": [ 11, 0, 12, 1 ], "texture": "#1", "rotation": 180 },
				"north": { "uv": [ 11, 0, 12, 1 ], "texture": "#1", "rotation": 180 },
				"south": { "uv": [ 11, 0, 12, 1 ], "texture": "#1", "rotation": 180 },
				"west": { "uv": [ 11, 0, 12, 1 ], "texture": "#1", "rotation": 180 },
				"east": { "uv": [ 11, 0, 12, 1 ], "texture": "#1", "rotation": 180 }
			}
		},
		{
			"__comment": "Element",
			"from": [ 2.4568, 21.6892, 15.0499 ],
			"to": [ 2.9568, 22.9392, 16.0499 ],
			"rotation": { "origin": [ 8.9568, 12.93615, 14.99789 ], "axis": "x", "angle": 22.5 },
			"faces": {
				"down": { "uv": [ 14, 3, 15, 4 ], "texture": "#1", "rotation": 180 },
				"up": { "uv": [ 14, 3, 15, 4 ], "texture": "#1", "rotation": 180 },
				"north": { "uv": [ 14, 3, 15, 4 ], "texture": "#1", "rotation": 180 },
				"south": { "uv": [ 14, 3, 15, 4 ], "texture": "#1", "rotation": 180 },
				"west": { "uv": [ 14, 3, 15, 4 ], "texture": "#1", "rotation": 180 },
				"east": { "uv": [ 14, 3, 15, 4 ], "texture": "#1", "rotation": 180 }
			}
		},
		{
			"__comment": "Element",
			"from": [ 13, 21.6892, 15.0499 ],
			"to": [ 13.5, 22.9392, 16.0499 ],
			"rotation": { "origin": [ 8.5, 12.93615, 14.99789 ], "axis": "x", "angle": 22.5 },
			"faces": {
				"down": { "uv": [ 10, 4, 11, 5 ], "texture": "#1", "rotation": 180 },
				"up": { "uv": [ 10, 4, 11, 5 ], "texture": "#1", "rotation": 180 },
				"north": { "uv": [ 10, 4, 11, 5 ], "texture": "#1", "rotation": 180 },
				"south": { "uv": [ 10, 4, 11, 5 ], "texture": "#1", "rotation": 180 },
				"west": { "uv": [ 10, 4, 11, 5 ], "texture": "#1", "rotation": 180 },
				"east": { "uv": [ 10, 4, 11, 5 ], "texture": "#1", "rotation": 180 }
			}
		},
		{
			"__comment": "Element",
			"from": [ 1.5568, 20.7926, 18.4532 ],
			"to": [ 2.4568, 21.2926, 19.4532 ],
			"rotation": { "origin": [ 2.1818, 21.04262, 18.95324 ], "axis": "x", "angle": 22.5 },
			"faces": {
				"down": { "uv": [ 8, 5, 9, 6 ], "texture": "#1", "rotation": 180 },
				"up": { "uv": [ 8, 5, 9, 6 ], "texture": "#1", "rotation": 180 },
				"north": { "uv": [ 8, 5, 9, 6 ], "texture": "#1", "rotation": 180 },
				"south": { "uv": [ 8, 5, 9, 6 ], "texture": "#1", "rotation": 180 },
				"west": { "uv": [ 8, 5, 9, 6 ], "texture": "#1", "rotation": 180 },
				"east": { "uv": [ 8, 5, 9, 6 ], "texture": "#1", "rotation": 180 }
			}
		},
		{
			"__comment": "Element",
			"from": [ 13.5, 20.7926, 18.4532 ],
			"to": [ 14.4, 21.2926, 19.4532 ],
			"rotation": { "origin": [ 2.125, 21.04262, 18.95324 ], "axis": "x", "angle": 22.5 },
			"faces": {
				"down": { "uv": [ 7, 5, 8, 6 ], "texture": "#1", "rotation": 180 },
				"up": { "uv": [ 7, 5, 8, 6 ], "texture": "#1", "rotation": 180 },
				"north": { "uv": [ 7, 5, 8, 6 ], "texture": "#1", "rotation": 180 },
				"south": { "uv": [ 7, 5, 8, 6 ], "texture": "#1", "rotation": 180 },
				"west": { "uv": [ 7, 5, 8, 6 ], "texture": "#1", "rotation": 180 },
				"east": { "uv": [ 7, 5, 8, 6 ], "texture": "#1", "rotation": 180 }
			}
		},
		{
			"__comment": "Element",
			"from": [ 1.8068, 21.3307, 18.2619 ],
			"to": [ 2.4568, 21.8307, 19.2619 ],
			"rotation": { "origin": [ 2.4318, 20.58068, 18.76189 ], "axis": "x", "angle": 22.5 },
			"faces": {
				"down": { "uv": [ 8, 10, 9, 11 ], "texture": "#1", "rotation": 180 },
				"up": { "uv": [ 8, 10, 9, 11 ], "texture": "#1", "rotation": 180 },
				"north": { "uv": [ 8, 10, 9, 11 ], "texture": "#1", "rotation": 180 },
				"south": { "uv": [ 8, 10, 9, 11 ], "texture": "#1", "rotation": 180 },
				"west": { "uv": [ 8, 10, 9, 11 ], "texture": "#1", "rotation": 180 },
				"east": { "uv": [ 8, 10, 9, 11 ], "texture": "#1", "rotation": 180 }
			}
		},
		{
			"__comment": "Element",
			"from": [ 13.5, 21.3307, 18.2619 ],
			"to": [ 14.15, 21.8307, 19.2619 ],
			"rotation": { "origin": [ 2.125, 20.58068, 18.76189 ], "axis": "x", "angle": 22.5 },
			"faces": {
				"down": { "uv": [ 9, 5, 10, 6 ], "texture": "#1", "rotation": 180 },
				"up": { "uv": [ 9, 5, 10, 6 ], "texture": "#1", "rotation": 180 },
				"north": { "uv": [ 9, 5, 10, 6 ], "texture": "#1", "rotation": 180 },
				"south": { "uv": [ 9, 5, 10, 6 ], "texture": "#1", "rotation": 180 },
				"west": { "uv": [ 9, 5, 10, 6 ], "texture": "#1", "rotation": 180 },
				"east": { "uv": [ 9, 5, 10, 6 ], "texture": "#1", "rotation": 180 }
			}
		},
		{
			"__comment": "Element",
			"from": [ 1.9216, 8, 2.52 ],
			"to": [ 14.0784, 9, 3.48 ],
			"faces": {
				"down": { "uv": [ 15, 1, 16, 2 ], "texture": "#1" },
				"up": { "uv": [ 15, 1, 16, 2 ], "texture": "#1" },
				"north": { "uv": [ 15, 1, 16, 2 ], "texture": "#1" },
				"south": { "uv": [ 15, 1, 16, 2 ], "texture": "#1" },
				"west": { "uv": [ 15, 1, 16, 2 ], "texture": "#1" },
				"east": { "uv": [ 15, 1, 16, 2 ], "texture": "#1" }
			}
		},
		{
			"__comment": "Element",
			"from": [ 14.0784, 8, 3.48 ],
			"to": [ 15.0616, 9, 14.52 ],
			"faces": {
				"down": { "uv": [ 15, 1, 16, 2 ], "texture": "#1" },
				"up": { "uv": [ 15, 1, 16, 2 ], "texture": "#1" },
				"north": { "uv": [ 15, 1, 16, 2 ], "texture": "#1" },
				"south": { "uv": [ 15, 1, 16, 2 ], "texture": "#1" },
				"west": { "uv": [ 15, 1, 16, 2 ], "texture": "#1" },
				"east": { "uv": [ 15, 1, 16, 2 ], "texture": "#1" }
			}
		},
		{
			"__comment": "Element",
			"from": [ 1.9216, 8, 14.52 ],
			"to": [ 14.0784, 9, 15.48 ],
			"faces": {
				"down": { "uv": [ 15, 1, 16, 2 ], "texture": "#1" },
				"up": { "uv": [ 15, 1, 16, 2 ], "texture": "#1" },
				"north": { "uv": [ 15, 1, 16, 2 ], "texture": "#1" },
				"south": { "uv": [ 15, 1, 16, 2 ], "texture": "#1" },
				"west": { "uv": [ 15, 1, 16, 2 ], "texture": "#1" },
				"east": { "uv": [ 15, 1, 16, 2 ], "texture": "#1" }
			}
		},
		{
			"__comment": "Element",
			"from": [ 6.7682, 8.01, 0.4177 ],
			"to": [ 8.20468, 8.99, 1.3777 ],
			"rotation": { "origin": [ 7.60086, 8.7595, 9.0532 ], "axis": "y", "angle": 45 },
			"faces": {
				"down": { "uv": [ 15, 1, 16, 2 ], "texture": "#1" },
				"up": { "uv": [ 15, 1, 16, 2 ], "texture": "#1" },
				"north": { "uv": [ 15, 1, 16, 2 ], "texture": "#1" },
				"south": { "uv": [ 15, 1, 16, 2 ], "texture": "#1" },
				"west": { "uv": [ 15, 1, 16, 2 ], "texture": "#1" },
				"east": { "uv": [ 15, 1, 16, 2 ], "texture": "#1" }
			}
		},
		{
			"__comment": "Element",
			"from": [ 16.4735, 8, 7.5603 ],
			"to": [ 17.3567, 8.99, 8.904301 ],
			"rotation": { "origin": [ 9.6334, 8.7495, 8.99745 ], "axis": "y", "angle": 45 },
			"faces": {
				"down": { "uv": [ 15, 1, 16, 2 ], "texture": "#1" },
				"up": { "uv": [ 15, 1, 16, 2 ], "texture": "#1" },
				"north": { "uv": [ 15, 1, 16, 2 ], "texture": "#1" },
				"south": { "uv": [ 15, 1, 16, 2 ], "texture": "#1" },
				"west": { "uv": [ 15, 1, 16, 2 ], "texture": "#1" },
				"east": { "uv": [ 15, 1, 16, 2 ], "texture": "#1" }
			}
		},
		{
			"__comment": "Element",
			"from": [ 8.1926, 8, 15.7644 ],
			"to": [ 9.52908, 8.99, 16.7244 ],
			"rotation": { "origin": [ 9.6334, 8.7495, 8.99745 ], "axis": "y", "angle": 45 },
			"faces": {
				"down": { "uv": [ 15, 1, 16, 2 ], "texture": "#1" },
				"up": { "uv": [ 15, 1, 16, 2 ], "texture": "#1" },
				"north": { "uv": [ 15, 1, 16, 2 ], "texture": "#1" },
				"south": { "uv": [ 15, 1, 16, 2 ], "texture": "#1" },
				"west": { "uv": [ 15, 1, 16, 2 ], "texture": "#1" },
				"east": { "uv": [ 15, 1, 16, 2 ], "texture": "#1" }
			}
		},
		{
			"__comment": "Element",
			"from": [ -0.9893, 8, 8.1985 ],
			"to": [ -0.1060999, 9, 9.5425 ],
			"rotation": { "origin": [ 7.6334, 8.7495, 8.99745 ], "axis": "y", "angle": 45 },
			"faces": {
				"down": { "uv": [ 15, 1, 16, 2 ], "texture": "#1" },
				"up": { "uv": [ 15, 1, 16, 2 ], "texture": "#1" },
				"north": { "uv": [ 15, 1, 16, 2 ], "texture": "#1" },
				"south": { "uv": [ 15, 1, 16, 2 ], "texture": "#1" },
				"west": { "uv": [ 15, 1, 16, 2 ], "texture": "#1" },
				"east": { "uv": [ 15, 1, 16, 2 ], "texture": "#1" }
			}
		},
		{
			"__comment": "Element",
			"from": [ 2.5, 5.5, 2.7 ],
			"to": [ 13, 6, 3.2 ],
			"rotation": { "origin": [ 7.25, 0.5, 0.5 ], "axis": "x", "angle": 22.5 },
			"faces": {
				"down": { "uv": [ 15, 1, 16, 2 ], "texture": "#1" },
				"up": { "uv": [ 15, 1, 16, 2 ], "texture": "#1" },
				"north": { "uv": [ 15, 1, 16, 2 ], "texture": "#1" },
				"south": { "uv": [ 15, 1, 16, 2 ], "texture": "#1" },
				"west": { "uv": [ 15, 1, 16, 2 ], "texture": "#1" },
				"east": { "uv": [ 15, 1, 16, 2 ], "texture": "#1" }
			}
		},
		{
			"__comment": "Element",
			"from": [ 2.5, 2.3, 12.2018 ],
			"to": [ 13, 2.8, 12.7018 ],
			"rotation": { "origin": [ 9.75, 3.30301, 7.45184 ], "axis": "x", "angle": -22.5 },
			"faces": {
				"down": { "uv": [ 15, 1, 16, 2 ], "texture": "#1" },
				"up": { "uv": [ 15, 1, 16, 2 ], "texture": "#1" },
				"north": { "uv": [ 15, 1, 16, 2 ], "texture": "#1" },
				"south": { "uv": [ 15, 1, 16, 2 ], "texture": "#1" },
				"west": { "uv": [ 15, 1, 16, 2 ], "texture": "#1" },
				"east": { "uv": [ 15, 1, 16, 2 ], "texture": "#1" }
			}
		},
		{
			"__comment": "Element",
			"from": [ 2.3, 4.1227, 4.3378 ],
			"to": [ 2.8, 4.6227, 12.8378 ],
			"faces": {
				"down": { "uv": [ 15, 1, 16, 2 ], "texture": "#1" },
				"up": { "uv": [ 15, 1, 16, 2 ], "texture": "#1" },
				"north": { "uv": [ 15, 1, 16, 2 ], "texture": "#1" },
				"south": { "uv": [ 15, 1, 16, 2 ], "texture": "#1" },
				"west": { "uv": [ 15, 1, 16, 2 ], "texture": "#1" },
				"east": { "uv": [ 15, 1, 16, 2 ], "texture": "#1" }
			}
		},
		{
			"__comment": "Element",
			"from": [ 13, 4.1227, 4.3378 ],
			"to": [ 13.5, 4.6227, 12.8378 ],
			"faces": {
				"down": { "uv": [ 15, 1, 16, 2 ], "texture": "#1" },
				"up": { "uv": [ 15, 1, 16, 2 ], "texture": "#1" },
				"north": { "uv": [ 15, 1, 16, 2 ], "texture": "#1" },
				"south": { "uv": [ 15, 1, 16, 2 ], "texture": "#1" },
				"west": { "uv": [ 15, 1, 16, 2 ], "texture": "#1" },
				"east": { "uv": [ 15, 1, 16, 2 ], "texture": "#1" }
			}
		},
		{
			"__comment": "Element",
			"from": [ 12.6562, 0, 6.5 ],
			"to": [ 14.1562, 1, 11.5 ],
			"faces": {
				"down": { "uv": [ 15, 7, 16, 9 ], "texture": "#1" },
				"up": { "uv": [ 0, 0, 2, 6 ], "texture": "#1" },
				"north": { "uv": [ 15, 7, 16, 9 ], "texture": "#1" },
				"south": { "uv": [ 15, 7, 16, 9 ], "texture": "#1" },
				"west": { "uv": [ 15, 7, 16, 9 ], "texture": "#1" },
				"east": { "uv": [ 15, 7, 16, 9 ], "texture": "#1" }
			}
		},
		{
			"__comment": "Element",
			"from": [ 1.6562, 0, 6.5 ],
			"to": [ 3.1562, 1, 11.5 ],
			"faces": {
				"down": { "uv": [ 15, 7, 16, 9 ], "texture": "#1" },
				"up": { "uv": [ 0, 0, 2, 6 ], "texture": "#1" },
				"north": { "uv": [ 15, 7, 16, 9 ], "texture": "#1" },
				"south": { "uv": [ 15, 7, 16, 9 ], "texture": "#1" },
				"west": { "uv": [ 15, 7, 16, 9 ], "texture": "#1" },
				"east": { "uv": [ 15, 7, 16, 9 ], "texture": "#1" }
			}
		},
		{
			"__comment": "Element",
			"from": [ 1.6562, 0.536, 3.8055 ],
			"to": [ 3.1562, 1.536, 6.8055 ],
			"rotation": { "origin": [ 2.15625, 1.03596, 5.30552 ], "axis": "x", "angle": 22.5 },
			"faces": {
				"down": { "uv": [ 15, 7, 16, 9 ], "texture": "#1" },
				"up": { "uv": [ 0, 0, 2, 4 ], "texture": "#1" },
				"north": { "uv": [ 15, 7, 16, 9 ], "texture": "#1" },
				"south": { "uv": [ 15, 7, 16, 9 ], "texture": "#1" },
				"west": { "uv": [ 15, 7, 16, 9 ], "texture": "#1" },
				"east": { "uv": [ 15, 7, 16, 9 ], "texture": "#1" }
			}
		},
		{
			"__comment": "Element",
			"from": [ 12.6562, 0.536, 3.8055 ],
			"to": [ 14.1562, 1.536, 6.8055 ],
			"rotation": { "origin": [ 13.15625, 1.03596, 5.30552 ], "axis": "x", "angle": 22.5 },
			"faces": {
				"down": { "uv": [ 15, 7, 16, 9 ], "texture": "#1" },
				"up": { "uv": [ 0, 0, 2, 4 ], "texture": "#1" },
				"north": { "uv": [ 15, 7, 16, 9 ], "texture": "#1" },
				"south": { "uv": [ 15, 7, 16, 9 ], "texture": "#1" },
				"west": { "uv": [ 15, 7, 16, 9 ], "texture": "#1" },
				"east": { "uv": [ 15, 7, 16, 9 ], "texture": "#1" }
			}
		},
		{
			"__comment": "Element",
			"from": [ 1.6562, 2.0623, 1.5213 ],
			"to": [ 3.1562, 3.0623, 4.5213 ],
			"rotation": { "origin": [ 2.15625, 2.56226, 3.02125 ], "axis": "x", "angle": 45 },
			"faces": {
				"down": { "uv": [ 15, 7, 16, 9 ], "texture": "#1" },
				"up": { "uv": [ 0, 0, 2, 6 ], "texture": "#1" },
				"north": { "uv": [ 15, 7, 16, 9 ], "texture": "#1" },
				"south": { "uv": [ 15, 7, 16, 9 ], "texture": "#1" },
				"west": { "uv": [ 15, 7, 16, 9 ], "texture": "#1" },
				"east": { "uv": [ 15, 7, 16, 9 ], "texture": "#1" }
			}
		},
		{
			"__comment": "Element",
			"from": [ 12.6562, 2.0623, 1.5213 ],
			"to": [ 14.1562, 3.0623, 4.5213 ],
			"rotation": { "origin": [ 13.15625, 2.56226, 3.02125 ], "axis": "x", "angle": 45 },
			"faces": {
				"down": { "uv": [ 15, 7, 16, 9 ], "texture": "#1" },
				"up": { "uv": [ 0, 0, 2, 6 ], "texture": "#1" },
				"north": { "uv": [ 15, 7, 16, 9 ], "texture": "#1" },
				"south": { "uv": [ 15, 7, 16, 9 ], "texture": "#1" },
				"west": { "uv": [ 15, 7, 16, 9 ], "texture": "#1" },
				"east": { "uv": [ 15, 7, 16, 9 ], "texture": "#1" }
			}
		},
		{
			"__comment": "Element",
			"from": [ 12.6562, 0.6316, 11.1754 ],
			"to": [ 14.1562, 1.6316, 15.6754 ],
			"rotation": { "origin": [ 13.40625, 1.13164, 12.92545 ], "axis": "x", "angle": -22.5 },
			"faces": {
				"down": { "uv": [ 15, 7, 16, 9 ], "texture": "#1" },
				"up": { "uv": [ 0, 0, 2, 6 ], "texture": "#1" },
				"north": { "uv": [ 15, 7, 16, 9 ], "texture": "#1" },
				"south": { "uv": [ 15, 7, 16, 9 ], "texture": "#1" },
				"west": { "uv": [ 15, 7, 16, 9 ], "texture": "#1" },
				"east": { "uv": [ 15, 7, 16, 9 ], "texture": "#1" }
			}
		},
		{
			"__comment": "Element",
			"from": [ 1.6562, 0.6316, 11.1754 ],
			"to": [ 3.1562, 1.6316, 15.6754 ],
			"rotation": { "origin": [ 13.40625, 1.13164, 12.92545 ], "axis": "x", "angle": -22.5 },
			"faces": {
				"down": { "uv": [ 15, 7, 16, 9 ], "texture": "#1" },
				"up": { "uv": [ 0, 0, 2, 6 ], "texture": "#1" },
				"north": { "uv": [ 15, 7, 16, 9 ], "texture": "#1" },
				"south": { "uv": [ 15, 7, 16, 9 ], "texture": "#1" },
				"west": { "uv": [ 15, 7, 16, 9 ], "texture": "#1" },
				"east": { "uv": [ 15, 7, 16, 9 ], "texture": "#1" }
			}
		},
		{
			"__comment": "Element",
			"from": [ 3.4568, 8.537, 16.5 ],
			"to": [ 12.5068, 20.537, 16.501 ],
			"rotation": { "origin": [ 7.9568, 14.78391, 15.76326 ], "axis": "x", "angle": 22.5 },
			"faces": {
				"down": { "uv": [ 1, 0, 13, 12 ], "texture": "#0", "rotation": 180 },
				"up": { "uv": [ 1, 0, 13, 12 ], "texture": "#0", "rotation": 180 },
				"north": { "uv": [ 1, 0, 13, 12 ], "texture": "#0", "rotation": 180 },
				"south": { "uv": [ 1, 0, 13, 12 ], "texture": "#0", "rotation": 180 },
				"west": { "uv": [ 1, 0, 13, 12 ], "texture": "#0", "rotation": 180 },
				"east": { "uv": [ 1, 0, 13, 12 ], "texture": "#0", "rotation": 180 }
			}
		},
		{
			"__comment": "Element",
			"from": [ 3.5, 9.5, 13.0122 ],
			"to": [ 10.5, 16.5, 15.0122 ],
			"rotation": { "origin": [ 6.37286, 13, 13.2622 ], "axis": "x", "angle": 22.5 },
			"faces": {
				"down": { "uv": [ 14.75, 8.5, 15.25, 9 ], "texture": "#2", "tintindex": 0 },
				"up": { "uv": [ 14.75, 8.5, 15.25, 9 ], "texture": "#2", "tintindex": 0 },
				"north": { "uv": [ 6.5, 5.25, 12.75, 11.5 ], "texture": "#2", "tintindex": 0 },
				"south": { "uv": [ 6.5, 5.25, 12.75, 11.5 ], "texture": "#2", "tintindex": 0 },
				"west": { "uv": [ 14.75, 8.5, 15.25, 9 ], "texture": "#2", "tintindex": 0 },
				"east": { "uv": [ 14.75, 8.5, 15.25, 9 ], "texture": "#2", "tintindex": 0 }
			}
		}
	],
	"display": {
		"thirdperson_righthand": {
			"rotation":  [ 75, 45, 0 ],
			"translation":  [ 0, 2.5, 0 ],
			"scale":  [ 0.375, 0.375, 0.375 ]
		},
		"thirdperson_lefthand": {
			"rotation":  [ 75, 45, 0 ],
			"translation":  [ 0, 2.5, 0 ],
			"scale":  [ 0.375, 0.375, 0.375 ]
		},
		"firstperson_righthand": {
			"rotation":  [ 0, 19, 0 ],
			"scale":  [ 0.4, 0.4, 0.4 ]
		},
		"firstperson_lefthand": {
			"rotation":  [ 0, 12, 0 ],
			"scale":  [ 0.4, 0.4, 0.4 ]
		},
		"gui": {
			"rotation":  [ 30, 225, 0 ],
			"translation":  [ 0, -1.391, 0 ],
			"scale":  [ 0.45, 0.45, 0.45 ]
		},
		"head": {
			"translation":  [ 0, 13.75, 0 ],
			"scale":  [ 0.8, 0.8, 0.8 ]
		},
		"ground": {
			"translation":  [ 0, 0.25, 0 ],
			"scale":  [ 0.5, 0.5, 0.5 ]
		},
		"fixed": {
			"rotation":  [ -90, 0, 0 ],
			"translation":  [ 0, 0, -15 ],
			"scale":  [ 2, 2, 2 ]
		}
	}
}