{
	"credit": "Made with Blockbench",
	"texture_size": [128, 128],
	"textures": {
		"0": "block/signpost",
		"particle": "block/signpost"
	},
	"elements": [
		{
			"from": [1, -16, 1],
			"to": [4, 29, 4],
			"rotation": {"angle": 0, "axis": "y", "origin": [-5, 0, -5]},
			"faces": {
				"north": {"uv": [0, 0, 0.75, 11], "texture": "#0"},
				"east": {"uv": [0, 0, 0.75, 11], "texture": "#0"},
				"south": {"uv": [0, 0, 0.75, 11], "texture": "#0"},
				"west": {"uv": [0, 0, 0.75, 11], "texture": "#0"},
				"up": {"uv": [0.75, 0, 1.5, 0.75], "texture": "#0"},
				"down": {"uv": [0.75, 0, 1.5, 0.75], "texture": "#0"}
			}
		},
		{
			"from": [0, 29, 0],
			"to": [5, 30, 5],
			"rotation": {"angle": 0, "axis": "y", "origin": [-5, 0, -5]},
			"faces": {
				"north": {"uv": [0.875, 2.125, 2.125, 2.375], "texture": "#0"},
				"east": {"uv": [0.875, 3, 2.125, 3.25], "texture": "#0"},
				"south": {"uv": [0.875, 2.25, 2.125, 2.5], "texture": "#0"},
				"west": {"uv": [0.875, 2.625, 2.125, 2.875], "texture": "#0"},
				"up": {"uv": [0.875, 2, 2.125, 3.25], "texture": "#0"},
				"down": {"uv": [0.875, 2, 2.125, 3.25], "texture": "#0"}
			}
		},
		{
			"from": [22.8, 28.5, 2],
			"to": [25.8, 29.5, 3],
			"rotation": {"angle": -45, "axis": "z", "origin": [23.5, 29.5, 2.5]},
			"faces": {
				"north": {"uv": [0.75, 0.75, 1, 1.5], "rotation": 90, "texture": "#0"},
				"east": {"uv": [0, 0, 0.125, 0.125], "rotation": 270, "texture": "#0"},
				"south": {"uv": [0.75, 0.625, 1, 1.375], "rotation": 270, "texture": "#0"},
				"west": {"uv": [0.75, 0.875, 0.875, 1], "rotation": 270, "texture": "#0"},
				"up": {"uv": [0.75, 0.625, 1, 1.375], "rotation": 270, "texture": "#0"},
				"down": {"uv": [0.75, 0.75, 1, 1.5], "rotation": 270, "texture": "#0"}
			}
		},
		{
			"from": [23, 26, 2],
			"to": [24, 29, 3],
			"rotation": {"angle": 0, "axis": "y", "origin": [-5, 0, -5]},
			"faces": {
				"north": {"uv": [0.75, 0.625, 1, 1.375], "texture": "#0"},
				"east": {"uv": [0, 0, 0.125, 0.375], "texture": "#0"},
				"south": {"uv": [0.75, 0.625, 1, 1.375], "texture": "#0"},
				"west": {"uv": [0, 0, 0.125, 0.375], "texture": "#0"},
				"up": {"uv": [0, 0, 0.125, 0.125], "texture": "#0"},
				"down": {"uv": [0, 0, 0.125, 0.125], "texture": "#0"}
			}
		},
		{
			"from": [25.32, 25.98, 2],
			"to": [26.32, 28.98, 3],
			"rotation": {"angle": -45, "axis": "z", "origin": [23.5, 29.5, 2.5]},
			"faces": {
				"north": {"uv": [0.75, 0.75, 1, 1.5], "texture": "#0"},
				"east": {"uv": [0.75, 0.75, 1, 1.5], "texture": "#0"},
				"south": {"uv": [0.75, 0.75, 1, 1.5], "texture": "#0"},
				"west": {"uv": [0.75, 0.75, 1, 1.5], "texture": "#0"},
				"up": {"uv": [0, 0, 0.125, 0.125], "texture": "#0"},
				"down": {"uv": [0.875, 0.875, 1, 1], "texture": "#0"}
			}
		},
		{
			"from": [22, 26, 2],
			"to": [23, 29, 3],
			"rotation": {"angle": 0, "axis": "y", "origin": [-5, 0, -5]},
			"faces": {
				"north": {"uv": [0.75, 0.625, 1, 1.375], "texture": "#0"},
				"east": {"uv": [0, 0, 0.125, 0.375], "texture": "#0"},
				"south": {"uv": [0.75, 0.75, 1, 1.5], "texture": "#0"},
				"west": {"uv": [0.75, 0.625, 1, 1.375], "texture": "#0"},
				"up": {"uv": [0.75, 0.75, 1, 1], "texture": "#0"},
				"down": {"uv": [0.75, 1.25, 0.875, 1.375], "texture": "#0"}
			}
		},
		{
			"from": [24.2, 26.8, 2],
			"to": [25.2, 27.8, 3],
			"rotation": {"angle": 45, "axis": "z", "origin": [24.5, 27.5, 2.5]},
			"faces": {
				"north": {"uv": [0.875, 1.125, 1, 1.25], "texture": "#0"},
				"east": {"uv": [0.875, 1, 1, 1.125], "texture": "#0"},
				"south": {"uv": [0.875, 1.125, 1, 1.25], "texture": "#0"},
				"west": {"uv": [0, 0, 0.125, 0.125], "texture": "#0"},
				"up": {"uv": [0, 0, 0.125, 0.125], "texture": "#0"},
				"down": {"uv": [0.75, 1.25, 0.875, 1.375], "texture": "#0"}
			}
		},
		{
			"from": [-16, 22.5, 2.25],
			"to": [-15, 28.5, 2.75],
			"rotation": {"angle": -45, "axis": "z", "origin": [-5, 0, -5]},
			"faces": {
				"north": {"uv": [1.625, 0.25, 3.125, 0.5], "rotation": 90, "texture": "#0"},
				"east": {"uv": [1.625, 0.375, 1.75, 1.875], "texture": "#0"},
				"south": {"uv": [1.625, 0.25, 3.125, 0.5], "rotation": 270, "texture": "#0"},
				"west": {"uv": [1.625, 0.375, 1.75, 1.875], "rotation": 180, "texture": "#0"},
				"up": {"uv": [0, 0, 0.0625, 0.125], "rotation": 270, "texture": "#0"},
				"down": {"uv": [0, 0, 0.0625, 0.125], "rotation": 270, "texture": "#0"}
			}
		},
		{
			"from": [4, 27, 2],
			"to": [22, 28, 3],
			"rotation": {"angle": 0, "axis": "y", "origin": [-5, 0, -5]},
			"faces": {
				"north": {"uv": [1.5, 0, 6.75, 0.25], "texture": "#0"},
				"east": {"uv": [0.875, 0.125, 1.375, 0.625], "texture": "#0"},
				"south": {"uv": [1.5, 0, 6.75, 0.25], "texture": "#0"},
				"west": {"uv": [0.875, 0.125, 1.375, 0.625], "texture": "#0"},
				"up": {"uv": [1.5, 0, 6.75, 0.25], "texture": "#0"},
				"down": {"uv": [1.5, 0, 6.75, 0.25], "texture": "#0"}
			}
		},
		{
			"from": [2, 26, 23],
			"to": [3, 29, 24],
			"rotation": {"angle": 0, "axis": "y", "origin": [-25, -15, 15]},
			"faces": {
				"north": {"uv": [0.75, 0.75, 1, 1.5], "texture": "#0"},
				"east": {"uv": [0.75, 0.75, 1, 1.5], "texture": "#0"},
				"south": {"uv": [0.75, 0.75, 1, 1.5], "texture": "#0"},
				"west": {"uv": [0.75, 0.75, 1, 1.5], "texture": "#0"},
				"up": {"uv": [0, 0, 0.125, 0.125], "texture": "#0"},
				"down": {"uv": [0, 0, 0.125, 0.125], "texture": "#0"}
			}
		},
		{
			"from": [2, 26, 22],
			"to": [3, 29, 23],
			"rotation": {"angle": 0, "axis": "y", "origin": [-25, -15, 15]},
			"faces": {
				"north": {"uv": [0.75, 0.75, 1, 1.5], "texture": "#0"},
				"east": {"uv": [0.75, 0.75, 1, 1.5], "texture": "#0"},
				"south": {"uv": [0.75, 0.75, 1, 1.5], "texture": "#0"},
				"west": {"uv": [0.75, 0.75, 1, 1.5], "texture": "#0"},
				"up": {"uv": [0.75, 0.875, 0.875, 1], "texture": "#0"},
				"down": {"uv": [0.875, 1.125, 1, 1.25], "texture": "#0"}
			}
		},
		{
			"from": [2, 25.57, 19.5],
			"to": [3, 26.57, 22.5],
			"rotation": {"angle": -45, "axis": "x", "origin": [2.5, 29.5, 22.5]},
			"faces": {
				"north": {"uv": [0.75, 1, 0.875, 1.125], "rotation": 180, "texture": "#0"},
				"east": {"uv": [0.75, 0.75, 1, 1.5], "rotation": 270, "texture": "#0"},
				"south": {"uv": [0, 0, 0.125, 0.125], "texture": "#0"},
				"west": {"uv": [0.75, 0.75, 1, 1.5], "rotation": 90, "texture": "#0"},
				"up": {"uv": [0.75, 0.75, 1, 1.5], "rotation": 180, "texture": "#0"},
				"down": {"uv": [0.75, 0.625, 1, 1.375], "texture": "#0"}
			}
		},
		{
			"from": [2, 23.1, 14],
			"to": [3, 24.1, 15],
			"rotation": {"angle": 45, "axis": "x", "origin": [2.5, 12.5, 24.5]},
			"faces": {
				"north": {"uv": [0, 0, 0.125, 0.375], "texture": "#0"},
				"east": {"uv": [0.75, 0.625, 1, 1.375], "texture": "#0"},
				"south": {"uv": [0.875, 0.875, 1, 1.25], "texture": "#0"},
				"west": {"uv": [0.75, 0.625, 1, 1.375], "texture": "#0"},
				"up": {"uv": [0.75, 1, 0.875, 1.125], "texture": "#0"},
				"down": {"uv": [0, 0, 0.125, 0.125], "texture": "#0"}
			}
		},
		{
			"from": [2, 26.5, 24],
			"to": [3, 28, 25],
			"rotation": {"angle": 0, "axis": "y", "origin": [-25, -15, 15]},
			"faces": {
				"north": {"uv": [0, 0, 0.125, 0.375], "texture": "#0"},
				"east": {"uv": [0.75, 0.625, 1, 1.375], "texture": "#0"},
				"south": {"uv": [0, 0, 0.125, 0.375], "texture": "#0"},
				"west": {"uv": [0.75, 0.75, 1, 1.5], "texture": "#0"},
				"up": {"uv": [0, 0, 0.125, 0.125], "texture": "#0"},
				"down": {"uv": [0, 0, 0.125, 0.125], "texture": "#0"}
			}
		},
		{
			"from": [2, 29.5, 22.55],
			"to": [3, 30.5, 25.55],
			"rotation": {"angle": 45, "axis": "x", "origin": [2.5, 29.5, 22.5]},
			"faces": {
				"north": {"uv": [0.875, 1, 1, 1.125], "rotation": 180, "texture": "#0"},
				"east": {"uv": [0.75, 0.75, 1, 1.5], "rotation": 270, "texture": "#0"},
				"south": {"uv": [0, 0, 0.125, 0.125], "texture": "#0"},
				"west": {"uv": [0.75, 0.625, 1, 1.375], "rotation": 90, "texture": "#0"},
				"up": {"uv": [0.75, 0.75, 1, 1.5], "rotation": 180, "texture": "#0"},
				"down": {"uv": [0, 0, 0.125, 0.375], "texture": "#0"}
			}
		},
		{
			"from": [2.25, 10, 17.5],
			"to": [2.75, 11, 23.5],
			"rotation": {"angle": -45, "axis": "x", "origin": [-5, 0, -5]},
			"faces": {
				"north": {"uv": [1.625, 0.625, 1.75, 0.875], "texture": "#0"},
				"east": {"uv": [1.625, 0.25, 3.125, 0.5], "texture": "#0"},
				"south": {"uv": [1.75, 0.25, 1.875, 0.5], "texture": "#0"},
				"west": {"uv": [1.625, 0.25, 3.125, 0.5], "texture": "#0"},
				"up": {"uv": [1.625, 0.5, 1.75, 2], "texture": "#0"},
				"down": {"uv": [1.625, 0.5, 1.75, 2], "texture": "#0"}
			}
		},
		{
			"from": [2, 27, 4],
			"to": [3, 28, 22],
			"rotation": {"angle": 0, "axis": "y", "origin": [-5, 0, -5]},
			"faces": {
				"north": {"uv": [0.875, 0.125, 1.375, 0.625], "texture": "#0"},
				"east": {"uv": [1.5, 0, 6.75, 0.25], "texture": "#0"},
				"south": {"uv": [0.875, 0.125, 1.375, 0.625], "texture": "#0"},
				"west": {"uv": [1.5, 0, 6.75, 0.25], "texture": "#0"},
				"up": {"uv": [1.5, 0, 6.75, 0.25], "rotation": 90, "texture": "#0"},
				"down": {"uv": [1.5, 0, 6.75, 0.25], "rotation": 270, "texture": "#0"}
			}
		},
		{
			"from": [2, 11, 23],
			"to": [3, 14, 24],
			"rotation": {"angle": 0, "axis": "y", "origin": [-25, -30, 15]},
			"faces": {
				"north": {"uv": [0.75, 0.75, 1, 1.5], "texture": "#0"},
				"east": {"uv": [0.75, 0.75, 1, 1.5], "texture": "#0"},
				"south": {"uv": [0.75, 0.75, 1, 1.5], "texture": "#0"},
				"west": {"uv": [0.75, 0.75, 1, 1.5], "texture": "#0"},
				"up": {"uv": [0, 0, 0.125, 0.125], "texture": "#0"},
				"down": {"uv": [0, 0, 0.125, 0.125], "texture": "#0"}
			}
		},
		{
			"from": [2, 11, 22],
			"to": [3, 14, 23],
			"rotation": {"angle": 0, "axis": "y", "origin": [-25, -30, 15]},
			"faces": {
				"north": {"uv": [0.75, 0.75, 1, 1.5], "texture": "#0"},
				"east": {"uv": [0.75, 0.75, 1, 1.5], "texture": "#0"},
				"south": {"uv": [0.75, 0.75, 1, 1.5], "texture": "#0"},
				"west": {"uv": [0.75, 0.75, 1, 1.5], "texture": "#0"},
				"up": {"uv": [0.75, 0.875, 0.875, 1], "texture": "#0"},
				"down": {"uv": [0.875, 1.125, 1, 1.25], "texture": "#0"}
			}
		},
		{
			"from": [2, 10.57, 19.5],
			"to": [3, 11.57, 22.5],
			"rotation": {"angle": -45, "axis": "x", "origin": [2.5, 14.5, 22.5]},
			"faces": {
				"north": {"uv": [0.75, 1, 0.875, 1.125], "rotation": 180, "texture": "#0"},
				"east": {"uv": [0.75, 0.75, 1, 1.5], "rotation": 270, "texture": "#0"},
				"south": {"uv": [0, 0, 0.125, 0.125], "texture": "#0"},
				"west": {"uv": [0.75, 0.75, 1, 1.5], "rotation": 90, "texture": "#0"},
				"up": {"uv": [0.75, 0.75, 1, 1.5], "rotation": 180, "texture": "#0"},
				"down": {"uv": [0.75, 0.625, 1, 1.375], "texture": "#0"}
			}
		},
		{
			"from": [2, 8.1, 14],
			"to": [3, 9.1, 15],
			"rotation": {"angle": 45, "axis": "x", "origin": [2.5, -2.5, 24.5]},
			"faces": {
				"north": {"uv": [0, 0, 0.125, 0.375], "texture": "#0"},
				"east": {"uv": [0.75, 0.625, 1, 1.375], "texture": "#0"},
				"south": {"uv": [0.875, 0.875, 1, 1.25], "texture": "#0"},
				"west": {"uv": [0.75, 0.625, 1, 1.375], "texture": "#0"},
				"up": {"uv": [0.75, 1, 0.875, 1.125], "texture": "#0"},
				"down": {"uv": [0, 0, 0.125, 0.125], "texture": "#0"}
			}
		},
		{
			"from": [2, 11.5, 24],
			"to": [3, 13, 25],
			"rotation": {"angle": 0, "axis": "y", "origin": [-25, -30, 15]},
			"faces": {
				"north": {"uv": [0, 0, 0.125, 0.375], "texture": "#0"},
				"east": {"uv": [0.75, 0.625, 1, 1.375], "texture": "#0"},
				"south": {"uv": [0, 0, 0.125, 0.375], "texture": "#0"},
				"west": {"uv": [0.75, 0.75, 1, 1.5], "texture": "#0"},
				"up": {"uv": [0, 0, 0.125, 0.125], "texture": "#0"},
				"down": {"uv": [0, 0, 0.125, 0.125], "texture": "#0"}
			}
		},
		{
			"from": [2, 14.5, 22.55],
			"to": [3, 15.5, 25.55],
			"rotation": {"angle": 45, "axis": "x", "origin": [2.5, 14.5, 22.5]},
			"faces": {
				"north": {"uv": [0.875, 1, 1, 1.125], "rotation": 180, "texture": "#0"},
				"east": {"uv": [0.75, 0.75, 1, 1.5], "rotation": 270, "texture": "#0"},
				"south": {"uv": [0, 0, 0.125, 0.125], "texture": "#0"},
				"west": {"uv": [0.75, 0.625, 1, 1.375], "rotation": 90, "texture": "#0"},
				"up": {"uv": [0.75, 0.75, 1, 1.5], "rotation": 180, "texture": "#0"},
				"down": {"uv": [0, 0, 0.125, 0.375], "texture": "#0"}
			}
		},
		{
			"from": [2.25, -5, 17.5],
			"to": [2.75, -4, 23.5],
			"rotation": {"angle": -45, "axis": "x", "origin": [-5, -15, -5]},
			"faces": {
				"north": {"uv": [1.625, 0.625, 1.75, 0.875], "texture": "#0"},
				"east": {"uv": [1.625, 0.25, 3.125, 0.5], "texture": "#0"},
				"south": {"uv": [1.75, 0.25, 1.875, 0.5], "texture": "#0"},
				"west": {"uv": [1.625, 0.25, 3.125, 0.5], "texture": "#0"},
				"up": {"uv": [1.625, 0.5, 1.75, 2], "texture": "#0"},
				"down": {"uv": [1.625, 0.5, 1.75, 2], "texture": "#0"}
			}
		},
		{
			"from": [2, 12, 4],
			"to": [3, 13, 22],
			"rotation": {"angle": 0, "axis": "y", "origin": [-5, -15, -5]},
			"faces": {
				"north": {"uv": [0.875, 0.125, 1.375, 0.625], "texture": "#0"},
				"east": {"uv": [1.5, 0, 6.75, 0.25], "texture": "#0"},
				"south": {"uv": [0.875, 0.125, 1.375, 0.625], "texture": "#0"},
				"west": {"uv": [1.5, 0, 6.75, 0.25], "texture": "#0"},
				"up": {"uv": [1.5, 0, 6.75, 0.25], "rotation": 90, "texture": "#0"},
				"down": {"uv": [1.5, 0, 6.75, 0.25], "rotation": 270, "texture": "#0"}
			}
		},
		{
			"from": [22.8, 13.5, 2],
			"to": [25.8, 14.5, 3],
			"rotation": {"angle": -45, "axis": "z", "origin": [23.5, 14.5, 2.5]},
			"faces": {
				"north": {"uv": [0.75, 0.75, 1, 1.5], "rotation": 90, "texture": "#0"},
				"east": {"uv": [0, 0, 0.125, 0.125], "rotation": 270, "texture": "#0"},
				"south": {"uv": [0.75, 0.625, 1, 1.375], "rotation": 270, "texture": "#0"},
				"west": {"uv": [0.75, 0.875, 0.875, 1], "rotation": 270, "texture": "#0"},
				"up": {"uv": [0.75, 0.625, 1, 1.375], "rotation": 270, "texture": "#0"},
				"down": {"uv": [0.75, 0.75, 1, 1.5], "rotation": 270, "texture": "#0"}
			}
		},
		{
			"from": [23, 11, 2],
			"to": [24, 14, 3],
			"rotation": {"angle": 0, "axis": "y", "origin": [-5, -15, -5]},
			"faces": {
				"north": {"uv": [0.75, 0.625, 1, 1.375], "texture": "#0"},
				"east": {"uv": [0, 0, 0.125, 0.375], "texture": "#0"},
				"south": {"uv": [0.75, 0.625, 1, 1.375], "texture": "#0"},
				"west": {"uv": [0, 0, 0.125, 0.375], "texture": "#0"},
				"up": {"uv": [0, 0, 0.125, 0.125], "texture": "#0"},
				"down": {"uv": [0, 0, 0.125, 0.125], "texture": "#0"}
			}
		},
		{
			"from": [25.32, 10.98, 2],
			"to": [26.32, 13.98, 3],
			"rotation": {"angle": -45, "axis": "z", "origin": [23.5, 14.5, 2.5]},
			"faces": {
				"north": {"uv": [0.75, 0.75, 1, 1.5], "texture": "#0"},
				"east": {"uv": [0.75, 0.75, 1, 1.5], "texture": "#0"},
				"south": {"uv": [0.75, 0.75, 1, 1.5], "texture": "#0"},
				"west": {"uv": [0.75, 0.75, 1, 1.5], "texture": "#0"},
				"up": {"uv": [0, 0, 0.125, 0.125], "texture": "#0"},
				"down": {"uv": [0.875, 0.875, 1, 1], "texture": "#0"}
			}
		},
		{
			"from": [22, 11, 2],
			"to": [23, 14, 3],
			"rotation": {"angle": 0, "axis": "y", "origin": [-5, -15, -5]},
			"faces": {
				"north": {"uv": [0.75, 0.625, 1, 1.375], "texture": "#0"},
				"east": {"uv": [0, 0, 0.125, 0.375], "texture": "#0"},
				"south": {"uv": [0.75, 0.75, 1, 1.5], "texture": "#0"},
				"west": {"uv": [0.75, 0.625, 1, 1.375], "texture": "#0"},
				"up": {"uv": [0.75, 0.75, 1, 1], "texture": "#0"},
				"down": {"uv": [0.75, 1.25, 0.875, 1.375], "texture": "#0"}
			}
		},
		{
			"from": [24.2, 11.8, 2],
			"to": [25.2, 12.8, 3],
			"rotation": {"angle": 45, "axis": "z", "origin": [24.5, 12.5, 2.5]},
			"faces": {
				"north": {"uv": [0.875, 1.125, 1, 1.25], "texture": "#0"},
				"east": {"uv": [0.875, 1, 1, 1.125], "texture": "#0"},
				"south": {"uv": [0.875, 1.125, 1, 1.25], "texture": "#0"},
				"west": {"uv": [0, 0, 0.125, 0.125], "texture": "#0"},
				"up": {"uv": [0, 0, 0.125, 0.125], "texture": "#0"},
				"down": {"uv": [0.75, 1.25, 0.875, 1.375], "texture": "#0"}
			}
		},
		{
			"from": [-16, 7.5, 2.25],
			"to": [-15, 13.5, 2.75],
			"rotation": {"angle": -45, "axis": "z", "origin": [-5, -15, -5]},
			"faces": {
				"north": {"uv": [1.625, 0.25, 3.125, 0.5], "rotation": 90, "texture": "#0"},
				"east": {"uv": [1.625, 0.375, 1.75, 1.875], "texture": "#0"},
				"south": {"uv": [1.625, 0.25, 3.125, 0.5], "rotation": 270, "texture": "#0"},
				"west": {"uv": [1.625, 0.375, 1.75, 1.875], "rotation": 180, "texture": "#0"},
				"up": {"uv": [0, 0, 0.0625, 0.125], "rotation": 270, "texture": "#0"},
				"down": {"uv": [0, 0, 0.0625, 0.125], "rotation": 270, "texture": "#0"}
			}
		},
		{
			"from": [4, 12, 2],
			"to": [22, 13, 3],
			"rotation": {"angle": 0, "axis": "y", "origin": [-5, -15, -5]},
			"faces": {
				"north": {"uv": [1.5, 0, 6.75, 0.25], "texture": "#0"},
				"east": {"uv": [0.875, 0.125, 1.375, 0.625], "texture": "#0"},
				"south": {"uv": [1.5, 0, 6.75, 0.25], "texture": "#0"},
				"west": {"uv": [0.875, 0.125, 1.375, 0.625], "texture": "#0"},
				"up": {"uv": [1.5, 0, 6.75, 0.25], "texture": "#0"},
				"down": {"uv": [1.5, 0, 6.75, 0.25], "texture": "#0"}
			}
		}
	],
	"display": {
		"thirdperson_righthand": {
			"translation": [2.25, 7, 5],
			"scale": [0.7, 0.7, 0.7]
		},
		"thirdperson_lefthand": {
			"rotation": [0, 90, 0],
			"translation": [2.5, 7, 5.75],
			"scale": [0.7, 0.7, 0.7]
		},
		"firstperson_righthand": {
			"rotation": [0, -69, 0],
			"translation": [5, 4.75, 0],
			"scale": [0.5, 0.5, 0.5]
		},
		"firstperson_lefthand": {
			"rotation": [0, 13, 0],
			"translation": [-0.25, 4.75, 2],
			"scale": [0.5, 0.5, 0.5]
		},
		"gui": {
			"rotation": [-25, -32, -52],
			"translation": [0, -0.75, 0],
			"scale": [0.45, 0.45, 0.45]
		},
		"fixed": {
			"rotation": [-90, 0, 0],
			"translation": [-3, -3, -47],
			"scale": [2, 2, 2]
		}
	},
	"groups": [0, 1,
		{
			"name": "group",
			"origin": [8, 8, 8],
			"children": [2, 3, 4, 5, 6, 7, 8]
		},
		{
			"name": "group",
			"origin": [8, 8, 8],
			"children": [9, 10, 11, 12, 13, 14, 15, 16]
		},
		{
			"name": "group",
			"origin": [8, 8, 8],
			"children": [17, 18, 19, 20, 21, 22, 23, 24]
		},
		{
			"name": "group",
			"origin": [8, 8, 8],
			"children": [25, 26, 27, 28, 29, 30, 31]
		}
	]
}