{"file_name":"head","texture_size":[64,64],"textures":{"8fbd413e-8404-a815-48ea-73ba209a6179":"modelengine:entity/goblin"},"elements":[{"name":"cube","from":[4.64,5.6753607,4.97022],"to":[11.24,7.4753604,7.37022],"rotation":{"angle":0.0,"axis":"x","origin":[8.0,7.5953608,7.37022]},"faces":{"down":{"uv":[6.25,1.25,9.0,2.25],"rotation":0,"texture":"#8fbd413e-8404-a815-48ea-73ba209a6179","tintindex":0},"east":{"uv":[3.0,6.75,4.0,7.5],"rotation":0,"texture":"#8fbd413e-8404-a815-48ea-73ba209a6179","tintindex":0},"north":{"uv":[6.75,5.25,9.5,6.0],"rotation":0,"texture":"#8fbd413e-8404-a815-48ea-73ba209a6179","tintindex":0},"south":{"uv":[8.0,7.0,10.75,7.75],"rotation":0,"texture":"#8fbd413e-8404-a815-48ea-73ba209a6179","tintindex":0},"up":{"uv":[8.75,7.0,6.0,6.0],"rotation":0,"texture":"#8fbd413e-8404-a815-48ea-73ba209a6179","tintindex":0},"west":{"uv":[5.0,7.5,6.0,8.25],"rotation":0,"texture":"#8fbd413e-8404-a815-48ea-73ba209a6179","tintindex":0}}},{"name":"cube","from":[4.64,7.4753604,4.97022],"to":[11.24,10.475361,9.77022],"rotation":{"angle":0.0,"axis":"x","origin":[8.0,10.35536,4.97022]},"faces":{"down":{"uv":[0.0,2.0,2.75,4.0],"rotation":0,"texture":"#8fbd413e-8404-a815-48ea-73ba209a6179","tintindex":0},"east":{"uv":[6.75,4.0,8.75,5.25],"rotation":0,"texture":"#8fbd413e-8404-a815-48ea-73ba209a6179","tintindex":0},"north":{"uv":[4.0,4.75,6.75,6.0],"rotation":0,"texture":"#8fbd413e-8404-a815-48ea-73ba209a6179","tintindex":0},"south":{"uv":[4.75,0.0,7.5,1.25],"rotation":0,"texture":"#8fbd413e-8404-a815-48ea-73ba209a6179","tintindex":0},"up":{"uv":[2.75,2.0,0.0,0.0],"rotation":0,"texture":"#8fbd413e-8404-a815-48ea-73ba209a6179","tintindex":0},"west":{"uv":[6.0,7.0,8.0,8.25],"rotation":0,"texture":"#8fbd413e-8404-a815-48ea-73ba209a6179","tintindex":0}}},{"name":"cube","from":[7.04,6.6678743,2.206457],"to":[8.84,9.277875,4.6064568],"rotation":{"angle":-22.5,"axis":"x","origin":[8.0,8.077875,2.806457]},"faces":{"down":{"uv":[3.5,10.5,4.25,11.5],"rotation":0,"texture":"#8fbd413e-8404-a815-48ea-73ba209a6179","tintindex":0},"east":{"uv":[8.75,4.0,9.75,5.0],"rotation":0,"texture":"#8fbd413e-8404-a815-48ea-73ba209a6179","tintindex":0},"north":{"uv":[8.0,10.25,8.75,11.25],"rotation":0,"texture":"#8fbd413e-8404-a815-48ea-73ba209a6179","tintindex":0},"south":{"uv":[8.75,10.25,9.5,11.25],"rotation":0,"texture":"#8fbd413e-8404-a815-48ea-73ba209a6179","tintindex":0},"up":{"uv":[3.5,11.5,2.75,10.5],"rotation":0,"texture":"#8fbd413e-8404-a815-48ea-73ba209a6179","tintindex":0},"west":{"uv":[8.75,6.0,9.75,7.0],"rotation":0,"texture":"#8fbd413e-8404-a815-48ea-73ba209a6179","tintindex":0}}},{"name":"cube","from":[7.04,7.4753604,4.01022],"to":[8.84,9.8753605,5.2102203],"rotation":{"angle":0.0,"axis":"x","origin":[8.0,8.675361,6.1702204]},"faces":{"down":{"uv":[11.5,2.75,12.25,3.25],"rotation":0,"texture":"#8fbd413e-8404-a815-48ea-73ba209a6179","tintindex":0},"east":{"uv":[6.25,2.25,6.75,3.25],"rotation":0,"texture":"#8fbd413e-8404-a815-48ea-73ba209a6179","tintindex":0},"north":{"uv":[4.25,10.5,5.0,11.5],"rotation":0,"texture":"#8fbd413e-8404-a815-48ea-73ba209a6179","tintindex":0},"south":{"uv":[5.0,10.5,5.75,11.5],"rotation":0,"texture":"#8fbd413e-8404-a815-48ea-73ba209a6179","tintindex":0},"up":{"uv":[12.25,1.75,11.5,1.25],"rotation":0,"texture":"#8fbd413e-8404-a815-48ea-73ba209a6179","tintindex":0},"west":{"uv":[3.75,11.5,4.25,12.5],"rotation":0,"texture":"#8fbd413e-8404-a815-48ea-73ba209a6179","tintindex":0}}},{"name":"cube","from":[10.815736,7.4753604,8.394484],"to":[11.415736,10.475361,13.194485],"rotation":{"angle":45.0,"axis":"y","origin":[10.815736,8.435361,8.394484]},"faces":{"down":{"uv":[4.5,11.5,4.75,13.5],"rotation":0,"texture":"#8fbd413e-8404-a815-48ea-73ba209a6179","tintindex":0},"east":{"uv":[3.0,7.5,5.0,8.75],"rotation":0,"texture":"#8fbd413e-8404-a815-48ea-73ba209a6179","tintindex":0},"north":{"uv":[10.75,3.0,11.0,4.25],"rotation":0,"texture":"#8fbd413e-8404-a815-48ea-73ba209a6179","tintindex":0},"south":{"uv":[11.5,3.25,11.75,4.5],"rotation":0,"texture":"#8fbd413e-8404-a815-48ea-73ba209a6179","tintindex":0},"up":{"uv":[4.5,13.5,4.25,11.5],"rotation":0,"texture":"#8fbd413e-8404-a815-48ea-73ba209a6179","tintindex":0},"west":{"uv":[7.5,0.0,9.5,1.25],"rotation":0,"texture":"#8fbd413e-8404-a815-48ea-73ba209a6179","tintindex":0}}},{"name":"cube","from":[4.584264,7.4753604,8.394484],"to":[5.184264,10.475361,13.194485],"rotation":{"angle":-45.0,"axis":"y","origin":[5.184264,8.435361,8.394484]},"faces":{"down":{"uv":[9.5,11.75,9.75,13.75],"rotation":0,"texture":"#8fbd413e-8404-a815-48ea-73ba209a6179","tintindex":0},"east":{"uv":[8.0,8.0,10.0,9.25],"rotation":0,"texture":"#8fbd413e-8404-a815-48ea-73ba209a6179","tintindex":0},"north":{"uv":[10.25,11.75,10.5,13.0],"rotation":0,"texture":"#8fbd413e-8404-a815-48ea-73ba209a6179","tintindex":0},"south":{"uv":[10.5,11.75,10.75,13.0],"rotation":0,"texture":"#8fbd413e-8404-a815-48ea-73ba209a6179","tintindex":0},"up":{"uv":[8.0,13.5,7.75,11.5],"rotation":0,"texture":"#8fbd413e-8404-a815-48ea-73ba209a6179","tintindex":0},"west":{"uv":[5.0,8.25,7.0,9.5],"rotation":0,"texture":"#8fbd413e-8404-a815-48ea-73ba209a6179","tintindex":0}}},{"name":"cube","from":[4.3999996,5.354641,4.6046762],"to":[11.6,10.754641,10.004677],"rotation":{"angle":0.0,"axis":"x","origin":[8.0,-3.453044,9.762896]},"faces":{"down":{"uv":[15.5,11.25,12.5,13.5],"rotation":0,"texture":"#8fbd413e-8404-a815-48ea-73ba209a6179","tintindex":0},"east":{"uv":[12.5,6.75,14.75,9.0],"rotation":0,"texture":"#8fbd413e-8404-a815-48ea-73ba209a6179","tintindex":0},"north":{"uv":[12.5,0.0,15.5,2.25],"rotation":0,"texture":"#8fbd413e-8404-a815-48ea-73ba209a6179","tintindex":0},"south":{"uv":[12.5,2.25,15.5,4.5],"rotation":0,"texture":"#8fbd413e-8404-a815-48ea-73ba209a6179","tintindex":0},"up":{"uv":[12.5,9.0,15.5,11.25],"rotation":0,"texture":"#8fbd413e-8404-a815-48ea-73ba209a6179","tintindex":0},"west":{"uv":[12.5,4.5,14.75,6.75],"rotation":0,"texture":"#8fbd413e-8404-a815-48ea-73ba209a6179","tintindex":0}}}],"display":{"head":{"translation":[0.0,-6.4,0.0],"rotation":[0.0,0.0,0.0],"scale":[3.8095,3.8095,3.8095]},"gui":{"translation":[0.0,0.0,0.0],"rotation":[35.0,225.0,0.0],"scale":[0.625,0.625,0.625]}}}