{
	"credit": "Made with Blockbench",
	"texture_size": [128, 128],
	"textures": {
		"0": "items/bonebow3",
		"particle": "items/bonebow3"
	},
	"elements": [
		{
			"from": [8.75, -1.75, -0.5],
			"to": [10, 1.75, 3.25],
			"rotation": {"angle": -22.5, "axis": "y", "origin": [7.5, 0, 2]},
			"faces": {
				"north": {"uv": [6.5, 3.5, 6.6875, 3.9375], "texture": "#0"},
				"east": {"uv": [5.75, 2, 6.25, 2.4375], "texture": "#0"},
				"south": {"uv": [4.75, 6.5, 4.9375, 6.9375], "texture": "#0"},
				"west": {"uv": [5.75, 2.5, 6.25, 2.9375], "texture": "#0"},
				"up": {"uv": [6.4375, 6.5, 6.25, 6], "texture": "#0"},
				"down": {"uv": [6.6875, 3, 6.5, 3.5], "texture": "#0"}
			}
		},
		{
			"from": [6, -2, 0],
			"to": [9, 2, 4],
			"rotation": {"angle": 0, "axis": "y", "origin": [7.5, 0, 2]},
			"faces": {
				"north": {"uv": [5.75, 3, 6.125, 3.5], "texture": "#0"},
				"east": {"uv": [5.75, 0, 6.25, 0.5], "texture": "#0"},
				"south": {"uv": [5.75, 3.5, 6.125, 4], "texture": "#0"},
				"west": {"uv": [5.75, 0.5, 6.25, 1], "texture": "#0"},
				"up": {"uv": [6.125, 4.5, 5.75, 4], "texture": "#0"},
				"down": {"uv": [6.125, 4.5, 5.75, 5], "texture": "#0"}
			}
		},
		{
			"from": [-11, 0, -10],
			"to": [27, 0, 26],
			"rotation": {"angle": 0, "axis": "y", "origin": [6.5, 0, 2]},
			"faces": {
				"north": {"uv": [0, 0, 4.75, 0], "texture": "#0"},
				"east": {"uv": [0, 0, 4.5, 0], "texture": "#0"},
				"south": {"uv": [0, 0, 4.75, 0], "texture": "#0"},
				"west": {"uv": [0, 0, 4.5, 0], "texture": "#0"},
				"up": {"uv": [4.875, 4.5, 0.125, 0], "texture": "#0"},
				"down": {"uv": [4.875, 0, 0.125, 4.5], "texture": "#0"}
			}
		},
		{
			"from": [4, 0.1, 1],
			"to": [12, 0.1, 25],
			"rotation": {"angle": 0, "axis": "y", "origin": [7.5, 0, 7]},
			"faces": {
				"north": {"uv": [0, 0, 1, 0], "texture": "#0"},
				"east": {"uv": [0, 0, 3, 0], "texture": "#0"},
				"south": {"uv": [0, 0, 1, 0], "texture": "#0"},
				"west": {"uv": [0, 0, 3, 0], "texture": "#0"},
				"up": {"uv": [5.75, 3, 4.75, 0], "texture": "#0"},
				"down": {"uv": [5.75, 0, 4.75, 3], "texture": "#0"}
			}
		},
		{
			"from": [2, -1, 1],
			"to": [6, 1, 3],
			"rotation": {"angle": 0, "axis": "y", "origin": [4.5, 0, 2]},
			"faces": {
				"north": {"uv": [6.125, 4, 6.625, 4.25], "texture": "#0"},
				"east": {"uv": [5, 6.75, 5.25, 7], "texture": "#0"},
				"south": {"uv": [6.125, 4.25, 6.625, 4.5], "texture": "#0"},
				"west": {"uv": [5.25, 6.75, 5.5, 7], "texture": "#0"},
				"up": {"uv": [6.625, 4.75, 6.125, 4.5], "texture": "#0"},
				"down": {"uv": [6.625, 4.75, 6.125, 5], "texture": "#0"}
			}
		},
		{
			"from": [-0.5, -0.75, 1.25],
			"to": [2, 0.75, 2.75],
			"rotation": {"angle": 0, "axis": "y", "origin": [0.5, 0, 2]},
			"faces": {
				"north": {"uv": [6.875, 1.875, 7.1875, 2.0625], "texture": "#0"},
				"east": {"uv": [7.125, 4.75, 7.3125, 4.9375], "texture": "#0"},
				"south": {"uv": [6.875, 2.125, 7.1875, 2.3125], "texture": "#0"},
				"west": {"uv": [6, 7.125, 6.1875, 7.3125], "texture": "#0"},
				"up": {"uv": [7.1875, 2.5625, 6.875, 2.375], "texture": "#0"},
				"down": {"uv": [7.1875, 2.625, 6.875, 2.8125], "texture": "#0"}
			}
		},
		{
			"from": [14, -0.75, 1.25],
			"to": [16.5, 0.75, 2.75],
			"rotation": {"angle": 0, "axis": "y", "origin": [15.5, 0, 2]},
			"faces": {
				"north": {"uv": [6.875, 2.875, 7.1875, 3.0625], "texture": "#0"},
				"east": {"uv": [6.5, 7.125, 6.6875, 7.3125], "texture": "#0"},
				"south": {"uv": [6.875, 3.125, 7.1875, 3.3125], "texture": "#0"},
				"west": {"uv": [7.125, 6.625, 7.3125, 6.8125], "texture": "#0"},
				"up": {"uv": [7.1875, 3.5625, 6.875, 3.375], "texture": "#0"},
				"down": {"uv": [7.1875, 3.625, 6.875, 3.8125], "texture": "#0"}
			}
		},
		{
			"from": [-2.2, -0.65, 1.75],
			"to": [0, 0.65, 3],
			"rotation": {"angle": 22.5, "axis": "y", "origin": [-1.25, 0, 2.5]},
			"faces": {
				"north": {"uv": [4.75, 7, 5, 7.1875], "texture": "#0"},
				"east": {"uv": [7.125, 6, 7.3125, 6.1875], "texture": "#0"},
				"south": {"uv": [5, 7, 5.25, 7.1875], "texture": "#0"},
				"west": {"uv": [6.25, 7.125, 6.4375, 7.3125], "texture": "#0"},
				"up": {"uv": [7.25, 5.3125, 7, 5.125], "texture": "#0"},
				"down": {"uv": [5.5, 7, 5.25, 7.1875], "texture": "#0"}
			}
		},
		{
			"from": [16, -0.65, 1.75],
			"to": [18.2, 0.65, 3],
			"rotation": {"angle": -22.5, "axis": "y", "origin": [17.25, 0, 2.5]},
			"faces": {
				"north": {"uv": [7, 5.375, 7.25, 5.5625], "texture": "#0"},
				"east": {"uv": [6.75, 7.125, 6.9375, 7.3125], "texture": "#0"},
				"south": {"uv": [5.5, 7, 5.75, 7.1875], "texture": "#0"},
				"west": {"uv": [7.125, 6.875, 7.3125, 7.0625], "texture": "#0"},
				"up": {"uv": [7.25, 5.8125, 7, 5.625], "texture": "#0"},
				"down": {"uv": [6, 7, 5.75, 7.1875], "texture": "#0"}
			}
		},
		{
			"from": [-3.35925, -0.55, 2.90211],
			"to": [-1.55925, 0.55, 3.95211],
			"rotation": {"angle": 45, "axis": "y", "origin": [-2.75925, 0, 3.52711]},
			"faces": {
				"north": {"uv": [7.125, 5, 7.375, 5.125], "texture": "#0"},
				"east": {"uv": [7.5, 4.125, 7.625, 4.25], "texture": "#0"},
				"south": {"uv": [7.125, 6.25, 7.375, 6.375], "texture": "#0"},
				"west": {"uv": [4.875, 7.5, 5, 7.625], "texture": "#0"},
				"up": {"uv": [7.5, 2.75, 7.25, 2.625], "texture": "#0"},
				"down": {"uv": [7.5, 2.75, 7.25, 2.875], "texture": "#0"}
			}
		},
		{
			"from": [17.55925, -0.55, 2.90211],
			"to": [19.35925, 0.55, 3.95211],
			"rotation": {"angle": -45, "axis": "y", "origin": [18.75925, 0, 3.52711]},
			"faces": {
				"north": {"uv": [7.25, 4.5, 7.5, 4.625], "texture": "#0"},
				"east": {"uv": [5.375, 7.5, 5.5, 7.625], "texture": "#0"},
				"south": {"uv": [7.25, 4.625, 7.5, 4.75], "texture": "#0"},
				"west": {"uv": [5.5, 7.5, 5.625, 7.625], "texture": "#0"},
				"up": {"uv": [5, 7.375, 4.75, 7.25], "texture": "#0"},
				"down": {"uv": [5.25, 7.25, 5, 7.375], "texture": "#0"}
			}
		},
		{
			"from": [-3.94283, -0.45, 3.64427],
			"to": [-3.09283, 0.45, 5.44427],
			"rotation": {"angle": -22.5, "axis": "y", "origin": [-3.41783, 0, 4.54427]},
			"faces": {
				"north": {"uv": [5, 7.5, 5.125, 7.625], "texture": "#0"},
				"east": {"uv": [7.25, 2.875, 7.5, 3], "texture": "#0"},
				"south": {"uv": [5.125, 7.5, 5.25, 7.625], "texture": "#0"},
				"west": {"uv": [7.25, 3, 7.5, 3.125], "texture": "#0"},
				"up": {"uv": [7.375, 3.375, 7.25, 3.125], "texture": "#0"},
				"down": {"uv": [7.375, 3.375, 7.25, 3.625], "texture": "#0"}
			}
		},
		{
			"from": [18.84283, -0.7, 5.44427],
			"to": [20.19283, 0.7, 6.44427],
			"rotation": {"angle": 22.5, "axis": "y", "origin": [19.41783, 0, 4.54427]},
			"faces": {
				"north": {"uv": [7.25, 1.5, 7.4375, 1.6875], "texture": "#0"},
				"east": {"uv": [7.5, 0, 7.625, 0.1875], "texture": "#0"},
				"south": {"uv": [7.25, 1.875, 7.4375, 2.0625], "texture": "#0"},
				"west": {"uv": [7.5, 0.25, 7.625, 0.4375], "texture": "#0"},
				"up": {"uv": [7.5625, 7.375, 7.375, 7.25], "texture": "#0"},
				"down": {"uv": [7.6875, 0.5, 7.5, 0.625], "texture": "#0"}
			}
		},
		{
			"from": [-4.19283, -0.7, 5.44427],
			"to": [-2.84283, 0.7, 6.44427],
			"rotation": {"angle": -22.5, "axis": "y", "origin": [-3.41783, 0, 4.54427]},
			"faces": {
				"north": {"uv": [7.4375, 1.5, 7.25, 1.6875], "texture": "#0"},
				"east": {"uv": [7.625, 0.25, 7.5, 0.4375], "texture": "#0"},
				"south": {"uv": [7.4375, 1.875, 7.25, 2.0625], "texture": "#0"},
				"west": {"uv": [7.625, 0, 7.5, 0.1875], "texture": "#0"},
				"up": {"uv": [7.375, 7.375, 7.5625, 7.25], "texture": "#0"},
				"down": {"uv": [7.5, 0.5, 7.6875, 0.625], "texture": "#0"}
			}
		},
		{
			"from": [18.84283, -0.7, 8.69427],
			"to": [20.19283, 0.7, 9.69427],
			"rotation": {"angle": 22.5, "axis": "y", "origin": [19.41783, 0, 4.54427]},
			"faces": {
				"north": {"uv": [7.25, 1.5, 7.4375, 1.6875], "texture": "#0"},
				"east": {"uv": [7.625, 0, 7.5, 0.1875], "texture": "#0"},
				"south": {"uv": [7.25, 1.875, 7.4375, 2.0625], "texture": "#0"},
				"west": {"uv": [7.625, 0.25, 7.5, 0.4375], "texture": "#0"},
				"up": {"uv": [7.5625, 7.25, 7.375, 7.375], "texture": "#0"},
				"down": {"uv": [7.6875, 0.625, 7.5, 0.5], "texture": "#0"}
			}
		},
		{
			"from": [-4.19283, -0.7, 8.69427],
			"to": [-2.84283, 0.7, 9.69427],
			"rotation": {"angle": -22.5, "axis": "y", "origin": [-3.41783, 0, 4.54427]},
			"faces": {
				"north": {"uv": [7.4375, 1.5, 7.25, 1.6875], "texture": "#0"},
				"east": {"uv": [7.5, 0.25, 7.625, 0.4375], "texture": "#0"},
				"south": {"uv": [7.4375, 1.875, 7.25, 2.0625], "texture": "#0"},
				"west": {"uv": [7.5, 0, 7.625, 0.1875], "texture": "#0"},
				"up": {"uv": [7.375, 7.25, 7.5625, 7.375], "texture": "#0"},
				"down": {"uv": [7.5, 0.625, 7.6875, 0.5], "texture": "#0"}
			}
		},
		{
			"from": [21.2147, -0.6, 8.80204],
			"to": [21.9647, 0.6, 11.60204],
			"rotation": {"angle": -22.5, "axis": "y", "origin": [21.2897, 0, 8.80204]},
			"faces": {
				"north": {"uv": [7.625, 2, 7.75, 2.125], "texture": "#0"},
				"east": {"uv": [6.625, 5.875, 7, 6], "texture": "#0"},
				"south": {"uv": [7.625, 2.125, 7.75, 2.25], "texture": "#0"},
				"west": {"uv": [7, 5.875, 7.375, 6], "texture": "#0"},
				"up": {"uv": [7.125, 6.375, 7, 6], "texture": "#0"},
				"down": {"uv": [7.125, 6.875, 7, 7.25], "texture": "#0"}
			}
		},
		{
			"from": [21.1147, -0.8, 11.60204],
			"to": [22.0647, 0.8, 12.50204],
			"rotation": {"angle": -22.5, "axis": "y", "origin": [21.2897, 0, 8.80204]},
			"faces": {
				"north": {"uv": [7.5, 1.625, 7.625, 1.8125], "texture": "#0"},
				"east": {"uv": [7.5, 1.875, 7.625, 2.0625], "texture": "#0"},
				"south": {"uv": [7.5, 2.375, 7.625, 2.5625], "texture": "#0"},
				"west": {"uv": [7.5, 2.625, 7.625, 2.8125], "texture": "#0"},
				"up": {"uv": [7.75, 2.625, 7.625, 2.5], "texture": "#0"},
				"down": {"uv": [7.75, 2.625, 7.625, 2.75], "texture": "#0"}
			}
		},
		{
			"from": [-6.0647, -0.8, 11.60204],
			"to": [-5.1147, 0.8, 12.50204],
			"rotation": {"angle": 22.5, "axis": "y", "origin": [-5.2897, 0, 8.80204]},
			"faces": {
				"north": {"uv": [7.5, 2.875, 7.625, 3.0625], "texture": "#0"},
				"east": {"uv": [7.5, 3.375, 7.625, 3.5625], "texture": "#0"},
				"south": {"uv": [7.5, 3.625, 7.625, 3.8125], "texture": "#0"},
				"west": {"uv": [7.5, 3.875, 7.625, 4.0625], "texture": "#0"},
				"up": {"uv": [7.75, 2.875, 7.625, 2.75], "texture": "#0"},
				"down": {"uv": [7.75, 2.875, 7.625, 3], "texture": "#0"}
			}
		},
		{
			"from": [-5.9647, -0.6, 8.80204],
			"to": [-5.2147, 0.6, 11.60204],
			"rotation": {"angle": 22.5, "axis": "y", "origin": [-5.2897, 0, 8.80204]},
			"faces": {
				"north": {"uv": [7.625, 2.25, 7.75, 2.375], "texture": "#0"},
				"east": {"uv": [7, 6.375, 7.375, 6.5], "texture": "#0"},
				"south": {"uv": [7.625, 2.375, 7.75, 2.5], "texture": "#0"},
				"west": {"uv": [7, 6.5, 7.375, 6.625], "texture": "#0"},
				"up": {"uv": [7.25, 0.375, 7.125, 0], "texture": "#0"},
				"down": {"uv": [7.25, 0.375, 7.125, 0.75], "texture": "#0"}
			}
		},
		{
			"from": [-4.66105, -0.5, 1.43706],
			"to": [-2.61105, 0.5, 2.58706],
			"rotation": {"angle": 45, "axis": "y", "origin": [-3.00906, 0, 0.85942]},
			"faces": {
				"north": {"uv": [7.375, 4.25, 7.625, 4.375], "texture": "#0"},
				"east": {"uv": [7.5, 7, 7.625, 7.125], "texture": "#0"},
				"south": {"uv": [7.375, 4.375, 7.625, 4.5], "texture": "#0"},
				"west": {"uv": [7.25, 7.5, 7.375, 7.625], "texture": "#0"},
				"up": {"uv": [5, 7.5, 4.75, 7.375], "texture": "#0"},
				"down": {"uv": [7.625, 4.75, 7.375, 4.875], "texture": "#0"}
			}
		},
		{
			"from": [18.61105, -0.5, 1.43706],
			"to": [20.66105, 0.5, 2.58706],
			"rotation": {"angle": -45, "axis": "y", "origin": [19.00906, 0, 0.85942]},
			"faces": {
				"north": {"uv": [7.375, 5.25, 7.625, 5.375], "texture": "#0"},
				"east": {"uv": [7.625, 0.125, 7.75, 0.25], "texture": "#0"},
				"south": {"uv": [7.375, 5.375, 7.625, 5.5], "texture": "#0"},
				"west": {"uv": [7.625, 0.25, 7.75, 0.375], "texture": "#0"},
				"up": {"uv": [5.875, 7.5, 5.625, 7.375], "texture": "#0"},
				"down": {"uv": [7.625, 5.625, 7.375, 5.75], "texture": "#0"}
			}
		},
		{
			"from": [20.73143, -0.5, 5.46142],
			"to": [21.88143, 0.5, 7.51142],
			"rotation": {"angle": 22.5, "axis": "y", "origin": [22.45906, 0, 5.85942]},
			"faces": {
				"north": {"uv": [7.625, 0.25, 7.75, 0.375], "texture": "#0"},
				"east": {"uv": [7.375, 5.25, 7.625, 5.375], "texture": "#0"},
				"south": {"uv": [7.625, 0.125, 7.75, 0.25], "texture": "#0"},
				"west": {"uv": [7.375, 5.375, 7.625, 5.5], "texture": "#0"},
				"up": {"uv": [5.875, 7.5, 5.625, 7.375], "rotation": 90, "texture": "#0"},
				"down": {"uv": [7.625, 5.625, 7.375, 5.75], "rotation": 270, "texture": "#0"}
			}
		},
		{
			"from": [-5.88143, -0.5, 5.46142],
			"to": [-4.73143, 0.5, 7.51142],
			"rotation": {"angle": -22.5, "axis": "y", "origin": [-6.45906, 0, 5.85942]},
			"faces": {
				"north": {"uv": [7.75, 0.25, 7.625, 0.375], "texture": "#0"},
				"east": {"uv": [7.625, 5.375, 7.375, 5.5], "texture": "#0"},
				"south": {"uv": [7.75, 0.125, 7.625, 0.25], "texture": "#0"},
				"west": {"uv": [7.625, 5.25, 7.375, 5.375], "texture": "#0"},
				"up": {"uv": [5.875, 7.375, 5.625, 7.5], "rotation": 90, "texture": "#0"},
				"down": {"uv": [7.625, 5.75, 7.375, 5.625], "rotation": 270, "texture": "#0"}
			}
		},
		{
			"from": [-4.27223, -0.4, 0.88926],
			"to": [-2.42223, 0.4, 2.03926],
			"rotation": {"angle": 22.5, "axis": "y", "origin": [-3.00906, 0, 0.85942]},
			"faces": {
				"north": {"uv": [7.375, 4.875, 7.625, 5], "texture": "#0"},
				"east": {"uv": [7.375, 7.5, 7.5, 7.625], "texture": "#0"},
				"south": {"uv": [5, 7.375, 5.25, 7.5], "texture": "#0"},
				"west": {"uv": [7.5, 7.375, 7.625, 7.5], "texture": "#0"},
				"up": {"uv": [7.625, 5.125, 7.375, 5], "texture": "#0"},
				"down": {"uv": [5.5, 7.375, 5.25, 7.5], "texture": "#0"}
			}
		},
		{
			"from": [18.42223, -0.4, 0.88926],
			"to": [20.27223, 0.4, 2.03926],
			"rotation": {"angle": -22.5, "axis": "y", "origin": [19.00906, 0, 0.85942]},
			"faces": {
				"north": {"uv": [7.375, 5.75, 7.625, 5.875], "texture": "#0"},
				"east": {"uv": [7.625, 0.375, 7.75, 0.5], "texture": "#0"},
				"south": {"uv": [7.375, 5.875, 7.625, 6], "texture": "#0"},
				"west": {"uv": [7.625, 1.625, 7.75, 1.75], "texture": "#0"},
				"up": {"uv": [6.25, 7.5, 6, 7.375], "texture": "#0"},
				"down": {"uv": [7.625, 6, 7.375, 6.125], "texture": "#0"}
			}
		},
		{
			"from": [21.27922, -0.4, 5.2726],
			"to": [22.42922, 0.4, 7.1226],
			"rotation": {"angle": 45, "axis": "y", "origin": [22.45906, 0, 5.85942]},
			"faces": {
				"north": {"uv": [7.625, 1.625, 7.75, 1.75], "texture": "#0"},
				"east": {"uv": [7.375, 5.75, 7.625, 5.875], "texture": "#0"},
				"south": {"uv": [7.625, 0.375, 7.75, 0.5], "texture": "#0"},
				"west": {"uv": [7.375, 5.875, 7.625, 6], "texture": "#0"},
				"up": {"uv": [6.25, 7.5, 6, 7.375], "rotation": 90, "texture": "#0"},
				"down": {"uv": [7.625, 6, 7.375, 6.125], "rotation": 270, "texture": "#0"}
			}
		},
		{
			"from": [-6.42922, -0.4, 5.2726],
			"to": [-5.27922, 0.4, 7.1226],
			"rotation": {"angle": -45, "axis": "y", "origin": [-6.45906, 0, 5.85942]},
			"faces": {
				"north": {"uv": [7.75, 1.625, 7.625, 1.75], "texture": "#0"},
				"east": {"uv": [7.625, 5.875, 7.375, 6], "texture": "#0"},
				"south": {"uv": [7.75, 0.375, 7.625, 0.5], "texture": "#0"},
				"west": {"uv": [7.625, 5.75, 7.375, 5.875], "texture": "#0"},
				"up": {"uv": [6.25, 7.375, 6, 7.5], "rotation": 90, "texture": "#0"},
				"down": {"uv": [7.625, 6.125, 7.375, 6], "rotation": 270, "texture": "#0"}
			}
		},
		{
			"from": [-4.01503, -0.3, 0.37263],
			"to": [-2.56503, 0.3, 1.42263],
			"rotation": {"angle": 0, "axis": "y", "origin": [-3.00906, 0, 0.85942]},
			"faces": {
				"north": {"uv": [7.625, 3.5, 7.8125, 3.5625], "texture": "#0"},
				"east": {"uv": [7.625, 5.75, 7.75, 5.8125], "texture": "#0"},
				"south": {"uv": [7.625, 3.625, 7.8125, 3.6875], "texture": "#0"},
				"west": {"uv": [5.875, 7.625, 6, 7.6875], "texture": "#0"},
				"up": {"uv": [7.6875, 1.25, 7.5, 1.125], "texture": "#0"},
				"down": {"uv": [7.6875, 1.25, 7.5, 1.375], "texture": "#0"}
			}
		},
		{
			"from": [18.56503, -0.3, 0.37263],
			"to": [20.01503, 0.3, 1.42263],
			"rotation": {"angle": 0, "axis": "y", "origin": [19.00906, 0, 0.85942]},
			"faces": {
				"north": {"uv": [7.625, 3.75, 7.8125, 3.8125], "texture": "#0"},
				"east": {"uv": [7.625, 6.375, 7.75, 6.4375], "texture": "#0"},
				"south": {"uv": [7.625, 3.875, 7.8125, 3.9375], "texture": "#0"},
				"west": {"uv": [6.5, 7.625, 6.625, 7.6875], "texture": "#0"},
				"up": {"uv": [7.6875, 1.5, 7.5, 1.375], "texture": "#0"},
				"down": {"uv": [7.6875, 1.5, 7.5, 1.625], "texture": "#0"}
			}
		},
		{
			"from": [22.01503, -0.3, 5.37263],
			"to": [23.46503, 0.3, 6.42263],
			"rotation": {"angle": -22.5, "axis": "y", "origin": [22.45906, 0, 5.85942]},
			"faces": {
				"north": {"uv": [7.625, 3.75, 7.8125, 3.8125], "texture": "#0"},
				"east": {"uv": [7.625, 6.375, 7.75, 6.4375], "texture": "#0"},
				"south": {"uv": [7.625, 3.875, 7.8125, 3.9375], "texture": "#0"},
				"west": {"uv": [6.5, 7.625, 6.625, 7.6875], "texture": "#0"},
				"up": {"uv": [7.6875, 1.5, 7.5, 1.375], "texture": "#0"},
				"down": {"uv": [7.6875, 1.5, 7.5, 1.625], "texture": "#0"}
			}
		},
		{
			"from": [-7.46503, -0.3, 5.37263],
			"to": [-6.01503, 0.3, 6.42263],
			"rotation": {"angle": 22.5, "axis": "y", "origin": [-6.45906, 0, 5.85942]},
			"faces": {
				"north": {"uv": [7.8125, 3.75, 7.625, 3.8125], "texture": "#0"},
				"east": {"uv": [6.625, 7.625, 6.5, 7.6875], "texture": "#0"},
				"south": {"uv": [7.8125, 3.875, 7.625, 3.9375], "texture": "#0"},
				"west": {"uv": [7.75, 6.375, 7.625, 6.4375], "texture": "#0"},
				"up": {"uv": [7.5, 1.5, 7.6875, 1.375], "texture": "#0"},
				"down": {"uv": [7.5, 1.5, 7.6875, 1.625], "texture": "#0"}
			}
		},
		{
			"from": [-2.48577, -0.1, -0.27076],
			"to": [-1.33577, 0.1, 0.37924],
			"rotation": {"angle": 45, "axis": "y", "origin": [-3.00906, 0, 0.85942]},
			"faces": {
				"north": {"uv": [7.625, 6.125, 7.75, 6.1875], "texture": "#0"},
				"east": {"uv": [7.625, 7.25, 7.6875, 7.3125], "texture": "#0"},
				"south": {"uv": [6.25, 7.625, 6.375, 7.6875], "texture": "#0"},
				"west": {"uv": [7.375, 7.625, 7.4375, 7.6875], "texture": "#0"},
				"up": {"uv": [7.75, 6.3125, 7.625, 6.25], "texture": "#0"},
				"down": {"uv": [6.5, 7.625, 6.375, 7.6875], "texture": "#0"}
			}
		},
		{
			"from": [17.33577, -0.1, -0.27076],
			"to": [18.48577, 0.1, 0.37924],
			"rotation": {"angle": -45, "axis": "y", "origin": [19.00906, 0, 0.85942]},
			"faces": {
				"north": {"uv": [7.625, 6.75, 7.75, 6.8125], "texture": "#0"},
				"east": {"uv": [7.625, 7.375, 7.6875, 7.4375], "texture": "#0"},
				"south": {"uv": [6.875, 7.625, 7, 7.6875], "texture": "#0"},
				"west": {"uv": [7.5, 7.625, 7.5625, 7.6875], "texture": "#0"},
				"up": {"uv": [7.75, 6.9375, 7.625, 6.875], "texture": "#0"},
				"down": {"uv": [7.125, 7.625, 7, 7.6875], "texture": "#0"}
			}
		},
		{
			"from": [22.93924, -0.1, 4.18613],
			"to": [23.58924, 0.1, 5.33613],
			"rotation": {"angle": 22.5, "axis": "y", "origin": [22.45906, 0, 5.85942]},
			"faces": {
				"north": {"uv": [7.5, 7.625, 7.5625, 7.6875], "texture": "#0"},
				"east": {"uv": [7.625, 6.75, 7.75, 6.8125], "texture": "#0"},
				"south": {"uv": [7.625, 7.375, 7.6875, 7.4375], "texture": "#0"},
				"west": {"uv": [6.875, 7.625, 7, 7.6875], "texture": "#0"},
				"up": {"uv": [7.75, 6.9375, 7.625, 6.875], "rotation": 90, "texture": "#0"},
				"down": {"uv": [7.125, 7.625, 7, 7.6875], "rotation": 270, "texture": "#0"}
			}
		},
		{
			"from": [-7.58924, -0.1, 4.18613],
			"to": [-6.93924, 0.1, 5.33613],
			"rotation": {"angle": -22.5, "axis": "y", "origin": [-6.45906, 0, 5.85942]},
			"faces": {
				"north": {"uv": [7.5625, 7.625, 7.5, 7.6875], "texture": "#0"},
				"east": {"uv": [7, 7.625, 6.875, 7.6875], "texture": "#0"},
				"south": {"uv": [7.6875, 7.375, 7.625, 7.4375], "texture": "#0"},
				"west": {"uv": [7.75, 6.75, 7.625, 6.8125], "texture": "#0"},
				"up": {"uv": [7.75, 6.875, 7.625, 6.9375], "rotation": 90, "texture": "#0"},
				"down": {"uv": [7.125, 7.6875, 7, 7.625], "rotation": 270, "texture": "#0"}
			}
		},
		{
			"from": [-3.97902, -0.2, -0.22275],
			"to": [-2.92902, 0.2, 0.92725],
			"rotation": {"angle": -22.5, "axis": "y", "origin": [-3.00906, 0, 0.85942]},
			"faces": {
				"north": {"uv": [7.625, 5.875, 7.75, 5.9375], "texture": "#0"},
				"east": {"uv": [6, 7.625, 6.125, 7.6875], "texture": "#0"},
				"south": {"uv": [7.625, 6, 7.75, 6.0625], "texture": "#0"},
				"west": {"uv": [6.125, 7.625, 6.25, 7.6875], "texture": "#0"},
				"up": {"uv": [7.625, 7.625, 7.5, 7.5], "texture": "#0"},
				"down": {"uv": [7.75, 0, 7.625, 0.125], "texture": "#0"}
			}
		},
		{
			"from": [18.92902, -0.2, -0.22275],
			"to": [19.97902, 0.2, 0.92725],
			"rotation": {"angle": 22.5, "axis": "y", "origin": [19.00906, 0, 0.85942]},
			"faces": {
				"north": {"uv": [7.625, 6.5, 7.75, 6.5625], "texture": "#0"},
				"east": {"uv": [6.625, 7.625, 6.75, 7.6875], "texture": "#0"},
				"south": {"uv": [7.625, 6.625, 7.75, 6.6875], "texture": "#0"},
				"west": {"uv": [6.75, 7.625, 6.875, 7.6875], "texture": "#0"},
				"up": {"uv": [7.75, 1.875, 7.625, 1.75], "texture": "#0"},
				"down": {"uv": [7.75, 1.875, 7.625, 2], "texture": "#0"}
			}
		},
		{
			"from": [22.37902, -0.2, 4.77725],
			"to": [23.42902, 0.2, 5.92725],
			"rotation": {"angle": 0, "axis": "y", "origin": [22.45906, 0, 5.85942]},
			"faces": {
				"north": {"uv": [7.625, 6.5, 7.75, 6.5625], "texture": "#0"},
				"east": {"uv": [6.625, 7.625, 6.75, 7.6875], "texture": "#0"},
				"south": {"uv": [7.625, 6.625, 7.75, 6.6875], "texture": "#0"},
				"west": {"uv": [6.75, 7.625, 6.875, 7.6875], "texture": "#0"},
				"up": {"uv": [7.75, 1.875, 7.625, 1.75], "texture": "#0"},
				"down": {"uv": [7.75, 1.875, 7.625, 2], "texture": "#0"}
			}
		},
		{
			"from": [-7.42902, -0.2, 4.77725],
			"to": [-6.37902, 0.2, 5.92725],
			"rotation": {"angle": 0, "axis": "y", "origin": [-6.45906, 0, 5.85942]},
			"faces": {
				"north": {"uv": [7.75, 6.5, 7.625, 6.5625], "texture": "#0"},
				"east": {"uv": [6.875, 7.625, 6.75, 7.6875], "texture": "#0"},
				"south": {"uv": [7.75, 6.625, 7.625, 6.6875], "texture": "#0"},
				"west": {"uv": [6.75, 7.625, 6.625, 7.6875], "texture": "#0"},
				"up": {"uv": [7.625, 1.875, 7.75, 1.75], "texture": "#0"},
				"down": {"uv": [7.625, 1.875, 7.75, 2], "texture": "#0"}
			}
		},
		{
			"from": [18.94283, -0.6, 6.44427],
			"to": [20.09283, 0.6, 8.69427],
			"rotation": {"angle": 22.5, "axis": "y", "origin": [19.41783, 0, 4.54427]},
			"faces": {
				"north": {"uv": [5.75, 7.5, 5.875, 7.625], "texture": "#0"},
				"east": {"uv": [7.125, 1.75, 7.4375, 1.875], "texture": "#0"},
				"south": {"uv": [5.875, 7.5, 6, 7.625], "texture": "#0"},
				"west": {"uv": [7.125, 3.875, 7.4375, 4], "texture": "#0"},
				"up": {"uv": [7.25, 4.3125, 7.125, 4], "texture": "#0"},
				"down": {"uv": [7.25, 4.375, 7.125, 4.6875], "texture": "#0"}
			}
		},
		{
			"from": [-4.09283, -0.6, 6.44427],
			"to": [-2.94283, 0.6, 8.69427],
			"rotation": {"angle": -22.5, "axis": "y", "origin": [-3.41783, 0, 4.54427]},
			"faces": {
				"north": {"uv": [5.875, 7.5, 5.75, 7.625], "texture": "#0"},
				"east": {"uv": [7.4375, 3.875, 7.125, 4], "texture": "#0"},
				"south": {"uv": [6, 7.5, 5.875, 7.625], "texture": "#0"},
				"west": {"uv": [7.4375, 1.75, 7.125, 1.875], "texture": "#0"},
				"up": {"uv": [7.125, 4.3125, 7.25, 4], "texture": "#0"},
				"down": {"uv": [7.125, 4.375, 7.25, 4.6875], "texture": "#0"}
			}
		},
		{
			"from": [19.09283, -0.45, 3.64427],
			"to": [19.94283, 0.45, 5.44427],
			"rotation": {"angle": 22.5, "axis": "y", "origin": [19.41783, 0, 4.54427]},
			"faces": {
				"north": {"uv": [7.5, 5.125, 7.625, 5.25], "texture": "#0"},
				"east": {"uv": [7.25, 3.625, 7.5, 3.75], "texture": "#0"},
				"south": {"uv": [5.25, 7.5, 5.375, 7.625], "texture": "#0"},
				"west": {"uv": [7.25, 3.75, 7.5, 3.875], "texture": "#0"},
				"up": {"uv": [7.375, 4.25, 7.25, 4], "texture": "#0"},
				"down": {"uv": [7.375, 4.25, 7.25, 4.5], "texture": "#0"}
			}
		},
		{
			"from": [1, -1.25, 0.5],
			"to": [3, 1.25, 2],
			"rotation": {"angle": -22.5, "axis": "y", "origin": [2, 0, 1.5]},
			"faces": {
				"north": {"uv": [6.625, 1.125, 6.875, 1.4375], "texture": "#0"},
				"east": {"uv": [6, 6.75, 6.1875, 7.0625], "texture": "#0"},
				"south": {"uv": [6.625, 1.5, 6.875, 1.8125], "texture": "#0"},
				"west": {"uv": [6.25, 6.75, 6.4375, 7.0625], "texture": "#0"},
				"up": {"uv": [7.125, 4.0625, 6.875, 3.875], "texture": "#0"},
				"down": {"uv": [7.125, 4.125, 6.875, 4.3125], "texture": "#0"}
			}
		},
		{
			"from": [13, -1.25, 0.5],
			"to": [15, 1.25, 2],
			"rotation": {"angle": 22.5, "axis": "y", "origin": [14, 0, 1.5]},
			"faces": {
				"north": {"uv": [6.625, 4.375, 6.875, 4.6875], "texture": "#0"},
				"east": {"uv": [6.875, 1.125, 7.0625, 1.4375], "texture": "#0"},
				"south": {"uv": [6.625, 4.75, 6.875, 5.0625], "texture": "#0"},
				"west": {"uv": [6.875, 1.5, 7.0625, 1.8125], "texture": "#0"},
				"up": {"uv": [7.125, 6.8125, 6.875, 6.625], "texture": "#0"},
				"down": {"uv": [7, 6.875, 6.75, 7.0625], "texture": "#0"}
			}
		},
		{
			"from": [1.09567, -1.15, 1.76903],
			"to": [3.09567, 1.15, 3.26903],
			"rotation": {"angle": 22.5, "axis": "y", "origin": [2.09567, 0, 2.51903]},
			"faces": {
				"north": {"uv": [6.625, 1.875, 6.875, 2.1875], "texture": "#0"},
				"east": {"uv": [6.75, 6.25, 6.9375, 6.5625], "texture": "#0"},
				"south": {"uv": [6.625, 2.25, 6.875, 2.5625], "texture": "#0"},
				"west": {"uv": [6.875, 0, 7.0625, 0.3125], "texture": "#0"},
				"up": {"uv": [7.125, 4.5625, 6.875, 4.375], "texture": "#0"},
				"down": {"uv": [7.125, 4.625, 6.875, 4.8125], "texture": "#0"}
			}
		},
		{
			"from": [12.90433, -1.15, 1.76903],
			"to": [14.90433, 1.15, 3.26903],
			"rotation": {"angle": -22.5, "axis": "y", "origin": [13.90433, 0, 2.51903]},
			"faces": {
				"north": {"uv": [6.625, 2.625, 6.875, 2.9375], "texture": "#0"},
				"east": {"uv": [6.875, 0.375, 7.0625, 0.6875], "texture": "#0"},
				"south": {"uv": [6.625, 4, 6.875, 4.3125], "texture": "#0"},
				"west": {"uv": [6.875, 0.75, 7.0625, 1.0625], "texture": "#0"},
				"up": {"uv": [7.125, 5.0625, 6.875, 4.875], "texture": "#0"},
				"down": {"uv": [6.75, 6.875, 6.5, 7.0625], "texture": "#0"}
			}
		},
		{
			"from": [9, -1.25, 0.75],
			"to": [11.75, 1.25, 3.25],
			"rotation": {"angle": 0, "axis": "y", "origin": [11.5, 0, 2]},
			"faces": {
				"north": {"uv": [6.25, 0, 6.625, 0.3125], "texture": "#0"},
				"east": {"uv": [6.25, 2.25, 6.5625, 2.5625], "texture": "#0"},
				"south": {"uv": [6.25, 0.375, 6.625, 0.6875], "texture": "#0"},
				"west": {"uv": [6.25, 2.625, 6.5625, 2.9375], "texture": "#0"},
				"up": {"uv": [6.625, 1.0625, 6.25, 0.75], "texture": "#0"},
				"down": {"uv": [6.625, 1.125, 6.25, 1.4375], "texture": "#0"}
			}
		},
		{
			"from": [4.25, -1.25, 0.75],
			"to": [7, 1.25, 3.25],
			"rotation": {"angle": 0, "axis": "y", "origin": [4.5, 0, 2]},
			"faces": {
				"north": {"uv": [6.625, 0, 6.25, 0.3125], "texture": "#0"},
				"east": {"uv": [6.5625, 2.625, 6.25, 2.9375], "texture": "#0"},
				"south": {"uv": [6.625, 0.375, 6.25, 0.6875], "texture": "#0"},
				"west": {"uv": [6.5625, 2.25, 6.25, 2.5625], "texture": "#0"},
				"up": {"uv": [6.25, 1.0625, 6.625, 0.75], "texture": "#0"},
				"down": {"uv": [6.25, 1.125, 6.625, 1.4375], "texture": "#0"}
			}
		},
		{
			"from": [10, -1, 1],
			"to": [14, 1, 3],
			"rotation": {"angle": 0, "axis": "y", "origin": [11.5, 0, 2]},
			"faces": {
				"north": {"uv": [6.125, 5, 6.625, 5.25], "texture": "#0"},
				"east": {"uv": [5.5, 6.75, 5.75, 7], "texture": "#0"},
				"south": {"uv": [6.125, 5.25, 6.625, 5.5], "texture": "#0"},
				"west": {"uv": [5.75, 6.75, 6, 7], "texture": "#0"},
				"up": {"uv": [6.625, 5.75, 6.125, 5.5], "texture": "#0"},
				"down": {"uv": [6.625, 5.75, 6.125, 6], "texture": "#0"}
			}
		},
		{
			"from": [5.1, -1.9, 0.45],
			"to": [8.2, 1.9, 4.45],
			"rotation": {"angle": -22.5, "axis": "y", "origin": [6.6, 0, 2.45]},
			"faces": {
				"north": {"uv": [5.75, 5, 6.125, 5.5], "texture": "#0"},
				"east": {"uv": [5.75, 1, 6.25, 1.5], "texture": "#0"},
				"south": {"uv": [5.75, 5.5, 6.125, 6], "texture": "#0"},
				"west": {"uv": [5.75, 1.5, 6.25, 2], "texture": "#0"},
				"up": {"uv": [5.125, 6.5, 4.75, 6], "texture": "#0"},
				"down": {"uv": [5.5, 6, 5.125, 6.5], "texture": "#0"}
			}
		},
		{
			"from": [6.1, 1.05, 1],
			"to": [8.9, 2.65, 4.5],
			"rotation": {"angle": -22.5, "axis": "x", "origin": [7.5, 0, 2]},
			"faces": {
				"north": {"uv": [6.625, 5.125, 7, 5.3125], "texture": "#0"},
				"east": {"uv": [5, 6.5, 5.4375, 6.6875], "texture": "#0"},
				"south": {"uv": [6.625, 5.375, 7, 5.5625], "texture": "#0"},
				"west": {"uv": [5.5, 6.5, 5.9375, 6.6875], "texture": "#0"},
				"up": {"uv": [5.875, 6.4375, 5.5, 6], "texture": "#0"},
				"down": {"uv": [6.25, 6, 5.875, 6.4375], "texture": "#0"}
			}
		},
		{
			"from": [6.1, -2.65, 1],
			"to": [8.9, -1.05, 4.5],
			"rotation": {"angle": 22.5, "axis": "x", "origin": [7.5, 0, 2]},
			"faces": {
				"north": {"uv": [6.625, 5.625, 7, 5.8125], "texture": "#0"},
				"east": {"uv": [6, 6.5, 6.4375, 6.6875], "texture": "#0"},
				"south": {"uv": [6.5, 6.625, 6.875, 6.8125], "texture": "#0"},
				"west": {"uv": [6.5, 6, 6.9375, 6.1875], "texture": "#0"},
				"up": {"uv": [6.5, 3.4375, 6.125, 3], "texture": "#0"},
				"down": {"uv": [6.5, 3.5, 6.125, 3.9375], "texture": "#0"}
			}
		},
		{
			"from": [7.99493, -1, -0.296],
			"to": [8.99493, 1, 0.204],
			"rotation": {"angle": -22.5, "axis": "y", "origin": [8.49493, 0, -0.171]},
			"faces": {
				"north": {"uv": [7.25, 2.125, 7.375, 2.375], "texture": "#0"},
				"east": {"uv": [7.5, 4.5, 7.5625, 4.75], "texture": "#0"},
				"south": {"uv": [7.25, 2.375, 7.375, 2.625], "texture": "#0"},
				"west": {"uv": [4.75, 7.5, 4.8125, 7.75], "texture": "#0"},
				"up": {"uv": [7.75, 4.0625, 7.625, 4], "texture": "#0"},
				"down": {"uv": [7.75, 4.125, 7.625, 4.1875], "texture": "#0"}
			}
		},
		{
			"from": [9, -2, 0.1],
			"to": [10, 2, 0.1],
			"rotation": {"angle": 0, "axis": "y", "origin": [7.5, 0, 2]},
			"faces": {
				"north": {"uv": [6.75, 3, 6.875, 3.5], "texture": "#0"},
				"east": {"uv": [0, 0, 0, 0.5], "texture": "#0"},
				"south": {"uv": [6.75, 3.5, 6.875, 4], "texture": "#0"},
				"west": {"uv": [0, 0, 0, 0.5], "texture": "#0"},
				"up": {"uv": [0.125, 0, 0, 0], "texture": "#0"},
				"down": {"uv": [0.125, 0, 0, 0], "texture": "#0"}
			}
		}
	],
	"display": {
		"thirdperson_righthand": {
			"rotation": [0, -8, -89],
			"translation": [4, -2.5, 4.75],
			"scale": [0.79688, 0.77734, 0.75]
		},
		"thirdperson_lefthand": {
			"rotation": [0, -8, -89],
			"translation": [4, -2.5, 4.75],
			"scale": [0.79688, 0.77734, 0.75]
		},
		"firstperson_righthand": {
			"rotation": [0, 20, -88.75],
			"translation": [5.75, 6.25, -9.25],
			"scale": [1.17578, -1, 1]
		},
		"firstperson_lefthand": {
			"rotation": [0, 20, -88.75],
			"translation": [5.75, 6.25, -9.25],
			"scale": [-1.17578, -1, 1]
		},
		"ground": {
			"translation": [0, 3.25, 0],
			"scale": [0.5, 0.49, 0.46]
		},
		"gui": {
			"rotation": [89.25, 45.25, 0],
			"translation": [0, 0, 7.75],
			"scale": [-0.48828, 1, 0.47852]
		},
		"fixed": {
			"rotation": [89.25, 0, 0],
			"translation": [0, 0, 7.75],
			"scale": [0.62109, 1, 0.57813]
		}
	}
}