{
	"credit": "Made with Blockbench",
	"texture_size": [128, 128],
	"textures": {
		"0": "items/dragonbow3",
		"particle": "items/dragonbow3"
	},
	"elements": [
		{
			"from": [-8, -1, 10],
			"to": [-4, 3, 12],
			"rotation": {"angle": 0, "axis": "y", "origin": [-3, -7, 10]},
			"faces": {
				"north": {"uv": [3.375, 5.875, 3.875, 6.375], "texture": "#0"},
				"east": {"uv": [3, 6.875, 3.25, 7.375], "texture": "#0"},
				"south": {"uv": [3.875, 5.875, 4.375, 6.375], "texture": "#0"},
				"west": {"uv": [7.125, 7.125, 7.375, 7.625], "texture": "#0"},
				"up": {"uv": [7.125, 5.875, 6.625, 5.625], "texture": "#0"},
				"down": {"uv": [0.875, 7.25, 0.375, 7.5], "texture": "#0"}
			}
		},
		{
			"from": [20, -1, 10],
			"to": [24, 3, 12],
			"rotation": {"angle": 0, "axis": "y", "origin": [19, -7, 10]},
			"faces": {
				"north": {"uv": [4.375, 5.875, 4.875, 6.375], "texture": "#0"},
				"east": {"uv": [0.875, 7.25, 1.125, 7.75], "texture": "#0"},
				"south": {"uv": [4.875, 5.875, 5.375, 6.375], "texture": "#0"},
				"west": {"uv": [1.125, 7.25, 1.375, 7.75], "texture": "#0"},
				"up": {"uv": [1.875, 7.5, 1.375, 7.25], "texture": "#0"},
				"down": {"uv": [2.375, 7.25, 1.875, 7.5], "texture": "#0"}
			}
		},
		{
			"from": [-8.25, -1.25, 7],
			"to": [-3.75, 3.25, 10],
			"rotation": {"angle": 0, "axis": "y", "origin": [-3, -7, 8]},
			"faces": {
				"north": {"uv": [0.875, 5.625, 1.4375, 6.1875], "texture": "#0"},
				"east": {"uv": [2.5, 6.25, 2.875, 6.8125], "texture": "#0"},
				"south": {"uv": [1.5, 5.625, 2.0625, 6.1875], "texture": "#0"},
				"west": {"uv": [2.875, 6.25, 3.25, 6.8125], "texture": "#0"},
				"up": {"uv": [3.8125, 6.75, 3.25, 6.375], "texture": "#0"},
				"down": {"uv": [4.4375, 6.375, 3.875, 6.75], "texture": "#0"}
			}
		},
		{
			"from": [-12.15, 3.25, 10.6],
			"to": [-5.65, 3.25, 14.6],
			"rotation": {"angle": -22.5, "axis": "z", "origin": [-7.9, 1, 13.1]},
			"faces": {
				"north": {"uv": [0, 0, 0.8125, 0], "texture": "#0"},
				"east": {"uv": [0, 0, 0.5, 0], "texture": "#0"},
				"south": {"uv": [0, 0, 0.8125, 0], "texture": "#0"},
				"west": {"uv": [0, 0, 0.5, 0], "texture": "#0"},
				"up": {"uv": [0.8125, 5.625, 0, 5.125], "texture": "#0"},
				"down": {"uv": [0.8125, 5.125, 0, 5.625], "texture": "#0"}
			}
		},
		{
			"from": [21.65, 3.25, 10.6],
			"to": [28.15, 3.25, 14.6],
			"rotation": {"angle": 22.5, "axis": "z", "origin": [23.9, 1, 13.1]},
			"faces": {
				"north": {"uv": [0.8125, 0, 0, 0], "texture": "#0"},
				"east": {"uv": [0.5, 0, 0, 0], "texture": "#0"},
				"south": {"uv": [0.8125, 0, 0, 0], "texture": "#0"},
				"west": {"uv": [0.5, 0, 0, 0], "texture": "#0"},
				"up": {"uv": [0, 5.625, 0.8125, 5.125], "texture": "#0"},
				"down": {"uv": [0, 5.125, 0.8125, 5.625], "texture": "#0"}
			}
		},
		{
			"from": [-12.15, -1.25, 10.6],
			"to": [-5.65, -1.25, 14.6],
			"rotation": {"angle": 22.5, "axis": "z", "origin": [-7.9, 1, 13.1]},
			"faces": {
				"north": {"uv": [0, 0, 0.8125, 0], "texture": "#0"},
				"east": {"uv": [0, 0, 0.5, 0], "texture": "#0"},
				"south": {"uv": [0, 0, 0.8125, 0], "texture": "#0"},
				"west": {"uv": [0, 0, 0.5, 0], "texture": "#0"},
				"up": {"uv": [0.8125, 5.625, 0, 5.125], "texture": "#0"},
				"down": {"uv": [0.8125, 5.125, 0, 5.625], "texture": "#0"}
			}
		},
		{
			"from": [21.65, -1.25, 10.6],
			"to": [28.15, -1.25, 14.6],
			"rotation": {"angle": -22.5, "axis": "z", "origin": [23.9, 1, 13.1]},
			"faces": {
				"north": {"uv": [0.8125, 0, 0, 0], "texture": "#0"},
				"east": {"uv": [0.5, 0, 0, 0], "texture": "#0"},
				"south": {"uv": [0.8125, 0, 0, 0], "texture": "#0"},
				"west": {"uv": [0.5, 0, 0, 0], "texture": "#0"},
				"up": {"uv": [0, 5.625, 0.8125, 5.125], "texture": "#0"},
				"down": {"uv": [0, 5.125, 0.8125, 5.625], "texture": "#0"}
			}
		},
		{
			"from": [-11.25, 1, -13],
			"to": [27.25, 1, 28],
			"rotation": {"angle": 0, "axis": "y", "origin": [24, 1, 7.5]},
			"faces": {
				"north": {"uv": [0, 0, 4.8125, 0], "texture": "#0"},
				"east": {"uv": [0, 0, 5.125, 0], "texture": "#0"},
				"south": {"uv": [0, 0, 4.8125, 0], "texture": "#0"},
				"west": {"uv": [0, 0, 5.125, 0], "texture": "#0"},
				"up": {"uv": [4.8125, 5.125, 0, 0], "texture": "#0"},
				"down": {"uv": [4.8125, 0, 0, 5.125], "texture": "#0"}
			}
		},
		{
			"from": [3.75, 1.1, -5],
			"to": [12.25, 1.1, 25],
			"rotation": {"angle": 0, "axis": "y", "origin": [24, 1, 7.5]},
			"faces": {
				"north": {"uv": [0, 0, 4.8125, 0], "texture": "#0"},
				"east": {"uv": [0, 0, 5.125, 0], "texture": "#0"},
				"south": {"uv": [0, 0, 4.8125, 0], "texture": "#0"},
				"west": {"uv": [0, 0, 5.125, 0], "texture": "#0"},
				"up": {"uv": [1.0625, 16.0625, 0, 12.3125], "texture": "#0"},
				"down": {"uv": [1.0625, 12.3125, 0, 16.0625], "texture": "#0"}
			}
		},
		{
			"from": [19.75, -1.25, 7],
			"to": [24.25, 3.25, 10],
			"rotation": {"angle": 0, "axis": "y", "origin": [19, -7, 8]},
			"faces": {
				"north": {"uv": [2.125, 5.625, 2.6875, 6.1875], "texture": "#0"},
				"east": {"uv": [4.5, 6.375, 4.875, 6.9375], "texture": "#0"},
				"south": {"uv": [2.75, 5.625, 3.3125, 6.1875], "texture": "#0"},
				"west": {"uv": [4.875, 6.375, 5.25, 6.9375], "texture": "#0"},
				"up": {"uv": [5.8125, 6.75, 5.25, 6.375], "texture": "#0"},
				"down": {"uv": [6.4375, 6.375, 5.875, 6.75], "texture": "#0"}
			}
		},
		{
			"from": [-7.75, -1, 5.4],
			"to": [-4.25, 3, 9.1],
			"rotation": {"angle": -45, "axis": "y", "origin": [-5.5, 1, 7.6]},
			"faces": {
				"north": {"uv": [5.375, 5.875, 5.8125, 6.375], "texture": "#0"},
				"east": {"uv": [5.875, 5.875, 6.3125, 6.375], "texture": "#0"},
				"south": {"uv": [0, 6.125, 0.4375, 6.625], "texture": "#0"},
				"west": {"uv": [6.125, 5.125, 6.5625, 5.625], "texture": "#0"},
				"up": {"uv": [7.0625, 5.5625, 6.625, 5.125], "texture": "#0"},
				"down": {"uv": [6.9375, 6.625, 6.5, 7.0625], "texture": "#0"}
			}
		},
		{
			"from": [20.25, -1, 5.4],
			"to": [23.75, 3, 9.1],
			"rotation": {"angle": 45, "axis": "y", "origin": [21.5, 1, 7.6]},
			"faces": {
				"north": {"uv": [0.5, 6.25, 0.9375, 6.75], "texture": "#0"},
				"east": {"uv": [1, 6.25, 1.4375, 6.75], "texture": "#0"},
				"south": {"uv": [1.5, 6.25, 1.9375, 6.75], "texture": "#0"},
				"west": {"uv": [2, 6.25, 2.4375, 6.75], "texture": "#0"},
				"up": {"uv": [1.9375, 7.1875, 1.5, 6.75], "texture": "#0"},
				"down": {"uv": [2.4375, 6.75, 2, 7.1875], "texture": "#0"}
			}
		},
		{
			"from": [-4.95607, -0.75, 3.64896],
			"to": [-2.45607, 2.75, 6.74896],
			"rotation": {"angle": 22.5, "axis": "y", "origin": [-3.10607, 1, 5.39896]},
			"faces": {
				"north": {"uv": [4.875, 7, 5.1875, 7.4375], "texture": "#0"},
				"east": {"uv": [3.25, 6.75, 3.625, 7.1875], "texture": "#0"},
				"south": {"uv": [7, 6.125, 7.3125, 6.5625], "texture": "#0"},
				"west": {"uv": [3.625, 6.75, 4, 7.1875], "texture": "#0"},
				"up": {"uv": [5.5625, 7.625, 5.25, 7.25], "texture": "#0"},
				"down": {"uv": [5.9375, 7.25, 5.625, 7.625], "texture": "#0"}
			}
		},
		{
			"from": [18.45607, -0.75, 3.64896],
			"to": [20.95607, 2.75, 6.74896],
			"rotation": {"angle": -22.5, "axis": "y", "origin": [19.10607, 1, 5.39896]},
			"faces": {
				"north": {"uv": [6.375, 7.125, 6.6875, 7.5625], "texture": "#0"},
				"east": {"uv": [4, 6.75, 4.375, 7.1875], "texture": "#0"},
				"south": {"uv": [6.75, 7.125, 7.0625, 7.5625], "texture": "#0"},
				"west": {"uv": [5.25, 6.75, 5.625, 7.1875], "texture": "#0"},
				"up": {"uv": [7.6875, 7.625, 7.375, 7.25], "texture": "#0"},
				"down": {"uv": [0.6875, 7.5, 0.375, 7.875], "texture": "#0"}
			}
		},
		{
			"from": [-3.18693, -0.5, 3.74379],
			"to": [-1.08693, 2.5, 6.24379],
			"rotation": {"angle": 0, "axis": "y", "origin": [-0.73693, 1, 4.69379]},
			"faces": {
				"north": {"uv": [6.75, 7.625, 7, 8], "texture": "#0"},
				"east": {"uv": [6, 7.25, 6.3125, 7.625], "texture": "#0"},
				"south": {"uv": [7, 7.625, 7.25, 8], "texture": "#0"},
				"west": {"uv": [2.75, 7.375, 3.0625, 7.75], "texture": "#0"},
				"up": {"uv": [5.125, 8.0625, 4.875, 7.75], "texture": "#0"},
				"down": {"uv": [8, 6.125, 7.75, 6.4375], "texture": "#0"}
			}
		},
		{
			"from": [17.08693, -0.5, 3.74379],
			"to": [19.18693, 2.5, 6.24379],
			"rotation": {"angle": 0, "axis": "y", "origin": [16.73693, 1, 4.69379]},
			"faces": {
				"north": {"uv": [0.75, 7.75, 1, 8.125], "texture": "#0"},
				"east": {"uv": [1.375, 7.5, 1.6875, 7.875], "texture": "#0"},
				"south": {"uv": [1, 7.75, 1.25, 8.125], "texture": "#0"},
				"west": {"uv": [1.75, 7.5, 2.0625, 7.875], "texture": "#0"},
				"up": {"uv": [8, 8.0625, 7.75, 7.75], "texture": "#0"},
				"down": {"uv": [0.625, 7.875, 0.375, 8.1875], "texture": "#0"}
			}
		},
		{
			"from": [-1.08693, -0.25, 3.99379],
			"to": [0.51307, 2.25, 5.99379],
			"rotation": {"angle": 0, "axis": "y", "origin": [1.36307, 1, 4.69379]},
			"faces": {
				"north": {"uv": [8, 6.875, 8.1875, 7.1875], "texture": "#0"},
				"east": {"uv": [7.75, 6.5, 8, 6.8125], "texture": "#0"},
				"south": {"uv": [7.125, 8, 7.3125, 8.3125], "texture": "#0"},
				"west": {"uv": [7.75, 6.875, 8, 7.1875], "texture": "#0"},
				"up": {"uv": [3.5625, 8.375, 3.375, 8.125], "texture": "#0"},
				"down": {"uv": [3.8125, 8.125, 3.625, 8.375], "texture": "#0"}
			}
		},
		{
			"from": [15.48693, -0.25, 3.99379],
			"to": [17.08693, 2.25, 5.99379],
			"rotation": {"angle": 0, "axis": "y", "origin": [14.63693, 1, 4.69379]},
			"faces": {
				"north": {"uv": [1, 8.125, 1.1875, 8.4375], "texture": "#0"},
				"east": {"uv": [1.25, 7.875, 1.5, 8.1875], "texture": "#0"},
				"south": {"uv": [1.75, 8.125, 1.9375, 8.4375], "texture": "#0"},
				"west": {"uv": [1.5, 7.875, 1.75, 8.1875], "texture": "#0"},
				"up": {"uv": [2.6875, 8.5, 2.5, 8.25], "texture": "#0"},
				"down": {"uv": [2.9375, 8.25, 2.75, 8.5], "texture": "#0"}
			}
		},
		{
			"from": [0.41307, 0, 4.24379],
			"to": [2.01307, 2, 5.74379],
			"rotation": {"angle": 0, "axis": "y", "origin": [2.86307, 1, 4.69379]},
			"faces": {
				"north": {"uv": [3.875, 8.125, 4.0625, 8.375], "texture": "#0"},
				"east": {"uv": [4.875, 8.125, 5.0625, 8.375], "texture": "#0"},
				"south": {"uv": [5.125, 8.125, 5.3125, 8.375], "texture": "#0"},
				"west": {"uv": [8.125, 5.125, 8.3125, 5.375], "texture": "#0"},
				"up": {"uv": [3.9375, 8.5625, 3.75, 8.375], "texture": "#0"},
				"down": {"uv": [5.0625, 8.375, 4.875, 8.5625], "texture": "#0"}
			}
		},
		{
			"from": [13.98693, 0, 4.24379],
			"to": [15.58693, 2, 5.74379],
			"rotation": {"angle": 0, "axis": "y", "origin": [13.13693, 1, 4.69379]},
			"faces": {
				"north": {"uv": [4.125, 8.25, 4.3125, 8.5], "texture": "#0"},
				"east": {"uv": [4.375, 8.25, 4.5625, 8.5], "texture": "#0"},
				"south": {"uv": [4.625, 8.25, 4.8125, 8.5], "texture": "#0"},
				"west": {"uv": [8.25, 5.375, 8.4375, 5.625], "texture": "#0"},
				"up": {"uv": [8.5625, 6.8125, 8.375, 6.625], "texture": "#0"},
				"down": {"uv": [7.3125, 8.375, 7.125, 8.5625], "texture": "#0"}
			}
		},
		{
			"from": [1.61307, 0.1, 4.54379],
			"to": [4.21307, 1.9, 5.84379],
			"rotation": {"angle": -22.5, "axis": "y", "origin": [2.41307, 1, 5.39379]},
			"faces": {
				"north": {"uv": [7.75, 7.25, 8.0625, 7.5], "texture": "#0"},
				"east": {"uv": [5.375, 8.125, 5.5625, 8.375], "texture": "#0"},
				"south": {"uv": [7.75, 7.5, 8.0625, 7.75], "texture": "#0"},
				"west": {"uv": [8.125, 7.25, 8.3125, 7.5], "texture": "#0"},
				"up": {"uv": [7.6875, 8.1875, 7.375, 8], "texture": "#0"},
				"down": {"uv": [8.3125, 7.75, 8, 7.9375], "texture": "#0"}
			}
		},
		{
			"from": [11.78693, 0.1, 4.54379],
			"to": [14.38693, 1.9, 5.84379],
			"rotation": {"angle": 22.5, "axis": "y", "origin": [13.58693, 1, 5.39379]},
			"faces": {
				"north": {"uv": [1.75, 7.875, 2.0625, 8.125], "texture": "#0"},
				"east": {"uv": [8.25, 5.625, 8.4375, 5.875], "texture": "#0"},
				"south": {"uv": [2.125, 7.875, 2.4375, 8.125], "texture": "#0"},
				"west": {"uv": [5.75, 8.25, 5.9375, 8.5], "texture": "#0"},
				"up": {"uv": [2.3125, 8.3125, 2, 8.125], "texture": "#0"},
				"down": {"uv": [3.3125, 8.125, 3, 8.3125], "texture": "#0"}
			}
		},
		{
			"from": [3.35155, 0.2, 5.95036],
			"to": [5.35155, 1.8, 7.05036],
			"rotation": {"angle": -45, "axis": "y", "origin": [4.65155, 1, 6.60036]},
			"faces": {
				"north": {"uv": [8.125, 7.5, 8.375, 7.6875], "texture": "#0"},
				"east": {"uv": [6.75, 8.375, 6.875, 8.5625], "texture": "#0"},
				"south": {"uv": [7.75, 8.125, 8, 8.3125], "texture": "#0"},
				"west": {"uv": [2.875, 8.5, 3, 8.6875], "texture": "#0"},
				"up": {"uv": [8.625, 7.5, 8.375, 7.375], "texture": "#0"},
				"down": {"uv": [8.625, 7.5, 8.375, 7.625], "texture": "#0"}
			}
		},
		{
			"from": [10.64845, 0.2, 5.95036],
			"to": [12.64845, 1.8, 7.05036],
			"rotation": {"angle": 45, "axis": "y", "origin": [11.34845, 1, 6.60036]},
			"faces": {
				"north": {"uv": [8.25, 5.875, 8.5, 6.0625], "texture": "#0"},
				"east": {"uv": [8.375, 8.5, 8.5, 8.6875], "texture": "#0"},
				"south": {"uv": [6, 8.25, 6.25, 8.4375], "texture": "#0"},
				"west": {"uv": [8.5, 8.5, 8.625, 8.6875], "texture": "#0"},
				"up": {"uv": [8.375, 8.5, 8.125, 8.375], "texture": "#0"},
				"down": {"uv": [8.625, 8.125, 8.375, 8.25], "texture": "#0"}
			}
		},
		{
			"from": [4.91012, 0.3, 6.86752],
			"to": [6.91012, 1.7, 7.76752],
			"rotation": {"angle": -22.5, "axis": "y", "origin": [5.91012, 1, 7.21752]},
			"faces": {
				"north": {"uv": [0, 8.25, 0.25, 8.4375], "texture": "#0"},
				"east": {"uv": [8.5, 5.625, 8.625, 5.8125], "texture": "#0"},
				"south": {"uv": [0.25, 8.25, 0.5, 8.4375], "texture": "#0"},
				"west": {"uv": [5.875, 8.5, 6, 8.6875], "texture": "#0"},
				"up": {"uv": [7.875, 8.5, 7.625, 8.375], "texture": "#0"},
				"down": {"uv": [8.625, 7.625, 8.375, 7.75], "texture": "#0"}
			}
		},
		{
			"from": [9.08988, 0.3, 6.86752],
			"to": [11.08988, 1.7, 7.76752],
			"rotation": {"angle": 22.5, "axis": "y", "origin": [10.08988, 1, 7.21752]},
			"faces": {
				"north": {"uv": [8.25, 6.125, 8.5, 6.3125], "texture": "#0"},
				"east": {"uv": [0, 8.625, 0.125, 8.8125], "texture": "#0"},
				"south": {"uv": [6.25, 8.25, 6.5, 8.4375], "texture": "#0"},
				"west": {"uv": [0.125, 8.625, 0.25, 8.8125], "texture": "#0"},
				"up": {"uv": [8.625, 8.375, 8.375, 8.25], "texture": "#0"},
				"down": {"uv": [8.625, 8.375, 8.375, 8.5], "texture": "#0"}
			}
		},
		{
			"from": [6.32186, 0.05, 6.7599],
			"to": [9.67186, 1.95, 8.3099],
			"rotation": {"angle": 0, "axis": "y", "origin": [7.57186, 1, 7.6099]},
			"faces": {
				"north": {"uv": [3.125, 7.625, 3.5625, 7.875], "texture": "#0"},
				"east": {"uv": [1.25, 8.25, 1.4375, 8.5], "texture": "#0"},
				"south": {"uv": [3.625, 7.625, 4.0625, 7.875], "texture": "#0"},
				"west": {"uv": [1.5, 8.25, 1.6875, 8.5], "texture": "#0"},
				"up": {"uv": [3.0625, 7.9375, 2.625, 7.75], "texture": "#0"},
				"down": {"uv": [4.8125, 7.75, 4.375, 7.9375], "texture": "#0"}
			}
		},
		{
			"from": [1.82186, 0.3, 4.5099],
			"to": [14.17186, 1.7, 5.3099],
			"rotation": {"angle": 0, "axis": "y", "origin": [7.57186, 1, 5.1099]},
			"faces": {
				"north": {"uv": [3.375, 5.625, 4.9375, 5.8125], "texture": "#0"},
				"east": {"uv": [0.25, 8.625, 0.375, 8.8125], "texture": "#0"},
				"south": {"uv": [5, 5.625, 6.5625, 5.8125], "texture": "#0"},
				"west": {"uv": [0.375, 8.625, 0.5, 8.8125], "texture": "#0"},
				"up": {"uv": [7.9375, 6, 6.375, 5.875], "texture": "#0"},
				"down": {"uv": [7.9375, 6, 6.375, 6.125], "texture": "#0"}
			}
		},
		{
			"from": [-3, -0.45, 13],
			"to": [-0.8, 2.45, 14.15],
			"rotation": {"angle": -22.5, "axis": "y", "origin": [-2, 1, 13.625]},
			"faces": {
				"north": {"uv": [4.125, 7.625, 4.375, 8], "texture": "#0"},
				"east": {"uv": [6.375, 6.75, 6.5, 7.125], "texture": "#0"},
				"south": {"uv": [6.5, 7.625, 6.75, 8], "texture": "#0"},
				"west": {"uv": [2.375, 8.125, 2.5, 8.5], "texture": "#0"},
				"up": {"uv": [3, 7.375, 2.75, 7.25], "texture": "#0"},
				"down": {"uv": [2.375, 7.5, 2.125, 7.625], "texture": "#0"}
			}
		},
		{
			"from": [16.8, -0.45, 13],
			"to": [19, 2.45, 14.15],
			"rotation": {"angle": 22.5, "axis": "y", "origin": [18, 1, 13.625]},
			"faces": {
				"north": {"uv": [7.25, 7.625, 7.5, 8], "texture": "#0"},
				"east": {"uv": [5.625, 8.125, 5.75, 8.5], "texture": "#0"},
				"south": {"uv": [7.5, 7.625, 7.75, 8], "texture": "#0"},
				"west": {"uv": [0.5, 8.25, 0.625, 8.625], "texture": "#0"},
				"up": {"uv": [8.625, 7.875, 8.375, 7.75], "texture": "#0"},
				"down": {"uv": [8.125, 8.375, 7.875, 8.5], "texture": "#0"}
			}
		},
		{
			"from": [-1.35, 0.1, 13.05],
			"to": [0.75, 1.9, 13.95],
			"rotation": {"angle": 0, "axis": "y", "origin": [-2, 1, 13.625]},
			"faces": {
				"north": {"uv": [4.625, 8, 4.875, 8.25], "texture": "#0"},
				"east": {"uv": [6.375, 6.125, 6.5, 6.375], "texture": "#0"},
				"south": {"uv": [8, 5.375, 8.25, 5.625], "texture": "#0"},
				"west": {"uv": [4.375, 6.75, 4.5, 7], "texture": "#0"},
				"up": {"uv": [8.625, 7.375, 8.375, 7.25], "texture": "#0"},
				"down": {"uv": [7.625, 8.375, 7.375, 8.5], "texture": "#0"}
			}
		},
		{
			"from": [15.25, 0.1, 13.05],
			"to": [17.35, 1.9, 13.95],
			"rotation": {"angle": 0, "axis": "y", "origin": [18, 1, 13.625]},
			"faces": {
				"north": {"uv": [8, 6.375, 8.25, 6.625], "texture": "#0"},
				"east": {"uv": [3.125, 7.375, 3.25, 7.625], "texture": "#0"},
				"south": {"uv": [6.5, 8, 6.75, 8.25], "texture": "#0"},
				"west": {"uv": [0.75, 7.5, 0.875, 7.75], "texture": "#0"},
				"up": {"uv": [8.625, 8, 8.375, 7.875], "texture": "#0"},
				"down": {"uv": [8.625, 8, 8.375, 8.125], "texture": "#0"}
			}
		},
		{
			"from": [0.25, 1.6, 13.95],
			"to": [0.65, 1.8, 14.15],
			"rotation": {"angle": 0, "axis": "y", "origin": [-2, 1, 13.625]},
			"faces": {
				"north": {"uv": [8.75, 7.875, 8.8125, 7.9375], "texture": "#0"},
				"east": {"uv": [8, 8.75, 8.0625, 8.8125], "texture": "#0"},
				"south": {"uv": [8.75, 8, 8.8125, 8.0625], "texture": "#0"},
				"west": {"uv": [8.125, 8.75, 8.1875, 8.8125], "texture": "#0"},
				"up": {"uv": [8.8125, 8.1875, 8.75, 8.125], "texture": "#0"},
				"down": {"uv": [8.3125, 8.75, 8.25, 8.8125], "texture": "#0"}
			}
		},
		{
			"from": [15.35, 1.6, 13.95],
			"to": [15.75, 1.8, 14.15],
			"rotation": {"angle": 0, "axis": "y", "origin": [18, 1, 13.625]},
			"faces": {
				"north": {"uv": [8.875, 8.25, 8.9375, 8.3125], "texture": "#0"},
				"east": {"uv": [8.375, 8.875, 8.4375, 8.9375], "texture": "#0"},
				"south": {"uv": [8.875, 8.375, 8.9375, 8.4375], "texture": "#0"},
				"west": {"uv": [8.5, 8.875, 8.5625, 8.9375], "texture": "#0"},
				"up": {"uv": [8.9375, 8.5625, 8.875, 8.5], "texture": "#0"},
				"down": {"uv": [8.6875, 8.875, 8.625, 8.9375], "texture": "#0"}
			}
		},
		{
			"from": [0.25, 1.6, 14.05],
			"to": [0.65, 1.8, 14.25],
			"rotation": {"angle": 22.5, "axis": "y", "origin": [0.45, 1.7, 14.05]},
			"faces": {
				"north": {"uv": [2.75, 8.875, 2.8125, 8.9375], "texture": "#0"},
				"east": {"uv": [2.875, 8.875, 2.9375, 8.9375], "texture": "#0"},
				"south": {"uv": [3, 8.875, 3.0625, 8.9375], "texture": "#0"},
				"west": {"uv": [3.125, 8.875, 3.1875, 8.9375], "texture": "#0"},
				"up": {"uv": [3.3125, 8.9375, 3.25, 8.875], "texture": "#0"},
				"down": {"uv": [3.4375, 8.875, 3.375, 8.9375], "texture": "#0"}
			}
		},
		{
			"from": [15.35, 1.6, 14.05],
			"to": [15.75, 1.8, 14.25],
			"rotation": {"angle": -22.5, "axis": "y", "origin": [15.55, 1.7, 14.05]},
			"faces": {
				"north": {"uv": [3.25, 9, 3.3125, 9.0625], "texture": "#0"},
				"east": {"uv": [3.375, 9, 3.4375, 9.0625], "texture": "#0"},
				"south": {"uv": [3.5, 9, 3.5625, 9.0625], "texture": "#0"},
				"west": {"uv": [3.625, 9, 3.6875, 9.0625], "texture": "#0"},
				"up": {"uv": [3.8125, 9.0625, 3.75, 9], "texture": "#0"},
				"down": {"uv": [3.9375, 9, 3.875, 9.0625], "texture": "#0"}
			}
		},
		{
			"from": [0.38827, 1.6, 14.04239],
			"to": [0.68827, 1.8, 14.34239],
			"rotation": {"angle": 45, "axis": "y", "origin": [0.58827, 1.7, 14.24239]},
			"faces": {
				"north": {"uv": [4.25, 8.875, 4.3125, 8.9375], "texture": "#0"},
				"east": {"uv": [4.375, 8.875, 4.4375, 8.9375], "texture": "#0"},
				"south": {"uv": [4.5, 8.875, 4.5625, 8.9375], "texture": "#0"},
				"west": {"uv": [4.625, 8.875, 4.6875, 8.9375], "texture": "#0"},
				"up": {"uv": [4.8125, 8.9375, 4.75, 8.875], "texture": "#0"},
				"down": {"uv": [4.9375, 8.875, 4.875, 8.9375], "texture": "#0"}
			}
		},
		{
			"from": [15.31173, 1.6, 14.04239],
			"to": [15.61173, 1.8, 14.34239],
			"rotation": {"angle": -45, "axis": "y", "origin": [15.41173, 1.7, 14.24239]},
			"faces": {
				"north": {"uv": [4.75, 9, 4.8125, 9.0625], "texture": "#0"},
				"east": {"uv": [4.875, 9, 4.9375, 9.0625], "texture": "#0"},
				"south": {"uv": [5, 9, 5.0625, 9.0625], "texture": "#0"},
				"west": {"uv": [5.125, 9, 5.1875, 9.0625], "texture": "#0"},
				"up": {"uv": [9.0625, 5.1875, 9, 5.125], "texture": "#0"},
				"down": {"uv": [5.3125, 9, 5.25, 9.0625], "texture": "#0"}
			}
		},
		{
			"from": [0.38827, 0.2, 14.04239],
			"to": [0.68827, 0.4, 14.34239],
			"rotation": {"angle": 45, "axis": "y", "origin": [0.58827, 0.3, 14.24239]},
			"faces": {
				"north": {"uv": [5, 8.875, 5.0625, 8.9375], "texture": "#0"},
				"east": {"uv": [5.125, 8.875, 5.1875, 8.9375], "texture": "#0"},
				"south": {"uv": [8.875, 5.125, 8.9375, 5.1875], "texture": "#0"},
				"west": {"uv": [5.25, 8.875, 5.3125, 8.9375], "texture": "#0"},
				"up": {"uv": [8.9375, 5.3125, 8.875, 5.25], "texture": "#0"},
				"down": {"uv": [5.4375, 8.875, 5.375, 8.9375], "texture": "#0"}
			}
		},
		{
			"from": [15.31173, 0.2, 14.04239],
			"to": [15.61173, 0.4, 14.34239],
			"rotation": {"angle": -45, "axis": "y", "origin": [15.41173, 0.3, 14.24239]},
			"faces": {
				"north": {"uv": [9, 5.25, 9.0625, 5.3125], "texture": "#0"},
				"east": {"uv": [5.375, 9, 5.4375, 9.0625], "texture": "#0"},
				"south": {"uv": [9, 5.375, 9.0625, 5.4375], "texture": "#0"},
				"west": {"uv": [5.5, 9, 5.5625, 9.0625], "texture": "#0"},
				"up": {"uv": [9.0625, 5.5625, 9, 5.5], "texture": "#0"},
				"down": {"uv": [5.6875, 9, 5.625, 9.0625], "texture": "#0"}
			}
		},
		{
			"from": [0.25, 0.2, 14.05],
			"to": [0.65, 0.4, 14.25],
			"rotation": {"angle": 22.5, "axis": "y", "origin": [0.45, 0.3, 14.05]},
			"faces": {
				"north": {"uv": [3.5, 8.875, 3.5625, 8.9375], "texture": "#0"},
				"east": {"uv": [3.625, 8.875, 3.6875, 8.9375], "texture": "#0"},
				"south": {"uv": [3.75, 8.875, 3.8125, 8.9375], "texture": "#0"},
				"west": {"uv": [3.875, 8.875, 3.9375, 8.9375], "texture": "#0"},
				"up": {"uv": [4.0625, 8.9375, 4, 8.875], "texture": "#0"},
				"down": {"uv": [4.1875, 8.875, 4.125, 8.9375], "texture": "#0"}
			}
		},
		{
			"from": [15.35, 0.2, 14.05],
			"to": [15.75, 0.4, 14.25],
			"rotation": {"angle": -22.5, "axis": "y", "origin": [15.55, 0.3, 14.05]},
			"faces": {
				"north": {"uv": [4, 9, 4.0625, 9.0625], "texture": "#0"},
				"east": {"uv": [4.125, 9, 4.1875, 9.0625], "texture": "#0"},
				"south": {"uv": [4.25, 9, 4.3125, 9.0625], "texture": "#0"},
				"west": {"uv": [4.375, 9, 4.4375, 9.0625], "texture": "#0"},
				"up": {"uv": [4.5625, 9.0625, 4.5, 9], "texture": "#0"},
				"down": {"uv": [4.6875, 9, 4.625, 9.0625], "texture": "#0"}
			}
		},
		{
			"from": [0.65, 1.2, 13.95],
			"to": [0.75, 1.4, 14.15],
			"rotation": {"angle": 0, "axis": "y", "origin": [-2, 1, 13.625]},
			"faces": {
				"north": {"uv": [1.25, 8.875, 1.3125, 8.9375], "texture": "#0"},
				"east": {"uv": [1.375, 8.875, 1.4375, 8.9375], "texture": "#0"},
				"south": {"uv": [1.5, 8.875, 1.5625, 8.9375], "texture": "#0"},
				"west": {"uv": [1.625, 8.875, 1.6875, 8.9375], "texture": "#0"},
				"up": {"uv": [1.8125, 8.9375, 1.75, 8.875], "texture": "#0"},
				"down": {"uv": [1.9375, 8.875, 1.875, 8.9375], "texture": "#0"}
			}
		},
		{
			"from": [15.25, 1.2, 13.95],
			"to": [15.35, 1.4, 14.15],
			"rotation": {"angle": 0, "axis": "y", "origin": [18, 1, 13.625]},
			"faces": {
				"north": {"uv": [1.75, 9, 1.8125, 9.0625], "texture": "#0"},
				"east": {"uv": [1.875, 9, 1.9375, 9.0625], "texture": "#0"},
				"south": {"uv": [2, 9, 2.0625, 9.0625], "texture": "#0"},
				"west": {"uv": [2.125, 9, 2.1875, 9.0625], "texture": "#0"},
				"up": {"uv": [2.3125, 9.0625, 2.25, 9], "texture": "#0"},
				"down": {"uv": [2.4375, 9, 2.375, 9.0625], "texture": "#0"}
			}
		},
		{
			"from": [0.65, 0.6, 13.95],
			"to": [0.75, 0.8, 14.15],
			"rotation": {"angle": 0, "axis": "y", "origin": [-2, 1, 13.625]},
			"faces": {
				"north": {"uv": [2, 8.875, 2.0625, 8.9375], "texture": "#0"},
				"east": {"uv": [2.125, 8.875, 2.1875, 8.9375], "texture": "#0"},
				"south": {"uv": [2.25, 8.875, 2.3125, 8.9375], "texture": "#0"},
				"west": {"uv": [2.375, 8.875, 2.4375, 8.9375], "texture": "#0"},
				"up": {"uv": [2.5625, 8.9375, 2.5, 8.875], "texture": "#0"},
				"down": {"uv": [2.6875, 8.875, 2.625, 8.9375], "texture": "#0"}
			}
		},
		{
			"from": [15.25, 0.6, 13.95],
			"to": [15.35, 0.8, 14.15],
			"rotation": {"angle": 0, "axis": "y", "origin": [18, 1, 13.625]},
			"faces": {
				"north": {"uv": [2.5, 9, 2.5625, 9.0625], "texture": "#0"},
				"east": {"uv": [2.625, 9, 2.6875, 9.0625], "texture": "#0"},
				"south": {"uv": [2.75, 9, 2.8125, 9.0625], "texture": "#0"},
				"west": {"uv": [2.875, 9, 2.9375, 9.0625], "texture": "#0"},
				"up": {"uv": [3.0625, 9.0625, 3, 9], "texture": "#0"},
				"down": {"uv": [3.1875, 9, 3.125, 9.0625], "texture": "#0"}
			}
		},
		{
			"from": [0.25, 0.2, 13.95],
			"to": [0.65, 0.4, 14.15],
			"rotation": {"angle": 0, "axis": "y", "origin": [-2, 1, 13.625]},
			"faces": {
				"north": {"uv": [0.5, 8.875, 0.5625, 8.9375], "texture": "#0"},
				"east": {"uv": [0.625, 8.875, 0.6875, 8.9375], "texture": "#0"},
				"south": {"uv": [0.75, 8.875, 0.8125, 8.9375], "texture": "#0"},
				"west": {"uv": [0.875, 8.875, 0.9375, 8.9375], "texture": "#0"},
				"up": {"uv": [1.0625, 8.9375, 1, 8.875], "texture": "#0"},
				"down": {"uv": [1.1875, 8.875, 1.125, 8.9375], "texture": "#0"}
			}
		},
		{
			"from": [15.35, 0.2, 13.95],
			"to": [15.75, 0.4, 14.15],
			"rotation": {"angle": 0, "axis": "y", "origin": [18, 1, 13.625]},
			"faces": {
				"north": {"uv": [1, 9, 1.0625, 9.0625], "texture": "#0"},
				"east": {"uv": [1.125, 9, 1.1875, 9.0625], "texture": "#0"},
				"south": {"uv": [1.25, 9, 1.3125, 9.0625], "texture": "#0"},
				"west": {"uv": [1.375, 9, 1.4375, 9.0625], "texture": "#0"},
				"up": {"uv": [1.5625, 9.0625, 1.5, 9], "texture": "#0"},
				"down": {"uv": [1.6875, 9, 1.625, 9.0625], "texture": "#0"}
			}
		},
		{
			"from": [-0.35, 1.6, 13.95],
			"to": [0.05, 1.8, 14.15],
			"rotation": {"angle": 0, "axis": "y", "origin": [-2, 1, 13.625]},
			"faces": {
				"north": {"uv": [8.75, 8.25, 8.8125, 8.3125], "texture": "#0"},
				"east": {"uv": [8.375, 8.75, 8.4375, 8.8125], "texture": "#0"},
				"south": {"uv": [8.75, 8.375, 8.8125, 8.4375], "texture": "#0"},
				"west": {"uv": [8.5, 8.75, 8.5625, 8.8125], "texture": "#0"},
				"up": {"uv": [8.8125, 8.5625, 8.75, 8.5], "texture": "#0"},
				"down": {"uv": [8.6875, 8.75, 8.625, 8.8125], "texture": "#0"}
			}
		},
		{
			"from": [15.95, 1.6, 13.95],
			"to": [16.35, 1.8, 14.15],
			"rotation": {"angle": 0, "axis": "y", "origin": [18, 1, 13.625]},
			"faces": {
				"north": {"uv": [8.875, 8.625, 8.9375, 8.6875], "texture": "#0"},
				"east": {"uv": [8.75, 8.875, 8.8125, 8.9375], "texture": "#0"},
				"south": {"uv": [8.875, 8.75, 8.9375, 8.8125], "texture": "#0"},
				"west": {"uv": [8.875, 8.875, 8.9375, 8.9375], "texture": "#0"},
				"up": {"uv": [0.0625, 9.0625, 0, 9], "texture": "#0"},
				"down": {"uv": [0.1875, 9, 0.125, 9.0625], "texture": "#0"}
			}
		},
		{
			"from": [-0.35, 0.2, 13.95],
			"to": [0.05, 0.4, 14.15],
			"rotation": {"angle": 0, "axis": "y", "origin": [-2, 1, 13.625]},
			"faces": {
				"north": {"uv": [8.75, 8.625, 8.8125, 8.6875], "texture": "#0"},
				"east": {"uv": [8.75, 8.75, 8.8125, 8.8125], "texture": "#0"},
				"south": {"uv": [0, 8.875, 0.0625, 8.9375], "texture": "#0"},
				"west": {"uv": [0.125, 8.875, 0.1875, 8.9375], "texture": "#0"},
				"up": {"uv": [0.3125, 8.9375, 0.25, 8.875], "texture": "#0"},
				"down": {"uv": [0.4375, 8.875, 0.375, 8.9375], "texture": "#0"}
			}
		},
		{
			"from": [15.95, 0.2, 13.95],
			"to": [16.35, 0.4, 14.15],
			"rotation": {"angle": 0, "axis": "y", "origin": [18, 1, 13.625]},
			"faces": {
				"north": {"uv": [0.25, 9, 0.3125, 9.0625], "texture": "#0"},
				"east": {"uv": [0.375, 9, 0.4375, 9.0625], "texture": "#0"},
				"south": {"uv": [0.5, 9, 0.5625, 9.0625], "texture": "#0"},
				"west": {"uv": [0.625, 9, 0.6875, 9.0625], "texture": "#0"},
				"up": {"uv": [0.8125, 9.0625, 0.75, 9], "texture": "#0"},
				"down": {"uv": [0.9375, 9, 0.875, 9.0625], "texture": "#0"}
			}
		},
		{
			"from": [-2.15, 0.25, 12.9],
			"to": [0.65, 1.75, 13.25],
			"rotation": {"angle": 0, "axis": "y", "origin": [-2, 1, 13.625]},
			"faces": {
				"north": {"uv": [3.125, 7.875, 3.5, 8.0625], "texture": "#0"},
				"east": {"uv": [3.375, 8.625, 3.4375, 8.8125], "texture": "#0"},
				"south": {"uv": [3.5, 7.875, 3.875, 8.0625], "texture": "#0"},
				"west": {"uv": [3.5, 8.625, 3.5625, 8.8125], "texture": "#0"},
				"up": {"uv": [2.5, 8.5625, 2.125, 8.5], "texture": "#0"},
				"down": {"uv": [2.875, 8.5, 2.5, 8.5625], "texture": "#0"}
			}
		},
		{
			"from": [15.35, 0.25, 12.9],
			"to": [18.15, 1.75, 13.25],
			"rotation": {"angle": 0, "axis": "y", "origin": [18, 1, 13.625]},
			"faces": {
				"north": {"uv": [5.125, 7.875, 5.5, 8.0625], "texture": "#0"},
				"east": {"uv": [5.5, 8.625, 5.5625, 8.8125], "texture": "#0"},
				"south": {"uv": [0, 8, 0.375, 8.1875], "texture": "#0"},
				"west": {"uv": [5.625, 8.625, 5.6875, 8.8125], "texture": "#0"},
				"up": {"uv": [6.5, 8.5625, 6.125, 8.5], "texture": "#0"},
				"down": {"uv": [8.875, 6.125, 8.5, 6.1875], "texture": "#0"}
			}
		},
		{
			"from": [0.25, 0.85, 11.9],
			"to": [0.85, 1.15, 13.15],
			"rotation": {"angle": 0, "axis": "y", "origin": [-2, 1, 13.625]},
			"faces": {
				"north": {"uv": [3.625, 8.75, 3.6875, 8.8125], "texture": "#0"},
				"east": {"uv": [3.625, 8.625, 3.8125, 8.6875], "texture": "#0"},
				"south": {"uv": [3.75, 8.75, 3.8125, 8.8125], "texture": "#0"},
				"west": {"uv": [3.875, 8.625, 4.0625, 8.6875], "texture": "#0"},
				"up": {"uv": [4.1875, 8.8125, 4.125, 8.625], "texture": "#0"},
				"down": {"uv": [4.3125, 8.625, 4.25, 8.8125], "texture": "#0"}
			}
		},
		{
			"from": [15.15, 0.85, 11.9],
			"to": [15.75, 1.15, 13.15],
			"rotation": {"angle": 0, "axis": "y", "origin": [18, 1, 13.625]},
			"faces": {
				"north": {"uv": [8.875, 5.375, 8.9375, 5.4375], "texture": "#0"},
				"east": {"uv": [8.625, 5.625, 8.8125, 5.6875], "texture": "#0"},
				"south": {"uv": [5.5, 8.875, 5.5625, 8.9375], "texture": "#0"},
				"west": {"uv": [8.625, 5.75, 8.8125, 5.8125], "texture": "#0"},
				"up": {"uv": [5.8125, 8.8125, 5.75, 8.625], "texture": "#0"},
				"down": {"uv": [8.6875, 5.875, 8.625, 6.0625], "texture": "#0"}
			}
		},
		{
			"from": [-0.35, 0.95, 12.1],
			"to": [0.25, 1.05, 13.15],
			"rotation": {"angle": 0, "axis": "y", "origin": [-2, 1, 13.625]},
			"faces": {
				"north": {"uv": [3.875, 8.75, 3.9375, 8.8125], "texture": "#0"},
				"east": {"uv": [6.75, 8.625, 6.875, 8.6875], "texture": "#0"},
				"south": {"uv": [4, 8.75, 4.0625, 8.8125], "texture": "#0"},
				"west": {"uv": [8.625, 6.75, 8.75, 6.8125], "texture": "#0"},
				"up": {"uv": [6.9375, 8.75, 6.875, 8.625], "texture": "#0"},
				"down": {"uv": [8.6875, 6.875, 8.625, 7], "texture": "#0"}
			}
		},
		{
			"from": [15.75, 0.95, 12.1],
			"to": [16.35, 1.05, 13.15],
			"rotation": {"angle": 0, "axis": "y", "origin": [18, 1, 13.625]},
			"faces": {
				"north": {"uv": [8.875, 5.5, 8.9375, 5.5625], "texture": "#0"},
				"east": {"uv": [8.625, 8.375, 8.75, 8.4375], "texture": "#0"},
				"south": {"uv": [5.625, 8.875, 5.6875, 8.9375], "texture": "#0"},
				"west": {"uv": [8.625, 8.5, 8.75, 8.5625], "texture": "#0"},
				"up": {"uv": [8.6875, 8.75, 8.625, 8.625], "texture": "#0"},
				"down": {"uv": [0.5625, 8.75, 0.5, 8.875], "texture": "#0"}
			}
		},
		{
			"from": [-1.85, 0.95, 12.4],
			"to": [-0.95, 1.05, 13.15],
			"rotation": {"angle": 0, "axis": "y", "origin": [-2, 1, 13.625]},
			"faces": {
				"north": {"uv": [7.25, 8.625, 7.375, 8.6875], "texture": "#0"},
				"east": {"uv": [8.625, 7.25, 8.75, 7.3125], "texture": "#0"},
				"south": {"uv": [7.375, 8.625, 7.5, 8.6875], "texture": "#0"},
				"west": {"uv": [8.625, 7.375, 8.75, 7.4375], "texture": "#0"},
				"up": {"uv": [3.375, 6.375, 3.25, 6.25], "texture": "#0"},
				"down": {"uv": [0.5, 7.125, 0.375, 7.25], "texture": "#0"}
			}
		},
		{
			"from": [16.95, 0.95, 12.4],
			"to": [17.85, 1.05, 13.15],
			"rotation": {"angle": 0, "axis": "y", "origin": [18, 1, 13.625]},
			"faces": {
				"north": {"uv": [1.125, 8.75, 1.25, 8.8125], "texture": "#0"},
				"east": {"uv": [1.25, 8.75, 1.375, 8.8125], "texture": "#0"},
				"south": {"uv": [1.375, 8.75, 1.5, 8.8125], "texture": "#0"},
				"west": {"uv": [1.5, 8.75, 1.625, 8.8125], "texture": "#0"},
				"up": {"uv": [1.375, 8.75, 1.25, 8.625], "texture": "#0"},
				"down": {"uv": [1.5, 8.625, 1.375, 8.75], "texture": "#0"}
			}
		},
		{
			"from": [-0.95, 0.85, 12.3],
			"to": [-0.35, 1.15, 13.15],
			"rotation": {"angle": 0, "axis": "y", "origin": [-2, 1, 13.625]},
			"faces": {
				"north": {"uv": [4.375, 8.75, 4.4375, 8.8125], "texture": "#0"},
				"east": {"uv": [7, 8.625, 7.125, 8.6875], "texture": "#0"},
				"south": {"uv": [4.5, 8.75, 4.5625, 8.8125], "texture": "#0"},
				"west": {"uv": [8.625, 7, 8.75, 7.0625], "texture": "#0"},
				"up": {"uv": [7.1875, 8.75, 7.125, 8.625], "texture": "#0"},
				"down": {"uv": [8.6875, 7.125, 8.625, 7.25], "texture": "#0"}
			}
		},
		{
			"from": [16.35, 0.85, 12.3],
			"to": [16.95, 1.15, 13.15],
			"rotation": {"angle": 0, "axis": "y", "origin": [18, 1, 13.625]},
			"faces": {
				"north": {"uv": [8.875, 5.625, 8.9375, 5.6875], "texture": "#0"},
				"east": {"uv": [0.625, 8.75, 0.75, 8.8125], "texture": "#0"},
				"south": {"uv": [5.75, 8.875, 5.8125, 8.9375], "texture": "#0"},
				"west": {"uv": [0.75, 8.75, 0.875, 8.8125], "texture": "#0"},
				"up": {"uv": [0.9375, 8.875, 0.875, 8.75], "texture": "#0"},
				"down": {"uv": [1.0625, 8.75, 1, 8.875], "texture": "#0"}
			}
		},
		{
			"from": [0.15, 0.35, 12.65],
			"to": [0.7, 1.65, 13.55],
			"rotation": {"angle": -22.5, "axis": "y", "origin": [-0.3, 1, 13.875]},
			"faces": {
				"north": {"uv": [2.75, 8.625, 2.8125, 8.8125], "texture": "#0"},
				"east": {"uv": [0.625, 7.875, 0.75, 8.0625], "texture": "#0"},
				"south": {"uv": [3.25, 8.625, 3.3125, 8.8125], "texture": "#0"},
				"west": {"uv": [4, 8.375, 4.125, 8.5625], "texture": "#0"},
				"up": {"uv": [6.6875, 8.75, 6.625, 8.625], "texture": "#0"},
				"down": {"uv": [8.6875, 6.625, 8.625, 6.75], "texture": "#0"}
			}
		},
		{
			"from": [15.3, 0.35, 12.65],
			"to": [15.85, 1.65, 13.55],
			"rotation": {"angle": 22.5, "axis": "y", "origin": [16.3, 1, 13.875]},
			"faces": {
				"north": {"uv": [8.625, 5.125, 8.6875, 5.3125], "texture": "#0"},
				"east": {"uv": [8.5, 5.875, 8.625, 6.0625], "texture": "#0"},
				"south": {"uv": [5.375, 8.625, 5.4375, 8.8125], "texture": "#0"},
				"west": {"uv": [6, 8.5, 6.125, 8.6875], "texture": "#0"},
				"up": {"uv": [8.3125, 8.75, 8.25, 8.625], "texture": "#0"},
				"down": {"uv": [8.6875, 8.25, 8.625, 8.375], "texture": "#0"}
			}
		},
		{
			"from": [-0.17488, 0.55, 13.94311],
			"to": [0.77512, 1.45, 14.84311],
			"rotation": {"angle": 22.5, "axis": "y", "origin": [0.30012, 1, 14.34311]},
			"faces": {
				"north": {"uv": [4.75, 7.375, 4.875, 7.5], "texture": "#0"},
				"east": {"uv": [2.625, 7.625, 2.75, 7.75], "texture": "#0"},
				"south": {"uv": [1.25, 7.75, 1.375, 7.875], "texture": "#0"},
				"west": {"uv": [5.125, 7.75, 5.25, 7.875], "texture": "#0"},
				"up": {"uv": [2.625, 8, 2.5, 7.875], "texture": "#0"},
				"down": {"uv": [3.125, 8, 3, 8.125], "texture": "#0"}
			}
		},
		{
			"from": [15.22488, 0.55, 13.94311],
			"to": [16.17488, 1.45, 14.84311],
			"rotation": {"angle": -22.5, "axis": "y", "origin": [15.69988, 1, 14.34311]},
			"faces": {
				"north": {"uv": [1.5, 8.625, 1.625, 8.75], "texture": "#0"},
				"east": {"uv": [1.625, 8.625, 1.75, 8.75], "texture": "#0"},
				"south": {"uv": [1.75, 8.625, 1.875, 8.75], "texture": "#0"},
				"west": {"uv": [1.875, 8.625, 2, 8.75], "texture": "#0"},
				"up": {"uv": [2.125, 8.75, 2, 8.625], "texture": "#0"},
				"down": {"uv": [2.25, 8.625, 2.125, 8.75], "texture": "#0"}
			}
		},
		{
			"from": [-3.46747, 0.65, 13.52761],
			"to": [-0.21747, 1.35, 15.42761],
			"rotation": {"angle": 22.5, "axis": "y", "origin": [-1.59247, 1, 14.47761]},
			"faces": {
				"north": {"uv": [0, 8.5, 0.4375, 8.5625], "texture": "#0"},
				"east": {"uv": [0.75, 8.625, 1, 8.6875], "texture": "#0"},
				"south": {"uv": [0.625, 8.5, 1.0625, 8.5625], "texture": "#0"},
				"west": {"uv": [1, 8.625, 1.25, 8.6875], "texture": "#0"},
				"up": {"uv": [5.1875, 7.75, 4.75, 7.5], "texture": "#0"},
				"down": {"uv": [2.5625, 7.625, 2.125, 7.875], "texture": "#0"}
			}
		},
		{
			"from": [16.21747, 0.65, 13.52761],
			"to": [19.46747, 1.35, 15.42761],
			"rotation": {"angle": -22.5, "axis": "y", "origin": [17.59247, 1, 14.47761]},
			"faces": {
				"north": {"uv": [1.125, 8.5, 1.5625, 8.5625], "texture": "#0"},
				"east": {"uv": [2.5, 8.625, 2.75, 8.6875], "texture": "#0"},
				"south": {"uv": [1.625, 8.5, 2.0625, 8.5625], "texture": "#0"},
				"west": {"uv": [3, 8.625, 3.25, 8.6875], "texture": "#0"},
				"up": {"uv": [8.0625, 5.375, 7.625, 5.125], "texture": "#0"},
				"down": {"uv": [5.6875, 7.625, 5.25, 7.875], "texture": "#0"}
			}
		},
		{
			"from": [-0.98838, 0.85, 14.8334],
			"to": [-0.33838, 1.15, 15.4334],
			"rotation": {"angle": 45, "axis": "y", "origin": [-0.66338, 1, 15.2834]},
			"faces": {
				"north": {"uv": [8.75, 7.125, 8.8125, 7.1875], "texture": "#0"},
				"east": {"uv": [7.25, 8.75, 7.3125, 8.8125], "texture": "#0"},
				"south": {"uv": [8.75, 7.25, 8.8125, 7.3125], "texture": "#0"},
				"west": {"uv": [7.375, 8.75, 7.4375, 8.8125], "texture": "#0"},
				"up": {"uv": [8.8125, 7.4375, 8.75, 7.375], "texture": "#0"},
				"down": {"uv": [7.5625, 8.75, 7.5, 8.8125], "texture": "#0"}
			}
		},
		{
			"from": [16.33838, 0.85, 14.8334],
			"to": [16.98838, 1.15, 15.4334],
			"rotation": {"angle": -45, "axis": "y", "origin": [16.66338, 1, 15.2834]},
			"faces": {
				"north": {"uv": [8.875, 7.5, 8.9375, 7.5625], "texture": "#0"},
				"east": {"uv": [7.625, 8.875, 7.6875, 8.9375], "texture": "#0"},
				"south": {"uv": [8.875, 7.625, 8.9375, 7.6875], "texture": "#0"},
				"west": {"uv": [7.75, 8.875, 7.8125, 8.9375], "texture": "#0"},
				"up": {"uv": [8.9375, 7.8125, 8.875, 7.75], "texture": "#0"},
				"down": {"uv": [7.9375, 8.875, 7.875, 8.9375], "texture": "#0"}
			}
		},
		{
			"from": [-2.18838, 0.85, 14.3334],
			"to": [-1.53838, 1.15, 14.9334],
			"rotation": {"angle": 45, "axis": "y", "origin": [-0.66338, 1, 15.2834]},
			"faces": {
				"north": {"uv": [8.75, 7.5, 8.8125, 7.5625], "texture": "#0"},
				"east": {"uv": [7.625, 8.75, 7.6875, 8.8125], "texture": "#0"},
				"south": {"uv": [8.75, 7.625, 8.8125, 7.6875], "texture": "#0"},
				"west": {"uv": [7.75, 8.75, 7.8125, 8.8125], "texture": "#0"},
				"up": {"uv": [8.8125, 7.8125, 8.75, 7.75], "texture": "#0"},
				"down": {"uv": [7.9375, 8.75, 7.875, 8.8125], "texture": "#0"}
			}
		},
		{
			"from": [17.53838, 0.85, 14.3334],
			"to": [18.18838, 1.15, 14.9334],
			"rotation": {"angle": -45, "axis": "y", "origin": [16.66338, 1, 15.2834]},
			"faces": {
				"north": {"uv": [8.875, 7.875, 8.9375, 7.9375], "texture": "#0"},
				"east": {"uv": [8, 8.875, 8.0625, 8.9375], "texture": "#0"},
				"south": {"uv": [8.875, 8, 8.9375, 8.0625], "texture": "#0"},
				"west": {"uv": [8.125, 8.875, 8.1875, 8.9375], "texture": "#0"},
				"up": {"uv": [8.9375, 8.1875, 8.875, 8.125], "texture": "#0"},
				"down": {"uv": [8.3125, 8.875, 8.25, 8.9375], "texture": "#0"}
			}
		},
		{
			"from": [-1.65804, 1.25, 14.78595],
			"to": [-0.80804, 1.75, 15.48595],
			"rotation": {"angle": 45, "axis": "y", "origin": [-1.28304, 1.65, 15.48595]},
			"faces": {
				"north": {"uv": [7.5, 8.625, 7.625, 8.6875], "texture": "#0"},
				"east": {"uv": [4.625, 8.75, 4.6875, 8.8125], "texture": "#0"},
				"south": {"uv": [8.625, 7.5, 8.75, 7.5625], "texture": "#0"},
				"west": {"uv": [4.75, 8.75, 4.8125, 8.8125], "texture": "#0"},
				"up": {"uv": [7.75, 8.6875, 7.625, 8.625], "texture": "#0"},
				"down": {"uv": [8.75, 7.625, 8.625, 7.6875], "texture": "#0"}
			}
		},
		{
			"from": [16.80804, 1.25, 14.78595],
			"to": [17.65804, 1.75, 15.48595],
			"rotation": {"angle": -45, "axis": "y", "origin": [17.28304, 1.65, 15.48595]},
			"faces": {
				"north": {"uv": [1.625, 8.75, 1.75, 8.8125], "texture": "#0"},
				"east": {"uv": [8.875, 5.75, 8.9375, 5.8125], "texture": "#0"},
				"south": {"uv": [1.75, 8.75, 1.875, 8.8125], "texture": "#0"},
				"west": {"uv": [5.875, 8.875, 5.9375, 8.9375], "texture": "#0"},
				"up": {"uv": [2, 8.8125, 1.875, 8.75], "texture": "#0"},
				"down": {"uv": [2.125, 8.75, 2, 8.8125], "texture": "#0"}
			}
		},
		{
			"from": [-1.65804, 0.25, 14.78595],
			"to": [-0.80804, 0.75, 15.48595],
			"rotation": {"angle": 45, "axis": "y", "origin": [-1.28304, 0.35, 15.48595]},
			"faces": {
				"north": {"uv": [8, 8.625, 8.125, 8.6875], "texture": "#0"},
				"east": {"uv": [8.75, 7, 8.8125, 7.0625], "texture": "#0"},
				"south": {"uv": [8.625, 8, 8.75, 8.0625], "texture": "#0"},
				"west": {"uv": [7.125, 8.75, 7.1875, 8.8125], "texture": "#0"},
				"up": {"uv": [8.25, 8.6875, 8.125, 8.625], "texture": "#0"},
				"down": {"uv": [8.75, 8.125, 8.625, 8.1875], "texture": "#0"}
			}
		},
		{
			"from": [16.80804, 0.25, 14.78595],
			"to": [17.65804, 0.75, 15.48595],
			"rotation": {"angle": -45, "axis": "y", "origin": [17.28304, 0.35, 15.48595]},
			"faces": {
				"north": {"uv": [2.625, 8.75, 2.75, 8.8125], "texture": "#0"},
				"east": {"uv": [8.875, 7.375, 8.9375, 7.4375], "texture": "#0"},
				"south": {"uv": [2.875, 8.75, 3, 8.8125], "texture": "#0"},
				"west": {"uv": [7.5, 8.875, 7.5625, 8.9375], "texture": "#0"},
				"up": {"uv": [3.125, 8.8125, 3, 8.75], "texture": "#0"},
				"down": {"uv": [3.25, 8.75, 3.125, 8.8125], "texture": "#0"}
			}
		},
		{
			"from": [-1.34517, 1.35, 15.07811],
			"to": [-0.64517, 1.65, 15.62811],
			"rotation": {"angle": -22.5, "axis": "y", "origin": [-1.49517, 1.5, 15.20311]},
			"faces": {
				"north": {"uv": [4.875, 8.75, 4.9375, 8.8125], "texture": "#0"},
				"east": {"uv": [5, 8.75, 5.0625, 8.8125], "texture": "#0"},
				"south": {"uv": [5.125, 8.75, 5.1875, 8.8125], "texture": "#0"},
				"west": {"uv": [8.75, 5.125, 8.8125, 5.1875], "texture": "#0"},
				"up": {"uv": [5.3125, 8.8125, 5.25, 8.75], "texture": "#0"},
				"down": {"uv": [8.8125, 5.25, 8.75, 5.3125], "texture": "#0"}
			}
		},
		{
			"from": [16.64517, 1.35, 15.07811],
			"to": [17.34517, 1.65, 15.62811],
			"rotation": {"angle": 22.5, "axis": "y", "origin": [17.49517, 1.5, 15.20311]},
			"faces": {
				"north": {"uv": [8.875, 5.875, 8.9375, 5.9375], "texture": "#0"},
				"east": {"uv": [6, 8.875, 6.0625, 8.9375], "texture": "#0"},
				"south": {"uv": [8.875, 6, 8.9375, 6.0625], "texture": "#0"},
				"west": {"uv": [6.125, 8.875, 6.1875, 8.9375], "texture": "#0"},
				"up": {"uv": [8.9375, 6.1875, 8.875, 6.125], "texture": "#0"},
				"down": {"uv": [6.3125, 8.875, 6.25, 8.9375], "texture": "#0"}
			}
		},
		{
			"from": [-1.34517, 0.35, 15.07811],
			"to": [-0.64517, 0.65, 15.62811],
			"rotation": {"angle": -22.5, "axis": "y", "origin": [-1.49517, 0.5, 15.20311]},
			"faces": {
				"north": {"uv": [8.75, 6.625, 8.8125, 6.6875], "texture": "#0"},
				"east": {"uv": [6.75, 8.75, 6.8125, 8.8125], "texture": "#0"},
				"south": {"uv": [8.75, 6.75, 8.8125, 6.8125], "texture": "#0"},
				"west": {"uv": [6.875, 8.75, 6.9375, 8.8125], "texture": "#0"},
				"up": {"uv": [8.8125, 6.9375, 8.75, 6.875], "texture": "#0"},
				"down": {"uv": [7.0625, 8.75, 7, 8.8125], "texture": "#0"}
			}
		},
		{
			"from": [16.64517, 0.35, 15.07811],
			"to": [17.34517, 0.65, 15.62811],
			"rotation": {"angle": 22.5, "axis": "y", "origin": [17.49517, 0.5, 15.20311]},
			"faces": {
				"north": {"uv": [8.875, 7, 8.9375, 7.0625], "texture": "#0"},
				"east": {"uv": [7.125, 8.875, 7.1875, 8.9375], "texture": "#0"},
				"south": {"uv": [8.875, 7.125, 8.9375, 7.1875], "texture": "#0"},
				"west": {"uv": [7.25, 8.875, 7.3125, 8.9375], "texture": "#0"},
				"up": {"uv": [8.9375, 7.3125, 8.875, 7.25], "texture": "#0"},
				"down": {"uv": [7.4375, 8.875, 7.375, 8.9375], "texture": "#0"}
			}
		},
		{
			"from": [-0.94063, 1.45, 15.45803],
			"to": [-0.24063, 1.55, 15.80803],
			"rotation": {"angle": 0, "axis": "y", "origin": [-1.09063, 1.5, 15.53303]},
			"faces": {
				"north": {"uv": [8.75, 5.375, 8.8125, 5.4375], "texture": "#0"},
				"east": {"uv": [8.75, 5.5, 8.8125, 5.5625], "texture": "#0"},
				"south": {"uv": [5.875, 8.75, 5.9375, 8.8125], "texture": "#0"},
				"west": {"uv": [8.75, 5.875, 8.8125, 5.9375], "texture": "#0"},
				"up": {"uv": [6.0625, 8.8125, 6, 8.75], "texture": "#0"},
				"down": {"uv": [8.8125, 6, 8.75, 6.0625], "texture": "#0"}
			}
		},
		{
			"from": [16.24063, 1.45, 15.45803],
			"to": [16.94063, 1.55, 15.80803],
			"rotation": {"angle": 0, "axis": "y", "origin": [17.09063, 1.5, 15.53303]},
			"faces": {
				"north": {"uv": [8.875, 6.25, 8.9375, 6.3125], "texture": "#0"},
				"east": {"uv": [6.375, 8.875, 6.4375, 8.9375], "texture": "#0"},
				"south": {"uv": [8.875, 6.375, 8.9375, 6.4375], "texture": "#0"},
				"west": {"uv": [6.5, 8.875, 6.5625, 8.9375], "texture": "#0"},
				"up": {"uv": [8.9375, 6.5625, 8.875, 6.5], "texture": "#0"},
				"down": {"uv": [6.6875, 8.875, 6.625, 8.9375], "texture": "#0"}
			}
		},
		{
			"from": [-0.94063, 0.45, 15.45803],
			"to": [-0.24063, 0.55, 15.80803],
			"rotation": {"angle": 0, "axis": "y", "origin": [-1.09063, 0.5, 15.53303]},
			"faces": {
				"north": {"uv": [6.125, 8.75, 6.1875, 8.8125], "texture": "#0"},
				"east": {"uv": [6.25, 8.75, 6.3125, 8.8125], "texture": "#0"},
				"south": {"uv": [8.75, 6.25, 8.8125, 6.3125], "texture": "#0"},
				"west": {"uv": [6.375, 8.75, 6.4375, 8.8125], "texture": "#0"},
				"up": {"uv": [6.5625, 8.8125, 6.5, 8.75], "texture": "#0"},
				"down": {"uv": [6.6875, 8.75, 6.625, 8.8125], "texture": "#0"}
			}
		},
		{
			"from": [16.24063, 0.45, 15.45803],
			"to": [16.94063, 0.55, 15.80803],
			"rotation": {"angle": 0, "axis": "y", "origin": [17.09063, 0.5, 15.53303]},
			"faces": {
				"north": {"uv": [8.875, 6.625, 8.9375, 6.6875], "texture": "#0"},
				"east": {"uv": [6.75, 8.875, 6.8125, 8.9375], "texture": "#0"},
				"south": {"uv": [8.875, 6.75, 8.9375, 6.8125], "texture": "#0"},
				"west": {"uv": [6.875, 8.875, 6.9375, 8.9375], "texture": "#0"},
				"up": {"uv": [8.9375, 6.9375, 8.875, 6.875], "texture": "#0"},
				"down": {"uv": [7.0625, 8.875, 7, 8.9375], "texture": "#0"}
			}
		},
		{
			"from": [-2.36747, 1.05, 14.42761],
			"to": [-0.91747, 1.85, 15.02761],
			"rotation": {"angle": 22.5, "axis": "y", "origin": [-1.59247, 1, 14.47761]},
			"faces": {
				"north": {"uv": [8.5, 5.5, 8.6875, 5.625], "texture": "#0"},
				"east": {"uv": [7.875, 8.625, 7.9375, 8.75], "texture": "#0"},
				"south": {"uv": [5.625, 8.5, 5.8125, 8.625], "texture": "#0"},
				"west": {"uv": [8.625, 7.875, 8.6875, 8], "texture": "#0"},
				"up": {"uv": [5.0625, 8.6875, 4.875, 8.625], "texture": "#0"},
				"down": {"uv": [5.3125, 8.625, 5.125, 8.6875], "texture": "#0"}
			}
		},
		{
			"from": [16.91747, 1.05, 14.42761],
			"to": [18.36747, 1.85, 15.02761],
			"rotation": {"angle": -22.5, "axis": "y", "origin": [17.59247, 1, 14.47761]},
			"faces": {
				"north": {"uv": [7.875, 8.5, 8.0625, 8.625], "texture": "#0"},
				"east": {"uv": [2.375, 8.75, 2.4375, 8.875], "texture": "#0"},
				"south": {"uv": [8.125, 8.5, 8.3125, 8.625], "texture": "#0"},
				"west": {"uv": [2.5, 8.75, 2.5625, 8.875], "texture": "#0"},
				"up": {"uv": [8.8125, 6.4375, 8.625, 6.375], "texture": "#0"},
				"down": {"uv": [8.8125, 6.5, 8.625, 6.5625], "texture": "#0"}
			}
		},
		{
			"from": [-2.36747, 0.15, 14.42761],
			"to": [-0.91747, 0.95, 15.02761],
			"rotation": {"angle": 22.5, "axis": "y", "origin": [-1.59247, 1, 14.47761]},
			"faces": {
				"north": {"uv": [4.625, 8.5, 4.8125, 8.625], "texture": "#0"},
				"east": {"uv": [7.75, 8.625, 7.8125, 8.75], "texture": "#0"},
				"south": {"uv": [8.5, 5.375, 8.6875, 5.5], "texture": "#0"},
				"west": {"uv": [8.625, 7.75, 8.6875, 7.875], "texture": "#0"},
				"up": {"uv": [4.5625, 8.6875, 4.375, 8.625], "texture": "#0"},
				"down": {"uv": [4.8125, 8.625, 4.625, 8.6875], "texture": "#0"}
			}
		},
		{
			"from": [16.91747, 0.15, 14.42761],
			"to": [18.36747, 0.95, 15.02761],
			"rotation": {"angle": -22.5, "axis": "y", "origin": [17.59247, 1, 14.47761]},
			"faces": {
				"north": {"uv": [7.375, 8.5, 7.5625, 8.625], "texture": "#0"},
				"east": {"uv": [2.125, 8.75, 2.1875, 8.875], "texture": "#0"},
				"south": {"uv": [7.625, 8.5, 7.8125, 8.625], "texture": "#0"},
				"west": {"uv": [2.25, 8.75, 2.3125, 8.875], "texture": "#0"},
				"up": {"uv": [6.3125, 8.6875, 6.125, 8.625], "texture": "#0"},
				"down": {"uv": [6.5625, 8.625, 6.375, 8.6875], "texture": "#0"}
			}
		},
		{
			"from": [-2.46726, 0.4, 13.48138],
			"to": [0.08274, 1.45, 14.78138],
			"rotation": {"angle": -22.5, "axis": "z", "origin": [0.20774, 1, 14.38138]},
			"faces": {
				"north": {"uv": [0.5, 6.125, 0.8125, 6.25], "texture": "#0"},
				"east": {"uv": [4.125, 8.5, 4.3125, 8.625], "texture": "#0"},
				"south": {"uv": [7.625, 5.75, 7.9375, 5.875], "texture": "#0"},
				"west": {"uv": [4.375, 8.5, 4.5625, 8.625], "texture": "#0"},
				"up": {"uv": [8.3125, 6.8125, 8, 6.625], "texture": "#0"},
				"down": {"uv": [7.0625, 8, 6.75, 8.1875], "texture": "#0"}
			}
		},
		{
			"from": [15.91726, 0.4, 13.48138],
			"to": [18.46726, 1.45, 14.78138],
			"rotation": {"angle": 22.5, "axis": "z", "origin": [15.79226, 1, 14.38138]},
			"faces": {
				"north": {"uv": [8.25, 7, 8.5625, 7.125], "texture": "#0"},
				"east": {"uv": [8.5, 6.25, 8.6875, 6.375], "texture": "#0"},
				"south": {"uv": [8.25, 7.125, 8.5625, 7.25], "texture": "#0"},
				"west": {"uv": [6.875, 8.5, 7.0625, 8.625], "texture": "#0"},
				"up": {"uv": [8.3125, 8.1875, 8, 8], "texture": "#0"},
				"down": {"uv": [0.9375, 8.125, 0.625, 8.3125], "texture": "#0"}
			}
		},
		{
			"from": [-3.8894, 1.44147, 13.48138],
			"to": [-2.4394, 1.44147, 14.78138],
			"rotation": {"angle": -45, "axis": "z", "origin": [-1.1144, 1.46647, 14.13138]},
			"faces": {
				"north": {"uv": [0, 0, 0.1875, 0], "texture": "#0"},
				"east": {"uv": [0, 0, 0.1875, 0], "texture": "#0"},
				"south": {"uv": [0, 0, 0.1875, 0], "texture": "#0"},
				"west": {"uv": [0, 0, 0.1875, 0], "texture": "#0"},
				"up": {"uv": [7.0625, 8.4375, 6.875, 8.25], "texture": "#0"},
				"down": {"uv": [3.1875, 8.375, 3, 8.5625], "texture": "#0"}
			}
		},
		{
			"from": [18.4394, 1.44147, 13.48138],
			"to": [19.8894, 1.44147, 14.78138],
			"rotation": {"angle": 45, "axis": "z", "origin": [17.1144, 1.46647, 14.13138]},
			"faces": {
				"north": {"uv": [0, 0, 0.1875, 0], "texture": "#0"},
				"east": {"uv": [0, 0, 0.1875, 0], "texture": "#0"},
				"south": {"uv": [0, 0, 0.1875, 0], "texture": "#0"},
				"west": {"uv": [0, 0, 0.1875, 0], "texture": "#0"},
				"up": {"uv": [5.3125, 8.5625, 5.125, 8.375], "texture": "#0"},
				"down": {"uv": [8.5625, 5.125, 8.375, 5.3125], "texture": "#0"}
			}
		},
		{
			"from": [-3.8894, 0.55853, 13.48138],
			"to": [-2.4394, 0.55853, 14.78138],
			"rotation": {"angle": 45, "axis": "z", "origin": [-1.1144, 0.53353, 14.13138]},
			"faces": {
				"north": {"uv": [0, 0, 0.1875, 0], "texture": "#0"},
				"east": {"uv": [0, 0, 0.1875, 0], "texture": "#0"},
				"south": {"uv": [0, 0, 0.1875, 0], "texture": "#0"},
				"west": {"uv": [0, 0, 0.1875, 0], "texture": "#0"},
				"up": {"uv": [3.4375, 8.5625, 3.25, 8.375], "texture": "#0"},
				"down": {"uv": [3.6875, 8.375, 3.5, 8.5625], "texture": "#0"}
			}
		},
		{
			"from": [18.4394, 0.55853, 13.48138],
			"to": [19.8894, 0.55853, 14.78138],
			"rotation": {"angle": -45, "axis": "z", "origin": [17.1144, 0.53353, 14.13138]},
			"faces": {
				"north": {"uv": [0, 0, 0.1875, 0], "texture": "#0"},
				"east": {"uv": [0, 0, 0.1875, 0], "texture": "#0"},
				"south": {"uv": [0, 0, 0.1875, 0], "texture": "#0"},
				"west": {"uv": [0, 0, 0.1875, 0], "texture": "#0"},
				"up": {"uv": [5.5625, 8.5625, 5.375, 8.375], "texture": "#0"},
				"down": {"uv": [6.6875, 8.375, 6.5, 8.5625], "texture": "#0"}
			}
		},
		{
			"from": [-2.46726, 0.55, 13.98138],
			"to": [0.08274, 1.35, 14.78138],
			"rotation": {"angle": 22.5, "axis": "z", "origin": [0.20774, 1, 14.38138]},
			"faces": {
				"north": {"uv": [8.25, 6.375, 8.5625, 6.5], "texture": "#0"},
				"east": {"uv": [0.5, 8.625, 0.625, 8.75], "texture": "#0"},
				"south": {"uv": [6.5, 8.25, 6.8125, 8.375], "texture": "#0"},
				"west": {"uv": [0.625, 8.625, 0.75, 8.75], "texture": "#0"},
				"up": {"uv": [8.5625, 6.625, 8.25, 6.5], "texture": "#0"},
				"down": {"uv": [8.5625, 6.875, 8.25, 7], "texture": "#0"}
			}
		},
		{
			"from": [15.91726, 0.55, 13.98138],
			"to": [18.46726, 1.35, 14.78138],
			"rotation": {"angle": -22.5, "axis": "z", "origin": [15.79226, 1, 14.38138]},
			"faces": {
				"north": {"uv": [7.375, 8.25, 7.6875, 8.375], "texture": "#0"},
				"east": {"uv": [2.25, 8.625, 2.375, 8.75], "texture": "#0"},
				"south": {"uv": [8, 8.25, 8.3125, 8.375], "texture": "#0"},
				"west": {"uv": [2.375, 8.625, 2.5, 8.75], "texture": "#0"},
				"up": {"uv": [0.9375, 8.5, 0.625, 8.375], "texture": "#0"},
				"down": {"uv": [2.3125, 8.375, 2, 8.5], "texture": "#0"}
			}
		},
		{
			"from": [-7.2, -0.65, 11.3],
			"to": [-3.85, 2.65, 13.6],
			"rotation": {"angle": 22.5, "axis": "y", "origin": [-6, 1, 13]},
			"faces": {
				"north": {"uv": [6.5, 6.125, 6.9375, 6.5625], "texture": "#0"},
				"east": {"uv": [5.625, 6.75, 5.9375, 7.1875], "texture": "#0"},
				"south": {"uv": [0, 6.625, 0.4375, 7.0625], "texture": "#0"},
				"west": {"uv": [6, 6.75, 6.3125, 7.1875], "texture": "#0"},
				"up": {"uv": [2.9375, 7.1875, 2.5, 6.875], "texture": "#0"},
				"down": {"uv": [4.8125, 7, 4.375, 7.3125], "texture": "#0"}
			}
		},
		{
			"from": [19.85, -0.65, 11.3],
			"to": [23.2, 2.65, 13.6],
			"rotation": {"angle": -22.5, "axis": "y", "origin": [22, 1, 13]},
			"faces": {
				"north": {"uv": [0.5, 6.75, 0.9375, 7.1875], "texture": "#0"},
				"east": {"uv": [7, 6.625, 7.3125, 7.0625], "texture": "#0"},
				"south": {"uv": [1, 6.75, 1.4375, 7.1875], "texture": "#0"},
				"west": {"uv": [0, 7.125, 0.3125, 7.5625], "texture": "#0"},
				"up": {"uv": [7.5625, 5.4375, 7.125, 5.125], "texture": "#0"},
				"down": {"uv": [7.5625, 5.5, 7.125, 5.8125], "texture": "#0"}
			}
		},
		{
			"from": [-7.48712, -0.3, 12.70793],
			"to": [-4.68712, 2.3, 15.00793],
			"rotation": {"angle": 45, "axis": "y", "origin": [-5.88712, 1, 12.35793]},
			"faces": {
				"north": {"uv": [2.375, 7.25, 2.75, 7.5625], "texture": "#0"},
				"east": {"uv": [0, 7.625, 0.3125, 7.9375], "texture": "#0"},
				"south": {"uv": [3.25, 7.25, 3.625, 7.5625], "texture": "#0"},
				"west": {"uv": [7.625, 5.375, 7.9375, 5.6875], "texture": "#0"},
				"up": {"uv": [4, 7.5625, 3.625, 7.25], "texture": "#0"},
				"down": {"uv": [4.375, 7.25, 4, 7.5625], "texture": "#0"}
			}
		},
		{
			"from": [20.68712, -0.3, 12.70793],
			"to": [23.48712, 2.3, 15.00793],
			"rotation": {"angle": -45, "axis": "y", "origin": [21.88712, 1, 12.35793]},
			"faces": {
				"north": {"uv": [4.375, 7.375, 4.75, 7.6875], "texture": "#0"},
				"east": {"uv": [5.75, 7.625, 6.0625, 7.9375], "texture": "#0"},
				"south": {"uv": [7.375, 6.125, 7.75, 6.4375], "texture": "#0"},
				"west": {"uv": [6.125, 7.625, 6.4375, 7.9375], "texture": "#0"},
				"up": {"uv": [7.75, 6.8125, 7.375, 6.5], "texture": "#0"},
				"down": {"uv": [7.75, 6.875, 7.375, 7.1875], "texture": "#0"}
			}
		},
		{
			"from": [-4.61788, -0.05, 12.76001],
			"to": [-2.56788, 2.05, 14.96001],
			"rotation": {"angle": -22.5, "axis": "y", "origin": [-4.96788, 1, 13.56001]},
			"faces": {
				"north": {"uv": [3.875, 7.875, 4.125, 8.125], "texture": "#0"},
				"east": {"uv": [5.5, 7.875, 5.75, 8.125], "texture": "#0"},
				"south": {"uv": [2.5, 8, 2.75, 8.25], "texture": "#0"},
				"west": {"uv": [2.75, 8, 3, 8.25], "texture": "#0"},
				"up": {"uv": [4.375, 8.25, 4.125, 8], "texture": "#0"},
				"down": {"uv": [4.625, 8, 4.375, 8.25], "texture": "#0"}
			}
		},
		{
			"from": [18.56788, -0.05, 12.76001],
			"to": [20.61788, 2.05, 14.96001],
			"rotation": {"angle": 22.5, "axis": "y", "origin": [20.96788, 1, 13.56001]},
			"faces": {
				"north": {"uv": [8, 5.625, 8.25, 5.875], "texture": "#0"},
				"east": {"uv": [5.75, 8, 6, 8.25], "texture": "#0"},
				"south": {"uv": [8, 5.875, 8.25, 6.125], "texture": "#0"},
				"west": {"uv": [6, 8, 6.25, 8.25], "texture": "#0"},
				"up": {"uv": [8.25, 6.375, 8, 6.125], "texture": "#0"},
				"down": {"uv": [6.5, 8, 6.25, 8.25], "texture": "#0"}
			}
		}
	],
	"display": {
		"thirdperson_righthand": {
			"rotation": [0, -4.75, 92.5],
			"translation": [-6.75, -2.25, 1.25],
			"scale": [0.56445, 0.69727, 0.62891]
		},
		"thirdperson_lefthand": {
			"rotation": [0, -4.75, 92.5],
			"translation": [-6.75, -2.25, 1.25],
			"scale": [0.56445, 0.69727, 0.62891]
		},
		"firstperson_righthand": {
			"rotation": [5.5, 14.5, -89.75],
			"translation": [15.75, 5, -14.25]
		},
		"firstperson_lefthand": {
			"rotation": [5.5, 14.5, -89.75],
			"translation": [15.75, 5, -14.25]
		},
		"ground": {
			"translation": [0, 2.25, 0],
			"scale": [0.46, 0.47, 0.45]
		},
		"gui": {
			"rotation": [91.75, -48.25, 0],
			"translation": [-0.25, -0.75, 3.5],
			"scale": [0.42578, 0.56055, 0.40625]
		},
		"head": {
			"translation": [0, -12, -4.25]
		},
		"fixed": {
			"rotation": [91.75, 0, 0],
			"translation": [0, -1.25, 3.5],
			"scale": [0.42578, 0.56055, 0.40625]
		}
	}
}