{
	"__comment": "Designed by MrZoom31 and modified by Pashjn with Cubik Studio - https://cubik.studio",
	"textures": {
		"particle": "items/easternbow12",
		"texture": "items/easternbow12",
		"voxels_atlas": "items/easternbow12"
	},
	"elements": [ 	 
		{
			"__comment": "Voxels",
			"from": [ -14, 7, 18 ],
			"to": [ -12, 8, 19 ],
			"faces": {
				"down": { "uv": [ 8.75, 10.5, 9.25, 10.75 ], "texture": "#voxels_atlas" },
				"up": { "uv": [ 9.25, 10.75, 9.75, 10.5 ], "texture": "#voxels_atlas" },
				"north": { "uv": [ 10.25, 10.5, 9.75, 10.75 ], "texture": "#voxels_atlas" },
				"south": { "uv": [ 10.25, 10.5, 10.75, 10.75 ], "texture": "#voxels_atlas" },
				"west": { "uv": [ 5.75, 6.5, 6, 6.75 ], "texture": "#voxels_atlas" },
				"east": { "uv": [ 6, 6.75, 5.75, 7 ], "texture": "#voxels_atlas" }
			}
		},
		{
			"__comment": "Voxels",
			"from": [ -14, 8, 17 ],
			"to": [ -9, 10, 18 ],
			"faces": {
				"down": { "uv": [ 1.5, 4, 2.75, 4.25 ], "texture": "#voxels_atlas" },
				"up": { "uv": [ 1.5, 6.5, 2.75, 6.25 ], "texture": "#voxels_atlas" },
				"north": { "uv": [ 2.75, 12, 1.5, 12.5 ], "texture": "#voxels_atlas" },
				"south": { "uv": [ 1.5, 11.5, 2.75, 12 ], "texture": "#voxels_atlas" },
				"west": { "uv": [ 5.25, 7.5, 5.5, 8 ], "texture": "#voxels_atlas" },
				"east": { "uv": [ 5.5, 7, 5.25, 7.5 ], "texture": "#voxels_atlas" }
			}
		},
		{
			"__comment": "Voxels",
			"from": [ -14, 8, 18 ],
			"to": [ -13, 11, 19 ],
			"faces": {
				"down": { "uv": [ 5.75, 7, 6, 7.25 ], "texture": "#voxels_atlas" },
				"up": { "uv": [ 5.75, 7.5, 6, 7.25 ], "texture": "#voxels_atlas" },
				"north": { "uv": [ 4, 0, 3.75, 0.75 ], "texture": "#voxels_atlas" },
				"south": { "uv": [ 2.5, 7.25, 2.75, 8 ], "texture": "#voxels_atlas" },
				"west": { "uv": [ 4.5, 9.25, 4.75, 10 ], "texture": "#voxels_atlas" },
				"east": { "uv": [ 4.75, 10, 4.5, 10.75 ], "texture": "#voxels_atlas" }
			}
		},
		{
			"__comment": "Voxels",
			"from": [ -13, 7, 17 ],
			"to": [ -9, 8, 18 ],
			"faces": {
				"down": { "uv": [ 3.25, 12, 4.25, 12.25 ], "texture": "#voxels_atlas" },
				"up": { "uv": [ 4.25, 12.25, 5.25, 12 ], "texture": "#voxels_atlas" },
				"north": { "uv": [ 10.25, 12, 9.25, 12.25 ], "texture": "#voxels_atlas" },
				"south": { "uv": [ 10.25, 12, 11.25, 12.25 ], "texture": "#voxels_atlas" },
				"west": { "uv": [ 5.75, 8, 6, 8.25 ], "texture": "#voxels_atlas" },
				"east": { "uv": [ 6, 8.25, 5.75, 8.5 ], "texture": "#voxels_atlas" }
			}
		},
		{
			"__comment": "Voxels",
			"from": [ -13, 8, 16 ],
			"to": [ -4, 10, 17 ],
			"faces": {
				"down": { "uv": [ 12.5, 13.25, 14.75, 13.5 ], "texture": "#voxels_atlas" },
				"up": { "uv": [ 2.75, 13.25, 5, 13 ], "texture": "#voxels_atlas" },
				"north": { "uv": [ 7.25, 14.25, 5, 14.75 ], "texture": "#voxels_atlas" },
				"south": { "uv": [ 7.25, 14.25, 9.5, 14.75 ], "texture": "#voxels_atlas" },
				"west": { "uv": [ 5.25, 6.5, 5.5, 7 ], "texture": "#voxels_atlas" },
				"east": { "uv": [ 5.5, 6, 5.25, 6.5 ], "texture": "#voxels_atlas" }
			}
		},
		{
			"__comment": "Voxels",
			"from": [ -13, 10, 17 ],
			"to": [ -9, 11, 18 ],
			"faces": {
				"down": { "uv": [ 11.25, 12, 12.25, 12.25 ], "texture": "#voxels_atlas" },
				"up": { "uv": [ 12.25, 12.25, 13.25, 12 ], "texture": "#voxels_atlas" },
				"north": { "uv": [ 14.25, 12, 13.25, 12.25 ], "texture": "#voxels_atlas" },
				"south": { "uv": [ 14.25, 12, 15.25, 12.25 ], "texture": "#voxels_atlas" },
				"west": { "uv": [ 5.75, 8.5, 6, 8.75 ], "texture": "#voxels_atlas" },
				"east": { "uv": [ 6, 8.75, 5.75, 9 ], "texture": "#voxels_atlas" }
			}
		},
		{
			"__comment": "Voxels",
			"from": [ -13, 10, 18 ],
			"to": [ -12, 11, 19 ],
			"faces": {
				"down": { "uv": [ 5.75, 9.5, 6, 9.75 ], "texture": "#voxels_atlas" },
				"up": { "uv": [ 15.75, 10, 16, 9.75 ], "texture": "#voxels_atlas" },
				"north": { "uv": [ 15.75, 9.75, 15.5, 10 ], "texture": "#voxels_atlas" },
				"south": { "uv": [ 15.25, 9.75, 15.5, 10 ], "texture": "#voxels_atlas" },
				"west": { "uv": [ 14.5, 9.75, 14.75, 10 ], "texture": "#voxels_atlas" },
				"east": { "uv": [ 14.5, 9.75, 14.25, 10 ], "texture": "#voxels_atlas" }
			}
		},
		{
			"__comment": "Voxels",
			"from": [ -12, 7, 16 ],
			"to": [ -10, 8, 17 ],
			"faces": {
				"down": { "uv": [ 10.75, 10.5, 11.25, 10.75 ], "texture": "#voxels_atlas" },
				"up": { "uv": [ 11.25, 10.75, 11.75, 10.5 ], "texture": "#voxels_atlas" },
				"north": { "uv": [ 7, 10.25, 6.5, 10.5 ], "texture": "#voxels_atlas" },
				"south": { "uv": [ 7, 10.25, 7.5, 10.5 ], "texture": "#voxels_atlas" },
				"west": { "uv": [ 14, 9.75, 14.25, 10 ], "texture": "#voxels_atlas" },
				"east": { "uv": [ 14, 9.75, 13.75, 10 ], "texture": "#voxels_atlas" }
			}
		},
		{
			"__comment": "Voxels",
			"from": [ -12, 8, 14 ],
			"to": [ -10, 10, 16 ],
			"faces": {
				"down": { "uv": [ 2.75, 1, 3.25, 1.5 ], "texture": "#voxels_atlas" },
				"up": { "uv": [ 2.75, 1, 3.25, 0.5 ], "texture": "#voxels_atlas" },
				"north": { "uv": [ 3.25, 0, 2.75, 0.5 ], "texture": "#voxels_atlas" },
				"south": { "uv": [ 3.25, 10.25, 3.75, 10.75 ], "texture": "#voxels_atlas" },
				"west": { "uv": [ 3.25, 9.75, 3.75, 10.25 ], "texture": "#voxels_atlas" },
				"east": { "uv": [ 3.75, 9.25, 3.25, 9.75 ], "texture": "#voxels_atlas" }
			}
		},
		{
			"__comment": "Voxels",
			"from": [ -12, 10, 16 ],
			"to": [ -10, 11, 17 ],
			"faces": {
				"down": { "uv": [ 7.5, 10.25, 8, 10.5 ], "texture": "#voxels_atlas" },
				"up": { "uv": [ 8, 10.5, 8.5, 10.25 ], "texture": "#voxels_atlas" },
				"north": { "uv": [ 9, 10.25, 8.5, 10.5 ], "texture": "#voxels_atlas" },
				"south": { "uv": [ 9, 10.25, 9.5, 10.5 ], "texture": "#voxels_atlas" },
				"west": { "uv": [ 13, 9.75, 13.25, 10 ], "texture": "#voxels_atlas" },
				"east": { "uv": [ 13, 9.75, 12.75, 10 ], "texture": "#voxels_atlas" }
			}
		},
		{
			"__comment": "Voxels",
			"from": [ -11, 7, 14 ],
			"to": [ -9, 8, 15 ],
			"faces": {
				"down": { "uv": [ 11.5, 10.25, 12, 10.5 ], "texture": "#voxels_atlas" },
				"up": { "uv": [ 12, 10.5, 12.5, 10.25 ], "texture": "#voxels_atlas" },
				"north": { "uv": [ 13, 10.25, 12.5, 10.5 ], "texture": "#voxels_atlas" },
				"south": { "uv": [ 13, 10.25, 13.5, 10.5 ], "texture": "#voxels_atlas" },
				"west": { "uv": [ 12.5, 9.75, 12.75, 10 ], "texture": "#voxels_atlas" },
				"east": { "uv": [ 12.5, 9.75, 12.25, 10 ], "texture": "#voxels_atlas" }
			}
		},
		{
			"__comment": "Voxels",
			"from": [ -11, 7, 15 ],
			"to": [ -10, 8, 16 ],
			"faces": {
				"down": { "uv": [ 12, 9.75, 12.25, 10 ], "texture": "#voxels_atlas" },
				"up": { "uv": [ 11.75, 10, 12, 9.75 ], "texture": "#voxels_atlas" },
				"north": { "uv": [ 11.75, 9.75, 11.5, 10 ], "texture": "#voxels_atlas" },
				"south": { "uv": [ 11.25, 9.75, 11.5, 10 ], "texture": "#voxels_atlas" },
				"west": { "uv": [ 11, 9.75, 11.25, 10 ], "texture": "#voxels_atlas" },
				"east": { "uv": [ 11, 9.75, 10.75, 10 ], "texture": "#voxels_atlas" }
			}
		},
		{
			"__comment": "Voxels",
			"from": [ -11, 7, 18 ],
			"to": [ -10, 11, 19 ],
			"faces": {
				"down": { "uv": [ 10, 9.75, 10.25, 10 ], "texture": "#voxels_atlas" },
				"up": { "uv": [ 9.75, 10, 10, 9.75 ], "texture": "#voxels_atlas" },
				"north": { "uv": [ 4, 10.75, 3.75, 11.75 ], "texture": "#voxels_atlas" },
				"south": { "uv": [ 3.75, 9.75, 4, 10.75 ], "texture": "#voxels_atlas" },
				"west": { "uv": [ 3.75, 8.75, 4, 9.75 ], "texture": "#voxels_atlas" },
				"east": { "uv": [ 4, 3.75, 3.75, 4.75 ], "texture": "#voxels_atlas" }
			}
		},
		{
			"__comment": "Voxels",
			"from": [ -11, 8, 13 ],
			"to": [ -8, 10, 14 ],
			"faces": {
				"down": { "uv": [ 15.25, 12, 16, 12.25 ], "texture": "#voxels_atlas" },
				"up": { "uv": [ 12.25, 11.75, 13, 11.5 ], "texture": "#voxels_atlas" },
				"north": { "uv": [ 1.25, 5.25, 0.5, 5.75 ], "texture": "#voxels_atlas" },
				"south": { "uv": [ 0.5, 5.75, 1.25, 6.25 ], "texture": "#voxels_atlas" },
				"west": { "uv": [ 5.25, 1.5, 5.5, 2 ], "texture": "#voxels_atlas" },
				"east": { "uv": [ 5.5, 1, 5.25, 1.5 ], "texture": "#voxels_atlas" }
			}
		},
		{
			"__comment": "Voxels",
			"from": [ -11, 10, 14 ],
			"to": [ -9, 11, 15 ],
			"faces": {
				"down": { "uv": [ 14.5, 10.25, 15, 10.5 ], "texture": "#voxels_atlas" },
				"up": { "uv": [ 15, 10.5, 15.5, 10.25 ], "texture": "#voxels_atlas" },
				"north": { "uv": [ 7.75, 10, 7.25, 10.25 ], "texture": "#voxels_atlas" },
				"south": { "uv": [ 7.75, 10, 8.25, 10.25 ], "texture": "#voxels_atlas" },
				"west": { "uv": [ 5.5, 0.25, 5.75, 0.5 ], "texture": "#voxels_atlas" },
				"east": { "uv": [ 5.75, 0.5, 5.5, 0.75 ], "texture": "#voxels_atlas" }
			}
		},
		{
			"__comment": "Voxels",
			"from": [ -11, 10, 15 ],
			"to": [ -10, 11, 16 ],
			"faces": {
				"down": { "uv": [ 5.5, 0.75, 5.75, 1 ], "texture": "#voxels_atlas" },
				"up": { "uv": [ 5.5, 1.25, 5.75, 1 ], "texture": "#voxels_atlas" },
				"north": { "uv": [ 16, 11, 15.75, 11.25 ], "texture": "#voxels_atlas" },
				"south": { "uv": [ 15.75, 11.25, 16, 11.5 ], "texture": "#voxels_atlas" },
				"west": { "uv": [ 4.5, 0, 4.75, 0.25 ], "texture": "#voxels_atlas" },
				"east": { "uv": [ 6.25, 1.5, 6, 1.75 ], "texture": "#voxels_atlas" }
			}
		},
		{
			"__comment": "Voxels",
			"from": [ -10, 7, 13 ],
			"to": [ -8, 8, 14 ],
			"faces": {
				"down": { "uv": [ 8.25, 10, 8.75, 10.25 ], "texture": "#voxels_atlas" },
				"up": { "uv": [ 8.75, 10.25, 9.25, 10 ], "texture": "#voxels_atlas" },
				"north": { "uv": [ 11.75, 10, 11.25, 10.25 ], "texture": "#voxels_atlas" },
				"south": { "uv": [ 11.75, 10, 12.25, 10.25 ], "texture": "#voxels_atlas" },
				"west": { "uv": [ 4.25, 3.75, 4.5, 4 ], "texture": "#voxels_atlas" },
				"east": { "uv": [ 16, 13.25, 15.75, 13.5 ], "texture": "#voxels_atlas" }
			}
		},
		{
			"__comment": "Voxels",
			"from": [ -10, 8, 12 ],
			"to": [ -8, 10, 13 ],
			"faces": {
				"down": { "uv": [ 14.25, 10, 14.75, 10.25 ], "texture": "#voxels_atlas" },
				"up": { "uv": [ 14.75, 10.25, 15.25, 10 ], "texture": "#voxels_atlas" },
				"north": { "uv": [ 2, 1.5, 1.5, 2 ], "texture": "#voxels_atlas" },
				"south": { "uv": [ 2, 1.5, 2.5, 2 ], "texture": "#voxels_atlas" },
				"west": { "uv": [ 5.5, 1.75, 5.75, 2.25 ], "texture": "#voxels_atlas" },
				"east": { "uv": [ 1.5, 8.75, 1.25, 9.25 ], "texture": "#voxels_atlas" }
			}
		},
		{
			"__comment": "Voxels",
			"from": [ -10, 8, 18 ],
			"to": [ -9, 10, 19 ],
			"faces": {
				"down": { "uv": [ 2.5, 1, 2.75, 1.25 ], "texture": "#voxels_atlas" },
				"up": { "uv": [ 2.5, 1.5, 2.75, 1.25 ], "texture": "#voxels_atlas" },
				"north": { "uv": [ 1.5, 8.25, 1.25, 8.75 ], "texture": "#voxels_atlas" },
				"south": { "uv": [ 1.25, 7.75, 1.5, 8.25 ], "texture": "#voxels_atlas" },
				"west": { "uv": [ 1.25, 7.25, 1.5, 7.75 ], "texture": "#voxels_atlas" },
				"east": { "uv": [ 1.5, 6.75, 1.25, 7.25 ], "texture": "#voxels_atlas" }
			}
		},
		{
			"__comment": "Voxels",
			"from": [ -10, 10, 13 ],
			"to": [ -8, 11, 14 ],
			"faces": {
				"down": { "uv": [ 0, 0, 0.5, 0.25 ], "texture": "#voxels_atlas" },
				"up": { "uv": [ 3.25, 0.25, 3.75, 0 ], "texture": "#voxels_atlas" },
				"north": { "uv": [ 4.5, 0.25, 4, 0.5 ], "texture": "#voxels_atlas" },
				"south": { "uv": [ 4, 0, 4.5, 0.25 ], "texture": "#voxels_atlas" },
				"west": { "uv": [ 2.5, 2, 2.75, 2.25 ], "texture": "#voxels_atlas" },
				"east": { "uv": [ 7, 9.25, 6.75, 9.5 ], "texture": "#voxels_atlas" }
			}
		},
		{
			"__comment": "Voxels",
			"from": [ -9, 7, 12 ],
			"to": [ -7, 8, 13 ],
			"faces": {
				"down": { "uv": [ 14.5, 11.5, 15, 11.75 ], "texture": "#voxels_atlas" },
				"up": { "uv": [ 15, 11.75, 15.5, 11.5 ], "texture": "#voxels_atlas" },
				"north": { "uv": [ 16, 11.5, 15.5, 11.75 ], "texture": "#voxels_atlas" },
				"south": { "uv": [ 4.75, 11.25, 5.25, 11.5 ], "texture": "#voxels_atlas" },
				"west": { "uv": [ 6.5, 9.25, 6.75, 9.5 ], "texture": "#voxels_atlas" },
				"east": { "uv": [ 6.5, 7, 6.25, 7.25 ], "texture": "#voxels_atlas" }
			}
		},
		{
			"__comment": "Voxels",
			"from": [ -9, 8, 10 ],
			"to": [ -1, 10, 11 ],
			"faces": {
				"down": { "uv": [ 13.25, 13, 15.25, 13.25 ], "texture": "#voxels_atlas" },
				"up": { "uv": [ 9.25, 13.25, 11.25, 13 ], "texture": "#voxels_atlas" },
				"north": { "uv": [ 15.5, 14.25, 13.5, 14.75 ], "texture": "#voxels_atlas" },
				"south": { "uv": [ 11.5, 14.25, 13.5, 14.75 ], "texture": "#voxels_atlas" },
				"west": { "uv": [ 1.25, 6.25, 1.5, 6.75 ], "texture": "#voxels_atlas" },
				"east": { "uv": [ 1.5, 5.75, 1.25, 6.25 ], "texture": "#voxels_atlas" }
			}
		},
		{
			"__comment": "Voxels",
			"from": [ -9, 8, 11 ],
			"to": [ -7, 10, 12 ],
			"faces": {
				"down": { "uv": [ 5.25, 11.25, 5.75, 11.5 ], "texture": "#voxels_atlas" },
				"up": { "uv": [ 5.75, 11.5, 6.25, 11.25 ], "texture": "#voxels_atlas" },
				"north": { "uv": [ 3.25, 12, 2.75, 12.5 ], "texture": "#voxels_atlas" },
				"south": { "uv": [ 2.75, 11.5, 3.25, 12 ], "texture": "#voxels_atlas" },
				"west": { "uv": [ 1.25, 5.25, 1.5, 5.75 ], "texture": "#voxels_atlas" },
				"east": { "uv": [ 1.5, 4.75, 1.25, 5.25 ], "texture": "#voxels_atlas" }
			}
		},
		{
			"__comment": "Voxels",
			"from": [ -9, 10, 12 ],
			"to": [ -7, 11, 13 ],
			"faces": {
				"down": { "uv": [ 6.25, 11.25, 6.75, 11.5 ], "texture": "#voxels_atlas" },
				"up": { "uv": [ 6.75, 11.5, 7.25, 11.25 ], "texture": "#voxels_atlas" },
				"north": { "uv": [ 7.75, 11.25, 7.25, 11.5 ], "texture": "#voxels_atlas" },
				"south": { "uv": [ 7.75, 11.25, 8.25, 11.5 ], "texture": "#voxels_atlas" },
				"west": { "uv": [ 6.25, 7.25, 6.5, 7.5 ], "texture": "#voxels_atlas" },
				"east": { "uv": [ 6.5, 7.5, 6.25, 7.75 ], "texture": "#voxels_atlas" }
			}
		},
		{
			"__comment": "Voxels",
			"from": [ -8, 7, 10 ],
			"to": [ -4, 8, 11 ],
			"faces": {
				"down": { "uv": [ 4.75, 12.5, 5.75, 12.75 ], "texture": "#voxels_atlas" },
				"up": { "uv": [ 9.25, 12.5, 10.25, 12.25 ], "texture": "#voxels_atlas" },
				"north": { "uv": [ 7.75, 12.5, 6.75, 12.75 ], "texture": "#voxels_atlas" },
				"south": { "uv": [ 7.75, 12.5, 8.75, 12.75 ], "texture": "#voxels_atlas" },
				"west": { "uv": [ 6.25, 7.75, 6.5, 8 ], "texture": "#voxels_atlas" },
				"east": { "uv": [ 6.5, 8.5, 6.25, 8.75 ], "texture": "#voxels_atlas" }
			}
		},
		{
			"__comment": "Voxels",
			"from": [ -8, 7, 11 ],
			"to": [ -7, 8, 12 ],
			"faces": {
				"down": { "uv": [ 6.25, 8.75, 6.5, 9 ], "texture": "#voxels_atlas" },
				"up": { "uv": [ 10.75, 9.75, 11, 9.5 ], "texture": "#voxels_atlas" },
				"north": { "uv": [ 10.75, 9.5, 10.5, 9.75 ], "texture": "#voxels_atlas" },
				"south": { "uv": [ 9.25, 9.5, 9.5, 9.75 ], "texture": "#voxels_atlas" },
				"west": { "uv": [ 9, 9.5, 9.25, 9.75 ], "texture": "#voxels_atlas" },
				"east": { "uv": [ 9, 9.5, 8.75, 9.75 ], "texture": "#voxels_atlas" }
			}
		},
		{
			"__comment": "Voxels",
			"from": [ -8, 8, 8 ],
			"to": [ -5, 10, 10 ],
			"faces": {
				"down": { "uv": [ 0.5, 4.75, 1.25, 5.25 ], "texture": "#voxels_atlas" },
				"up": { "uv": [ 0.5, 4.75, 1.25, 4.25 ], "texture": "#voxels_atlas" },
				"north": { "uv": [ 1.25, 1.75, 0.5, 2.25 ], "texture": "#voxels_atlas" },
				"south": { "uv": [ 0.5, 7.75, 1.25, 8.25 ], "texture": "#voxels_atlas" },
				"west": { "uv": [ 2.75, 8, 3.25, 8.5 ], "texture": "#voxels_atlas" },
				"east": { "uv": [ 3.25, 7.5, 2.75, 8 ], "texture": "#voxels_atlas" }
			}
		},
		{
			"__comment": "Voxels",
			"from": [ -8, 10, 10 ],
			"to": [ -4, 11, 11 ],
			"faces": {
				"down": { "uv": [ 11.75, 12.5, 12.75, 12.75 ], "texture": "#voxels_atlas" },
				"up": { "uv": [ 12.75, 12.75, 13.75, 12.5 ], "texture": "#voxels_atlas" },
				"north": { "uv": [ 14.75, 12.5, 13.75, 12.75 ], "texture": "#voxels_atlas" },
				"south": { "uv": [ 14.75, 12.5, 15.75, 12.75 ], "texture": "#voxels_atlas" },
				"west": { "uv": [ 8.5, 9.5, 8.75, 9.75 ], "texture": "#voxels_atlas" },
				"east": { "uv": [ 8, 9.5, 7.75, 9.75 ], "texture": "#voxels_atlas" }
			}
		},
		{
			"__comment": "Voxels",
			"from": [ -8, 10, 11 ],
			"to": [ -7, 11, 12 ],
			"faces": {
				"down": { "uv": [ 7.5, 9.5, 7.75, 9.75 ], "texture": "#voxels_atlas" },
				"up": { "uv": [ 6.75, 9.75, 7, 9.5 ], "texture": "#voxels_atlas" },
				"north": { "uv": [ 6.75, 9.5, 6.5, 9.75 ], "texture": "#voxels_atlas" },
				"south": { "uv": [ 6, 0.25, 6.25, 0.5 ], "texture": "#voxels_atlas" },
				"west": { "uv": [ 6, 0.5, 6.25, 0.75 ], "texture": "#voxels_atlas" },
				"east": { "uv": [ 6.25, 1.25, 6, 1.5 ], "texture": "#voxels_atlas" }
			}
		},
		{
			"__comment": "Voxels",
			"from": [ -7, 8, 6 ],
			"to": [ -4, 10, 7 ],
			"faces": {
				"down": { "uv": [ 13, 11.5, 13.75, 11.75 ], "texture": "#voxels_atlas" },
				"up": { "uv": [ 13.75, 11.75, 14.5, 11.5 ], "texture": "#voxels_atlas" },
				"north": { "uv": [ 1.25, 3.75, 0.5, 4.25 ], "texture": "#voxels_atlas" },
				"south": { "uv": [ 0.5, 3.25, 1.25, 3.75 ], "texture": "#voxels_atlas" },
				"west": { "uv": [ 1.25, 4.25, 1.5, 4.75 ], "texture": "#voxels_atlas" },
				"east": { "uv": [ 1.5, 3.75, 1.25, 4.25 ], "texture": "#voxels_atlas" }
			}
		},
		{
			"__comment": "Voxels",
			"from": [ -7, 8, 7 ],
			"to": [ -5, 10, 8 ],
			"faces": {
				"down": { "uv": [ 8.25, 11.25, 8.75, 11.5 ], "texture": "#voxels_atlas" },
				"up": { "uv": [ 8.75, 11.5, 9.25, 11.25 ], "texture": "#voxels_atlas" },
				"north": { "uv": [ 3.25, 7, 2.75, 7.5 ], "texture": "#voxels_atlas" },
				"south": { "uv": [ 2.75, 6.5, 3.25, 7 ], "texture": "#voxels_atlas" },
				"west": { "uv": [ 1.25, 3.25, 1.5, 3.75 ], "texture": "#voxels_atlas" },
				"east": { "uv": [ 1.5, 2.75, 1.25, 3.25 ], "texture": "#voxels_atlas" }
			}
		},
		{
			"__comment": "Voxels",
			"from": [ -6, 8, 5 ],
			"to": [ -3, 10, 6 ],
			"faces": {
				"down": { "uv": [ 10, 11.5, 10.75, 11.75 ], "texture": "#voxels_atlas" },
				"up": { "uv": [ 10.75, 11.75, 11.5, 11.5 ], "texture": "#voxels_atlas" },
				"north": { "uv": [ 1.25, 6.25, 0.5, 6.75 ], "texture": "#voxels_atlas" },
				"south": { "uv": [ 0.5, 2.25, 1.25, 2.75 ], "texture": "#voxels_atlas" },
				"west": { "uv": [ 4.75, 6, 5, 6.5 ], "texture": "#voxels_atlas" },
				"east": { "uv": [ 1.5, 2.25, 1.25, 2.75 ], "texture": "#voxels_atlas" }
			}
		},
		{
			"__comment": "Voxels",
			"from": [ -6, 10, 9 ],
			"to": [ -5, 11, 10 ],
			"faces": {
				"down": { "uv": [ 6, 2.25, 6.25, 2.5 ], "texture": "#voxels_atlas" },
				"up": { "uv": [ 6, 2.75, 6.25, 2.5 ], "texture": "#voxels_atlas" },
				"north": { "uv": [ 6.25, 2.75, 6, 3 ], "texture": "#voxels_atlas" },
				"south": { "uv": [ 6, 3, 6.25, 3.25 ], "texture": "#voxels_atlas" },
				"west": { "uv": [ 6, 3.75, 6.25, 4 ], "texture": "#voxels_atlas" },
				"east": { "uv": [ 6.25, 4, 6, 4.25 ], "texture": "#voxels_atlas" }
			}
		},
		{
			"__comment": "Voxels",
			"from": [ -5, 7, 11 ],
			"to": [ -1, 8, 12 ],
			"faces": {
				"down": { "uv": [ 5.25, 12, 6.25, 12.25 ], "texture": "#voxels_atlas" },
				"up": { "uv": [ 6.25, 12.25, 7.25, 12 ], "texture": "#voxels_atlas" },
				"north": { "uv": [ 8.25, 12, 7.25, 12.25 ], "texture": "#voxels_atlas" },
				"south": { "uv": [ 8.25, 12, 9.25, 12.25 ], "texture": "#voxels_atlas" },
				"west": { "uv": [ 6, 4.25, 6.25, 4.5 ], "texture": "#voxels_atlas" },
				"east": { "uv": [ 6.25, 4.5, 6, 4.75 ], "texture": "#voxels_atlas" }
			}
		},
		{
			"__comment": "Voxels",
			"from": [ -5, 8, 4 ],
			"to": [ -3, 10, 5 ],
			"faces": {
				"down": { "uv": [ 9.25, 11.25, 9.75, 11.5 ], "texture": "#voxels_atlas" },
				"up": { "uv": [ 9.75, 11.5, 10.25, 11.25 ], "texture": "#voxels_atlas" },
				"north": { "uv": [ 3.25, 3, 2.75, 3.5 ], "texture": "#voxels_atlas" },
				"south": { "uv": [ 2.75, 2.5, 3.25, 3 ], "texture": "#voxels_atlas" },
				"west": { "uv": [ 1.25, 1.75, 1.5, 2.25 ], "texture": "#voxels_atlas" },
				"east": { "uv": [ 1.5, 1.25, 1.25, 1.75 ], "texture": "#voxels_atlas" }
			}
		},
		{
			"__comment": "Voxels",
			"from": [ -5, 8, 9 ],
			"to": [ -4, 10, 10 ],
			"faces": {
				"down": { "uv": [ 2.5, 3.25, 2.75, 3.5 ], "texture": "#voxels_atlas" },
				"up": { "uv": [ 2.5, 3.75, 2.75, 3.5 ], "texture": "#voxels_atlas" },
				"north": { "uv": [ 1.5, 0, 1.25, 0.5 ], "texture": "#voxels_atlas" },
				"south": { "uv": [ 2.5, 1.5, 2.75, 2 ], "texture": "#voxels_atlas" },
				"west": { "uv": [ 2.5, 0.5, 2.75, 1 ], "texture": "#voxels_atlas" },
				"east": { "uv": [ 2.75, 0, 2.5, 0.5 ], "texture": "#voxels_atlas" }
			}
		},
		{
			"__comment": "Voxels",
			"from": [ -5, 8, 17 ],
			"to": [ 1, 10, 18 ],
			"faces": {
				"down": { "uv": [ 7.25, 12.75, 8.75, 13 ], "texture": "#voxels_atlas" },
				"up": { "uv": [ 8.75, 13, 10.25, 12.75 ], "texture": "#voxels_atlas" },
				"north": { "uv": [ 11, 13.75, 9.5, 14.25 ], "texture": "#voxels_atlas" },
				"south": { "uv": [ 14, 13.75, 15.5, 14.25 ], "texture": "#voxels_atlas" },
				"west": { "uv": [ 4.5, 8.75, 4.75, 9.25 ], "texture": "#voxels_atlas" },
				"east": { "uv": [ 4.75, 8.25, 4.5, 8.75 ], "texture": "#voxels_atlas" }
			}
		},
		{
			"__comment": "Voxels",
			"from": [ -5, 10, 11 ],
			"to": [ -1, 11, 12 ],
			"faces": {
				"down": { "uv": [ 5.25, 11.75, 6.25, 12 ], "texture": "#voxels_atlas" },
				"up": { "uv": [ 6.25, 12, 7.25, 11.75 ], "texture": "#voxels_atlas" },
				"north": { "uv": [ 8.25, 11.75, 7.25, 12 ], "texture": "#voxels_atlas" },
				"south": { "uv": [ 8.25, 11.75, 9.25, 12 ], "texture": "#voxels_atlas" },
				"west": { "uv": [ 6.25, 0, 6.5, 0.25 ], "texture": "#voxels_atlas" },
				"east": { "uv": [ 6.5, 0.25, 6.25, 0.5 ], "texture": "#voxels_atlas" }
			}
		},
		{
			"__comment": "Voxels",
			"from": [ -4, 8, 11 ],
			"to": [ -2, 10, 12 ],
			"faces": {
				"down": { "uv": [ 10.25, 11.25, 10.75, 11.5 ], "texture": "#voxels_atlas" },
				"up": { "uv": [ 10.75, 11.5, 11.25, 11.25 ], "texture": "#voxels_atlas" },
				"north": { "uv": [ 3.75, 7.75, 3.25, 8.25 ], "texture": "#voxels_atlas" },
				"south": { "uv": [ 3.25, 7.25, 3.75, 7.75 ], "texture": "#voxels_atlas" },
				"west": { "uv": [ 4.5, 7.75, 4.75, 8.25 ], "texture": "#voxels_atlas" },
				"east": { "uv": [ 4.75, 7.25, 4.5, 7.75 ], "texture": "#voxels_atlas" }
			}
		},
		{
			"__comment": "Voxels",
			"from": [ -2, 7, 10 ],
			"to": [ 0, 8, 11 ],
			"faces": {
				"down": { "uv": [ 11.25, 11.25, 11.75, 11.5 ], "texture": "#voxels_atlas" },
				"up": { "uv": [ 11.75, 11.5, 12.25, 11.25 ], "texture": "#voxels_atlas" },
				"north": { "uv": [ 12.75, 11.25, 12.25, 11.5 ], "texture": "#voxels_atlas" },
				"south": { "uv": [ 12.75, 11.25, 13.25, 11.5 ], "texture": "#voxels_atlas" },
				"west": { "uv": [ 6.25, 1.5, 6.5, 1.75 ], "texture": "#voxels_atlas" },
				"east": { "uv": [ 6.5, 1.75, 6.25, 2 ], "texture": "#voxels_atlas" }
			}
		},
		{
			"__comment": "Voxels",
			"from": [ -2, 8, 9 ],
			"to": [ 0, 10, 10 ],
			"faces": {
				"down": { "uv": [ 13.25, 11.25, 13.75, 11.5 ], "texture": "#voxels_atlas" },
				"up": { "uv": [ 13.75, 11.5, 14.25, 11.25 ], "texture": "#voxels_atlas" },
				"north": { "uv": [ 3.75, 5.75, 3.25, 6.25 ], "texture": "#voxels_atlas" },
				"south": { "uv": [ 3.25, 5.25, 3.75, 5.75 ], "texture": "#voxels_atlas" },
				"west": { "uv": [ 4.5, 6.75, 4.75, 7.25 ], "texture": "#voxels_atlas" },
				"east": { "uv": [ 4.75, 6.25, 4.5, 6.75 ], "texture": "#voxels_atlas" }
			}
		},
		{
			"__comment": "Voxels",
			"from": [ -2, 10, 10 ],
			"to": [ 0, 11, 11 ],
			"faces": {
				"down": { "uv": [ 14.25, 11.25, 14.75, 11.5 ], "texture": "#voxels_atlas" },
				"up": { "uv": [ 14.75, 11.5, 15.25, 11.25 ], "texture": "#voxels_atlas" },
				"north": { "uv": [ 15.75, 11.25, 15.25, 11.5 ], "texture": "#voxels_atlas" },
				"south": { "uv": [ 4.75, 11, 5.25, 11.25 ], "texture": "#voxels_atlas" },
				"west": { "uv": [ 6.25, 3.5, 6.5, 3.75 ], "texture": "#voxels_atlas" },
				"east": { "uv": [ 6.5, 3.75, 6.25, 4 ], "texture": "#voxels_atlas" }
			}
		},
		{
			"__comment": "Voxels",
			"from": [ -1, 7, 9 ],
			"to": [ 1, 8, 10 ],
			"faces": {
				"down": { "uv": [ 5.25, 11, 5.75, 11.25 ], "texture": "#voxels_atlas" },
				"up": { "uv": [ 5.75, 11.25, 6.25, 11 ], "texture": "#voxels_atlas" },
				"north": { "uv": [ 6.75, 11, 6.25, 11.25 ], "texture": "#voxels_atlas" },
				"south": { "uv": [ 6.75, 11, 7.25, 11.25 ], "texture": "#voxels_atlas" },
				"west": { "uv": [ 6.25, 4, 6.5, 4.25 ], "texture": "#voxels_atlas" },
				"east": { "uv": [ 6.5, 4.25, 6.25, 4.5 ], "texture": "#voxels_atlas" }
			}
		},
		{
			"__comment": "Voxels",
			"from": [ -1, 8, 4 ],
			"to": [ 1, 10, 5 ],
			"faces": {
				"down": { "uv": [ 7.25, 11, 7.75, 11.25 ], "texture": "#voxels_atlas" },
				"up": { "uv": [ 7.75, 11.25, 8.25, 11 ], "texture": "#voxels_atlas" },
				"north": { "uv": [ 3.25, 5, 2.75, 5.5 ], "texture": "#voxels_atlas" },
				"south": { "uv": [ 2.75, 4.5, 3.25, 5 ], "texture": "#voxels_atlas" },
				"west": { "uv": [ 4.5, 5.75, 4.75, 6.25 ], "texture": "#voxels_atlas" },
				"east": { "uv": [ 4.75, 5.25, 4.5, 5.75 ], "texture": "#voxels_atlas" }
			}
		},
		{
			"__comment": "Voxels",
			"from": [ -1, 8, 8 ],
			"to": [ 19, 10, 9 ],
			"faces": {
				"down": { "uv": [ 4.5, 15.25, 9.5, 15.5 ], "texture": "#voxels_atlas" },
				"up": { "uv": [ 4.5, 15.25, 9.5, 15 ], "texture": "#voxels_atlas" },
				"north": { "uv": [ 10, 15.5, 5, 16 ], "texture": "#voxels_atlas" },
				"south": { "uv": [ 0, 15.5, 5, 16 ], "texture": "#voxels_atlas" },
				"west": { "uv": [ 4.5, 4.75, 4.75, 5.25 ], "texture": "#voxels_atlas" },
				"east": { "uv": [ 4.75, 4.25, 4.5, 4.75 ], "texture": "#voxels_atlas" }
			}
		},
		{
			"__comment": "Voxels",
			"from": [ -1, 10, 9 ],
			"to": [ 1, 11, 10 ],
			"faces": {
				"down": { "uv": [ 8.25, 11, 8.75, 11.25 ], "texture": "#voxels_atlas" },
				"up": { "uv": [ 8.75, 11.25, 9.25, 11 ], "texture": "#voxels_atlas" },
				"north": { "uv": [ 9.75, 11, 9.25, 11.25 ], "texture": "#voxels_atlas" },
				"south": { "uv": [ 9.75, 11, 10.25, 11.25 ], "texture": "#voxels_atlas" },
				"west": { "uv": [ 6.25, 8, 6.5, 8.25 ], "texture": "#voxels_atlas" },
				"east": { "uv": [ 6.5, 8.25, 6.25, 8.5 ], "texture": "#voxels_atlas" }
			}
		},
		{
			"__comment": "Voxels",
			"from": [ 0, 7, 8 ],
			"to": [ 4, 8, 9 ],
			"faces": {
				"down": { "uv": [ 11.25, 11.75, 12.25, 12 ], "texture": "#voxels_atlas" },
				"up": { "uv": [ 14.25, 12, 15.25, 11.75 ], "texture": "#voxels_atlas" },
				"north": { "uv": [ 7.5, 11.5, 6.5, 11.75 ], "texture": "#voxels_atlas" },
				"south": { "uv": [ 7.5, 11.5, 8.5, 11.75 ], "texture": "#voxels_atlas" },
				"west": { "uv": [ 6.25, 9, 6.5, 9.25 ], "texture": "#voxels_atlas" },
				"east": { "uv": [ 6.5, 9.25, 6.25, 9.5 ], "texture": "#voxels_atlas" }
			}
		},
		{
			"__comment": "Voxels",
			"from": [ 0, 8, 5 ],
			"to": [ 4, 10, 6 ],
			"faces": {
				"down": { "uv": [ 1.5, 3.5, 2.5, 3.75 ], "texture": "#voxels_atlas" },
				"up": { "uv": [ 1.5, 2.5, 2.5, 2.25 ], "texture": "#voxels_atlas" },
				"north": { "uv": [ 1.5, 9.75, 0.5, 10.25 ], "texture": "#voxels_atlas" },
				"south": { "uv": [ 0.5, 11.75, 1.5, 12.25 ], "texture": "#voxels_atlas" },
				"west": { "uv": [ 5.25, 3.5, 5.5, 4 ], "texture": "#voxels_atlas" },
				"east": { "uv": [ 4.75, 3.75, 4.5, 4.25 ], "texture": "#voxels_atlas" }
			}
		},
		{
			"__comment": "Voxels",
			"from": [ 0, 8, 7 ],
			"to": [ 5, 10, 8 ],
			"faces": {
				"down": { "uv": [ 1.5, 5.75, 2.75, 6 ], "texture": "#voxels_atlas" },
				"up": { "uv": [ 1.5, 5.5, 2.75, 5.25 ], "texture": "#voxels_atlas" },
				"north": { "uv": [ 2.75, 13, 1.5, 13.5 ], "texture": "#voxels_atlas" },
				"south": { "uv": [ 1.5, 11, 2.75, 11.5 ], "texture": "#voxels_atlas" },
				"west": { "uv": [ 4.5, 3.25, 4.75, 3.75 ], "texture": "#voxels_atlas" },
				"east": { "uv": [ 4.75, 2.75, 4.5, 3.25 ], "texture": "#voxels_atlas" }
			}
		},
		{
			"__comment": "Voxels",
			"from": [ 0, 8, 18 ],
			"to": [ 18, 10, 19 ],
			"faces": {
				"down": { "uv": [ 5, 14.75, 9.5, 15 ], "texture": "#voxels_atlas" },
				"up": { "uv": [ 0.5, 15, 5, 14.75 ], "texture": "#voxels_atlas" },
				"north": { "uv": [ 4.5, 15, 0, 15.5 ], "texture": "#voxels_atlas" },
				"south": { "uv": [ 10, 15.5, 14.5, 16 ], "texture": "#voxels_atlas" },
				"west": { "uv": [ 4.5, 2.25, 4.75, 2.75 ], "texture": "#voxels_atlas" },
				"east": { "uv": [ 4.75, 1.75, 4.5, 2.25 ], "texture": "#voxels_atlas" }
			}
		},
		{
			"__comment": "Voxels",
			"from": [ 0, 10, 8 ],
			"to": [ 4, 11, 9 ],
			"faces": {
				"down": { "uv": [ 14.75, 13.25, 15.75, 13.5 ], "texture": "#voxels_atlas" },
				"up": { "uv": [ 14.75, 13, 15.75, 12.75 ], "texture": "#voxels_atlas" },
				"north": { "uv": [ 3.75, 12.5, 2.75, 12.75 ], "texture": "#voxels_atlas" },
				"south": { "uv": [ 3.75, 12.5, 4.75, 12.75 ], "texture": "#voxels_atlas" },
				"west": { "uv": [ 13.25, 9.5, 13.5, 9.75 ], "texture": "#voxels_atlas" },
				"east": { "uv": [ 13.25, 9.5, 13, 9.75 ], "texture": "#voxels_atlas" }
			}
		},
		{
			"__comment": "Voxels",
			"from": [ 1, 8, 6 ],
			"to": [ 3, 10, 7 ],
			"faces": {
				"down": { "uv": [ 10.25, 11, 10.75, 11.25 ], "texture": "#voxels_atlas" },
				"up": { "uv": [ 10.75, 11.25, 11.25, 11 ], "texture": "#voxels_atlas" },
				"north": { "uv": [ 3.25, 11, 2.75, 11.5 ], "texture": "#voxels_atlas" },
				"south": { "uv": [ 2.75, 10.5, 3.25, 11 ], "texture": "#voxels_atlas" },
				"west": { "uv": [ 4.5, 1.25, 4.75, 1.75 ], "texture": "#voxels_atlas" },
				"east": { "uv": [ 4.75, 0.75, 4.5, 1.25 ], "texture": "#voxels_atlas" }
			}
		},
		{
			"__comment": "Voxels",
			"from": [ 2, 8, 4 ],
			"to": [ 5, 10, 5 ],
			"faces": {
				"down": { "uv": [ 11.5, 11.5, 12.25, 11.75 ], "texture": "#voxels_atlas" },
				"up": { "uv": [ 15.25, 13.25, 16, 13 ], "texture": "#voxels_atlas" },
				"north": { "uv": [ 1.25, 2.75, 0.5, 3.25 ], "texture": "#voxels_atlas" },
				"south": { "uv": [ 0.5, 1.25, 1.25, 1.75 ], "texture": "#voxels_atlas" },
				"west": { "uv": [ 4.5, 0.25, 4.75, 0.75 ], "texture": "#voxels_atlas" },
				"east": { "uv": [ 5, 10.5, 4.75, 11 ], "texture": "#voxels_atlas" }
			}
		},
		{
			"__comment": "Voxels",
			"from": [ 3, 7, 9 ],
			"to": [ 15, 8, 10 ],
			"faces": {
				"down": { "uv": [ 6.5, 14, 9.5, 14.25 ], "texture": "#voxels_atlas" },
				"up": { "uv": [ 10.5, 13.75, 13.5, 13.5 ], "texture": "#voxels_atlas" },
				"north": { "uv": [ 10.5, 13.5, 7.5, 13.75 ], "texture": "#voxels_atlas" },
				"south": { "uv": [ 4.5, 13.5, 7.5, 13.75 ], "texture": "#voxels_atlas" },
				"west": { "uv": [ 12.75, 9.5, 13, 9.75 ], "texture": "#voxels_atlas" },
				"east": { "uv": [ 12.75, 9.5, 12.5, 9.75 ], "texture": "#voxels_atlas" }
			}
		},
		{
			"__comment": "Voxels",
			"from": [ 3, 10, 9 ],
			"to": [ 15, 11, 10 ],
			"faces": {
				"down": { "uv": [ 1.5, 13.5, 4.5, 13.75 ], "texture": "#voxels_atlas" },
				"up": { "uv": [ 3.5, 14.25, 6.5, 14 ], "texture": "#voxels_atlas" },
				"north": { "uv": [ 14, 14, 11, 14.25 ], "texture": "#voxels_atlas" },
				"south": { "uv": [ 11, 13.75, 14, 14 ], "texture": "#voxels_atlas" },
				"west": { "uv": [ 10.25, 9.5, 10.5, 9.75 ], "texture": "#voxels_atlas" },
				"east": { "uv": [ 10.25, 9.5, 10, 9.75 ], "texture": "#voxels_atlas" }
			}
		},
		{
			"__comment": "Voxels",
			"from": [ 4, 8, 9 ],
			"to": [ 14, 10, 10 ],
			"faces": {
				"down": { "uv": [ 13.5, 13.5, 16, 13.75 ], "texture": "#voxels_atlas" },
				"up": { "uv": [ 2.75, 13.5, 5.25, 13.25 ], "texture": "#voxels_atlas" },
				"north": { "uv": [ 14.5, 15, 12, 15.5 ], "texture": "#voxels_atlas" },
				"south": { "uv": [ 9.5, 15, 12, 15.5 ], "texture": "#voxels_atlas" },
				"west": { "uv": [ 4.75, 10, 5, 10.5 ], "texture": "#voxels_atlas" },
				"east": { "uv": [ 5, 9.5, 4.75, 10 ], "texture": "#voxels_atlas" }
			}
		},
		{
			"__comment": "Voxels",
			"from": [ 6, 6, 8 ],
			"to": [ 7, 8, 9 ],
			"faces": {
				"down": { "uv": [ 6, 1.75, 6.25, 2 ], "texture": "#voxels_atlas" },
				"up": { "uv": [ 6, 2.25, 6.25, 2 ], "texture": "#voxels_atlas" },
				"north": { "uv": [ 5, 9, 4.75, 9.5 ], "texture": "#voxels_atlas" },
				"south": { "uv": [ 4.75, 8.5, 5, 9 ], "texture": "#voxels_atlas" },
				"west": { "uv": [ 4.75, 8, 5, 8.5 ], "texture": "#voxels_atlas" },
				"east": { "uv": [ 5, 7.5, 4.75, 8 ], "texture": "#voxels_atlas" }
			}
		},
		{
			"__comment": "Voxels",
			"from": [ 6, 6, 9 ],
			"to": [ 7, 7, 10 ],
			"faces": {
				"down": { "uv": [ 6, 3.25, 6.25, 3.5 ], "texture": "#voxels_atlas" },
				"up": { "uv": [ 6, 3.75, 6.25, 3.5 ], "texture": "#voxels_atlas" },
				"north": { "uv": [ 6.25, 6.25, 6, 6.5 ], "texture": "#voxels_atlas" },
				"south": { "uv": [ 6, 6.5, 6.25, 6.75 ], "texture": "#voxels_atlas" },
				"west": { "uv": [ 5.75, 9, 6, 9.25 ], "texture": "#voxels_atlas" },
				"east": { "uv": [ 6, 9.25, 5.75, 9.5 ], "texture": "#voxels_atlas" }
			}
		},
		{
			"__comment": "Voxels",
			"from": [ 6, 7, 7 ],
			"to": [ 7, 11, 8 ],
			"faces": {
				"down": { "uv": [ 10.5, 9.75, 10.75, 10 ], "texture": "#voxels_atlas" },
				"up": { "uv": [ 10.25, 10, 10.5, 9.75 ], "texture": "#voxels_atlas" },
				"north": { "uv": [ 3, 5.5, 2.75, 6.5 ], "texture": "#voxels_atlas" },
				"south": { "uv": [ 3, 5.5, 3.25, 6.5 ], "texture": "#voxels_atlas" },
				"west": { "uv": [ 2.75, 3.5, 3, 4.5 ], "texture": "#voxels_atlas" },
				"east": { "uv": [ 3.25, 3.5, 3, 4.5 ], "texture": "#voxels_atlas" }
			}
		},
		{
			"__comment": "Voxels",
			"from": [ 6, 7, 10 ],
			"to": [ 7, 11, 11 ],
			"faces": {
				"down": { "uv": [ 6.25, 2.5, 6.5, 2.75 ], "texture": "#voxels_atlas" },
				"up": { "uv": [ 6.25, 3, 6.5, 2.75 ], "texture": "#voxels_atlas" },
				"north": { "uv": [ 3.5, 8.25, 3.25, 9.25 ], "texture": "#voxels_atlas" },
				"south": { "uv": [ 3.5, 8.25, 3.75, 9.25 ], "texture": "#voxels_atlas" },
				"west": { "uv": [ 3.25, 6.25, 3.5, 7.25 ], "texture": "#voxels_atlas" },
				"east": { "uv": [ 3.75, 6.25, 3.5, 7.25 ], "texture": "#voxels_atlas" }
			}
		},
		{
			"__comment": "Voxels",
			"from": [ 6, 10, 8 ],
			"to": [ 12, 11, 9 ],
			"faces": {
				"down": { "uv": [ 13.25, 12.75, 14.75, 13 ], "texture": "#voxels_atlas" },
				"up": { "uv": [ 11.75, 13, 13.25, 12.75 ], "texture": "#voxels_atlas" },
				"north": { "uv": [ 11.75, 12.75, 10.25, 13 ], "texture": "#voxels_atlas" },
				"south": { "uv": [ 5.75, 12.75, 7.25, 13 ], "texture": "#voxels_atlas" },
				"west": { "uv": [ 12.25, 9.5, 12.5, 9.75 ], "texture": "#voxels_atlas" },
				"east": { "uv": [ 12.25, 9.5, 12, 9.75 ], "texture": "#voxels_atlas" }
			}
		},
		{
			"__comment": "Voxels",
			"from": [ 6, 11, 8 ],
			"to": [ 7, 12, 10 ],
			"faces": {
				"down": { "uv": [ 4.75, 7, 5, 7.5 ], "texture": "#voxels_atlas" },
				"up": { "uv": [ 4.75, 7, 5, 6.5 ], "texture": "#voxels_atlas" },
				"north": { "uv": [ 8.5, 9.5, 8.25, 9.75 ], "texture": "#voxels_atlas" },
				"south": { "uv": [ 8, 9.5, 8.25, 9.75 ], "texture": "#voxels_atlas" },
				"west": { "uv": [ 11.25, 11, 11.75, 11.25 ], "texture": "#voxels_atlas" },
				"east": { "uv": [ 12.25, 11, 11.75, 11.25 ], "texture": "#voxels_atlas" }
			}
		},
		{
			"__comment": "Voxels",
			"from": [ 7, 7, 8 ],
			"to": [ 12, 8, 9 ],
			"faces": {
				"down": { "uv": [ 1.5, 4.5, 2.75, 4.75 ], "texture": "#voxels_atlas" },
				"up": { "uv": [ 1.5, 6.25, 2.75, 6 ], "texture": "#voxels_atlas" },
				"north": { "uv": [ 2.75, 5.5, 1.5, 5.75 ], "texture": "#voxels_atlas" },
				"south": { "uv": [ 1.5, 3.75, 2.75, 4 ], "texture": "#voxels_atlas" },
				"west": { "uv": [ 6, 4.75, 6.25, 5 ], "texture": "#voxels_atlas" },
				"east": { "uv": [ 6.25, 5, 6, 5.25 ], "texture": "#voxels_atlas" }
			}
		},
		{
			"__comment": "Voxels",
			"from": [ 7, 8, 7 ],
			"to": [ 12, 10, 8 ],
			"faces": {
				"down": { "uv": [ 1.5, 6.5, 2.75, 6.75 ], "texture": "#voxels_atlas" },
				"up": { "uv": [ 1.5, 5, 2.75, 4.75 ], "texture": "#voxels_atlas" },
				"north": { "uv": [ 2.75, 9.5, 1.5, 10 ], "texture": "#voxels_atlas" },
				"south": { "uv": [ 1.5, 10, 2.75, 10.5 ], "texture": "#voxels_atlas" },
				"west": { "uv": [ 4.75, 5.5, 5, 6 ], "texture": "#voxels_atlas" },
				"east": { "uv": [ 5, 5, 4.75, 5.5 ], "texture": "#voxels_atlas" }
			}
		},
		{
			"__comment": "Voxels",
			"from": [ 7, 8, 10 ],
			"to": [ 12, 10, 11 ],
			"faces": {
				"down": { "uv": [ 1.5, 4.25, 2.75, 4.5 ], "texture": "#voxels_atlas" },
				"up": { "uv": [ 1.5, 5.25, 2.75, 5 ], "texture": "#voxels_atlas" },
				"north": { "uv": [ 2.75, 12.5, 1.5, 13 ], "texture": "#voxels_atlas" },
				"south": { "uv": [ 1.5, 9, 2.75, 9.5 ], "texture": "#voxels_atlas" },
				"west": { "uv": [ 4.75, 4.5, 5, 5 ], "texture": "#voxels_atlas" },
				"east": { "uv": [ 5, 4, 4.75, 4.5 ], "texture": "#voxels_atlas" }
			}
		},
		{
			"__comment": "Voxels",
			"from": [ 8, 8, 14 ],
			"to": [ 10, 11, 15 ],
			"faces": {
				"down": { "uv": [ 12.25, 11, 12.75, 11.25 ], "texture": "#voxels_atlas" },
				"up": { "uv": [ 12.75, 11.25, 13.25, 11 ], "texture": "#voxels_atlas" },
				"north": { "uv": [ 2, 7.25, 1.5, 8 ], "texture": "#voxels_atlas" },
				"south": { "uv": [ 0, 0.25, 0.5, 1 ], "texture": "#voxels_atlas" },
				"west": { "uv": [ 4.5, 10.75, 4.75, 11.5 ], "texture": "#voxels_atlas" },
				"east": { "uv": [ 4.5, 4, 4.25, 4.75 ], "texture": "#voxels_atlas" }
			}
		},
		{
			"__comment": "Voxels",
			"from": [ 8, 8, 15 ],
			"to": [ 10, 10, 18 ],
			"faces": {
				"down": { "uv": [ 0, 1, 0.5, 1.75 ], "texture": "#voxels_atlas" },
				"up": { "uv": [ 2, 8, 2.5, 7.25 ], "texture": "#voxels_atlas" },
				"north": { "uv": [ 3.75, 0.25, 3.25, 0.75 ], "texture": "#voxels_atlas" },
				"south": { "uv": [ 3.25, 0.75, 3.75, 1.25 ], "texture": "#voxels_atlas" },
				"west": { "uv": [ 1.5, 8, 2.25, 8.5 ], "texture": "#voxels_atlas" },
				"east": { "uv": [ 1.25, 0, 0.5, 0.5 ], "texture": "#voxels_atlas" }
			}
		},
		{
			"__comment": "Voxels",
			"from": [ 8, 9, 12 ],
			"to": [ 10, 12, 13 ],
			"faces": {
				"down": { "uv": [ 13.25, 11, 13.75, 11.25 ], "texture": "#voxels_atlas" },
				"up": { "uv": [ 13.75, 11.25, 14.25, 11 ], "texture": "#voxels_atlas" },
				"north": { "uv": [ 1.5, 0.5, 1, 1.25 ], "texture": "#voxels_atlas" },
				"south": { "uv": [ 0.5, 0.5, 1, 1.25 ], "texture": "#voxels_atlas" },
				"west": { "uv": [ 4.25, 0.5, 4.5, 1.25 ], "texture": "#voxels_atlas" },
				"east": { "uv": [ 4.25, 0.5, 4, 1.25 ], "texture": "#voxels_atlas" }
			}
		},
		{
			"__comment": "Voxels",
			"from": [ 8, 9, 13 ],
			"to": [ 10, 11, 14 ],
			"faces": {
				"down": { "uv": [ 14.25, 11, 14.75, 11.25 ], "texture": "#voxels_atlas" },
				"up": { "uv": [ 14.75, 11.25, 15.25, 11 ], "texture": "#voxels_atlas" },
				"north": { "uv": [ 3.75, 10.75, 3.25, 11.25 ], "texture": "#voxels_atlas" },
				"south": { "uv": [ 3.25, 11.25, 3.75, 11.75 ], "texture": "#voxels_atlas" },
				"west": { "uv": [ 4.75, 3.5, 5, 4 ], "texture": "#voxels_atlas" },
				"east": { "uv": [ 5, 3, 4.75, 3.5 ], "texture": "#voxels_atlas" }
			}
		},
		{
			"__comment": "Voxels",
			"from": [ 8, 10, 10 ],
			"to": [ 10, 12, 12 ],
			"faces": {
				"down": { "uv": [ 2.75, 1.5, 3.25, 2 ], "texture": "#voxels_atlas" },
				"up": { "uv": [ 2.75, 2.5, 3.25, 2 ], "texture": "#voxels_atlas" },
				"north": { "uv": [ 2.5, 0, 2, 0.5 ], "texture": "#voxels_atlas" },
				"south": { "uv": [ 2, 0.5, 2.5, 1 ], "texture": "#voxels_atlas" },
				"west": { "uv": [ 15.5, 13.75, 16, 14.25 ], "texture": "#voxels_atlas" },
				"east": { "uv": [ 16, 14.25, 15.5, 14.75 ], "texture": "#voxels_atlas" }
			}
		},
		{
			"__comment": "Voxels",
			"from": [ 8, 11, -3 ],
			"to": [ 9, 12, 10 ],
			"faces": {
				"down": { "uv": [ 0, 6.75, 0.25, 10 ], "texture": "#voxels_atlas" },
				"up": { "uv": [ 0.25, 10, 0.5, 6.75 ], "texture": "#voxels_atlas" },
				"north": { "uv": [ 6.5, 4.75, 6.25, 5 ], "texture": "#voxels_atlas" },
				"south": { "uv": [ 6.25, 4.5, 6.5, 4.75 ], "texture": "#voxels_atlas" },
				"west": { "uv": [ 9.5, 14.75, 12.75, 15 ], "texture": "#voxels_atlas" },
				"east": { "uv": [ 16, 14.75, 12.75, 15 ], "texture": "#voxels_atlas" }
			}
		},
		{
			"__comment": "Voxels",
			"from": [ 8, 12, 0 ],
			"to": [ 10, 13, 10 ],
			"faces": {
				"down": { "uv": [ 0, 12.5, 0.5, 15 ], "texture": "#voxels_atlas" },
				"up": { "uv": [ 0, 12.5, 0.5, 10 ], "texture": "#voxels_atlas" },
				"north": { "uv": [ 15.75, 11, 15.25, 11.25 ], "texture": "#voxels_atlas" },
				"south": { "uv": [ 5, 10.75, 5.5, 11 ], "texture": "#voxels_atlas" },
				"west": { "uv": [ 7.75, 13.25, 10.25, 13.5 ], "texture": "#voxels_atlas" },
				"east": { "uv": [ 7.75, 13.25, 5.25, 13.5 ], "texture": "#voxels_atlas" }
			}
		},
		{
			"__comment": "Voxels",
			"from": [ 9, 11, -2 ],
			"to": [ 10, 12, 10 ],
			"faces": {
				"down": { "uv": [ 0, 3.75, 0.25, 6.75 ], "texture": "#voxels_atlas" },
				"up": { "uv": [ 0.25, 6.75, 0.5, 3.75 ], "texture": "#voxels_atlas" },
				"north": { "uv": [ 7.25, 9.25, 7, 9.5 ], "texture": "#voxels_atlas" },
				"south": { "uv": [ 7.25, 9.25, 7.5, 9.5 ], "texture": "#voxels_atlas" },
				"west": { "uv": [ 3.5, 13.75, 6.5, 14 ], "texture": "#voxels_atlas" },
				"east": { "uv": [ 9.5, 13.75, 6.5, 14 ], "texture": "#voxels_atlas" }
			}
		},
		{
			"__comment": "Voxels",
			"from": [ 9, 12, -1 ],
			"to": [ 10, 13, 0 ],
			"faces": {
				"down": { "uv": [ 2.5, 3, 2.75, 3.25 ], "texture": "#voxels_atlas" },
				"up": { "uv": [ 2.5, 3, 2.75, 2.75 ], "texture": "#voxels_atlas" },
				"north": { "uv": [ 5.25, 0, 5, 0.25 ], "texture": "#voxels_atlas" },
				"south": { "uv": [ 15.75, 10.5, 16, 10.75 ], "texture": "#voxels_atlas" },
				"west": { "uv": [ 9.25, 9.75, 9.5, 10 ], "texture": "#voxels_atlas" },
				"east": { "uv": [ 9.75, 9.75, 9.5, 10 ], "texture": "#voxels_atlas" }
			}
		},
		{
			"__comment": "Voxels",
			"from": [ 11, 6, 8 ],
			"to": [ 12, 7, 10 ],
			"faces": {
				"down": { "uv": [ 4.75, 2.5, 5, 3 ], "texture": "#voxels_atlas" },
				"up": { "uv": [ 4.75, 2.5, 5, 2 ], "texture": "#voxels_atlas" },
				"north": { "uv": [ 15, 9.75, 14.75, 10 ], "texture": "#voxels_atlas" },
				"south": { "uv": [ 15, 9.75, 15.25, 10 ], "texture": "#voxels_atlas" },
				"west": { "uv": [ 5.5, 10.75, 6, 11 ], "texture": "#voxels_atlas" },
				"east": { "uv": [ 6.5, 10.75, 6, 11 ], "texture": "#voxels_atlas" }
			}
		},
		{
			"__comment": "Voxels",
			"from": [ 11, 7, 7 ],
			"to": [ 12, 8, 8 ],
			"faces": {
				"down": { "uv": [ 5.75, 7.75, 6, 8 ], "texture": "#voxels_atlas" },
				"up": { "uv": [ 5.75, 7.75, 6, 7.5 ], "texture": "#voxels_atlas" },
				"north": { "uv": [ 6, 5.25, 5.75, 5.5 ], "texture": "#voxels_atlas" },
				"south": { "uv": [ 5.75, 5, 6, 5.25 ], "texture": "#voxels_atlas" },
				"west": { "uv": [ 5.75, 4.75, 6, 5 ], "texture": "#voxels_atlas" },
				"east": { "uv": [ 6, 4.5, 5.75, 4.75 ], "texture": "#voxels_atlas" }
			}
		},
		{
			"__comment": "Voxels",
			"from": [ 11, 7, 10 ],
			"to": [ 12, 8, 11 ],
			"faces": {
				"down": { "uv": [ 5.75, 4.25, 6, 4.5 ], "texture": "#voxels_atlas" },
				"up": { "uv": [ 5.75, 4.25, 6, 4 ], "texture": "#voxels_atlas" },
				"north": { "uv": [ 6, 3.75, 5.75, 4 ], "texture": "#voxels_atlas" },
				"south": { "uv": [ 5.75, 3.5, 6, 3.75 ], "texture": "#voxels_atlas" },
				"west": { "uv": [ 5.75, 3.25, 6, 3.5 ], "texture": "#voxels_atlas" },
				"east": { "uv": [ 6, 3, 5.75, 3.25 ], "texture": "#voxels_atlas" }
			}
		},
		{
			"__comment": "Voxels",
			"from": [ 11, 10, 7 ],
			"to": [ 12, 11, 8 ],
			"faces": {
				"down": { "uv": [ 5.75, 0.75, 6, 1 ], "texture": "#voxels_atlas" },
				"up": { "uv": [ 5.75, 0.75, 6, 0.5 ], "texture": "#voxels_atlas" },
				"north": { "uv": [ 6, 0.25, 5.75, 0.5 ], "texture": "#voxels_atlas" },
				"south": { "uv": [ 5.75, 0, 6, 0.25 ], "texture": "#voxels_atlas" },
				"west": { "uv": [ 6, 9.5, 6.25, 9.75 ], "texture": "#voxels_atlas" },
				"east": { "uv": [ 6.25, 9.25, 6, 9.5 ], "texture": "#voxels_atlas" }
			}
		},
		{
			"__comment": "Voxels",
			"from": [ 11, 10, 10 ],
			"to": [ 12, 11, 11 ],
			"faces": {
				"down": { "uv": [ 6, 9, 6.25, 9.25 ], "texture": "#voxels_atlas" },
				"up": { "uv": [ 6, 9, 6.25, 8.75 ], "texture": "#voxels_atlas" },
				"north": { "uv": [ 6.25, 7.5, 6, 7.75 ], "texture": "#voxels_atlas" },
				"south": { "uv": [ 6, 7.25, 6.25, 7.5 ], "texture": "#voxels_atlas" },
				"west": { "uv": [ 6, 7, 6.25, 7.25 ], "texture": "#voxels_atlas" },
				"east": { "uv": [ 6.25, 6.75, 6, 7 ], "texture": "#voxels_atlas" }
			}
		},
		{
			"__comment": "Voxels",
			"from": [ 11, 11, 8 ],
			"to": [ 12, 12, 10 ],
			"faces": {
				"down": { "uv": [ 4.75, 1.5, 5, 2 ], "texture": "#voxels_atlas" },
				"up": { "uv": [ 4.75, 1.5, 5, 1 ], "texture": "#voxels_atlas" },
				"north": { "uv": [ 6.25, 6, 6, 6.25 ], "texture": "#voxels_atlas" },
				"south": { "uv": [ 6, 5.75, 6.25, 6 ], "texture": "#voxels_atlas" },
				"west": { "uv": [ 6.5, 10.75, 7, 11 ], "texture": "#voxels_atlas" },
				"east": { "uv": [ 7.5, 10.75, 7, 11 ], "texture": "#voxels_atlas" }
			}
		},
		{
			"__comment": "Voxels",
			"from": [ 13, 8, 4 ],
			"to": [ 16, 10, 5 ],
			"faces": {
				"down": { "uv": [ 9.25, 11.5, 10, 11.75 ], "texture": "#voxels_atlas" },
				"up": { "uv": [ 8.5, 11.75, 9.25, 11.5 ], "texture": "#voxels_atlas" },
				"north": { "uv": [ 1.25, 6.75, 0.5, 7.25 ], "texture": "#voxels_atlas" },
				"south": { "uv": [ 0.5, 7.25, 1.25, 7.75 ], "texture": "#voxels_atlas" },
				"west": { "uv": [ 4.75, 0.5, 5, 1 ], "texture": "#voxels_atlas" },
				"east": { "uv": [ 5, 0, 4.75, 0.5 ], "texture": "#voxels_atlas" }
			}
		},
		{
			"__comment": "Voxels",
			"from": [ 13, 8, 7 ],
			"to": [ 18, 10, 8 ],
			"faces": {
				"down": { "uv": [ 1.5, 6.75, 2.75, 7 ], "texture": "#voxels_atlas" },
				"up": { "uv": [ 1.5, 7.25, 2.75, 7 ], "texture": "#voxels_atlas" },
				"north": { "uv": [ 2.75, 10.5, 1.5, 11 ], "texture": "#voxels_atlas" },
				"south": { "uv": [ 1.5, 8.5, 2.75, 9 ], "texture": "#voxels_atlas" },
				"west": { "uv": [ 5, 10.25, 5.25, 10.75 ], "texture": "#voxels_atlas" },
				"east": { "uv": [ 5.25, 9.75, 5, 10.25 ], "texture": "#voxels_atlas" }
			}
		},
		{
			"__comment": "Voxels",
			"from": [ 14, 7, 8 ],
			"to": [ 18, 8, 9 ],
			"faces": {
				"down": { "uv": [ 11.25, 12.25, 12.25, 12.5 ], "texture": "#voxels_atlas" },
				"up": { "uv": [ 8.25, 12.5, 9.25, 12.25 ], "texture": "#voxels_atlas" },
				"north": { "uv": [ 8.25, 12.25, 7.25, 12.5 ], "texture": "#voxels_atlas" },
				"south": { "uv": [ 6.25, 12.25, 7.25, 12.5 ], "texture": "#voxels_atlas" },
				"west": { "uv": [ 6, 0, 6.25, 0.25 ], "texture": "#voxels_atlas" },
				"east": { "uv": [ 6.5, 9.5, 6.25, 9.75 ], "texture": "#voxels_atlas" }
			}
		},
		{
			"__comment": "Voxels",
			"from": [ 14, 8, 5 ],
			"to": [ 18, 10, 6 ],
			"faces": {
				"down": { "uv": [ 5.25, 12.25, 6.25, 12.5 ], "texture": "#voxels_atlas" },
				"up": { "uv": [ 4.25, 12.5, 5.25, 12.25 ], "texture": "#voxels_atlas" },
				"north": { "uv": [ 1.5, 9.25, 0.5, 9.75 ], "texture": "#voxels_atlas" },
				"south": { "uv": [ 0.5, 10.25, 1.5, 10.75 ], "texture": "#voxels_atlas" },
				"west": { "uv": [ 5, 9.25, 5.25, 9.75 ], "texture": "#voxels_atlas" },
				"east": { "uv": [ 5.25, 8.75, 5, 9.25 ], "texture": "#voxels_atlas" }
			}
		},
		{
			"__comment": "Voxels",
			"from": [ 14, 10, 8 ],
			"to": [ 18, 11, 9 ],
			"faces": {
				"down": { "uv": [ 3.25, 12.25, 4.25, 12.5 ], "texture": "#voxels_atlas" },
				"up": { "uv": [ 10.75, 12.75, 11.75, 12.5 ], "texture": "#voxels_atlas" },
				"north": { "uv": [ 10.75, 12.5, 9.75, 12.75 ], "texture": "#voxels_atlas" },
				"south": { "uv": [ 8.75, 12.5, 9.75, 12.75 ], "texture": "#voxels_atlas" },
				"west": { "uv": [ 9.5, 9.5, 9.75, 9.75 ], "texture": "#voxels_atlas" },
				"east": { "uv": [ 10, 9.5, 9.75, 9.75 ], "texture": "#voxels_atlas" }
			}
		},
		{
			"__comment": "Voxels",
			"from": [ 15, 8, 6 ],
			"to": [ 17, 10, 7 ],
			"faces": {
				"down": { "uv": [ 7.5, 10.75, 8, 11 ], "texture": "#voxels_atlas" },
				"up": { "uv": [ 8, 11, 8.5, 10.75 ], "texture": "#voxels_atlas" },
				"north": { "uv": [ 3.25, 8.5, 2.75, 9 ], "texture": "#voxels_atlas" },
				"south": { "uv": [ 2.75, 9, 3.25, 9.5 ], "texture": "#voxels_atlas" },
				"west": { "uv": [ 5, 8.25, 5.25, 8.75 ], "texture": "#voxels_atlas" },
				"east": { "uv": [ 5.25, 7.75, 5, 8.25 ], "texture": "#voxels_atlas" }
			}
		},
		{
			"__comment": "Voxels",
			"from": [ 17, 7, 9 ],
			"to": [ 19, 8, 10 ],
			"faces": {
				"down": { "uv": [ 8.5, 10.75, 9, 11 ], "texture": "#voxels_atlas" },
				"up": { "uv": [ 9, 11, 9.5, 10.75 ], "texture": "#voxels_atlas" },
				"north": { "uv": [ 10, 10.75, 9.5, 11 ], "texture": "#voxels_atlas" },
				"south": { "uv": [ 10, 10.75, 10.5, 11 ], "texture": "#voxels_atlas" },
				"west": { "uv": [ 13.5, 9.5, 13.75, 9.75 ], "texture": "#voxels_atlas" },
				"east": { "uv": [ 14, 9.5, 13.75, 9.75 ], "texture": "#voxels_atlas" }
			}
		},
		{
			"__comment": "Voxels",
			"from": [ 17, 8, 4 ],
			"to": [ 19, 10, 5 ],
			"faces": {
				"down": { "uv": [ 10.5, 10.75, 11, 11 ], "texture": "#voxels_atlas" },
				"up": { "uv": [ 11, 11, 11.5, 10.75 ], "texture": "#voxels_atlas" },
				"north": { "uv": [ 3.25, 9.5, 2.75, 10 ], "texture": "#voxels_atlas" },
				"south": { "uv": [ 2.75, 10, 3.25, 10.5 ], "texture": "#voxels_atlas" },
				"west": { "uv": [ 5, 7.25, 5.25, 7.75 ], "texture": "#voxels_atlas" },
				"east": { "uv": [ 5.25, 6.75, 5, 7.25 ], "texture": "#voxels_atlas" }
			}
		},
		{
			"__comment": "Voxels",
			"from": [ 17, 8, 17 ],
			"to": [ 23, 10, 18 ],
			"faces": {
				"down": { "uv": [ 2.75, 12.75, 4.25, 13 ], "texture": "#voxels_atlas" },
				"up": { "uv": [ 4.25, 13, 5.75, 12.75 ], "texture": "#voxels_atlas" },
				"north": { "uv": [ 16, 15.5, 14.5, 16 ], "texture": "#voxels_atlas" },
				"south": { "uv": [ 14.5, 15, 16, 15.5 ], "texture": "#voxels_atlas" },
				"west": { "uv": [ 5, 6.25, 5.25, 6.75 ], "texture": "#voxels_atlas" },
				"east": { "uv": [ 5.25, 5.75, 5, 6.25 ], "texture": "#voxels_atlas" }
			}
		},
		{
			"__comment": "Voxels",
			"from": [ 17, 10, 9 ],
			"to": [ 19, 11, 10 ],
			"faces": {
				"down": { "uv": [ 11.5, 10.75, 12, 11 ], "texture": "#voxels_atlas" },
				"up": { "uv": [ 12, 11, 12.5, 10.75 ], "texture": "#voxels_atlas" },
				"north": { "uv": [ 13, 10.75, 12.5, 11 ], "texture": "#voxels_atlas" },
				"south": { "uv": [ 13, 10.75, 13.5, 11 ], "texture": "#voxels_atlas" },
				"west": { "uv": [ 6.25, 3.25, 6.5, 3.5 ], "texture": "#voxels_atlas" },
				"east": { "uv": [ 6.5, 3, 6.25, 3.25 ], "texture": "#voxels_atlas" }
			}
		},
		{
			"__comment": "Voxels",
			"from": [ 18, 7, 10 ],
			"to": [ 20, 8, 11 ],
			"faces": {
				"down": { "uv": [ 13.5, 10.75, 14, 11 ], "texture": "#voxels_atlas" },
				"up": { "uv": [ 14, 11, 14.5, 10.75 ], "texture": "#voxels_atlas" },
				"north": { "uv": [ 15, 10.75, 14.5, 11 ], "texture": "#voxels_atlas" },
				"south": { "uv": [ 15, 10.75, 15.5, 11 ], "texture": "#voxels_atlas" },
				"west": { "uv": [ 6.25, 1.25, 6.5, 1.5 ], "texture": "#voxels_atlas" },
				"east": { "uv": [ 6.5, 1, 6.25, 1.25 ], "texture": "#voxels_atlas" }
			}
		},
		{
			"__comment": "Voxels",
			"from": [ 18, 8, 9 ],
			"to": [ 20, 10, 10 ],
			"faces": {
				"down": { "uv": [ 15.5, 10.75, 16, 11 ], "texture": "#voxels_atlas" },
				"up": { "uv": [ 5.25, 10.75, 5.75, 10.5 ], "texture": "#voxels_atlas" },
				"north": { "uv": [ 2, 0, 1.5, 0.5 ], "texture": "#voxels_atlas" },
				"south": { "uv": [ 1.5, 0.5, 2, 1 ], "texture": "#voxels_atlas" },
				"west": { "uv": [ 5, 5.25, 5.25, 5.75 ], "texture": "#voxels_atlas" },
				"east": { "uv": [ 5.25, 4.75, 5, 5.25 ], "texture": "#voxels_atlas" }
			}
		},
		{
			"__comment": "Voxels",
			"from": [ 18, 10, 10 ],
			"to": [ 20, 11, 11 ],
			"faces": {
				"down": { "uv": [ 5.75, 10.5, 6.25, 10.75 ], "texture": "#voxels_atlas" },
				"up": { "uv": [ 6.25, 10.75, 6.75, 10.5 ], "texture": "#voxels_atlas" },
				"north": { "uv": [ 7.25, 10.5, 6.75, 10.75 ], "texture": "#voxels_atlas" },
				"south": { "uv": [ 7.25, 10.5, 7.75, 10.75 ], "texture": "#voxels_atlas" },
				"west": { "uv": [ 2.5, 2.5, 2.75, 2.75 ], "texture": "#voxels_atlas" },
				"east": { "uv": [ 2.75, 2.25, 2.5, 2.5 ], "texture": "#voxels_atlas" }
			}
		},
		{
			"__comment": "Voxels",
			"from": [ 19, 7, 11 ],
			"to": [ 23, 8, 12 ],
			"faces": {
				"down": { "uv": [ 1.5, 1, 2.5, 1.25 ], "texture": "#voxels_atlas" },
				"up": { "uv": [ 5.75, 12.75, 6.75, 12.5 ], "texture": "#voxels_atlas" },
				"north": { "uv": [ 2.5, 1.25, 1.5, 1.5 ], "texture": "#voxels_atlas" },
				"south": { "uv": [ 1.5, 2, 2.5, 2.25 ], "texture": "#voxels_atlas" },
				"west": { "uv": [ 15.75, 12.75, 16, 13 ], "texture": "#voxels_atlas" },
				"east": { "uv": [ 16, 12.5, 15.75, 12.75 ], "texture": "#voxels_atlas" }
			}
		},
		{
			"__comment": "Voxels",
			"from": [ 19, 8, 10 ],
			"to": [ 27, 10, 11 ],
			"faces": {
				"down": { "uv": [ 7.25, 13, 9.25, 13.25 ], "texture": "#voxels_atlas" },
				"up": { "uv": [ 11.25, 13.25, 13.25, 13 ], "texture": "#voxels_atlas" },
				"north": { "uv": [ 3.5, 13.75, 1.5, 14.25 ], "texture": "#voxels_atlas" },
				"south": { "uv": [ 9.5, 14.25, 11.5, 14.75 ], "texture": "#voxels_atlas" },
				"west": { "uv": [ 5, 4.25, 5.25, 4.75 ], "texture": "#voxels_atlas" },
				"east": { "uv": [ 5.25, 3.75, 5, 4.25 ], "texture": "#voxels_atlas" }
			}
		},
		{
			"__comment": "Voxels",
			"from": [ 19, 10, 11 ],
			"to": [ 23, 11, 12 ],
			"faces": {
				"down": { "uv": [ 1.5, 2.5, 2.5, 2.75 ], "texture": "#voxels_atlas" },
				"up": { "uv": [ 1.5, 3, 2.5, 2.75 ], "texture": "#voxels_atlas" },
				"north": { "uv": [ 2.5, 3, 1.5, 3.25 ], "texture": "#voxels_atlas" },
				"south": { "uv": [ 1.5, 3.25, 2.5, 3.5 ], "texture": "#voxels_atlas" },
				"west": { "uv": [ 5.5, 0, 5.75, 0.25 ], "texture": "#voxels_atlas" },
				"east": { "uv": [ 16, 10, 15.75, 10.25 ], "texture": "#voxels_atlas" }
			}
		},
		{
			"__comment": "Voxels",
			"from": [ 20, 8, 11 ],
			"to": [ 22, 10, 12 ],
			"faces": {
				"down": { "uv": [ 7.75, 10.5, 8.25, 10.75 ], "texture": "#voxels_atlas" },
				"up": { "uv": [ 8.25, 10.75, 8.75, 10.5 ], "texture": "#voxels_atlas" },
				"north": { "uv": [ 3.75, 1.25, 3.25, 1.75 ], "texture": "#voxels_atlas" },
				"south": { "uv": [ 3.25, 1.75, 3.75, 2.25 ], "texture": "#voxels_atlas" },
				"west": { "uv": [ 5, 3.25, 5.25, 3.75 ], "texture": "#voxels_atlas" },
				"east": { "uv": [ 5.25, 2.75, 5, 3.25 ], "texture": "#voxels_atlas" }
			}
		},
		{
			"__comment": "Voxels",
			"from": [ 21, 8, 4 ],
			"to": [ 23, 10, 6 ],
			"faces": {
				"down": { "uv": [ 3.25, 2.25, 3.75, 2.75 ], "texture": "#voxels_atlas" },
				"up": { "uv": [ 3.25, 3.25, 3.75, 2.75 ], "texture": "#voxels_atlas" },
				"north": { "uv": [ 3.75, 3.25, 3.25, 3.75 ], "texture": "#voxels_atlas" },
				"south": { "uv": [ 3.25, 3.75, 3.75, 4.25 ], "texture": "#voxels_atlas" },
				"west": { "uv": [ 3.25, 4.25, 3.75, 4.75 ], "texture": "#voxels_atlas" },
				"east": { "uv": [ 3.75, 4.75, 3.25, 5.25 ], "texture": "#voxels_atlas" }
			}
		},
		{
			"__comment": "Voxels",
			"from": [ 22, 7, 10 ],
			"to": [ 26, 8, 11 ],
			"faces": {
				"down": { "uv": [ 13.25, 11.75, 14.25, 12 ], "texture": "#voxels_atlas" },
				"up": { "uv": [ 12.25, 12, 13.25, 11.75 ], "texture": "#voxels_atlas" },
				"north": { "uv": [ 11.25, 11.75, 10.25, 12 ], "texture": "#voxels_atlas" },
				"south": { "uv": [ 9.25, 11.75, 10.25, 12 ], "texture": "#voxels_atlas" },
				"west": { "uv": [ 13.25, 9.75, 13.5, 10 ], "texture": "#voxels_atlas" },
				"east": { "uv": [ 13.75, 9.75, 13.5, 10 ], "texture": "#voxels_atlas" }
			}
		},
		{
			"__comment": "Voxels",
			"from": [ 22, 8, 6 ],
			"to": [ 25, 10, 7 ],
			"faces": {
				"down": { "uv": [ 15.25, 11.75, 16, 12 ], "texture": "#voxels_atlas" },
				"up": { "uv": [ 15.25, 12.5, 16, 12.25 ], "texture": "#voxels_atlas" },
				"north": { "uv": [ 1.25, 8.75, 0.5, 9.25 ], "texture": "#voxels_atlas" },
				"south": { "uv": [ 0.5, 8.25, 1.25, 8.75 ], "texture": "#voxels_atlas" },
				"west": { "uv": [ 5, 2.25, 5.25, 2.75 ], "texture": "#voxels_atlas" },
				"east": { "uv": [ 5.25, 1.75, 5, 2.25 ], "texture": "#voxels_atlas" }
			}
		},
		{
			"__comment": "Voxels",
			"from": [ 22, 8, 9 ],
			"to": [ 26, 10, 10 ],
			"faces": {
				"down": { "uv": [ 4.25, 11.75, 5.25, 12 ], "texture": "#voxels_atlas" },
				"up": { "uv": [ 3.25, 12, 4.25, 11.75 ], "texture": "#voxels_atlas" },
				"north": { "uv": [ 1.5, 10.75, 0.5, 11.25 ], "texture": "#voxels_atlas" },
				"south": { "uv": [ 0.5, 11.25, 1.5, 11.75 ], "texture": "#voxels_atlas" },
				"west": { "uv": [ 5, 1.25, 5.25, 1.75 ], "texture": "#voxels_atlas" },
				"east": { "uv": [ 5.25, 0.75, 5, 1.25 ], "texture": "#voxels_atlas" }
			}
		},
		{
			"__comment": "Voxels",
			"from": [ 22, 8, 16 ],
			"to": [ 31, 10, 17 ],
			"faces": {
				"down": { "uv": [ 5, 13, 7.25, 13.25 ], "texture": "#voxels_atlas" },
				"up": { "uv": [ 10.25, 13.5, 12.5, 13.25 ], "texture": "#voxels_atlas" },
				"north": { "uv": [ 2.75, 14.25, 0.5, 14.75 ], "texture": "#voxels_atlas" },
				"south": { "uv": [ 2.75, 14.25, 5, 14.75 ], "texture": "#voxels_atlas" },
				"west": { "uv": [ 5, 0.25, 5.25, 0.75 ], "texture": "#voxels_atlas" },
				"east": { "uv": [ 5.5, 10, 5.25, 10.5 ], "texture": "#voxels_atlas" }
			}
		},
		{
			"__comment": "Voxels",
			"from": [ 22, 10, 10 ],
			"to": [ 26, 11, 11 ],
			"faces": {
				"down": { "uv": [ 14.25, 12.25, 15.25, 12.5 ], "texture": "#voxels_atlas" },
				"up": { "uv": [ 13.25, 12.5, 14.25, 12.25 ], "texture": "#voxels_atlas" },
				"north": { "uv": [ 13.25, 12.25, 12.25, 12.5 ], "texture": "#voxels_atlas" },
				"south": { "uv": [ 10.25, 12.25, 11.25, 12.5 ], "texture": "#voxels_atlas" },
				"west": { "uv": [ 5.75, 6.25, 6, 6.5 ], "texture": "#voxels_atlas" },
				"east": { "uv": [ 6, 6, 5.75, 6.25 ], "texture": "#voxels_atlas" }
			}
		},
		{
			"__comment": "Voxels",
			"from": [ 23, 8, 5 ],
			"to": [ 24, 10, 6 ],
			"faces": {
				"down": { "uv": [ 5.75, 5.75, 6, 6 ], "texture": "#voxels_atlas" },
				"up": { "uv": [ 5.75, 5.75, 6, 5.5 ], "texture": "#voxels_atlas" },
				"north": { "uv": [ 5.5, 9.5, 5.25, 10 ], "texture": "#voxels_atlas" },
				"south": { "uv": [ 5.25, 9, 5.5, 9.5 ], "texture": "#voxels_atlas" },
				"west": { "uv": [ 5.25, 8.5, 5.5, 9 ], "texture": "#voxels_atlas" },
				"east": { "uv": [ 5.5, 8, 5.25, 8.5 ], "texture": "#voxels_atlas" }
			}
		},
		{
			"__comment": "Voxels",
			"from": [ 23, 8, 7 ],
			"to": [ 25, 10, 9 ],
			"faces": {
				"down": { "uv": [ 4, 11.25, 4.5, 11.75 ], "texture": "#voxels_atlas" },
				"up": { "uv": [ 4, 11.25, 4.5, 10.75 ], "texture": "#voxels_atlas" },
				"north": { "uv": [ 4.5, 10.25, 4, 10.75 ], "texture": "#voxels_atlas" },
				"south": { "uv": [ 4, 9.75, 4.5, 10.25 ], "texture": "#voxels_atlas" },
				"west": { "uv": [ 4, 9.25, 4.5, 9.75 ], "texture": "#voxels_atlas" },
				"east": { "uv": [ 4.5, 8.75, 4, 9.25 ], "texture": "#voxels_atlas" }
			}
		},
		{
			"__comment": "Voxels",
			"from": [ 23, 10, 9 ],
			"to": [ 24, 11, 10 ],
			"faces": {
				"down": { "uv": [ 5.75, 2.75, 6, 3 ], "texture": "#voxels_atlas" },
				"up": { "uv": [ 5.75, 2.75, 6, 2.5 ], "texture": "#voxels_atlas" },
				"north": { "uv": [ 6, 2.25, 5.75, 2.5 ], "texture": "#voxels_atlas" },
				"south": { "uv": [ 5.75, 2, 6, 2.25 ], "texture": "#voxels_atlas" },
				"west": { "uv": [ 5.75, 1.75, 6, 2 ], "texture": "#voxels_atlas" },
				"east": { "uv": [ 6, 1.5, 5.75, 1.75 ], "texture": "#voxels_atlas" }
			}
		},
		{
			"__comment": "Voxels",
			"from": [ 25, 7, 11 ],
			"to": [ 26, 11, 12 ],
			"faces": {
				"down": { "uv": [ 5.75, 1.25, 6, 1.5 ], "texture": "#voxels_atlas" },
				"up": { "uv": [ 5.75, 1.25, 6, 1 ], "texture": "#voxels_atlas" },
				"north": { "uv": [ 4, 7.75, 3.75, 8.75 ], "texture": "#voxels_atlas" },
				"south": { "uv": [ 3.75, 6.75, 4, 7.75 ], "texture": "#voxels_atlas" },
				"west": { "uv": [ 3.75, 5.75, 4, 6.75 ], "texture": "#voxels_atlas" },
				"east": { "uv": [ 4, 4.75, 3.75, 5.75 ], "texture": "#voxels_atlas" }
			}
		},
		{
			"__comment": "Voxels",
			"from": [ 25, 7, 12 ],
			"to": [ 27, 8, 13 ],
			"faces": {
				"down": { "uv": [ 11.75, 10.5, 12.25, 10.75 ], "texture": "#voxels_atlas" },
				"up": { "uv": [ 12.25, 10.75, 12.75, 10.5 ], "texture": "#voxels_atlas" },
				"north": { "uv": [ 13.25, 10.5, 12.75, 10.75 ], "texture": "#voxels_atlas" },
				"south": { "uv": [ 13.25, 10.5, 13.75, 10.75 ], "texture": "#voxels_atlas" },
				"west": { "uv": [ 6, 8.5, 6.25, 8.75 ], "texture": "#voxels_atlas" },
				"east": { "uv": [ 6.25, 8.25, 6, 8.5 ], "texture": "#voxels_atlas" }
			}
		},
		{
			"__comment": "Voxels",
			"from": [ 25, 8, 8 ],
			"to": [ 26, 10, 9 ],
			"faces": {
				"down": { "uv": [ 6, 8, 6.25, 8.25 ], "texture": "#voxels_atlas" },
				"up": { "uv": [ 6, 8, 6.25, 7.75 ], "texture": "#voxels_atlas" },
				"north": { "uv": [ 5.5, 5.5, 5.25, 6 ], "texture": "#voxels_atlas" },
				"south": { "uv": [ 5.25, 5, 5.5, 5.5 ], "texture": "#voxels_atlas" },
				"west": { "uv": [ 5.25, 4.5, 5.5, 5 ], "texture": "#voxels_atlas" },
				"east": { "uv": [ 5.5, 4, 5.25, 4.5 ], "texture": "#voxels_atlas" }
			}
		},
		{
			"__comment": "Voxels",
			"from": [ 25, 10, 12 ],
			"to": [ 27, 11, 13 ],
			"faces": {
				"down": { "uv": [ 13.75, 10.5, 14.25, 10.75 ], "texture": "#voxels_atlas" },
				"up": { "uv": [ 14.25, 10.75, 14.75, 10.5 ], "texture": "#voxels_atlas" },
				"north": { "uv": [ 15.25, 10.5, 14.75, 10.75 ], "texture": "#voxels_atlas" },
				"south": { "uv": [ 15.25, 10.5, 15.75, 10.75 ], "texture": "#voxels_atlas" },
				"west": { "uv": [ 6, 5.5, 6.25, 5.75 ], "texture": "#voxels_atlas" },
				"east": { "uv": [ 6.25, 5.25, 6, 5.5 ], "texture": "#voxels_atlas" }
			}
		},
		{
			"__comment": "Voxels",
			"from": [ 26, 7, 13 ],
			"to": [ 28, 11, 14 ],
			"faces": {
				"down": { "uv": [ 5.5, 10.25, 6, 10.5 ], "texture": "#voxels_atlas" },
				"up": { "uv": [ 6, 10.5, 6.5, 10.25 ], "texture": "#voxels_atlas" },
				"north": { "uv": [ 0.5, 2.75, 0, 3.75 ], "texture": "#voxels_atlas" },
				"south": { "uv": [ 0, 1.75, 0.5, 2.75 ], "texture": "#voxels_atlas" },
				"west": { "uv": [ 3.75, 2.75, 4, 3.75 ], "texture": "#voxels_atlas" },
				"east": { "uv": [ 4, 1.75, 3.75, 2.75 ], "texture": "#voxels_atlas" }
			}
		},
		{
			"__comment": "Voxels",
			"from": [ 26, 8, 11 ],
			"to": [ 27, 10, 13 ],
			"faces": {
				"down": { "uv": [ 5.5, 1.25, 5.75, 1.75 ], "texture": "#voxels_atlas" },
				"up": { "uv": [ 5.25, 3.5, 5.5, 3 ], "texture": "#voxels_atlas" },
				"north": { "uv": [ 5.5, 2.5, 5.25, 3 ], "texture": "#voxels_atlas" },
				"south": { "uv": [ 5.25, 2, 5.5, 2.5 ], "texture": "#voxels_atlas" },
				"west": { "uv": [ 4, 8.25, 4.5, 8.75 ], "texture": "#voxels_atlas" },
				"east": { "uv": [ 4.5, 7.75, 4, 8.25 ], "texture": "#voxels_atlas" }
			}
		},
		{
			"__comment": "Voxels",
			"from": [ 27, 7, 14 ],
			"to": [ 29, 8, 15 ],
			"faces": {
				"down": { "uv": [ 9.5, 10.25, 10, 10.5 ], "texture": "#voxels_atlas" },
				"up": { "uv": [ 10, 10.5, 10.5, 10.25 ], "texture": "#voxels_atlas" },
				"north": { "uv": [ 11, 10.25, 10.5, 10.5 ], "texture": "#voxels_atlas" },
				"south": { "uv": [ 11, 10.25, 11.5, 10.5 ], "texture": "#voxels_atlas" },
				"west": { "uv": [ 6, 1, 6.25, 1.25 ], "texture": "#voxels_atlas" },
				"east": { "uv": [ 6.25, 0.75, 6, 1 ], "texture": "#voxels_atlas" }
			}
		},
		{
			"__comment": "Voxels",
			"from": [ 27, 7, 17 ],
			"to": [ 31, 11, 18 ],
			"faces": {
				"down": { "uv": [ 4.5, 11.5, 5.5, 11.75 ], "texture": "#voxels_atlas" },
				"up": { "uv": [ 5.5, 11.75, 6.5, 11.5 ], "texture": "#voxels_atlas" },
				"north": { "uv": [ 1.5, 12.25, 0.5, 13.25 ], "texture": "#voxels_atlas" },
				"south": { "uv": [ 0.5, 13.25, 1.5, 14.25 ], "texture": "#voxels_atlas" },
				"west": { "uv": [ 3.75, 0.75, 4, 1.75 ], "texture": "#voxels_atlas" },
				"east": { "uv": [ 4.25, 6.75, 4, 7.75 ], "texture": "#voxels_atlas" }
			}
		},
		{
			"__comment": "Voxels",
			"from": [ 27, 8, 12 ],
			"to": [ 28, 10, 13 ],
			"faces": {
				"down": { "uv": [ 7, 9.5, 7.25, 9.75 ], "texture": "#voxels_atlas" },
				"up": { "uv": [ 7.25, 9.75, 7.5, 9.5 ], "texture": "#voxels_atlas" },
				"north": { "uv": [ 5.5, 0.5, 5.25, 1 ], "texture": "#voxels_atlas" },
				"south": { "uv": [ 5.25, 0, 5.5, 0.5 ], "texture": "#voxels_atlas" },
				"west": { "uv": [ 5.5, 9.75, 5.75, 10.25 ], "texture": "#voxels_atlas" },
				"east": { "uv": [ 5.75, 9.25, 5.5, 9.75 ], "texture": "#voxels_atlas" }
			}
		},
		{
			"__comment": "Voxels",
			"from": [ 27, 8, 18 ],
			"to": [ 29, 10, 19 ],
			"faces": {
				"down": { "uv": [ 13.5, 10.25, 14, 10.5 ], "texture": "#voxels_atlas" },
				"up": { "uv": [ 14, 10.5, 14.5, 10.25 ], "texture": "#voxels_atlas" },
				"north": { "uv": [ 4.5, 6.25, 4, 6.75 ], "texture": "#voxels_atlas" },
				"south": { "uv": [ 4, 5.75, 4.5, 6.25 ], "texture": "#voxels_atlas" },
				"west": { "uv": [ 5.5, 8.75, 5.75, 9.25 ], "texture": "#voxels_atlas" },
				"east": { "uv": [ 5.75, 8.25, 5.5, 8.75 ], "texture": "#voxels_atlas" }
			}
		},
		{
			"__comment": "Voxels",
			"from": [ 27, 10, 14 ],
			"to": [ 29, 11, 15 ],
			"faces": {
				"down": { "uv": [ 15.5, 10.25, 16, 10.5 ], "texture": "#voxels_atlas" },
				"up": { "uv": [ 5.75, 10.25, 6.25, 10 ], "texture": "#voxels_atlas" },
				"north": { "uv": [ 6.75, 10, 6.25, 10.25 ], "texture": "#voxels_atlas" },
				"south": { "uv": [ 6.75, 10, 7.25, 10.25 ], "texture": "#voxels_atlas" },
				"west": { "uv": [ 11, 9.5, 11.25, 9.75 ], "texture": "#voxels_atlas" },
				"east": { "uv": [ 11.5, 9.5, 11.25, 9.75 ], "texture": "#voxels_atlas" }
			}
		},
		{
			"__comment": "Voxels",
			"from": [ 28, 7, 15 ],
			"to": [ 29, 11, 16 ],
			"faces": {
				"down": { "uv": [ 11.5, 9.5, 11.75, 9.75 ], "texture": "#voxels_atlas" },
				"up": { "uv": [ 11.75, 9.75, 12, 9.5 ], "texture": "#voxels_atlas" },
				"north": { "uv": [ 4.5, 6.75, 4.25, 7.75 ], "texture": "#voxels_atlas" },
				"south": { "uv": [ 4, 4.75, 4.25, 5.75 ], "texture": "#voxels_atlas" },
				"west": { "uv": [ 4.25, 4.75, 4.5, 5.75 ], "texture": "#voxels_atlas" },
				"east": { "uv": [ 4.25, 3.75, 4, 4.75 ], "texture": "#voxels_atlas" }
			}
		},
		{
			"__comment": "Voxels",
			"from": [ 28, 7, 16 ],
			"to": [ 30, 8, 17 ],
			"faces": {
				"down": { "uv": [ 9.25, 10, 9.75, 10.25 ], "texture": "#voxels_atlas" },
				"up": { "uv": [ 9.75, 10.25, 10.25, 10 ], "texture": "#voxels_atlas" },
				"north": { "uv": [ 10.75, 10, 10.25, 10.25 ], "texture": "#voxels_atlas" },
				"south": { "uv": [ 10.75, 10, 11.25, 10.25 ], "texture": "#voxels_atlas" },
				"west": { "uv": [ 14, 9.5, 14.25, 9.75 ], "texture": "#voxels_atlas" },
				"east": { "uv": [ 14.5, 9.5, 14.25, 9.75 ], "texture": "#voxels_atlas" }
			}
		},
		{
			"__comment": "Voxels",
			"from": [ 28, 7, 18 ],
			"to": [ 29, 8, 19 ],
			"faces": {
				"down": { "uv": [ 14.5, 9.5, 14.75, 9.75 ], "texture": "#voxels_atlas" },
				"up": { "uv": [ 14.75, 9.75, 15, 9.5 ], "texture": "#voxels_atlas" },
				"north": { "uv": [ 15.25, 9.5, 15, 9.75 ], "texture": "#voxels_atlas" },
				"south": { "uv": [ 15.25, 9.5, 15.5, 9.75 ], "texture": "#voxels_atlas" },
				"west": { "uv": [ 15.5, 9.5, 15.75, 9.75 ], "texture": "#voxels_atlas" },
				"east": { "uv": [ 16, 9.5, 15.75, 9.75 ], "texture": "#voxels_atlas" }
			}
		},
		{
			"__comment": "Voxels",
			"from": [ 28, 8, 13 ],
			"to": [ 29, 10, 15 ],
			"faces": {
				"down": { "uv": [ 5.5, 7.75, 5.75, 8.25 ], "texture": "#voxels_atlas" },
				"up": { "uv": [ 5.5, 7.75, 5.75, 7.25 ], "texture": "#voxels_atlas" },
				"north": { "uv": [ 5.75, 6.75, 5.5, 7.25 ], "texture": "#voxels_atlas" },
				"south": { "uv": [ 5.5, 6.25, 5.75, 6.75 ], "texture": "#voxels_atlas" },
				"west": { "uv": [ 4, 3.25, 4.5, 3.75 ], "texture": "#voxels_atlas" },
				"east": { "uv": [ 4.5, 2.75, 4, 3.25 ], "texture": "#voxels_atlas" }
			}
		},
		{
			"__comment": "Voxels",
			"from": [ 28, 10, 16 ],
			"to": [ 30, 11, 17 ],
			"faces": {
				"down": { "uv": [ 12.25, 10, 12.75, 10.25 ], "texture": "#voxels_atlas" },
				"up": { "uv": [ 12.75, 10.25, 13.25, 10 ], "texture": "#voxels_atlas" },
				"north": { "uv": [ 13.75, 10, 13.25, 10.25 ], "texture": "#voxels_atlas" },
				"south": { "uv": [ 13.75, 10, 14.25, 10.25 ], "texture": "#voxels_atlas" },
				"west": { "uv": [ 6.25, 6.75, 6.5, 7 ], "texture": "#voxels_atlas" },
				"east": { "uv": [ 6.5, 6.5, 6.25, 6.75 ], "texture": "#voxels_atlas" }
			}
		},
		{
			"__comment": "Voxels",
			"from": [ 28, 10, 18 ],
			"to": [ 29, 11, 19 ],
			"faces": {
				"down": { "uv": [ 6.25, 6.25, 6.5, 6.5 ], "texture": "#voxels_atlas" },
				"up": { "uv": [ 6.25, 6.25, 6.5, 6 ], "texture": "#voxels_atlas" },
				"north": { "uv": [ 6.5, 5.75, 6.25, 6 ], "texture": "#voxels_atlas" },
				"south": { "uv": [ 6.25, 5.5, 6.5, 5.75 ], "texture": "#voxels_atlas" },
				"west": { "uv": [ 6.25, 5.25, 6.5, 5.5 ], "texture": "#voxels_atlas" },
				"east": { "uv": [ 6.5, 5, 6.25, 5.25 ], "texture": "#voxels_atlas" }
			}
		},
		{
			"__comment": "Voxels",
			"from": [ 29, 8, 14 ],
			"to": [ 30, 10, 16 ],
			"faces": {
				"down": { "uv": [ 5.5, 5.75, 5.75, 6.25 ], "texture": "#voxels_atlas" },
				"up": { "uv": [ 5.5, 5.75, 5.75, 5.25 ], "texture": "#voxels_atlas" },
				"north": { "uv": [ 5.75, 4.75, 5.5, 5.25 ], "texture": "#voxels_atlas" },
				"south": { "uv": [ 5.5, 4.25, 5.75, 4.75 ], "texture": "#voxels_atlas" },
				"west": { "uv": [ 4, 2.25, 4.5, 2.75 ], "texture": "#voxels_atlas" },
				"east": { "uv": [ 4.5, 1.75, 4, 2.25 ], "texture": "#voxels_atlas" }
			}
		},
		{
			"__comment": "Voxels",
			"from": [ 30, 7, 18 ],
			"to": [ 32, 8, 19 ],
			"faces": {
				"down": { "uv": [ 15.25, 10, 15.75, 10.25 ], "texture": "#voxels_atlas" },
				"up": { "uv": [ 5.75, 10, 6.25, 9.75 ], "texture": "#voxels_atlas" },
				"north": { "uv": [ 6.75, 9.75, 6.25, 10 ], "texture": "#voxels_atlas" },
				"south": { "uv": [ 6.75, 9.75, 7.25, 10 ], "texture": "#voxels_atlas" },
				"west": { "uv": [ 6.25, 2.25, 6.5, 2.5 ], "texture": "#voxels_atlas" },
				"east": { "uv": [ 6.5, 2, 6.25, 2.25 ], "texture": "#voxels_atlas" }
			}
		},
		{
			"__comment": "Voxels",
			"from": [ 30, 10, 18 ],
			"to": [ 32, 11, 19 ],
			"faces": {
				"down": { "uv": [ 7.25, 9.75, 7.75, 10 ], "texture": "#voxels_atlas" },
				"up": { "uv": [ 7.75, 10, 8.25, 9.75 ], "texture": "#voxels_atlas" },
				"north": { "uv": [ 8.75, 9.75, 8.25, 10 ], "texture": "#voxels_atlas" },
				"south": { "uv": [ 8.75, 9.75, 9.25, 10 ], "texture": "#voxels_atlas" },
				"west": { "uv": [ 6.25, 0.75, 6.5, 1 ], "texture": "#voxels_atlas" },
				"east": { "uv": [ 6.5, 0.5, 6.25, 0.75 ], "texture": "#voxels_atlas" }
			}
		},
		{
			"__comment": "Voxels",
			"from": [ 31, 8, 17 ],
			"to": [ 32, 10, 19 ],
			"faces": {
				"down": { "uv": [ 5.5, 3.75, 5.75, 4.25 ], "texture": "#voxels_atlas" },
				"up": { "uv": [ 5.5, 3.75, 5.75, 3.25 ], "texture": "#voxels_atlas" },
				"north": { "uv": [ 5.75, 2.75, 5.5, 3.25 ], "texture": "#voxels_atlas" },
				"south": { "uv": [ 5.5, 2.25, 5.75, 2.75 ], "texture": "#voxels_atlas" },
				"west": { "uv": [ 4, 1.25, 4.5, 1.75 ], "texture": "#voxels_atlas" },
				"east": { "uv": [ 2.75, 8, 2.25, 8.5 ], "texture": "#voxels_atlas" }
			}
		}
	],
	"display": {
		"thirdperson_righthand": {
			"rotation":  [ 0, 0, 90 ],
			"translation":  [ 0.5, -2.8, 1.2 ],
			"scale":  [ 0.81, 0.51, 0.6 ]
		},
		"thirdperson_lefthand": {
			"rotation":  [ 0, 0, 90 ],
			"translation":  [ 0.5, -1.2, 1.2 ],
			"scale":  [ 0.81, 0.55, 0.6 ]
		},
		"firstperson_righthand": {
			"rotation":  [ 8, -15, 90 ],
			"translation":  [ 7, 8, -12 ],
			"scale":  [ 0.4, 0.4, 0.4 ]
		},
		"firstperson_lefthand": {
			"rotation":  [ 8, -15, 90 ],
			"translation":  [ 7, 8, -12 ],
			"scale":  [ 0.4, 0.4, 0.4 ]
		},
		"gui": {
			"rotation":  [ 90, -45, 0 ],
			"translation":  [ 1.9, 2.4, 0 ],
			"scale":  [ 0.4, 0.4, 0.4 ]
		},
		"ground": {
			"scale":  [ 1.4, 1.15, 1.25 ]
		},
		"fixed": {
			"rotation":  [ 90, 90, 0 ],
			"translation":  [ -2, -2, -4 ],
			"scale":  [ 2.3, 1.5, 1.8 ]
		}
	}
}