{
	"__comment": "Designed by Elo106 with Cubik Studio - https://cubik.studio",
	"textures": {
		"particle": "items/firebook",
		"texture": "items/firebook",
		"voxels_atlas": "items/firebook",
		"voxels_atlas1": "block/fireitem"
	},
	"elements": [ 	 
		{
			"__comment": "Voxels",
			"from": [ 5, 5, 0.5 ],
			"to": [ 14, 6, 8.5 ],
			"rotation": { "origin": [ 5, 5, 0.5 ], "axis": "x", "angle": 22.5 },
			"faces": {
				"down": { "uv": [ 0, 12, 4.5, 16 ], "texture": "#voxels_atlas" },
				"up": { "uv": [ 4.5, 16, 9, 12 ], "texture": "#voxels_atlas" },
				"north": { "uv": [ 4.5, 0.5, 0, 1 ], "texture": "#voxels_atlas" },
				"south": { "uv": [ 0, 0, 4.5, 0.5 ], "texture": "#voxels_atlas" },
				"west": { "uv": [ 11.5, 10.5, 15.5, 11 ], "texture": "#voxels_atlas" },
				"east": { "uv": [ 15.5, 10, 11.5, 10.5 ], "texture": "#voxels_atlas" }
			}
		},
		{
			"__comment": "Voxels",
			"from": [ 5, 2, 8 ],
			"to": [ 14, 3, 16 ],
			"rotation": { "origin": [ 5, 2, 8 ], "axis": "x", "angle": -22.5 },
			"faces": {
				"down": { "uv": [ 9, 12, 13.5, 16 ], "texture": "#voxels_atlas" },
				"up": { "uv": [ 0, 12, 4.5, 8 ], "texture": "#voxels_atlas" },
				"north": { "uv": [ 16, 11.5, 11.5, 12 ], "texture": "#voxels_atlas" },
				"south": { "uv": [ 11.5, 11, 16, 11.5 ], "texture": "#voxels_atlas" },
				"west": { "uv": [ 11.5, 9.5, 15.5, 10 ], "texture": "#voxels_atlas" },
				"east": { "uv": [ 15.5, 9, 11.5, 9.5 ], "texture": "#voxels_atlas" }
			}
		},
		{
			"__comment": "Voxels",
			"from": [ 6, 6, 1.5 ],
			"to": [ 13, 7, 8.5 ],
			"rotation": { "origin": [ 5, 5, 0.5 ], "axis": "x", "angle": 22.5 },
			"faces": {
				"down": { "uv": [ 0, 4.5, 3.5, 8 ], "texture": "#voxels_atlas" },
				"up": { "uv": [ 0, 4.5, 3.5, 1 ], "texture": "#voxels_atlas" },
				"north": { "uv": [ 15, 8.5, 11.5, 9 ], "texture": "#voxels_atlas" },
				"south": { "uv": [ 4.5, 8, 8, 8.5 ], "texture": "#voxels_atlas" },
				"west": { "uv": [ 8, 8, 11.5, 8.5 ], "texture": "#voxels_atlas" },
				"east": { "uv": [ 15, 8, 11.5, 8.5 ], "texture": "#voxels_atlas" }
			}
		},
		{
			"__comment": "Voxels",
			"from": [ 6, 3, 8 ],
			"to": [ 13, 4, 15 ],
			"rotation": { "origin": [ 5, 2, 8 ], "axis": "x", "angle": -22.5 },
			"faces": {
				"down": { "uv": [ 4.5, 8.5, 8, 12 ], "texture": "#voxels_atlas" },
				"up": { "uv": [ 8, 12, 11.5, 8.5 ], "texture": "#voxels_atlas" },
				"north": { "uv": [ 8, 7.5, 4.5, 8 ], "texture": "#voxels_atlas" },
				"south": { "uv": [ 4.5, 7, 8, 7.5 ], "texture": "#voxels_atlas" },
				"west": { "uv": [ 4.5, 6.5, 8, 7 ], "texture": "#voxels_atlas" },
				"east": { "uv": [ 8, 6, 4.5, 6.5 ], "texture": "#voxels_atlas" }
			}
		},
		{
			"__comment": "Voxels",
			"from": [ 7.5, 4, 4 ],
			"to": [ 7.501, 12, 12 ],
			"faces": {
				"down": { "uv": [ 0, 0, 0, 0 ], "texture": "#voxels_atlas1" },
				"up": { "uv": [ 0, 0, 0, 0 ], "texture": "#voxels_atlas1" },
				"north": { "uv": [ 0, 0, 0, 0 ], "texture": "#voxels_atlas1" },
				"south": { "uv": [ 0, 0, 0, 0 ], "texture": "#voxels_atlas1" },
				"west": { "uv": [ 16, 0, 0, 16 ], "texture": "#voxels_atlas1" },
				"east": { "uv": [ 0, 0, 16, 16 ], "texture": "#voxels_atlas1" }
			}
		}
	],
	"display": {
		"thirdperson_righthand": {
			"rotation":  [ -11, 81, 66 ],
			"translation":  [ -1, 2.7826, 2.1738 ],
			"scale":  [ 0.8, 0.8, 0.8 ]
		},
		"thirdperson_lefthand": {
			"rotation":  [ -11, 81, 64 ],
			"translation":  [ -1, 4.8695, 2.1738 ],
			"scale":  [ 0.8, 0.8, 0.8 ]
		},
		"firstperson_righthand": {
			"rotation":  [ -66, 66, 91 ],
			"translation":  [ 0, 4.8695, 0 ]
		},
		"firstperson_lefthand": {
			"rotation":  [ 122, -67, 102 ],
			"translation":  [ 0, 4.8695, 0 ]
		},
		"gui": {
			"rotation":  [ 90, 90, 0 ],
			"translation":  [ 0, -2, 0 ]
		},
		"fixed": {
			"rotation":  [ 0, -90, 90 ],
			"translation":  [ 0, -2, -4 ],
			"scale":  [ 1.2, 1.2, 1.2 ]
		}
	}
}