{
	"credit": "Made with Blockbench",
	"texture_size": [128, 128],
	"textures": {
		"0": "items/hydrabow1",
		"particle": "items/hydrabow1"
	},
	"elements": [
		{
			"from": [5.6, -0.2, 4.6],
			"to": [10.4, 1.8, 6.2],
			"rotation": {"angle": 0, "axis": "y", "origin": [1.6, 0, 1.6]},
			"faces": {
				"north": {"uv": [7.5, 3, 8.25, 3.3125], "texture": "#0"},
				"east": {"uv": [8.75, 8.125, 9, 8.4375], "texture": "#0"},
				"south": {"uv": [7.5, 3.375, 8.25, 3.6875], "texture": "#0"},
				"west": {"uv": [9, 0.5, 9.25, 0.8125], "texture": "#0"},
				"up": {"uv": [8.375, 2, 7.625, 1.75], "texture": "#0"},
				"down": {"uv": [8.375, 2, 7.625, 2.25], "texture": "#0"}
			}
		},
		{
			"from": [-11.2, 1, -11.2],
			"to": [27.2, 1, 27.2],
			"rotation": {"angle": 0, "axis": "y", "origin": [1.6, 0, 1.6]},
			"faces": {
				"north": {"uv": [0, 0, 6, 0], "texture": "#0"},
				"east": {"uv": [0, 0, 6, 0], "texture": "#0"},
				"south": {"uv": [0, 0, 6, 0], "texture": "#0"},
				"west": {"uv": [0, 0, 6, 0], "texture": "#0"},
				"up": {"uv": [6, 6, 0, 0], "texture": "#0"},
				"down": {"uv": [6, 6, 0, 12], "texture": "#0"}
			}
		},
		{
			"from": [4.4, 1.04, -5.4],
			"to": [11.6, 1.04, 18.8],
			"rotation": {"angle": 0, "axis": "y", "origin": [2, 0.04, 2.2]},
			"faces": {
				"north": {"uv": [0, 0, 1.125, 0], "texture": "#0"},
				"east": {"uv": [0, 0, 3.8125, 0], "texture": "#0"},
				"south": {"uv": [0, 0, 1.125, 0], "texture": "#0"},
				"west": {"uv": [0, 0, 3.8125, 0], "texture": "#0"},
				"up": {"uv": [7.125, 3.8125, 6, 0], "texture": "#0"},
				"down": {"uv": [7.125, 3.875, 6, 7.6875], "texture": "#0"}
			}
		},
		{
			"from": [6.4, -1, 3.8],
			"to": [9.6, 2.6, 6.4],
			"rotation": {"angle": 0, "axis": "y", "origin": [1.6, 0, 2.6]},
			"faces": {
				"north": {"uv": [7.125, 1, 7.625, 1.5625], "texture": "#0"},
				"east": {"uv": [7.125, 6.5, 7.5625, 7.0625], "texture": "#0"},
				"south": {"uv": [7.125, 1.625, 7.625, 2.1875], "texture": "#0"},
				"west": {"uv": [7.125, 7.125, 7.5625, 7.6875], "texture": "#0"},
				"up": {"uv": [8, 5.6875, 7.5, 5.25], "texture": "#0"},
				"down": {"uv": [8, 5.75, 7.5, 6.1875], "texture": "#0"}
			}
		},
		{
			"from": [6, -0.2, 0.4],
			"to": [7, 1.8, 4.6],
			"rotation": {"angle": 0, "axis": "y", "origin": [1.6, 0, 2.6]},
			"faces": {
				"north": {"uv": [7, 9.5, 7.1875, 9.8125], "texture": "#0"},
				"east": {"uv": [7.625, 1, 8.3125, 1.3125], "texture": "#0"},
				"south": {"uv": [9.5, 7.75, 9.6875, 8.0625], "texture": "#0"},
				"west": {"uv": [7.625, 1.375, 8.3125, 1.6875], "texture": "#0"},
				"up": {"uv": [8.5625, 1.6875, 8.375, 1], "texture": "#0"},
				"down": {"uv": [8.5625, 6.5, 8.375, 7.1875], "texture": "#0"}
			}
		},
		{
			"from": [7, -0.4, -0.08],
			"to": [8.6, 2, 4.6],
			"rotation": {"angle": 0, "axis": "y", "origin": [1.6, 0, 2.6]},
			"faces": {
				"north": {"uv": [7, 8.75, 7.25, 9.125], "texture": "#0"},
				"east": {"uv": [7.125, 2.25, 7.875, 2.625], "texture": "#0"},
				"south": {"uv": [7.875, 8.75, 8.125, 9.125], "texture": "#0"},
				"west": {"uv": [7.125, 2.625, 7.875, 3], "texture": "#0"},
				"up": {"uv": [6.25, 8.5, 6, 7.75], "texture": "#0"},
				"down": {"uv": [6.5, 7.75, 6.25, 8.5], "texture": "#0"}
			}
		},
		{
			"from": [5.16, -0.4, 0],
			"to": [7, 2, 0],
			"rotation": {"angle": 0, "axis": "y", "origin": [0, 0, 2.6]},
			"faces": {
				"north": {"uv": [8.625, 5.5, 8.9375, 5.875], "texture": "#0"},
				"east": {"uv": [0, 0, 0, 0.375], "texture": "#0"},
				"south": {"uv": [8.625, 5.875, 8.9375, 6.25], "texture": "#0"},
				"west": {"uv": [0, 0, 0, 0.375], "texture": "#0"},
				"up": {"uv": [0.3125, 0, 0, 0], "texture": "#0"},
				"down": {"uv": [0.3125, 0, 0, 0], "texture": "#0"}
			}
		},
		{
			"from": [7.2, -0.2, -0.08],
			"to": [8.4, 1.8, 2.2],
			"rotation": {"angle": -22.5, "axis": "y", "origin": [7.6, 0.8, 2.86]},
			"faces": {
				"north": {"uv": [7.875, 9.5, 8.0625, 9.8125], "texture": "#0"},
				"east": {"uv": [8.625, 4.5, 9, 4.8125], "texture": "#0"},
				"south": {"uv": [8.125, 9.5, 8.3125, 9.8125], "texture": "#0"},
				"west": {"uv": [8.625, 5.125, 9, 5.4375], "texture": "#0"},
				"up": {"uv": [9.4375, 4.375, 9.25, 4], "texture": "#0"},
				"down": {"uv": [9.4375, 4.375, 9.25, 4.75], "texture": "#0"}
			}
		},
		{
			"from": [7.2, -0.6, 1.4],
			"to": [8.6, 2.2, 6.68],
			"rotation": {"angle": 22.5, "axis": "y", "origin": [7.6, 0.8, 1.54]},
			"faces": {
				"north": {"uv": [7.25, 8.5, 7.5, 8.9375], "texture": "#0"},
				"east": {"uv": [7.125, 0, 7.9375, 0.4375], "texture": "#0"},
				"south": {"uv": [6, 8.75, 6.25, 9.1875], "texture": "#0"},
				"west": {"uv": [7.125, 0.5, 7.9375, 0.9375], "texture": "#0"},
				"up": {"uv": [7.875, 7.0625, 7.625, 6.25], "texture": "#0"},
				"down": {"uv": [7.875, 7.125, 7.625, 7.9375], "texture": "#0"}
			}
		},
		{
			"from": [6.76, 1, 0.6],
			"to": [8.52, 2.8, 5.52],
			"rotation": {"angle": -22.5, "axis": "x", "origin": [7.8, 0.8, 2.3]},
			"faces": {
				"north": {"uv": [7.25, 9, 7.5, 9.3125], "texture": "#0"},
				"east": {"uv": [7.5, 3.75, 8.25, 4.0625], "texture": "#0"},
				"south": {"uv": [9, 8.125, 9.25, 8.4375], "texture": "#0"},
				"west": {"uv": [7.5, 4.125, 8.25, 4.4375], "texture": "#0"},
				"up": {"uv": [6.75, 8.5, 6.5, 7.75], "texture": "#0"},
				"down": {"uv": [7, 7.75, 6.75, 8.5], "texture": "#0"}
			}
		},
		{
			"from": [6.76, -0.8, 0.6],
			"to": [8.52, 1, 5.52],
			"rotation": {"angle": 22.5, "axis": "x", "origin": [7.8, 1.2, 2.3]},
			"faces": {
				"north": {"uv": [7.25, 9.3125, 7.5, 9], "texture": "#0"},
				"east": {"uv": [7.5, 4.0625, 8.25, 3.75], "texture": "#0"},
				"south": {"uv": [9, 8.4375, 9.25, 8.125], "texture": "#0"},
				"west": {"uv": [7.5, 4.4375, 8.25, 4.125], "texture": "#0"},
				"up": {"uv": [7, 8.5, 6.75, 7.75], "texture": "#0"},
				"down": {"uv": [6.75, 7.75, 6.5, 8.5], "texture": "#0"}
			}
		},
		{
			"from": [5.16, 2.72, 0.6],
			"to": [6.92, 2.72, 5.52],
			"rotation": {"angle": -22.5, "axis": "x", "origin": [7.8, 0.8, 2.3]},
			"faces": {
				"north": {"uv": [0, 0, 0.25, 0], "texture": "#0"},
				"east": {"uv": [0, 0, 0.75, 0], "texture": "#0"},
				"south": {"uv": [0, 0, 0.25, 0], "texture": "#0"},
				"west": {"uv": [0, 0, 0.75, 0], "texture": "#0"},
				"up": {"uv": [8.125, 3, 7.875, 2.25], "texture": "#0"},
				"down": {"uv": [8.125, 6.25, 7.875, 7], "texture": "#0"}
			}
		},
		{
			"from": [5.16, -0.72, 0.6],
			"to": [6.92, -0.72, 5.52],
			"rotation": {"angle": 22.5, "axis": "x", "origin": [7.8, 1.2, 2.3]},
			"faces": {
				"north": {"uv": [0, 0, 0.25, 0], "texture": "#0"},
				"east": {"uv": [0, 0, 0.75, 0], "texture": "#0"},
				"south": {"uv": [0, 0, 0.25, 0], "texture": "#0"},
				"west": {"uv": [0, 0, 0.75, 0], "texture": "#0"},
				"up": {"uv": [8.125, 7, 7.875, 6.25], "texture": "#0"},
				"down": {"uv": [8.125, 2.25, 7.875, 3], "texture": "#0"}
			}
		},
		{
			"from": [7.36, 2.8, 4.4],
			"to": [9.32, 2.8, 9.52],
			"rotation": {"angle": -22.5, "axis": "x", "origin": [8.6, 0.8, 6.1]},
			"faces": {
				"north": {"uv": [0, 0, 0.3125, 0], "texture": "#0"},
				"east": {"uv": [0, 0, 0.8125, 0], "texture": "#0"},
				"south": {"uv": [0, 0, 0.3125, 0], "texture": "#0"},
				"west": {"uv": [0, 0, 0.8125, 0], "texture": "#0"},
				"up": {"uv": [7.4375, 3.8125, 7.125, 3], "texture": "#0"},
				"down": {"uv": [7.4375, 3.875, 7.125, 4.6875], "texture": "#0"}
			}
		},
		{
			"from": [7.36, -1.2, 4.15],
			"to": [9.32, -1.2, 9.27],
			"rotation": {"angle": 22.5, "axis": "x", "origin": [8.6, 0.8, 5.85]},
			"faces": {
				"north": {"uv": [0, 0, 0.3125, 0], "texture": "#0"},
				"east": {"uv": [0, 0, 0.8125, 0], "texture": "#0"},
				"south": {"uv": [0, 0, 0.3125, 0], "texture": "#0"},
				"west": {"uv": [0, 0, 0.8125, 0], "texture": "#0"},
				"up": {"uv": [7.4375, 4.6875, 7.125, 3.875], "texture": "#0"},
				"down": {"uv": [7.4375, 3, 7.125, 3.8125], "texture": "#0"}
			}
		},
		{
			"from": [0.96, -0.2, 3.92],
			"to": [4.36, 1.8, 5.52],
			"rotation": {"angle": 22.5, "axis": "y", "origin": [8, 0.8, 5.6]},
			"faces": {
				"north": {"uv": [8, 0, 8.5625, 0.3125], "texture": "#0"},
				"east": {"uv": [9, 0.875, 9.25, 1.1875], "texture": "#0"},
				"south": {"uv": [8, 0.375, 8.5625, 0.6875], "texture": "#0"},
				"west": {"uv": [9, 1.25, 9.25, 1.5625], "texture": "#0"},
				"up": {"uv": [8.5625, 1, 8, 0.75], "texture": "#0"},
				"down": {"uv": [8.5625, 6, 8, 6.25], "texture": "#0"}
			}
		},
		{
			"from": [11.64, -0.2, 3.92],
			"to": [15.04, 1.8, 5.52],
			"rotation": {"angle": -22.5, "axis": "y", "origin": [8, 0.8, 5.6]},
			"faces": {
				"north": {"uv": [8, 5.25, 8.5625, 5.5625], "texture": "#0"},
				"east": {"uv": [9, 4.125, 9.25, 4.4375], "texture": "#0"},
				"south": {"uv": [8, 5.625, 8.5625, 5.9375], "texture": "#0"},
				"west": {"uv": [9, 4.5, 9.25, 4.8125], "texture": "#0"},
				"up": {"uv": [8.8125, 5.125, 8.25, 4.875], "texture": "#0"},
				"down": {"uv": [8.6875, 8.25, 8.125, 8.5], "texture": "#0"}
			}
		},
		{
			"from": [1.16, 0, 3.72],
			"to": [4.36, 1.6, 3.92],
			"rotation": {"angle": 22.5, "axis": "y", "origin": [8, 0.8, 5.6]},
			"faces": {
				"north": {"uv": [8.375, 1.75, 8.875, 2], "texture": "#0"},
				"east": {"uv": [10, 1.875, 10.0625, 2.125], "texture": "#0"},
				"south": {"uv": [8.375, 2, 8.875, 2.25], "texture": "#0"},
				"west": {"uv": [10, 2.25, 10.0625, 2.5], "texture": "#0"},
				"up": {"uv": [10.25, 2.1875, 9.75, 2.125], "texture": "#0"},
				"down": {"uv": [10.25, 7.875, 9.75, 7.9375], "texture": "#0"}
			}
		},
		{
			"from": [11.64, 0, 3.72],
			"to": [14.84, 1.6, 3.92],
			"rotation": {"angle": -22.5, "axis": "y", "origin": [8, 0.8, 5.6]},
			"faces": {
				"north": {"uv": [8.375, 7.25, 8.875, 7.5], "texture": "#0"},
				"east": {"uv": [10, 3, 10.0625, 3.25], "texture": "#0"},
				"south": {"uv": [8.375, 7.5, 8.875, 7.75], "texture": "#0"},
				"west": {"uv": [10, 3.25, 10.0625, 3.5], "texture": "#0"},
				"up": {"uv": [10.25, 8.0625, 9.75, 8], "texture": "#0"},
				"down": {"uv": [10.25, 8.125, 9.75, 8.1875], "texture": "#0"}
			}
		},
		{
			"from": [1.76, 0, 5.52],
			"to": [4.36, 1.6, 5.72],
			"rotation": {"angle": 22.5, "axis": "y", "origin": [8, 0.8, 5.6]},
			"faces": {
				"north": {"uv": [8.625, 6.5, 9.0625, 6.75], "texture": "#0"},
				"east": {"uv": [10, 2.5, 10.0625, 2.75], "texture": "#0"},
				"south": {"uv": [8.625, 6.75, 9.0625, 7], "texture": "#0"},
				"west": {"uv": [10, 2.75, 10.0625, 3], "texture": "#0"},
				"up": {"uv": [9.0625, 9.8125, 8.625, 9.75], "texture": "#0"},
				"down": {"uv": [10.1875, 8.75, 9.75, 8.8125], "texture": "#0"}
			}
		},
		{
			"from": [11.64, 0, 5.52],
			"to": [14.24, 1.6, 5.72],
			"rotation": {"angle": -22.5, "axis": "y", "origin": [8, 0.8, 5.6]},
			"faces": {
				"north": {"uv": [8.625, 7, 9.0625, 7.25], "texture": "#0"},
				"east": {"uv": [10, 3.5, 10.0625, 3.75], "texture": "#0"},
				"south": {"uv": [8.75, 2.625, 9.1875, 2.875], "texture": "#0"},
				"west": {"uv": [10, 3.75, 10.0625, 4], "texture": "#0"},
				"up": {"uv": [10.1875, 8.9375, 9.75, 8.875], "texture": "#0"},
				"down": {"uv": [10.1875, 9, 9.75, 9.0625], "texture": "#0"}
			}
		},
		{
			"from": [0.72972, 0, 8.33052],
			"to": [2.12972, 1.6, 11.93052],
			"rotation": {"angle": -22.5, "axis": "y", "origin": [2.72972, 0.8, 6.83052]},
			"faces": {
				"north": {"uv": [8.75, 6.25, 9, 6.5], "texture": "#0"},
				"east": {"uv": [8.125, 2.625, 8.6875, 2.875], "texture": "#0"},
				"south": {"uv": [8.875, 3.375, 9.125, 3.625], "texture": "#0"},
				"west": {"uv": [8.125, 6.25, 8.6875, 6.5], "texture": "#0"},
				"up": {"uv": [8.375, 7.0625, 8.125, 6.5], "texture": "#0"},
				"down": {"uv": [8.375, 7.125, 8.125, 7.6875], "texture": "#0"}
			}
		},
		{
			"from": [13.87028, 0, 8.33052],
			"to": [15.27028, 1.6, 11.93052],
			"rotation": {"angle": 22.5, "axis": "y", "origin": [13.27028, 0.8, 6.83052]},
			"faces": {
				"north": {"uv": [9, 9.25, 9.25, 9.5], "texture": "#0"},
				"east": {"uv": [8.125, 7.75, 8.6875, 8], "texture": "#0"},
				"south": {"uv": [9.25, 9.25, 9.5, 9.5], "texture": "#0"},
				"west": {"uv": [8.125, 8, 8.6875, 8.25], "texture": "#0"},
				"up": {"uv": [8.5, 3.4375, 8.25, 2.875], "texture": "#0"},
				"down": {"uv": [8.5, 3.5, 8.25, 4.0625], "texture": "#0"}
			}
		},
		{
			"from": [0.52972, 0.2, 8.33052],
			"to": [0.72972, 1.4, 12.33052],
			"rotation": {"angle": -22.5, "axis": "y", "origin": [2.72972, 0.8, 6.83052]},
			"faces": {
				"north": {"uv": [10, 5.875, 10.0625, 6.0625], "texture": "#0"},
				"east": {"uv": [8.5, 3.625, 9.125, 3.8125], "texture": "#0"},
				"south": {"uv": [10, 6.125, 10.0625, 6.3125], "texture": "#0"},
				"west": {"uv": [8.5, 3.875, 9.125, 4.0625], "texture": "#0"},
				"up": {"uv": [9.1875, 10.125, 9.125, 9.5], "texture": "#0"},
				"down": {"uv": [9.5625, 9.125, 9.5, 9.75], "texture": "#0"}
			}
		},
		{
			"from": [15.27028, 0.2, 8.33052],
			"to": [15.47028, 1.4, 12.33052],
			"rotation": {"angle": 22.5, "axis": "y", "origin": [13.27028, 0.8, 6.83052]},
			"faces": {
				"north": {"uv": [10, 6.375, 10.0625, 6.5625], "texture": "#0"},
				"east": {"uv": [7.875, 8.5, 8.5, 8.6875], "texture": "#0"},
				"south": {"uv": [6.5, 10, 6.5625, 10.1875], "texture": "#0"},
				"west": {"uv": [8.5, 8.5, 9.125, 8.6875], "texture": "#0"},
				"up": {"uv": [9.6875, 1, 9.625, 0.375], "texture": "#0"},
				"down": {"uv": [9.6875, 1, 9.625, 1.625], "texture": "#0"}
			}
		},
		{
			"from": [2.12972, 0.2, 8.33052],
			"to": [2.32972, 1.4, 12.33052],
			"rotation": {"angle": -22.5, "axis": "y", "origin": [2.72972, 0.8, 6.83052]},
			"faces": {
				"north": {"uv": [6.25, 10, 6.3125, 10.1875], "texture": "#0"},
				"east": {"uv": [6, 8.5, 6.625, 8.6875], "texture": "#0"},
				"south": {"uv": [6.375, 10, 6.4375, 10.1875], "texture": "#0"},
				"west": {"uv": [6.625, 8.5, 7.25, 8.6875], "texture": "#0"},
				"up": {"uv": [9.3125, 10.125, 9.25, 9.5], "texture": "#0"},
				"down": {"uv": [9.4375, 9.5, 9.375, 10.125], "texture": "#0"}
			}
		},
		{
			"from": [13.67028, 0.2, 8.33052],
			"to": [13.87028, 1.4, 12.33052],
			"rotation": {"angle": 22.5, "axis": "y", "origin": [13.27028, 0.8, 6.83052]},
			"faces": {
				"north": {"uv": [6.625, 10, 6.6875, 10.1875], "texture": "#0"},
				"east": {"uv": [8.625, 0, 9.25, 0.1875], "texture": "#0"},
				"south": {"uv": [10, 6.625, 10.0625, 6.8125], "texture": "#0"},
				"west": {"uv": [8.625, 0.25, 9.25, 0.4375], "texture": "#0"},
				"up": {"uv": [9.6875, 2.25, 9.625, 1.625], "texture": "#0"},
				"down": {"uv": [9.6875, 2.625, 9.625, 3.25], "texture": "#0"}
			}
		},
		{
			"from": [4.36, -0.4, 3.72],
			"to": [6.36, 2, 5.72],
			"rotation": {"angle": 22.5, "axis": "y", "origin": [8, 0.8, 5.6]},
			"faces": {
				"north": {"uv": [7.5, 8.375, 7.8125, 8.75], "texture": "#0"},
				"east": {"uv": [8.5, 2.25, 8.8125, 2.625], "texture": "#0"},
				"south": {"uv": [8.5, 2.875, 8.8125, 3.25], "texture": "#0"},
				"west": {"uv": [8.5, 3.25, 8.8125, 3.625], "texture": "#0"},
				"up": {"uv": [6.5625, 9.0625, 6.25, 8.75], "texture": "#0"},
				"down": {"uv": [6.9375, 8.75, 6.625, 9.0625], "texture": "#0"}
			}
		},
		{
			"from": [4.6242, -0.7, 5.19727],
			"to": [5.8242, 2.1, 6.39727],
			"rotation": {"angle": -22.5, "axis": "y", "origin": [5.2242, 0.7, 5.79727]},
			"faces": {
				"north": {"uv": [8.125, 8.75, 8.3125, 9.1875], "texture": "#0"},
				"east": {"uv": [8.375, 8.75, 8.5625, 9.1875], "texture": "#0"},
				"south": {"uv": [8.625, 8.75, 8.8125, 9.1875], "texture": "#0"},
				"west": {"uv": [8.875, 1.625, 9.0625, 2.0625], "texture": "#0"},
				"up": {"uv": [9.9375, 5.3125, 9.75, 5.125], "texture": "#0"},
				"down": {"uv": [9.9375, 5.125, 9.75, 5.3125], "texture": "#0"}
			}
		},
		{
			"from": [10.1758, -0.7, 5.19727],
			"to": [11.3758, 2.1, 6.39727],
			"rotation": {"angle": 22.5, "axis": "y", "origin": [10.7758, 0.7, 5.79727]},
			"faces": {
				"north": {"uv": [8.875, 2.125, 9.0625, 2.5625], "texture": "#0"},
				"east": {"uv": [8.875, 2.875, 9.0625, 3.3125], "texture": "#0"},
				"south": {"uv": [8.875, 7.25, 9.0625, 7.6875], "texture": "#0"},
				"west": {"uv": [8.875, 8.75, 9.0625, 9.1875], "texture": "#0"},
				"up": {"uv": [9.9375, 5.8125, 9.75, 5.625], "texture": "#0"},
				"down": {"uv": [9.9375, 5.625, 9.75, 5.8125], "texture": "#0"}
			}
		},
		{
			"from": [9.64, -0.4, 3.72],
			"to": [11.64, 2, 5.72],
			"rotation": {"angle": -22.5, "axis": "y", "origin": [8, 0.8, 5.6]},
			"faces": {
				"north": {"uv": [8.625, 0.5, 8.9375, 0.875], "texture": "#0"},
				"east": {"uv": [8.625, 0.875, 8.9375, 1.25], "texture": "#0"},
				"south": {"uv": [8.625, 1.25, 8.9375, 1.625], "texture": "#0"},
				"west": {"uv": [8.625, 4.125, 8.9375, 4.5], "texture": "#0"},
				"up": {"uv": [7.8125, 9.0625, 7.5, 8.75], "texture": "#0"},
				"down": {"uv": [9.0625, 7.75, 8.75, 8.0625], "texture": "#0"}
			}
		},
		{
			"from": [-2.44, -0.2, 6.72],
			"to": [-1.24, 1.8, 7.92],
			"rotation": {"angle": 22.5, "axis": "y", "origin": [8, 0.8, 5.6]},
			"faces": {
				"north": {"uv": [9.375, 1.625, 9.5625, 1.9375], "texture": "#0"},
				"east": {"uv": [9.375, 2, 9.5625, 2.3125], "texture": "#0"},
				"south": {"uv": [9.375, 2.875, 9.5625, 3.1875], "texture": "#0"},
				"west": {"uv": [9.375, 3.25, 9.5625, 3.5625], "texture": "#0"},
				"up": {"uv": [9.9375, 1.8125, 9.75, 1.625], "texture": "#0"},
				"down": {"uv": [9.9375, 1.625, 9.75, 1.8125], "texture": "#0"}
			}
		},
		{
			"from": [17.24, -0.2, 6.72],
			"to": [18.44, 1.8, 7.92],
			"rotation": {"angle": -22.5, "axis": "y", "origin": [8, 0.8, 5.6]},
			"faces": {
				"north": {"uv": [9.375, 3.625, 9.5625, 3.9375], "texture": "#0"},
				"east": {"uv": [9.375, 6.25, 9.5625, 6.5625], "texture": "#0"},
				"south": {"uv": [9.375, 6.625, 9.5625, 6.9375], "texture": "#0"},
				"west": {"uv": [9.375, 7, 9.5625, 7.3125], "texture": "#0"},
				"up": {"uv": [9.9375, 2.8125, 9.75, 2.625], "texture": "#0"},
				"down": {"uv": [9.9375, 2.625, 9.75, 2.8125], "texture": "#0"}
			}
		},
		{
			"from": [-2.84, 0, 6.92],
			"to": [-1.44, 1.6, 8.32],
			"rotation": {"angle": 22.5, "axis": "y", "origin": [8, 0.8, 5.6]},
			"faces": {
				"north": {"uv": [9.25, 4.75, 9.5, 5], "texture": "#0"},
				"east": {"uv": [9.25, 5, 9.5, 5.25], "texture": "#0"},
				"south": {"uv": [9.25, 5.25, 9.5, 5.5], "texture": "#0"},
				"west": {"uv": [9.25, 5.5, 9.5, 5.75], "texture": "#0"},
				"up": {"uv": [9.5, 6, 9.25, 5.75], "texture": "#0"},
				"down": {"uv": [6.25, 9.25, 6, 9.5], "texture": "#0"}
			}
		},
		{
			"from": [-4.84, 0.2, 7.12],
			"to": [-2.64, 1.4, 8.12],
			"rotation": {"angle": 22.5, "axis": "y", "origin": [8, 0.8, 5.6]},
			"faces": {
				"north": {"uv": [9.125, 2.375, 9.5, 2.5625], "texture": "#0"},
				"east": {"uv": [7.25, 9.75, 7.4375, 9.9375], "texture": "#0"},
				"south": {"uv": [9.125, 7.875, 9.5, 8.0625], "texture": "#0"},
				"west": {"uv": [9.75, 7.375, 9.9375, 7.5625], "texture": "#0"},
				"up": {"uv": [9.625, 0.5625, 9.25, 0.375], "texture": "#0"},
				"down": {"uv": [9.625, 0.625, 9.25, 0.8125], "texture": "#0"}
			}
		},
		{
			"from": [18.64, 0.2, 7.12],
			"to": [20.84, 1.4, 8.12],
			"rotation": {"angle": -22.5, "axis": "y", "origin": [8, 0.8, 5.6]},
			"faces": {
				"north": {"uv": [9.25, 0.875, 9.625, 1.0625], "texture": "#0"},
				"east": {"uv": [7.5, 9.75, 7.6875, 9.9375], "texture": "#0"},
				"south": {"uv": [9.25, 1.125, 9.625, 1.3125], "texture": "#0"},
				"west": {"uv": [9.75, 7.625, 9.9375, 7.8125], "texture": "#0"},
				"up": {"uv": [9.625, 1.5625, 9.25, 1.375], "texture": "#0"},
				"down": {"uv": [9.625, 2.625, 9.25, 2.8125], "texture": "#0"}
			}
		},
		{
			"from": [-4.85333, 0.28, 11.13894],
			"to": [-2.81333, 1.32, 11.97894],
			"rotation": {"angle": 45, "axis": "y", "origin": [-2.07333, 0.8, 11.95894]},
			"faces": {
				"north": {"uv": [9.5, 2.375, 9.8125, 2.5625], "texture": "#0"},
				"east": {"uv": [10, 0.625, 10.125, 0.8125], "texture": "#0"},
				"south": {"uv": [6.25, 9.5, 6.5625, 9.6875], "texture": "#0"},
				"west": {"uv": [10, 0.875, 10.125, 1.0625], "texture": "#0"},
				"up": {"uv": [8.5625, 5.25, 8.25, 5.125], "texture": "#0"},
				"down": {"uv": [9.9375, 2.25, 9.625, 2.375], "texture": "#0"}
			}
		},
		{
			"from": [18.81333, 0.28, 11.13894],
			"to": [20.85333, 1.32, 11.97894],
			"rotation": {"angle": -45, "axis": "y", "origin": [18.07333, 0.8, 11.95894]},
			"faces": {
				"north": {"uv": [6.625, 9.5, 6.9375, 9.6875], "texture": "#0"},
				"east": {"uv": [10, 1.125, 10.125, 1.3125], "texture": "#0"},
				"south": {"uv": [7.5, 9.5, 7.8125, 9.6875], "texture": "#0"},
				"west": {"uv": [10, 1.625, 10.125, 1.8125], "texture": "#0"},
				"up": {"uv": [10.0625, 1.5, 9.75, 1.375], "texture": "#0"},
				"down": {"uv": [10.0625, 1.5, 9.75, 1.625], "texture": "#0"}
			}
		},
		{
			"from": [-4.34068, 0.36, 13.66061],
			"to": [-3.66068, 1.24, 15.46061],
			"rotation": {"angle": -22.5, "axis": "y", "origin": [-3.60068, 0.8, 12.92061]},
			"faces": {
				"north": {"uv": [10, 5.375, 10.125, 5.5], "texture": "#0"},
				"east": {"uv": [9.625, 9.125, 9.9375, 9.25], "texture": "#0"},
				"south": {"uv": [10, 5.5, 10.125, 5.625], "texture": "#0"},
				"west": {"uv": [9.625, 9.25, 9.9375, 9.375], "texture": "#0"},
				"up": {"uv": [9.75, 9.6875, 9.625, 9.375], "texture": "#0"},
				"down": {"uv": [9.875, 0, 9.75, 0.3125], "texture": "#0"}
			}
		},
		{
			"from": [19.66068, 0.36, 13.66061],
			"to": [20.34068, 1.24, 15.46061],
			"rotation": {"angle": 22.5, "axis": "y", "origin": [19.60068, 0.8, 12.92061]},
			"faces": {
				"north": {"uv": [10, 5.625, 10.125, 5.75], "texture": "#0"},
				"east": {"uv": [9.75, 0.375, 10.0625, 0.5], "texture": "#0"},
				"south": {"uv": [10, 5.75, 10.125, 5.875], "texture": "#0"},
				"west": {"uv": [9.75, 0.5, 10.0625, 0.625], "texture": "#0"},
				"up": {"uv": [9.875, 0.9375, 9.75, 0.625], "texture": "#0"},
				"down": {"uv": [9.875, 1, 9.75, 1.3125], "texture": "#0"}
			}
		},
		{
			"from": [17.44, 0, 6.92],
			"to": [18.84, 1.6, 8.32],
			"rotation": {"angle": -22.5, "axis": "y", "origin": [8, 0.8, 5.6]},
			"faces": {
				"north": {"uv": [9.25, 6, 9.5, 6.25], "texture": "#0"},
				"east": {"uv": [8, 9.25, 8.25, 9.5], "texture": "#0"},
				"south": {"uv": [9.25, 8.125, 9.5, 8.375], "texture": "#0"},
				"west": {"uv": [8.25, 9.25, 8.5, 9.5], "texture": "#0"},
				"up": {"uv": [8.75, 9.5, 8.5, 9.25], "texture": "#0"},
				"down": {"uv": [9, 9.25, 8.75, 9.5], "texture": "#0"}
			}
		},
		{
			"from": [0.36868, -0.4, 6.248],
			"to": [1.72868, 2, 8.488],
			"rotation": {"angle": 45, "axis": "y", "origin": [1.52868, 0.8, 7.328]},
			"faces": {
				"north": {"uv": [9.125, 2.875, 9.3125, 3.25], "texture": "#0"},
				"east": {"uv": [7.5, 8, 7.875, 8.375], "texture": "#0"},
				"south": {"uv": [9.125, 3.25, 9.3125, 3.625], "texture": "#0"},
				"west": {"uv": [8.125, 2.25, 8.5, 2.625], "texture": "#0"},
				"up": {"uv": [9.3125, 4, 9.125, 3.625], "texture": "#0"},
				"down": {"uv": [6.4375, 9.125, 6.25, 9.5], "texture": "#0"}
			}
		},
		{
			"from": [3.46797, -0.21555, 4.14189],
			"to": [4.84512, 1.81091, 5.66659],
			"rotation": {"angle": 22.5, "axis": "y", "origin": [3.26568, 0.90368, 3.39355]},
			"faces": {
				"north": {"uv": [7.25, 9.375, 7.4375, 9.6875], "texture": "#0"},
				"east": {"uv": [9, 4.875, 9.25, 5.1875], "texture": "#0"},
				"south": {"uv": [9.375, 7.375, 9.5625, 7.6875], "texture": "#0"},
				"west": {"uv": [9, 5.25, 9.25, 5.5625], "texture": "#0"},
				"up": {"uv": [9.6875, 8.375, 9.5, 8.125], "texture": "#0"},
				"down": {"uv": [8.5625, 9.5, 8.375, 9.75], "texture": "#0"}
			}
		},
		{
			"from": [-1.01627, -0.17675, 6.99135],
			"to": [0.113, 1.48495, 8.24161],
			"rotation": {"angle": 45, "axis": "y", "origin": [-1.18214, 0.65785, 6.37771]},
			"faces": {
				"north": {"uv": [7.25, 9.375, 7.4375, 9.6875], "texture": "#0"},
				"east": {"uv": [9, 4.875, 9.25, 5.1875], "texture": "#0"},
				"south": {"uv": [9.375, 7.375, 9.5625, 7.6875], "texture": "#0"},
				"west": {"uv": [9, 5.25, 9.25, 5.5625], "texture": "#0"},
				"up": {"uv": [9.6875, 8.375, 9.5, 8.125], "texture": "#0"},
				"down": {"uv": [8.5625, 9.5, 8.375, 9.75], "texture": "#0"}
			}
		},
		{
			"from": [15.887, -0.17675, 6.99135],
			"to": [17.01627, 1.48495, 8.24161],
			"rotation": {"angle": -45, "axis": "y", "origin": [17.18214, 0.65785, 6.37771]},
			"faces": {
				"north": {"uv": [7.4375, 9.375, 7.25, 9.6875], "texture": "#0"},
				"east": {"uv": [9.25, 5.25, 9, 5.5625], "texture": "#0"},
				"south": {"uv": [9.5625, 7.375, 9.375, 7.6875], "texture": "#0"},
				"west": {"uv": [9.25, 4.875, 9, 5.1875], "texture": "#0"},
				"up": {"uv": [9.5, 8.375, 9.6875, 8.125], "texture": "#0"},
				"down": {"uv": [8.375, 9.5, 8.5625, 9.75], "texture": "#0"}
			}
		},
		{
			"from": [11.15488, -0.21555, 4.14189],
			"to": [12.53203, 1.81091, 5.66659],
			"rotation": {"angle": -22.5, "axis": "y", "origin": [12.73432, 0.90368, 3.39355]},
			"faces": {
				"north": {"uv": [9.5, 4.375, 9.6875, 4.6875], "texture": "#0"},
				"east": {"uv": [9, 5.625, 9.25, 5.9375], "texture": "#0"},
				"south": {"uv": [9.5, 4.75, 9.6875, 5.0625], "texture": "#0"},
				"west": {"uv": [9, 6, 9.25, 6.3125], "texture": "#0"},
				"up": {"uv": [8.8125, 9.75, 8.625, 9.5], "texture": "#0"},
				"down": {"uv": [9.0625, 9.5, 8.875, 9.75], "texture": "#0"}
			}
		},
		{
			"from": [3.453, -0.11718, 2.2633],
			"to": [4.58423, 1.71254, 3.44372],
			"rotation": {"angle": -45, "axis": "y", "origin": [3.26568, 0.90368, 3.39355]},
			"faces": {
				"north": {"uv": [9.375, 8.375, 9.5625, 8.6875], "texture": "#0"},
				"east": {"uv": [9.375, 8.75, 9.5625, 9.0625], "texture": "#0"},
				"south": {"uv": [9.5, 0, 9.6875, 0.3125], "texture": "#0"},
				"west": {"uv": [9.5, 4, 9.6875, 4.3125], "texture": "#0"},
				"up": {"uv": [9.9375, 6.3125, 9.75, 6.125], "texture": "#0"},
				"down": {"uv": [6.4375, 9.75, 6.25, 9.9375], "texture": "#0"}
			}
		},
		{
			"from": [-1.02854, -0.09609, 5.45091],
			"to": [-0.10093, 1.40429, 6.41885],
			"rotation": {"angle": -22.5, "axis": "y", "origin": [-1.18214, 0.65785, 6.37771]},
			"faces": {
				"north": {"uv": [9.375, 8.375, 9.5625, 8.6875], "texture": "#0"},
				"east": {"uv": [9.375, 8.75, 9.5625, 9.0625], "texture": "#0"},
				"south": {"uv": [9.5, 0, 9.6875, 0.3125], "texture": "#0"},
				"west": {"uv": [9.5, 4, 9.6875, 4.3125], "texture": "#0"},
				"up": {"uv": [9.9375, 6.3125, 9.75, 6.125], "texture": "#0"},
				"down": {"uv": [6.4375, 9.75, 6.25, 9.9375], "texture": "#0"}
			}
		},
		{
			"from": [16.10093, -0.09609, 5.45091],
			"to": [17.02854, 1.40429, 6.41885],
			"rotation": {"angle": 22.5, "axis": "y", "origin": [17.18214, 0.65785, 6.37771]},
			"faces": {
				"north": {"uv": [9.5625, 8.375, 9.375, 8.6875], "texture": "#0"},
				"east": {"uv": [9.6875, 4, 9.5, 4.3125], "texture": "#0"},
				"south": {"uv": [9.6875, 0, 9.5, 0.3125], "texture": "#0"},
				"west": {"uv": [9.5625, 8.75, 9.375, 9.0625], "texture": "#0"},
				"up": {"uv": [9.75, 6.3125, 9.9375, 6.125], "texture": "#0"},
				"down": {"uv": [6.25, 9.75, 6.4375, 9.9375], "texture": "#0"}
			}
		},
		{
			"from": [11.41577, -0.11718, 2.2633],
			"to": [12.547, 1.71254, 3.44372],
			"rotation": {"angle": 45, "axis": "y", "origin": [12.73432, 0.90368, 3.39355]},
			"faces": {
				"north": {"uv": [9.5, 5.125, 9.6875, 5.4375], "texture": "#0"},
				"east": {"uv": [9.5, 5.5, 9.6875, 5.8125], "texture": "#0"},
				"south": {"uv": [9.5, 5.875, 9.6875, 6.1875], "texture": "#0"},
				"west": {"uv": [6, 9.5, 6.1875, 9.8125], "texture": "#0"},
				"up": {"uv": [9.9375, 6.8125, 9.75, 6.625], "texture": "#0"},
				"down": {"uv": [6.9375, 9.75, 6.75, 9.9375], "texture": "#0"}
			}
		},
		{
			"from": [1.93346, 0.37466, 2.45215],
			"to": [3.16306, 1.2207, 3.23909],
			"rotation": {"angle": 0, "axis": "y", "origin": [3.26568, 0.90368, 3.39355]},
			"faces": {
				"north": {"uv": [8.125, 9.875, 8.3125, 10], "texture": "#0"},
				"east": {"uv": [9.875, 9.75, 10, 9.875], "texture": "#0"},
				"south": {"uv": [9.875, 8.25, 10.0625, 8.375], "texture": "#0"},
				"west": {"uv": [10, 4, 10.125, 4.125], "texture": "#0"},
				"up": {"uv": [10.0625, 8.5, 9.875, 8.375], "texture": "#0"},
				"down": {"uv": [10.0625, 8.5, 9.875, 8.625], "texture": "#0"}
			}
		},
		{
			"from": [-2.27456, 0.30722, 5.60576],
			"to": [-1.26629, 1.00098, 6.25106],
			"rotation": {"angle": 22.5, "axis": "y", "origin": [-1.18214, 0.65785, 6.37771]},
			"faces": {
				"north": {"uv": [8.125, 9.875, 8.3125, 10], "texture": "#0"},
				"east": {"uv": [9.875, 9.75, 10, 9.875], "texture": "#0"},
				"south": {"uv": [9.875, 8.25, 10.0625, 8.375], "texture": "#0"},
				"west": {"uv": [10, 4, 10.125, 4.125], "texture": "#0"},
				"up": {"uv": [10.0625, 8.5, 9.875, 8.375], "texture": "#0"},
				"down": {"uv": [10.0625, 8.5, 9.875, 8.625], "texture": "#0"}
			}
		},
		{
			"from": [17.26629, 0.30722, 5.60576],
			"to": [18.27456, 1.00098, 6.25106],
			"rotation": {"angle": -22.5, "axis": "y", "origin": [17.18214, 0.65785, 6.37771]},
			"faces": {
				"north": {"uv": [8.3125, 9.875, 8.125, 10], "texture": "#0"},
				"east": {"uv": [10.125, 4, 10, 4.125], "texture": "#0"},
				"south": {"uv": [10.0625, 8.25, 9.875, 8.375], "texture": "#0"},
				"west": {"uv": [10, 9.75, 9.875, 9.875], "texture": "#0"},
				"up": {"uv": [9.875, 8.5, 10.0625, 8.375], "texture": "#0"},
				"down": {"uv": [9.875, 8.5, 10.0625, 8.625], "texture": "#0"}
			}
		},
		{
			"from": [12.83694, 0.37466, 2.45215],
			"to": [14.06654, 1.2207, 3.23909],
			"rotation": {"angle": 0, "axis": "y", "origin": [12.73432, 0.90368, 3.39355]},
			"faces": {
				"north": {"uv": [9.875, 9.375, 10.0625, 9.5], "texture": "#0"},
				"east": {"uv": [10, 4.625, 10.125, 4.75], "texture": "#0"},
				"south": {"uv": [9.875, 9.5, 10.0625, 9.625], "texture": "#0"},
				"west": {"uv": [10, 4.75, 10.125, 4.875], "texture": "#0"},
				"up": {"uv": [10.0625, 9.75, 9.875, 9.625], "texture": "#0"},
				"down": {"uv": [9.9375, 9.875, 9.75, 10], "texture": "#0"}
			}
		},
		{
			"from": [0.96815, 0.54058, 2.12095],
			"to": [2.44367, 1.10058, 2.71115],
			"rotation": {"angle": 22.5, "axis": "y", "origin": [3.26568, 0.90368, 3.39355]},
			"faces": {
				"north": {"uv": [10, 4.125, 10.25, 4.1875], "texture": "#0"},
				"east": {"uv": [7.375, 10, 7.4375, 10.0625], "texture": "#0"},
				"south": {"uv": [10, 4.25, 10.25, 4.3125], "texture": "#0"},
				"west": {"uv": [10, 7.375, 10.0625, 7.4375], "texture": "#0"},
				"up": {"uv": [10.25, 4.4375, 10, 4.375], "texture": "#0"},
				"down": {"uv": [10.25, 4.5, 10, 4.5625], "texture": "#0"}
			}
		},
		{
			"from": [-3.06611, 0.44327, 5.33418],
			"to": [-1.85619, 0.90247, 5.81815],
			"rotation": {"angle": 45, "axis": "y", "origin": [-1.18214, 0.65785, 6.37771]},
			"faces": {
				"north": {"uv": [10, 4.125, 10.25, 4.1875], "texture": "#0"},
				"east": {"uv": [7.375, 10, 7.4375, 10.0625], "texture": "#0"},
				"south": {"uv": [10, 4.25, 10.25, 4.3125], "texture": "#0"},
				"west": {"uv": [10, 7.375, 10.0625, 7.4375], "texture": "#0"},
				"up": {"uv": [10.25, 4.4375, 10, 4.375], "texture": "#0"},
				"down": {"uv": [10.25, 4.5, 10, 4.5625], "texture": "#0"}
			}
		},
		{
			"from": [17.85619, 0.44327, 5.33418],
			"to": [19.06611, 0.90247, 5.81815],
			"rotation": {"angle": -45, "axis": "y", "origin": [17.18214, 0.65785, 6.37771]},
			"faces": {
				"north": {"uv": [10.25, 4.125, 10, 4.1875], "texture": "#0"},
				"east": {"uv": [10.0625, 7.375, 10, 7.4375], "texture": "#0"},
				"south": {"uv": [10.25, 4.25, 10, 4.3125], "texture": "#0"},
				"west": {"uv": [7.4375, 10, 7.375, 10.0625], "texture": "#0"},
				"up": {"uv": [10, 4.4375, 10.25, 4.375], "texture": "#0"},
				"down": {"uv": [10, 4.5, 10.25, 4.5625], "texture": "#0"}
			}
		},
		{
			"from": [13.55633, 0.54058, 2.12095],
			"to": [15.03185, 1.10058, 2.71115],
			"rotation": {"angle": -22.5, "axis": "y", "origin": [12.73432, 0.90368, 3.39355]},
			"faces": {
				"north": {"uv": [10, 4.875, 10.25, 4.9375], "texture": "#0"},
				"east": {"uv": [7.5, 10, 7.5625, 10.0625], "texture": "#0"},
				"south": {"uv": [10, 5, 10.25, 5.0625], "texture": "#0"},
				"west": {"uv": [10, 7.5, 10.0625, 7.5625], "texture": "#0"},
				"up": {"uv": [10.25, 5.1875, 10, 5.125], "texture": "#0"},
				"down": {"uv": [10.25, 5.25, 10, 5.3125], "texture": "#0"}
			}
		},
		{
			"from": [2.76622, 0.12874, 2.49418],
			"to": [3.89745, 1.46662, 3.47786],
			"rotation": {"angle": -22.5, "axis": "y", "origin": [3.26568, 0.90368, 3.39355]},
			"faces": {
				"north": {"uv": [9.75, 6.375, 9.9375, 6.5625], "texture": "#0"},
				"east": {"uv": [6, 9.875, 6.125, 10.0625], "texture": "#0"},
				"south": {"uv": [6.5, 9.75, 6.6875, 9.9375], "texture": "#0"},
				"west": {"uv": [6.125, 9.875, 6.25, 10.0625], "texture": "#0"},
				"up": {"uv": [7.1875, 10, 7, 9.875], "texture": "#0"},
				"down": {"uv": [8.0625, 9.875, 7.875, 10], "texture": "#0"}
			}
		},
		{
			"from": [-1.5917, 0.10556, 5.64022],
			"to": [-0.66409, 1.20263, 6.44684],
			"rotation": {"angle": 0, "axis": "y", "origin": [-1.18214, 0.65785, 6.37771]},
			"faces": {
				"north": {"uv": [9.75, 6.375, 9.9375, 6.5625], "texture": "#0"},
				"east": {"uv": [6, 9.875, 6.125, 10.0625], "texture": "#0"},
				"south": {"uv": [6.5, 9.75, 6.6875, 9.9375], "texture": "#0"},
				"west": {"uv": [6.125, 9.875, 6.25, 10.0625], "texture": "#0"},
				"up": {"uv": [7.1875, 10, 7, 9.875], "texture": "#0"},
				"down": {"uv": [8.0625, 9.875, 7.875, 10], "texture": "#0"}
			}
		},
		{
			"from": [16.66409, 0.10556, 5.64022],
			"to": [17.5917, 1.20263, 6.44684],
			"rotation": {"angle": 0, "axis": "y", "origin": [17.18214, 0.65785, 6.37771]},
			"faces": {
				"north": {"uv": [9.9375, 6.375, 9.75, 6.5625], "texture": "#0"},
				"east": {"uv": [6.25, 9.875, 6.125, 10.0625], "texture": "#0"},
				"south": {"uv": [6.6875, 9.75, 6.5, 9.9375], "texture": "#0"},
				"west": {"uv": [6.125, 9.875, 6, 10.0625], "texture": "#0"},
				"up": {"uv": [7, 10, 7.1875, 9.875], "texture": "#0"},
				"down": {"uv": [7.875, 9.875, 8.0625, 10], "texture": "#0"}
			}
		},
		{
			"from": [12.10255, 0.12874, 2.49418],
			"to": [13.23378, 1.46662, 3.47786],
			"rotation": {"angle": 22.5, "axis": "y", "origin": [12.73432, 0.90368, 3.39355]},
			"faces": {
				"north": {"uv": [9.75, 6.875, 9.9375, 7.0625], "texture": "#0"},
				"east": {"uv": [8.625, 9.875, 8.75, 10.0625], "texture": "#0"},
				"south": {"uv": [9.75, 7.125, 9.9375, 7.3125], "texture": "#0"},
				"west": {"uv": [8.75, 9.875, 8.875, 10.0625], "texture": "#0"},
				"up": {"uv": [10.0625, 8.75, 9.875, 8.625], "texture": "#0"},
				"down": {"uv": [9.0625, 9.875, 8.875, 10], "texture": "#0"}
			}
		},
		{
			"from": [14.27132, -0.4, 6.248],
			"to": [15.63132, 2, 8.488],
			"rotation": {"angle": -45, "axis": "y", "origin": [14.47132, 0.8, 7.328]},
			"faces": {
				"north": {"uv": [9.125, 6.375, 9.3125, 6.75], "texture": "#0"},
				"east": {"uv": [8.25, 4.125, 8.625, 4.5], "texture": "#0"},
				"south": {"uv": [6.5, 9.125, 6.6875, 9.5], "texture": "#0"},
				"west": {"uv": [8.25, 4.5, 8.625, 4.875], "texture": "#0"},
				"up": {"uv": [6.9375, 9.5, 6.75, 9.125], "texture": "#0"},
				"down": {"uv": [9.3125, 6.75, 9.125, 7.125], "texture": "#0"}
			}
		}
	],
	"display": {
		"thirdperson_righthand": {
			"rotation": [0, -4.25, 92],
			"translation": [-6, -2.25, 2.25],
			"scale": [0.67969, 0.60938, 0.7207]
		},
		"thirdperson_lefthand": {
			"rotation": [0, -4.25, 92],
			"translation": [-6, -2.25, 2.25],
			"scale": [0.67969, 0.60938, 0.7207]
		},
		"firstperson_righthand": {
			"rotation": [0, 29.5, 88.5],
			"translation": [3, 6.25, -6.75],
			"scale": [1, 0.80469, 0.77734]
		},
		"firstperson_lefthand": {
			"rotation": [0, 29.5, 88.5],
			"translation": [3, 6.25, -6.75],
			"scale": [1, 0.80469, 0.77734]
		},
		"ground": {
			"translation": [0, 1.75, 0],
			"scale": [0.5, 0.5, 0.5]
		},
		"gui": {
			"rotation": [91.25, 45.5, 0],
			"translation": [-2.25, 1.75, 4.25],
			"scale": [0.55016, 0.65, 0.54492]
		},
		"fixed": {
			"rotation": [91.25, 0, 0],
			"translation": [0, 0, 4.25],
			"scale": [0.64, 0.65, 0.64063]
		}
	}
}