{
	"__comment": "Designed by Pashjn with Cubik Studio - https://cubik.studio",
	"textures": {
		"particle": "items/schleuder1",
		"texture": "items/schleuder1",
		"voxels_atlas": "items/schleuder1"
	},
	"elements": [ 	 
		{
			"__comment": "Voxels",
			"from": [ -14, 5.5, 6.5 ],
			"to": [ -11, 7, 7.5 ],
			"faces": {
				"down": { "uv": [ 2.75, 8.25, 4.25, 8.75 ], "texture": "#voxels_atlas" },
				"up": { "uv": [ 2.75, 7.25, 4.25, 6.75 ], "texture": "#voxels_atlas" },
				"north": { "uv": [ 1.5, 5.75, 0, 6.5 ], "texture": "#voxels_atlas" },
				"south": { "uv": [ 0, 4.25, 1.5, 5 ], "texture": "#voxels_atlas" },
				"west": { "uv": [ 1.75, 12, 2.25, 12.75 ], "texture": "#voxels_atlas" },
				"east": { "uv": [ 2.75, 12, 2.25, 12.75 ], "texture": "#voxels_atlas" }
			}
		},
		{
			"__comment": "Voxels",
			"from": [ -14, 5.5, 7.5 ],
			"to": [ -10.5, 6.5, 8 ],
			"faces": {
				"down": { "uv": [ 2.75, 1.75, 4.5, 2 ], "texture": "#voxels_atlas" },
				"up": { "uv": [ 2.75, 2.25, 4.5, 2 ], "texture": "#voxels_atlas" },
				"north": { "uv": [ 1.75, 1.25, 0, 1.75 ], "texture": "#voxels_atlas" },
				"south": { "uv": [ 0, 0.75, 1.75, 1.25 ], "texture": "#voxels_atlas" },
				"west": { "uv": [ 2.5, 10.25, 2.75, 10.75 ], "texture": "#voxels_atlas" },
				"east": { "uv": [ 2.75, 1.25, 2.5, 1.75 ], "texture": "#voxels_atlas" }
			}
		},
		{
			"__comment": "Voxels",
			"from": [ -13.5, 5, 6.5 ],
			"to": [ -11, 5.5, 8 ],
			"faces": {
				"down": { "uv": [ 1.5, 7.25, 2.75, 8 ], "texture": "#voxels_atlas" },
				"up": { "uv": [ 1.5, 7.25, 2.75, 6.5 ], "texture": "#voxels_atlas" },
				"north": { "uv": [ 16, 11, 14.75, 11.25 ], "texture": "#voxels_atlas" },
				"south": { "uv": [ 14.75, 7.75, 16, 8 ], "texture": "#voxels_atlas" },
				"west": { "uv": [ 9.5, 7, 10.25, 7.25 ], "texture": "#voxels_atlas" },
				"east": { "uv": [ 12.5, 7, 11.75, 7.25 ], "texture": "#voxels_atlas" }
			}
		},
		{
			"__comment": "Voxels",
			"from": [ -13.5, 5.5, 8 ],
			"to": [ -9.5, 6.5, 8.5 ],
			"faces": {
				"down": { "uv": [ 4.5, 3.75, 6.5, 4 ], "texture": "#voxels_atlas" },
				"up": { "uv": [ 4.5, 3.75, 6.5, 3.5 ], "texture": "#voxels_atlas" },
				"north": { "uv": [ 2, 2.25, 0, 2.75 ], "texture": "#voxels_atlas" },
				"south": { "uv": [ 0, 1.75, 2, 2.25 ], "texture": "#voxels_atlas" },
				"west": { "uv": [ 2.5, 0.75, 2.75, 1.25 ], "texture": "#voxels_atlas" },
				"east": { "uv": [ 4.5, 8.25, 4.25, 8.75 ], "texture": "#voxels_atlas" }
			}
		},
		{
			"__comment": "Voxels",
			"from": [ -13.5, 6.5, 7.5 ],
			"to": [ 0.5, 7, 8 ],
			"faces": {
				"down": { "uv": [ 7, 14.75, 14, 15 ], "texture": "#voxels_atlas" },
				"up": { "uv": [ 0, 14.75, 7, 14.5 ], "texture": "#voxels_atlas" },
				"north": { "uv": [ 14, 14.25, 7, 14.5 ], "texture": "#voxels_atlas" },
				"south": { "uv": [ 0, 14, 7, 14.25 ], "texture": "#voxels_atlas" },
				"west": { "uv": [ 15.75, 5.25, 16, 5.5 ], "texture": "#voxels_atlas" },
				"east": { "uv": [ 15.25, 5.25, 15, 5.5 ], "texture": "#voxels_atlas" }
			}
		},
		{
			"__comment": "Voxels",
			"from": [ -13.5, 7, 6.5 ],
			"to": [ -10.5, 7.5, 8 ],
			"faces": {
				"down": { "uv": [ 0, 8.75, 1.5, 9.5 ], "texture": "#voxels_atlas" },
				"up": { "uv": [ 0, 7.25, 1.5, 6.5 ], "texture": "#voxels_atlas" },
				"north": { "uv": [ 15.75, 10, 14.25, 10.25 ], "texture": "#voxels_atlas" },
				"south": { "uv": [ 9.25, 8, 10.75, 8.25 ], "texture": "#voxels_atlas" },
				"west": { "uv": [ 14, 7, 14.75, 7.25 ], "texture": "#voxels_atlas" },
				"east": { "uv": [ 9.5, 6.5, 8.75, 6.75 ], "texture": "#voxels_atlas" }
			}
		},
		{
			"__comment": "Voxels",
			"from": [ -13, 6.5, 8 ],
			"to": [ 1, 7, 8.5 ],
			"faces": {
				"down": { "uv": [ 0, 14.75, 7, 15 ], "texture": "#voxels_atlas" },
				"up": { "uv": [ 0, 14.5, 7, 14.25 ], "texture": "#voxels_atlas" },
				"north": { "uv": [ 14, 14.5, 7, 14.75 ], "texture": "#voxels_atlas" },
				"south": { "uv": [ 7, 14, 14, 14.25 ], "texture": "#voxels_atlas" },
				"west": { "uv": [ 14.75, 5.25, 15, 5.5 ], "texture": "#voxels_atlas" },
				"east": { "uv": [ 14.75, 5.25, 14.5, 5.5 ], "texture": "#voxels_atlas" }
			}
		},
		{
			"__comment": "Voxels",
			"from": [ -13, 7, 8 ],
			"to": [ -11.5, 7.5, 8.5 ],
			"faces": {
				"down": { "uv": [ 14.75, 6.75, 15.5, 7 ], "texture": "#voxels_atlas" },
				"up": { "uv": [ 14, 7, 14.75, 6.75 ], "texture": "#voxels_atlas" },
				"north": { "uv": [ 14, 6.75, 13.25, 7 ], "texture": "#voxels_atlas" },
				"south": { "uv": [ 12.5, 6.75, 13.25, 7 ], "texture": "#voxels_atlas" },
				"west": { "uv": [ 14.25, 5.25, 14.5, 5.5 ], "texture": "#voxels_atlas" },
				"east": { "uv": [ 13.75, 5.25, 13.5, 5.5 ], "texture": "#voxels_atlas" }
			}
		},
		{
			"__comment": "Voxels",
			"from": [ -12.5, 6, 6 ],
			"to": [ -6, 6.5, 6.5 ],
			"faces": {
				"down": { "uv": [ 11, 10.5, 14.25, 10.75 ], "texture": "#voxels_atlas" },
				"up": { "uv": [ 4.5, 10.5, 7.75, 10.25 ], "texture": "#voxels_atlas" },
				"north": { "uv": [ 11, 10.75, 7.75, 11 ], "texture": "#voxels_atlas" },
				"south": { "uv": [ 7.75, 10.25, 11, 10.5 ], "texture": "#voxels_atlas" },
				"west": { "uv": [ 13.25, 5.25, 13.5, 5.5 ], "texture": "#voxels_atlas" },
				"east": { "uv": [ 10, 0, 9.75, 0.25 ], "texture": "#voxels_atlas" }
			}
		},
		{
			"__comment": "Voxels",
			"from": [ -12.5, 6.5, 6 ],
			"to": [ -11, 7, 6.5 ],
			"faces": {
				"down": { "uv": [ 11.75, 6.75, 12.5, 7 ], "texture": "#voxels_atlas" },
				"up": { "uv": [ 11, 7, 11.75, 6.75 ], "texture": "#voxels_atlas" },
				"north": { "uv": [ 8.75, 0.75, 8, 1 ], "texture": "#voxels_atlas" },
				"south": { "uv": [ 10.25, 6.75, 11, 7 ], "texture": "#voxels_atlas" },
				"west": { "uv": [ 15.75, 5.75, 16, 6 ], "texture": "#voxels_atlas" },
				"east": { "uv": [ 9.75, 0.25, 9.5, 0.5 ], "texture": "#voxels_atlas" }
			}
		},
		{
			"__comment": "Voxels",
			"from": [ -11, 5.5, 6 ],
			"to": [ -9.5, 6, 6.5 ],
			"faces": {
				"down": { "uv": [ 13.25, 7, 14, 7.25 ], "texture": "#voxels_atlas" },
				"up": { "uv": [ 12.5, 7.25, 13.25, 7 ], "texture": "#voxels_atlas" },
				"north": { "uv": [ 11.75, 7, 11, 7.25 ], "texture": "#voxels_atlas" },
				"south": { "uv": [ 10.25, 7, 11, 7.25 ], "texture": "#voxels_atlas" },
				"west": { "uv": [ 9.5, 0.5, 9.75, 0.75 ], "texture": "#voxels_atlas" },
				"east": { "uv": [ 8.75, 5.5, 8.5, 5.75 ], "texture": "#voxels_atlas" }
			}
		},
		{
			"__comment": "Voxels",
			"from": [ -11, 6, 6.5 ],
			"to": [ 0, 6.5, 7.5 ],
			"faces": {
				"down": { "uv": [ 0, 15.5, 5.5, 16 ], "texture": "#voxels_atlas" },
				"up": { "uv": [ 5.5, 16, 11, 15.5 ], "texture": "#voxels_atlas" },
				"north": { "uv": [ 13.75, 12.75, 8.25, 13 ], "texture": "#voxels_atlas" },
				"south": { "uv": [ 0, 13.25, 5.5, 13.5 ], "texture": "#voxels_atlas" },
				"west": { "uv": [ 2.25, 2.75, 2.75, 3 ], "texture": "#voxels_atlas" },
				"east": { "uv": [ 16, 12.25, 15.5, 12.5 ], "texture": "#voxels_atlas" }
			}
		},
		{
			"__comment": "Voxels",
			"from": [ -11, 6.5, 6.5 ],
			"to": [ -0.5, 7, 7.5 ],
			"faces": {
				"down": { "uv": [ 0, 15, 5.25, 15.5 ], "texture": "#voxels_atlas" },
				"up": { "uv": [ 5.25, 15.5, 10.5, 15 ], "texture": "#voxels_atlas" },
				"north": { "uv": [ 13.25, 12.5, 8, 12.75 ], "texture": "#voxels_atlas" },
				"south": { "uv": [ 2.75, 12.5, 8, 12.75 ], "texture": "#voxels_atlas" },
				"west": { "uv": [ 15.5, 12, 16, 12.25 ], "texture": "#voxels_atlas" },
				"east": { "uv": [ 16, 11.75, 15.5, 12 ], "texture": "#voxels_atlas" }
			}
		},
		{
			"__comment": "Voxels",
			"from": [ -11, 7.5, 7 ],
			"to": [ -4, 8, 7.5 ],
			"faces": {
				"down": { "uv": [ 7, 11.5, 10.5, 11.75 ], "texture": "#voxels_atlas" },
				"up": { "uv": [ 10.5, 11.75, 14, 11.5 ], "texture": "#voxels_atlas" },
				"north": { "uv": [ 15.5, 12.25, 12, 12.5 ], "texture": "#voxels_atlas" },
				"south": { "uv": [ 4.5, 11, 8, 11.25 ], "texture": "#voxels_atlas" },
				"west": { "uv": [ 8.5, 5.75, 8.75, 6 ], "texture": "#voxels_atlas" },
				"east": { "uv": [ 7.25, 4.25, 7, 4.5 ], "texture": "#voxels_atlas" }
			}
		},
		{
			"__comment": "Voxels",
			"from": [ -10.5, 6, 7.5 ],
			"to": [ 0.5, 6.5, 8 ],
			"faces": {
				"down": { "uv": [ 2.75, 13, 8.25, 13.25 ], "texture": "#voxels_atlas" },
				"up": { "uv": [ 5.5, 13.5, 11, 13.25 ], "texture": "#voxels_atlas" },
				"north": { "uv": [ 13.75, 13, 8.25, 13.25 ], "texture": "#voxels_atlas" },
				"south": { "uv": [ 2.75, 12.75, 8.25, 13 ], "texture": "#voxels_atlas" },
				"west": { "uv": [ 7, 4.5, 7.25, 4.75 ], "texture": "#voxels_atlas" },
				"east": { "uv": [ 7.25, 5.25, 7, 5.5 ], "texture": "#voxels_atlas" }
			}
		},
		{
			"__comment": "Voxels",
			"from": [ -10.5, 7, 7 ],
			"to": [ -0.5, 7.5, 8 ],
			"faces": {
				"down": { "uv": [ 11, 15.5, 16, 16 ], "texture": "#voxels_atlas" },
				"up": { "uv": [ 10.5, 15.5, 15.5, 15 ], "texture": "#voxels_atlas" },
				"north": { "uv": [ 16, 13.25, 11, 13.5 ], "texture": "#voxels_atlas" },
				"south": { "uv": [ 2.75, 12.25, 7.75, 12.5 ], "texture": "#voxels_atlas" },
				"west": { "uv": [ 6.75, 4, 7.25, 4.25 ], "texture": "#voxels_atlas" },
				"east": { "uv": [ 8.75, 4.25, 8.25, 4.5 ], "texture": "#voxels_atlas" }
			}
		},
		{
			"__comment": "Voxels",
			"from": [ -10, 7.5, 7.5 ],
			"to": [ -5, 8, 8 ],
			"faces": {
				"down": { "uv": [ 4.5, 6.5, 7, 6.75 ], "texture": "#voxels_atlas" },
				"up": { "uv": [ 4.5, 5, 7, 4.75 ], "texture": "#voxels_atlas" },
				"north": { "uv": [ 16, 9.25, 13.5, 9.5 ], "texture": "#voxels_atlas" },
				"south": { "uv": [ 4.5, 5.75, 7, 6 ], "texture": "#voxels_atlas" },
				"west": { "uv": [ 7, 5.5, 7.25, 5.75 ], "texture": "#voxels_atlas" },
				"east": { "uv": [ 7.25, 5.75, 7, 6 ], "texture": "#voxels_atlas" }
			}
		},
		{
			"__comment": "Voxels",
			"from": [ -9.5, 6, 8 ],
			"to": [ -9, 6.5, 8.5 ],
			"faces": {
				"down": { "uv": [ 7, 6, 7.25, 6.25 ], "texture": "#voxels_atlas" },
				"up": { "uv": [ 7, 7, 7.25, 6.75 ], "texture": "#voxels_atlas" },
				"north": { "uv": [ 7.25, 7, 7, 7.25 ], "texture": "#voxels_atlas" },
				"south": { "uv": [ 7, 7.25, 7.25, 7.5 ], "texture": "#voxels_atlas" },
				"west": { "uv": [ 7, 7.5, 7.25, 7.75 ], "texture": "#voxels_atlas" },
				"east": { "uv": [ 16, 10.5, 15.75, 10.75 ], "texture": "#voxels_atlas" }
			}
		},
		{
			"__comment": "Voxels",
			"from": [ -9.5, 7, 8 ],
			"to": [ -5.5, 7.5, 8.5 ],
			"faces": {
				"down": { "uv": [ 4.5, 2, 6.5, 2.25 ], "texture": "#voxels_atlas" },
				"up": { "uv": [ 7.25, 8.5, 9.25, 8.25 ], "texture": "#voxels_atlas" },
				"north": { "uv": [ 11.25, 8.25, 9.25, 8.5 ], "texture": "#voxels_atlas" },
				"south": { "uv": [ 7.25, 8, 9.25, 8.25 ], "texture": "#voxels_atlas" },
				"west": { "uv": [ 15.75, 10.75, 16, 11 ], "texture": "#voxels_atlas" },
				"east": { "uv": [ 4.5, 0, 4.25, 0.25 ], "texture": "#voxels_atlas" }
			}
		},
		{
			"__comment": "Voxels",
			"from": [ -9, 7, 6.5 ],
			"to": [ -0.5, 7.5, 7 ],
			"faces": {
				"down": { "uv": [ 2.75, 11.5, 7, 11.75 ], "texture": "#voxels_atlas" },
				"up": { "uv": [ 2.75, 12, 7, 11.75 ], "texture": "#voxels_atlas" },
				"north": { "uv": [ 11.25, 11.75, 7, 12 ], "texture": "#voxels_atlas" },
				"south": { "uv": [ 11.25, 11.75, 15.5, 12 ], "texture": "#voxels_atlas" },
				"west": { "uv": [ 4.25, 0.25, 4.5, 0.5 ], "texture": "#voxels_atlas" },
				"east": { "uv": [ 11.5, 2.5, 11.25, 2.75 ], "texture": "#voxels_atlas" }
			}
		},
		{
			"__comment": "Voxels",
			"from": [ -9, 7.5, 6.5 ],
			"to": [ -4, 8, 7 ],
			"faces": {
				"down": { "uv": [ 4.5, 6.75, 7, 7 ], "texture": "#voxels_atlas" },
				"up": { "uv": [ 4.5, 6.25, 7, 6 ], "texture": "#voxels_atlas" },
				"north": { "uv": [ 7, 5, 4.5, 5.25 ], "texture": "#voxels_atlas" },
				"south": { "uv": [ 13.5, 9.5, 16, 9.75 ], "texture": "#voxels_atlas" },
				"west": { "uv": [ 11.25, 2.75, 11.5, 3 ], "texture": "#voxels_atlas" },
				"east": { "uv": [ 16, 4.5, 15.75, 4.75 ], "texture": "#voxels_atlas" }
			}
		},
		{
			"__comment": "Voxels",
			"from": [ -8.5, 6.5, 6 ],
			"to": [ 0, 7, 6.5 ],
			"faces": {
				"down": { "uv": [ 11.25, 12, 15.5, 12.25 ], "texture": "#voxels_atlas" },
				"up": { "uv": [ 7, 12.25, 11.25, 12 ], "texture": "#voxels_atlas" },
				"north": { "uv": [ 7, 12, 2.75, 12.25 ], "texture": "#voxels_atlas" },
				"south": { "uv": [ 7.75, 12.25, 12, 12.5 ], "texture": "#voxels_atlas" },
				"west": { "uv": [ 15.5, 4.5, 15.75, 4.75 ], "texture": "#voxels_atlas" },
				"east": { "uv": [ 14, 4.5, 13.75, 4.75 ], "texture": "#voxels_atlas" }
			}
		},
		{
			"__comment": "Voxels",
			"from": [ -8.5, 7, 6 ],
			"to": [ -2.5, 7.5, 6.5 ],
			"faces": {
				"down": { "uv": [ 4.5, 9.25, 7.5, 9.5 ], "texture": "#voxels_atlas" },
				"up": { "uv": [ 10.5, 9.75, 13.5, 9.5 ], "texture": "#voxels_atlas" },
				"north": { "uv": [ 10.5, 9.5, 7.5, 9.75 ], "texture": "#voxels_atlas" },
				"south": { "uv": [ 4.5, 9.5, 7.5, 9.75 ], "texture": "#voxels_atlas" },
				"west": { "uv": [ 13.5, 4.5, 13.75, 4.75 ], "texture": "#voxels_atlas" },
				"east": { "uv": [ 13.5, 4.5, 13.25, 4.75 ], "texture": "#voxels_atlas" }
			}
		},
		{
			"__comment": "Voxels",
			"from": [ -8.5, 7.5, 8 ],
			"to": [ -7, 8, 8.5 ],
			"faces": {
				"down": { "uv": [ 9.5, 6.75, 10.25, 7 ], "texture": "#voxels_atlas" },
				"up": { "uv": [ 6.5, 1.75, 7.25, 1.5 ], "texture": "#voxels_atlas" },
				"north": { "uv": [ 7.25, 1.75, 6.5, 2 ], "texture": "#voxels_atlas" },
				"south": { "uv": [ 6.5, 2, 7.25, 2.25 ], "texture": "#voxels_atlas" },
				"west": { "uv": [ 13, 4.5, 13.25, 4.75 ], "texture": "#voxels_atlas" },
				"east": { "uv": [ 11.25, 1.25, 11, 1.5 ], "texture": "#voxels_atlas" }
			}
		},
		{
			"__comment": "Voxels",
			"from": [ -7, 5.5, 6.5 ],
			"to": [ 0, 6, 7 ],
			"faces": {
				"down": { "uv": [ 8, 11, 11.5, 11.25 ], "texture": "#voxels_atlas" },
				"up": { "uv": [ 9.75, 11.5, 13.25, 11.25 ], "texture": "#voxels_atlas" },
				"north": { "uv": [ 9.75, 11.25, 6.25, 11.5 ], "texture": "#voxels_atlas" },
				"south": { "uv": [ 2.75, 11.25, 6.25, 11.5 ], "texture": "#voxels_atlas" },
				"west": { "uv": [ 11, 1.5, 11.25, 1.75 ], "texture": "#voxels_atlas" },
				"east": { "uv": [ 11.25, 2.25, 11, 2.5 ], "texture": "#voxels_atlas" }
			}
		},
		{
			"__comment": "Voxels",
			"from": [ -6, 5.5, 7 ],
			"to": [ 0.5, 6, 8 ],
			"faces": {
				"down": { "uv": [ 0, 13.5, 3.25, 14 ], "texture": "#voxels_atlas" },
				"up": { "uv": [ 3.25, 14, 6.5, 13.5 ], "texture": "#voxels_atlas" },
				"north": { "uv": [ 14.25, 10.25, 11, 10.5 ], "texture": "#voxels_atlas" },
				"south": { "uv": [ 4.5, 10, 7.75, 10.25 ], "texture": "#voxels_atlas" },
				"west": { "uv": [ 8.25, 4, 8.75, 4.25 ], "texture": "#voxels_atlas" },
				"east": { "uv": [ 16, 6.5, 15.5, 6.75 ], "texture": "#voxels_atlas" }
			}
		},
		{
			"__comment": "Voxels",
			"from": [ -5.5, 5, 6.5 ],
			"to": [ 0, 5.5, 7.5 ],
			"faces": {
				"down": { "uv": [ 12.5, 13.5, 15.25, 14 ], "texture": "#voxels_atlas" },
				"up": { "uv": [ 0, 13.25, 2.75, 12.75 ], "texture": "#voxels_atlas" },
				"north": { "uv": [ 7.25, 8.5, 4.5, 8.75 ], "texture": "#voxels_atlas" },
				"south": { "uv": [ 4.5, 8.25, 7.25, 8.5 ], "texture": "#voxels_atlas" },
				"west": { "uv": [ 9, 1.5, 9.5, 1.75 ], "texture": "#voxels_atlas" },
				"east": { "uv": [ 9.5, 1.25, 9, 1.5 ], "texture": "#voxels_atlas" }
			}
		},
		{
			"__comment": "Voxels",
			"from": [ -5.5, 6, 8 ],
			"to": [ 1, 6.5, 8.5 ],
			"faces": {
				"down": { "uv": [ 7.75, 10, 11, 10.25 ], "texture": "#voxels_atlas" },
				"up": { "uv": [ 11, 10.25, 14.25, 10 ], "texture": "#voxels_atlas" },
				"north": { "uv": [ 14.75, 11, 11.5, 11.25 ], "texture": "#voxels_atlas" },
				"south": { "uv": [ 4.5, 9.75, 7.75, 10 ], "texture": "#voxels_atlas" },
				"west": { "uv": [ 11, 2.5, 11.25, 2.75 ], "texture": "#voxels_atlas" },
				"east": { "uv": [ 11, 2.5, 10.75, 2.75 ], "texture": "#voxels_atlas" }
			}
		},
		{
			"__comment": "Voxels",
			"from": [ -5, 5.5, 8 ],
			"to": [ 1, 6, 8.5 ],
			"faces": {
				"down": { "uv": [ 10.5, 9, 13.5, 9.25 ], "texture": "#voxels_atlas" },
				"up": { "uv": [ 4.5, 9, 7.5, 8.75 ], "texture": "#voxels_atlas" },
				"north": { "uv": [ 10.5, 8.75, 7.5, 9 ], "texture": "#voxels_atlas" },
				"south": { "uv": [ 10.5, 8.75, 13.5, 9 ], "texture": "#voxels_atlas" },
				"west": { "uv": [ 10.75, 2.75, 11, 3 ], "texture": "#voxels_atlas" },
				"east": { "uv": [ 11, 3, 10.75, 3.25 ], "texture": "#voxels_atlas" }
			}
		},
		{
			"__comment": "Voxels",
			"from": [ -5, 6, 6 ],
			"to": [ 0.5, 6.5, 6.5 ],
			"faces": {
				"down": { "uv": [ 13.25, 11.25, 16, 11.5 ], "texture": "#voxels_atlas" },
				"up": { "uv": [ 13.25, 12.75, 16, 12.5 ], "texture": "#voxels_atlas" },
				"north": { "uv": [ 7.25, 7.75, 4.5, 8 ], "texture": "#voxels_atlas" },
				"south": { "uv": [ 4.5, 8, 7.25, 8.25 ], "texture": "#voxels_atlas" },
				"west": { "uv": [ 10.75, 3.25, 11, 3.5 ], "texture": "#voxels_atlas" },
				"east": { "uv": [ 15, 5, 14.75, 5.25 ], "texture": "#voxels_atlas" }
			}
		},
		{
			"__comment": "Voxels",
			"from": [ -3.5, 5, 7.5 ],
			"to": [ 0, 5.5, 8 ],
			"faces": {
				"down": { "uv": [ 2.75, 5.25, 4.5, 5.5 ], "texture": "#voxels_atlas" },
				"up": { "uv": [ 2.75, 2.5, 4.5, 2.25 ], "texture": "#voxels_atlas" },
				"north": { "uv": [ 4.5, 3.25, 2.75, 3.5 ], "texture": "#voxels_atlas" },
				"south": { "uv": [ 2.75, 3, 4.5, 3.25 ], "texture": "#voxels_atlas" },
				"west": { "uv": [ 14.5, 5, 14.75, 5.25 ], "texture": "#voxels_atlas" },
				"east": { "uv": [ 14.5, 5, 14.25, 5.25 ], "texture": "#voxels_atlas" }
			}
		},
		{
			"__comment": "Voxels",
			"from": [ -3.5, 5.5, 6 ],
			"to": [ 0.5, 6, 6.5 ],
			"faces": {
				"down": { "uv": [ 14, 11.5, 16, 11.75 ], "texture": "#voxels_atlas" },
				"up": { "uv": [ 9.25, 8.75, 11.25, 8.5 ], "texture": "#voxels_atlas" },
				"north": { "uv": [ 13.25, 8.25, 11.25, 8.5 ], "texture": "#voxels_atlas" },
				"south": { "uv": [ 13.25, 8.25, 15.25, 8.5 ], "texture": "#voxels_atlas" },
				"west": { "uv": [ 14, 5, 14.25, 5.25 ], "texture": "#voxels_atlas" },
				"east": { "uv": [ 13.5, 5, 13.25, 5.25 ], "texture": "#voxels_atlas" }
			}
		},
		{
			"__comment": "Voxels",
			"from": [ -1.5, 5.5, 5.5 ],
			"to": [ 1, 7, 6 ],
			"faces": {
				"down": { "uv": [ 14.75, 7.25, 16, 7.5 ], "texture": "#voxels_atlas" },
				"up": { "uv": [ 14.75, 7.75, 16, 7.5 ], "texture": "#voxels_atlas" },
				"north": { "uv": [ 2.75, 5.75, 1.5, 6.5 ], "texture": "#voxels_atlas" },
				"south": { "uv": [ 1.5, 9.5, 2.75, 10.25 ], "texture": "#voxels_atlas" },
				"west": { "uv": [ 7.5, 2.75, 7.75, 3.5 ], "texture": "#voxels_atlas" },
				"east": { "uv": [ 7.5, 2.75, 7.25, 3.5 ], "texture": "#voxels_atlas" }
			}
		},
		{
			"__comment": "Voxels",
			"from": [ -1.5, 5.5, 8.5 ],
			"to": [ 1.5, 7, 9 ],
			"faces": {
				"down": { "uv": [ 13.25, 7.75, 14.75, 8 ], "texture": "#voxels_atlas" },
				"up": { "uv": [ 7.25, 7.75, 8.75, 7.5 ], "texture": "#voxels_atlas" },
				"north": { "uv": [ 1.5, 5, 0, 5.75 ], "texture": "#voxels_atlas" },
				"south": { "uv": [ 0, 3.5, 1.5, 4.25 ], "texture": "#voxels_atlas" },
				"west": { "uv": [ 8.75, 2, 9, 2.75 ], "texture": "#voxels_atlas" },
				"east": { "uv": [ 9, 2.75, 8.75, 3.5 ], "texture": "#voxels_atlas" }
			}
		},
		{
			"__comment": "Voxels",
			"from": [ -1, 5, 5.5 ],
			"to": [ 0.5, 5.5, 6 ],
			"faces": {
				"down": { "uv": [ 13.25, 6.5, 14, 6.75 ], "texture": "#voxels_atlas" },
				"up": { "uv": [ 12.5, 6.75, 13.25, 6.5 ], "texture": "#voxels_atlas" },
				"north": { "uv": [ 10.25, 6.5, 9.5, 6.75 ], "texture": "#voxels_atlas" },
				"south": { "uv": [ 8, 1.75, 8.75, 2 ], "texture": "#voxels_atlas" },
				"west": { "uv": [ 13, 5, 13.25, 5.25 ], "texture": "#voxels_atlas" },
				"east": { "uv": [ 12.5, 5, 12.25, 5.25 ], "texture": "#voxels_atlas" }
			}
		},
		{
			"__comment": "Voxels",
			"from": [ -1, 5, 6 ],
			"to": [ 0, 5.5, 6.5 ],
			"faces": {
				"down": { "uv": [ 9, 1, 9.5, 1.25 ], "texture": "#voxels_atlas" },
				"up": { "uv": [ 9, 1, 9.5, 0.75 ], "texture": "#voxels_atlas" },
				"north": { "uv": [ 9.5, 0.5, 9, 0.75 ], "texture": "#voxels_atlas" },
				"south": { "uv": [ 9, 0.25, 9.5, 0.5 ], "texture": "#voxels_atlas" },
				"west": { "uv": [ 12, 5, 12.25, 5.25 ], "texture": "#voxels_atlas" },
				"east": { "uv": [ 11, 5, 10.75, 5.25 ], "texture": "#voxels_atlas" }
			}
		},
		{
			"__comment": "Voxels",
			"from": [ -1, 5, 8 ],
			"to": [ 0.5, 5.5, 9 ],
			"faces": {
				"down": { "uv": [ 1.5, 4.5, 2.25, 5 ], "texture": "#voxels_atlas" },
				"up": { "uv": [ 1.5, 4.25, 2.25, 3.75 ], "texture": "#voxels_atlas" },
				"north": { "uv": [ 12.75, 6.25, 12, 6.5 ], "texture": "#voxels_atlas" },
				"south": { "uv": [ 1.5, 4.25, 2.25, 4.5 ], "texture": "#voxels_atlas" },
				"west": { "uv": [ 9, 0, 9.5, 0.25 ], "texture": "#voxels_atlas" },
				"east": { "uv": [ 10.25, 6, 9.75, 6.25 ], "texture": "#voxels_atlas" }
			}
		},
		{
			"__comment": "Voxels",
			"from": [ -1, 5.5, 4.5 ],
			"to": [ 2, 7, 5 ],
			"faces": {
				"down": { "uv": [ 11.75, 7.5, 13.25, 7.75 ], "texture": "#voxels_atlas" },
				"up": { "uv": [ 13.25, 7.75, 14.75, 7.5 ], "texture": "#voxels_atlas" },
				"north": { "uv": [ 1.5, 9.5, 0, 10.25 ], "texture": "#voxels_atlas" },
				"south": { "uv": [ 0, 7.25, 1.5, 8 ], "texture": "#voxels_atlas" },
				"west": { "uv": [ 8.25, 2.75, 8.5, 3.5 ], "texture": "#voxels_atlas" },
				"east": { "uv": [ 8.75, 2.75, 8.5, 3.5 ], "texture": "#voxels_atlas" }
			}
		},
		{
			"__comment": "Voxels",
			"from": [ -1, 5.5, 5 ],
			"to": [ 1.5, 7, 5.5 ],
			"faces": {
				"down": { "uv": [ 7.25, 5.75, 8.5, 6 ], "texture": "#voxels_atlas" },
				"up": { "uv": [ 7.25, 5.75, 8.5, 5.5 ], "texture": "#voxels_atlas" },
				"north": { "uv": [ 2.75, 8, 1.5, 8.75 ], "texture": "#voxels_atlas" },
				"south": { "uv": [ 1.5, 8.75, 2.75, 9.5 ], "texture": "#voxels_atlas" },
				"west": { "uv": [ 8.75, 5.75, 9, 6.5 ], "texture": "#voxels_atlas" },
				"east": { "uv": [ 9, 5, 8.75, 5.75 ], "texture": "#voxels_atlas" }
			}
		},
		{
			"__comment": "Voxels",
			"from": [ -1, 5.5, 9 ],
			"to": [ 2, 7, 9.5 ],
			"faces": {
				"down": { "uv": [ 7.25, 7.25, 8.75, 7.5 ], "texture": "#voxels_atlas" },
				"up": { "uv": [ 8.75, 7.5, 10.25, 7.25 ], "texture": "#voxels_atlas" },
				"north": { "uv": [ 1.5, 8, 0, 8.75 ], "texture": "#voxels_atlas" },
				"south": { "uv": [ 0, 2.75, 1.5, 3.5 ], "texture": "#voxels_atlas" },
				"west": { "uv": [ 8.75, 4.25, 9, 5 ], "texture": "#voxels_atlas" },
				"east": { "uv": [ 9, 3.5, 8.75, 4.25 ], "texture": "#voxels_atlas" }
			}
		},
		{
			"__comment": "Voxels",
			"from": [ -1, 7, 5.5 ],
			"to": [ 0.5, 7.5, 6 ],
			"faces": {
				"down": { "uv": [ 14.75, 7, 15.5, 7.25 ], "texture": "#voxels_atlas" },
				"up": { "uv": [ 8.75, 7, 9.5, 6.75 ], "texture": "#voxels_atlas" },
				"north": { "uv": [ 14.75, 6.5, 14, 6.75 ], "texture": "#voxels_atlas" },
				"south": { "uv": [ 14.75, 6.5, 15.5, 6.75 ], "texture": "#voxels_atlas" },
				"west": { "uv": [ 10.5, 0, 10.75, 0.25 ], "texture": "#voxels_atlas" },
				"east": { "uv": [ 10.75, 0.25, 10.5, 0.5 ], "texture": "#voxels_atlas" }
			}
		},
		{
			"__comment": "Voxels",
			"from": [ -1, 7, 6 ],
			"to": [ 0, 7.5, 6.5 ],
			"faces": {
				"down": { "uv": [ 10.25, 6, 10.75, 6.25 ], "texture": "#voxels_atlas" },
				"up": { "uv": [ 10.75, 6.25, 11.25, 6 ], "texture": "#voxels_atlas" },
				"north": { "uv": [ 11.75, 6, 11.25, 6.25 ], "texture": "#voxels_atlas" },
				"south": { "uv": [ 11.75, 6, 12.25, 6.25 ], "texture": "#voxels_atlas" },
				"west": { "uv": [ 10.5, 0.5, 10.75, 0.75 ], "texture": "#voxels_atlas" },
				"east": { "uv": [ 10.75, 1.75, 10.5, 2 ], "texture": "#voxels_atlas" }
			}
		},
		{
			"__comment": "Voxels",
			"from": [ -1, 7, 8 ],
			"to": [ 0.5, 7.5, 9 ],
			"faces": {
				"down": { "uv": [ 1.5, 5.25, 2.25, 5.75 ], "texture": "#voxels_atlas" },
				"up": { "uv": [ 2, 2.25, 2.75, 1.75 ], "texture": "#voxels_atlas" },
				"north": { "uv": [ 2.25, 3.5, 1.5, 3.75 ], "texture": "#voxels_atlas" },
				"south": { "uv": [ 1.5, 2.75, 2.25, 3 ], "texture": "#voxels_atlas" },
				"west": { "uv": [ 12.25, 6, 12.75, 6.25 ], "texture": "#voxels_atlas" },
				"east": { "uv": [ 10.25, 5.75, 9.75, 6 ], "texture": "#voxels_atlas" }
			}
		},
		{
			"__comment": "Voxels",
			"from": [ -0.5, 5, 5 ],
			"to": [ 1, 5.5, 5.5 ],
			"faces": {
				"down": { "uv": [ 6.5, 3.75, 7.25, 4 ], "texture": "#voxels_atlas" },
				"up": { "uv": [ 6.5, 3.75, 7.25, 3.5 ], "texture": "#voxels_atlas" },
				"north": { "uv": [ 7.25, 3.25, 6.5, 3.5 ], "texture": "#voxels_atlas" },
				"south": { "uv": [ 6.5, 3, 7.25, 3.25 ], "texture": "#voxels_atlas" },
				"west": { "uv": [ 10.5, 2, 10.75, 2.25 ], "texture": "#voxels_atlas" },
				"east": { "uv": [ 10.75, 2.75, 10.5, 3 ], "texture": "#voxels_atlas" }
			}
		},
		{
			"__comment": "Voxels",
			"from": [ -0.5, 5.5, 4 ],
			"to": [ 3, 7, 4.5 ],
			"faces": {
				"down": { "uv": [ 2.75, 0.5, 4.5, 0.75 ], "texture": "#voxels_atlas" },
				"up": { "uv": [ 2.75, 5.75, 4.5, 5.5 ], "texture": "#voxels_atlas" },
				"north": { "uv": [ 1.75, 11.25, 0, 12 ], "texture": "#voxels_atlas" },
				"south": { "uv": [ 0, 12, 1.75, 12.75 ], "texture": "#voxels_atlas" },
				"west": { "uv": [ 7.75, 2.75, 8, 3.5 ], "texture": "#voxels_atlas" },
				"east": { "uv": [ 8.25, 2.75, 8, 3.5 ], "texture": "#voxels_atlas" }
			}
		},
		{
			"__comment": "Voxels",
			"from": [ -0.5, 6.5, 7 ],
			"to": [ 0, 7, 7.5 ],
			"faces": {
				"down": { "uv": [ 10.5, 3, 10.75, 3.25 ], "texture": "#voxels_atlas" },
				"up": { "uv": [ 10.5, 4.5, 10.75, 4.25 ], "texture": "#voxels_atlas" },
				"north": { "uv": [ 10.75, 4.5, 10.5, 4.75 ], "texture": "#voxels_atlas" },
				"south": { "uv": [ 10.5, 4.75, 10.75, 5 ], "texture": "#voxels_atlas" },
				"west": { "uv": [ 10.5, 5, 10.75, 5.25 ], "texture": "#voxels_atlas" },
				"east": { "uv": [ 10.5, 1, 10.25, 1.25 ], "texture": "#voxels_atlas" }
			}
		},
		{
			"__comment": "Voxels",
			"from": [ -0.5, 7, 4.5 ],
			"to": [ 1.5, 7.5, 5 ],
			"faces": {
				"down": { "uv": [ 1.75, 0.5, 2.75, 0.75 ], "texture": "#voxels_atlas" },
				"up": { "uv": [ 1.75, 0.5, 2.75, 0.25 ], "texture": "#voxels_atlas" },
				"north": { "uv": [ 2.75, 0, 1.75, 0.25 ], "texture": "#voxels_atlas" },
				"south": { "uv": [ 1.75, 11.25, 2.75, 11.5 ], "texture": "#voxels_atlas" },
				"west": { "uv": [ 10.25, 1.25, 10.5, 1.5 ], "texture": "#voxels_atlas" },
				"east": { "uv": [ 10.5, 2, 10.25, 2.25 ], "texture": "#voxels_atlas" }
			}
		},
		{
			"__comment": "Voxels",
			"from": [ -0.5, 7, 5 ],
			"to": [ 1, 7.5, 5.5 ],
			"faces": {
				"down": { "uv": [ 15.25, 8, 16, 8.25 ], "texture": "#voxels_atlas" },
				"up": { "uv": [ 7.25, 2.75, 8, 2.5 ], "texture": "#voxels_atlas" },
				"north": { "uv": [ 8.75, 2.5, 8, 2.75 ], "texture": "#voxels_atlas" },
				"south": { "uv": [ 7.25, 2.25, 8, 2.5 ], "texture": "#voxels_atlas" },
				"west": { "uv": [ 10.25, 2.25, 10.5, 2.5 ], "texture": "#voxels_atlas" },
				"east": { "uv": [ 9.75, 1, 9.5, 1.25 ], "texture": "#voxels_atlas" }
			}
		},
		{
			"__comment": "Voxels",
			"from": [ -0.5, 7, 7.5 ],
			"to": [ 0, 7.5, 8 ],
			"faces": {
				"down": { "uv": [ 9.5, 2.25, 9.75, 2.5 ], "texture": "#voxels_atlas" },
				"up": { "uv": [ 15.75, 6.5, 16, 6.25 ], "texture": "#voxels_atlas" },
				"north": { "uv": [ 8.75, 4.5, 8.5, 4.75 ], "texture": "#voxels_atlas" },
				"south": { "uv": [ 12, 4.5, 12.25, 4.75 ], "texture": "#voxels_atlas" },
				"west": { "uv": [ 11.25, 4.5, 11.5, 4.75 ], "texture": "#voxels_atlas" },
				"east": { "uv": [ 11.25, 0, 11, 0.25 ], "texture": "#voxels_atlas" }
			}
		},
		{
			"__comment": "Voxels",
			"from": [ 0, 5, 4.5 ],
			"to": [ 1.5, 5.5, 5 ],
			"faces": {
				"down": { "uv": [ 7.25, 1.25, 8, 1.5 ], "texture": "#voxels_atlas" },
				"up": { "uv": [ 8, 1.5, 8.75, 1.25 ], "texture": "#voxels_atlas" },
				"north": { "uv": [ 8, 1, 7.25, 1.25 ], "texture": "#voxels_atlas" },
				"south": { "uv": [ 8, 1, 8.75, 1.25 ], "texture": "#voxels_atlas" },
				"west": { "uv": [ 11, 3.25, 11.25, 3.5 ], "texture": "#voxels_atlas" },
				"east": { "uv": [ 11.25, 4.5, 11, 4.75 ], "texture": "#voxels_atlas" }
			}
		},
		{
			"__comment": "Voxels",
			"from": [ 0, 5, 9 ],
			"to": [ 1.5, 5.5, 9.5 ],
			"faces": {
				"down": { "uv": [ 7.25, 0.5, 8, 0.75 ], "texture": "#voxels_atlas" },
				"up": { "uv": [ 7.25, 0.5, 8, 0.25 ], "texture": "#voxels_atlas" },
				"north": { "uv": [ 8, 0, 7.25, 0.25 ], "texture": "#voxels_atlas" },
				"south": { "uv": [ 8, 0.5, 8.75, 0.75 ], "texture": "#voxels_atlas" },
				"west": { "uv": [ 10.75, 0, 11, 0.25 ], "texture": "#voxels_atlas" },
				"east": { "uv": [ 11, 0.25, 10.75, 0.5 ], "texture": "#voxels_atlas" }
			}
		},
		{
			"__comment": "Voxels",
			"from": [ 0, 5.5, 9.5 ],
			"to": [ 3.5, 6.5, 10.5 ],
			"faces": {
				"down": { "uv": [ 2.75, 9.75, 4.5, 10.25 ], "texture": "#voxels_atlas" },
				"up": { "uv": [ 2.75, 9.75, 4.5, 9.25 ], "texture": "#voxels_atlas" },
				"north": { "uv": [ 4.5, 8.75, 2.75, 9.25 ], "texture": "#voxels_atlas" },
				"south": { "uv": [ 0, 0.25, 1.75, 0.75 ], "texture": "#voxels_atlas" },
				"west": { "uv": [ 2.25, 4.5, 2.75, 5 ], "texture": "#voxels_atlas" },
				"east": { "uv": [ 16, 15, 15.5, 15.5 ], "texture": "#voxels_atlas" }
			}
		},
		{
			"__comment": "Voxels",
			"from": [ 0, 6.5, 9.5 ],
			"to": [ 3, 7, 10.5 ],
			"faces": {
				"down": { "uv": [ 2.75, 7.75, 4.25, 8.25 ], "texture": "#voxels_atlas" },
				"up": { "uv": [ 2.75, 7.75, 4.25, 7.25 ], "texture": "#voxels_atlas" },
				"north": { "uv": [ 15.75, 10.25, 14.25, 10.5 ], "texture": "#voxels_atlas" },
				"south": { "uv": [ 10.75, 8, 12.25, 8.25 ], "texture": "#voxels_atlas" },
				"west": { "uv": [ 12.75, 6, 13.25, 6.25 ], "texture": "#voxels_atlas" },
				"east": { "uv": [ 13.75, 6, 13.25, 6.25 ], "texture": "#voxels_atlas" }
			}
		},
		{
			"__comment": "Voxels",
			"from": [ 0, 7, 9 ],
			"to": [ 1.5, 7.5, 9.5 ],
			"faces": {
				"down": { "uv": [ 8.75, 7, 9.5, 7.25 ], "texture": "#voxels_atlas" },
				"up": { "uv": [ 8, 0.25, 8.75, 0 ], "texture": "#voxels_atlas" },
				"north": { "uv": [ 8.75, 0.25, 8, 0.5 ], "texture": "#voxels_atlas" },
				"south": { "uv": [ 6.5, 2.5, 7.25, 2.75 ], "texture": "#voxels_atlas" },
				"west": { "uv": [ 10.75, 1, 11, 1.25 ], "texture": "#voxels_atlas" },
				"east": { "uv": [ 15.25, 5, 15, 5.25 ], "texture": "#voxels_atlas" }
			}
		},
		{
			"__comment": "Voxels",
			"from": [ 0.5, 5, 8.5 ],
			"to": [ 1, 5.5, 9 ],
			"faces": {
				"down": { "uv": [ 10.25, 3.5, 10.5, 3.75 ], "texture": "#voxels_atlas" },
				"up": { "uv": [ 10.25, 4, 10.5, 3.75 ], "texture": "#voxels_atlas" },
				"north": { "uv": [ 10.5, 4, 10.25, 4.25 ], "texture": "#voxels_atlas" },
				"south": { "uv": [ 9.5, 0.75, 9.75, 1 ], "texture": "#voxels_atlas" },
				"west": { "uv": [ 15.75, 6, 16, 6.25 ], "texture": "#voxels_atlas" },
				"east": { "uv": [ 9.75, 0, 9.5, 0.25 ], "texture": "#voxels_atlas" }
			}
		},
		{
			"__comment": "Voxels",
			"from": [ 0.5, 5, 9.5 ],
			"to": [ 2, 5.5, 10.5 ],
			"faces": {
				"down": { "uv": [ 1.5, 3, 2.25, 3.5 ], "texture": "#voxels_atlas" },
				"up": { "uv": [ 2, 2.75, 2.75, 2.25 ], "texture": "#voxels_atlas" },
				"north": { "uv": [ 13.5, 6.25, 12.75, 6.5 ], "texture": "#voxels_atlas" },
				"south": { "uv": [ 13.5, 6.25, 14.25, 6.5 ], "texture": "#voxels_atlas" },
				"west": { "uv": [ 13.75, 6, 14.25, 6.25 ], "texture": "#voxels_atlas" },
				"east": { "uv": [ 14.75, 6, 14.25, 6.25 ], "texture": "#voxels_atlas" }
			}
		},
		{
			"__comment": "Voxels",
			"from": [ 0.5, 5.5, 3.5 ],
			"to": [ 4, 6.5, 4 ],
			"faces": {
				"down": { "uv": [ 2.75, 1.25, 4.5, 1.5 ], "texture": "#voxels_atlas" },
				"up": { "uv": [ 0, 0.25, 1.75, 0 ], "texture": "#voxels_atlas" },
				"north": { "uv": [ 4.5, 10.25, 2.75, 10.75 ], "texture": "#voxels_atlas" },
				"south": { "uv": [ 2.75, 10.75, 4.5, 11.25 ], "texture": "#voxels_atlas" },
				"west": { "uv": [ 4.25, 7.75, 4.5, 8.25 ], "texture": "#voxels_atlas" },
				"east": { "uv": [ 4.5, 7.25, 4.25, 7.75 ], "texture": "#voxels_atlas" }
			}
		},
		{
			"__comment": "Voxels",
			"from": [ 0.5, 5.5, 10.5 ],
			"to": [ 5.5, 6.5, 11 ],
			"faces": {
				"down": { "uv": [ 4.5, 7.5, 7, 7.75 ], "texture": "#voxels_atlas" },
				"up": { "uv": [ 4.5, 6.5, 7, 6.25 ], "texture": "#voxels_atlas" },
				"north": { "uv": [ 2.5, 10.25, 0, 10.75 ], "texture": "#voxels_atlas" },
				"south": { "uv": [ 0, 10.75, 2.5, 11.25 ], "texture": "#voxels_atlas" },
				"west": { "uv": [ 8.75, 0, 9, 0.5 ], "texture": "#voxels_atlas" },
				"east": { "uv": [ 10, 4.75, 9.75, 5.25 ], "texture": "#voxels_atlas" }
			}
		},
		{
			"__comment": "Voxels",
			"from": [ 0.5, 6.5, 3.5 ],
			"to": [ 3.5, 7, 4 ],
			"faces": {
				"down": { "uv": [ 10.25, 7.5, 11.75, 7.75 ], "texture": "#voxels_atlas" },
				"up": { "uv": [ 8.75, 7.75, 10.25, 7.5 ], "texture": "#voxels_atlas" },
				"north": { "uv": [ 13.25, 7.75, 11.75, 8 ], "texture": "#voxels_atlas" },
				"south": { "uv": [ 10.25, 7.75, 11.75, 8 ], "texture": "#voxels_atlas" },
				"west": { "uv": [ 15.25, 5, 15.5, 5.25 ], "texture": "#voxels_atlas" },
				"east": { "uv": [ 11, 1.25, 10.75, 1.5 ], "texture": "#voxels_atlas" }
			}
		},
		{
			"__comment": "Voxels",
			"from": [ 0.5, 6.5, 10.5 ],
			"to": [ 4.5, 7, 11 ],
			"faces": {
				"down": { "uv": [ 4.5, 2.25, 6.5, 2.5 ], "texture": "#voxels_atlas" },
				"up": { "uv": [ 4.5, 1.25, 6.5, 1 ], "texture": "#voxels_atlas" },
				"north": { "uv": [ 6.5, 0.75, 4.5, 1 ], "texture": "#voxels_atlas" },
				"south": { "uv": [ 13.25, 8.5, 15.25, 8.75 ], "texture": "#voxels_atlas" },
				"west": { "uv": [ 11, 4.25, 11.25, 4.5 ], "texture": "#voxels_atlas" },
				"east": { "uv": [ 11.25, 3.5, 11, 3.75 ], "texture": "#voxels_atlas" }
			}
		},
		{
			"__comment": "Voxels",
			"from": [ 0.5, 7, 4 ],
			"to": [ 2, 7.5, 4.5 ],
			"faces": {
				"down": { "uv": [ 7.25, 0.75, 8, 1 ], "texture": "#voxels_atlas" },
				"up": { "uv": [ 8, 1.75, 8.75, 1.5 ], "texture": "#voxels_atlas" },
				"north": { "uv": [ 8, 1.5, 7.25, 1.75 ], "texture": "#voxels_atlas" },
				"south": { "uv": [ 10.25, 6.5, 11, 6.75 ], "texture": "#voxels_atlas" },
				"west": { "uv": [ 12.25, 4.5, 12.5, 4.75 ], "texture": "#voxels_atlas" },
				"east": { "uv": [ 8.75, 4.75, 8.5, 5 ], "texture": "#voxels_atlas" }
			}
		},
		{
			"__comment": "Voxels",
			"from": [ 0.5, 7, 9.5 ],
			"to": [ 2, 7.5, 10.5 ],
			"faces": {
				"down": { "uv": [ 1.75, 0.75, 2.5, 1.25 ], "texture": "#voxels_atlas" },
				"up": { "uv": [ 1.75, 1.75, 2.5, 1.25 ], "texture": "#voxels_atlas" },
				"north": { "uv": [ 8.75, 2, 8, 2.25 ], "texture": "#voxels_atlas" },
				"south": { "uv": [ 7.25, 2, 8, 2.25 ], "texture": "#voxels_atlas" },
				"west": { "uv": [ 10.25, 5.75, 10.75, 6 ], "texture": "#voxels_atlas" },
				"east": { "uv": [ 11.25, 5.75, 10.75, 6 ], "texture": "#voxels_atlas" }
			}
		},
		{
			"__comment": "Voxels",
			"from": [ 1, 5, 4 ],
			"to": [ 2, 5.5, 4.5 ],
			"faces": {
				"down": { "uv": [ 11.25, 5.75, 11.75, 6 ], "texture": "#voxels_atlas" },
				"up": { "uv": [ 11.75, 6, 12.25, 5.75 ], "texture": "#voxels_atlas" },
				"north": { "uv": [ 12.75, 5.75, 12.25, 6 ], "texture": "#voxels_atlas" },
				"south": { "uv": [ 12.75, 5.75, 13.25, 6 ], "texture": "#voxels_atlas" },
				"west": { "uv": [ 10.25, 2.75, 10.5, 3 ], "texture": "#voxels_atlas" },
				"east": { "uv": [ 10.5, 2.5, 10.25, 2.75 ], "texture": "#voxels_atlas" }
			}
		},
		{
			"__comment": "Voxels",
			"from": [ 1, 5.5, 3 ],
			"to": [ 7.5, 6, 3.5 ],
			"faces": {
				"down": { "uv": [ 7.75, 10.5, 11, 10.75 ], "texture": "#voxels_atlas" },
				"up": { "uv": [ 4.5, 10.75, 7.75, 10.5 ], "texture": "#voxels_atlas" },
				"north": { "uv": [ 14.25, 10.75, 11, 11 ], "texture": "#voxels_atlas" },
				"south": { "uv": [ 4.5, 10.75, 7.75, 11 ], "texture": "#voxels_atlas" },
				"west": { "uv": [ 10.25, 0.75, 10.5, 1 ], "texture": "#voxels_atlas" },
				"east": { "uv": [ 10.5, 0.5, 10.25, 0.75 ], "texture": "#voxels_atlas" }
			}
		},
		{
			"__comment": "Voxels",
			"from": [ 1, 6, 3 ],
			"to": [ 7, 6.5, 3.5 ],
			"faces": {
				"down": { "uv": [ 7.5, 9.25, 10.5, 9.5 ], "texture": "#voxels_atlas" },
				"up": { "uv": [ 10.75, 10, 13.75, 9.75 ], "texture": "#voxels_atlas" },
				"north": { "uv": [ 10.75, 9.75, 7.75, 10 ], "texture": "#voxels_atlas" },
				"south": { "uv": [ 7.5, 9, 10.5, 9.25 ], "texture": "#voxels_atlas" },
				"west": { "uv": [ 10.5, 3.5, 10.75, 3.75 ], "texture": "#voxels_atlas" },
				"east": { "uv": [ 10.75, 3.25, 10.5, 3.5 ], "texture": "#voxels_atlas" }
			}
		},
		{
			"__comment": "Voxels",
			"from": [ 1, 6.5, 3 ],
			"to": [ 5, 7, 3.5 ],
			"faces": {
				"down": { "uv": [ 4.5, 1.5, 6.5, 1.75 ], "texture": "#voxels_atlas" },
				"up": { "uv": [ 14, 14.5, 16, 14.25 ], "texture": "#voxels_atlas" },
				"north": { "uv": [ 16, 14, 14, 14.25 ], "texture": "#voxels_atlas" },
				"south": { "uv": [ 4.5, 3.25, 6.5, 3.5 ], "texture": "#voxels_atlas" },
				"west": { "uv": [ 10.5, 1.5, 10.75, 1.75 ], "texture": "#voxels_atlas" },
				"east": { "uv": [ 10.75, 1.25, 10.5, 1.5 ], "texture": "#voxels_atlas" }
			}
		},
		{
			"__comment": "Voxels",
			"from": [ 1, 7, 3.5 ],
			"to": [ 2.5, 7.5, 4 ],
			"faces": {
				"down": { "uv": [ 14.25, 6.25, 15, 6.5 ], "texture": "#voxels_atlas" },
				"up": { "uv": [ 9.75, 6.5, 10.5, 6.25 ], "texture": "#voxels_atlas" },
				"north": { "uv": [ 9.75, 6.25, 9, 6.5 ], "texture": "#voxels_atlas" },
				"south": { "uv": [ 11.75, 6.5, 12.5, 6.75 ], "texture": "#voxels_atlas" },
				"west": { "uv": [ 11.5, 5, 11.75, 5.25 ], "texture": "#voxels_atlas" },
				"east": { "uv": [ 12, 5, 11.75, 5.25 ], "texture": "#voxels_atlas" }
			}
		},
		{
			"__comment": "Voxels",
			"from": [ 1.5, 5, 3.5 ],
			"to": [ 3, 5.5, 4 ],
			"faces": {
				"down": { "uv": [ 1.5, 5, 2.25, 5.25 ], "texture": "#voxels_atlas" },
				"up": { "uv": [ 11, 6.75, 11.75, 6.5 ], "texture": "#voxels_atlas" },
				"north": { "uv": [ 8, 1.75, 7.25, 2 ], "texture": "#voxels_atlas" },
				"south": { "uv": [ 6.5, 2.75, 7.25, 3 ], "texture": "#voxels_atlas" },
				"west": { "uv": [ 13.5, 5, 13.75, 5.25 ], "texture": "#voxels_atlas" },
				"east": { "uv": [ 14, 5, 13.75, 5.25 ], "texture": "#voxels_atlas" }
			}
		},
		{
			"__comment": "Voxels",
			"from": [ 1.5, 5.5, 2.5 ],
			"to": [ 7.5, 6.5, 3 ],
			"faces": {
				"down": { "uv": [ 10.5, 9.25, 13.5, 9.5 ], "texture": "#voxels_atlas" },
				"up": { "uv": [ 4.5, 9.25, 7.5, 9 ], "texture": "#voxels_atlas" },
				"north": { "uv": [ 9.5, 13.5, 6.5, 14 ], "texture": "#voxels_atlas" },
				"south": { "uv": [ 9.5, 13.5, 12.5, 14 ], "texture": "#voxels_atlas" },
				"west": { "uv": [ 9.75, 4.25, 10, 4.75 ], "texture": "#voxels_atlas" },
				"east": { "uv": [ 10, 3.75, 9.75, 4.25 ], "texture": "#voxels_atlas" }
			}
		},
		{
			"__comment": "Voxels",
			"from": [ 1.5, 6, 8.5 ],
			"to": [ 2, 6.5, 9 ],
			"faces": {
				"down": { "uv": [ 15.5, 5, 15.75, 5.25 ], "texture": "#voxels_atlas" },
				"up": { "uv": [ 15.75, 5.25, 16, 5 ], "texture": "#voxels_atlas" },
				"north": { "uv": [ 11, 4.75, 10.75, 5 ], "texture": "#voxels_atlas" },
				"south": { "uv": [ 10.75, 4.5, 11, 4.75 ], "texture": "#voxels_atlas" },
				"west": { "uv": [ 10.75, 4.25, 11, 4.5 ], "texture": "#voxels_atlas" },
				"east": { "uv": [ 11, 4, 10.75, 4.25 ], "texture": "#voxels_atlas" }
			}
		},
		{
			"__comment": "Voxels",
			"from": [ 1.5, 6.5, 2.5 ],
			"to": [ 6.5, 7, 3 ],
			"faces": {
				"down": { "uv": [ 13.5, 8.75, 16, 9 ], "texture": "#voxels_atlas" },
				"up": { "uv": [ 4.5, 7.5, 7, 7.25 ], "texture": "#voxels_atlas" },
				"north": { "uv": [ 7, 4.5, 4.5, 4.75 ], "texture": "#voxels_atlas" },
				"south": { "uv": [ 4.5, 5.25, 7, 5.5 ], "texture": "#voxels_atlas" },
				"west": { "uv": [ 10.75, 1.75, 11, 2 ], "texture": "#voxels_atlas" },
				"east": { "uv": [ 11, 1.5, 10.75, 1.75 ], "texture": "#voxels_atlas" }
			}
		},
		{
			"__comment": "Voxels",
			"from": [ 2, 5, 10 ],
			"to": [ 3, 5.5, 10.5 ],
			"faces": {
				"down": { "uv": [ 13.25, 5.75, 13.75, 6 ], "texture": "#voxels_atlas" },
				"up": { "uv": [ 13.75, 6, 14.25, 5.75 ], "texture": "#voxels_atlas" },
				"north": { "uv": [ 14.75, 5.75, 14.25, 6 ], "texture": "#voxels_atlas" },
				"south": { "uv": [ 14.75, 5.75, 15.25, 6 ], "texture": "#voxels_atlas" },
				"west": { "uv": [ 11, 4.75, 11.25, 5 ], "texture": "#voxels_atlas" },
				"east": { "uv": [ 11.5, 4.75, 11.25, 5 ], "texture": "#voxels_atlas" }
			}
		},
		{
			"__comment": "Voxels",
			"from": [ 2, 6, 4.5 ],
			"to": [ 2.5, 6.5, 5 ],
			"faces": {
				"down": { "uv": [ 12.5, 4.75, 12.75, 5 ], "texture": "#voxels_atlas" },
				"up": { "uv": [ 12.75, 5, 13, 4.75 ], "texture": "#voxels_atlas" },
				"north": { "uv": [ 13.25, 4.75, 13, 5 ], "texture": "#voxels_atlas" },
				"south": { "uv": [ 13.25, 4.75, 13.5, 5 ], "texture": "#voxels_atlas" },
				"west": { "uv": [ 15.5, 4.75, 15.75, 5 ], "texture": "#voxels_atlas" },
				"east": { "uv": [ 16, 4.75, 15.75, 5 ], "texture": "#voxels_atlas" }
			}
		},
		{
			"__comment": "Voxels",
			"from": [ 2, 6, 9 ],
			"to": [ 3, 6.5, 9.5 ],
			"faces": {
				"down": { "uv": [ 15.25, 5.75, 15.75, 6 ], "texture": "#voxels_atlas" },
				"up": { "uv": [ 10, 5.75, 10.5, 5.5 ], "texture": "#voxels_atlas" },
				"north": { "uv": [ 11, 5.5, 10.5, 5.75 ], "texture": "#voxels_atlas" },
				"south": { "uv": [ 12, 5.5, 12.5, 5.75 ], "texture": "#voxels_atlas" },
				"west": { "uv": [ 11, 3, 11.25, 3.25 ], "texture": "#voxels_atlas" },
				"east": { "uv": [ 11.25, 2.75, 11, 3 ], "texture": "#voxels_atlas" }
			}
		},
		{
			"__comment": "Voxels",
			"from": [ 2, 6, 11 ],
			"to": [ 7, 6.5, 11.5 ],
			"faces": {
				"down": { "uv": [ 4.5, 5.5, 7, 5.75 ], "texture": "#voxels_atlas" },
				"up": { "uv": [ 4.5, 7.25, 7, 7 ], "texture": "#voxels_atlas" },
				"north": { "uv": [ 7, 4.25, 4.5, 4.5 ], "texture": "#voxels_atlas" },
				"south": { "uv": [ 13.5, 9, 16, 9.25 ], "texture": "#voxels_atlas" },
				"west": { "uv": [ 11, 1, 11.25, 1.25 ], "texture": "#voxels_atlas" },
				"east": { "uv": [ 11.25, 0.75, 11, 1 ], "texture": "#voxels_atlas" }
			}
		},
		{
			"__comment": "Voxels",
			"from": [ 2, 7, 3 ],
			"to": [ 3, 7.5, 3.5 ],
			"faces": {
				"down": { "uv": [ 12.5, 5.5, 13, 5.75 ], "texture": "#voxels_atlas" },
				"up": { "uv": [ 13, 5.75, 13.5, 5.5 ], "texture": "#voxels_atlas" },
				"north": { "uv": [ 14, 5.5, 13.5, 5.75 ], "texture": "#voxels_atlas" },
				"south": { "uv": [ 10.25, 5.25, 10.75, 5.5 ], "texture": "#voxels_atlas" },
				"west": { "uv": [ 12.5, 4.5, 12.75, 4.75 ], "texture": "#voxels_atlas" },
				"east": { "uv": [ 13, 4.5, 12.75, 4.75 ], "texture": "#voxels_atlas" }
			}
		},
		{
			"__comment": "Voxels",
			"from": [ 2.5, 5, 3 ],
			"to": [ 4, 5.5, 3.5 ],
			"faces": {
				"down": { "uv": [ 6.5, 2.25, 7.25, 2.5 ], "texture": "#voxels_atlas" },
				"up": { "uv": [ 6.5, 1.5, 7.25, 1.25 ], "texture": "#voxels_atlas" },
				"north": { "uv": [ 7.25, 1, 6.5, 1.25 ], "texture": "#voxels_atlas" },
				"south": { "uv": [ 6.5, 0.75, 7.25, 1 ], "texture": "#voxels_atlas" },
				"west": { "uv": [ 14.5, 4.5, 14.75, 4.75 ], "texture": "#voxels_atlas" },
				"east": { "uv": [ 15, 4.5, 14.75, 4.75 ], "texture": "#voxels_atlas" }
			}
		},
		{
			"__comment": "Voxels",
			"from": [ 2.5, 5, 10.5 ],
			"to": [ 4, 5.5, 11 ],
			"faces": {
				"down": { "uv": [ 6.5, 0, 7.25, 0.25 ], "texture": "#voxels_atlas" },
				"up": { "uv": [ 15.25, 8.75, 16, 8.5 ], "texture": "#voxels_atlas" },
				"north": { "uv": [ 16, 8.25, 15.25, 8.5 ], "texture": "#voxels_atlas" },
				"south": { "uv": [ 8, 2.25, 8.75, 2.5 ], "texture": "#voxels_atlas" },
				"west": { "uv": [ 11.25, 1.75, 11.5, 2 ], "texture": "#voxels_atlas" },
				"east": { "uv": [ 11.5, 1.5, 11.25, 1.75 ], "texture": "#voxels_atlas" }
			}
		},
		{
			"__comment": "Voxels",
			"from": [ 2.5, 5.5, 11 ],
			"to": [ 6.5, 6, 11.5 ],
			"faces": {
				"down": { "uv": [ 4.5, 0.5, 6.5, 0.75 ], "texture": "#voxels_atlas" },
				"up": { "uv": [ 14, 14.75, 16, 14.5 ], "texture": "#voxels_atlas" },
				"north": { "uv": [ 16, 14.75, 14, 15 ], "texture": "#voxels_atlas" },
				"south": { "uv": [ 11.25, 8.5, 13.25, 8.75 ], "texture": "#voxels_atlas" },
				"west": { "uv": [ 15.75, 10.25, 16, 10.5 ], "texture": "#voxels_atlas" },
				"east": { "uv": [ 16, 10, 15.75, 10.25 ], "texture": "#voxels_atlas" }
			}
		},
		{
			"__comment": "Voxels",
			"from": [ 2.5, 6.5, 11 ],
			"to": [ 5.5, 7, 11.5 ],
			"faces": {
				"down": { "uv": [ 8.75, 7.75, 10.25, 8 ], "texture": "#voxels_atlas" },
				"up": { "uv": [ 7.25, 8, 8.75, 7.75 ], "texture": "#voxels_atlas" },
				"north": { "uv": [ 15.25, 8, 13.75, 8.25 ], "texture": "#voxels_atlas" },
				"south": { "uv": [ 12.25, 8, 13.75, 8.25 ], "texture": "#voxels_atlas" },
				"west": { "uv": [ 7, 6.5, 7.25, 6.75 ], "texture": "#voxels_atlas" },
				"east": { "uv": [ 7.25, 6.25, 7, 6.5 ], "texture": "#voxels_atlas" }
			}
		},
		{
			"__comment": "Voxels",
			"from": [ 3, 6, 2 ],
			"to": [ 7, 6.5, 2.5 ],
			"faces": {
				"down": { "uv": [ 7.25, 8.5, 9.25, 8.75 ], "texture": "#voxels_atlas" },
				"up": { "uv": [ 4.5, 0.25, 6.5, 0 ], "texture": "#voxels_atlas" },
				"north": { "uv": [ 6.5, 0.25, 4.5, 0.5 ], "texture": "#voxels_atlas" },
				"south": { "uv": [ 4.5, 1.25, 6.5, 1.5 ], "texture": "#voxels_atlas" },
				"west": { "uv": [ 7, 5, 7.25, 5.25 ], "texture": "#voxels_atlas" },
				"east": { "uv": [ 7.25, 4.75, 7, 5 ], "texture": "#voxels_atlas" }
			}
		},
		{
			"__comment": "Voxels",
			"from": [ 3, 6, 11.5 ],
			"to": [ 7.5, 6.5, 12 ],
			"faces": {
				"down": { "uv": [ 13.75, 9.75, 16, 10 ], "texture": "#voxels_atlas" },
				"up": { "uv": [ 13.75, 13.25, 16, 13 ], "texture": "#voxels_atlas" },
				"north": { "uv": [ 16, 12.75, 13.75, 13 ], "texture": "#voxels_atlas" },
				"south": { "uv": [ 4.5, 4, 6.75, 4.25 ], "texture": "#voxels_atlas" },
				"west": { "uv": [ 8.5, 5.25, 8.75, 5.5 ], "texture": "#voxels_atlas" },
				"east": { "uv": [ 8.75, 5, 8.5, 5.25 ], "texture": "#voxels_atlas" }
			}
		},
		{
			"__comment": "Voxels",
			"from": [ 3.5, 5, 11 ],
			"to": [ 4.5, 5.5, 11.5 ],
			"faces": {
				"down": { "uv": [ 10.75, 5.25, 11.25, 5.5 ], "texture": "#voxels_atlas" },
				"up": { "uv": [ 11.25, 5.5, 11.75, 5.25 ], "texture": "#voxels_atlas" },
				"north": { "uv": [ 12.25, 5.25, 11.75, 5.5 ], "texture": "#voxels_atlas" },
				"south": { "uv": [ 2.25, 5, 2.75, 5.25 ], "texture": "#voxels_atlas" },
				"west": { "uv": [ 9.5, 1.5, 9.75, 1.75 ], "texture": "#voxels_atlas" },
				"east": { "uv": [ 9.75, 1.25, 9.5, 1.5 ], "texture": "#voxels_atlas" }
			}
		},
		{
			"__comment": "Voxels",
			"from": [ 3.5, 5.5, 10 ],
			"to": [ 4.5, 6.5, 10.5 ],
			"faces": {
				"down": { "uv": [ 2.25, 4.25, 2.75, 4.5 ], "texture": "#voxels_atlas" },
				"up": { "uv": [ 2.25, 3.75, 2.75, 3.5 ], "texture": "#voxels_atlas" },
				"north": { "uv": [ 2.75, 5.25, 2.25, 5.75 ], "texture": "#voxels_atlas" },
				"south": { "uv": [ 2.25, 3.75, 2.75, 4.25 ], "texture": "#voxels_atlas" },
				"west": { "uv": [ 2.5, 11.5, 2.75, 12 ], "texture": "#voxels_atlas" },
				"east": { "uv": [ 2.75, 10.75, 2.5, 11.25 ], "texture": "#voxels_atlas" }
			}
		},
		{
			"__comment": "Voxels",
			"from": [ 3.5, 5.5, 11.5 ],
			"to": [ 7.5, 6, 12 ],
			"faces": {
				"down": { "uv": [ 4.5, 1.75, 6.5, 2 ], "texture": "#voxels_atlas" },
				"up": { "uv": [ 4.5, 2.75, 6.5, 2.5 ], "texture": "#voxels_atlas" },
				"north": { "uv": [ 6.5, 2.75, 4.5, 3 ], "texture": "#voxels_atlas" },
				"south": { "uv": [ 4.5, 3, 6.5, 3.25 ], "texture": "#voxels_atlas" },
				"west": { "uv": [ 13.75, 5.25, 14, 5.5 ], "texture": "#voxels_atlas" },
				"east": { "uv": [ 14.25, 5.25, 14, 5.5 ], "texture": "#voxels_atlas" }
			}
		},
		{
			"__comment": "Voxels",
			"from": [ 3.5, 6.5, 11.5 ],
			"to": [ 7, 7, 12 ],
			"faces": {
				"down": { "uv": [ 2.75, 0.75, 4.5, 1 ], "texture": "#voxels_atlas" },
				"up": { "uv": [ 2.75, 4.25, 4.5, 4 ], "texture": "#voxels_atlas" },
				"north": { "uv": [ 4.5, 3.75, 2.75, 4 ], "texture": "#voxels_atlas" },
				"south": { "uv": [ 2.75, 2.75, 4.5, 3 ], "texture": "#voxels_atlas" },
				"west": { "uv": [ 15.25, 5.25, 15.5, 5.5 ], "texture": "#voxels_atlas" },
				"east": { "uv": [ 15.75, 5.25, 15.5, 5.5 ], "texture": "#voxels_atlas" }
			}
		},
		{
			"__comment": "Voxels",
			"from": [ 4, 5, 2.5 ],
			"to": [ 7.5, 5.5, 3 ],
			"faces": {
				"down": { "uv": [ 2.75, 2.5, 4.5, 2.75 ], "texture": "#voxels_atlas" },
				"up": { "uv": [ 2.75, 1.25, 4.5, 1 ], "texture": "#voxels_atlas" },
				"north": { "uv": [ 4.5, 1.5, 2.75, 1.75 ], "texture": "#voxels_atlas" },
				"south": { "uv": [ 2.75, 6.5, 4.5, 6.75 ], "texture": "#voxels_atlas" },
				"west": { "uv": [ 10.25, 3.25, 10.5, 3.5 ], "texture": "#voxels_atlas" },
				"east": { "uv": [ 10.5, 3, 10.25, 3.25 ], "texture": "#voxels_atlas" }
			}
		},
		{
			"__comment": "Voxels",
			"from": [ 4, 5, 11.5 ],
			"to": [ 7, 5.5, 12 ],
			"faces": {
				"down": { "uv": [ 11.75, 7.25, 13.25, 7.5 ], "texture": "#voxels_atlas" },
				"up": { "uv": [ 13.25, 7.5, 14.75, 7.25 ], "texture": "#voxels_atlas" },
				"north": { "uv": [ 8.75, 7, 7.25, 7.25 ], "texture": "#voxels_atlas" },
				"south": { "uv": [ 7.25, 6.75, 8.75, 7 ], "texture": "#voxels_atlas" },
				"west": { "uv": [ 10.25, 1.75, 10.5, 2 ], "texture": "#voxels_atlas" },
				"east": { "uv": [ 10.5, 1.5, 10.25, 1.75 ], "texture": "#voxels_atlas" }
			}
		},
		{
			"__comment": "Voxels",
			"from": [ 4, 5.5, 2 ],
			"to": [ 7.5, 6, 2.5 ],
			"faces": {
				"down": { "uv": [ 2.75, 6.25, 4.5, 6.5 ], "texture": "#voxels_atlas" },
				"up": { "uv": [ 2.75, 6.25, 4.5, 6 ], "texture": "#voxels_atlas" },
				"north": { "uv": [ 4.5, 5.75, 2.75, 6 ], "texture": "#voxels_atlas" },
				"south": { "uv": [ 2.75, 5, 4.5, 5.25 ], "texture": "#voxels_atlas" },
				"west": { "uv": [ 10.25, 0.25, 10.5, 0.5 ], "texture": "#voxels_atlas" },
				"east": { "uv": [ 10.5, 0, 10.25, 0.25 ], "texture": "#voxels_atlas" }
			}
		},
		{
			"__comment": "Voxels",
			"from": [ 4, 6, 3.5 ],
			"to": [ 5, 6.5, 4 ],
			"faces": {
				"down": { "uv": [ 8.25, 3.75, 8.75, 4 ], "texture": "#voxels_atlas" },
				"up": { "uv": [ 8.25, 3.75, 8.75, 3.5 ], "texture": "#voxels_atlas" },
				"north": { "uv": [ 16, 7, 15.5, 7.25 ], "texture": "#voxels_atlas" },
				"south": { "uv": [ 15.5, 6.75, 16, 7 ], "texture": "#voxels_atlas" },
				"west": { "uv": [ 10.5, 4, 10.75, 4.25 ], "texture": "#voxels_atlas" },
				"east": { "uv": [ 10.75, 3.75, 10.5, 4 ], "texture": "#voxels_atlas" }
			}
		},
		{
			"__comment": "Voxels",
			"from": [ 4, 6, 12 ],
			"to": [ 7.5, 6.5, 12.5 ],
			"faces": {
				"down": { "uv": [ 2.75, 4.75, 4.5, 5 ], "texture": "#voxels_atlas" },
				"up": { "uv": [ 2.75, 4.75, 4.5, 4.5 ], "texture": "#voxels_atlas" },
				"north": { "uv": [ 4.5, 4.25, 2.75, 4.5 ], "texture": "#voxels_atlas" },
				"south": { "uv": [ 2.75, 3.5, 4.5, 3.75 ], "texture": "#voxels_atlas" },
				"west": { "uv": [ 10.5, 2.5, 10.75, 2.75 ], "texture": "#voxels_atlas" },
				"east": { "uv": [ 10.75, 2.25, 10.5, 2.5 ], "texture": "#voxels_atlas" }
			}
		},
		{
			"__comment": "Voxels",
			"from": [ 4.5, 5.5, 12 ],
			"to": [ 7.5, 6, 12.5 ],
			"faces": {
				"down": { "uv": [ 7.25, 6.5, 8.75, 6.75 ], "texture": "#voxels_atlas" },
				"up": { "uv": [ 7.25, 6.5, 8.75, 6.25 ], "texture": "#voxels_atlas" },
				"north": { "uv": [ 8.75, 6, 7.25, 6.25 ], "texture": "#voxels_atlas" },
				"south": { "uv": [ 10.25, 7.25, 11.75, 7.5 ], "texture": "#voxels_atlas" },
				"west": { "uv": [ 10.5, 1, 10.75, 1.25 ], "texture": "#voxels_atlas" },
				"east": { "uv": [ 10.75, 0.75, 10.5, 1 ], "texture": "#voxels_atlas" }
			}
		},
		{
			"__comment": "Voxels",
			"from": [ 4.5, 6.5, 12 ],
			"to": [ 7.5, 7, 12.5 ],
			"faces": {
				"down": { "uv": [ 2.75, 0.25, 4.25, 0.5 ], "texture": "#voxels_atlas" },
				"up": { "uv": [ 2.75, 0.25, 4.25, 0 ], "texture": "#voxels_atlas" },
				"north": { "uv": [ 15.75, 10.75, 14.25, 11 ], "texture": "#voxels_atlas" },
				"south": { "uv": [ 14.25, 10.5, 15.75, 10.75 ], "texture": "#voxels_atlas" },
				"west": { "uv": [ 11, 5, 11.25, 5.25 ], "texture": "#voxels_atlas" },
				"east": { "uv": [ 11.5, 5, 11.25, 5.25 ], "texture": "#voxels_atlas" }
			}
		},
		{
			"__comment": "Voxels",
			"from": [ 5, 6, 12.5 ],
			"to": [ 7.5, 6.5, 13 ],
			"faces": {
				"down": { "uv": [ 7.25, 5.25, 8.5, 5.5 ], "texture": "#voxels_atlas" },
				"up": { "uv": [ 7.25, 5.25, 8.5, 5 ], "texture": "#voxels_atlas" },
				"north": { "uv": [ 8.5, 4.75, 7.25, 5 ], "texture": "#voxels_atlas" },
				"south": { "uv": [ 7.25, 4.5, 8.5, 4.75 ], "texture": "#voxels_atlas" },
				"west": { "uv": [ 12.5, 5, 12.75, 5.25 ], "texture": "#voxels_atlas" },
				"east": { "uv": [ 13, 5, 12.75, 5.25 ], "texture": "#voxels_atlas" }
			}
		},
		{
			"__comment": "Voxels",
			"from": [ 5.5, 4.5, 7 ],
			"to": [ 7, 5.5, 7.5 ],
			"faces": {
				"down": { "uv": [ 10.5, 6.25, 11.25, 6.5 ], "texture": "#voxels_atlas" },
				"up": { "uv": [ 11.25, 6.5, 12, 6.25 ], "texture": "#voxels_atlas" },
				"north": { "uv": [ 16, 13.5, 15.25, 14 ], "texture": "#voxels_atlas" },
				"south": { "uv": [ 1.75, 11.5, 2.5, 12 ], "texture": "#voxels_atlas" },
				"west": { "uv": [ 4.25, 6.75, 4.5, 7.25 ], "texture": "#voxels_atlas" },
				"east": { "uv": [ 7.25, 0.25, 7, 0.75 ], "texture": "#voxels_atlas" }
			}
		},
		{
			"__comment": "Voxels",
			"from": [ 5.5, 4.5, 7.5 ],
			"to": [ 6.5, 5.5, 8 ],
			"faces": {
				"down": { "uv": [ 14.75, 6, 15.25, 6.25 ], "texture": "#voxels_atlas" },
				"up": { "uv": [ 15.25, 6.25, 15.75, 6 ], "texture": "#voxels_atlas" },
				"north": { "uv": [ 2.75, 3, 2.25, 3.5 ], "texture": "#voxels_atlas" },
				"south": { "uv": [ 6.5, 0.25, 7, 0.75 ], "texture": "#voxels_atlas" },
				"west": { "uv": [ 9.5, 2.5, 9.75, 3 ], "texture": "#voxels_atlas" },
				"east": { "uv": [ 10, 5.25, 9.75, 5.75 ], "texture": "#voxels_atlas" }
			}
		},
		{
			"__comment": "Voxels",
			"from": [ 5.5, 5, 6.5 ],
			"to": [ 7.5, 5.5, 7 ],
			"faces": {
				"down": { "uv": [ 7.25, 4.25, 8.25, 4.5 ], "texture": "#voxels_atlas" },
				"up": { "uv": [ 7.25, 4.25, 8.25, 4 ], "texture": "#voxels_atlas" },
				"north": { "uv": [ 8.25, 3.75, 7.25, 4 ], "texture": "#voxels_atlas" },
				"south": { "uv": [ 7.25, 3.5, 8.25, 3.75 ], "texture": "#voxels_atlas" },
				"west": { "uv": [ 10.75, 3.75, 11, 4 ], "texture": "#voxels_atlas" },
				"east": { "uv": [ 11, 3.5, 10.75, 3.75 ], "texture": "#voxels_atlas" }
			}
		},
		{
			"__comment": "Voxels",
			"from": [ 5.5, 5, 12 ],
			"to": [ 7, 5.5, 12.5 ],
			"faces": {
				"down": { "uv": [ 15, 6.25, 15.75, 6.5 ], "texture": "#voxels_atlas" },
				"up": { "uv": [ 9, 6.25, 9.75, 6 ], "texture": "#voxels_atlas" },
				"north": { "uv": [ 9.75, 5.75, 9, 6 ], "texture": "#voxels_atlas" },
				"south": { "uv": [ 9, 5.5, 9.75, 5.75 ], "texture": "#voxels_atlas" },
				"west": { "uv": [ 10.75, 2.25, 11, 2.5 ], "texture": "#voxels_atlas" },
				"east": { "uv": [ 11, 2, 10.75, 2.25 ], "texture": "#voxels_atlas" }
			}
		},
		{
			"__comment": "Voxels",
			"from": [ 5.5, 5.5, 12.5 ],
			"to": [ 7, 6, 13 ],
			"faces": {
				"down": { "uv": [ 9, 5.25, 9.75, 5.5 ], "texture": "#voxels_atlas" },
				"up": { "uv": [ 9, 5.25, 9.75, 5 ], "texture": "#voxels_atlas" },
				"north": { "uv": [ 9.75, 4.75, 9, 5 ], "texture": "#voxels_atlas" },
				"south": { "uv": [ 9, 4.5, 9.75, 4.75 ], "texture": "#voxels_atlas" },
				"west": { "uv": [ 10.75, 0.75, 11, 1 ], "texture": "#voxels_atlas" },
				"east": { "uv": [ 11, 0.5, 10.75, 0.75 ], "texture": "#voxels_atlas" }
			}
		},
		{
			"__comment": "Voxels",
			"from": [ 5.5, 6.5, 12.5 ],
			"to": [ 7, 7, 13 ],
			"faces": {
				"down": { "uv": [ 9, 4.25, 9.75, 4.5 ], "texture": "#voxels_atlas" },
				"up": { "uv": [ 9, 4.25, 9.75, 4 ], "texture": "#voxels_atlas" },
				"north": { "uv": [ 9.75, 3.75, 9, 4 ], "texture": "#voxels_atlas" },
				"south": { "uv": [ 9, 3.5, 9.75, 3.75 ], "texture": "#voxels_atlas" },
				"west": { "uv": [ 11.5, 4.75, 11.75, 5 ], "texture": "#voxels_atlas" },
				"east": { "uv": [ 12, 4.75, 11.75, 5 ], "texture": "#voxels_atlas" }
			}
		},
		{
			"__comment": "Voxels",
			"from": [ 6, 4, 6.5 ],
			"to": [ 6.5, 5, 7 ],
			"faces": {
				"down": { "uv": [ 12, 4.75, 12.25, 5 ], "texture": "#voxels_atlas" },
				"up": { "uv": [ 12.25, 5, 12.5, 4.75 ], "texture": "#voxels_atlas" },
				"north": { "uv": [ 10, 3.25, 9.75, 3.75 ], "texture": "#voxels_atlas" },
				"south": { "uv": [ 9.75, 2.75, 10, 3.25 ], "texture": "#voxels_atlas" },
				"west": { "uv": [ 9.75, 2.25, 10, 2.75 ], "texture": "#voxels_atlas" },
				"east": { "uv": [ 10, 1.75, 9.75, 2.25 ], "texture": "#voxels_atlas" }
			}
		},
		{
			"__comment": "Voxels",
			"from": [ 6, 4, 7 ],
			"to": [ 6.5, 4.5, 7.5 ],
			"faces": {
				"down": { "uv": [ 13.5, 4.75, 13.75, 5 ], "texture": "#voxels_atlas" },
				"up": { "uv": [ 13.75, 5, 14, 4.75 ], "texture": "#voxels_atlas" },
				"north": { "uv": [ 14.25, 4.75, 14, 5 ], "texture": "#voxels_atlas" },
				"south": { "uv": [ 14.25, 4.75, 14.5, 5 ], "texture": "#voxels_atlas" },
				"west": { "uv": [ 14.5, 4.75, 14.75, 5 ], "texture": "#voxels_atlas" },
				"east": { "uv": [ 15, 4.75, 14.75, 5 ], "texture": "#voxels_atlas" }
			}
		},
		{
			"__comment": "Voxels",
			"from": [ 6, 4.5, 6 ],
			"to": [ 6.5, 5.5, 6.5 ],
			"faces": {
				"down": { "uv": [ 15, 4.75, 15.25, 5 ], "texture": "#voxels_atlas" },
				"up": { "uv": [ 15.25, 5, 15.5, 4.75 ], "texture": "#voxels_atlas" },
				"north": { "uv": [ 10, 1.25, 9.75, 1.75 ], "texture": "#voxels_atlas" },
				"south": { "uv": [ 9.75, 0.75, 10, 1.25 ], "texture": "#voxels_atlas" },
				"west": { "uv": [ 9.75, 0.25, 10, 0.75 ], "texture": "#voxels_atlas" },
				"east": { "uv": [ 10.25, 5, 10, 5.5 ], "texture": "#voxels_atlas" }
			}
		},
		{
			"__comment": "Voxels",
			"from": [ 6, 5, 4.5 ],
			"to": [ 6.5, 6, 5 ],
			"faces": {
				"down": { "uv": [ 11, 4, 11.25, 4.25 ], "texture": "#voxels_atlas" },
				"up": { "uv": [ 11, 4, 11.25, 3.75 ], "texture": "#voxels_atlas" },
				"north": { "uv": [ 10.25, 4.5, 10, 5 ], "texture": "#voxels_atlas" },
				"south": { "uv": [ 10, 4, 10.25, 4.5 ], "texture": "#voxels_atlas" },
				"west": { "uv": [ 10, 3.5, 10.25, 4 ], "texture": "#voxels_atlas" },
				"east": { "uv": [ 10.25, 3, 10, 3.5 ], "texture": "#voxels_atlas" }
			}
		},
		{
			"__comment": "Voxels",
			"from": [ 6, 5, 5 ],
			"to": [ 6.5, 5.5, 6 ],
			"faces": {
				"down": { "uv": [ 10, 2.5, 10.25, 3 ], "texture": "#voxels_atlas" },
				"up": { "uv": [ 10, 2.5, 10.25, 2 ], "texture": "#voxels_atlas" },
				"north": { "uv": [ 11.25, 2, 11, 2.25 ], "texture": "#voxels_atlas" },
				"south": { "uv": [ 11, 1.75, 11.25, 2 ], "texture": "#voxels_atlas" },
				"west": { "uv": [ 11, 5.5, 11.5, 5.75 ], "texture": "#voxels_atlas" },
				"east": { "uv": [ 12, 5.5, 11.5, 5.75 ], "texture": "#voxels_atlas" }
			}
		},
		{
			"__comment": "Voxels",
			"from": [ 6, 5, 8 ],
			"to": [ 6.5, 5.5, 9.5 ],
			"faces": {
				"down": { "uv": [ 8.75, 1.25, 9, 2 ], "texture": "#voxels_atlas" },
				"up": { "uv": [ 8.75, 1.25, 9, 0.5 ], "texture": "#voxels_atlas" },
				"north": { "uv": [ 11.25, 0.5, 11, 0.75 ], "texture": "#voxels_atlas" },
				"south": { "uv": [ 11, 0.25, 11.25, 0.5 ], "texture": "#voxels_atlas" },
				"west": { "uv": [ 9, 3.25, 9.75, 3.5 ], "texture": "#voxels_atlas" },
				"east": { "uv": [ 9.75, 3, 9, 3.25 ], "texture": "#voxels_atlas" }
			}
		},
		{
			"__comment": "Voxels",
			"from": [ 6, 5.5, 4 ],
			"to": [ 6.5, 6.5, 4.5 ],
			"faces": {
				"down": { "uv": [ 11.5, 4.5, 11.75, 4.75 ], "texture": "#voxels_atlas" },
				"up": { "uv": [ 11.75, 4.75, 12, 4.5 ], "texture": "#voxels_atlas" },
				"north": { "uv": [ 10.25, 1.5, 10, 2 ], "texture": "#voxels_atlas" },
				"south": { "uv": [ 10, 1, 10.25, 1.5 ], "texture": "#voxels_atlas" },
				"west": { "uv": [ 10, 0.5, 10.25, 1 ], "texture": "#voxels_atlas" },
				"east": { "uv": [ 10.25, 0, 10, 0.5 ], "texture": "#voxels_atlas" }
			}
		},
		{
			"__comment": "Voxels",
			"from": [ 6, 5.5, 7 ],
			"to": [ 7, 6, 7.5 ],
			"faces": {
				"down": { "uv": [ 14, 5.5, 14.5, 5.75 ], "texture": "#voxels_atlas" },
				"up": { "uv": [ 14.5, 5.75, 15, 5.5 ], "texture": "#voxels_atlas" },
				"north": { "uv": [ 15.5, 5.5, 15, 5.75 ], "texture": "#voxels_atlas" },
				"south": { "uv": [ 15.5, 5.5, 16, 5.75 ], "texture": "#voxels_atlas" },
				"west": { "uv": [ 14, 4.5, 14.25, 4.75 ], "texture": "#voxels_atlas" },
				"east": { "uv": [ 14.5, 4.5, 14.25, 4.75 ], "texture": "#voxels_atlas" }
			}
		},
		{
			"__comment": "Voxels",
			"from": [ 6, 5.5, 9 ],
			"to": [ 6.5, 6, 10.5 ],
			"faces": {
				"down": { "uv": [ 9, 2.25, 9.25, 3 ], "texture": "#voxels_atlas" },
				"up": { "uv": [ 9.25, 3, 9.5, 2.25 ], "texture": "#voxels_atlas" },
				"north": { "uv": [ 15.25, 4.5, 15, 4.75 ], "texture": "#voxels_atlas" },
				"south": { "uv": [ 15.25, 4.5, 15.5, 4.75 ], "texture": "#voxels_atlas" },
				"west": { "uv": [ 9, 2, 9.75, 2.25 ], "texture": "#voxels_atlas" },
				"east": { "uv": [ 9.75, 1.75, 9, 2 ], "texture": "#voxels_atlas" }
			}
		},
		{
			"__comment": "Voxels",
			"from": [ 6, 6, 3.5 ],
			"to": [ 6.5, 6.5, 4 ],
			"faces": {
				"down": { "uv": [ 11.25, 4.25, 11.5, 4.5 ], "texture": "#voxels_atlas" },
				"up": { "uv": [ 11.25, 4.25, 11.5, 4 ], "texture": "#voxels_atlas" },
				"north": { "uv": [ 11.5, 3.75, 11.25, 4 ], "texture": "#voxels_atlas" },
				"south": { "uv": [ 11.25, 3.5, 11.5, 3.75 ], "texture": "#voxels_atlas" },
				"west": { "uv": [ 11.25, 3.25, 11.5, 3.5 ], "texture": "#voxels_atlas" },
				"east": { "uv": [ 11.5, 3, 11.25, 3.25 ], "texture": "#voxels_atlas" }
			}
		},
		{
			"__comment": "Voxels",
			"from": [ 6, 6, 10 ],
			"to": [ 6.5, 6.5, 11 ],
			"faces": {
				"down": { "uv": [ 10.25, 4.75, 10.5, 5.25 ], "texture": "#voxels_atlas" },
				"up": { "uv": [ 10.25, 4.75, 10.5, 4.25 ], "texture": "#voxels_atlas" },
				"north": { "uv": [ 11.5, 2.25, 11.25, 2.5 ], "texture": "#voxels_atlas" },
				"south": { "uv": [ 11.25, 2, 11.5, 2.25 ], "texture": "#voxels_atlas" },
				"west": { "uv": [ 12.25, 5.25, 12.75, 5.5 ], "texture": "#voxels_atlas" },
				"east": { "uv": [ 13.25, 5.25, 12.75, 5.5 ], "texture": "#voxels_atlas" }
			}
		},
		{
			"__comment": "Voxels",
			"from": [ 6.5, 4.5, 6.5 ],
			"to": [ 7, 5, 7 ],
			"faces": {
				"down": { "uv": [ 11.25, 1.25, 11.5, 1.5 ], "texture": "#voxels_atlas" },
				"up": { "uv": [ 11.25, 1.25, 11.5, 1 ], "texture": "#voxels_atlas" },
				"north": { "uv": [ 11.5, 0.75, 11.25, 1 ], "texture": "#voxels_atlas" },
				"south": { "uv": [ 11.25, 0.5, 11.5, 0.75 ], "texture": "#voxels_atlas" },
				"west": { "uv": [ 11.25, 0.25, 11.5, 0.5 ], "texture": "#voxels_atlas" },
				"east": { "uv": [ 11.5, 0, 11.25, 0.25 ], "texture": "#voxels_atlas" }
			}
		},
		{
			"__comment": "Voxels",
			"from": [ 6.5, 5.5, 6.5 ],
			"to": [ 7, 6, 7 ],
			"faces": {
				"down": { "uv": [ 11.5, 4.25, 11.75, 4.5 ], "texture": "#voxels_atlas" },
				"up": { "uv": [ 11.75, 4.5, 12, 4.25 ], "texture": "#voxels_atlas" },
				"north": { "uv": [ 12.25, 4.25, 12, 4.5 ], "texture": "#voxels_atlas" },
				"south": { "uv": [ 12.25, 4.25, 12.5, 4.5 ], "texture": "#voxels_atlas" },
				"west": { "uv": [ 12.5, 4.25, 12.75, 4.5 ], "texture": "#voxels_atlas" },
				"east": { "uv": [ 13, 4.25, 12.75, 4.5 ], "texture": "#voxels_atlas" }
			}
		},
		{
			"__comment": "Voxels",
			"from": [ 7, 5, 7 ],
			"to": [ 7.5, 5.5, 7.5 ],
			"faces": {
				"down": { "uv": [ 13, 4.25, 13.25, 4.5 ], "texture": "#voxels_atlas" },
				"up": { "uv": [ 13.25, 4.5, 13.5, 4.25 ], "texture": "#voxels_atlas" },
				"north": { "uv": [ 13.75, 4.25, 13.5, 4.5 ], "texture": "#voxels_atlas" },
				"south": { "uv": [ 13.75, 4.25, 14, 4.5 ], "texture": "#voxels_atlas" },
				"west": { "uv": [ 14, 4.25, 14.25, 4.5 ], "texture": "#voxels_atlas" },
				"east": { "uv": [ 14.5, 4.25, 14.25, 4.5 ], "texture": "#voxels_atlas" }
			}
		}
	],
	"display": {
		"thirdperson_righthand": {
			"rotation":  [ 83, -28, -158 ],
			"translation":  [ -7.652, 0.6955, -5.565 ],
			"scale":  [ 0.5, 0.5, 0.5 ]
		},
		"thirdperson_lefthand": {
			"rotation":  [ 0, -91, -84 ],
			"translation":  [ 0, 7.6521, 0 ],
			"scale":  [ 0.6, 0.4, 0.7347 ]
		},
		"firstperson_righthand": {
			"rotation":  [ -34, -84, 61 ],
			"translation":  [ 0, 5.5652, 0.6956 ],
			"scale":  [ 0.4, 0.4, 0.4 ]
		},
		"firstperson_lefthand": {
			"rotation":  [ -42, 69, -47 ],
			"translation":  [ 0, 6.2608, 0.6956 ],
			"scale":  [ 0.4, 0.4, 0.4 ]
		},
		"gui": {
			"rotation":  [ -3, 119, 108 ],
			"translation":  [ 2.0869, 6.2608, 0 ],
			"scale":  [ 0.6, 0.6, 0.6 ]
		},
		"ground": {
			"rotation":  [ 0, 0, 61 ],
			"translation":  [ 0, 18.782, 0 ],
			"scale":  [ 0.8, 0.8, 0.8 ]
		},
		"fixed": {
			"rotation":  [ -2, 78, 88 ],
			"translation":  [ 0.6956, 8.3478, -1 ],
			"scale":  [ 0.8, 0.8, 0.8 ]
		}
	}
}