{
	"__comment": "Designed by Pashjn for CraftCitizen with Cubik Studio - https://cubik.studio",
	"textures": {
		"4": "block/oak_log",
		"5": "block/stripped_oak_log",
		"6": "block/oak_planks",
		"7": "block/gray_concrete_powder",
		"8": "block/dark_oak_log",
		"9": "block/iron_block",
		"particle": "block/oak_log"
	},
	"elements": [ 	 
		{
			"__comment": "Element",
			"from": [ 2, -2, 8 ],
			"to": [ 3, 0, 12 ],
			"faces": {
				"down": { "uv": [ 0, 0, 1, 4 ], "texture": "#4" },
				"up": { "uv": [ 0, 0, 1, 4 ], "texture": "#4" },
				"north": { "uv": [ 0, 0, 1, 2 ], "texture": "#4" },
				"south": { "uv": [ 1, 1, 2, 3 ], "texture": "#4" },
				"west": { "uv": [ 0, 0, 4, 2 ], "texture": "#4" },
				"east": { "uv": [ 0, 0, 4, 2 ], "texture": "#4" }
			}
		},
		{
			"__comment": "Element",
			"from": [ 13, -2, 8 ],
			"to": [ 14, 0, 12 ],
			"faces": {
				"down": { "uv": [ 1, 0, 0, 4 ], "texture": "#4" },
				"up": { "uv": [ 1, 0, 0, 4 ], "texture": "#4" },
				"north": { "uv": [ 1, 0, 0, 2 ], "texture": "#4" },
				"south": { "uv": [ 6, 2, 5, 4 ], "texture": "#4" },
				"west": { "uv": [ 4, 0, 0, 2 ], "texture": "#4" },
				"east": { "uv": [ 4, 0, 0, 2 ], "texture": "#4" }
			}
		},
		{
			"__comment": "Element",
			"from": [ 2, 5, 8 ],
			"to": [ 3, 8, 12 ],
			"faces": {
				"down": { "uv": [ 0, 0, 1, 4 ], "texture": "#4" },
				"up": { "uv": [ 0, 0, 1, 4 ], "texture": "#4" },
				"north": { "uv": [ 0, 0, 1, 3 ], "texture": "#4" },
				"south": { "uv": [ 1, 3, 2, 6 ], "texture": "#4" },
				"west": { "uv": [ 0, 0, 4, 3 ], "texture": "#4" },
				"east": { "uv": [ 0, 0, 4, 3 ], "texture": "#4" }
			}
		},
		{
			"__comment": "Element",
			"from": [ 13, 5, 8 ],
			"to": [ 14, 8, 12 ],
			"faces": {
				"down": { "uv": [ 1, 0, 0, 4 ], "texture": "#4" },
				"up": { "uv": [ 1, 0, 0, 4 ], "texture": "#4" },
				"north": { "uv": [ 1, 0, 0, 3 ], "texture": "#4" },
				"south": { "uv": [ 1, 0, 0, 3 ], "texture": "#4" },
				"west": { "uv": [ 4, 0, 0, 3 ], "texture": "#4" },
				"east": { "uv": [ 4, 0, 0, 3 ], "texture": "#4" }
			}
		},
		{
			"__comment": "Element",
			"from": [ 3, 8, 8 ],
			"to": [ 5, 9, 12 ],
			"faces": {
				"down": { "uv": [ 0, 0, 2, 4 ], "texture": "#4" },
				"up": { "uv": [ 0, 0, 2, 4 ], "texture": "#4" },
				"north": { "uv": [ 0, 0, 2, 1 ], "texture": "#4" },
				"south": { "uv": [ 0, 0, 2, 1 ], "texture": "#4" },
				"west": { "uv": [ 0, 0, 4, 1 ], "texture": "#4" },
				"east": { "uv": [ 0, 0, 4, 1 ], "texture": "#4" }
			}
		},
		{
			"__comment": "Element",
			"from": [ 11, 8, 8 ],
			"to": [ 13, 9, 12 ],
			"faces": {
				"down": { "uv": [ 2, 0, 0, 4 ], "texture": "#4" },
				"up": { "uv": [ 2, 0, 0, 4 ], "texture": "#4" },
				"north": { "uv": [ 2, 0, 0, 1 ], "texture": "#4" },
				"south": { "uv": [ 2, 0, 0, 1 ], "texture": "#4" },
				"west": { "uv": [ 4, 0, 0, 1 ], "texture": "#4" },
				"east": { "uv": [ 4, 0, 0, 1 ], "texture": "#4" }
			}
		},
		{
			"__comment": "Element",
			"from": [ 5, 9, 8 ],
			"to": [ 11, 10, 12 ],
			"faces": {
				"down": { "uv": [ 2, 0, 8, 4 ], "texture": "#4" },
				"up": { "uv": [ 2, 0, 8, 4 ], "texture": "#4" },
				"north": { "uv": [ 2, 0, 8, 1 ], "texture": "#4" },
				"south": { "uv": [ 2, 0, 8, 1 ], "texture": "#4" },
				"west": { "uv": [ 4, 0, 8, 1 ], "texture": "#4" },
				"east": { "uv": [ 4, 0, 8, 1 ], "texture": "#4" }
			}
		},
		{
			"__comment": "Element",
			"from": [ 3, 0, 8 ],
			"to": [ 4, 5, 12 ],
			"faces": {
				"down": { "uv": [ 0, 0, 1, 4 ], "texture": "#4" },
				"up": { "uv": [ 0, 0, 1, 4 ], "texture": "#4" },
				"north": { "uv": [ 0, 0, 1, 5 ], "texture": "#4" },
				"south": { "uv": [ 5, 2, 6, 7 ], "texture": "#4" },
				"west": { "uv": [ 0, 0, 4, 5 ], "texture": "#4" },
				"east": { "uv": [ 0, 0, 4, 5 ], "texture": "#4" }
			}
		},
		{
			"__comment": "Element",
			"from": [ 12, 0, 8 ],
			"to": [ 13, 5, 12 ],
			"faces": {
				"down": { "uv": [ 1, 0, 0, 4 ], "texture": "#4" },
				"up": { "uv": [ 1, 0, 0, 4 ], "texture": "#4" },
				"north": { "uv": [ 1, 0, 0, 5 ], "texture": "#4" },
				"south": { "uv": [ 6, 2, 5, 7 ], "texture": "#4" },
				"west": { "uv": [ 4, 0, 0, 5 ], "texture": "#4" },
				"east": { "uv": [ 4, 0, 0, 5 ], "texture": "#4" }
			}
		},
		{
			"__comment": "Element",
			"from": [ 1, -7, 8 ],
			"to": [ 2, -2, 12 ],
			"faces": {
				"down": { "uv": [ 0, 0, 1, 4 ], "texture": "#4" },
				"up": { "uv": [ 0, 0, 1, 4 ], "texture": "#4" },
				"north": { "uv": [ 0, 0, 1, 5 ], "texture": "#4" },
				"south": { "uv": [ 1, 3, 2, 8 ], "texture": "#4" },
				"west": { "uv": [ 0, 0, 4, 5 ], "texture": "#4" },
				"east": { "uv": [ 0, 0, 4, 5 ], "texture": "#4" }
			}
		},
		{
			"__comment": "Element",
			"from": [ 14, -7, 8 ],
			"to": [ 15, -2, 12 ],
			"faces": {
				"down": { "uv": [ 1, 0, 0, 4 ], "texture": "#4" },
				"up": { "uv": [ 1, 0, 0, 4 ], "texture": "#4" },
				"north": { "uv": [ 1, 0, 0, 5 ], "texture": "#4" },
				"south": { "uv": [ 3, 3, 2, 8 ], "texture": "#4" },
				"west": { "uv": [ 4, 0, 0, 5 ], "texture": "#4" },
				"east": { "uv": [ 4, 0, 0, 5 ], "texture": "#4" }
			}
		},
		{
			"__comment": "Element",
			"from": [ 2, -8, 8 ],
			"to": [ 3, -7, 12 ],
			"faces": {
				"down": { "uv": [ 0, 0, 1, 4 ], "texture": "#4" },
				"up": { "uv": [ 0, 0, 1, 4 ], "texture": "#4" },
				"north": { "uv": [ 0, 0, 1, 1 ], "texture": "#4" },
				"south": { "uv": [ 0, 0, 1, 1 ], "texture": "#4" },
				"west": { "uv": [ 0, 0, 4, 1 ], "texture": "#4" },
				"east": { "uv": [ 0, 0, 4, 1 ], "texture": "#4" }
			}
		},
		{
			"__comment": "Element",
			"from": [ 13, -8, 8 ],
			"to": [ 14, -7, 12 ],
			"faces": {
				"down": { "uv": [ 1, 0, 0, 4 ], "texture": "#4" },
				"up": { "uv": [ 1, 0, 0, 4 ], "texture": "#4" },
				"north": { "uv": [ 1, 0, 0, 1 ], "texture": "#4" },
				"south": { "uv": [ 1, 0, 0, 1 ], "texture": "#4" },
				"west": { "uv": [ 4, 0, 0, 1 ], "texture": "#4" },
				"east": { "uv": [ 4, 0, 0, 1 ], "texture": "#4" }
			}
		},
		{
			"__comment": "Element",
			"from": [ 3, -9, 8 ],
			"to": [ 4, -8, 12 ],
			"faces": {
				"down": { "uv": [ 0, 0, 1, 4 ], "texture": "#4" },
				"up": { "uv": [ 0, 0, 1, 4 ], "texture": "#4" },
				"north": { "uv": [ 0, 0, 1, 1 ], "texture": "#4" },
				"south": { "uv": [ 1, 1, 2, 2 ], "texture": "#4" },
				"west": { "uv": [ 0, 0, 4, 1 ], "texture": "#4" },
				"east": { "uv": [ 0, 0, 4, 1 ], "texture": "#4" }
			}
		},
		{
			"__comment": "Element",
			"from": [ 12, -9, 8 ],
			"to": [ 13, -8, 12 ],
			"faces": {
				"down": { "uv": [ 1, 0, 0, 4 ], "texture": "#4" },
				"up": { "uv": [ 1, 0, 0, 4 ], "texture": "#4" },
				"north": { "uv": [ 1, 0, 0, 1 ], "texture": "#4" },
				"south": { "uv": [ 1, 0, 0, 1 ], "texture": "#4" },
				"west": { "uv": [ 4, 0, 0, 1 ], "texture": "#4" },
				"east": { "uv": [ 4, 0, 0, 1 ], "texture": "#4" }
			}
		},
		{
			"__comment": "Element",
			"from": [ 4, -10, 8 ],
			"to": [ 12, -9, 12 ],
			"faces": {
				"down": { "uv": [ 0, 0, 8, 4 ], "texture": "#4" },
				"up": { "uv": [ 0, 0, 8, 4 ], "texture": "#4" },
				"north": { "uv": [ 0, 0, 8, 1 ], "texture": "#4" },
				"south": { "uv": [ 5, 2, 13, 3 ], "texture": "#4" },
				"west": { "uv": [ 0, 0, 4, 1 ], "texture": "#4" },
				"east": { "uv": [ 0, 0, 4, 1 ], "texture": "#4" }
			}
		},
		{
			"__comment": "Element",
			"from": [ 7, 10, 9 ],
			"to": [ 9, 11, 10 ],
			"faces": {
				"down": { "uv": [ 0, 0, 2, 1 ], "texture": "#8" },
				"up": { "uv": [ 0, 0, 2, 1 ], "texture": "#8" },
				"north": { "uv": [ 0, 0, 2, 1 ], "texture": "#8" },
				"south": { "uv": [ 0, 0, 2, 1 ], "texture": "#8" },
				"west": { "uv": [ 0, 0, 1, 1 ], "texture": "#8" },
				"east": { "uv": [ 0, 0, 1, 1 ], "texture": "#8" }
			}
		},
		{
			"__comment": "Element",
			"from": [ 7, 10, 10 ],
			"to": [ 9, 13, 11 ],
			"faces": {
				"down": { "uv": [ 0, 0, 2, 1 ], "texture": "#8" },
				"up": { "uv": [ 0, 0, 2, 1 ], "texture": "#8" },
				"north": { "uv": [ 0, 0, 2, 3 ], "texture": "#8" },
				"south": { "uv": [ 0, 0, 2, 3 ], "texture": "#8" },
				"west": { "uv": [ 0, 0, 1, 3 ], "texture": "#8" },
				"east": { "uv": [ 0, 0, 1, 3 ], "texture": "#8" }
			}
		},
		{
			"__comment": "Element",
			"from": [ 7, 10, 11 ],
			"to": [ 9, 27, 12 ],
			"faces": {
				"down": { "uv": [ 0, 0, 2, 1 ], "texture": "#8" },
				"up": { "uv": [ 0, 0, 2, 1 ], "texture": "#8" },
				"north": { "uv": [ 0, 0, 2, 16 ], "texture": "#8" },
				"south": { "uv": [ 0, 0, 2, 16 ], "texture": "#8" },
				"west": { "uv": [ 0, 0, 1, 16 ], "texture": "#8" },
				"east": { "uv": [ 0, 0, 1, 16 ], "texture": "#8" }
			}
		},
		{
			"__comment": "Element",
			"from": [ 7, 24.3869, 21.8632 ],
			"to": [ 9, 29.3869, 22.8632 ],
			"rotation": { "origin": [ 0, -1.61307, 10.86321 ], "axis": "x", "angle": -22.5 },
			"faces": {
				"down": { "uv": [ 0, 0, 2, 1 ], "texture": "#8" },
				"up": { "uv": [ 0, 0, 2, 1 ], "texture": "#8" },
				"north": { "uv": [ 0, 0, 2, 5 ], "texture": "#8" },
				"south": { "uv": [ 1, 0, 3, 5 ], "texture": "#8" },
				"west": { "uv": [ 0, 0, 1, 5 ], "texture": "#8" },
				"east": { "uv": [ 0, 0, 1, 5 ], "texture": "#8" }
			}
		},
		{
			"__comment": "Element",
			"from": [ 6.5, 25.6631, 22.4458 ],
			"to": [ 9.5, 29.6631, 23.4458 ],
			"rotation": { "origin": [ 0.5, -2.53678, 11.24595 ], "axis": "x", "angle": -22.5 },
			"faces": {
				"down": { "uv": [ 0, 0, 3, 1 ], "texture": "#8" },
				"up": { "uv": [ 0, 0, 3, 1 ], "texture": "#8" },
				"north": { "uv": [ 0, 0, 3, 4 ], "texture": "#8" },
				"south": { "uv": [ 1, 0, 4, 4 ], "texture": "#8" },
				"west": { "uv": [ 0, 0, 1, 4 ], "texture": "#8" },
				"east": { "uv": [ 0, 0, 1, 4 ], "texture": "#8" }
			}
		},
		{
			"__comment": "Element",
			"from": [ 6.5, 29.6631, 22.4458 ],
			"to": [ 7.5, 30.1631, 23.4458 ],
			"rotation": { "origin": [ 0.5, -2.53678, 11.24595 ], "axis": "x", "angle": -22.5 },
			"faces": {
				"down": { "uv": [ 0, 0, 1, 1 ], "texture": "#8" },
				"up": { "uv": [ 0, 0, 1, 1 ], "texture": "#8" },
				"north": { "uv": [ 0, 0, 1, 0.5 ], "texture": "#8" },
				"south": { "uv": [ 1, 0, 2, 0.5 ], "texture": "#8" },
				"west": { "uv": [ 0, 0, 1, 0.5 ], "texture": "#8" },
				"east": { "uv": [ 0, 0, 1, 0.5 ], "texture": "#8" }
			}
		},
		{
			"__comment": "Element",
			"from": [ 8.5, 29.6631, 22.4458 ],
			"to": [ 9.5, 30.1631, 23.4458 ],
			"rotation": { "origin": [ 0.5, -2.53678, 11.24595 ], "axis": "x", "angle": -22.5 },
			"faces": {
				"down": { "uv": [ 0, 0, 1, 1 ], "texture": "#8" },
				"up": { "uv": [ 0, 0, 1, 1 ], "texture": "#8" },
				"north": { "uv": [ 0, 0, 1, 0.5 ], "texture": "#8" },
				"south": { "uv": [ 1, 0, 2, 0.5 ], "texture": "#8" },
				"west": { "uv": [ 0, 0, 1, 0.5 ], "texture": "#8" },
				"east": { "uv": [ 0, 0, 1, 0.5 ], "texture": "#8" }
			}
		},
		{
			"__comment": "Element",
			"from": [ 7, 10, 12 ],
			"to": [ 9, 10.1, 12.1 ],
			"faces": {
				"down": { "uv": [ 0, 0.1000004, 2, 0.1999998 ], "texture": "#9" },
				"up": { "uv": [ 0, 0.1000004, 2, 0.1999998 ], "texture": "#9" },
				"north": { "uv": [ 0, 0.1000004, 2, 0.1999998 ], "texture": "#9" },
				"south": { "uv": [ 0, 0.1000004, 2, 0.1999998 ], "texture": "#9" },
				"west": { "uv": [ 0, 0.1000004, 0.1, 0.1999998 ], "texture": "#9" },
				"east": { "uv": [ 0, 0.1000004, 0.1, 0.1999998 ], "texture": "#9" }
			}
		},
		{
			"__comment": "Element",
			"from": [ 7, 9, 12 ],
			"to": [ 9, 9.1, 12.1 ],
			"faces": {
				"down": { "uv": [ 0, 0.1000004, 2, 0.1999998 ], "texture": "#9" },
				"up": { "uv": [ 0, 0.1000004, 2, 0.1999998 ], "texture": "#9" },
				"north": { "uv": [ 0, 0.1000004, 2, 0.1999998 ], "texture": "#9" },
				"south": { "uv": [ 0, 0.1000004, 2, 0.1999998 ], "texture": "#9" },
				"west": { "uv": [ 0, 0.1000004, 0.1, 0.1999998 ], "texture": "#9" },
				"east": { "uv": [ 0, 0.1000004, 0.1, 0.1999998 ], "texture": "#9" }
			}
		},
		{
			"__comment": "Element",
			"from": [ 7, 8, 12 ],
			"to": [ 9, 8.1, 12.1 ],
			"faces": {
				"down": { "uv": [ 0, 0.1000004, 2, 0.1999998 ], "texture": "#9" },
				"up": { "uv": [ 0, 0.1000004, 2, 0.1999998 ], "texture": "#9" },
				"north": { "uv": [ 0, 0.1000004, 2, 0.1999998 ], "texture": "#9" },
				"south": { "uv": [ 0, 0.1000004, 2, 0.1999998 ], "texture": "#9" },
				"west": { "uv": [ 0, 0.1000004, 0.1, 0.1999998 ], "texture": "#9" },
				"east": { "uv": [ 0, 0.1000004, 0.1, 0.1999998 ], "texture": "#9" }
			}
		},
		{
			"__comment": "Element",
			"from": [ 8.7, -1.5, 12.2 ],
			"to": [ 8.8, 27, 12.3 ],
			"faces": {
				"down": { "uv": [ 0, 0.1000004, 0.1, 0.1999998 ], "texture": "#7" },
				"up": { "uv": [ 0, 0.1000004, 0.1, 0.1999998 ], "texture": "#7" },
				"north": { "uv": [ 0, 0, 0.1, 16 ], "texture": "#7" },
				"south": { "uv": [ 0, 0, 0.1, 16 ], "texture": "#7" },
				"west": { "uv": [ 0, 0, 0.1, 16 ], "texture": "#7" },
				"east": { "uv": [ 0, 0, 0.1, 16 ], "texture": "#7" }
			}
		},
		{
			"__comment": "Element",
			"from": [ 7.8, -1.5, 12.2 ],
			"to": [ 7.9, 27, 12.3 ],
			"faces": {
				"down": { "uv": [ 0, 0.1000004, 0.1, 0.1999998 ], "texture": "#7" },
				"up": { "uv": [ 0, 0.1000004, 0.1, 0.1999998 ], "texture": "#7" },
				"north": { "uv": [ 0, 0, 0.1, 16 ], "texture": "#7" },
				"south": { "uv": [ 0, 0, 0.1, 16 ], "texture": "#7" },
				"west": { "uv": [ 0, 0, 0.1, 16 ], "texture": "#7" },
				"east": { "uv": [ 0, 0, 0.1, 16 ], "texture": "#7" }
			}
		},
		{
			"__comment": "Element",
			"from": [ 8.4, -1.5, 12.2 ],
			"to": [ 8.5, 27, 12.3 ],
			"faces": {
				"down": { "uv": [ 0, 0.1000004, 0.1, 0.1999998 ], "texture": "#7" },
				"up": { "uv": [ 0, 0.1000004, 0.1, 0.1999998 ], "texture": "#7" },
				"north": { "uv": [ 0, 0, 0.1, 16 ], "texture": "#7" },
				"south": { "uv": [ 0, 0, 0.1, 16 ], "texture": "#7" },
				"west": { "uv": [ 0, 0, 0.1, 16 ], "texture": "#7" },
				"east": { "uv": [ 0, 0, 0.1, 16 ], "texture": "#7" }
			}
		},
		{
			"__comment": "Element",
			"from": [ 7.5, -1.5, 12.2 ],
			"to": [ 7.6, 27, 12.3 ],
			"faces": {
				"down": { "uv": [ 0, 0.1000004, 0.1, 0.1999998 ], "texture": "#7" },
				"up": { "uv": [ 0, 0.1000004, 0.1, 0.1999998 ], "texture": "#7" },
				"north": { "uv": [ 0, 0, 0.1, 16 ], "texture": "#7" },
				"south": { "uv": [ 0, 0, 0.1, 16 ], "texture": "#7" },
				"west": { "uv": [ 0, 0, 0.1, 16 ], "texture": "#7" },
				"east": { "uv": [ 0, 0, 0.1, 16 ], "texture": "#7" }
			}
		},
		{
			"__comment": "Element",
			"from": [ 7.5, -1.5, 12.2 ],
			"to": [ 7.6, 27, 12.3 ],
			"faces": {
				"down": { "uv": [ 0, 0.1000004, 0.1, 0.1999998 ], "texture": "#7" },
				"up": { "uv": [ 0, 0.1000004, 0.1, 0.1999998 ], "texture": "#7" },
				"north": { "uv": [ 0, 0, 0.1, 16 ], "texture": "#7" },
				"south": { "uv": [ 0, 0, 0.1, 16 ], "texture": "#7" },
				"west": { "uv": [ 0, 0, 0.1, 16 ], "texture": "#7" },
				"east": { "uv": [ 0, 0, 0.1, 16 ], "texture": "#7" }
			}
		},
		{
			"__comment": "Element",
			"from": [ 8.099999, -1.5, 12.2 ],
			"to": [ 8.199999, 27, 12.3 ],
			"faces": {
				"down": { "uv": [ 0, 0.1000004, 0.1, 0.1999998 ], "texture": "#7" },
				"up": { "uv": [ 0, 0.1000004, 0.1, 0.1999998 ], "texture": "#7" },
				"north": { "uv": [ 0, 0, 0.1, 16 ], "texture": "#7" },
				"south": { "uv": [ 0, 0, 0.1, 16 ], "texture": "#7" },
				"west": { "uv": [ 0, 0, 0.1, 16 ], "texture": "#7" },
				"east": { "uv": [ 0, 0, 0.1, 16 ], "texture": "#7" }
			}
		},
		{
			"__comment": "Element",
			"from": [ 7.2, -1.5, 12.2 ],
			"to": [ 7.3, 27, 12.3 ],
			"faces": {
				"down": { "uv": [ 0, 0.1000004, 0.1, 0.1999998 ], "texture": "#7" },
				"up": { "uv": [ 0, 0.1000004, 0.1, 0.1999998 ], "texture": "#7" },
				"north": { "uv": [ 0, 0, 0.1, 16 ], "texture": "#7" },
				"south": { "uv": [ 0, 0, 0.1, 16 ], "texture": "#7" },
				"west": { "uv": [ 0, 0, 0.1, 16 ], "texture": "#7" },
				"east": { "uv": [ 0, 0, 0.1, 16 ], "texture": "#7" }
			}
		},
		{
			"__comment": "Element",
			"from": [ 7.2, 26.8857, 11.7254 ],
			"to": [ 7.3, 29.3857, 11.8254 ],
			"rotation": { "origin": [ 7.25, 28.13572, 11.77545 ], "axis": "x", "angle": -22.5 },
			"faces": {
				"down": { "uv": [ 0, 0.1000004, 0.1, 0.1999998 ], "texture": "#7" },
				"up": { "uv": [ 0, 0.1000004, 0.1, 0.1999998 ], "texture": "#7" },
				"north": { "uv": [ 0, 0, 0.1, 2.5 ], "texture": "#7" },
				"south": { "uv": [ 0, 0, 0.1, 2.5 ], "texture": "#7" },
				"west": { "uv": [ 0, 0, 0.1, 2.5 ], "texture": "#7" },
				"east": { "uv": [ 0, 0, 0.1, 2.5 ], "texture": "#7" }
			}
		},
		{
			"__comment": "Element",
			"from": [ 8.7, 26.8857, 11.7254 ],
			"to": [ 8.8, 29.3857, 11.8254 ],
			"rotation": { "origin": [ 8.75, 28.13572, 11.77545 ], "axis": "x", "angle": -22.5 },
			"faces": {
				"down": { "uv": [ 0.1, 0.1000004, 0, 0.1999998 ], "texture": "#7" },
				"up": { "uv": [ 0.1, 0.1000004, 0, 0.1999998 ], "texture": "#7" },
				"north": { "uv": [ 0.1, 0, 0, 2.5 ], "texture": "#7" },
				"south": { "uv": [ 0.1, 0, 0, 2.5 ], "texture": "#7" },
				"west": { "uv": [ 0.1, 0, 0, 2.5 ], "texture": "#7" },
				"east": { "uv": [ 0.1, 0, 0, 2.5 ], "texture": "#7" }
			}
		},
		{
			"__comment": "Element",
			"from": [ 7.4, 29.3857, 11.7254 ],
			"to": [ 7.5, 29.8857, 11.8254 ],
			"rotation": { "origin": [ 7.25, 28.13572, 11.77545 ], "axis": "x", "angle": -22.5 },
			"faces": {
				"down": { "uv": [ 0, 0.1000004, 0.1, 0.1999998 ], "texture": "#7" },
				"up": { "uv": [ 0, 0.1000004, 0.1, 0.1999998 ], "texture": "#7" },
				"north": { "uv": [ 0, 0, 0.1, 0.5 ], "texture": "#7" },
				"south": { "uv": [ 0, 0, 0.1, 0.5 ], "texture": "#7" },
				"west": { "uv": [ 0, 0, 0.1, 0.5 ], "texture": "#7" },
				"east": { "uv": [ 0, 0, 0.1, 0.5 ], "texture": "#7" }
			}
		},
		{
			"__comment": "Element",
			"from": [ 8.5, 29.3857, 11.7254 ],
			"to": [ 8.6, 29.8857, 11.8254 ],
			"rotation": { "origin": [ 8.75, 28.13572, 11.77545 ], "axis": "x", "angle": -22.5 },
			"faces": {
				"down": { "uv": [ 0.1, 0.1000004, 0, 0.1999998 ], "texture": "#7" },
				"up": { "uv": [ 0.1, 0.1000004, 0, 0.1999998 ], "texture": "#7" },
				"north": { "uv": [ 0.1, 0, 0, 0.5 ], "texture": "#7" },
				"south": { "uv": [ 0.1, 0, 0, 0.5 ], "texture": "#7" },
				"west": { "uv": [ 0.1, 0, 0, 0.5 ], "texture": "#7" },
				"east": { "uv": [ 0.1, 0, 0, 0.5 ], "texture": "#7" }
			}
		},
		{
			"__comment": "Element",
			"from": [ 7.7, 28.9857, 11.7254 ],
			"to": [ 7.8, 29.4857, 11.8254 ],
			"rotation": { "origin": [ 7.25, 28.13572, 11.77545 ], "axis": "x", "angle": -22.5 },
			"faces": {
				"down": { "uv": [ 0, 0.1000004, 0.1, 0.1999998 ], "texture": "#7" },
				"up": { "uv": [ 0, 0.1000004, 0.1, 0.1999998 ], "texture": "#7" },
				"north": { "uv": [ 0, 0, 0.1, 0.5 ], "texture": "#7" },
				"south": { "uv": [ 0, 0, 0.1, 0.5 ], "texture": "#7" },
				"west": { "uv": [ 0, 0, 0.1, 0.5 ], "texture": "#7" },
				"east": { "uv": [ 0, 0, 0.1, 0.5 ], "texture": "#7" }
			}
		},
		{
			"__comment": "Element",
			"from": [ 8.2, 28.9857, 11.7254 ],
			"to": [ 8.3, 29.4857, 11.8254 ],
			"rotation": { "origin": [ 8.75, 28.13572, 11.77545 ], "axis": "x", "angle": -22.5 },
			"faces": {
				"down": { "uv": [ 0.1, 0.1000004, 0, 0.1999998 ], "texture": "#7" },
				"up": { "uv": [ 0.1, 0.1000004, 0, 0.1999998 ], "texture": "#7" },
				"north": { "uv": [ 0.1, 0, 0, 0.5 ], "texture": "#7" },
				"south": { "uv": [ 0.1, 0, 0, 0.5 ], "texture": "#7" },
				"west": { "uv": [ 0.1, 0, 0, 0.5 ], "texture": "#7" },
				"east": { "uv": [ 0.1, 0, 0, 0.5 ], "texture": "#7" }
			}
		},
		{
			"__comment": "Element",
			"from": [ 7.4, 30.3857, 11.7254 ],
			"to": [ 7.5, 30.7857, 11.8254 ],
			"rotation": { "origin": [ 7.25, 28.13572, 11.77545 ], "axis": "x", "angle": -22.5 },
			"faces": {
				"down": { "uv": [ 0, 0.1000004, 0.1, 0.1999998 ], "texture": "#7" },
				"up": { "uv": [ 0, 0.1000004, 0.1, 0.1999998 ], "texture": "#7" },
				"north": { "uv": [ 0, 0, 0.1, 0.3999996 ], "texture": "#7" },
				"south": { "uv": [ 0, 0, 0.1, 0.3999996 ], "texture": "#7" },
				"west": { "uv": [ 0, 0, 0.1, 0.3999996 ], "texture": "#7" },
				"east": { "uv": [ 0, 0, 0.1, 0.3999996 ], "texture": "#7" }
			}
		},
		{
			"__comment": "Element",
			"from": [ 8.5, 30.3857, 11.7254 ],
			"to": [ 8.6, 30.7857, 11.8254 ],
			"rotation": { "origin": [ 8.75, 28.13572, 11.77545 ], "axis": "x", "angle": -22.5 },
			"faces": {
				"down": { "uv": [ 0.1, 0.1000004, 0, 0.1999998 ], "texture": "#7" },
				"up": { "uv": [ 0.1, 0.1000004, 0, 0.1999998 ], "texture": "#7" },
				"north": { "uv": [ 0.1, 0, 0, 0.3999996 ], "texture": "#7" },
				"south": { "uv": [ 0.1, 0, 0, 0.3999996 ], "texture": "#7" },
				"west": { "uv": [ 0.1, 0, 0, 0.3999996 ], "texture": "#7" },
				"east": { "uv": [ 0.1, 0, 0, 0.3999996 ], "texture": "#7" }
			}
		},
		{
			"__comment": "Element",
			"from": [ 7.5, 26.8857, 11.7254 ],
			"to": [ 7.6, 29.3857, 11.8254 ],
			"rotation": { "origin": [ 7.25, 28.13572, 11.77545 ], "axis": "x", "angle": -22.5 },
			"faces": {
				"down": { "uv": [ 0, 0.1000004, 0.1, 0.1999998 ], "texture": "#7" },
				"up": { "uv": [ 0, 0.1000004, 0.1, 0.1999998 ], "texture": "#7" },
				"north": { "uv": [ 0, 0, 0.1, 2.5 ], "texture": "#7" },
				"south": { "uv": [ 0, 0, 0.1, 2.5 ], "texture": "#7" },
				"west": { "uv": [ 0, 0, 0.1, 2.5 ], "texture": "#7" },
				"east": { "uv": [ 0, 0, 0.1, 2.5 ], "texture": "#7" }
			}
		},
		{
			"__comment": "Element",
			"from": [ 8.4, 26.8857, 11.7254 ],
			"to": [ 8.5, 29.3857, 11.8254 ],
			"rotation": { "origin": [ 8.75, 28.13572, 11.77545 ], "axis": "x", "angle": -22.5 },
			"faces": {
				"down": { "uv": [ 0.1, 0.1000004, 0, 0.1999998 ], "texture": "#7" },
				"up": { "uv": [ 0.1, 0.1000004, 0, 0.1999998 ], "texture": "#7" },
				"north": { "uv": [ 0.1, 0, 0, 2.5 ], "texture": "#7" },
				"south": { "uv": [ 0.1, 0, 0, 2.5 ], "texture": "#7" },
				"west": { "uv": [ 0.1, 0, 0, 2.5 ], "texture": "#7" },
				"east": { "uv": [ 0.1, 0, 0, 2.5 ], "texture": "#7" }
			}
		},
		{
			"__comment": "Element",
			"from": [ 7.8, 26.8857, 11.7254 ],
			"to": [ 7.9, 28.9857, 11.8254 ],
			"rotation": { "origin": [ 7.25, 28.13572, 11.77545 ], "axis": "x", "angle": -22.5 },
			"faces": {
				"down": { "uv": [ 0, 0.1000004, 0.1, 0.1999998 ], "texture": "#7" },
				"up": { "uv": [ 0, 0.1000004, 0.1, 0.1999998 ], "texture": "#7" },
				"north": { "uv": [ 0, 0, 0.1, 2.1 ], "texture": "#7" },
				"south": { "uv": [ 0, 0, 0.1, 2.1 ], "texture": "#7" },
				"west": { "uv": [ 0, 0, 0.1, 2.1 ], "texture": "#7" },
				"east": { "uv": [ 0, 0, 0.1, 2.1 ], "texture": "#7" }
			}
		},
		{
			"__comment": "Element",
			"from": [ 8.099999, 26.8857, 11.7254 ],
			"to": [ 8.199999, 28.9857, 11.8254 ],
			"rotation": { "origin": [ 8.75, 28.13572, 11.77545 ], "axis": "x", "angle": -22.5 },
			"faces": {
				"down": { "uv": [ 0.1, 0.1000004, 0, 0.1999998 ], "texture": "#7" },
				"up": { "uv": [ 0.1, 0.1000004, 0, 0.1999998 ], "texture": "#7" },
				"north": { "uv": [ 0.1, 0, 0, 2.1 ], "texture": "#7" },
				"south": { "uv": [ 0.1, 0, 0, 2.1 ], "texture": "#7" },
				"west": { "uv": [ 0.1, 0, 0, 2.1 ], "texture": "#7" },
				"east": { "uv": [ 0.1, 0, 0, 2.1 ], "texture": "#7" }
			}
		},
		{
			"__comment": "Element",
			"from": [ 7.3, 29.8857, 11.7254 ],
			"to": [ 7.4, 30.3857, 11.8254 ],
			"rotation": { "origin": [ 7.25, 28.13572, 11.77545 ], "axis": "x", "angle": -22.5 },
			"faces": {
				"down": { "uv": [ 0, 0.1000004, 0.1, 0.1999998 ], "texture": "#7" },
				"up": { "uv": [ 0, 0.1000004, 0.1, 0.1999998 ], "texture": "#7" },
				"north": { "uv": [ 0, 0, 0.1, 0.5 ], "texture": "#7" },
				"south": { "uv": [ 0, 0, 0.1, 0.5 ], "texture": "#7" },
				"west": { "uv": [ 0, 0, 0.1, 0.5 ], "texture": "#7" },
				"east": { "uv": [ 0, 0, 0.1, 0.5 ], "texture": "#7" }
			}
		},
		{
			"__comment": "Element",
			"from": [ 8.599999, 29.8857, 11.7254 ],
			"to": [ 8.699999, 30.3857, 11.8254 ],
			"rotation": { "origin": [ 8.75, 28.13572, 11.77545 ], "axis": "x", "angle": -22.5 },
			"faces": {
				"down": { "uv": [ 0.1, 0.1000004, 0, 0.1999998 ], "texture": "#7" },
				"up": { "uv": [ 0.1, 0.1000004, 0, 0.1999998 ], "texture": "#7" },
				"north": { "uv": [ 0.1, 0, 0, 0.5 ], "texture": "#7" },
				"south": { "uv": [ 0.1, 0, 0, 0.5 ], "texture": "#7" },
				"west": { "uv": [ 0.1, 0, 0, 0.5 ], "texture": "#7" },
				"east": { "uv": [ 0.1, 0, 0, 0.5 ], "texture": "#7" }
			}
		},
		{
			"__comment": "Element",
			"from": [ 7.6, 29.4857, 11.7254 ],
			"to": [ 7.7, 29.9857, 11.8254 ],
			"rotation": { "origin": [ 7.25, 28.13572, 11.77545 ], "axis": "x", "angle": -22.5 },
			"faces": {
				"down": { "uv": [ 0, 0.1000004, 0.1, 0.1999998 ], "texture": "#7" },
				"up": { "uv": [ 0, 0.1000004, 0.1, 0.1999998 ], "texture": "#7" },
				"north": { "uv": [ 0, 0, 0.1, 0.5 ], "texture": "#7" },
				"south": { "uv": [ 0, 0, 0.1, 0.5 ], "texture": "#7" },
				"west": { "uv": [ 0, 0, 0.1, 0.5 ], "texture": "#7" },
				"east": { "uv": [ 0, 0, 0.1, 0.5 ], "texture": "#7" }
			}
		},
		{
			"__comment": "Element",
			"from": [ 8.3, 29.4857, 11.7254 ],
			"to": [ 8.4, 29.9857, 11.8254 ],
			"rotation": { "origin": [ 8.75, 28.13572, 11.77545 ], "axis": "x", "angle": -22.5 },
			"faces": {
				"down": { "uv": [ 0.1, 0.1000004, 0, 0.1999998 ], "texture": "#7" },
				"up": { "uv": [ 0.1, 0.1000004, 0, 0.1999998 ], "texture": "#7" },
				"north": { "uv": [ 0.1, 0, 0, 0.5 ], "texture": "#7" },
				"south": { "uv": [ 0.1, 0, 0, 0.5 ], "texture": "#7" },
				"west": { "uv": [ 0.1, 0, 0, 0.5 ], "texture": "#7" },
				"east": { "uv": [ 0.1, 0, 0, 0.5 ], "texture": "#7" }
			}
		},
		{
			"__comment": "Element",
			"from": [ 7.3, 30.7857, 11.7254 ],
			"to": [ 7.4, 31.1857, 11.8254 ],
			"rotation": { "origin": [ 7.25, 28.13572, 11.77545 ], "axis": "x", "angle": -22.5 },
			"faces": {
				"down": { "uv": [ 0, 0.1000004, 0.1, 0.1999998 ], "texture": "#7" },
				"up": { "uv": [ 0, 0.1000004, 0.1, 0.1999998 ], "texture": "#7" },
				"north": { "uv": [ 0, 0, 0.1, 0.3999996 ], "texture": "#7" },
				"south": { "uv": [ 0, 0, 0.1, 0.3999996 ], "texture": "#7" },
				"west": { "uv": [ 0, 0, 0.1, 0.3999996 ], "texture": "#7" },
				"east": { "uv": [ 0, 0, 0.1, 0.3999996 ], "texture": "#7" }
			}
		},
		{
			"__comment": "Element",
			"from": [ 8.599999, 30.7857, 11.7254 ],
			"to": [ 8.699999, 31.1857, 11.8254 ],
			"rotation": { "origin": [ 8.75, 28.13572, 11.77545 ], "axis": "x", "angle": -22.5 },
			"faces": {
				"down": { "uv": [ 0.1, 0.1000004, 0, 0.1999998 ], "texture": "#7" },
				"up": { "uv": [ 0.1, 0.1000004, 0, 0.1999998 ], "texture": "#7" },
				"north": { "uv": [ 0.1, 0, 0, 0.3999996 ], "texture": "#7" },
				"south": { "uv": [ 0.1, 0, 0, 0.3999996 ], "texture": "#7" },
				"west": { "uv": [ 0.1, 0, 0, 0.3999996 ], "texture": "#7" },
				"east": { "uv": [ 0.1, 0, 0, 0.3999996 ], "texture": "#7" }
			}
		},
		{
			"__comment": "Element",
			"from": [ 7.2, 30.3857, 11.7254 ],
			"to": [ 7.3, 30.5857, 11.8254 ],
			"rotation": { "origin": [ 7.25, 28.13572, 11.77545 ], "axis": "x", "angle": -22.5 },
			"faces": {
				"down": { "uv": [ 0, 0.1000004, 0.1, 0.1999998 ], "texture": "#7" },
				"up": { "uv": [ 0, 0.1000004, 0.1, 0.1999998 ], "texture": "#7" },
				"north": { "uv": [ 0, 0, 0.1, 0.1999998 ], "texture": "#7" },
				"south": { "uv": [ 0, 0, 0.1, 0.1999998 ], "texture": "#7" },
				"west": { "uv": [ 0, 0, 0.1, 0.1999998 ], "texture": "#7" },
				"east": { "uv": [ 0, 0, 0.1, 0.1999998 ], "texture": "#7" }
			}
		},
		{
			"__comment": "Element",
			"from": [ 8.7, 30.3857, 11.7254 ],
			"to": [ 8.8, 30.5857, 11.8254 ],
			"rotation": { "origin": [ 8.75, 28.13572, 11.77545 ], "axis": "x", "angle": -22.5 },
			"faces": {
				"down": { "uv": [ 0.1, 0.1000004, 0, 0.1999998 ], "texture": "#7" },
				"up": { "uv": [ 0.1, 0.1000004, 0, 0.1999998 ], "texture": "#7" },
				"north": { "uv": [ 0.1, 0, 0, 0.1999998 ], "texture": "#7" },
				"south": { "uv": [ 0.1, 0, 0, 0.1999998 ], "texture": "#7" },
				"west": { "uv": [ 0.1, 0, 0, 0.1999998 ], "texture": "#7" },
				"east": { "uv": [ 0.1, 0, 0, 0.1999998 ], "texture": "#7" }
			}
		},
		{
			"__comment": "Element",
			"from": [ 7.5, 29.9857, 11.7254 ],
			"to": [ 7.6, 30.3857, 11.8254 ],
			"rotation": { "origin": [ 7.25, 28.13572, 11.77545 ], "axis": "x", "angle": -22.5 },
			"faces": {
				"down": { "uv": [ 0, 0.1000004, 0.1, 0.1999998 ], "texture": "#7" },
				"up": { "uv": [ 0, 0.1000004, 0.1, 0.1999998 ], "texture": "#7" },
				"north": { "uv": [ 0, 0, 0.1, 0.3999996 ], "texture": "#7" },
				"south": { "uv": [ 0, 0, 0.1, 0.3999996 ], "texture": "#7" },
				"west": { "uv": [ 0, 0, 0.1, 0.3999996 ], "texture": "#7" },
				"east": { "uv": [ 0, 0, 0.1, 0.3999996 ], "texture": "#7" }
			}
		},
		{
			"__comment": "Element",
			"from": [ 8.4, 29.9857, 11.7254 ],
			"to": [ 8.5, 30.3857, 11.8254 ],
			"rotation": { "origin": [ 8.75, 28.13572, 11.77545 ], "axis": "x", "angle": -22.5 },
			"faces": {
				"down": { "uv": [ 0.1, 0.1000004, 0, 0.1999998 ], "texture": "#7" },
				"up": { "uv": [ 0.1, 0.1000004, 0, 0.1999998 ], "texture": "#7" },
				"north": { "uv": [ 0.1, 0, 0, 0.3999996 ], "texture": "#7" },
				"south": { "uv": [ 0.1, 0, 0, 0.3999996 ], "texture": "#7" },
				"west": { "uv": [ 0.1, 0, 0, 0.3999996 ], "texture": "#7" },
				"east": { "uv": [ 0.1, 0, 0, 0.3999996 ], "texture": "#7" }
			}
		},
		{
			"__comment": "Element",
			"from": [ 7.2, 31.1857, 11.7254 ],
			"to": [ 7.3, 31.4857, 11.8254 ],
			"rotation": { "origin": [ 7.25, 28.13572, 11.77545 ], "axis": "x", "angle": -22.5 },
			"faces": {
				"down": { "uv": [ 0, 0.1000004, 0.1, 0.1999998 ], "texture": "#7" },
				"up": { "uv": [ 0, 0.1000004, 0.1, 0.1999998 ], "texture": "#7" },
				"north": { "uv": [ 0, 0, 0.1, 0.3000002 ], "texture": "#7" },
				"south": { "uv": [ 0, 0, 0.1, 0.3000002 ], "texture": "#7" },
				"west": { "uv": [ 0, 0, 0.1, 0.3000002 ], "texture": "#7" },
				"east": { "uv": [ 0, 0, 0.1, 0.3000002 ], "texture": "#7" }
			}
		},
		{
			"__comment": "Element",
			"from": [ 8.7, 31.1857, 11.7254 ],
			"to": [ 8.8, 31.4857, 11.8254 ],
			"rotation": { "origin": [ 8.75, 28.13572, 11.77545 ], "axis": "x", "angle": -22.5 },
			"faces": {
				"down": { "uv": [ 0.1, 0.1000004, 0, 0.1999998 ], "texture": "#7" },
				"up": { "uv": [ 0.1, 0.1000004, 0, 0.1999998 ], "texture": "#7" },
				"north": { "uv": [ 0.1, 0, 0, 0.3000002 ], "texture": "#7" },
				"south": { "uv": [ 0.1, 0, 0, 0.3000002 ], "texture": "#7" },
				"west": { "uv": [ 0.1, 0, 0, 0.3000002 ], "texture": "#7" },
				"east": { "uv": [ 0.1, 0, 0, 0.3000002 ], "texture": "#7" }
			}
		},
		{
			"__comment": "Element",
			"from": [ 7.1, 31.4857, 11.7254 ],
			"to": [ 7.2, 31.7857, 11.8254 ],
			"rotation": { "origin": [ 7.25, 28.13572, 11.77545 ], "axis": "x", "angle": -22.5 },
			"faces": {
				"down": { "uv": [ 0, 0.1000004, 0.1, 0.1999998 ], "texture": "#7" },
				"up": { "uv": [ 0, 0.1000004, 0.1, 0.1999998 ], "texture": "#7" },
				"north": { "uv": [ 0, 0, 0.1, 0.3000002 ], "texture": "#7" },
				"south": { "uv": [ 0, 0, 0.1, 0.3000002 ], "texture": "#7" },
				"west": { "uv": [ 0, 0, 0.1, 0.3000002 ], "texture": "#7" },
				"east": { "uv": [ 0, 0, 0.1, 0.3000002 ], "texture": "#7" }
			}
		},
		{
			"__comment": "Element",
			"from": [ 8.8, 31.4857, 11.7254 ],
			"to": [ 8.9, 31.7857, 11.8254 ],
			"rotation": { "origin": [ 8.75, 28.13572, 11.77545 ], "axis": "x", "angle": -22.5 },
			"faces": {
				"down": { "uv": [ 0.1, 0.1000004, 0, 0.1999998 ], "texture": "#7" },
				"up": { "uv": [ 0.1, 0.1000004, 0, 0.1999998 ], "texture": "#7" },
				"north": { "uv": [ 0.1, 0, 0, 0.3000002 ], "texture": "#7" },
				"south": { "uv": [ 0.1, 0, 0, 0.3000002 ], "texture": "#7" },
				"west": { "uv": [ 0.1, 0, 0, 0.3000002 ], "texture": "#7" },
				"east": { "uv": [ 0.1, 0, 0, 0.3000002 ], "texture": "#7" }
			}
		},
		{
			"__comment": "Element",
			"from": [ 7, 31.7857, 11.7254 ],
			"to": [ 7.1, 31.8857, 11.8254 ],
			"rotation": { "origin": [ 7.25, 28.13572, 11.77545 ], "axis": "x", "angle": -22.5 },
			"faces": {
				"down": { "uv": [ 0, 0.1000004, 0.1, 0.1999998 ], "texture": "#7" },
				"up": { "uv": [ 0, 0.1000004, 0.1, 0.1999998 ], "texture": "#7" },
				"north": { "uv": [ 0, 0, 0.1, 0.1000004 ], "texture": "#7" },
				"south": { "uv": [ 0, 0, 0.1, 0.1000004 ], "texture": "#7" },
				"west": { "uv": [ 0, 0, 0.1, 0.1000004 ], "texture": "#7" },
				"east": { "uv": [ 0, 0, 0.1, 0.1000004 ], "texture": "#7" }
			}
		},
		{
			"__comment": "Element",
			"from": [ 8.9, 31.7857, 11.7254 ],
			"to": [ 9, 31.8857, 11.8254 ],
			"rotation": { "origin": [ 8.75, 28.13572, 11.77545 ], "axis": "x", "angle": -22.5 },
			"faces": {
				"down": { "uv": [ 0.1, 0.1000004, 0, 0.1999998 ], "texture": "#7" },
				"up": { "uv": [ 0.1, 0.1000004, 0, 0.1999998 ], "texture": "#7" },
				"north": { "uv": [ 0.1, 0, 0, 0.1000004 ], "texture": "#7" },
				"south": { "uv": [ 0.1, 0, 0, 0.1000004 ], "texture": "#7" },
				"west": { "uv": [ 0.1, 0, 0, 0.1000004 ], "texture": "#7" },
				"east": { "uv": [ 0.1, 0, 0, 0.1000004 ], "texture": "#7" }
			}
		},
		{
			"__comment": "Element",
			"from": [ 7, 11, 12 ],
			"to": [ 9, 11.1, 12.1 ],
			"faces": {
				"down": { "uv": [ 0, 0.1000004, 2, 0.1999998 ], "texture": "#9" },
				"up": { "uv": [ 0, 0.1000004, 2, 0.1999998 ], "texture": "#9" },
				"north": { "uv": [ 0, 0.1000004, 2, 0.1999998 ], "texture": "#9" },
				"south": { "uv": [ 0, 0.1000004, 2, 0.1999998 ], "texture": "#9" },
				"west": { "uv": [ 0, 0.1000004, 0.1, 0.1999998 ], "texture": "#9" },
				"east": { "uv": [ 0, 0.1000004, 0.1, 0.1999998 ], "texture": "#9" }
			}
		},
		{
			"__comment": "Element",
			"from": [ 7, 12, 12 ],
			"to": [ 9, 12.1, 12.1 ],
			"faces": {
				"down": { "uv": [ 0, 0.1000004, 2, 0.1999998 ], "texture": "#9" },
				"up": { "uv": [ 0, 0.1000004, 2, 0.1999998 ], "texture": "#9" },
				"north": { "uv": [ 0, 0.1000004, 2, 0.1999998 ], "texture": "#9" },
				"south": { "uv": [ 0, 0.1000004, 2, 0.1999998 ], "texture": "#9" },
				"west": { "uv": [ 0, 0.1000004, 0.1, 0.1999998 ], "texture": "#9" },
				"east": { "uv": [ 0, 0.1000004, 0.1, 0.1999998 ], "texture": "#9" }
			}
		},
		{
			"__comment": "Element",
			"from": [ 7, 13, 12 ],
			"to": [ 9, 13.1, 12.1 ],
			"faces": {
				"down": { "uv": [ 0, 0.1000004, 2, 0.1999998 ], "texture": "#9" },
				"up": { "uv": [ 0, 0.1000004, 2, 0.1999998 ], "texture": "#9" },
				"north": { "uv": [ 0, 0.1000004, 2, 0.1999998 ], "texture": "#9" },
				"south": { "uv": [ 0, 0.1000004, 2, 0.1999998 ], "texture": "#9" },
				"west": { "uv": [ 0, 0.1000004, 0.1, 0.1999998 ], "texture": "#9" },
				"east": { "uv": [ 0, 0.1000004, 0.1, 0.1999998 ], "texture": "#9" }
			}
		},
		{
			"__comment": "Element",
			"from": [ 7, 14.4, 12 ],
			"to": [ 9, 14.5, 12.1 ],
			"faces": {
				"down": { "uv": [ 0, 0.1000004, 2, 0.1999998 ], "texture": "#9" },
				"up": { "uv": [ 0, 0.1000004, 2, 0.1999998 ], "texture": "#9" },
				"north": { "uv": [ 0, 0.1000004, 2, 0.1999998 ], "texture": "#9" },
				"south": { "uv": [ 0, 0.1000004, 2, 0.1999998 ], "texture": "#9" },
				"west": { "uv": [ 0, 0.1000004, 0.1, 0.1999998 ], "texture": "#9" },
				"east": { "uv": [ 0, 0.1000004, 0.1, 0.1999998 ], "texture": "#9" }
			}
		},
		{
			"__comment": "Element",
			"from": [ 7, 15.9, 12 ],
			"to": [ 9, 16, 12.1 ],
			"faces": {
				"down": { "uv": [ 0, 0.1000004, 2, 0.1999998 ], "texture": "#9" },
				"up": { "uv": [ 0, 0.1000004, 2, 0.1999998 ], "texture": "#9" },
				"north": { "uv": [ 0, 0.1000004, 2, 0.1999998 ], "texture": "#9" },
				"south": { "uv": [ 0, 0.1000004, 2, 0.1999998 ], "texture": "#9" },
				"west": { "uv": [ 0, 0.1000004, 0.1, 0.1999998 ], "texture": "#9" },
				"east": { "uv": [ 0, 0.1000004, 0.1, 0.1999998 ], "texture": "#9" }
			}
		},
		{
			"__comment": "Element",
			"from": [ 7, 17.4, 12 ],
			"to": [ 9, 17.5, 12.1 ],
			"faces": {
				"down": { "uv": [ 0, 0.1000004, 2, 0.1999998 ], "texture": "#9" },
				"up": { "uv": [ 0, 0.1000004, 2, 0.1999998 ], "texture": "#9" },
				"north": { "uv": [ 0, 0.1000004, 2, 0.1999998 ], "texture": "#9" },
				"south": { "uv": [ 0, 0.1000004, 2, 0.1999998 ], "texture": "#9" },
				"west": { "uv": [ 0, 0.1000004, 0.1, 0.1999998 ], "texture": "#9" },
				"east": { "uv": [ 0, 0.1000004, 0.1, 0.1999998 ], "texture": "#9" }
			}
		},
		{
			"__comment": "Element",
			"from": [ 7, 18.9, 12 ],
			"to": [ 9, 19, 12.1 ],
			"faces": {
				"down": { "uv": [ 0, 0.1000004, 2, 0.1999998 ], "texture": "#9" },
				"up": { "uv": [ 0, 0.1000004, 2, 0.1999998 ], "texture": "#9" },
				"north": { "uv": [ 0, 0.1000004, 2, 0.1999998 ], "texture": "#9" },
				"south": { "uv": [ 0, 0.1000004, 2, 0.1999998 ], "texture": "#9" },
				"west": { "uv": [ 0, 0.1000004, 0.1, 0.1999998 ], "texture": "#9" },
				"east": { "uv": [ 0, 0.1000004, 0.1, 0.1999998 ], "texture": "#9" }
			}
		},
		{
			"__comment": "Element",
			"from": [ 7, 20.9, 12 ],
			"to": [ 9, 21, 12.1 ],
			"faces": {
				"down": { "uv": [ 0, 0.1000004, 2, 0.1999998 ], "texture": "#9" },
				"up": { "uv": [ 0, 0.1000004, 2, 0.1999998 ], "texture": "#9" },
				"north": { "uv": [ 0, 0.1000004, 2, 0.1999998 ], "texture": "#9" },
				"south": { "uv": [ 0, 0.1000004, 2, 0.1999998 ], "texture": "#9" },
				"west": { "uv": [ 0, 0.1000004, 0.1, 0.1999998 ], "texture": "#9" },
				"east": { "uv": [ 0, 0.1000004, 0.1, 0.1999998 ], "texture": "#9" }
			}
		},
		{
			"__comment": "Element",
			"from": [ 7, 22.9, 12 ],
			"to": [ 9, 23, 12.1 ],
			"faces": {
				"down": { "uv": [ 0, 0.1000004, 2, 0.1999998 ], "texture": "#9" },
				"up": { "uv": [ 0, 0.1000004, 2, 0.1999998 ], "texture": "#9" },
				"north": { "uv": [ 0, 0.1000004, 2, 0.1999998 ], "texture": "#9" },
				"south": { "uv": [ 0, 0.1000004, 2, 0.1999998 ], "texture": "#9" },
				"west": { "uv": [ 0, 0.1000004, 0.1, 0.1999998 ], "texture": "#9" },
				"east": { "uv": [ 0, 0.1000004, 0.1, 0.1999998 ], "texture": "#9" }
			}
		},
		{
			"__comment": "Element",
			"from": [ 7, 24.9, 12 ],
			"to": [ 9, 25, 12.1 ],
			"faces": {
				"down": { "uv": [ 0, 0.1000004, 2, 0.1999998 ], "texture": "#9" },
				"up": { "uv": [ 0, 0.1000004, 2, 0.1999998 ], "texture": "#9" },
				"north": { "uv": [ 0, 0.1000004, 2, 0.1999998 ], "texture": "#9" },
				"south": { "uv": [ 0, 0.1000004, 2, 0.1999998 ], "texture": "#9" },
				"west": { "uv": [ 0, 0.1000004, 0.1, 0.1999998 ], "texture": "#9" },
				"east": { "uv": [ 0, 0.1000004, 0.1, 0.1999998 ], "texture": "#9" }
			}
		},
		{
			"__comment": "Element",
			"from": [ 7, 26.9, 12 ],
			"to": [ 9, 27, 12.1 ],
			"faces": {
				"down": { "uv": [ 0, 0.1000004, 2, 0.1999998 ], "texture": "#9" },
				"up": { "uv": [ 0, 0.1000004, 2, 0.1999998 ], "texture": "#9" },
				"north": { "uv": [ 0, 0.1000004, 2, 0.1999998 ], "texture": "#9" },
				"south": { "uv": [ 0, 0.1000004, 2, 0.1999998 ], "texture": "#9" },
				"west": { "uv": [ 0, 0.1000004, 0.1, 0.1999998 ], "texture": "#9" },
				"east": { "uv": [ 0, 0.1000004, 0.1, 0.1999998 ], "texture": "#9" }
			}
		},
		{
			"__comment": "Element",
			"from": [ 6, 5, 11.01 ],
			"to": [ 10, 6, 12.01 ],
			"faces": {
				"down": { "uv": [ 0, 0, 4, 1 ], "texture": "#8" },
				"up": { "uv": [ 0, 0, 4, 1 ], "texture": "#8" },
				"north": { "uv": [ 0, 0, 4, 1 ], "texture": "#8" },
				"south": { "uv": [ 0, 0, 4, 1 ], "texture": "#8" },
				"west": { "uv": [ 0, 0, 1, 1 ], "texture": "#8" },
				"east": { "uv": [ 0, 0, 1, 1 ], "texture": "#8" }
			}
		},
		{
			"__comment": "Element",
			"from": [ 5, 1, 11.01 ],
			"to": [ 6, 5, 12.01 ],
			"faces": {
				"down": { "uv": [ 0, 0, 1, 1 ], "texture": "#8" },
				"up": { "uv": [ 0, 0, 1, 1 ], "texture": "#8" },
				"north": { "uv": [ 0, 0, 1, 4 ], "texture": "#8" },
				"south": { "uv": [ 0, 0, 1, 4 ], "texture": "#8" },
				"west": { "uv": [ 0, 0, 1, 4 ], "texture": "#8" },
				"east": { "uv": [ 0, 0, 1, 4 ], "texture": "#8" }
			}
		},
		{
			"__comment": "Element",
			"from": [ 10, 1, 11.01 ],
			"to": [ 11, 5, 12.01 ],
			"faces": {
				"down": { "uv": [ 0, 0, 1, 1 ], "texture": "#8" },
				"up": { "uv": [ 0, 0, 1, 1 ], "texture": "#8" },
				"north": { "uv": [ 0, 0, 1, 4 ], "texture": "#8" },
				"south": { "uv": [ 0, 0, 1, 4 ], "texture": "#8" },
				"west": { "uv": [ 0, 0, 1, 4 ], "texture": "#8" },
				"east": { "uv": [ 0, 0, 1, 4 ], "texture": "#8" }
			}
		},
		{
			"__comment": "Element",
			"from": [ 6, 0, 11.01 ],
			"to": [ 10, 1, 12.01 ],
			"faces": {
				"down": { "uv": [ 0, 0, 4, 1 ], "texture": "#8" },
				"up": { "uv": [ 0, 0, 4, 1 ], "texture": "#8" },
				"north": { "uv": [ 0, 0, 4, 1 ], "texture": "#8" },
				"south": { "uv": [ 0, 0, 4, 1 ], "texture": "#8" },
				"west": { "uv": [ 0, 0, 1, 1 ], "texture": "#8" },
				"east": { "uv": [ 0, 0, 1, 1 ], "texture": "#8" }
			}
		},
		{
			"__comment": "Element",
			"from": [ 6, -2.5, 12 ],
			"to": [ 10, -1.5, 12.5 ],
			"faces": {
				"down": { "uv": [ 1, 0, 5, 0.5 ], "texture": "#8" },
				"up": { "uv": [ 1, 0, 5, 0.5 ], "texture": "#8" },
				"north": { "uv": [ 2, 0, 6, 1 ], "texture": "#8" },
				"south": { "uv": [ 1, 0, 5, 1 ], "texture": "#8" },
				"west": { "uv": [ 0, 0, 0.5, 1 ], "texture": "#8" },
				"east": { "uv": [ 0, 0, 0.5, 1 ], "texture": "#8" }
			}
		},
		{
			"__comment": "Element",
			"from": [ 5, -2.5, 12 ],
			"to": [ 11, -1.5, 12.2 ],
			"faces": {
				"down": { "uv": [ 0, 0, 6, 0.1999998 ], "texture": "#8" },
				"up": { "uv": [ 0, 0, 6, 0.1999998 ], "texture": "#8" },
				"north": { "uv": [ 0, 0, 6, 1 ], "texture": "#8" },
				"south": { "uv": [ 0, 0, 6, 1 ], "texture": "#8" },
				"west": { "uv": [ 0, 0, 0.2, 1 ], "texture": "#8" },
				"east": { "uv": [ 0, 0, 0.2, 1 ], "texture": "#8" }
			}
		},
		{
			"__comment": "Element",
			"from": [ 10, 5, 11.8 ],
			"to": [ 13, 8, 11.9 ],
			"faces": {
				"down": { "uv": [ 4, 0, 1, 0.1000004 ], "texture": "#5" },
				"up": { "uv": [ 4, 0, 1, 0.1000004 ], "texture": "#5" },
				"north": { "uv": [ 4, 0, 1, 3 ], "texture": "#5" },
				"south": { "uv": [ 4, 0, 1, 3 ], "texture": "#5" },
				"west": { "uv": [ 4.1, 0, 4, 3 ], "texture": "#5" },
				"east": { "uv": [ 4.1, 0, 4, 3 ], "texture": "#5" }
			}
		},
		{
			"__comment": "Element",
			"from": [ 6, 6, 11.8 ],
			"to": [ 10, 9, 11.9 ],
			"faces": {
				"down": { "uv": [ 1, 0, 5, 0.1000004 ], "texture": "#5" },
				"up": { "uv": [ 1, 0, 5, 0.1000004 ], "texture": "#5" },
				"north": { "uv": [ 1, 0, 5, 3 ], "texture": "#5" },
				"south": { "uv": [ 6, 0, 10, 3 ], "texture": "#5" },
				"west": { "uv": [ 4, 0, 4.1, 3 ], "texture": "#5" },
				"east": { "uv": [ 4, 0, 4.1, 3 ], "texture": "#5" }
			}
		},
		{
			"__comment": "Element",
			"from": [ 10, 8, 11.8 ],
			"to": [ 11, 9, 11.9 ],
			"faces": {
				"down": { "uv": [ 2, 0, 1, 0.1000004 ], "texture": "#5" },
				"up": { "uv": [ 2, 0, 1, 0.1000004 ], "texture": "#5" },
				"north": { "uv": [ 2, 0, 1, 1 ], "texture": "#5" },
				"south": { "uv": [ 2, 0, 1, 1 ], "texture": "#5" },
				"west": { "uv": [ 4.1, 0, 4, 1 ], "texture": "#5" },
				"east": { "uv": [ 4.1, 0, 4, 1 ], "texture": "#5" }
			}
		},
		{
			"__comment": "Element",
			"from": [ 3, 5, 11.8 ],
			"to": [ 6, 8, 11.9 ],
			"faces": {
				"down": { "uv": [ 1, 0, 4, 0.1000004 ], "texture": "#5" },
				"up": { "uv": [ 1, 0, 4, 0.1000004 ], "texture": "#5" },
				"north": { "uv": [ 1, 0, 4, 3 ], "texture": "#5" },
				"south": { "uv": [ 1, 0, 4, 3 ], "texture": "#5" },
				"west": { "uv": [ 4, 0, 4.1, 3 ], "texture": "#5" },
				"east": { "uv": [ 4, 0, 4.1, 3 ], "texture": "#5" }
			}
		},
		{
			"__comment": "Element",
			"from": [ 5, 8, 11.8 ],
			"to": [ 6, 9, 11.9 ],
			"faces": {
				"down": { "uv": [ 1, 0, 2, 0.1000004 ], "texture": "#5" },
				"up": { "uv": [ 1, 0, 2, 0.1000004 ], "texture": "#5" },
				"north": { "uv": [ 1, 0, 2, 1 ], "texture": "#5" },
				"south": { "uv": [ 1, 0, 2, 1 ], "texture": "#5" },
				"west": { "uv": [ 4, 0, 4.1, 1 ], "texture": "#5" },
				"east": { "uv": [ 4, 0, 4.1, 1 ], "texture": "#5" }
			}
		},
		{
			"__comment": "Element",
			"from": [ 4, 1, 11.8 ],
			"to": [ 5, 5, 11.9 ],
			"faces": {
				"down": { "uv": [ 1, 0, 2, 0.1000004 ], "texture": "#5" },
				"up": { "uv": [ 1, 0, 2, 0.1000004 ], "texture": "#5" },
				"north": { "uv": [ 1, 0, 2, 4 ], "texture": "#5" },
				"south": { "uv": [ 4, 6, 5, 10 ], "texture": "#5" },
				"west": { "uv": [ 4, 0, 4.1, 4 ], "texture": "#5" },
				"east": { "uv": [ 4, 0, 4.1, 4 ], "texture": "#5" }
			}
		},
		{
			"__comment": "Element",
			"from": [ 4, 0, 11.8 ],
			"to": [ 6, 1, 11.9 ],
			"faces": {
				"down": { "uv": [ 1, 0, 3, 0.1000004 ], "texture": "#5" },
				"up": { "uv": [ 1, 0, 3, 0.1000004 ], "texture": "#5" },
				"north": { "uv": [ 1, 0, 3, 1 ], "texture": "#5" },
				"south": { "uv": [ 1, 0, 3, 1 ], "texture": "#5" },
				"west": { "uv": [ 4, 0, 4.1, 1 ], "texture": "#5" },
				"east": { "uv": [ 4, 0, 4.1, 1 ], "texture": "#5" }
			}
		},
		{
			"__comment": "Element",
			"from": [ 3, -8, 11.8 ],
			"to": [ 4, 0, 11.9 ],
			"faces": {
				"down": { "uv": [ 1, 0, 2, 0.1000004 ], "texture": "#5" },
				"up": { "uv": [ 1, 0, 2, 0.1000004 ], "texture": "#5" },
				"north": { "uv": [ 1, 0, 2, 8 ], "texture": "#5" },
				"south": { "uv": [ 1, 0, 2, 8 ], "texture": "#5" },
				"west": { "uv": [ 4, 0, 4.1, 8 ], "texture": "#5" },
				"east": { "uv": [ 4, 0, 4.1, 8 ], "texture": "#5" }
			}
		},
		{
			"__comment": "Element",
			"from": [ 4, -9, 11.8 ],
			"to": [ 12, 0, 11.9 ],
			"faces": {
				"down": { "uv": [ 1, 0, 9, 0.1000004 ], "texture": "#5" },
				"up": { "uv": [ 1, 0, 9, 0.1000004 ], "texture": "#5" },
				"north": { "uv": [ 1, 0, 9, 9 ], "texture": "#5" },
				"south": { "uv": [ 1, 0, 9, 9 ], "texture": "#5" },
				"west": { "uv": [ 4, 0, 4.1, 9 ], "texture": "#5" },
				"east": { "uv": [ 4, 0, 4.1, 9 ], "texture": "#5" }
			}
		},
		{
			"__comment": "Element",
			"from": [ 2, -7, 11.8 ],
			"to": [ 3, -2, 11.9 ],
			"faces": {
				"down": { "uv": [ 1, 0, 2, 0.1000004 ], "texture": "#5" },
				"up": { "uv": [ 1, 0, 2, 0.1000004 ], "texture": "#5" },
				"north": { "uv": [ 1, 0, 2, 5 ], "texture": "#5" },
				"south": { "uv": [ 1, 2, 2, 7 ], "texture": "#5" },
				"west": { "uv": [ 4, 0, 4.1, 5 ], "texture": "#5" },
				"east": { "uv": [ 4, 0, 4.1, 5 ], "texture": "#5" }
			}
		},
		{
			"__comment": "Element",
			"from": [ 12, -8, 11.8 ],
			"to": [ 13, 0, 11.9 ],
			"faces": {
				"down": { "uv": [ 2, 0, 1, 0.1000004 ], "texture": "#5" },
				"up": { "uv": [ 2, 0, 1, 0.1000004 ], "texture": "#5" },
				"north": { "uv": [ 2, 0, 1, 8 ], "texture": "#5" },
				"south": { "uv": [ 2, 0, 1, 8 ], "texture": "#5" },
				"west": { "uv": [ 4.1, 0, 4, 8 ], "texture": "#5" },
				"east": { "uv": [ 4.1, 0, 4, 8 ], "texture": "#5" }
			}
		},
		{
			"__comment": "Element",
			"from": [ 13, -7, 11.8 ],
			"to": [ 14, -2, 11.9 ],
			"faces": {
				"down": { "uv": [ 2, 0, 3, 0.1000004 ], "texture": "#5" },
				"up": { "uv": [ 2, 0, 3, 0.1000004 ], "texture": "#5" },
				"north": { "uv": [ 2, 0, 3, 5 ], "texture": "#5" },
				"south": { "uv": [ 2, 2, 3, 7 ], "texture": "#5" },
				"west": { "uv": [ 4.1, 0, 4.2, 5 ], "texture": "#5" },
				"east": { "uv": [ 4.1, 0, 4.2, 5 ], "texture": "#5" }
			}
		},
		{
			"__comment": "Element",
			"from": [ 10, 0, 11.8 ],
			"to": [ 12, 1, 11.9 ],
			"faces": {
				"down": { "uv": [ 3, 0, 1, 0.1000004 ], "texture": "#5" },
				"up": { "uv": [ 3, 0, 1, 0.1000004 ], "texture": "#5" },
				"north": { "uv": [ 3, 0, 1, 1 ], "texture": "#5" },
				"south": { "uv": [ 3, 0, 1, 1 ], "texture": "#5" },
				"west": { "uv": [ 4.1, 0, 4, 1 ], "texture": "#5" },
				"east": { "uv": [ 4.1, 0, 4, 1 ], "texture": "#5" }
			}
		},
		{
			"__comment": "Element",
			"from": [ 11, 1, 11.8 ],
			"to": [ 12, 5, 11.9 ],
			"faces": {
				"down": { "uv": [ 2, 0, 1, 0.1000004 ], "texture": "#5" },
				"up": { "uv": [ 2, 0, 1, 0.1000004 ], "texture": "#5" },
				"north": { "uv": [ 2, 0, 1, 4 ], "texture": "#5" },
				"south": { "uv": [ 5, 10, 4, 14 ], "texture": "#5" },
				"west": { "uv": [ 4.1, 0, 4, 4 ], "texture": "#5" },
				"east": { "uv": [ 4.1, 0, 4, 4 ], "texture": "#5" }
			}
		},
		{
			"__comment": "Element",
			"from": [ 13, -7, 8.099999 ],
			"to": [ 14, -2, 8.199999 ],
			"faces": {
				"down": { "uv": [ 2, 0, 3, 0.1000004 ], "texture": "#6" },
				"up": { "uv": [ 2, 0, 3, 0.1000004 ], "texture": "#6" },
				"north": { "uv": [ 2, 0, 3, 5 ], "texture": "#6" },
				"south": { "uv": [ 2, 0, 3, 5 ], "texture": "#6" },
				"west": { "uv": [ 4.1, 0, 4.2, 5 ], "texture": "#6" },
				"east": { "uv": [ 4.1, 0, 4.2, 5 ], "texture": "#6" }
			}
		},
		{
			"__comment": "Element",
			"from": [ 12, -8, 8.099999 ],
			"to": [ 13, 0, 8.199999 ],
			"faces": {
				"down": { "uv": [ 2, 0, 3, 0.1000004 ], "texture": "#6" },
				"up": { "uv": [ 2, 0, 3, 0.1000004 ], "texture": "#6" },
				"north": { "uv": [ 2, 2, 3, 10 ], "texture": "#6" },
				"south": { "uv": [ 2, 0, 3, 8 ], "texture": "#6" },
				"west": { "uv": [ 4.1, 0, 4.2, 8 ], "texture": "#6" },
				"east": { "uv": [ 4.1, 0, 4.2, 8 ], "texture": "#6" }
			}
		},
		{
			"__comment": "Element",
			"from": [ 4, -9, 8.099999 ],
			"to": [ 12, 6, 8.199999 ],
			"faces": {
				"down": { "uv": [ 1, 0, 9, 0.1000004 ], "texture": "#6" },
				"up": { "uv": [ 1, 0, 9, 0.1000004 ], "texture": "#6" },
				"north": { "uv": [ 1, 0, 9, 15 ], "texture": "#6" },
				"south": { "uv": [ 1, 0, 9, 15 ], "texture": "#6" },
				"west": { "uv": [ 4, 0, 4.1, 15 ], "texture": "#6" },
				"east": { "uv": [ 4, 0, 4.1, 15 ], "texture": "#6" }
			}
		},
		{
			"__comment": "Element",
			"from": [ 10, 6, 8.099999 ],
			"to": [ 13, 8, 8.199999 ],
			"faces": {
				"down": { "uv": [ 4, 0, 7, 0.1000004 ], "texture": "#6" },
				"up": { "uv": [ 4, 0, 7, 0.1000004 ], "texture": "#6" },
				"north": { "uv": [ 4, 0, 7, 2 ], "texture": "#6" },
				"south": { "uv": [ 4, 0, 7, 2 ], "texture": "#6" },
				"west": { "uv": [ 4.1, 0, 4.2, 2 ], "texture": "#6" },
				"east": { "uv": [ 4.1, 0, 4.2, 2 ], "texture": "#6" }
			}
		},
		{
			"__comment": "Element",
			"from": [ 12, 5, 8.099999 ],
			"to": [ 13, 6, 8.199999 ],
			"faces": {
				"down": { "uv": [ 2, 0, 3, 0.1000004 ], "texture": "#6" },
				"up": { "uv": [ 2, 0, 3, 0.1000004 ], "texture": "#6" },
				"north": { "uv": [ 2, 0, 3, 1 ], "texture": "#6" },
				"south": { "uv": [ 2, 0, 3, 1 ], "texture": "#6" },
				"west": { "uv": [ 4.1, 0, 4.2, 1 ], "texture": "#6" },
				"east": { "uv": [ 4.1, 0, 4.2, 1 ], "texture": "#6" }
			}
		},
		{
			"__comment": "Element",
			"from": [ 6, 6, 8.099999 ],
			"to": [ 10, 9, 8.199999 ],
			"faces": {
				"down": { "uv": [ 1, 0, 5, 0.1000004 ], "texture": "#6" },
				"up": { "uv": [ 1, 0, 5, 0.1000004 ], "texture": "#6" },
				"north": { "uv": [ 1, 0, 5, 3 ], "texture": "#6" },
				"south": { "uv": [ 1, 0, 5, 3 ], "texture": "#6" },
				"west": { "uv": [ 4, 0, 4.1, 3 ], "texture": "#6" },
				"east": { "uv": [ 4, 0, 4.1, 3 ], "texture": "#6" }
			}
		},
		{
			"__comment": "Element",
			"from": [ 10, 8, 8.099999 ],
			"to": [ 11, 9, 8.199999 ],
			"faces": {
				"down": { "uv": [ 2, 0, 3, 0.1000004 ], "texture": "#6" },
				"up": { "uv": [ 2, 0, 3, 0.1000004 ], "texture": "#6" },
				"north": { "uv": [ 2, 0, 3, 1 ], "texture": "#6" },
				"south": { "uv": [ 2, 0, 3, 1 ], "texture": "#6" },
				"west": { "uv": [ 4.1, 0, 4.2, 1 ], "texture": "#6" },
				"east": { "uv": [ 4.1, 0, 4.2, 1 ], "texture": "#6" }
			}
		},
		{
			"__comment": "Element",
			"from": [ 5, 8, 8.099999 ],
			"to": [ 6, 9, 8.199999 ],
			"faces": {
				"down": { "uv": [ 1, 0, 2, 0.1000004 ], "texture": "#6" },
				"up": { "uv": [ 1, 0, 2, 0.1000004 ], "texture": "#6" },
				"north": { "uv": [ 1, 0, 2, 1 ], "texture": "#6" },
				"south": { "uv": [ 1, 0, 2, 1 ], "texture": "#6" },
				"west": { "uv": [ 4, 0, 4.1, 1 ], "texture": "#6" },
				"east": { "uv": [ 4, 0, 4.1, 1 ], "texture": "#6" }
			}
		},
		{
			"__comment": "Element",
			"from": [ 3, 6, 8.099999 ],
			"to": [ 6, 8, 8.199999 ],
			"faces": {
				"down": { "uv": [ 1, 0, 4, 0.1000004 ], "texture": "#6" },
				"up": { "uv": [ 1, 0, 4, 0.1000004 ], "texture": "#6" },
				"north": { "uv": [ 1, 0, 4, 2 ], "texture": "#6" },
				"south": { "uv": [ 1, 0, 4, 2 ], "texture": "#6" },
				"west": { "uv": [ 4, 0, 4.1, 2 ], "texture": "#6" },
				"east": { "uv": [ 4, 0, 4.1, 2 ], "texture": "#6" }
			}
		},
		{
			"__comment": "Element",
			"from": [ 3, 5, 8.099999 ],
			"to": [ 4, 6, 8.199999 ],
			"faces": {
				"down": { "uv": [ 2, 0, 3, 0.1000004 ], "texture": "#6" },
				"up": { "uv": [ 2, 0, 3, 0.1000004 ], "texture": "#6" },
				"north": { "uv": [ 2, 0, 3, 1 ], "texture": "#6" },
				"south": { "uv": [ 2, 0, 3, 1 ], "texture": "#6" },
				"west": { "uv": [ 4.1, 0, 4.2, 1 ], "texture": "#6" },
				"east": { "uv": [ 4.1, 0, 4.2, 1 ], "texture": "#6" }
			}
		},
		{
			"__comment": "Element",
			"from": [ 3, -8, 8.099999 ],
			"to": [ 4, 0, 8.199999 ],
			"faces": {
				"down": { "uv": [ 1, 0, 2, 0.1000004 ], "texture": "#6" },
				"up": { "uv": [ 1, 0, 2, 0.1000004 ], "texture": "#6" },
				"north": { "uv": [ 1, 2, 2, 10 ], "texture": "#6" },
				"south": { "uv": [ 1, 0, 2, 8 ], "texture": "#6" },
				"west": { "uv": [ 4, 0, 4.1, 8 ], "texture": "#6" },
				"east": { "uv": [ 4, 0, 4.1, 8 ], "texture": "#6" }
			}
		},
		{
			"__comment": "Element",
			"from": [ 2, -7, 8.099999 ],
			"to": [ 3, -2, 8.199999 ],
			"faces": {
				"down": { "uv": [ 1, 0, 2, 0.1000004 ], "texture": "#6" },
				"up": { "uv": [ 1, 0, 2, 0.1000004 ], "texture": "#6" },
				"north": { "uv": [ 1, 0, 2, 5 ], "texture": "#6" },
				"south": { "uv": [ 1, 0, 2, 5 ], "texture": "#6" },
				"west": { "uv": [ 4, 0, 4.1, 5 ], "texture": "#6" },
				"east": { "uv": [ 4, 0, 4.1, 5 ], "texture": "#6" }
			}
		},
		{
			"__comment": "Element",
			"from": [ 7, 6, 11.001 ],
			"to": [ 9, 10, 12.001 ],
			"faces": {
				"down": { "uv": [ 0, 0, 2, 1 ], "texture": "#8" },
				"up": { "uv": [ 0, 0, 2, 1 ], "texture": "#8" },
				"north": { "uv": [ 0, 0, 2, 4 ], "texture": "#8" },
				"south": { "uv": [ 0, 0, 2, 4 ], "texture": "#8" },
				"west": { "uv": [ 0, 0, 1, 4 ], "texture": "#8" },
				"east": { "uv": [ 0, 0, 1, 4 ], "texture": "#8" }
			}
		},
		{
			"__comment": "Element",
			"from": [ 6, 28.9, 10.8 ],
			"to": [ 10, 29.1, 11 ],
			"rotation": { "origin": [ 6.5, 28.9, 10.8 ], "axis": "x", "angle": -22.5 },
			"faces": {
				"down": { "uv": [ 0, 0, 4, 0.1999998 ], "texture": "#9" },
				"up": { "uv": [ 0, 0, 4, 0.1999998 ], "texture": "#9" },
				"north": { "uv": [ 0, 0, 4, 0.1999998 ], "texture": "#9" },
				"south": { "uv": [ 0, 0, 4, 0.1999998 ], "texture": "#9" },
				"west": { "uv": [ 0, 0, 0.2, 0.1999998 ], "texture": "#9" },
				"east": { "uv": [ 0, 0, 0.2, 0.1999998 ], "texture": "#9" }
			}
		},
		{
			"__comment": "Element",
			"from": [ 7.2, 28.9, 11.3 ],
			"to": [ 7.4, 29.1, 11.5 ],
			"rotation": { "origin": [ 6.5, 28.9, 10.8 ], "axis": "x", "angle": -22.5 },
			"faces": {
				"down": { "uv": [ 0, 0, 0.2, 0.1999998 ], "texture": "#9" },
				"up": { "uv": [ 0, 0, 0.2, 0.1999998 ], "texture": "#9" },
				"north": { "uv": [ 0, 0, 0.2, 0.1999998 ], "texture": "#9" },
				"south": { "uv": [ 0, 0, 0.2, 0.1999998 ], "texture": "#9" },
				"west": { "uv": [ 0, 0, 0.2, 0.1999998 ], "texture": "#9" },
				"east": { "uv": [ 0, 0, 0.2, 0.1999998 ], "texture": "#9" }
			}
		},
		{
			"__comment": "Element",
			"from": [ 8.599999, 28.9, 11.3 ],
			"to": [ 8.799999, 29.1, 11.5 ],
			"rotation": { "origin": [ 9.5, 28.9, 10.8 ], "axis": "x", "angle": -22.5 },
			"faces": {
				"down": { "uv": [ 0.2, 0, 0, 0.1999998 ], "texture": "#9" },
				"up": { "uv": [ 0.2, 0, 0, 0.1999998 ], "texture": "#9" },
				"north": { "uv": [ 0.2, 0, 0, 0.1999998 ], "texture": "#9" },
				"south": { "uv": [ 0.2, 0, 0, 0.1999998 ], "texture": "#9" },
				"west": { "uv": [ 0.2, 0, 0, 0.1999998 ], "texture": "#9" },
				"east": { "uv": [ 0.2, 0, 0, 0.1999998 ], "texture": "#9" }
			}
		},
		{
			"__comment": "Element",
			"from": [ 5.7, 28.7, 10.8 ],
			"to": [ 6.3, 29.3, 11 ],
			"rotation": { "origin": [ 6.5, 28.9, 10.8 ], "axis": "x", "angle": -22.5 },
			"faces": {
				"down": { "uv": [ 0, 0, 0.6, 0.1999998 ], "texture": "#9" },
				"up": { "uv": [ 0, 0, 0.6, 0.1999998 ], "texture": "#9" },
				"north": { "uv": [ 0, 0, 0.6, 0.6000004 ], "texture": "#9" },
				"south": { "uv": [ 0, 0, 0.6, 0.6000004 ], "texture": "#9" },
				"west": { "uv": [ 0, 0, 0.2, 0.6000004 ], "texture": "#9" },
				"east": { "uv": [ 0, 0, 0.2, 0.6000004 ], "texture": "#9" }
			}
		},
		{
			"__comment": "Element",
			"from": [ 9.7, 28.6783, 10.8324 ],
			"to": [ 10.3, 29.2783, 11.0324 ],
			"rotation": { "origin": [ 6.5, 28.9, 10.8 ], "axis": "x", "angle": -45 },
			"faces": {
				"down": { "uv": [ 0, 0, 0.6, 0.1999998 ], "texture": "#9" },
				"up": { "uv": [ 0, 0, 0.6, 0.1999998 ], "texture": "#9" },
				"north": { "uv": [ 0, 0, 0.6, 0.6000004 ], "texture": "#9" },
				"south": { "uv": [ 0, 0, 0.6, 0.6000004 ], "texture": "#9" },
				"west": { "uv": [ 0, 0, 0.2, 0.6000004 ], "texture": "#9" },
				"east": { "uv": [ 0, 0, 0.2, 0.6000004 ], "texture": "#9" }
			}
		},
		{
			"__comment": "Element",
			"from": [ 6, 31.4, 10.8 ],
			"to": [ 10, 31.6, 11 ],
			"rotation": { "origin": [ 6.5, 28.9, 10.8 ], "axis": "x", "angle": -22.5 },
			"faces": {
				"down": { "uv": [ 0, 0, 4, 0.1999998 ], "texture": "#9" },
				"up": { "uv": [ 0, 0, 4, 0.1999998 ], "texture": "#9" },
				"north": { "uv": [ 0, 0, 4, 0.1999998 ], "texture": "#9" },
				"south": { "uv": [ 0, 0, 4, 0.1999998 ], "texture": "#9" },
				"west": { "uv": [ 0, 0, 0.2, 0.1999998 ], "texture": "#9" },
				"east": { "uv": [ 0, 0, 0.2, 0.1999998 ], "texture": "#9" }
			}
		},
		{
			"__comment": "Element",
			"from": [ 6.8, 31.4, 11.3 ],
			"to": [ 7, 31.6, 11.5 ],
			"rotation": { "origin": [ 6.5, 28.9, 10.8 ], "axis": "x", "angle": -22.5 },
			"faces": {
				"down": { "uv": [ 0, 0, 0.2, 0.1999998 ], "texture": "#9" },
				"up": { "uv": [ 0, 0, 0.2, 0.1999998 ], "texture": "#9" },
				"north": { "uv": [ 0, 0, 0.2, 0.1999998 ], "texture": "#9" },
				"south": { "uv": [ 0, 0, 0.2, 0.1999998 ], "texture": "#9" },
				"west": { "uv": [ 0, 0, 0.2, 0.1999998 ], "texture": "#9" },
				"east": { "uv": [ 0, 0, 0.2, 0.1999998 ], "texture": "#9" }
			}
		},
		{
			"__comment": "Element",
			"from": [ 9, 31.4, 11.3 ],
			"to": [ 9.2, 31.6, 11.5 ],
			"rotation": { "origin": [ 9.5, 28.9, 10.8 ], "axis": "x", "angle": -22.5 },
			"faces": {
				"down": { "uv": [ 0.2, 0, 0, 0.1999998 ], "texture": "#9" },
				"up": { "uv": [ 0.2, 0, 0, 0.1999998 ], "texture": "#9" },
				"north": { "uv": [ 0.2, 0, 0, 0.1999998 ], "texture": "#9" },
				"south": { "uv": [ 0.2, 0, 0, 0.1999998 ], "texture": "#9" },
				"west": { "uv": [ 0.2, 0, 0, 0.1999998 ], "texture": "#9" },
				"east": { "uv": [ 0.2, 0, 0, 0.1999998 ], "texture": "#9" }
			}
		},
		{
			"__comment": "Element",
			"from": [ 5.7, 29.6874, 8.3362 ],
			"to": [ 6.3, 30.2874, 8.5362 ],
			"rotation": { "origin": [ 6.5, 28.9, 10.8 ], "axis": "x", "angle": 45 },
			"faces": {
				"down": { "uv": [ 0, 0, 0.6, 0.1999998 ], "texture": "#9" },
				"up": { "uv": [ 0, 0, 0.6, 0.1999998 ], "texture": "#9" },
				"north": { "uv": [ 0, 0, 0.6, 0.6000004 ], "texture": "#9" },
				"south": { "uv": [ 0, 0, 0.6, 0.6000004 ], "texture": "#9" },
				"west": { "uv": [ 0, 0, 0.2, 0.6000004 ], "texture": "#9" },
				"east": { "uv": [ 0, 0, 0.2, 0.6000004 ], "texture": "#9" }
			}
		},
		{
			"__comment": "Element",
			"from": [ 9.7, 31.0404, 9.7974 ],
			"to": [ 10.3, 31.6404, 9.997399 ],
			"faces": {
				"down": { "uv": [ 0, 0, 0.6, 0.1999998 ], "texture": "#9" },
				"up": { "uv": [ 0, 0, 0.6, 0.1999998 ], "texture": "#9" },
				"north": { "uv": [ 0, 0, 0.6, 0.6000004 ], "texture": "#9" },
				"south": { "uv": [ 0, 0, 0.6, 0.6000004 ], "texture": "#9" },
				"west": { "uv": [ 0, 0, 0.2, 0.6000004 ], "texture": "#9" },
				"east": { "uv": [ 0, 0, 0.2, 0.6000004 ], "texture": "#9" }
			}
		},
		{
			"__comment": "Element",
			"from": [ 6, 30.2, 10.8 ],
			"to": [ 10, 30.4, 11 ],
			"rotation": { "origin": [ 6.5, 28.9, 10.8 ], "axis": "x", "angle": -22.5 },
			"faces": {
				"down": { "uv": [ 0, 0, 4, 0.1999998 ], "texture": "#9" },
				"up": { "uv": [ 0, 0, 4, 0.1999998 ], "texture": "#9" },
				"north": { "uv": [ 0, 0, 4, 0.1999998 ], "texture": "#9" },
				"south": { "uv": [ 0, 0, 4, 0.1999998 ], "texture": "#9" },
				"west": { "uv": [ 0, 0, 0.2, 0.1999998 ], "texture": "#9" },
				"east": { "uv": [ 0, 0, 0.2, 0.1999998 ], "texture": "#9" }
			}
		},
		{
			"__comment": "Element",
			"from": [ 7, 30.2, 11.3 ],
			"to": [ 7.2, 30.4, 11.5 ],
			"rotation": { "origin": [ 6.5, 28.9, 10.8 ], "axis": "x", "angle": -22.5 },
			"faces": {
				"down": { "uv": [ 0, 0, 0.2, 0.1999998 ], "texture": "#9" },
				"up": { "uv": [ 0, 0, 0.2, 0.1999998 ], "texture": "#9" },
				"north": { "uv": [ 0, 0, 0.2, 0.1999998 ], "texture": "#9" },
				"south": { "uv": [ 0, 0, 0.2, 0.1999998 ], "texture": "#9" },
				"west": { "uv": [ 0, 0, 0.2, 0.1999998 ], "texture": "#9" },
				"east": { "uv": [ 0, 0, 0.2, 0.1999998 ], "texture": "#9" }
			}
		},
		{
			"__comment": "Element",
			"from": [ 8.8, 30.2, 11.3 ],
			"to": [ 9, 30.4, 11.5 ],
			"rotation": { "origin": [ 9.5, 28.9, 10.8 ], "axis": "x", "angle": -22.5 },
			"faces": {
				"down": { "uv": [ 0.2, 0, 0, 0.1999998 ], "texture": "#9" },
				"up": { "uv": [ 0.2, 0, 0, 0.1999998 ], "texture": "#9" },
				"north": { "uv": [ 0.2, 0, 0, 0.1999998 ], "texture": "#9" },
				"south": { "uv": [ 0.2, 0, 0, 0.1999998 ], "texture": "#9" },
				"west": { "uv": [ 0.2, 0, 0, 0.1999998 ], "texture": "#9" },
				"east": { "uv": [ 0.2, 0, 0, 0.1999998 ], "texture": "#9" }
			}
		},
		{
			"__comment": "Element",
			"from": [ 5.7, 29.9317, 10.2566 ],
			"to": [ 6.3, 30.5317, 10.4566 ],
			"faces": {
				"down": { "uv": [ 0, 0, 0.6, 0.1999998 ], "texture": "#9" },
				"up": { "uv": [ 0, 0, 0.6, 0.1999998 ], "texture": "#9" },
				"north": { "uv": [ 0, 0, 0.6, 0.6000004 ], "texture": "#9" },
				"south": { "uv": [ 0, 0, 0.6, 0.6000004 ], "texture": "#9" },
				"west": { "uv": [ 0, 0, 0.2, 0.6000004 ], "texture": "#9" },
				"east": { "uv": [ 0, 0, 0.2, 0.6000004 ], "texture": "#9" }
			}
		},
		{
			"__comment": "Element",
			"from": [ 9.7, 30.1317, 10.0566 ],
			"to": [ 10.3, 30.3317, 10.6566 ],
			"faces": {
				"down": { "uv": [ 0, 0, 0.6, 0.6000004 ], "texture": "#9" },
				"up": { "uv": [ 0, 0, 0.6, 0.6000004 ], "texture": "#9", "rotation": 180 },
				"north": { "uv": [ 0, 0, 0.6, 0.1999998 ], "texture": "#9", "rotation": 180 },
				"south": { "uv": [ 0, 0, 0.6, 0.1999998 ], "texture": "#9" },
				"west": { "uv": [ 0, 0, 0.2, 0.6000004 ], "texture": "#9", "rotation": 90 },
				"east": { "uv": [ 0, 0, 0.2, 0.6000004 ], "texture": "#9", "rotation": 270 }
			}
		}
	],
	"gui_light": "front",	
	"display": {
		"thirdperson_righthand": {
			"rotation":  [ 90, -173, 82 ],
			"translation":  [ -7.75, -3, 1.8152 ],
			"scale":  [ 0.7, 0.7, 0.7 ]
		},
		"thirdperson_lefthand": {
			"rotation":  [ 76, -6, 41 ],
			"translation":  [ -7.75, -6.032, 8.076 ],
			"scale":  [ 0.7, 0.7, 0.7 ]
		},
		"firstperson_righthand": {
			"rotation":  [ 20.75, 180, -81.75 ],
			"translation":  [ -6.956, -3.2497, 0.6956 ]
		},
		"firstperson_lefthand": {
			"rotation":  [ 20.75, 180, -81.75 ],
			"translation":  [ 0.6961, -5.227, -0.554 ]
		},
		"gui": {
			"rotation":  [ -50, -30, -31 ],
			"translation":  [ 1.3369, -1.5, 0 ],
			"scale":  [ 0.4, 0.4, 0.4 ]
		},
		"head": {
			"scale":  [ 0.0001, 0.0001, 0.0001 ]
		},
		"ground": {
			"rotation":  [ -20, 0, 0 ],
			"scale":  [ 0.5, 0.5, 0.5 ]
		},
		"fixed": {
			"rotation":  [ 0, 180, 0 ],
			"translation":  [ 0, 0.6956, -0.1087 ],
			"scale":  [ 1.5, 1.5, 1.5 ]
		}
	}
}