{
	"credit": "Made with Blockbench",
	"textures": {
		"particle": "items/scrolls3",
		"texture": "items/scrolls3"
	},
	"elements": [
		{
			"name": "Voxels",
			"from": [-2.5, 0, 2.5],
			"to": [-0.5, 2.5, 13.5],
			"faces": {
				"north": {"uv": [6, 10.5, 5, 11.75], "texture": "#texture", "cullface": "west"},
				"east": {"uv": [15.5, 13.5, 10, 14.75], "texture": "#texture", "cullface": "west"},
				"south": {"uv": [6, 10.5, 7, 11.75], "texture": "#texture", "cullface": "west"},
				"west": {"uv": [10, 14.75, 15.5, 16], "texture": "#texture", "cullface": "west"},
				"up": {"uv": [1, 8, 2, 2.5], "texture": "#texture", "cullface": "west"},
				"down": {"uv": [0, 2.5, 1, 8], "texture": "#texture", "cullface": "west"}
			}
		},
		{
			"name": "Voxels",
			"from": [-2.5, 0.5, -2.5],
			"to": [-0.5, 2, -1.5],
			"faces": {
				"north": {"uv": [2, 0, 1, 0.75], "texture": "#texture"},
				"east": {"uv": [7.5, 7.75, 7, 8.5], "texture": "#texture"},
				"south": {"uv": [2, 0, 3, 0.75], "texture": "#texture"},
				"west": {"uv": [7, 7, 7.5, 7.75], "texture": "#texture"},
				"up": {"uv": [10, 13.5, 11, 13], "texture": "#texture"},
				"down": {"uv": [14, 13, 15, 13.5], "texture": "#texture"}
			}
		},
		{
			"name": "Voxels",
			"from": [-2.5, 0.5, 2],
			"to": [-0.5, 2, 2.5],
			"faces": {
				"north": {"uv": [4, 0, 3, 0.75], "texture": "#texture", "cullface": "west"},
				"east": {"uv": [8.5, 4.25, 8.25, 5], "texture": "#texture", "cullface": "west"},
				"west": {"uv": [8.25, 3.5, 8.5, 4.25], "texture": "#texture", "cullface": "west"},
				"up": {"uv": [14.25, 8.75, 15.25, 8.5], "texture": "#texture", "cullface": "west"},
				"down": {"uv": [13.25, 8.5, 14.25, 8.75], "texture": "#texture", "cullface": "west"}
			}
		},
		{
			"name": "Voxels",
			"from": [-2.5, 0.5, 13.5],
			"to": [-0.5, 2, 14],
			"faces": {
				"east": {"uv": [8.25, 4.25, 8, 5], "texture": "#texture", "cullface": "west"},
				"south": {"uv": [14, 11, 15, 11.75], "texture": "#texture", "cullface": "west"},
				"west": {"uv": [8.25, 5, 8.5, 5.75], "texture": "#texture", "cullface": "west"},
				"up": {"uv": [11, 11, 12, 10.75], "texture": "#texture", "cullface": "west"},
				"down": {"uv": [4, 2.5, 5, 2.75], "texture": "#texture", "cullface": "west"}
			}
		},
		{
			"name": "Voxels",
			"from": [-2.5, 0.5, 17.5],
			"to": [-0.5, 2, 18.5],
			"faces": {
				"north": {"uv": [11, 11, 10, 11.75], "texture": "#texture"},
				"east": {"uv": [8, 7, 7.5, 7.75], "texture": "#texture"},
				"south": {"uv": [15, 11, 16, 11.75], "texture": "#texture"},
				"west": {"uv": [15.5, 14, 16, 14.75], "texture": "#texture"},
				"up": {"uv": [13, 13.5, 14, 13], "texture": "#texture"},
				"down": {"uv": [12, 13, 13, 13.5], "texture": "#texture"}
			}
		},
		{
			"name": "Voxels",
			"from": [-2.5, 1, -1.5],
			"to": [-0.5, 1.5, 2],
			"faces": {
				"east": {"uv": [10.5, 8.5, 8.75, 8.75], "texture": "#texture", "cullface": "west"},
				"west": {"uv": [7, 8.5, 8.75, 8.75], "texture": "#texture", "cullface": "west"},
				"up": {"uv": [4, 2.5, 5, 0.75], "texture": "#texture", "cullface": "west"},
				"down": {"uv": [3, 0.75, 4, 2.5], "texture": "#texture", "cullface": "west"}
			}
		},
		{
			"name": "Voxels",
			"from": [-2.5, 1, 14],
			"to": [-0.5, 1.5, 17.5],
			"faces": {
				"east": {"uv": [12.5, 10.25, 10.75, 10.5], "texture": "#texture", "cullface": "west"},
				"west": {"uv": [10.5, 8.5, 12.25, 8.75], "texture": "#texture", "cullface": "west"},
				"up": {"uv": [4, 6.25, 5, 4.5], "texture": "#texture", "cullface": "west"},
				"down": {"uv": [4, 6.25, 5, 8], "texture": "#texture", "cullface": "west"}
			}
		},
		{
			"name": "Voxels",
			"from": [-2.5, 13.5, 2.5],
			"to": [-0.5, 16, 13.5],
			"faces": {
				"north": {"uv": [9, 10.5, 8, 11.75], "texture": "#texture", "cullface": "west"},
				"east": {"uv": [11, 11.75, 5.5, 13], "texture": "#texture", "cullface": "west"},
				"south": {"uv": [7, 10.5, 8, 11.75], "texture": "#texture", "cullface": "west"},
				"west": {"uv": [0, 11.75, 5.5, 13], "texture": "#texture", "cullface": "west"},
				"up": {"uv": [3, 8, 4, 2.5], "texture": "#texture", "cullface": "west"},
				"down": {"uv": [2, 2.5, 3, 8], "texture": "#texture", "cullface": "west"}
			}
		},
		{
			"name": "Voxels",
			"from": [-2.5, 14, -2.5],
			"to": [-0.5, 15.5, -1.5],
			"faces": {
				"north": {"uv": [10.75, 9.75, 9.75, 10.5], "texture": "#texture"},
				"east": {"uv": [7.5, 5.5, 7, 6.25], "texture": "#texture"},
				"south": {"uv": [4, 0, 5, 0.75], "texture": "#texture"},
				"west": {"uv": [15.5, 15.25, 16, 16], "texture": "#texture"},
				"up": {"uv": [9, 11, 10, 10.5], "texture": "#texture"},
				"down": {"uv": [10, 10.5, 11, 11], "texture": "#texture"}
			}
		},
		{
			"name": "Voxels",
			"from": [-2.5, 14, 2],
			"to": [-0.5, 15.5, 2.5],
			"faces": {
				"north": {"uv": [10.75, 9, 9.75, 9.75], "texture": "#texture", "cullface": "west"},
				"east": {"uv": [8.5, 7.25, 8.25, 8], "texture": "#texture", "cullface": "west"},
				"west": {"uv": [8, 3.5, 8.25, 4.25], "texture": "#texture", "cullface": "west"},
				"up": {"uv": [13, 10.75, 14, 10.5], "texture": "#texture", "cullface": "west"},
				"down": {"uv": [13, 10.75, 14, 11], "texture": "#texture", "cullface": "west"}
			}
		},
		{
			"name": "Voxels",
			"from": [-2.5, 14, 13.5],
			"to": [-0.5, 15.5, 14],
			"faces": {
				"east": {"uv": [8.25, 0.5, 8, 1.25], "texture": "#texture", "cullface": "west"},
				"south": {"uv": [8.75, 9.75, 9.75, 10.5], "texture": "#texture", "cullface": "west"},
				"west": {"uv": [8.25, 6.5, 8.5, 7.25], "texture": "#texture", "cullface": "west"},
				"up": {"uv": [14, 10.75, 15, 10.5], "texture": "#texture", "cullface": "west"},
				"down": {"uv": [14, 10.75, 15, 11], "texture": "#texture", "cullface": "west"}
			}
		},
		{
			"name": "Voxels",
			"from": [-2.5, 14, 17.5],
			"to": [-0.5, 15.5, 18.5],
			"faces": {
				"north": {"uv": [10, 11, 9, 11.75], "texture": "#texture"},
				"east": {"uv": [8, 7.75, 7.5, 8.5], "texture": "#texture"},
				"south": {"uv": [8.75, 9, 9.75, 9.75], "texture": "#texture"},
				"west": {"uv": [7, 4.75, 7.5, 5.5], "texture": "#texture"},
				"up": {"uv": [11, 13.5, 12, 13], "texture": "#texture"},
				"down": {"uv": [15, 13, 16, 13.5], "texture": "#texture"}
			}
		},
		{
			"name": "Voxels",
			"from": [-2.5, 14.5, -1.5],
			"to": [-0.5, 15, 2],
			"faces": {
				"east": {"uv": [12.5, 9.5, 10.75, 9.75], "texture": "#texture", "cullface": "west"},
				"west": {"uv": [10.75, 9.75, 12.5, 10], "texture": "#texture", "cullface": "west"},
				"up": {"uv": [2, 2.5, 3, 0.75], "texture": "#texture", "cullface": "west"},
				"down": {"uv": [4, 2.75, 5, 4.5], "texture": "#texture", "cullface": "west"}
			}
		},
		{
			"name": "Voxels",
			"from": [-2.5, 14.5, 14],
			"to": [-0.5, 15, 17.5],
			"faces": {
				"east": {"uv": [12.5, 10, 10.75, 10.25], "texture": "#texture", "cullface": "west"},
				"west": {"uv": [12.5, 10, 14.25, 10.25], "texture": "#texture", "cullface": "west"},
				"up": {"uv": [0, 2.5, 1, 0.75], "texture": "#texture", "cullface": "west"},
				"down": {"uv": [1, 0.75, 2, 2.5], "texture": "#texture", "cullface": "west"}
			}
		},
		{
			"name": "Voxels",
			"from": [-2, 0, -2.5],
			"to": [-1, 0.5, -1.5],
			"faces": {
				"north": {"uv": [14, 7, 13.5, 7.25], "texture": "#texture"},
				"east": {"uv": [10, 7.25, 9.5, 7.5], "texture": "#texture"},
				"south": {"uv": [11.5, 7.25, 12, 7.5], "texture": "#texture"},
				"west": {"uv": [11, 7.25, 11.5, 7.5], "texture": "#texture"},
				"down": {"uv": [15.5, 14.75, 16, 15.25], "texture": "#texture"}
			}
		},
		{
			"name": "Voxels",
			"from": [-2, 0, 2],
			"to": [-1, 0.5, 2.5],
			"faces": {
				"north": {"uv": [16, 7.5, 15.5, 7.75], "texture": "#texture", "cullface": "west"},
				"east": {"uv": [8.5, 3, 8.25, 3.25], "texture": "#texture", "cullface": "west"},
				"west": {"uv": [8.25, 3.25, 8.5, 3.5], "texture": "#texture", "cullface": "west"},
				"down": {"uv": [9, 7.25, 9.5, 7.5], "texture": "#texture", "cullface": "west"}
			}
		},
		{
			"name": "Voxels",
			"from": [-2, 0, 13.5],
			"to": [-1, 0.5, 14],
			"faces": {
				"east": {"uv": [8.5, 2.25, 8.25, 2.5], "texture": "#texture", "cullface": "west"},
				"south": {"uv": [10.5, 7.5, 11, 7.75], "texture": "#texture", "cullface": "west"},
				"west": {"uv": [5.25, 0, 5.5, 0.25], "texture": "#texture", "cullface": "west"},
				"down": {"uv": [14, 7.5, 14.5, 7.75], "texture": "#texture", "cullface": "west"}
			}
		},
		{
			"name": "Voxels",
			"from": [-2, 0, 17.5],
			"to": [-1, 0.5, 18.5],
			"faces": {
				"north": {"uv": [10, 7.5, 9.5, 7.75], "texture": "#texture"},
				"east": {"uv": [15, 7.75, 14.5, 8], "texture": "#texture"},
				"south": {"uv": [15.5, 7.75, 16, 8], "texture": "#texture"},
				"west": {"uv": [15, 7.75, 15.5, 8], "texture": "#texture"},
				"down": {"uv": [7.5, 4, 8, 4.5], "texture": "#texture"}
			}
		},
		{
			"name": "Voxels",
			"from": [-2, 0.5, -3],
			"to": [-1, 2, -2.5],
			"faces": {
				"north": {"uv": [7.5, 2.5, 7, 3.25], "texture": "#texture"},
				"east": {"uv": [8.25, 6.5, 8, 7.25], "texture": "#texture"},
				"west": {"uv": [8, 5.75, 8.25, 6.5], "texture": "#texture"},
				"up": {"uv": [13.5, 8, 14, 7.75], "texture": "#texture"},
				"down": {"uv": [14, 7.75, 14.5, 8], "texture": "#texture"}
			}
		},
		{
			"name": "Voxels",
			"from": [-2, 0.5, -1.5],
			"to": [-1, 1, 2],
			"faces": {
				"east": {"uv": [16, 9, 14.25, 9.25], "texture": "#texture", "cullface": "west"},
				"west": {"uv": [14.25, 9.25, 16, 9.5], "texture": "#texture", "cullface": "west"},
				"down": {"uv": [6.25, 3.5, 6.75, 5.25], "texture": "#texture", "cullface": "west"}
			}
		},
		{
			"name": "Voxels",
			"from": [-2, 0.5, 14],
			"to": [-1, 1, 17.5],
			"faces": {
				"east": {"uv": [14.25, 8.75, 12.5, 9], "texture": "#texture", "cullface": "west"},
				"west": {"uv": [10.75, 9.25, 12.5, 9.5], "texture": "#texture", "cullface": "west"},
				"down": {"uv": [5.75, 1.75, 6.25, 3.5], "texture": "#texture", "cullface": "west"}
			}
		},
		{
			"name": "Voxels",
			"from": [-2, 0.5, 18.5],
			"to": [-1, 2, 19],
			"faces": {
				"east": {"uv": [8.25, 5, 8, 5.75], "texture": "#texture"},
				"south": {"uv": [7, 6.25, 7.5, 7], "texture": "#texture"},
				"west": {"uv": [8.25, 5.75, 8.5, 6.5], "texture": "#texture"},
				"up": {"uv": [10.5, 8.25, 11, 8], "texture": "#texture"},
				"down": {"uv": [9.5, 7.75, 10, 8], "texture": "#texture"}
			}
		},
		{
			"name": "Voxels",
			"from": [-2, 1.5, -1.5],
			"to": [-1, 2, 2],
			"faces": {
				"east": {"uv": [14.25, 10.25, 12.5, 10.5], "texture": "#texture", "cullface": "west"},
				"west": {"uv": [14.25, 8.75, 16, 9], "texture": "#texture", "cullface": "west"},
				"up": {"uv": [8.25, 10.5, 8.75, 8.75], "texture": "#texture", "cullface": "west"}
			}
		},
		{
			"name": "Voxels",
			"from": [-2, 1.5, 14],
			"to": [-1, 2, 17.5],
			"faces": {
				"east": {"uv": [12.5, 9, 10.75, 9.25], "texture": "#texture", "cullface": "west"},
				"west": {"uv": [10.75, 8.75, 12.5, 9], "texture": "#texture", "cullface": "west"},
				"up": {"uv": [6.75, 10.5, 7.25, 8.75], "texture": "#texture", "cullface": "west"}
			}
		},
		{
			"name": "Voxels",
			"from": [-2, 2, -2.5],
			"to": [-1, 2.5, -1.5],
			"faces": {
				"north": {"uv": [11, 7, 10.5, 7.25], "texture": "#texture"},
				"east": {"uv": [9, 6.75, 8.5, 7], "texture": "#texture"},
				"south": {"uv": [11, 7, 11.5, 7.25], "texture": "#texture"},
				"west": {"uv": [15.5, 7, 16, 7.25], "texture": "#texture"},
				"up": {"uv": [7.5, 3.5, 8, 3], "texture": "#texture"}
			}
		},
		{
			"name": "Voxels",
			"from": [-2, 2, 2],
			"to": [-1, 2.5, 2.5],
			"faces": {
				"north": {"uv": [15.5, 7, 15, 7.25], "texture": "#texture", "cullface": "west"},
				"east": {"uv": [8.25, 0.25, 8, 0.5], "texture": "#texture", "cullface": "west"},
				"west": {"uv": [8, 0, 8.25, 0.25], "texture": "#texture", "cullface": "west"},
				"up": {"uv": [14.5, 7.25, 15, 7], "texture": "#texture", "cullface": "west"}
			}
		},
		{
			"name": "Voxels",
			"from": [-2, 2, 13.5],
			"to": [-1, 2.5, 14],
			"faces": {
				"east": {"uv": [7, 0, 6.75, 0.25], "texture": "#texture", "cullface": "west"},
				"south": {"uv": [10.5, 8.25, 11, 8.5], "texture": "#texture", "cullface": "west"},
				"west": {"uv": [15.75, 8.5, 16, 8.75], "texture": "#texture", "cullface": "west"},
				"up": {"uv": [10, 8.5, 10.5, 8.25], "texture": "#texture", "cullface": "west"}
			}
		},
		{
			"name": "Voxels",
			"from": [-2, 2, 17.5],
			"to": [-1, 2.5, 18.5],
			"faces": {
				"north": {"uv": [11.5, 8.25, 11, 8.5], "texture": "#texture"},
				"east": {"uv": [12, 8, 11.5, 8.25], "texture": "#texture"},
				"south": {"uv": [11, 8, 11.5, 8.25], "texture": "#texture"},
				"west": {"uv": [11.5, 8.25, 12, 8.5], "texture": "#texture"},
				"up": {"uv": [7.5, 2.5, 8, 2], "texture": "#texture"}
			}
		},
		{
			"name": "Voxels",
			"from": [-2, 11, 3],
			"to": [-1.5, 13.5, 13],
			"faces": {
				"north": {"uv": [7, 1.5, 6.75, 2.75], "texture": "#texture", "cullface": "west"},
				"east": {"uv": [5, 9.25, 0, 10.5], "texture": "#texture", "cullface": "west"},
				"south": {"uv": [6.75, 0.25, 7, 1.5], "texture": "#texture", "cullface": "west"},
				"west": {"uv": [0, 10.5, 5, 11.75], "texture": "#texture", "cullface": "west"},
				"down": {"uv": [5.5, 0.5, 5.75, 5.5], "texture": "#texture", "cullface": "west"}
			}
		},
		{
			"name": "Voxels",
			"from": [-2, 13.5, -2.5],
			"to": [-1, 14, -1.5],
			"faces": {
				"north": {"uv": [14, 8.25, 13.5, 8.5], "texture": "#texture"},
				"east": {"uv": [14.5, 8, 14, 8.25], "texture": "#texture"},
				"south": {"uv": [13.5, 8, 14, 8.25], "texture": "#texture"},
				"west": {"uv": [14, 8.25, 14.5, 8.5], "texture": "#texture"},
				"down": {"uv": [7.5, 1.5, 8, 2], "texture": "#texture"}
			}
		},
		{
			"name": "Voxels",
			"from": [-2, 13.5, 2],
			"to": [-1, 14, 2.5],
			"faces": {
				"north": {"uv": [15.5, 8.25, 15, 8.5], "texture": "#texture", "cullface": "west"},
				"east": {"uv": [5.25, 0.25, 5, 0.5], "texture": "#texture", "cullface": "west"},
				"west": {"uv": [5.5, 0, 5.75, 0.25], "texture": "#texture", "cullface": "west"},
				"down": {"uv": [14.5, 8.25, 15, 8.5], "texture": "#texture", "cullface": "west"}
			}
		},
		{
			"name": "Voxels",
			"from": [-2, 13.5, 13.5],
			"to": [-1, 14, 14],
			"faces": {
				"east": {"uv": [5.75, 0.25, 5.5, 0.5], "texture": "#texture", "cullface": "west"},
				"south": {"uv": [9, 7.75, 9.5, 8], "texture": "#texture", "cullface": "west"},
				"west": {"uv": [8.25, 2, 8.5, 2.25], "texture": "#texture", "cullface": "west"},
				"down": {"uv": [15.5, 8.25, 16, 8.5], "texture": "#texture", "cullface": "west"}
			}
		},
		{
			"name": "Voxels",
			"from": [-2, 13.5, 17.5],
			"to": [-1, 14, 18.5],
			"faces": {
				"north": {"uv": [11, 7.75, 10.5, 8], "texture": "#texture"},
				"east": {"uv": [12.5, 7.75, 12, 8], "texture": "#texture"},
				"south": {"uv": [11, 7.75, 11.5, 8], "texture": "#texture"},
				"west": {"uv": [11.5, 7.75, 12, 8], "texture": "#texture"},
				"down": {"uv": [7.5, 0.5, 8, 1], "texture": "#texture"}
			}
		},
		{
			"name": "Voxels",
			"from": [-2, 14, -3],
			"to": [-1, 15.5, -2.5],
			"faces": {
				"north": {"uv": [8, 6.25, 7.5, 7], "texture": "#texture"},
				"east": {"uv": [8.25, 7.25, 8, 8], "texture": "#texture"},
				"west": {"uv": [8, 2, 8.25, 2.75], "texture": "#texture"},
				"up": {"uv": [13, 8, 13.5, 7.75], "texture": "#texture"},
				"down": {"uv": [12.5, 7.75, 13, 8], "texture": "#texture"}
			}
		},
		{
			"name": "Voxels",
			"from": [-2, 14, -1.5],
			"to": [-1, 14.5, 2],
			"faces": {
				"east": {"uv": [16, 9.75, 14.25, 10], "texture": "#texture", "cullface": "west"},
				"west": {"uv": [14.25, 9.5, 16, 9.75], "texture": "#texture", "cullface": "west"},
				"down": {"uv": [6.25, 7, 6.75, 8.75], "texture": "#texture", "cullface": "west"}
			}
		},
		{
			"name": "Voxels",
			"from": [-2, 14, 14],
			"to": [-1, 14.5, 17.5],
			"faces": {
				"east": {"uv": [16, 10.25, 14.25, 10.5], "texture": "#texture", "cullface": "west"},
				"west": {"uv": [14.25, 10, 16, 10.25], "texture": "#texture", "cullface": "west"},
				"down": {"uv": [5.75, 0, 6.25, 1.75], "texture": "#texture", "cullface": "west"}
			}
		},
		{
			"name": "Voxels",
			"from": [-2, 14, 18.5],
			"to": [-1, 15.5, 19],
			"faces": {
				"east": {"uv": [8.25, 2.75, 8, 3.5], "texture": "#texture"},
				"south": {"uv": [7, 1, 7.5, 1.75], "texture": "#texture"},
				"west": {"uv": [8, 1.25, 8.25, 2], "texture": "#texture"},
				"up": {"uv": [13.5, 7.75, 14, 7.5], "texture": "#texture"},
				"down": {"uv": [13, 7.5, 13.5, 7.75], "texture": "#texture"}
			}
		},
		{
			"name": "Voxels",
			"from": [-2, 15, -1.5],
			"to": [-1, 15.5, 2],
			"faces": {
				"east": {"uv": [14.25, 9.75, 12.5, 10], "texture": "#texture", "cullface": "west"},
				"west": {"uv": [12.5, 9, 14.25, 9.25], "texture": "#texture", "cullface": "west"},
				"up": {"uv": [5.75, 8.75, 6.25, 7], "texture": "#texture", "cullface": "west"}
			}
		},
		{
			"name": "Voxels",
			"from": [-2, 15, 14],
			"to": [-1, 15.5, 17.5],
			"faces": {
				"east": {"uv": [14.25, 9.5, 12.5, 9.75], "texture": "#texture", "cullface": "west"},
				"west": {"uv": [12.5, 9.25, 14.25, 9.5], "texture": "#texture", "cullface": "west"},
				"up": {"uv": [6.25, 1.75, 6.75, 0], "texture": "#texture", "cullface": "west"}
			}
		},
		{
			"name": "Voxels",
			"from": [-2, 15.5, -2.5],
			"to": [-1, 16, -1.5],
			"faces": {
				"north": {"uv": [9, 6.5, 8.5, 6.75], "texture": "#texture"},
				"east": {"uv": [14, 7.25, 13.5, 7.5], "texture": "#texture"},
				"south": {"uv": [12.5, 7.25, 13, 7.5], "texture": "#texture"},
				"west": {"uv": [13, 7.25, 13.5, 7.5], "texture": "#texture"},
				"up": {"uv": [8.5, 8.5, 9, 8], "texture": "#texture"}
			}
		},
		{
			"name": "Voxels",
			"from": [-2, 15.5, 2],
			"to": [-1, 16, 2.5],
			"faces": {
				"north": {"uv": [15.5, 7.25, 15, 7.5], "texture": "#texture", "cullface": "west"},
				"east": {"uv": [5.5, 0.25, 5.25, 0.5], "texture": "#texture", "cullface": "west"},
				"west": {"uv": [5, 0, 5.25, 0.25], "texture": "#texture", "cullface": "west"},
				"up": {"uv": [14.5, 7.5, 15, 7.25], "texture": "#texture", "cullface": "west"}
			}
		},
		{
			"name": "Voxels",
			"from": [-2, 15.5, 13.5],
			"to": [-1, 16, 14],
			"faces": {
				"east": {"uv": [8.5, 2.5, 8.25, 2.75], "texture": "#texture", "cullface": "west"},
				"south": {"uv": [10, 7, 10.5, 7.25], "texture": "#texture", "cullface": "west"},
				"west": {"uv": [8.25, 2.75, 8.5, 3], "texture": "#texture", "cullface": "west"},
				"up": {"uv": [9, 7.25, 9.5, 7], "texture": "#texture", "cullface": "west"}
			}
		},
		{
			"name": "Voxels",
			"from": [-2, 15.5, 17.5],
			"to": [-1, 16, 18.5],
			"faces": {
				"north": {"uv": [12, 7, 11.5, 7.25], "texture": "#texture"},
				"east": {"uv": [13.5, 7, 13, 7.25], "texture": "#texture"},
				"south": {"uv": [12, 7, 12.5, 7.25], "texture": "#texture"},
				"west": {"uv": [12.5, 7, 13, 7.25], "texture": "#texture"},
				"up": {"uv": [9.5, 8.5, 10, 8], "texture": "#texture"}
			}
		},
		{
			"name": "Voxels",
			"from": [-1.5, 5, 3],
			"to": [-1, 11, 13],
			"faces": {
				"north": {"uv": [7, 2.75, 6.75, 5.75], "texture": "#texture", "cullface": "west"},
				"east": {"uv": [10, 13, 5, 16], "texture": "#texture", "cullface": "west"},
				"south": {"uv": [6.75, 5.75, 7, 8.75], "texture": "#texture", "cullface": "west"},
				"west": {"uv": [0, 13, 5, 16], "texture": "#texture", "cullface": "west"},
				"up": {"uv": [5.25, 10.5, 5.5, 5.5], "texture": "#texture", "cullface": "west"},
				"down": {"uv": [5, 5.5, 5.25, 10.5], "texture": "#texture", "cullface": "west"}
			}
		},
		{
			"name": "Voxels",
			"from": [-1, 2.5, 3],
			"to": [-0.5, 5, 13],
			"faces": {
				"north": {"uv": [7.75, 5, 7.5, 6.25], "texture": "#texture", "cullface": "west"},
				"east": {"uv": [5, 8, 0, 9.25], "texture": "#texture", "cullface": "west"},
				"south": {"uv": [7.75, 5, 8, 6.25], "texture": "#texture", "cullface": "west"},
				"west": {"uv": [11, 11.75, 16, 13], "texture": "#texture", "cullface": "west"},
				"up": {"uv": [5.25, 5.5, 5.5, 0.5], "texture": "#texture", "cullface": "west"}
			}
		}
	],
	"gui_light": "front",
	"display": {
		"thirdperson_righthand": {
			"rotation": [90, 0, 0],
			"translation": [4, -2, -3],
			"scale": [0.5, 0.5, 0.5]
		},
		"thirdperson_lefthand": {
			"rotation": [90, 0, 0],
			"translation": [-4, -2, -3],
			"scale": [0.5, 0.5, 0.5]
		},
		"firstperson_righthand": {
			"rotation": [-30, 30, 0],
			"translation": [7, 1, 0],
			"scale": [0.6, 0.6, 0.6]
		},
		"firstperson_lefthand": {
			"rotation": [-30, 30, 0],
			"translation": [2, 3, 0],
			"scale": [0.6, 0.6, 0.6]
		},
		"ground": {
			"rotation": [0, 0, -90],
			"translation": [0, -6, 0],
			"scale": [0.5, 0.5, 0.5]
		},
		"gui": {
			"rotation": [0, 90, 0],
			"scale": [0.8, 0.8, 0.8]
		},
		"fixed": {
			"rotation": [0, 90, 0],
			"translation": [0, 0, -9]
		}
	}
}