{
	"__comment": "Designed by Elo106 with Cubik Studio - https://cubik.studio",
	"textures": {
		"particle": "items/vampiric_goblet",
		"texture": "items/vampiric_goblet",
		"goblet_atlas": "items/vampiric_goblet"
	},
	"elements": [ 	 
		{
			"__comment": "Voxels",
			"from": [ -1, 10, 7 ],
			"to": [ 4, 12, 9 ],
			"faces": {
				"down": { "uv": [ 6, 1.75, 6.625, 2.25 ], "texture": "#goblet_atlas", "cullface": "west" },
				"up": { "uv": [ 5.375, 1, 6, 0.5 ], "texture": "#goblet_atlas", "cullface": "west" },
				"north": { "uv": [ 6, 0, 5.375, 0.5 ], "texture": "#goblet_atlas", "cullface": "west" },
				"south": { "uv": [ 6, 0.5, 6.625, 1 ], "texture": "#goblet_atlas", "cullface": "west" },
				"west": { "uv": [ 3, 0.75, 3.25, 1.25 ], "texture": "#goblet_atlas", "cullface": "west" },
				"east": { "uv": [ 3.5, 0, 3.25, 0.5 ], "texture": "#goblet_atlas", "cullface": "west" }
			}
		},
		{
			"__comment": "Voxels",
			"from": [ 0, 5, 7 ],
			"to": [ 1, 10, 9 ],
			"faces": {
				"down": { "uv": [ 8.5, 14, 8.625, 14.5 ], "texture": "#goblet_atlas" },
				"north": { "uv": [ 6.625, 3.25, 6.5, 4.5 ], "texture": "#goblet_atlas" },
				"south": { "uv": [ 6.75, 1, 6.875, 2.25 ], "texture": "#goblet_atlas" },
				"west": { "uv": [ 6.25, 3.25, 6.5, 4.5 ], "texture": "#goblet_atlas", "cullface": "west" },
				"east": { "uv": [ 7.125, 12, 6.875, 13.25 ], "texture": "#goblet_atlas" }
			}
		},
		{
			"__comment": "Voxels",
			"from": [ 0, 12, 7 ],
			"to": [ 4, 16, 9 ],
			"faces": {
				"up": { "uv": [ 4.5, 4, 5, 3.5 ], "texture": "#goblet_atlas", "cullface": "up" },
				"north": { "uv": [ 5.875, 11.5, 5.375, 12.5 ], "texture": "#goblet_atlas" },
				"south": { "uv": [ 4.375, 0.25, 4.875, 1.25 ], "texture": "#goblet_atlas" },
				"west": { "uv": [ 5.625, 2.5, 5.875, 3.5 ], "texture": "#goblet_atlas", "cullface": "west" },
				"east": { "uv": [ 6.625, 8.5, 6.375, 9.5 ], "texture": "#goblet_atlas" }
			}
		},
		{
			"__comment": "Voxels",
			"from": [ 0, 16, 7 ],
			"to": [ 1, 17, 9 ],
			"faces": {
				"up": { "uv": [ 8, 7, 8.125, 6.5 ], "texture": "#goblet_atlas" },
				"north": { "uv": [ 8.125, 0.75, 8, 1 ], "texture": "#goblet_atlas" },
				"south": { "uv": [ 8, 0.5, 8.125, 0.75 ], "texture": "#goblet_atlas" },
				"west": { "uv": [ 7.125, 10.75, 7.375, 11 ], "texture": "#goblet_atlas" },
				"east": { "uv": [ 7.625, 10.75, 7.375, 11 ], "texture": "#goblet_atlas" }
			}
		},
		{
			"__comment": "Voxels",
			"from": [ 1, -2, 5 ],
			"to": [ 15, -1, 11 ],
			"faces": {
				"down": { "uv": [ 1.5, 14.5, 3.25, 16 ], "texture": "#goblet_atlas", "cullface": "down" },
				"up": { "uv": [ 1.5, 14.5, 3.25, 13 ], "texture": "#goblet_atlas", "cullface": "down" },
				"north": { "uv": [ 13.625, 15.75, 11.875, 16 ], "texture": "#goblet_atlas", "cullface": "down" },
				"south": { "uv": [ 10.125, 15.75, 11.875, 16 ], "texture": "#goblet_atlas", "cullface": "down" },
				"west": { "uv": [ 2.5, 5.25, 3.25, 5.5 ], "texture": "#goblet_atlas", "cullface": "down" },
				"east": { "uv": [ 7.75, 7.5, 7, 7.75 ], "texture": "#goblet_atlas", "cullface": "down" }
			}
		},
		{
			"__comment": "Voxels",
			"from": [ 1, -1, 7 ],
			"to": [ 15, 0, 9 ],
			"faces": {
				"up": { "uv": [ 1.5, 3.25, 3.25, 2.75 ], "texture": "#goblet_atlas", "cullface": "down" },
				"north": { "uv": [ 10.125, 15.75, 8.375, 16 ], "texture": "#goblet_atlas", "cullface": "down" },
				"south": { "uv": [ 6.625, 15.75, 8.375, 16 ], "texture": "#goblet_atlas", "cullface": "down" },
				"west": { "uv": [ 7.625, 10.75, 7.875, 11 ], "texture": "#goblet_atlas", "cullface": "down" },
				"east": { "uv": [ 8.125, 10.5, 7.875, 10.75 ], "texture": "#goblet_atlas", "cullface": "down" }
			}
		},
		{
			"__comment": "Voxels",
			"from": [ 1, 2, 7 ],
			"to": [ 3, 4, 9 ],
			"faces": {
				"down": { "uv": [ 6.375, 5, 6.625, 5.5 ], "texture": "#goblet_atlas" },
				"up": { "uv": [ 6.375, 5, 6.625, 4.5 ], "texture": "#goblet_atlas" },
				"north": { "uv": [ 6.25, 2.5, 6, 3 ], "texture": "#goblet_atlas" },
				"south": { "uv": [ 6.375, 0, 6.625, 0.5 ], "texture": "#goblet_atlas" },
				"west": { "uv": [ 7.875, 10.75, 8.125, 11.25 ], "texture": "#goblet_atlas" },
				"east": { "uv": [ 7.25, 6.25, 7, 6.75 ], "texture": "#goblet_atlas" }
			}
		},
		{
			"__comment": "Voxels",
			"from": [ 1, 4, 7 ],
			"to": [ 2, 5, 9 ],
			"faces": {
				"up": { "uv": [ 7.375, 0.5, 7.5, 0 ], "texture": "#goblet_atlas" },
				"north": { "uv": [ 8.5, 2.75, 8.375, 3 ], "texture": "#goblet_atlas" },
				"south": { "uv": [ 15.875, 14.5, 16, 14.75 ], "texture": "#goblet_atlas" },
				"west": { "uv": [ 7.875, 10.25, 8.125, 10.5 ], "texture": "#goblet_atlas" },
				"east": { "uv": [ 8.125, 10, 7.875, 10.25 ], "texture": "#goblet_atlas" }
			}
		},
		{
			"__comment": "Voxels",
			"from": [ 1, 8, 7 ],
			"to": [ 6, 9, 9 ],
			"faces": {
				"down": { "uv": [ 4.375, 1.5, 5, 2 ], "texture": "#goblet_atlas" },
				"up": { "uv": [ 5.375, 2.25, 6, 1.75 ], "texture": "#goblet_atlas" },
				"north": { "uv": [ 5, 1.25, 4.375, 1.5 ], "texture": "#goblet_atlas" },
				"south": { "uv": [ 4.375, 0, 5, 0.25 ], "texture": "#goblet_atlas" },
				"east": { "uv": [ 16, 15, 15.75, 15.25 ], "texture": "#goblet_atlas" }
			}
		},
		{
			"__comment": "Voxels",
			"from": [ 1, 9, 7 ],
			"to": [ 5, 10, 9 ],
			"faces": {
				"up": { "uv": [ 6.125, 8.5, 6.625, 8 ], "texture": "#goblet_atlas" },
				"north": { "uv": [ 8.125, 6.25, 7.625, 6.5 ], "texture": "#goblet_atlas" },
				"south": { "uv": [ 7.375, 1.75, 7.875, 2 ], "texture": "#goblet_atlas" },
				"east": { "uv": [ 8.5, 2.25, 8.25, 2.5 ], "texture": "#goblet_atlas" }
			}
		},
		{
			"__comment": "Voxels",
			"from": [ 1, 12, 6 ],
			"to": [ 4, 16, 7 ],
			"faces": {
				"down": { "uv": [ 13, 14.75, 13.375, 15 ], "texture": "#goblet_atlas" },
				"up": { "uv": [ 13.375, 15, 13.75, 14.75 ], "texture": "#goblet_atlas", "cullface": "up" },
				"north": { "uv": [ 6, 8.5, 5.625, 9.5 ], "texture": "#goblet_atlas" },
				"west": { "uv": [ 5.875, 2.5, 6, 3.5 ], "texture": "#goblet_atlas" },
				"east": { "uv": [ 6.75, 0, 6.625, 1 ], "texture": "#goblet_atlas" }
			}
		},
		{
			"__comment": "Voxels",
			"from": [ 1, 12, 9 ],
			"to": [ 4, 16, 10 ],
			"faces": {
				"down": { "uv": [ 13.75, 14.75, 14.125, 15 ], "texture": "#goblet_atlas" },
				"up": { "uv": [ 14.125, 15, 14.5, 14.75 ], "texture": "#goblet_atlas", "cullface": "up" },
				"south": { "uv": [ 5.75, 5.5, 6.125, 6.5 ], "texture": "#goblet_atlas" },
				"west": { "uv": [ 7.25, 0.5, 7.375, 1.5 ], "texture": "#goblet_atlas" },
				"east": { "uv": [ 7.5, 0.5, 7.375, 1.5 ], "texture": "#goblet_atlas" }
			}
		},
		{
			"__comment": "Voxels",
			"from": [ 1, 13, 5 ],
			"to": [ 5, 16, 6 ],
			"faces": {
				"down": { "uv": [ 7.625, 8.5, 8.125, 8.75 ], "texture": "#goblet_atlas" },
				"up": { "uv": [ 7.375, 1.75, 7.875, 1.5 ], "texture": "#goblet_atlas", "cullface": "up" },
				"north": { "uv": [ 3.25, 4.5, 2.75, 5.25 ], "texture": "#goblet_atlas" },
				"south": { "uv": [ 2.75, 3.75, 3.25, 4.5 ], "texture": "#goblet_atlas" },
				"west": { "uv": [ 8.25, 11, 8.375, 11.75 ], "texture": "#goblet_atlas" },
				"east": { "uv": [ 8.5, 11, 8.375, 11.75 ], "texture": "#goblet_atlas" }
			}
		},
		{
			"__comment": "Voxels",
			"from": [ 1, 13, 10 ],
			"to": [ 5, 16, 11 ],
			"faces": {
				"down": { "uv": [ 7.5, 0.75, 8, 1 ], "texture": "#goblet_atlas" },
				"up": { "uv": [ 7.5, 0.75, 8, 0.5 ], "texture": "#goblet_atlas", "cullface": "up" },
				"north": { "uv": [ 3.125, 2, 2.625, 2.75 ], "texture": "#goblet_atlas" },
				"south": { "uv": [ 4.5, 4, 5, 4.75 ], "texture": "#goblet_atlas" },
				"west": { "uv": [ 8.25, 10.25, 8.375, 11 ], "texture": "#goblet_atlas" },
				"east": { "uv": [ 3.25, 2, 3.125, 2.75 ], "texture": "#goblet_atlas" }
			}
		},
		{
			"__comment": "Voxels",
			"from": [ 2, -3, 2 ],
			"to": [ 14, -1, 5 ],
			"faces": {
				"down": { "uv": [ 0, 2.75, 1.5, 3.5 ], "texture": "#goblet_atlas", "cullface": "down" },
				"up": { "uv": [ 1.5, 13, 3, 12.25 ], "texture": "#goblet_atlas", "cullface": "down" },
				"north": { "uv": [ 3, 0.25, 1.5, 0.75 ], "texture": "#goblet_atlas", "cullface": "down" },
				"south": { "uv": [ 3.5, 15.5, 5, 16 ], "texture": "#goblet_atlas", "cullface": "down" },
				"west": { "uv": [ 7.5, 5.25, 7.875, 5.75 ], "texture": "#goblet_atlas", "cullface": "down" },
				"east": { "uv": [ 7.875, 4.75, 7.5, 5.25 ], "texture": "#goblet_atlas", "cullface": "down" }
			}
		},
		{
			"__comment": "Voxels",
			"from": [ 2, -3, 5 ],
			"to": [ 14, -2, 14 ],
			"faces": {
				"down": { "uv": [ 0, 11.5, 1.5, 13.75 ], "texture": "#goblet_atlas", "cullface": "down" },
				"up": { "uv": [ 0, 16, 1.5, 13.75 ], "texture": "#goblet_atlas", "cullface": "down" },
				"south": { "uv": [ 6.625, 14.75, 8.125, 15 ], "texture": "#goblet_atlas", "cullface": "down" },
				"west": { "uv": [ 6.625, 9.25, 7.75, 9.5 ], "texture": "#goblet_atlas", "cullface": "down" },
				"east": { "uv": [ 7.75, 9.5, 6.625, 9.75 ], "texture": "#goblet_atlas", "cullface": "down" }
			}
		},
		{
			"__comment": "Voxels",
			"from": [ 2, -2, 11 ],
			"to": [ 14, -1, 14 ],
			"faces": {
				"up": { "uv": [ 1.5, 12.25, 3, 11.5 ], "texture": "#goblet_atlas", "cullface": "down" },
				"south": { "uv": [ 6.625, 14.5, 8.125, 14.75 ], "texture": "#goblet_atlas", "cullface": "down" },
				"west": { "uv": [ 14.5, 14.75, 14.875, 15 ], "texture": "#goblet_atlas", "cullface": "down" },
				"east": { "uv": [ 15.25, 14.75, 14.875, 15 ], "texture": "#goblet_atlas", "cullface": "down" }
			}
		},
		{
			"__comment": "Voxels",
			"from": [ 2, -1, 5 ],
			"to": [ 14, 0, 7 ],
			"faces": {
				"up": { "uv": [ 3.5, 8, 5, 7.5 ], "texture": "#goblet_atlas", "cullface": "down" },
				"north": { "uv": [ 15.125, 15.75, 13.625, 16 ], "texture": "#goblet_atlas", "cullface": "down" },
				"west": { "uv": [ 8.25, 2, 8.5, 2.25 ], "texture": "#goblet_atlas", "cullface": "down" },
				"east": { "uv": [ 8.5, 1.75, 8.25, 2 ], "texture": "#goblet_atlas", "cullface": "down" }
			}
		},
		{
			"__comment": "Voxels",
			"from": [ 2, -1, 9 ],
			"to": [ 14, 0, 11 ],
			"faces": {
				"up": { "uv": [ 3.5, 11.5, 5, 11 ], "texture": "#goblet_atlas", "cullface": "down" },
				"south": { "uv": [ 6.625, 15, 8.125, 15.25 ], "texture": "#goblet_atlas", "cullface": "down" },
				"west": { "uv": [ 8.25, 1.5, 8.5, 1.75 ], "texture": "#goblet_atlas", "cullface": "down" },
				"east": { "uv": [ 8.5, 1.25, 8.25, 1.5 ], "texture": "#goblet_atlas", "cullface": "down" }
			}
		},
		{
			"__comment": "Voxels",
			"from": [ 2, 0, 7 ],
			"to": [ 14, 2, 9 ],
			"faces": {
				"up": { "uv": [ 3.5, 15, 5, 14.5 ], "texture": "#goblet_atlas" },
				"north": { "uv": [ 5, 15, 3.5, 15.5 ], "texture": "#goblet_atlas" },
				"south": { "uv": [ 3.5, 5.5, 5, 6 ], "texture": "#goblet_atlas" },
				"west": { "uv": [ 9.25, 15.25, 9.5, 15.75 ], "texture": "#goblet_atlas" },
				"east": { "uv": [ 9.75, 15.25, 9.5, 15.75 ], "texture": "#goblet_atlas" }
			}
		},
		{
			"__comment": "Voxels",
			"from": [ 2, 9, 2 ],
			"to": [ 14, 10, 5 ],
			"faces": {
				"down": { "uv": [ 1.5, 10, 3, 10.75 ], "texture": "#goblet_atlas" },
				"up": { "uv": [ 1.5, 10, 3, 9.25 ], "texture": "#goblet_atlas" },
				"north": { "uv": [ 8.125, 14.25, 6.625, 14.5 ], "texture": "#goblet_atlas" },
				"south": { "uv": [ 6.625, 14, 8.125, 14.25 ], "texture": "#goblet_atlas" },
				"west": { "uv": [ 8.875, 14.5, 9.25, 14.75 ], "texture": "#goblet_atlas" },
				"east": { "uv": [ 9.625, 14.5, 9.25, 14.75 ], "texture": "#goblet_atlas" }
			}
		},
		{
			"__comment": "Voxels",
			"from": [ 2, 9, 5 ],
			"to": [ 5, 13, 6 ],
			"faces": {
				"down": { "uv": [ 9.625, 14.5, 10, 14.75 ], "texture": "#goblet_atlas" },
				"north": { "uv": [ 6, 3.5, 5.625, 4.5 ], "texture": "#goblet_atlas" },
				"south": { "uv": [ 5, 0, 5.375, 1 ], "texture": "#goblet_atlas" },
				"west": { "uv": [ 8.125, 9.75, 8.25, 10.75 ], "texture": "#goblet_atlas" },
				"east": { "uv": [ 8.25, 8.75, 8.125, 9.75 ], "texture": "#goblet_atlas" }
			}
		},
		{
			"__comment": "Voxels",
			"from": [ 2, 9, 6 ],
			"to": [ 5, 10, 7 ],
			"faces": {
				"down": { "uv": [ 10.375, 14.5, 10.75, 14.75 ], "texture": "#goblet_atlas" },
				"up": { "uv": [ 10.75, 14.75, 11.125, 14.5 ], "texture": "#goblet_atlas" },
				"west": { "uv": [ 8.625, 5.75, 8.75, 6 ], "texture": "#goblet_atlas" },
				"east": { "uv": [ 8.75, 7.5, 8.625, 7.75 ], "texture": "#goblet_atlas" }
			}
		},
		{
			"__comment": "Voxels",
			"from": [ 2, 9, 9 ],
			"to": [ 5, 10, 14 ],
			"faces": {
				"down": { "uv": [ 5, 8.25, 5.375, 9.5 ], "texture": "#goblet_atlas" },
				"up": { "uv": [ 5, 8.25, 5.375, 7 ], "texture": "#goblet_atlas" },
				"south": { "uv": [ 13.375, 14.5, 13.75, 14.75 ], "texture": "#goblet_atlas" },
				"west": { "uv": [ 7.5, 2.25, 8.125, 2.5 ], "texture": "#goblet_atlas" },
				"east": { "uv": [ 7.5, 2, 6.875, 2.25 ], "texture": "#goblet_atlas" }
			}
		},
		{
			"__comment": "Voxels",
			"from": [ 2, 10, 4 ],
			"to": [ 6, 16, 5 ],
			"faces": {
				"up": { "uv": [ 7.625, 8.5, 8.125, 8.25 ], "texture": "#goblet_atlas", "cullface": "up" },
				"north": { "uv": [ 4, 8, 3.5, 9.5 ], "texture": "#goblet_atlas" },
				"south": { "uv": [ 3.5, 9.5, 4, 11 ], "texture": "#goblet_atlas" },
				"west": { "uv": [ 6.875, 4.75, 7, 6.25 ], "texture": "#goblet_atlas" },
				"east": { "uv": [ 7.125, 4.75, 7, 6.25 ], "texture": "#goblet_atlas" }
			}
		},
		{
			"__comment": "Voxels",
			"from": [ 2, 10, 6 ],
			"to": [ 4, 12, 7 ],
			"faces": {
				"west": { "uv": [ 8.375, 0.75, 8.5, 1.25 ], "texture": "#goblet_atlas" },
				"east": { "uv": [ 8.125, 0, 8, 0.5 ], "texture": "#goblet_atlas" }
			}
		},
		{
			"__comment": "Voxels",
			"from": [ 2, 10, 9 ],
			"to": [ 4, 12, 12 ],
			"faces": {
				"up": { "uv": [ 7, 7.5, 7.25, 6.75 ], "texture": "#goblet_atlas" },
				"south": { "uv": [ 6.375, 13.5, 6.625, 14 ], "texture": "#goblet_atlas" },
				"west": { "uv": [ 7.25, 7, 7.625, 7.5 ], "texture": "#goblet_atlas" },
				"east": { "uv": [ 7.625, 6.5, 7.25, 7 ], "texture": "#goblet_atlas" }
			}
		},
		{
			"__comment": "Voxels",
			"from": [ 2, 12, 10 ],
			"to": [ 5, 13, 12 ],
			"faces": {
				"down": { "uv": [ 7.625, 7, 8, 7.5 ], "texture": "#goblet_atlas" },
				"up": { "uv": [ 7.625, 7, 8, 6.5 ], "texture": "#goblet_atlas" },
				"north": { "uv": [ 12.25, 14.75, 11.875, 15 ], "texture": "#goblet_atlas" },
				"south": { "uv": [ 11.5, 14.75, 11.875, 15 ], "texture": "#goblet_atlas" },
				"west": { "uv": [ 8.625, 12.5, 8.875, 12.75 ], "texture": "#goblet_atlas" },
				"east": { "uv": [ 8.875, 12.75, 8.625, 13 ], "texture": "#goblet_atlas" }
			}
		},
		{
			"__comment": "Voxels",
			"from": [ 2, 13, 11 ],
			"to": [ 6, 16, 12 ],
			"faces": {
				"down": { "uv": [ 12.75, 15, 13.25, 15.25 ], "texture": "#goblet_atlas" },
				"up": { "uv": [ 12.25, 15.25, 12.75, 15 ], "texture": "#goblet_atlas", "cullface": "up" },
				"north": { "uv": [ 3.125, 1.25, 2.625, 2 ], "texture": "#goblet_atlas" },
				"south": { "uv": [ 4.5, 4.75, 5, 5.5 ], "texture": "#goblet_atlas" },
				"west": { "uv": [ 8.25, 11.75, 8.375, 12.5 ], "texture": "#goblet_atlas" },
				"east": { "uv": [ 8.5, 11.75, 8.375, 12.5 ], "texture": "#goblet_atlas" }
			}
		},
		{
			"__comment": "Voxels",
			"from": [ 2, 14, 2 ],
			"to": [ 14, 16, 4 ],
			"faces": {
				"down": { "uv": [ 3.5, 6.5, 5, 7 ], "texture": "#goblet_atlas" },
				"up": { "uv": [ 3.5, 12, 5, 11.5 ], "texture": "#goblet_atlas", "cullface": "up" },
				"north": { "uv": [ 5, 12, 3.5, 12.5 ], "texture": "#goblet_atlas" },
				"south": { "uv": [ 3.5, 12.5, 5, 13 ], "texture": "#goblet_atlas" },
				"west": { "uv": [ 14, 15.25, 14.25, 15.75 ], "texture": "#goblet_atlas" },
				"east": { "uv": [ 14, 15.25, 13.75, 15.75 ], "texture": "#goblet_atlas" }
			}
		},
		{
			"__comment": "Voxels",
			"from": [ 2, 14, 12 ],
			"to": [ 14, 16, 14 ],
			"faces": {
				"down": { "uv": [ 3.5, 13.5, 5, 14 ], "texture": "#goblet_atlas" },
				"up": { "uv": [ 3.5, 14.5, 5, 14 ], "texture": "#goblet_atlas", "cullface": "up" },
				"north": { "uv": [ 3, 0.75, 1.5, 1.25 ], "texture": "#goblet_atlas" },
				"south": { "uv": [ 3.5, 2, 5, 2.5 ], "texture": "#goblet_atlas" },
				"west": { "uv": [ 13.5, 15.25, 13.75, 15.75 ], "texture": "#goblet_atlas" },
				"east": { "uv": [ 13.5, 15.25, 13.25, 15.75 ], "texture": "#goblet_atlas" }
			}
		},
		{
			"__comment": "Voxels",
			"from": [ 3, -1, 3 ],
			"to": [ 13, 0, 5 ],
			"faces": {
				"up": { "uv": [ 5.375, 15.5, 6.625, 15 ], "texture": "#goblet_atlas", "cullface": "down" },
				"north": { "uv": [ 7.875, 10, 6.625, 10.25 ], "texture": "#goblet_atlas", "cullface": "down" },
				"west": { "uv": [ 12.875, 14.25, 13.125, 14.5 ], "texture": "#goblet_atlas", "cullface": "down" },
				"east": { "uv": [ 8.5, 0.5, 8.25, 0.75 ], "texture": "#goblet_atlas", "cullface": "down" }
			}
		},
		{
			"__comment": "Voxels",
			"from": [ 3, -1, 11 ],
			"to": [ 13, 0, 13 ],
			"faces": {
				"up": { "uv": [ 5.375, 16, 6.625, 15.5 ], "texture": "#goblet_atlas", "cullface": "down" },
				"south": { "uv": [ 6.875, 13.25, 8.125, 13.5 ], "texture": "#goblet_atlas", "cullface": "down" },
				"west": { "uv": [ 8.625, 10, 8.875, 10.25 ], "texture": "#goblet_atlas", "cullface": "down" },
				"east": { "uv": [ 8.875, 10.75, 8.625, 11 ], "texture": "#goblet_atlas", "cullface": "down" }
			}
		},
		{
			"__comment": "Voxels",
			"from": [ 3, 8, 3 ],
			"to": [ 13, 9, 6 ],
			"faces": {
				"down": { "uv": [ 1.5, 4.5, 2.75, 5.25 ], "texture": "#goblet_atlas" },
				"up": { "uv": [ 1.5, 4.5, 2.75, 3.75 ], "texture": "#goblet_atlas" },
				"north": { "uv": [ 7.875, 10.5, 6.625, 10.75 ], "texture": "#goblet_atlas" },
				"south": { "uv": [ 5.375, 1, 6.625, 1.25 ], "texture": "#goblet_atlas" },
				"west": { "uv": [ 10.375, 14.75, 10.75, 15 ], "texture": "#goblet_atlas" },
				"east": { "uv": [ 10.375, 14.75, 10, 15 ], "texture": "#goblet_atlas" }
			}
		},
		{
			"__comment": "Voxels",
			"from": [ 3, 8, 6 ],
			"to": [ 6, 9, 7 ],
			"faces": {
				"down": { "uv": [ 11.875, 14.5, 12.25, 14.75 ], "texture": "#goblet_atlas" },
				"up": { "uv": [ 8.5, 14.75, 8.875, 14.5 ], "texture": "#goblet_atlas" },
				"west": { "uv": [ 8.5, 1, 8.625, 1.25 ], "texture": "#goblet_atlas" },
				"east": { "uv": [ 8.625, 1.25, 8.5, 1.5 ], "texture": "#goblet_atlas" }
			}
		},
		{
			"__comment": "Voxels",
			"from": [ 3, 8, 9 ],
			"to": [ 6, 9, 13 ],
			"faces": {
				"down": { "uv": [ 5.75, 10, 6.125, 11 ], "texture": "#goblet_atlas" },
				"up": { "uv": [ 5.375, 11, 5.75, 10 ], "texture": "#goblet_atlas" },
				"south": { "uv": [ 14.125, 14.5, 14.5, 14.75 ], "texture": "#goblet_atlas" },
				"west": { "uv": [ 8.75, 15, 9.25, 15.25 ], "texture": "#goblet_atlas" },
				"east": { "uv": [ 8.75, 15, 8.25, 15.25 ], "texture": "#goblet_atlas" }
			}
		},
		{
			"__comment": "Voxels",
			"from": [ 3, 10, 3 ],
			"to": [ 13, 14, 4 ],
			"faces": {
				"north": { "uv": [ 1.25, 5.5, 0, 6.5 ], "texture": "#goblet_atlas" },
				"south": { "uv": [ 0, 6.5, 1.25, 7.5 ], "texture": "#goblet_atlas" },
				"west": { "uv": [ 8.125, 0.75, 8.25, 1.75 ], "texture": "#goblet_atlas" },
				"east": { "uv": [ 8.25, 1.75, 8.125, 2.75 ], "texture": "#goblet_atlas" }
			}
		},
		{
			"__comment": "Voxels",
			"from": [ 3, 10, 12 ],
			"to": [ 13, 14, 13 ],
			"faces": {
				"down": { "uv": [ 5.375, 1.5, 6.625, 1.75 ], "texture": "#goblet_atlas" },
				"north": { "uv": [ 1.25, 3.5, 0, 4.5 ], "texture": "#goblet_atlas" },
				"south": { "uv": [ 0, 4.5, 1.25, 5.5 ], "texture": "#goblet_atlas" },
				"west": { "uv": [ 8.125, 4.75, 8.25, 5.75 ], "texture": "#goblet_atlas" },
				"east": { "uv": [ 8.25, 5.75, 8.125, 6.75 ], "texture": "#goblet_atlas" }
			}
		},
		{
			"__comment": "Voxels",
			"from": [ 4, 0, 4 ],
			"to": [ 12, 2, 7 ],
			"faces": {
				"down": { "uv": [ 3.5, 4, 4.5, 4.75 ], "texture": "#goblet_atlas", "cullface": "down" },
				"up": { "uv": [ 3.5, 4, 4.5, 3.25 ], "texture": "#goblet_atlas" },
				"north": { "uv": [ 6.375, 12.5, 5.375, 13 ], "texture": "#goblet_atlas" },
				"west": { "uv": [ 7.125, 5.75, 7.5, 6.25 ], "texture": "#goblet_atlas" },
				"east": { "uv": [ 7.5, 5.25, 7.125, 5.75 ], "texture": "#goblet_atlas" }
			}
		},
		{
			"__comment": "Voxels",
			"from": [ 4, 0, 9 ],
			"to": [ 12, 2, 12 ],
			"faces": {
				"down": { "uv": [ 3.5, 2.5, 4.5, 3.25 ], "texture": "#goblet_atlas", "cullface": "down" },
				"up": { "uv": [ 3.5, 5.5, 4.5, 4.75 ], "texture": "#goblet_atlas" },
				"south": { "uv": [ 5.375, 13, 6.375, 13.5 ], "texture": "#goblet_atlas" },
				"west": { "uv": [ 7.125, 4.75, 7.5, 5.25 ], "texture": "#goblet_atlas" },
				"east": { "uv": [ 7.875, 5.75, 7.5, 6.25 ], "texture": "#goblet_atlas" }
			}
		},
		{
			"__comment": "Voxels",
			"from": [ 4, 7, 4 ],
			"to": [ 12, 8, 12 ],
			"faces": {
				"down": { "uv": [ 0, 9.5, 1, 11.5 ], "texture": "#goblet_atlas" },
				"up": { "uv": [ 0, 9.5, 1, 7.5 ], "texture": "#goblet_atlas" },
				"north": { "uv": [ 7.625, 8.5, 6.625, 8.75 ], "texture": "#goblet_atlas" },
				"south": { "uv": [ 7.125, 12, 8.125, 12.25 ], "texture": "#goblet_atlas" },
				"west": { "uv": [ 6.625, 8.25, 7.625, 8.5 ], "texture": "#goblet_atlas" },
				"east": { "uv": [ 7.625, 8, 6.625, 8.25 ], "texture": "#goblet_atlas" }
			}
		},
		{
			"__comment": "Voxels",
			"from": [ 4, 10, 2 ],
			"to": [ 12, 14, 3 ],
			"faces": {
				"north": { "uv": [ 2.5, 6.25, 1.5, 7.25 ], "texture": "#goblet_atlas" },
				"west": { "uv": [ 8.125, 6.75, 8.25, 7.75 ], "texture": "#goblet_atlas" },
				"east": { "uv": [ 8.25, 7.75, 8.125, 8.75 ], "texture": "#goblet_atlas" }
			}
		},
		{
			"__comment": "Voxels",
			"from": [ 4, 10, 10 ],
			"to": [ 5, 12, 12 ],
			"faces": {
				"north": { "uv": [ 8.625, 10.5, 8.5, 11 ], "texture": "#goblet_atlas" },
				"east": { "uv": [ 6.625, 9.5, 6.375, 10 ], "texture": "#goblet_atlas" }
			}
		},
		{
			"__comment": "Voxels",
			"from": [ 4, 10, 13 ],
			"to": [ 12, 14, 14 ],
			"faces": {
				"down": { "uv": [ 7.125, 12.5, 8.125, 12.75 ], "texture": "#goblet_atlas" },
				"south": { "uv": [ 1.5, 5.25, 2.5, 6.25 ], "texture": "#goblet_atlas" },
				"west": { "uv": [ 8.375, 13.5, 8.5, 14.5 ], "texture": "#goblet_atlas" },
				"east": { "uv": [ 8.375, 13.5, 8.25, 14.5 ], "texture": "#goblet_atlas" }
			}
		},
		{
			"__comment": "Voxels",
			"from": [ 5, -2, 1 ],
			"to": [ 11, -1, 2 ],
			"faces": {
				"down": { "uv": [ 6.625, 4.5, 7.375, 4.75 ], "texture": "#goblet_atlas", "cullface": "down" },
				"up": { "uv": [ 7.375, 4.75, 8.125, 4.5 ], "texture": "#goblet_atlas", "cullface": "down" },
				"north": { "uv": [ 7.375, 4.25, 6.625, 4.5 ], "texture": "#goblet_atlas", "cullface": "down" },
				"west": { "uv": [ 8.625, 8.25, 8.75, 8.5 ], "texture": "#goblet_atlas", "cullface": "down" },
				"east": { "uv": [ 8.875, 6, 8.75, 6.25 ], "texture": "#goblet_atlas", "cullface": "down" }
			}
		},
		{
			"__comment": "Voxels",
			"from": [ 5, -2, 14 ],
			"to": [ 11, -1, 15 ],
			"faces": {
				"down": { "uv": [ 6.625, 4, 7.375, 4.25 ], "texture": "#goblet_atlas", "cullface": "down" },
				"up": { "uv": [ 7.375, 4.25, 8.125, 4 ], "texture": "#goblet_atlas", "cullface": "down" },
				"south": { "uv": [ 7.375, 3.75, 8.125, 4 ], "texture": "#goblet_atlas", "cullface": "down" },
				"west": { "uv": [ 8.75, 8.5, 8.875, 8.75 ], "texture": "#goblet_atlas", "cullface": "down" },
				"east": { "uv": [ 8.75, 8.5, 8.625, 8.75 ], "texture": "#goblet_atlas", "cullface": "down" }
			}
		},
		{
			"__comment": "Voxels",
			"from": [ 5, -1, 2 ],
			"to": [ 11, 0, 3 ],
			"faces": {
				"up": { "uv": [ 7.375, 3.75, 8.125, 3.5 ], "texture": "#goblet_atlas", "cullface": "down" },
				"north": { "uv": [ 7.375, 3.25, 6.625, 3.5 ], "texture": "#goblet_atlas", "cullface": "down" },
				"west": { "uv": [ 8.5, 1.5, 8.625, 1.75 ], "texture": "#goblet_atlas", "cullface": "down" },
				"east": { "uv": [ 8.625, 1.75, 8.5, 2 ], "texture": "#goblet_atlas", "cullface": "down" }
			}
		},
		{
			"__comment": "Voxels",
			"from": [ 5, -1, 13 ],
			"to": [ 11, 0, 14 ],
			"faces": {
				"up": { "uv": [ 6.625, 3, 7.375, 2.75 ], "texture": "#goblet_atlas", "cullface": "down" },
				"south": { "uv": [ 6.625, 2.5, 7.375, 2.75 ], "texture": "#goblet_atlas", "cullface": "down" },
				"west": { "uv": [ 8.5, 2, 8.625, 2.25 ], "texture": "#goblet_atlas", "cullface": "down" },
				"east": { "uv": [ 8.625, 2.25, 8.5, 2.5 ], "texture": "#goblet_atlas", "cullface": "down" }
			}
		},
		{
			"__comment": "Voxels",
			"from": [ 5, 2, 5 ],
			"to": [ 11, 3, 11 ],
			"faces": {
				"down": { "uv": [ 0.75, 1.25, 1.5, 2.75 ], "texture": "#goblet_atlas" },
				"up": { "uv": [ 0, 2.75, 0.75, 1.25 ], "texture": "#goblet_atlas" },
				"north": { "uv": [ 8.125, 2.5, 7.375, 2.75 ], "texture": "#goblet_atlas" },
				"south": { "uv": [ 6.625, 3, 7.375, 3.25 ], "texture": "#goblet_atlas" },
				"west": { "uv": [ 6.75, 2.25, 7.5, 2.5 ], "texture": "#goblet_atlas" },
				"east": { "uv": [ 0.75, 0, 0, 0.25 ], "texture": "#goblet_atlas" }
			}
		},
		{
			"__comment": "Voxels",
			"from": [ 5, 3, 7 ],
			"to": [ 11, 7, 9 ],
			"faces": {
				"north": { "uv": [ 0.75, 0.25, 0, 1.25 ], "texture": "#goblet_atlas" },
				"south": { "uv": [ 0.75, 0.25, 1.5, 1.25 ], "texture": "#goblet_atlas" },
				"west": { "uv": [ 1.25, 5.5, 1.5, 6.5 ], "texture": "#goblet_atlas" },
				"east": { "uv": [ 1.5, 6.5, 1.25, 7.5 ], "texture": "#goblet_atlas" }
			}
		},
		{
			"__comment": "Voxels",
			"from": [ 5, 5, 5 ],
			"to": [ 11, 7, 7 ],
			"faces": {
				"down": { "uv": [ 5.375, 6.5, 6.125, 7 ], "texture": "#goblet_atlas" },
				"north": { "uv": [ 6.375, 9.5, 5.625, 10 ], "texture": "#goblet_atlas" },
				"west": { "uv": [ 8.25, 13, 8.5, 13.5 ], "texture": "#goblet_atlas" },
				"east": { "uv": [ 8.5, 12.5, 8.25, 13 ], "texture": "#goblet_atlas" }
			}
		},
		{
			"__comment": "Voxels",
			"from": [ 5, 5, 9 ],
			"to": [ 11, 7, 11 ],
			"faces": {
				"down": { "uv": [ 5.875, 12, 6.625, 12.5 ], "texture": "#goblet_atlas" },
				"south": { "uv": [ 5.625, 5, 6.375, 5.5 ], "texture": "#goblet_atlas" },
				"west": { "uv": [ 9.75, 15.25, 10, 15.75 ], "texture": "#goblet_atlas" },
				"east": { "uv": [ 11.25, 15.25, 11, 15.75 ], "texture": "#goblet_atlas" }
			}
		},
		{
			"__comment": "Voxels",
			"from": [ 5, 9, 11 ],
			"to": [ 14, 10, 14 ],
			"faces": {
				"down": { "uv": [ 1.5, 1.25, 2.625, 2 ], "texture": "#goblet_atlas" },
				"up": { "uv": [ 1.5, 2.75, 2.625, 2 ], "texture": "#goblet_atlas" },
				"north": { "uv": [ 7.75, 8.75, 6.625, 9 ], "texture": "#goblet_atlas" },
				"south": { "uv": [ 6.625, 9, 7.75, 9.25 ], "texture": "#goblet_atlas" },
				"east": { "uv": [ 13.375, 14.5, 13, 14.75 ], "texture": "#goblet_atlas" }
			}
		},
		{
			"__comment": "Voxels",
			"from": [ 5, 10, 11 ],
			"to": [ 6, 13, 12 ],
			"faces": {
				"north": { "uv": [ 8.375, 8.75, 8.25, 9.5 ], "texture": "#goblet_atlas" },
				"west": { "uv": [ 8.25, 8, 8.375, 8.75 ], "texture": "#goblet_atlas" },
				"east": { "uv": [ 8.5, 8, 8.375, 8.75 ], "texture": "#goblet_atlas" }
			}
		},
		{
			"__comment": "Voxels",
			"from": [ 5, 13, 1 ],
			"to": [ 11, 16, 2 ],
			"faces": {
				"down": { "uv": [ 0.75, 0, 1.5, 0.25 ], "texture": "#goblet_atlas" },
				"up": { "uv": [ 2.5, 8.5, 3.25, 8.25 ], "texture": "#goblet_atlas", "cullface": "up" },
				"north": { "uv": [ 3.25, 6.5, 2.5, 7.25 ], "texture": "#goblet_atlas" },
				"south": { "uv": [ 2.5, 8.5, 3.25, 9.25 ], "texture": "#goblet_atlas" },
				"west": { "uv": [ 8.375, 10.25, 8.5, 11 ], "texture": "#goblet_atlas" },
				"east": { "uv": [ 8.375, 6.5, 8.25, 7.25 ], "texture": "#goblet_atlas" }
			}
		},
		{
			"__comment": "Voxels",
			"from": [ 5, 13, 14 ],
			"to": [ 11, 16, 15 ],
			"faces": {
				"down": { "uv": [ 2.5, 7.25, 3.25, 7.5 ], "texture": "#goblet_atlas" },
				"up": { "uv": [ 2.5, 6.5, 3.25, 6.25 ], "texture": "#goblet_atlas", "cullface": "up" },
				"north": { "uv": [ 3.25, 7.5, 2.5, 8.25 ], "texture": "#goblet_atlas" },
				"south": { "uv": [ 2.5, 5.5, 3.25, 6.25 ], "texture": "#goblet_atlas" },
				"west": { "uv": [ 8.375, 5.75, 8.5, 6.5 ], "texture": "#goblet_atlas" },
				"east": { "uv": [ 8.375, 5, 8.25, 5.75 ], "texture": "#goblet_atlas" }
			}
		},
		{
			"__comment": "Voxels",
			"from": [ 6, 3, 6 ],
			"to": [ 10, 5, 7 ],
			"faces": {
				"north": { "uv": [ 6.625, 7, 6.125, 7.5 ], "texture": "#goblet_atlas" },
				"west": { "uv": [ 8.5, 12.5, 8.625, 13 ], "texture": "#goblet_atlas" },
				"east": { "uv": [ 8.625, 12, 8.5, 12.5 ], "texture": "#goblet_atlas" }
			}
		},
		{
			"__comment": "Voxels",
			"from": [ 6, 3, 9 ],
			"to": [ 10, 5, 10 ],
			"faces": {
				"south": { "uv": [ 1, 7.5, 1.5, 8 ], "texture": "#goblet_atlas" },
				"west": { "uv": [ 8.5, 11.5, 8.625, 12 ], "texture": "#goblet_atlas" },
				"east": { "uv": [ 8.625, 11, 8.5, 11.5 ], "texture": "#goblet_atlas" }
			}
		},
		{
			"__comment": "Voxels",
			"from": [ 6, 8, 10 ],
			"to": [ 13, 9, 13 ],
			"faces": {
				"down": { "uv": [ 3.5, 1.25, 4.375, 2 ], "texture": "#goblet_atlas" },
				"up": { "uv": [ 3.5, 1.25, 4.375, 0.5 ], "texture": "#goblet_atlas" },
				"north": { "uv": [ 16, 15.75, 15.125, 16 ], "texture": "#goblet_atlas" },
				"south": { "uv": [ 6.625, 7.75, 7.5, 8 ], "texture": "#goblet_atlas" },
				"east": { "uv": [ 8.125, 9, 7.75, 9.25 ], "texture": "#goblet_atlas" }
			}
		},
		{
			"__comment": "Voxels",
			"from": [ 6, 12, 1 ],
			"to": [ 10, 13, 2 ],
			"faces": {
				"down": { "uv": [ 14.25, 15, 14.75, 15.25 ], "texture": "#goblet_atlas" },
				"north": { "uv": [ 15.75, 15, 15.25, 15.25 ], "texture": "#goblet_atlas" },
				"west": { "uv": [ 8.5, 0.75, 8.625, 1 ], "texture": "#goblet_atlas" },
				"east": { "uv": [ 8.625, 0.5, 8.5, 0.75 ], "texture": "#goblet_atlas" }
			}
		},
		{
			"__comment": "Voxels",
			"from": [ 6, 12, 14 ],
			"to": [ 10, 13, 15 ],
			"faces": {
				"down": { "uv": [ 9, 14.75, 9.5, 15 ], "texture": "#goblet_atlas" },
				"south": { "uv": [ 4.5, 2.5, 5, 2.75 ], "texture": "#goblet_atlas" },
				"west": { "uv": [ 8.5, 0.25, 8.625, 0.5 ], "texture": "#goblet_atlas" },
				"east": { "uv": [ 8.625, 0, 8.5, 0.25 ], "texture": "#goblet_atlas" }
			}
		},
		{
			"__comment": "Voxels",
			"from": [ 7, -1, 1 ],
			"to": [ 9, 0, 2 ],
			"faces": {
				"up": { "uv": [ 8.625, 14.5, 8.875, 14.25 ], "texture": "#goblet_atlas", "cullface": "down" },
				"north": { "uv": [ 9.125, 14.25, 8.875, 14.5 ], "texture": "#goblet_atlas", "cullface": "down" },
				"west": { "uv": [ 15.875, 14.25, 16, 14.5 ], "texture": "#goblet_atlas", "cullface": "down" },
				"east": { "uv": [ 8.75, 6.25, 8.625, 6.5 ], "texture": "#goblet_atlas", "cullface": "down" }
			}
		},
		{
			"__comment": "Voxels",
			"from": [ 7, -1, 14 ],
			"to": [ 9, 0, 15 ],
			"faces": {
				"up": { "uv": [ 9.625, 14.5, 9.875, 14.25 ], "texture": "#goblet_atlas", "cullface": "down" },
				"south": { "uv": [ 10.125, 14.25, 10.375, 14.5 ], "texture": "#goblet_atlas", "cullface": "down" },
				"west": { "uv": [ 8.625, 8.75, 8.75, 9 ], "texture": "#goblet_atlas", "cullface": "down" },
				"east": { "uv": [ 8.875, 8.75, 8.75, 9 ], "texture": "#goblet_atlas", "cullface": "down" }
			}
		},
		{
			"__comment": "Voxels",
			"from": [ 7, 0, 2 ],
			"to": [ 9, 4, 3 ],
			"faces": {
				"up": { "uv": [ 10.625, 14.5, 10.875, 14.25 ], "texture": "#goblet_atlas" },
				"north": { "uv": [ 1.5, 4.5, 1.25, 5.5 ], "texture": "#goblet_atlas" },
				"south": { "uv": [ 1.25, 3.5, 1.5, 4.5 ], "texture": "#goblet_atlas" },
				"west": { "uv": [ 6.5, 10, 6.625, 11 ], "texture": "#goblet_atlas" },
				"east": { "uv": [ 6.625, 5.5, 6.5, 6.5 ], "texture": "#goblet_atlas" }
			}
		},
		{
			"__comment": "Voxels",
			"from": [ 7, 0, 3 ],
			"to": [ 9, 2, 4 ],
			"faces": {
				"up": { "uv": [ 11.125, 14.5, 11.375, 14.25 ], "texture": "#goblet_atlas" },
				"west": { "uv": [ 8.5, 7.5, 8.625, 8 ], "texture": "#goblet_atlas" },
				"east": { "uv": [ 8.625, 7, 8.5, 7.5 ], "texture": "#goblet_atlas" }
			}
		},
		{
			"__comment": "Voxels",
			"from": [ 7, 0, 12 ],
			"to": [ 9, 2, 14 ],
			"faces": {
				"down": { "uv": [ 7.5, 0, 7.75, 0.5 ], "texture": "#goblet_atlas", "cullface": "down" },
				"up": { "uv": [ 7.75, 0.5, 8, 0 ], "texture": "#goblet_atlas" },
				"south": { "uv": [ 8.5, 15.25, 8.75, 15.75 ], "texture": "#goblet_atlas" },
				"west": { "uv": [ 8.75, 15.25, 9, 15.75 ], "texture": "#goblet_atlas" },
				"east": { "uv": [ 9.25, 15.25, 9, 15.75 ], "texture": "#goblet_atlas" }
			}
		},
		{
			"__comment": "Voxels",
			"from": [ 7, 2, 1 ],
			"to": [ 9, 5, 2 ],
			"faces": {
				"down": { "uv": [ 11.375, 14.25, 11.625, 14.5 ], "texture": "#goblet_atlas" },
				"up": { "uv": [ 11.625, 14.5, 11.875, 14.25 ], "texture": "#goblet_atlas" },
				"north": { "uv": [ 3.25, 12.25, 3, 13 ], "texture": "#goblet_atlas" },
				"south": { "uv": [ 3, 11.5, 3.25, 12.25 ], "texture": "#goblet_atlas" },
				"west": { "uv": [ 8.375, 5, 8.5, 5.75 ], "texture": "#goblet_atlas" },
				"east": { "uv": [ 8.375, 9.5, 8.25, 10.25 ], "texture": "#goblet_atlas" }
			}
		},
		{
			"__comment": "Voxels",
			"from": [ 7, 2, 13 ],
			"to": [ 9, 4, 15 ],
			"faces": {
				"down": { "uv": [ 10.25, 15.25, 10.5, 15.75 ], "texture": "#goblet_atlas" },
				"up": { "uv": [ 10.5, 15.75, 10.75, 15.25 ], "texture": "#goblet_atlas" },
				"north": { "uv": [ 11, 15.25, 10.75, 15.75 ], "texture": "#goblet_atlas" },
				"south": { "uv": [ 11.25, 15.25, 11.5, 15.75 ], "texture": "#goblet_atlas" },
				"west": { "uv": [ 11.5, 15.25, 11.75, 15.75 ], "texture": "#goblet_atlas" },
				"east": { "uv": [ 12, 15.25, 11.75, 15.75 ], "texture": "#goblet_atlas" }
			}
		},
		{
			"__comment": "Voxels",
			"from": [ 7, 3, 5 ],
			"to": [ 9, 5, 6 ],
			"faces": {
				"north": { "uv": [ 12.25, 15.25, 12, 15.75 ], "texture": "#goblet_atlas" },
				"west": { "uv": [ 8.5, 13, 8.625, 13.5 ], "texture": "#goblet_atlas" },
				"east": { "uv": [ 8.375, 0, 8.25, 0.5 ], "texture": "#goblet_atlas" }
			}
		},
		{
			"__comment": "Voxels",
			"from": [ 7, 3, 10 ],
			"to": [ 9, 5, 11 ],
			"faces": {
				"south": { "uv": [ 13, 15.25, 13.25, 15.75 ], "texture": "#goblet_atlas" },
				"west": { "uv": [ 7.125, 0, 7.25, 0.5 ], "texture": "#goblet_atlas" },
				"east": { "uv": [ 8.125, 1, 8, 1.5 ], "texture": "#goblet_atlas" }
			}
		},
		{
			"__comment": "Voxels",
			"from": [ 7, 4, 14 ],
			"to": [ 9, 5, 15 ],
			"faces": {
				"up": { "uv": [ 13.625, 14.5, 13.875, 14.25 ], "texture": "#goblet_atlas" },
				"north": { "uv": [ 8.875, 14, 8.625, 14.25 ], "texture": "#goblet_atlas" },
				"south": { "uv": [ 8.625, 13.75, 8.875, 14 ], "texture": "#goblet_atlas" },
				"west": { "uv": [ 8.75, 7.5, 8.875, 7.75 ], "texture": "#goblet_atlas" },
				"east": { "uv": [ 8.75, 7.25, 8.625, 7.5 ], "texture": "#goblet_atlas" }
			}
		},
		{
			"__comment": "Voxels",
			"from": [ 7, 5, 0 ],
			"to": [ 9, 17, 1 ],
			"faces": {
				"down": { "uv": [ 12.375, 14.25, 12.625, 14.5 ], "texture": "#goblet_atlas", "cullface": "up" },
				"up": { "uv": [ 12.625, 14.5, 12.875, 14.25 ], "texture": "#goblet_atlas", "cullface": "up" },
				"north": { "uv": [ 3.5, 7, 3.25, 10 ], "texture": "#goblet_atlas", "cullface": "up" },
				"south": { "uv": [ 3.25, 4, 3.5, 7 ], "texture": "#goblet_atlas", "cullface": "up" },
				"west": { "uv": [ 5.375, 2.5, 5.5, 5.5 ], "texture": "#goblet_atlas", "cullface": "up" },
				"east": { "uv": [ 5.625, 2.5, 5.5, 5.5 ], "texture": "#goblet_atlas", "cullface": "up" }
			}
		},
		{
			"__comment": "Voxels",
			"from": [ 7, 5, 15 ],
			"to": [ 9, 17, 16 ],
			"faces": {
				"down": { "uv": [ 8.625, 9.75, 8.875, 10 ], "texture": "#goblet_atlas", "cullface": "up" },
				"up": { "uv": [ 6.875, 11, 7.125, 10.75 ], "texture": "#goblet_atlas", "cullface": "up" },
				"north": { "uv": [ 3.5, 10, 3.25, 13 ], "texture": "#goblet_atlas", "cullface": "up" },
				"south": { "uv": [ 3.25, 13, 3.5, 16 ], "texture": "#goblet_atlas", "cullface": "up" },
				"west": { "uv": [ 6.75, 10.75, 6.875, 13.75 ], "texture": "#goblet_atlas", "cullface": "up" },
				"east": { "uv": [ 6.75, 10.75, 6.625, 13.75 ], "texture": "#goblet_atlas", "cullface": "up" }
			}
		},
		{
			"__comment": "Voxels",
			"from": [ 7, 8, 1 ],
			"to": [ 9, 12, 2 ],
			"faces": {
				"down": { "uv": [ 8.625, 12, 8.875, 12.25 ], "texture": "#goblet_atlas" },
				"south": { "uv": [ 6.875, 11, 7.125, 12 ], "texture": "#goblet_atlas" },
				"west": { "uv": [ 8.125, 3.75, 8.25, 4.75 ], "texture": "#goblet_atlas" },
				"east": { "uv": [ 8.25, 2.75, 8.125, 3.75 ], "texture": "#goblet_atlas" }
			}
		},
		{
			"__comment": "Voxels",
			"from": [ 7, 8, 2 ],
			"to": [ 9, 9, 3 ],
			"faces": {
				"down": { "uv": [ 13.875, 14.25, 14.125, 14.5 ], "texture": "#goblet_atlas" },
				"west": { "uv": [ 8.75, 7.75, 8.875, 8 ], "texture": "#goblet_atlas" },
				"east": { "uv": [ 8.875, 6.75, 8.75, 7 ], "texture": "#goblet_atlas" }
			}
		},
		{
			"__comment": "Voxels",
			"from": [ 7, 8, 13 ],
			"to": [ 9, 9, 15 ],
			"faces": {
				"down": { "uv": [ 14.25, 15.25, 14.5, 15.75 ], "texture": "#goblet_atlas" },
				"up": { "uv": [ 14.5, 15.75, 14.75, 15.25 ], "texture": "#goblet_atlas" },
				"west": { "uv": [ 8.625, 13, 8.875, 13.25 ], "texture": "#goblet_atlas" },
				"east": { "uv": [ 8.875, 10.5, 8.625, 10.75 ], "texture": "#goblet_atlas" }
			}
		},
		{
			"__comment": "Voxels",
			"from": [ 7, 9, 14 ],
			"to": [ 9, 12, 15 ],
			"faces": {
				"north": { "uv": [ 3.25, 10.75, 3, 11.5 ], "texture": "#goblet_atlas" },
				"west": { "uv": [ 8.25, 7.25, 8.375, 8 ], "texture": "#goblet_atlas" },
				"east": { "uv": [ 8.5, 7.25, 8.375, 8 ], "texture": "#goblet_atlas" }
			}
		},
		{
			"__comment": "Voxels",
			"from": [ 7, 10, -1 ],
			"to": [ 9, 12, 0 ],
			"faces": {
				"down": { "uv": [ 8.625, 9.5, 8.875, 9.75 ], "texture": "#goblet_atlas", "cullface": "north" },
				"up": { "uv": [ 8.625, 9.5, 8.875, 9.25 ], "texture": "#goblet_atlas", "cullface": "north" },
				"north": { "uv": [ 15, 15.25, 14.75, 15.75 ], "texture": "#goblet_atlas", "cullface": "north" },
				"west": { "uv": [ 8.5, 6, 8.625, 6.5 ], "texture": "#goblet_atlas", "cullface": "north" },
				"east": { "uv": [ 8.625, 5.5, 8.5, 6 ], "texture": "#goblet_atlas", "cullface": "north" }
			}
		},
		{
			"__comment": "Voxels",
			"from": [ 7, 10, 16 ],
			"to": [ 9, 12, 17 ],
			"faces": {
				"down": { "uv": [ 11.875, 14.25, 12.125, 14.5 ], "texture": "#goblet_atlas", "cullface": "south" },
				"up": { "uv": [ 12.125, 14.5, 12.375, 14.25 ], "texture": "#goblet_atlas", "cullface": "south" },
				"south": { "uv": [ 8.25, 14.5, 8.5, 15 ], "texture": "#goblet_atlas", "cullface": "south" },
				"west": { "uv": [ 8.5, 5, 8.625, 5.5 ], "texture": "#goblet_atlas", "cullface": "south" },
				"east": { "uv": [ 8.625, 4.5, 8.5, 5 ], "texture": "#goblet_atlas", "cullface": "south" }
			}
		},
		{
			"__comment": "Voxels",
			"from": [ 10, 8, 6 ],
			"to": [ 13, 9, 10 ],
			"faces": {
				"down": { "uv": [ 5.375, 5.5, 5.75, 6.5 ], "texture": "#goblet_atlas" },
				"up": { "uv": [ 6, 9.5, 6.375, 8.5 ], "texture": "#goblet_atlas" },
				"west": { "uv": [ 10.25, 15, 10.75, 15.25 ], "texture": "#goblet_atlas" },
				"east": { "uv": [ 11.25, 15, 10.75, 15.25 ], "texture": "#goblet_atlas" }
			}
		},
		{
			"__comment": "Voxels",
			"from": [ 10, 10, 4 ],
			"to": [ 14, 16, 5 ],
			"faces": {
				"up": { "uv": [ 11.75, 15.25, 12.25, 15 ], "texture": "#goblet_atlas", "cullface": "up" },
				"north": { "uv": [ 4.5, 8, 4, 9.5 ], "texture": "#goblet_atlas" },
				"south": { "uv": [ 4, 9.5, 4.5, 11 ], "texture": "#goblet_atlas" },
				"west": { "uv": [ 6.625, 6.25, 6.75, 7.75 ], "texture": "#goblet_atlas" },
				"east": { "uv": [ 6.875, 6.25, 6.75, 7.75 ], "texture": "#goblet_atlas" }
			}
		},
		{
			"__comment": "Voxels",
			"from": [ 10, 10, 11 ],
			"to": [ 14, 16, 12 ],
			"faces": {
				"up": { "uv": [ 13.75, 15.25, 14.25, 15 ], "texture": "#goblet_atlas", "cullface": "up" },
				"north": { "uv": [ 5, 9.5, 4.5, 11 ], "texture": "#goblet_atlas" },
				"south": { "uv": [ 4.5, 8, 5, 9.5 ], "texture": "#goblet_atlas" },
				"west": { "uv": [ 6.875, 6.25, 7, 7.75 ], "texture": "#goblet_atlas" },
				"east": { "uv": [ 6.75, 4.75, 6.625, 6.25 ], "texture": "#goblet_atlas" }
			}
		},
		{
			"__comment": "Voxels",
			"from": [ 11, 9, 5 ],
			"to": [ 14, 16, 6 ],
			"faces": {
				"down": { "uv": [ 10.75, 14.75, 11.125, 15 ], "texture": "#goblet_atlas" },
				"up": { "uv": [ 11.125, 15, 11.5, 14.75 ], "texture": "#goblet_atlas", "cullface": "up" },
				"north": { "uv": [ 5.375, 12.5, 5, 14.25 ], "texture": "#goblet_atlas" },
				"south": { "uv": [ 5, 14.25, 5.375, 16 ], "texture": "#goblet_atlas" },
				"west": { "uv": [ 5.25, 1, 5.375, 2.75 ], "texture": "#goblet_atlas" },
				"east": { "uv": [ 5.375, 2.75, 5.25, 4.5 ], "texture": "#goblet_atlas" }
			}
		},
		{
			"__comment": "Voxels",
			"from": [ 11, 9, 6 ],
			"to": [ 14, 10, 11 ],
			"faces": {
				"down": { "uv": [ 5, 4.5, 5.375, 5.75 ], "texture": "#goblet_atlas" },
				"up": { "uv": [ 5, 7, 5.375, 5.75 ], "texture": "#goblet_atlas" },
				"west": { "uv": [ 7.5, 7.75, 8.125, 8 ], "texture": "#goblet_atlas" },
				"east": { "uv": [ 8.125, 2, 7.5, 2.25 ], "texture": "#goblet_atlas" }
			}
		},
		{
			"__comment": "Voxels",
			"from": [ 11, 10, 10 ],
			"to": [ 14, 16, 11 ],
			"faces": {
				"up": { "uv": [ 15.25, 15, 15.625, 14.75 ], "texture": "#goblet_atlas", "cullface": "up" },
				"north": { "uv": [ 5.375, 9.5, 5, 11 ], "texture": "#goblet_atlas" },
				"west": { "uv": [ 6.75, 4.75, 6.875, 6.25 ], "texture": "#goblet_atlas" },
				"east": { "uv": [ 6.75, 1, 6.625, 2.5 ], "texture": "#goblet_atlas" }
			}
		},
		{
			"__comment": "Voxels",
			"from": [ 12, 10, 6 ],
			"to": [ 14, 16, 10 ],
			"faces": {
				"up": { "uv": [ 7.375, 12, 7.625, 11 ], "texture": "#goblet_atlas", "cullface": "up" },
				"west": { "uv": [ 1, 10, 1.5, 11.5 ], "texture": "#goblet_atlas" },
				"east": { "uv": [ 1.5, 8, 1, 9.5 ], "texture": "#goblet_atlas" }
			}
		},
		{
			"__comment": "Voxels",
			"from": [ 13, 2, 7 ],
			"to": [ 15, 4, 9 ],
			"faces": {
				"down": { "uv": [ 7.875, 5.75, 8.125, 6.25 ], "texture": "#goblet_atlas" },
				"up": { "uv": [ 7.875, 5.75, 8.125, 5.25 ], "texture": "#goblet_atlas" },
				"north": { "uv": [ 8.125, 4.75, 7.875, 5.25 ], "texture": "#goblet_atlas" },
				"south": { "uv": [ 6.875, 1.5, 7.125, 2 ], "texture": "#goblet_atlas" },
				"west": { "uv": [ 6.875, 1, 7.125, 1.5 ], "texture": "#goblet_atlas" },
				"east": { "uv": [ 7.125, 0.5, 6.875, 1 ], "texture": "#goblet_atlas" }
			}
		},
		{
			"__comment": "Voxels",
			"from": [ 13, 8, 7 ],
			"to": [ 16, 9, 9 ],
			"faces": {
				"down": { "uv": [ 6.25, 2.75, 6.625, 3.25 ], "texture": "#goblet_atlas" },
				"up": { "uv": [ 6, 0.5, 6.375, 0 ], "texture": "#goblet_atlas" },
				"north": { "uv": [ 16, 14.75, 15.625, 15 ], "texture": "#goblet_atlas" },
				"south": { "uv": [ 12.25, 14.5, 12.625, 14.75 ], "texture": "#goblet_atlas" },
				"east": { "uv": [ 8.875, 9, 8.625, 9.25 ], "texture": "#goblet_atlas", "cullface": "east" }
			}
		},
		{
			"__comment": "Voxels",
			"from": [ 14, 4, 7 ],
			"to": [ 15, 5, 9 ],
			"faces": {
				"up": { "uv": [ 8.5, 3.5, 8.625, 3 ], "texture": "#goblet_atlas" },
				"north": { "uv": [ 8.875, 8.25, 8.75, 8.5 ], "texture": "#goblet_atlas" },
				"south": { "uv": [ 8.625, 7.75, 8.75, 8 ], "texture": "#goblet_atlas" },
				"west": { "uv": [ 8.625, 11.75, 8.875, 12 ], "texture": "#goblet_atlas" },
				"east": { "uv": [ 8.875, 11.5, 8.625, 11.75 ], "texture": "#goblet_atlas" }
			}
		},
		{
			"__comment": "Voxels",
			"from": [ 14, 9, 7 ],
			"to": [ 16, 16, 9 ],
			"faces": {
				"up": { "uv": [ 7.875, 2, 8.125, 1.5 ], "texture": "#goblet_atlas", "cullface": "up" },
				"north": { "uv": [ 3.5, 0.5, 3.25, 2.25 ], "texture": "#goblet_atlas" },
				"south": { "uv": [ 3.25, 2.25, 3.5, 4 ], "texture": "#goblet_atlas" },
				"west": { "uv": [ 5, 1, 5.25, 2.75 ], "texture": "#goblet_atlas" },
				"east": { "uv": [ 5.25, 2.75, 5, 4.5 ], "texture": "#goblet_atlas", "cullface": "east" }
			}
		},
		{
			"__comment": "Voxels",
			"from": [ 14, 12, 6 ],
			"to": [ 15, 16, 7 ],
			"faces": {
				"down": { "uv": [ 8.625, 6.5, 8.75, 6.75 ], "texture": "#goblet_atlas" },
				"up": { "uv": [ 8.75, 6.75, 8.875, 6.5 ], "texture": "#goblet_atlas", "cullface": "up" },
				"north": { "uv": [ 5, 0.25, 4.875, 1.25 ], "texture": "#goblet_atlas" },
				"east": { "uv": [ 8.25, 14.75, 8.125, 15.75 ], "texture": "#goblet_atlas" }
			}
		},
		{
			"__comment": "Voxels",
			"from": [ 14, 12, 9 ],
			"to": [ 15, 16, 10 ],
			"faces": {
				"down": { "uv": [ 8.625, 8, 8.75, 8.25 ], "texture": "#goblet_atlas" },
				"up": { "uv": [ 8.75, 8.25, 8.875, 8 ], "texture": "#goblet_atlas", "cullface": "up" },
				"south": { "uv": [ 8.125, 12.75, 8.25, 13.75 ], "texture": "#goblet_atlas" },
				"east": { "uv": [ 8.25, 10.75, 8.125, 11.75 ], "texture": "#goblet_atlas" }
			}
		},
		{
			"__comment": "Voxels",
			"from": [ 14, 13, 5 ],
			"to": [ 15, 16, 6 ],
			"faces": {
				"down": { "uv": [ 8.75, 7.25, 8.875, 7.5 ], "texture": "#goblet_atlas" },
				"up": { "uv": [ 8.625, 7.25, 8.75, 7 ], "texture": "#goblet_atlas", "cullface": "up" },
				"north": { "uv": [ 8.5, 9.5, 8.375, 10.25 ], "texture": "#goblet_atlas" },
				"east": { "uv": [ 8.375, 4.25, 8.25, 5 ], "texture": "#goblet_atlas" }
			}
		},
		{
			"__comment": "Voxels",
			"from": [ 14, 13, 10 ],
			"to": [ 15, 16, 11 ],
			"faces": {
				"down": { "uv": [ 8.75, 6.25, 8.875, 6.5 ], "texture": "#goblet_atlas" },
				"up": { "uv": [ 8.625, 6.25, 8.75, 6 ], "texture": "#goblet_atlas", "cullface": "up" },
				"south": { "uv": [ 8.25, 3.5, 8.375, 4.25 ], "texture": "#goblet_atlas" },
				"east": { "uv": [ 8.375, 2.75, 8.25, 3.5 ], "texture": "#goblet_atlas" }
			}
		},
		{
			"__comment": "Voxels",
			"from": [ 15, 5, 7 ],
			"to": [ 16, 8, 9 ],
			"faces": {
				"down": { "uv": [ 8.375, 0, 8.5, 0.5 ], "texture": "#goblet_atlas" },
				"north": { "uv": [ 3.25, 1.25, 3.125, 2 ], "texture": "#goblet_atlas" },
				"south": { "uv": [ 8.125, 0, 8.25, 0.75 ], "texture": "#goblet_atlas" },
				"west": { "uv": [ 3, 9.25, 3.25, 10 ], "texture": "#goblet_atlas" },
				"east": { "uv": [ 3.25, 0, 3, 0.75 ], "texture": "#goblet_atlas", "cullface": "east" }
			}
		},
		{
			"__comment": "Voxels",
			"from": [ 15, 16, 7 ],
			"to": [ 16, 17, 9 ],
			"faces": {
				"up": { "uv": [ 8.5, 10, 8.625, 9.5 ], "texture": "#goblet_atlas" },
				"north": { "uv": [ 8.875, 7, 8.75, 7.25 ], "texture": "#goblet_atlas" },
				"south": { "uv": [ 8.625, 6.75, 8.75, 7 ], "texture": "#goblet_atlas" },
				"west": { "uv": [ 15.125, 14.5, 15.375, 14.75 ], "texture": "#goblet_atlas" },
				"east": { "uv": [ 15.625, 14.5, 15.375, 14.75 ], "texture": "#goblet_atlas" }
			}
		},
		{
			"__comment": "Voxels",
			"from": [ 16, 10, 7 ],
			"to": [ 17, 12, 9 ],
			"faces": {
				"down": { "uv": [ 8.5, 9, 8.625, 9.5 ], "texture": "#goblet_atlas", "cullface": "east" },
				"up": { "uv": [ 8.5, 9, 8.625, 8.5 ], "texture": "#goblet_atlas", "cullface": "east" },
				"north": { "uv": [ 8.625, 8, 8.5, 8.5 ], "texture": "#goblet_atlas", "cullface": "east" },
				"south": { "uv": [ 8.5, 6.5, 8.625, 7 ], "texture": "#goblet_atlas", "cullface": "east" },
				"east": { "uv": [ 12.75, 15.25, 12.5, 15.75 ], "texture": "#goblet_atlas", "cullface": "east" }
			}
		}
	],
	"display": {
		"thirdperson_righthand": {
			"rotation":  [ 5, 42, 0 ],
			"translation":  [ 1, 0, -1 ],
			"scale":  [ 0.4, 0.4, 0.4 ]
		},
		"thirdperson_lefthand": {
			"rotation":  [ 5, 42, 0 ],
			"translation":  [ 1, 0, -1 ],
			"scale":  [ 0.4, 0.4, 0.4 ]
		},
		"firstperson_righthand": {
			"rotation":  [ 5, 20, -10 ],
			"translation":  [ 1, 2, 0 ],
			"scale":  [ 0.3, 0.3, 0.3 ]
		},
		"firstperson_lefthand": {
			"rotation":  [ 5, 20, -10 ],
			"translation":  [ 1, 2, 0 ],
			"scale":  [ 0.3, 0.3, 0.3 ]
		},
		"gui": {
			"rotation":  [ 0, 32, 0 ],
			"translation":  [ 0, 1, 0 ],
			"scale":  [ 0.8, 0.8, 0.8 ]
		},
		"ground": {
			"translation":  [ 0, 2, 0 ],
			"scale":  [ 0.4, 0.4, 0.4 ]
		},
		"fixed": {
			"rotation":  [ -90, 0, 0 ],
			"translation":  [ 0, 0, -10 ]
		}
	}
}