{
	"__comment": "Designed by Pashjn with Cubik Studio - https://cubik.studio",
	"textures": {
		"particle": "items/cookieshield",
		"texture": "items/cookieshield",
		"voxels_atlas": "items/cookieshield"
	},
	"elements": [ 	 
		{
			"__comment": "Voxels",
			"from": [ -0.5, 9, 5.5 ],
			"to": [ 1.5, 10.5, 9.5 ],
			"faces": {
				"down": { "uv": [ 5.375, 8.625, 5.875, 9.625 ], "texture": "#voxels_atlas" },
				"up": { "uv": [ 5.875, 9.625, 6.375, 8.625 ], "texture": "#voxels_atlas" },
				"north": { "uv": [ 3.25, 10.375, 2.75, 10.75 ], "texture": "#voxels_atlas" },
				"south": { "uv": [ 2.75, 10, 3.25, 10.375 ], "texture": "#voxels_atlas" },
				"west": { "uv": [ 5.625, 13.5, 6.625, 13.875 ], "texture": "#voxels_atlas" },
				"east": { "uv": [ 6.75, 13.875, 5.75, 14.25 ], "texture": "#voxels_atlas" }
			}
		},
		{
			"__comment": "Voxels",
			"from": [ 0, 9, 5 ],
			"to": [ 1, 10.5, 5.5 ],
			"faces": {
				"down": { "uv": [ 7, 10.125, 7.25, 10.25 ], "texture": "#voxels_atlas" },
				"up": { "uv": [ 6.75, 10.25, 7, 10.125 ], "texture": "#voxels_atlas" },
				"north": { "uv": [ 6.75, 11.125, 6.5, 11.5 ], "texture": "#voxels_atlas" },
				"south": { "uv": [ 7.125, 12.625, 7.375, 13 ], "texture": "#voxels_atlas" },
				"west": { "uv": [ 7.5, 11.5, 7.625, 11.875 ], "texture": "#voxels_atlas" },
				"east": { "uv": [ 7.5, 11.5, 7.375, 11.875 ], "texture": "#voxels_atlas" }
			}
		},
		{
			"__comment": "Voxels",
			"from": [ 0, 9, 9.5 ],
			"to": [ 14, 11, 10 ],
			"faces": {
				"down": { "uv": [ 11.75, 14.25, 15.25, 14.375 ], "texture": "#voxels_atlas" },
				"up": { "uv": [ 8.25, 14.375, 11.75, 14.25 ], "texture": "#voxels_atlas" },
				"north": { "uv": [ 6.75, 15.5, 3.25, 16 ], "texture": "#voxels_atlas" },
				"south": { "uv": [ 3.25, 15, 6.75, 15.5 ], "texture": "#voxels_atlas" },
				"west": { "uv": [ 3.125, 14, 3.25, 14.5 ], "texture": "#voxels_atlas" },
				"east": { "uv": [ 3.25, 13.25, 3.125, 13.75 ], "texture": "#voxels_atlas" }
			}
		},
		{
			"__comment": "Voxels",
			"from": [ 0, 9, 10 ],
			"to": [ 14, 10.5, 11 ],
			"faces": {
				"down": { "uv": [ 3.25, 12.875, 6.75, 13.125 ], "texture": "#voxels_atlas" },
				"up": { "uv": [ 3.25, 12.875, 6.75, 12.625 ], "texture": "#voxels_atlas" },
				"north": { "uv": [ 6.75, 14.625, 3.25, 15 ], "texture": "#voxels_atlas" },
				"south": { "uv": [ 3.25, 14.25, 6.75, 14.625 ], "texture": "#voxels_atlas" },
				"west": { "uv": [ 7.125, 12.25, 7.375, 12.625 ], "texture": "#voxels_atlas" },
				"east": { "uv": [ 7.375, 11.875, 7.125, 12.25 ], "texture": "#voxels_atlas" }
			}
		},
		{
			"__comment": "Voxels",
			"from": [ 0, 9.5, 4.5 ],
			"to": [ 0.5, 10.5, 5 ],
			"faces": {
				"down": { "uv": [ 7.375, 10.125, 7.5, 10.25 ], "texture": "#voxels_atlas" },
				"up": { "uv": [ 7.125, 10.125, 7.25, 10 ], "texture": "#voxels_atlas" },
				"north": { "uv": [ 3.25, 13.75, 3.125, 14 ], "texture": "#voxels_atlas" },
				"south": { "uv": [ 8, 10.25, 8.125, 10.5 ], "texture": "#voxels_atlas" },
				"west": { "uv": [ 6.875, 10.25, 7, 10.5 ], "texture": "#voxels_atlas" },
				"east": { "uv": [ 6.875, 10.25, 6.75, 10.5 ], "texture": "#voxels_atlas" }
			}
		},
		{
			"__comment": "Voxels",
			"from": [ 0, 10.5, 5 ],
			"to": [ 0.5, 11, 9.5 ],
			"faces": {
				"down": { "uv": [ 6.75, 11.875, 6.875, 13 ], "texture": "#voxels_atlas" },
				"up": { "uv": [ 6.875, 13, 7, 11.875 ], "texture": "#voxels_atlas" },
				"north": { "uv": [ 7.625, 10.125, 7.5, 10.25 ], "texture": "#voxels_atlas" },
				"south": { "uv": [ 7.5, 10, 7.625, 10.125 ], "texture": "#voxels_atlas" },
				"west": { "uv": [ 5.625, 13.25, 6.75, 13.375 ], "texture": "#voxels_atlas" },
				"east": { "uv": [ 6.75, 13.375, 5.625, 13.5 ], "texture": "#voxels_atlas" }
			}
		},
		{
			"__comment": "Voxels",
			"from": [ 0.5, 9, 11 ],
			"to": [ 13.5, 10.5, 12 ],
			"faces": {
				"down": { "uv": [ 3.25, 10.375, 6.5, 10.625 ], "texture": "#voxels_atlas" },
				"up": { "uv": [ 3.25, 11.125, 6.5, 10.875 ], "texture": "#voxels_atlas" },
				"north": { "uv": [ 3.25, 12.25, 0, 12.625 ], "texture": "#voxels_atlas" },
				"south": { "uv": [ 0, 12.625, 3.25, 13 ], "texture": "#voxels_atlas" },
				"west": { "uv": [ 7.375, 12.625, 7.625, 13 ], "texture": "#voxels_atlas" },
				"east": { "uv": [ 7.875, 12.625, 7.625, 13 ], "texture": "#voxels_atlas" }
			}
		},
		{
			"__comment": "Voxels",
			"from": [ 0.5, 10.5, 5.5 ],
			"to": [ 1, 11, 9.5 ],
			"faces": {
				"down": { "uv": [ 6.5, 8.625, 6.625, 9.625 ], "texture": "#voxels_atlas" },
				"up": { "uv": [ 6.375, 9.625, 6.5, 8.625 ], "texture": "#voxels_atlas" },
				"north": { "uv": [ 8, 10.125, 7.875, 10.25 ], "texture": "#voxels_atlas" },
				"south": { "uv": [ 8, 10.125, 8.125, 10.25 ], "texture": "#voxels_atlas" },
				"west": { "uv": [ 5.625, 13.125, 6.625, 13.25 ], "texture": "#voxels_atlas" },
				"east": { "uv": [ 6.5, 11.5, 5.5, 11.625 ], "texture": "#voxels_atlas" }
			}
		},
		{
			"__comment": "Voxels",
			"from": [ 0.5, 10.5, 10 ],
			"to": [ 13.5, 11, 11 ],
			"faces": {
				"down": { "uv": [ 3.25, 10.625, 6.5, 10.875 ], "texture": "#voxels_atlas" },
				"up": { "uv": [ 3.25, 10.375, 6.5, 10.125 ], "texture": "#voxels_atlas" },
				"north": { "uv": [ 13.25, 14, 10, 14.125 ], "texture": "#voxels_atlas" },
				"south": { "uv": [ 8.25, 13.875, 11.5, 14 ], "texture": "#voxels_atlas" },
				"west": { "uv": [ 6.5, 12.125, 6.75, 12.25 ], "texture": "#voxels_atlas" },
				"east": { "uv": [ 6.75, 11.75, 6.5, 11.875 ], "texture": "#voxels_atlas" }
			}
		},
		{
			"__comment": "Voxels",
			"from": [ 1, 9, 12 ],
			"to": [ 13, 10.5, 12.5 ],
			"faces": {
				"down": { "uv": [ 11.25, 13.125, 14.25, 13.25 ], "texture": "#voxels_atlas" },
				"up": { "uv": [ 11.25, 13, 14.25, 12.875 ], "texture": "#voxels_atlas" },
				"north": { "uv": [ 3, 10.75, 0, 11.125 ], "texture": "#voxels_atlas" },
				"south": { "uv": [ 0, 11.125, 3, 11.5 ], "texture": "#voxels_atlas" },
				"west": { "uv": [ 8, 11.875, 8.125, 12.25 ], "texture": "#voxels_atlas" },
				"east": { "uv": [ 8, 11.875, 7.875, 12.25 ], "texture": "#voxels_atlas" }
			}
		},
		{
			"__comment": "Voxels",
			"from": [ 1, 9.5, 5 ],
			"to": [ 1.5, 10.5, 5.5 ],
			"faces": {
				"down": { "uv": [ 7.25, 10, 7.375, 10.125 ], "texture": "#voxels_atlas" },
				"up": { "uv": [ 6.75, 9.625, 6.875, 9.5 ], "texture": "#voxels_atlas" },
				"north": { "uv": [ 7.125, 11.875, 7, 12.125 ], "texture": "#voxels_atlas" },
				"south": { "uv": [ 3.125, 9.375, 3.25, 9.625 ], "texture": "#voxels_atlas" },
				"west": { "uv": [ 3.125, 9.75, 3.25, 10 ], "texture": "#voxels_atlas" },
				"east": { "uv": [ 3.25, 13, 3.125, 13.25 ], "texture": "#voxels_atlas" }
			}
		},
		{
			"__comment": "Voxels",
			"from": [ 1, 10.5, 6 ],
			"to": [ 1.5, 11, 9.5 ],
			"faces": {
				"down": { "uv": [ 6.625, 8.75, 6.75, 9.625 ], "texture": "#voxels_atlas" },
				"up": { "uv": [ 7, 13, 7.125, 12.125 ], "texture": "#voxels_atlas" },
				"north": { "uv": [ 7.875, 11, 7.75, 11.125 ], "texture": "#voxels_atlas" },
				"south": { "uv": [ 8.125, 9.625, 8.25, 9.75 ], "texture": "#voxels_atlas" },
				"west": { "uv": [ 15, 15.875, 15.875, 16 ], "texture": "#voxels_atlas" },
				"east": { "uv": [ 15.875, 15.75, 15, 15.875 ], "texture": "#voxels_atlas" }
			}
		},
		{
			"__comment": "Voxels",
			"from": [ 1, 10.5, 11 ],
			"to": [ 13, 11, 12 ],
			"faces": {
				"down": { "uv": [ 9.75, 15.75, 12.75, 16 ], "texture": "#voxels_atlas" },
				"up": { "uv": [ 6.75, 16, 9.75, 15.75 ], "texture": "#voxels_atlas" },
				"north": { "uv": [ 14.25, 13.375, 11.25, 13.5 ], "texture": "#voxels_atlas" },
				"south": { "uv": [ 11.25, 12.75, 14.25, 12.875 ], "texture": "#voxels_atlas" },
				"west": { "uv": [ 6.5, 12.5, 6.75, 12.625 ], "texture": "#voxels_atlas" },
				"east": { "uv": [ 7.75, 10.875, 7.5, 11 ], "texture": "#voxels_atlas" }
			}
		},
		{
			"__comment": "Voxels",
			"from": [ 1.5, 9, 6.5 ],
			"to": [ 14.5, 10.5, 9.5 ],
			"faces": {
				"down": { "uv": [ 0, 14.5, 3.25, 15.25 ], "texture": "#voxels_atlas" },
				"up": { "uv": [ 0, 16, 3.25, 15.25 ], "texture": "#voxels_atlas" },
				"north": { "uv": [ 3.25, 11.5, 0, 11.875 ], "texture": "#voxels_atlas" },
				"south": { "uv": [ 0, 11.875, 3.25, 12.25 ], "texture": "#voxels_atlas" },
				"west": { "uv": [ 2.5, 8.5, 3.25, 8.875 ], "texture": "#voxels_atlas" },
				"east": { "uv": [ 3.25, 8.875, 2.5, 9.25 ], "texture": "#voxels_atlas" }
			}
		},
		{
			"__comment": "Voxels",
			"from": [ 1.5, 9, 12.5 ],
			"to": [ 12.5, 10.5, 13 ],
			"faces": {
				"down": { "uv": [ 8.25, 11.5, 11, 11.625 ], "texture": "#voxels_atlas" },
				"up": { "uv": [ 8.25, 11.75, 11, 11.625 ], "texture": "#voxels_atlas" },
				"north": { "uv": [ 2.75, 10.375, 0, 10.75 ], "texture": "#voxels_atlas" },
				"south": { "uv": [ 0, 10, 2.75, 10.375 ], "texture": "#voxels_atlas" },
				"west": { "uv": [ 7, 11, 7.125, 11.375 ], "texture": "#voxels_atlas" },
				"east": { "uv": [ 7, 11, 6.875, 11.375 ], "texture": "#voxels_atlas" }
			}
		},
		{
			"__comment": "Voxels",
			"from": [ 1.5, 9.5, 5.5 ],
			"to": [ 14.5, 10, 6.5 ],
			"faces": {
				"down": { "uv": [ 3.25, 9.875, 6.5, 10.125 ], "texture": "#voxels_atlas" },
				"up": { "uv": [ 3.25, 9.875, 6.5, 9.625 ], "texture": "#voxels_atlas" },
				"north": { "uv": [ 14.75, 13.875, 11.5, 14 ], "texture": "#voxels_atlas" },
				"south": { "uv": [ 10, 14.125, 13.25, 14.25 ], "texture": "#voxels_atlas" },
				"west": { "uv": [ 6.75, 10.875, 7, 11 ], "texture": "#voxels_atlas" },
				"east": { "uv": [ 8.125, 11, 7.875, 11.125 ], "texture": "#voxels_atlas" }
			}
		},
		{
			"__comment": "Voxels",
			"from": [ 1.5, 10, 5.5 ],
			"to": [ 2, 10.5, 6.5 ],
			"faces": {
				"down": { "uv": [ 7.75, 11.125, 7.875, 11.375 ], "texture": "#voxels_atlas" },
				"up": { "uv": [ 8.125, 13, 8.25, 12.75 ], "texture": "#voxels_atlas" },
				"north": { "uv": [ 7.875, 9.625, 7.75, 9.75 ], "texture": "#voxels_atlas" },
				"south": { "uv": [ 7.375, 9.625, 7.5, 9.75 ], "texture": "#voxels_atlas" },
				"west": { "uv": [ 5.625, 8, 5.875, 8.125 ], "texture": "#voxels_atlas" },
				"east": { "uv": [ 5.625, 8, 5.375, 8.125 ], "texture": "#voxels_atlas" }
			}
		},
		{
			"__comment": "Voxels",
			"from": [ 1.5, 10.5, 6.5 ],
			"to": [ 14, 11, 9.5 ],
			"faces": {
				"down": { "uv": [ 0, 13.75, 3.125, 14.5 ], "texture": "#voxels_atlas" },
				"up": { "uv": [ 0, 13.75, 3.125, 13 ], "texture": "#voxels_atlas" },
				"north": { "uv": [ 11.375, 13.625, 8.25, 13.75 ], "texture": "#voxels_atlas" },
				"south": { "uv": [ 11.375, 13.75, 14.5, 13.875 ], "texture": "#voxels_atlas" },
				"west": { "uv": [ 15, 15.5, 15.75, 15.625 ], "texture": "#voxels_atlas" },
				"east": { "uv": [ 15.75, 15.625, 15, 15.75 ], "texture": "#voxels_atlas" }
			}
		},
		{
			"__comment": "Voxels",
			"from": [ 1.5, 10.5, 12 ],
			"to": [ 12.5, 11, 12.5 ],
			"faces": {
				"down": { "uv": [ 8.25, 11.25, 11, 11.375 ], "texture": "#voxels_atlas" },
				"up": { "uv": [ 8.25, 11.5, 11, 11.375 ], "texture": "#voxels_atlas" },
				"north": { "uv": [ 11, 11.875, 8.25, 12 ], "texture": "#voxels_atlas" },
				"south": { "uv": [ 8.25, 12, 11, 12.125 ], "texture": "#voxels_atlas" },
				"west": { "uv": [ 7.375, 9.75, 7.5, 9.875 ], "texture": "#voxels_atlas" },
				"east": { "uv": [ 7.375, 9.75, 7.25, 9.875 ], "texture": "#voxels_atlas" }
			}
		},
		{
			"__comment": "Voxels",
			"from": [ 2, 8.5, 8.5 ],
			"to": [ 4, 9, 9.5 ],
			"faces": {
				"down": { "uv": [ 2.625, 9.75, 3.125, 10 ], "texture": "#voxels_atlas" },
				"up": { "uv": [ 2.625, 9.625, 3.125, 9.375 ], "texture": "#voxels_atlas" },
				"north": { "uv": [ 3.125, 9.25, 2.625, 9.375 ], "texture": "#voxels_atlas" },
				"south": { "uv": [ 2.625, 9.625, 3.125, 9.75 ], "texture": "#voxels_atlas" },
				"west": { "uv": [ 7.25, 10.875, 7.5, 11 ], "texture": "#voxels_atlas" },
				"east": { "uv": [ 7.25, 10.875, 7, 11 ], "texture": "#voxels_atlas" }
			}
		},
		{
			"__comment": "Voxels",
			"from": [ 2, 9, 5.5 ],
			"to": [ 2.5, 9.5, 6.5 ],
			"faces": {
				"down": { "uv": [ 6.875, 10.625, 7, 10.875 ], "texture": "#voxels_atlas" },
				"up": { "uv": [ 6.75, 10.875, 6.875, 10.625 ], "texture": "#voxels_atlas" },
				"north": { "uv": [ 8.125, 9.875, 8, 10 ], "texture": "#voxels_atlas" },
				"south": { "uv": [ 7.875, 9.875, 8, 10 ], "texture": "#voxels_atlas" },
				"west": { "uv": [ 7.875, 11.125, 8.125, 11.25 ], "texture": "#voxels_atlas" },
				"east": { "uv": [ 8.125, 11.25, 7.875, 11.375 ], "texture": "#voxels_atlas" }
			}
		},
		{
			"__comment": "Voxels",
			"from": [ 2, 9, 13 ],
			"to": [ 12, 10.5, 13.5 ],
			"faces": {
				"down": { "uv": [ 8.25, 9.25, 10.75, 9.375 ], "texture": "#voxels_atlas" },
				"up": { "uv": [ 8.25, 9.25, 10.75, 9.125 ], "texture": "#voxels_atlas" },
				"north": { "uv": [ 5.75, 13.875, 3.25, 14.25 ], "texture": "#voxels_atlas" },
				"south": { "uv": [ 0, 8.125, 2.5, 8.5 ], "texture": "#voxels_atlas" },
				"west": { "uv": [ 8.125, 11.5, 8.25, 11.875 ], "texture": "#voxels_atlas" },
				"east": { "uv": [ 8, 11.5, 7.875, 11.875 ], "texture": "#voxels_atlas" }
			}
		},
		{
			"__comment": "Voxels",
			"from": [ 2, 10, 6 ],
			"to": [ 14.5, 10.5, 6.5 ],
			"faces": {
				"down": { "uv": [ 8.25, 13.75, 11.375, 13.875 ], "texture": "#voxels_atlas" },
				"up": { "uv": [ 11.375, 13.75, 14.5, 13.625 ], "texture": "#voxels_atlas" },
				"north": { "uv": [ 11.375, 13.5, 8.25, 13.625 ], "texture": "#voxels_atlas" },
				"south": { "uv": [ 11.375, 13.5, 14.5, 13.625 ], "texture": "#voxels_atlas" },
				"west": { "uv": [ 7.125, 9.875, 7.25, 10 ], "texture": "#voxels_atlas" },
				"east": { "uv": [ 7.125, 9.875, 7, 10 ], "texture": "#voxels_atlas" }
			}
		},
		{
			"__comment": "Voxels",
			"from": [ 2, 10.5, 12.5 ],
			"to": [ 12, 11, 13 ],
			"faces": {
				"down": { "uv": [ 8.25, 10.375, 10.75, 10.5 ], "texture": "#voxels_atlas" },
				"up": { "uv": [ 8.25, 10.375, 10.75, 10.25 ], "texture": "#voxels_atlas" },
				"north": { "uv": [ 10.75, 10.125, 8.25, 10.25 ], "texture": "#voxels_atlas" },
				"south": { "uv": [ 8.25, 10, 10.75, 10.125 ], "texture": "#voxels_atlas" },
				"west": { "uv": [ 6.875, 9.875, 7, 10 ], "texture": "#voxels_atlas" },
				"east": { "uv": [ 8.125, 10, 8, 10.125 ], "texture": "#voxels_atlas" }
			}
		},
		{
			"__comment": "Voxels",
			"from": [ 2.5, 5.5, 8.5 ],
			"to": [ 11, 6.5, 9.5 ],
			"faces": {
				"down": { "uv": [ 10.375, 14.875, 12.5, 15.125 ], "texture": "#voxels_atlas" },
				"up": { "uv": [ 8.25, 15.125, 10.375, 14.875 ], "texture": "#voxels_atlas" },
				"north": { "uv": [ 14.75, 15.125, 12.625, 15.375 ], "texture": "#voxels_atlas" },
				"south": { "uv": [ 10.5, 15.125, 12.625, 15.375 ], "texture": "#voxels_atlas" },
				"west": { "uv": [ 6.5, 10.125, 6.75, 10.375 ], "texture": "#voxels_atlas" },
				"east": { "uv": [ 6.75, 10.375, 6.5, 10.625 ], "texture": "#voxels_atlas" }
			}
		},
		{
			"__comment": "Voxels",
			"from": [ 2.5, 6.5, 8.5 ],
			"to": [ 3.5, 8.5, 9.5 ],
			"faces": {
				"down": { "uv": [ 6.5, 12.25, 6.75, 12.5 ], "texture": "#voxels_atlas" },
				"up": { "uv": [ 6.5, 10.875, 6.75, 10.625 ], "texture": "#voxels_atlas" },
				"north": { "uv": [ 5.625, 8.125, 5.375, 8.625 ], "texture": "#voxels_atlas" },
				"south": { "uv": [ 3, 8, 3.25, 8.5 ], "texture": "#voxels_atlas" },
				"west": { "uv": [ 2.75, 8, 3, 8.5 ], "texture": "#voxels_atlas" },
				"east": { "uv": [ 2.75, 8, 2.5, 8.5 ], "texture": "#voxels_atlas" }
			}
		},
		{
			"__comment": "Voxels",
			"from": [ 2.5, 8.5, 8 ],
			"to": [ 3.5, 9, 8.5 ],
			"faces": {
				"down": { "uv": [ 7.5, 11, 7.75, 11.125 ], "texture": "#voxels_atlas" },
				"up": { "uv": [ 7.5, 11.25, 7.75, 11.125 ], "texture": "#voxels_atlas" },
				"north": { "uv": [ 7.75, 11.25, 7.5, 11.375 ], "texture": "#voxels_atlas" },
				"south": { "uv": [ 7.25, 11, 7.5, 11.125 ], "texture": "#voxels_atlas" },
				"west": { "uv": [ 7.25, 9.875, 7.375, 10 ], "texture": "#voxels_atlas" },
				"east": { "uv": [ 8, 10, 7.875, 10.125 ], "texture": "#voxels_atlas" }
			}
		},
		{
			"__comment": "Voxels",
			"from": [ 2.5, 8.5, 9.5 ],
			"to": [ 3.5, 9, 10 ],
			"faces": {
				"down": { "uv": [ 7.375, 11.875, 7.625, 12 ], "texture": "#voxels_atlas" },
				"up": { "uv": [ 15.75, 15.75, 16, 15.625 ], "texture": "#voxels_atlas" },
				"north": { "uv": [ 6.375, 8, 6.125, 8.125 ], "texture": "#voxels_atlas" },
				"south": { "uv": [ 5.875, 8, 6.125, 8.125 ], "texture": "#voxels_atlas" },
				"west": { "uv": [ 7.75, 10, 7.875, 10.125 ], "texture": "#voxels_atlas" },
				"east": { "uv": [ 7.75, 10, 7.625, 10.125 ], "texture": "#voxels_atlas" }
			}
		},
		{
			"__comment": "Voxels",
			"from": [ 2.5, 9, 6 ],
			"to": [ 14.5, 9.5, 6.5 ],
			"faces": {
				"down": { "uv": [ 8.25, 13.125, 11.25, 13.25 ], "texture": "#voxels_atlas" },
				"up": { "uv": [ 11.25, 13.375, 14.25, 13.25 ], "texture": "#voxels_atlas" },
				"north": { "uv": [ 11.25, 12.875, 8.25, 13 ], "texture": "#voxels_atlas" },
				"south": { "uv": [ 11.25, 13, 14.25, 13.125 ], "texture": "#voxels_atlas" },
				"west": { "uv": [ 6.75, 10, 6.875, 10.125 ], "texture": "#voxels_atlas" },
				"east": { "uv": [ 8.25, 10.125, 8.125, 10.25 ], "texture": "#voxels_atlas" }
			}
		},
		{
			"__comment": "Voxels",
			"from": [ 2.5, 9, 13.5 ],
			"to": [ 11.5, 10.5, 14 ],
			"faces": {
				"down": { "uv": [ 13.375, 12.625, 15.625, 12.75 ], "texture": "#voxels_atlas" },
				"up": { "uv": [ 11.125, 12.625, 13.375, 12.5 ], "texture": "#voxels_atlas" },
				"north": { "uv": [ 5.5, 11.125, 3.25, 11.5 ], "texture": "#voxels_atlas" },
				"south": { "uv": [ 3.25, 11.875, 5.5, 12.25 ], "texture": "#voxels_atlas" },
				"west": { "uv": [ 6.625, 13.5, 6.75, 13.875 ], "texture": "#voxels_atlas" },
				"east": { "uv": [ 7.125, 11.5, 7, 11.875 ], "texture": "#voxels_atlas" }
			}
		},
		{
			"__comment": "Voxels",
			"from": [ 2.5, 10, 5.5 ],
			"to": [ 14.5, 10.5, 6 ],
			"faces": {
				"down": { "uv": [ 8.25, 12.75, 11.25, 12.875 ], "texture": "#voxels_atlas" },
				"up": { "uv": [ 8.25, 13.5, 11.25, 13.375 ], "texture": "#voxels_atlas" },
				"north": { "uv": [ 11.25, 13, 8.25, 13.125 ], "texture": "#voxels_atlas" },
				"south": { "uv": [ 8.25, 13.25, 11.25, 13.375 ], "texture": "#voxels_atlas" },
				"west": { "uv": [ 7.5, 9.5, 7.625, 9.625 ], "texture": "#voxels_atlas" },
				"east": { "uv": [ 7.5, 10, 7.375, 10.125 ], "texture": "#voxels_atlas" }
			}
		},
		{
			"__comment": "Voxels",
			"from": [ 2.5, 10.5, 13 ],
			"to": [ 11.5, 11, 13.5 ],
			"faces": {
				"down": { "uv": [ 8.25, 8.75, 10.5, 8.875 ], "texture": "#voxels_atlas" },
				"up": { "uv": [ 8.25, 8.75, 10.5, 8.625 ], "texture": "#voxels_atlas" },
				"north": { "uv": [ 10.5, 8.25, 8.25, 8.375 ], "texture": "#voxels_atlas" },
				"south": { "uv": [ 11.125, 12.625, 13.375, 12.75 ], "texture": "#voxels_atlas" },
				"west": { "uv": [ 7.75, 10.125, 7.875, 10.25 ], "texture": "#voxels_atlas" },
				"east": { "uv": [ 7.75, 10.125, 7.625, 10.25 ], "texture": "#voxels_atlas" }
			}
		},
		{
			"__comment": "Voxels",
			"from": [ 3, 9, 5.5 ],
			"to": [ 14.5, 9.5, 6 ],
			"faces": {
				"down": { "uv": [ 8.25, 12.625, 11.125, 12.75 ], "texture": "#voxels_atlas" },
				"up": { "uv": [ 8.25, 12.625, 11.125, 12.5 ], "texture": "#voxels_atlas" },
				"north": { "uv": [ 11.125, 12.375, 8.25, 12.5 ], "texture": "#voxels_atlas" },
				"south": { "uv": [ 8.25, 12.25, 11.125, 12.375 ], "texture": "#voxels_atlas" },
				"west": { "uv": [ 7.25, 10.125, 7.375, 10.25 ], "texture": "#voxels_atlas" },
				"east": { "uv": [ 8.25, 10.25, 8.125, 10.375 ], "texture": "#voxels_atlas" }
			}
		},
		{
			"__comment": "Voxels",
			"from": [ 3, 9, 14 ],
			"to": [ 11, 10.5, 14.5 ],
			"faces": {
				"down": { "uv": [ 11.125, 11.5, 13.125, 11.625 ], "texture": "#voxels_atlas" },
				"up": { "uv": [ 13.125, 11.75, 15.125, 11.625 ], "texture": "#voxels_atlas" },
				"north": { "uv": [ 5.25, 8.125, 3.25, 8.5 ], "texture": "#voxels_atlas" },
				"south": { "uv": [ 3.25, 8.5, 5.25, 8.875 ], "texture": "#voxels_atlas" },
				"west": { "uv": [ 6.75, 11, 6.875, 11.375 ], "texture": "#voxels_atlas" },
				"east": { "uv": [ 7.75, 11.5, 7.625, 11.875 ], "texture": "#voxels_atlas" }
			}
		},
		{
			"__comment": "Voxels",
			"from": [ 3, 10.5, 6 ],
			"to": [ 14, 11, 6.5 ],
			"faces": {
				"down": { "uv": [ 8.25, 11.75, 11, 11.875 ], "texture": "#voxels_atlas" },
				"up": { "uv": [ 13.25, 14.25, 16, 14.125 ], "texture": "#voxels_atlas" },
				"north": { "uv": [ 16, 14, 13.25, 14.125 ], "texture": "#voxels_atlas" },
				"south": { "uv": [ 8.25, 12.125, 11, 12.25 ], "texture": "#voxels_atlas" },
				"west": { "uv": [ 6.625, 13.125, 6.75, 13.25 ], "texture": "#voxels_atlas" },
				"east": { "uv": [ 3.25, 9.25, 3.125, 9.375 ], "texture": "#voxels_atlas" }
			}
		},
		{
			"__comment": "Voxels",
			"from": [ 3, 10.5, 13.5 ],
			"to": [ 11, 11, 14 ],
			"faces": {
				"down": { "uv": [ 11.125, 11.75, 13.125, 11.875 ], "texture": "#voxels_atlas" },
				"up": { "uv": [ 13.125, 11.625, 15.125, 11.5 ], "texture": "#voxels_atlas" },
				"north": { "uv": [ 13.125, 11.875, 11.125, 12 ], "texture": "#voxels_atlas" },
				"south": { "uv": [ 13.125, 11.75, 15.125, 11.875 ], "texture": "#voxels_atlas" },
				"west": { "uv": [ 7.375, 9.5, 7.5, 9.625 ], "texture": "#voxels_atlas" },
				"east": { "uv": [ 3.25, 9.625, 3.125, 9.75 ], "texture": "#voxels_atlas" }
			}
		},
		{
			"__comment": "Voxels",
			"from": [ 3.5, 9, 5 ],
			"to": [ 14, 10.5, 5.5 ],
			"faces": {
				"down": { "uv": [ 8.25, 10.875, 10.875, 11 ], "texture": "#voxels_atlas" },
				"up": { "uv": [ 8.25, 11.125, 10.875, 11 ], "texture": "#voxels_atlas" },
				"north": { "uv": [ 2.625, 9.25, 0, 9.625 ], "texture": "#voxels_atlas" },
				"south": { "uv": [ 0, 9.625, 2.625, 10 ], "texture": "#voxels_atlas" },
				"west": { "uv": [ 7.125, 11, 7.25, 11.375 ], "texture": "#voxels_atlas" },
				"east": { "uv": [ 5.375, 8.5, 5.25, 8.875 ], "texture": "#voxels_atlas" }
			}
		},
		{
			"__comment": "Voxels",
			"from": [ 3.5, 9.5, 0.5 ],
			"to": [ 11, 10.5, 1.5 ],
			"faces": {
				"down": { "uv": [ 13.875, 14.375, 15.75, 14.625 ], "texture": "#voxels_atlas" },
				"up": { "uv": [ 12, 14.625, 13.875, 14.375 ], "texture": "#voxels_atlas" },
				"north": { "uv": [ 12, 14.375, 10.125, 14.625 ], "texture": "#voxels_atlas" },
				"south": { "uv": [ 8.25, 14.375, 10.125, 14.625 ], "texture": "#voxels_atlas" },
				"west": { "uv": [ 6.5, 11.875, 6.75, 12.125 ], "texture": "#voxels_atlas" },
				"east": { "uv": [ 7.625, 12.375, 7.375, 12.625 ], "texture": "#voxels_atlas" }
			}
		},
		{
			"__comment": "Voxels",
			"from": [ 3.5, 10.5, 5.5 ],
			"to": [ 14, 11, 6 ],
			"faces": {
				"down": { "uv": [ 8.25, 11.125, 10.875, 11.25 ], "texture": "#voxels_atlas" },
				"up": { "uv": [ 8.25, 10.875, 10.875, 10.75 ], "texture": "#voxels_atlas" },
				"north": { "uv": [ 10.875, 10.625, 8.25, 10.75 ], "texture": "#voxels_atlas" },
				"south": { "uv": [ 8.25, 10.5, 10.875, 10.625 ], "texture": "#voxels_atlas" },
				"west": { "uv": [ 8.125, 11, 8.25, 11.125 ], "texture": "#voxels_atlas" },
				"east": { "uv": [ 8.25, 10.375, 8.125, 10.5 ], "texture": "#voxels_atlas" }
			}
		},
		{
			"__comment": "Voxels",
			"from": [ 4, 9, 0 ],
			"to": [ 10, 10.5, 0.5 ],
			"faces": {
				"down": { "uv": [ 6.75, 13.25, 8.25, 13.375 ], "texture": "#voxels_atlas" },
				"up": { "uv": [ 6.75, 13.25, 8.25, 13.125 ], "texture": "#voxels_atlas" },
				"north": { "uv": [ 13.5, 15.375, 12, 15.75 ], "texture": "#voxels_atlas" },
				"south": { "uv": [ 10.5, 15.375, 12, 15.75 ], "texture": "#voxels_atlas" },
				"west": { "uv": [ 7.625, 11.875, 7.75, 12.25 ], "texture": "#voxels_atlas" },
				"east": { "uv": [ 7.875, 12.25, 7.75, 12.625 ], "texture": "#voxels_atlas" }
			}
		},
		{
			"__comment": "Voxels",
			"from": [ 4, 9, 0.5 ],
			"to": [ 11, 9.5, 1.5 ],
			"faces": {
				"down": { "uv": [ 14.25, 14.625, 16, 14.875 ], "texture": "#voxels_atlas" },
				"up": { "uv": [ 8.25, 14.25, 10, 14 ], "texture": "#voxels_atlas" },
				"north": { "uv": [ 16, 13.25, 14.25, 13.375 ], "texture": "#voxels_atlas" },
				"south": { "uv": [ 14.25, 13.375, 16, 13.5 ], "texture": "#voxels_atlas" },
				"west": { "uv": [ 7.25, 11.25, 7.5, 11.375 ], "texture": "#voxels_atlas" },
				"east": { "uv": [ 7.5, 11.125, 7.25, 11.25 ], "texture": "#voxels_atlas" }
			}
		},
		{
			"__comment": "Voxels",
			"from": [ 4, 9, 4.5 ],
			"to": [ 14, 10.5, 5 ],
			"faces": {
				"down": { "uv": [ 0, 8, 2.5, 8.125 ], "texture": "#voxels_atlas" },
				"up": { "uv": [ 8.25, 9.5, 10.75, 9.375 ], "texture": "#voxels_atlas" },
				"north": { "uv": [ 2.5, 8.5, 0, 8.875 ], "texture": "#voxels_atlas" },
				"south": { "uv": [ 0, 8.875, 2.5, 9.25 ], "texture": "#voxels_atlas" },
				"west": { "uv": [ 6.75, 11.5, 6.875, 11.875 ], "texture": "#voxels_atlas" },
				"east": { "uv": [ 7, 11.5, 6.875, 11.875 ], "texture": "#voxels_atlas" }
			}
		},
		{
			"__comment": "Voxels",
			"from": [ 4, 9, 14.5 ],
			"to": [ 10, 10.5, 15 ],
			"faces": {
				"down": { "uv": [ 6.75, 13, 8.25, 13.125 ], "texture": "#voxels_atlas" },
				"up": { "uv": [ 6.75, 14.25, 8.25, 14.125 ], "texture": "#voxels_atlas" },
				"north": { "uv": [ 8.25, 14.625, 6.75, 15 ], "texture": "#voxels_atlas" },
				"south": { "uv": [ 6.75, 14.25, 8.25, 14.625 ], "texture": "#voxels_atlas" },
				"west": { "uv": [ 7.125, 11.5, 7.25, 11.875 ], "texture": "#voxels_atlas" },
				"east": { "uv": [ 7.375, 11.5, 7.25, 11.875 ], "texture": "#voxels_atlas" }
			}
		},
		{
			"__comment": "Voxels",
			"from": [ 4, 9.5, 1.5 ],
			"to": [ 12, 10.5, 2.5 ],
			"faces": {
				"down": { "uv": [ 12.5, 14.875, 14.5, 15.125 ], "texture": "#voxels_atlas" },
				"up": { "uv": [ 10.25, 14.875, 12.25, 14.625 ], "texture": "#voxels_atlas" },
				"north": { "uv": [ 14.25, 14.625, 12.25, 14.875 ], "texture": "#voxels_atlas" },
				"south": { "uv": [ 8.25, 14.625, 10.25, 14.875 ], "texture": "#voxels_atlas" },
				"west": { "uv": [ 15.75, 15.375, 16, 15.625 ], "texture": "#voxels_atlas" },
				"east": { "uv": [ 8.125, 12.75, 7.875, 13 ], "texture": "#voxels_atlas" }
			}
		},
		{
			"__comment": "Voxels",
			"from": [ 4, 9.5, 3 ],
			"to": [ 13.5, 10, 4.5 ],
			"faces": {
				"down": { "uv": [ 3.25, 13.125, 5.625, 13.5 ], "texture": "#voxels_atlas" },
				"up": { "uv": [ 3.25, 13.875, 5.625, 13.5 ], "texture": "#voxels_atlas" },
				"north": { "uv": [ 10.625, 8.875, 8.25, 9 ], "texture": "#voxels_atlas" },
				"south": { "uv": [ 8.25, 9, 10.625, 9.125 ], "texture": "#voxels_atlas" },
				"west": { "uv": [ 6.75, 11.375, 7.125, 11.5 ], "texture": "#voxels_atlas" },
				"east": { "uv": [ 7.5, 11.375, 7.125, 11.5 ], "texture": "#voxels_atlas" }
			}
		},
		{
			"__comment": "Voxels",
			"from": [ 4, 10.5, 0.5 ],
			"to": [ 10, 11, 2 ],
			"faces": {
				"down": { "uv": [ 13.5, 15.375, 15, 15.75 ], "texture": "#voxels_atlas" },
				"up": { "uv": [ 6.75, 15.375, 8.25, 15 ], "texture": "#voxels_atlas" },
				"north": { "uv": [ 8.25, 14, 6.75, 14.125 ], "texture": "#voxels_atlas" },
				"south": { "uv": [ 6.75, 13.625, 8.25, 13.75 ], "texture": "#voxels_atlas" },
				"west": { "uv": [ 7.5, 11.375, 7.875, 11.5 ], "texture": "#voxels_atlas" },
				"east": { "uv": [ 8.25, 11.375, 7.875, 11.5 ], "texture": "#voxels_atlas" }
			}
		},
		{
			"__comment": "Voxels",
			"from": [ 4, 10.5, 5 ],
			"to": [ 14, 11, 5.5 ],
			"faces": {
				"down": { "uv": [ 8.25, 9.5, 10.75, 9.625 ], "texture": "#voxels_atlas" },
				"up": { "uv": [ 8.25, 9.75, 10.75, 9.625 ], "texture": "#voxels_atlas" },
				"north": { "uv": [ 10.75, 9.75, 8.25, 9.875 ], "texture": "#voxels_atlas" },
				"south": { "uv": [ 8.25, 9.875, 10.75, 10 ], "texture": "#voxels_atlas" },
				"west": { "uv": [ 8.125, 9.875, 8.25, 10 ], "texture": "#voxels_atlas" },
				"east": { "uv": [ 6.875, 9.75, 6.75, 9.875 ], "texture": "#voxels_atlas" }
			}
		},
		{
			"__comment": "Voxels",
			"from": [ 4, 10.5, 14 ],
			"to": [ 10, 11, 14.5 ],
			"faces": {
				"down": { "uv": [ 6.75, 13.5, 8.25, 13.625 ], "texture": "#voxels_atlas" },
				"up": { "uv": [ 6.75, 13.5, 8.25, 13.375 ], "texture": "#voxels_atlas" },
				"north": { "uv": [ 8.25, 13.75, 6.75, 13.875 ], "texture": "#voxels_atlas" },
				"south": { "uv": [ 6.75, 13.875, 8.25, 14 ], "texture": "#voxels_atlas" },
				"west": { "uv": [ 7.125, 9.625, 7.25, 9.75 ], "texture": "#voxels_atlas" },
				"east": { "uv": [ 7.375, 9.625, 7.25, 9.75 ], "texture": "#voxels_atlas" }
			}
		},
		{
			"__comment": "Voxels",
			"from": [ 4.5, 9, 1.5 ],
			"to": [ 12, 9.5, 2 ],
			"faces": {
				"down": { "uv": [ 13, 11.25, 14.875, 11.375 ], "texture": "#voxels_atlas" },
				"up": { "uv": [ 11.125, 11.25, 13, 11.125 ], "texture": "#voxels_atlas" },
				"north": { "uv": [ 13, 10, 11.125, 10.125 ], "texture": "#voxels_atlas" },
				"south": { "uv": [ 11.125, 11, 13, 11.125 ], "texture": "#voxels_atlas" },
				"west": { "uv": [ 7.5, 9.625, 7.625, 9.75 ], "texture": "#voxels_atlas" },
				"east": { "uv": [ 7.75, 9.625, 7.625, 9.75 ], "texture": "#voxels_atlas" }
			}
		},
		{
			"__comment": "Voxels",
			"from": [ 4.5, 9, 2.5 ],
			"to": [ 13, 10.5, 3 ],
			"faces": {
				"down": { "uv": [ 13.25, 12.25, 15.375, 12.375 ], "texture": "#voxels_atlas" },
				"up": { "uv": [ 13.25, 12.25, 15.375, 12.125 ], "texture": "#voxels_atlas" },
				"north": { "uv": [ 5.375, 8.875, 3.25, 9.25 ], "texture": "#voxels_atlas" },
				"south": { "uv": [ 3.25, 9.25, 5.375, 9.625 ], "texture": "#voxels_atlas" },
				"west": { "uv": [ 7.75, 11.5, 7.875, 11.875 ], "texture": "#voxels_atlas" },
				"east": { "uv": [ 8.125, 11.5, 8, 11.875 ], "texture": "#voxels_atlas" }
			}
		},
		{
			"__comment": "Voxels",
			"from": [ 4.5, 9, 3.5 ],
			"to": [ 13.5, 9.5, 4.5 ],
			"faces": {
				"down": { "uv": [ 12.75, 15.75, 15, 16 ], "texture": "#voxels_atlas" },
				"up": { "uv": [ 8.25, 15.375, 10.5, 15.125 ], "texture": "#voxels_atlas" },
				"north": { "uv": [ 10.5, 8.5, 8.25, 8.625 ], "texture": "#voxels_atlas" },
				"south": { "uv": [ 8.25, 8.375, 10.5, 8.5 ], "texture": "#voxels_atlas" },
				"west": { "uv": [ 7.75, 10.875, 8, 11 ], "texture": "#voxels_atlas" },
				"east": { "uv": [ 8.25, 10.875, 8, 11 ], "texture": "#voxels_atlas" }
			}
		},
		{
			"__comment": "Voxels",
			"from": [ 4.5, 10, 3 ],
			"to": [ 13.5, 10.5, 4.5 ],
			"faces": {
				"down": { "uv": [ 3.25, 12.25, 5.5, 12.625 ], "texture": "#voxels_atlas" },
				"up": { "uv": [ 3.25, 11.875, 5.5, 11.5 ], "texture": "#voxels_atlas" },
				"north": { "uv": [ 10.5, 8.125, 8.25, 8.25 ], "texture": "#voxels_atlas" },
				"south": { "uv": [ 8.25, 8, 10.5, 8.125 ], "texture": "#voxels_atlas" },
				"west": { "uv": [ 6.375, 8, 6.75, 8.125 ], "texture": "#voxels_atlas" },
				"east": { "uv": [ 15.375, 15.375, 15, 15.5 ], "texture": "#voxels_atlas" }
			}
		},
		{
			"__comment": "Voxels",
			"from": [ 4.5, 10.5, 2 ],
			"to": [ 12, 11, 2.5 ],
			"faces": {
				"down": { "uv": [ 11.125, 11.25, 13, 11.375 ], "texture": "#voxels_atlas" },
				"up": { "uv": [ 11.125, 10.375, 13, 10.25 ], "texture": "#voxels_atlas" },
				"north": { "uv": [ 14.875, 11, 13, 11.125 ], "texture": "#voxels_atlas" },
				"south": { "uv": [ 13, 11.125, 14.875, 11.25 ], "texture": "#voxels_atlas" },
				"west": { "uv": [ 7.75, 9.875, 7.875, 10 ], "texture": "#voxels_atlas" },
				"east": { "uv": [ 7.75, 9.875, 7.625, 10 ], "texture": "#voxels_atlas" }
			}
		},
		{
			"__comment": "Voxels",
			"from": [ 5, 9, 2 ],
			"to": [ 12.5, 9.5, 2.5 ],
			"faces": {
				"down": { "uv": [ 11.125, 10.75, 13, 10.875 ], "texture": "#voxels_atlas" },
				"up": { "uv": [ 11.125, 10.75, 13, 10.625 ], "texture": "#voxels_atlas" },
				"north": { "uv": [ 13, 10.5, 11.125, 10.625 ], "texture": "#voxels_atlas" },
				"south": { "uv": [ 11.125, 10.375, 13, 10.5 ], "texture": "#voxels_atlas" },
				"west": { "uv": [ 7, 10, 7.125, 10.125 ], "texture": "#voxels_atlas" },
				"east": { "uv": [ 7, 10, 6.875, 10.125 ], "texture": "#voxels_atlas" }
			}
		},
		{
			"__comment": "Voxels",
			"from": [ 5, 9, 3 ],
			"to": [ 13.5, 9.5, 3.5 ],
			"faces": {
				"down": { "uv": [ 11.125, 12.25, 13.25, 12.375 ], "texture": "#voxels_atlas" },
				"up": { "uv": [ 13.25, 12.125, 15.375, 12 ], "texture": "#voxels_atlas" },
				"north": { "uv": [ 13.25, 12.125, 11.125, 12.25 ], "texture": "#voxels_atlas" },
				"south": { "uv": [ 11.125, 12, 13.25, 12.125 ], "texture": "#voxels_atlas" },
				"west": { "uv": [ 7.5, 9.75, 7.625, 9.875 ], "texture": "#voxels_atlas" },
				"east": { "uv": [ 7.25, 9.75, 7.125, 9.875 ], "texture": "#voxels_atlas" }
			}
		},
		{
			"__comment": "Voxels",
			"from": [ 5, 10.5, 0 ],
			"to": [ 9, 11, 0.5 ],
			"faces": {
				"down": { "uv": [ 5.5, 11.75, 6.5, 11.875 ], "texture": "#voxels_atlas" },
				"up": { "uv": [ 5.5, 12.5, 6.5, 12.375 ], "texture": "#voxels_atlas" },
				"north": { "uv": [ 6.5, 11.625, 5.5, 11.75 ], "texture": "#voxels_atlas" },
				"south": { "uv": [ 5.5, 12.5, 6.5, 12.625 ], "texture": "#voxels_atlas" },
				"west": { "uv": [ 15.875, 15.875, 16, 16 ], "texture": "#voxels_atlas" },
				"east": { "uv": [ 16, 15.75, 15.875, 15.875 ], "texture": "#voxels_atlas" }
			}
		},
		{
			"__comment": "Voxels",
			"from": [ 5, 10.5, 2.5 ],
			"to": [ 12.5, 11, 4 ],
			"faces": {
				"down": { "uv": [ 6.75, 15.375, 8.625, 15.75 ], "texture": "#voxels_atlas" },
				"up": { "uv": [ 8.625, 15.75, 10.5, 15.375 ], "texture": "#voxels_atlas" },
				"north": { "uv": [ 13, 10.125, 11.125, 10.25 ], "texture": "#voxels_atlas" },
				"south": { "uv": [ 11.125, 10.875, 13, 11 ], "texture": "#voxels_atlas" },
				"west": { "uv": [ 15.375, 15.375, 15.75, 15.5 ], "texture": "#voxels_atlas" },
				"east": { "uv": [ 8.25, 12.625, 7.875, 12.75 ], "texture": "#voxels_atlas" }
			}
		},
		{
			"__comment": "Voxels",
			"from": [ 5, 10.5, 4.5 ],
			"to": [ 13.5, 11, 5 ],
			"faces": {
				"down": { "uv": [ 13.25, 12.375, 15.375, 12.5 ], "texture": "#voxels_atlas" },
				"up": { "uv": [ 11.125, 12.5, 13.25, 12.375 ], "texture": "#voxels_atlas" },
				"north": { "uv": [ 15.5, 12.5, 13.375, 12.625 ], "texture": "#voxels_atlas" },
				"south": { "uv": [ 3.25, 8, 5.375, 8.125 ], "texture": "#voxels_atlas" },
				"west": { "uv": [ 7.125, 9.5, 7.25, 9.625 ], "texture": "#voxels_atlas" },
				"east": { "uv": [ 7.375, 9.5, 7.25, 9.625 ], "texture": "#voxels_atlas" }
			}
		},
		{
			"__comment": "Voxels",
			"from": [ 5, 10.5, 14.5 ],
			"to": [ 9, 11, 15 ],
			"faces": {
				"down": { "uv": [ 5.5, 12.25, 6.5, 12.375 ], "texture": "#voxels_atlas" },
				"up": { "uv": [ 5.5, 12.25, 6.5, 12.125 ], "texture": "#voxels_atlas" },
				"north": { "uv": [ 6.5, 12, 5.5, 12.125 ], "texture": "#voxels_atlas" },
				"south": { "uv": [ 5.5, 11.875, 6.5, 12 ], "texture": "#voxels_atlas" },
				"west": { "uv": [ 6.625, 8.625, 6.75, 8.75 ], "texture": "#voxels_atlas" },
				"east": { "uv": [ 6.75, 8.125, 6.625, 8.25 ], "texture": "#voxels_atlas" }
			}
		},
		{
			"__comment": "Voxels",
			"from": [ 5.5, 10.5, 4 ],
			"to": [ 13.5, 11, 4.5 ],
			"faces": {
				"down": { "uv": [ 11.125, 11.625, 13.125, 11.75 ], "texture": "#voxels_atlas" },
				"up": { "uv": [ 13.125, 12, 15.125, 11.875 ], "texture": "#voxels_atlas" },
				"north": { "uv": [ 13.125, 11.375, 11.125, 11.5 ], "texture": "#voxels_atlas" },
				"south": { "uv": [ 13.125, 11.375, 15.125, 11.5 ], "texture": "#voxels_atlas" },
				"west": { "uv": [ 8.125, 11.25, 8.25, 11.375 ], "texture": "#voxels_atlas" },
				"east": { "uv": [ 8.25, 11.125, 8.125, 11.25 ], "texture": "#voxels_atlas" }
			}
		},
		{
			"__comment": "Voxels",
			"from": [ 6.5, 9, -0.5 ],
			"to": [ 7.5, 10.5, 0 ],
			"faces": {
				"down": { "uv": [ 7, 10.75, 7.25, 10.875 ], "texture": "#voxels_atlas" },
				"up": { "uv": [ 7, 10.75, 7.25, 10.625 ], "texture": "#voxels_atlas" },
				"north": { "uv": [ 3.25, 11.125, 3, 11.5 ], "texture": "#voxels_atlas" },
				"south": { "uv": [ 3, 10.75, 3.25, 11.125 ], "texture": "#voxels_atlas" },
				"west": { "uv": [ 5.25, 8.125, 5.375, 8.5 ], "texture": "#voxels_atlas" },
				"east": { "uv": [ 6.75, 8.25, 6.625, 8.625 ], "texture": "#voxels_atlas" }
			}
		},
		{
			"__comment": "Voxels",
			"from": [ 9.5, 8.5, 8.5 ],
			"to": [ 11.5, 9, 9.5 ],
			"faces": {
				"down": { "uv": [ 5.5, 11.25, 6, 11.5 ], "texture": "#voxels_atlas" },
				"up": { "uv": [ 6, 11.5, 6.5, 11.25 ], "texture": "#voxels_atlas" },
				"north": { "uv": [ 6.5, 11.125, 6, 11.25 ], "texture": "#voxels_atlas" },
				"south": { "uv": [ 5.5, 11.125, 6, 11.25 ], "texture": "#voxels_atlas" },
				"west": { "uv": [ 7.25, 10.75, 7.5, 10.875 ], "texture": "#voxels_atlas" },
				"east": { "uv": [ 7.5, 10.625, 7.25, 10.75 ], "texture": "#voxels_atlas" }
			}
		},
		{
			"__comment": "Voxels",
			"from": [ 10, 6.5, 8.5 ],
			"to": [ 11, 8.5, 9.5 ],
			"faces": {
				"down": { "uv": [ 6.5, 10.875, 6.75, 11.125 ], "texture": "#voxels_atlas" },
				"up": { "uv": [ 6.5, 11.75, 6.75, 11.5 ], "texture": "#voxels_atlas" },
				"north": { "uv": [ 5.875, 8.125, 5.625, 8.625 ], "texture": "#voxels_atlas" },
				"south": { "uv": [ 5.875, 8.125, 6.125, 8.625 ], "texture": "#voxels_atlas" },
				"west": { "uv": [ 6.125, 8.125, 6.375, 8.625 ], "texture": "#voxels_atlas" },
				"east": { "uv": [ 6.625, 8.125, 6.375, 8.625 ], "texture": "#voxels_atlas" }
			}
		},
		{
			"__comment": "Voxels",
			"from": [ 10, 8.5, 8 ],
			"to": [ 11, 9, 8.5 ],
			"faces": {
				"down": { "uv": [ 7.5, 10.75, 7.75, 10.875 ], "texture": "#voxels_atlas" },
				"up": { "uv": [ 7.5, 10.75, 7.75, 10.625 ], "texture": "#voxels_atlas" },
				"north": { "uv": [ 8, 10.75, 7.75, 10.875 ], "texture": "#voxels_atlas" },
				"south": { "uv": [ 7.75, 10.625, 8, 10.75 ], "texture": "#voxels_atlas" },
				"west": { "uv": [ 8.125, 10, 8.25, 10.125 ], "texture": "#voxels_atlas" },
				"east": { "uv": [ 6.875, 9.875, 6.75, 10 ], "texture": "#voxels_atlas" }
			}
		},
		{
			"__comment": "Voxels",
			"from": [ 10, 8.5, 9.5 ],
			"to": [ 11, 9, 10 ],
			"faces": {
				"down": { "uv": [ 8, 10.75, 8.25, 10.875 ], "texture": "#voxels_atlas" },
				"up": { "uv": [ 8, 10.75, 8.25, 10.625 ], "texture": "#voxels_atlas" },
				"north": { "uv": [ 7, 10.5, 6.75, 10.625 ], "texture": "#voxels_atlas" },
				"south": { "uv": [ 7, 10.5, 7.25, 10.625 ], "texture": "#voxels_atlas" },
				"west": { "uv": [ 7.375, 9.875, 7.5, 10 ], "texture": "#voxels_atlas" },
				"east": { "uv": [ 7.625, 9.875, 7.5, 10 ], "texture": "#voxels_atlas" }
			}
		},
		{
			"__comment": "Voxels",
			"from": [ 10, 10.5, 1 ],
			"to": [ 11, 11, 2 ],
			"faces": {
				"down": { "uv": [ 6.5, 9.625, 6.75, 9.875 ], "texture": "#voxels_atlas" },
				"up": { "uv": [ 6.5, 10.125, 6.75, 9.875 ], "texture": "#voxels_atlas" },
				"north": { "uv": [ 7.5, 10.5, 7.25, 10.625 ], "texture": "#voxels_atlas" },
				"south": { "uv": [ 7.5, 10.5, 7.75, 10.625 ], "texture": "#voxels_atlas" },
				"west": { "uv": [ 7.75, 10.5, 8, 10.625 ], "texture": "#voxels_atlas" },
				"east": { "uv": [ 8.25, 10.5, 8, 10.625 ], "texture": "#voxels_atlas" }
			}
		},
		{
			"__comment": "Voxels",
			"from": [ 11, 9, 1 ],
			"to": [ 11.5, 10.5, 1.5 ],
			"faces": {
				"down": { "uv": [ 6.875, 9.75, 7, 9.875 ], "texture": "#voxels_atlas" },
				"up": { "uv": [ 7, 9.875, 7.125, 9.75 ], "texture": "#voxels_atlas" },
				"north": { "uv": [ 7.625, 12, 7.5, 12.375 ], "texture": "#voxels_atlas" },
				"south": { "uv": [ 7.625, 12.25, 7.75, 12.625 ], "texture": "#voxels_atlas" },
				"west": { "uv": [ 7.875, 12.25, 8, 12.625 ], "texture": "#voxels_atlas" },
				"east": { "uv": [ 7.5, 12, 7.375, 12.375 ], "texture": "#voxels_atlas" }
			}
		},
		{
			"__comment": "Voxels",
			"from": [ 11, 10.5, 1.5 ],
			"to": [ 11.5, 11, 2 ],
			"faces": {
				"down": { "uv": [ 7.625, 9.75, 7.75, 9.875 ], "texture": "#voxels_atlas" },
				"up": { "uv": [ 7.75, 9.875, 7.875, 9.75 ], "texture": "#voxels_atlas" },
				"north": { "uv": [ 8, 9.75, 7.875, 9.875 ], "texture": "#voxels_atlas" },
				"south": { "uv": [ 8, 9.75, 8.125, 9.875 ], "texture": "#voxels_atlas" },
				"west": { "uv": [ 8.125, 9.75, 8.25, 9.875 ], "texture": "#voxels_atlas" },
				"east": { "uv": [ 6.875, 9.625, 6.75, 9.75 ], "texture": "#voxels_atlas" }
			}
		},
		{
			"__comment": "Voxels",
			"from": [ 12, 9.5, 2 ],
			"to": [ 12.5, 10.5, 2.5 ],
			"faces": {
				"down": { "uv": [ 6.875, 9.625, 7, 9.75 ], "texture": "#voxels_atlas" },
				"up": { "uv": [ 7, 9.75, 7.125, 9.625 ], "texture": "#voxels_atlas" },
				"north": { "uv": [ 7.125, 10.25, 7, 10.5 ], "texture": "#voxels_atlas" },
				"south": { "uv": [ 7.125, 10.25, 7.25, 10.5 ], "texture": "#voxels_atlas" },
				"west": { "uv": [ 7.25, 10.25, 7.375, 10.5 ], "texture": "#voxels_atlas" },
				"east": { "uv": [ 7.5, 10.25, 7.375, 10.5 ], "texture": "#voxels_atlas" }
			}
		},
		{
			"__comment": "Voxels",
			"from": [ 12.5, 10.5, 3 ],
			"to": [ 13, 11, 4 ],
			"faces": {
				"down": { "uv": [ 7.5, 10.25, 7.625, 10.5 ], "texture": "#voxels_atlas" },
				"up": { "uv": [ 7.625, 10.5, 7.75, 10.25 ], "texture": "#voxels_atlas" },
				"north": { "uv": [ 8, 9.625, 7.875, 9.75 ], "texture": "#voxels_atlas" },
				"south": { "uv": [ 8, 9.625, 8.125, 9.75 ], "texture": "#voxels_atlas" },
				"west": { "uv": [ 7.75, 10.375, 8, 10.5 ], "texture": "#voxels_atlas" },
				"east": { "uv": [ 8, 10.25, 7.75, 10.375 ], "texture": "#voxels_atlas" }
			}
		},
		{
			"__comment": "Voxels",
			"from": [ 13.5, 9, 4 ],
			"to": [ 14, 10.5, 4.5 ],
			"faces": {
				"down": { "uv": [ 6.875, 9.5, 7, 9.625 ], "texture": "#voxels_atlas" },
				"up": { "uv": [ 7, 9.625, 7.125, 9.5 ], "texture": "#voxels_atlas" },
				"north": { "uv": [ 8.125, 12.25, 8, 12.625 ], "texture": "#voxels_atlas" },
				"south": { "uv": [ 8.125, 12.25, 8.25, 12.625 ], "texture": "#voxels_atlas" },
				"west": { "uv": [ 7.75, 11.875, 7.875, 12.25 ], "texture": "#voxels_atlas" },
				"east": { "uv": [ 8.25, 11.875, 8.125, 12.25 ], "texture": "#voxels_atlas" }
			}
		}
	],
	"display": {
		"thirdperson_righthand": {
			"rotation":  [ -5, 0, -94 ],
			"translation":  [ 1.3913, -3.477, 2.0869 ]
		},
		"thirdperson_lefthand": {
			"rotation":  [ -180, 2, -85 ],
			"translation":  [ 1.3913, -3.477, 2.0869 ]
		},
		"firstperson_righthand": {
			"rotation":  [ -77, 83, 7 ],
			"translation":  [ 3.4782, -0.695, 0 ],
			"scale":  [ 0.8, 0.8, 0.8 ]
		},
		"firstperson_lefthand": {
			"rotation":  [ -69, -180, 5 ],
			"translation":  [ 2.7826, -0.695, 0 ],
			"scale":  [ 0.8, 0.8, 0.8 ]
		},
		"gui": {
			"rotation":  [ 90, 0, 0 ],
			"translation":  [ 0.6956, -0.695, 0 ],
			"scale":  [ 0.8, 0.8, 0.8 ]
		},
		"ground": {
			"rotation":  [ 34, 17, 33 ],
			"scale":  [ 0.8, 0.8, 0.8 ]
		},
		"fixed": {
			"rotation":  [ -89, 0, 0 ]
		}
	}
}