{
	"__comment": "Designed by Pashjn for CraftCitizen with Cubik Studio - https://cubik.studio",
	"textures": {
		"particle": "items/season2shield",
		"texture": "items/season2shield",
		"voxels_atlas": "items/season2shield",
		"texture1": "item/iron_sword",
		"texture2": "items/cc2"
	},
	"elements": [ 	 
		{
			"__comment": "Voxels",
			"from": [ -2.5, 19.5, 7 ],
			"to": [ -0.5, 20.5, 9.5 ],
			"faces": {
				"down": { "uv": [ 6, 3.125, 6.5, 3.75 ], "texture": "#voxels_atlas" },
				"up": { "uv": [ 5, 2.625, 5.5, 2 ], "texture": "#voxels_atlas" },
				"north": { "uv": [ 8.75, 4.5, 8.25, 4.75 ], "texture": "#voxels_atlas" },
				"south": { "uv": [ 8.25, 4.75, 8.75, 5 ], "texture": "#voxels_atlas" },
				"west": { "uv": [ 7.625, 6.125, 8.25, 6.375 ], "texture": "#voxels_atlas" },
				"east": { "uv": [ 8.25, 5.875, 7.625, 6.125 ], "texture": "#voxels_atlas" }
			}
		},
		{
			"__comment": "Voxels",
			"from": [ -2.5, 20.5, 7 ],
			"to": [ -1, 25, 9.5 ],
			"faces": {
				"down": { "uv": [ 1.125, 0.25, 1.5, 0.875 ], "texture": "#voxels_atlas" },
				"up": { "uv": [ 1.5, 1, 1.875, 0.375 ], "texture": "#voxels_atlas" },
				"north": { "uv": [ 0.75, 0.875, 0.375, 2 ], "texture": "#voxels_atlas" },
				"south": { "uv": [ 0, 0.875, 0.375, 2 ], "texture": "#voxels_atlas" },
				"west": { "uv": [ 3, 2.625, 3.625, 3.75 ], "texture": "#voxels_atlas" },
				"east": { "uv": [ 4.25, 2.625, 3.625, 3.75 ], "texture": "#voxels_atlas" }
			}
		},
		{
			"__comment": "Voxels",
			"from": [ -2, 18.5, 7 ],
			"to": [ 1, 19, 9.5 ],
			"faces": {
				"down": { "uv": [ 15.25, 12.375, 16, 13 ], "texture": "#voxels_atlas" },
				"up": { "uv": [ 6, 8.625, 6.75, 8 ], "texture": "#voxels_atlas" },
				"north": { "uv": [ 5.5, 6.75, 4.75, 6.875 ], "texture": "#voxels_atlas" },
				"south": { "uv": [ 11.125, 6.625, 11.875, 6.75 ], "texture": "#voxels_atlas" },
				"west": { "uv": [ 8.75, 0.375, 9.375, 0.5 ], "texture": "#voxels_atlas" },
				"east": { "uv": [ 9.375, 0.25, 8.75, 0.375 ], "texture": "#voxels_atlas" }
			}
		},
		{
			"__comment": "Voxels",
			"from": [ -2, 19, 7 ],
			"to": [ 0, 19.5, 9.5 ],
			"faces": {
				"down": { "uv": [ 4.875, 0.75, 5.375, 1.375 ], "texture": "#voxels_atlas" },
				"up": { "uv": [ 4.875, 2, 5.375, 1.375 ], "texture": "#voxels_atlas" },
				"north": { "uv": [ 13.375, 6.375, 12.875, 6.5 ], "texture": "#voxels_atlas" },
				"south": { "uv": [ 12.375, 6.375, 12.875, 6.5 ], "texture": "#voxels_atlas" },
				"west": { "uv": [ 8.75, 0.125, 9.375, 0.25 ], "texture": "#voxels_atlas" },
				"east": { "uv": [ 9.375, 0, 8.75, 0.125 ], "texture": "#voxels_atlas" }
			}
		},
		{
			"__comment": "Voxels",
			"from": [ -2, 25, 7 ],
			"to": [ 0, 26, 9.5 ],
			"faces": {
				"down": { "uv": [ 6.75, 3.125, 7.25, 3.75 ], "texture": "#voxels_atlas" },
				"up": { "uv": [ 6.75, 4.375, 7.25, 3.75 ], "texture": "#voxels_atlas" },
				"north": { "uv": [ 8.75, 6.25, 8.25, 6.5 ], "texture": "#voxels_atlas" },
				"south": { "uv": [ 8.25, 6.5, 8.75, 6.75 ], "texture": "#voxels_atlas" },
				"west": { "uv": [ 7.625, 5.625, 8.25, 5.875 ], "texture": "#voxels_atlas" },
				"east": { "uv": [ 8.25, 5.375, 7.625, 5.625 ], "texture": "#voxels_atlas" }
			}
		},
		{
			"__comment": "Voxels",
			"from": [ -1.5, 18, 7 ],
			"to": [ 2, 18.5, 9.5 ],
			"faces": {
				"down": { "uv": [ 4, 1.375, 4.875, 2 ], "texture": "#voxels_atlas" },
				"up": { "uv": [ 4, 1.375, 4.875, 0.75 ], "texture": "#voxels_atlas" },
				"north": { "uv": [ 16, 7.625, 15.125, 7.75 ], "texture": "#voxels_atlas" },
				"south": { "uv": [ 15.125, 7.75, 16, 7.875 ], "texture": "#voxels_atlas" },
				"west": { "uv": [ 9.375, 6.5, 10, 6.625 ], "texture": "#voxels_atlas" },
				"east": { "uv": [ 10.625, 6.5, 10, 6.625 ], "texture": "#voxels_atlas" }
			}
		},
		{
			"__comment": "Voxels",
			"from": [ -1.5, 26, 7 ],
			"to": [ 2.5, 26.5, 9.5 ],
			"faces": {
				"down": { "uv": [ 3, 0.75, 4, 1.375 ], "texture": "#voxels_atlas" },
				"up": { "uv": [ 3, 0.75, 4, 0.125 ], "texture": "#voxels_atlas" },
				"north": { "uv": [ 12.25, 7.25, 11.25, 7.375 ], "texture": "#voxels_atlas" },
				"south": { "uv": [ 10.25, 7.25, 11.25, 7.375 ], "texture": "#voxels_atlas" },
				"west": { "uv": [ 10.625, 6.5, 11.25, 6.625 ], "texture": "#voxels_atlas" },
				"east": { "uv": [ 14.25, 13.625, 13.625, 13.75 ], "texture": "#voxels_atlas" }
			}
		},
		{
			"__comment": "Voxels",
			"from": [ -1, 17.5, 7 ],
			"to": [ 3, 18, 9.5 ],
			"faces": {
				"down": { "uv": [ 4.25, 3.125, 5.25, 3.75 ], "texture": "#voxels_atlas" },
				"up": { "uv": [ 3, 2.625, 4, 2 ], "texture": "#voxels_atlas" },
				"north": { "uv": [ 10.25, 7.25, 9.25, 7.375 ], "texture": "#voxels_atlas" },
				"south": { "uv": [ 8.25, 7.25, 9.25, 7.375 ], "texture": "#voxels_atlas" },
				"west": { "uv": [ 14.25, 13.625, 14.875, 13.75 ], "texture": "#voxels_atlas" },
				"east": { "uv": [ 16, 13.625, 15.375, 13.75 ], "texture": "#voxels_atlas" }
			}
		},
		{
			"__comment": "Voxels",
			"from": [ -1, 20.5, 8 ],
			"to": [ 26.5, 25, 9 ],
			"faces": {
				"down": { "uv": [ 0, 12.125, 6.875, 12.375 ], "texture": "#voxels_atlas" },
				"up": { "uv": [ 6.875, 12.375, 13.75, 12.125 ], "texture": "#voxels_atlas" },
				"north": { "uv": [ 13.625, 13.75, 6.75, 14.875 ], "texture": "#voxels_atlas" },
				"south": { "uv": [ 6.75, 14.875, 13.625, 16 ], "texture": "#voxels_atlas" },
				"west": { "uv": [ 1.5, 1, 1.75, 2.125 ], "texture": "#voxels_atlas" },
				"east": { "uv": [ 1.375, 0.875, 1.125, 2 ], "texture": "#voxels_atlas" }
			}
		},
		{
			"__comment": "Voxels",
			"from": [ -1, 24, 7 ],
			"to": [ -0.5, 25, 8 ],
			"faces": {
				"down": { "uv": [ 8.125, 2.625, 8.25, 2.875 ], "texture": "#voxels_atlas" },
				"up": { "uv": [ 8.125, 3.625, 8.25, 3.375 ], "texture": "#voxels_atlas" },
				"north": { "uv": [ 8.25, 3.625, 8.125, 3.875 ], "texture": "#voxels_atlas" },
				"south": { "uv": [ 8.125, 3.875, 8.25, 4.125 ], "texture": "#voxels_atlas" },
				"west": { "uv": [ 5.75, 2.5, 6, 2.75 ], "texture": "#voxels_atlas" },
				"east": { "uv": [ 6, 2.25, 5.75, 2.5 ], "texture": "#voxels_atlas" }
			}
		},
		{
			"__comment": "Voxels",
			"from": [ -1, 24, 9 ],
			"to": [ -0.5, 25, 9.5 ],
			"faces": {
				"down": { "uv": [ 9.625, 2.625, 9.75, 2.75 ], "texture": "#voxels_atlas" },
				"up": { "uv": [ 9.625, 3.125, 9.75, 3 ], "texture": "#voxels_atlas" },
				"north": { "uv": [ 8.25, 4.625, 8.125, 4.875 ], "texture": "#voxels_atlas" },
				"south": { "uv": [ 15.875, 9.625, 16, 9.875 ], "texture": "#voxels_atlas" },
				"west": { "uv": [ 2.875, 0.375, 3, 0.625 ], "texture": "#voxels_atlas" },
				"east": { "uv": [ 3, 1.25, 2.875, 1.5 ], "texture": "#voxels_atlas" }
			}
		},
		{
			"__comment": "Voxels",
			"from": [ -1, 26.5, 7 ],
			"to": [ 4, 27, 9.5 ],
			"faces": {
				"down": { "uv": [ 4.25, 3.75, 5.5, 4.375 ], "texture": "#voxels_atlas" },
				"up": { "uv": [ 3, 4.375, 4.25, 3.75 ], "texture": "#voxels_atlas" },
				"north": { "uv": [ 12.625, 7.625, 11.375, 7.75 ], "texture": "#voxels_atlas" },
				"south": { "uv": [ 13.875, 7.625, 15.125, 7.75 ], "texture": "#voxels_atlas" },
				"west": { "uv": [ 4.5, 4.875, 5.125, 5 ], "texture": "#voxels_atlas" },
				"east": { "uv": [ 5.5, 0, 4.875, 0.125 ], "texture": "#voxels_atlas" }
			}
		},
		{
			"__comment": "Voxels",
			"from": [ -0.5, 19.5, 8 ],
			"to": [ 26.5, 20.5, 9 ],
			"faces": {
				"down": { "uv": [ 6.75, 11.625, 13.5, 11.875 ], "texture": "#voxels_atlas" },
				"up": { "uv": [ 0, 11.875, 6.75, 11.625 ], "texture": "#voxels_atlas" },
				"north": { "uv": [ 13.5, 11.875, 6.75, 12.125 ], "texture": "#voxels_atlas" },
				"south": { "uv": [ 0, 11.875, 6.75, 12.125 ], "texture": "#voxels_atlas" },
				"west": { "uv": [ 5.75, 1.5, 6, 1.75 ], "texture": "#voxels_atlas" },
				"east": { "uv": [ 6.75, 5.25, 6.5, 5.5 ], "texture": "#voxels_atlas" }
			}
		},
		{
			"__comment": "Voxels",
			"from": [ 0, 17, 7 ],
			"to": [ 4, 17.5, 9.5 ],
			"faces": {
				"down": { "uv": [ 4, 2, 5, 2.625 ], "texture": "#voxels_atlas" },
				"up": { "uv": [ 3, 2, 4, 1.375 ], "texture": "#voxels_atlas" },
				"north": { "uv": [ 14.25, 7.375, 13.25, 7.5 ], "texture": "#voxels_atlas" },
				"south": { "uv": [ 12.25, 7.375, 13.25, 7.5 ], "texture": "#voxels_atlas" },
				"west": { "uv": [ 15.375, 8.5, 16, 8.625 ], "texture": "#voxels_atlas" },
				"east": { "uv": [ 8.25, 0, 7.625, 0.125 ], "texture": "#voxels_atlas" }
			}
		},
		{
			"__comment": "Voxels",
			"from": [ 0, 19, 8 ],
			"to": [ 26, 19.5, 9 ],
			"faces": {
				"down": { "uv": [ 0, 10.875, 6.5, 11.125 ], "texture": "#voxels_atlas" },
				"up": { "uv": [ 6.5, 11.375, 13, 11.125 ], "texture": "#voxels_atlas" },
				"north": { "uv": [ 13.25, 13.625, 6.75, 13.75 ], "texture": "#voxels_atlas" },
				"south": { "uv": [ 8.75, 10, 15.25, 10.125 ], "texture": "#voxels_atlas" },
				"west": { "uv": [ 9.375, 0.125, 9.625, 0.25 ], "texture": "#voxels_atlas" },
				"east": { "uv": [ 9.625, 0.5, 9.375, 0.625 ], "texture": "#voxels_atlas" }
			}
		},
		{
			"__comment": "Voxels",
			"from": [ 0, 25, 8 ],
			"to": [ 26, 26, 9 ],
			"faces": {
				"down": { "uv": [ 0, 11.125, 6.5, 11.375 ], "texture": "#voxels_atlas" },
				"up": { "uv": [ 6.5, 11.125, 13, 10.875 ], "texture": "#voxels_atlas" },
				"north": { "uv": [ 13, 11.375, 6.5, 11.625 ], "texture": "#voxels_atlas" },
				"south": { "uv": [ 0, 11.375, 6.5, 11.625 ], "texture": "#voxels_atlas" },
				"west": { "uv": [ 5.75, 1, 6, 1.25 ], "texture": "#voxels_atlas" },
				"east": { "uv": [ 6, 0.5, 5.75, 0.75 ], "texture": "#voxels_atlas" }
			}
		},
		{
			"__comment": "Voxels",
			"from": [ 0, 25.5, 7 ],
			"to": [ 1, 26, 8 ],
			"faces": {
				"down": { "uv": [ 5.75, 0.25, 6, 0.5 ], "texture": "#voxels_atlas" },
				"up": { "uv": [ 5.75, 0.25, 6, 0 ], "texture": "#voxels_atlas" },
				"north": { "uv": [ 9.625, 0.875, 9.375, 1 ], "texture": "#voxels_atlas" },
				"south": { "uv": [ 9.375, 1, 9.625, 1.125 ], "texture": "#voxels_atlas" },
				"west": { "uv": [ 9.375, 1.125, 9.625, 1.25 ], "texture": "#voxels_atlas" },
				"east": { "uv": [ 9.625, 4.375, 9.375, 4.5 ], "texture": "#voxels_atlas" }
			}
		},
		{
			"__comment": "Voxels",
			"from": [ 0, 25.5, 9 ],
			"to": [ 1, 26, 9.5 ],
			"faces": {
				"down": { "uv": [ 9.375, 1.5, 9.625, 1.625 ], "texture": "#voxels_atlas" },
				"up": { "uv": [ 9.375, 1.75, 9.625, 1.625 ], "texture": "#voxels_atlas" },
				"north": { "uv": [ 9.625, 1.75, 9.375, 1.875 ], "texture": "#voxels_atlas" },
				"south": { "uv": [ 9.375, 1.875, 9.625, 2 ], "texture": "#voxels_atlas" },
				"west": { "uv": [ 8.125, 0.625, 8.25, 0.75 ], "texture": "#voxels_atlas" },
				"east": { "uv": [ 8.25, 0.75, 8.125, 0.875 ], "texture": "#voxels_atlas" }
			}
		},
		{
			"__comment": "Voxels",
			"from": [ 0, 27, 7 ],
			"to": [ 7, 27.5, 9.5 ],
			"faces": {
				"down": { "uv": [ 14.25, 13, 16, 13.625 ], "texture": "#voxels_atlas" },
				"up": { "uv": [ 0, 7.75, 1.75, 7.125 ], "texture": "#voxels_atlas" },
				"north": { "uv": [ 15, 8.25, 13.25, 8.375 ], "texture": "#voxels_atlas" },
				"south": { "uv": [ 11.5, 7.875, 13.25, 8 ], "texture": "#voxels_atlas" },
				"west": { "uv": [ 14.875, 6.625, 15.5, 6.75 ], "texture": "#voxels_atlas" },
				"east": { "uv": [ 9.375, 6.5, 8.75, 6.625 ], "texture": "#voxels_atlas" }
			}
		},
		{
			"__comment": "Voxels",
			"from": [ 1, 18.5, 8 ],
			"to": [ 26, 19, 9 ],
			"faces": {
				"down": { "uv": [ 6.25, 10.625, 12.5, 10.875 ], "texture": "#voxels_atlas" },
				"up": { "uv": [ 0, 10.875, 6.25, 10.625 ], "texture": "#voxels_atlas" },
				"north": { "uv": [ 15, 9.75, 8.75, 9.875 ], "texture": "#voxels_atlas" },
				"south": { "uv": [ 8.75, 9.875, 15, 10 ], "texture": "#voxels_atlas" },
				"west": { "uv": [ 9.375, 2, 9.625, 2.125 ], "texture": "#voxels_atlas" },
				"east": { "uv": [ 9.625, 2.125, 9.375, 2.25 ], "texture": "#voxels_atlas" }
			}
		},
		{
			"__comment": "Voxels",
			"from": [ 2, 16.5, 7 ],
			"to": [ 5, 17, 9.5 ],
			"faces": {
				"down": { "uv": [ 6, 6.75, 6.75, 7.375 ], "texture": "#voxels_atlas" },
				"up": { "uv": [ 6, 6.75, 6.75, 6.125 ], "texture": "#voxels_atlas" },
				"north": { "uv": [ 16, 7.5, 15.25, 7.625 ], "texture": "#voxels_atlas" },
				"south": { "uv": [ 14.125, 6.625, 14.875, 6.75 ], "texture": "#voxels_atlas" },
				"west": { "uv": [ 8.75, 6.375, 9.375, 6.5 ], "texture": "#voxels_atlas" },
				"east": { "uv": [ 9.375, 6.25, 8.75, 6.375 ], "texture": "#voxels_atlas" }
			}
		},
		{
			"__comment": "Voxels",
			"from": [ 2, 18, 8 ],
			"to": [ 25.5, 18.5, 9 ],
			"faces": {
				"down": { "uv": [ 5.875, 10.375, 11.75, 10.625 ], "texture": "#voxels_atlas" },
				"up": { "uv": [ 0, 10.625, 5.875, 10.375 ], "texture": "#voxels_atlas" },
				"north": { "uv": [ 11.375, 9.5, 5.5, 9.625 ], "texture": "#voxels_atlas" },
				"south": { "uv": [ 8.75, 9.625, 14.625, 9.75 ], "texture": "#voxels_atlas" },
				"west": { "uv": [ 9.375, 0, 9.625, 0.125 ], "texture": "#voxels_atlas" },
				"east": { "uv": [ 9.625, 2.5, 9.375, 2.625 ], "texture": "#voxels_atlas" }
			}
		},
		{
			"__comment": "Voxels",
			"from": [ 2, 27.5, 7 ],
			"to": [ 22, 28, 9.5 ],
			"faces": {
				"down": { "uv": [ 0, 13, 5, 13.625 ], "texture": "#voxels_atlas" },
				"up": { "uv": [ 5, 13.625, 10, 13 ], "texture": "#voxels_atlas" },
				"north": { "uv": [ 16, 9.375, 11, 9.5 ], "texture": "#voxels_atlas" },
				"south": { "uv": [ 11, 9.25, 16, 9.375 ], "texture": "#voxels_atlas" },
				"west": { "uv": [ 8.75, 6.125, 9.375, 6.25 ], "texture": "#voxels_atlas" },
				"east": { "uv": [ 9.375, 6, 8.75, 6.125 ], "texture": "#voxels_atlas" }
			}
		},
		{
			"__comment": "Voxels",
			"from": [ 2.5, 26, 7.5 ],
			"to": [ 3.5, 26.5, 9 ],
			"faces": {
				"down": { "uv": [ 5.75, 3.375, 6, 3.75 ], "texture": "#voxels_atlas" },
				"up": { "uv": [ 5.75, 3.375, 6, 3 ], "texture": "#voxels_atlas" },
				"north": { "uv": [ 9.625, 2.625, 9.375, 2.75 ], "texture": "#voxels_atlas" },
				"south": { "uv": [ 9.375, 2.75, 9.625, 2.875 ], "texture": "#voxels_atlas" },
				"west": { "uv": [ 7.25, 4.25, 7.625, 4.375 ], "texture": "#voxels_atlas" },
				"east": { "uv": [ 7.625, 4.125, 7.25, 4.25 ], "texture": "#voxels_atlas" }
			}
		},
		{
			"__comment": "Voxels",
			"from": [ 3, 16, 7 ],
			"to": [ 5, 16.5, 9.5 ],
			"faces": {
				"down": { "uv": [ 6, 0, 6.5, 0.625 ], "texture": "#voxels_atlas" },
				"up": { "uv": [ 6.75, 8.125, 7.25, 7.5 ], "texture": "#voxels_atlas" },
				"north": { "uv": [ 10.375, 6.375, 9.875, 6.5 ], "texture": "#voxels_atlas" },
				"south": { "uv": [ 10.875, 6.375, 11.375, 6.5 ], "texture": "#voxels_atlas" },
				"west": { "uv": [ 8.75, 5.875, 9.375, 6 ], "texture": "#voxels_atlas" },
				"east": { "uv": [ 9.375, 5.75, 8.75, 5.875 ], "texture": "#voxels_atlas" }
			}
		},
		{
			"__comment": "Voxels",
			"from": [ 3, 17.5, 7.5 ],
			"to": [ 3.5, 18, 9 ],
			"faces": {
				"down": { "uv": [ 6.5, 1.5, 6.625, 1.875 ], "texture": "#voxels_atlas" },
				"up": { "uv": [ 6.625, 1.875, 6.75, 1.5 ], "texture": "#voxels_atlas" },
				"north": { "uv": [ 7.625, 0.625, 7.5, 0.75 ], "texture": "#voxels_atlas" },
				"south": { "uv": [ 15.875, 9.125, 16, 9.25 ], "texture": "#voxels_atlas" },
				"west": { "uv": [ 7.25, 2.625, 7.625, 2.75 ], "texture": "#voxels_atlas" },
				"east": { "uv": [ 7.625, 1.5, 7.25, 1.625 ], "texture": "#voxels_atlas" }
			}
		},
		{
			"__comment": "Voxels",
			"from": [ 3.5, 15.5, 7 ],
			"to": [ 5.5, 16, 9.5 ],
			"faces": {
				"down": { "uv": [ 6.75, 5.625, 7.25, 6.25 ], "texture": "#voxels_atlas" },
				"up": { "uv": [ 4.875, 0.75, 5.375, 0.125 ], "texture": "#voxels_atlas" },
				"north": { "uv": [ 8.75, 3.625, 8.25, 3.75 ], "texture": "#voxels_atlas" },
				"south": { "uv": [ 8.25, 1, 8.75, 1.125 ], "texture": "#voxels_atlas" },
				"west": { "uv": [ 8.75, 5.625, 9.375, 5.75 ], "texture": "#voxels_atlas" },
				"east": { "uv": [ 9.375, 5.5, 8.75, 5.625 ], "texture": "#voxels_atlas" }
			}
		},
		{
			"__comment": "Voxels",
			"from": [ 3.5, 17.5, 8 ],
			"to": [ 25, 18, 9 ],
			"faces": {
				"down": { "uv": [ 0, 9.375, 5.375, 9.625 ], "texture": "#voxels_atlas" },
				"up": { "uv": [ 0, 9.875, 5.375, 9.625 ], "texture": "#voxels_atlas" },
				"north": { "uv": [ 10.875, 9, 5.5, 9.125 ], "texture": "#voxels_atlas" },
				"south": { "uv": [ 5.5, 9.125, 10.875, 9.25 ], "texture": "#voxels_atlas" },
				"west": { "uv": [ 9.375, 2.875, 9.625, 3 ], "texture": "#voxels_atlas" },
				"east": { "uv": [ 9.625, 3, 9.375, 3.125 ], "texture": "#voxels_atlas" }
			}
		},
		{
			"__comment": "Voxels",
			"from": [ 3.5, 18, 7.5 ],
			"to": [ 4.5, 18.5, 8 ],
			"faces": {
				"down": { "uv": [ 9.375, 3.125, 9.625, 3.25 ], "texture": "#voxels_atlas" },
				"up": { "uv": [ 9.375, 3.625, 9.625, 3.5 ], "texture": "#voxels_atlas" },
				"north": { "uv": [ 9.625, 3.625, 9.375, 3.75 ], "texture": "#voxels_atlas" },
				"south": { "uv": [ 9.375, 3.75, 9.625, 3.875 ], "texture": "#voxels_atlas" },
				"west": { "uv": [ 9.625, 3.125, 9.75, 3.25 ], "texture": "#voxels_atlas" },
				"east": { "uv": [ 9.75, 3.75, 9.625, 3.875 ], "texture": "#voxels_atlas" }
			}
		},
		{
			"__comment": "Voxels",
			"from": [ 3.5, 25.5, 7.5 ],
			"to": [ 5, 26, 8 ],
			"faces": {
				"down": { "uv": [ 7.25, 3.625, 7.625, 3.75 ], "texture": "#voxels_atlas" },
				"up": { "uv": [ 7.25, 7, 7.625, 6.875 ], "texture": "#voxels_atlas" },
				"north": { "uv": [ 7.625, 5.875, 7.25, 6 ], "texture": "#voxels_atlas" },
				"south": { "uv": [ 7.25, 2.375, 7.625, 2.5 ], "texture": "#voxels_atlas" },
				"west": { "uv": [ 15.625, 6.25, 15.75, 6.375 ], "texture": "#voxels_atlas" },
				"east": { "uv": [ 14.25, 6.25, 14.125, 6.375 ], "texture": "#voxels_atlas" }
			}
		},
		{
			"__comment": "Voxels",
			"from": [ 3.5, 26, 8 ],
			"to": [ 25.5, 26.5, 9 ],
			"faces": {
				"down": { "uv": [ 0, 10.125, 5.5, 10.375 ], "texture": "#voxels_atlas" },
				"up": { "uv": [ 0, 10.125, 5.5, 9.875 ], "texture": "#voxels_atlas" },
				"north": { "uv": [ 11, 9.375, 5.5, 9.5 ], "texture": "#voxels_atlas" },
				"south": { "uv": [ 5.5, 9.25, 11, 9.375 ], "texture": "#voxels_atlas" },
				"west": { "uv": [ 9.375, 3.875, 9.625, 4 ], "texture": "#voxels_atlas" },
				"east": { "uv": [ 9.625, 4, 9.375, 4.125 ], "texture": "#voxels_atlas" }
			}
		},
		{
			"__comment": "Voxels",
			"from": [ 3.5, 28, 7 ],
			"to": [ 20.5, 28.5, 9.5 ],
			"faces": {
				"down": { "uv": [ 0, 12.375, 4.25, 13 ], "texture": "#voxels_atlas" },
				"up": { "uv": [ 10, 13.625, 14.25, 13 ], "texture": "#voxels_atlas" },
				"north": { "uv": [ 15.625, 9.5, 11.375, 9.625 ], "texture": "#voxels_atlas" },
				"south": { "uv": [ 6, 8.625, 10.25, 8.75 ], "texture": "#voxels_atlas" },
				"west": { "uv": [ 8.75, 5.375, 9.375, 5.5 ], "texture": "#voxels_atlas" },
				"east": { "uv": [ 9.375, 5.25, 8.75, 5.375 ], "texture": "#voxels_atlas" }
			}
		},
		{
			"__comment": "Voxels",
			"from": [ 4, 14.5, 7 ],
			"to": [ 6, 15, 9.5 ],
			"faces": {
				"down": { "uv": [ 6.75, 4.375, 7.25, 5 ], "texture": "#voxels_atlas" },
				"up": { "uv": [ 6.75, 5.625, 7.25, 5 ], "texture": "#voxels_atlas" },
				"north": { "uv": [ 15.25, 6.5, 14.75, 6.625 ], "texture": "#voxels_atlas" },
				"south": { "uv": [ 9.375, 6.375, 9.875, 6.5 ], "texture": "#voxels_atlas" },
				"west": { "uv": [ 8.75, 5.125, 9.375, 5.25 ], "texture": "#voxels_atlas" },
				"east": { "uv": [ 9.375, 5, 8.75, 5.125 ], "texture": "#voxels_atlas" }
			}
		},
		{
			"__comment": "Voxels",
			"from": [ 4, 15, 7 ],
			"to": [ 5.5, 15.5, 9.5 ],
			"faces": {
				"down": { "uv": [ 1.875, 0.875, 2.25, 1.5 ], "texture": "#voxels_atlas" },
				"up": { "uv": [ 1.875, 0.875, 2.25, 0.25 ], "texture": "#voxels_atlas" },
				"north": { "uv": [ 7.625, 2.75, 7.25, 2.875 ], "texture": "#voxels_atlas" },
				"south": { "uv": [ 7.25, 4.5, 7.625, 4.625 ], "texture": "#voxels_atlas" },
				"west": { "uv": [ 8.75, 2.875, 9.375, 3 ], "texture": "#voxels_atlas" },
				"east": { "uv": [ 9.375, 4.875, 8.75, 5 ], "texture": "#voxels_atlas" }
			}
		},
		{
			"__comment": "Voxels",
			"from": [ 4, 17, 8 ],
			"to": [ 24, 17.5, 9 ],
			"faces": {
				"down": { "uv": [ 0, 8, 5, 8.25 ], "texture": "#voxels_atlas" },
				"up": { "uv": [ 0, 8, 5, 7.75 ], "texture": "#voxels_atlas" },
				"north": { "uv": [ 15.875, 9, 10.875, 9.125 ], "texture": "#voxels_atlas" },
				"south": { "uv": [ 10.875, 9.125, 15.875, 9.25 ], "texture": "#voxels_atlas" },
				"west": { "uv": [ 9.375, 4.5, 9.625, 4.625 ], "texture": "#voxels_atlas" },
				"east": { "uv": [ 9.625, 4.625, 9.375, 4.75 ], "texture": "#voxels_atlas" }
			}
		},
		{
			"__comment": "Voxels",
			"from": [ 4, 26.5, 8 ],
			"to": [ 25, 27, 9 ],
			"faces": {
				"down": { "uv": [ 0, 9.125, 5.25, 9.375 ], "texture": "#voxels_atlas" },
				"up": { "uv": [ 0, 9.125, 5.25, 8.875 ], "texture": "#voxels_atlas" },
				"north": { "uv": [ 10.75, 8.875, 5.5, 9 ], "texture": "#voxels_atlas" },
				"south": { "uv": [ 10.75, 8.875, 16, 9 ], "texture": "#voxels_atlas" },
				"west": { "uv": [ 9.375, 4.75, 9.625, 4.875 ], "texture": "#voxels_atlas" },
				"east": { "uv": [ 9.625, 4.875, 9.375, 5 ], "texture": "#voxels_atlas" }
			}
		},
		{
			"__comment": "Voxels",
			"from": [ 4.5, 4.5, 7 ],
			"to": [ 6.5, 5.5, 9.5 ],
			"faces": {
				"down": { "uv": [ 6, 0.625, 6.5, 1.25 ], "texture": "#voxels_atlas" },
				"up": { "uv": [ 6, 3.125, 6.5, 2.5 ], "texture": "#voxels_atlas" },
				"north": { "uv": [ 8.125, 4.375, 7.625, 4.625 ], "texture": "#voxels_atlas" },
				"south": { "uv": [ 7.625, 4.125, 8.125, 4.375 ], "texture": "#voxels_atlas" },
				"west": { "uv": [ 15.375, 10.125, 16, 10.375 ], "texture": "#voxels_atlas" },
				"east": { "uv": [ 8.25, 7.375, 7.625, 7.625 ], "texture": "#voxels_atlas" }
			}
		},
		{
			"__comment": "Voxels",
			"from": [ 4.5, 5.5, 7 ],
			"to": [ 6, 14.5, 9.5 ],
			"faces": {
				"down": { "uv": [ 2.25, 0.25, 2.625, 0.875 ], "texture": "#voxels_atlas" },
				"up": { "uv": [ 2.25, 2.125, 2.625, 1.5 ], "texture": "#voxels_atlas" },
				"north": { "uv": [ 3, 2.125, 2.625, 4.375 ], "texture": "#voxels_atlas" },
				"south": { "uv": [ 2.25, 2.125, 2.625, 4.375 ], "texture": "#voxels_atlas" },
				"west": { "uv": [ 13.625, 13.75, 14.25, 16 ], "texture": "#voxels_atlas" },
				"east": { "uv": [ 14.875, 13.75, 14.25, 16 ], "texture": "#voxels_atlas" }
			}
		},
		{
			"__comment": "Voxels",
			"from": [ 4.5, 18.5, 7.5 ],
			"to": [ 5, 19, 8 ],
			"faces": {
				"down": { "uv": [ 9.625, 0.625, 9.75, 0.75 ], "texture": "#voxels_atlas" },
				"up": { "uv": [ 9.625, 0.875, 9.75, 0.75 ], "texture": "#voxels_atlas" },
				"north": { "uv": [ 9.75, 0.875, 9.625, 1 ], "texture": "#voxels_atlas" },
				"south": { "uv": [ 9.625, 1.25, 9.75, 1.375 ], "texture": "#voxels_atlas" },
				"west": { "uv": [ 12.875, 6.25, 13, 6.375 ], "texture": "#voxels_atlas" },
				"east": { "uv": [ 9.75, 5.625, 9.625, 5.75 ], "texture": "#voxels_atlas" }
			}
		},
		{
			"__comment": "Voxels",
			"from": [ 5, 3.5, 7 ],
			"to": [ 7, 4.5, 9.5 ],
			"faces": {
				"down": { "uv": [ 6.75, 6.875, 7.25, 7.5 ], "texture": "#voxels_atlas" },
				"up": { "uv": [ 6.75, 6.875, 7.25, 6.25 ], "texture": "#voxels_atlas" },
				"north": { "uv": [ 8.75, 7, 8.25, 7.25 ], "texture": "#voxels_atlas" },
				"south": { "uv": [ 8.25, 6.75, 8.75, 7 ], "texture": "#voxels_atlas" },
				"west": { "uv": [ 7.625, 7.125, 8.25, 7.375 ], "texture": "#voxels_atlas" },
				"east": { "uv": [ 8.25, 6.875, 7.625, 7.125 ], "texture": "#voxels_atlas" }
			}
		},
		{
			"__comment": "Voxels",
			"from": [ 5, 16, 8 ],
			"to": [ 21, 17, 9 ],
			"faces": {
				"down": { "uv": [ 0, 5.5, 4, 5.75 ], "texture": "#voxels_atlas" },
				"up": { "uv": [ 0, 6.25, 4, 6 ], "texture": "#voxels_atlas" },
				"north": { "uv": [ 4, 6.25, 0, 6.5 ], "texture": "#voxels_atlas" },
				"south": { "uv": [ 0, 5.75, 4, 6 ], "texture": "#voxels_atlas" },
				"west": { "uv": [ 15.75, 10.875, 16, 11.125 ], "texture": "#voxels_atlas" },
				"east": { "uv": [ 16, 11.875, 15.75, 12.125 ], "texture": "#voxels_atlas" }
			}
		},
		{
			"__comment": "Voxels",
			"from": [ 5, 19, 7.5 ],
			"to": [ 6, 19.5, 8 ],
			"faces": {
				"down": { "uv": [ 15.625, 6.375, 15.875, 6.5 ], "texture": "#voxels_atlas" },
				"up": { "uv": [ 15.375, 6.5, 15.625, 6.375 ], "texture": "#voxels_atlas" },
				"north": { "uv": [ 15.375, 6.375, 15.125, 6.5 ], "texture": "#voxels_atlas" },
				"south": { "uv": [ 14.875, 6.375, 15.125, 6.5 ], "texture": "#voxels_atlas" },
				"west": { "uv": [ 9.625, 5.5, 9.75, 5.625 ], "texture": "#voxels_atlas" },
				"east": { "uv": [ 9.75, 5.125, 9.625, 5.25 ], "texture": "#voxels_atlas" }
			}
		},
		{
			"__comment": "Voxels",
			"from": [ 5, 25, 7.5 ],
			"to": [ 6.5, 25.5, 8 ],
			"faces": {
				"down": { "uv": [ 7.25, 7.5, 7.625, 7.625 ], "texture": "#voxels_atlas" },
				"up": { "uv": [ 15.625, 9.625, 16, 9.5 ], "texture": "#voxels_atlas" },
				"north": { "uv": [ 15, 9.625, 14.625, 9.75 ], "texture": "#voxels_atlas" },
				"south": { "uv": [ 7.25, 2.125, 7.625, 2.25 ], "texture": "#voxels_atlas" },
				"west": { "uv": [ 9.625, 1, 9.75, 1.125 ], "texture": "#voxels_atlas" },
				"east": { "uv": [ 9.75, 0.5, 9.625, 0.625 ], "texture": "#voxels_atlas" }
			}
		},
		{
			"__comment": "Voxels",
			"from": [ 5.5, 2.5, 7 ],
			"to": [ 7.5, 3, 9.5 ],
			"faces": {
				"down": { "uv": [ 6, 1.875, 6.5, 2.5 ], "texture": "#voxels_atlas" },
				"up": { "uv": [ 6, 1.875, 6.5, 1.25 ], "texture": "#voxels_atlas" },
				"north": { "uv": [ 8.75, 1.25, 8.25, 1.375 ], "texture": "#voxels_atlas" },
				"south": { "uv": [ 15.5, 6.625, 16, 6.75 ], "texture": "#voxels_atlas" },
				"west": { "uv": [ 8.75, 4.75, 9.375, 4.875 ], "texture": "#voxels_atlas" },
				"east": { "uv": [ 9.375, 4.625, 8.75, 4.75 ], "texture": "#voxels_atlas" }
			}
		},
		{
			"__comment": "Voxels",
			"from": [ 5.5, 3, 7 ],
			"to": [ 7, 3.5, 9.5 ],
			"faces": {
				"down": { "uv": [ 2.25, 0.875, 2.625, 1.5 ], "texture": "#voxels_atlas" },
				"up": { "uv": [ 1.875, 2.125, 2.25, 1.5 ], "texture": "#voxels_atlas" },
				"north": { "uv": [ 7.625, 5.625, 7.25, 5.75 ], "texture": "#voxels_atlas" },
				"south": { "uv": [ 7.25, 3.5, 7.625, 3.625 ], "texture": "#voxels_atlas" },
				"west": { "uv": [ 8.75, 4.5, 9.375, 4.625 ], "texture": "#voxels_atlas" },
				"east": { "uv": [ 9.375, 4.375, 8.75, 4.5 ], "texture": "#voxels_atlas" }
			}
		},
		{
			"__comment": "Voxels",
			"from": [ 5.5, 15, 8 ],
			"to": [ 20, 16, 9 ],
			"faces": {
				"down": { "uv": [ 1.5, 5, 5.125, 5.25 ], "texture": "#voxels_atlas" },
				"up": { "uv": [ 1.5, 5.5, 5.125, 5.25 ], "texture": "#voxels_atlas" },
				"north": { "uv": [ 3.625, 4.375, 0, 4.625 ], "texture": "#voxels_atlas" },
				"south": { "uv": [ 0, 4.625, 3.625, 4.875 ], "texture": "#voxels_atlas" },
				"west": { "uv": [ 5.75, 2.75, 6, 3 ], "texture": "#voxels_atlas" },
				"east": { "uv": [ 5.5, 6.25, 5.25, 6.5 ], "texture": "#voxels_atlas" }
			}
		},
		{
			"__comment": "Voxels",
			"from": [ 6, 2, 7 ],
			"to": [ 9, 2.5, 9.5 ],
			"faces": {
				"down": { "uv": [ 6, 7.375, 6.75, 8 ], "texture": "#voxels_atlas" },
				"up": { "uv": [ 6, 6.125, 6.75, 5.5 ], "texture": "#voxels_atlas" },
				"north": { "uv": [ 11.125, 6.625, 10.375, 6.75 ], "texture": "#voxels_atlas" },
				"south": { "uv": [ 13.375, 6.625, 14.125, 6.75 ], "texture": "#voxels_atlas" },
				"west": { "uv": [ 8.75, 4.25, 9.375, 4.375 ], "texture": "#voxels_atlas" },
				"east": { "uv": [ 9.375, 4.125, 8.75, 4.25 ], "texture": "#voxels_atlas" }
			}
		},
		{
			"__comment": "Voxels",
			"from": [ 6, 5.5, 8 ],
			"to": [ 19.5, 15, 9 ],
			"faces": {
				"down": { "uv": [ 5.5, 10.125, 8.875, 10.375 ], "texture": "#voxels_atlas" },
				"up": { "uv": [ 12.5, 10.875, 15.875, 10.625 ], "texture": "#voxels_atlas" },
				"north": { "uv": [ 6.75, 13.625, 3.375, 16 ], "texture": "#voxels_atlas" },
				"south": { "uv": [ 0, 13.625, 3.375, 16 ], "texture": "#voxels_atlas" },
				"west": { "uv": [ 5.5, 1.75, 5.75, 4.125 ], "texture": "#voxels_atlas" },
				"east": { "uv": [ 6, 6.5, 5.75, 8.875 ], "texture": "#voxels_atlas" }
			}
		},
		{
			"__comment": "Voxels",
			"from": [ 6, 19.5, 7.5 ],
			"to": [ 7, 20, 8 ],
			"faces": {
				"down": { "uv": [ 15.75, 6.5, 16, 6.625 ], "texture": "#voxels_atlas" },
				"up": { "uv": [ 15.75, 6.875, 16, 6.75 ], "texture": "#voxels_atlas" },
				"north": { "uv": [ 16, 7, 15.75, 7.125 ], "texture": "#voxels_atlas" },
				"south": { "uv": [ 15.75, 7.125, 16, 7.25 ], "texture": "#voxels_atlas" },
				"west": { "uv": [ 7.5, 0.375, 7.625, 0.5 ], "texture": "#voxels_atlas" },
				"east": { "uv": [ 7.625, 0.25, 7.5, 0.375 ], "texture": "#voxels_atlas" }
			}
		},
		{
			"__comment": "Voxels",
			"from": [ 6, 21, 7.5 ],
			"to": [ 6.5, 23, 8 ],
			"faces": {
				"down": { "uv": [ 8.125, 2.5, 8.25, 2.625 ], "texture": "#voxels_atlas" },
				"up": { "uv": [ 8.125, 2.5, 8.25, 2.375 ], "texture": "#voxels_atlas" },
				"north": { "uv": [ 5.5, 0.25, 5.375, 0.75 ], "texture": "#voxels_atlas" },
				"south": { "uv": [ 1.75, 1, 1.875, 1.5 ], "texture": "#voxels_atlas" },
				"west": { "uv": [ 1.375, 0.875, 1.5, 1.375 ], "texture": "#voxels_atlas" },
				"east": { "uv": [ 16, 13.75, 15.875, 14.25 ], "texture": "#voxels_atlas" }
			}
		},
		{
			"__comment": "Voxels",
			"from": [ 6, 28.5, 7 ],
			"to": [ 18, 29, 9.5 ],
			"faces": {
				"down": { "uv": [ 7.25, 12.375, 10.25, 13 ], "texture": "#voxels_atlas" },
				"up": { "uv": [ 4.25, 13, 7.25, 12.375 ], "texture": "#voxels_atlas" },
				"north": { "uv": [ 4.5, 4.875, 1.5, 5 ], "texture": "#voxels_atlas" },
				"south": { "uv": [ 10.25, 8.625, 13.25, 8.75 ], "texture": "#voxels_atlas" },
				"west": { "uv": [ 8.75, 1.25, 9.375, 1.375 ], "texture": "#voxels_atlas" },
				"east": { "uv": [ 9.375, 4, 8.75, 4.125 ], "texture": "#voxels_atlas" }
			}
		},
		{
			"__comment": "Voxels",
			"from": [ 6.5, 1.5, 7 ],
			"to": [ 10, 2, 9.5 ],
			"faces": {
				"down": { "uv": [ 4.625, 7.125, 5.5, 7.75 ], "texture": "#voxels_atlas" },
				"up": { "uv": [ 4, 0.75, 4.875, 0.125 ], "texture": "#voxels_atlas" },
				"north": { "uv": [ 14, 6.75, 13.125, 6.875 ], "texture": "#voxels_atlas" },
				"south": { "uv": [ 14, 6.75, 14.875, 6.875 ], "texture": "#voxels_atlas" },
				"west": { "uv": [ 8.75, 3.875, 9.375, 4 ], "texture": "#voxels_atlas" },
				"east": { "uv": [ 9.375, 3.75, 8.75, 3.875 ], "texture": "#voxels_atlas" }
			}
		},
		{
			"__comment": "Voxels",
			"from": [ 6.5, 4.5, 8 ],
			"to": [ 19.5, 5.5, 9 ],
			"faces": {
				"down": { "uv": [ 5.5, 9.625, 8.75, 9.875 ], "texture": "#voxels_atlas" },
				"up": { "uv": [ 5.5, 10.125, 8.75, 9.875 ], "texture": "#voxels_atlas" },
				"north": { "uv": [ 15.375, 10.125, 12.125, 10.375 ], "texture": "#voxels_atlas" },
				"south": { "uv": [ 8.875, 10.125, 12.125, 10.375 ], "texture": "#voxels_atlas" },
				"west": { "uv": [ 6.5, 4.125, 6.75, 4.375 ], "texture": "#voxels_atlas" },
				"east": { "uv": [ 6.75, 4.375, 6.5, 4.625 ], "texture": "#voxels_atlas" }
			}
		},
		{
			"__comment": "Voxels",
			"from": [ 6.5, 20.5, 7.5 ],
			"to": [ 7.5, 21, 8 ],
			"faces": {
				"down": { "uv": [ 10.375, 8, 10.625, 8.125 ], "texture": "#voxels_atlas" },
				"up": { "uv": [ 10.375, 8.25, 10.625, 8.125 ], "texture": "#voxels_atlas" },
				"north": { "uv": [ 7.5, 0.375, 7.25, 0.5 ], "texture": "#voxels_atlas" },
				"south": { "uv": [ 7.25, 0.5, 7.5, 0.625 ], "texture": "#voxels_atlas" },
				"west": { "uv": [ 13.625, 6.25, 13.75, 6.375 ], "texture": "#voxels_atlas" },
				"east": { "uv": [ 13.875, 6.25, 13.75, 6.375 ], "texture": "#voxels_atlas" }
			}
		},
		{
			"__comment": "Voxels",
			"from": [ 6.5, 23, 7.5 ],
			"to": [ 7.5, 23.5, 8 ],
			"faces": {
				"down": { "uv": [ 7.25, 0.625, 7.5, 0.75 ], "texture": "#voxels_atlas" },
				"up": { "uv": [ 7.25, 0.875, 7.5, 0.75 ], "texture": "#voxels_atlas" },
				"north": { "uv": [ 6.75, 0, 6.5, 0.125 ], "texture": "#voxels_atlas" },
				"south": { "uv": [ 6.5, 0.125, 6.75, 0.25 ], "texture": "#voxels_atlas" },
				"west": { "uv": [ 15.75, 6.25, 15.875, 6.375 ], "texture": "#voxels_atlas" },
				"east": { "uv": [ 16, 6.25, 15.875, 6.375 ], "texture": "#voxels_atlas" }
			}
		},
		{
			"__comment": "Voxels",
			"from": [ 6.5, 24.5, 7.5 ],
			"to": [ 8, 25, 8 ],
			"faces": {
				"down": { "uv": [ 7.25, 5.75, 7.625, 5.875 ], "texture": "#voxels_atlas" },
				"up": { "uv": [ 7.25, 6.375, 7.625, 6.25 ], "texture": "#voxels_atlas" },
				"north": { "uv": [ 7.625, 3.875, 7.25, 4 ], "texture": "#voxels_atlas" },
				"south": { "uv": [ 7.25, 4.375, 7.625, 4.5 ], "texture": "#voxels_atlas" },
				"west": { "uv": [ 9.625, 1.875, 9.75, 2 ], "texture": "#voxels_atlas" },
				"east": { "uv": [ 9.75, 1.75, 9.625, 1.875 ], "texture": "#voxels_atlas" }
			}
		},
		{
			"__comment": "Voxels",
			"from": [ 7, 1, 7 ],
			"to": [ 17, 1.5, 9.5 ],
			"faces": {
				"down": { "uv": [ 10.25, 12.375, 12.75, 13 ], "texture": "#voxels_atlas" },
				"up": { "uv": [ 12.75, 13, 15.25, 12.375 ], "texture": "#voxels_atlas" },
				"north": { "uv": [ 15.375, 8.5, 12.875, 8.625 ], "texture": "#voxels_atlas" },
				"south": { "uv": [ 10.375, 8.5, 12.875, 8.625 ], "texture": "#voxels_atlas" },
				"west": { "uv": [ 8.75, 3.625, 9.375, 3.75 ], "texture": "#voxels_atlas" },
				"east": { "uv": [ 9.375, 3.5, 8.75, 3.625 ], "texture": "#voxels_atlas" }
			}
		},
		{
			"__comment": "Voxels",
			"from": [ 7, 3, 8 ],
			"to": [ 18.5, 4.5, 9 ],
			"faces": {
				"down": { "uv": [ 13, 11.125, 15.875, 11.375 ], "texture": "#voxels_atlas" },
				"up": { "uv": [ 13, 11.625, 15.875, 11.375 ], "texture": "#voxels_atlas" },
				"north": { "uv": [ 2.875, 6.75, 0, 7.125 ], "texture": "#voxels_atlas" },
				"south": { "uv": [ 1.75, 7.375, 4.625, 7.75 ], "texture": "#voxels_atlas" },
				"west": { "uv": [ 5.5, 0.375, 5.75, 0.75 ], "texture": "#voxels_atlas" },
				"east": { "uv": [ 5.75, 0, 5.5, 0.375 ], "texture": "#voxels_atlas" }
			}
		},
		{
			"__comment": "Voxels",
			"from": [ 7, 20, 7.5 ],
			"to": [ 9, 20.5, 8 ],
			"faces": {
				"down": { "uv": [ 15.5, 7.875, 16, 8 ], "texture": "#voxels_atlas" },
				"up": { "uv": [ 15, 8, 15.5, 7.875 ], "texture": "#voxels_atlas" },
				"north": { "uv": [ 7.25, 0, 6.75, 0.125 ], "texture": "#voxels_atlas" },
				"south": { "uv": [ 14.875, 13.625, 15.375, 13.75 ], "texture": "#voxels_atlas" },
				"west": { "uv": [ 9.875, 6.125, 10, 6.25 ], "texture": "#voxels_atlas" },
				"east": { "uv": [ 9.875, 6.125, 9.75, 6.25 ], "texture": "#voxels_atlas" }
			}
		},
		{
			"__comment": "Voxels",
			"from": [ 7, 27, 8 ],
			"to": [ 24, 27.5, 9 ],
			"faces": {
				"down": { "uv": [ 0, 6.5, 4.25, 6.75 ], "texture": "#voxels_atlas" },
				"up": { "uv": [ 11.75, 10.625, 16, 10.375 ], "texture": "#voxels_atlas" },
				"north": { "uv": [ 14.5, 8.75, 10.25, 8.875 ], "texture": "#voxels_atlas" },
				"south": { "uv": [ 6, 8.75, 10.25, 8.875 ], "texture": "#voxels_atlas" },
				"west": { "uv": [ 12.125, 6.25, 12.375, 6.375 ], "texture": "#voxels_atlas" },
				"east": { "uv": [ 12.125, 6.25, 11.875, 6.375 ], "texture": "#voxels_atlas" }
			}
		},
		{
			"__comment": "Voxels",
			"from": [ 7.5, 2.5, 8 ],
			"to": [ 18.5, 3, 9 ],
			"faces": {
				"down": { "uv": [ 13, 10.875, 15.75, 11.125 ], "texture": "#voxels_atlas" },
				"up": { "uv": [ 1.75, 7.375, 4.5, 7.125 ], "texture": "#voxels_atlas" },
				"north": { "uv": [ 16, 8.625, 13.25, 8.75 ], "texture": "#voxels_atlas" },
				"south": { "uv": [ 7.625, 8.5, 10.375, 8.625 ], "texture": "#voxels_atlas" },
				"west": { "uv": [ 11.125, 6.25, 11.375, 6.375 ], "texture": "#voxels_atlas" },
				"east": { "uv": [ 11.125, 6.25, 10.875, 6.375 ], "texture": "#voxels_atlas" }
			}
		},
		{
			"__comment": "Voxels",
			"from": [ 7.5, 23.5, 7.5 ],
			"to": [ 9, 24, 8 ],
			"faces": {
				"down": { "uv": [ 7.25, 1.125, 7.625, 1.25 ], "texture": "#voxels_atlas" },
				"up": { "uv": [ 7.25, 4.125, 7.625, 4 ], "texture": "#voxels_atlas" },
				"north": { "uv": [ 7.625, 3.375, 7.25, 3.5 ], "texture": "#voxels_atlas" },
				"south": { "uv": [ 7.25, 3.25, 7.625, 3.375 ], "texture": "#voxels_atlas" },
				"west": { "uv": [ 14.25, 6.25, 14.375, 6.375 ], "texture": "#voxels_atlas" },
				"east": { "uv": [ 14, 6.25, 13.875, 6.375 ], "texture": "#voxels_atlas" }
			}
		},
		{
			"__comment": "Voxels",
			"from": [ 8, 0.5, 7 ],
			"to": [ 16, 1, 9.5 ],
			"faces": {
				"down": { "uv": [ 0, 8.25, 2, 8.875 ], "texture": "#voxels_atlas" },
				"up": { "uv": [ 2, 8.875, 4, 8.25 ], "texture": "#voxels_atlas" },
				"north": { "uv": [ 10.625, 8.25, 8.625, 8.375 ], "texture": "#voxels_atlas" },
				"south": { "uv": [ 12.125, 8.375, 14.125, 8.5 ], "texture": "#voxels_atlas" },
				"west": { "uv": [ 8.75, 3.375, 9.375, 3.5 ], "texture": "#voxels_atlas" },
				"east": { "uv": [ 9.375, 3.25, 8.75, 3.375 ], "texture": "#voxels_atlas" }
			}
		},
		{
			"__comment": "Voxels",
			"from": [ 8, 24, 7.5 ],
			"to": [ 10, 24.5, 8 ],
			"faces": {
				"down": { "uv": [ 15.25, 6.5, 15.75, 6.625 ], "texture": "#voxels_atlas" },
				"up": { "uv": [ 10.375, 6.5, 10.875, 6.375 ], "texture": "#voxels_atlas" },
				"north": { "uv": [ 13.25, 6.5, 12.75, 6.625 ], "texture": "#voxels_atlas" },
				"south": { "uv": [ 13.25, 6.5, 13.75, 6.625 ], "texture": "#voxels_atlas" },
				"west": { "uv": [ 9.625, 1.375, 9.75, 1.5 ], "texture": "#voxels_atlas" },
				"east": { "uv": [ 9.75, 1.5, 9.625, 1.625 ], "texture": "#voxels_atlas" }
			}
		},
		{
			"__comment": "Voxels",
			"from": [ 9, 0, 7 ],
			"to": [ 15, 0.5, 9.5 ],
			"faces": {
				"down": { "uv": [ 0, 4.875, 1.5, 5.5 ], "texture": "#voxels_atlas" },
				"up": { "uv": [ 4, 8.875, 5.5, 8.25 ], "texture": "#voxels_atlas" },
				"north": { "uv": [ 14.75, 8.125, 13.25, 8.25 ], "texture": "#voxels_atlas" },
				"south": { "uv": [ 14.5, 8.75, 16, 8.875 ], "texture": "#voxels_atlas" },
				"west": { "uv": [ 8.75, 3.125, 9.375, 3.25 ], "texture": "#voxels_atlas" },
				"east": { "uv": [ 9.375, 3, 8.75, 3.125 ], "texture": "#voxels_atlas" }
			}
		},
		{
			"__comment": "Voxels",
			"from": [ 9, 2, 8 ],
			"to": [ 18, 2.5, 9 ],
			"faces": {
				"down": { "uv": [ 13.5, 11.875, 15.75, 12.125 ], "texture": "#voxels_atlas" },
				"up": { "uv": [ 13.75, 12.375, 16, 12.125 ], "texture": "#voxels_atlas" },
				"north": { "uv": [ 12.125, 8.375, 9.875, 8.5 ], "texture": "#voxels_atlas" },
				"south": { "uv": [ 7.625, 8.375, 9.875, 8.5 ], "texture": "#voxels_atlas" },
				"west": { "uv": [ 9.375, 5.75, 9.625, 5.875 ], "texture": "#voxels_atlas" },
				"east": { "uv": [ 9.625, 5.875, 9.375, 6 ], "texture": "#voxels_atlas" }
			}
		},
		{
			"__comment": "Voxels",
			"from": [ 9, 19.5, 7.5 ],
			"to": [ 10, 20, 8 ],
			"faces": {
				"down": { "uv": [ 9.375, 6, 9.625, 6.125 ], "texture": "#voxels_atlas" },
				"up": { "uv": [ 9.375, 6.25, 9.625, 6.125 ], "texture": "#voxels_atlas" },
				"north": { "uv": [ 6.75, 1.875, 6.5, 2 ], "texture": "#voxels_atlas" },
				"south": { "uv": [ 6.5, 2.5, 6.75, 2.625 ], "texture": "#voxels_atlas" },
				"west": { "uv": [ 9.625, 5.25, 9.75, 5.375 ], "texture": "#voxels_atlas" },
				"east": { "uv": [ 9.75, 4.875, 9.625, 5 ], "texture": "#voxels_atlas" }
			}
		},
		{
			"__comment": "Voxels",
			"from": [ 9.5, 19, 7.5 ],
			"to": [ 14.5, 19.5, 8 ],
			"faces": {
				"down": { "uv": [ 8.25, 7.5, 9.5, 7.625 ], "texture": "#voxels_atlas" },
				"up": { "uv": [ 7.625, 7.75, 8.875, 7.625 ], "texture": "#voxels_atlas" },
				"north": { "uv": [ 11.375, 7.625, 10.125, 7.75 ], "texture": "#voxels_atlas" },
				"south": { "uv": [ 12.625, 7.625, 13.875, 7.75 ], "texture": "#voxels_atlas" },
				"west": { "uv": [ 9.625, 4.625, 9.75, 4.75 ], "texture": "#voxels_atlas" },
				"east": { "uv": [ 9.75, 4.75, 9.625, 4.875 ], "texture": "#voxels_atlas" }
			}
		},
		{
			"__comment": "Voxels",
			"from": [ 10, 1.5, 8 ],
			"to": [ 17.5, 2, 9 ],
			"faces": {
				"down": { "uv": [ 13.5, 11.625, 15.375, 11.875 ], "texture": "#voxels_atlas" },
				"up": { "uv": [ 2.875, 7.125, 4.75, 6.875 ], "texture": "#voxels_atlas" },
				"north": { "uv": [ 16, 8.375, 14.125, 8.5 ], "texture": "#voxels_atlas" },
				"south": { "uv": [ 2.875, 6.75, 4.75, 6.875 ], "texture": "#voxels_atlas" },
				"west": { "uv": [ 14.375, 6.375, 14.625, 6.5 ], "texture": "#voxels_atlas" },
				"east": { "uv": [ 14.875, 6.375, 14.625, 6.5 ], "texture": "#voxels_atlas" }
			}
		},
		{
			"__comment": "Voxels",
			"from": [ 10, 24.5, 7.5 ],
			"to": [ 14, 25, 8 ],
			"faces": {
				"down": { "uv": [ 8.75, 7, 9.75, 7.125 ], "texture": "#voxels_atlas" },
				"up": { "uv": [ 9.75, 7, 10.75, 6.875 ], "texture": "#voxels_atlas" },
				"north": { "uv": [ 15.25, 7.25, 14.25, 7.375 ], "texture": "#voxels_atlas" },
				"south": { "uv": [ 13.25, 7.25, 14.25, 7.375 ], "texture": "#voxels_atlas" },
				"west": { "uv": [ 13, 6.25, 13.125, 6.375 ], "texture": "#voxels_atlas" },
				"east": { "uv": [ 14.125, 6.25, 14, 6.375 ], "texture": "#voxels_atlas" }
			}
		},
		{
			"__comment": "Voxels",
			"from": [ 11, 11, 9 ],
			"to": [ 13, 13, 12.5 ],
			"faces": {
				"down": { "uv": [ 6, 3.75, 6.5, 4.625 ], "texture": "#voxels_atlas" },
				"up": { "uv": [ 6, 5.5, 6.5, 4.625 ], "texture": "#voxels_atlas" },
				"north": { "uv": [ 7.25, 0.125, 6.75, 0.625 ], "texture": "#voxels_atlas" },
				"south": { "uv": [ 6.75, 2.125, 7.25, 2.625 ], "texture": "#voxels_atlas" },
				"west": { "uv": [ 6.75, 8.125, 7.625, 8.625 ], "texture": "#voxels_atlas" },
				"east": { "uv": [ 5.125, 2.625, 4.25, 3.125 ], "texture": "#voxels_atlas" }
			}
		},
		{
			"__comment": "Voxels",
			"from": [ 11, 13, 11 ],
			"to": [ 13, 22, 12.5 ],
			"faces": {
				"down": { "uv": [ 15, 8, 15.5, 8.375 ], "texture": "#voxels_atlas" },
				"up": { "uv": [ 15.5, 8.375, 16, 8 ], "texture": "#voxels_atlas" },
				"north": { "uv": [ 15.375, 13.75, 14.875, 16 ], "texture": "#voxels_atlas" },
				"south": { "uv": [ 15.375, 13.75, 15.875, 16 ], "texture": "#voxels_atlas" },
				"west": { "uv": [ 1.5, 2.125, 1.875, 4.375 ], "texture": "#voxels_atlas" },
				"east": { "uv": [ 2.25, 2.125, 1.875, 4.375 ], "texture": "#voxels_atlas" }
			}
		},
		{
			"__comment": "Voxels",
			"from": [ 11, 20, 9 ],
			"to": [ 13, 22, 11 ],
			"faces": {
				"down": { "uv": [ 6.75, 0.625, 7.25, 1.125 ], "texture": "#voxels_atlas" },
				"up": { "uv": [ 6.75, 1.625, 7.25, 1.125 ], "texture": "#voxels_atlas" },
				"north": { "uv": [ 8.125, 7.875, 7.625, 8.375 ], "texture": "#voxels_atlas" },
				"south": { "uv": [ 6.75, 2.625, 7.25, 3.125 ], "texture": "#voxels_atlas" },
				"west": { "uv": [ 8.125, 7.875, 8.625, 8.375 ], "texture": "#voxels_atlas" },
				"east": { "uv": [ 7.25, 1.625, 6.75, 2.125 ], "texture": "#voxels_atlas" }
			}
		},
		{
			"__comment": "Voxels",
			"from": [ 14, 1.5, 7 ],
			"to": [ 17.5, 2, 8 ],
			"faces": {
				"down": { "uv": [ 10.625, 7.875, 11.5, 8.125 ], "texture": "#voxels_atlas" },
				"up": { "uv": [ 10.625, 8.375, 11.5, 8.125 ], "texture": "#voxels_atlas" },
				"north": { "uv": [ 13.125, 6.75, 12.25, 6.875 ], "texture": "#voxels_atlas" },
				"south": { "uv": [ 11.375, 6.75, 12.25, 6.875 ], "texture": "#voxels_atlas" },
				"west": { "uv": [ 10.125, 6.25, 10.375, 6.375 ], "texture": "#voxels_atlas" },
				"east": { "uv": [ 10.625, 6.25, 10.375, 6.375 ], "texture": "#voxels_atlas" }
			}
		},
		{
			"__comment": "Voxels",
			"from": [ 14, 1.5, 9 ],
			"to": [ 17.5, 2, 9.5 ],
			"faces": {
				"down": { "uv": [ 8.75, 6.75, 9.625, 6.875 ], "texture": "#voxels_atlas" },
				"up": { "uv": [ 13.5, 7, 14.375, 6.875 ], "texture": "#voxels_atlas" },
				"north": { "uv": [ 13.5, 6.875, 12.625, 7 ], "texture": "#voxels_atlas" },
				"south": { "uv": [ 8.75, 6.625, 9.625, 6.75 ], "texture": "#voxels_atlas" },
				"west": { "uv": [ 9.625, 2, 9.75, 2.125 ], "texture": "#voxels_atlas" },
				"east": { "uv": [ 9.75, 2.125, 9.625, 2.25 ], "texture": "#voxels_atlas" }
			}
		},
		{
			"__comment": "Voxels",
			"from": [ 14, 19.5, 7.5 ],
			"to": [ 15, 20, 8 ],
			"faces": {
				"down": { "uv": [ 10.625, 6.25, 10.875, 6.375 ], "texture": "#voxels_atlas" },
				"up": { "uv": [ 11.375, 6.375, 11.625, 6.25 ], "texture": "#voxels_atlas" },
				"north": { "uv": [ 11.875, 6.25, 11.625, 6.375 ], "texture": "#voxels_atlas" },
				"south": { "uv": [ 15, 9.875, 15.25, 10 ], "texture": "#voxels_atlas" },
				"west": { "uv": [ 9.625, 2.375, 9.75, 2.5 ], "texture": "#voxels_atlas" },
				"east": { "uv": [ 9.75, 2.5, 9.625, 2.625 ], "texture": "#voxels_atlas" }
			}
		},
		{
			"__comment": "Voxels",
			"from": [ 14, 24, 7.5 ],
			"to": [ 16, 24.5, 8 ],
			"faces": {
				"down": { "uv": [ 8.25, 2.875, 8.75, 3 ], "texture": "#voxels_atlas" },
				"up": { "uv": [ 8.25, 2.875, 8.75, 2.75 ], "texture": "#voxels_atlas" },
				"north": { "uv": [ 8.75, 2.625, 8.25, 2.75 ], "texture": "#voxels_atlas" },
				"south": { "uv": [ 8.25, 2.5, 8.75, 2.625 ], "texture": "#voxels_atlas" },
				"west": { "uv": [ 9.625, 3.25, 9.75, 3.375 ], "texture": "#voxels_atlas" },
				"east": { "uv": [ 9.75, 3.375, 9.625, 3.5 ], "texture": "#voxels_atlas" }
			}
		},
		{
			"__comment": "Voxels",
			"from": [ 15, 20, 7.5 ],
			"to": [ 17, 20.5, 8 ],
			"faces": {
				"down": { "uv": [ 8.25, 2.125, 8.75, 2.25 ], "texture": "#voxels_atlas" },
				"up": { "uv": [ 8.25, 2.125, 8.75, 2 ], "texture": "#voxels_atlas" },
				"north": { "uv": [ 8.75, 1.875, 8.25, 2 ], "texture": "#voxels_atlas" },
				"south": { "uv": [ 8.25, 1.75, 8.75, 1.875 ], "texture": "#voxels_atlas" },
				"west": { "uv": [ 9.625, 3.5, 9.75, 3.625 ], "texture": "#voxels_atlas" },
				"east": { "uv": [ 9.75, 3.625, 9.625, 3.75 ], "texture": "#voxels_atlas" }
			}
		},
		{
			"__comment": "Voxels",
			"from": [ 15, 23.5, 7.5 ],
			"to": [ 16.5, 24, 8 ],
			"faces": {
				"down": { "uv": [ 7.25, 2.5, 7.625, 2.625 ], "texture": "#voxels_atlas" },
				"up": { "uv": [ 7.25, 2.375, 7.625, 2.25 ], "texture": "#voxels_atlas" },
				"north": { "uv": [ 7.625, 1.375, 7.25, 1.5 ], "texture": "#voxels_atlas" },
				"south": { "uv": [ 7.25, 1.25, 7.625, 1.375 ], "texture": "#voxels_atlas" },
				"west": { "uv": [ 9.625, 4.125, 9.75, 4.25 ], "texture": "#voxels_atlas" },
				"east": { "uv": [ 9.75, 4.5, 9.625, 4.625 ], "texture": "#voxels_atlas" }
			}
		},
		{
			"__comment": "Voxels",
			"from": [ 15.5, 2, 7 ],
			"to": [ 18, 2.5, 8 ],
			"faces": {
				"down": { "uv": [ 4.875, 5.5, 5.5, 5.75 ], "texture": "#voxels_atlas" },
				"up": { "uv": [ 15.375, 11.875, 16, 11.625 ], "texture": "#voxels_atlas" },
				"north": { "uv": [ 9.375, 2.75, 8.75, 2.875 ], "texture": "#voxels_atlas" },
				"south": { "uv": [ 8.75, 2.625, 9.375, 2.75 ], "texture": "#voxels_atlas" },
				"west": { "uv": [ 6.5, 4.625, 6.75, 4.75 ], "texture": "#voxels_atlas" },
				"east": { "uv": [ 6.75, 3.75, 6.5, 3.875 ], "texture": "#voxels_atlas" }
			}
		},
		{
			"__comment": "Voxels",
			"from": [ 15.5, 2, 9 ],
			"to": [ 18, 2.5, 9.5 ],
			"faces": {
				"down": { "uv": [ 8.75, 2.5, 9.375, 2.625 ], "texture": "#voxels_atlas" },
				"up": { "uv": [ 8.75, 2.5, 9.375, 2.375 ], "texture": "#voxels_atlas" },
				"north": { "uv": [ 9.375, 2.25, 8.75, 2.375 ], "texture": "#voxels_atlas" },
				"south": { "uv": [ 8.75, 2.125, 9.375, 2.25 ], "texture": "#voxels_atlas" },
				"west": { "uv": [ 13.5, 6.25, 13.625, 6.375 ], "texture": "#voxels_atlas" },
				"east": { "uv": [ 9.75, 5.375, 9.625, 5.5 ], "texture": "#voxels_atlas" }
			}
		},
		{
			"__comment": "Voxels",
			"from": [ 16, 24.5, 7.5 ],
			"to": [ 17.5, 25, 8 ],
			"faces": {
				"down": { "uv": [ 7.25, 5.125, 7.625, 5.25 ], "texture": "#voxels_atlas" },
				"up": { "uv": [ 7.25, 5, 7.625, 4.875 ], "texture": "#voxels_atlas" },
				"north": { "uv": [ 7.625, 4.75, 7.25, 4.875 ], "texture": "#voxels_atlas" },
				"south": { "uv": [ 7.25, 4.625, 7.625, 4.75 ], "texture": "#voxels_atlas" },
				"west": { "uv": [ 9.625, 6, 9.75, 6.125 ], "texture": "#voxels_atlas" },
				"east": { "uv": [ 9.75, 6.125, 9.625, 6.25 ], "texture": "#voxels_atlas" }
			}
		},
		{
			"__comment": "Voxels",
			"from": [ 16.5, 2.5, 7 ],
			"to": [ 18.5, 3, 8 ],
			"faces": {
				"down": { "uv": [ 8.25, 3.75, 8.75, 4 ], "texture": "#voxels_atlas" },
				"up": { "uv": [ 8.25, 4.25, 8.75, 4 ], "texture": "#voxels_atlas" },
				"north": { "uv": [ 8.75, 1.5, 8.25, 1.625 ], "texture": "#voxels_atlas" },
				"south": { "uv": [ 8.25, 1.375, 8.75, 1.5 ], "texture": "#voxels_atlas" },
				"west": { "uv": [ 6.5, 1.375, 6.75, 1.5 ], "texture": "#voxels_atlas" },
				"east": { "uv": [ 6.75, 1.25, 6.5, 1.375 ], "texture": "#voxels_atlas" }
			}
		},
		{
			"__comment": "Voxels",
			"from": [ 16.5, 2.5, 9 ],
			"to": [ 18.5, 3, 9.5 ],
			"faces": {
				"down": { "uv": [ 8.25, 0.875, 8.75, 1 ], "texture": "#voxels_atlas" },
				"up": { "uv": [ 8.25, 0.625, 8.75, 0.5 ], "texture": "#voxels_atlas" },
				"north": { "uv": [ 8.75, 0.375, 8.25, 0.5 ], "texture": "#voxels_atlas" },
				"south": { "uv": [ 8.25, 0, 8.75, 0.125 ], "texture": "#voxels_atlas" },
				"west": { "uv": [ 15.375, 6.25, 15.5, 6.375 ], "texture": "#voxels_atlas" },
				"east": { "uv": [ 15.375, 6.25, 15.25, 6.375 ], "texture": "#voxels_atlas" }
			}
		},
		{
			"__comment": "Voxels",
			"from": [ 16.5, 20.5, 7.5 ],
			"to": [ 17.5, 21, 8 ],
			"faces": {
				"down": { "uv": [ 6.5, 1.125, 6.75, 1.25 ], "texture": "#voxels_atlas" },
				"up": { "uv": [ 6.5, 1.125, 6.75, 1 ], "texture": "#voxels_atlas" },
				"north": { "uv": [ 6.75, 0.875, 6.5, 1 ], "texture": "#voxels_atlas" },
				"south": { "uv": [ 6.5, 0.75, 6.75, 0.875 ], "texture": "#voxels_atlas" },
				"west": { "uv": [ 15, 6.25, 15.125, 6.375 ], "texture": "#voxels_atlas" },
				"east": { "uv": [ 14.75, 6.25, 14.625, 6.375 ], "texture": "#voxels_atlas" }
			}
		},
		{
			"__comment": "Voxels",
			"from": [ 16.5, 23, 7.5 ],
			"to": [ 17.5, 23.5, 8 ],
			"faces": {
				"down": { "uv": [ 6.5, 0.625, 6.75, 0.75 ], "texture": "#voxels_atlas" },
				"up": { "uv": [ 6.5, 0.625, 6.75, 0.5 ], "texture": "#voxels_atlas" },
				"north": { "uv": [ 6.75, 0.375, 6.5, 0.5 ], "texture": "#voxels_atlas" },
				"south": { "uv": [ 6.5, 0.25, 6.75, 0.375 ], "texture": "#voxels_atlas" },
				"west": { "uv": [ 14.5, 6.25, 14.625, 6.375 ], "texture": "#voxels_atlas" },
				"east": { "uv": [ 14.5, 6.25, 14.375, 6.375 ], "texture": "#voxels_atlas" }
			}
		},
		{
			"__comment": "Voxels",
			"from": [ 17, 3, 7 ],
			"to": [ 18.5, 4.5, 8 ],
			"faces": {
				"down": { "uv": [ 7.25, 6.625, 7.625, 6.875 ], "texture": "#voxels_atlas" },
				"up": { "uv": [ 7.25, 7.5, 7.625, 7.25 ], "texture": "#voxels_atlas" },
				"north": { "uv": [ 1.875, 0, 1.5, 0.375 ], "texture": "#voxels_atlas" },
				"south": { "uv": [ 2.625, 0, 3, 0.375 ], "texture": "#voxels_atlas" },
				"west": { "uv": [ 5.5, 0.75, 5.75, 1.125 ], "texture": "#voxels_atlas" },
				"east": { "uv": [ 6, 3.75, 5.75, 4.125 ], "texture": "#voxels_atlas" }
			}
		},
		{
			"__comment": "Voxels",
			"from": [ 17, 3, 9 ],
			"to": [ 18.5, 4.5, 9.5 ],
			"faces": {
				"down": { "uv": [ 13.25, 13.625, 13.625, 13.75 ], "texture": "#voxels_atlas" },
				"up": { "uv": [ 5.125, 2.75, 5.5, 2.625 ], "texture": "#voxels_atlas" },
				"north": { "uv": [ 5.5, 4.875, 5.125, 5.25 ], "texture": "#voxels_atlas" },
				"south": { "uv": [ 5.125, 2.75, 5.5, 3.125 ], "texture": "#voxels_atlas" },
				"west": { "uv": [ 6.5, 3.125, 6.625, 3.5 ], "texture": "#voxels_atlas" },
				"east": { "uv": [ 6.75, 3.125, 6.625, 3.5 ], "texture": "#voxels_atlas" }
			}
		},
		{
			"__comment": "Voxels",
			"from": [ 17, 19.5, 7.5 ],
			"to": [ 18, 20, 8 ],
			"faces": {
				"down": { "uv": [ 7.25, 0.25, 7.5, 0.375 ], "texture": "#voxels_atlas" },
				"up": { "uv": [ 7.25, 0.25, 7.5, 0.125 ], "texture": "#voxels_atlas" },
				"north": { "uv": [ 9.625, 6.25, 9.375, 6.375 ], "texture": "#voxels_atlas" },
				"south": { "uv": [ 7.25, 0, 7.5, 0.125 ], "texture": "#voxels_atlas" },
				"west": { "uv": [ 13.125, 6.25, 13.25, 6.375 ], "texture": "#voxels_atlas" },
				"east": { "uv": [ 8.25, 1.375, 8.125, 1.5 ], "texture": "#voxels_atlas" }
			}
		},
		{
			"__comment": "Voxels",
			"from": [ 17, 27, 7 ],
			"to": [ 24, 27.5, 8 ],
			"faces": {
				"down": { "uv": [ 3.625, 4.625, 5.375, 4.875 ], "texture": "#voxels_atlas" },
				"up": { "uv": [ 3.625, 4.625, 5.375, 4.375 ], "texture": "#voxels_atlas" },
				"north": { "uv": [ 13.25, 8.125, 11.5, 8.25 ], "texture": "#voxels_atlas" },
				"south": { "uv": [ 8.625, 7.875, 10.375, 8 ], "texture": "#voxels_atlas" },
				"west": { "uv": [ 10.375, 7.875, 10.625, 8 ], "texture": "#voxels_atlas" },
				"east": { "uv": [ 15, 8.125, 14.75, 8.25 ], "texture": "#voxels_atlas" }
			}
		},
		{
			"__comment": "Voxels",
			"from": [ 17, 27, 9 ],
			"to": [ 24, 27.5, 9.5 ],
			"faces": {
				"down": { "uv": [ 8.625, 8, 10.375, 8.125 ], "texture": "#voxels_atlas" },
				"up": { "uv": [ 11.5, 8.125, 13.25, 8 ], "texture": "#voxels_atlas" },
				"north": { "uv": [ 10.375, 8.125, 8.625, 8.25 ], "texture": "#voxels_atlas" },
				"south": { "uv": [ 11.5, 8.25, 13.25, 8.375 ], "texture": "#voxels_atlas" },
				"west": { "uv": [ 8.125, 2.125, 8.25, 2.25 ], "texture": "#voxels_atlas" },
				"east": { "uv": [ 8.25, 2.25, 8.125, 2.375 ], "texture": "#voxels_atlas" }
			}
		},
		{
			"__comment": "Voxels",
			"from": [ 17.5, 4.5, 7 ],
			"to": [ 19.5, 5.5, 8 ],
			"faces": {
				"down": { "uv": [ 8.25, 5, 8.75, 5.25 ], "texture": "#voxels_atlas" },
				"up": { "uv": [ 8.25, 5.5, 8.75, 5.25 ], "texture": "#voxels_atlas" },
				"north": { "uv": [ 8.75, 5.5, 8.25, 5.75 ], "texture": "#voxels_atlas" },
				"south": { "uv": [ 8.25, 5.75, 8.75, 6 ], "texture": "#voxels_atlas" },
				"west": { "uv": [ 6.5, 3.875, 6.75, 4.125 ], "texture": "#voxels_atlas" },
				"east": { "uv": [ 6.75, 3.5, 6.5, 3.75 ], "texture": "#voxels_atlas" }
			}
		},
		{
			"__comment": "Voxels",
			"from": [ 17.5, 4.5, 9 ],
			"to": [ 19.5, 5.5, 9.5 ],
			"faces": {
				"down": { "uv": [ 11.375, 6.375, 11.875, 6.5 ], "texture": "#voxels_atlas" },
				"up": { "uv": [ 11.875, 6.5, 12.375, 6.375 ], "texture": "#voxels_atlas" },
				"north": { "uv": [ 8.75, 6, 8.25, 6.25 ], "texture": "#voxels_atlas" },
				"south": { "uv": [ 8.25, 4.25, 8.75, 4.5 ], "texture": "#voxels_atlas" },
				"west": { "uv": [ 15.875, 11.375, 16, 11.625 ], "texture": "#voxels_atlas" },
				"east": { "uv": [ 16, 11.125, 15.875, 11.375 ], "texture": "#voxels_atlas" }
			}
		},
		{
			"__comment": "Voxels",
			"from": [ 17.5, 21, 7.5 ],
			"to": [ 18, 23, 8 ],
			"faces": {
				"down": { "uv": [ 7.5, 0.5, 7.625, 0.625 ], "texture": "#voxels_atlas" },
				"up": { "uv": [ 5.375, 0.25, 5.5, 0.125 ], "texture": "#voxels_atlas" },
				"north": { "uv": [ 6.625, 2.625, 6.5, 3.125 ], "texture": "#voxels_atlas" },
				"south": { "uv": [ 6.625, 2.625, 6.75, 3.125 ], "texture": "#voxels_atlas" },
				"west": { "uv": [ 6.5, 2, 6.625, 2.5 ], "texture": "#voxels_atlas" },
				"east": { "uv": [ 6.75, 2, 6.625, 2.5 ], "texture": "#voxels_atlas" }
			}
		},
		{
			"__comment": "Voxels",
			"from": [ 17.5, 25, 7.5 ],
			"to": [ 19, 25.5, 8 ],
			"faces": {
				"down": { "uv": [ 7.25, 2, 7.625, 2.125 ], "texture": "#voxels_atlas" },
				"up": { "uv": [ 7.25, 2, 7.625, 1.875 ], "texture": "#voxels_atlas" },
				"north": { "uv": [ 7.625, 1.75, 7.25, 1.875 ], "texture": "#voxels_atlas" },
				"south": { "uv": [ 7.25, 1.625, 7.625, 1.75 ], "texture": "#voxels_atlas" },
				"west": { "uv": [ 9.625, 0, 9.75, 0.125 ], "texture": "#voxels_atlas" },
				"east": { "uv": [ 9.75, 0.125, 9.625, 0.25 ], "texture": "#voxels_atlas" }
			}
		},
		{
			"__comment": "Voxels",
			"from": [ 18, 5.5, 7 ],
			"to": [ 19.5, 15, 8 ],
			"faces": {
				"down": { "uv": [ 0.75, 0, 1.125, 0.25 ], "texture": "#voxels_atlas" },
				"up": { "uv": [ 1.125, 0.25, 1.5, 0 ], "texture": "#voxels_atlas" },
				"north": { "uv": [ 0.375, 2, 0, 4.375 ], "texture": "#voxels_atlas" },
				"south": { "uv": [ 0.375, 2, 0.75, 4.375 ], "texture": "#voxels_atlas" },
				"west": { "uv": [ 5.5, 4.125, 5.75, 6.5 ], "texture": "#voxels_atlas" },
				"east": { "uv": [ 5.75, 6.5, 5.5, 8.875 ], "texture": "#voxels_atlas" }
			}
		},
		{
			"__comment": "Voxels",
			"from": [ 18, 5.5, 9 ],
			"to": [ 19.5, 15, 9.5 ],
			"faces": {
				"down": { "uv": [ 7.25, 5.5, 7.625, 5.625 ], "texture": "#voxels_atlas" },
				"up": { "uv": [ 7.25, 5.5, 7.625, 5.375 ], "texture": "#voxels_atlas" },
				"north": { "uv": [ 1.125, 2, 0.75, 4.375 ], "texture": "#voxels_atlas" },
				"south": { "uv": [ 1.125, 2, 1.5, 4.375 ], "texture": "#voxels_atlas" },
				"west": { "uv": [ 5.875, 4.125, 6, 6.5 ], "texture": "#voxels_atlas" },
				"east": { "uv": [ 5.875, 4.125, 5.75, 6.5 ], "texture": "#voxels_atlas" }
			}
		},
		{
			"__comment": "Voxels",
			"from": [ 18, 19, 7.5 ],
			"to": [ 19, 19.5, 8 ],
			"faces": {
				"down": { "uv": [ 13.375, 6.375, 13.625, 6.5 ], "texture": "#voxels_atlas" },
				"up": { "uv": [ 13.625, 6.5, 13.875, 6.375 ], "texture": "#voxels_atlas" },
				"north": { "uv": [ 14.125, 6.375, 13.875, 6.5 ], "texture": "#voxels_atlas" },
				"south": { "uv": [ 14.125, 6.375, 14.375, 6.5 ], "texture": "#voxels_atlas" },
				"west": { "uv": [ 9.625, 1.125, 9.75, 1.25 ], "texture": "#voxels_atlas" },
				"east": { "uv": [ 9.75, 3.875, 9.625, 4 ], "texture": "#voxels_atlas" }
			}
		},
		{
			"__comment": "Voxels",
			"from": [ 18.5, 3.5, 7 ],
			"to": [ 19, 4.5, 9.5 ],
			"faces": {
				"down": { "uv": [ 1.375, 1.375, 1.5, 2 ], "texture": "#voxels_atlas" },
				"up": { "uv": [ 1.75, 2.125, 1.875, 1.5 ], "texture": "#voxels_atlas" },
				"north": { "uv": [ 16, 10.625, 15.875, 10.875 ], "texture": "#voxels_atlas" },
				"south": { "uv": [ 5.375, 9.625, 5.5, 9.875 ], "texture": "#voxels_atlas" },
				"west": { "uv": [ 7.625, 6.375, 8.25, 6.625 ], "texture": "#voxels_atlas" },
				"east": { "uv": [ 8.25, 6.625, 7.625, 6.875 ], "texture": "#voxels_atlas" }
			}
		},
		{
			"__comment": "Voxels",
			"from": [ 18.5, 15, 7 ],
			"to": [ 20, 16, 8 ],
			"faces": {
				"down": { "uv": [ 7.25, 6.375, 7.625, 6.625 ], "texture": "#voxels_atlas" },
				"up": { "uv": [ 7.25, 7.25, 7.625, 7 ], "texture": "#voxels_atlas" },
				"north": { "uv": [ 7.625, 7.625, 7.25, 7.875 ], "texture": "#voxels_atlas" },
				"south": { "uv": [ 7.25, 7.875, 7.625, 8.125 ], "texture": "#voxels_atlas" },
				"west": { "uv": [ 6.5, 5, 6.75, 5.25 ], "texture": "#voxels_atlas" },
				"east": { "uv": [ 6.75, 4.75, 6.5, 5 ], "texture": "#voxels_atlas" }
			}
		},
		{
			"__comment": "Voxels",
			"from": [ 18.5, 15, 9 ],
			"to": [ 20, 16, 9.5 ],
			"faces": {
				"down": { "uv": [ 7.25, 5, 7.625, 5.125 ], "texture": "#voxels_atlas" },
				"up": { "uv": [ 7.25, 3, 7.625, 2.875 ], "texture": "#voxels_atlas" },
				"north": { "uv": [ 2.625, 0, 2.25, 0.25 ], "texture": "#voxels_atlas" },
				"south": { "uv": [ 1.875, 0, 2.25, 0.25 ], "texture": "#voxels_atlas" },
				"west": { "uv": [ 5.375, 9.375, 5.5, 9.625 ], "texture": "#voxels_atlas" },
				"east": { "uv": [ 4.625, 7.125, 4.5, 7.375 ], "texture": "#voxels_atlas" }
			}
		},
		{
			"__comment": "Voxels",
			"from": [ 19, 16, 7 ],
			"to": [ 21, 17, 8 ],
			"faces": {
				"down": { "uv": [ 7.625, 4.625, 8.125, 4.875 ], "texture": "#voxels_atlas" },
				"up": { "uv": [ 14.5, 8.125, 15, 7.875 ], "texture": "#voxels_atlas" },
				"north": { "uv": [ 5.5, 5.75, 5, 6 ], "texture": "#voxels_atlas" },
				"south": { "uv": [ 5, 6, 5.5, 6.25 ], "texture": "#voxels_atlas" },
				"west": { "uv": [ 5.75, 1.25, 6, 1.5 ], "texture": "#voxels_atlas" },
				"east": { "uv": [ 6, 0.75, 5.75, 1 ], "texture": "#voxels_atlas" }
			}
		},
		{
			"__comment": "Voxels",
			"from": [ 19, 16, 9 ],
			"to": [ 21, 17, 9.5 ],
			"faces": {
				"down": { "uv": [ 13.75, 6.5, 14.25, 6.625 ], "texture": "#voxels_atlas" },
				"up": { "uv": [ 14.25, 6.625, 14.75, 6.5 ], "texture": "#voxels_atlas" },
				"north": { "uv": [ 8.125, 0.125, 7.625, 0.375 ], "texture": "#voxels_atlas" },
				"south": { "uv": [ 7.625, 0.375, 8.125, 0.625 ], "texture": "#voxels_atlas" },
				"west": { "uv": [ 5.375, 4.625, 5.5, 4.875 ], "texture": "#voxels_atlas" },
				"east": { "uv": [ 5.5, 4.375, 5.375, 4.625 ], "texture": "#voxels_atlas" }
			}
		},
		{
			"__comment": "Voxels",
			"from": [ 19, 18.5, 7.5 ],
			"to": [ 19.5, 19, 8 ],
			"faces": {
				"down": { "uv": [ 12.5, 6.25, 12.625, 6.375 ], "texture": "#voxels_atlas" },
				"up": { "uv": [ 12.375, 6.375, 12.5, 6.25 ], "texture": "#voxels_atlas" },
				"north": { "uv": [ 16, 6.375, 15.875, 6.5 ], "texture": "#voxels_atlas" },
				"south": { "uv": [ 8.125, 1.625, 8.25, 1.75 ], "texture": "#voxels_atlas" },
				"west": { "uv": [ 8.125, 1, 8.25, 1.125 ], "texture": "#voxels_atlas" },
				"east": { "uv": [ 8.25, 1.125, 8.125, 1.25 ], "texture": "#voxels_atlas" }
			}
		},
		{
			"__comment": "Voxels",
			"from": [ 19, 25.5, 7.5 ],
			"to": [ 20.5, 26, 8 ],
			"faces": {
				"down": { "uv": [ 7.25, 5.25, 7.625, 5.375 ], "texture": "#voxels_atlas" },
				"up": { "uv": [ 7.25, 3.125, 7.625, 3 ], "texture": "#voxels_atlas" },
				"north": { "uv": [ 7.625, 3.125, 7.25, 3.25 ], "texture": "#voxels_atlas" },
				"south": { "uv": [ 7.25, 3.75, 7.625, 3.875 ], "texture": "#voxels_atlas" },
				"west": { "uv": [ 8.125, 1.5, 8.25, 1.625 ], "texture": "#voxels_atlas" },
				"east": { "uv": [ 8.25, 1.25, 8.125, 1.375 ], "texture": "#voxels_atlas" }
			}
		},
		{
			"__comment": "Voxels",
			"from": [ 19.5, 14.5, 7 ],
			"to": [ 20, 15, 9.5 ],
			"faces": {
				"down": { "uv": [ 2.875, 1.5, 3, 2.125 ], "texture": "#voxels_atlas" },
				"up": { "uv": [ 2.875, 1.25, 3, 0.625 ], "texture": "#voxels_atlas" },
				"north": { "uv": [ 8.25, 0.125, 8.125, 0.25 ], "texture": "#voxels_atlas" },
				"south": { "uv": [ 8.125, 1.75, 8.25, 1.875 ], "texture": "#voxels_atlas" },
				"west": { "uv": [ 8.75, 2, 9.375, 2.125 ], "texture": "#voxels_atlas" },
				"east": { "uv": [ 9.375, 1.875, 8.75, 2 ], "texture": "#voxels_atlas" }
			}
		},
		{
			"__comment": "Voxels",
			"from": [ 19.5, 18, 7.5 ],
			"to": [ 20.5, 18.5, 8 ],
			"faces": {
				"down": { "uv": [ 9.375, 5.625, 9.625, 5.75 ], "texture": "#voxels_atlas" },
				"up": { "uv": [ 9.375, 5.625, 9.625, 5.5 ], "texture": "#voxels_atlas" },
				"north": { "uv": [ 9.625, 5.375, 9.375, 5.5 ], "texture": "#voxels_atlas" },
				"south": { "uv": [ 9.375, 5.25, 9.625, 5.375 ], "texture": "#voxels_atlas" },
				"west": { "uv": [ 12.625, 6.25, 12.75, 6.375 ], "texture": "#voxels_atlas" },
				"east": { "uv": [ 12.875, 6.25, 12.75, 6.375 ], "texture": "#voxels_atlas" }
			}
		},
		{
			"__comment": "Voxels",
			"from": [ 20, 15.5, 7 ],
			"to": [ 20.5, 16, 9.5 ],
			"faces": {
				"down": { "uv": [ 5.375, 1.375, 5.5, 2 ], "texture": "#voxels_atlas" },
				"up": { "uv": [ 5.375, 1.375, 5.5, 0.75 ], "texture": "#voxels_atlas" },
				"north": { "uv": [ 9.75, 2.875, 9.625, 3 ], "texture": "#voxels_atlas" },
				"south": { "uv": [ 9.625, 1.625, 9.75, 1.75 ], "texture": "#voxels_atlas" },
				"west": { "uv": [ 8.75, 1.75, 9.375, 1.875 ], "texture": "#voxels_atlas" },
				"east": { "uv": [ 9.375, 1.625, 8.75, 1.75 ], "texture": "#voxels_atlas" }
			}
		},
		{
			"__comment": "Voxels",
			"from": [ 20, 17, 7 ],
			"to": [ 24, 17.5, 8 ],
			"faces": {
				"down": { "uv": [ 4, 5.75, 5, 6 ], "texture": "#voxels_atlas" },
				"up": { "uv": [ 4, 6.25, 5, 6 ], "texture": "#voxels_atlas" },
				"north": { "uv": [ 15.25, 7.375, 14.25, 7.5 ], "texture": "#voxels_atlas" },
				"south": { "uv": [ 8.25, 7.375, 9.25, 7.5 ], "texture": "#voxels_atlas" },
				"west": { "uv": [ 9.375, 5.125, 9.625, 5.25 ], "texture": "#voxels_atlas" },
				"east": { "uv": [ 9.625, 5, 9.375, 5.125 ], "texture": "#voxels_atlas" }
			}
		},
		{
			"__comment": "Voxels",
			"from": [ 20, 17, 9 ],
			"to": [ 24, 17.5, 9.5 ],
			"faces": {
				"down": { "uv": [ 3, 0, 4, 0.125 ], "texture": "#voxels_atlas" },
				"up": { "uv": [ 10.75, 7, 11.75, 6.875 ], "texture": "#voxels_atlas" },
				"north": { "uv": [ 14.75, 7, 13.75, 7.125 ], "texture": "#voxels_atlas" },
				"south": { "uv": [ 12.75, 7, 13.75, 7.125 ], "texture": "#voxels_atlas" },
				"west": { "uv": [ 8.125, 0.875, 8.25, 1 ], "texture": "#voxels_atlas" },
				"east": { "uv": [ 8.25, 0.25, 8.125, 0.375 ], "texture": "#voxels_atlas" }
			}
		},
		{
			"__comment": "Voxels",
			"from": [ 20, 26.5, 7 ],
			"to": [ 25, 27, 8 ],
			"faces": {
				"down": { "uv": [ 4.25, 6.5, 5.5, 6.75 ], "texture": "#voxels_atlas" },
				"up": { "uv": [ 4, 6.5, 5.25, 6.25 ], "texture": "#voxels_atlas" },
				"north": { "uv": [ 10.125, 7.625, 8.875, 7.75 ], "texture": "#voxels_atlas" },
				"south": { "uv": [ 13.875, 7.75, 15.125, 7.875 ], "texture": "#voxels_atlas" },
				"west": { "uv": [ 9.375, 4.25, 9.625, 4.375 ], "texture": "#voxels_atlas" },
				"east": { "uv": [ 9.625, 4.125, 9.375, 4.25 ], "texture": "#voxels_atlas" }
			}
		},
		{
			"__comment": "Voxels",
			"from": [ 20, 26.5, 9 ],
			"to": [ 25, 27, 9.5 ],
			"faces": {
				"down": { "uv": [ 12.625, 7.75, 13.875, 7.875 ], "texture": "#voxels_atlas" },
				"up": { "uv": [ 11.375, 7.875, 12.625, 7.75 ], "texture": "#voxels_atlas" },
				"north": { "uv": [ 11.375, 7.75, 10.125, 7.875 ], "texture": "#voxels_atlas" },
				"south": { "uv": [ 8.875, 7.75, 10.125, 7.875 ], "texture": "#voxels_atlas" },
				"west": { "uv": [ 15.125, 6.25, 15.25, 6.375 ], "texture": "#voxels_atlas" },
				"east": { "uv": [ 15.625, 6.25, 15.5, 6.375 ], "texture": "#voxels_atlas" }
			}
		},
		{
			"__comment": "Voxels",
			"from": [ 20.5, 17.5, 7.5 ],
			"to": [ 25, 18, 8 ],
			"faces": {
				"down": { "uv": [ 10.75, 7.5, 11.875, 7.625 ], "texture": "#voxels_atlas" },
				"up": { "uv": [ 11.875, 7.625, 13, 7.5 ], "texture": "#voxels_atlas" },
				"north": { "uv": [ 14.125, 7.5, 13, 7.625 ], "texture": "#voxels_atlas" },
				"south": { "uv": [ 14.125, 7.5, 15.25, 7.625 ], "texture": "#voxels_atlas" },
				"west": { "uv": [ 9.625, 5, 9.75, 5.125 ], "texture": "#voxels_atlas" },
				"east": { "uv": [ 9.75, 4, 9.625, 4.125 ], "texture": "#voxels_atlas" }
			}
		},
		{
			"__comment": "Voxels",
			"from": [ 20.5, 26, 7.5 ],
			"to": [ 25.5, 26.5, 8 ],
			"faces": {
				"down": { "uv": [ 7.625, 7.75, 8.875, 7.875 ], "texture": "#voxels_atlas" },
				"up": { "uv": [ 13.25, 8, 14.5, 7.875 ], "texture": "#voxels_atlas" },
				"north": { "uv": [ 14.5, 8, 13.25, 8.125 ], "texture": "#voxels_atlas" },
				"south": { "uv": [ 9.5, 7.5, 10.75, 7.625 ], "texture": "#voxels_atlas" },
				"west": { "uv": [ 9.625, 2.75, 9.75, 2.875 ], "texture": "#voxels_atlas" },
				"east": { "uv": [ 9.75, 2.25, 9.625, 2.375 ], "texture": "#voxels_atlas" }
			}
		},
		{
			"__comment": "Voxels",
			"from": [ 21, 16.5, 7 ],
			"to": [ 22, 17, 9.5 ],
			"faces": {
				"down": { "uv": [ 5.5, 1.125, 5.75, 1.75 ], "texture": "#voxels_atlas" },
				"up": { "uv": [ 5.25, 3.75, 5.5, 3.125 ], "texture": "#voxels_atlas" },
				"north": { "uv": [ 9.625, 3.375, 9.375, 3.5 ], "texture": "#voxels_atlas" },
				"south": { "uv": [ 9.375, 3.25, 9.625, 3.375 ], "texture": "#voxels_atlas" },
				"west": { "uv": [ 8.75, 1.5, 9.375, 1.625 ], "texture": "#voxels_atlas" },
				"east": { "uv": [ 9.375, 1.375, 8.75, 1.5 ], "texture": "#voxels_atlas" }
			}
		},
		{
			"__comment": "Voxels",
			"from": [ 21, 17.5, 7 ],
			"to": [ 25, 18, 7.5 ],
			"faces": {
				"down": { "uv": [ 13.75, 7.125, 14.75, 7.25 ], "texture": "#voxels_atlas" },
				"up": { "uv": [ 9.25, 7.5, 10.25, 7.375 ], "texture": "#voxels_atlas" },
				"north": { "uv": [ 11.25, 7.375, 10.25, 7.5 ], "texture": "#voxels_atlas" },
				"south": { "uv": [ 8.75, 7.125, 9.75, 7.25 ], "texture": "#voxels_atlas" },
				"west": { "uv": [ 9.625, 0.375, 9.75, 0.5 ], "texture": "#voxels_atlas" },
				"east": { "uv": [ 9.75, 0.25, 9.625, 0.375 ], "texture": "#voxels_atlas" }
			}
		},
		{
			"__comment": "Voxels",
			"from": [ 21, 17.5, 9 ],
			"to": [ 25, 18, 9.5 ],
			"faces": {
				"down": { "uv": [ 11.25, 7.375, 12.25, 7.5 ], "texture": "#voxels_atlas" },
				"up": { "uv": [ 9.75, 7.25, 10.75, 7.125 ], "texture": "#voxels_atlas" },
				"north": { "uv": [ 11.75, 7.125, 10.75, 7.25 ], "texture": "#voxels_atlas" },
				"south": { "uv": [ 11.75, 7.125, 12.75, 7.25 ], "texture": "#voxels_atlas" },
				"west": { "uv": [ 15.875, 9, 16, 9.125 ], "texture": "#voxels_atlas" },
				"east": { "uv": [ 7.625, 0.75, 7.5, 0.875 ], "texture": "#voxels_atlas" }
			}
		},
		{
			"__comment": "Voxels",
			"from": [ 21.5, 26, 7 ],
			"to": [ 25.5, 26.5, 7.5 ],
			"faces": {
				"down": { "uv": [ 12.75, 7.125, 13.75, 7.25 ], "texture": "#voxels_atlas" },
				"up": { "uv": [ 14.75, 7.25, 15.75, 7.125 ], "texture": "#voxels_atlas" },
				"north": { "uv": [ 10.75, 7, 9.75, 7.125 ], "texture": "#voxels_atlas" },
				"south": { "uv": [ 10.75, 7, 11.75, 7.125 ], "texture": "#voxels_atlas" },
				"west": { "uv": [ 7.5, 0.125, 7.625, 0.25 ], "texture": "#voxels_atlas" },
				"east": { "uv": [ 7.625, 0, 7.5, 0.125 ], "texture": "#voxels_atlas" }
			}
		},
		{
			"__comment": "Voxels",
			"from": [ 21.5, 26, 9 ],
			"to": [ 25.5, 26.5, 9.5 ],
			"faces": {
				"down": { "uv": [ 12.25, 7.25, 13.25, 7.375 ], "texture": "#voxels_atlas" },
				"up": { "uv": [ 11.75, 7.125, 12.75, 7 ], "texture": "#voxels_atlas" },
				"north": { "uv": [ 15.75, 7, 14.75, 7.125 ], "texture": "#voxels_atlas" },
				"south": { "uv": [ 8.75, 6.875, 9.75, 7 ], "texture": "#voxels_atlas" },
				"west": { "uv": [ 8.125, 2, 8.25, 2.125 ], "texture": "#voxels_atlas" },
				"east": { "uv": [ 8.25, 1.875, 8.125, 2 ], "texture": "#voxels_atlas" }
			}
		},
		{
			"__comment": "Voxels",
			"from": [ 22, 18, 7 ],
			"to": [ 25.5, 18.5, 8 ],
			"faces": {
				"down": { "uv": [ 4, 5.5, 4.875, 5.75 ], "texture": "#voxels_atlas" },
				"up": { "uv": [ 15, 9.875, 15.875, 9.625 ], "texture": "#voxels_atlas" },
				"north": { "uv": [ 15.75, 6.75, 14.875, 6.875 ], "texture": "#voxels_atlas" },
				"south": { "uv": [ 9.625, 6.75, 10.5, 6.875 ], "texture": "#voxels_atlas" },
				"west": { "uv": [ 9.375, 2.375, 9.625, 2.5 ], "texture": "#voxels_atlas" },
				"east": { "uv": [ 9.625, 2.25, 9.375, 2.375 ], "texture": "#voxels_atlas" }
			}
		},
		{
			"__comment": "Voxels",
			"from": [ 22, 18, 9 ],
			"to": [ 25.5, 18.5, 9.5 ],
			"faces": {
				"down": { "uv": [ 4, 0, 4.875, 0.125 ], "texture": "#voxels_atlas" },
				"up": { "uv": [ 11.75, 7, 12.625, 6.875 ], "texture": "#voxels_atlas" },
				"north": { "uv": [ 11.375, 6.75, 10.5, 6.875 ], "texture": "#voxels_atlas" },
				"south": { "uv": [ 14.375, 6.875, 15.25, 7 ], "texture": "#voxels_atlas" },
				"west": { "uv": [ 8.125, 0.5, 8.25, 0.625 ], "texture": "#voxels_atlas" },
				"east": { "uv": [ 8.25, 0.375, 8.125, 0.5 ], "texture": "#voxels_atlas" }
			}
		},
		{
			"__comment": "Voxels",
			"from": [ 23, 25.5, 7 ],
			"to": [ 26, 26, 8 ],
			"faces": {
				"down": { "uv": [ 4.75, 6.875, 5.5, 7.125 ], "texture": "#voxels_atlas" },
				"up": { "uv": [ 15.25, 10.125, 16, 9.875 ], "texture": "#voxels_atlas" },
				"north": { "uv": [ 16, 7.25, 15.25, 7.375 ], "texture": "#voxels_atlas" },
				"south": { "uv": [ 9.625, 6.625, 10.375, 6.75 ], "texture": "#voxels_atlas" },
				"west": { "uv": [ 9.375, 1.375, 9.625, 1.5 ], "texture": "#voxels_atlas" },
				"east": { "uv": [ 9.625, 1.25, 9.375, 1.375 ], "texture": "#voxels_atlas" }
			}
		},
		{
			"__comment": "Voxels",
			"from": [ 23, 25.5, 9 ],
			"to": [ 26, 26, 9.5 ],
			"faces": {
				"down": { "uv": [ 15.25, 6.875, 16, 7 ], "texture": "#voxels_atlas" },
				"up": { "uv": [ 11.875, 6.75, 12.625, 6.625 ], "texture": "#voxels_atlas" },
				"north": { "uv": [ 13.375, 6.625, 12.625, 6.75 ], "texture": "#voxels_atlas" },
				"south": { "uv": [ 15.25, 7.375, 16, 7.5 ], "texture": "#voxels_atlas" },
				"west": { "uv": [ 13.25, 6.25, 13.375, 6.375 ], "texture": "#voxels_atlas" },
				"east": { "uv": [ 13.5, 6.25, 13.375, 6.375 ], "texture": "#voxels_atlas" }
			}
		},
		{
			"__comment": "Voxels",
			"from": [ 23.5, 18.5, 7 ],
			"to": [ 26, 19, 8 ],
			"faces": {
				"down": { "uv": [ 7.625, 4.875, 8.25, 5.125 ], "texture": "#voxels_atlas" },
				"up": { "uv": [ 7.625, 5.375, 8.25, 5.125 ], "texture": "#voxels_atlas" },
				"north": { "uv": [ 9.375, 1.125, 8.75, 1.25 ], "texture": "#voxels_atlas" },
				"south": { "uv": [ 8.75, 1, 9.375, 1.125 ], "texture": "#voxels_atlas" },
				"west": { "uv": [ 9.375, 0.75, 9.625, 0.875 ], "texture": "#voxels_atlas" },
				"east": { "uv": [ 9.625, 0.625, 9.375, 0.75 ], "texture": "#voxels_atlas" }
			}
		},
		{
			"__comment": "Voxels",
			"from": [ 23.5, 18.5, 9 ],
			"to": [ 26, 19, 9.5 ],
			"faces": {
				"down": { "uv": [ 8.75, 0.875, 9.375, 1 ], "texture": "#voxels_atlas" },
				"up": { "uv": [ 8.75, 0.875, 9.375, 0.75 ], "texture": "#voxels_atlas" },
				"north": { "uv": [ 9.375, 0.625, 8.75, 0.75 ], "texture": "#voxels_atlas" },
				"south": { "uv": [ 8.75, 0.5, 9.375, 0.625 ], "texture": "#voxels_atlas" },
				"west": { "uv": [ 14.75, 6.25, 14.875, 6.375 ], "texture": "#voxels_atlas" },
				"east": { "uv": [ 15, 6.25, 14.875, 6.375 ], "texture": "#voxels_atlas" }
			}
		},
		{
			"__comment": "Voxels",
			"from": [ 24, 19, 7 ],
			"to": [ 26, 19.5, 8 ],
			"faces": {
				"down": { "uv": [ 5, 7.75, 5.5, 8 ], "texture": "#voxels_atlas" },
				"up": { "uv": [ 7.625, 4.125, 8.125, 3.875 ], "texture": "#voxels_atlas" },
				"north": { "uv": [ 12.75, 6.5, 12.25, 6.625 ], "texture": "#voxels_atlas" },
				"south": { "uv": [ 11.25, 6.5, 11.75, 6.625 ], "texture": "#voxels_atlas" },
				"west": { "uv": [ 9.375, 0.375, 9.625, 0.5 ], "texture": "#voxels_atlas" },
				"east": { "uv": [ 9.625, 0.25, 9.375, 0.375 ], "texture": "#voxels_atlas" }
			}
		},
		{
			"__comment": "Voxels",
			"from": [ 24, 19, 9 ],
			"to": [ 26, 19.5, 9.5 ],
			"faces": {
				"down": { "uv": [ 8.25, 1.625, 8.75, 1.75 ], "texture": "#voxels_atlas" },
				"up": { "uv": [ 8.25, 3.125, 8.75, 3 ], "texture": "#voxels_atlas" },
				"north": { "uv": [ 8.75, 3.125, 8.25, 3.25 ], "texture": "#voxels_atlas" },
				"south": { "uv": [ 8.25, 3.25, 8.75, 3.375 ], "texture": "#voxels_atlas" },
				"west": { "uv": [ 9.625, 5.875, 9.75, 6 ], "texture": "#voxels_atlas" },
				"east": { "uv": [ 9.75, 5.75, 9.625, 5.875 ], "texture": "#voxels_atlas" }
			}
		},
		{
			"__comment": "Voxels",
			"from": [ 24, 25, 7 ],
			"to": [ 26, 25.5, 8 ],
			"faces": {
				"down": { "uv": [ 5, 8, 5.5, 8.25 ], "texture": "#voxels_atlas" },
				"up": { "uv": [ 7.625, 3.625, 8.125, 3.375 ], "texture": "#voxels_atlas" },
				"north": { "uv": [ 12.25, 6.5, 11.75, 6.625 ], "texture": "#voxels_atlas" },
				"south": { "uv": [ 8.25, 0.125, 8.75, 0.25 ], "texture": "#voxels_atlas" },
				"west": { "uv": [ 9.625, 6.25, 9.875, 6.375 ], "texture": "#voxels_atlas" },
				"east": { "uv": [ 10.125, 6.25, 9.875, 6.375 ], "texture": "#voxels_atlas" }
			}
		},
		{
			"__comment": "Voxels",
			"from": [ 24, 25, 9 ],
			"to": [ 26, 25.5, 9.5 ],
			"faces": {
				"down": { "uv": [ 8.25, 0.25, 8.75, 0.375 ], "texture": "#voxels_atlas" },
				"up": { "uv": [ 8.25, 0.75, 8.75, 0.625 ], "texture": "#voxels_atlas" },
				"north": { "uv": [ 8.75, 0.75, 8.25, 0.875 ], "texture": "#voxels_atlas" },
				"south": { "uv": [ 8.25, 1.125, 8.75, 1.25 ], "texture": "#voxels_atlas" },
				"west": { "uv": [ 9.625, 4.375, 9.75, 4.5 ], "texture": "#voxels_atlas" },
				"east": { "uv": [ 9.75, 4.25, 9.625, 4.375 ], "texture": "#voxels_atlas" }
			}
		},
		{
			"__comment": "Voxels",
			"from": [ 24.5, 19.5, 7 ],
			"to": [ 26.5, 20.5, 8 ],
			"faces": {
				"down": { "uv": [ 7.625, 3.125, 8.125, 3.375 ], "texture": "#voxels_atlas" },
				"up": { "uv": [ 7.625, 3.125, 8.125, 2.875 ], "texture": "#voxels_atlas" },
				"north": { "uv": [ 8.125, 2.625, 7.625, 2.875 ], "texture": "#voxels_atlas" },
				"south": { "uv": [ 7.625, 2.375, 8.125, 2.625 ], "texture": "#voxels_atlas" },
				"west": { "uv": [ 5.75, 1.75, 6, 2 ], "texture": "#voxels_atlas" },
				"east": { "uv": [ 6, 2, 5.75, 2.25 ], "texture": "#voxels_atlas" }
			}
		},
		{
			"__comment": "Voxels",
			"from": [ 24.5, 19.5, 9 ],
			"to": [ 26.5, 20.5, 9.5 ],
			"faces": {
				"down": { "uv": [ 8.25, 2.25, 8.75, 2.375 ], "texture": "#voxels_atlas" },
				"up": { "uv": [ 8.25, 2.5, 8.75, 2.375 ], "texture": "#voxels_atlas" },
				"north": { "uv": [ 8.125, 2.125, 7.625, 2.375 ], "texture": "#voxels_atlas" },
				"south": { "uv": [ 7.625, 1.875, 8.125, 2.125 ], "texture": "#voxels_atlas" },
				"west": { "uv": [ 8.125, 4.375, 8.25, 4.625 ], "texture": "#voxels_atlas" },
				"east": { "uv": [ 8.25, 4.125, 8.125, 4.375 ], "texture": "#voxels_atlas" }
			}
		},
		{
			"__comment": "Voxels",
			"from": [ 24.5, 24, 7 ],
			"to": [ 26.5, 25, 8 ],
			"faces": {
				"down": { "uv": [ 7.625, 1.625, 8.125, 1.875 ], "texture": "#voxels_atlas" },
				"up": { "uv": [ 7.625, 1.625, 8.125, 1.375 ], "texture": "#voxels_atlas" },
				"north": { "uv": [ 8.125, 1.125, 7.625, 1.375 ], "texture": "#voxels_atlas" },
				"south": { "uv": [ 7.625, 0.875, 8.125, 1.125 ], "texture": "#voxels_atlas" },
				"west": { "uv": [ 5.25, 8.875, 5.5, 9.125 ], "texture": "#voxels_atlas" },
				"east": { "uv": [ 5.5, 9.125, 5.25, 9.375 ], "texture": "#voxels_atlas" }
			}
		},
		{
			"__comment": "Voxels",
			"from": [ 24.5, 24, 9 ],
			"to": [ 26.5, 25, 9.5 ],
			"faces": {
				"down": { "uv": [ 8.25, 3.375, 8.75, 3.5 ], "texture": "#voxels_atlas" },
				"up": { "uv": [ 8.25, 3.625, 8.75, 3.5 ], "texture": "#voxels_atlas" },
				"north": { "uv": [ 8.125, 0.625, 7.625, 0.875 ], "texture": "#voxels_atlas" },
				"south": { "uv": [ 7.625, 3.625, 8.125, 3.875 ], "texture": "#voxels_atlas" },
				"west": { "uv": [ 8.125, 3.125, 8.25, 3.375 ], "texture": "#voxels_atlas" },
				"east": { "uv": [ 8.25, 2.875, 8.125, 3.125 ], "texture": "#voxels_atlas" }
			}
		},
		{
			"__comment": "Voxels",
			"from": [ 25, 20.5, 7 ],
			"to": [ 26.5, 24, 8 ],
			"faces": {
				"down": { "uv": [ 7.25, 6, 7.625, 6.25 ], "texture": "#voxels_atlas" },
				"up": { "uv": [ 5.125, 5.5, 5.5, 5.25 ], "texture": "#voxels_atlas" },
				"north": { "uv": [ 0.75, 0, 0.375, 0.875 ], "texture": "#voxels_atlas" },
				"south": { "uv": [ 0, 0, 0.375, 0.875 ], "texture": "#voxels_atlas" },
				"west": { "uv": [ 2.625, 1.25, 2.875, 2.125 ], "texture": "#voxels_atlas" },
				"east": { "uv": [ 2.875, 0.375, 2.625, 1.25 ], "texture": "#voxels_atlas" }
			}
		},
		{
			"__comment": "Voxels",
			"from": [ 25, 20.5, 9 ],
			"to": [ 26.5, 24, 9.5 ],
			"faces": {
				"down": { "uv": [ 7.25, 1, 7.625, 1.125 ], "texture": "#voxels_atlas" },
				"up": { "uv": [ 7.25, 1, 7.625, 0.875 ], "texture": "#voxels_atlas" },
				"north": { "uv": [ 1.125, 1.125, 0.75, 2 ], "texture": "#voxels_atlas" },
				"south": { "uv": [ 0.75, 0.25, 1.125, 1.125 ], "texture": "#voxels_atlas" },
				"west": { "uv": [ 15.875, 14.25, 16, 15.125 ], "texture": "#voxels_atlas" },
				"east": { "uv": [ 16, 15.125, 15.875, 16 ], "texture": "#voxels_atlas" }
			}
		},
		{
			"__comment": "Box136",
			"from": [ -5.4999, -0.5001, 8.5 ],
			"to": [ 25.5001, 31.9999, 8.501 ],
			"faces": {
				"down": { "uv": [ 0, 0, 16, 16 ], "texture": "#texture1" },
				"up": { "uv": [ 0, 0, 16, 16 ], "texture": "#texture1" },
				"north": { "uv": [ 16, 16, 0, 0 ], "texture": "#texture1" },
				"south": { "uv": [ 0, 16, 16, 0 ], "texture": "#texture1" },
				"west": { "uv": [ 0, 0, 16, 16 ], "texture": "#texture1" },
				"east": { "uv": [ 0, 0, 16, 16 ], "texture": "#texture" }
			}
		},
		{
			"__comment": "Box136",
			"from": [ -1, -0.0001, 8.5 ],
			"to": [ 31, 31.9999, 8.501 ],
			"faces": {
				"down": { "uv": [ 0, 16, 16, 0 ], "texture": "#texture1" },
				"up": { "uv": [ 0, 0, 16, 16 ], "texture": "#texture1" },
				"north": { "uv": [ 0, 16, 16, 0 ], "texture": "#texture1" },
				"south": { "uv": [ 16, 16, 0, 0 ], "texture": "#texture1" },
				"west": { "uv": [ 0, 0, 16, 16 ], "texture": "#texture1" },
				"east": { "uv": [ 0, 0, 16, 16 ], "texture": "#texture" }
			}
		},
		{
			"__comment": "Box138",
			"from": [ 7, 7.5, 7.99 ],
			"to": [ 17, 17.5, 7.991 ],
			"faces": {
				"down": { "uv": [ 0, 0, 16, 16 ], "texture": "#texture2" },
				"up": { "uv": [ 0, 0, 16, 16 ], "texture": "#texture2" },
				"north": { "uv": [ 0, 0, 16, 16 ], "texture": "#texture2" },
				"south": { "uv": [ 0, 0, 16, 16 ], "texture": "#texture2" },
				"west": { "uv": [ 0, 0, 16, 16 ], "texture": "#texture2" },
				"east": { "uv": [ 0, 0, 16, 16 ], "texture": "#texture2" }
			}
		}
	],
	"display": {
		"thirdperson_righthand": {
			"rotation":  [ 7, -13, 0 ],
			"translation":  [ -4.173, -6.249, -4.173 ],
			"scale":  [ 0.6391, 0.8, 0.7216 ]
		},
		"thirdperson_lefthand": {
			"rotation":  [ 7, -13, 0 ],
			"translation":  [ 4.1739, -6.25, -0.695 ],
			"scale":  [ 0.6391, 0.8, 0.7216 ]
		},
		"firstperson_righthand": {
			"rotation":  [ 0, -92, 20 ],
			"translation":  [ 5.5652, -3.478, 0 ],
			"scale":  [ 0.5, 0.5, 0.5 ]
		},
		"firstperson_lefthand": {
			"rotation":  [ 0, -92, 20 ],
			"translation":  [ 8.3478, -4.173, 0 ],
			"scale":  [ 0.5, 0.5, 0.5 ]
		},
		"gui": {
			"rotation":  [ 0, 139, 0 ],
			"translation":  [ 2.0869, -3.477, 0 ],
			"scale":  [ 0.45, 0.45, 0.45 ]
		},
		"ground": {
			"rotation":  [ 49, 3, 0 ],
			"scale":  [ 0.5, 0.5, 0.5 ]
		},
		"fixed": {
			"translation":  [ -4.173, -7.652, -1.391 ]
		}
	}
}