{
	"__comment": "Designed by Elo106 with Cubik Studio - https://cubik.studio",
	"textures": {
		"particle": "items/umbrellaopen",
		"texture": "items/umbrellaopen",
		"umbrellaopen_atlas": "items/umbrellaopen"
	},
	"elements": [ 	 
		{
			"__comment": "Voxels",
			"from": [ -9, 20, -1 ],
			"to": [ -5, 21, 0 ],
			"faces": {
				"down": { "uv": [ 4.5, 3.25, 5, 3.5 ], "texture": "#umbrellaopen_atlas" },
				"up": { "uv": [ 6.5, 0.5, 7, 0.25 ], "texture": "#umbrellaopen_atlas" },
				"north": { "uv": [ 1.75, 9, 1.25, 9.25 ], "texture": "#umbrellaopen_atlas" },
				"south": { "uv": [ 0.5, 7.25, 1, 7.5 ], "texture": "#umbrellaopen_atlas" },
				"west": { "uv": [ 14.75, 12, 14.875, 12.25 ], "texture": "#umbrellaopen_atlas" },
				"east": { "uv": [ 8.25, 8, 8.125, 8.25 ], "texture": "#umbrellaopen_atlas" }
			}
		},
		{
			"__comment": "Voxels",
			"from": [ -9, 20, 0 ],
			"to": [ -6, 21, 1 ],
			"faces": {
				"down": { "uv": [ 2, 0.25, 2.375, 0.5 ], "texture": "#umbrellaopen_atlas" },
				"up": { "uv": [ 2, 0.25, 2.375, 0 ], "texture": "#umbrellaopen_atlas" },
				"south": { "uv": [ 4.625, 3.5, 5, 3.75 ], "texture": "#umbrellaopen_atlas" },
				"west": { "uv": [ 8, 7.75, 8.125, 8 ], "texture": "#umbrellaopen_atlas" },
				"east": { "uv": [ 8.25, 7.25, 8.125, 7.5 ], "texture": "#umbrellaopen_atlas" }
			}
		},
		{
			"__comment": "Voxels",
			"from": [ -9, 20, 1 ],
			"to": [ -7, 21, 18 ],
			"faces": {
				"down": { "uv": [ 1.75, 11.75, 2, 16 ], "texture": "#umbrellaopen_atlas" },
				"up": { "uv": [ 1.75, 11.75, 2, 7.5 ], "texture": "#umbrellaopen_atlas" },
				"south": { "uv": [ 4.75, 8.25, 5, 8.5 ], "texture": "#umbrellaopen_atlas" },
				"west": { "uv": [ 2.5, 3.5, 4.625, 3.75 ], "texture": "#umbrellaopen_atlas" },
				"east": { "uv": [ 4.625, 3.75, 2.5, 4 ], "texture": "#umbrellaopen_atlas" }
			}
		},
		{
			"__comment": "Voxels",
			"from": [ -8, 20, -2 ],
			"to": [ -3, 21, -1 ],
			"faces": {
				"down": { "uv": [ 13.375, 13.75, 14, 14 ], "texture": "#umbrellaopen_atlas" },
				"up": { "uv": [ 14, 14, 14.625, 13.75 ], "texture": "#umbrellaopen_atlas" },
				"north": { "uv": [ 15.25, 13.75, 14.625, 14 ], "texture": "#umbrellaopen_atlas" },
				"south": { "uv": [ 15.25, 13.75, 15.875, 14 ], "texture": "#umbrellaopen_atlas" },
				"west": { "uv": [ 8, 7, 8.125, 7.25 ], "texture": "#umbrellaopen_atlas" },
				"east": { "uv": [ 7.875, 2.75, 7.75, 3 ], "texture": "#umbrellaopen_atlas" }
			}
		},
		{
			"__comment": "Voxels",
			"from": [ -8, 20, 18 ],
			"to": [ -3, 21, 19 ],
			"faces": {
				"down": { "uv": [ 10.25, 13.5, 10.875, 13.75 ], "texture": "#umbrellaopen_atlas" },
				"up": { "uv": [ 10.875, 13.75, 11.5, 13.5 ], "texture": "#umbrellaopen_atlas" },
				"north": { "uv": [ 12.125, 13.5, 11.5, 13.75 ], "texture": "#umbrellaopen_atlas" },
				"south": { "uv": [ 12.125, 13.5, 12.75, 13.75 ], "texture": "#umbrellaopen_atlas" },
				"west": { "uv": [ 7.875, 2.75, 8, 3 ], "texture": "#umbrellaopen_atlas" },
				"east": { "uv": [ 8.25, 1.75, 8.125, 2 ], "texture": "#umbrellaopen_atlas" }
			}
		},
		{
			"__comment": "Voxels",
			"from": [ -7, 20, -3 ],
			"to": [ -2, 21, -2 ],
			"faces": {
				"down": { "uv": [ 14, 13.5, 14.625, 13.75 ], "texture": "#umbrellaopen_atlas" },
				"up": { "uv": [ 14.625, 13.75, 15.25, 13.5 ], "texture": "#umbrellaopen_atlas" },
				"north": { "uv": [ 15.875, 13.5, 15.25, 13.75 ], "texture": "#umbrellaopen_atlas" },
				"south": { "uv": [ 9, 13.25, 9.625, 13.5 ], "texture": "#umbrellaopen_atlas" },
				"west": { "uv": [ 8, 1.5, 8.125, 1.75 ], "texture": "#umbrellaopen_atlas" },
				"east": { "uv": [ 7.875, 1, 7.75, 1.25 ], "texture": "#umbrellaopen_atlas" }
			}
		},
		{
			"__comment": "Voxels",
			"from": [ -7, 20, 16 ],
			"to": [ -6, 22, 17 ],
			"faces": {
				"down": { "uv": [ 7.875, 1, 8, 1.25 ], "texture": "#umbrellaopen_atlas" },
				"up": { "uv": [ 15.75, 15.5, 15.875, 15.25 ], "texture": "#umbrellaopen_atlas" },
				"north": { "uv": [ 8, 0.5, 7.875, 1 ], "texture": "#umbrellaopen_atlas" },
				"south": { "uv": [ 8, 0.5, 8.125, 1 ], "texture": "#umbrellaopen_atlas" },
				"west": { "uv": [ 8.125, 0.5, 8.25, 1 ], "texture": "#umbrellaopen_atlas" },
				"east": { "uv": [ 8, 0, 7.875, 0.5 ], "texture": "#umbrellaopen_atlas" }
			}
		},
		{
			"__comment": "Voxels",
			"from": [ -7, 20, 17 ],
			"to": [ -5, 21, 18 ],
			"faces": {
				"down": { "uv": [ 4.75, 7.5, 5, 7.75 ], "texture": "#umbrellaopen_atlas" },
				"up": { "uv": [ 1.5, 7.5, 1.75, 7.25 ], "texture": "#umbrellaopen_atlas" },
				"north": { "uv": [ 0.75, 0, 0.5, 0.25 ], "texture": "#umbrellaopen_atlas" },
				"east": { "uv": [ 16, 13.75, 15.875, 14 ], "texture": "#umbrellaopen_atlas" }
			}
		},
		{
			"__comment": "Voxels",
			"from": [ -7, 20, 19 ],
			"to": [ -2, 21, 20 ],
			"faces": {
				"down": { "uv": [ 11.5, 13, 12.125, 13.25 ], "texture": "#umbrellaopen_atlas" },
				"up": { "uv": [ 12.125, 13.25, 12.75, 13 ], "texture": "#umbrellaopen_atlas" },
				"north": { "uv": [ 13.375, 13, 12.75, 13.25 ], "texture": "#umbrellaopen_atlas" },
				"south": { "uv": [ 13.375, 13, 14, 13.25 ], "texture": "#umbrellaopen_atlas" },
				"west": { "uv": [ 15.875, 13.5, 16, 13.75 ], "texture": "#umbrellaopen_atlas" },
				"east": { "uv": [ 16, 12.75, 15.875, 13 ], "texture": "#umbrellaopen_atlas" }
			}
		},
		{
			"__comment": "Voxels",
			"from": [ -7, 21, 0 ],
			"to": [ -1, 22, 1 ],
			"faces": {
				"down": { "uv": [ 12, 14.5, 12.75, 14.75 ], "texture": "#umbrellaopen_atlas" },
				"up": { "uv": [ 12.75, 14.75, 13.5, 14.5 ], "texture": "#umbrellaopen_atlas" },
				"north": { "uv": [ 14.25, 14.5, 13.5, 14.75 ], "texture": "#umbrellaopen_atlas" },
				"south": { "uv": [ 14.25, 14.5, 15, 14.75 ], "texture": "#umbrellaopen_atlas" },
				"west": { "uv": [ 15.875, 12.5, 16, 12.75 ], "texture": "#umbrellaopen_atlas" },
				"east": { "uv": [ 12.75, 12, 12.625, 12.25 ], "texture": "#umbrellaopen_atlas" }
			}
		},
		{
			"__comment": "Voxels",
			"from": [ -7, 21, 1 ],
			"to": [ -2, 22, 2 ],
			"faces": {
				"down": { "uv": [ 9.625, 12.75, 10.25, 13 ], "texture": "#umbrellaopen_atlas" },
				"up": { "uv": [ 10.25, 13, 10.875, 12.75 ], "texture": "#umbrellaopen_atlas" },
				"south": { "uv": [ 11.5, 12.75, 12.125, 13 ], "texture": "#umbrellaopen_atlas" },
				"west": { "uv": [ 12.75, 12, 12.875, 12.25 ], "texture": "#umbrellaopen_atlas" },
				"east": { "uv": [ 13.5, 12, 13.375, 12.25 ], "texture": "#umbrellaopen_atlas" }
			}
		},
		{
			"__comment": "Voxels",
			"from": [ -7, 21, 2 ],
			"to": [ -4, 22, 16 ],
			"faces": {
				"down": { "uv": [ 0.5, 9, 0.875, 12.5 ], "texture": "#umbrellaopen_atlas" },
				"up": { "uv": [ 0.875, 12.5, 1.25, 9 ], "texture": "#umbrellaopen_atlas" },
				"south": { "uv": [ 6.625, 3.75, 7, 4 ], "texture": "#umbrellaopen_atlas" },
				"west": { "uv": [ 5, 9.75, 6.75, 10 ], "texture": "#umbrellaopen_atlas" },
				"east": { "uv": [ 6.75, 10.5, 5, 10.75 ], "texture": "#umbrellaopen_atlas" }
			}
		},
		{
			"__comment": "Voxels",
			"from": [ -6, 20, -4 ],
			"to": [ -1, 21, -3 ],
			"faces": {
				"down": { "uv": [ 14.625, 12.75, 15.25, 13 ], "texture": "#umbrellaopen_atlas" },
				"up": { "uv": [ 15.25, 13, 15.875, 12.75 ], "texture": "#umbrellaopen_atlas" },
				"north": { "uv": [ 9.625, 12.5, 9, 12.75 ], "texture": "#umbrellaopen_atlas" },
				"south": { "uv": [ 9, 12.25, 9.625, 12.5 ], "texture": "#umbrellaopen_atlas" },
				"west": { "uv": [ 13.5, 12, 13.625, 12.25 ], "texture": "#umbrellaopen_atlas" },
				"east": { "uv": [ 13.75, 12, 13.625, 12.25 ], "texture": "#umbrellaopen_atlas" }
			}
		},
		{
			"__comment": "Voxels",
			"from": [ -6, 20, 20 ],
			"to": [ -1, 21, 21 ],
			"faces": {
				"down": { "uv": [ 8.25, 1.25, 8.875, 1.5 ], "texture": "#umbrellaopen_atlas" },
				"up": { "uv": [ 9, 11.5, 9.625, 11.25 ], "texture": "#umbrellaopen_atlas" },
				"north": { "uv": [ 9.625, 11, 9, 11.25 ], "texture": "#umbrellaopen_atlas" },
				"south": { "uv": [ 9, 10.75, 9.625, 11 ], "texture": "#umbrellaopen_atlas" },
				"west": { "uv": [ 14, 12, 14.125, 12.25 ], "texture": "#umbrellaopen_atlas" },
				"east": { "uv": [ 14.25, 12, 14.125, 12.25 ], "texture": "#umbrellaopen_atlas" }
			}
		},
		{
			"__comment": "Voxels",
			"from": [ -6, 21, -1 ],
			"to": [ 0, 22, 0 ],
			"faces": {
				"down": { "uv": [ 8.25, 13.5, 9, 13.75 ], "texture": "#umbrellaopen_atlas" },
				"up": { "uv": [ 8.25, 13.5, 9, 13.25 ], "texture": "#umbrellaopen_atlas" },
				"north": { "uv": [ 9, 13, 8.25, 13.25 ], "texture": "#umbrellaopen_atlas" },
				"south": { "uv": [ 8.25, 12.75, 9, 13 ], "texture": "#umbrellaopen_atlas" },
				"west": { "uv": [ 14.25, 12, 14.375, 12.25 ], "texture": "#umbrellaopen_atlas" },
				"east": { "uv": [ 14.5, 12, 14.375, 12.25 ], "texture": "#umbrellaopen_atlas" }
			}
		},
		{
			"__comment": "Voxels",
			"from": [ -6, 21, 16 ],
			"to": [ -1, 22, 18 ],
			"faces": {
				"down": { "uv": [ 7, 14.75, 7.625, 15.25 ], "texture": "#umbrellaopen_atlas" },
				"up": { "uv": [ 7.625, 15.25, 8.25, 14.75 ], "texture": "#umbrellaopen_atlas" },
				"north": { "uv": [ 9.625, 9.5, 9, 9.75 ], "texture": "#umbrellaopen_atlas" },
				"south": { "uv": [ 9, 9.25, 9.625, 9.5 ], "texture": "#umbrellaopen_atlas" },
				"west": { "uv": [ 4.75, 10.75, 5, 11 ], "texture": "#umbrellaopen_atlas" },
				"east": { "uv": [ 1.5, 0, 1.25, 0.25 ], "texture": "#umbrellaopen_atlas" }
			}
		},
		{
			"__comment": "Voxels",
			"from": [ -5, 20, -5 ],
			"to": [ 0, 21, -4 ],
			"faces": {
				"down": { "uv": [ 9, 8.5, 9.625, 8.75 ], "texture": "#umbrellaopen_atlas" },
				"up": { "uv": [ 9, 8.5, 9.625, 8.25 ], "texture": "#umbrellaopen_atlas" },
				"north": { "uv": [ 9.625, 8, 9, 8.25 ], "texture": "#umbrellaopen_atlas" },
				"south": { "uv": [ 9, 7.75, 9.625, 8 ], "texture": "#umbrellaopen_atlas" },
				"west": { "uv": [ 14.875, 12, 15, 12.25 ], "texture": "#umbrellaopen_atlas" },
				"east": { "uv": [ 15.125, 12, 15, 12.25 ], "texture": "#umbrellaopen_atlas" }
			}
		},
		{
			"__comment": "Voxels",
			"from": [ -5, 20, 21 ],
			"to": [ 0, 21, 22 ],
			"faces": {
				"down": { "uv": [ 9, 7, 9.625, 7.25 ], "texture": "#umbrellaopen_atlas" },
				"up": { "uv": [ 9, 7, 9.625, 6.75 ], "texture": "#umbrellaopen_atlas" },
				"north": { "uv": [ 9.625, 6.5, 9, 6.75 ], "texture": "#umbrellaopen_atlas" },
				"south": { "uv": [ 9, 6.25, 9.625, 6.5 ], "texture": "#umbrellaopen_atlas" },
				"west": { "uv": [ 9.625, 10.75, 9.75, 11 ], "texture": "#umbrellaopen_atlas" },
				"east": { "uv": [ 9.75, 10.5, 9.625, 10.75 ], "texture": "#umbrellaopen_atlas" }
			}
		},
		{
			"__comment": "Voxels",
			"from": [ -5, 21, -2 ],
			"to": [ 1, 22, -1 ],
			"faces": {
				"down": { "uv": [ 8.25, 9, 9, 9.25 ], "texture": "#umbrellaopen_atlas" },
				"up": { "uv": [ 8.25, 8.25, 9, 8 ], "texture": "#umbrellaopen_atlas" },
				"north": { "uv": [ 9, 7.75, 8.25, 8 ], "texture": "#umbrellaopen_atlas" },
				"south": { "uv": [ 8.25, 7.5, 9, 7.75 ], "texture": "#umbrellaopen_atlas" },
				"west": { "uv": [ 9.625, 6.75, 9.75, 7 ], "texture": "#umbrellaopen_atlas" },
				"east": { "uv": [ 9.75, 6.5, 9.625, 6.75 ], "texture": "#umbrellaopen_atlas" }
			}
		},
		{
			"__comment": "Voxels",
			"from": [ -5, 21, 18 ],
			"to": [ 1, 22, 19 ],
			"faces": {
				"down": { "uv": [ 8.25, 6.75, 9, 7 ], "texture": "#umbrellaopen_atlas" },
				"up": { "uv": [ 8.25, 6.75, 9, 6.5 ], "texture": "#umbrellaopen_atlas" },
				"north": { "uv": [ 9, 6.25, 8.25, 6.5 ], "texture": "#umbrellaopen_atlas" },
				"south": { "uv": [ 8.25, 6, 9, 6.25 ], "texture": "#umbrellaopen_atlas" },
				"west": { "uv": [ 9.625, 6.25, 9.75, 6.5 ], "texture": "#umbrellaopen_atlas" },
				"east": { "uv": [ 9.75, 6, 9.625, 6.25 ], "texture": "#umbrellaopen_atlas" }
			}
		},
		{
			"__comment": "Voxels",
			"from": [ -4, 20, -6 ],
			"to": [ 1, 21, -5 ],
			"faces": {
				"down": { "uv": [ 9, 4.5, 9.625, 4.75 ], "texture": "#umbrellaopen_atlas" },
				"up": { "uv": [ 9, 4.5, 9.625, 4.25 ], "texture": "#umbrellaopen_atlas" },
				"north": { "uv": [ 9.625, 4, 9, 4.25 ], "texture": "#umbrellaopen_atlas" },
				"south": { "uv": [ 9, 3.75, 9.625, 4 ], "texture": "#umbrellaopen_atlas" },
				"west": { "uv": [ 9.625, 5.25, 9.75, 5.5 ], "texture": "#umbrellaopen_atlas" },
				"east": { "uv": [ 9.75, 5, 9.625, 5.25 ], "texture": "#umbrellaopen_atlas" }
			}
		},
		{
			"__comment": "Voxels",
			"from": [ -4, 20, 22 ],
			"to": [ 1, 21, 23 ],
			"faces": {
				"down": { "uv": [ 9, 3, 9.625, 3.25 ], "texture": "#umbrellaopen_atlas" },
				"up": { "uv": [ 9, 3, 9.625, 2.75 ], "texture": "#umbrellaopen_atlas" },
				"north": { "uv": [ 9.625, 2.5, 9, 2.75 ], "texture": "#umbrellaopen_atlas" },
				"south": { "uv": [ 9, 2.25, 9.625, 2.5 ], "texture": "#umbrellaopen_atlas" },
				"west": { "uv": [ 9.625, 4.75, 9.75, 5 ], "texture": "#umbrellaopen_atlas" },
				"east": { "uv": [ 9.75, 4.5, 9.625, 4.75 ], "texture": "#umbrellaopen_atlas" }
			}
		},
		{
			"__comment": "Voxels",
			"from": [ -4, 21, -3 ],
			"to": [ 2, 22, -2 ],
			"faces": {
				"down": { "uv": [ 8.25, 2.75, 9, 3 ], "texture": "#umbrellaopen_atlas" },
				"up": { "uv": [ 8.25, 2.75, 9, 2.5 ], "texture": "#umbrellaopen_atlas" },
				"north": { "uv": [ 9, 2.25, 8.25, 2.5 ], "texture": "#umbrellaopen_atlas" },
				"south": { "uv": [ 8.25, 2, 9, 2.25 ], "texture": "#umbrellaopen_atlas" },
				"west": { "uv": [ 9.625, 3.25, 9.75, 3.5 ], "texture": "#umbrellaopen_atlas" },
				"east": { "uv": [ 9.75, 3, 9.625, 3.25 ], "texture": "#umbrellaopen_atlas" }
			}
		},
		{
			"__comment": "Voxels",
			"from": [ -4, 21, 15 ],
			"to": [ -2, 23, 16 ],
			"faces": {
				"down": { "uv": [ 4.75, 10.5, 5, 10.75 ], "texture": "#umbrellaopen_atlas" },
				"up": { "uv": [ 4.75, 10.5, 5, 10.25 ], "texture": "#umbrellaopen_atlas" },
				"north": { "uv": [ 1.75, 8.5, 1.5, 9 ], "texture": "#umbrellaopen_atlas" },
				"south": { "uv": [ 1.5, 8, 1.75, 8.5 ], "texture": "#umbrellaopen_atlas" },
				"west": { "uv": [ 7.75, 0.5, 7.875, 1 ], "texture": "#umbrellaopen_atlas" },
				"east": { "uv": [ 7.875, 0, 7.75, 0.5 ], "texture": "#umbrellaopen_atlas" }
			}
		},
		{
			"__comment": "Voxels",
			"from": [ -4, 21, 19 ],
			"to": [ 2, 22, 20 ],
			"faces": {
				"down": { "uv": [ 7, 1.75, 7.75, 2 ], "texture": "#umbrellaopen_atlas" },
				"up": { "uv": [ 7, 1.75, 7.75, 1.5 ], "texture": "#umbrellaopen_atlas" },
				"north": { "uv": [ 7.75, 1.25, 7, 1.5 ], "texture": "#umbrellaopen_atlas" },
				"south": { "uv": [ 7, 1, 7.75, 1.25 ], "texture": "#umbrellaopen_atlas" },
				"west": { "uv": [ 1.625, 9.25, 1.75, 9.5 ], "texture": "#umbrellaopen_atlas" },
				"east": { "uv": [ 1.75, 4, 1.625, 4.25 ], "texture": "#umbrellaopen_atlas" }
			}
		},
		{
			"__comment": "Voxels",
			"from": [ -4, 22, 1 ],
			"to": [ 2, 23, 2 ],
			"faces": {
				"down": { "uv": [ 7, 0.25, 7.75, 0.5 ], "texture": "#umbrellaopen_atlas", "cullface": "up" },
				"up": { "uv": [ 7, 0.25, 7.75, 0 ], "texture": "#umbrellaopen_atlas", "cullface": "up" },
				"north": { "uv": [ 9, 15.25, 8.25, 15.5 ], "texture": "#umbrellaopen_atlas", "cullface": "up" },
				"south": { "uv": [ 9, 15.25, 9.75, 15.5 ], "texture": "#umbrellaopen_atlas", "cullface": "up" },
				"west": { "uv": [ 2.25, 5, 2.375, 5.25 ], "texture": "#umbrellaopen_atlas", "cullface": "up" },
				"east": { "uv": [ 4.875, 6.75, 4.75, 7 ], "texture": "#umbrellaopen_atlas", "cullface": "up" }
			}
		},
		{
			"__comment": "Voxels",
			"from": [ -4, 22, 2 ],
			"to": [ 1, 23, 3 ],
			"faces": {
				"down": { "uv": [ 12.75, 12.5, 13.375, 12.75 ], "texture": "#umbrellaopen_atlas", "cullface": "up" },
				"up": { "uv": [ 13.375, 12.75, 14, 12.5 ], "texture": "#umbrellaopen_atlas", "cullface": "up" },
				"south": { "uv": [ 14.625, 12.5, 15.25, 12.75 ], "texture": "#umbrellaopen_atlas", "cullface": "up" },
				"west": { "uv": [ 4.875, 6.75, 5, 7 ], "texture": "#umbrellaopen_atlas", "cullface": "up" },
				"east": { "uv": [ 4.875, 6.5, 4.75, 6.75 ], "texture": "#umbrellaopen_atlas", "cullface": "up" }
			}
		},
		{
			"__comment": "Voxels",
			"from": [ -4, 22, 3 ],
			"to": [ 0, 23, 4 ],
			"faces": {
				"down": { "uv": [ 6.5, 1.75, 7, 2 ], "texture": "#umbrellaopen_atlas" },
				"up": { "uv": [ 6.5, 1.75, 7, 1.5 ], "texture": "#umbrellaopen_atlas" },
				"south": { "uv": [ 6.5, 1, 7, 1.25 ], "texture": "#umbrellaopen_atlas" },
				"west": { "uv": [ 4.875, 6.5, 5, 6.75 ], "texture": "#umbrellaopen_atlas" },
				"east": { "uv": [ 4.875, 6.25, 4.75, 6.5 ], "texture": "#umbrellaopen_atlas" }
			}
		},
		{
			"__comment": "Voxels",
			"from": [ -4, 22, 4 ],
			"to": [ -1, 23, 15 ],
			"faces": {
				"down": { "uv": [ 0.75, 4.5, 1.125, 7.25 ], "texture": "#umbrellaopen_atlas" },
				"up": { "uv": [ 0.375, 7.25, 0.75, 4.5 ], "texture": "#umbrellaopen_atlas" },
				"south": { "uv": [ 7.875, 6.75, 8.25, 7 ], "texture": "#umbrellaopen_atlas" },
				"west": { "uv": [ 14.375, 15.5, 15.75, 15.75 ], "texture": "#umbrellaopen_atlas" },
				"east": { "uv": [ 14.375, 15.5, 13, 15.75 ], "texture": "#umbrellaopen_atlas" }
			}
		},
		{
			"__comment": "Voxels",
			"from": [ -3, 20, -7 ],
			"to": [ 2, 21, -6 ],
			"faces": {
				"down": { "uv": [ 15.25, 12.25, 15.875, 12.5 ], "texture": "#umbrellaopen_atlas" },
				"up": { "uv": [ 9.625, 12.25, 10.25, 12 ], "texture": "#umbrellaopen_atlas" },
				"north": { "uv": [ 10.875, 12, 10.25, 12.25 ], "texture": "#umbrellaopen_atlas" },
				"south": { "uv": [ 10.875, 12, 11.5, 12.25 ], "texture": "#umbrellaopen_atlas" },
				"west": { "uv": [ 4.875, 6.25, 5, 6.5 ], "texture": "#umbrellaopen_atlas" },
				"east": { "uv": [ 4.875, 6, 4.75, 6.25 ], "texture": "#umbrellaopen_atlas" }
			}
		},
		{
			"__comment": "Voxels",
			"from": [ -3, 20, 23 ],
			"to": [ 2, 21, 24 ],
			"faces": {
				"down": { "uv": [ 8.25, 0.75, 8.875, 1 ], "texture": "#umbrellaopen_atlas" },
				"up": { "uv": [ 8.25, 0.75, 8.875, 0.5 ], "texture": "#umbrellaopen_atlas" },
				"north": { "uv": [ 8.875, 0.25, 8.25, 0.5 ], "texture": "#umbrellaopen_atlas" },
				"south": { "uv": [ 8.25, 0, 8.875, 0.25 ], "texture": "#umbrellaopen_atlas" },
				"west": { "uv": [ 4.875, 6, 5, 6.25 ], "texture": "#umbrellaopen_atlas" },
				"east": { "uv": [ 4.875, 5.75, 4.75, 6 ], "texture": "#umbrellaopen_atlas" }
			}
		},
		{
			"__comment": "Voxels",
			"from": [ -3, 21, -4 ],
			"to": [ 3, 22, -3 ],
			"faces": {
				"down": { "uv": [ 8.25, 14.5, 9, 14.75 ], "texture": "#umbrellaopen_atlas" },
				"up": { "uv": [ 9, 14.75, 9.75, 14.5 ], "texture": "#umbrellaopen_atlas" },
				"north": { "uv": [ 10.5, 14.5, 9.75, 14.75 ], "texture": "#umbrellaopen_atlas" },
				"south": { "uv": [ 10.5, 14.5, 11.25, 14.75 ], "texture": "#umbrellaopen_atlas" },
				"west": { "uv": [ 4.875, 5.75, 5, 6 ], "texture": "#umbrellaopen_atlas" },
				"east": { "uv": [ 4.875, 5.5, 4.75, 5.75 ], "texture": "#umbrellaopen_atlas" }
			}
		},
		{
			"__comment": "Voxels",
			"from": [ -3, 21, 20 ],
			"to": [ 3, 22, 21 ],
			"faces": {
				"down": { "uv": [ 8.25, 14.25, 9, 14.5 ], "texture": "#umbrellaopen_atlas" },
				"up": { "uv": [ 9, 14.5, 9.75, 14.25 ], "texture": "#umbrellaopen_atlas" },
				"north": { "uv": [ 10.5, 14.25, 9.75, 14.5 ], "texture": "#umbrellaopen_atlas" },
				"south": { "uv": [ 10.5, 14.25, 11.25, 14.5 ], "texture": "#umbrellaopen_atlas" },
				"west": { "uv": [ 4.875, 5.5, 5, 5.75 ], "texture": "#umbrellaopen_atlas" },
				"east": { "uv": [ 4.875, 5.25, 4.75, 5.5 ], "texture": "#umbrellaopen_atlas" }
			}
		},
		{
			"__comment": "Voxels",
			"from": [ -3, 22, 0 ],
			"to": [ 3, 23, 1 ],
			"faces": {
				"down": { "uv": [ 12.75, 14.25, 13.5, 14.5 ], "texture": "#umbrellaopen_atlas" },
				"up": { "uv": [ 13.5, 14.5, 14.25, 14.25 ], "texture": "#umbrellaopen_atlas" },
				"north": { "uv": [ 15, 14.25, 14.25, 14.5 ], "texture": "#umbrellaopen_atlas" },
				"south": { "uv": [ 15, 14.25, 15.75, 14.5 ], "texture": "#umbrellaopen_atlas" },
				"west": { "uv": [ 4.875, 5.25, 5, 5.5 ], "texture": "#umbrellaopen_atlas" },
				"east": { "uv": [ 4.875, 5, 4.75, 5.25 ], "texture": "#umbrellaopen_atlas" }
			}
		},
		{
			"__comment": "Voxels",
			"from": [ -3, 22, 16 ],
			"to": [ 3, 23, 17 ],
			"faces": {
				"down": { "uv": [ 9.75, 14, 10.5, 14.25 ], "texture": "#umbrellaopen_atlas" },
				"up": { "uv": [ 10.5, 14.25, 11.25, 14 ], "texture": "#umbrellaopen_atlas" },
				"north": { "uv": [ 12, 14, 11.25, 14.25 ], "texture": "#umbrellaopen_atlas" },
				"south": { "uv": [ 12, 14, 12.75, 14.25 ], "texture": "#umbrellaopen_atlas" },
				"west": { "uv": [ 4.875, 5, 5, 5.25 ], "texture": "#umbrellaopen_atlas" },
				"east": { "uv": [ 4.875, 4.75, 4.75, 5 ], "texture": "#umbrellaopen_atlas" }
			}
		},
		{
			"__comment": "Voxels",
			"from": [ -2, 20, -8 ],
			"to": [ 18, 21, -7 ],
			"faces": {
				"down": { "uv": [ 2.5, 15.25, 5, 15.5 ], "texture": "#umbrellaopen_atlas" },
				"up": { "uv": [ 2.5, 13.5, 5, 13.25 ], "texture": "#umbrellaopen_atlas" },
				"north": { "uv": [ 5, 13, 2.5, 13.25 ], "texture": "#umbrellaopen_atlas" },
				"south": { "uv": [ 2.5, 12.75, 5, 13 ], "texture": "#umbrellaopen_atlas" },
				"west": { "uv": [ 4.875, 4.75, 5, 5 ], "texture": "#umbrellaopen_atlas" },
				"east": { "uv": [ 4.875, 4.5, 4.75, 4.75 ], "texture": "#umbrellaopen_atlas" }
			}
		},
		{
			"__comment": "Voxels",
			"from": [ -2, 20, 24 ],
			"to": [ 18, 21, 25 ],
			"faces": {
				"down": { "uv": [ 2.5, 13.75, 5, 14 ], "texture": "#umbrellaopen_atlas" },
				"up": { "uv": [ 2.5, 12.75, 5, 12.5 ], "texture": "#umbrellaopen_atlas" },
				"north": { "uv": [ 5, 12.25, 2.5, 12.5 ], "texture": "#umbrellaopen_atlas" },
				"south": { "uv": [ 2.5, 12, 5, 12.25 ], "texture": "#umbrellaopen_atlas" },
				"west": { "uv": [ 4.875, 4.5, 5, 4.75 ], "texture": "#umbrellaopen_atlas" },
				"east": { "uv": [ 4.875, 4.25, 4.75, 4.5 ], "texture": "#umbrellaopen_atlas" }
			}
		},
		{
			"__comment": "Voxels",
			"from": [ -2, 21, -5 ],
			"to": [ 18, 22, -4 ],
			"faces": {
				"down": { "uv": [ 2.5, 14, 5, 14.25 ], "texture": "#umbrellaopen_atlas" },
				"up": { "uv": [ 2.5, 13.75, 5, 13.5 ], "texture": "#umbrellaopen_atlas" },
				"north": { "uv": [ 5, 15.75, 2.5, 16 ], "texture": "#umbrellaopen_atlas" },
				"south": { "uv": [ 2.5, 15.5, 5, 15.75 ], "texture": "#umbrellaopen_atlas" },
				"west": { "uv": [ 4.875, 4.25, 5, 4.5 ], "texture": "#umbrellaopen_atlas" },
				"east": { "uv": [ 4.875, 4, 4.75, 4.25 ], "texture": "#umbrellaopen_atlas" }
			}
		},
		{
			"__comment": "Voxels",
			"from": [ -2, 21, 21 ],
			"to": [ 18, 22, 22 ],
			"faces": {
				"down": { "uv": [ 2.5, 15, 5, 15.25 ], "texture": "#umbrellaopen_atlas" },
				"up": { "uv": [ 2.5, 15, 5, 14.75 ], "texture": "#umbrellaopen_atlas" },
				"north": { "uv": [ 5, 14.5, 2.5, 14.75 ], "texture": "#umbrellaopen_atlas" },
				"south": { "uv": [ 2.5, 14.25, 5, 14.5 ], "texture": "#umbrellaopen_atlas" },
				"west": { "uv": [ 4.875, 4, 5, 4.25 ], "texture": "#umbrellaopen_atlas" },
				"east": { "uv": [ 7, 11.25, 6.875, 11.5 ], "texture": "#umbrellaopen_atlas" }
			}
		},
		{
			"__comment": "Voxels",
			"from": [ -2, 22, -1 ],
			"to": [ 4, 23, 0 ],
			"faces": {
				"down": { "uv": [ 8.25, 11, 9, 11.25 ], "texture": "#umbrellaopen_atlas" },
				"up": { "uv": [ 8.25, 11, 9, 10.75 ], "texture": "#umbrellaopen_atlas" },
				"north": { "uv": [ 9, 10.5, 8.25, 10.75 ], "texture": "#umbrellaopen_atlas" },
				"south": { "uv": [ 8.25, 10.25, 9, 10.5 ], "texture": "#umbrellaopen_atlas" },
				"west": { "uv": [ 9.625, 2.75, 9.75, 3 ], "texture": "#umbrellaopen_atlas" },
				"east": { "uv": [ 9.75, 3.5, 9.625, 3.75 ], "texture": "#umbrellaopen_atlas" }
			}
		},
		{
			"__comment": "Voxels",
			"from": [ -2, 22, 15 ],
			"to": [ 2, 23, 16 ],
			"faces": {
				"down": { "uv": [ 6.5, 2.5, 7, 2.75 ], "texture": "#umbrellaopen_atlas" },
				"up": { "uv": [ 4.5, 1.5, 5, 1.25 ], "texture": "#umbrellaopen_atlas" },
				"north": { "uv": [ 5, 1.5, 4.5, 1.75 ], "texture": "#umbrellaopen_atlas" },
				"east": { "uv": [ 16, 13, 15.875, 13.25 ], "texture": "#umbrellaopen_atlas" }
			}
		},
		{
			"__comment": "Voxels",
			"from": [ -2, 22, 17 ],
			"to": [ 4, 23, 18 ],
			"faces": {
				"down": { "uv": [ 8.25, 10, 9, 10.25 ], "texture": "#umbrellaopen_atlas" },
				"up": { "uv": [ 8.25, 10, 9, 9.75 ], "texture": "#umbrellaopen_atlas" },
				"north": { "uv": [ 9, 9.5, 8.25, 9.75 ], "texture": "#umbrellaopen_atlas" },
				"south": { "uv": [ 8.25, 9.25, 9, 9.5 ], "texture": "#umbrellaopen_atlas" },
				"west": { "uv": [ 15.875, 13.25, 16, 13.5 ], "texture": "#umbrellaopen_atlas" },
				"east": { "uv": [ 9, 0, 8.875, 0.25 ], "texture": "#umbrellaopen_atlas" }
			}
		},
		{
			"__comment": "Voxels",
			"from": [ -2, 23, 3 ],
			"to": [ 6, 24, 4 ],
			"faces": {
				"down": { "uv": [ 7, 9.75, 8, 10 ], "texture": "#umbrellaopen_atlas", "cullface": "up" },
				"up": { "uv": [ 7, 8.75, 8, 8.5 ], "texture": "#umbrellaopen_atlas", "cullface": "up" },
				"north": { "uv": [ 8, 9.25, 7, 9.5 ], "texture": "#umbrellaopen_atlas", "cullface": "up" },
				"south": { "uv": [ 7, 9, 8, 9.25 ], "texture": "#umbrellaopen_atlas", "cullface": "up" },
				"west": { "uv": [ 8.875, 0.25, 9, 0.5 ], "texture": "#umbrellaopen_atlas", "cullface": "up" },
				"east": { "uv": [ 8.25, 12.25, 8.125, 12.5 ], "texture": "#umbrellaopen_atlas", "cullface": "up" }
			}
		},
		{
			"__comment": "Voxels",
			"from": [ -2, 23, 4 ],
			"to": [ 5, 24, 5 ],
			"faces": {
				"down": { "uv": [ 7, 6.75, 7.875, 7 ], "texture": "#umbrellaopen_atlas", "cullface": "up" },
				"up": { "uv": [ 7, 6.75, 7.875, 6.5 ], "texture": "#umbrellaopen_atlas", "cullface": "up" },
				"south": { "uv": [ 7, 3.5, 7.875, 3.75 ], "texture": "#umbrellaopen_atlas", "cullface": "up" },
				"west": { "uv": [ 8, 12.25, 8.125, 12.5 ], "texture": "#umbrellaopen_atlas", "cullface": "up" },
				"east": { "uv": [ 6.875, 7.25, 6.75, 7.5 ], "texture": "#umbrellaopen_atlas", "cullface": "up" }
			}
		},
		{
			"__comment": "Voxels",
			"from": [ -2, 23, 5 ],
			"to": [ 3, 24, 6 ],
			"faces": {
				"down": { "uv": [ 9, 5.25, 9.625, 5.5 ], "texture": "#umbrellaopen_atlas", "cullface": "up" },
				"up": { "uv": [ 9, 5.75, 9.625, 5.5 ], "texture": "#umbrellaopen_atlas", "cullface": "up" },
				"south": { "uv": [ 9, 7.5, 9.625, 7.75 ], "texture": "#umbrellaopen_atlas", "cullface": "up" },
				"west": { "uv": [ 6.875, 7.25, 7, 7.5 ], "texture": "#umbrellaopen_atlas", "cullface": "up" },
				"east": { "uv": [ 6.875, 7, 6.75, 7.25 ], "texture": "#umbrellaopen_atlas", "cullface": "up" }
			}
		},
		{
			"__comment": "Voxels",
			"from": [ -2, 23, 6 ],
			"to": [ 2, 24, 14 ],
			"faces": {
				"down": { "uv": [ 1.125, 5.25, 1.625, 7.25 ], "texture": "#umbrellaopen_atlas", "cullface": "up" },
				"up": { "uv": [ 0, 4, 0.5, 2 ], "texture": "#umbrellaopen_atlas", "cullface": "up" },
				"south": { "uv": [ 6.5, 0.75, 7, 1 ], "texture": "#umbrellaopen_atlas", "cullface": "up" },
				"west": { "uv": [ 7, 10.5, 8, 10.75 ], "texture": "#umbrellaopen_atlas", "cullface": "up" },
				"east": { "uv": [ 8, 10.75, 7, 11 ], "texture": "#umbrellaopen_atlas", "cullface": "up" }
			}
		},
		{
			"__comment": "Voxels",
			"from": [ -1, 20, -9 ],
			"to": [ 17, 21, -8 ],
			"faces": {
				"down": { "uv": [ 2.5, 5, 4.75, 5.25 ], "texture": "#umbrellaopen_atlas" },
				"up": { "uv": [ 2.5, 5, 4.75, 4.75 ], "texture": "#umbrellaopen_atlas" },
				"north": { "uv": [ 4.75, 4.5, 2.5, 4.75 ], "texture": "#umbrellaopen_atlas" },
				"west": { "uv": [ 6.875, 6.5, 7, 6.75 ], "texture": "#umbrellaopen_atlas" },
				"east": { "uv": [ 6.875, 6.25, 6.75, 6.5 ], "texture": "#umbrellaopen_atlas" }
			}
		},
		{
			"__comment": "Voxels",
			"from": [ -1, 20, 25 ],
			"to": [ 17, 21, 26 ],
			"faces": {
				"down": { "uv": [ 2.5, 7, 4.75, 7.25 ], "texture": "#umbrellaopen_atlas" },
				"up": { "uv": [ 2.5, 8.25, 4.75, 8 ], "texture": "#umbrellaopen_atlas" },
				"south": { "uv": [ 2.5, 10.25, 4.75, 10.5 ], "texture": "#umbrellaopen_atlas" },
				"west": { "uv": [ 6.875, 6.25, 7, 6.5 ], "texture": "#umbrellaopen_atlas" },
				"east": { "uv": [ 6.875, 6, 6.75, 6.25 ], "texture": "#umbrellaopen_atlas" }
			}
		},
		{
			"__comment": "Voxels",
			"from": [ -1, 21, -6 ],
			"to": [ 17, 22, -5 ],
			"faces": {
				"down": { "uv": [ 2.5, 6.5, 4.75, 6.75 ], "texture": "#umbrellaopen_atlas" },
				"up": { "uv": [ 2.5, 6.25, 4.75, 6 ], "texture": "#umbrellaopen_atlas" },
				"north": { "uv": [ 4.75, 11.75, 2.5, 12 ], "texture": "#umbrellaopen_atlas" },
				"west": { "uv": [ 8.125, 11.75, 8.25, 12 ], "texture": "#umbrellaopen_atlas" },
				"east": { "uv": [ 8.125, 11.5, 8, 11.75 ], "texture": "#umbrellaopen_atlas" }
			}
		},
		{
			"__comment": "Voxels",
			"from": [ -1, 21, 17 ],
			"to": [ 0, 22, 18 ],
			"faces": {
				"down": { "uv": [ 8.125, 11.5, 8.25, 11.75 ], "texture": "#umbrellaopen_atlas" },
				"north": { "uv": [ 8.25, 11, 8.125, 11.25 ], "texture": "#umbrellaopen_atlas" },
				"east": { "uv": [ 8.125, 10.5, 8, 10.75 ], "texture": "#umbrellaopen_atlas" }
			}
		},
		{
			"__comment": "Voxels",
			"from": [ -1, 21, 22 ],
			"to": [ 17, 22, 23 ],
			"faces": {
				"down": { "uv": [ 2.5, 9.75, 4.75, 10 ], "texture": "#umbrellaopen_atlas" },
				"up": { "uv": [ 2.5, 9.75, 4.75, 9.5 ], "texture": "#umbrellaopen_atlas" },
				"south": { "uv": [ 2.5, 9, 4.75, 9.25 ], "texture": "#umbrellaopen_atlas" },
				"west": { "uv": [ 8.125, 7, 8.25, 7.25 ], "texture": "#umbrellaopen_atlas" },
				"east": { "uv": [ 8.25, 3.25, 8.125, 3.5 ], "texture": "#umbrellaopen_atlas" }
			}
		},
		{
			"__comment": "Voxels",
			"from": [ -1, 22, -2 ],
			"to": [ 17, 23, -1 ],
			"faces": {
				"down": { "uv": [ 2.5, 7.75, 4.75, 8 ], "texture": "#umbrellaopen_atlas" },
				"up": { "uv": [ 2.5, 7.75, 4.75, 7.5 ], "texture": "#umbrellaopen_atlas" },
				"north": { "uv": [ 4.75, 7.25, 2.5, 7.5 ], "texture": "#umbrellaopen_atlas" },
				"south": { "uv": [ 2.5, 5.75, 4.75, 6 ], "texture": "#umbrellaopen_atlas" },
				"west": { "uv": [ 8, 3, 8.125, 3.25 ], "texture": "#umbrellaopen_atlas" },
				"east": { "uv": [ 8.25, 3, 8.125, 3.25 ], "texture": "#umbrellaopen_atlas" }
			}
		},
		{
			"__comment": "Voxels",
			"from": [ -1, 22, 13 ],
			"to": [ 0, 23, 15 ],
			"faces": {
				"down": { "uv": [ 2.25, 0.75, 2.375, 1.25 ], "texture": "#umbrellaopen_atlas" },
				"up": { "uv": [ 2.375, 5.5, 2.5, 5 ], "texture": "#umbrellaopen_atlas" },
				"north": { "uv": [ 8.125, 1, 8, 1.25 ], "texture": "#umbrellaopen_atlas" },
				"east": { "uv": [ 5, 9.5, 4.75, 9.75 ], "texture": "#umbrellaopen_atlas" }
			}
		},
		{
			"__comment": "Voxels",
			"from": [ -1, 22, 18 ],
			"to": [ 17, 23, 19 ],
			"faces": {
				"down": { "uv": [ 2.5, 5.5, 4.75, 5.75 ], "texture": "#umbrellaopen_atlas" },
				"up": { "uv": [ 2.5, 5.5, 4.75, 5.25 ], "texture": "#umbrellaopen_atlas" },
				"north": { "uv": [ 4.75, 10.75, 2.5, 11 ], "texture": "#umbrellaopen_atlas" },
				"south": { "uv": [ 2.5, 4, 4.75, 4.25 ], "texture": "#umbrellaopen_atlas" },
				"west": { "uv": [ 12.875, 12, 13, 12.25 ], "texture": "#umbrellaopen_atlas" },
				"east": { "uv": [ 13.375, 12, 13.25, 12.25 ], "texture": "#umbrellaopen_atlas" }
			}
		},
		{
			"__comment": "Voxels",
			"from": [ -1, 23, 2 ],
			"to": [ 17, 24, 3 ],
			"faces": {
				"down": { "uv": [ 2.5, 10, 4.75, 10.25 ], "texture": "#umbrellaopen_atlas" },
				"up": { "uv": [ 2.5, 9, 4.75, 8.75 ], "texture": "#umbrellaopen_atlas" },
				"north": { "uv": [ 4.75, 8.25, 2.5, 8.5 ], "texture": "#umbrellaopen_atlas" },
				"south": { "uv": [ 2.5, 10.5, 4.75, 10.75 ], "texture": "#umbrellaopen_atlas" },
				"west": { "uv": [ 15.625, 12, 15.75, 12.25 ], "texture": "#umbrellaopen_atlas" },
				"east": { "uv": [ 15.875, 12, 15.75, 12.25 ], "texture": "#umbrellaopen_atlas" }
			}
		},
		{
			"__comment": "Voxels",
			"from": [ -1, 23, 14 ],
			"to": [ 17, 24, 15 ],
			"faces": {
				"down": { "uv": [ 2.5, 11, 4.75, 11.25 ], "texture": "#umbrellaopen_atlas" },
				"up": { "uv": [ 2.5, 11.5, 4.75, 11.25 ], "texture": "#umbrellaopen_atlas" },
				"north": { "uv": [ 4.75, 6.75, 2.5, 7 ], "texture": "#umbrellaopen_atlas" },
				"south": { "uv": [ 2.5, 6.25, 4.75, 6.5 ], "texture": "#umbrellaopen_atlas" },
				"west": { "uv": [ 7.875, 2, 8, 2.25 ], "texture": "#umbrellaopen_atlas" },
				"east": { "uv": [ 7.875, 2, 7.75, 2.25 ], "texture": "#umbrellaopen_atlas" }
			}
		},
		{
			"__comment": "Voxels",
			"from": [ 0, 20, -10 ],
			"to": [ 16, 21, -9 ],
			"faces": {
				"down": { "uv": [ 5, 13.75, 7, 14 ], "texture": "#umbrellaopen_atlas" },
				"up": { "uv": [ 5, 14.25, 7, 14 ], "texture": "#umbrellaopen_atlas" },
				"north": { "uv": [ 4.5, 0, 2.5, 0.25 ], "texture": "#umbrellaopen_atlas" },
				"west": { "uv": [ 8.125, 2.25, 8.25, 2.5 ], "texture": "#umbrellaopen_atlas" },
				"east": { "uv": [ 8.125, 2.25, 8, 2.5 ], "texture": "#umbrellaopen_atlas" }
			}
		},
		{
			"__comment": "Voxels",
			"from": [ 0, 20, 26 ],
			"to": [ 16, 21, 27 ],
			"faces": {
				"down": { "uv": [ 5, 15, 7, 15.25 ], "texture": "#umbrellaopen_atlas" },
				"up": { "uv": [ 2.5, 2, 4.5, 1.75 ], "texture": "#umbrellaopen_atlas" },
				"south": { "uv": [ 2.5, 2.25, 4.5, 2.5 ], "texture": "#umbrellaopen_atlas" },
				"west": { "uv": [ 7.875, 2.5, 8, 2.75 ], "texture": "#umbrellaopen_atlas" },
				"east": { "uv": [ 7.875, 2.5, 7.75, 2.75 ], "texture": "#umbrellaopen_atlas" }
			}
		},
		{
			"__comment": "Voxels",
			"from": [ 0, 21, -7 ],
			"to": [ 16, 22, -6 ],
			"faces": {
				"down": { "uv": [ 2.5, 2.5, 4.5, 2.75 ], "texture": "#umbrellaopen_atlas" },
				"up": { "uv": [ 2.5, 3, 4.5, 2.75 ], "texture": "#umbrellaopen_atlas" },
				"north": { "uv": [ 4.5, 3, 2.5, 3.25 ], "texture": "#umbrellaopen_atlas" },
				"west": { "uv": [ 8, 9, 8.125, 9.25 ], "texture": "#umbrellaopen_atlas" },
				"east": { "uv": [ 8.25, 9.25, 8.125, 9.5 ], "texture": "#umbrellaopen_atlas" }
			}
		},
		{
			"__comment": "Voxels",
			"from": [ 0, 21, 23 ],
			"to": [ 16, 22, 24 ],
			"faces": {
				"down": { "uv": [ 5, 11.5, 7, 11.75 ], "texture": "#umbrellaopen_atlas" },
				"up": { "uv": [ 5, 12, 7, 11.75 ], "texture": "#umbrellaopen_atlas" },
				"south": { "uv": [ 5, 12.25, 7, 12.5 ], "texture": "#umbrellaopen_atlas" },
				"west": { "uv": [ 8, 9.75, 8.125, 10 ], "texture": "#umbrellaopen_atlas" },
				"east": { "uv": [ 8.25, 10, 8.125, 10.25 ], "texture": "#umbrellaopen_atlas" }
			}
		},
		{
			"__comment": "Voxels",
			"from": [ 0, 22, -3 ],
			"to": [ 16, 23, -2 ],
			"faces": {
				"down": { "uv": [ 5, 12.5, 7, 12.75 ], "texture": "#umbrellaopen_atlas" },
				"up": { "uv": [ 5, 13, 7, 12.75 ], "texture": "#umbrellaopen_atlas" },
				"north": { "uv": [ 7, 13, 5, 13.25 ], "texture": "#umbrellaopen_atlas" },
				"west": { "uv": [ 8, 10, 8.125, 10.25 ], "texture": "#umbrellaopen_atlas" },
				"east": { "uv": [ 8.25, 10.25, 8.125, 10.5 ], "texture": "#umbrellaopen_atlas" }
			}
		},
		{
			"__comment": "Voxels",
			"from": [ 0, 22, 14 ],
			"to": [ 1, 23, 15 ],
			"faces": {
				"down": { "uv": [ 6.75, 4.5, 6.875, 4.75 ], "texture": "#umbrellaopen_atlas", "cullface": "up" },
				"north": { "uv": [ 6.875, 4.75, 6.75, 5 ], "texture": "#umbrellaopen_atlas", "cullface": "up" },
				"east": { "uv": [ 7, 5.75, 6.875, 6 ], "texture": "#umbrellaopen_atlas", "cullface": "up" }
			}
		},
		{
			"__comment": "Voxels",
			"from": [ 0, 22, 19 ],
			"to": [ 16, 23, 20 ],
			"faces": {
				"down": { "uv": [ 5, 13.5, 7, 13.75 ], "texture": "#umbrellaopen_atlas" },
				"up": { "uv": [ 5, 14.5, 7, 14.25 ], "texture": "#umbrellaopen_atlas" },
				"south": { "uv": [ 5, 14.75, 7, 15 ], "texture": "#umbrellaopen_atlas" },
				"west": { "uv": [ 6.75, 9, 6.875, 9.25 ], "texture": "#umbrellaopen_atlas" },
				"east": { "uv": [ 7, 9.25, 6.875, 9.5 ], "texture": "#umbrellaopen_atlas" }
			}
		},
		{
			"__comment": "Voxels",
			"from": [ 0, 23, 1 ],
			"to": [ 16, 24, 2 ],
			"faces": {
				"down": { "uv": [ 5, 15.25, 7, 15.5 ], "texture": "#umbrellaopen_atlas" },
				"up": { "uv": [ 5, 15.75, 7, 15.5 ], "texture": "#umbrellaopen_atlas" },
				"north": { "uv": [ 7, 15.75, 5, 16 ], "texture": "#umbrellaopen_atlas" },
				"west": { "uv": [ 9.625, 7.5, 9.75, 7.75 ], "texture": "#umbrellaopen_atlas" },
				"east": { "uv": [ 9.75, 7.75, 9.625, 8 ], "texture": "#umbrellaopen_atlas" }
			}
		},
		{
			"__comment": "Voxels",
			"from": [ 0, 23, 15 ],
			"to": [ 16, 24, 16 ],
			"faces": {
				"down": { "uv": [ 2.5, 0.75, 4.5, 1 ], "texture": "#umbrellaopen_atlas" },
				"up": { "uv": [ 2.5, 1.75, 4.5, 1.5 ], "texture": "#umbrellaopen_atlas" },
				"south": { "uv": [ 2.5, 1.25, 4.5, 1.5 ], "texture": "#umbrellaopen_atlas" },
				"west": { "uv": [ 9.625, 8, 9.75, 8.25 ], "texture": "#umbrellaopen_atlas" },
				"east": { "uv": [ 9.75, 8.25, 9.625, 8.5 ], "texture": "#umbrellaopen_atlas" }
			}
		},
		{
			"__comment": "Voxels",
			"from": [ 1, 21, -8 ],
			"to": [ 15, 22, -7 ],
			"faces": {
				"up": { "uv": [ 5, 7.25, 6.75, 7 ], "texture": "#umbrellaopen_atlas" },
				"north": { "uv": [ 6.75, 7.25, 5, 7.5 ], "texture": "#umbrellaopen_atlas" },
				"west": { "uv": [ 9.625, 10, 9.75, 10.25 ], "texture": "#umbrellaopen_atlas" },
				"east": { "uv": [ 9.75, 10.25, 9.625, 10.5 ], "texture": "#umbrellaopen_atlas" }
			}
		},
		{
			"__comment": "Voxels",
			"from": [ 1, 21, 24 ],
			"to": [ 15, 22, 25 ],
			"faces": {
				"up": { "uv": [ 5, 8.75, 6.75, 8.5 ], "texture": "#umbrellaopen_atlas" },
				"south": { "uv": [ 5, 9, 6.75, 9.25 ], "texture": "#umbrellaopen_atlas" },
				"west": { "uv": [ 7.75, 1.25, 7.875, 1.5 ], "texture": "#umbrellaopen_atlas" },
				"east": { "uv": [ 8.25, 1.5, 8.125, 1.75 ], "texture": "#umbrellaopen_atlas" }
			}
		},
		{
			"__comment": "Voxels",
			"from": [ 1, 22, -4 ],
			"to": [ 15, 23, -3 ],
			"faces": {
				"down": { "uv": [ 5, 9.25, 6.75, 9.5 ], "texture": "#umbrellaopen_atlas" },
				"up": { "uv": [ 5, 6.5, 6.75, 6.25 ], "texture": "#umbrellaopen_atlas" },
				"north": { "uv": [ 6.75, 9.5, 5, 9.75 ], "texture": "#umbrellaopen_atlas" },
				"west": { "uv": [ 6.875, 8.5, 7, 8.75 ], "texture": "#umbrellaopen_atlas" },
				"east": { "uv": [ 6.875, 8.25, 6.75, 8.5 ], "texture": "#umbrellaopen_atlas" }
			}
		},
		{
			"__comment": "Voxels",
			"from": [ 1, 22, 20 ],
			"to": [ 15, 23, 21 ],
			"faces": {
				"down": { "uv": [ 5, 10.25, 6.75, 10.5 ], "texture": "#umbrellaopen_atlas" },
				"up": { "uv": [ 5, 11, 6.75, 10.75 ], "texture": "#umbrellaopen_atlas" },
				"south": { "uv": [ 5, 4.25, 6.75, 4.5 ], "texture": "#umbrellaopen_atlas" },
				"west": { "uv": [ 15.125, 12, 15.25, 12.25 ], "texture": "#umbrellaopen_atlas" },
				"east": { "uv": [ 15.625, 12, 15.5, 12.25 ], "texture": "#umbrellaopen_atlas" }
			}
		},
		{
			"__comment": "Voxels",
			"from": [ 1, 23, 0 ],
			"to": [ 15, 24, 1 ],
			"faces": {
				"down": { "uv": [ 5, 4.5, 6.75, 4.75 ], "texture": "#umbrellaopen_atlas", "cullface": "up" },
				"up": { "uv": [ 5, 5, 6.75, 4.75 ], "texture": "#umbrellaopen_atlas", "cullface": "up" },
				"north": { "uv": [ 6.75, 5, 5, 5.25 ], "texture": "#umbrellaopen_atlas", "cullface": "up" },
				"west": { "uv": [ 6.75, 10, 6.875, 10.25 ], "texture": "#umbrellaopen_atlas", "cullface": "up" },
				"east": { "uv": [ 7, 10.25, 6.875, 10.5 ], "texture": "#umbrellaopen_atlas", "cullface": "up" }
			}
		},
		{
			"__comment": "Voxels",
			"from": [ 1, 23, 16 ],
			"to": [ 15, 24, 17 ],
			"faces": {
				"down": { "uv": [ 5, 5.5, 6.75, 5.75 ], "texture": "#umbrellaopen_atlas" },
				"up": { "uv": [ 5, 6, 6.75, 5.75 ], "texture": "#umbrellaopen_atlas" },
				"south": { "uv": [ 5, 7.5, 6.75, 7.75 ], "texture": "#umbrellaopen_atlas" },
				"west": { "uv": [ 6.75, 10.5, 6.875, 10.75 ], "texture": "#umbrellaopen_atlas" },
				"east": { "uv": [ 7, 10.75, 6.875, 11 ], "texture": "#umbrellaopen_atlas" }
			}
		},
		{
			"__comment": "Voxels",
			"from": [ 1, 24, 5 ],
			"to": [ 15, 25, 12 ],
			"faces": {
				"down": { "uv": [ 0, 14.25, 1.75, 16 ], "texture": "#umbrellaopen_atlas", "cullface": "up" },
				"up": { "uv": [ 0, 14.25, 1.75, 12.5 ], "texture": "#umbrellaopen_atlas", "cullface": "up" },
				"north": { "uv": [ 6.75, 6.75, 5, 7 ], "texture": "#umbrellaopen_atlas", "cullface": "up" },
				"south": { "uv": [ 5, 6.5, 6.75, 6.75 ], "texture": "#umbrellaopen_atlas", "cullface": "up" },
				"west": { "uv": [ 7, 5, 7.875, 5.25 ], "texture": "#umbrellaopen_atlas", "cullface": "up" },
				"east": { "uv": [ 7.875, 4.75, 7, 5 ], "texture": "#umbrellaopen_atlas", "cullface": "up" }
			}
		},
		{
			"__comment": "Voxels",
			"from": [ 2, 22, -5 ],
			"to": [ 14, 23, -4 ],
			"faces": {
				"up": { "uv": [ 8.5, 15.75, 10, 15.5 ], "texture": "#umbrellaopen_atlas" },
				"north": { "uv": [ 14.5, 15.75, 13, 16 ], "texture": "#umbrellaopen_atlas" },
				"west": { "uv": [ 6.875, 11, 7, 11.25 ], "texture": "#umbrellaopen_atlas" },
				"east": { "uv": [ 6.875, 10.75, 6.75, 11 ], "texture": "#umbrellaopen_atlas" }
			}
		},
		{
			"__comment": "Voxels",
			"from": [ 2, 22, 21 ],
			"to": [ 14, 23, 22 ],
			"faces": {
				"up": { "uv": [ 5, 3, 6.5, 2.75 ], "texture": "#umbrellaopen_atlas" },
				"south": { "uv": [ 8.5, 15.75, 10, 16 ], "texture": "#umbrellaopen_atlas" },
				"west": { "uv": [ 6.875, 10, 7, 10.25 ], "texture": "#umbrellaopen_atlas" },
				"east": { "uv": [ 6.875, 9.75, 6.75, 10 ], "texture": "#umbrellaopen_atlas" }
			}
		},
		{
			"__comment": "Voxels",
			"from": [ 2, 23, -1 ],
			"to": [ 14, 24, 0 ],
			"faces": {
				"down": { "uv": [ 5, 0, 6.5, 0.25 ], "texture": "#umbrellaopen_atlas" },
				"up": { "uv": [ 5, 0.5, 6.5, 0.25 ], "texture": "#umbrellaopen_atlas" },
				"north": { "uv": [ 6.5, 0.5, 5, 0.75 ], "texture": "#umbrellaopen_atlas" },
				"west": { "uv": [ 6.75, 8.5, 6.875, 8.75 ], "texture": "#umbrellaopen_atlas" },
				"east": { "uv": [ 7, 8.75, 6.875, 9 ], "texture": "#umbrellaopen_atlas" }
			}
		},
		{
			"__comment": "Voxels",
			"from": [ 2, 23, 11 ],
			"to": [ 3, 24, 14 ],
			"faces": {
				"down": { "uv": [ 2.375, 6.25, 2.5, 7 ], "texture": "#umbrellaopen_atlas", "cullface": "up" },
				"up": { "uv": [ 2.375, 6.25, 2.5, 5.5 ], "texture": "#umbrellaopen_atlas", "cullface": "up" },
				"north": { "uv": [ 8.125, 12, 8, 12.25 ], "texture": "#umbrellaopen_atlas", "cullface": "up" },
				"east": { "uv": [ 8.25, 6, 7.875, 6.25 ], "texture": "#umbrellaopen_atlas", "cullface": "up" }
			}
		},
		{
			"__comment": "Voxels",
			"from": [ 2, 23, 17 ],
			"to": [ 14, 24, 18 ],
			"faces": {
				"down": { "uv": [ 5, 1.25, 6.5, 1.5 ], "texture": "#umbrellaopen_atlas" },
				"up": { "uv": [ 5, 1.75, 6.5, 1.5 ], "texture": "#umbrellaopen_atlas" },
				"south": { "uv": [ 5, 2, 6.5, 2.25 ], "texture": "#umbrellaopen_atlas" },
				"west": { "uv": [ 9.625, 9.75, 9.75, 10 ], "texture": "#umbrellaopen_atlas" },
				"east": { "uv": [ 9.75, 9.5, 9.625, 9.75 ], "texture": "#umbrellaopen_atlas" }
			}
		},
		{
			"__comment": "Voxels",
			"from": [ 2, 24, 4 ],
			"to": [ 14, 25, 5 ],
			"faces": {
				"down": { "uv": [ 5, 2.25, 6.5, 2.5 ], "texture": "#umbrellaopen_atlas", "cullface": "up" },
				"up": { "uv": [ 5, 2.75, 6.5, 2.5 ], "texture": "#umbrellaopen_atlas", "cullface": "up" },
				"north": { "uv": [ 6.5, 3.25, 5, 3.5 ], "texture": "#umbrellaopen_atlas", "cullface": "up" },
				"west": { "uv": [ 6.875, 9.5, 7, 9.75 ], "texture": "#umbrellaopen_atlas", "cullface": "up" },
				"east": { "uv": [ 6.875, 9.25, 6.75, 9.5 ], "texture": "#umbrellaopen_atlas", "cullface": "up" }
			}
		},
		{
			"__comment": "Voxels",
			"from": [ 2, 24, 12 ],
			"to": [ 14, 25, 13 ],
			"faces": {
				"down": { "uv": [ 7, 15.5, 8.5, 15.75 ], "texture": "#umbrellaopen_atlas", "cullface": "up" },
				"up": { "uv": [ 14.5, 16, 16, 15.75 ], "texture": "#umbrellaopen_atlas", "cullface": "up" },
				"south": { "uv": [ 11.5, 15.75, 13, 16 ], "texture": "#umbrellaopen_atlas", "cullface": "up" },
				"west": { "uv": [ 6.875, 5.5, 7, 5.75 ], "texture": "#umbrellaopen_atlas", "cullface": "up" },
				"east": { "uv": [ 6.875, 5.25, 6.75, 5.5 ], "texture": "#umbrellaopen_atlas", "cullface": "up" }
			}
		},
		{
			"__comment": "Voxels",
			"from": [ 3, 23, -2 ],
			"to": [ 13, 24, -1 ],
			"faces": {
				"up": { "uv": [ 7, 14, 8.25, 13.75 ], "texture": "#umbrellaopen_atlas" },
				"north": { "uv": [ 8.25, 14.25, 7, 14.5 ], "texture": "#umbrellaopen_atlas" },
				"west": { "uv": [ 6.875, 4.25, 7, 4.5 ], "texture": "#umbrellaopen_atlas" },
				"east": { "uv": [ 6.875, 4, 6.75, 4.25 ], "texture": "#umbrellaopen_atlas" }
			}
		},
		{
			"__comment": "Voxels",
			"from": [ 3, 23, 12 ],
			"to": [ 5, 24, 14 ],
			"faces": {
				"down": { "uv": [ 1.75, 0, 2, 0.5 ], "texture": "#umbrellaopen_atlas", "cullface": "up" },
				"up": { "uv": [ 2, 1.25, 2.25, 0.75 ], "texture": "#umbrellaopen_atlas", "cullface": "up" },
				"north": { "uv": [ 1.25, 0, 1, 0.25 ], "texture": "#umbrellaopen_atlas", "cullface": "up" },
				"east": { "uv": [ 5, 7.75, 4.75, 8 ], "texture": "#umbrellaopen_atlas", "cullface": "up" }
			}
		},
		{
			"__comment": "Voxels",
			"from": [ 3, 23, 18 ],
			"to": [ 13, 24, 19 ],
			"faces": {
				"up": { "uv": [ 7, 13.5, 8.25, 13.25 ], "texture": "#umbrellaopen_atlas" },
				"south": { "uv": [ 7, 15.25, 8.25, 15.5 ], "texture": "#umbrellaopen_atlas" },
				"west": { "uv": [ 8.125, 9.5, 8.25, 9.75 ], "texture": "#umbrellaopen_atlas" },
				"east": { "uv": [ 8.125, 9.25, 8, 9.5 ], "texture": "#umbrellaopen_atlas" }
			}
		},
		{
			"__comment": "Voxels",
			"from": [ 4, 24, 3 ],
			"to": [ 12, 25, 4 ],
			"faces": {
				"down": { "uv": [ 7, 7.5, 8, 7.75 ], "texture": "#umbrellaopen_atlas", "cullface": "up" },
				"up": { "uv": [ 7, 7.25, 8, 7 ], "texture": "#umbrellaopen_atlas", "cullface": "up" },
				"north": { "uv": [ 8, 10, 7, 10.25 ], "texture": "#umbrellaopen_atlas", "cullface": "up" },
				"west": { "uv": [ 8, 2.5, 8.125, 2.75 ], "texture": "#umbrellaopen_atlas", "cullface": "up" },
				"east": { "uv": [ 8.25, 2.5, 8.125, 2.75 ], "texture": "#umbrellaopen_atlas", "cullface": "up" }
			}
		},
		{
			"__comment": "Voxels",
			"from": [ 4, 24, 13 ],
			"to": [ 12, 25, 14 ],
			"faces": {
				"down": { "uv": [ 7, 11, 8, 11.25 ], "texture": "#umbrellaopen_atlas", "cullface": "up" },
				"up": { "uv": [ 7, 9.75, 8, 9.5 ], "texture": "#umbrellaopen_atlas", "cullface": "up" },
				"south": { "uv": [ 7, 12.25, 8, 12.5 ], "texture": "#umbrellaopen_atlas", "cullface": "up" },
				"west": { "uv": [ 15.75, 14.75, 15.875, 15 ], "texture": "#umbrellaopen_atlas", "cullface": "up" },
				"east": { "uv": [ 16, 14.75, 15.875, 15 ], "texture": "#umbrellaopen_atlas", "cullface": "up" }
			}
		},
		{
			"__comment": "Voxels",
			"from": [ 5, 23, 13 ],
			"to": [ 6, 24, 14 ],
			"faces": {
				"down": { "uv": [ 15.75, 14.5, 15.875, 14.75 ], "texture": "#umbrellaopen_atlas", "cullface": "up" },
				"north": { "uv": [ 15.875, 14, 15.75, 14.25 ], "texture": "#umbrellaopen_atlas", "cullface": "up" },
				"east": { "uv": [ 9, 1, 8.875, 1.25 ], "texture": "#umbrellaopen_atlas", "cullface": "up" }
			}
		},
		{
			"__comment": "Voxels",
			"from": [ 5, 24, 2 ],
			"to": [ 11, 25, 3 ],
			"faces": {
				"up": { "uv": [ 8.25, 8.75, 9, 8.5 ], "texture": "#umbrellaopen_atlas", "cullface": "up" },
				"north": { "uv": [ 9, 8.25, 8.25, 8.5 ], "texture": "#umbrellaopen_atlas", "cullface": "up" },
				"west": { "uv": [ 6.875, 10.5, 7, 10.75 ], "texture": "#umbrellaopen_atlas", "cullface": "up" },
				"east": { "uv": [ 6.875, 10.25, 6.75, 10.5 ], "texture": "#umbrellaopen_atlas", "cullface": "up" }
			}
		},
		{
			"__comment": "Voxels",
			"from": [ 5, 24, 14 ],
			"to": [ 11, 25, 15 ],
			"faces": {
				"up": { "uv": [ 8.25, 6, 9, 5.75 ], "texture": "#umbrellaopen_atlas", "cullface": "up" },
				"south": { "uv": [ 8.25, 5.25, 9, 5.5 ], "texture": "#umbrellaopen_atlas", "cullface": "up" },
				"west": { "uv": [ 6.875, 9.75, 7, 10 ], "texture": "#umbrellaopen_atlas", "cullface": "up" },
				"east": { "uv": [ 16, 12, 15.875, 12.25 ], "texture": "#umbrellaopen_atlas", "cullface": "up" }
			}
		},
		{
			"__comment": "Voxels",
			"from": [ 6, 8, 8 ],
			"to": [ 10, 24, 9 ],
			"faces": {
				"down": { "uv": [ 6.5, 2.25, 7, 2.5 ], "texture": "#umbrellaopen_atlas", "cullface": "up" },
				"north": { "uv": [ 1, 7.5, 0.5, 9 ], "texture": "#umbrellaopen_atlas", "cullface": "up" },
				"south": { "uv": [ 1, 7.5, 1.5, 9 ], "texture": "#umbrellaopen_atlas", "cullface": "up" },
				"west": { "uv": [ 1.625, 11, 1.75, 12.5 ], "texture": "#umbrellaopen_atlas", "cullface": "up" },
				"east": { "uv": [ 1.75, 9.5, 1.625, 11 ], "texture": "#umbrellaopen_atlas", "cullface": "up" }
			}
		},
		{
			"__comment": "Voxels",
			"from": [ 7, -14, 6 ],
			"to": [ 8, -12, 8 ],
			"faces": {
				"down": { "uv": [ 2.375, 0, 2.5, 0.5 ], "texture": "#umbrellaopen_atlas", "cullface": "down" },
				"up": { "uv": [ 2.375, 1, 2.5, 0.5 ], "texture": "#umbrellaopen_atlas", "cullface": "down" },
				"north": { "uv": [ 2.5, 1, 2.375, 1.5 ], "texture": "#umbrellaopen_atlas", "cullface": "down" },
				"south": { "uv": [ 2.375, 1.5, 2.5, 2 ], "texture": "#umbrellaopen_atlas", "cullface": "down" },
				"west": { "uv": [ 1.5, 7.5, 1.75, 8 ], "texture": "#umbrellaopen_atlas", "cullface": "down" },
				"east": { "uv": [ 0.625, 4, 0.375, 4.5 ], "texture": "#umbrellaopen_atlas", "cullface": "down" }
			}
		},
		{
			"__comment": "Voxels",
			"from": [ 7, -13, 5 ],
			"to": [ 9, -11, 6 ],
			"faces": {
				"down": { "uv": [ 4.75, 8, 5, 8.25 ], "texture": "#umbrellaopen_atlas", "cullface": "down" },
				"up": { "uv": [ 4.75, 9, 5, 8.75 ], "texture": "#umbrellaopen_atlas", "cullface": "down" },
				"north": { "uv": [ 1, 4, 0.75, 4.5 ], "texture": "#umbrellaopen_atlas", "cullface": "down" },
				"south": { "uv": [ 1.75, 0.5, 2, 1 ], "texture": "#umbrellaopen_atlas", "cullface": "down" },
				"west": { "uv": [ 2.375, 2, 2.5, 2.5 ], "texture": "#umbrellaopen_atlas", "cullface": "down" },
				"east": { "uv": [ 2.5, 2.5, 2.375, 3 ], "texture": "#umbrellaopen_atlas", "cullface": "down" }
			}
		},
		{
			"__comment": "Voxels",
			"from": [ 7, -13, 8 ],
			"to": [ 9, 8, 9 ],
			"faces": {
				"down": { "uv": [ 4.75, 9, 5, 9.25 ], "texture": "#umbrellaopen_atlas", "cullface": "up" },
				"north": { "uv": [ 0.25, 7.25, 0, 12.5 ], "texture": "#umbrellaopen_atlas", "cullface": "up" },
				"south": { "uv": [ 0.25, 7.25, 0.5, 12.5 ], "texture": "#umbrellaopen_atlas", "cullface": "up" },
				"west": { "uv": [ 2.375, 10.75, 2.5, 16 ], "texture": "#umbrellaopen_atlas", "cullface": "up" },
				"east": { "uv": [ 2.375, 6.25, 2.25, 11.5 ], "texture": "#umbrellaopen_atlas", "cullface": "up" }
			}
		},
		{
			"__comment": "Voxels",
			"from": [ 7, -12, 4 ],
			"to": [ 8, -10, 5 ],
			"faces": {
				"down": { "uv": [ 12.125, 12, 12.25, 12.25 ], "texture": "#umbrellaopen_atlas", "cullface": "down" },
				"up": { "uv": [ 15.875, 12.5, 16, 12.25 ], "texture": "#umbrellaopen_atlas", "cullface": "down" },
				"north": { "uv": [ 2.5, 3, 2.375, 3.5 ], "texture": "#umbrellaopen_atlas", "cullface": "down" },
				"south": { "uv": [ 2.375, 3.5, 2.5, 4 ], "texture": "#umbrellaopen_atlas", "cullface": "down" },
				"west": { "uv": [ 2.375, 4, 2.5, 4.5 ], "texture": "#umbrellaopen_atlas", "cullface": "down" },
				"east": { "uv": [ 2.5, 4.5, 2.375, 5 ], "texture": "#umbrellaopen_atlas", "cullface": "down" }
			}
		},
		{
			"__comment": "Voxels",
			"from": [ 7, -12, 9 ],
			"to": [ 8, 24, 10 ],
			"faces": {
				"down": { "uv": [ 8.125, 0, 8.25, 0.25 ], "texture": "#umbrellaopen_atlas", "cullface": "up" },
				"north": { "uv": [ 2.25, 5, 2.125, 11.5 ], "texture": "#umbrellaopen_atlas", "cullface": "up" },
				"south": { "uv": [ 1.75, 1, 1.875, 7.5 ], "texture": "#umbrellaopen_atlas", "cullface": "up" },
				"west": { "uv": [ 2, 5, 2.125, 11.5 ], "texture": "#umbrellaopen_atlas", "cullface": "up" },
				"east": { "uv": [ 2, 1, 1.875, 7.5 ], "texture": "#umbrellaopen_atlas", "cullface": "up" }
			}
		},
		{
			"__comment": "Voxels",
			"from": [ 7, -1, 7 ],
			"to": [ 9, 24, 8 ],
			"faces": {
				"down": { "uv": [ 4.75, 10, 5, 10.25 ], "texture": "#umbrellaopen_atlas", "cullface": "up" },
				"north": { "uv": [ 1.25, 0.25, 1, 4 ], "texture": "#umbrellaopen_atlas", "cullface": "up" },
				"south": { "uv": [ 0.5, 0.25, 0.75, 4 ], "texture": "#umbrellaopen_atlas", "cullface": "up" },
				"west": { "uv": [ 2.375, 7, 2.5, 10.75 ], "texture": "#umbrellaopen_atlas", "cullface": "up" },
				"east": { "uv": [ 2.375, 1.25, 2.25, 5 ], "texture": "#umbrellaopen_atlas", "cullface": "up" }
			}
		},
		{
			"__comment": "Voxels",
			"from": [ 8, -5, 7 ],
			"to": [ 9, -1, 8 ],
			"faces": {
				"down": { "uv": [ 8, 8.25, 8.125, 8.5 ], "texture": "#umbrellaopen_atlas" },
				"north": { "uv": [ 1.75, 6.25, 1.625, 7.25 ], "texture": "#umbrellaopen_atlas" },
				"west": { "uv": [ 1.625, 4.25, 1.75, 5.25 ], "texture": "#umbrellaopen_atlas" },
				"east": { "uv": [ 2.375, 5.25, 2.25, 6.25 ], "texture": "#umbrellaopen_atlas" }
			}
		},
		{
			"__comment": "Voxels",
			"from": [ 8, 9, 9 ],
			"to": [ 9, 24, 10 ],
			"faces": {
				"down": { "uv": [ 8, 8.5, 8.125, 8.75 ], "texture": "#umbrellaopen_atlas", "cullface": "up" },
				"north": { "uv": [ 1.625, 0.25, 1.5, 4 ], "texture": "#umbrellaopen_atlas", "cullface": "up" },
				"south": { "uv": [ 2.125, 1.25, 2.25, 5 ], "texture": "#umbrellaopen_atlas", "cullface": "up" },
				"east": { "uv": [ 1.75, 0.25, 1.625, 4 ], "texture": "#umbrellaopen_atlas", "cullface": "up" }
			}
		},
		{
			"__comment": "Voxels",
			"from": [ 10, 23, 3 ],
			"to": [ 18, 24, 4 ],
			"faces": {
				"down": { "uv": [ 7, 8.25, 8, 8.5 ], "texture": "#umbrellaopen_atlas", "cullface": "up" },
				"up": { "uv": [ 7, 8.25, 8, 8 ], "texture": "#umbrellaopen_atlas", "cullface": "up" },
				"north": { "uv": [ 8, 7.75, 7, 8 ], "texture": "#umbrellaopen_atlas", "cullface": "up" },
				"south": { "uv": [ 7, 7.25, 8, 7.5 ], "texture": "#umbrellaopen_atlas", "cullface": "up" },
				"west": { "uv": [ 8, 11.75, 8.125, 12 ], "texture": "#umbrellaopen_atlas", "cullface": "up" },
				"east": { "uv": [ 8.25, 12, 8.125, 12.25 ], "texture": "#umbrellaopen_atlas", "cullface": "up" }
			}
		},
		{
			"__comment": "Voxels",
			"from": [ 10, 23, 13 ],
			"to": [ 18, 24, 14 ],
			"faces": {
				"down": { "uv": [ 7, 8.75, 8, 9 ], "texture": "#umbrellaopen_atlas", "cullface": "up" },
				"up": { "uv": [ 7, 12, 8, 11.75 ], "texture": "#umbrellaopen_atlas", "cullface": "up" },
				"north": { "uv": [ 8, 11.5, 7, 11.75 ], "texture": "#umbrellaopen_atlas", "cullface": "up" },
				"south": { "uv": [ 7, 11.25, 8, 11.5 ], "texture": "#umbrellaopen_atlas", "cullface": "up" },
				"west": { "uv": [ 6.75, 6.75, 6.875, 7 ], "texture": "#umbrellaopen_atlas", "cullface": "up" },
				"east": { "uv": [ 7, 7, 6.875, 7.25 ], "texture": "#umbrellaopen_atlas", "cullface": "up" }
			}
		},
		{
			"__comment": "Voxels",
			"from": [ 11, 23, 4 ],
			"to": [ 18, 24, 5 ],
			"faces": {
				"down": { "uv": [ 7, 5.5, 7.875, 5.75 ], "texture": "#umbrellaopen_atlas", "cullface": "up" },
				"up": { "uv": [ 7, 4.25, 7.875, 4 ], "texture": "#umbrellaopen_atlas", "cullface": "up" },
				"south": { "uv": [ 7, 6, 7.875, 6.25 ], "texture": "#umbrellaopen_atlas", "cullface": "up" },
				"west": { "uv": [ 6.75, 7.5, 6.875, 7.75 ], "texture": "#umbrellaopen_atlas", "cullface": "up" },
				"east": { "uv": [ 7, 7.75, 6.875, 8 ], "texture": "#umbrellaopen_atlas", "cullface": "up" }
			}
		},
		{
			"__comment": "Voxels",
			"from": [ 11, 23, 12 ],
			"to": [ 18, 24, 13 ],
			"faces": {
				"down": { "uv": [ 7, 6.25, 7.875, 6.5 ], "texture": "#umbrellaopen_atlas", "cullface": "up" },
				"up": { "uv": [ 7, 4.75, 7.875, 4.5 ], "texture": "#umbrellaopen_atlas", "cullface": "up" },
				"north": { "uv": [ 7.875, 4.25, 7, 4.5 ], "texture": "#umbrellaopen_atlas", "cullface": "up" },
				"west": { "uv": [ 6.75, 7.75, 6.875, 8 ], "texture": "#umbrellaopen_atlas", "cullface": "up" },
				"east": { "uv": [ 7, 8, 6.875, 8.25 ], "texture": "#umbrellaopen_atlas", "cullface": "up" }
			}
		},
		{
			"__comment": "Voxels",
			"from": [ 12, 22, -1 ],
			"to": [ 18, 23, 0 ],
			"faces": {
				"down": { "uv": [ 8.25, 5, 9, 5.25 ], "texture": "#umbrellaopen_atlas" },
				"up": { "uv": [ 8.25, 5, 9, 4.75 ], "texture": "#umbrellaopen_atlas" },
				"north": { "uv": [ 9, 4.5, 8.25, 4.75 ], "texture": "#umbrellaopen_atlas" },
				"south": { "uv": [ 8.25, 4.25, 9, 4.5 ], "texture": "#umbrellaopen_atlas" },
				"west": { "uv": [ 12.5, 12, 12.625, 12.25 ], "texture": "#umbrellaopen_atlas" },
				"east": { "uv": [ 7, 4, 6.875, 4.25 ], "texture": "#umbrellaopen_atlas" }
			}
		},
		{
			"__comment": "Voxels",
			"from": [ 12, 22, 17 ],
			"to": [ 18, 23, 18 ],
			"faces": {
				"down": { "uv": [ 8.25, 4, 9, 4.25 ], "texture": "#umbrellaopen_atlas" },
				"up": { "uv": [ 8.25, 4, 9, 3.75 ], "texture": "#umbrellaopen_atlas" },
				"north": { "uv": [ 9, 3.5, 8.25, 3.75 ], "texture": "#umbrellaopen_atlas" },
				"south": { "uv": [ 8.25, 3.25, 9, 3.5 ], "texture": "#umbrellaopen_atlas" },
				"west": { "uv": [ 7.875, 1.75, 8, 2 ], "texture": "#umbrellaopen_atlas" },
				"east": { "uv": [ 8.125, 1.75, 8, 2 ], "texture": "#umbrellaopen_atlas" }
			}
		},
		{
			"__comment": "Voxels",
			"from": [ 13, 21, -4 ],
			"to": [ 19, 22, -3 ],
			"faces": {
				"down": { "uv": [ 8.25, 3, 9, 3.25 ], "texture": "#umbrellaopen_atlas" },
				"up": { "uv": [ 8.25, 2, 9, 1.75 ], "texture": "#umbrellaopen_atlas" },
				"north": { "uv": [ 9, 1.5, 8.25, 1.75 ], "texture": "#umbrellaopen_atlas" },
				"south": { "uv": [ 7, 3.25, 7.75, 3.5 ], "texture": "#umbrellaopen_atlas" },
				"west": { "uv": [ 7.875, 1.25, 8, 1.5 ], "texture": "#umbrellaopen_atlas" },
				"east": { "uv": [ 9.75, 11, 9.625, 11.25 ], "texture": "#umbrellaopen_atlas" }
			}
		},
		{
			"__comment": "Voxels",
			"from": [ 13, 21, 20 ],
			"to": [ 19, 22, 21 ],
			"faces": {
				"down": { "uv": [ 7, 3, 7.75, 3.25 ], "texture": "#umbrellaopen_atlas" },
				"up": { "uv": [ 7, 3, 7.75, 2.75 ], "texture": "#umbrellaopen_atlas" },
				"north": { "uv": [ 7.75, 2.5, 7, 2.75 ], "texture": "#umbrellaopen_atlas" },
				"south": { "uv": [ 7, 2.25, 7.75, 2.5 ], "texture": "#umbrellaopen_atlas" },
				"west": { "uv": [ 9.625, 9.25, 9.75, 9.5 ], "texture": "#umbrellaopen_atlas" },
				"east": { "uv": [ 9.75, 9, 9.625, 9.25 ], "texture": "#umbrellaopen_atlas" }
			}
		},
		{
			"__comment": "Voxels",
			"from": [ 13, 22, 0 ],
			"to": [ 19, 23, 1 ],
			"faces": {
				"down": { "uv": [ 7, 2, 7.75, 2.25 ], "texture": "#umbrellaopen_atlas" },
				"up": { "uv": [ 7, 1, 7.75, 0.75 ], "texture": "#umbrellaopen_atlas" },
				"north": { "uv": [ 7.75, 0.5, 7, 0.75 ], "texture": "#umbrellaopen_atlas" },
				"south": { "uv": [ 9.75, 15.25, 10.5, 15.5 ], "texture": "#umbrellaopen_atlas" },
				"west": { "uv": [ 9.625, 3.75, 9.75, 4 ], "texture": "#umbrellaopen_atlas" },
				"east": { "uv": [ 6.875, 9.5, 6.75, 9.75 ], "texture": "#umbrellaopen_atlas" }
			}
		},
		{
			"__comment": "Voxels",
			"from": [ 13, 22, 16 ],
			"to": [ 19, 23, 17 ],
			"faces": {
				"down": { "uv": [ 10.5, 15.25, 11.25, 15.5 ], "texture": "#umbrellaopen_atlas" },
				"up": { "uv": [ 11.25, 15.5, 12, 15.25 ], "texture": "#umbrellaopen_atlas" },
				"north": { "uv": [ 12.75, 15.25, 12, 15.5 ], "texture": "#umbrellaopen_atlas" },
				"south": { "uv": [ 12.75, 15.25, 13.5, 15.5 ], "texture": "#umbrellaopen_atlas" },
				"west": { "uv": [ 6.875, 9, 7, 9.25 ], "texture": "#umbrellaopen_atlas" },
				"east": { "uv": [ 6.875, 8.75, 6.75, 9 ], "texture": "#umbrellaopen_atlas" }
			}
		},
		{
			"__comment": "Voxels",
			"from": [ 13, 23, 5 ],
			"to": [ 18, 24, 6 ],
			"faces": {
				"down": { "uv": [ 15.25, 13, 15.875, 13.25 ], "texture": "#umbrellaopen_atlas", "cullface": "up" },
				"up": { "uv": [ 14.625, 13.25, 15.25, 13 ], "texture": "#umbrellaopen_atlas", "cullface": "up" },
				"south": { "uv": [ 12.75, 13.75, 13.375, 14 ], "texture": "#umbrellaopen_atlas", "cullface": "up" },
				"west": { "uv": [ 6.875, 8.25, 7, 8.5 ], "texture": "#umbrellaopen_atlas", "cullface": "up" },
				"east": { "uv": [ 6.875, 8, 6.75, 8.25 ], "texture": "#umbrellaopen_atlas", "cullface": "up" }
			}
		},
		{
			"__comment": "Voxels",
			"from": [ 13, 23, 11 ],
			"to": [ 18, 24, 12 ],
			"faces": {
				"down": { "uv": [ 12.125, 13.75, 12.75, 14 ], "texture": "#umbrellaopen_atlas", "cullface": "up" },
				"up": { "uv": [ 11.5, 14, 12.125, 13.75 ], "texture": "#umbrellaopen_atlas", "cullface": "up" },
				"north": { "uv": [ 14.625, 12.75, 14, 13 ], "texture": "#umbrellaopen_atlas", "cullface": "up" },
				"west": { "uv": [ 6.875, 7.5, 7, 7.75 ], "texture": "#umbrellaopen_atlas", "cullface": "up" },
				"east": { "uv": [ 8, 1.5, 7.875, 1.75 ], "texture": "#umbrellaopen_atlas", "cullface": "up" }
			}
		},
		{
			"__comment": "Voxels",
			"from": [ 14, 20, -7 ],
			"to": [ 19, 21, -6 ],
			"faces": {
				"down": { "uv": [ 12.125, 12.75, 12.75, 13 ], "texture": "#umbrellaopen_atlas" },
				"up": { "uv": [ 9, 13, 9.625, 12.75 ], "texture": "#umbrellaopen_atlas" },
				"north": { "uv": [ 14.625, 13, 14, 13.25 ], "texture": "#umbrellaopen_atlas" },
				"south": { "uv": [ 10.875, 13, 11.5, 13.25 ], "texture": "#umbrellaopen_atlas" },
				"west": { "uv": [ 6.875, 6.75, 7, 7 ], "texture": "#umbrellaopen_atlas" },
				"east": { "uv": [ 6.875, 6.5, 6.75, 6.75 ], "texture": "#umbrellaopen_atlas" }
			}
		},
		{
			"__comment": "Voxels",
			"from": [ 14, 20, 23 ],
			"to": [ 19, 21, 24 ],
			"faces": {
				"down": { "uv": [ 10.25, 13, 10.875, 13.25 ], "texture": "#umbrellaopen_atlas" },
				"up": { "uv": [ 9.625, 13.25, 10.25, 13 ], "texture": "#umbrellaopen_atlas" },
				"north": { "uv": [ 9.625, 13, 9, 13.25 ], "texture": "#umbrellaopen_atlas" },
				"south": { "uv": [ 15.25, 13.25, 15.875, 13.5 ], "texture": "#umbrellaopen_atlas" },
				"west": { "uv": [ 6.875, 6, 7, 6.25 ], "texture": "#umbrellaopen_atlas" },
				"east": { "uv": [ 6.875, 5.75, 6.75, 6 ], "texture": "#umbrellaopen_atlas" }
			}
		},
		{
			"__comment": "Voxels",
			"from": [ 14, 21, -3 ],
			"to": [ 20, 22, -2 ],
			"faces": {
				"down": { "uv": [ 13.5, 15.25, 14.25, 15.5 ], "texture": "#umbrellaopen_atlas" },
				"up": { "uv": [ 14.25, 15.5, 15, 15.25 ], "texture": "#umbrellaopen_atlas" },
				"north": { "uv": [ 15.75, 15.25, 15, 15.5 ], "texture": "#umbrellaopen_atlas" },
				"south": { "uv": [ 8.25, 15, 9, 15.25 ], "texture": "#umbrellaopen_atlas" },
				"west": { "uv": [ 6.875, 5.25, 7, 5.5 ], "texture": "#umbrellaopen_atlas" },
				"east": { "uv": [ 6.875, 5, 6.75, 5.25 ], "texture": "#umbrellaopen_atlas" }
			}
		},
		{
			"__comment": "Voxels",
			"from": [ 14, 21, 19 ],
			"to": [ 20, 22, 20 ],
			"faces": {
				"down": { "uv": [ 9, 15, 9.75, 15.25 ], "texture": "#umbrellaopen_atlas" },
				"up": { "uv": [ 9.75, 15.25, 10.5, 15 ], "texture": "#umbrellaopen_atlas" },
				"north": { "uv": [ 11.25, 15, 10.5, 15.25 ], "texture": "#umbrellaopen_atlas" },
				"south": { "uv": [ 11.25, 15, 12, 15.25 ], "texture": "#umbrellaopen_atlas" },
				"west": { "uv": [ 6.875, 4.5, 7, 4.75 ], "texture": "#umbrellaopen_atlas" },
				"east": { "uv": [ 6.875, 4.25, 6.75, 4.5 ], "texture": "#umbrellaopen_atlas" }
			}
		},
		{
			"__comment": "Voxels",
			"from": [ 14, 22, 1 ],
			"to": [ 20, 23, 2 ],
			"faces": {
				"down": { "uv": [ 12, 15, 12.75, 15.25 ], "texture": "#umbrellaopen_atlas", "cullface": "up" },
				"up": { "uv": [ 12.75, 15.25, 13.5, 15 ], "texture": "#umbrellaopen_atlas", "cullface": "up" },
				"north": { "uv": [ 14.25, 15, 13.5, 15.25 ], "texture": "#umbrellaopen_atlas", "cullface": "up" },
				"south": { "uv": [ 14.25, 15, 15, 15.25 ], "texture": "#umbrellaopen_atlas", "cullface": "up" },
				"west": { "uv": [ 15.75, 15.5, 15.875, 15.75 ], "texture": "#umbrellaopen_atlas", "cullface": "up" },
				"east": { "uv": [ 16, 15.5, 15.875, 15.75 ], "texture": "#umbrellaopen_atlas", "cullface": "up" }
			}
		},
		{
			"__comment": "Voxels",
			"from": [ 14, 22, 15 ],
			"to": [ 20, 23, 16 ],
			"faces": {
				"down": { "uv": [ 15, 15, 15.75, 15.25 ], "texture": "#umbrellaopen_atlas" },
				"up": { "uv": [ 8.25, 15, 9, 14.75 ], "texture": "#umbrellaopen_atlas" },
				"north": { "uv": [ 9.75, 14.75, 9, 15 ], "texture": "#umbrellaopen_atlas" },
				"south": { "uv": [ 9.75, 14.75, 10.5, 15 ], "texture": "#umbrellaopen_atlas" },
				"west": { "uv": [ 8.125, 12.75, 8.25, 13 ], "texture": "#umbrellaopen_atlas" },
				"east": { "uv": [ 8.25, 12.5, 8.125, 12.75 ], "texture": "#umbrellaopen_atlas" }
			}
		},
		{
			"__comment": "Voxels",
			"from": [ 14, 23, 6 ],
			"to": [ 18, 24, 11 ],
			"faces": {
				"down": { "uv": [ 0, 0.75, 0.5, 2 ], "texture": "#umbrellaopen_atlas", "cullface": "up" },
				"up": { "uv": [ 1.125, 5.25, 1.625, 4 ], "texture": "#umbrellaopen_atlas", "cullface": "up" },
				"west": { "uv": [ 14.625, 13.25, 15.25, 13.5 ], "texture": "#umbrellaopen_atlas", "cullface": "up" },
				"east": { "uv": [ 14.625, 13.25, 14, 13.5 ], "texture": "#umbrellaopen_atlas", "cullface": "up" }
			}
		},
		{
			"__comment": "Voxels",
			"from": [ 15, 20, -6 ],
			"to": [ 20, 21, -5 ],
			"faces": {
				"down": { "uv": [ 13.375, 13.25, 14, 13.5 ], "texture": "#umbrellaopen_atlas" },
				"up": { "uv": [ 12.75, 13.5, 13.375, 13.25 ], "texture": "#umbrellaopen_atlas" },
				"north": { "uv": [ 12.75, 13.25, 12.125, 13.5 ], "texture": "#umbrellaopen_atlas" },
				"south": { "uv": [ 11.5, 13.25, 12.125, 13.5 ], "texture": "#umbrellaopen_atlas" },
				"west": { "uv": [ 8.125, 11.25, 8.25, 11.5 ], "texture": "#umbrellaopen_atlas" },
				"east": { "uv": [ 8.125, 11, 8, 11.25 ], "texture": "#umbrellaopen_atlas" }
			}
		},
		{
			"__comment": "Voxels",
			"from": [ 15, 20, 22 ],
			"to": [ 20, 21, 23 ],
			"faces": {
				"down": { "uv": [ 10.875, 13.25, 11.5, 13.5 ], "texture": "#umbrellaopen_atlas" },
				"up": { "uv": [ 10.25, 13.5, 10.875, 13.25 ], "texture": "#umbrellaopen_atlas" },
				"north": { "uv": [ 10.25, 13.25, 9.625, 13.5 ], "texture": "#umbrellaopen_atlas" },
				"south": { "uv": [ 13.375, 13.5, 14, 13.75 ], "texture": "#umbrellaopen_atlas" },
				"west": { "uv": [ 8.125, 10.5, 8.25, 10.75 ], "texture": "#umbrellaopen_atlas" },
				"east": { "uv": [ 8.125, 10.25, 8, 10.5 ], "texture": "#umbrellaopen_atlas" }
			}
		},
		{
			"__comment": "Voxels",
			"from": [ 15, 21, -2 ],
			"to": [ 21, 22, -1 ],
			"faces": {
				"down": { "uv": [ 10.5, 14.75, 11.25, 15 ], "texture": "#umbrellaopen_atlas" },
				"up": { "uv": [ 11.25, 15, 12, 14.75 ], "texture": "#umbrellaopen_atlas" },
				"north": { "uv": [ 12.75, 14.75, 12, 15 ], "texture": "#umbrellaopen_atlas" },
				"south": { "uv": [ 12.75, 14.75, 13.5, 15 ], "texture": "#umbrellaopen_atlas" },
				"west": { "uv": [ 8.125, 9.75, 8.25, 10 ], "texture": "#umbrellaopen_atlas" },
				"east": { "uv": [ 8.125, 9.5, 8, 9.75 ], "texture": "#umbrellaopen_atlas" }
			}
		},
		{
			"__comment": "Voxels",
			"from": [ 15, 21, 18 ],
			"to": [ 21, 22, 19 ],
			"faces": {
				"down": { "uv": [ 13.5, 14.75, 14.25, 15 ], "texture": "#umbrellaopen_atlas" },
				"up": { "uv": [ 14.25, 15, 15, 14.75 ], "texture": "#umbrellaopen_atlas" },
				"north": { "uv": [ 15.75, 14.75, 15, 15 ], "texture": "#umbrellaopen_atlas" },
				"south": { "uv": [ 11.25, 14.5, 12, 14.75 ], "texture": "#umbrellaopen_atlas" },
				"west": { "uv": [ 8.125, 9, 8.25, 9.25 ], "texture": "#umbrellaopen_atlas" },
				"east": { "uv": [ 8.125, 8.75, 8, 9 ], "texture": "#umbrellaopen_atlas" }
			}
		},
		{
			"__comment": "Voxels",
			"from": [ 15, 22, 2 ],
			"to": [ 20, 23, 3 ],
			"faces": {
				"down": { "uv": [ 12.75, 13.5, 13.375, 13.75 ], "texture": "#umbrellaopen_atlas", "cullface": "up" },
				"up": { "uv": [ 9.625, 13.75, 10.25, 13.5 ], "texture": "#umbrellaopen_atlas", "cullface": "up" },
				"south": { "uv": [ 10.25, 13.75, 10.875, 14 ], "texture": "#umbrellaopen_atlas", "cullface": "up" },
				"west": { "uv": [ 8.125, 8.25, 8.25, 8.5 ], "texture": "#umbrellaopen_atlas", "cullface": "up" },
				"east": { "uv": [ 8.125, 8, 8, 8.25 ], "texture": "#umbrellaopen_atlas", "cullface": "up" }
			}
		},
		{
			"__comment": "Voxels",
			"from": [ 15, 22, 14 ],
			"to": [ 20, 23, 15 ],
			"faces": {
				"down": { "uv": [ 9.625, 13.75, 10.25, 14 ], "texture": "#umbrellaopen_atlas", "cullface": "up" },
				"up": { "uv": [ 9, 14, 9.625, 13.75 ], "texture": "#umbrellaopen_atlas", "cullface": "up" },
				"north": { "uv": [ 8.875, 1, 8.25, 1.25 ], "texture": "#umbrellaopen_atlas", "cullface": "up" },
				"west": { "uv": [ 8.125, 7.5, 8.25, 7.75 ], "texture": "#umbrellaopen_atlas", "cullface": "up" },
				"east": { "uv": [ 8.125, 7.25, 8, 7.5 ], "texture": "#umbrellaopen_atlas", "cullface": "up" }
			}
		},
		{
			"__comment": "Voxels",
			"from": [ 16, 20, -5 ],
			"to": [ 21, 21, -4 ],
			"faces": {
				"down": { "uv": [ 14.625, 12.25, 15.25, 12.5 ], "texture": "#umbrellaopen_atlas" },
				"up": { "uv": [ 14, 12.5, 14.625, 12.25 ], "texture": "#umbrellaopen_atlas" },
				"north": { "uv": [ 14, 12.25, 13.375, 12.5 ], "texture": "#umbrellaopen_atlas" },
				"south": { "uv": [ 12.75, 12.25, 13.375, 12.5 ], "texture": "#umbrellaopen_atlas" },
				"west": { "uv": [ 7.75, 3, 7.875, 3.25 ], "texture": "#umbrellaopen_atlas" },
				"east": { "uv": [ 8, 3, 7.875, 3.25 ], "texture": "#umbrellaopen_atlas" }
			}
		},
		{
			"__comment": "Voxels",
			"from": [ 16, 20, 21 ],
			"to": [ 21, 21, 22 ],
			"faces": {
				"down": { "uv": [ 12.125, 12.25, 12.75, 12.5 ], "texture": "#umbrellaopen_atlas" },
				"up": { "uv": [ 11.5, 12.5, 12.125, 12.25 ], "texture": "#umbrellaopen_atlas" },
				"north": { "uv": [ 11.5, 12.25, 10.875, 12.5 ], "texture": "#umbrellaopen_atlas" },
				"south": { "uv": [ 10.25, 12.25, 10.875, 12.5 ], "texture": "#umbrellaopen_atlas" },
				"west": { "uv": [ 8, 2.75, 8.125, 3 ], "texture": "#umbrellaopen_atlas" },
				"east": { "uv": [ 8.25, 2.75, 8.125, 3 ], "texture": "#umbrellaopen_atlas" }
			}
		},
		{
			"__comment": "Voxels",
			"from": [ 16, 21, -1 ],
			"to": [ 22, 22, 0 ],
			"faces": {
				"down": { "uv": [ 15, 14.5, 15.75, 14.75 ], "texture": "#umbrellaopen_atlas" },
				"up": { "uv": [ 11.25, 14.5, 12, 14.25 ], "texture": "#umbrellaopen_atlas" },
				"north": { "uv": [ 12.75, 14.25, 12, 14.5 ], "texture": "#umbrellaopen_atlas" },
				"south": { "uv": [ 8.25, 14, 9, 14.25 ], "texture": "#umbrellaopen_atlas" },
				"west": { "uv": [ 7.75, 2.25, 7.875, 2.5 ], "texture": "#umbrellaopen_atlas" },
				"east": { "uv": [ 8, 2.25, 7.875, 2.5 ], "texture": "#umbrellaopen_atlas" }
			}
		},
		{
			"__comment": "Voxels",
			"from": [ 16, 21, 17 ],
			"to": [ 22, 22, 18 ],
			"faces": {
				"down": { "uv": [ 9, 14, 9.75, 14.25 ], "texture": "#umbrellaopen_atlas" },
				"up": { "uv": [ 12.75, 14.25, 13.5, 14 ], "texture": "#umbrellaopen_atlas" },
				"north": { "uv": [ 14.25, 14, 13.5, 14.25 ], "texture": "#umbrellaopen_atlas" },
				"south": { "uv": [ 14.25, 14, 15, 14.25 ], "texture": "#umbrellaopen_atlas" },
				"west": { "uv": [ 8, 2, 8.125, 2.25 ], "texture": "#umbrellaopen_atlas" },
				"east": { "uv": [ 8.25, 2, 8.125, 2.25 ], "texture": "#umbrellaopen_atlas" }
			}
		},
		{
			"__comment": "Voxels",
			"from": [ 16, 22, 3 ],
			"to": [ 20, 23, 4 ],
			"faces": {
				"down": { "uv": [ 0, 0.5, 0.5, 0.75 ], "texture": "#umbrellaopen_atlas" },
				"up": { "uv": [ 0, 0.5, 0.5, 0.25 ], "texture": "#umbrellaopen_atlas" },
				"south": { "uv": [ 4.5, 3, 5, 3.25 ], "texture": "#umbrellaopen_atlas" },
				"west": { "uv": [ 7.75, 1.5, 7.875, 1.75 ], "texture": "#umbrellaopen_atlas" },
				"east": { "uv": [ 9.75, 2.5, 9.625, 2.75 ], "texture": "#umbrellaopen_atlas" }
			}
		},
		{
			"__comment": "Voxels",
			"from": [ 16, 22, 13 ],
			"to": [ 20, 23, 14 ],
			"faces": {
				"down": { "uv": [ 4.5, 2.75, 5, 3 ], "texture": "#umbrellaopen_atlas" },
				"up": { "uv": [ 4.5, 2.75, 5, 2.5 ], "texture": "#umbrellaopen_atlas" },
				"north": { "uv": [ 5, 2.25, 4.5, 2.5 ], "texture": "#umbrellaopen_atlas" },
				"west": { "uv": [ 8, 1.25, 8.125, 1.5 ], "texture": "#umbrellaopen_atlas" },
				"east": { "uv": [ 8.25, 1.25, 8.125, 1.5 ], "texture": "#umbrellaopen_atlas" }
			}
		},
		{
			"__comment": "Voxels",
			"from": [ 17, 20, -4 ],
			"to": [ 22, 21, -3 ],
			"faces": {
				"down": { "uv": [ 9.625, 12.25, 10.25, 12.5 ], "texture": "#umbrellaopen_atlas" },
				"up": { "uv": [ 15.25, 12.75, 15.875, 12.5 ], "texture": "#umbrellaopen_atlas" },
				"north": { "uv": [ 12.75, 12.5, 12.125, 12.75 ], "texture": "#umbrellaopen_atlas" },
				"south": { "uv": [ 11.5, 12.5, 12.125, 12.75 ], "texture": "#umbrellaopen_atlas" },
				"west": { "uv": [ 8, 0.25, 8.125, 0.5 ], "texture": "#umbrellaopen_atlas" },
				"east": { "uv": [ 8.25, 0.25, 8.125, 0.5 ], "texture": "#umbrellaopen_atlas" }
			}
		},
		{
			"__comment": "Voxels",
			"from": [ 17, 20, 20 ],
			"to": [ 22, 21, 21 ],
			"faces": {
				"down": { "uv": [ 10.875, 12.5, 11.5, 12.75 ], "texture": "#umbrellaopen_atlas" },
				"up": { "uv": [ 10.25, 12.75, 10.875, 12.5 ], "texture": "#umbrellaopen_atlas" },
				"north": { "uv": [ 10.25, 12.5, 9.625, 12.75 ], "texture": "#umbrellaopen_atlas" },
				"south": { "uv": [ 9, 0, 9.625, 0.25 ], "texture": "#umbrellaopen_atlas" },
				"west": { "uv": [ 15.75, 15, 15.875, 15.25 ], "texture": "#umbrellaopen_atlas" },
				"east": { "uv": [ 16, 15, 15.875, 15.25 ], "texture": "#umbrellaopen_atlas" }
			}
		},
		{
			"__comment": "Voxels",
			"from": [ 17, 21, 0 ],
			"to": [ 23, 22, 1 ],
			"faces": {
				"down": { "uv": [ 15, 14, 15.75, 14.25 ], "texture": "#umbrellaopen_atlas" },
				"up": { "uv": [ 8.25, 14, 9, 13.75 ], "texture": "#umbrellaopen_atlas" },
				"north": { "uv": [ 9, 12.5, 8.25, 12.75 ], "texture": "#umbrellaopen_atlas" },
				"south": { "uv": [ 8.25, 12.25, 9, 12.5 ], "texture": "#umbrellaopen_atlas" },
				"west": { "uv": [ 15.75, 14.25, 15.875, 14.5 ], "texture": "#umbrellaopen_atlas" },
				"east": { "uv": [ 16, 14.25, 15.875, 14.5 ], "texture": "#umbrellaopen_atlas" }
			}
		},
		{
			"__comment": "Voxels",
			"from": [ 17, 21, 16 ],
			"to": [ 23, 22, 17 ],
			"faces": {
				"down": { "uv": [ 8.25, 12, 9, 12.25 ], "texture": "#umbrellaopen_atlas" },
				"up": { "uv": [ 8.25, 12, 9, 11.75 ], "texture": "#umbrellaopen_atlas" },
				"north": { "uv": [ 9, 11.5, 8.25, 11.75 ], "texture": "#umbrellaopen_atlas" },
				"south": { "uv": [ 8.25, 11.25, 9, 11.5 ], "texture": "#umbrellaopen_atlas" },
				"west": { "uv": [ 8.875, 0.75, 9, 1 ], "texture": "#umbrellaopen_atlas" },
				"east": { "uv": [ 9, 0.5, 8.875, 0.75 ], "texture": "#umbrellaopen_atlas" }
			}
		},
		{
			"__comment": "Voxels",
			"from": [ 17, 22, 4 ],
			"to": [ 20, 23, 13 ],
			"faces": {
				"down": { "uv": [ 2, 13.75, 2.375, 16 ], "texture": "#umbrellaopen_atlas" },
				"up": { "uv": [ 2, 13.75, 2.375, 11.5 ], "texture": "#umbrellaopen_atlas" },
				"west": { "uv": [ 7, 12.5, 8.125, 12.75 ], "texture": "#umbrellaopen_atlas" },
				"east": { "uv": [ 8.125, 12.75, 7, 13 ], "texture": "#umbrellaopen_atlas" }
			}
		},
		{
			"__comment": "Voxels",
			"from": [ 18, 20, -3 ],
			"to": [ 23, 21, -2 ],
			"faces": {
				"down": { "uv": [ 9, 0.25, 9.625, 0.5 ], "texture": "#umbrellaopen_atlas" },
				"up": { "uv": [ 9, 0.75, 9.625, 0.5 ], "texture": "#umbrellaopen_atlas" },
				"north": { "uv": [ 9.625, 0.75, 9, 1 ], "texture": "#umbrellaopen_atlas" },
				"south": { "uv": [ 9, 1, 9.625, 1.25 ], "texture": "#umbrellaopen_atlas" },
				"west": { "uv": [ 12.25, 12, 12.375, 12.25 ], "texture": "#umbrellaopen_atlas" },
				"east": { "uv": [ 12.5, 12, 12.375, 12.25 ], "texture": "#umbrellaopen_atlas" }
			}
		},
		{
			"__comment": "Voxels",
			"from": [ 18, 20, 19 ],
			"to": [ 23, 21, 20 ],
			"faces": {
				"down": { "uv": [ 9, 11.5, 9.625, 11.75 ], "texture": "#umbrellaopen_atlas" },
				"up": { "uv": [ 9, 1.5, 9.625, 1.25 ], "texture": "#umbrellaopen_atlas" },
				"north": { "uv": [ 9.625, 1.5, 9, 1.75 ], "texture": "#umbrellaopen_atlas" },
				"south": { "uv": [ 9, 1.75, 9.625, 2 ], "texture": "#umbrellaopen_atlas" },
				"west": { "uv": [ 13, 12, 13.125, 12.25 ], "texture": "#umbrellaopen_atlas" },
				"east": { "uv": [ 13.25, 12, 13.125, 12.25 ], "texture": "#umbrellaopen_atlas" }
			}
		},
		{
			"__comment": "Voxels",
			"from": [ 18, 21, 1 ],
			"to": [ 23, 22, 2 ],
			"faces": {
				"down": { "uv": [ 9, 2, 9.625, 2.25 ], "texture": "#umbrellaopen_atlas" },
				"up": { "uv": [ 9, 3.5, 9.625, 3.25 ], "texture": "#umbrellaopen_atlas" },
				"south": { "uv": [ 9, 4.75, 9.625, 5 ], "texture": "#umbrellaopen_atlas" },
				"west": { "uv": [ 13.75, 12, 13.875, 12.25 ], "texture": "#umbrellaopen_atlas" },
				"east": { "uv": [ 14, 12, 13.875, 12.25 ], "texture": "#umbrellaopen_atlas" }
			}
		},
		{
			"__comment": "Voxels",
			"from": [ 18, 21, 15 ],
			"to": [ 23, 22, 16 ],
			"faces": {
				"down": { "uv": [ 9, 5, 9.625, 5.25 ], "texture": "#umbrellaopen_atlas" },
				"up": { "uv": [ 9, 6, 9.625, 5.75 ], "texture": "#umbrellaopen_atlas" },
				"north": { "uv": [ 9.625, 6, 9, 6.25 ], "texture": "#umbrellaopen_atlas" },
				"west": { "uv": [ 14.5, 12, 14.625, 12.25 ], "texture": "#umbrellaopen_atlas" },
				"east": { "uv": [ 14.75, 12, 14.625, 12.25 ], "texture": "#umbrellaopen_atlas" }
			}
		},
		{
			"__comment": "Voxels",
			"from": [ 19, 20, -2 ],
			"to": [ 24, 21, -1 ],
			"faces": {
				"down": { "uv": [ 9, 9, 9.625, 9.25 ], "texture": "#umbrellaopen_atlas" },
				"up": { "uv": [ 9, 10, 9.625, 9.75 ], "texture": "#umbrellaopen_atlas" },
				"north": { "uv": [ 9.625, 10, 9, 10.25 ], "texture": "#umbrellaopen_atlas" },
				"south": { "uv": [ 9, 10.25, 9.625, 10.5 ], "texture": "#umbrellaopen_atlas" },
				"west": { "uv": [ 15.25, 12, 15.375, 12.25 ], "texture": "#umbrellaopen_atlas" },
				"east": { "uv": [ 15.5, 12, 15.375, 12.25 ], "texture": "#umbrellaopen_atlas" }
			}
		},
		{
			"__comment": "Voxels",
			"from": [ 19, 20, 18 ],
			"to": [ 24, 21, 19 ],
			"faces": {
				"down": { "uv": [ 9, 10.5, 9.625, 10.75 ], "texture": "#umbrellaopen_atlas" },
				"up": { "uv": [ 9, 12, 9.625, 11.75 ], "texture": "#umbrellaopen_atlas" },
				"north": { "uv": [ 9.625, 12, 9, 12.25 ], "texture": "#umbrellaopen_atlas" },
				"south": { "uv": [ 12.75, 12.75, 13.375, 13 ], "texture": "#umbrellaopen_atlas" },
				"west": { "uv": [ 9.625, 11.75, 9.75, 12 ], "texture": "#umbrellaopen_atlas" },
				"east": { "uv": [ 9.75, 11.5, 9.625, 11.75 ], "texture": "#umbrellaopen_atlas" }
			}
		},
		{
			"__comment": "Voxels",
			"from": [ 20, 21, 2 ],
			"to": [ 23, 22, 15 ],
			"faces": {
				"down": { "uv": [ 0, 4, 0.375, 7.25 ], "texture": "#umbrellaopen_atlas" },
				"up": { "uv": [ 1.25, 12.5, 1.625, 9.25 ], "texture": "#umbrellaopen_atlas" },
				"west": { "uv": [ 5, 3.75, 6.625, 4 ], "texture": "#umbrellaopen_atlas" },
				"east": { "uv": [ 6.625, 3.5, 5, 3.75 ], "texture": "#umbrellaopen_atlas" }
			}
		},
		{
			"__comment": "Voxels",
			"from": [ 21, 20, -1 ],
			"to": [ 25, 21, 0 ],
			"faces": {
				"down": { "uv": [ 4.5, 1, 5, 1.25 ], "texture": "#umbrellaopen_atlas" },
				"up": { "uv": [ 4.5, 1, 5, 0.75 ], "texture": "#umbrellaopen_atlas" },
				"north": { "uv": [ 5, 0.5, 4.5, 0.75 ], "texture": "#umbrellaopen_atlas" },
				"south": { "uv": [ 4.5, 0.25, 5, 0.5 ], "texture": "#umbrellaopen_atlas" },
				"west": { "uv": [ 9.625, 8.75, 9.75, 9 ], "texture": "#umbrellaopen_atlas" },
				"east": { "uv": [ 9.75, 8.5, 9.625, 8.75 ], "texture": "#umbrellaopen_atlas" }
			}
		},
		{
			"__comment": "Voxels",
			"from": [ 21, 20, 17 ],
			"to": [ 25, 21, 18 ],
			"faces": {
				"down": { "uv": [ 4.5, 0, 5, 0.25 ], "texture": "#umbrellaopen_atlas" },
				"up": { "uv": [ 6.5, 3.5, 7, 3.25 ], "texture": "#umbrellaopen_atlas" },
				"north": { "uv": [ 7, 3, 6.5, 3.25 ], "texture": "#umbrellaopen_atlas" },
				"south": { "uv": [ 6.5, 2.75, 7, 3 ], "texture": "#umbrellaopen_atlas" },
				"west": { "uv": [ 9.625, 7.25, 9.75, 7.5 ], "texture": "#umbrellaopen_atlas" },
				"east": { "uv": [ 9.75, 7, 9.625, 7.25 ], "texture": "#umbrellaopen_atlas" }
			}
		},
		{
			"__comment": "Voxels",
			"from": [ 22, 20, 0 ],
			"to": [ 25, 21, 1 ],
			"faces": {
				"down": { "uv": [ 7.875, 4.75, 8.25, 5 ], "texture": "#umbrellaopen_atlas" },
				"up": { "uv": [ 7.875, 5.75, 8.25, 5.5 ], "texture": "#umbrellaopen_atlas" },
				"south": { "uv": [ 7.875, 4.25, 8.25, 4.5 ], "texture": "#umbrellaopen_atlas" },
				"west": { "uv": [ 9.625, 5.75, 9.75, 6 ], "texture": "#umbrellaopen_atlas" },
				"east": { "uv": [ 9.75, 5.5, 9.625, 5.75 ], "texture": "#umbrellaopen_atlas" }
			}
		},
		{
			"__comment": "Voxels",
			"from": [ 22, 20, 16 ],
			"to": [ 25, 21, 17 ],
			"faces": {
				"down": { "uv": [ 7.875, 4, 8.25, 4.25 ], "texture": "#umbrellaopen_atlas" },
				"up": { "uv": [ 7.875, 4, 8.25, 3.75 ], "texture": "#umbrellaopen_atlas" },
				"north": { "uv": [ 8.25, 3.5, 7.875, 3.75 ], "texture": "#umbrellaopen_atlas" },
				"west": { "uv": [ 9.625, 4.25, 9.75, 4.5 ], "texture": "#umbrellaopen_atlas" },
				"east": { "uv": [ 9.75, 4, 9.625, 4.25 ], "texture": "#umbrellaopen_atlas" }
			}
		},
		{
			"__comment": "Voxels",
			"from": [ 23, 20, 1 ],
			"to": [ 25, 21, 16 ],
			"faces": {
				"down": { "uv": [ 0.75, 0.25, 1, 4 ], "texture": "#umbrellaopen_atlas" },
				"up": { "uv": [ 1.25, 4, 1.5, 0.25 ], "texture": "#umbrellaopen_atlas" },
				"west": { "uv": [ 5, 11.25, 6.875, 11.5 ], "texture": "#umbrellaopen_atlas" },
				"east": { "uv": [ 6.875, 11, 5, 11.25 ], "texture": "#umbrellaopen_atlas" }
			}
		}
	],
	"display": {
		"thirdperson_righthand": {
			"rotation":  [ 22, 0, 0 ],
			"translation":  [ 0, 8, 4 ],
			"scale":  [ 0.5, 0.5, 0.5 ]
		},
		"thirdperson_lefthand": {
			"rotation":  [ 22, 0, 0 ],
			"translation":  [ 0, 8, 4 ],
			"scale":  [ 0.5, 0.5, 0.5 ]
		},
		"firstperson_righthand": {
			"rotation":  [ -86, 0, 0 ],
			"translation":  [ 0, 1.4, 8 ],
			"scale":  [ 0.4, 0.4, 0.4 ]
		},
		"firstperson_lefthand": {
			"rotation":  [ -86, 0, 0 ],
			"translation":  [ 0, 1.4, 8 ],
			"scale":  [ 0.4, 0.4, 0.4 ]
		},
		"gui": {
			"rotation":  [ 0, -90, 0 ],
			"translation":  [ 0.2, -2, 0 ],
			"scale":  [ 0.4, 0.4, 0.4 ]
		},
		"ground": {
			"scale":  [ 0.2, 0.2, 0.2 ]
		},
		"fixed": {
			"rotation":  [ 0, 90, 0 ],
			"translation":  [ 0, -2, 0 ],
			"scale":  [ 0.6, 0.6, 0.6 ]
		}
	}
}