{
	"__comment": "Designed by Pashjn with Cubik Studio - https://cubik.studio",
	"textures": {
		"particle": "items/valshield",
		"texture": "items/valshield",
		"voxels_atlas": "items/valshield"
	},
	"elements": [ 	 
		{
			"__comment": "Voxels",
			"from": [ -10, 6, 7 ],
			"to": [ -2, 8, 8 ],
			"faces": {
				"down": { "uv": [ 6, 6, 7, 6.25 ], "texture": "#voxels_atlas", "cullface": "west" },
				"up": { "uv": [ 6.5, 2.5, 7.5, 2.25 ], "texture": "#voxels_atlas", "cullface": "west" },
				"north": { "uv": [ 7, 6.25, 6, 6.75 ], "texture": "#voxels_atlas", "cullface": "west" },
				"south": { "uv": [ 6.5, 1.5, 7.5, 2 ], "texture": "#voxels_atlas", "cullface": "west" },
				"west": { "uv": [ 10.625, 1.25, 10.75, 1.75 ], "texture": "#voxels_atlas", "cullface": "west" },
				"east": { "uv": [ 10.875, 0.25, 10.75, 0.75 ], "texture": "#voxels_atlas", "cullface": "west" }
			}
		},
		{
			"__comment": "Voxels",
			"from": [ -10, 8, 7 ],
			"to": [ -3, 20, 8 ],
			"faces": {
				"up": { "uv": [ 9.625, 7, 10.5, 6.75 ], "texture": "#voxels_atlas", "cullface": "west" },
				"north": { "uv": [ 4, 0.5, 3.125, 3.5 ], "texture": "#voxels_atlas", "cullface": "west" },
				"south": { "uv": [ 2.25, 0.5, 3.125, 3.5 ], "texture": "#voxels_atlas", "cullface": "west" },
				"west": { "uv": [ 7.5, 7.25, 7.625, 10.25 ], "texture": "#voxels_atlas", "cullface": "west" },
				"east": { "uv": [ 7.75, 7.25, 7.625, 10.25 ], "texture": "#voxels_atlas", "cullface": "west" }
			}
		},
		{
			"__comment": "Voxels",
			"from": [ -9, 1, 7 ],
			"to": [ -1, 4, 8 ],
			"faces": {
				"down": { "uv": [ 15, 15.25, 16, 15.5 ], "texture": "#voxels_atlas", "cullface": "west" },
				"up": { "uv": [ 11.75, 12, 12.75, 11.75 ], "texture": "#voxels_atlas", "cullface": "west" },
				"north": { "uv": [ 5, 6, 4, 6.75 ], "texture": "#voxels_atlas", "cullface": "west" },
				"south": { "uv": [ 5, 6, 6, 6.75 ], "texture": "#voxels_atlas", "cullface": "west" },
				"west": { "uv": [ 10.625, 7.75, 10.75, 8.5 ], "texture": "#voxels_atlas", "cullface": "west" },
				"east": { "uv": [ 10.875, 6.25, 10.75, 7 ], "texture": "#voxels_atlas", "cullface": "west" }
			}
		},
		{
			"__comment": "Voxels",
			"from": [ -9, 4, 7 ],
			"to": [ -2, 6, 8 ],
			"faces": {
				"north": { "uv": [ 8.625, 10, 7.75, 10.5 ], "texture": "#voxels_atlas", "cullface": "west" },
				"south": { "uv": [ 3.125, 0, 4, 0.5 ], "texture": "#voxels_atlas", "cullface": "west" },
				"west": { "uv": [ 10.875, 7, 11, 7.5 ], "texture": "#voxels_atlas", "cullface": "west" },
				"east": { "uv": [ 11, 7.5, 10.875, 8 ], "texture": "#voxels_atlas", "cullface": "west" }
			}
		},
		{
			"__comment": "Voxels",
			"from": [ -9, 7, 8 ],
			"to": [ 23, 19, 9 ],
			"faces": {
				"down": { "uv": [ 7.5, 15.75, 11.5, 16 ], "texture": "#voxels_atlas" },
				"up": { "uv": [ 11.5, 16, 15.5, 15.75 ], "texture": "#voxels_atlas" },
				"north": { "uv": [ 4, 13, 0, 16 ], "texture": "#voxels_atlas" },
				"south": { "uv": [ 0, 10, 4, 13 ], "texture": "#voxels_atlas" },
				"west": { "uv": [ 7.5, 4.25, 7.625, 7.25 ], "texture": "#voxels_atlas" },
				"east": { "uv": [ 7.75, 4.25, 7.625, 7.25 ], "texture": "#voxels_atlas" }
			}
		},
		{
			"__comment": "Voxels",
			"from": [ -8, -2, 7 ],
			"to": [ 0, -1, 8 ],
			"faces": {
				"down": { "uv": [ 14.75, 11.75, 15.75, 12 ], "texture": "#voxels_atlas" },
				"up": { "uv": [ 9.625, 11.75, 10.625, 11.5 ], "texture": "#voxels_atlas" },
				"north": { "uv": [ 11.625, 11.5, 10.625, 11.75 ], "texture": "#voxels_atlas" },
				"south": { "uv": [ 11.625, 11.5, 12.625, 11.75 ], "texture": "#voxels_atlas" },
				"west": { "uv": [ 15.375, 10, 15.5, 10.25 ], "texture": "#voxels_atlas" },
				"east": { "uv": [ 15.625, 10, 15.5, 10.25 ], "texture": "#voxels_atlas" }
			}
		},
		{
			"__comment": "Voxels",
			"from": [ -8, -1, 7 ],
			"to": [ -1, 1, 8 ],
			"faces": {
				"north": { "uv": [ 3.125, 0, 2.25, 0.5 ], "texture": "#voxels_atlas", "cullface": "west" },
				"south": { "uv": [ 8.625, 10, 9.5, 10.5 ], "texture": "#voxels_atlas", "cullface": "west" },
				"west": { "uv": [ 10.875, 9, 11, 9.5 ], "texture": "#voxels_atlas", "cullface": "west" },
				"east": { "uv": [ 11, 9.5, 10.875, 10 ], "texture": "#voxels_atlas", "cullface": "west" }
			}
		},
		{
			"__comment": "Voxels",
			"from": [ -8, 2, 8 ],
			"to": [ 22, 7, 9 ],
			"faces": {
				"down": { "uv": [ 7.5, 15.5, 11.25, 15.75 ], "texture": "#voxels_atlas", "cullface": "east" },
				"north": { "uv": [ 3.75, 4.75, 0, 6 ], "texture": "#voxels_atlas", "cullface": "east" },
				"south": { "uv": [ 0, 3.5, 3.75, 4.75 ], "texture": "#voxels_atlas", "cullface": "east" },
				"west": { "uv": [ 9.5, 5.25, 9.625, 6.5 ], "texture": "#voxels_atlas", "cullface": "east" },
				"east": { "uv": [ 9.625, 4, 9.5, 5.25 ], "texture": "#voxels_atlas", "cullface": "east" }
			}
		},
		{
			"__comment": "Voxels",
			"from": [ -7, -4, 7 ],
			"to": [ 1, -3, 8 ],
			"faces": {
				"down": { "uv": [ 12.625, 11.25, 13.625, 11.5 ], "texture": "#voxels_atlas", "cullface": "down" },
				"up": { "uv": [ 13.625, 11.5, 14.625, 11.25 ], "texture": "#voxels_atlas", "cullface": "down" },
				"north": { "uv": [ 15.625, 11.25, 14.625, 11.5 ], "texture": "#voxels_atlas", "cullface": "down" },
				"south": { "uv": [ 9.625, 11, 10.625, 11.25 ], "texture": "#voxels_atlas", "cullface": "down" },
				"west": { "uv": [ 11.625, 9.75, 11.75, 10 ], "texture": "#voxels_atlas", "cullface": "down" },
				"east": { "uv": [ 11.875, 9.75, 11.75, 10 ], "texture": "#voxels_atlas", "cullface": "down" }
			}
		},
		{
			"__comment": "Voxels",
			"from": [ -7, -3, 7 ],
			"to": [ 0, -2, 8 ],
			"faces": {
				"north": { "uv": [ 10.5, 2, 9.625, 2.25 ], "texture": "#voxels_atlas" },
				"south": { "uv": [ 9.625, 1.75, 10.5, 2 ], "texture": "#voxels_atlas" },
				"west": { "uv": [ 11.875, 9.75, 12, 10 ], "texture": "#voxels_atlas" },
				"east": { "uv": [ 12.375, 9.75, 12.25, 10 ], "texture": "#voxels_atlas" }
			}
		},
		{
			"__comment": "Voxels",
			"from": [ -7, -1, 8 ],
			"to": [ 21, 2, 9 ],
			"faces": {
				"down": { "uv": [ 4, 7.75, 7.5, 8 ], "texture": "#voxels_atlas" },
				"north": { "uv": [ 7.5, 14.5, 4, 15.25 ], "texture": "#voxels_atlas" },
				"south": { "uv": [ 4, 15.25, 7.5, 16 ], "texture": "#voxels_atlas" },
				"west": { "uv": [ 10.625, 6.25, 10.75, 7 ], "texture": "#voxels_atlas" },
				"east": { "uv": [ 10.875, 7, 10.75, 7.75 ], "texture": "#voxels_atlas" }
			}
		},
		{
			"__comment": "Voxels",
			"from": [ -6, -6, 7 ],
			"to": [ 2, -5, 8 ],
			"faces": {
				"down": { "uv": [ 14.625, 10.75, 15.625, 11 ], "texture": "#voxels_atlas", "cullface": "down" },
				"up": { "uv": [ 9.625, 10.75, 10.625, 10.5 ], "texture": "#voxels_atlas", "cullface": "down" },
				"north": { "uv": [ 10.625, 10.25, 9.625, 10.5 ], "texture": "#voxels_atlas", "cullface": "down" },
				"south": { "uv": [ 9.625, 10, 10.625, 10.25 ], "texture": "#voxels_atlas", "cullface": "down" },
				"west": { "uv": [ 12.375, 9.75, 12.5, 10 ], "texture": "#voxels_atlas", "cullface": "down" },
				"east": { "uv": [ 12.625, 9.75, 12.5, 10 ], "texture": "#voxels_atlas", "cullface": "down" }
			}
		},
		{
			"__comment": "Voxels",
			"from": [ -6, -5, 7 ],
			"to": [ 1, -4, 8 ],
			"faces": {
				"north": { "uv": [ 12.375, 10.5, 11.5, 10.75 ], "texture": "#voxels_atlas", "cullface": "down" },
				"south": { "uv": [ 12.375, 10.5, 13.25, 10.75 ], "texture": "#voxels_atlas", "cullface": "down" },
				"west": { "uv": [ 9.375, 6.75, 9.5, 7 ], "texture": "#voxels_atlas", "cullface": "down" },
				"east": { "uv": [ 9.5, 6.5, 9.375, 6.75 ], "texture": "#voxels_atlas", "cullface": "down" }
			}
		},
		{
			"__comment": "Voxels",
			"from": [ -6, -3, 8 ],
			"to": [ 20, -1, 9 ],
			"faces": {
				"down": { "uv": [ 4, 7.5, 7.25, 7.75 ], "texture": "#voxels_atlas" },
				"north": { "uv": [ 7.25, 12, 4, 12.5 ], "texture": "#voxels_atlas" },
				"south": { "uv": [ 4, 11.5, 7.25, 12 ], "texture": "#voxels_atlas" },
				"west": { "uv": [ 10.625, 0.75, 10.75, 1.25 ], "texture": "#voxels_atlas" },
				"east": { "uv": [ 10.875, 1.25, 10.75, 1.75 ], "texture": "#voxels_atlas" }
			}
		},
		{
			"__comment": "Voxels",
			"from": [ -5, -7, 7 ],
			"to": [ 2, -6, 8 ],
			"faces": {
				"down": { "uv": [ 15.125, 12.75, 16, 13 ], "texture": "#voxels_atlas", "cullface": "down" },
				"north": { "uv": [ 12.375, 10.25, 11.5, 10.5 ], "texture": "#voxels_atlas", "cullface": "down" },
				"south": { "uv": [ 12.375, 10.25, 13.25, 10.5 ], "texture": "#voxels_atlas", "cullface": "down" },
				"west": { "uv": [ 9.25, 4.5, 9.375, 4.75 ], "texture": "#voxels_atlas", "cullface": "down" },
				"east": { "uv": [ 9.5, 4.5, 9.375, 4.75 ], "texture": "#voxels_atlas", "cullface": "down" }
			}
		},
		{
			"__comment": "Voxels",
			"from": [ -5, -5, 8 ],
			"to": [ 19, -3, 9 ],
			"faces": {
				"down": { "uv": [ 4, 5, 7, 5.25 ], "texture": "#voxels_atlas" },
				"north": { "uv": [ 7, 11, 4, 11.5 ], "texture": "#voxels_atlas" },
				"south": { "uv": [ 4, 10.5, 7, 11 ], "texture": "#voxels_atlas" },
				"west": { "uv": [ 10.75, 1.75, 10.875, 2.25 ], "texture": "#voxels_atlas" },
				"east": { "uv": [ 10.75, 2.25, 10.625, 2.75 ], "texture": "#voxels_atlas" }
			}
		},
		{
			"__comment": "Voxels",
			"from": [ -5, 20, 7 ],
			"to": [ 19, 21, 8 ],
			"faces": {
				"down": { "uv": [ 4, 5.75, 7, 6 ], "texture": "#voxels_atlas" },
				"up": { "uv": [ 4, 7, 7, 6.75 ], "texture": "#voxels_atlas" },
				"north": { "uv": [ 7, 7, 4, 7.25 ], "texture": "#voxels_atlas" },
				"south": { "uv": [ 4, 5.5, 7, 5.75 ], "texture": "#voxels_atlas" },
				"west": { "uv": [ 9.25, 4.25, 9.375, 4.5 ], "texture": "#voxels_atlas" },
				"east": { "uv": [ 9.5, 4.25, 9.375, 4.5 ], "texture": "#voxels_atlas" }
			}
		},
		{
			"__comment": "Voxels",
			"from": [ -4, -8, 7 ],
			"to": [ 3, -7, 8 ],
			"faces": {
				"down": { "uv": [ 10.625, 10, 11.5, 10.25 ], "texture": "#voxels_atlas", "cullface": "down" },
				"up": { "uv": [ 11.5, 10.25, 12.375, 10 ], "texture": "#voxels_atlas", "cullface": "down" },
				"north": { "uv": [ 10.5, 6.25, 9.625, 6.5 ], "texture": "#voxels_atlas", "cullface": "down" },
				"south": { "uv": [ 9.625, 5.5, 10.5, 5.75 ], "texture": "#voxels_atlas", "cullface": "down" },
				"west": { "uv": [ 14.625, 10, 14.75, 10.25 ], "texture": "#voxels_atlas", "cullface": "down" },
				"east": { "uv": [ 14.625, 10, 14.5, 10.25 ], "texture": "#voxels_atlas", "cullface": "down" }
			}
		},
		{
			"__comment": "Voxels",
			"from": [ -4, -6, 8 ],
			"to": [ 18, -5, 9 ],
			"faces": {
				"down": { "uv": [ 4, 3.75, 6.75, 4 ], "texture": "#voxels_atlas" },
				"north": { "uv": [ 6.75, 2.5, 4, 2.75 ], "texture": "#voxels_atlas" },
				"south": { "uv": [ 4, 3.5, 6.75, 3.75 ], "texture": "#voxels_atlas" },
				"west": { "uv": [ 13.875, 10, 14, 10.25 ], "texture": "#voxels_atlas" },
				"east": { "uv": [ 13.875, 10, 13.75, 10.25 ], "texture": "#voxels_atlas" }
			}
		},
		{
			"__comment": "Voxels",
			"from": [ -4, 8, 9 ],
			"to": [ 18, 16, 10 ],
			"faces": {
				"down": { "uv": [ 4, 4.5, 6.75, 4.75 ], "texture": "#voxels_atlas" },
				"up": { "uv": [ 4, 5, 6.75, 4.75 ], "texture": "#voxels_atlas" },
				"south": { "uv": [ 0, 8, 2.75, 10 ], "texture": "#voxels_atlas" },
				"west": { "uv": [ 9.5, 9.75, 9.625, 11.75 ], "texture": "#voxels_atlas" },
				"east": { "uv": [ 9.625, 7.75, 9.5, 9.75 ], "texture": "#voxels_atlas" }
			}
		},
		{
			"__comment": "Voxels",
			"from": [ -4, 19, 8 ],
			"to": [ 18, 20, 9 ],
			"faces": {
				"up": { "uv": [ 4, 3.25, 6.75, 3 ], "texture": "#voxels_atlas" },
				"north": { "uv": [ 6.75, 4.25, 4, 4.5 ], "texture": "#voxels_atlas" },
				"south": { "uv": [ 4, 3.25, 6.75, 3.5 ], "texture": "#voxels_atlas" },
				"west": { "uv": [ 13.625, 10, 13.75, 10.25 ], "texture": "#voxels_atlas" },
				"east": { "uv": [ 13.625, 10, 13.5, 10.25 ], "texture": "#voxels_atlas" }
			}
		},
		{
			"__comment": "Voxels",
			"from": [ -3, -10, 7 ],
			"to": [ 5, -9, 8 ],
			"faces": {
				"down": { "uv": [ 12.625, 11.5, 13.625, 11.75 ], "texture": "#voxels_atlas", "cullface": "down" },
				"up": { "uv": [ 13.625, 11.75, 14.625, 11.5 ], "texture": "#voxels_atlas", "cullface": "down" },
				"north": { "uv": [ 15.625, 11.5, 14.625, 11.75 ], "texture": "#voxels_atlas", "cullface": "down" },
				"south": { "uv": [ 9.625, 11.25, 10.625, 11.5 ], "texture": "#voxels_atlas", "cullface": "down" },
				"west": { "uv": [ 15.875, 10.25, 16, 10.5 ], "texture": "#voxels_atlas", "cullface": "down" },
				"east": { "uv": [ 16, 10.5, 15.875, 10.75 ], "texture": "#voxels_atlas", "cullface": "down" }
			}
		},
		{
			"__comment": "Voxels",
			"from": [ -3, -9, 7 ],
			"to": [ 4, -8, 8 ],
			"faces": {
				"up": { "uv": [ 14.125, 10.75, 15, 10.5 ], "texture": "#voxels_atlas", "cullface": "down" },
				"north": { "uv": [ 15, 10.25, 14.125, 10.5 ], "texture": "#voxels_atlas", "cullface": "down" },
				"south": { "uv": [ 15, 10.25, 15.875, 10.5 ], "texture": "#voxels_atlas", "cullface": "down" },
				"west": { "uv": [ 10.5, 4, 10.625, 4.25 ], "texture": "#voxels_atlas", "cullface": "down" },
				"east": { "uv": [ 10.625, 4.25, 10.5, 4.5 ], "texture": "#voxels_atlas", "cullface": "down" }
			}
		},
		{
			"__comment": "Voxels",
			"from": [ -3, -7, 8 ],
			"to": [ 17, -6, 9 ],
			"faces": {
				"down": { "uv": [ 7.5, 15, 10, 15.25 ], "texture": "#voxels_atlas" },
				"north": { "uv": [ 6.5, 0.25, 4, 0.5 ], "texture": "#voxels_atlas" },
				"south": { "uv": [ 4, 0.5, 6.5, 0.75 ], "texture": "#voxels_atlas" },
				"west": { "uv": [ 15, 10, 15.125, 10.25 ], "texture": "#voxels_atlas" },
				"east": { "uv": [ 10.625, 4.75, 10.5, 5 ], "texture": "#voxels_atlas" }
			}
		},
		{
			"__comment": "Voxels",
			"from": [ -3, 4, 9 ],
			"to": [ 17, 8, 10 ],
			"faces": {
				"down": { "uv": [ 4, 0.75, 6.5, 1 ], "texture": "#voxels_atlas", "cullface": "east" },
				"north": { "uv": [ 6.5, 13.5, 4, 14.5 ], "texture": "#voxels_atlas", "cullface": "east" },
				"south": { "uv": [ 4, 12.5, 6.5, 13.5 ], "texture": "#voxels_atlas", "cullface": "east" },
				"west": { "uv": [ 10.75, 8.5, 10.875, 9.5 ], "texture": "#voxels_atlas", "cullface": "east" },
				"east": { "uv": [ 10.75, 8.5, 10.625, 9.5 ], "texture": "#voxels_atlas", "cullface": "east" }
			}
		},
		{
			"__comment": "Voxels",
			"from": [ -3, 16, 7 ],
			"to": [ -1, 20, 8 ],
			"faces": {
				"down": { "uv": [ 15.75, 13.25, 16, 13.5 ], "texture": "#voxels_atlas" },
				"north": { "uv": [ 4, 5, 3.75, 6 ], "texture": "#voxels_atlas" },
				"south": { "uv": [ 3.75, 3.75, 4, 4.75 ], "texture": "#voxels_atlas" },
				"east": { "uv": [ 7.5, 13.5, 7.375, 14.5 ], "texture": "#voxels_atlas" }
			}
		},
		{
			"__comment": "Voxels",
			"from": [ -3, 16, 9 ],
			"to": [ 17, 17, 10 ],
			"faces": {
				"up": { "uv": [ 10, 15.5, 12.5, 15.25 ], "texture": "#voxels_atlas" },
				"south": { "uv": [ 4, 1.75, 6.5, 2 ], "texture": "#voxels_atlas" },
				"west": { "uv": [ 15.5, 12, 15.625, 12.25 ], "texture": "#voxels_atlas" },
				"east": { "uv": [ 16, 12.25, 15.875, 12.5 ], "texture": "#voxels_atlas" }
			}
		},
		{
			"__comment": "Voxels",
			"from": [ -3, 21, 7 ],
			"to": [ 17, 22, 8 ],
			"faces": {
				"up": { "uv": [ 4, 0.25, 6.5, 0 ], "texture": "#voxels_atlas" },
				"north": { "uv": [ 10, 15.25, 7.5, 15.5 ], "texture": "#voxels_atlas" },
				"south": { "uv": [ 4, 2.25, 6.5, 2.5 ], "texture": "#voxels_atlas" },
				"west": { "uv": [ 15.75, 12.25, 15.875, 12.5 ], "texture": "#voxels_atlas" },
				"east": { "uv": [ 16, 12.5, 15.875, 12.75 ], "texture": "#voxels_atlas" }
			}
		},
		{
			"__comment": "Voxels",
			"from": [ -2, -11, 7 ],
			"to": [ 16, -10, 8 ],
			"faces": {
				"down": { "uv": [ 7.75, 14, 10, 14.25 ], "texture": "#voxels_atlas" },
				"up": { "uv": [ 10, 15.25, 12.25, 15 ], "texture": "#voxels_atlas" },
				"north": { "uv": [ 14.5, 15, 12.25, 15.25 ], "texture": "#voxels_atlas" },
				"south": { "uv": [ 12.25, 14.25, 14.5, 14.5 ], "texture": "#voxels_atlas" },
				"west": { "uv": [ 9.375, 3.75, 9.5, 4 ], "texture": "#voxels_atlas" },
				"east": { "uv": [ 9.375, 3.75, 9.25, 4 ], "texture": "#voxels_atlas" }
			}
		},
		{
			"__comment": "Voxels",
			"from": [ -2, -9, 8 ],
			"to": [ 16, -7, 9 ],
			"faces": {
				"down": { "uv": [ 7.5, 14.75, 9.75, 15 ], "texture": "#voxels_atlas" },
				"north": { "uv": [ 2.25, 0.5, 0, 1 ], "texture": "#voxels_atlas" },
				"south": { "uv": [ 0, 0, 2.25, 0.5 ], "texture": "#voxels_atlas" },
				"west": { "uv": [ 10.875, 8, 11, 8.5 ], "texture": "#voxels_atlas" },
				"east": { "uv": [ 10.75, 3.75, 10.625, 4.25 ], "texture": "#voxels_atlas" }
			}
		},
		{
			"__comment": "Voxels",
			"from": [ -2, -1, 9 ],
			"to": [ 16, 4, 10 ],
			"faces": {
				"down": { "uv": [ 12, 14.75, 14.25, 15 ], "texture": "#voxels_atlas" },
				"north": { "uv": [ 2.25, 1, 0, 2.25 ], "texture": "#voxels_atlas" },
				"south": { "uv": [ 0, 2.25, 2.25, 3.5 ], "texture": "#voxels_atlas" },
				"west": { "uv": [ 9.5, 0.25, 9.625, 1.5 ], "texture": "#voxels_atlas" },
				"east": { "uv": [ 9.625, 1.5, 9.5, 2.75 ], "texture": "#voxels_atlas" }
			}
		},
		{
			"__comment": "Voxels",
			"from": [ -2, 20, 8 ],
			"to": [ 16, 21, 9 ],
			"faces": {
				"up": { "uv": [ 12.25, 14.75, 14.5, 14.5 ], "texture": "#voxels_atlas" },
				"south": { "uv": [ 10, 14.25, 12.25, 14.5 ], "texture": "#voxels_atlas" },
				"west": { "uv": [ 9.375, 2.75, 9.5, 3 ], "texture": "#voxels_atlas" },
				"east": { "uv": [ 9.5, 3, 9.375, 3.25 ], "texture": "#voxels_atlas" }
			}
		},
		{
			"__comment": "Voxels",
			"from": [ -1, -12, 7 ],
			"to": [ 15, -11, 8 ],
			"faces": {
				"down": { "uv": [ 9.75, 13, 11.75, 13.25 ], "texture": "#voxels_atlas", "cullface": "down" },
				"north": { "uv": [ 11.75, 13.25, 9.75, 13.5 ], "texture": "#voxels_atlas", "cullface": "down" },
				"south": { "uv": [ 11.75, 13.75, 13.75, 14 ], "texture": "#voxels_atlas", "cullface": "down" },
				"west": { "uv": [ 9.25, 3.25, 9.375, 3.5 ], "texture": "#voxels_atlas", "cullface": "down" },
				"east": { "uv": [ 9.5, 3.5, 9.375, 3.75 ], "texture": "#voxels_atlas", "cullface": "down" }
			}
		},
		{
			"__comment": "Voxels",
			"from": [ -1, -10, 8 ],
			"to": [ 15, -9, 9 ],
			"faces": {
				"down": { "uv": [ 10, 14, 12, 14.25 ], "texture": "#voxels_atlas", "cullface": "down" },
				"north": { "uv": [ 16, 14, 14, 14.25 ], "texture": "#voxels_atlas", "cullface": "down" },
				"south": { "uv": [ 7.75, 13.75, 9.75, 14 ], "texture": "#voxels_atlas", "cullface": "down" },
				"west": { "uv": [ 9.25, 3.5, 9.375, 3.75 ], "texture": "#voxels_atlas", "cullface": "down" },
				"east": { "uv": [ 15.75, 10.75, 15.625, 11 ], "texture": "#voxels_atlas", "cullface": "down" }
			}
		},
		{
			"__comment": "Voxels",
			"from": [ -1, -3, 9 ],
			"to": [ 15, -1, 10 ],
			"faces": {
				"down": { "uv": [ 7.75, 13.5, 9.75, 13.75 ], "texture": "#voxels_atlas", "cullface": "down" },
				"south": { "uv": [ 4, 8.25, 6, 8.75 ], "texture": "#voxels_atlas", "cullface": "down" },
				"west": { "uv": [ 7.375, 0, 7.5, 0.5 ], "texture": "#voxels_atlas", "cullface": "down" },
				"east": { "uv": [ 10.75, 4.25, 10.625, 4.75 ], "texture": "#voxels_atlas", "cullface": "down" }
			}
		},
		{
			"__comment": "Voxels",
			"from": [ -1, 17, 7 ],
			"to": [ 2, 20, 8 ],
			"faces": {
				"down": { "uv": [ 15.625, 13, 16, 13.25 ], "texture": "#voxels_atlas", "cullface": "up" },
				"north": { "uv": [ 4, 8.5, 3.625, 9.25 ], "texture": "#voxels_atlas", "cullface": "up" },
				"south": { "uv": [ 3.625, 9.25, 4, 10 ], "texture": "#voxels_atlas", "cullface": "up" },
				"east": { "uv": [ 10.875, 7.75, 10.75, 8.5 ], "texture": "#voxels_atlas", "cullface": "up" }
			}
		},
		{
			"__comment": "Voxels",
			"from": [ -1, 17, 9 ],
			"to": [ 15, 18, 10 ],
			"faces": {
				"up": { "uv": [ 7.75, 13.25, 9.75, 13 ], "texture": "#voxels_atlas", "cullface": "up" },
				"south": { "uv": [ 11.75, 13.25, 13.75, 13.5 ], "texture": "#voxels_atlas", "cullface": "up" },
				"west": { "uv": [ 9.25, 2.75, 9.375, 3 ], "texture": "#voxels_atlas", "cullface": "up" },
				"east": { "uv": [ 9.5, 7, 9.375, 7.25 ], "texture": "#voxels_atlas", "cullface": "up" }
			}
		},
		{
			"__comment": "Voxels",
			"from": [ -1, 22, 7 ],
			"to": [ 15, 23, 8 ],
			"faces": {
				"up": { "uv": [ 9.75, 14, 11.75, 13.75 ], "texture": "#voxels_atlas", "cullface": "up" },
				"north": { "uv": [ 15.75, 13.75, 13.75, 14 ], "texture": "#voxels_atlas", "cullface": "up" },
				"south": { "uv": [ 11.75, 13.5, 13.75, 13.75 ], "texture": "#voxels_atlas", "cullface": "up" },
				"west": { "uv": [ 9.375, 7.25, 9.5, 7.5 ], "texture": "#voxels_atlas", "cullface": "up" },
				"east": { "uv": [ 10.625, 1.5, 10.5, 1.75 ], "texture": "#voxels_atlas", "cullface": "up" }
			}
		},
		{
			"__comment": "Voxels",
			"from": [ 0, -13, 7 ],
			"to": [ 14, -12, 8 ],
			"faces": {
				"down": { "uv": [ 7.75, 11.5, 9.5, 11.75 ], "texture": "#voxels_atlas", "cullface": "down" },
				"north": { "uv": [ 9.5, 11, 7.75, 11.25 ], "texture": "#voxels_atlas", "cullface": "down" },
				"south": { "uv": [ 7.75, 9.5, 9.5, 9.75 ], "texture": "#voxels_atlas", "cullface": "down" },
				"west": { "uv": [ 10.5, 1.75, 10.625, 2 ], "texture": "#voxels_atlas", "cullface": "down" },
				"east": { "uv": [ 10.625, 2.5, 10.5, 2.75 ], "texture": "#voxels_atlas", "cullface": "down" }
			}
		},
		{
			"__comment": "Voxels",
			"from": [ 0, -11, 8 ],
			"to": [ 14, -10, 9 ],
			"faces": {
				"down": { "uv": [ 7.75, 10.75, 9.5, 11 ], "texture": "#voxels_atlas", "cullface": "down" },
				"south": { "uv": [ 7.75, 9, 9.5, 9.25 ], "texture": "#voxels_atlas", "cullface": "down" },
				"west": { "uv": [ 10.5, 2.75, 10.625, 3 ], "texture": "#voxels_atlas", "cullface": "down" },
				"east": { "uv": [ 10.625, 5, 10.5, 5.25 ], "texture": "#voxels_atlas", "cullface": "down" }
			}
		},
		{
			"__comment": "Voxels",
			"from": [ 0, -5, 9 ],
			"to": [ 14, -3, 10 ],
			"faces": {
				"down": { "uv": [ 7.75, 12.25, 9.5, 12.5 ], "texture": "#voxels_atlas", "cullface": "down" },
				"south": { "uv": [ 5.75, 9.5, 7.5, 10 ], "texture": "#voxels_atlas", "cullface": "down" },
				"west": { "uv": [ 7.375, 1, 7.5, 1.5 ], "texture": "#voxels_atlas", "cullface": "down" },
				"east": { "uv": [ 7.5, 0.5, 7.375, 1 ], "texture": "#voxels_atlas", "cullface": "down" }
			}
		},
		{
			"__comment": "Voxels",
			"from": [ 0, 21, 8 ],
			"to": [ 14, 22, 9 ],
			"faces": {
				"up": { "uv": [ 14.25, 15, 16, 14.75 ], "texture": "#voxels_atlas", "cullface": "up" },
				"south": { "uv": [ 7.75, 8.5, 9.5, 8.75 ], "texture": "#voxels_atlas", "cullface": "up" },
				"west": { "uv": [ 10.5, 5.25, 10.625, 5.5 ], "texture": "#voxels_atlas", "cullface": "up" },
				"east": { "uv": [ 16, 11, 15.875, 11.25 ], "texture": "#voxels_atlas", "cullface": "up" }
			}
		},
		{
			"__comment": "Voxels",
			"from": [ 0, 23, 7 ],
			"to": [ 14, 24, 8 ],
			"faces": {
				"up": { "uv": [ 7.75, 9.5, 9.5, 9.25 ], "texture": "#voxels_atlas", "cullface": "up" },
				"north": { "uv": [ 9.5, 7.5, 7.75, 7.75 ], "texture": "#voxels_atlas", "cullface": "up" },
				"south": { "uv": [ 7.75, 9.75, 9.5, 10 ], "texture": "#voxels_atlas", "cullface": "up" },
				"west": { "uv": [ 15.625, 11.25, 15.75, 11.5 ], "texture": "#voxels_atlas", "cullface": "up" },
				"east": { "uv": [ 16, 11.5, 15.875, 11.75 ], "texture": "#voxels_atlas", "cullface": "up" }
			}
		},
		{
			"__comment": "Voxels",
			"from": [ 1, -14, 7 ],
			"to": [ 13, -13, 8 ],
			"faces": {
				"down": { "uv": [ 7.75, 2.75, 9.25, 3 ], "texture": "#voxels_atlas", "cullface": "down" },
				"north": { "uv": [ 9.25, 5.75, 7.75, 6 ], "texture": "#voxels_atlas", "cullface": "down" },
				"south": { "uv": [ 7.75, 5.5, 9.25, 5.75 ], "texture": "#voxels_atlas", "cullface": "down" },
				"west": { "uv": [ 9.5, 0, 9.625, 0.25 ], "texture": "#voxels_atlas", "cullface": "down" },
				"east": { "uv": [ 16, 12, 15.875, 12.25 ], "texture": "#voxels_atlas", "cullface": "down" }
			}
		},
		{
			"__comment": "Voxels",
			"from": [ 1, -12, 8 ],
			"to": [ 13, -11, 9 ],
			"faces": {
				"down": { "uv": [ 7.75, 4.5, 9.25, 4.75 ], "texture": "#voxels_atlas", "cullface": "down" },
				"south": { "uv": [ 7.75, 3.75, 9.25, 4 ], "texture": "#voxels_atlas", "cullface": "down" },
				"west": { "uv": [ 9.25, 1.25, 9.375, 1.5 ], "texture": "#voxels_atlas", "cullface": "down" },
				"east": { "uv": [ 9.25, 1.25, 9.125, 1.5 ], "texture": "#voxels_atlas", "cullface": "down" }
			}
		},
		{
			"__comment": "Voxels",
			"from": [ 1, -7, 9 ],
			"to": [ 13, -5, 10 ],
			"faces": {
				"down": { "uv": [ 7.75, 5.25, 9.25, 5.5 ], "texture": "#voxels_atlas", "cullface": "down" },
				"north": { "uv": [ 7.5, 8.75, 6, 9.25 ], "texture": "#voxels_atlas", "cullface": "down" },
				"south": { "uv": [ 6, 8.25, 7.5, 8.75 ], "texture": "#voxels_atlas", "cullface": "down" },
				"west": { "uv": [ 3.875, 8, 4, 8.5 ], "texture": "#voxels_atlas", "cullface": "down" },
				"east": { "uv": [ 11, 8.5, 10.875, 9 ], "texture": "#voxels_atlas", "cullface": "down" }
			}
		},
		{
			"__comment": "Voxels",
			"from": [ 1, 22, 8 ],
			"to": [ 13, 23, 9 ],
			"faces": {
				"up": { "uv": [ 7.75, 6.5, 9.25, 6.25 ], "texture": "#voxels_atlas", "cullface": "up" },
				"south": { "uv": [ 7.75, 4, 9.25, 4.25 ], "texture": "#voxels_atlas", "cullface": "up" },
				"west": { "uv": [ 15.75, 10.75, 15.875, 11 ], "texture": "#voxels_atlas", "cullface": "up" },
				"east": { "uv": [ 16, 10.75, 15.875, 11 ], "texture": "#voxels_atlas", "cullface": "up" }
			}
		},
		{
			"__comment": "Voxels",
			"from": [ 2, -15, 7 ],
			"to": [ 12, -14, 8 ],
			"faces": {
				"down": { "uv": [ 12, 12.25, 13.25, 12.5 ], "texture": "#voxels_atlas", "cullface": "down" },
				"north": { "uv": [ 9, 1, 7.75, 1.25 ], "texture": "#voxels_atlas", "cullface": "down" },
				"south": { "uv": [ 7.75, 0.75, 9, 1 ], "texture": "#voxels_atlas", "cullface": "down" },
				"west": { "uv": [ 10.5, 3.25, 10.625, 3.5 ], "texture": "#voxels_atlas", "cullface": "down" },
				"east": { "uv": [ 10.625, 3, 10.5, 3.25 ], "texture": "#voxels_atlas", "cullface": "down" }
			}
		},
		{
			"__comment": "Voxels",
			"from": [ 2, -13, 8 ],
			"to": [ 12, -12, 9 ],
			"faces": {
				"down": { "uv": [ 7.75, 1.25, 9, 1.5 ], "texture": "#voxels_atlas", "cullface": "down" },
				"south": { "uv": [ 7.75, 0.25, 9, 0.5 ], "texture": "#voxels_atlas", "cullface": "down" },
				"west": { "uv": [ 15.25, 10, 15.375, 10.25 ], "texture": "#voxels_atlas", "cullface": "down" },
				"east": { "uv": [ 10.625, 1.25, 10.5, 1.5 ], "texture": "#voxels_atlas", "cullface": "down" }
			}
		},
		{
			"__comment": "Voxels",
			"from": [ 2, -8, 9 ],
			"to": [ 12, -7, 10 ],
			"faces": {
				"down": { "uv": [ 12, 12.5, 13.25, 12.75 ], "texture": "#voxels_atlas", "cullface": "down" },
				"south": { "uv": [ 9.5, 12.25, 10.75, 12.5 ], "texture": "#voxels_atlas", "cullface": "down" },
				"west": { "uv": [ 9.375, 1.25, 9.5, 1.5 ], "texture": "#voxels_atlas", "cullface": "down" },
				"east": { "uv": [ 9.125, 1, 9, 1.25 ], "texture": "#voxels_atlas", "cullface": "down" }
			}
		},
		{
			"__comment": "Voxels",
			"from": [ 2, 18, 7 ],
			"to": [ 3, 20, 8 ],
			"faces": {
				"down": { "uv": [ 9.125, 1, 9.25, 1.25 ], "texture": "#voxels_atlas", "cullface": "up" },
				"north": { "uv": [ 11, 6, 10.875, 6.5 ], "texture": "#voxels_atlas", "cullface": "up" },
				"south": { "uv": [ 10.875, 5.5, 11, 6 ], "texture": "#voxels_atlas", "cullface": "up" },
				"east": { "uv": [ 10.75, 2.75, 10.625, 3.25 ], "texture": "#voxels_atlas", "cullface": "up" }
			}
		},
		{
			"__comment": "Voxels",
			"from": [ 2, 18, 9 ],
			"to": [ 12, 19, 10 ],
			"faces": {
				"up": { "uv": [ 9.5, 12.25, 10.75, 12 ], "texture": "#voxels_atlas", "cullface": "up" },
				"south": { "uv": [ 7.75, 2, 9, 2.25 ], "texture": "#voxels_atlas", "cullface": "up" },
				"west": { "uv": [ 9.25, 4, 9.375, 4.25 ], "texture": "#voxels_atlas", "cullface": "up" },
				"east": { "uv": [ 9.5, 4, 9.375, 4.25 ], "texture": "#voxels_atlas", "cullface": "up" }
			}
		},
		{
			"__comment": "Voxels",
			"from": [ 2, 23, 8 ],
			"to": [ 12, 24, 9 ],
			"faces": {
				"up": { "uv": [ 7.75, 1.75, 9, 1.5 ], "texture": "#voxels_atlas", "cullface": "up" },
				"south": { "uv": [ 10.75, 12, 12, 12.25 ], "texture": "#voxels_atlas", "cullface": "up" },
				"west": { "uv": [ 9.375, 3.25, 9.5, 3.5 ], "texture": "#voxels_atlas", "cullface": "up" },
				"east": { "uv": [ 9.375, 3, 9.25, 3.25 ], "texture": "#voxels_atlas", "cullface": "up" }
			}
		},
		{
			"__comment": "Voxels",
			"from": [ 2, 24, 7 ],
			"to": [ 12, 25, 8 ],
			"faces": {
				"up": { "uv": [ 13.25, 12.5, 14.5, 12.25 ], "texture": "#voxels_atlas", "cullface": "up" },
				"north": { "uv": [ 15.75, 12.5, 14.5, 12.75 ], "texture": "#voxels_atlas", "cullface": "up" },
				"south": { "uv": [ 13.25, 12.5, 14.5, 12.75 ], "texture": "#voxels_atlas", "cullface": "up" },
				"west": { "uv": [ 9.375, 1.5, 9.5, 1.75 ], "texture": "#voxels_atlas", "cullface": "up" },
				"east": { "uv": [ 9.125, 1.25, 9, 1.5 ], "texture": "#voxels_atlas", "cullface": "up" }
			}
		},
		{
			"__comment": "Voxels",
			"from": [ 3, -16, 7 ],
			"to": [ 11, -15, 8 ],
			"faces": {
				"down": { "uv": [ 11.625, 11.25, 12.625, 11.5 ], "texture": "#voxels_atlas", "cullface": "down" },
				"north": { "uv": [ 12.625, 11, 11.625, 11.25 ], "texture": "#voxels_atlas", "cullface": "down" },
				"south": { "uv": [ 12.625, 11, 13.625, 11.25 ], "texture": "#voxels_atlas", "cullface": "down" },
				"west": { "uv": [ 15.75, 11.75, 15.875, 12 ], "texture": "#voxels_atlas", "cullface": "down" },
				"east": { "uv": [ 16, 11.75, 15.875, 12 ], "texture": "#voxels_atlas", "cullface": "down" }
			}
		},
		{
			"__comment": "Voxels",
			"from": [ 3, -14, 8 ],
			"to": [ 11, -13, 9 ],
			"faces": {
				"down": { "uv": [ 13.625, 11, 14.625, 11.25 ], "texture": "#voxels_atlas", "cullface": "down" },
				"south": { "uv": [ 10.625, 10.75, 11.625, 11 ], "texture": "#voxels_atlas", "cullface": "down" },
				"west": { "uv": [ 15.75, 11.25, 15.875, 11.5 ], "texture": "#voxels_atlas", "cullface": "down" },
				"east": { "uv": [ 16, 11.25, 15.875, 11.5 ], "texture": "#voxels_atlas", "cullface": "down" }
			}
		},
		{
			"__comment": "Voxels",
			"from": [ 3, -9, 9 ],
			"to": [ 11, -8, 10 ],
			"faces": {
				"down": { "uv": [ 11.625, 10.75, 12.625, 11 ], "texture": "#voxels_atlas", "cullface": "down" },
				"south": { "uv": [ 13.625, 10.75, 14.625, 11 ], "texture": "#voxels_atlas", "cullface": "down" },
				"west": { "uv": [ 10.5, 6.25, 10.625, 6.5 ], "texture": "#voxels_atlas", "cullface": "down" },
				"east": { "uv": [ 10.625, 6, 10.5, 6.25 ], "texture": "#voxels_atlas", "cullface": "down" }
			}
		},
		{
			"__comment": "Voxels",
			"from": [ 3, 19, 7 ],
			"to": [ 5, 20, 8 ],
			"faces": {
				"down": { "uv": [ 9.25, 6, 9.5, 6.25 ], "texture": "#voxels_atlas", "cullface": "up" },
				"north": { "uv": [ 7.5, 2.75, 7.25, 3 ], "texture": "#voxels_atlas", "cullface": "up" },
				"east": { "uv": [ 10.625, 5.5, 10.5, 5.75 ], "texture": "#voxels_atlas", "cullface": "up" }
			}
		},
		{
			"__comment": "Voxels",
			"from": [ 3, 19, 9 ],
			"to": [ 11, 20, 10 ],
			"faces": {
				"up": { "uv": [ 9.625, 9.75, 10.625, 9.5 ], "texture": "#voxels_atlas", "cullface": "up" },
				"south": { "uv": [ 9.625, 9, 10.625, 9.25 ], "texture": "#voxels_atlas", "cullface": "up" },
				"west": { "uv": [ 10.5, 4.5, 10.625, 4.75 ], "texture": "#voxels_atlas", "cullface": "up" },
				"east": { "uv": [ 10.625, 3.75, 10.5, 4 ], "texture": "#voxels_atlas", "cullface": "up" }
			}
		},
		{
			"__comment": "Voxels",
			"from": [ 3, 24, 8 ],
			"to": [ 11, 25, 9 ],
			"faces": {
				"up": { "uv": [ 9.625, 8.75, 10.625, 8.5 ], "texture": "#voxels_atlas", "cullface": "up" },
				"south": { "uv": [ 9.625, 8, 10.625, 8.25 ], "texture": "#voxels_atlas", "cullface": "up" },
				"west": { "uv": [ 10.5, 2.25, 10.625, 2.5 ], "texture": "#voxels_atlas", "cullface": "up" },
				"east": { "uv": [ 10.625, 2, 10.5, 2.25 ], "texture": "#voxels_atlas", "cullface": "up" }
			}
		},
		{
			"__comment": "Voxels",
			"from": [ 3, 25, 7 ],
			"to": [ 11, 26, 8 ],
			"faces": {
				"up": { "uv": [ 9.625, 7.75, 10.625, 7.5 ], "texture": "#voxels_atlas", "cullface": "up" },
				"north": { "uv": [ 10.625, 7.25, 9.625, 7.5 ], "texture": "#voxels_atlas", "cullface": "up" },
				"south": { "uv": [ 9.625, 7, 10.625, 7.25 ], "texture": "#voxels_atlas", "cullface": "up" },
				"west": { "uv": [ 10.5, 1, 10.625, 1.25 ], "texture": "#voxels_atlas", "cullface": "up" },
				"east": { "uv": [ 10.625, 0.75, 10.5, 1 ], "texture": "#voxels_atlas", "cullface": "up" }
			}
		},
		{
			"__comment": "Voxels",
			"from": [ 4, -15, 8 ],
			"to": [ 10, -14, 9 ],
			"faces": {
				"down": { "uv": [ 6.75, 4, 7.5, 4.25 ], "texture": "#voxels_atlas", "cullface": "down" },
				"south": { "uv": [ 6.75, 3.75, 7.5, 4 ], "texture": "#voxels_atlas", "cullface": "down" },
				"west": { "uv": [ 10.5, 0.5, 10.625, 0.75 ], "texture": "#voxels_atlas", "cullface": "down" },
				"east": { "uv": [ 10.625, 0.25, 10.5, 0.5 ], "texture": "#voxels_atlas", "cullface": "down" }
			}
		},
		{
			"__comment": "Voxels",
			"from": [ 4, -10, 9 ],
			"to": [ 10, -9, 10 ],
			"faces": {
				"down": { "uv": [ 6.75, 4.5, 7.5, 4.75 ], "texture": "#voxels_atlas", "cullface": "down" },
				"south": { "uv": [ 6.75, 4.75, 7.5, 5 ], "texture": "#voxels_atlas", "cullface": "down" },
				"west": { "uv": [ 10.5, 0, 10.625, 0.25 ], "texture": "#voxels_atlas", "cullface": "down" },
				"east": { "uv": [ 13.375, 10, 13.25, 10.25 ], "texture": "#voxels_atlas", "cullface": "down" }
			}
		},
		{
			"__comment": "Voxels",
			"from": [ 5, -11, 9 ],
			"to": [ 9, -10, 10 ],
			"faces": {
				"down": { "uv": [ 7, 5.25, 7.5, 5.5 ], "texture": "#voxels_atlas", "cullface": "down" },
				"south": { "uv": [ 7, 11, 7.5, 11.25 ], "texture": "#voxels_atlas", "cullface": "down" },
				"west": { "uv": [ 13.375, 10, 13.5, 10.25 ], "texture": "#voxels_atlas", "cullface": "down" },
				"east": { "uv": [ 14.375, 10, 14.25, 10.25 ], "texture": "#voxels_atlas", "cullface": "down" }
			}
		},
		{
			"__comment": "Voxels",
			"from": [ 5, 20, 9 ],
			"to": [ 9, 21, 10 ],
			"faces": {
				"up": { "uv": [ 7, 7, 7.5, 6.75 ], "texture": "#voxels_atlas", "cullface": "up" },
				"south": { "uv": [ 7, 6.25, 7.5, 6.5 ], "texture": "#voxels_atlas", "cullface": "up" },
				"west": { "uv": [ 14.375, 10, 14.5, 10.25 ], "texture": "#voxels_atlas", "cullface": "up" },
				"east": { "uv": [ 14.875, 10, 14.75, 10.25 ], "texture": "#voxels_atlas", "cullface": "up" }
			}
		},
		{
			"__comment": "Voxels",
			"from": [ 5, 25, 8 ],
			"to": [ 9, 26, 9 ],
			"faces": {
				"up": { "uv": [ 15.5, 16, 16, 15.75 ], "texture": "#voxels_atlas", "cullface": "up" },
				"south": { "uv": [ 7, 6, 7.5, 6.25 ], "texture": "#voxels_atlas", "cullface": "up" },
				"west": { "uv": [ 14.875, 10, 15, 10.25 ], "texture": "#voxels_atlas", "cullface": "up" },
				"east": { "uv": [ 15.25, 10, 15.125, 10.25 ], "texture": "#voxels_atlas", "cullface": "up" }
			}
		},
		{
			"__comment": "Voxels",
			"from": [ 5, 26, 7 ],
			"to": [ 9, 27, 8 ],
			"faces": {
				"up": { "uv": [ 7, 10.75, 7.5, 10.5 ], "texture": "#voxels_atlas", "cullface": "up" },
				"north": { "uv": [ 7.25, 2.75, 6.75, 3 ], "texture": "#voxels_atlas", "cullface": "up" },
				"south": { "uv": [ 6.75, 2.5, 7.25, 2.75 ], "texture": "#voxels_atlas", "cullface": "up" },
				"west": { "uv": [ 15.625, 10, 15.75, 10.25 ], "texture": "#voxels_atlas", "cullface": "up" },
				"east": { "uv": [ 11.625, 9.75, 11.5, 10 ], "texture": "#voxels_atlas", "cullface": "up" }
			}
		},
		{
			"__comment": "Voxels",
			"from": [ 6, 3, 3 ],
			"to": [ 8, 5, 4 ],
			"faces": {
				"down": { "uv": [ 9.25, 5.75, 9.5, 6 ], "texture": "#voxels_atlas" },
				"up": { "uv": [ 7.25, 7.75, 7.5, 7.5 ], "texture": "#voxels_atlas" },
				"north": { "uv": [ 3.875, 8, 3.625, 8.5 ], "texture": "#voxels_atlas" },
				"south": { "uv": [ 7.25, 12, 7.5, 12.5 ], "texture": "#voxels_atlas" },
				"west": { "uv": [ 10.75, 4.25, 10.875, 4.75 ], "texture": "#voxels_atlas" },
				"east": { "uv": [ 11, 6.5, 10.875, 7 ], "texture": "#voxels_atlas" }
			}
		},
		{
			"__comment": "Voxels",
			"from": [ 6, 3, 4 ],
			"to": [ 8, 4, 8 ],
			"faces": {
				"down": { "uv": [ 9, 0, 9.25, 1 ], "texture": "#voxels_atlas" },
				"up": { "uv": [ 9.25, 1, 9.5, 0 ], "texture": "#voxels_atlas" },
				"west": { "uv": [ 9, 2.5, 9.5, 2.75 ], "texture": "#voxels_atlas" },
				"east": { "uv": [ 9.5, 2.25, 9, 2.5 ], "texture": "#voxels_atlas" }
			}
		},
		{
			"__comment": "Voxels",
			"from": [ 6, 4, 2 ],
			"to": [ 8, 13, 3 ],
			"faces": {
				"down": { "uv": [ 15.75, 13.75, 16, 14 ], "texture": "#voxels_atlas" },
				"up": { "uv": [ 9.25, 6.5, 9.5, 6.25 ], "texture": "#voxels_atlas" },
				"north": { "uv": [ 7.75, 10.25, 7.5, 12.5 ], "texture": "#voxels_atlas" },
				"south": { "uv": [ 7.5, 12.5, 7.75, 14.75 ], "texture": "#voxels_atlas" },
				"west": { "uv": [ 7.625, 2, 7.75, 4.25 ], "texture": "#voxels_atlas" },
				"east": { "uv": [ 7.625, 2, 7.5, 4.25 ], "texture": "#voxels_atlas" }
			}
		},
		{
			"__comment": "Voxels",
			"from": [ 6, 12, 3 ],
			"to": [ 8, 14, 4 ],
			"faces": {
				"down": { "uv": [ 9.25, 5.25, 9.5, 5.5 ], "texture": "#voxels_atlas" },
				"up": { "uv": [ 9.25, 5.75, 9.5, 5.5 ], "texture": "#voxels_atlas" },
				"north": { "uv": [ 7.5, 11.5, 7.25, 12 ], "texture": "#voxels_atlas" },
				"south": { "uv": [ 10.625, 9.5, 10.875, 10 ], "texture": "#voxels_atlas" },
				"west": { "uv": [ 10.875, 5, 11, 5.5 ], "texture": "#voxels_atlas" },
				"east": { "uv": [ 11, 4.5, 10.875, 5 ], "texture": "#voxels_atlas" }
			}
		},
		{
			"__comment": "Voxels",
			"from": [ 6, 13, 4 ],
			"to": [ 8, 14, 8 ],
			"faces": {
				"down": { "uv": [ 3.625, 7, 3.875, 8 ], "texture": "#voxels_atlas" },
				"up": { "uv": [ 3.625, 7, 3.875, 6 ], "texture": "#voxels_atlas" },
				"west": { "uv": [ 9, 2, 9.5, 2.25 ], "texture": "#voxels_atlas" },
				"east": { "uv": [ 9.5, 1.75, 9, 2 ], "texture": "#voxels_atlas" }
			}
		},
		{
			"__comment": "Voxels",
			"from": [ 9, -10, 7 ],
			"to": [ 17, -9, 8 ],
			"faces": {
				"down": { "uv": [ 6.5, 2, 7.5, 2.25 ], "texture": "#voxels_atlas", "cullface": "down" },
				"up": { "uv": [ 15, 15.75, 16, 15.5 ], "texture": "#voxels_atlas", "cullface": "down" },
				"north": { "uv": [ 13.75, 11.75, 12.75, 12 ], "texture": "#voxels_atlas", "cullface": "down" },
				"south": { "uv": [ 13.75, 11.75, 14.75, 12 ], "texture": "#voxels_atlas", "cullface": "down" },
				"west": { "uv": [ 9.375, 1, 9.5, 1.25 ], "texture": "#voxels_atlas", "cullface": "down" },
				"east": { "uv": [ 15.875, 12.5, 15.75, 12.75 ], "texture": "#voxels_atlas", "cullface": "down" }
			}
		},
		{
			"__comment": "Voxels",
			"from": [ 9, 19, 7 ],
			"to": [ 24, 20, 8 ],
			"faces": {
				"down": { "uv": [ 9.625, 12.75, 11.5, 13 ], "texture": "#voxels_atlas", "cullface": "up" },
				"up": { "uv": [ 11.5, 13, 13.375, 12.75 ], "texture": "#voxels_atlas", "cullface": "up" },
				"north": { "uv": [ 15.625, 13, 13.75, 13.25 ], "texture": "#voxels_atlas", "cullface": "up" },
				"south": { "uv": [ 7.75, 12.75, 9.625, 13 ], "texture": "#voxels_atlas", "cullface": "up" },
				"west": { "uv": [ 15.625, 12, 15.75, 12.25 ], "texture": "#voxels_atlas", "cullface": "up" },
				"east": { "uv": [ 15.875, 12, 15.75, 12.25 ], "texture": "#voxels_atlas", "cullface": "up" }
			}
		},
		{
			"__comment": "Voxels",
			"from": [ 10, -9, 7 ],
			"to": [ 17, -8, 8 ],
			"faces": {
				"up": { "uv": [ 9.625, 1.75, 10.5, 1.5 ], "texture": "#voxels_atlas", "cullface": "down" },
				"north": { "uv": [ 10.5, 3, 9.625, 3.25 ], "texture": "#voxels_atlas", "cullface": "down" },
				"south": { "uv": [ 9.625, 0.25, 10.5, 0.5 ], "texture": "#voxels_atlas", "cullface": "down" },
				"west": { "uv": [ 15.625, 11.5, 15.75, 11.75 ], "texture": "#voxels_atlas", "cullface": "down" },
				"east": { "uv": [ 15.875, 11.5, 15.75, 11.75 ], "texture": "#voxels_atlas", "cullface": "down" }
			}
		},
		{
			"__comment": "Voxels",
			"from": [ 11, -8, 7 ],
			"to": [ 18, -7, 8 ],
			"faces": {
				"down": { "uv": [ 9.625, 0.5, 10.5, 0.75 ], "texture": "#voxels_atlas", "cullface": "down" },
				"up": { "uv": [ 9.625, 1.25, 10.5, 1 ], "texture": "#voxels_atlas", "cullface": "down" },
				"north": { "uv": [ 10.5, 1.25, 9.625, 1.5 ], "texture": "#voxels_atlas", "cullface": "down" },
				"south": { "uv": [ 9.625, 3.25, 10.5, 3.5 ], "texture": "#voxels_atlas", "cullface": "down" },
				"west": { "uv": [ 15.625, 11, 15.75, 11.25 ], "texture": "#voxels_atlas", "cullface": "down" },
				"east": { "uv": [ 15.875, 11, 15.75, 11.25 ], "texture": "#voxels_atlas", "cullface": "down" }
			}
		},
		{
			"__comment": "Voxels",
			"from": [ 11, 18, 7 ],
			"to": [ 24, 19, 8 ],
			"faces": {
				"down": { "uv": [ 7.75, 7.25, 9.375, 7.5 ], "texture": "#voxels_atlas", "cullface": "up" },
				"north": { "uv": [ 9.375, 7, 7.75, 7.25 ], "texture": "#voxels_atlas", "cullface": "up" },
				"south": { "uv": [ 7.75, 6.5, 9.375, 6.75 ], "texture": "#voxels_atlas", "cullface": "up" },
				"west": { "uv": [ 10.5, 6.75, 10.625, 7 ], "texture": "#voxels_atlas", "cullface": "up" },
				"east": { "uv": [ 10.625, 6.5, 10.5, 6.75 ], "texture": "#voxels_atlas", "cullface": "up" }
			}
		},
		{
			"__comment": "Voxels",
			"from": [ 12, -7, 7 ],
			"to": [ 19, -5, 8 ],
			"faces": {
				"down": { "uv": [ 9.625, 3.5, 10.5, 3.75 ], "texture": "#voxels_atlas", "cullface": "down" },
				"up": { "uv": [ 9.625, 4, 10.5, 3.75 ], "texture": "#voxels_atlas", "cullface": "down" },
				"north": { "uv": [ 8.625, 11.75, 7.75, 12.25 ], "texture": "#voxels_atlas", "cullface": "down" },
				"south": { "uv": [ 8.625, 11.75, 9.5, 12.25 ], "texture": "#voxels_atlas", "cullface": "down" },
				"west": { "uv": [ 10.75, 3.75, 10.875, 4.25 ], "texture": "#voxels_atlas", "cullface": "down" },
				"east": { "uv": [ 10.75, 3.25, 10.625, 3.75 ], "texture": "#voxels_atlas", "cullface": "down" }
			}
		},
		{
			"__comment": "Voxels",
			"from": [ 12, 17, 7 ],
			"to": [ 24, 18, 8 ],
			"faces": {
				"down": { "uv": [ 14.5, 14.5, 16, 14.75 ], "texture": "#voxels_atlas", "cullface": "up" },
				"north": { "uv": [ 9.25, 3.25, 7.75, 3.5 ], "texture": "#voxels_atlas", "cullface": "up" },
				"south": { "uv": [ 7.75, 3.5, 9.25, 3.75 ], "texture": "#voxels_atlas", "cullface": "up" },
				"west": { "uv": [ 12.625, 9.75, 12.75, 10 ], "texture": "#voxels_atlas", "cullface": "up" },
				"east": { "uv": [ 10.625, 3.5, 10.5, 3.75 ], "texture": "#voxels_atlas", "cullface": "up" }
			}
		},
		{
			"__comment": "Voxels",
			"from": [ 13, -5, 7 ],
			"to": [ 20, -3, 8 ],
			"faces": {
				"down": { "uv": [ 8.625, 8, 9.5, 8.25 ], "texture": "#voxels_atlas", "cullface": "down" },
				"up": { "uv": [ 12.375, 10.25, 13.25, 10 ], "texture": "#voxels_atlas", "cullface": "down" },
				"north": { "uv": [ 7.375, 0, 6.5, 0.5 ], "texture": "#voxels_atlas", "cullface": "down" },
				"south": { "uv": [ 6.5, 0.5, 7.375, 1 ], "texture": "#voxels_atlas", "cullface": "down" },
				"west": { "uv": [ 10.75, 2.25, 10.875, 2.75 ], "texture": "#voxels_atlas", "cullface": "down" },
				"east": { "uv": [ 10.75, 1.75, 10.625, 2.25 ], "texture": "#voxels_atlas", "cullface": "down" }
			}
		},
		{
			"__comment": "Voxels",
			"from": [ 14, -3, 7 ],
			"to": [ 21, -1, 8 ],
			"faces": {
				"down": { "uv": [ 13.25, 10.25, 14.125, 10.5 ], "texture": "#voxels_atlas", "cullface": "down" },
				"up": { "uv": [ 15, 10.75, 15.875, 10.5 ], "texture": "#voxels_atlas", "cullface": "down" },
				"north": { "uv": [ 7.375, 1, 6.5, 1.5 ], "texture": "#voxels_atlas", "cullface": "down" },
				"south": { "uv": [ 7.75, 7.75, 8.625, 8.25 ], "texture": "#voxels_atlas", "cullface": "down" },
				"west": { "uv": [ 10.75, 0.75, 10.875, 1.25 ], "texture": "#voxels_atlas", "cullface": "down" },
				"east": { "uv": [ 10.75, 0.25, 10.625, 0.75 ], "texture": "#voxels_atlas", "cullface": "down" }
			}
		},
		{
			"__comment": "Voxels",
			"from": [ 15, -1, 7 ],
			"to": [ 22, 4, 8 ],
			"faces": {
				"down": { "uv": [ 9.625, 2.75, 10.5, 3 ], "texture": "#voxels_atlas", "cullface": "east" },
				"up": { "uv": [ 9.625, 1, 10.5, 0.75 ], "texture": "#voxels_atlas", "cullface": "east" },
				"north": { "uv": [ 5.75, 9.25, 4.875, 10.5 ], "texture": "#voxels_atlas", "cullface": "east" },
				"south": { "uv": [ 4, 9.25, 4.875, 10.5 ], "texture": "#voxels_atlas", "cullface": "east" },
				"west": { "uv": [ 9.5, 2.75, 9.625, 4 ], "texture": "#voxels_atlas", "cullface": "east" },
				"east": { "uv": [ 9.625, 6.5, 9.5, 7.75 ], "texture": "#voxels_atlas", "cullface": "east" }
			}
		},
		{
			"__comment": "Voxels",
			"from": [ 15, 16, 7 ],
			"to": [ 24, 17, 8 ],
			"faces": {
				"down": { "uv": [ 13.25, 12, 14.375, 12.25 ], "texture": "#voxels_atlas" },
				"north": { "uv": [ 10.625, 11.75, 9.5, 12 ], "texture": "#voxels_atlas" },
				"south": { "uv": [ 10.625, 11.75, 11.75, 12 ], "texture": "#voxels_atlas" },
				"west": { "uv": [ 14, 10, 14.125, 10.25 ], "texture": "#voxels_atlas" },
				"east": { "uv": [ 14.25, 10, 14.125, 10.25 ], "texture": "#voxels_atlas" }
			}
		},
		{
			"__comment": "Voxels",
			"from": [ 16, 4, 7 ],
			"to": [ 23, 8, 8 ],
			"faces": {
				"down": { "uv": [ 9.625, 4, 10.5, 4.25 ], "texture": "#voxels_atlas", "cullface": "east" },
				"up": { "uv": [ 9.625, 5, 10.5, 4.75 ], "texture": "#voxels_atlas", "cullface": "east" },
				"north": { "uv": [ 7.375, 13.5, 6.5, 14.5 ], "texture": "#voxels_atlas", "cullface": "east" },
				"south": { "uv": [ 6.5, 12.5, 7.375, 13.5 ], "texture": "#voxels_atlas", "cullface": "east" },
				"west": { "uv": [ 3.875, 7, 4, 8 ], "texture": "#voxels_atlas", "cullface": "east" },
				"east": { "uv": [ 4, 6, 3.875, 7 ], "texture": "#voxels_atlas", "cullface": "east" }
			}
		},
		{
			"__comment": "Voxels",
			"from": [ 17, 8, 7 ],
			"to": [ 24, 16, 8 ],
			"faces": {
				"down": { "uv": [ 9.625, 5, 10.5, 5.25 ], "texture": "#voxels_atlas", "cullface": "east" },
				"north": { "uv": [ 3.625, 8, 2.75, 10 ], "texture": "#voxels_atlas", "cullface": "east" },
				"south": { "uv": [ 2.75, 6, 3.625, 8 ], "texture": "#voxels_atlas", "cullface": "east" },
				"west": { "uv": [ 7.5, 0, 7.625, 2 ], "texture": "#voxels_atlas", "cullface": "east" },
				"east": { "uv": [ 7.75, 0, 7.625, 2 ], "texture": "#voxels_atlas", "cullface": "east" }
			}
		},
		{
			"__comment": "Voxels",
			"from": [ 19, -6, 7 ],
			"to": [ 20, -5, 8 ],
			"faces": {
				"down": { "uv": [ 15.75, 10, 15.875, 10.25 ], "texture": "#voxels_atlas" },
				"north": { "uv": [ 10.75, 0, 10.625, 0.25 ], "texture": "#voxels_atlas" },
				"south": { "uv": [ 10.75, 0, 10.875, 0.25 ], "texture": "#voxels_atlas" },
				"east": { "uv": [ 11, 2.5, 10.875, 2.75 ], "texture": "#voxels_atlas" }
			}
		},
		{
			"__comment": "Voxels",
			"from": [ 20, -4, 7 ],
			"to": [ 21, -3, 8 ],
			"faces": {
				"down": { "uv": [ 10.875, 2.25, 11, 2.5 ], "texture": "#voxels_atlas" },
				"north": { "uv": [ 11, 1.75, 10.875, 2 ], "texture": "#voxels_atlas" },
				"south": { "uv": [ 10.875, 1.5, 11, 1.75 ], "texture": "#voxels_atlas" },
				"east": { "uv": [ 11, 1, 10.875, 1.25 ], "texture": "#voxels_atlas" }
			}
		},
		{
			"__comment": "Voxels",
			"from": [ 21, -2, 7 ],
			"to": [ 22, -1, 8 ],
			"faces": {
				"down": { "uv": [ 10.875, 0.75, 11, 1 ], "texture": "#voxels_atlas" },
				"north": { "uv": [ 11, 0.25, 10.875, 0.5 ], "texture": "#voxels_atlas" },
				"south": { "uv": [ 10.875, 0, 11, 0.25 ], "texture": "#voxels_atlas" },
				"east": { "uv": [ 11.25, 9.75, 11.125, 10 ], "texture": "#voxels_atlas" }
			}
		},
		{
			"__comment": "Voxels",
			"from": [ 22, 1, 7 ],
			"to": [ 23, 4, 8 ],
			"faces": {
				"down": { "uv": [ 11.25, 9.75, 11.375, 10 ], "texture": "#voxels_atlas", "cullface": "east" },
				"north": { "uv": [ 10.75, 5.5, 10.625, 6.25 ], "texture": "#voxels_atlas", "cullface": "east" },
				"south": { "uv": [ 10.75, 5.5, 10.875, 6.25 ], "texture": "#voxels_atlas", "cullface": "east" },
				"east": { "uv": [ 10.875, 4.75, 10.75, 5.5 ], "texture": "#voxels_atlas", "cullface": "east" }
			}
		},
		{
			"__comment": "Voxels",
			"from": [ 23, 6, 7 ],
			"to": [ 24, 8, 8 ],
			"faces": {
				"down": { "uv": [ 12, 9.75, 12.125, 10 ], "texture": "#voxels_atlas", "cullface": "east" },
				"north": { "uv": [ 11, 4, 10.875, 4.5 ], "texture": "#voxels_atlas", "cullface": "east" },
				"south": { "uv": [ 10.875, 3.5, 11, 4 ], "texture": "#voxels_atlas", "cullface": "east" },
				"east": { "uv": [ 10.875, 3.25, 10.75, 3.75 ], "texture": "#voxels_atlas", "cullface": "east" }
			}
		}
	],
	"display": {
		"thirdperson_righthand": {
			"rotation":  [ 0, 90, 0 ],
			"translation":  [ 3, -2, 1 ],
			"scale":  [ 0.4, 0.4, 0.4 ]
		},
		"thirdperson_lefthand": {
			"rotation":  [ 0, 90, 0 ],
			"translation":  [ 3, -2, 2 ],
			"scale":  [ 0.4, 0.4, 0.4 ]
		},
		"firstperson_righthand": {
			"rotation":  [ 0, 127, 0 ],
			"translation":  [ 9, 1, 0 ],
			"scale":  [ 0.5, 0.5, 0.5 ]
		},
		"firstperson_lefthand": {
			"rotation":  [ 0, 127, 0 ],
			"translation":  [ 9, 1, 0 ],
			"scale":  [ 0.5, 0.5, 0.5 ]
		},
		"gui": {
			"translation":  [ 0, 1, 0 ],
			"scale":  [ 0.4, 0.4, 0.4 ]
		},
		"ground": {
			"rotation":  [ -90, 0, 0 ],
			"scale":  [ 0.3, 0.3, 0.3 ]
		},
		"fixed": {
			"rotation":  [ 0, 180, 0 ],
			"translation":  [ 0, 1, 0 ],
			"scale":  [ 0.5, 0.5, 0.5 ]
		}
	}
}