{
	"__comment": "Designed by Elo106 with Cubik Studio - https://cubik.studio",
	"textures": {
		"particle": "items/wing_angel",
		"texture": "items/wing_angel",
		"feather": "item/feather",
		"voxels_atlas": "items/wing_angel"
	},
	"elements": [ 	 
		{
			"__comment": "Box1",
			"from": [ 8.8743, 1.124, 1.4999 ],
			"to": [ 19.3743, 1.125, 12.9999 ],
			"faces": {
				"down": { "uv": [ 16, 0, 0, 16 ], "texture": "#feather", "cullface": "down", "rotation": 270 },
				"up": { "uv": [ 16, 16, 0, 0 ], "texture": "#feather", "cullface": "down", "rotation": 90 },
				"north": { "uv": [ 0.5, 0, 0, 0 ], "texture": "#feather", "cullface": "down", "rotation": 270 },
				"south": { "uv": [ 0.5, 0, 0, 0 ], "texture": "#feather", "cullface": "down", "rotation": 90 },
				"west": { "uv": [ 0.125, 0.125, 0, 0 ], "texture": "#feather", "cullface": "down", "rotation": 90 },
				"east": { "uv": [ 0, 0.25, 0.125, 0 ], "texture": "#feather", "cullface": "down", "rotation": 270 }
			}
		},
		{
			"__comment": "Box1",
			"from": [ 16.5629, -0.001, 10.5892 ],
			"to": [ 27.0629, 0.000000002, 22.0892 ],
			"faces": {
				"down": { "uv": [ 16, 0, 0, 16 ], "texture": "#feather", "rotation": 270 },
				"up": { "uv": [ 16, 16, 0, 0 ], "texture": "#feather", "rotation": 90 },
				"north": { "uv": [ 0.5, 0, 0, 0 ], "texture": "#feather", "rotation": 270 },
				"south": { "uv": [ 0.5, 0, 0, 0 ], "texture": "#feather", "rotation": 90 },
				"west": { "uv": [ 0.125, 0.125, 0, 0 ], "texture": "#feather", "rotation": 90 },
				"east": { "uv": [ 0, 0.25, 0.125, 0 ], "texture": "#feather", "rotation": 270 }
			}
		},
		{
			"__comment": "Box1",
			"from": [ 18.7492, -1.876, -15.5 ],
			"to": [ 29.2492, -1.875, -4 ],
			"faces": {
				"down": { "uv": [ 16, 0, 0, 16 ], "texture": "#feather", "rotation": 270 },
				"up": { "uv": [ 16, 16, 0, 0 ], "texture": "#feather", "rotation": 90 },
				"north": { "uv": [ 0.5, 0, 0, 0 ], "texture": "#feather", "rotation": 270 },
				"south": { "uv": [ 0.5, 0, 0, 0 ], "texture": "#feather", "rotation": 90 },
				"west": { "uv": [ 0.125, 0.125, 0, 0 ], "texture": "#feather", "rotation": 90 },
				"east": { "uv": [ 0, 0.25, 0.125, 0 ], "texture": "#feather", "rotation": 270 }
			}
		},
		{
			"__comment": "Box1",
			"from": [ 18.7493, -2.001, 6.8749 ],
			"to": [ 29.2493, -2, 18.3749 ],
			"faces": {
				"down": { "uv": [ 16, 0, 0, 16 ], "texture": "#feather", "rotation": 270 },
				"up": { "uv": [ 16, 16, 0, 0 ], "texture": "#feather", "rotation": 90 },
				"south": { "uv": [ 0.5, 0, 0, 0 ], "texture": "#feather", "rotation": 90 },
				"west": { "uv": [ 0.125, 0.125, 0, 0 ], "texture": "#feather", "rotation": 90 },
				"east": { "uv": [ 0, 0.25, 0.125, 0 ], "texture": "#feather", "rotation": 270 }
			}
		},
		{
			"__comment": "Box1",
			"from": [ 12.7493, -0.001, 1.1249 ],
			"to": [ 23.2493, 0.000000002, 12.6249 ],
			"faces": {
				"down": { "uv": [ 16, 0, 0, 16 ], "texture": "#feather", "rotation": 270 },
				"up": { "uv": [ 16, 16, 0, 0 ], "texture": "#feather", "rotation": 90 },
				"north": { "uv": [ 0.5, 0, 0, 0 ], "texture": "#feather", "rotation": 270 },
				"south": { "uv": [ 0.5, 0, 0, 0 ], "texture": "#feather", "rotation": 90 },
				"west": { "uv": [ 0.125, 0.125, 0, 0 ], "texture": "#feather", "rotation": 90 },
				"east": { "uv": [ 0, 0.25, 0.125, 0 ], "texture": "#feather", "rotation": 270 }
			}
		},
		{
			"__comment": "Box1",
			"from": [ 13.1243, 0.624, 13.8749 ],
			"to": [ 23.6243, 0.625, 25.3749 ],
			"faces": {
				"down": { "uv": [ 16, 0, 0, 16 ], "texture": "#feather", "cullface": "down", "rotation": 270 },
				"up": { "uv": [ 16, 16, 0, 0 ], "texture": "#feather", "cullface": "down", "rotation": 90 },
				"north": { "uv": [ 0.5, 0, 0, 0 ], "texture": "#feather", "cullface": "down", "rotation": 270 },
				"south": { "uv": [ 0.5, 0, 0, 0 ], "texture": "#feather", "cullface": "down", "rotation": 90 },
				"west": { "uv": [ 0.125, 0.125, 0, 0 ], "texture": "#feather", "cullface": "down", "rotation": 90 },
				"east": { "uv": [ 0, 0.25, 0.125, 0 ], "texture": "#feather", "cullface": "down", "rotation": 270 }
			}
		},
		{
			"__comment": "Box1",
			"from": [ 8.6243, 1.249, 8.2499 ],
			"to": [ 19.1243, 1.25, 19.7499 ],
			"faces": {
				"down": { "uv": [ 16, 0, 0, 16 ], "texture": "#feather", "cullface": "down", "rotation": 270 },
				"up": { "uv": [ 16, 16, 0, 0 ], "texture": "#feather", "cullface": "down", "rotation": 90 },
				"north": { "uv": [ 0.5, 0, 0, 0 ], "texture": "#feather", "cullface": "down", "rotation": 270 },
				"south": { "uv": [ 0.5, 0, 0, 0 ], "texture": "#feather", "cullface": "down", "rotation": 90 },
				"west": { "uv": [ 0.125, 0.125, 0, 0 ], "texture": "#feather", "cullface": "down", "rotation": 90 },
				"east": { "uv": [ 0, 0.25, 0.125, 0 ], "texture": "#feather", "cullface": "down", "rotation": 270 }
			}
		},
		{
			"__comment": "Box1",
			"from": [ 10.8743, 0.124, 15.4999 ],
			"to": [ 21.3743, 0.125, 26.9999 ],
			"faces": {
				"down": { "uv": [ 16, 0, 0, 16 ], "texture": "#feather", "rotation": 270 },
				"up": { "uv": [ 16, 16, 0, 0 ], "texture": "#feather", "rotation": 90 },
				"north": { "uv": [ 0.5, 0, 0, 0 ], "texture": "#feather", "rotation": 270 },
				"south": { "uv": [ 0.5, 0, 0, 0 ], "texture": "#feather", "rotation": 90 },
				"west": { "uv": [ 0.125, 0.125, 0, 0 ], "texture": "#feather", "rotation": 90 },
				"east": { "uv": [ 0, 0.25, 0.125, 0 ], "texture": "#feather", "rotation": 270 }
			}
		},
		{
			"__comment": "Box1",
			"from": [ 13.2493, -0.126, -4.7501 ],
			"to": [ 23.7493, -0.125, 6.7499 ],
			"faces": {
				"down": { "uv": [ 16, 0, 0, 16 ], "texture": "#feather", "rotation": 270 },
				"up": { "uv": [ 16, 16, 0, 0 ], "texture": "#feather", "rotation": 90 },
				"north": { "uv": [ 0.5, 0, 0, 0 ], "texture": "#feather", "rotation": 270 },
				"south": { "uv": [ 0.5, 0, 0, 0 ], "texture": "#feather", "rotation": 90 },
				"west": { "uv": [ 0.125, 0.125, 0, 0 ], "texture": "#feather", "rotation": 90 },
				"east": { "uv": [ 0, 0.25, 0.125, 0 ], "texture": "#feather", "rotation": 270 }
			}
		},
		{
			"__comment": "Box1",
			"from": [ 12.7493, 0.124, 6.9999 ],
			"to": [ 23.2493, 0.125, 18.4999 ],
			"faces": {
				"down": { "uv": [ 16, 0, 0, 16 ], "texture": "#feather", "rotation": 270 },
				"up": { "uv": [ 16, 16, 0, 0 ], "texture": "#feather", "rotation": 90 },
				"north": { "uv": [ 0.5, 0, 0, 0 ], "texture": "#feather", "rotation": 270 },
				"south": { "uv": [ 0.5, 0, 0, 0 ], "texture": "#feather", "rotation": 90 },
				"west": { "uv": [ 0.125, 0.125, 0, 0 ], "texture": "#feather", "rotation": 90 },
				"east": { "uv": [ 0, 0.25, 0.125, 0 ], "texture": "#feather", "rotation": 270 }
			}
		},
		{
			"__comment": "Box1",
			"from": [ 18.0629, -2.251, -7.1608 ],
			"to": [ 28.5629, -2.25, 4.3392 ],
			"faces": {
				"down": { "uv": [ 16, 0, 0, 16 ], "texture": "#feather", "rotation": 270 },
				"up": { "uv": [ 16, 16, 0, 0 ], "texture": "#feather", "rotation": 90 },
				"north": { "uv": [ 0.5, 0, 0, 0 ], "texture": "#feather", "rotation": 270 },
				"west": { "uv": [ 0.125, 0.125, 0, 0 ], "texture": "#feather", "rotation": 90 },
				"east": { "uv": [ 0, 0.25, 0.125, 0 ], "texture": "#feather", "rotation": 270 }
			}
		},
		{
			"__comment": "Box1",
			"from": [ 18.7493, -2.376, -10.8751 ],
			"to": [ 29.2493, -2.375, 0.6248999 ],
			"faces": {
				"down": { "uv": [ 16, 0, 0, 16 ], "texture": "#feather", "rotation": 270 },
				"up": { "uv": [ 16, 16, 0, 0 ], "texture": "#feather", "rotation": 90 },
				"north": { "uv": [ 0.5, 0, 0, 0 ], "texture": "#feather", "rotation": 270 },
				"south": { "uv": [ 0.5, 0, 0, 0 ], "texture": "#feather", "rotation": 90 },
				"west": { "uv": [ 0.125, 0.125, 0, 0 ], "texture": "#feather", "rotation": 90 },
				"east": { "uv": [ 0, 0.25, 0.125, 0 ], "texture": "#feather", "rotation": 270 }
			}
		},
		{
			"__comment": "Box1",
			"from": [ 18.9991, -3.001, -8.875 ],
			"to": [ 29.4991, -3, 2.625 ],
			"faces": {
				"down": { "uv": [ 16, 0, 0, 16 ], "texture": "#feather", "rotation": 270 },
				"up": { "uv": [ 16, 16, 0, 0 ], "texture": "#feather", "rotation": 90 },
				"north": { "uv": [ 0.5, 0, 0, 0 ], "texture": "#feather", "rotation": 270 },
				"south": { "uv": [ 0.5, 0, 0, 0 ], "texture": "#feather", "rotation": 90 },
				"west": { "uv": [ 0.125, 0.125, 0, 0 ], "texture": "#feather", "rotation": 90 },
				"east": { "uv": [ 0, 0.25, 0.125, 0 ], "texture": "#feather", "rotation": 270 }
			}
		},
		{
			"__comment": "Box1",
			"from": [ 18.0629, -2.251, 1.4642 ],
			"to": [ 28.5629, -2.25, 12.9642 ],
			"faces": {
				"down": { "uv": [ 16, 0, 0, 16 ], "texture": "#feather", "cullface": "east", "rotation": 270 },
				"up": { "uv": [ 16, 16, 0, 0 ], "texture": "#feather", "cullface": "east", "rotation": 90 },
				"south": { "uv": [ 0.5, 0, 0, 0 ], "texture": "#feather", "cullface": "east", "rotation": 90 },
				"west": { "uv": [ 0.125, 0.125, 0, 0 ], "texture": "#feather", "cullface": "east", "rotation": 90 },
				"east": { "uv": [ 0, 0.25, 0.125, 0 ], "texture": "#feather", "cullface": "east", "rotation": 270 }
			}
		},
		{
			"__comment": "Box1",
			"from": [ 18.7493, -2.001, -2.2501 ],
			"to": [ 29.2493, -2, 9.2499 ],
			"faces": {
				"down": { "uv": [ 16, 0, 0, 16 ], "texture": "#feather", "rotation": 270 },
				"up": { "uv": [ 16, 16, 0, 0 ], "texture": "#feather", "rotation": 90 },
				"north": { "uv": [ 0.5, 0, 0, 0 ], "texture": "#feather", "rotation": 270 },
				"west": { "uv": [ 0.125, 0.125, 0, 0 ], "texture": "#feather", "rotation": 90 }
			}
		},
		{
			"__comment": "Box1",
			"from": [ 17.3743, -3.001, 2.3749 ],
			"to": [ 27.8743, -3, 13.8749 ],
			"faces": {
				"down": { "uv": [ 16, 0, 0, 16 ], "texture": "#feather", "cullface": "east", "rotation": 270 },
				"up": { "uv": [ 16, 16, 0, 0 ], "texture": "#feather", "cullface": "east", "rotation": 90 },
				"north": { "uv": [ 0.5, 0, 0, 0 ], "texture": "#feather", "cullface": "east", "rotation": 270 },
				"south": { "uv": [ 0.5, 0, 0, 0 ], "texture": "#feather", "cullface": "east", "rotation": 90 },
				"west": { "uv": [ 0.125, 0.125, 0, 0 ], "texture": "#feather", "cullface": "east", "rotation": 90 },
				"east": { "uv": [ 0, 0.25, 0.125, 0 ], "texture": "#feather", "cullface": "east", "rotation": 270 }
			}
		},
		{
			"__comment": "Box1",
			"from": [ -12.1251, -3, 2.3749 ],
			"to": [ -1.6251, -2.999, 13.8749 ],
			"faces": {
				"down": { "uv": [ 0, 0, 16, 16 ], "texture": "#feather", "cullface": "west", "rotation": 90 },
				"up": { "uv": [ 0, 16, 16, 0 ], "texture": "#feather", "cullface": "west", "rotation": 270 },
				"north": { "uv": [ 0.5, 0, 0, 0 ], "texture": "#feather", "cullface": "west", "rotation": 90 },
				"south": { "uv": [ 0.5, 0, 0, 0 ], "texture": "#feather", "cullface": "west", "rotation": 270 },
				"west": { "uv": [ 0, 0.25, 0.125, 0 ], "texture": "#feather", "cullface": "west", "rotation": 90 },
				"east": { "uv": [ 0.125, 0.125, 0, 0 ], "texture": "#feather", "cullface": "west", "rotation": 270 }
			}
		},
		{
			"__comment": "Box1",
			"from": [ -3.6251, 0.875, 1.4999 ],
			"to": [ 6.8749, 0.876, 12.9999 ],
			"faces": {
				"down": { "uv": [ 0, 0, 16, 16 ], "texture": "#feather", "cullface": "down", "rotation": 90 },
				"up": { "uv": [ 0, 16, 16, 0 ], "texture": "#feather", "cullface": "down", "rotation": 270 },
				"north": { "uv": [ 0.5, 0, 0, 0 ], "texture": "#feather", "cullface": "down", "rotation": 90 },
				"south": { "uv": [ 0.5, 0, 0, 0 ], "texture": "#feather", "cullface": "down", "rotation": 270 },
				"west": { "uv": [ 0, 0.25, 0.125, 0 ], "texture": "#feather", "cullface": "down", "rotation": 90 },
				"east": { "uv": [ 0.125, 0.125, 0, 0 ], "texture": "#feather", "cullface": "down", "rotation": 270 }
			}
		},
		{
			"__comment": "Box1",
			"from": [ -11.3137, -1.375, 10.5892 ],
			"to": [ -0.8136997, -1.374, 22.0892 ],
			"faces": {
				"down": { "uv": [ 0, 0, 16, 16 ], "texture": "#feather", "rotation": 90 },
				"up": { "uv": [ 0, 16, 16, 0 ], "texture": "#feather", "rotation": 270 },
				"north": { "uv": [ 0.5, 0, 0, 0 ], "texture": "#feather", "rotation": 90 },
				"south": { "uv": [ 0.5, 0, 0, 0 ], "texture": "#feather", "rotation": 270 },
				"west": { "uv": [ 0, 0.25, 0.125, 0 ], "texture": "#feather", "rotation": 90 },
				"east": { "uv": [ 0.125, 0.125, 0, 0 ], "texture": "#feather", "rotation": 270 }
			}
		},
		{
			"__comment": "Box1",
			"from": [ -13.5, -2, -15.5 ],
			"to": [ -2.999998, -1.999, -4 ],
			"faces": {
				"down": { "uv": [ 0, 0, 16, 16 ], "texture": "#feather", "rotation": 90 },
				"up": { "uv": [ 0, 16, 16, 0 ], "texture": "#feather", "rotation": 270 },
				"north": { "uv": [ 0.5, 0, 0, 0 ], "texture": "#feather", "rotation": 90 },
				"south": { "uv": [ 0.5, 0, 0, 0 ], "texture": "#feather", "rotation": 270 },
				"west": { "uv": [ 0, 0.25, 0.125, 0 ], "texture": "#feather", "rotation": 90 },
				"east": { "uv": [ 0.125, 0.125, 0, 0 ], "texture": "#feather", "rotation": 270 }
			}
		},
		{
			"__comment": "Box1",
			"from": [ -13.5001, -2.25, 6.8749 ],
			"to": [ -3.000099, -2.249, 18.3749 ],
			"faces": {
				"down": { "uv": [ 0, 0, 16, 16 ], "texture": "#feather", "rotation": 90 },
				"up": { "uv": [ 0, 16, 16, 0 ], "texture": "#feather", "rotation": 270 },
				"south": { "uv": [ 0.5, 0, 0, 0 ], "texture": "#feather", "rotation": 270 },
				"west": { "uv": [ 0, 0.25, 0.125, 0 ], "texture": "#feather", "rotation": 90 },
				"east": { "uv": [ 0.125, 0.125, 0, 0 ], "texture": "#feather", "rotation": 270 }
			}
		},
		{
			"__comment": "Box1",
			"from": [ -7.5001, -0.25, 1.1249 ],
			"to": [ 2.9999, -0.249, 12.6249 ],
			"faces": {
				"down": { "uv": [ 0, 0, 16, 16 ], "texture": "#feather", "rotation": 90 },
				"up": { "uv": [ 0, 16, 16, 0 ], "texture": "#feather", "rotation": 270 },
				"north": { "uv": [ 0.5, 0, 0, 0 ], "texture": "#feather", "rotation": 90 },
				"south": { "uv": [ 0.5, 0, 0, 0 ], "texture": "#feather", "rotation": 270 },
				"west": { "uv": [ 0, 0.25, 0.125, 0 ], "texture": "#feather", "rotation": 90 },
				"east": { "uv": [ 0.125, 0.125, 0, 0 ], "texture": "#feather", "rotation": 270 }
			}
		},
		{
			"__comment": "Box1",
			"from": [ -7.8751, 0.875, 13.8749 ],
			"to": [ 2.6249, 0.876, 25.3749 ],
			"faces": {
				"down": { "uv": [ 0, 0, 16, 16 ], "texture": "#feather", "cullface": "down", "rotation": 90 },
				"up": { "uv": [ 0, 16, 16, 0 ], "texture": "#feather", "cullface": "down", "rotation": 270 },
				"north": { "uv": [ 0.5, 0, 0, 0 ], "texture": "#feather", "cullface": "down", "rotation": 90 },
				"south": { "uv": [ 0.5, 0, 0, 0 ], "texture": "#feather", "cullface": "down", "rotation": 270 },
				"west": { "uv": [ 0, 0.25, 0.125, 0 ], "texture": "#feather", "cullface": "down", "rotation": 90 },
				"east": { "uv": [ 0.125, 0.125, 0, 0 ], "texture": "#feather", "cullface": "down", "rotation": 270 }
			}
		},
		{
			"__comment": "Box1",
			"from": [ -3.3751, 1, 8.2499 ],
			"to": [ 7.1249, 1.001, 19.7499 ],
			"faces": {
				"down": { "uv": [ 0, 0, 16, 16 ], "texture": "#feather", "cullface": "down", "rotation": 90 },
				"up": { "uv": [ 0, 16, 16, 0 ], "texture": "#feather", "cullface": "down", "rotation": 270 },
				"north": { "uv": [ 0.5, 0, 0, 0 ], "texture": "#feather", "cullface": "down", "rotation": 90 },
				"south": { "uv": [ 0.5, 0, 0, 0 ], "texture": "#feather", "cullface": "down", "rotation": 270 },
				"west": { "uv": [ 0, 0.25, 0.125, 0 ], "texture": "#feather", "cullface": "down", "rotation": 90 },
				"east": { "uv": [ 0.125, 0.125, 0, 0 ], "texture": "#feather", "cullface": "down", "rotation": 270 }
			}
		},
		{
			"__comment": "Box1",
			"from": [ -5.6251, 0, 15.4999 ],
			"to": [ 4.8749, 0.001000002, 26.9999 ],
			"faces": {
				"down": { "uv": [ 0, 0, 16, 16 ], "texture": "#feather", "rotation": 90 },
				"up": { "uv": [ 0, 16, 16, 0 ], "texture": "#feather", "rotation": 270 },
				"north": { "uv": [ 0.5, 0, 0, 0 ], "texture": "#feather", "rotation": 90 },
				"south": { "uv": [ 0.5, 0, 0, 0 ], "texture": "#feather", "rotation": 270 },
				"west": { "uv": [ 0, 0.25, 0.125, 0 ], "texture": "#feather", "rotation": 90 },
				"east": { "uv": [ 0.125, 0.125, 0, 0 ], "texture": "#feather", "rotation": 270 }
			}
		},
		{
			"__comment": "Box1",
			"from": [ -8.0001, -0.375, -4.7501 ],
			"to": [ 2.4999, -0.374, 6.7499 ],
			"faces": {
				"down": { "uv": [ 0, 0, 16, 16 ], "texture": "#feather", "rotation": 90 },
				"up": { "uv": [ 0, 16, 16, 0 ], "texture": "#feather", "rotation": 270 },
				"north": { "uv": [ 0.5, 0, 0, 0 ], "texture": "#feather", "rotation": 90 },
				"south": { "uv": [ 0.5, 0, 0, 0 ], "texture": "#feather", "rotation": 270 },
				"west": { "uv": [ 0, 0.25, 0.125, 0 ], "texture": "#feather", "rotation": 90 },
				"east": { "uv": [ 0.125, 0.125, 0, 0 ], "texture": "#feather", "rotation": 270 }
			}
		},
		{
			"__comment": "Box1",
			"from": [ -7.5001, -0.375, 6.9999 ],
			"to": [ 2.9999, -0.374, 18.4999 ],
			"faces": {
				"down": { "uv": [ 0, 0, 16, 16 ], "texture": "#feather", "rotation": 90 },
				"up": { "uv": [ 0, 16, 16, 0 ], "texture": "#feather", "rotation": 270 },
				"north": { "uv": [ 0.5, 0, 0, 0 ], "texture": "#feather", "rotation": 90 },
				"south": { "uv": [ 0.5, 0, 0, 0 ], "texture": "#feather", "rotation": 270 },
				"west": { "uv": [ 0, 0.25, 0.125, 0 ], "texture": "#feather", "rotation": 90 },
				"east": { "uv": [ 0.125, 0.125, 0, 0 ], "texture": "#feather", "rotation": 270 }
			}
		},
		{
			"__comment": "Box1",
			"from": [ -12.8137, -2, -7.1608 ],
			"to": [ -2.3137, -1.999, 4.3392 ],
			"faces": {
				"down": { "uv": [ 0, 0, 16, 16 ], "texture": "#feather", "rotation": 90 },
				"up": { "uv": [ 0, 16, 16, 0 ], "texture": "#feather", "rotation": 270 },
				"north": { "uv": [ 0.5, 0, 0, 0 ], "texture": "#feather", "rotation": 90 },
				"west": { "uv": [ 0, 0.25, 0.125, 0 ], "texture": "#feather", "rotation": 90 },
				"east": { "uv": [ 0.125, 0.125, 0, 0 ], "texture": "#feather", "rotation": 270 }
			}
		},
		{
			"__comment": "Box1",
			"from": [ -13.5001, -2.25, -10.8751 ],
			"to": [ -3.000099, -2.249, 0.6248999 ],
			"faces": {
				"down": { "uv": [ 0, 0, 16, 16 ], "texture": "#feather", "rotation": 90 },
				"up": { "uv": [ 0, 16, 16, 0 ], "texture": "#feather", "rotation": 270 },
				"north": { "uv": [ 0.5, 0, 0, 0 ], "texture": "#feather", "rotation": 90 },
				"west": { "uv": [ 0, 0.25, 0.125, 0 ], "texture": "#feather", "rotation": 90 },
				"east": { "uv": [ 0.125, 0.125, 0, 0 ], "texture": "#feather", "rotation": 270 }
			}
		},
		{
			"__comment": "Box1",
			"from": [ -13.7499, -3, -8.875 ],
			"to": [ -3.249899, -2.999, 2.625 ],
			"faces": {
				"down": { "uv": [ 0, 0, 16, 16 ], "texture": "#feather", "rotation": 90 },
				"up": { "uv": [ 0, 16, 16, 0 ], "texture": "#feather", "rotation": 270 },
				"north": { "uv": [ 0.5, 0, 0, 0 ], "texture": "#feather", "rotation": 90 },
				"south": { "uv": [ 0.5, 0, 0, 0 ], "texture": "#feather", "rotation": 270 },
				"west": { "uv": [ 0, 0.25, 0.125, 0 ], "texture": "#feather", "rotation": 90 },
				"east": { "uv": [ 0.125, 0.125, 0, 0 ], "texture": "#feather", "rotation": 270 }
			}
		},
		{
			"__comment": "Box1",
			"from": [ -12.8137, -2, 1.4642 ],
			"to": [ -2.3137, -1.999, 12.9642 ],
			"faces": {
				"down": { "uv": [ 0, 0, 16, 16 ], "texture": "#feather", "cullface": "west", "rotation": 90 },
				"up": { "uv": [ 0, 16, 16, 0 ], "texture": "#feather", "cullface": "west", "rotation": 270 },
				"south": { "uv": [ 0.5, 0, 0, 0 ], "texture": "#feather", "cullface": "west", "rotation": 270 },
				"west": { "uv": [ 0, 0.25, 0.125, 0 ], "texture": "#feather", "cullface": "west", "rotation": 90 },
				"east": { "uv": [ 0.125, 0.125, 0, 0 ], "texture": "#feather", "cullface": "west", "rotation": 270 }
			}
		},
		{
			"__comment": "Box1",
			"from": [ -13.5001, -2.25, -2.2501 ],
			"to": [ -3.000099, -2.249, 9.2499 ],
			"faces": {
				"down": { "uv": [ 0, 0, 16, 16 ], "texture": "#feather", "rotation": 90 },
				"up": { "uv": [ 0, 16, 16, 0 ], "texture": "#feather", "rotation": 270 },
				"east": { "uv": [ 0.125, 0.125, 0, 0 ], "texture": "#feather", "rotation": 270 }
			}
		},
		{
			"__comment": "Voxels",
			"from": [ -13.6254, -2.875, -4.5001 ],
			"to": [ -11.6254, -1.875, 12.4999 ],
			"faces": {
				"down": { "uv": [ 9.5, 13.5, 13.75, 14 ], "texture": "#voxels_atlas", "cullface": "west", "rotation": 270 },
				"up": { "uv": [ 1.5, 12.5, 5.75, 12 ], "texture": "#voxels_atlas", "cullface": "west", "rotation": 90 },
				"north": { "uv": [ 9.5, 7, 9.25, 7.5 ], "texture": "#voxels_atlas", "cullface": "west", "rotation": 90 },
				"south": { "uv": [ 10, 7, 10.25, 7.5 ], "texture": "#voxels_atlas", "cullface": "west", "rotation": 270 },
				"west": { "uv": [ 4.75, 2.75, 4.5, 7 ], "texture": "#voxels_atlas", "cullface": "west", "rotation": 90 },
				"east": { "uv": [ 4.75, 2.75, 5, 7 ], "texture": "#voxels_atlas", "cullface": "west", "rotation": 270 }
			}
		},
		{
			"__comment": "Voxels",
			"from": [ -13.6254, -2.875, -5.5001 ],
			"to": [ -12.6254, -1.875, -4.5001 ],
			"faces": {
				"down": { "uv": [ 13.5, 6.75, 13.75, 7 ], "texture": "#voxels_atlas", "rotation": 270 },
				"up": { "uv": [ 13.25, 7, 13.5, 6.75 ], "texture": "#voxels_atlas", "rotation": 90 },
				"north": { "uv": [ 14.75, 6.75, 14.5, 7 ], "texture": "#voxels_atlas", "rotation": 90 },
				"west": { "uv": [ 15, 6.75, 14.75, 7 ], "texture": "#voxels_atlas", "rotation": 90 },
				"east": { "uv": [ 15, 6.75, 15.25, 7 ], "texture": "#voxels_atlas", "rotation": 270 }
			}
		},
		{
			"__comment": "Voxels",
			"from": [ -14.6254, -2.875, 2.4999 ],
			"to": [ -13.6254, -1.875, 5.4999 ],
			"faces": {
				"down": { "uv": [ 15.25, 11.5, 16, 11.75 ], "texture": "#voxels_atlas", "cullface": "west", "rotation": 270 },
				"up": { "uv": [ 12.25, 11.5, 13, 11.25 ], "texture": "#voxels_atlas", "cullface": "west", "rotation": 90 },
				"north": { "uv": [ 13.25, 6.75, 13, 7 ], "texture": "#voxels_atlas", "cullface": "west", "rotation": 90 },
				"south": { "uv": [ 12.25, 6.75, 12.5, 7 ], "texture": "#voxels_atlas", "cullface": "west", "rotation": 270 },
				"west": { "uv": [ 7.25, 5.5, 7, 6.25 ], "texture": "#voxels_atlas", "cullface": "west", "rotation": 90 }
			}
		},
		{
			"__comment": "Voxels",
			"from": [ -7.6254, -1.875, -15.5001 ],
			"to": [ -6.6254, -0.875, -14.5001 ],
			"faces": {
				"down": { "uv": [ 10.5, 6.75, 10.75, 7 ], "texture": "#voxels_atlas", "rotation": 270 },
				"up": { "uv": [ 10.25, 7, 10.5, 6.75 ], "texture": "#voxels_atlas", "rotation": 90 },
				"north": { "uv": [ 11.75, 6.75, 11.5, 7 ], "texture": "#voxels_atlas", "rotation": 90 },
				"south": { "uv": [ 10.75, 6.75, 11, 7 ], "texture": "#voxels_atlas", "rotation": 270 },
				"west": { "uv": [ 12, 6.75, 11.75, 7 ], "texture": "#voxels_atlas", "rotation": 90 },
				"east": { "uv": [ 12, 6.75, 12.25, 7 ], "texture": "#voxels_atlas", "rotation": 270 }
			}
		},
		{
			"__comment": "Voxels",
			"from": [ -9.6254, -1.875, -14.5001 ],
			"to": [ -7.6254, -0.875, -13.5001 ],
			"faces": {
				"down": { "uv": [ 10.75, 7, 11, 7.5 ], "texture": "#voxels_atlas", "rotation": 270 },
				"up": { "uv": [ 11, 7.5, 11.25, 7 ], "texture": "#voxels_atlas", "rotation": 90 },
				"north": { "uv": [ 10.5, 7, 10.25, 7.5 ], "texture": "#voxels_atlas", "rotation": 90 },
				"south": { "uv": [ 10.5, 7, 10.75, 7.5 ], "texture": "#voxels_atlas", "rotation": 270 },
				"west": { "uv": [ 9.5, 6.75, 9.25, 7 ], "texture": "#voxels_atlas", "rotation": 90 },
				"east": { "uv": [ 10, 6.75, 10.25, 7 ], "texture": "#voxels_atlas", "rotation": 270 }
			}
		},
		{
			"__comment": "Voxels",
			"from": [ -9.6254, -1.875, -13.5001 ],
			"to": [ -8.6254, -0.875, 20.4999 ],
			"faces": {
				"down": { "uv": [ 2, 11.75, 10.5, 12 ], "texture": "#voxels_atlas", "rotation": 270 },
				"up": { "uv": [ 1.5, 12.75, 10, 12.5 ], "texture": "#voxels_atlas", "rotation": 90 },
				"south": { "uv": [ 14.75, 7, 15, 7.25 ], "texture": "#voxels_atlas", "rotation": 270 },
				"west": { "uv": [ 2, 3.5, 1.75, 12 ], "texture": "#voxels_atlas", "rotation": 90 },
				"east": { "uv": [ 1.5, 3.5, 1.75, 12 ], "texture": "#voxels_atlas", "rotation": 270 }
			}
		},
		{
			"__comment": "Voxels",
			"from": [ -10.6254, -1.875, -12.5001 ],
			"to": [ -9.6254, -0.875, 18.4999 ],
			"faces": {
				"down": { "uv": [ 2, 11, 9.75, 11.25 ], "texture": "#voxels_atlas", "rotation": 270 },
				"up": { "uv": [ 2, 11, 9.75, 10.75 ], "texture": "#voxels_atlas", "rotation": 90 },
				"north": { "uv": [ 15, 7.25, 14.75, 7.5 ], "texture": "#voxels_atlas", "rotation": 90 },
				"south": { "uv": [ 14.25, 7, 14.5, 7.25 ], "texture": "#voxels_atlas", "rotation": 270 },
				"west": { "uv": [ 3, 2.5, 2.75, 10.25 ], "texture": "#voxels_atlas", "rotation": 90 }
			}
		},
		{
			"__comment": "Voxels",
			"from": [ -11.6254, -1.875, -11.5001 ],
			"to": [ -10.6254, -0.875, 18.4999 ],
			"faces": {
				"down": { "uv": [ 3.75, 9.75, 11.25, 10 ], "texture": "#voxels_atlas", "rotation": 270 },
				"up": { "uv": [ 3.75, 9.75, 11.25, 9.5 ], "texture": "#voxels_atlas", "rotation": 90 },
				"north": { "uv": [ 14.5, 7.25, 14.25, 7.5 ], "texture": "#voxels_atlas", "rotation": 90 },
				"south": { "uv": [ 13.25, 7, 13.5, 7.25 ], "texture": "#voxels_atlas", "rotation": 270 },
				"west": { "uv": [ 3.75, 2.75, 3.5, 10.25 ], "texture": "#voxels_atlas", "rotation": 90 }
			}
		},
		{
			"__comment": "Voxels",
			"from": [ -12.6254, -1.875, -8.5001 ],
			"to": [ -11.6254, -0.875, -4.5001 ],
			"faces": {
				"down": { "uv": [ 15, 12.75, 16, 13 ], "texture": "#voxels_atlas", "rotation": 270 },
				"up": { "uv": [ 14.5, 12.75, 15.5, 12.5 ], "texture": "#voxels_atlas", "rotation": 90 },
				"north": { "uv": [ 13.5, 7.25, 13.25, 7.5 ], "texture": "#voxels_atlas", "rotation": 90 },
				"south": { "uv": [ 12.75, 7, 13, 7.25 ], "texture": "#voxels_atlas", "rotation": 270 },
				"west": { "uv": [ 7.5, 7, 7.25, 8 ], "texture": "#voxels_atlas", "rotation": 90 }
			}
		},
		{
			"__comment": "Voxels",
			"from": [ -12.6254, -1.875, 12.4999 ],
			"to": [ -11.6254, -0.875, 16.4999 ],
			"faces": {
				"down": { "uv": [ 10.5, 11.75, 11.5, 12 ], "texture": "#voxels_atlas", "cullface": "west", "rotation": 270 },
				"up": { "uv": [ 11.5, 12, 12.5, 11.75 ], "texture": "#voxels_atlas", "cullface": "west", "rotation": 90 },
				"north": { "uv": [ 13, 7.25, 12.75, 7.5 ], "texture": "#voxels_atlas", "cullface": "west", "rotation": 90 },
				"south": { "uv": [ 12.5, 7, 12.75, 7.25 ], "texture": "#voxels_atlas", "cullface": "west", "rotation": 270 },
				"west": { "uv": [ 7.5, 5, 7.25, 6 ], "texture": "#voxels_atlas", "cullface": "west", "rotation": 90 }
			}
		},
		{
			"__comment": "Voxels",
			"from": [ -8.6254, -0.875, -13.5001 ],
			"to": [ -7.6254, 0.125, -12.5001 ],
			"faces": {
				"down": { "uv": [ 11.5, 7.25, 11.75, 7.5 ], "texture": "#voxels_atlas", "rotation": 270 },
				"up": { "uv": [ 7, 2.5, 7.25, 2.25 ], "texture": "#voxels_atlas", "rotation": 90 },
				"north": { "uv": [ 12, 7.25, 11.75, 7.5 ], "texture": "#voxels_atlas", "rotation": 90 },
				"south": { "uv": [ 11.5, 7, 11.75, 7.25 ], "texture": "#voxels_atlas", "rotation": 270 },
				"west": { "uv": [ 12, 7, 11.75, 7.25 ], "texture": "#voxels_atlas", "rotation": 90 },
				"east": { "uv": [ 12.5, 7.25, 12.75, 7.5 ], "texture": "#voxels_atlas", "rotation": 270 }
			}
		},
		{
			"__comment": "Voxels",
			"from": [ -9.6254, -0.875, -12.5001 ],
			"to": [ -8.6254, 0.125, 23.4999 ],
			"faces": {
				"down": { "uv": [ 1, 13, 10, 13.25 ], "texture": "#voxels_atlas", "rotation": 270 },
				"up": { "uv": [ 1.5, 13, 10.5, 12.75 ], "texture": "#voxels_atlas", "rotation": 90 },
				"north": { "uv": [ 7, 2.25, 6.75, 2.5 ], "texture": "#voxels_atlas", "rotation": 90 },
				"south": { "uv": [ 6.5, 2.25, 6.75, 2.5 ], "texture": "#voxels_atlas", "rotation": 270 },
				"west": { "uv": [ 1.25, 4, 1, 13 ], "texture": "#voxels_atlas", "rotation": 90 },
				"east": { "uv": [ 1.25, 4, 1.5, 13 ], "texture": "#voxels_atlas", "rotation": 270 }
			}
		},
		{
			"__comment": "Voxels",
			"from": [ -10.6254, -0.875, 18.4999 ],
			"to": [ -9.6254, 0.125, 21.4999 ],
			"faces": {
				"down": { "uv": [ 9.75, 11, 10.5, 11.25 ], "texture": "#voxels_atlas", "rotation": 270 },
				"up": { "uv": [ 14.5, 11.5, 15.25, 11.25 ], "texture": "#voxels_atlas", "rotation": 90 },
				"north": { "uv": [ 7.25, 5.25, 7, 5.5 ], "texture": "#voxels_atlas", "rotation": 90 },
				"south": { "uv": [ 12.75, 9.75, 13, 10 ], "texture": "#voxels_atlas", "rotation": 270 },
				"west": { "uv": [ 8.25, 6.5, 8, 7.25 ], "texture": "#voxels_atlas", "rotation": 90 }
			}
		},
		{
			"__comment": "Voxels",
			"from": [ -4.6254, 0.125, 25.4999 ],
			"to": [ -3.6254, 2.125, 27.4999 ],
			"faces": {
				"down": { "uv": [ 11.75, 11, 12.25, 11.25 ], "texture": "#voxels_atlas", "rotation": 270 },
				"up": { "uv": [ 12.25, 11.25, 12.75, 11 ], "texture": "#voxels_atlas", "rotation": 90 },
				"north": { "uv": [ 16, 11.75, 15.5, 12 ], "texture": "#voxels_atlas", "rotation": 90 },
				"south": { "uv": [ 11.25, 11, 11.75, 11.25 ], "texture": "#voxels_atlas", "rotation": 270 },
				"west": { "uv": [ 10.5, 8.75, 10, 9.25 ], "texture": "#voxels_atlas", "rotation": 90 },
				"east": { "uv": [ 11, 8.75, 11.5, 9.25 ], "texture": "#voxels_atlas", "rotation": 270 }
			}
		},
		{
			"__comment": "Voxels",
			"from": [ -8.6254, 0.125, -2.5001 ],
			"to": [ -4.6254, 1.125, 17.4999 ],
			"faces": {
				"down": { "uv": [ 10, 15, 15, 16 ], "texture": "#voxels_atlas", "rotation": 270 },
				"up": { "uv": [ 0, 15, 5, 14 ], "texture": "#voxels_atlas", "rotation": 90 },
				"north": { "uv": [ 7.75, 7.75, 7.5, 8.75 ], "texture": "#voxels_atlas", "rotation": 90 },
				"south": { "uv": [ 7.25, 0, 7.5, 1 ], "texture": "#voxels_atlas", "rotation": 270 },
				"west": { "uv": [ 1, 0.75, 0.75, 5.75 ], "texture": "#voxels_atlas", "rotation": 90 },
				"east": { "uv": [ 0.5, 0.75, 0.75, 5.75 ], "texture": "#voxels_atlas", "rotation": 270 }
			}
		},
		{
			"__comment": "Voxels",
			"from": [ -7.6254, 0.125, 24.4999 ],
			"to": [ -4.6254, 1.125, 25.4999 ],
			"faces": {
				"down": { "uv": [ 2, 0, 2.25, 0.75 ], "texture": "#voxels_atlas", "rotation": 270 },
				"up": { "uv": [ 15.75, 8.75, 16, 8 ], "texture": "#voxels_atlas", "rotation": 90 },
				"north": { "uv": [ 6.25, 0, 6, 0.75 ], "texture": "#voxels_atlas", "rotation": 90 },
				"south": { "uv": [ 7, 3, 7.25, 3.75 ], "texture": "#voxels_atlas", "rotation": 270 },
				"west": { "uv": [ 6.75, 5.25, 6.5, 5.5 ], "texture": "#voxels_atlas", "rotation": 90 },
				"east": { "uv": [ 6.75, 5.25, 7, 5.5 ], "texture": "#voxels_atlas", "rotation": 270 }
			}
		},
		{
			"__comment": "Voxels",
			"from": [ -6.6254, 0.125, 25.4999 ],
			"to": [ -4.6254, 1.125, 26.4999 ],
			"faces": {
				"down": { "uv": [ 15.75, 12, 16, 12.5 ], "texture": "#voxels_atlas", "rotation": 270 },
				"up": { "uv": [ 5.5, 0.5, 5.75, 0 ], "texture": "#voxels_atlas", "rotation": 90 },
				"south": { "uv": [ 1.25, 0, 1.5, 0.5 ], "texture": "#voxels_atlas", "rotation": 270 },
				"west": { "uv": [ 14, 9.25, 13.75, 9.5 ], "texture": "#voxels_atlas", "rotation": 90 }
			}
		},
		{
			"__comment": "Voxels",
			"from": [ -5.6254, 0.125, 26.4999 ],
			"to": [ -4.6254, 1.125, 27.4999 ],
			"faces": {
				"down": { "uv": [ 12, 9.25, 12.25, 9.5 ], "texture": "#voxels_atlas", "rotation": 270 },
				"up": { "uv": [ 11.75, 9.5, 12, 9.25 ], "texture": "#voxels_atlas", "rotation": 90 },
				"south": { "uv": [ 12.25, 9.25, 12.5, 9.5 ], "texture": "#voxels_atlas", "rotation": 270 },
				"west": { "uv": [ 13.5, 9.25, 13.25, 9.5 ], "texture": "#voxels_atlas", "rotation": 90 }
			}
		},
		{
			"__comment": "Voxels",
			"from": [ -8.6254, 0.125, -4.5001 ],
			"to": [ -5.6254, 1.125, -2.5001 ],
			"faces": {
				"down": { "uv": [ 6.5, 3, 7, 3.75 ], "texture": "#voxels_atlas", "rotation": 270 },
				"up": { "uv": [ 6, 3, 6.5, 2.25 ], "texture": "#voxels_atlas", "rotation": 90 },
				"north": { "uv": [ 8.5, 8, 8.25, 8.75 ], "texture": "#voxels_atlas", "rotation": 90 },
				"west": { "uv": [ 7.25, 2.5, 7, 3 ], "texture": "#voxels_atlas", "rotation": 90 },
				"east": { "uv": [ 5.75, 0, 6, 0.5 ], "texture": "#voxels_atlas", "rotation": 270 }
			}
		},
		{
			"__comment": "Voxels",
			"from": [ -8.6254, 0.125, 17.4999 ],
			"to": [ -5.6254, 1.125, 24.4999 ],
			"faces": {
				"down": { "uv": [ 4, 7.75, 5.75, 8.5 ], "texture": "#voxels_atlas", "rotation": 270 },
				"up": { "uv": [ 13.75, 14, 15.5, 13.25 ], "texture": "#voxels_atlas", "rotation": 90 },
				"south": { "uv": [ 8.75, 8, 9, 8.75 ], "texture": "#voxels_atlas", "rotation": 270 },
				"west": { "uv": [ 1.75, 0, 1.5, 1.75 ], "texture": "#voxels_atlas", "rotation": 90 },
				"east": { "uv": [ 1.75, 1.75, 2, 3.5 ], "texture": "#voxels_atlas", "rotation": 270 }
			}
		},
		{
			"__comment": "Voxels",
			"from": [ -8.6254, 0.125, -6.5001 ],
			"to": [ -6.6254, 1.125, -4.5001 ],
			"faces": {
				"down": { "uv": [ 6.5, 2.5, 7, 3 ], "texture": "#voxels_atlas", "rotation": 270 },
				"up": { "uv": [ 9.5, 9.25, 10, 8.75 ], "texture": "#voxels_atlas", "rotation": 90 },
				"north": { "uv": [ 12.25, 8.75, 12, 9.25 ], "texture": "#voxels_atlas", "rotation": 90 },
				"west": { "uv": [ 12, 8.75, 11.75, 9.25 ], "texture": "#voxels_atlas", "rotation": 90 },
				"east": { "uv": [ 11.5, 8.75, 11.75, 9.25 ], "texture": "#voxels_atlas", "rotation": 270 }
			}
		},
		{
			"__comment": "Voxels",
			"from": [ -8.6254, 0.125, -12.5001 ],
			"to": [ -7.6254, 1.125, -6.5001 ],
			"faces": {
				"down": { "uv": [ 9.5, 13.25, 11, 13.5 ], "texture": "#voxels_atlas", "rotation": 270 },
				"up": { "uv": [ 11, 13.5, 12.5, 13.25 ], "texture": "#voxels_atlas", "rotation": 90 },
				"north": { "uv": [ 11.75, 9.25, 11.5, 9.5 ], "texture": "#voxels_atlas", "rotation": 90 },
				"west": { "uv": [ 2.75, 1, 2.5, 2.5 ], "texture": "#voxels_atlas", "rotation": 90 },
				"east": { "uv": [ 6, 0.75, 6.25, 2.25 ], "texture": "#voxels_atlas", "rotation": 270 }
			}
		},
		{
			"__comment": "Voxels",
			"from": [ 4.3746, 1.125, 7.4999 ],
			"to": [ 5.3746, 2.125, 14.4999 ],
			"faces": {
				"down": { "uv": [ 6.75, 14, 8.5, 14.25 ], "texture": "#voxels_atlas", "cullface": "down", "rotation": 270 },
				"up": { "uv": [ 8.5, 14.25, 10.25, 14 ], "texture": "#voxels_atlas", "cullface": "down", "rotation": 90 },
				"north": { "uv": [ 11.5, 9.5, 11.25, 9.75 ], "texture": "#voxels_atlas", "cullface": "down", "rotation": 90 },
				"south": { "uv": [ 14.5, 9.75, 14.75, 10 ], "texture": "#voxels_atlas", "cullface": "down", "rotation": 270 },
				"west": { "uv": [ 1.25, 0.5, 1, 2.25 ], "texture": "#voxels_atlas", "cullface": "down", "rotation": 90 },
				"east": { "uv": [ 1.75, 0, 2, 1.75 ], "texture": "#voxels_atlas", "cullface": "down", "rotation": 270 }
			}
		},
		{
			"__comment": "Voxels",
			"from": [ -1.6254, 1.125, 16.4999 ],
			"to": [ 1.3746, 3.125, 17.4999 ],
			"faces": {
				"down": { "uv": [ 9, 8, 9.25, 8.75 ], "texture": "#voxels_atlas", "rotation": 270 },
				"up": { "uv": [ 9.25, 8.75, 9.5, 8 ], "texture": "#voxels_atlas", "rotation": 90 },
				"north": { "uv": [ 1, 0, 0.5, 0.75 ], "texture": "#voxels_atlas", "rotation": 90 },
				"south": { "uv": [ 15.5, 13.25, 16, 14 ], "texture": "#voxels_atlas", "rotation": 270 },
				"west": { "uv": [ 13.75, 11, 13.25, 11.25 ], "texture": "#voxels_atlas", "rotation": 90 },
				"east": { "uv": [ 12.75, 11, 13.25, 11.25 ], "texture": "#voxels_atlas", "rotation": 270 }
			}
		},
		{
			"__comment": "Voxels",
			"from": [ -0.6254, 1.125, 15.4999 ],
			"to": [ 0.3746, 3.125, 16.4999 ],
			"faces": {
				"down": { "uv": [ 14.25, 9.75, 14.5, 10 ], "texture": "#voxels_atlas", "cullface": "down", "rotation": 270 },
				"up": { "uv": [ 13, 10, 13.25, 9.75 ], "texture": "#voxels_atlas", "cullface": "down", "rotation": 90 },
				"north": { "uv": [ 15.25, 11, 14.75, 11.25 ], "texture": "#voxels_atlas", "cullface": "down", "rotation": 90 },
				"west": { "uv": [ 14.75, 11, 14.25, 11.25 ], "texture": "#voxels_atlas", "cullface": "down", "rotation": 90 },
				"east": { "uv": [ 13.75, 11, 14.25, 11.25 ], "texture": "#voxels_atlas", "cullface": "down", "rotation": 270 }
			}
		},
		{
			"__comment": "Voxels",
			"from": [ -1.6254, 1.125, 17.4999 ],
			"to": [ -0.6253999, 3.125, 18.4999 ],
			"faces": {
				"down": { "uv": [ 12.5, 9.75, 12.75, 10 ], "texture": "#voxels_atlas", "rotation": 270 },
				"up": { "uv": [ 12.25, 10, 12.5, 9.75 ], "texture": "#voxels_atlas", "rotation": 90 },
				"south": { "uv": [ 10.75, 10.75, 11.25, 11 ], "texture": "#voxels_atlas", "rotation": 270 },
				"west": { "uv": [ 10.25, 10.75, 9.75, 11 ], "texture": "#voxels_atlas", "rotation": 90 },
				"east": { "uv": [ 15.5, 12.5, 16, 12.75 ], "texture": "#voxels_atlas", "rotation": 270 }
			}
		},
		{
			"__comment": "Voxels",
			"from": [ -4.6254, 1.125, -0.5001 ],
			"to": [ -1.6254, 2.125, 20.4999 ],
			"faces": {
				"down": { "uv": [ 5, 14.25, 10.25, 15 ], "texture": "#voxels_atlas", "rotation": 270 },
				"up": { "uv": [ 10.25, 15, 15.5, 14.25 ], "texture": "#voxels_atlas", "rotation": 90 },
				"north": { "uv": [ 11.75, 8, 11.5, 8.75 ], "texture": "#voxels_atlas", "rotation": 90 },
				"south": { "uv": [ 11.75, 8, 12, 8.75 ], "texture": "#voxels_atlas", "rotation": 270 },
				"west": { "uv": [ 0.25, 0.5, 0, 5.75 ], "texture": "#voxels_atlas", "rotation": 90 },
				"east": { "uv": [ 0.25, 0.5, 0.5, 5.75 ], "texture": "#voxels_atlas", "rotation": 270 }
			}
		},
		{
			"__comment": "Voxels",
			"from": [ -4.6254, 1.125, -1.5001 ],
			"to": [ -2.6254, 2.125, -0.5001 ],
			"faces": {
				"down": { "uv": [ 13, 8.75, 13.25, 9.25 ], "texture": "#voxels_atlas", "rotation": 270 },
				"up": { "uv": [ 13.25, 9.25, 13.5, 8.75 ], "texture": "#voxels_atlas", "rotation": 90 },
				"north": { "uv": [ 12.75, 8.75, 12.5, 9.25 ], "texture": "#voxels_atlas", "rotation": 90 },
				"west": { "uv": [ 14.75, 10, 14.5, 10.25 ], "texture": "#voxels_atlas", "rotation": 90 },
				"east": { "uv": [ 14.75, 10, 15, 10.25 ], "texture": "#voxels_atlas", "rotation": 270 }
			}
		},
		{
			"__comment": "Voxels",
			"from": [ -5.6254, 1.125, 20.4999 ],
			"to": [ -2.6254, 2.125, 22.4999 ],
			"faces": {
				"down": { "uv": [ 5.25, 0.5, 5.75, 1.25 ], "texture": "#voxels_atlas", "rotation": 270 },
				"up": { "uv": [ 6.5, 6.25, 7, 5.5 ], "texture": "#voxels_atlas", "rotation": 90 },
				"north": { "uv": [ 14, 8, 13.75, 8.75 ], "texture": "#voxels_atlas", "rotation": 90 },
				"south": { "uv": [ 14.5, 8, 14.75, 8.75 ], "texture": "#voxels_atlas", "rotation": 270 },
				"west": { "uv": [ 14, 8.75, 13.75, 9.25 ], "texture": "#voxels_atlas", "rotation": 90 },
				"east": { "uv": [ 13.5, 8.75, 13.75, 9.25 ], "texture": "#voxels_atlas", "rotation": 270 }
			}
		},
		{
			"__comment": "Voxels",
			"from": [ -3.6254, 1.125, 26.4999 ],
			"to": [ -2.6254, 3.125, 28.4999 ],
			"faces": {
				"down": { "uv": [ 12.25, 10.75, 12.75, 11 ], "texture": "#voxels_atlas", "rotation": 270 },
				"up": { "uv": [ 12.75, 11, 13.25, 10.75 ], "texture": "#voxels_atlas", "rotation": 90 },
				"north": { "uv": [ 11.75, 10.75, 11.25, 11 ], "texture": "#voxels_atlas", "rotation": 90 },
				"south": { "uv": [ 11.75, 10.75, 12.25, 11 ], "texture": "#voxels_atlas", "rotation": 270 },
				"west": { "uv": [ 0.5, 0, 0, 0.5 ], "texture": "#voxels_atlas", "rotation": 90 },
				"east": { "uv": [ 9, 8.75, 9.5, 9.25 ], "texture": "#voxels_atlas", "rotation": 270 }
			}
		},
		{
			"__comment": "Voxels",
			"from": [ -5.6254, 1.125, 22.4999 ],
			"to": [ -3.6254, 2.125, 23.4999 ],
			"faces": {
				"down": { "uv": [ 14.5, 8.75, 14.75, 9.25 ], "texture": "#voxels_atlas", "rotation": 270 },
				"up": { "uv": [ 14.75, 9.25, 15, 8.75 ], "texture": "#voxels_atlas", "rotation": 90 },
				"south": { "uv": [ 14.25, 8.75, 14.5, 9.25 ], "texture": "#voxels_atlas", "rotation": 270 },
				"west": { "uv": [ 14.25, 10, 14, 10.25 ], "texture": "#voxels_atlas", "rotation": 90 },
				"east": { "uv": [ 14.25, 10, 14.5, 10.25 ], "texture": "#voxels_atlas", "rotation": 270 }
			}
		},
		{
			"__comment": "Voxels",
			"from": [ -4.6254, 1.125, 27.4999 ],
			"to": [ -3.6254, 2.125, 28.4999 ],
			"faces": {
				"down": { "uv": [ 12.25, 10, 12.5, 10.25 ], "texture": "#voxels_atlas", "rotation": 270 },
				"up": { "uv": [ 12, 10.25, 12.25, 10 ], "texture": "#voxels_atlas", "rotation": 90 },
				"south": { "uv": [ 12.5, 10, 12.75, 10.25 ], "texture": "#voxels_atlas", "rotation": 270 },
				"west": { "uv": [ 13.25, 10, 13, 10.25 ], "texture": "#voxels_atlas", "rotation": 90 }
			}
		},
		{
			"__comment": "Voxels",
			"from": [ -5.6254, 1.125, 17.4999 ],
			"to": [ -4.6254, 2.125, 20.4999 ],
			"faces": {
				"down": { "uv": [ 13, 11.25, 13.75, 11.5 ], "texture": "#voxels_atlas", "rotation": 270 },
				"up": { "uv": [ 13.75, 11.5, 14.5, 11.25 ], "texture": "#voxels_atlas", "rotation": 90 },
				"north": { "uv": [ 12, 10, 11.75, 10.25 ], "texture": "#voxels_atlas", "rotation": 90 },
				"west": { "uv": [ 8, 3, 7.75, 3.75 ], "texture": "#voxels_atlas", "rotation": 90 }
			}
		},
		{
			"__comment": "Voxels",
			"from": [ -5.6254, 1.125, 23.4999 ],
			"to": [ -4.6254, 2.125, 24.4999 ],
			"faces": {
				"down": { "uv": [ 13, 10.25, 13.25, 10.5 ], "texture": "#voxels_atlas", "rotation": 270 },
				"up": { "uv": [ 12.75, 10.5, 13, 10.25 ], "texture": "#voxels_atlas", "rotation": 90 },
				"south": { "uv": [ 13.25, 10.25, 13.5, 10.5 ], "texture": "#voxels_atlas", "rotation": 270 },
				"west": { "uv": [ 16, 10.25, 15.75, 10.5 ], "texture": "#voxels_atlas", "rotation": 90 },
				"east": { "uv": [ 11.25, 10, 11.5, 10.25 ], "texture": "#voxels_atlas", "rotation": 270 }
			}
		},
		{
			"__comment": "Voxels",
			"from": [ 4.3746, 2.125, 8.4999 ],
			"to": [ 5.3746, 3.125, 14.4999 ],
			"faces": {
				"up": { "uv": [ 13, 12.75, 14.5, 12.5 ], "texture": "#voxels_atlas", "cullface": "down", "rotation": 90 },
				"north": { "uv": [ 15.5, 10.5, 15.25, 10.75 ], "texture": "#voxels_atlas", "cullface": "down", "rotation": 90 },
				"south": { "uv": [ 15.75, 10.75, 16, 11 ], "texture": "#voxels_atlas", "cullface": "down", "rotation": 270 },
				"west": { "uv": [ 7.25, 6.25, 7, 7.75 ], "texture": "#voxels_atlas", "cullface": "down", "rotation": 90 },
				"east": { "uv": [ 5.75, 0.5, 6, 2 ], "texture": "#voxels_atlas", "cullface": "down", "rotation": 270 }
			}
		},
		{
			"__comment": "Voxels",
			"from": [ 3.3746, 2.125, 9.4999 ],
			"to": [ 4.3746, 3.125, 15.4999 ],
			"faces": {
				"down": { "uv": [ 10, 12.5, 11.5, 12.75 ], "texture": "#voxels_atlas", "cullface": "down", "rotation": 270 },
				"up": { "uv": [ 11.5, 12.75, 13, 12.5 ], "texture": "#voxels_atlas", "cullface": "down", "rotation": 90 },
				"north": { "uv": [ 16, 11, 15.75, 11.25 ], "texture": "#voxels_atlas", "cullface": "down", "rotation": 90 },
				"south": { "uv": [ 13.5, 13.25, 13.75, 13.5 ], "texture": "#voxels_atlas", "cullface": "down", "rotation": 270 },
				"west": { "uv": [ 6.75, 3.75, 6.5, 5.25 ], "texture": "#voxels_atlas", "cullface": "down", "rotation": 90 },
				"east": { "uv": [ 6.25, 3.75, 6.5, 5.25 ], "texture": "#voxels_atlas", "cullface": "down", "rotation": 270 }
			}
		},
		{
			"__comment": "Voxels",
			"from": [ 2.3746, 2.125, 12.4999 ],
			"to": [ 3.3746, 3.125, 16.4999 ],
			"faces": {
				"down": { "uv": [ 11.25, 11.5, 12.25, 11.75 ], "texture": "#voxels_atlas", "cullface": "down", "rotation": 270 },
				"up": { "uv": [ 12.25, 11.75, 13.25, 11.5 ], "texture": "#voxels_atlas", "cullface": "down", "rotation": 90 },
				"north": { "uv": [ 15.5, 6.75, 15.25, 7 ], "texture": "#voxels_atlas", "cullface": "down", "rotation": 90 },
				"south": { "uv": [ 8.75, 1.5, 9, 1.75 ], "texture": "#voxels_atlas", "cullface": "down", "rotation": 270 },
				"west": { "uv": [ 7.75, 0.75, 7.5, 1.75 ], "texture": "#voxels_atlas", "cullface": "down", "rotation": 90 },
				"east": { "uv": [ 7.5, 1.75, 7.75, 2.75 ], "texture": "#voxels_atlas", "cullface": "down", "rotation": 270 }
			}
		},
		{
			"__comment": "Voxels",
			"from": [ 1.3746, 2.125, 5.4999 ],
			"to": [ 2.3746, 3.125, 7.4999 ],
			"faces": {
				"down": { "uv": [ 13.25, 10.75, 13.75, 11 ], "texture": "#voxels_atlas", "cullface": "down", "rotation": 270 },
				"up": { "uv": [ 13.75, 11, 14.25, 10.75 ], "texture": "#voxels_atlas", "cullface": "down", "rotation": 90 },
				"north": { "uv": [ 9, 2.25, 8.75, 2.5 ], "texture": "#voxels_atlas", "cullface": "down", "rotation": 90 },
				"south": { "uv": [ 8.75, 4.5, 9, 4.75 ], "texture": "#voxels_atlas", "cullface": "down", "rotation": 270 },
				"west": { "uv": [ 15.5, 8.75, 15.25, 9.25 ], "texture": "#voxels_atlas", "cullface": "down", "rotation": 90 },
				"east": { "uv": [ 15, 8.75, 15.25, 9.25 ], "texture": "#voxels_atlas", "cullface": "down", "rotation": 270 }
			}
		},
		{
			"__comment": "Voxels",
			"from": [ 1.3746, 2.125, 13.4999 ],
			"to": [ 2.3746, 3.125, 17.4999 ],
			"faces": {
				"down": { "uv": [ 10.25, 11.25, 11.25, 11.5 ], "texture": "#voxels_atlas", "cullface": "down", "rotation": 270 },
				"up": { "uv": [ 11.25, 11.5, 12.25, 11.25 ], "texture": "#voxels_atlas", "cullface": "down", "rotation": 90 },
				"north": { "uv": [ 9, 4.75, 8.75, 5 ], "texture": "#voxels_atlas", "cullface": "down", "rotation": 90 },
				"south": { "uv": [ 8.75, 5.5, 9, 5.75 ], "texture": "#voxels_atlas", "cullface": "down", "rotation": 270 },
				"west": { "uv": [ 8, 6.75, 7.75, 7.75 ], "texture": "#voxels_atlas", "cullface": "down", "rotation": 90 },
				"east": { "uv": [ 7.75, 7.75, 8, 8.75 ], "texture": "#voxels_atlas", "cullface": "down", "rotation": 270 }
			}
		},
		{
			"__comment": "Voxels",
			"from": [ -1.6254, 2.125, 6.4999 ],
			"to": [ 1.3746, 3.125, 11.4999 ],
			"faces": {
				"down": { "uv": [ 4, 0.5, 5.25, 1.25 ], "texture": "#voxels_atlas", "cullface": "down", "rotation": 270 },
				"up": { "uv": [ 6, 9.25, 7.25, 8.5 ], "texture": "#voxels_atlas", "cullface": "down", "rotation": 90 },
				"north": { "uv": [ 2.5, 0, 2.25, 0.75 ], "texture": "#voxels_atlas", "cullface": "down", "rotation": 90 },
				"south": { "uv": [ 7.75, 2.25, 8, 3 ], "texture": "#voxels_atlas", "cullface": "down", "rotation": 270 },
				"west": { "uv": [ 3.5, 0, 3.25, 1.25 ], "texture": "#voxels_atlas", "cullface": "down", "rotation": 90 },
				"east": { "uv": [ 3, 0, 3.25, 1.25 ], "texture": "#voxels_atlas", "cullface": "down", "rotation": 270 }
			}
		},
		{
			"__comment": "Voxels",
			"from": [ -1.6254, 2.125, 14.4999 ],
			"to": [ 1.3746, 3.125, 15.4999 ],
			"faces": {
				"down": { "uv": [ 7.75, 4.5, 8, 5.25 ], "texture": "#voxels_atlas", "cullface": "down", "rotation": 270 },
				"up": { "uv": [ 12.25, 8.75, 12.5, 8 ], "texture": "#voxels_atlas", "cullface": "down", "rotation": 90 },
				"north": { "uv": [ 13, 8, 12.75, 8.75 ], "texture": "#voxels_atlas", "cullface": "down", "rotation": 90 },
				"south": { "uv": [ 12.5, 8, 12.75, 8.75 ], "texture": "#voxels_atlas", "cullface": "down", "rotation": 270 },
				"west": { "uv": [ 16, 7, 15.75, 7.25 ], "texture": "#voxels_atlas", "cullface": "down", "rotation": 90 }
			}
		},
		{
			"__comment": "Voxels",
			"from": [ 0.3746, 2.125, 15.4999 ],
			"to": [ 1.3746, 3.125, 16.4999 ],
			"faces": {
				"down": { "uv": [ 15.75, 9.5, 16, 9.75 ], "texture": "#voxels_atlas", "cullface": "down", "rotation": 270 },
				"up": { "uv": [ 15.5, 9.75, 15.75, 9.5 ], "texture": "#voxels_atlas", "cullface": "down", "rotation": 90 }
			}
		},
		{
			"__comment": "Voxels",
			"from": [ -0.6254, 2.125, 17.4999 ],
			"to": [ 1.3746, 3.125, 18.4999 ],
			"faces": {
				"down": { "uv": [ 8, 4.5, 8.25, 5 ], "texture": "#voxels_atlas", "rotation": 270 },
				"up": { "uv": [ 8, 4.5, 8.25, 4 ], "texture": "#voxels_atlas", "rotation": 90 },
				"south": { "uv": [ 15.75, 8.75, 16, 9.25 ], "texture": "#voxels_atlas", "rotation": 270 },
				"east": { "uv": [ 15.25, 9.5, 15.5, 9.75 ], "texture": "#voxels_atlas", "rotation": 270 }
			}
		},
		{
			"__comment": "Voxels",
			"from": [ -1.6254, 2.125, -2.5001 ],
			"to": [ 0.3746001, 3.125, -1.5001 ],
			"faces": {
				"down": { "uv": [ 8, 2.5, 8.25, 3 ], "texture": "#voxels_atlas", "rotation": 270 },
				"up": { "uv": [ 8, 2.5, 8.25, 2 ], "texture": "#voxels_atlas", "rotation": 90 },
				"north": { "uv": [ 8.25, 3.5, 8, 4 ], "texture": "#voxels_atlas", "rotation": 90 },
				"south": { "uv": [ 8, 3, 8.25, 3.5 ], "texture": "#voxels_atlas", "rotation": 270 },
				"west": { "uv": [ 12.25, 9.5, 12, 9.75 ], "texture": "#voxels_atlas", "rotation": 90 },
				"east": { "uv": [ 12.25, 9.5, 12.5, 9.75 ], "texture": "#voxels_atlas", "rotation": 270 }
			}
		},
		{
			"__comment": "Voxels",
			"from": [ -1.6254, 2.125, 5.4999 ],
			"to": [ 0.3746001, 3.125, 6.4999 ],
			"faces": {
				"down": { "uv": [ 8, 0.5, 8.25, 1 ], "texture": "#voxels_atlas", "cullface": "down", "rotation": 270 },
				"up": { "uv": [ 8, 0.5, 8.25, 0 ], "texture": "#voxels_atlas", "cullface": "down", "rotation": 90 },
				"north": { "uv": [ 8.25, 1.5, 8, 2 ], "texture": "#voxels_atlas", "cullface": "down", "rotation": 90 },
				"west": { "uv": [ 11.75, 9.5, 11.5, 9.75 ], "texture": "#voxels_atlas", "cullface": "down", "rotation": 90 },
				"east": { "uv": [ 11.75, 9.5, 12, 9.75 ], "texture": "#voxels_atlas", "cullface": "down", "rotation": 270 }
			}
		},
		{
			"__comment": "Voxels",
			"from": [ -1.6254, 2.125, 11.4999 ],
			"to": [ 0.3746001, 3.125, 14.4999 ],
			"faces": {
				"down": { "uv": [ 14.25, 12, 15, 12.5 ], "texture": "#voxels_atlas", "cullface": "down", "rotation": 270 },
				"up": { "uv": [ 15, 12.5, 15.75, 12 ], "texture": "#voxels_atlas", "cullface": "down", "rotation": 90 },
				"west": { "uv": [ 15.75, 8, 15.5, 8.75 ], "texture": "#voxels_atlas", "cullface": "down", "rotation": 90 },
				"east": { "uv": [ 14.75, 8, 15, 8.75 ], "texture": "#voxels_atlas", "cullface": "down", "rotation": 270 }
			}
		},
		{
			"__comment": "Voxels",
			"from": [ -1.6254, 2.125, -1.5001 ],
			"to": [ -0.6253999, 3.125, 5.4999 ],
			"faces": {
				"down": { "uv": [ 12, 14, 13.75, 14.25 ], "texture": "#voxels_atlas", "cullface": "down", "rotation": 270 },
				"up": { "uv": [ 10.25, 14.25, 12, 14 ], "texture": "#voxels_atlas", "cullface": "down", "rotation": 90 },
				"west": { "uv": [ 1.25, 2.25, 1, 4 ], "texture": "#voxels_atlas", "cullface": "down", "rotation": 90 },
				"east": { "uv": [ 1.5, 1.75, 1.75, 3.5 ], "texture": "#voxels_atlas", "cullface": "down", "rotation": 270 }
			}
		},
		{
			"__comment": "Voxels",
			"from": [ -1.6254, 2.125, 15.4999 ],
			"to": [ -0.6253999, 3.125, 16.4999 ],
			"faces": {
				"down": { "uv": [ 10.25, 10.25, 10.5, 10.5 ], "texture": "#voxels_atlas", "cullface": "down", "rotation": 270 },
				"up": { "uv": [ 10, 10.5, 10.25, 10.25 ], "texture": "#voxels_atlas", "cullface": "down", "rotation": 90 },
				"west": { "uv": [ 13.75, 9.75, 13.5, 10 ], "texture": "#voxels_atlas", "cullface": "down", "rotation": 90 }
			}
		},
		{
			"__comment": "Voxels",
			"from": [ -1.6254, 2.125, 18.4999 ],
			"to": [ -0.6253999, 3.125, 19.4999 ],
			"faces": {
				"down": { "uv": [ 15.25, 7, 15.5, 7.25 ], "texture": "#voxels_atlas", "rotation": 270 },
				"up": { "uv": [ 12.25, 7.25, 12.5, 7 ], "texture": "#voxels_atlas", "rotation": 90 },
				"south": { "uv": [ 15.5, 7.25, 15.75, 7.5 ], "texture": "#voxels_atlas", "rotation": 270 },
				"west": { "uv": [ 9, 5.75, 8.75, 6 ], "texture": "#voxels_atlas", "rotation": 90 },
				"east": { "uv": [ 9.75, 10.25, 10, 10.5 ], "texture": "#voxels_atlas", "rotation": 270 }
			}
		},
		{
			"__comment": "Voxels",
			"from": [ -2.6254, 2.125, 27.4999 ],
			"to": [ -0.6253998, 3.125, 28.4999 ],
			"faces": {
				"down": { "uv": [ 9.25, 7.5, 9.5, 8 ], "texture": "#voxels_atlas", "rotation": 270 },
				"up": { "uv": [ 9.5, 8, 9.75, 7.5 ], "texture": "#voxels_atlas", "rotation": 90 },
				"north": { "uv": [ 9, 7.5, 8.75, 8 ], "texture": "#voxels_atlas", "rotation": 90 },
				"south": { "uv": [ 9, 7.5, 9.25, 8 ], "texture": "#voxels_atlas", "rotation": 270 },
				"east": { "uv": [ 12, 7.25, 12.25, 7.5 ], "texture": "#voxels_atlas", "rotation": 270 }
			}
		},
		{
			"__comment": "Voxels",
			"from": [ -2.6254, 2.125, 26.4999 ],
			"to": [ -1.6254, 3.125, 27.4999 ],
			"faces": {
				"down": { "uv": [ 11.25, 9.75, 11.5, 10 ], "texture": "#voxels_atlas", "rotation": 270 },
				"up": { "uv": [ 12, 10, 12.25, 9.75 ], "texture": "#voxels_atlas", "rotation": 90 },
				"north": { "uv": [ 12.5, 7.25, 12.25, 7.5 ], "texture": "#voxels_atlas", "rotation": 90 },
				"east": { "uv": [ 15.25, 7.25, 15.5, 7.5 ], "texture": "#voxels_atlas", "rotation": 270 }
			}
		},
		{
			"__comment": "Voxels",
			"from": [ 10.3746, 1.125, 8.4999 ],
			"to": [ 11.3746, 3.125, 14.4999 ],
			"faces": {
				"down": { "uv": [ 14.5, 13, 13, 13.25 ], "texture": "#voxels_atlas", "cullface": "down", "rotation": 90 },
				"up": { "uv": [ 16, 13.25, 14.5, 13 ], "texture": "#voxels_atlas", "cullface": "down", "rotation": 270 },
				"north": { "uv": [ 14.75, 10.75, 14.25, 11 ], "texture": "#voxels_atlas", "cullface": "down", "rotation": 270 },
				"south": { "uv": [ 14.75, 10.75, 15.25, 11 ], "texture": "#voxels_atlas", "cullface": "down", "rotation": 90 },
				"west": { "uv": [ 6, 6.25, 6.5, 7.75 ], "texture": "#voxels_atlas", "cullface": "down", "rotation": 90 },
				"east": { "uv": [ 7, 6.25, 6.5, 7.75 ], "texture": "#voxels_atlas", "cullface": "down", "rotation": 270 }
			}
		},
		{
			"__comment": "Voxels",
			"from": [ 11.3746, 2.125, 9.4999 ],
			"to": [ 12.3746, 3.125, 15.4999 ],
			"faces": {
				"down": { "uv": [ 11.5, 13, 10, 13.25 ], "texture": "#voxels_atlas", "cullface": "down", "rotation": 90 },
				"up": { "uv": [ 13, 13.25, 11.5, 13 ], "texture": "#voxels_atlas", "cullface": "down", "rotation": 270 },
				"north": { "uv": [ 15.75, 7, 15.5, 7.25 ], "texture": "#voxels_atlas", "cullface": "down", "rotation": 270 },
				"south": { "uv": [ 8.75, 6, 9, 6.25 ], "texture": "#voxels_atlas", "cullface": "down", "rotation": 90 },
				"west": { "uv": [ 3, 1.25, 3.25, 2.75 ], "texture": "#voxels_atlas", "cullface": "down", "rotation": 90 },
				"east": { "uv": [ 3, 1, 2.75, 2.5 ], "texture": "#voxels_atlas", "cullface": "down", "rotation": 270 }
			}
		},
		{
			"__comment": "Voxels",
			"from": [ 12.3746, 2.125, 12.4999 ],
			"to": [ 13.3746, 3.125, 16.4999 ],
			"faces": {
				"down": { "uv": [ 15.5, 11.75, 14.5, 12 ], "texture": "#voxels_atlas", "cullface": "down", "rotation": 90 },
				"up": { "uv": [ 11.25, 11.75, 10.25, 11.5 ], "texture": "#voxels_atlas", "cullface": "down", "rotation": 270 },
				"north": { "uv": [ 10.75, 10.25, 10.5, 10.5 ], "texture": "#voxels_atlas", "cullface": "down", "rotation": 270 },
				"south": { "uv": [ 13.5, 10, 13.75, 10.25 ], "texture": "#voxels_atlas", "cullface": "down", "rotation": 90 },
				"west": { "uv": [ 7.25, 3, 7.5, 4 ], "texture": "#voxels_atlas", "cullface": "down", "rotation": 90 },
				"east": { "uv": [ 7.75, 2.75, 7.5, 3.75 ], "texture": "#voxels_atlas", "cullface": "down", "rotation": 270 }
			}
		},
		{
			"__comment": "Voxels",
			"from": [ 13.3746, 2.125, 5.4999 ],
			"to": [ 14.3746, 3.125, 7.4999 ],
			"faces": {
				"down": { "uv": [ 10.25, 10.5, 9.75, 10.75 ], "texture": "#voxels_atlas", "cullface": "down", "rotation": 90 },
				"up": { "uv": [ 15.75, 11, 15.25, 10.75 ], "texture": "#voxels_atlas", "cullface": "down", "rotation": 270 },
				"north": { "uv": [ 11.75, 9.75, 11.5, 10 ], "texture": "#voxels_atlas", "cullface": "down", "rotation": 270 },
				"south": { "uv": [ 11.75, 9.75, 12, 10 ], "texture": "#voxels_atlas", "cullface": "down", "rotation": 90 },
				"west": { "uv": [ 10, 7.5, 10.25, 8 ], "texture": "#voxels_atlas", "cullface": "down", "rotation": 90 },
				"east": { "uv": [ 10.5, 7.5, 10.25, 8 ], "texture": "#voxels_atlas", "cullface": "down", "rotation": 270 }
			}
		},
		{
			"__comment": "Voxels",
			"from": [ 13.3746, 2.125, 13.4999 ],
			"to": [ 14.3746, 3.125, 17.4999 ],
			"faces": {
				"down": { "uv": [ 14.25, 11.5, 13.25, 11.75 ], "texture": "#voxels_atlas", "cullface": "down", "rotation": 90 },
				"up": { "uv": [ 15.25, 11.75, 14.25, 11.5 ], "texture": "#voxels_atlas", "cullface": "down", "rotation": 270 },
				"north": { "uv": [ 14.25, 9.75, 14, 10 ], "texture": "#voxels_atlas", "cullface": "down", "rotation": 270 },
				"south": { "uv": [ 15.25, 9.75, 15.5, 10 ], "texture": "#voxels_atlas", "cullface": "down", "rotation": 90 },
				"west": { "uv": [ 7.5, 4.75, 7.75, 5.75 ], "texture": "#voxels_atlas", "cullface": "down", "rotation": 90 },
				"east": { "uv": [ 7, 0, 6.75, 1 ], "texture": "#voxels_atlas", "cullface": "down", "rotation": 270 }
			}
		},
		{
			"__comment": "Voxels",
			"from": [ 14.3746, 2.125, 6.4999 ],
			"to": [ 17.3746, 3.125, 11.4999 ],
			"faces": {
				"down": { "uv": [ 5.25, 1.25, 4, 2 ], "texture": "#voxels_atlas", "cullface": "down", "rotation": 90 },
				"up": { "uv": [ 7.25, 8.5, 6, 7.75 ], "texture": "#voxels_atlas", "cullface": "down", "rotation": 270 },
				"north": { "uv": [ 14.5, 8, 14.25, 8.75 ], "texture": "#voxels_atlas", "cullface": "down", "rotation": 270 },
				"south": { "uv": [ 10.5, 8, 10.75, 8.75 ], "texture": "#voxels_atlas", "cullface": "down", "rotation": 90 },
				"west": { "uv": [ 6.25, 1, 6.5, 2.25 ], "texture": "#voxels_atlas", "cullface": "down", "rotation": 90 },
				"east": { "uv": [ 3.75, 0, 3.5, 1.25 ], "texture": "#voxels_atlas", "cullface": "down", "rotation": 270 }
			}
		},
		{
			"__comment": "Voxels",
			"from": [ 14.3746, 2.125, 14.4999 ],
			"to": [ 17.3746, 3.125, 18.4999 ],
			"faces": {
				"down": { "uv": [ 5.75, 2, 4.75, 2.75 ], "texture": "#voxels_atlas", "cullface": "down", "rotation": 90 },
				"up": { "uv": [ 16, 16, 15, 15.25 ], "texture": "#voxels_atlas", "cullface": "down", "rotation": 270 },
				"north": { "uv": [ 13.75, 8, 13.5, 8.75 ], "texture": "#voxels_atlas", "cullface": "down", "rotation": 270 },
				"south": { "uv": [ 12, 8, 12.25, 8.75 ], "texture": "#voxels_atlas", "cullface": "down", "rotation": 90 },
				"west": { "uv": [ 7.5, 3.75, 7.75, 4.75 ], "texture": "#voxels_atlas", "cullface": "down", "rotation": 90 },
				"east": { "uv": [ 7.5, 4, 7.25, 5 ], "texture": "#voxels_atlas", "cullface": "down", "rotation": 270 }
			}
		},
		{
			"__comment": "Voxels",
			"from": [ 15.3746, 2.125, -2.5001 ],
			"to": [ 17.3746, 3.125, -1.5001 ],
			"faces": {
				"down": { "uv": [ 11.5, 7.5, 11.25, 8 ], "texture": "#voxels_atlas", "rotation": 90 },
				"up": { "uv": [ 11.25, 8, 11, 7.5 ], "texture": "#voxels_atlas", "rotation": 270 },
				"north": { "uv": [ 10.75, 7.5, 10.5, 8 ], "texture": "#voxels_atlas", "rotation": 270 },
				"south": { "uv": [ 10.75, 7.5, 11, 8 ], "texture": "#voxels_atlas", "rotation": 90 },
				"west": { "uv": [ 15.75, 9.25, 16, 9.5 ], "texture": "#voxels_atlas", "rotation": 90 },
				"east": { "uv": [ 4, 0, 3.75, 0.25 ], "texture": "#voxels_atlas", "rotation": 270 }
			}
		},
		{
			"__comment": "Voxels",
			"from": [ 15.3746, 2.125, 5.4999 ],
			"to": [ 17.3746, 3.125, 6.4999 ],
			"faces": {
				"down": { "uv": [ 12.5, 7.5, 12.25, 8 ], "texture": "#voxels_atlas", "cullface": "down", "rotation": 90 },
				"up": { "uv": [ 12.25, 8, 12, 7.5 ], "texture": "#voxels_atlas", "cullface": "down", "rotation": 270 },
				"north": { "uv": [ 11.75, 7.5, 11.5, 8 ], "texture": "#voxels_atlas", "cullface": "down", "rotation": 270 },
				"west": { "uv": [ 14.5, 7.25, 14.75, 7.5 ], "texture": "#voxels_atlas", "cullface": "down", "rotation": 90 },
				"east": { "uv": [ 14.75, 7, 14.5, 7.25 ], "texture": "#voxels_atlas", "cullface": "down", "rotation": 270 }
			}
		},
		{
			"__comment": "Voxels",
			"from": [ 15.3746, 2.125, 11.4999 ],
			"to": [ 17.3746, 3.125, 14.4999 ],
			"faces": {
				"down": { "uv": [ 4.75, 0, 4, 0.5 ], "texture": "#voxels_atlas", "cullface": "down", "rotation": 90 },
				"up": { "uv": [ 5.5, 0.5, 4.75, 0 ], "texture": "#voxels_atlas", "cullface": "down", "rotation": 270 },
				"west": { "uv": [ 14, 8, 14.25, 8.75 ], "texture": "#voxels_atlas", "cullface": "down", "rotation": 90 },
				"east": { "uv": [ 8.25, 7.25, 8, 8 ], "texture": "#voxels_atlas", "cullface": "down", "rotation": 270 }
			}
		},
		{
			"__comment": "Voxels",
			"from": [ 16.3746, 2.125, -1.5001 ],
			"to": [ 17.3746, 3.125, 5.4999 ],
			"faces": {
				"down": { "uv": [ 6.75, 14, 5, 14.25 ], "texture": "#voxels_atlas", "cullface": "down", "rotation": 90 },
				"up": { "uv": [ 15.5, 14.25, 13.75, 14 ], "texture": "#voxels_atlas", "cullface": "down", "rotation": 270 },
				"west": { "uv": [ 2, 0.75, 2.25, 2.5 ], "texture": "#voxels_atlas", "cullface": "down", "rotation": 90 },
				"east": { "uv": [ 2.5, 0.75, 2.25, 2.5 ], "texture": "#voxels_atlas", "cullface": "down", "rotation": 270 }
			}
		},
		{
			"__comment": "Voxels",
			"from": [ 16.3746, 2.125, 18.4999 ],
			"to": [ 17.3746, 3.125, 19.4999 ],
			"faces": {
				"down": { "uv": [ 9.25, 4.25, 9, 4.5 ], "texture": "#voxels_atlas", "rotation": 90 },
				"up": { "uv": [ 9.25, 4.75, 9, 4.5 ], "texture": "#voxels_atlas", "rotation": 270 },
				"south": { "uv": [ 9, 6.25, 9.25, 6.5 ], "texture": "#voxels_atlas", "rotation": 90 },
				"west": { "uv": [ 15.5, 6.75, 15.75, 7 ], "texture": "#voxels_atlas", "rotation": 90 },
				"east": { "uv": [ 16, 6.75, 15.75, 7 ], "texture": "#voxels_atlas", "rotation": 270 }
			}
		},
		{
			"__comment": "Voxels",
			"from": [ 16.3746, 2.125, 27.4999 ],
			"to": [ 19.3746, 3.125, 28.4999 ],
			"faces": {
				"down": { "uv": [ 9.75, 8, 9.5, 8.75 ], "texture": "#voxels_atlas", "rotation": 90 },
				"up": { "uv": [ 10, 8.75, 9.75, 8 ], "texture": "#voxels_atlas", "rotation": 270 },
				"north": { "uv": [ 11.5, 8, 11.25, 8.75 ], "texture": "#voxels_atlas", "rotation": 270 },
				"south": { "uv": [ 11, 8, 11.25, 8.75 ], "texture": "#voxels_atlas", "rotation": 90 },
				"west": { "uv": [ 9, 3.5, 9.25, 3.75 ], "texture": "#voxels_atlas", "rotation": 90 },
				"east": { "uv": [ 9.25, 3.25, 9, 3.5 ], "texture": "#voxels_atlas", "rotation": 270 }
			}
		},
		{
			"__comment": "Voxels",
			"from": [ 17.3746, 2.125, 26.4999 ],
			"to": [ 19.3746, 3.125, 27.4999 ],
			"faces": {
				"down": { "uv": [ 14, 7.5, 13.75, 8 ], "texture": "#voxels_atlas", "rotation": 90 },
				"up": { "uv": [ 13.75, 8, 13.5, 7.5 ], "texture": "#voxels_atlas", "rotation": 270 },
				"north": { "uv": [ 13.25, 7.5, 13, 8 ], "texture": "#voxels_atlas", "rotation": 270 },
				"west": { "uv": [ 15.5, 10.5, 15.75, 10.75 ], "texture": "#voxels_atlas", "rotation": 90 },
				"east": { "uv": [ 16, 10.5, 15.75, 10.75 ], "texture": "#voxels_atlas", "rotation": 270 }
			}
		},
		{
			"__comment": "Voxels",
			"from": [ 10.3746, 1.125, 7.4999 ],
			"to": [ 11.3746, 2.125, 8.4999 ],
			"faces": {
				"down": { "uv": [ 12.25, 10.25, 12, 10.5 ], "texture": "#voxels_atlas", "cullface": "down", "rotation": 90 },
				"up": { "uv": [ 12, 10.5, 11.75, 10.25 ], "texture": "#voxels_atlas", "cullface": "down", "rotation": 270 },
				"north": { "uv": [ 11.5, 10.25, 11.25, 10.5 ], "texture": "#voxels_atlas", "cullface": "down", "rotation": 270 },
				"west": { "uv": [ 10.75, 10.25, 11, 10.5 ], "texture": "#voxels_atlas", "cullface": "down", "rotation": 90 },
				"east": { "uv": [ 11.25, 10.25, 11, 10.5 ], "texture": "#voxels_atlas", "cullface": "down", "rotation": 270 }
			}
		},
		{
			"__comment": "Voxels",
			"from": [ 14.3746, 1.125, 16.4999 ],
			"to": [ 20.3746, 2.125, 17.4999 ],
			"faces": {
				"down": { "uv": [ 3.5, 1.25, 3.25, 2.75 ], "texture": "#voxels_atlas", "rotation": 90 },
				"up": { "uv": [ 3.75, 2.75, 3.5, 1.25 ], "texture": "#voxels_atlas", "rotation": 270 },
				"north": { "uv": [ 6, 2, 5.75, 3.5 ], "texture": "#voxels_atlas", "rotation": 270 },
				"south": { "uv": [ 5.75, 3.5, 6, 5 ], "texture": "#voxels_atlas", "rotation": 90 },
				"west": { "uv": [ 12.25, 10.25, 12.5, 10.5 ], "texture": "#voxels_atlas", "rotation": 90 },
				"east": { "uv": [ 12.75, 10.25, 12.5, 10.5 ], "texture": "#voxels_atlas", "rotation": 270 }
			}
		},
		{
			"__comment": "Voxels",
			"from": [ 15.3746, 1.125, 15.4999 ],
			"to": [ 16.3746, 2.125, 16.4999 ],
			"faces": {
				"down": { "uv": [ 15.25, 10.25, 15, 10.5 ], "texture": "#voxels_atlas", "cullface": "down", "rotation": 90 },
				"north": { "uv": [ 14.5, 10.25, 14.25, 10.5 ], "texture": "#voxels_atlas", "cullface": "down", "rotation": 270 },
				"west": { "uv": [ 13.75, 10.25, 14, 10.5 ], "texture": "#voxels_atlas", "cullface": "down", "rotation": 90 },
				"east": { "uv": [ 14.25, 10.25, 14, 10.5 ], "texture": "#voxels_atlas", "cullface": "down", "rotation": 270 }
			}
		},
		{
			"__comment": "Voxels",
			"from": [ 16.3746, 1.125, 17.4999 ],
			"to": [ 21.3746, 2.125, 18.4999 ],
			"faces": {
				"down": { "uv": [ 7, 1, 6.75, 2.25 ], "texture": "#voxels_atlas", "rotation": 90 },
				"up": { "uv": [ 6.75, 2.25, 6.5, 1 ], "texture": "#voxels_atlas", "rotation": 270 },
				"north": { "uv": [ 7.5, 8, 7.25, 9.25 ], "texture": "#voxels_atlas", "rotation": 270 },
				"south": { "uv": [ 7, 1, 7.25, 2.25 ], "texture": "#voxels_atlas", "rotation": 90 },
				"west": { "uv": [ 15.25, 10.25, 15.5, 10.5 ], "texture": "#voxels_atlas", "rotation": 90 },
				"east": { "uv": [ 15.75, 10.25, 15.5, 10.5 ], "texture": "#voxels_atlas", "rotation": 270 }
			}
		},
		{
			"__comment": "Voxels",
			"from": [ 17.3746, 1.125, -0.5001 ],
			"to": [ 20.3746, 2.125, 16.4999 ],
			"faces": {
				"down": { "uv": [ 9.5, 13.25, 5.25, 14 ], "texture": "#voxels_atlas", "rotation": 90 },
				"up": { "uv": [ 5.25, 14, 1, 13.25 ], "texture": "#voxels_atlas", "rotation": 270 },
				"north": { "uv": [ 8, 5.25, 7.75, 6 ], "texture": "#voxels_atlas", "rotation": 270 },
				"west": { "uv": [ 5, 2.75, 5.25, 7 ], "texture": "#voxels_atlas", "rotation": 90 },
				"east": { "uv": [ 5.75, 2.75, 5.5, 7 ], "texture": "#voxels_atlas", "rotation": 270 }
			}
		},
		{
			"__comment": "Voxels",
			"from": [ 17.3746, 1.125, 18.4999 ],
			"to": [ 21.3746, 2.125, 20.4999 ],
			"faces": {
				"down": { "uv": [ 6.5, 5.25, 6, 6.25 ], "texture": "#voxels_atlas", "rotation": 90 },
				"up": { "uv": [ 16, 15, 15.5, 14 ], "texture": "#voxels_atlas", "rotation": 270 },
				"south": { "uv": [ 2.75, 0, 3, 1 ], "texture": "#voxels_atlas", "rotation": 90 },
				"west": { "uv": [ 14, 7.5, 14.25, 8 ], "texture": "#voxels_atlas", "rotation": 90 },
				"east": { "uv": [ 14.5, 7.5, 14.25, 8 ], "texture": "#voxels_atlas", "rotation": 270 }
			}
		},
		{
			"__comment": "Voxels",
			"from": [ 18.3746, 1.125, -1.5001 ],
			"to": [ 20.3746, 2.125, -0.5001 ],
			"faces": {
				"down": { "uv": [ 15.5, 7.5, 15.25, 8 ], "texture": "#voxels_atlas", "rotation": 90 },
				"up": { "uv": [ 15.25, 8, 15, 7.5 ], "texture": "#voxels_atlas", "rotation": 270 },
				"north": { "uv": [ 14.75, 7.5, 14.5, 8 ], "texture": "#voxels_atlas", "rotation": 270 },
				"west": { "uv": [ 15, 10, 15.25, 10.25 ], "texture": "#voxels_atlas", "rotation": 90 },
				"east": { "uv": [ 15.5, 10, 15.25, 10.25 ], "texture": "#voxels_atlas", "rotation": 270 }
			}
		},
		{
			"__comment": "Voxels",
			"from": [ 18.3746, 1.125, 20.4999 ],
			"to": [ 21.3746, 2.125, 22.4999 ],
			"faces": {
				"down": { "uv": [ 5.75, 1.25, 5.25, 2 ], "texture": "#voxels_atlas", "rotation": 90 },
				"up": { "uv": [ 6.5, 3.75, 6, 3 ], "texture": "#voxels_atlas", "rotation": 270 },
				"south": { "uv": [ 8.5, 8, 8.75, 8.75 ], "texture": "#voxels_atlas", "rotation": 90 },
				"west": { "uv": [ 15.5, 7.5, 15.75, 8 ], "texture": "#voxels_atlas", "rotation": 90 },
				"east": { "uv": [ 16, 7.5, 15.75, 8 ], "texture": "#voxels_atlas", "rotation": 270 }
			}
		},
		{
			"__comment": "Voxels",
			"from": [ 18.3746, 1.125, 26.4999 ],
			"to": [ 20.3746, 2.125, 28.4999 ],
			"faces": {
				"down": { "uv": [ 9, 8.75, 8.5, 9.25 ], "texture": "#voxels_atlas", "rotation": 90 },
				"up": { "uv": [ 11, 9.25, 10.5, 8.75 ], "texture": "#voxels_atlas", "rotation": 270 },
				"north": { "uv": [ 8.5, 6, 8.25, 6.5 ], "texture": "#voxels_atlas", "rotation": 270 },
				"south": { "uv": [ 8.25, 5.5, 8.5, 6 ], "texture": "#voxels_atlas", "rotation": 90 },
				"west": { "uv": [ 8.25, 7, 8.5, 7.5 ], "texture": "#voxels_atlas", "rotation": 90 },
				"east": { "uv": [ 8.5, 6.5, 8.25, 7 ], "texture": "#voxels_atlas", "rotation": 270 }
			}
		},
		{
			"__comment": "Voxels",
			"from": [ 19.3746, 1.125, 22.4999 ],
			"to": [ 21.3746, 2.125, 23.4999 ],
			"faces": {
				"down": { "uv": [ 10, 7.5, 9.75, 8 ], "texture": "#voxels_atlas", "rotation": 90 },
				"up": { "uv": [ 8.5, 4.5, 8.25, 4 ], "texture": "#voxels_atlas", "rotation": 270 },
				"south": { "uv": [ 8.25, 4.5, 8.5, 5 ], "texture": "#voxels_atlas", "rotation": 90 },
				"west": { "uv": [ 14.75, 9.75, 15, 10 ], "texture": "#voxels_atlas", "rotation": 90 },
				"east": { "uv": [ 15.25, 9.75, 15, 10 ], "texture": "#voxels_atlas", "rotation": 270 }
			}
		},
		{
			"__comment": "Voxels",
			"from": [ 19.3746, 0.125, 25.4999 ],
			"to": [ 20.3746, 2.125, 26.4999 ],
			"faces": {
				"down": { "uv": [ 13, 9.5, 12.75, 9.75 ], "texture": "#voxels_atlas", "rotation": 90 },
				"up": { "uv": [ 12.75, 9.75, 12.5, 9.5 ], "texture": "#voxels_atlas", "rotation": 270 },
				"north": { "uv": [ 11.75, 10.5, 11.25, 10.75 ], "texture": "#voxels_atlas", "rotation": 270 },
				"south": { "uv": [ 11.75, 10.5, 12.25, 10.75 ], "texture": "#voxels_atlas", "rotation": 90 },
				"west": { "uv": [ 10.25, 10.5, 10.75, 10.75 ], "texture": "#voxels_atlas", "rotation": 90 },
				"east": { "uv": [ 11.25, 10.5, 10.75, 10.75 ], "texture": "#voxels_atlas", "rotation": 270 }
			}
		},
		{
			"__comment": "Voxels",
			"from": [ 20.3746, 1.125, 23.4999 ],
			"to": [ 21.3746, 2.125, 24.4999 ],
			"faces": {
				"down": { "uv": [ 14.5, 9.5, 14.25, 9.75 ], "texture": "#voxels_atlas", "rotation": 90 },
				"up": { "uv": [ 14.25, 9.75, 14, 9.5 ], "texture": "#voxels_atlas", "rotation": 270 },
				"south": { "uv": [ 13.75, 9.5, 14, 9.75 ], "texture": "#voxels_atlas", "rotation": 90 },
				"west": { "uv": [ 13, 9.5, 13.25, 9.75 ], "texture": "#voxels_atlas", "rotation": 90 },
				"east": { "uv": [ 13.5, 9.5, 13.25, 9.75 ], "texture": "#voxels_atlas", "rotation": 270 }
			}
		},
		{
			"__comment": "Voxels",
			"from": [ 19.3746, 0.125, 26.4999 ],
			"to": [ 21.3746, 1.125, 27.4999 ],
			"faces": {
				"down": { "uv": [ 8.5, 2, 8.25, 2.5 ], "texture": "#voxels_atlas", "rotation": 90 },
				"up": { "uv": [ 8.5, 3, 8.25, 2.5 ], "texture": "#voxels_atlas", "rotation": 270 },
				"north": { "uv": [ 8.5, 3.5, 8.25, 4 ], "texture": "#voxels_atlas", "rotation": 270 },
				"south": { "uv": [ 8.25, 3, 8.5, 3.5 ], "texture": "#voxels_atlas", "rotation": 90 },
				"west": { "uv": [ 14.5, 9.5, 14.75, 9.75 ], "texture": "#voxels_atlas", "rotation": 90 },
				"east": { "uv": [ 15, 9.5, 14.75, 9.75 ], "texture": "#voxels_atlas", "rotation": 270 }
			}
		},
		{
			"__comment": "Voxels",
			"from": [ 20.3746, 0.125, -2.5001 ],
			"to": [ 24.3746, 1.125, 17.4999 ],
			"faces": {
				"down": { "uv": [ 10, 15, 5, 16 ], "texture": "#voxels_atlas", "rotation": 90 },
				"up": { "uv": [ 5, 16, 0, 15 ], "texture": "#voxels_atlas", "rotation": 270 },
				"north": { "uv": [ 7.5, 2, 7.25, 3 ], "texture": "#voxels_atlas", "rotation": 270 },
				"south": { "uv": [ 7.25, 1, 7.5, 2 ], "texture": "#voxels_atlas", "rotation": 90 },
				"west": { "uv": [ 4.25, 2, 4.5, 7 ], "texture": "#voxels_atlas", "rotation": 90 },
				"east": { "uv": [ 4.25, 2, 4, 7 ], "texture": "#voxels_atlas", "rotation": 270 }
			}
		},
		{
			"__comment": "Voxels",
			"from": [ 20.3746, 0.125, 24.4999 ],
			"to": [ 23.3746, 1.125, 25.4999 ],
			"faces": {
				"down": { "uv": [ 13.5, 8, 13.25, 8.75 ], "texture": "#voxels_atlas", "rotation": 90 },
				"up": { "uv": [ 13.25, 8.75, 13, 8 ], "texture": "#voxels_atlas", "rotation": 270 },
				"north": { "uv": [ 10.5, 8, 10.25, 8.75 ], "texture": "#voxels_atlas", "rotation": 270 },
				"south": { "uv": [ 10.75, 8, 11, 8.75 ], "texture": "#voxels_atlas", "rotation": 90 },
				"west": { "uv": [ 12.75, 9.25, 13, 9.5 ], "texture": "#voxels_atlas", "rotation": 90 },
				"east": { "uv": [ 13.25, 9.25, 13, 9.5 ], "texture": "#voxels_atlas", "rotation": 270 }
			}
		},
		{
			"__comment": "Voxels",
			"from": [ 20.3746, 0.125, 25.4999 ],
			"to": [ 22.3746, 1.125, 26.4999 ],
			"faces": {
				"down": { "uv": [ 8.5, 0, 8.25, 0.5 ], "texture": "#voxels_atlas", "rotation": 90 },
				"up": { "uv": [ 8.5, 1, 8.25, 0.5 ], "texture": "#voxels_atlas", "rotation": 270 },
				"south": { "uv": [ 8.25, 1, 8.5, 1.5 ], "texture": "#voxels_atlas", "rotation": 90 },
				"east": { "uv": [ 14.75, 9.25, 14.5, 9.5 ], "texture": "#voxels_atlas", "rotation": 270 }
			}
		},
		{
			"__comment": "Voxels",
			"from": [ 21.3746, 0.125, -4.5001 ],
			"to": [ 24.3746, 1.125, -2.5001 ],
			"faces": {
				"down": { "uv": [ 7.25, 4.5, 6.75, 5.25 ], "texture": "#voxels_atlas", "rotation": 90 },
				"up": { "uv": [ 7.25, 4.5, 6.75, 3.75 ], "texture": "#voxels_atlas", "rotation": 270 },
				"north": { "uv": [ 7.75, 0, 7.5, 0.75 ], "texture": "#voxels_atlas", "rotation": 270 },
				"west": { "uv": [ 8.5, 7, 8.75, 7.5 ], "texture": "#voxels_atlas", "rotation": 90 },
				"east": { "uv": [ 8.75, 6.5, 8.5, 7 ], "texture": "#voxels_atlas", "rotation": 270 }
			}
		},
		{
			"__comment": "Voxels",
			"from": [ 21.3746, 0.125, 17.4999 ],
			"to": [ 24.3746, 1.125, 24.4999 ],
			"faces": {
				"down": { "uv": [ 5.75, 7, 4, 7.75 ], "texture": "#voxels_atlas", "rotation": 90 },
				"up": { "uv": [ 5.75, 9.25, 4, 8.5 ], "texture": "#voxels_atlas", "rotation": 270 },
				"south": { "uv": [ 7.75, 1.5, 8, 2.25 ], "texture": "#voxels_atlas", "rotation": 90 },
				"west": { "uv": [ 1.25, 0.5, 1.5, 2.25 ], "texture": "#voxels_atlas", "rotation": 90 },
				"east": { "uv": [ 1.5, 2.25, 1.25, 4 ], "texture": "#voxels_atlas", "rotation": 270 }
			}
		},
		{
			"__comment": "Voxels",
			"from": [ 22.3746, 0.125, -6.5001 ],
			"to": [ 24.3746, 1.125, -4.5001 ],
			"faces": {
				"down": { "uv": [ 8, 8.75, 7.5, 9.25 ], "texture": "#voxels_atlas", "rotation": 90 },
				"up": { "uv": [ 8.5, 9.25, 8, 8.75 ], "texture": "#voxels_atlas", "rotation": 270 },
				"north": { "uv": [ 8.75, 5, 8.5, 5.5 ], "texture": "#voxels_atlas", "rotation": 270 },
				"west": { "uv": [ 8.5, 6, 8.75, 6.5 ], "texture": "#voxels_atlas", "rotation": 90 },
				"east": { "uv": [ 8.75, 5.5, 8.5, 6 ], "texture": "#voxels_atlas", "rotation": 270 }
			}
		},
		{
			"__comment": "Voxels",
			"from": [ 23.3746, 0.125, -12.5001 ],
			"to": [ 24.3746, 1.125, -6.5001 ],
			"faces": {
				"down": { "uv": [ 12, 12.75, 10.5, 13 ], "texture": "#voxels_atlas", "rotation": 90 },
				"up": { "uv": [ 13.5, 13, 12, 12.75 ], "texture": "#voxels_atlas", "rotation": 270 },
				"north": { "uv": [ 13.25, 7.25, 13, 7.5 ], "texture": "#voxels_atlas", "rotation": 270 },
				"west": { "uv": [ 6, 3.75, 6.25, 5.25 ], "texture": "#voxels_atlas", "rotation": 90 },
				"east": { "uv": [ 4, 0.25, 3.75, 1.75 ], "texture": "#voxels_atlas", "rotation": 270 }
			}
		},
		{
			"__comment": "Voxels",
			"from": [ 23.3746, -0.875, -13.5001 ],
			"to": [ 24.3746, 0.125, -12.5001 ],
			"faces": {
				"down": { "uv": [ 14.25, 7, 14, 7.25 ], "texture": "#voxels_atlas", "rotation": 90 },
				"up": { "uv": [ 14.25, 7.5, 14, 7.25 ], "texture": "#voxels_atlas", "rotation": 270 },
				"north": { "uv": [ 14, 7.25, 13.75, 7.5 ], "texture": "#voxels_atlas", "rotation": 270 },
				"south": { "uv": [ 13.75, 7, 14, 7.25 ], "texture": "#voxels_atlas", "rotation": 90 },
				"west": { "uv": [ 13.5, 7.25, 13.75, 7.5 ], "texture": "#voxels_atlas", "rotation": 90 },
				"east": { "uv": [ 13.75, 7, 13.5, 7.25 ], "texture": "#voxels_atlas", "rotation": 270 }
			}
		},
		{
			"__comment": "Voxels",
			"from": [ 24.3746, -1.875, -12.5001 ],
			"to": [ 25.3746, 0.125, 20.4999 ],
			"faces": {
				"down": { "uv": [ 10.25, 11.25, 2, 11.5 ], "texture": "#voxels_atlas", "rotation": 90 },
				"up": { "uv": [ 10.25, 11.75, 2, 11.5 ], "texture": "#voxels_atlas", "rotation": 270 },
				"north": { "uv": [ 12.75, 10.5, 12.25, 10.75 ], "texture": "#voxels_atlas", "rotation": 270 },
				"south": { "uv": [ 12.75, 10.5, 13.25, 10.75 ], "texture": "#voxels_atlas", "rotation": 90 },
				"west": { "uv": [ 0, 5.75, 0.5, 14 ], "texture": "#voxels_atlas", "rotation": 90 },
				"east": { "uv": [ 1, 5.75, 0.5, 14 ], "texture": "#voxels_atlas", "rotation": 270 }
			}
		},
		{
			"__comment": "Voxels",
			"from": [ 24.3746, -0.875, 20.4999 ],
			"to": [ 26.3746, 0.125, 21.4999 ],
			"faces": {
				"down": { "uv": [ 8.75, 3, 8.5, 3.5 ], "texture": "#voxels_atlas", "rotation": 90 },
				"up": { "uv": [ 8.75, 4, 8.5, 3.5 ], "texture": "#voxels_atlas", "rotation": 270 },
				"north": { "uv": [ 11.5, 7, 11.25, 7.5 ], "texture": "#voxels_atlas", "rotation": 270 },
				"south": { "uv": [ 8.5, 4, 8.75, 4.5 ], "texture": "#voxels_atlas", "rotation": 90 },
				"west": { "uv": [ 15, 7.25, 15.25, 7.5 ], "texture": "#voxels_atlas", "rotation": 90 },
				"east": { "uv": [ 15.25, 7, 15, 7.25 ], "texture": "#voxels_atlas", "rotation": 270 }
			}
		},
		{
			"__comment": "Voxels",
			"from": [ 24.3746, -0.875, 21.4999 ],
			"to": [ 25.3746, 0.125, 23.4999 ],
			"faces": {
				"down": { "uv": [ 14.25, 10.5, 13.75, 10.75 ], "texture": "#voxels_atlas", "rotation": 90 },
				"up": { "uv": [ 13.75, 10.75, 13.25, 10.5 ], "texture": "#voxels_atlas", "rotation": 270 },
				"south": { "uv": [ 8.75, 6.5, 9, 6.75 ], "texture": "#voxels_atlas", "rotation": 90 },
				"west": { "uv": [ 8.5, 2.5, 8.75, 3 ], "texture": "#voxels_atlas", "rotation": 90 },
				"east": { "uv": [ 8.75, 2, 8.5, 2.5 ], "texture": "#voxels_atlas", "rotation": 270 }
			}
		},
		{
			"__comment": "Voxels",
			"from": [ 25.3746, -0.875, 18.4999 ],
			"to": [ 26.3746, 0.125, 20.4999 ],
			"faces": {
				"down": { "uv": [ 15.25, 10.5, 14.75, 10.75 ], "texture": "#voxels_atlas", "rotation": 90 },
				"up": { "uv": [ 14.75, 10.75, 14.25, 10.5 ], "texture": "#voxels_atlas", "rotation": 270 },
				"north": { "uv": [ 9, 5.25, 8.75, 5.5 ], "texture": "#voxels_atlas", "rotation": 270 },
				"east": { "uv": [ 8.75, 1, 8.5, 1.5 ], "texture": "#voxels_atlas", "rotation": 270 }
			}
		},
		{
			"__comment": "Voxels",
			"from": [ 22.3746, -1.875, -15.5001 ],
			"to": [ 23.3746, -0.875, -14.5001 ],
			"faces": {
				"up": { "uv": [ 9, 3.5, 8.75, 3.25 ], "texture": "#voxels_atlas", "rotation": 270 },
				"north": { "uv": [ 9, 3.75, 8.75, 4 ], "texture": "#voxels_atlas", "rotation": 270 },
				"south": { "uv": [ 8.75, 3.5, 9, 3.75 ], "texture": "#voxels_atlas", "rotation": 90 },
				"west": { "uv": [ 8.75, 4.25, 9, 4.5 ], "texture": "#voxels_atlas", "rotation": 90 },
				"east": { "uv": [ 9, 4, 8.75, 4.25 ], "texture": "#voxels_atlas", "rotation": 270 }
			}
		},
		{
			"__comment": "Voxels",
			"from": [ 23.3746, -1.875, -14.5001 ],
			"to": [ 25.3746, -0.875, -13.5001 ],
			"faces": {
				"up": { "uv": [ 9, 7.5, 8.75, 7 ], "texture": "#voxels_atlas", "rotation": 270 },
				"north": { "uv": [ 8.75, 0.5, 8.5, 1 ], "texture": "#voxels_atlas", "rotation": 270 },
				"south": { "uv": [ 8.5, 0, 8.75, 0.5 ], "texture": "#voxels_atlas", "rotation": 90 },
				"west": { "uv": [ 8.75, 2.75, 9, 3 ], "texture": "#voxels_atlas", "rotation": 90 },
				"east": { "uv": [ 9, 2.5, 8.75, 2.75 ], "texture": "#voxels_atlas", "rotation": 270 }
			}
		},
		{
			"__comment": "Voxels",
			"from": [ 24.3746, -1.875, -13.5001 ],
			"to": [ 25.3746, -0.875, -12.5001 ],
			"faces": {
				"up": { "uv": [ 9, 0.5, 8.75, 0.25 ], "texture": "#voxels_atlas", "rotation": 270 },
				"west": { "uv": [ 8.75, 1.25, 9, 1.5 ], "texture": "#voxels_atlas", "rotation": 90 },
				"east": { "uv": [ 9, 1, 8.75, 1.25 ], "texture": "#voxels_atlas", "rotation": 270 }
			}
		},
		{
			"__comment": "Voxels",
			"from": [ 25.3746, -1.875, -12.5001 ],
			"to": [ 26.3746, -0.875, 18.4999 ],
			"faces": {
				"down": { "uv": [ 9.75, 10.5, 2, 10.75 ], "texture": "#voxels_atlas", "rotation": 90 },
				"up": { "uv": [ 9.75, 10.5, 2, 10.25 ], "texture": "#voxels_atlas", "rotation": 270 },
				"north": { "uv": [ 9.75, 6.75, 9.5, 7 ], "texture": "#voxels_atlas", "rotation": 270 },
				"south": { "uv": [ 9.75, 6.75, 10, 7 ], "texture": "#voxels_atlas", "rotation": 90 },
				"east": { "uv": [ 2.25, 2.5, 2, 10.25 ], "texture": "#voxels_atlas", "rotation": 270 }
			}
		},
		{
			"__comment": "Voxels",
			"from": [ 26.3746, -1.875, -11.5001 ],
			"to": [ 27.3746, -0.875, 18.4999 ],
			"faces": {
				"down": { "uv": [ 11.25, 10, 3.75, 10.25 ], "texture": "#voxels_atlas", "rotation": 90 },
				"up": { "uv": [ 11.25, 9.5, 3.75, 9.25 ], "texture": "#voxels_atlas", "rotation": 270 },
				"north": { "uv": [ 11.25, 6.75, 11, 7 ], "texture": "#voxels_atlas", "rotation": 270 },
				"south": { "uv": [ 11.25, 6.75, 11.5, 7 ], "texture": "#voxels_atlas", "rotation": 90 },
				"east": { "uv": [ 4, 1.75, 3.75, 9.25 ], "texture": "#voxels_atlas", "rotation": 270 }
			}
		},
		{
			"__comment": "Voxels",
			"from": [ 27.3746, -1.875, -8.5001 ],
			"to": [ 28.3746, -0.875, -4.5001 ],
			"faces": {
				"up": { "uv": [ 13.5, 13.5, 12.5, 13.25 ], "texture": "#voxels_atlas", "rotation": 270 },
				"north": { "uv": [ 12.75, 6.75, 12.5, 7 ], "texture": "#voxels_atlas", "rotation": 270 },
				"south": { "uv": [ 12.75, 6.75, 13, 7 ], "texture": "#voxels_atlas", "rotation": 90 },
				"east": { "uv": [ 6.5, 0, 6.25, 1 ], "texture": "#voxels_atlas", "rotation": 270 }
			}
		},
		{
			"__comment": "Voxels",
			"from": [ 27.3746, -1.875, 12.4999 ],
			"to": [ 28.3746, -0.875, 16.4999 ],
			"faces": {
				"down": { "uv": [ 13.5, 11.75, 12.5, 12 ], "texture": "#voxels_atlas", "cullface": "east", "rotation": 90 },
				"up": { "uv": [ 14.5, 12, 13.5, 11.75 ], "texture": "#voxels_atlas", "cullface": "east", "rotation": 270 },
				"north": { "uv": [ 14.25, 6.75, 14, 7 ], "texture": "#voxels_atlas", "cullface": "east", "rotation": 270 },
				"south": { "uv": [ 14.25, 6.75, 14.5, 7 ], "texture": "#voxels_atlas", "cullface": "east", "rotation": 90 },
				"east": { "uv": [ 7.75, 5.75, 7.5, 6.75 ], "texture": "#voxels_atlas", "cullface": "east", "rotation": 270 }
			}
		},
		{
			"__comment": "Voxels",
			"from": [ 27.3746, -2.875, -4.5001 ],
			"to": [ 29.3746, -1.875, 12.4999 ],
			"faces": {
				"down": { "uv": [ 14.25, 12, 10, 12.5 ], "texture": "#voxels_atlas", "cullface": "east", "rotation": 90 },
				"up": { "uv": [ 10, 12.5, 5.75, 12 ], "texture": "#voxels_atlas", "cullface": "east", "rotation": 270 },
				"north": { "uv": [ 9.75, 7, 9.5, 7.5 ], "texture": "#voxels_atlas", "cullface": "east", "rotation": 270 },
				"south": { "uv": [ 9.75, 7, 10, 7.5 ], "texture": "#voxels_atlas", "cullface": "east", "rotation": 90 },
				"west": { "uv": [ 5.25, 2.75, 5.5, 7 ], "texture": "#voxels_atlas", "cullface": "east", "rotation": 90 },
				"east": { "uv": [ 6, 5, 5.75, 9.25 ], "texture": "#voxels_atlas", "cullface": "east", "rotation": 270 }
			}
		},
		{
			"__comment": "Voxels",
			"from": [ 28.3746, -2.875, -5.5001 ],
			"to": [ 29.3746, -1.875, -4.5001 ],
			"faces": {
				"down": { "uv": [ 9.25, 4.75, 9, 5 ], "texture": "#voxels_atlas", "rotation": 90 },
				"up": { "uv": [ 9.25, 5.25, 9, 5 ], "texture": "#voxels_atlas", "rotation": 270 },
				"north": { "uv": [ 9.25, 5.5, 9, 5.75 ], "texture": "#voxels_atlas", "rotation": 270 },
				"west": { "uv": [ 9, 6, 9.25, 6.25 ], "texture": "#voxels_atlas", "rotation": 90 },
				"east": { "uv": [ 9.25, 5.75, 9, 6 ], "texture": "#voxels_atlas", "rotation": 270 }
			}
		},
		{
			"__comment": "Voxels",
			"from": [ 29.3746, -2.875, 2.4999 ],
			"to": [ 30.3746, -1.875, 5.4999 ],
			"faces": {
				"down": { "uv": [ 16, 11.25, 15.25, 11.5 ], "texture": "#voxels_atlas", "cullface": "east", "rotation": 90 },
				"up": { "uv": [ 11.25, 11.25, 10.5, 11 ], "texture": "#voxels_atlas", "cullface": "east", "rotation": 270 },
				"north": { "uv": [ 9.25, 4, 9, 4.25 ], "texture": "#voxels_atlas", "cullface": "east", "rotation": 270 },
				"south": { "uv": [ 9, 3.75, 9.25, 4 ], "texture": "#voxels_atlas", "cullface": "east", "rotation": 90 },
				"east": { "uv": [ 8.25, 5, 8, 5.75 ], "texture": "#voxels_atlas", "cullface": "east", "rotation": 270 }
			}
		}
	],
	"display": {
		"thirdperson_righthand": {
			"rotation":  [ -50, 3, -32 ],
			"translation":  [ -6, -5, 6 ],
			"scale":  [ 0.6, 0.6, 0.6 ]
		},
		"thirdperson_lefthand": {
			"rotation":  [ -50, 3, -32 ],
			"translation":  [ -6, -5, 6 ],
			"scale":  [ 0.6, 0.6, 0.6 ]
		},
		"firstperson_righthand": {
			"rotation":  [ -90, 0, -32 ],
			"translation":  [ 28, -4, -12 ]
		},
		"firstperson_lefthand": {
			"rotation":  [ -90, 0, -32 ],
			"translation":  [ 28, -4, -12 ]
		},
		"gui": {
			"rotation":  [ -90, 0, 0 ],
			"translation":  [ 0.2608, 0.2, 0 ],
			"scale":  [ 0.35, 0.4, 0.4 ]
		},
		"head": {
			"rotation":  [ -90, 0, 180 ],
			"translation":  [ 0, -12, 20 ],
			"scale":  [ 0.8, 0.8, 0.8 ]
		},
		"ground": {
			"rotation":  [ -30, 0, 0 ],
			"translation":  [ 0, 2.7, 0 ],
			"scale":  [ 0.3, 0.3, 0.3 ]
		},
		"fixed": {
			"rotation":  [ -90, 0, 0 ],
			"translation":  [ 0, 0, -12 ],
			"scale":  [ 0.6, 0.6, 0.6 ]
		}
	}
}