{"file_name":"leftleg","texture_size":[64,64],"textures":{"46b4ebba-f864-0e44-a157-5f536ffcfc9b":"modelengine:entity/goblinskeleton"},"elements":[{"name":"leftleg","from":[7.1,6.0629835,6.88883],"to":[8.9,8.462984,8.68883],"rotation":{"angle":0.0,"axis":"x","origin":[9.35,3.7961597,6.6906376]},"faces":{"down":{"uv":[2.75,5.25,2.0,6.0],"rotation":0,"texture":"#46b4ebba-f864-0e44-a157-5f536ffcfc9b","tintindex":0},"east":{"uv":[6.25,9.5,5.5,10.5],"rotation":0,"texture":"#46b4ebba-f864-0e44-a157-5f536ffcfc9b","tintindex":0},"north":{"uv":[5.5,6.0,4.75,7.0],"rotation":0,"texture":"#46b4ebba-f864-0e44-a157-5f536ffcfc9b","tintindex":0},"south":{"uv":[4.75,9.5,4.0,10.5],"rotation":0,"texture":"#46b4ebba-f864-0e44-a157-5f536ffcfc9b","tintindex":0},"up":{"uv":[4.75,4.75,5.5,4.0],"rotation":0,"texture":"#46b4ebba-f864-0e44-a157-5f536ffcfc9b","tintindex":0},"west":{"uv":[10.0,7.75,9.25,8.75],"rotation":0,"texture":"#46b4ebba-f864-0e44-a157-5f536ffcfc9b","tintindex":0}}},{"name":"leftleg","from":[6.95,3.455582,6.8814917],"to":[9.05,5.855582,8.981492],"rotation":{"angle":-22.5,"axis":"x","origin":[9.5,5.6,6.2]},"faces":{"down":{"uv":[8.75,3.0,7.75,4.0],"rotation":0,"texture":"#46b4ebba-f864-0e44-a157-5f536ffcfc9b","tintindex":0},"east":{"uv":[8.75,1.0,7.75,2.0],"rotation":0,"texture":"#46b4ebba-f864-0e44-a157-5f536ffcfc9b","tintindex":0},"north":{"uv":[7.25,7.75,6.25,8.75],"rotation":0,"texture":"#46b4ebba-f864-0e44-a157-5f536ffcfc9b","tintindex":0},"south":{"uv":[8.75,0.0,7.75,1.0],"rotation":0,"texture":"#46b4ebba-f864-0e44-a157-5f536ffcfc9b","tintindex":0},"up":{"uv":[7.75,3.0,8.75,2.0],"rotation":0,"texture":"#46b4ebba-f864-0e44-a157-5f536ffcfc9b","tintindex":0},"west":{"uv":[8.25,7.75,7.25,8.75],"rotation":0,"texture":"#46b4ebba-f864-0e44-a157-5f536ffcfc9b","tintindex":0}}},{"name":"leftleg","from":[6.95,3.455582,6.281492],"to":[9.05,4.655582,6.8814917],"rotation":{"angle":-22.5,"axis":"x","origin":[9.5,5.6,6.2]},"faces":{"down":{"uv":[11.25,0.75,10.25,1.0],"rotation":0,"texture":"#46b4ebba-f864-0e44-a157-5f536ffcfc9b","tintindex":0},"east":{"uv":[4.75,2.0,4.5,2.5],"rotation":0,"texture":"#46b4ebba-f864-0e44-a157-5f536ffcfc9b","tintindex":0},"north":{"uv":[6.5,5.0,5.5,5.5],"rotation":0,"texture":"#46b4ebba-f864-0e44-a157-5f536ffcfc9b","tintindex":0},"south":{"uv":[7.25,3.5,6.25,4.0],"rotation":0,"texture":"#46b4ebba-f864-0e44-a157-5f536ffcfc9b","tintindex":0},"up":{"uv":[10.0,9.25,11.0,9.0],"rotation":0,"texture":"#46b4ebba-f864-0e44-a157-5f536ffcfc9b","tintindex":0},"west":{"uv":[4.5,2.0,4.25,2.5],"rotation":0,"texture":"#46b4ebba-f864-0e44-a157-5f536ffcfc9b","tintindex":0}}}],"display":{"head":{"translation":[0.0,-6.4,0.0],"rotation":[0.0,0.0,0.0],"scale":[3.8095,3.8095,3.8095]},"gui":{"translation":[0.0,0.0,0.0],"rotation":[35.0,225.0,0.0],"scale":[0.625,0.625,0.625]}}}