{"file_name":"head","texture_size":[128,128],"textures":{"31fd78cd-98ff-ff42-4111-382f88543f8d":"modelengine:entity/pharaoh"},"elements":[{"name":"cube","from":[7.0463734,4.3999996,3.3483057],"to":[9.446373,5.6,4.548306],"rotation":{"angle":0.0,"axis":"x","origin":[8.246374,5.6,6.948306]},"faces":{"down":{"uv":[9.25,11.75,9.75,12.0],"rotation":0,"texture":"#31fd78cd-98ff-ff42-4111-382f88543f8d","tintindex":0},"east":{"uv":[6.25,8.75,6.5,9.0],"rotation":0,"texture":"#31fd78cd-98ff-ff42-4111-382f88543f8d","tintindex":0},"north":{"uv":[11.625,8.5,12.125,8.75],"rotation":0,"texture":"#31fd78cd-98ff-ff42-4111-382f88543f8d","tintindex":0},"south":{"uv":[11.75,6.625,12.25,6.875],"rotation":0,"texture":"#31fd78cd-98ff-ff42-4111-382f88543f8d","tintindex":0},"up":{"uv":[12.25,7.125,11.75,6.875],"rotation":0,"texture":"#31fd78cd-98ff-ff42-4111-382f88543f8d","tintindex":0},"west":{"uv":[6.625,10.25,6.875,10.5],"rotation":0,"texture":"#31fd78cd-98ff-ff42-4111-382f88543f8d","tintindex":0}}},{"name":"cube","from":[5.846373,5.6,3.3483057],"to":[10.646374,8.0,6.948306],"rotation":{"angle":0.0,"axis":"x","origin":[8.246374,5.6,6.948306]},"faces":{"down":{"uv":[9.125,5.5,10.125,6.25],"rotation":0,"texture":"#31fd78cd-98ff-ff42-4111-382f88543f8d","tintindex":0},"east":{"uv":[11.0,3.875,11.75,4.375],"rotation":0,"texture":"#31fd78cd-98ff-ff42-4111-382f88543f8d","tintindex":0},"north":{"uv":[10.125,1.625,11.125,2.125],"rotation":0,"texture":"#31fd78cd-98ff-ff42-4111-382f88543f8d","tintindex":0},"south":{"uv":[10.125,2.125,11.125,2.625],"rotation":0,"texture":"#31fd78cd-98ff-ff42-4111-382f88543f8d","tintindex":0},"up":{"uv":[7.875,9.75,6.875,9.0],"rotation":0,"texture":"#31fd78cd-98ff-ff42-4111-382f88543f8d","tintindex":0},"west":{"uv":[11.0,6.625,11.75,7.125],"rotation":0,"texture":"#31fd78cd-98ff-ff42-4111-382f88543f8d","tintindex":0}}},{"name":"cube","from":[6.746373,3.1999998,2.748306],"to":[9.746373,3.1999998,6.3483057],"rotation":{"angle":-22.5,"axis":"x","origin":[8.246374,5.6,5.148306]},"faces":{"down":{"uv":[10.375,3.625,11.0,4.375],"rotation":0,"texture":"#31fd78cd-98ff-ff42-4111-382f88543f8d","tintindex":0},"east":{"uv":[10.125,5.5,10.875,6.125],"rotation":0,"texture":"#31fd78cd-98ff-ff42-4111-382f88543f8d","tintindex":0},"north":{"uv":[10.75,0.75,11.375,1.375],"rotation":0,"texture":"#31fd78cd-98ff-ff42-4111-382f88543f8d","tintindex":0},"south":{"uv":[10.75,2.625,11.375,3.25],"rotation":0,"texture":"#31fd78cd-98ff-ff42-4111-382f88543f8d","tintindex":0},"up":{"uv":[11.0,4.375,10.375,3.625],"rotation":0,"texture":"#31fd78cd-98ff-ff42-4111-382f88543f8d","tintindex":0},"west":{"uv":[10.25,10.125,11.0,10.75],"rotation":0,"texture":"#31fd78cd-98ff-ff42-4111-382f88543f8d","tintindex":0}}},{"name":"cube","from":[9.746373,3.1999998,2.748306],"to":[9.746373,6.2,6.3483057],"rotation":{"angle":-22.5,"axis":"x","origin":[8.246374,5.6,5.148306]},"faces":{"down":{"uv":[10.375,3.625,11.0,4.375],"rotation":0,"texture":"#31fd78cd-98ff-ff42-4111-382f88543f8d","tintindex":0},"east":{"uv":[10.125,5.5,10.875,6.125],"rotation":0,"texture":"#31fd78cd-98ff-ff42-4111-382f88543f8d","tintindex":0},"north":{"uv":[10.75,0.75,11.375,1.375],"rotation":0,"texture":"#31fd78cd-98ff-ff42-4111-382f88543f8d","tintindex":0},"south":{"uv":[10.75,2.625,11.375,3.25],"rotation":0,"texture":"#31fd78cd-98ff-ff42-4111-382f88543f8d","tintindex":0},"up":{"uv":[1.875,11.125,1.25,10.375],"rotation":0,"texture":"#31fd78cd-98ff-ff42-4111-382f88543f8d","tintindex":0},"west":{"uv":[10.875,5.5,10.125,6.125],"rotation":0,"texture":"#31fd78cd-98ff-ff42-4111-382f88543f8d","tintindex":0}}},{"name":"cube","from":[6.746373,3.1999998,2.748306],"to":[6.746373,6.2,6.3483057],"rotation":{"angle":-22.5,"axis":"x","origin":[8.246374,5.6,5.148306]},"faces":{"down":{"uv":[10.375,3.625,11.0,4.375],"rotation":0,"texture":"#31fd78cd-98ff-ff42-4111-382f88543f8d","tintindex":0},"east":{"uv":[11.0,10.125,10.25,10.75],"rotation":0,"texture":"#31fd78cd-98ff-ff42-4111-382f88543f8d","tintindex":0},"north":{"uv":[10.75,0.75,11.375,1.375],"rotation":0,"texture":"#31fd78cd-98ff-ff42-4111-382f88543f8d","tintindex":0},"south":{"uv":[10.75,2.625,11.375,3.25],"rotation":0,"texture":"#31fd78cd-98ff-ff42-4111-382f88543f8d","tintindex":0},"up":{"uv":[1.875,11.125,1.25,10.375],"rotation":0,"texture":"#31fd78cd-98ff-ff42-4111-382f88543f8d","tintindex":0},"west":{"uv":[10.25,10.125,11.0,10.75],"rotation":0,"texture":"#31fd78cd-98ff-ff42-4111-382f88543f8d","tintindex":0}}},{"name":"cube","from":[6.746373,3.1999998,2.748306],"to":[9.746373,6.2,2.748306],"rotation":{"angle":-22.5,"axis":"x","origin":[8.246374,5.6,5.148306]},"faces":{"down":{"uv":[10.375,3.625,11.0,4.375],"rotation":0,"texture":"#31fd78cd-98ff-ff42-4111-382f88543f8d","tintindex":0},"east":{"uv":[10.125,5.5,10.875,6.125],"rotation":0,"texture":"#31fd78cd-98ff-ff42-4111-382f88543f8d","tintindex":0},"north":{"uv":[10.75,0.75,11.375,1.375],"rotation":0,"texture":"#31fd78cd-98ff-ff42-4111-382f88543f8d","tintindex":0},"south":{"uv":[10.75,0.75,11.375,1.375],"rotation":0,"texture":"#31fd78cd-98ff-ff42-4111-382f88543f8d","tintindex":0},"up":{"uv":[1.875,11.125,1.25,10.375],"rotation":0,"texture":"#31fd78cd-98ff-ff42-4111-382f88543f8d","tintindex":0},"west":{"uv":[10.25,10.125,11.0,10.75],"rotation":0,"texture":"#31fd78cd-98ff-ff42-4111-382f88543f8d","tintindex":0}}},{"name":"cube","from":[10.525711,2.5023954,5.0],"to":[14.125711,4.3023953,6.2],"rotation":{"angle":0.0,"axis":"x","origin":[12.32571,4.9023952,1.9999998]},"faces":{"down":{"uv":[11.5,10.375,12.25,10.625],"rotation":0,"texture":"#31fd78cd-98ff-ff42-4111-382f88543f8d","tintindex":0},"east":{"uv":[9.375,3.0,9.625,3.375],"rotation":0,"texture":"#31fd78cd-98ff-ff42-4111-382f88543f8d","tintindex":0},"north":{"uv":[11.375,7.125,12.125,7.5],"rotation":0,"texture":"#31fd78cd-98ff-ff42-4111-382f88543f8d","tintindex":0},"south":{"uv":[11.375,7.5,12.125,7.875],"rotation":0,"texture":"#31fd78cd-98ff-ff42-4111-382f88543f8d","tintindex":0},"up":{"uv":[12.25,2.125,11.5,1.875],"rotation":0,"texture":"#31fd78cd-98ff-ff42-4111-382f88543f8d","tintindex":0},"west":{"uv":[7.625,9.75,7.875,10.125],"rotation":0,"texture":"#31fd78cd-98ff-ff42-4111-382f88543f8d","tintindex":0}}},{"name":"cube","from":[2.4142897,2.5023954,5.0],"to":[6.014289,4.3023953,6.2],"rotation":{"angle":0.0,"axis":"x","origin":[4.214289,4.9023952,1.9999998]},"faces":{"down":{"uv":[12.25,10.375,11.5,10.625],"rotation":0,"texture":"#31fd78cd-98ff-ff42-4111-382f88543f8d","tintindex":0},"east":{"uv":[7.875,9.75,7.625,10.125],"rotation":0,"texture":"#31fd78cd-98ff-ff42-4111-382f88543f8d","tintindex":0},"north":{"uv":[12.125,7.125,11.375,7.5],"rotation":0,"texture":"#31fd78cd-98ff-ff42-4111-382f88543f8d","tintindex":0},"south":{"uv":[12.125,7.5,11.375,7.875],"rotation":0,"texture":"#31fd78cd-98ff-ff42-4111-382f88543f8d","tintindex":0},"up":{"uv":[11.5,2.125,12.25,1.875],"rotation":0,"texture":"#31fd78cd-98ff-ff42-4111-382f88543f8d","tintindex":0},"west":{"uv":[9.625,3.0,9.375,3.375],"rotation":0,"texture":"#31fd78cd-98ff-ff42-4111-382f88543f8d","tintindex":0}}},{"name":"cube","from":[10.525711,4.3023953,5.0],"to":[14.125711,5.5023956,8.6],"rotation":{"angle":0.0,"axis":"x","origin":[12.32571,4.9023952,1.9999998]},"faces":{"down":{"uv":[10.0,8.5,10.75,9.25],"rotation":0,"texture":"#31fd78cd-98ff-ff42-4111-382f88543f8d","tintindex":0},"east":{"uv":[11.25,6.375,12.0,6.625],"rotation":0,"texture":"#31fd78cd-98ff-ff42-4111-382f88543f8d","tintindex":0},"north":{"uv":[7.5,2.125,8.25,2.375],"rotation":0,"texture":"#31fd78cd-98ff-ff42-4111-382f88543f8d","tintindex":0},"south":{"uv":[11.375,3.0,12.125,3.25],"rotation":0,"texture":"#31fd78cd-98ff-ff42-4111-382f88543f8d","tintindex":0},"up":{"uv":[10.75,7.0,10.0,6.25],"rotation":0,"texture":"#31fd78cd-98ff-ff42-4111-382f88543f8d","tintindex":0},"west":{"uv":[11.375,7.875,12.125,8.125],"rotation":0,"texture":"#31fd78cd-98ff-ff42-4111-382f88543f8d","tintindex":0}}},{"name":"cube","from":[2.4142897,4.3023953,5.0],"to":[6.014289,5.5023956,8.6],"rotation":{"angle":0.0,"axis":"x","origin":[4.214289,4.9023952,1.9999998]},"faces":{"down":{"uv":[10.75,8.5,10.0,9.25],"rotation":0,"texture":"#31fd78cd-98ff-ff42-4111-382f88543f8d","tintindex":0},"east":{"uv":[12.125,7.875,11.375,8.125],"rotation":0,"texture":"#31fd78cd-98ff-ff42-4111-382f88543f8d","tintindex":0},"north":{"uv":[8.25,2.125,7.5,2.375],"rotation":0,"texture":"#31fd78cd-98ff-ff42-4111-382f88543f8d","tintindex":0},"south":{"uv":[12.125,3.0,11.375,3.25],"rotation":0,"texture":"#31fd78cd-98ff-ff42-4111-382f88543f8d","tintindex":0},"up":{"uv":[10.0,7.0,10.75,6.25],"rotation":0,"texture":"#31fd78cd-98ff-ff42-4111-382f88543f8d","tintindex":0},"west":{"uv":[12.0,6.375,11.25,6.625],"rotation":0,"texture":"#31fd78cd-98ff-ff42-4111-382f88543f8d","tintindex":0}}},{"name":"cube","from":[9.214678,4.585204,5.0],"to":[13.114678,11.1852045,8.6],"rotation":{"angle":22.5,"axis":"z","origin":[11.314677,7.585204,6.8]},"faces":{"down":{"uv":[2.625,10.0,3.375,10.75],"rotation":0,"texture":"#31fd78cd-98ff-ff42-4111-382f88543f8d","tintindex":0},"east":{"uv":[0.0,8.5,0.75,9.875],"rotation":0,"texture":"#31fd78cd-98ff-ff42-4111-382f88543f8d","tintindex":0},"north":{"uv":[2.0,8.25,2.75,9.625],"rotation":0,"texture":"#31fd78cd-98ff-ff42-4111-382f88543f8d","tintindex":0},"south":{"uv":[8.625,2.125,9.375,3.5],"rotation":0,"texture":"#31fd78cd-98ff-ff42-4111-382f88543f8d","tintindex":0},"up":{"uv":[0.75,10.625,0.0,9.875],"rotation":0,"texture":"#31fd78cd-98ff-ff42-4111-382f88543f8d","tintindex":0},"west":{"uv":[8.75,0.75,9.5,2.125],"rotation":0,"texture":"#31fd78cd-98ff-ff42-4111-382f88543f8d","tintindex":0}}},{"name":"cube","from":[3.4253228,4.585204,5.0],"to":[7.3253226,11.1852045,8.6],"rotation":{"angle":-22.5,"axis":"z","origin":[5.2253227,7.585204,6.8]},"faces":{"down":{"uv":[3.375,10.0,2.625,10.75],"rotation":0,"texture":"#31fd78cd-98ff-ff42-4111-382f88543f8d","tintindex":0},"east":{"uv":[9.5,0.75,8.75,2.125],"rotation":0,"texture":"#31fd78cd-98ff-ff42-4111-382f88543f8d","tintindex":0},"north":{"uv":[2.75,8.25,2.0,9.625],"rotation":0,"texture":"#31fd78cd-98ff-ff42-4111-382f88543f8d","tintindex":0},"south":{"uv":[9.375,2.125,8.625,3.5],"rotation":0,"texture":"#31fd78cd-98ff-ff42-4111-382f88543f8d","tintindex":0},"up":{"uv":[0.0,10.625,0.75,9.875],"rotation":0,"texture":"#31fd78cd-98ff-ff42-4111-382f88543f8d","tintindex":0},"west":{"uv":[0.75,8.5,0.0,9.875],"rotation":0,"texture":"#31fd78cd-98ff-ff42-4111-382f88543f8d","tintindex":0}}},{"name":"cube","from":[10.525711,-2.2976046,5.0],"to":[12.925712,2.5023954,6.2],"rotation":{"angle":0.0,"axis":"x","origin":[11.725711,0.102395296,5.0]},"faces":{"down":{"uv":[11.0,11.75,11.5,12.0],"rotation":0,"texture":"#31fd78cd-98ff-ff42-4111-382f88543f8d","tintindex":0},"east":{"uv":[2.0,6.0,2.25,7.0],"rotation":0,"texture":"#31fd78cd-98ff-ff42-4111-382f88543f8d","tintindex":0},"north":{"uv":[3.375,10.0,3.875,11.0],"rotation":0,"texture":"#31fd78cd-98ff-ff42-4111-382f88543f8d","tintindex":0},"south":{"uv":[0.75,10.125,1.25,11.125],"rotation":0,"texture":"#31fd78cd-98ff-ff42-4111-382f88543f8d","tintindex":0},"up":{"uv":[10.25,12.0,9.75,11.75],"rotation":0,"texture":"#31fd78cd-98ff-ff42-4111-382f88543f8d","tintindex":0},"west":{"uv":[6.5,7.125,6.75,8.125],"rotation":0,"texture":"#31fd78cd-98ff-ff42-4111-382f88543f8d","tintindex":0}}},{"name":"cube","from":[3.614289,-2.2976046,5.0],"to":[6.014289,2.5023954,6.2],"rotation":{"angle":0.0,"axis":"x","origin":[4.814289,0.102395296,5.0]},"faces":{"down":{"uv":[11.5,11.75,11.0,12.0],"rotation":0,"texture":"#31fd78cd-98ff-ff42-4111-382f88543f8d","tintindex":0},"east":{"uv":[6.75,7.125,6.5,8.125],"rotation":0,"texture":"#31fd78cd-98ff-ff42-4111-382f88543f8d","tintindex":0},"north":{"uv":[3.875,10.0,3.375,11.0],"rotation":0,"texture":"#31fd78cd-98ff-ff42-4111-382f88543f8d","tintindex":0},"south":{"uv":[1.25,10.125,0.75,11.125],"rotation":0,"texture":"#31fd78cd-98ff-ff42-4111-382f88543f8d","tintindex":0},"up":{"uv":[9.75,12.0,10.25,11.75],"rotation":0,"texture":"#31fd78cd-98ff-ff42-4111-382f88543f8d","tintindex":0},"west":{"uv":[2.25,6.0,2.0,7.0],"rotation":0,"texture":"#31fd78cd-98ff-ff42-4111-382f88543f8d","tintindex":0}}},{"name":"cube","from":[5.54,5.9234695,6.609785],"to":[11.0,10.12347,11.409785],"rotation":{"angle":-22.5,"axis":"x","origin":[7.16,7.7234697,10.209785]},"faces":{"down":{"uv":[7.25,3.375,8.625,4.375],"rotation":0,"texture":"#31fd78cd-98ff-ff42-4111-382f88543f8d","tintindex":0},"east":{"uv":[8.625,3.5,9.625,4.375],"rotation":0,"texture":"#31fd78cd-98ff-ff42-4111-382f88543f8d","tintindex":0},"north":{"uv":[7.75,5.5,9.125,6.375],"rotation":0,"texture":"#31fd78cd-98ff-ff42-4111-382f88543f8d","tintindex":0},"south":{"uv":[7.875,6.375,9.25,7.25],"rotation":0,"texture":"#31fd78cd-98ff-ff42-4111-382f88543f8d","tintindex":0},"up":{"uv":[8.625,3.375,7.25,2.375],"rotation":0,"texture":"#31fd78cd-98ff-ff42-4111-382f88543f8d","tintindex":0},"west":{"uv":[5.25,8.75,6.25,9.625],"rotation":0,"texture":"#31fd78cd-98ff-ff42-4111-382f88543f8d","tintindex":0}}},{"name":"cube","from":[6.051694,8.0,2.148306],"to":[9.651693,11.6,3.9483058],"rotation":{"angle":22.5,"axis":"y","origin":[9.651693,8.0,5.748306]},"faces":{"down":{"uv":[7.375,11.25,8.125,11.625],"rotation":0,"texture":"#31fd78cd-98ff-ff42-4111-382f88543f8d","tintindex":0},"east":{"uv":[11.25,5.25,11.625,6.0],"rotation":0,"texture":"#31fd78cd-98ff-ff42-4111-382f88543f8d","tintindex":0},"north":{"uv":[9.75,0.0,10.5,0.75],"rotation":0,"texture":"#31fd78cd-98ff-ff42-4111-382f88543f8d","tintindex":0},"south":{"uv":[6.875,9.75,7.625,10.5],"rotation":0,"texture":"#31fd78cd-98ff-ff42-4111-382f88543f8d","tintindex":0},"up":{"uv":[12.0,6.375,11.25,6.0],"rotation":0,"texture":"#31fd78cd-98ff-ff42-4111-382f88543f8d","tintindex":0},"west":{"uv":[6.125,11.25,6.5,12.0],"rotation":0,"texture":"#31fd78cd-98ff-ff42-4111-382f88543f8d","tintindex":0}}},{"name":"cube","from":[6.8963733,8.0,2.148306],"to":[10.496373,11.6,3.9483058],"rotation":{"angle":-22.5,"axis":"y","origin":[6.8963733,8.0,5.748306]},"faces":{"down":{"uv":[11.125,8.75,11.875,9.125],"rotation":0,"texture":"#31fd78cd-98ff-ff42-4111-382f88543f8d","tintindex":0},"east":{"uv":[3.125,7.0,3.5,7.75],"rotation":0,"texture":"#31fd78cd-98ff-ff42-4111-382f88543f8d","tintindex":0},"north":{"uv":[9.625,4.0,10.375,4.75],"rotation":0,"texture":"#31fd78cd-98ff-ff42-4111-382f88543f8d","tintindex":0},"south":{"uv":[9.625,9.375,10.375,10.125],"rotation":0,"texture":"#31fd78cd-98ff-ff42-4111-382f88543f8d","tintindex":0},"up":{"uv":[11.875,2.625,11.125,2.25],"rotation":0,"texture":"#31fd78cd-98ff-ff42-4111-382f88543f8d","tintindex":0},"west":{"uv":[4.25,11.25,4.625,12.0],"rotation":0,"texture":"#31fd78cd-98ff-ff42-4111-382f88543f8d","tintindex":0}}},{"name":"cube","from":[4.94,8.0,3.8000002],"to":[11.6,11.6,10.4],"rotation":{"angle":0.0,"axis":"x","origin":[8.0,8.0,8.0]},"faces":{"down":{"uv":[5.75,0.0,7.125,1.375],"rotation":0,"texture":"#31fd78cd-98ff-ff42-4111-382f88543f8d","tintindex":0},"east":{"uv":[6.5,8.25,7.875,9.0],"rotation":0,"texture":"#31fd78cd-98ff-ff42-4111-382f88543f8d","tintindex":0},"north":{"uv":[3.875,8.25,5.25,9.0],"rotation":0,"texture":"#31fd78cd-98ff-ff42-4111-382f88543f8d","tintindex":0},"south":{"uv":[8.375,0.0,9.75,0.75],"rotation":0,"texture":"#31fd78cd-98ff-ff42-4111-382f88543f8d","tintindex":0},"up":{"uv":[6.375,6.125,5.0,4.75],"rotation":0,"texture":"#31fd78cd-98ff-ff42-4111-382f88543f8d","tintindex":0},"west":{"uv":[7.875,8.5,9.25,9.25],"rotation":0,"texture":"#31fd78cd-98ff-ff42-4111-382f88543f8d","tintindex":0}}},{"name":"cube","from":[6.8,8.0,1.9999998],"to":[9.2,10.4,3.8000002],"rotation":{"angle":0.0,"axis":"x","origin":[8.0,8.0,8.0]},"faces":{"down":{"uv":[1.75,12.25,1.25,12.625],"rotation":0,"texture":"#31fd78cd-98ff-ff42-4111-382f88543f8d","tintindex":0},"east":{"uv":[0.875,12.625,1.25,13.125],"rotation":0,"texture":"#31fd78cd-98ff-ff42-4111-382f88543f8d","tintindex":0},"north":{"uv":[0.0,12.125,0.5,12.625],"rotation":0,"texture":"#31fd78cd-98ff-ff42-4111-382f88543f8d","tintindex":0},"south":{"uv":[0.0,12.625,0.5,13.125],"rotation":0,"texture":"#31fd78cd-98ff-ff42-4111-382f88543f8d","tintindex":0},"up":{"uv":[0.75,12.25,1.25,12.625],"rotation":0,"texture":"#31fd78cd-98ff-ff42-4111-382f88543f8d","tintindex":0},"west":{"uv":[0.5,12.625,0.875,13.125],"rotation":0,"texture":"#31fd78cd-98ff-ff42-4111-382f88543f8d","tintindex":0}}}],"display":{"head":{"translation":[0.0,-6.4,0.0],"rotation":[0.0,0.0,0.0],"scale":[3.8095,3.8095,3.8095]},"gui":{"translation":[0.0,0.0,0.0],"rotation":[35.0,225.0,0.0],"scale":[0.625,0.625,0.625]}}}