{
	"__comment": "Designed by Elo106 with Cubik Studio - https://cubik.studio",
	"textures": {
		"particle": "items/arminaxe",
		"texture": "items/arminaxe",
		"voxels_atlas": "items/arminaxe"
	},
	"elements": [ 	 
		{
			"__comment": "Voxels",
			"from": [ 3.5, 13.5, 7.5 ],
			"to": [ 14.5, 15, 8.5 ],
			"faces": {
				"down": { "uv": [ 0, 14.75, 5.5, 15.25 ], "texture": "#voxels_atlas" },
				"up": { "uv": [ 5.5, 15.25, 11, 14.75 ], "texture": "#voxels_atlas" },
				"north": { "uv": [ 5.5, 15.25, 0, 16 ], "texture": "#voxels_atlas" },
				"south": { "uv": [ 5.5, 15.25, 11, 16 ], "texture": "#voxels_atlas" },
				"west": { "uv": [ 2.25, 10.25, 2.75, 11 ], "texture": "#voxels_atlas" },
				"east": { "uv": [ 2.75, 9.5, 2.25, 10.25 ], "texture": "#voxels_atlas" }
			}
		},
		{
			"__comment": "Voxels",
			"from": [ 3.5, 15, 7.5 ],
			"to": [ 7, 15.5, 8.5 ],
			"faces": {
				"down": { "uv": [ 3.5, 13.75, 5.25, 14.25 ], "texture": "#voxels_atlas" },
				"up": { "uv": [ 5.25, 14.25, 7, 13.75 ], "texture": "#voxels_atlas" },
				"north": { "uv": [ 16, 14.25, 14.25, 14.5 ], "texture": "#voxels_atlas" },
				"south": { "uv": [ 14.25, 14.5, 16, 14.75 ], "texture": "#voxels_atlas" },
				"west": { "uv": [ 3.75, 6, 4.25, 6.25 ], "texture": "#voxels_atlas" },
				"east": { "uv": [ 4.25, 5.75, 3.75, 6 ], "texture": "#voxels_atlas" }
			}
		},
		{
			"__comment": "Voxels",
			"from": [ 4, 12, 7.5 ],
			"to": [ 7, 12.5, 8.5 ],
			"faces": {
				"down": { "uv": [ 0, 5.75, 1.5, 6.25 ], "texture": "#voxels_atlas" },
				"up": { "uv": [ 0, 0.75, 1.5, 0.25 ], "texture": "#voxels_atlas" },
				"north": { "uv": [ 1.5, 0, 0, 0.25 ], "texture": "#voxels_atlas" },
				"south": { "uv": [ 4.5, 13, 6, 13.25 ], "texture": "#voxels_atlas" },
				"west": { "uv": [ 3.75, 5.5, 4.25, 5.75 ], "texture": "#voxels_atlas" },
				"east": { "uv": [ 4.25, 5.25, 3.75, 5.5 ], "texture": "#voxels_atlas" }
			}
		},
		{
			"__comment": "Voxels",
			"from": [ 4, 12.5, 7.5 ],
			"to": [ 6.5, 13.5, 8.5 ],
			"faces": {
				"down": { "uv": [ 14, 13.75, 15.25, 14.25 ], "texture": "#voxels_atlas" },
				"up": { "uv": [ 1.5, 13.5, 2.75, 13 ], "texture": "#voxels_atlas" },
				"north": { "uv": [ 2.75, 11, 1.5, 11.5 ], "texture": "#voxels_atlas" },
				"south": { "uv": [ 1.5, 12.5, 2.75, 13 ], "texture": "#voxels_atlas" },
				"west": { "uv": [ 15.5, 12.5, 16, 13 ], "texture": "#voxels_atlas" },
				"east": { "uv": [ 3.25, 6, 2.75, 6.5 ], "texture": "#voxels_atlas" }
			}
		},
		{
			"__comment": "Voxels",
			"from": [ 4, 15.5, 7.5 ],
			"to": [ 7, 17, 8.5 ],
			"faces": {
				"down": { "uv": [ 0, 1.25, 1.5, 1.75 ], "texture": "#voxels_atlas" },
				"up": { "uv": [ 0, 5.75, 1.5, 5.25 ], "texture": "#voxels_atlas" },
				"north": { "uv": [ 12.5, 15.25, 11, 16 ], "texture": "#voxels_atlas" },
				"south": { "uv": [ 12.5, 15.25, 14, 16 ], "texture": "#voxels_atlas" },
				"west": { "uv": [ 2.25, 0, 2.75, 0.75 ], "texture": "#voxels_atlas" },
				"east": { "uv": [ 2.75, 8.75, 2.25, 9.5 ], "texture": "#voxels_atlas" }
			}
		},
		{
			"__comment": "Voxels",
			"from": [ 4.5, 11, 7.5 ],
			"to": [ 7.5, 11.5, 8.5 ],
			"faces": {
				"down": { "uv": [ 0, 3.25, 1.5, 3.75 ], "texture": "#voxels_atlas" },
				"up": { "uv": [ 0, 3.25, 1.5, 2.75 ], "texture": "#voxels_atlas" },
				"north": { "uv": [ 9, 13, 7.5, 13.25 ], "texture": "#voxels_atlas" },
				"south": { "uv": [ 9, 13, 10.5, 13.25 ], "texture": "#voxels_atlas" },
				"west": { "uv": [ 3.75, 5, 4.25, 5.25 ], "texture": "#voxels_atlas" },
				"east": { "uv": [ 4.25, 4.75, 3.75, 5 ], "texture": "#voxels_atlas" }
			}
		},
		{
			"__comment": "Voxels",
			"from": [ 4.5, 11.5, 7.5 ],
			"to": [ 7, 12, 8.5 ],
			"faces": {
				"down": { "uv": [ 1.5, 12, 2.75, 12.5 ], "texture": "#voxels_atlas" },
				"up": { "uv": [ 1.5, 12, 2.75, 11.5 ], "texture": "#voxels_atlas" },
				"north": { "uv": [ 10, 12.25, 8.75, 12.5 ], "texture": "#voxels_atlas" },
				"south": { "uv": [ 10, 12.25, 11.25, 12.5 ], "texture": "#voxels_atlas" },
				"west": { "uv": [ 3.75, 4.5, 4.25, 4.75 ], "texture": "#voxels_atlas" },
				"east": { "uv": [ 4.25, 4.25, 3.75, 4.5 ], "texture": "#voxels_atlas" }
			}
		},
		{
			"__comment": "Voxels",
			"from": [ 4.5, 17, 7.5 ],
			"to": [ 7.5, 18, 8.5 ],
			"faces": {
				"down": { "uv": [ 0, 4.75, 1.5, 5.25 ], "texture": "#voxels_atlas" },
				"up": { "uv": [ 0, 7.25, 1.5, 6.75 ], "texture": "#voxels_atlas" },
				"north": { "uv": [ 1.5, 3.75, 0, 4.25 ], "texture": "#voxels_atlas" },
				"south": { "uv": [ 0, 0.75, 1.5, 1.25 ], "texture": "#voxels_atlas" },
				"west": { "uv": [ 2.75, 5.5, 3.25, 6 ], "texture": "#voxels_atlas" },
				"east": { "uv": [ 3.25, 0, 2.75, 0.5 ], "texture": "#voxels_atlas" }
			}
		},
		{
			"__comment": "Voxels",
			"from": [ 5, 13.5, 7 ],
			"to": [ 6.5, 15, 7.5 ],
			"faces": {
				"down": { "uv": [ 3.75, 10.25, 4.5, 10.5 ], "texture": "#voxels_atlas" },
				"up": { "uv": [ 3.75, 11.25, 4.5, 11 ], "texture": "#voxels_atlas" },
				"north": { "uv": [ 2.25, 9.5, 1.5, 10.25 ], "texture": "#voxels_atlas" },
				"south": { "uv": [ 1.5, 8.75, 2.25, 9.5 ], "texture": "#voxels_atlas" },
				"west": { "uv": [ 3.25, 4, 3.5, 4.75 ], "texture": "#voxels_atlas" },
				"east": { "uv": [ 3.75, 5.5, 3.5, 6.25 ], "texture": "#voxels_atlas" }
			}
		},
		{
			"__comment": "Voxels",
			"from": [ 5, 13.5, 8.5 ],
			"to": [ 6.5, 15, 9 ],
			"faces": {
				"down": { "uv": [ 14.25, 11.5, 15, 11.75 ], "texture": "#voxels_atlas" },
				"up": { "uv": [ 13.5, 11.75, 14.25, 11.5 ], "texture": "#voxels_atlas" },
				"north": { "uv": [ 1.25, 7.75, 0.5, 8.5 ], "texture": "#voxels_atlas" },
				"south": { "uv": [ 1.5, 7.25, 2.25, 8 ], "texture": "#voxels_atlas" },
				"west": { "uv": [ 3.5, 4.75, 3.75, 5.5 ], "texture": "#voxels_atlas" },
				"east": { "uv": [ 3.5, 4.75, 3.25, 5.5 ], "texture": "#voxels_atlas" }
			}
		},
		{
			"__comment": "Voxels",
			"from": [ 5.5, 10.5, 7.5 ],
			"to": [ 7.5, 11, 8.5 ],
			"faces": {
				"down": { "uv": [ 1.5, 6.75, 2.5, 7.25 ], "texture": "#voxels_atlas" },
				"up": { "uv": [ 1.5, 6.75, 2.5, 6.25 ], "texture": "#voxels_atlas" },
				"north": { "uv": [ 6.75, 11.75, 5.75, 12 ], "texture": "#voxels_atlas" },
				"south": { "uv": [ 4.75, 11.75, 5.75, 12 ], "texture": "#voxels_atlas" },
				"west": { "uv": [ 3.75, 4, 4.25, 4.25 ], "texture": "#voxels_atlas" },
				"east": { "uv": [ 4.25, 3.75, 3.75, 4 ], "texture": "#voxels_atlas" }
			}
		},
		{
			"__comment": "Voxels",
			"from": [ 5.5, 13, 7 ],
			"to": [ 6.5, 13.5, 7.5 ],
			"faces": {
				"down": { "uv": [ 3.75, 2.5, 4.25, 2.75 ], "texture": "#voxels_atlas" },
				"up": { "uv": [ 3.75, 2.5, 4.25, 2.25 ], "texture": "#voxels_atlas" },
				"north": { "uv": [ 4.25, 2, 3.75, 2.25 ], "texture": "#voxels_atlas" },
				"south": { "uv": [ 3.75, 1.75, 4.25, 2 ], "texture": "#voxels_atlas" },
				"west": { "uv": [ 4.75, 8, 5, 8.25 ], "texture": "#voxels_atlas" },
				"east": { "uv": [ 5, 8.25, 4.75, 8.5 ], "texture": "#voxels_atlas" }
			}
		},
		{
			"__comment": "Voxels",
			"from": [ 5.5, 13, 8.5 ],
			"to": [ 6.5, 13.5, 9 ],
			"faces": {
				"down": { "uv": [ 3.75, 1.5, 4.25, 1.75 ], "texture": "#voxels_atlas" },
				"up": { "uv": [ 3.75, 1.5, 4.25, 1.25 ], "texture": "#voxels_atlas" },
				"north": { "uv": [ 4.25, 1, 3.75, 1.25 ], "texture": "#voxels_atlas" },
				"south": { "uv": [ 3.75, 0.75, 4.25, 1 ], "texture": "#voxels_atlas" },
				"west": { "uv": [ 4.75, 9.5, 5, 9.75 ], "texture": "#voxels_atlas" },
				"east": { "uv": [ 5, 9.75, 4.75, 10 ], "texture": "#voxels_atlas" }
			}
		},
		{
			"__comment": "Voxels",
			"from": [ 5.5, 14, 6.5 ],
			"to": [ 7, 14.5, 7 ],
			"faces": {
				"down": { "uv": [ 9, 11.5, 9.75, 11.75 ], "texture": "#voxels_atlas" },
				"up": { "uv": [ 5.25, 11.75, 6, 11.5 ], "texture": "#voxels_atlas" },
				"north": { "uv": [ 5.25, 11.5, 4.5, 11.75 ], "texture": "#voxels_atlas" },
				"south": { "uv": [ 3.75, 11.5, 4.5, 11.75 ], "texture": "#voxels_atlas" },
				"west": { "uv": [ 15.25, 11, 15.5, 11.25 ], "texture": "#voxels_atlas" },
				"east": { "uv": [ 15.25, 11, 15, 11.25 ], "texture": "#voxels_atlas" }
			}
		},
		{
			"__comment": "Voxels",
			"from": [ 5.5, 14, 9 ],
			"to": [ 7, 14.5, 9.5 ],
			"faces": {
				"down": { "uv": [ 15.25, 11.75, 16, 12 ], "texture": "#voxels_atlas" },
				"up": { "uv": [ 11.5, 12, 12.25, 11.75 ], "texture": "#voxels_atlas" },
				"north": { "uv": [ 15.25, 11.75, 14.5, 12 ], "texture": "#voxels_atlas" },
				"south": { "uv": [ 13.75, 11.75, 14.5, 12 ], "texture": "#voxels_atlas" },
				"west": { "uv": [ 4.25, 6.5, 4.5, 6.75 ], "texture": "#voxels_atlas" },
				"east": { "uv": [ 4.5, 6.75, 4.25, 7 ], "texture": "#voxels_atlas" }
			}
		},
		{
			"__comment": "Voxels",
			"from": [ 5.5, 15, 7 ],
			"to": [ 6.5, 15.5, 7.5 ],
			"faces": {
				"down": { "uv": [ 3.75, 0.5, 4.25, 0.75 ], "texture": "#voxels_atlas" },
				"up": { "uv": [ 3.75, 0.5, 4.25, 0.25 ], "texture": "#voxels_atlas" },
				"north": { "uv": [ 4.25, 0, 3.75, 0.25 ], "texture": "#voxels_atlas" },
				"south": { "uv": [ 4.5, 11.25, 5, 11.5 ], "texture": "#voxels_atlas" },
				"west": { "uv": [ 4.25, 7, 4.5, 7.25 ], "texture": "#voxels_atlas" },
				"east": { "uv": [ 4.5, 7.25, 4.25, 7.5 ], "texture": "#voxels_atlas" }
			}
		},
		{
			"__comment": "Voxels",
			"from": [ 5.5, 15, 8.5 ],
			"to": [ 6.5, 15.5, 9 ],
			"faces": {
				"down": { "uv": [ 5, 11.25, 5.5, 11.5 ], "texture": "#voxels_atlas" },
				"up": { "uv": [ 5.5, 11.5, 6, 11.25 ], "texture": "#voxels_atlas" },
				"north": { "uv": [ 6.5, 11.25, 6, 11.5 ], "texture": "#voxels_atlas" },
				"south": { "uv": [ 6.5, 11.25, 7, 11.5 ], "texture": "#voxels_atlas" },
				"west": { "uv": [ 4.25, 8.5, 4.5, 8.75 ], "texture": "#voxels_atlas" },
				"east": { "uv": [ 4.5, 8.75, 4.25, 9 ], "texture": "#voxels_atlas" }
			}
		},
		{
			"__comment": "Voxels",
			"from": [ 5.5, 18, 7.5 ],
			"to": [ 9, 18.5, 8.5 ],
			"faces": {
				"down": { "uv": [ 10.5, 13.75, 12.25, 14.25 ], "texture": "#voxels_atlas" },
				"up": { "uv": [ 12.25, 14.25, 14, 13.75 ], "texture": "#voxels_atlas" },
				"north": { "uv": [ 4.5, 13, 2.75, 13.25 ], "texture": "#voxels_atlas" },
				"south": { "uv": [ 13.75, 13.25, 15.5, 13.5 ], "texture": "#voxels_atlas" },
				"west": { "uv": [ 7, 11.25, 7.5, 11.5 ], "texture": "#voxels_atlas" },
				"east": { "uv": [ 8, 11.25, 7.5, 11.5 ], "texture": "#voxels_atlas" }
			}
		},
		{
			"__comment": "Voxels",
			"from": [ 6, 13.5, 6.5 ],
			"to": [ 7.5, 14, 7 ],
			"faces": {
				"down": { "uv": [ 10.75, 11.75, 11.5, 12 ], "texture": "#voxels_atlas" },
				"up": { "uv": [ 1.5, 0.25, 2.25, 0 ], "texture": "#voxels_atlas" },
				"north": { "uv": [ 12.75, 11.5, 12, 11.75 ], "texture": "#voxels_atlas" },
				"south": { "uv": [ 11.25, 11.5, 12, 11.75 ], "texture": "#voxels_atlas" },
				"west": { "uv": [ 2.5, 0.75, 2.75, 1 ], "texture": "#voxels_atlas" },
				"east": { "uv": [ 2.75, 2.75, 2.5, 3 ], "texture": "#voxels_atlas" }
			}
		},
		{
			"__comment": "Voxels",
			"from": [ 6, 13.5, 9 ],
			"to": [ 7.5, 14, 9.5 ],
			"faces": {
				"down": { "uv": [ 12.25, 11.75, 13, 12 ], "texture": "#voxels_atlas" },
				"up": { "uv": [ 13, 12, 13.75, 11.75 ], "texture": "#voxels_atlas" },
				"north": { "uv": [ 4.5, 9.75, 3.75, 10 ], "texture": "#voxels_atlas" },
				"south": { "uv": [ 3.75, 10, 4.5, 10.25 ], "texture": "#voxels_atlas" },
				"west": { "uv": [ 10.25, 10.75, 10.5, 11 ], "texture": "#voxels_atlas" },
				"east": { "uv": [ 10.25, 10.75, 10, 11 ], "texture": "#voxels_atlas" }
			}
		},
		{
			"__comment": "Voxels",
			"from": [ 6, 14.5, 6.5 ],
			"to": [ 7.5, 15, 7 ],
			"faces": {
				"down": { "uv": [ 15, 11.5, 15.75, 11.75 ], "texture": "#voxels_atlas" },
				"up": { "uv": [ 3.75, 11.5, 4.5, 11.25 ], "texture": "#voxels_atlas" },
				"north": { "uv": [ 4.5, 10.75, 3.75, 11 ], "texture": "#voxels_atlas" },
				"south": { "uv": [ 3.75, 10.5, 4.5, 10.75 ], "texture": "#voxels_atlas" },
				"west": { "uv": [ 9.75, 10.75, 10, 11 ], "texture": "#voxels_atlas" },
				"east": { "uv": [ 9.75, 10.75, 9.5, 11 ], "texture": "#voxels_atlas" }
			}
		},
		{
			"__comment": "Voxels",
			"from": [ 6, 14.5, 9 ],
			"to": [ 7.5, 15, 9.5 ],
			"faces": {
				"down": { "uv": [ 3.75, 9.5, 4.5, 9.75 ], "texture": "#voxels_atlas" },
				"up": { "uv": [ 3.75, 9.25, 4.5, 9 ], "texture": "#voxels_atlas" },
				"north": { "uv": [ 6.75, 11.5, 6, 11.75 ], "texture": "#voxels_atlas" },
				"south": { "uv": [ 6.75, 11.5, 7.5, 11.75 ], "texture": "#voxels_atlas" },
				"west": { "uv": [ 8.75, 10.75, 9, 11 ], "texture": "#voxels_atlas" },
				"east": { "uv": [ 8.75, 10.75, 8.5, 11 ], "texture": "#voxels_atlas" }
			}
		},
		{
			"__comment": "Voxels",
			"from": [ 6.5, 14, 7 ],
			"to": [ 15, 14.5, 7.5 ],
			"faces": {
				"down": { "uv": [ 10, 14.25, 14.25, 14.5 ], "texture": "#voxels_atlas" },
				"up": { "uv": [ 5.75, 14.5, 10, 14.25 ], "texture": "#voxels_atlas" },
				"north": { "uv": [ 5.75, 14.25, 1.5, 14.5 ], "texture": "#voxels_atlas" },
				"south": { "uv": [ 10, 14.5, 14.25, 14.75 ], "texture": "#voxels_atlas" },
				"west": { "uv": [ 7.75, 10.75, 8, 11 ], "texture": "#voxels_atlas" },
				"east": { "uv": [ 7.75, 10.75, 7.5, 11 ], "texture": "#voxels_atlas" }
			}
		},
		{
			"__comment": "Voxels",
			"from": [ 6.5, 14, 8.5 ],
			"to": [ 15, 14.5, 9 ],
			"faces": {
				"down": { "uv": [ 11, 15, 15.25, 15.25 ], "texture": "#voxels_atlas" },
				"up": { "uv": [ 1.5, 14.75, 5.75, 14.5 ], "texture": "#voxels_atlas" },
				"north": { "uv": [ 15.25, 14.75, 11, 15 ], "texture": "#voxels_atlas" },
				"south": { "uv": [ 5.75, 14.5, 10, 14.75 ], "texture": "#voxels_atlas" },
				"west": { "uv": [ 7.25, 10.75, 7.5, 11 ], "texture": "#voxels_atlas" },
				"east": { "uv": [ 7.25, 10.75, 7, 11 ], "texture": "#voxels_atlas" }
			}
		},
		{
			"__comment": "Voxels",
			"from": [ 6.5, 18.5, 7.5 ],
			"to": [ 10, 19, 8.5 ],
			"faces": {
				"down": { "uv": [ 7, 13.75, 8.75, 14.25 ], "texture": "#voxels_atlas" },
				"up": { "uv": [ 8.75, 14.25, 10.5, 13.75 ], "texture": "#voxels_atlas" },
				"north": { "uv": [ 13.75, 13.25, 12, 13.5 ], "texture": "#voxels_atlas" },
				"south": { "uv": [ 10.25, 13.25, 12, 13.5 ], "texture": "#voxels_atlas" },
				"west": { "uv": [ 8, 11.25, 8.5, 11.5 ], "texture": "#voxels_atlas" },
				"east": { "uv": [ 9, 11.25, 8.5, 11.5 ], "texture": "#voxels_atlas" }
			}
		},
		{
			"__comment": "Voxels",
			"from": [ 7, 13.5, 7 ],
			"to": [ 12, 14, 7.5 ],
			"faces": {
				"down": { "uv": [ 9, 13.5, 11.5, 13.75 ], "texture": "#voxels_atlas" },
				"up": { "uv": [ 1.5, 13.75, 4, 13.5 ], "texture": "#voxels_atlas" },
				"north": { "uv": [ 9, 13.5, 6.5, 13.75 ], "texture": "#voxels_atlas" },
				"south": { "uv": [ 4, 13.5, 6.5, 13.75 ], "texture": "#voxels_atlas" },
				"west": { "uv": [ 4.75, 0, 5, 0.25 ], "texture": "#voxels_atlas" },
				"east": { "uv": [ 5, 0.25, 4.75, 0.5 ], "texture": "#voxels_atlas" }
			}
		},
		{
			"__comment": "Voxels",
			"from": [ 7, 13.5, 8.5 ],
			"to": [ 12, 14, 9 ],
			"faces": {
				"down": { "uv": [ 7.75, 13.25, 10.25, 13.5 ], "texture": "#voxels_atlas" },
				"up": { "uv": [ 5.25, 13.5, 7.75, 13.25 ], "texture": "#voxels_atlas" },
				"north": { "uv": [ 5.25, 13.25, 2.75, 13.5 ], "texture": "#voxels_atlas" },
				"south": { "uv": [ 11.5, 13.5, 14, 13.75 ], "texture": "#voxels_atlas" },
				"west": { "uv": [ 4.75, 2, 5, 2.25 ], "texture": "#voxels_atlas" },
				"east": { "uv": [ 5, 2.25, 4.75, 2.5 ], "texture": "#voxels_atlas" }
			}
		},
		{
			"__comment": "Voxels",
			"from": [ 7, 16, 7.5 ],
			"to": [ 7.5, 17, 8.5 ],
			"faces": {
				"down": { "uv": [ 4.5, 10.75, 4.75, 11.25 ], "texture": "#voxels_atlas" },
				"up": { "uv": [ 4.5, 10.75, 4.75, 10.25 ], "texture": "#voxels_atlas" },
				"north": { "uv": [ 4.75, 8.75, 4.5, 9.25 ], "texture": "#voxels_atlas" },
				"south": { "uv": [ 4.5, 8.25, 4.75, 8.75 ], "texture": "#voxels_atlas" },
				"west": { "uv": [ 3.25, 10, 3.75, 10.5 ], "texture": "#voxels_atlas" },
				"east": { "uv": [ 3.75, 9.5, 3.25, 10 ], "texture": "#voxels_atlas" }
			}
		},
		{
			"__comment": "Voxels",
			"from": [ 7.5, 0.5, 7.5 ],
			"to": [ 9.5, 1.5, 8.5 ],
			"faces": {
				"down": { "uv": [ 1.5, 2.25, 2.5, 2.75 ], "texture": "#voxels_atlas" },
				"up": { "uv": [ 1.5, 4.25, 2.5, 3.75 ], "texture": "#voxels_atlas" },
				"north": { "uv": [ 2.5, 4.25, 1.5, 4.75 ], "texture": "#voxels_atlas" },
				"south": { "uv": [ 1.5, 5.25, 2.5, 5.75 ], "texture": "#voxels_atlas" },
				"west": { "uv": [ 3.25, 8.5, 3.75, 9 ], "texture": "#voxels_atlas" },
				"east": { "uv": [ 3.75, 8, 3.25, 8.5 ], "texture": "#voxels_atlas" }
			}
		},
		{
			"__comment": "Voxels",
			"from": [ 7.5, 7, 7.5 ],
			"to": [ 9.5, 7.5, 8.5 ],
			"faces": {
				"down": { "uv": [ 1.5, 5.75, 2.5, 6.25 ], "texture": "#voxels_atlas" },
				"up": { "uv": [ 0.5, 7.75, 1.5, 7.25 ], "texture": "#voxels_atlas" },
				"north": { "uv": [ 7.75, 11.75, 6.75, 12 ], "texture": "#voxels_atlas" },
				"south": { "uv": [ 7.75, 11.75, 8.75, 12 ], "texture": "#voxels_atlas" },
				"west": { "uv": [ 9, 11.25, 9.5, 11.5 ], "texture": "#voxels_atlas" },
				"east": { "uv": [ 10, 11.25, 9.5, 11.5 ], "texture": "#voxels_atlas" }
			}
		},
		{
			"__comment": "Voxels",
			"from": [ 7.5, 7.5, 7 ],
			"to": [ 8.5, 9, 9 ],
			"faces": {
				"down": { "uv": [ 2, 0.75, 2.5, 1.75 ], "texture": "#voxels_atlas" },
				"up": { "uv": [ 1.5, 1.75, 2, 0.75 ], "texture": "#voxels_atlas" },
				"north": { "uv": [ 2.75, 8, 2.25, 8.75 ], "texture": "#voxels_atlas" },
				"south": { "uv": [ 2.25, 7.25, 2.75, 8 ], "texture": "#voxels_atlas" },
				"west": { "uv": [ 0.5, 8.5, 1.5, 9.25 ], "texture": "#voxels_atlas" },
				"east": { "uv": [ 1.5, 9.25, 0.5, 10 ], "texture": "#voxels_atlas" }
			}
		},
		{
			"__comment": "Voxels",
			"from": [ 7.5, 9, 7.5 ],
			"to": [ 9.5, 9.5, 8.5 ],
			"faces": {
				"down": { "uv": [ 1.5, 4.75, 2.5, 5.25 ], "texture": "#voxels_atlas" },
				"up": { "uv": [ 1.5, 2.25, 2.5, 1.75 ], "texture": "#voxels_atlas" },
				"north": { "uv": [ 4.75, 11.75, 3.75, 12 ], "texture": "#voxels_atlas" },
				"south": { "uv": [ 15, 12, 16, 12.25 ], "texture": "#voxels_atlas" },
				"west": { "uv": [ 10, 11.25, 10.5, 11.5 ], "texture": "#voxels_atlas" },
				"east": { "uv": [ 11, 11.25, 10.5, 11.5 ], "texture": "#voxels_atlas" }
			}
		},
		{
			"__comment": "Voxels",
			"from": [ 7.5, 14.5, 7 ],
			"to": [ 8, 15.5, 7.5 ],
			"faces": {
				"down": { "uv": [ 4.75, 5.5, 5, 5.75 ], "texture": "#voxels_atlas" },
				"up": { "uv": [ 4.75, 6, 5, 5.75 ], "texture": "#voxels_atlas" },
				"north": { "uv": [ 4.75, 7.75, 4.5, 8.25 ], "texture": "#voxels_atlas" },
				"south": { "uv": [ 4.5, 7.25, 4.75, 7.75 ], "texture": "#voxels_atlas" },
				"west": { "uv": [ 4.5, 4.75, 4.75, 5.25 ], "texture": "#voxels_atlas" },
				"east": { "uv": [ 4.75, 4.25, 4.5, 4.75 ], "texture": "#voxels_atlas" }
			}
		},
		{
			"__comment": "Voxels",
			"from": [ 7.5, 14.5, 8.5 ],
			"to": [ 8, 15.5, 9 ],
			"faces": {
				"down": { "uv": [ 4.75, 7, 5, 7.25 ], "texture": "#voxels_atlas" },
				"up": { "uv": [ 4.75, 7.5, 5, 7.25 ], "texture": "#voxels_atlas" },
				"north": { "uv": [ 4.75, 1.75, 4.5, 2.25 ], "texture": "#voxels_atlas" },
				"south": { "uv": [ 4.5, 1.25, 4.75, 1.75 ], "texture": "#voxels_atlas" },
				"west": { "uv": [ 4.5, 0.75, 4.75, 1.25 ], "texture": "#voxels_atlas" },
				"east": { "uv": [ 4.75, 0.25, 4.5, 0.75 ], "texture": "#voxels_atlas" }
			}
		},
		{
			"__comment": "Voxels",
			"from": [ 7.5, 15, 6.5 ],
			"to": [ 10.5, 15.5, 7 ],
			"faces": {
				"down": { "uv": [ 5, 12.5, 6.5, 12.75 ], "texture": "#voxels_atlas" },
				"up": { "uv": [ 6.5, 13, 8, 12.75 ], "texture": "#voxels_atlas" },
				"north": { "uv": [ 9.5, 12.75, 8, 13 ], "texture": "#voxels_atlas" },
				"south": { "uv": [ 8, 12.5, 9.5, 12.75 ], "texture": "#voxels_atlas" },
				"west": { "uv": [ 4.75, 7.5, 5, 7.75 ], "texture": "#voxels_atlas" },
				"east": { "uv": [ 5, 7.75, 4.75, 8 ], "texture": "#voxels_atlas" }
			}
		},
		{
			"__comment": "Voxels",
			"from": [ 7.5, 15, 7.5 ],
			"to": [ 11.5, 15.5, 8.5 ],
			"faces": {
				"down": { "uv": [ 14, 15.5, 16, 16 ], "texture": "#voxels_atlas" },
				"up": { "uv": [ 1.5, 14.25, 3.5, 13.75 ], "texture": "#voxels_atlas" },
				"north": { "uv": [ 16, 13.5, 14, 13.75 ], "texture": "#voxels_atlas" },
				"south": { "uv": [ 14, 15.25, 16, 15.5 ], "texture": "#voxels_atlas" },
				"west": { "uv": [ 11.75, 11, 12.25, 11.25 ], "texture": "#voxels_atlas" },
				"east": { "uv": [ 12.75, 11, 12.25, 11.25 ], "texture": "#voxels_atlas" }
			}
		},
		{
			"__comment": "Voxels",
			"from": [ 7.5, 15, 9 ],
			"to": [ 10.5, 15.5, 9.5 ],
			"faces": {
				"down": { "uv": [ 10.5, 13, 12, 13.25 ], "texture": "#voxels_atlas" },
				"up": { "uv": [ 12, 13.25, 13.5, 13 ], "texture": "#voxels_atlas" },
				"north": { "uv": [ 15, 13, 13.5, 13.25 ], "texture": "#voxels_atlas" },
				"south": { "uv": [ 5, 12.75, 6.5, 13 ], "texture": "#voxels_atlas" },
				"west": { "uv": [ 5.25, 10.75, 5.5, 11 ], "texture": "#voxels_atlas" },
				"east": { "uv": [ 5.25, 10.75, 5, 11 ], "texture": "#voxels_atlas" }
			}
		},
		{
			"__comment": "Voxels",
			"from": [ 7.5, 17.5, 7.5 ],
			"to": [ 8, 18, 8.5 ],
			"faces": {
				"down": { "uv": [ 2.5, 6.75, 2.75, 7.25 ], "texture": "#voxels_atlas" },
				"up": { "uv": [ 2.5, 6.75, 2.75, 6.25 ], "texture": "#voxels_atlas" },
				"north": { "uv": [ 4.5, 7.5, 4.25, 7.75 ], "texture": "#voxels_atlas" },
				"south": { "uv": [ 4.25, 7.75, 4.5, 8 ], "texture": "#voxels_atlas" },
				"west": { "uv": [ 15.5, 13.25, 16, 13.5 ], "texture": "#voxels_atlas" },
				"east": { "uv": [ 3.75, 3.75, 3.25, 4 ], "texture": "#voxels_atlas" }
			}
		},
		{
			"__comment": "Voxels",
			"from": [ 8, 0, 7.5 ],
			"to": [ 9, 0.5, 8.5 ],
			"faces": {
				"down": { "uv": [ 2.75, 1.5, 3.25, 2 ], "texture": "#voxels_atlas" },
				"up": { "uv": [ 2.75, 2.5, 3.25, 2 ], "texture": "#voxels_atlas" },
				"north": { "uv": [ 3.75, 3.5, 3.25, 3.75 ], "texture": "#voxels_atlas" },
				"south": { "uv": [ 3.25, 3.25, 3.75, 3.5 ], "texture": "#voxels_atlas" },
				"west": { "uv": [ 3.25, 3, 3.75, 3.25 ], "texture": "#voxels_atlas" },
				"east": { "uv": [ 3.75, 2.75, 3.25, 3 ], "texture": "#voxels_atlas" }
			}
		},
		{
			"__comment": "Voxels",
			"from": [ 8, 0.5, 7 ],
			"to": [ 9, 2, 7.5 ],
			"faces": {
				"down": { "uv": [ 3.25, 2.5, 3.75, 2.75 ], "texture": "#voxels_atlas" },
				"up": { "uv": [ 3.25, 2.5, 3.75, 2.25 ], "texture": "#voxels_atlas" },
				"north": { "uv": [ 3.25, 11, 2.75, 11.75 ], "texture": "#voxels_atlas" },
				"south": { "uv": [ 2.75, 11.75, 3.25, 12.5 ], "texture": "#voxels_atlas" },
				"west": { "uv": [ 1.25, 7.75, 1.5, 8.5 ], "texture": "#voxels_atlas" },
				"east": { "uv": [ 2.75, 3, 2.5, 3.75 ], "texture": "#voxels_atlas" }
			}
		},
		{
			"__comment": "Voxels",
			"from": [ 8, 0.5, 8.5 ],
			"to": [ 9, 2, 9 ],
			"faces": {
				"down": { "uv": [ 3.25, 2, 3.75, 2.25 ], "texture": "#voxels_atlas" },
				"up": { "uv": [ 3.25, 2, 3.75, 1.75 ], "texture": "#voxels_atlas" },
				"north": { "uv": [ 3.25, 8, 2.75, 8.75 ], "texture": "#voxels_atlas" },
				"south": { "uv": [ 2.75, 8.75, 3.25, 9.5 ], "texture": "#voxels_atlas" },
				"west": { "uv": [ 3.5, 6.25, 3.75, 7 ], "texture": "#voxels_atlas" },
				"east": { "uv": [ 3.5, 5.5, 3.25, 6.25 ], "texture": "#voxels_atlas" }
			}
		},
		{
			"__comment": "Voxels",
			"from": [ 8, 1.5, 7.5 ],
			"to": [ 9, 7, 8.5 ],
			"faces": {
				"down": { "uv": [ 3.25, 10.5, 3.75, 11 ], "texture": "#voxels_atlas" },
				"up": { "uv": [ 3.25, 9.5, 3.75, 9 ], "texture": "#voxels_atlas" },
				"north": { "uv": [ 1.5, 10, 1, 12.75 ], "texture": "#voxels_atlas" },
				"south": { "uv": [ 0, 7.25, 0.5, 10 ], "texture": "#voxels_atlas" },
				"west": { "uv": [ 0, 10, 0.5, 12.75 ], "texture": "#voxels_atlas" },
				"east": { "uv": [ 1, 10, 0.5, 12.75 ], "texture": "#voxels_atlas" }
			}
		},
		{
			"__comment": "Voxels",
			"from": [ 8, 7, 7 ],
			"to": [ 9, 7.5, 7.5 ],
			"faces": {
				"down": { "uv": [ 3.25, 1.5, 3.75, 1.75 ], "texture": "#voxels_atlas" },
				"up": { "uv": [ 3.25, 1.5, 3.75, 1.25 ], "texture": "#voxels_atlas" },
				"north": { "uv": [ 3.75, 1, 3.25, 1.25 ], "texture": "#voxels_atlas" },
				"south": { "uv": [ 3.25, 0.75, 3.75, 1 ], "texture": "#voxels_atlas" },
				"west": { "uv": [ 4.75, 9.25, 5, 9.5 ], "texture": "#voxels_atlas" },
				"east": { "uv": [ 5, 9, 4.75, 9.25 ], "texture": "#voxels_atlas" }
			}
		},
		{
			"__comment": "Voxels",
			"from": [ 8, 7, 8.5 ],
			"to": [ 9, 7.5, 9 ],
			"faces": {
				"down": { "uv": [ 3.25, 0.5, 3.75, 0.75 ], "texture": "#voxels_atlas" },
				"up": { "uv": [ 3.25, 0.5, 3.75, 0.25 ], "texture": "#voxels_atlas" },
				"north": { "uv": [ 3.75, 0, 3.25, 0.25 ], "texture": "#voxels_atlas" },
				"south": { "uv": [ 3.75, 8.75, 4.25, 9 ], "texture": "#voxels_atlas" },
				"west": { "uv": [ 4.75, 6.75, 5, 7 ], "texture": "#voxels_atlas" },
				"east": { "uv": [ 5, 6.5, 4.75, 6.75 ], "texture": "#voxels_atlas" }
			}
		},
		{
			"__comment": "Voxels",
			"from": [ 8, 9, 7 ],
			"to": [ 9, 9.5, 7.5 ],
			"faces": {
				"down": { "uv": [ 3.75, 8.5, 4.25, 8.75 ], "texture": "#voxels_atlas" },
				"up": { "uv": [ 3.75, 8.5, 4.25, 8.25 ], "texture": "#voxels_atlas" },
				"north": { "uv": [ 4.25, 8, 3.75, 8.25 ], "texture": "#voxels_atlas" },
				"south": { "uv": [ 3.75, 7.75, 4.25, 8 ], "texture": "#voxels_atlas" },
				"west": { "uv": [ 4.75, 1.25, 5, 1.5 ], "texture": "#voxels_atlas" },
				"east": { "uv": [ 5, 1, 4.75, 1.25 ], "texture": "#voxels_atlas" }
			}
		},
		{
			"__comment": "Voxels",
			"from": [ 8, 9, 8.5 ],
			"to": [ 9, 9.5, 9 ],
			"faces": {
				"down": { "uv": [ 3.75, 7.5, 4.25, 7.75 ], "texture": "#voxels_atlas" },
				"up": { "uv": [ 3.75, 7.5, 4.25, 7.25 ], "texture": "#voxels_atlas" },
				"north": { "uv": [ 4.25, 7, 3.75, 7.25 ], "texture": "#voxels_atlas" },
				"south": { "uv": [ 3.75, 6.75, 4.25, 7 ], "texture": "#voxels_atlas" },
				"west": { "uv": [ 6, 10.75, 6.25, 11 ], "texture": "#voxels_atlas" },
				"east": { "uv": [ 6.5, 10.75, 6.25, 11 ], "texture": "#voxels_atlas" }
			}
		},
		{
			"__comment": "Voxels",
			"from": [ 8, 9.5, 7.5 ],
			"to": [ 9, 10.5, 8.5 ],
			"faces": {
				"down": { "uv": [ 2.75, 2.5, 3.25, 3 ], "texture": "#voxels_atlas" },
				"up": { "uv": [ 2.75, 3.5, 3.25, 3 ], "texture": "#voxels_atlas" },
				"north": { "uv": [ 3.25, 4.5, 2.75, 5 ], "texture": "#voxels_atlas" },
				"south": { "uv": [ 2.75, 5, 3.25, 5.5 ], "texture": "#voxels_atlas" },
				"west": { "uv": [ 2.75, 3.5, 3.25, 4 ], "texture": "#voxels_atlas" },
				"east": { "uv": [ 3.25, 4, 2.75, 4.5 ], "texture": "#voxels_atlas" }
			}
		},
		{
			"__comment": "Voxels",
			"from": [ 8, 15, 7 ],
			"to": [ 10.5, 15.5, 7.5 ],
			"faces": {
				"down": { "uv": [ 13.75, 12.25, 15, 12.5 ], "texture": "#voxels_atlas" },
				"up": { "uv": [ 3.25, 12.25, 4.5, 12 ], "texture": "#voxels_atlas" },
				"north": { "uv": [ 5.75, 12, 4.5, 12.25 ], "texture": "#voxels_atlas" },
				"south": { "uv": [ 7.5, 12.25, 8.75, 12.5 ], "texture": "#voxels_atlas" },
				"west": { "uv": [ 11, 10.75, 11.25, 11 ], "texture": "#voxels_atlas" },
				"east": { "uv": [ 11.5, 10.75, 11.25, 11 ], "texture": "#voxels_atlas" }
			}
		},
		{
			"__comment": "Voxels",
			"from": [ 8, 15, 8.5 ],
			"to": [ 10.5, 15.5, 9 ],
			"faces": {
				"down": { "uv": [ 12.5, 12.25, 13.75, 12.5 ], "texture": "#voxels_atlas" },
				"up": { "uv": [ 11.25, 12.5, 12.5, 12.25 ], "texture": "#voxels_atlas" },
				"north": { "uv": [ 7, 12, 5.75, 12.25 ], "texture": "#voxels_atlas" },
				"south": { "uv": [ 6.25, 12.25, 7.5, 12.5 ], "texture": "#voxels_atlas" },
				"west": { "uv": [ 4.25, 8.25, 4.5, 8.5 ], "texture": "#voxels_atlas" },
				"east": { "uv": [ 4.5, 8, 4.25, 8.25 ], "texture": "#voxels_atlas" }
			}
		},
		{
			"__comment": "Voxels",
			"from": [ 8.5, 7.5, 7.5 ],
			"to": [ 9, 9, 8.5 ],
			"faces": {
				"down": { "uv": [ 2.5, 5.75, 2.75, 6.25 ], "texture": "#voxels_atlas" },
				"up": { "uv": [ 2.5, 5.75, 2.75, 5.25 ], "texture": "#voxels_atlas" },
				"north": { "uv": [ 2.75, 1, 2.5, 1.75 ], "texture": "#voxels_atlas" },
				"south": { "uv": [ 3.25, 6.25, 3.5, 7 ], "texture": "#voxels_atlas" },
				"west": { "uv": [ 2.75, 9.5, 3.25, 10.25 ], "texture": "#voxels_atlas" },
				"east": { "uv": [ 3.25, 10.25, 2.75, 11 ], "texture": "#voxels_atlas" }
			}
		},
		{
			"__comment": "Voxels",
			"from": [ 8.5, 8, 7 ],
			"to": [ 9, 8.5, 7.5 ],
			"faces": {
				"down": { "uv": [ 4.25, 6.25, 4.5, 6.5 ], "texture": "#voxels_atlas" },
				"up": { "uv": [ 4.25, 6.25, 4.5, 6 ], "texture": "#voxels_atlas" },
				"north": { "uv": [ 4.5, 5.75, 4.25, 6 ], "texture": "#voxels_atlas" },
				"south": { "uv": [ 4.25, 5.5, 4.5, 5.75 ], "texture": "#voxels_atlas" },
				"west": { "uv": [ 4.25, 5.25, 4.5, 5.5 ], "texture": "#voxels_atlas" },
				"east": { "uv": [ 4.5, 5, 4.25, 5.25 ], "texture": "#voxels_atlas" }
			}
		},
		{
			"__comment": "Voxels",
			"from": [ 8.5, 8, 8.5 ],
			"to": [ 9, 8.5, 9 ],
			"faces": {
				"down": { "uv": [ 4.25, 4.25, 4.5, 4.5 ], "texture": "#voxels_atlas" },
				"up": { "uv": [ 4.25, 4.25, 4.5, 4 ], "texture": "#voxels_atlas" },
				"north": { "uv": [ 4.5, 3.75, 4.25, 4 ], "texture": "#voxels_atlas" },
				"south": { "uv": [ 4.25, 3.5, 4.5, 3.75 ], "texture": "#voxels_atlas" },
				"west": { "uv": [ 4.5, 0, 4.75, 0.25 ], "texture": "#voxels_atlas" },
				"east": { "uv": [ 15, 11, 14.75, 11.25 ], "texture": "#voxels_atlas" }
			}
		},
		{
			"__comment": "Voxels",
			"from": [ 8.5, 10.5, 7.5 ],
			"to": [ 10, 11, 8.5 ],
			"faces": {
				"down": { "uv": [ 4.25, 12.5, 5, 13 ], "texture": "#voxels_atlas" },
				"up": { "uv": [ 3.5, 13, 4.25, 12.5 ], "texture": "#voxels_atlas" },
				"north": { "uv": [ 4.5, 9.25, 3.75, 9.5 ], "texture": "#voxels_atlas" },
				"south": { "uv": [ 12.75, 11.5, 13.5, 11.75 ], "texture": "#voxels_atlas" },
				"west": { "uv": [ 3.75, 6.5, 4.25, 6.75 ], "texture": "#voxels_atlas" },
				"east": { "uv": [ 4.25, 6.25, 3.75, 6.5 ], "texture": "#voxels_atlas" }
			}
		},
		{
			"__comment": "Voxels",
			"from": [ 8.5, 12.5, 7.5 ],
			"to": [ 11.5, 13.5, 8.5 ],
			"faces": {
				"down": { "uv": [ 0, 1.75, 1.5, 2.25 ], "texture": "#voxels_atlas" },
				"up": { "uv": [ 0, 2.75, 1.5, 2.25 ], "texture": "#voxels_atlas" },
				"north": { "uv": [ 1.5, 6.25, 0, 6.75 ], "texture": "#voxels_atlas" },
				"south": { "uv": [ 0, 4.25, 1.5, 4.75 ], "texture": "#voxels_atlas" },
				"west": { "uv": [ 3.25, 7.5, 3.75, 8 ], "texture": "#voxels_atlas" },
				"east": { "uv": [ 3.75, 7, 3.25, 7.5 ], "texture": "#voxels_atlas" }
			}
		},
		{
			"__comment": "Voxels",
			"from": [ 8.5, 15.5, 7 ],
			"to": [ 11.5, 16, 9 ],
			"faces": {
				"down": { "uv": [ 0, 12.75, 1.5, 13.75 ], "texture": "#voxels_atlas" },
				"up": { "uv": [ 0, 14.75, 1.5, 13.75 ], "texture": "#voxels_atlas" },
				"north": { "uv": [ 11, 12.75, 9.5, 13 ], "texture": "#voxels_atlas" },
				"south": { "uv": [ 9.5, 12.5, 11, 12.75 ], "texture": "#voxels_atlas" },
				"west": { "uv": [ 9.75, 11.75, 10.75, 12 ], "texture": "#voxels_atlas" },
				"east": { "uv": [ 16, 13, 15, 13.25 ], "texture": "#voxels_atlas" }
			}
		},
		{
			"__comment": "Voxels",
			"from": [ 9, 8, 7.5 ],
			"to": [ 9.5, 8.5, 8.5 ],
			"faces": {
				"down": { "uv": [ 2.5, 4.75, 2.75, 5.25 ], "texture": "#voxels_atlas" },
				"up": { "uv": [ 2.5, 4.75, 2.75, 4.25 ], "texture": "#voxels_atlas" },
				"north": { "uv": [ 5, 0.75, 4.75, 1 ], "texture": "#voxels_atlas" },
				"south": { "uv": [ 4.75, 0.5, 5, 0.75 ], "texture": "#voxels_atlas" },
				"west": { "uv": [ 3.75, 3.5, 4.25, 3.75 ], "texture": "#voxels_atlas" },
				"east": { "uv": [ 4.25, 3.25, 3.75, 3.5 ], "texture": "#voxels_atlas" }
			}
		},
		{
			"__comment": "Voxels",
			"from": [ 9, 10, 7.5 ],
			"to": [ 9.5, 10.5, 8.5 ],
			"faces": {
				"down": { "uv": [ 2.5, 3.75, 2.75, 4.25 ], "texture": "#voxels_atlas" },
				"up": { "uv": [ 2.5, 2.75, 2.75, 2.25 ], "texture": "#voxels_atlas" },
				"north": { "uv": [ 5.75, 10.75, 5.5, 11 ], "texture": "#voxels_atlas" },
				"south": { "uv": [ 5.75, 10.75, 6, 11 ], "texture": "#voxels_atlas" },
				"west": { "uv": [ 3.75, 3, 4.25, 3.25 ], "texture": "#voxels_atlas" },
				"east": { "uv": [ 4.25, 2.75, 3.75, 3 ], "texture": "#voxels_atlas" }
			}
		},
		{
			"__comment": "Voxels",
			"from": [ 9, 11, 7.5 ],
			"to": [ 10.5, 12.5, 8.5 ],
			"faces": {
				"down": { "uv": [ 11, 12.5, 11.75, 13 ], "texture": "#voxels_atlas" },
				"up": { "uv": [ 11.75, 13, 12.5, 12.5 ], "texture": "#voxels_atlas" },
				"north": { "uv": [ 2.25, 8, 1.5, 8.75 ], "texture": "#voxels_atlas" },
				"south": { "uv": [ 1.5, 10.25, 2.25, 11 ], "texture": "#voxels_atlas" },
				"west": { "uv": [ 2.75, 7.25, 3.25, 8 ], "texture": "#voxels_atlas" },
				"east": { "uv": [ 3.25, 6.5, 2.75, 7.25 ], "texture": "#voxels_atlas" }
			}
		},
		{
			"__comment": "Voxels",
			"from": [ 9, 13, 7 ],
			"to": [ 12, 13.5, 7.5 ],
			"faces": {
				"down": { "uv": [ 12.5, 12.75, 14, 13 ], "texture": "#voxels_atlas" },
				"up": { "uv": [ 12.5, 12.75, 14, 12.5 ], "texture": "#voxels_atlas" },
				"north": { "uv": [ 15.5, 12.75, 14, 13 ], "texture": "#voxels_atlas" },
				"south": { "uv": [ 6.5, 12.5, 8, 12.75 ], "texture": "#voxels_atlas" },
				"west": { "uv": [ 10.5, 10.75, 10.75, 11 ], "texture": "#voxels_atlas" },
				"east": { "uv": [ 11, 10.75, 10.75, 11 ], "texture": "#voxels_atlas" }
			}
		},
		{
			"__comment": "Voxels",
			"from": [ 9, 13, 8.5 ],
			"to": [ 12, 13.5, 9 ],
			"faces": {
				"down": { "uv": [ 14, 12.5, 15.5, 12.75 ], "texture": "#voxels_atlas" },
				"up": { "uv": [ 3.25, 12.5, 4.75, 12.25 ], "texture": "#voxels_atlas" },
				"north": { "uv": [ 6.25, 12.25, 4.75, 12.5 ], "texture": "#voxels_atlas" },
				"south": { "uv": [ 6, 13, 7.5, 13.25 ], "texture": "#voxels_atlas" },
				"west": { "uv": [ 3.5, 4, 3.75, 4.25 ], "texture": "#voxels_atlas" },
				"east": { "uv": [ 16, 11.5, 15.75, 11.75 ], "texture": "#voxels_atlas" }
			}
		},
		{
			"__comment": "Voxels",
			"from": [ 9.5, 12, 7 ],
			"to": [ 11, 13, 7.5 ],
			"faces": {
				"down": { "uv": [ 7.5, 11.5, 8.25, 11.75 ], "texture": "#voxels_atlas" },
				"up": { "uv": [ 8.25, 11.75, 9, 11.5 ], "texture": "#voxels_atlas" },
				"north": { "uv": [ 16, 14.75, 15.25, 15.25 ], "texture": "#voxels_atlas" },
				"south": { "uv": [ 15.25, 13.75, 16, 14.25 ], "texture": "#voxels_atlas" },
				"west": { "uv": [ 2.5, 1.75, 2.75, 2.25 ], "texture": "#voxels_atlas" },
				"east": { "uv": [ 3.75, 4.25, 3.5, 4.75 ], "texture": "#voxels_atlas" }
			}
		},
		{
			"__comment": "Voxels",
			"from": [ 9.5, 12, 8.5 ],
			"to": [ 11, 13, 9 ],
			"faces": {
				"down": { "uv": [ 9.75, 11.5, 10.5, 11.75 ], "texture": "#voxels_atlas" },
				"up": { "uv": [ 10.5, 11.75, 11.25, 11.5 ], "texture": "#voxels_atlas" },
				"north": { "uv": [ 2.25, 0.25, 1.5, 0.75 ], "texture": "#voxels_atlas" },
				"south": { "uv": [ 2.75, 12.5, 3.5, 13 ], "texture": "#voxels_atlas" },
				"west": { "uv": [ 4.5, 9.75, 4.75, 10.25 ], "texture": "#voxels_atlas" },
				"east": { "uv": [ 4.75, 9.25, 4.5, 9.75 ], "texture": "#voxels_atlas" }
			}
		},
		{
			"__comment": "Voxels",
			"from": [ 9.5, 14.5, 7 ],
			"to": [ 11.5, 15, 7.5 ],
			"faces": {
				"down": { "uv": [ 15, 12.25, 16, 12.5 ], "texture": "#voxels_atlas" },
				"up": { "uv": [ 7, 12.25, 8, 12 ], "texture": "#voxels_atlas" },
				"north": { "uv": [ 9, 12, 8, 12.25 ], "texture": "#voxels_atlas" },
				"south": { "uv": [ 8.75, 11.75, 9.75, 12 ], "texture": "#voxels_atlas" },
				"west": { "uv": [ 4.25, 4.75, 4.5, 5 ], "texture": "#voxels_atlas" },
				"east": { "uv": [ 4.5, 4.5, 4.25, 4.75 ], "texture": "#voxels_atlas" }
			}
		},
		{
			"__comment": "Voxels",
			"from": [ 9.5, 14.5, 8.5 ],
			"to": [ 11.5, 15, 9 ],
			"faces": {
				"down": { "uv": [ 9, 12, 10, 12.25 ], "texture": "#voxels_atlas" },
				"up": { "uv": [ 10, 12.25, 11, 12 ], "texture": "#voxels_atlas" },
				"north": { "uv": [ 12, 12, 11, 12.25 ], "texture": "#voxels_atlas" },
				"south": { "uv": [ 12, 12, 13, 12.25 ], "texture": "#voxels_atlas" },
				"west": { "uv": [ 4.25, 3.25, 4.5, 3.5 ], "texture": "#voxels_atlas" },
				"east": { "uv": [ 4.5, 3, 4.25, 3.25 ], "texture": "#voxels_atlas" }
			}
		},
		{
			"__comment": "Voxels",
			"from": [ 10, 11.5, 7 ],
			"to": [ 10.5, 12, 7.5 ],
			"faces": {
				"down": { "uv": [ 4.25, 2.75, 4.5, 3 ], "texture": "#voxels_atlas" },
				"up": { "uv": [ 4.25, 2.75, 4.5, 2.5 ], "texture": "#voxels_atlas" },
				"north": { "uv": [ 4.5, 2.25, 4.25, 2.5 ], "texture": "#voxels_atlas" },
				"south": { "uv": [ 4.25, 2, 4.5, 2.25 ], "texture": "#voxels_atlas" },
				"west": { "uv": [ 4.25, 1.75, 4.5, 2 ], "texture": "#voxels_atlas" },
				"east": { "uv": [ 4.5, 1.5, 4.25, 1.75 ], "texture": "#voxels_atlas" }
			}
		},
		{
			"__comment": "Voxels",
			"from": [ 10, 11.5, 8.5 ],
			"to": [ 10.5, 12, 9 ],
			"faces": {
				"down": { "uv": [ 4.25, 1.25, 4.5, 1.5 ], "texture": "#voxels_atlas" },
				"up": { "uv": [ 4.25, 1.25, 4.5, 1 ], "texture": "#voxels_atlas" },
				"north": { "uv": [ 4.5, 0.75, 4.25, 1 ], "texture": "#voxels_atlas" },
				"south": { "uv": [ 4.25, 0.5, 4.5, 0.75 ], "texture": "#voxels_atlas" },
				"west": { "uv": [ 4.25, 0.25, 4.5, 0.5 ], "texture": "#voxels_atlas" },
				"east": { "uv": [ 4.5, 0, 4.25, 0.25 ], "texture": "#voxels_atlas" }
			}
		},
		{
			"__comment": "Voxels",
			"from": [ 10, 15.5, 6.5 ],
			"to": [ 11, 16, 7 ],
			"faces": {
				"down": { "uv": [ 11, 11.25, 11.5, 11.5 ], "texture": "#voxels_atlas" },
				"up": { "uv": [ 11.5, 11.5, 12, 11.25 ], "texture": "#voxels_atlas" },
				"north": { "uv": [ 12.5, 11.25, 12, 11.5 ], "texture": "#voxels_atlas" },
				"south": { "uv": [ 12.5, 11.25, 13, 11.5 ], "texture": "#voxels_atlas" },
				"west": { "uv": [ 15.5, 11, 15.75, 11.25 ], "texture": "#voxels_atlas" },
				"east": { "uv": [ 16, 11, 15.75, 11.25 ], "texture": "#voxels_atlas" }
			}
		},
		{
			"__comment": "Voxels",
			"from": [ 10, 15.5, 9 ],
			"to": [ 11, 16, 9.5 ],
			"faces": {
				"down": { "uv": [ 13, 11.25, 13.5, 11.5 ], "texture": "#voxels_atlas" },
				"up": { "uv": [ 13.5, 11.5, 14, 11.25 ], "texture": "#voxels_atlas" },
				"north": { "uv": [ 14.5, 11.25, 14, 11.5 ], "texture": "#voxels_atlas" },
				"south": { "uv": [ 14.5, 11.25, 15, 11.5 ], "texture": "#voxels_atlas" },
				"west": { "uv": [ 4.75, 8.75, 5, 9 ], "texture": "#voxels_atlas" },
				"east": { "uv": [ 5, 8.5, 4.75, 8.75 ], "texture": "#voxels_atlas" }
			}
		},
		{
			"__comment": "Voxels",
			"from": [ 10.5, 11.5, 7.5 ],
			"to": [ 11, 12.5, 8.5 ],
			"faces": {
				"down": { "uv": [ 4.5, 6.75, 4.75, 7.25 ], "texture": "#voxels_atlas" },
				"up": { "uv": [ 4.5, 6.75, 4.75, 6.25 ], "texture": "#voxels_atlas" },
				"north": { "uv": [ 4.75, 5.75, 4.5, 6.25 ], "texture": "#voxels_atlas" },
				"south": { "uv": [ 4.5, 5.25, 4.75, 5.75 ], "texture": "#voxels_atlas" },
				"west": { "uv": [ 2.75, 1, 3.25, 1.5 ], "texture": "#voxels_atlas" },
				"east": { "uv": [ 3.25, 0.5, 2.75, 1 ], "texture": "#voxels_atlas" }
			}
		},
		{
			"__comment": "Voxels",
			"from": [ 11, 12, 7.5 ],
			"to": [ 11.5, 12.5, 8.5 ],
			"faces": {
				"down": { "uv": [ 4.5, 3.75, 4.75, 4.25 ], "texture": "#voxels_atlas" },
				"up": { "uv": [ 4.5, 3.75, 4.75, 3.25 ], "texture": "#voxels_atlas" },
				"north": { "uv": [ 5, 6.25, 4.75, 6.5 ], "texture": "#voxels_atlas" },
				"south": { "uv": [ 4.75, 6, 5, 6.25 ], "texture": "#voxels_atlas" },
				"west": { "uv": [ 15, 11.25, 15.5, 11.5 ], "texture": "#voxels_atlas" },
				"east": { "uv": [ 16, 11.25, 15.5, 11.5 ], "texture": "#voxels_atlas" }
			}
		},
		{
			"__comment": "Voxels",
			"from": [ 11, 12.5, 7 ],
			"to": [ 11.5, 13, 7.5 ],
			"faces": {
				"down": { "uv": [ 4.75, 5.25, 5, 5.5 ], "texture": "#voxels_atlas" },
				"up": { "uv": [ 4.75, 5.25, 5, 5 ], "texture": "#voxels_atlas" },
				"north": { "uv": [ 5, 4.75, 4.75, 5 ], "texture": "#voxels_atlas" },
				"south": { "uv": [ 4.75, 4.5, 5, 4.75 ], "texture": "#voxels_atlas" },
				"west": { "uv": [ 4.75, 4.25, 5, 4.5 ], "texture": "#voxels_atlas" },
				"east": { "uv": [ 5, 4, 4.75, 4.25 ], "texture": "#voxels_atlas" }
			}
		},
		{
			"__comment": "Voxels",
			"from": [ 11, 12.5, 8.5 ],
			"to": [ 11.5, 13, 9 ],
			"faces": {
				"down": { "uv": [ 4.75, 3.75, 5, 4 ], "texture": "#voxels_atlas" },
				"up": { "uv": [ 4.75, 3.75, 5, 3.5 ], "texture": "#voxels_atlas" },
				"north": { "uv": [ 5, 3.25, 4.75, 3.5 ], "texture": "#voxels_atlas" },
				"south": { "uv": [ 4.75, 3, 5, 3.25 ], "texture": "#voxels_atlas" },
				"west": { "uv": [ 4.75, 2.75, 5, 3 ], "texture": "#voxels_atlas" },
				"east": { "uv": [ 5, 2.5, 4.75, 2.75 ], "texture": "#voxels_atlas" }
			}
		},
		{
			"__comment": "Voxels",
			"from": [ 11.5, 13, 7.5 ],
			"to": [ 12, 13.5, 8.5 ],
			"faces": {
				"down": { "uv": [ 4.5, 2.75, 4.75, 3.25 ], "texture": "#voxels_atlas" },
				"up": { "uv": [ 4.5, 2.75, 4.75, 2.25 ], "texture": "#voxels_atlas" },
				"north": { "uv": [ 5, 1.75, 4.75, 2 ], "texture": "#voxels_atlas" },
				"south": { "uv": [ 4.75, 1.5, 5, 1.75 ], "texture": "#voxels_atlas" },
				"west": { "uv": [ 4.75, 11, 5.25, 11.25 ], "texture": "#voxels_atlas" },
				"east": { "uv": [ 5.75, 11, 5.25, 11.25 ], "texture": "#voxels_atlas" }
			}
		},
		{
			"__comment": "Voxels",
			"from": [ 12, 15, 7 ],
			"to": [ 13, 15.5, 9 ],
			"faces": {
				"down": { "uv": [ 2, 2.75, 2.5, 3.75 ], "texture": "#voxels_atlas" },
				"up": { "uv": [ 1.5, 3.75, 2, 2.75 ], "texture": "#voxels_atlas" },
				"north": { "uv": [ 6.25, 11, 5.75, 11.25 ], "texture": "#voxels_atlas" },
				"south": { "uv": [ 6.25, 11, 6.75, 11.25 ], "texture": "#voxels_atlas" },
				"west": { "uv": [ 13, 12, 14, 12.25 ], "texture": "#voxels_atlas" },
				"east": { "uv": [ 15, 12, 14, 12.25 ], "texture": "#voxels_atlas" }
			}
		},
		{
			"__comment": "Voxels",
			"from": [ 13, 14.5, 7 ],
			"to": [ 14, 15, 7.5 ],
			"faces": {
				"down": { "uv": [ 6.75, 11, 7.25, 11.25 ], "texture": "#voxels_atlas" },
				"up": { "uv": [ 7.25, 11.25, 7.75, 11 ], "texture": "#voxels_atlas" },
				"north": { "uv": [ 8.25, 11, 7.75, 11.25 ], "texture": "#voxels_atlas" },
				"south": { "uv": [ 8.25, 11, 8.75, 11.25 ], "texture": "#voxels_atlas" },
				"west": { "uv": [ 6.5, 10.75, 6.75, 11 ], "texture": "#voxels_atlas" },
				"east": { "uv": [ 7, 10.75, 6.75, 11 ], "texture": "#voxels_atlas" }
			}
		},
		{
			"__comment": "Voxels",
			"from": [ 13, 14.5, 8.5 ],
			"to": [ 14, 15, 9 ],
			"faces": {
				"down": { "uv": [ 8.75, 11, 9.25, 11.25 ], "texture": "#voxels_atlas" },
				"up": { "uv": [ 9.25, 11.25, 9.75, 11 ], "texture": "#voxels_atlas" },
				"north": { "uv": [ 10.25, 11, 9.75, 11.25 ], "texture": "#voxels_atlas" },
				"south": { "uv": [ 10.25, 11, 10.75, 11.25 ], "texture": "#voxels_atlas" },
				"west": { "uv": [ 8, 10.75, 8.25, 11 ], "texture": "#voxels_atlas" },
				"east": { "uv": [ 8.5, 10.75, 8.25, 11 ], "texture": "#voxels_atlas" }
			}
		},
		{
			"__comment": "Voxels",
			"from": [ 13, 15, 7.5 ],
			"to": [ 13.5, 15.5, 8.5 ],
			"faces": {
				"down": { "uv": [ 4.75, 10.5, 5, 11 ], "texture": "#voxels_atlas" },
				"up": { "uv": [ 4.75, 10.5, 5, 10 ], "texture": "#voxels_atlas" },
				"north": { "uv": [ 9.25, 10.75, 9, 11 ], "texture": "#voxels_atlas" },
				"south": { "uv": [ 9.25, 10.75, 9.5, 11 ], "texture": "#voxels_atlas" },
				"west": { "uv": [ 10.75, 11, 11.25, 11.25 ], "texture": "#voxels_atlas" },
				"east": { "uv": [ 11.75, 11, 11.25, 11.25 ], "texture": "#voxels_atlas" }
			}
		},
		{
			"__comment": "Voxels",
			"from": [ 14.5, 14, 7.5 ],
			"to": [ 15.5, 14.5, 8.5 ],
			"faces": {
				"down": { "uv": [ 3.25, 11.5, 3.75, 12 ], "texture": "#voxels_atlas" },
				"up": { "uv": [ 3.25, 11.5, 3.75, 11 ], "texture": "#voxels_atlas" },
				"north": { "uv": [ 13.25, 11, 12.75, 11.25 ], "texture": "#voxels_atlas" },
				"south": { "uv": [ 13.25, 11, 13.75, 11.25 ], "texture": "#voxels_atlas" },
				"west": { "uv": [ 13.75, 11, 14.25, 11.25 ], "texture": "#voxels_atlas" },
				"east": { "uv": [ 14.75, 11, 14.25, 11.25 ], "texture": "#voxels_atlas" }
			}
		}
	],
	"display": {
		"thirdperson_righthand": {
			"rotation":  [ 0, -90, 0 ],
			"translation":  [ 0, 2, 0.5 ]
		},
		"thirdperson_lefthand": {
			"rotation":  [ 0, 90, 0 ],
			"translation":  [ 0, 2, 0.5 ]
		},
		"firstperson_righthand": {
			"rotation":  [ -20, -80, -30 ],
			"translation":  [ 0, 1, 2 ]
		},
		"firstperson_lefthand": {
			"rotation":  [ -20, 80, 30 ],
			"translation":  [ 0, 1, 2 ]
		},
		"gui": {
			"rotation":  [ 0, 180, 45 ],
			"translation":  [ -1, -2, 0 ]
		},
		"ground": {
			"rotation":  [ 116, 94, 0 ],
			"scale":  [ 0.5, 0.5, 0.5 ]
		},
		"fixed": {
			"rotation":  [ 0, 0, 45 ],
			"translation":  [ 0, -1, 0 ]
		}
	}
}