{
	"__comment": "Designed by Elo106 with Cubik Studio - https://cubik.studio",
	"textures": {
		"particle": "items/minoaxe",
		"texture": "items/minoaxe",
		"voxels_atlas": "items/minoaxe"
	},
	"elements": [ 	 
		{
			"__comment": "Voxels",
			"from": [ 5.5, -14, 6 ],
			"to": [ 6, -11, 6.5 ],
			"faces": {
				"down": { "uv": [ 15, 11.5, 15.25, 11.75 ], "texture": "#voxels_atlas", "cullface": "down" },
				"up": { "uv": [ 4.75, 11, 5, 10.75 ], "texture": "#voxels_atlas", "cullface": "down" },
				"north": { "uv": [ 4, 11.25, 3.75, 12.75 ], "texture": "#voxels_atlas", "cullface": "down" },
				"south": { "uv": [ 3.75, 9.75, 4, 11.25 ], "texture": "#voxels_atlas", "cullface": "down" },
				"west": { "uv": [ 4, 11.25, 4.25, 12.75 ], "texture": "#voxels_atlas", "cullface": "down" },
				"east": { "uv": [ 4, 8.25, 3.75, 9.75 ], "texture": "#voxels_atlas", "cullface": "down" }
			}
		},
		{
			"__comment": "Voxels",
			"from": [ 5.5, -13.5, 7.5 ],
			"to": [ 6.5, -11, 8 ],
			"faces": {
				"down": { "uv": [ 12.5, 12.75, 13, 13 ], "texture": "#voxels_atlas", "cullface": "down" },
				"up": { "uv": [ 12, 13, 12.5, 12.75 ], "texture": "#voxels_atlas", "cullface": "down" },
				"north": { "uv": [ 2, 0, 1.5, 1.25 ], "texture": "#voxels_atlas", "cullface": "down" },
				"south": { "uv": [ 1, 0, 1.5, 1.25 ], "texture": "#voxels_atlas", "cullface": "down" },
				"west": { "uv": [ 4.5, 11.5, 4.75, 12.75 ], "texture": "#voxels_atlas", "cullface": "down" },
				"east": { "uv": [ 4.5, 11.5, 4.25, 12.75 ], "texture": "#voxels_atlas", "cullface": "down" }
			}
		},
		{
			"__comment": "Voxels",
			"from": [ 5.5, 12, 6.5 ],
			"to": [ 6.5, 23, 7.5 ],
			"faces": {
				"up": { "uv": [ 14, 13.5, 14.5, 13 ], "texture": "#voxels_atlas", "cullface": "up" },
				"north": { "uv": [ 2, 5, 1.5, 10.5 ], "texture": "#voxels_atlas", "cullface": "up" },
				"south": { "uv": [ 1, 5, 1.5, 10.5 ], "texture": "#voxels_atlas", "cullface": "up" },
				"west": { "uv": [ 1.5, 10.5, 2, 16 ], "texture": "#voxels_atlas", "cullface": "up" },
				"east": { "uv": [ 1.5, 10.5, 1, 16 ], "texture": "#voxels_atlas", "cullface": "up" }
			}
		},
		{
			"__comment": "Voxels",
			"from": [ 5.5, -12.5, 6.5 ],
			"to": [ 6.5, 12, 7.5 ],
			"faces": {
				"down": { "uv": [ 13.5, 13, 14, 13.5 ], "texture": "#voxels_atlas", "cullface": "down" },
				"north": { "uv": [ 0.5, 8.5, 0, 16 ], "texture": "#voxels_atlas", "cullface": "down" },
				"south": { "uv": [ 0, 1, 0.5, 8.5 ], "texture": "#voxels_atlas", "cullface": "down" },
				"west": { "uv": [ 0.5, 1, 1, 8.5 ], "texture": "#voxels_atlas", "cullface": "down" },
				"east": { "uv": [ 1, 8.5, 0.5, 16 ], "texture": "#voxels_atlas", "cullface": "down" }
			}
		},
		{
			"__comment": "Voxels",
			"from": [ 5.5, 15.5, 7.5 ],
			"to": [ 7, 17, 8 ],
			"faces": {
				"down": { "uv": [ 12.75, 11.25, 13.5, 11.5 ], "texture": "#voxels_atlas", "cullface": "up" },
				"up": { "uv": [ 13.5, 11.5, 14.25, 11.25 ], "texture": "#voxels_atlas", "cullface": "up" },
				"north": { "uv": [ 8, 12.75, 7.25, 13.5 ], "texture": "#voxels_atlas", "cullface": "up" },
				"south": { "uv": [ 8, 12.75, 8.75, 13.5 ], "texture": "#voxels_atlas", "cullface": "up" },
				"west": { "uv": [ 4.5, 6.75, 4.75, 7.5 ], "texture": "#voxels_atlas", "cullface": "up" },
				"east": { "uv": [ 4.75, 6, 4.5, 6.75 ], "texture": "#voxels_atlas", "cullface": "up" }
			}
		},
		{
			"__comment": "Voxels",
			"from": [ 5.5, 16, 8 ],
			"to": [ 7, 18, 8.5 ],
			"faces": {
				"down": { "uv": [ 14.25, 11.25, 15, 11.5 ], "texture": "#voxels_atlas", "cullface": "up" },
				"up": { "uv": [ 15, 11.5, 15.75, 11.25 ], "texture": "#voxels_atlas", "cullface": "up" },
				"north": { "uv": [ 11, 13.5, 10.25, 14.5 ], "texture": "#voxels_atlas", "cullface": "up" },
				"south": { "uv": [ 9.5, 13.5, 10.25, 14.5 ], "texture": "#voxels_atlas", "cullface": "up" },
				"west": { "uv": [ 4.25, 7.5, 4.5, 8.5 ], "texture": "#voxels_atlas", "cullface": "up" },
				"east": { "uv": [ 10.75, 11.75, 10.5, 12.75 ], "texture": "#voxels_atlas", "cullface": "up" }
			}
		},
		{
			"__comment": "Voxels",
			"from": [ 5.5, 16.5, 8.5 ],
			"to": [ 7, 21.5, 9 ],
			"faces": {
				"down": { "uv": [ 4.75, 11, 5.5, 11.25 ], "texture": "#voxels_atlas", "cullface": "up" },
				"up": { "uv": [ 5.5, 11.25, 6.25, 11 ], "texture": "#voxels_atlas", "cullface": "up" },
				"north": { "uv": [ 3.5, 13.5, 2.75, 16 ], "texture": "#voxels_atlas", "cullface": "up" },
				"south": { "uv": [ 2, 13.5, 2.75, 16 ], "texture": "#voxels_atlas", "cullface": "up" },
				"west": { "uv": [ 2, 0, 2.25, 2.5 ], "texture": "#voxels_atlas", "cullface": "up" },
				"east": { "uv": [ 2.5, 0, 2.25, 2.5 ], "texture": "#voxels_atlas", "cullface": "up" }
			}
		},
		{
			"__comment": "Voxels",
			"from": [ 5.5, 17.5, 9 ],
			"to": [ 7, 21, 9.5 ],
			"faces": {
				"down": { "uv": [ 6.25, 11, 7, 11.25 ], "texture": "#voxels_atlas", "cullface": "up" },
				"up": { "uv": [ 7, 11.25, 7.75, 11 ], "texture": "#voxels_atlas", "cullface": "up" },
				"south": { "uv": [ 6.5, 14.25, 7.25, 16 ], "texture": "#voxels_atlas", "cullface": "up" },
				"west": { "uv": [ 3.5, 7.5, 3.75, 9.25 ], "texture": "#voxels_atlas", "cullface": "up" },
				"east": { "uv": [ 3, 5, 2.75, 6.75 ], "texture": "#voxels_atlas", "cullface": "up" }
			}
		},
		{
			"__comment": "Voxels",
			"from": [ 5.5, 19, 9.5 ],
			"to": [ 7, 21, 10 ],
			"faces": {
				"down": { "uv": [ 7.75, 11, 8.5, 11.25 ], "texture": "#voxels_atlas", "cullface": "up" },
				"up": { "uv": [ 8.5, 11.25, 9.25, 11 ], "texture": "#voxels_atlas", "cullface": "up" },
				"south": { "uv": [ 8, 13.5, 8.75, 14.5 ], "texture": "#voxels_atlas", "cullface": "up" },
				"west": { "uv": [ 11.75, 11.75, 12, 12.75 ], "texture": "#voxels_atlas", "cullface": "up" },
				"east": { "uv": [ 12.75, 11.75, 12.5, 12.75 ], "texture": "#voxels_atlas", "cullface": "up" }
			}
		},
		{
			"__comment": "Voxels",
			"from": [ 5.5, 19.5, 8 ],
			"to": [ 7, 22.5, 8.5 ],
			"faces": {
				"down": { "uv": [ 9.25, 11, 10, 11.25 ], "texture": "#voxels_atlas", "cullface": "up" },
				"up": { "uv": [ 3.5, 13.75, 4.25, 13.5 ], "texture": "#voxels_atlas", "cullface": "up" },
				"north": { "uv": [ 10.25, 14.5, 9.5, 16 ], "texture": "#voxels_atlas", "cullface": "up" },
				"south": { "uv": [ 10.25, 14.5, 11, 16 ], "texture": "#voxels_atlas", "cullface": "up" },
				"west": { "uv": [ 3.75, 6.75, 4, 8.25 ], "texture": "#voxels_atlas", "cullface": "up" },
				"east": { "uv": [ 3.75, 4.5, 3.5, 6 ], "texture": "#voxels_atlas", "cullface": "up" }
			}
		},
		{
			"__comment": "Voxels",
			"from": [ 5.5, 20, 7.5 ],
			"to": [ 7, 22.5, 8 ],
			"faces": {
				"down": { "uv": [ 4.25, 13.5, 5, 13.75 ], "texture": "#voxels_atlas", "cullface": "up" },
				"up": { "uv": [ 5, 13.75, 5.75, 13.5 ], "texture": "#voxels_atlas", "cullface": "up" },
				"north": { "uv": [ 15.75, 14.75, 15, 16 ], "texture": "#voxels_atlas", "cullface": "up" },
				"west": { "uv": [ 9.25, 11.5, 9.5, 12.75 ], "texture": "#voxels_atlas", "cullface": "up" },
				"east": { "uv": [ 9.25, 11.5, 9, 12.75 ], "texture": "#voxels_atlas", "cullface": "up" }
			}
		},
		{
			"__comment": "Voxels",
			"from": [ 5.5, 20.5, 6 ],
			"to": [ 7, 23.5, 6.5 ],
			"faces": {
				"down": { "uv": [ 5.75, 13.5, 6.5, 13.75 ], "texture": "#voxels_atlas", "cullface": "up" },
				"up": { "uv": [ 8.75, 13, 9.5, 12.75 ], "texture": "#voxels_atlas", "cullface": "up" },
				"north": { "uv": [ 9.5, 14.5, 8.75, 16 ], "texture": "#voxels_atlas", "cullface": "up" },
				"south": { "uv": [ 8, 14.5, 8.75, 16 ], "texture": "#voxels_atlas", "cullface": "up" },
				"west": { "uv": [ 3.5, 0, 3.75, 1.5 ], "texture": "#voxels_atlas", "cullface": "up" },
				"east": { "uv": [ 3.75, 1.5, 3.5, 3 ], "texture": "#voxels_atlas", "cullface": "up" }
			}
		},
		{
			"__comment": "Voxels",
			"from": [ 5.5, 21, 4.5 ],
			"to": [ 7, 25.5, 6 ],
			"faces": {
				"down": { "uv": [ 6.5, 13.5, 7.25, 14.25 ], "texture": "#voxels_atlas", "cullface": "up" },
				"up": { "uv": [ 2.75, 13.5, 3.5, 12.75 ], "texture": "#voxels_atlas", "cullface": "up" },
				"north": { "uv": [ 4.25, 13.75, 3.5, 16 ], "texture": "#voxels_atlas", "cullface": "up" },
				"south": { "uv": [ 5.75, 13.75, 6.5, 16 ], "texture": "#voxels_atlas", "cullface": "up" },
				"west": { "uv": [ 5, 13.75, 5.75, 16 ], "texture": "#voxels_atlas", "cullface": "up" },
				"east": { "uv": [ 5, 13.75, 4.25, 16 ], "texture": "#voxels_atlas", "cullface": "up" }
			}
		},
		{
			"__comment": "Voxels",
			"from": [ 5.5, 22, 4 ],
			"to": [ 7, 24.5, 4.5 ],
			"faces": {
				"down": { "uv": [ 9.5, 12.75, 10.25, 13 ], "texture": "#voxels_atlas", "cullface": "up" },
				"up": { "uv": [ 10.25, 13, 11, 12.75 ], "texture": "#voxels_atlas", "cullface": "up" },
				"north": { "uv": [ 15, 14.75, 14.25, 16 ], "texture": "#voxels_atlas", "cullface": "up" },
				"west": { "uv": [ 5.25, 11.5, 5.5, 12.75 ], "texture": "#voxels_atlas", "cullface": "up" },
				"east": { "uv": [ 5.75, 11.5, 5.5, 12.75 ], "texture": "#voxels_atlas", "cullface": "up" }
			}
		},
		{
			"__comment": "Voxels",
			"from": [ 5.5, 24.5, 6 ],
			"to": [ 7, 27, 6.5 ],
			"faces": {
				"down": { "uv": [ 11, 12.75, 11.75, 13 ], "texture": "#voxels_atlas", "cullface": "up" },
				"up": { "uv": [ 4.5, 11.5, 5.25, 11.25 ], "texture": "#voxels_atlas", "cullface": "up" },
				"north": { "uv": [ 14.25, 14.75, 13.5, 16 ], "texture": "#voxels_atlas", "cullface": "up" },
				"south": { "uv": [ 12.75, 13.5, 13.5, 14.75 ], "texture": "#voxels_atlas", "cullface": "up" },
				"west": { "uv": [ 6, 11.5, 6.25, 12.75 ], "texture": "#voxels_atlas", "cullface": "up" },
				"east": { "uv": [ 16, 13.5, 15.75, 14.75 ], "texture": "#voxels_atlas", "cullface": "up" }
			}
		},
		{
			"__comment": "Voxels",
			"from": [ 5.5, 24.5, 8 ],
			"to": [ 7, 27, 8.5 ],
			"faces": {
				"down": { "uv": [ 5.25, 11.25, 6, 11.5 ], "texture": "#voxels_atlas", "cullface": "up" },
				"up": { "uv": [ 6, 11.5, 6.75, 11.25 ], "texture": "#voxels_atlas", "cullface": "up" },
				"north": { "uv": [ 13.5, 14.75, 12.75, 16 ], "texture": "#voxels_atlas", "cullface": "up" },
				"south": { "uv": [ 2, 11, 2.75, 12.25 ], "texture": "#voxels_atlas", "cullface": "up" },
				"west": { "uv": [ 6.75, 11.5, 7, 12.75 ], "texture": "#voxels_atlas", "cullface": "up" },
				"east": { "uv": [ 7.25, 11.5, 7, 12.75 ], "texture": "#voxels_atlas", "cullface": "up" }
			}
		},
		{
			"__comment": "Voxels",
			"from": [ 5.5, 24.5, 8.5 ],
			"to": [ 7, 26, 9 ],
			"faces": {
				"down": { "uv": [ 12, 11.25, 12.75, 11.5 ], "texture": "#voxels_atlas", "cullface": "up" },
				"up": { "uv": [ 6.75, 11.5, 7.5, 11.25 ], "texture": "#voxels_atlas", "cullface": "up" },
				"south": { "uv": [ 4.25, 12.75, 5, 13.5 ], "texture": "#voxels_atlas", "cullface": "up" },
				"west": { "uv": [ 3.75, 0, 4, 0.75 ], "texture": "#voxels_atlas", "cullface": "up" },
				"east": { "uv": [ 4.25, 0, 4, 0.75 ], "texture": "#voxels_atlas", "cullface": "up" }
			}
		},
		{
			"__comment": "Voxels",
			"from": [ 5.5, 25, 6.5 ],
			"to": [ 7, 27.5, 8 ],
			"faces": {
				"down": { "uv": [ 3.5, 12.75, 4.25, 13.5 ], "texture": "#voxels_atlas", "cullface": "up" },
				"up": { "uv": [ 5.75, 13.5, 6.5, 12.75 ], "texture": "#voxels_atlas", "cullface": "up" },
				"north": { "uv": [ 15, 13.5, 14.25, 14.75 ], "texture": "#voxels_atlas", "cullface": "up" },
				"south": { "uv": [ 2, 8.5, 2.75, 9.75 ], "texture": "#voxels_atlas", "cullface": "up" },
				"west": { "uv": [ 2, 9.75, 2.75, 11 ], "texture": "#voxels_atlas", "cullface": "up" },
				"east": { "uv": [ 2.75, 12.25, 2, 13.5 ], "texture": "#voxels_atlas", "cullface": "up" }
			}
		},
		{
			"__comment": "Voxels",
			"from": [ 5.5, 25.5, 5 ],
			"to": [ 7, 26.5, 6 ],
			"faces": {
				"up": { "uv": [ 8.75, 13.5, 9.5, 13 ], "texture": "#voxels_atlas", "cullface": "up" },
				"north": { "uv": [ 11.75, 13.5, 11, 14 ], "texture": "#voxels_atlas", "cullface": "up" },
				"west": { "uv": [ 12.5, 13, 13, 13.5 ], "texture": "#voxels_atlas", "cullface": "up" },
				"east": { "uv": [ 13.5, 13, 13, 13.5 ], "texture": "#voxels_atlas", "cullface": "up" }
			}
		},
		{
			"__comment": "Voxels",
			"from": [ 6, -14, 7.5 ],
			"to": [ 6.5, -13.5, 8 ],
			"faces": {
				"down": { "uv": [ 4.75, 8.5, 5, 8.75 ], "texture": "#voxels_atlas", "cullface": "down" },
				"north": { "uv": [ 16, 11, 15.75, 11.25 ], "texture": "#voxels_atlas", "cullface": "down" },
				"south": { "uv": [ 15.5, 11, 15.75, 11.25 ], "texture": "#voxels_atlas", "cullface": "down" },
				"west": { "uv": [ 11.25, 11, 11.5, 11.25 ], "texture": "#voxels_atlas", "cullface": "down" },
				"east": { "uv": [ 11.25, 11, 11, 11.25 ], "texture": "#voxels_atlas", "cullface": "down" }
			}
		},
		{
			"__comment": "Voxels",
			"from": [ 6, -13.5, 6 ],
			"to": [ 6.5, -11, 6.5 ],
			"faces": {
				"down": { "uv": [ 4.5, 0, 4.75, 0.25 ], "texture": "#voxels_atlas", "cullface": "down" },
				"up": { "uv": [ 4.5, 0.5, 4.75, 0.25 ], "texture": "#voxels_atlas", "cullface": "down" },
				"north": { "uv": [ 9.75, 11.5, 9.5, 12.75 ], "texture": "#voxels_atlas", "cullface": "down" },
				"south": { "uv": [ 7.25, 11.5, 7.5, 12.75 ], "texture": "#voxels_atlas", "cullface": "down" },
				"east": { "uv": [ 7.75, 11.5, 7.5, 12.75 ], "texture": "#voxels_atlas", "cullface": "down" }
			}
		},
		{
			"__comment": "Voxels",
			"from": [ 6, 13.5, 7.5 ],
			"to": [ 6.5, 15.5, 8 ],
			"faces": {
				"down": { "uv": [ 10.5, 11, 10.75, 11.25 ], "texture": "#voxels_atlas" },
				"south": { "uv": [ 11.25, 11.75, 11.5, 12.75 ], "texture": "#voxels_atlas" },
				"west": { "uv": [ 12, 11.75, 12.25, 12.75 ], "texture": "#voxels_atlas" },
				"east": { "uv": [ 12.5, 11.75, 12.25, 12.75 ], "texture": "#voxels_atlas" }
			}
		},
		{
			"__comment": "Voxels",
			"from": [ 6, 14, 8 ],
			"to": [ 6.5, 16, 8.5 ],
			"faces": {
				"down": { "uv": [ 4.75, 10.25, 5, 10.5 ], "texture": "#voxels_atlas" },
				"north": { "uv": [ 4.5, 9.5, 4.25, 10.5 ], "texture": "#voxels_atlas" },
				"south": { "uv": [ 4.25, 8.5, 4.5, 9.5 ], "texture": "#voxels_atlas" },
				"west": { "uv": [ 11.5, 11.75, 11.75, 12.75 ], "texture": "#voxels_atlas" },
				"east": { "uv": [ 4.5, 6.5, 4.25, 7.5 ], "texture": "#voxels_atlas" }
			}
		},
		{
			"__comment": "Voxels",
			"from": [ 6, 14.5, 8.5 ],
			"to": [ 6.5, 16.5, 9 ],
			"faces": {
				"down": { "uv": [ 13, 11, 13.25, 11.25 ], "texture": "#voxels_atlas", "cullface": "up" },
				"north": { "uv": [ 10.25, 11.75, 10, 12.75 ], "texture": "#voxels_atlas", "cullface": "up" },
				"south": { "uv": [ 10.25, 11.75, 10.5, 12.75 ], "texture": "#voxels_atlas", "cullface": "up" },
				"west": { "uv": [ 10.75, 11.75, 11, 12.75 ], "texture": "#voxels_atlas", "cullface": "up" },
				"east": { "uv": [ 13, 11.75, 12.75, 12.75 ], "texture": "#voxels_atlas", "cullface": "up" }
			}
		},
		{
			"__comment": "Voxels",
			"from": [ 6, 15, 9 ],
			"to": [ 6.5, 17.5, 9.5 ],
			"faces": {
				"down": { "uv": [ 9.75, 11.5, 10, 11.75 ], "texture": "#voxels_atlas", "cullface": "up" },
				"north": { "uv": [ 6, 11.5, 5.75, 12.75 ], "texture": "#voxels_atlas", "cullface": "up" },
				"south": { "uv": [ 6.25, 11.5, 6.5, 12.75 ], "texture": "#voxels_atlas", "cullface": "up" },
				"west": { "uv": [ 6.5, 11.5, 6.75, 12.75 ], "texture": "#voxels_atlas", "cullface": "up" },
				"east": { "uv": [ 8, 11.5, 7.75, 12.75 ], "texture": "#voxels_atlas", "cullface": "up" }
			}
		},
		{
			"__comment": "Voxels",
			"from": [ 6, 16, 9.5 ],
			"to": [ 6.5, 19, 10 ],
			"faces": {
				"down": { "uv": [ 12, 11.5, 12.25, 11.75 ], "texture": "#voxels_atlas", "cullface": "up" },
				"north": { "uv": [ 4.25, 9.75, 4, 11.25 ], "texture": "#voxels_atlas", "cullface": "up" },
				"south": { "uv": [ 3.5, 6, 3.75, 7.5 ], "texture": "#voxels_atlas", "cullface": "up" },
				"west": { "uv": [ 3.5, 3, 3.75, 4.5 ], "texture": "#voxels_atlas", "cullface": "up" },
				"east": { "uv": [ 3, 0, 2.75, 1.5 ], "texture": "#voxels_atlas", "cullface": "up" }
			}
		},
		{
			"__comment": "Voxels",
			"from": [ 6, 17, 10 ],
			"to": [ 6.5, 21, 10.5 ],
			"faces": {
				"down": { "uv": [ 13.5, 11.5, 13.75, 11.75 ], "texture": "#voxels_atlas", "cullface": "up" },
				"up": { "uv": [ 13.75, 11.75, 14, 11.5 ], "texture": "#voxels_atlas", "cullface": "up" },
				"north": { "uv": [ 3, 8.75, 2.75, 10.75 ], "texture": "#voxels_atlas", "cullface": "up" },
				"south": { "uv": [ 2.75, 6.75, 3, 8.75 ], "texture": "#voxels_atlas", "cullface": "up" },
				"west": { "uv": [ 2.5, 0.5, 2.75, 2.5 ], "texture": "#voxels_atlas", "cullface": "up" },
				"east": { "uv": [ 3, 10.75, 2.75, 12.75 ], "texture": "#voxels_atlas", "cullface": "up" }
			}
		},
		{
			"__comment": "Voxels",
			"from": [ 6, 18, 10.5 ],
			"to": [ 6.5, 21.5, 11 ],
			"faces": {
				"down": { "uv": [ 15.25, 11.5, 15.5, 11.75 ], "texture": "#voxels_atlas", "cullface": "up" },
				"up": { "uv": [ 4.25, 0.25, 4.5, 0 ], "texture": "#voxels_atlas", "cullface": "up" },
				"north": { "uv": [ 3.25, 2, 3, 3.75 ], "texture": "#voxels_atlas", "cullface": "up" },
				"south": { "uv": [ 3.25, 3.75, 3.5, 5.5 ], "texture": "#voxels_atlas", "cullface": "up" },
				"west": { "uv": [ 3, 3.75, 3.25, 5.5 ], "texture": "#voxels_atlas", "cullface": "up" },
				"east": { "uv": [ 3.5, 5.5, 3.25, 7.25 ], "texture": "#voxels_atlas", "cullface": "up" }
			}
		},
		{
			"__comment": "Voxels",
			"from": [ 6, 19.5, 11 ],
			"to": [ 6.5, 22, 11.5 ],
			"faces": {
				"down": { "uv": [ 4.5, 1.75, 4.75, 2 ], "texture": "#voxels_atlas", "cullface": "up" },
				"up": { "uv": [ 4.5, 1.75, 4.75, 1.5 ], "texture": "#voxels_atlas", "cullface": "up" },
				"north": { "uv": [ 5.25, 11.5, 5, 12.75 ], "texture": "#voxels_atlas", "cullface": "up" },
				"south": { "uv": [ 4.75, 11.5, 5, 12.75 ], "texture": "#voxels_atlas", "cullface": "up" },
				"west": { "uv": [ 8.25, 11.5, 8.5, 12.75 ], "texture": "#voxels_atlas", "cullface": "up" },
				"east": { "uv": [ 8.75, 11.5, 8.5, 12.75 ], "texture": "#voxels_atlas", "cullface": "up" }
			}
		},
		{
			"__comment": "Voxels",
			"from": [ 6, 20, 3.5 ],
			"to": [ 6.5, 27.5, 4 ],
			"faces": {
				"down": { "uv": [ 10, 11, 10.25, 11.25 ], "texture": "#voxels_atlas", "cullface": "up" },
				"up": { "uv": [ 10.25, 11.25, 10.5, 11 ], "texture": "#voxels_atlas", "cullface": "up" },
				"north": { "uv": [ 1.25, 1.25, 1, 5 ], "texture": "#voxels_atlas", "cullface": "up" },
				"south": { "uv": [ 1.25, 1.25, 1.5, 5 ], "texture": "#voxels_atlas", "cullface": "up" },
				"west": { "uv": [ 1.5, 1.25, 1.75, 5 ], "texture": "#voxels_atlas", "cullface": "up" },
				"east": { "uv": [ 2, 1.25, 1.75, 5 ], "texture": "#voxels_atlas", "cullface": "up" }
			}
		},
		{
			"__comment": "Voxels",
			"from": [ 6, 20.5, 4 ],
			"to": [ 6.5, 22, 4.5 ],
			"faces": {
				"down": { "uv": [ 15, 11, 15.25, 11.25 ], "texture": "#voxels_atlas", "cullface": "up" },
				"south": { "uv": [ 4.25, 1, 4.5, 1.75 ], "texture": "#voxels_atlas", "cullface": "up" },
				"west": { "uv": [ 4.5, 8.25, 4.75, 9 ], "texture": "#voxels_atlas", "cullface": "up" },
				"east": { "uv": [ 4.75, 7.5, 4.5, 8.25 ], "texture": "#voxels_atlas", "cullface": "up" }
			}
		},
		{
			"__comment": "Voxels",
			"from": [ 6, 21, 3 ],
			"to": [ 6.5, 27, 3.5 ],
			"faces": {
				"down": { "uv": [ 4.75, 9.75, 5, 10 ], "texture": "#voxels_atlas", "cullface": "up" },
				"up": { "uv": [ 4.75, 9.75, 5, 9.5 ], "texture": "#voxels_atlas", "cullface": "up" },
				"north": { "uv": [ 2.25, 5.5, 2, 8.5 ], "texture": "#voxels_atlas", "cullface": "up" },
				"west": { "uv": [ 2.25, 2.5, 2.5, 5.5 ], "texture": "#voxels_atlas", "cullface": "up" },
				"east": { "uv": [ 2.75, 2.5, 2.5, 5.5 ], "texture": "#voxels_atlas", "cullface": "up" }
			}
		},
		{
			"__comment": "Voxels",
			"from": [ 6, 22, 2.5 ],
			"to": [ 6.5, 25.5, 3 ],
			"faces": {
				"down": { "uv": [ 4.5, 0.75, 4.75, 1 ], "texture": "#voxels_atlas", "cullface": "up" },
				"up": { "uv": [ 4.5, 0.75, 4.75, 0.5 ], "texture": "#voxels_atlas", "cullface": "up" },
				"north": { "uv": [ 3, 3.25, 2.75, 5 ], "texture": "#voxels_atlas", "cullface": "up" },
				"west": { "uv": [ 3, 9, 3.25, 10.75 ], "texture": "#voxels_atlas", "cullface": "up" },
				"east": { "uv": [ 3.5, 9, 3.25, 10.75 ], "texture": "#voxels_atlas", "cullface": "up" }
			}
		},
		{
			"__comment": "Voxels",
			"from": [ 6, 24.5, 4 ],
			"to": [ 6.5, 28, 4.5 ],
			"faces": {
				"up": { "uv": [ 4.75, 9.5, 5, 9.25 ], "texture": "#voxels_atlas", "cullface": "up" },
				"north": { "uv": [ 3.25, 7.25, 3, 9 ], "texture": "#voxels_atlas", "cullface": "up" },
				"south": { "uv": [ 3.25, 7.25, 3.5, 9 ], "texture": "#voxels_atlas", "cullface": "up" },
				"west": { "uv": [ 3, 5.5, 3.25, 7.25 ], "texture": "#voxels_atlas", "cullface": "up" },
				"east": { "uv": [ 3.75, 9.25, 3.5, 11 ], "texture": "#voxels_atlas", "cullface": "up" }
			}
		},
		{
			"__comment": "Voxels",
			"from": [ 6, 24.5, 9 ],
			"to": [ 6.5, 28, 9.5 ],
			"faces": {
				"down": { "uv": [ 10, 11.5, 10.25, 11.75 ], "texture": "#voxels_atlas", "cullface": "up" },
				"up": { "uv": [ 10.25, 11.75, 10.5, 11.5 ], "texture": "#voxels_atlas", "cullface": "up" },
				"north": { "uv": [ 3.5, 2, 3.25, 3.75 ], "texture": "#voxels_atlas", "cullface": "up" },
				"south": { "uv": [ 3, 0.25, 3.25, 2 ], "texture": "#voxels_atlas", "cullface": "up" },
				"west": { "uv": [ 3.25, 0.25, 3.5, 2 ], "texture": "#voxels_atlas", "cullface": "up" },
				"east": { "uv": [ 3.75, 11, 3.5, 12.75 ], "texture": "#voxels_atlas", "cullface": "up" }
			}
		},
		{
			"__comment": "Voxels",
			"from": [ 6, 25, 9.5 ],
			"to": [ 6.5, 26.5, 10 ],
			"faces": {
				"down": { "uv": [ 11.5, 11.5, 11.75, 11.75 ], "texture": "#voxels_atlas", "cullface": "up" },
				"up": { "uv": [ 11.75, 11.75, 12, 11.5 ], "texture": "#voxels_atlas", "cullface": "up" },
				"south": { "uv": [ 15.25, 12.75, 15.5, 13.5 ], "texture": "#voxels_atlas", "cullface": "up" },
				"west": { "uv": [ 15.5, 12.75, 15.75, 13.5 ], "texture": "#voxels_atlas", "cullface": "up" },
				"east": { "uv": [ 16, 12.75, 15.75, 13.5 ], "texture": "#voxels_atlas", "cullface": "up" }
			}
		},
		{
			"__comment": "Voxels",
			"from": [ 6, 25.5, 4.5 ],
			"to": [ 6.5, 28.5, 5 ],
			"faces": {
				"up": { "uv": [ 13.25, 11.75, 13.5, 11.5 ], "texture": "#voxels_atlas", "cullface": "up" },
				"north": { "uv": [ 4.25, 0.75, 4, 2.25 ], "texture": "#voxels_atlas", "cullface": "up" },
				"south": { "uv": [ 4, 2.25, 4.25, 3.75 ], "texture": "#voxels_atlas", "cullface": "up" },
				"west": { "uv": [ 4, 3.75, 4.25, 5.25 ], "texture": "#voxels_atlas", "cullface": "up" },
				"east": { "uv": [ 4.25, 5.25, 4, 6.75 ], "texture": "#voxels_atlas", "cullface": "up" }
			}
		},
		{
			"__comment": "Voxels",
			"from": [ 6, 26, 8.5 ],
			"to": [ 6.5, 29, 9 ],
			"faces": {
				"up": { "uv": [ 14.25, 11.75, 14.5, 11.5 ], "texture": "#voxels_atlas", "cullface": "up" },
				"north": { "uv": [ 4.25, 6.75, 4, 8.25 ], "texture": "#voxels_atlas", "cullface": "up" },
				"south": { "uv": [ 4, 8.25, 4.25, 9.75 ], "texture": "#voxels_atlas", "cullface": "up" },
				"west": { "uv": [ 3.75, 0.75, 4, 2.25 ], "texture": "#voxels_atlas", "cullface": "up" },
				"east": { "uv": [ 4, 2.25, 3.75, 3.75 ], "texture": "#voxels_atlas", "cullface": "up" }
			}
		},
		{
			"__comment": "Voxels",
			"from": [ 6, 26.5, 5 ],
			"to": [ 6.5, 28.5, 6 ],
			"faces": {
				"up": { "uv": [ 2.5, 0.5, 2.75, 0 ], "texture": "#voxels_atlas", "cullface": "up" },
				"south": { "uv": [ 13.25, 11.75, 13.5, 12.75 ], "texture": "#voxels_atlas", "cullface": "up" },
				"west": { "uv": [ 0.5, 0, 1, 1 ], "texture": "#voxels_atlas", "cullface": "up" },
				"east": { "uv": [ 0.5, 0, 0, 1 ], "texture": "#voxels_atlas", "cullface": "up" }
			}
		},
		{
			"__comment": "Voxels",
			"from": [ 6, 27, 6 ],
			"to": [ 6.5, 29, 6.5 ],
			"faces": {
				"up": { "uv": [ 4.5, 2.5, 4.75, 2.25 ], "texture": "#voxels_atlas", "cullface": "up" },
				"north": { "uv": [ 13.75, 11.75, 13.5, 12.75 ], "texture": "#voxels_atlas", "cullface": "up" },
				"south": { "uv": [ 13.75, 11.75, 14, 12.75 ], "texture": "#voxels_atlas", "cullface": "up" },
				"west": { "uv": [ 14, 11.75, 14.25, 12.75 ], "texture": "#voxels_atlas", "cullface": "up" },
				"east": { "uv": [ 14.5, 11.75, 14.25, 12.75 ], "texture": "#voxels_atlas", "cullface": "up" }
			}
		},
		{
			"__comment": "Voxels",
			"from": [ 6, 27, 8 ],
			"to": [ 6.5, 29, 8.5 ],
			"faces": {
				"up": { "uv": [ 4.5, 1.25, 4.75, 1 ], "texture": "#voxels_atlas", "cullface": "up" },
				"north": { "uv": [ 4.5, 2.5, 4.25, 3.5 ], "texture": "#voxels_atlas", "cullface": "up" },
				"west": { "uv": [ 14.75, 11.75, 15, 12.75 ], "texture": "#voxels_atlas", "cullface": "up" },
				"east": { "uv": [ 15.25, 11.75, 15, 12.75 ], "texture": "#voxels_atlas", "cullface": "up" }
			}
		},
		{
			"__comment": "Voxels",
			"from": [ 6, 27.5, 6.5 ],
			"to": [ 6.5, 29, 8 ],
			"faces": {
				"up": { "uv": [ 4.5, 11.25, 4.75, 10.5 ], "texture": "#voxels_atlas", "cullface": "up" },
				"west": { "uv": [ 7.25, 13.5, 8, 14.25 ], "texture": "#voxels_atlas", "cullface": "up" },
				"east": { "uv": [ 5.75, 12.75, 5, 13.5 ], "texture": "#voxels_atlas", "cullface": "up" }
			}
		},
		{
			"__comment": "Voxels",
			"from": [ 6, 28.5, 5.5 ],
			"to": [ 6.5, 29, 6 ],
			"faces": {
				"up": { "uv": [ 11.75, 11.25, 12, 11 ], "texture": "#voxels_atlas", "cullface": "up" },
				"north": { "uv": [ 12.25, 11, 12, 11.25 ], "texture": "#voxels_atlas", "cullface": "up" },
				"west": { "uv": [ 12.5, 11, 12.75, 11.25 ], "texture": "#voxels_atlas", "cullface": "up" },
				"east": { "uv": [ 13, 11, 12.75, 11.25 ], "texture": "#voxels_atlas", "cullface": "up" }
			}
		},
		{
			"__comment": "Voxels",
			"from": [ 6, 29, 7 ],
			"to": [ 6.5, 29.5, 8 ],
			"faces": {
				"up": { "uv": [ 4.5, 5, 4.75, 4.5 ], "texture": "#voxels_atlas", "cullface": "up" },
				"north": { "uv": [ 13.75, 11, 13.5, 11.25 ], "texture": "#voxels_atlas", "cullface": "up" },
				"south": { "uv": [ 13.75, 11, 14, 11.25 ], "texture": "#voxels_atlas", "cullface": "up" },
				"west": { "uv": [ 3, 0, 3.5, 0.25 ], "texture": "#voxels_atlas", "cullface": "up" },
				"east": { "uv": [ 16, 11.5, 15.5, 11.75 ], "texture": "#voxels_atlas", "cullface": "up" }
			}
		},
		{
			"__comment": "Voxels",
			"from": [ 5, -13.5, 6.5 ],
			"to": [ 5.5, -11.5, 7 ],
			"faces": {
				"down": { "uv": [ 14.5, 11, 14.75, 11.25 ], "texture": "#voxels_atlas", "cullface": "down" },
				"up": { "uv": [ 14.75, 11.25, 15, 11 ], "texture": "#voxels_atlas", "cullface": "down" },
				"north": { "uv": [ 15.5, 11.75, 15.25, 12.75 ], "texture": "#voxels_atlas", "cullface": "down" },
				"south": { "uv": [ 15.5, 11.75, 15.75, 12.75 ], "texture": "#voxels_atlas", "cullface": "down" },
				"west": { "uv": [ 15.75, 11.75, 16, 12.75 ], "texture": "#voxels_atlas", "cullface": "down" },
				"east": { "uv": [ 4.5, 10.5, 4.25, 11.5 ], "texture": "#voxels_atlas", "cullface": "down" }
			}
		},
		{
			"__comment": "Voxels",
			"from": [ 6.5, 14, 6.5 ],
			"to": [ 7, 17, 7.5 ],
			"faces": {
				"down": { "uv": [ 4.5, 5.5, 4.75, 6 ], "texture": "#voxels_atlas", "cullface": "up" },
				"up": { "uv": [ 4.5, 4.5, 4.75, 4 ], "texture": "#voxels_atlas", "cullface": "up" },
				"north": { "uv": [ 4, 3.75, 3.75, 5.25 ], "texture": "#voxels_atlas", "cullface": "up" },
				"south": { "uv": [ 3.75, 5.25, 4, 6.75 ], "texture": "#voxels_atlas", "cullface": "up" },
				"east": { "uv": [ 2.75, 5.5, 2.25, 7 ], "texture": "#voxels_atlas", "cullface": "up" }
			}
		},
		{
			"__comment": "Voxels",
			"from": [ 6.5, 20.5, 6.5 ],
			"to": [ 7, 22.5, 7.5 ],
			"faces": {
				"down": { "uv": [ 4.5, 3.5, 4.75, 4 ], "texture": "#voxels_atlas", "cullface": "up" },
				"up": { "uv": [ 4.5, 3.5, 4.75, 3 ], "texture": "#voxels_atlas", "cullface": "up" },
				"east": { "uv": [ 3.5, 11.75, 3, 12.75 ], "texture": "#voxels_atlas", "cullface": "up" }
			}
		},
		{
			"__comment": "Voxels",
			"from": [ 6.5, -13.5, 7 ],
			"to": [ 7, -11.5, 7.5 ],
			"faces": {
				"down": { "uv": [ 14.5, 11, 14.75, 11.25 ], "texture": "#voxels_atlas", "cullface": "down" },
				"up": { "uv": [ 14.75, 11.25, 15, 11 ], "texture": "#voxels_atlas", "cullface": "down" },
				"north": { "uv": [ 15.5, 11.75, 15.25, 12.75 ], "texture": "#voxels_atlas", "cullface": "down" },
				"south": { "uv": [ 15.5, 11.75, 15.75, 12.75 ], "texture": "#voxels_atlas", "cullface": "down" },
				"west": { "uv": [ 15.75, 11.75, 16, 12.75 ], "texture": "#voxels_atlas", "cullface": "down" },
				"east": { "uv": [ 4.5, 10.5, 4.25, 11.5 ], "texture": "#voxels_atlas", "cullface": "down" }
			}
		}
	],
	"display": {
		"thirdperson_righthand": {
			"translation":  [ 2, 3, 2 ]
		},
		"thirdperson_lefthand": {
			"translation":  [ -2, 3, 2 ]
		},
		"firstperson_righthand": {
			"rotation":  [ -10, 30, 0 ],
			"translation":  [ 5, 0, 0 ]
		},
		"firstperson_lefthand": {
			"rotation":  [ -10, 30, 0 ],
			"translation":  [ 5, 0, 0 ]
		},
		"gui": {
			"rotation":  [ 90, 45, -90 ],
			"scale":  [ 0.5, 0.5, 0.5 ]
		},
		"ground": {
			"rotation":  [ 127, 38, 0 ],
			"scale":  [ 0.5, 0.3, 0.5 ]
		},
		"fixed": {
			"rotation":  [ 90, 45, -90 ],
			"scale":  [ 0.5, 0.5, 0.5 ]
		}
	}
}