{
	"__comment": "Designed by Elo106 with Cubik Studio - https://cubik.studio",
	"textures": {
		"particle": "items/vampiric_lance",
		"texture": "items/vampiric_lance",
		"voxels_atlas": "items/vampiric_lance"
	},
	"elements": [ 	 
		{
			"__comment": "Voxels",
			"from": [ -2.25, -6.25, 8 ],
			"to": [ -0.75, -5.75, 9 ],
			"faces": {
				"down": { "uv": [ 10.5, 14, 12, 15 ], "texture": "#voxels_atlas" },
				"up": { "uv": [ 7.5, 16, 9, 15 ], "texture": "#voxels_atlas" },
				"north": { "uv": [ 12.5, 10, 11, 10.5 ], "texture": "#voxels_atlas" },
				"south": { "uv": [ 9, 12.5, 10.5, 13 ], "texture": "#voxels_atlas" },
				"west": { "uv": [ 12.5, 10, 13.5, 10.5 ], "texture": "#voxels_atlas" },
				"east": { "uv": [ 15, 10.5, 14, 11 ], "texture": "#voxels_atlas" }
			}
		},
		{
			"__comment": "Voxels",
			"from": [ -2.25, -1, 8 ],
			"to": [ -0.75, -0.5, 9 ],
			"faces": {
				"down": { "uv": [ 9, 14, 10.5, 15 ], "texture": "#voxels_atlas" },
				"up": { "uv": [ 9, 14, 10.5, 13 ], "texture": "#voxels_atlas" },
				"north": { "uv": [ 11, 10.5, 9.5, 11 ], "texture": "#voxels_atlas" },
				"south": { "uv": [ 9.5, 10, 11, 10.5 ], "texture": "#voxels_atlas" },
				"west": { "uv": [ 14, 10, 15, 10.5 ], "texture": "#voxels_atlas" },
				"east": { "uv": [ 16, 10.5, 15, 11 ], "texture": "#voxels_atlas" }
			}
		},
		{
			"__comment": "Voxels",
			"from": [ -2.25, 0.75, 8 ],
			"to": [ -0.75, 1.25, 9 ],
			"faces": {
				"down": { "uv": [ 7.5, 12.5, 9, 13.5 ], "texture": "#voxels_atlas", "cullface": "west" },
				"up": { "uv": [ 13, 16, 14.5, 15 ], "texture": "#voxels_atlas", "cullface": "west" },
				"north": { "uv": [ 12.5, 10.5, 11, 11 ], "texture": "#voxels_atlas", "cullface": "west" },
				"south": { "uv": [ 12.5, 10.5, 14, 11 ], "texture": "#voxels_atlas", "cullface": "west" },
				"west": { "uv": [ 5.5, 6.5, 6.5, 7 ], "texture": "#voxels_atlas", "cullface": "west" },
				"east": { "uv": [ 16, 10, 15, 10.5 ], "texture": "#voxels_atlas", "cullface": "west" }
			}
		},
		{
			"__comment": "Voxels",
			"from": [ -2.25, 2.75, 8 ],
			"to": [ -0.75, 3, 9 ],
			"faces": {
				"down": { "uv": [ 9, 15, 10.5, 16 ], "texture": "#voxels_atlas", "cullface": "west" },
				"up": { "uv": [ 10.5, 16, 12, 15 ], "texture": "#voxels_atlas", "cullface": "west" },
				"north": { "uv": [ 9, 12.25, 7.5, 12.5 ], "texture": "#voxels_atlas", "cullface": "west" },
				"south": { "uv": [ 9, 12.25, 10.5, 12.5 ], "texture": "#voxels_atlas", "cullface": "west" },
				"west": { "uv": [ 13, 12.25, 14, 12.5 ], "texture": "#voxels_atlas", "cullface": "west" },
				"east": { "uv": [ 15.5, 12.25, 14.5, 12.5 ], "texture": "#voxels_atlas", "cullface": "west" }
			}
		},
		{
			"__comment": "Voxels",
			"from": [ -2, -10, 8.25 ],
			"to": [ -1, -6.25, 8.75 ],
			"faces": {
				"down": { "uv": [ 5.5, 4, 6.5, 4.5 ], "texture": "#voxels_atlas" },
				"north": { "uv": [ 3.5, 12.25, 2.5, 16 ], "texture": "#voxels_atlas" },
				"south": { "uv": [ 2.5, 8.5, 3.5, 12.25 ], "texture": "#voxels_atlas" },
				"west": { "uv": [ 5, 12.25, 5.5, 16 ], "texture": "#voxels_atlas" },
				"east": { "uv": [ 5, 12.25, 4.5, 16 ], "texture": "#voxels_atlas" }
			}
		},
		{
			"__comment": "Voxels",
			"from": [ -2, -7.5, 8 ],
			"to": [ -1, -6.25, 8.25 ],
			"faces": {
				"down": { "uv": [ 11.5, 11, 12.5, 11.25 ], "texture": "#voxels_atlas" },
				"north": { "uv": [ 13, 13.25, 12, 14.5 ], "texture": "#voxels_atlas" },
				"west": { "uv": [ 15.75, 13.75, 16, 15 ], "texture": "#voxels_atlas" },
				"east": { "uv": [ 15.75, 13.75, 15.5, 15 ], "texture": "#voxels_atlas" }
			}
		},
		{
			"__comment": "Voxels",
			"from": [ -2, -7.5, 8.75 ],
			"to": [ -1, -6.25, 9 ],
			"faces": {
				"down": { "uv": [ 13.5, 11, 14.5, 11.25 ], "texture": "#voxels_atlas" },
				"south": { "uv": [ 8.5, 11, 9.5, 12.25 ], "texture": "#voxels_atlas" },
				"west": { "uv": [ 11.5, 12.75, 11.75, 14 ], "texture": "#voxels_atlas" },
				"east": { "uv": [ 12, 12.75, 11.75, 14 ], "texture": "#voxels_atlas" }
			}
		},
		{
			"__comment": "Voxels",
			"from": [ -2, -6.25, 7.75 ],
			"to": [ -1, -5.75, 8 ],
			"faces": {
				"down": { "uv": [ 7.5, 10, 8.5, 10.25 ], "texture": "#voxels_atlas" },
				"up": { "uv": [ 8.5, 10.25, 9.5, 10 ], "texture": "#voxels_atlas" },
				"north": { "uv": [ 6.5, 9.5, 5.5, 10 ], "texture": "#voxels_atlas" },
				"west": { "uv": [ 5.25, 0.75, 5.5, 1.25 ], "texture": "#voxels_atlas" },
				"east": { "uv": [ 15.75, 11.25, 15.5, 11.75 ], "texture": "#voxels_atlas" }
			}
		},
		{
			"__comment": "Voxels",
			"from": [ -2, -6.25, 9 ],
			"to": [ -1, -5.75, 9.25 ],
			"faces": {
				"down": { "uv": [ 5.5, 1.75, 6.5, 2 ], "texture": "#voxels_atlas" },
				"up": { "uv": [ 5.5, 1.75, 6.5, 1.5 ], "texture": "#voxels_atlas" },
				"south": { "uv": [ 5.5, 5, 6.5, 5.5 ], "texture": "#voxels_atlas" },
				"west": { "uv": [ 15.75, 11.75, 16, 12.25 ], "texture": "#voxels_atlas" },
				"east": { "uv": [ 15.75, 11.75, 15.5, 12.25 ], "texture": "#voxels_atlas" }
			}
		},
		{
			"__comment": "Voxels",
			"from": [ -2, -5.75, 8 ],
			"to": [ -1, -5.5, 9 ],
			"faces": {
				"up": { "uv": [ 14.5, 16, 15.5, 15 ], "texture": "#voxels_atlas" },
				"north": { "uv": [ 6.5, 1.25, 5.5, 1.5 ], "texture": "#voxels_atlas" },
				"south": { "uv": [ 5.5, 1, 6.5, 1.25 ], "texture": "#voxels_atlas" },
				"west": { "uv": [ 5.5, 0.75, 6.5, 1 ], "texture": "#voxels_atlas" },
				"east": { "uv": [ 6.5, 0.5, 5.5, 0.75 ], "texture": "#voxels_atlas" }
			}
		},
		{
			"__comment": "Voxels",
			"from": [ -2, -5.5, 8.25 ],
			"to": [ -1, -5.25, 8.75 ],
			"faces": {
				"up": { "uv": [ 5.5, 8, 6.5, 7.5 ], "texture": "#voxels_atlas" },
				"north": { "uv": [ 6.5, 0.25, 5.5, 0.5 ], "texture": "#voxels_atlas" },
				"south": { "uv": [ 5.5, 0, 6.5, 0.25 ], "texture": "#voxels_atlas" },
				"west": { "uv": [ 6.5, 12.25, 7, 12.5 ], "texture": "#voxels_atlas" },
				"east": { "uv": [ 6.5, 12.25, 6, 12.5 ], "texture": "#voxels_atlas" }
			}
		},
		{
			"__comment": "Voxels",
			"from": [ -2, -1.75, 8.25 ],
			"to": [ -1, -1, 8.75 ],
			"faces": {
				"down": { "uv": [ 5.5, 8.5, 6.5, 9 ], "texture": "#voxels_atlas" },
				"north": { "uv": [ 8.5, 10.25, 7.5, 11 ], "texture": "#voxels_atlas" },
				"south": { "uv": [ 8.5, 10.25, 9.5, 11 ], "texture": "#voxels_atlas" },
				"west": { "uv": [ 8.5, 13.5, 9, 14.25 ], "texture": "#voxels_atlas" },
				"east": { "uv": [ 9, 14.25, 8.5, 15 ], "texture": "#voxels_atlas" }
			}
		},
		{
			"__comment": "Voxels",
			"from": [ -2, -1.5, 8 ],
			"to": [ -1, -1, 8.25 ],
			"faces": {
				"down": { "uv": [ 6.5, 9.25, 7.5, 9.5 ], "texture": "#voxels_atlas" },
				"north": { "uv": [ 6.5, 8, 5.5, 8.5 ], "texture": "#voxels_atlas" },
				"west": { "uv": [ 13.75, 10, 14, 10.5 ], "texture": "#voxels_atlas" },
				"east": { "uv": [ 13.75, 10, 13.5, 10.5 ], "texture": "#voxels_atlas" }
			}
		},
		{
			"__comment": "Voxels",
			"from": [ -2, -1.5, 8.75 ],
			"to": [ -1, -1, 9 ],
			"faces": {
				"down": { "uv": [ 8.5, 9.25, 9.5, 9.5 ], "texture": "#voxels_atlas" },
				"south": { "uv": [ 5.5, 3.5, 6.5, 4 ], "texture": "#voxels_atlas" },
				"west": { "uv": [ 5.25, 0.25, 5.5, 0.75 ], "texture": "#voxels_atlas" },
				"east": { "uv": [ 5.25, 0.25, 5, 0.75 ], "texture": "#voxels_atlas" }
			}
		},
		{
			"__comment": "Voxels",
			"from": [ -2, -1, 7.75 ],
			"to": [ -1, -0.5, 8 ],
			"faces": {
				"down": { "uv": [ 9.5, 9.25, 10.5, 9.5 ], "texture": "#voxels_atlas" },
				"up": { "uv": [ 10.5, 9.5, 11.5, 9.25 ], "texture": "#voxels_atlas" },
				"north": { "uv": [ 11.5, 9.5, 10.5, 10 ], "texture": "#voxels_atlas" },
				"west": { "uv": [ 5, 0.75, 5.25, 1.25 ], "texture": "#voxels_atlas" },
				"east": { "uv": [ 16, 11.25, 15.75, 11.75 ], "texture": "#voxels_atlas" }
			}
		},
		{
			"__comment": "Voxels",
			"from": [ -2, -1, 9 ],
			"to": [ -1, -0.5, 9.25 ],
			"faces": {
				"down": { "uv": [ 11.5, 9.25, 12.5, 9.5 ], "texture": "#voxels_atlas" },
				"up": { "uv": [ 12.5, 9.5, 13.5, 9.25 ], "texture": "#voxels_atlas" },
				"south": { "uv": [ 14.5, 9.5, 15.5, 10 ], "texture": "#voxels_atlas" },
				"west": { "uv": [ 6.75, 6.75, 7, 7.25 ], "texture": "#voxels_atlas" },
				"east": { "uv": [ 6.75, 6.75, 6.5, 7.25 ], "texture": "#voxels_atlas" }
			}
		},
		{
			"__comment": "Voxels",
			"from": [ -2, -0.5, 8 ],
			"to": [ -1, 0.75, 9 ],
			"faces": {
				"north": { "uv": [ 10.5, 11, 9.5, 12.25 ], "texture": "#voxels_atlas", "cullface": "west" },
				"south": { "uv": [ 5.5, 11, 6.5, 12.25 ], "texture": "#voxels_atlas", "cullface": "west" },
				"west": { "uv": [ 6.5, 11, 7.5, 12.25 ], "texture": "#voxels_atlas", "cullface": "west" },
				"east": { "uv": [ 15.5, 12.5, 14.5, 13.75 ], "texture": "#voxels_atlas", "cullface": "west" }
			}
		},
		{
			"__comment": "Voxels",
			"from": [ -2, 0.75, 7.75 ],
			"to": [ -1, 1.25, 8 ],
			"faces": {
				"down": { "uv": [ 13.5, 9.25, 14.5, 9.5 ], "texture": "#voxels_atlas", "cullface": "west" },
				"up": { "uv": [ 14.5, 9.5, 15.5, 9.25 ], "texture": "#voxels_atlas", "cullface": "west" },
				"north": { "uv": [ 6.5, 7, 5.5, 7.5 ], "texture": "#voxels_atlas", "cullface": "west" },
				"west": { "uv": [ 15.5, 9.5, 15.75, 10 ], "texture": "#voxels_atlas", "cullface": "west" },
				"east": { "uv": [ 16, 9.5, 15.75, 10 ], "texture": "#voxels_atlas", "cullface": "west" }
			}
		},
		{
			"__comment": "Voxels",
			"from": [ -2, 0.75, 9 ],
			"to": [ -1, 1.25, 9.25 ],
			"faces": {
				"down": { "uv": [ 7.5, 9, 8.5, 9.25 ], "texture": "#voxels_atlas", "cullface": "west" },
				"up": { "uv": [ 8.5, 9.25, 9.5, 9 ], "texture": "#voxels_atlas", "cullface": "west" },
				"south": { "uv": [ 13.5, 9.5, 14.5, 10 ], "texture": "#voxels_atlas", "cullface": "west" },
				"west": { "uv": [ 6.5, 5.5, 6.75, 6 ], "texture": "#voxels_atlas", "cullface": "west" },
				"east": { "uv": [ 7, 5.5, 6.75, 6 ], "texture": "#voxels_atlas", "cullface": "west" }
			}
		},
		{
			"__comment": "Voxels",
			"from": [ -2, 1.25, 8 ],
			"to": [ -1, 2.75, 9 ],
			"faces": {
				"north": { "uv": [ 3.5, 0.25, 2.5, 1.75 ], "texture": "#voxels_atlas", "cullface": "west" },
				"south": { "uv": [ 12, 14.5, 13, 16 ], "texture": "#voxels_atlas", "cullface": "west" },
				"west": { "uv": [ 7.5, 13.5, 8.5, 15 ], "texture": "#voxels_atlas", "cullface": "west" },
				"east": { "uv": [ 11.5, 12.5, 10.5, 14 ], "texture": "#voxels_atlas", "cullface": "west" }
			}
		},
		{
			"__comment": "Voxels",
			"from": [ -2, 2.75, 7.75 ],
			"to": [ -1, 3, 8 ],
			"faces": {
				"down": { "uv": [ 9.5, 9, 10.5, 9.25 ], "texture": "#voxels_atlas", "cullface": "west" },
				"up": { "uv": [ 10.5, 9.25, 11.5, 9 ], "texture": "#voxels_atlas", "cullface": "west" },
				"north": { "uv": [ 12.5, 9, 11.5, 9.25 ], "texture": "#voxels_atlas", "cullface": "west" },
				"west": { "uv": [ 6.75, 4, 7, 4.25 ], "texture": "#voxels_atlas", "cullface": "west" },
				"east": { "uv": [ 7, 4.5, 6.75, 4.75 ], "texture": "#voxels_atlas", "cullface": "west" }
			}
		},
		{
			"__comment": "Voxels",
			"from": [ -2, 2.75, 9 ],
			"to": [ -1, 3, 9.25 ],
			"faces": {
				"down": { "uv": [ 13.5, 9, 14.5, 9.25 ], "texture": "#voxels_atlas", "cullface": "west" },
				"up": { "uv": [ 14.5, 9.25, 15.5, 9 ], "texture": "#voxels_atlas", "cullface": "west" },
				"south": { "uv": [ 10.5, 12.25, 11.5, 12.5 ], "texture": "#voxels_atlas", "cullface": "west" },
				"west": { "uv": [ 6.75, 4.25, 7, 4.5 ], "texture": "#voxels_atlas", "cullface": "west" },
				"east": { "uv": [ 6.75, 4, 6.5, 4.25 ], "texture": "#voxels_atlas", "cullface": "west" }
			}
		},
		{
			"__comment": "Voxels",
			"from": [ -2, 3, 8 ],
			"to": [ -1, 4.25, 9 ],
			"faces": {
				"up": { "uv": [ 5.5, 11, 6.5, 10 ], "texture": "#voxels_atlas", "cullface": "west" },
				"north": { "uv": [ 14, 13.75, 13, 15 ], "texture": "#voxels_atlas", "cullface": "west" },
				"south": { "uv": [ 10.5, 11, 11.5, 12.25 ], "texture": "#voxels_atlas", "cullface": "west" },
				"west": { "uv": [ 14.5, 13.75, 15.5, 15 ], "texture": "#voxels_atlas", "cullface": "west" },
				"east": { "uv": [ 14, 12.5, 13, 13.75 ], "texture": "#voxels_atlas", "cullface": "west" }
			}
		},
		{
			"__comment": "Voxels",
			"from": [ -2, 4.25, 8.25 ],
			"to": [ -1, 12.25, 8.75 ],
			"faces": {
				"up": { "uv": [ 8.5, 10, 9.5, 9.5 ], "texture": "#voxels_atlas", "cullface": "west" },
				"north": { "uv": [ 1, 0, 0, 8 ], "texture": "#voxels_atlas", "cullface": "west" },
				"south": { "uv": [ 0, 8, 1, 16 ], "texture": "#voxels_atlas", "cullface": "west" },
				"west": { "uv": [ 1.5, 0, 2, 8 ], "texture": "#voxels_atlas", "cullface": "west" },
				"east": { "uv": [ 2, 8, 1.5, 16 ], "texture": "#voxels_atlas", "cullface": "west" }
			}
		},
		{
			"__comment": "Voxels",
			"from": [ -1.75, -12.25, 8.25 ],
			"to": [ -1.25, -10, 8.75 ],
			"faces": {
				"down": { "uv": [ 11.5, 12.25, 12, 12.75 ], "texture": "#voxels_atlas" },
				"north": { "uv": [ 5.5, 6.5, 5, 8.75 ], "texture": "#voxels_atlas" },
				"south": { "uv": [ 5, 8.75, 5.5, 11 ], "texture": "#voxels_atlas" },
				"west": { "uv": [ 4.5, 1.5, 5, 3.75 ], "texture": "#voxels_atlas" },
				"east": { "uv": [ 5, 3.75, 4.5, 6 ], "texture": "#voxels_atlas" }
			}
		},
		{
			"__comment": "Voxels",
			"from": [ -1.75, -10, 8 ],
			"to": [ -1.25, -7.5, 8.25 ],
			"faces": {
				"down": { "uv": [ 6.5, 6.5, 7, 6.75 ], "texture": "#voxels_atlas" },
				"north": { "uv": [ 4, 0, 3.5, 2.5 ], "texture": "#voxels_atlas" },
				"west": { "uv": [ 5, 1.5, 5.25, 4 ], "texture": "#voxels_atlas" },
				"east": { "uv": [ 5.25, 4, 5, 6.5 ], "texture": "#voxels_atlas" }
			}
		},
		{
			"__comment": "Voxels",
			"from": [ -1.75, -10, 8.75 ],
			"to": [ -1.25, -7.5, 9 ],
			"faces": {
				"down": { "uv": [ 5.5, 12.25, 6, 12.5 ], "texture": "#voxels_atlas" },
				"south": { "uv": [ 4.5, 8.5, 5, 11 ], "texture": "#voxels_atlas" },
				"west": { "uv": [ 5.25, 1.5, 5.5, 4 ], "texture": "#voxels_atlas" },
				"east": { "uv": [ 5.5, 4, 5.25, 6.5 ], "texture": "#voxels_atlas" }
			}
		},
		{
			"__comment": "Voxels",
			"from": [ -1.75, -5.5, 8 ],
			"to": [ -1.25, -5.25, 8.25 ],
			"faces": {
				"up": { "uv": [ 14, 12.5, 14.5, 12.25 ], "texture": "#voxels_atlas" },
				"north": { "uv": [ 16, 11, 15.5, 11.25 ], "texture": "#voxels_atlas" },
				"west": { "uv": [ 6.5, 5.25, 6.75, 5.5 ], "texture": "#voxels_atlas" },
				"east": { "uv": [ 7, 5.25, 6.75, 5.5 ], "texture": "#voxels_atlas" }
			}
		},
		{
			"__comment": "Voxels",
			"from": [ -1.75, -5.5, 8.75 ],
			"to": [ -1.25, -5.25, 9 ],
			"faces": {
				"up": { "uv": [ 4.5, 0.5, 5, 0.25 ], "texture": "#voxels_atlas" },
				"south": { "uv": [ 5, 1.25, 5.5, 1.5 ], "texture": "#voxels_atlas" },
				"west": { "uv": [ 6.5, 5, 6.75, 5.25 ], "texture": "#voxels_atlas" },
				"east": { "uv": [ 7, 5, 6.75, 5.25 ], "texture": "#voxels_atlas" }
			}
		},
		{
			"__comment": "Voxels",
			"from": [ -1.75, -5.25, 8.25 ],
			"to": [ -1.25, -1.75, 8.75 ],
			"faces": {
				"north": { "uv": [ 7.5, 12.5, 7, 16 ], "texture": "#voxels_atlas" },
				"south": { "uv": [ 5.5, 12.5, 6, 16 ], "texture": "#voxels_atlas" },
				"west": { "uv": [ 6.5, 12.5, 7, 16 ], "texture": "#voxels_atlas" },
				"east": { "uv": [ 6.5, 12.5, 6, 16 ], "texture": "#voxels_atlas" }
			}
		},
		{
			"__comment": "Voxels",
			"from": [ -1.75, -1.75, 8 ],
			"to": [ -1.25, -1.5, 8.25 ],
			"faces": {
				"down": { "uv": [ 5, 0, 5.5, 0.25 ], "texture": "#voxels_atlas" },
				"north": { "uv": [ 16, 9, 15.5, 9.25 ], "texture": "#voxels_atlas" },
				"west": { "uv": [ 6.5, 4.25, 6.75, 4.5 ], "texture": "#voxels_atlas" },
				"east": { "uv": [ 6.75, 4.75, 6.5, 5 ], "texture": "#voxels_atlas" }
			}
		},
		{
			"__comment": "Voxels",
			"from": [ -1.75, -1.75, 8.75 ],
			"to": [ -1.25, -1.5, 9 ],
			"faces": {
				"down": { "uv": [ 6.5, 8.5, 7, 8.75 ], "texture": "#voxels_atlas" },
				"south": { "uv": [ 6.5, 7.75, 7, 8 ], "texture": "#voxels_atlas" },
				"west": { "uv": [ 6.75, 4.75, 7, 5 ], "texture": "#voxels_atlas" },
				"east": { "uv": [ 6.75, 4.5, 6.5, 4.75 ], "texture": "#voxels_atlas" }
			}
		},
		{
			"__comment": "Voxels",
			"from": [ -1.75, 4.25, 8 ],
			"to": [ -1.25, 12.25, 8.25 ],
			"faces": {
				"up": { "uv": [ 6.5, 7.5, 7, 7.25 ], "texture": "#voxels_atlas", "cullface": "west" },
				"north": { "uv": [ 1.5, 0, 1, 8 ], "texture": "#voxels_atlas", "cullface": "west" },
				"west": { "uv": [ 4, 8, 4.25, 16 ], "texture": "#voxels_atlas", "cullface": "west" },
				"east": { "uv": [ 4.5, 0, 4.25, 8 ], "texture": "#voxels_atlas", "cullface": "west" }
			}
		},
		{
			"__comment": "Voxels",
			"from": [ -1.75, 4.25, 8.75 ],
			"to": [ -1.25, 12.25, 9 ],
			"faces": {
				"up": { "uv": [ 6.5, 6.25, 7, 6 ], "texture": "#voxels_atlas", "cullface": "west" },
				"south": { "uv": [ 2, 8, 2.5, 16 ], "texture": "#voxels_atlas", "cullface": "west" },
				"west": { "uv": [ 4.25, 8, 4.5, 16 ], "texture": "#voxels_atlas", "cullface": "west" },
				"east": { "uv": [ 4.25, 0, 4, 8 ], "texture": "#voxels_atlas", "cullface": "west" }
			}
		},
		{
			"__comment": "Voxels",
			"from": [ -1.75, 12.25, 8.25 ],
			"to": [ -1.25, 19, 8.75 ],
			"faces": {
				"up": { "uv": [ 15.5, 12.75, 16, 12.25 ], "texture": "#voxels_atlas", "cullface": "west" },
				"north": { "uv": [ 4, 9.25, 3.5, 16 ], "texture": "#voxels_atlas", "cullface": "west" },
				"south": { "uv": [ 3, 1.75, 3.5, 8.5 ], "texture": "#voxels_atlas", "cullface": "west" },
				"west": { "uv": [ 3.5, 2.5, 4, 9.25 ], "texture": "#voxels_atlas", "cullface": "west" },
				"east": { "uv": [ 3, 1.75, 2.5, 8.5 ], "texture": "#voxels_atlas", "cullface": "west" }
			}
		}
	],
	"display": {
		"thirdperson_righthand": {
			"translation":  [ 14, 15.5, 0 ],
			"scale":  [ 1.5, 1.5, 1.5 ]
		},
		"thirdperson_lefthand": {
			"translation":  [ -14, 15.5, 0 ],
			"scale":  [ 1.5, 1.5, 1.5 ]
		},
		"firstperson_righthand": {
			"rotation":  [ -72, 0, -15 ],
			"translation":  [ 16, 2, -9 ]
		},
		"firstperson_lefthand": {
			"rotation":  [ -72, 0, -15 ],
			"translation":  [ -3.5, 2, -9 ]
		},
		"gui": {
			"rotation":  [ 0, 0, -45 ],
			"translation":  [ 7, -2, 0 ],
			"scale":  [ 0.7, 0.7, 0.7 ]
		},
		"ground": {
			"rotation":  [ 91, 0, 0 ],
			"translation":  [ 6, -1, 2 ],
			"scale":  [ 0.5, 0.5, 0.5 ]
		},
		"fixed": {
			"rotation":  [ 0, 0, 45 ],
			"translation":  [ 4, 10, -2 ]
		}
	}
}