{
	"__comment": "Designed by Elo106 with Cubik Studio - https://cubik.studio",
	"textures": {
		"particle": "items/vaxe",
		"texture": "items/vaxe",
		"voxels_atlas": "items/vaxe"
	},
	"elements": [ 	 
		{
			"__comment": "Voxels",
			"from": [ 3.5, 7.5, 14.5 ],
			"to": [ 13, 8.5, 15.5 ],
			"faces": {
				"down": { "uv": [ 5.25, 15, 10, 16 ], "texture": "#voxels_atlas" },
				"up": { "uv": [ 10, 16, 14.75, 15 ], "texture": "#voxels_atlas" },
				"north": { "uv": [ 10, 14, 5.25, 15 ], "texture": "#voxels_atlas" },
				"south": { "uv": [ 10, 14, 14.75, 15 ], "texture": "#voxels_atlas" },
				"west": { "uv": [ 7.25, 6.5, 7.75, 7.5 ], "texture": "#voxels_atlas" },
				"east": { "uv": [ 5.25, 11, 4.75, 12 ], "texture": "#voxels_atlas" }
			}
		},
		{
			"__comment": "Voxels",
			"from": [ 4, 7.5, 14 ],
			"to": [ 13, 8.5, 14.5 ],
			"faces": {
				"down": { "uv": [ 5.25, 12.5, 9.75, 13 ], "texture": "#voxels_atlas" },
				"up": { "uv": [ 9.75, 13, 14.25, 12.5 ], "texture": "#voxels_atlas" },
				"north": { "uv": [ 9.75, 13, 5.25, 14 ], "texture": "#voxels_atlas" },
				"west": { "uv": [ 7, 6.5, 7.25, 7.5 ], "texture": "#voxels_atlas" },
				"east": { "uv": [ 8.25, 1.5, 8, 2.5 ], "texture": "#voxels_atlas" }
			}
		},
		{
			"__comment": "Voxels",
			"from": [ 4, 7.5, 15.5 ],
			"to": [ 12.5, 8.5, 16 ],
			"faces": {
				"down": { "uv": [ 1, 7.5, 5.25, 8 ], "texture": "#voxels_atlas" },
				"up": { "uv": [ 1, 7.5, 5.25, 7 ], "texture": "#voxels_atlas" },
				"south": { "uv": [ 1, 12, 5.25, 13 ], "texture": "#voxels_atlas", "cullface": "south" },
				"west": { "uv": [ 7.75, 1.5, 8, 2.5 ], "texture": "#voxels_atlas" },
				"east": { "uv": [ 7.25, 0.5, 7, 1.5 ], "texture": "#voxels_atlas" }
			}
		},
		{
			"__comment": "Voxels",
			"from": [ 4.5, 7.5, 13.5 ],
			"to": [ 5.5, 8.5, 14 ],
			"faces": {
				"down": { "uv": [ 8.25, 4.5, 8.75, 5 ], "texture": "#voxels_atlas" },
				"up": { "uv": [ 5.75, 0.5, 6.25, 0 ], "texture": "#voxels_atlas" },
				"north": { "uv": [ 8.25, 7.5, 7.75, 8.5 ], "texture": "#voxels_atlas" },
				"west": { "uv": [ 15.75, 14, 16, 15 ], "texture": "#voxels_atlas" },
				"east": { "uv": [ 7.25, 5.5, 7, 6.5 ], "texture": "#voxels_atlas" }
			}
		},
		{
			"__comment": "Voxels",
			"from": [ 4.5, 7.5, 16 ],
			"to": [ 5.5, 8.5, 16.5 ],
			"faces": {
				"down": { "uv": [ 0.5, 0, 1, 0.5 ], "texture": "#voxels_atlas", "cullface": "south" },
				"up": { "uv": [ 0, 0.5, 0.5, 0 ], "texture": "#voxels_atlas", "cullface": "south" },
				"south": { "uv": [ 7.75, 8.5, 8.25, 9.5 ], "texture": "#voxels_atlas", "cullface": "south" },
				"west": { "uv": [ 8.5, 1.5, 8.75, 2.5 ], "texture": "#voxels_atlas", "cullface": "south" },
				"east": { "uv": [ 8.5, 1.5, 8.25, 2.5 ], "texture": "#voxels_atlas", "cullface": "south" }
			}
		},
		{
			"__comment": "Voxels",
			"from": [ 5, 7.5, 13 ],
			"to": [ 5.5, 8.5, 13.5 ],
			"faces": {
				"down": { "uv": [ 8.5, 11, 8.75, 11.5 ], "texture": "#voxels_atlas" },
				"up": { "uv": [ 8.5, 12, 8.75, 11.5 ], "texture": "#voxels_atlas" },
				"north": { "uv": [ 7.25, 1.5, 7, 2.5 ], "texture": "#voxels_atlas" },
				"west": { "uv": [ 7, 3.5, 7.25, 4.5 ], "texture": "#voxels_atlas" },
				"east": { "uv": [ 7.25, 4.5, 7, 5.5 ], "texture": "#voxels_atlas" }
			}
		},
		{
			"__comment": "Voxels",
			"from": [ 6.5, 7, 11 ],
			"to": [ 7.5, 9, 14 ],
			"faces": {
				"down": { "uv": [ 0, 0.5, 0.5, 3.5 ], "texture": "#voxels_atlas" },
				"up": { "uv": [ 0.5, 3.5, 1, 0.5 ], "texture": "#voxels_atlas" },
				"north": { "uv": [ 6.25, 8.5, 5.75, 10.5 ], "texture": "#voxels_atlas" },
				"south": { "uv": [ 5.75, 10.5, 6.25, 12.5 ], "texture": "#voxels_atlas" },
				"west": { "uv": [ 1, 8, 2.5, 10 ], "texture": "#voxels_atlas" },
				"east": { "uv": [ 4, 8, 2.5, 10 ], "texture": "#voxels_atlas" }
			}
		},
		{
			"__comment": "Voxels",
			"from": [ 6.5, 7, 14 ],
			"to": [ 8, 7.5, 15.5 ],
			"faces": {
				"down": { "uv": [ 3.5, 2.5, 4.25, 4 ], "texture": "#voxels_atlas" },
				"up": { "uv": [ 4.25, 2.5, 5, 1 ], "texture": "#voxels_atlas" },
				"north": { "uv": [ 8, 4, 7.25, 4.5 ], "texture": "#voxels_atlas" },
				"south": { "uv": [ 8, 4, 8.75, 4.5 ], "texture": "#voxels_atlas" },
				"west": { "uv": [ 8, 2.5, 8.75, 3 ], "texture": "#voxels_atlas" },
				"east": { "uv": [ 8, 3.5, 7.25, 4 ], "texture": "#voxels_atlas" }
			}
		},
		{
			"__comment": "Voxels",
			"from": [ 6.5, 7, 15.5 ],
			"to": [ 7.5, 7.5, 16 ],
			"faces": {
				"down": { "uv": [ 8.25, 5, 8.75, 5.5 ], "texture": "#voxels_atlas" },
				"south": { "uv": [ 8.25, 10.5, 8.75, 11 ], "texture": "#voxels_atlas", "cullface": "south" },
				"west": { "uv": [ 9.25, 6, 9.5, 6.5 ], "texture": "#voxels_atlas" },
				"east": { "uv": [ 9.25, 6, 9, 6.5 ], "texture": "#voxels_atlas" }
			}
		},
		{
			"__comment": "Voxels",
			"from": [ 6.5, 7.5, -1.5 ],
			"to": [ 9.5, 8.5, -1 ],
			"faces": {
				"down": { "uv": [ 14.25, 12.5, 15.75, 13 ], "texture": "#voxels_atlas", "cullface": "north" },
				"up": { "uv": [ 7.25, 12.5, 8.75, 12 ], "texture": "#voxels_atlas", "cullface": "north" },
				"north": { "uv": [ 5.25, 6, 3.75, 7 ], "texture": "#voxels_atlas", "cullface": "north" },
				"south": { "uv": [ 2.25, 6, 3.75, 7 ], "texture": "#voxels_atlas", "cullface": "north" },
				"west": { "uv": [ 15.75, 15, 16, 16 ], "texture": "#voxels_atlas", "cullface": "north" },
				"east": { "uv": [ 9, 6.5, 8.75, 7.5 ], "texture": "#voxels_atlas", "cullface": "north" }
			}
		},
		{
			"__comment": "Voxels",
			"from": [ 6.5, 7.5, -1 ],
			"to": [ 8.5, 8.5, -0.5 ],
			"faces": {
				"down": { "uv": [ 7.25, 10, 8.25, 10.5 ], "texture": "#voxels_atlas", "cullface": "north" },
				"up": { "uv": [ 7.25, 11, 8.25, 10.5 ], "texture": "#voxels_atlas", "cullface": "north" },
				"south": { "uv": [ 6.25, 9.5, 7.25, 10.5 ], "texture": "#voxels_atlas", "cullface": "north" },
				"west": { "uv": [ 9.25, 7.5, 9.5, 8.5 ], "texture": "#voxels_atlas", "cullface": "north" },
				"east": { "uv": [ 9, 1.5, 8.75, 2.5 ], "texture": "#voxels_atlas", "cullface": "north" }
			}
		},
		{
			"__comment": "Voxels",
			"from": [ 6.5, 7.5, -0.5 ],
			"to": [ 8, 8.5, 0.5 ],
			"faces": {
				"down": { "uv": [ 15.25, 13, 16, 14 ], "texture": "#voxels_atlas", "cullface": "north" },
				"up": { "uv": [ 6.25, 8.5, 7, 7.5 ], "texture": "#voxels_atlas", "cullface": "north" },
				"south": { "uv": [ 6.25, 0.5, 7, 1.5 ], "texture": "#voxels_atlas", "cullface": "north" },
				"west": { "uv": [ 4.75, 5, 5.25, 6 ], "texture": "#voxels_atlas", "cullface": "north" },
				"east": { "uv": [ 6.25, 3.5, 5.75, 4.5 ], "texture": "#voxels_atlas", "cullface": "north" }
			}
		},
		{
			"__comment": "Voxels",
			"from": [ 6.5, 7.5, 0.5 ],
			"to": [ 7.5, 8.5, 11 ],
			"faces": {
				"down": { "uv": [ 0.5, 3.5, 1, 14 ], "texture": "#voxels_atlas" },
				"up": { "uv": [ 0, 14, 0.5, 3.5 ], "texture": "#voxels_atlas" },
				"west": { "uv": [ 0, 14, 5.25, 15 ], "texture": "#voxels_atlas" },
				"east": { "uv": [ 5.25, 15, 0, 16 ], "texture": "#voxels_atlas" }
			}
		},
		{
			"__comment": "Voxels",
			"from": [ 6.5, 8.5, 14 ],
			"to": [ 8, 9, 15.5 ],
			"faces": {
				"down": { "uv": [ 3.5, 1, 4.25, 2.5 ], "texture": "#voxels_atlas" },
				"up": { "uv": [ 4.25, 4, 5, 2.5 ], "texture": "#voxels_atlas" },
				"north": { "uv": [ 8.75, 3.5, 8, 4 ], "texture": "#voxels_atlas" },
				"south": { "uv": [ 7.25, 3, 8, 3.5 ], "texture": "#voxels_atlas" },
				"west": { "uv": [ 8, 3, 8.75, 3.5 ], "texture": "#voxels_atlas" },
				"east": { "uv": [ 8, 2.5, 7.25, 3 ], "texture": "#voxels_atlas" }
			}
		},
		{
			"__comment": "Voxels",
			"from": [ 6.5, 8.5, 15.5 ],
			"to": [ 7.5, 9, 16 ],
			"faces": {
				"up": { "uv": [ 9, 12.5, 9.5, 12 ], "texture": "#voxels_atlas" },
				"south": { "uv": [ 7.75, 1, 8.25, 1.5 ], "texture": "#voxels_atlas", "cullface": "south" },
				"west": { "uv": [ 9, 7, 9.25, 7.5 ], "texture": "#voxels_atlas" },
				"east": { "uv": [ 9.5, 7, 9.25, 7.5 ], "texture": "#voxels_atlas" }
			}
		},
		{
			"__comment": "Voxels",
			"from": [ 7, 7, 8.5 ],
			"to": [ 7.5, 7.5, 11 ],
			"faces": {
				"down": { "uv": [ 5.5, 0, 5.75, 2.5 ], "texture": "#voxels_atlas" },
				"north": { "uv": [ 7.5, 0, 7.25, 0.5 ], "texture": "#voxels_atlas" },
				"west": { "uv": [ 4, 8, 5.25, 8.5 ], "texture": "#voxels_atlas" },
				"east": { "uv": [ 8.5, 11, 7.25, 11.5 ], "texture": "#voxels_atlas" }
			}
		},
		{
			"__comment": "Voxels",
			"from": [ 7, 7.5, -3.5 ],
			"to": [ 7.5, 8.5, -1.5 ],
			"faces": {
				"down": { "uv": [ 6, 6.5, 6.25, 8.5 ], "texture": "#voxels_atlas", "cullface": "north" },
				"up": { "uv": [ 5.75, 8.5, 6, 6.5 ], "texture": "#voxels_atlas", "cullface": "north" },
				"north": { "uv": [ 8, 0, 7.75, 1 ], "texture": "#voxels_atlas", "cullface": "north" },
				"west": { "uv": [ 6.25, 8.5, 7.25, 9.5 ], "texture": "#voxels_atlas", "cullface": "north" },
				"east": { "uv": [ 7.25, 11.5, 6.25, 12.5 ], "texture": "#voxels_atlas", "cullface": "north" }
			}
		},
		{
			"__comment": "Voxels",
			"from": [ 7, 7.5, 16 ],
			"to": [ 7.5, 8.5, 16.5 ],
			"faces": {
				"down": { "uv": [ 9.25, 6.5, 9.5, 7 ], "texture": "#voxels_atlas", "cullface": "south" },
				"up": { "uv": [ 7.5, 0.5, 7.75, 0 ], "texture": "#voxels_atlas", "cullface": "south" },
				"south": { "uv": [ 8.75, 4.5, 9, 5.5 ], "texture": "#voxels_atlas", "cullface": "south" },
				"west": { "uv": [ 8.75, 3.5, 9, 4.5 ], "texture": "#voxels_atlas", "cullface": "south" },
				"east": { "uv": [ 9, 2.5, 8.75, 3.5 ], "texture": "#voxels_atlas", "cullface": "south" }
			}
		},
		{
			"__comment": "Voxels",
			"from": [ 7, 8.5, 8.5 ],
			"to": [ 7.5, 9, 11 ],
			"faces": {
				"up": { "uv": [ 5.5, 5, 5.75, 2.5 ], "texture": "#voxels_atlas" },
				"north": { "uv": [ 9.5, 5.5, 9.25, 6 ], "texture": "#voxels_atlas" },
				"west": { "uv": [ 7.25, 11.5, 8.5, 12 ], "texture": "#voxels_atlas" },
				"east": { "uv": [ 2.25, 0, 1, 0.5 ], "texture": "#voxels_atlas" }
			}
		},
		{
			"__comment": "Voxels",
			"from": [ 7.5, 7.5, -3 ],
			"to": [ 8, 8.5, -1.5 ],
			"faces": {
				"down": { "uv": [ 2, 4, 2.25, 5.5 ], "texture": "#voxels_atlas", "cullface": "north" },
				"up": { "uv": [ 2, 4, 2.25, 2.5 ], "texture": "#voxels_atlas", "cullface": "north" },
				"north": { "uv": [ 9, 8.5, 8.75, 9.5 ], "texture": "#voxels_atlas", "cullface": "north" },
				"east": { "uv": [ 7, 2.5, 6.25, 3.5 ], "texture": "#voxels_atlas", "cullface": "north" }
			}
		},
		{
			"__comment": "Voxels",
			"from": [ 7.5, 7.5, 6.5 ],
			"to": [ 8, 8.5, 14 ],
			"faces": {
				"down": { "uv": [ 5.5, 5, 5.75, 12.5 ], "texture": "#voxels_atlas" },
				"up": { "uv": [ 5.25, 12.5, 5.5, 5 ], "texture": "#voxels_atlas" },
				"north": { "uv": [ 7.25, 7.5, 7, 8.5 ], "texture": "#voxels_atlas" },
				"west": { "uv": [ 1, 10, 4.75, 11 ], "texture": "#voxels_atlas" },
				"east": { "uv": [ 4.75, 11, 1, 12 ], "texture": "#voxels_atlas" }
			}
		},
		{
			"__comment": "Voxels",
			"from": [ 8, 7.5, -2.5 ],
			"to": [ 9, 8.5, -1.5 ],
			"faces": {
				"down": { "uv": [ 7.75, 6.5, 8.25, 7.5 ], "texture": "#voxels_atlas", "cullface": "north" },
				"up": { "uv": [ 4.75, 5, 5.25, 4 ], "texture": "#voxels_atlas", "cullface": "north" },
				"north": { "uv": [ 6.25, 2.5, 5.75, 3.5 ], "texture": "#voxels_atlas", "cullface": "north" },
				"east": { "uv": [ 7.75, 8.5, 7.25, 9.5 ], "texture": "#voxels_atlas", "cullface": "north" }
			}
		},
		{
			"__comment": "Voxels",
			"from": [ 9, 7.5, -2 ],
			"to": [ 9.5, 8.5, -1.5 ],
			"faces": {
				"down": { "uv": [ 5, 1, 5.25, 1.5 ], "texture": "#voxels_atlas", "cullface": "north" },
				"up": { "uv": [ 15.75, 13, 16, 12.5 ], "texture": "#voxels_atlas", "cullface": "north" },
				"north": { "uv": [ 7.5, 1.5, 7.25, 2.5 ], "texture": "#voxels_atlas", "cullface": "north" },
				"east": { "uv": [ 7.75, 0.5, 7.5, 1.5 ], "texture": "#voxels_atlas", "cullface": "north" }
			}
		},
		{
			"__comment": "Voxels",
			"from": [ 9.5, 7.5, 11 ],
			"to": [ 11.5, 8.5, 12.5 ],
			"faces": {
				"down": { "uv": [ 1, 4, 2, 5.5 ], "texture": "#voxels_atlas" },
				"up": { "uv": [ 1, 4, 2, 2.5 ], "texture": "#voxels_atlas" },
				"north": { "uv": [ 15.75, 15, 14.75, 16 ], "texture": "#voxels_atlas" },
				"south": { "uv": [ 4.25, 0, 5.25, 1 ], "texture": "#voxels_atlas" },
				"west": { "uv": [ 3.5, 0, 4.25, 1 ], "texture": "#voxels_atlas" },
				"east": { "uv": [ 7, 3.5, 6.25, 4.5 ], "texture": "#voxels_atlas" }
			}
		},
		{
			"__comment": "Voxels",
			"from": [ 9.5, 7.5, 17 ],
			"to": [ 12, 8.5, 18 ],
			"faces": {
				"down": { "uv": [ 1, 1.5, 2.25, 2.5 ], "texture": "#voxels_atlas", "cullface": "south" },
				"up": { "uv": [ 2.25, 3, 3.5, 2 ], "texture": "#voxels_atlas", "cullface": "south" },
				"north": { "uv": [ 3.5, 3, 2.25, 4 ], "texture": "#voxels_atlas", "cullface": "south" },
				"south": { "uv": [ 3.5, 4, 4.75, 5 ], "texture": "#voxels_atlas", "cullface": "south" },
				"west": { "uv": [ 8.25, 7.5, 8.75, 8.5 ], "texture": "#voxels_atlas", "cullface": "south" },
				"east": { "uv": [ 5.25, 10, 4.75, 11 ], "texture": "#voxels_atlas", "cullface": "south" }
			}
		},
		{
			"__comment": "Voxels",
			"from": [ 9.5, 7.5, 18 ],
			"to": [ 11.5, 8.5, 18.5 ],
			"faces": {
				"down": { "uv": [ 6.25, 0, 7.25, 0.5 ], "texture": "#voxels_atlas", "cullface": "south" },
				"up": { "uv": [ 7.25, 10, 8.25, 9.5 ], "texture": "#voxels_atlas", "cullface": "south" },
				"south": { "uv": [ 14.75, 14, 15.75, 15 ], "texture": "#voxels_atlas", "cullface": "south" },
				"west": { "uv": [ 8, 0, 8.25, 1 ], "texture": "#voxels_atlas", "cullface": "south" },
				"east": { "uv": [ 8.5, 0, 8.25, 1 ], "texture": "#voxels_atlas", "cullface": "south" }
			}
		},
		{
			"__comment": "Voxels",
			"from": [ 10, 7.5, 10.5 ],
			"to": [ 10.5, 8.5, 11 ],
			"faces": {
				"down": { "uv": [ 9, 5.5, 9.25, 6 ], "texture": "#voxels_atlas" },
				"up": { "uv": [ 5, 3, 5.25, 2.5 ], "texture": "#voxels_atlas" },
				"north": { "uv": [ 8.75, 0, 8.5, 1 ], "texture": "#voxels_atlas" },
				"west": { "uv": [ 8.75, 10.5, 9, 11.5 ], "texture": "#voxels_atlas" },
				"east": { "uv": [ 9, 9.5, 8.75, 10.5 ], "texture": "#voxels_atlas" }
			}
		},
		{
			"__comment": "Voxels",
			"from": [ 10, 7.5, 12.5 ],
			"to": [ 12.5, 8.5, 14 ],
			"faces": {
				"down": { "uv": [ 4, 8.5, 5.25, 10 ], "texture": "#voxels_atlas" },
				"up": { "uv": [ 1, 7, 2.25, 5.5 ], "texture": "#voxels_atlas" },
				"north": { "uv": [ 3.5, 0, 2.25, 1 ], "texture": "#voxels_atlas" },
				"west": { "uv": [ 6.25, 4.5, 7, 5.5 ], "texture": "#voxels_atlas" },
				"east": { "uv": [ 7, 5.5, 6.25, 6.5 ], "texture": "#voxels_atlas" }
			}
		},
		{
			"__comment": "Voxels",
			"from": [ 10, 7.5, 16 ],
			"to": [ 12.5, 8.5, 17 ],
			"faces": {
				"down": { "uv": [ 2.25, 5, 3.5, 6 ], "texture": "#voxels_atlas", "cullface": "south" },
				"up": { "uv": [ 3.5, 6, 4.75, 5 ], "texture": "#voxels_atlas", "cullface": "south" },
				"south": { "uv": [ 2.25, 1, 3.5, 2 ], "texture": "#voxels_atlas", "cullface": "south" },
				"west": { "uv": [ 8.25, 6.5, 8.75, 7.5 ], "texture": "#voxels_atlas", "cullface": "south" },
				"east": { "uv": [ 7.75, 5.5, 7.25, 6.5 ], "texture": "#voxels_atlas", "cullface": "south" }
			}
		},
		{
			"__comment": "Voxels",
			"from": [ 10, 7.5, 18.5 ],
			"to": [ 11, 8.5, 19 ],
			"faces": {
				"down": { "uv": [ 9, 11, 9.5, 11.5 ], "texture": "#voxels_atlas", "cullface": "south" },
				"up": { "uv": [ 9, 11, 9.5, 10.5 ], "texture": "#voxels_atlas", "cullface": "south" },
				"south": { "uv": [ 8.25, 5.5, 8.75, 6.5 ], "texture": "#voxels_atlas", "cullface": "south" },
				"west": { "uv": [ 8.75, 0.5, 9, 1.5 ], "texture": "#voxels_atlas", "cullface": "south" },
				"east": { "uv": [ 9.25, 9.5, 9, 10.5 ], "texture": "#voxels_atlas", "cullface": "south" }
			}
		},
		{
			"__comment": "Voxels",
			"from": [ 11.5, 7.5, 11.5 ],
			"to": [ 12, 8.5, 12.5 ],
			"faces": {
				"down": { "uv": [ 9.25, 9.5, 9.5, 10.5 ], "texture": "#voxels_atlas" },
				"up": { "uv": [ 9, 9.5, 9.25, 8.5 ], "texture": "#voxels_atlas" },
				"north": { "uv": [ 9.5, 8.5, 9.25, 9.5 ], "texture": "#voxels_atlas" },
				"east": { "uv": [ 8.25, 4.5, 7.75, 5.5 ], "texture": "#voxels_atlas" }
			}
		}
	],
	"display": {
		"thirdperson_righthand": {
			"rotation":  [ -90, 0, 90 ],
			"translation":  [ 0, 5, 0.5 ]
		},
		"thirdperson_lefthand": {
			"rotation":  [ -90, 0, -90 ],
			"translation":  [ 0, 5, 0.5 ]
		},
		"firstperson_righthand": {
			"rotation":  [ -80, 10, 115 ],
			"translation":  [ 0, 3, 0 ]
		},
		"firstperson_lefthand": {
			"rotation":  [ -86, 10, -95 ],
			"translation":  [ 0, 3, 0 ]
		},
		"gui": {
			"rotation":  [ 90, 133, 0 ],
			"scale":  [ 0.8, 0.8, 0.8 ]
		},
		"ground": {
			"rotation":  [ 40, 0, -100 ],
			"translation":  [ 0, 5, 0 ]
		},
		"fixed": {
			"rotation":  [ -90, -41, 0 ]
		}
	}
}