{"file_name":"rightleg","texture_size":[64,64],"textures":{"c36b7adb-7178-2efb-01e1-8de6add24fb2":"modelengine:entity/goblin"},"elements":[{"name":"rightleg","from":[7.1,6.0629835,6.88883],"to":[8.9,8.462984,8.68883],"rotation":{"angle":0.0,"axis":"x","origin":[6.6499996,3.7961597,6.6906376]},"faces":{"down":{"uv":[4.25,8.75,5.0,9.5],"rotation":0,"texture":"#c36b7adb-7178-2efb-01e1-8de6add24fb2","tintindex":0},"east":{"uv":[6.5,10.5,7.25,11.5],"rotation":0,"texture":"#c36b7adb-7178-2efb-01e1-8de6add24fb2","tintindex":0},"north":{"uv":[5.75,10.5,6.5,11.5],"rotation":0,"texture":"#c36b7adb-7178-2efb-01e1-8de6add24fb2","tintindex":0},"south":{"uv":[7.25,10.5,8.0,11.5],"rotation":0,"texture":"#c36b7adb-7178-2efb-01e1-8de6add24fb2","tintindex":0},"up":{"uv":[2.75,4.75,2.0,4.0],"rotation":0,"texture":"#c36b7adb-7178-2efb-01e1-8de6add24fb2","tintindex":0},"west":{"uv":[10.5,0.0,11.25,1.0],"rotation":0,"texture":"#c36b7adb-7178-2efb-01e1-8de6add24fb2","tintindex":0}}},{"name":"rightleg","from":[6.95,3.455582,6.8814917],"to":[9.05,5.855582,8.981492],"rotation":{"angle":-22.5,"axis":"x","origin":[6.5,5.6,6.2]},"faces":{"down":{"uv":[3.75,9.5,4.75,10.5],"rotation":0,"texture":"#c36b7adb-7178-2efb-01e1-8de6add24fb2","tintindex":0},"east":{"uv":[9.0,2.25,10.0,3.25],"rotation":0,"texture":"#c36b7adb-7178-2efb-01e1-8de6add24fb2","tintindex":0},"north":{"uv":[9.0,1.25,10.0,2.25],"rotation":0,"texture":"#c36b7adb-7178-2efb-01e1-8de6add24fb2","tintindex":0},"south":{"uv":[8.0,9.25,9.0,10.25],"rotation":0,"texture":"#c36b7adb-7178-2efb-01e1-8de6add24fb2","tintindex":0},"up":{"uv":[3.75,10.5,2.75,9.5],"rotation":0,"texture":"#c36b7adb-7178-2efb-01e1-8de6add24fb2","tintindex":0},"west":{"uv":[9.0,9.25,10.0,10.25],"rotation":0,"texture":"#c36b7adb-7178-2efb-01e1-8de6add24fb2","tintindex":0}}},{"name":"rightleg","from":[6.95,3.455582,6.281492],"to":[9.05,4.655582,6.8814917],"rotation":{"angle":-22.5,"axis":"x","origin":[6.5,5.6,6.2]},"faces":{"down":{"uv":[11.5,1.75,12.5,2.0],"rotation":0,"texture":"#c36b7adb-7178-2efb-01e1-8de6add24fb2","tintindex":0},"east":{"uv":[11.0,4.5,11.25,5.0],"rotation":0,"texture":"#c36b7adb-7178-2efb-01e1-8de6add24fb2","tintindex":0},"north":{"uv":[4.75,11.5,5.75,12.0],"rotation":0,"texture":"#c36b7adb-7178-2efb-01e1-8de6add24fb2","tintindex":0},"south":{"uv":[5.75,11.5,6.75,12.0],"rotation":0,"texture":"#c36b7adb-7178-2efb-01e1-8de6add24fb2","tintindex":0},"up":{"uv":[11.0,10.0,10.0,9.75],"rotation":0,"texture":"#c36b7adb-7178-2efb-01e1-8de6add24fb2","tintindex":0},"west":{"uv":[6.25,12.0,6.5,12.5],"rotation":0,"texture":"#c36b7adb-7178-2efb-01e1-8de6add24fb2","tintindex":0}}}],"display":{"head":{"translation":[0.0,-6.4,0.0],"rotation":[0.0,0.0,0.0],"scale":[3.8095,3.8095,3.8095]},"gui":{"translation":[0.0,0.0,0.0],"rotation":[35.0,225.0,0.0],"scale":[0.625,0.625,0.625]}}}