{
	"__comment": "Designed by Pashjn with Cubik Studio - https://cubik.studio",
	"textures": {
		"particle": "potions/desertsand",
		"texture": "potions/desertsand",
		"voxels_atlas": "potions/desertsand"
	},
	"elements": [ 	 
		{
			"__comment": "Voxels",
			"from": [ 4, 3, 8 ],
			"to": [ 12, 8.5, 16 ],
			"faces": {
				"down": { "uv": [ 0, 12, 4, 16 ], "texture": "#voxels_atlas" },
				"up": { "uv": [ 4, 16, 8, 12 ], "texture": "#voxels_atlas" },
				"north": { "uv": [ 12, 13.25, 8, 16 ], "texture": "#voxels_atlas" },
				"south": { "uv": [ 12, 13.25, 16, 16 ], "texture": "#voxels_atlas" },
				"west": { "uv": [ 0, 9.25, 4, 12 ], "texture": "#voxels_atlas" },
				"east": { "uv": [ 4, 6.5, 0, 9.25 ], "texture": "#voxels_atlas" }
			}
		},
		{
			"__comment": "Voxels",
			"from": [ 5, 0.5, 9 ],
			"to": [ 11, 3, 15 ],
			"faces": {
				"down": { "uv": [ 0, 3.5, 3, 6.5 ], "texture": "#voxels_atlas" },
				"up": { "uv": [ 0, 3.5, 3, 0.5 ], "texture": "#voxels_atlas" },
				"north": { "uv": [ 11, 12, 8, 13.25 ], "texture": "#voxels_atlas" },
				"south": { "uv": [ 12, 12, 15, 13.25 ], "texture": "#voxels_atlas" },
				"west": { "uv": [ 9, 10.75, 12, 12 ], "texture": "#voxels_atlas" },
				"east": { "uv": [ 12, 9.5, 9, 10.75 ], "texture": "#voxels_atlas" }
			}
		},
		{
			"__comment": "Voxels",
			"from": [ 5.5, 8.5, 9.5 ],
			"to": [ 10.5, 9.5, 14.5 ],
			"faces": {
				"down": { "uv": [ 4, 9.5, 6.5, 12 ], "texture": "#voxels_atlas" },
				"up": { "uv": [ 6.5, 12, 9, 9.5 ], "texture": "#voxels_atlas" },
				"north": { "uv": [ 2.5, 0, 0, 0.5 ], "texture": "#voxels_atlas" },
				"south": { "uv": [ 13.5, 10, 16, 10.5 ], "texture": "#voxels_atlas" },
				"west": { "uv": [ 13.5, 9.5, 16, 10 ], "texture": "#voxels_atlas" },
				"east": { "uv": [ 6.5, 9, 4, 9.5 ], "texture": "#voxels_atlas" }
			}
		},
		{
			"__comment": "Voxels",
			"from": [ 6.5, 11.5, 10.5 ],
			"to": [ 9.5, 12, 13.5 ],
			"faces": {
				"down": { "uv": [ 12, 10.5, 13.5, 12 ], "texture": "#voxels_atlas" },
				"up": { "uv": [ 13.5, 12, 15, 10.5 ], "texture": "#voxels_atlas" },
				"north": { "uv": [ 13.5, 10.25, 12, 10.5 ], "texture": "#voxels_atlas" },
				"south": { "uv": [ 12, 10, 13.5, 10.25 ], "texture": "#voxels_atlas" },
				"west": { "uv": [ 12, 9.75, 13.5, 10 ], "texture": "#voxels_atlas" },
				"east": { "uv": [ 13.5, 9.5, 12, 9.75 ], "texture": "#voxels_atlas" }
			}
		},
		{
			"__comment": "Voxels",
			"from": [ 7, 9.5, 11 ],
			"to": [ 9, 11.5, 13 ],
			"faces": {
				"down": { "uv": [ 3, 3.5, 4, 4.5 ], "texture": "#voxels_atlas" },
				"up": { "uv": [ 3, 3.5, 4, 2.5 ], "texture": "#voxels_atlas" },
				"north": { "uv": [ 4, 1.5, 3, 2.5 ], "texture": "#voxels_atlas" },
				"south": { "uv": [ 3, 0.5, 4, 1.5 ], "texture": "#voxels_atlas" },
				"west": { "uv": [ 11, 12.25, 12, 13.25 ], "texture": "#voxels_atlas" },
				"east": { "uv": [ 16, 12.25, 15, 13.25 ], "texture": "#voxels_atlas" }
			}
		},
		{
			"__comment": "Voxels",
			"from": [ 7, 12, 11 ],
			"to": [ 9, 12.5, 13 ],
			"faces": {
				"down": { "uv": [ 3, 5.5, 4, 6.5 ], "texture": "#voxels_atlas" },
				"up": { "uv": [ 3, 5.5, 4, 4.5 ], "texture": "#voxels_atlas" },
				"north": { "uv": [ 12, 12, 11, 12.25 ], "texture": "#voxels_atlas" },
				"south": { "uv": [ 15, 12, 16, 12.25 ], "texture": "#voxels_atlas" },
				"west": { "uv": [ 3, 0.25, 4, 0.5 ], "texture": "#voxels_atlas" },
				"east": { "uv": [ 4, 0, 3, 0.25 ], "texture": "#voxels_atlas" }
			}
		},
		{
			"__comment": "Voxels",
			"from": [ 7, 12.5, 11 ],
			"to": [ 8, 13, 12 ],
			"faces": {
				"down": { "uv": [ 2.5, 0, 3, 0.5 ], "texture": "#voxels_atlas" },
				"up": { "uv": [ 15, 12, 15.5, 11.5 ], "texture": "#voxels_atlas" },
				"north": { "uv": [ 16, 11.75, 15.5, 12 ], "texture": "#voxels_atlas" },
				"south": { "uv": [ 15.5, 11.5, 16, 11.75 ], "texture": "#voxels_atlas" },
				"west": { "uv": [ 15, 11.25, 15.5, 11.5 ], "texture": "#voxels_atlas" },
				"east": { "uv": [ 16, 11.25, 15.5, 11.5 ], "texture": "#voxels_atlas" }
			}
		},
		{
			"__comment": "Voxels",
			"from": [ 7, 13, 11 ],
			"to": [ 7.5, 13.5, 11.5 ],
			"faces": {
				"down": { "uv": [ 15, 11, 15.25, 11.25 ], "texture": "#voxels_atlas" },
				"up": { "uv": [ 15, 11, 15.25, 10.75 ], "texture": "#voxels_atlas" },
				"north": { "uv": [ 15.25, 10.5, 15, 10.75 ], "texture": "#voxels_atlas" },
				"south": { "uv": [ 15.25, 11, 15.5, 11.25 ], "texture": "#voxels_atlas" },
				"west": { "uv": [ 15.5, 11, 15.75, 11.25 ], "texture": "#voxels_atlas" },
				"east": { "uv": [ 16, 11, 15.75, 11.25 ], "texture": "#voxels_atlas" }
			}
		}
	],
	"display": {
		"thirdperson_righthand": {
			"translation":  [ 0, 2.7826, -2.782 ],
			"scale":  [ 0.6, 0.6, 0.6 ]
		},
		"thirdperson_lefthand": {
			"translation":  [ 0, 2.7826, -2.782 ],
			"scale":  [ 0.6, 0.6, 0.6 ]
		},
		"firstperson_righthand": {
			"rotation":  [ -16, 0, 0 ],
			"translation":  [ 0, 2.0869, 0 ],
			"scale":  [ 0.6, 0.6, 0.6 ]
		},
		"firstperson_lefthand": {
			"rotation":  [ -16, 0, 0 ],
			"translation":  [ 0, 2.0869, 0 ],
			"scale":  [ 0.6, 0.6, 0.6 ]
		},
		"gui": {
			"rotation":  [ 19, -166, 0 ],
			"translation":  [ 1.3913, 0, 0 ]
		},
		"ground": {
			"rotation":  [ 23, 0, 0 ],
			"translation":  [ -0.695, 2.0869, -2.086 ],
			"scale":  [ 0.6, 0.6, 0.6 ]
		},
		"fixed": {
			"rotation":  [ -90, 0, 0 ],
			"translation":  [ 0, -0.695, -7.651 ]
		}
	},
	"groups": [
		{
			"name": "potion",
			"origin": [8, 8, 8],
			"children": [0, 1, 2, 3, 4]
		}, 5, 6]	
}