{
	"__comment": "Designed by Elo106 with Cubik Studio - https://cubik.studio",
	"textures": {
		"particle": "items/endbookclosed",
		"texture": "items/endbookclosed",
		"voxels_atlas": "items/endbookclosed"
	},
	"elements": [ 	 
		{
			"__comment": "Voxels",
			"from": [ 5, 4, 4 ],
			"to": [ 14, 8, 5 ],
			"faces": {
				"down": { "uv": [ 4.5, 10, 9, 10.5 ], "texture": "#voxels_atlas" },
				"up": { "uv": [ 9, 10.5, 13.5, 10 ], "texture": "#voxels_atlas" },
				"north": { "uv": [ 4.5, 1, 0, 3 ], "texture": "#voxels_atlas" },
				"south": { "uv": [ 4.5, 10.5, 9, 12.5 ], "texture": "#voxels_atlas" },
				"west": { "uv": [ 13.5, 14, 14, 16 ], "texture": "#voxels_atlas" },
				"east": { "uv": [ 14.5, 14, 14, 16 ], "texture": "#voxels_atlas" }
			}
		},
		{
			"__comment": "Voxels",
			"from": [ 5, 4, 5 ],
			"to": [ 14, 5, 12 ],
			"faces": {
				"down": { "uv": [ 0, 12.5, 4.5, 16 ], "texture": "#voxels_atlas" },
				"up": { "uv": [ 4.5, 16, 9, 12.5 ], "texture": "#voxels_atlas" },
				"south": { "uv": [ 9, 9.5, 13.5, 10 ], "texture": "#voxels_atlas" },
				"west": { "uv": [ 12.5, 11, 16, 11.5 ], "texture": "#voxels_atlas" },
				"east": { "uv": [ 16, 10.5, 12.5, 11 ], "texture": "#voxels_atlas" }
			}
		},
		{
			"__comment": "Voxels",
			"from": [ 5, 7, 5 ],
			"to": [ 14, 8, 12 ],
			"faces": {
				"down": { "uv": [ 9, 12.5, 13.5, 16 ], "texture": "#voxels_atlas" },
				"up": { "uv": [ 0, 12.5, 4.5, 9 ], "texture": "#voxels_atlas" },
				"south": { "uv": [ 9, 9, 13.5, 9.5 ], "texture": "#voxels_atlas" },
				"west": { "uv": [ 4.5, 8.5, 8, 9 ], "texture": "#voxels_atlas" },
				"east": { "uv": [ 11.5, 8.5, 8, 9 ], "texture": "#voxels_atlas" }
			}
		},
		{
			"__comment": "Voxels",
			"from": [ 6, 5, 5 ],
			"to": [ 13, 7, 11 ],
			"faces": {
				"south": { "uv": [ 9, 11.5, 12.5, 12.5 ], "texture": "#voxels_atlas" },
				"west": { "uv": [ 9, 10.5, 12, 11.5 ], "texture": "#voxels_atlas" },
				"east": { "uv": [ 15.5, 11.5, 12.5, 12.5 ], "texture": "#voxels_atlas" }
			}
		}
	],
	"display": {
		"thirdperson_righthand": {
			"rotation":  [ 45, 0, 90 ],
			"translation":  [ -1, 0, -2 ],
			"scale":  [ 0.8, 0.8, 0.8 ]
		},
		"thirdperson_lefthand": {
			"rotation":  [ 45, 0, 90 ],
			"translation":  [ -1, 0, -2 ],
			"scale":  [ 0.8, 0.8, 0.8 ]
		},
		"firstperson_righthand": {
			"rotation":  [ 0, -37, 110 ]
		},
		"firstperson_lefthand": {
			"rotation":  [ 15, -60, -70 ],
			"translation":  [ 5, 0, 0 ]
		},
		"gui": {
			"rotation":  [ 90, 90, 0 ],
			"translation":  [ 0, -2, 0 ],
			"scale":  [ 1.5, 1.5, 1.5 ]
		},
		"fixed": {
			"rotation":  [ 0, 90, 90 ],
			"translation":  [ 0, -2, 0 ],
			"scale":  [ 1.5, 1.5, 1.5 ]
		}
	}
}