{
	"__comment": "Designed by Elo106 with Cubik Studio - https://cubik.studio",
	"textures": {
		"particle": "items/flintlock_1",
		"texture": "items/flintlock_1",
		"voxels_atlas": "items/flintlock_1"
	},
	"elements": [ 	 
		{
			"__comment": "Voxels",
			"from": [ 6.5, 3, -2 ],
			"to": [ 9.5, 6, -1 ],
			"faces": {
				"down": { "uv": [ 12, 11, 13.5, 11.5 ], "texture": "#voxels_atlas", "cullface": "north" },
				"up": { "uv": [ 4.5, 11.5, 6, 11 ], "texture": "#voxels_atlas", "cullface": "north" },
				"north": { "uv": [ 3.5, 14.5, 2, 16 ], "texture": "#voxels_atlas", "cullface": "north" },
				"south": { "uv": [ 3.5, 14.5, 5, 16 ], "texture": "#voxels_atlas", "cullface": "north" },
				"west": { "uv": [ 3.25, 5.75, 3.75, 7.25 ], "texture": "#voxels_atlas", "cullface": "north" },
				"east": { "uv": [ 4.25, 5.75, 3.75, 7.25 ], "texture": "#voxels_atlas", "cullface": "north" }
			}
		},
		{
			"__comment": "Voxels",
			"from": [ 6.5, 3, -1 ],
			"to": [ 9.5, 5.5, 0 ],
			"faces": {
				"down": { "uv": [ 6, 11, 7.5, 11.5 ], "texture": "#voxels_atlas", "cullface": "north" },
				"up": { "uv": [ 7.5, 11.5, 9, 11 ], "texture": "#voxels_atlas", "cullface": "north" },
				"south": { "uv": [ 9.5, 14.75, 11, 16 ], "texture": "#voxels_atlas", "cullface": "north" },
				"west": { "uv": [ 4.75, 6.5, 5.25, 7.75 ], "texture": "#voxels_atlas", "cullface": "north" },
				"east": { "uv": [ 5.25, 7.75, 4.75, 9 ], "texture": "#voxels_atlas", "cullface": "north" }
			}
		},
		{
			"__comment": "Voxels",
			"from": [ 6.5, 3.5, -2.5 ],
			"to": [ 9.5, 5.5, -2 ],
			"faces": {
				"down": { "uv": [ 5, 14.5, 6.5, 14.75 ], "texture": "#voxels_atlas", "cullface": "north" },
				"up": { "uv": [ 6.5, 14.75, 8, 14.5 ], "texture": "#voxels_atlas", "cullface": "north" },
				"north": { "uv": [ 6, 13, 4.5, 14 ], "texture": "#voxels_atlas", "cullface": "north" },
				"west": { "uv": [ 5, 0.5, 5.25, 1.5 ], "texture": "#voxels_atlas", "cullface": "north" },
				"east": { "uv": [ 6.25, 5.25, 6, 6.25 ], "texture": "#voxels_atlas", "cullface": "north" }
			}
		},
		{
			"__comment": "Voxels",
			"from": [ 6.5, 4, -3 ],
			"to": [ 9.5, 5, -2.5 ],
			"faces": {
				"down": { "uv": [ 9.5, 14.5, 11, 14.75 ], "texture": "#voxels_atlas", "cullface": "north" },
				"up": { "uv": [ 11, 14.75, 12.5, 14.5 ], "texture": "#voxels_atlas", "cullface": "north" },
				"north": { "uv": [ 10.5, 11, 9, 11.5 ], "texture": "#voxels_atlas", "cullface": "north" },
				"west": { "uv": [ 8, 3, 8.25, 3.5 ], "texture": "#voxels_atlas", "cullface": "north" },
				"east": { "uv": [ 8.25, 2.5, 8, 3 ], "texture": "#voxels_atlas", "cullface": "north" }
			}
		},
		{
			"__comment": "Voxels",
			"from": [ 6.5, 5.5, -1 ],
			"to": [ 7.5, 7.5, 0.5 ],
			"faces": {
				"down": { "uv": [ 5.25, 3.5, 5.75, 4.25 ], "texture": "#voxels_atlas", "cullface": "north" },
				"up": { "uv": [ 5.25, 3.5, 5.75, 2.75 ], "texture": "#voxels_atlas", "cullface": "north" },
				"north": { "uv": [ 5, 0.5, 4.5, 1.5 ], "texture": "#voxels_atlas", "cullface": "north" },
				"south": { "uv": [ 15.5, 15, 16, 16 ], "texture": "#voxels_atlas", "cullface": "north" },
				"west": { "uv": [ 4.5, 10, 5.25, 11 ], "texture": "#voxels_atlas", "cullface": "north" },
				"east": { "uv": [ 5.25, 9, 4.5, 10 ], "texture": "#voxels_atlas", "cullface": "north" }
			}
		},
		{
			"__comment": "Voxels",
			"from": [ 6.5, 6, -1.5 ],
			"to": [ 9.5, 6.5, -1 ],
			"faces": {
				"up": { "uv": [ 10.75, 9.75, 12.25, 9.5 ], "texture": "#voxels_atlas", "cullface": "north" },
				"north": { "uv": [ 13.75, 9.5, 12.25, 9.75 ], "texture": "#voxels_atlas", "cullface": "north" },
				"south": { "uv": [ 13.75, 9.5, 15.25, 9.75 ], "texture": "#voxels_atlas", "cullface": "north" },
				"west": { "uv": [ 14.25, 7, 14.5, 7.25 ], "texture": "#voxels_atlas", "cullface": "north" },
				"east": { "uv": [ 16, 7.25, 15.75, 7.5 ], "texture": "#voxels_atlas", "cullface": "north" }
			}
		},
		{
			"__comment": "Voxels",
			"from": [ 6.5, 6.5, 0.5 ],
			"to": [ 9.5, 8.5, 1 ],
			"faces": {
				"down": { "uv": [ 5.75, 9.25, 7.25, 9.5 ], "texture": "#voxels_atlas" },
				"up": { "uv": [ 7.25, 9.5, 8.75, 9.25 ], "texture": "#voxels_atlas" },
				"north": { "uv": [ 13.5, 13, 12, 14 ], "texture": "#voxels_atlas" },
				"south": { "uv": [ 14, 15, 15.5, 16 ], "texture": "#voxels_atlas" },
				"west": { "uv": [ 5.75, 4, 6, 5 ], "texture": "#voxels_atlas" },
				"east": { "uv": [ 6.25, 3, 6, 4 ], "texture": "#voxels_atlas" }
			}
		},
		{
			"__comment": "Voxels",
			"from": [ 6.5, 7, 1 ],
			"to": [ 9.5, 9, 1.5 ],
			"faces": {
				"down": { "uv": [ 10.25, 9.25, 11.75, 9.5 ], "texture": "#voxels_atlas" },
				"up": { "uv": [ 11.75, 9.5, 13.25, 9.25 ], "texture": "#voxels_atlas" },
				"north": { "uv": [ 4.5, 13, 3, 14 ], "texture": "#voxels_atlas" },
				"south": { "uv": [ 10.5, 13, 12, 14 ], "texture": "#voxels_atlas" },
				"west": { "uv": [ 6, 4, 6.25, 5 ], "texture": "#voxels_atlas" },
				"east": { "uv": [ 6, 3, 5.75, 4 ], "texture": "#voxels_atlas" }
			}
		},
		{
			"__comment": "Voxels",
			"from": [ 6.5, 7.5, -0.5 ],
			"to": [ 9.5, 8, 0.5 ],
			"faces": {
				"down": { "uv": [ 13.5, 11, 15, 11.5 ], "texture": "#voxels_atlas", "cullface": "north" },
				"up": { "uv": [ 14, 15, 15.5, 14.5 ], "texture": "#voxels_atlas", "cullface": "north" },
				"north": { "uv": [ 14.75, 9.25, 13.25, 9.5 ], "texture": "#voxels_atlas", "cullface": "north" },
				"west": { "uv": [ 8.25, 3.25, 8.75, 3.5 ], "texture": "#voxels_atlas", "cullface": "north" },
				"east": { "uv": [ 8.75, 3, 8.25, 3.25 ], "texture": "#voxels_atlas", "cullface": "north" }
			}
		},
		{
			"__comment": "Voxels",
			"from": [ 6.5, 7.5, 1.5 ],
			"to": [ 9.5, 9, 2.5 ],
			"faces": {
				"down": { "uv": [ 3, 8.5, 4.5, 9 ], "texture": "#voxels_atlas" },
				"up": { "uv": [ 3, 8.5, 4.5, 8 ], "texture": "#voxels_atlas" },
				"south": { "uv": [ 7.5, 12, 9, 12.75 ], "texture": "#voxels_atlas" },
				"west": { "uv": [ 5.75, 7, 6.25, 7.75 ], "texture": "#voxels_atlas" },
				"east": { "uv": [ 6.25, 6.25, 5.75, 7 ], "texture": "#voxels_atlas" }
			}
		},
		{
			"__comment": "Voxels",
			"from": [ 6.5, 8, 0 ],
			"to": [ 9.5, 8.5, 0.5 ],
			"faces": {
				"up": { "uv": [ 7.75, 9.25, 9.25, 9 ], "texture": "#voxels_atlas" },
				"north": { "uv": [ 10.75, 9, 9.25, 9.25 ], "texture": "#voxels_atlas", "cullface": "north" },
				"west": { "uv": [ 15.75, 7.5, 16, 7.75 ], "texture": "#voxels_atlas" },
				"east": { "uv": [ 16, 7.75, 15.75, 8 ], "texture": "#voxels_atlas" }
			}
		},
		{
			"__comment": "Voxels",
			"from": [ 6.5, 8, 2.5 ],
			"to": [ 9.5, 9.5, 4 ],
			"faces": {
				"down": { "uv": [ 3, 12, 4.5, 12.75 ], "texture": "#voxels_atlas" },
				"up": { "uv": [ 10.5, 12.75, 12, 12 ], "texture": "#voxels_atlas" },
				"north": { "uv": [ 6, 12, 4.5, 12.75 ], "texture": "#voxels_atlas" },
				"south": { "uv": [ 6, 12, 7.5, 12.75 ], "texture": "#voxels_atlas" },
				"west": { "uv": [ 4.5, 1.5, 5.25, 2.25 ], "texture": "#voxels_atlas" },
				"east": { "uv": [ 5.25, 5.25, 4.5, 6 ], "texture": "#voxels_atlas" }
			}
		},
		{
			"__comment": "Voxels",
			"from": [ 6.5, 8.5, 4 ],
			"to": [ 9.5, 10.5, 6.5 ],
			"faces": {
				"down": { "uv": [ 5, 14.75, 6.5, 16 ], "texture": "#voxels_atlas" },
				"up": { "uv": [ 6.5, 16, 8, 14.75 ], "texture": "#voxels_atlas" },
				"north": { "uv": [ 10.5, 13, 9, 14 ], "texture": "#voxels_atlas" },
				"south": { "uv": [ 7.5, 13, 9, 14 ], "texture": "#voxels_atlas" },
				"west": { "uv": [ 13.5, 13, 14.75, 14 ], "texture": "#voxels_atlas" },
				"east": { "uv": [ 16, 13, 14.75, 14 ], "texture": "#voxels_atlas" }
			}
		},
		{
			"__comment": "Voxels",
			"from": [ 6.5, 8.5, 6.5 ],
			"to": [ 9.5, 10, 8 ],
			"faces": {
				"down": { "uv": [ 3, 10.5, 4.5, 11.25 ], "texture": "#voxels_atlas" },
				"up": { "uv": [ 9, 12.75, 10.5, 12 ], "texture": "#voxels_atlas" },
				"south": { "uv": [ 13.5, 12, 15, 12.75 ], "texture": "#voxels_atlas" },
				"west": { "uv": [ 4.5, 3.75, 5.25, 4.5 ], "texture": "#voxels_atlas" },
				"east": { "uv": [ 5.25, 2.25, 4.5, 3 ], "texture": "#voxels_atlas" }
			}
		},
		{
			"__comment": "Voxels",
			"from": [ 6.5, 9, 2 ],
			"to": [ 9.5, 9.5, 2.5 ],
			"faces": {
				"up": { "uv": [ 7, 9, 8.5, 8.75 ], "texture": "#voxels_atlas" },
				"north": { "uv": [ 10, 8.75, 8.5, 9 ], "texture": "#voxels_atlas" },
				"west": { "uv": [ 6.75, 1, 7, 1.25 ], "texture": "#voxels_atlas" },
				"east": { "uv": [ 7, 1.25, 6.75, 1.5 ], "texture": "#voxels_atlas" }
			}
		},
		{
			"__comment": "Voxels",
			"from": [ 6.5, 9, 8 ],
			"to": [ 9.5, 10, 10.5 ],
			"faces": {
				"down": { "uv": [ 12.5, 14.75, 14, 16 ], "texture": "#voxels_atlas" },
				"up": { "uv": [ 11, 16, 12.5, 14.75 ], "texture": "#voxels_atlas" },
				"south": { "uv": [ 3, 1, 4.5, 1.5 ], "texture": "#voxels_atlas" },
				"west": { "uv": [ 12.25, 10.5, 13.5, 11 ], "texture": "#voxels_atlas" },
				"east": { "uv": [ 12.25, 10.5, 11, 11 ], "texture": "#voxels_atlas" }
			}
		},
		{
			"__comment": "Voxels",
			"from": [ 6.5, 9.5, 3 ],
			"to": [ 9.5, 10, 4 ],
			"faces": {
				"up": { "uv": [ 3, 0.5, 4.5, 0 ], "texture": "#voxels_atlas" },
				"north": { "uv": [ 9.5, 14.5, 8, 14.75 ], "texture": "#voxels_atlas" },
				"west": { "uv": [ 8.75, 7.75, 9.25, 8 ], "texture": "#voxels_atlas" },
				"east": { "uv": [ 8.75, 1.75, 8.25, 2 ], "texture": "#voxels_atlas" }
			}
		},
		{
			"__comment": "Voxels",
			"from": [ 6.5, 10.5, 4 ],
			"to": [ 7.5, 11, 5.5 ],
			"faces": {
				"up": { "uv": [ 5.25, 1.25, 5.75, 0.5 ], "texture": "#voxels_atlas" },
				"north": { "uv": [ 8.75, 1.5, 8.25, 1.75 ], "texture": "#voxels_atlas" },
				"south": { "uv": [ 8.25, 1.25, 8.75, 1.5 ], "texture": "#voxels_atlas" },
				"west": { "uv": [ 15.25, 9.5, 16, 9.75 ], "texture": "#voxels_atlas" },
				"east": { "uv": [ 16, 9, 15.25, 9.25 ], "texture": "#voxels_atlas" }
			}
		},
		{
			"__comment": "Voxels",
			"from": [ 6.5, 12, 4 ],
			"to": [ 8, 12.5, 5 ],
			"faces": {
				"down": { "uv": [ 6.25, 7.5, 7, 8 ], "texture": "#voxels_atlas" },
				"up": { "uv": [ 4.5, 0.5, 5.25, 0 ], "texture": "#voxels_atlas" },
				"north": { "uv": [ 7, 5.75, 6.25, 6 ], "texture": "#voxels_atlas" },
				"south": { "uv": [ 6.25, 5.5, 7, 5.75 ], "texture": "#voxels_atlas" },
				"west": { "uv": [ 8.25, 1, 8.75, 1.25 ], "texture": "#voxels_atlas" },
				"east": { "uv": [ 8.75, 0.75, 8.25, 1 ], "texture": "#voxels_atlas" }
			}
		},
		{
			"__comment": "Voxels",
			"from": [ 7, 2.5, -2 ],
			"to": [ 9, 3, -0.5 ],
			"faces": {
				"down": { "uv": [ 3.5, 4.25, 4.5, 5 ], "texture": "#voxels_atlas", "cullface": "north" },
				"up": { "uv": [ 3.5, 4.25, 4.5, 3.5 ], "texture": "#voxels_atlas", "cullface": "north" },
				"north": { "uv": [ 14, 8.25, 13, 8.5 ], "texture": "#voxels_atlas", "cullface": "north" },
				"south": { "uv": [ 11, 8.5, 12, 8.75 ], "texture": "#voxels_atlas", "cullface": "north" },
				"west": { "uv": [ 6.25, 3, 7, 3.25 ], "texture": "#voxels_atlas", "cullface": "north" },
				"east": { "uv": [ 7, 3.25, 6.25, 3.5 ], "texture": "#voxels_atlas", "cullface": "north" }
			}
		},
		{
			"__comment": "Voxels",
			"from": [ 7, 3, -2.5 ],
			"to": [ 9, 3.5, -2 ],
			"faces": {
				"down": { "uv": [ 12, 8.5, 13, 8.75 ], "texture": "#voxels_atlas", "cullface": "north" },
				"north": { "uv": [ 15, 8.5, 14, 8.75 ], "texture": "#voxels_atlas", "cullface": "north" },
				"west": { "uv": [ 6.75, 1.5, 7, 1.75 ], "texture": "#voxels_atlas", "cullface": "north" },
				"east": { "uv": [ 6.25, 5, 6, 5.25 ], "texture": "#voxels_atlas", "cullface": "north" }
			}
		},
		{
			"__comment": "Voxels",
			"from": [ 7, 3, 0 ],
			"to": [ 9, 5.5, 0.5 ],
			"faces": {
				"down": { "uv": [ 7, 8.25, 8, 8.5 ], "texture": "#voxels_atlas" },
				"up": { "uv": [ 8, 8.5, 9, 8.25 ], "texture": "#voxels_atlas" },
				"south": { "uv": [ 2, 5.75, 3, 7 ], "texture": "#voxels_atlas" },
				"west": { "uv": [ 5.75, 5, 6, 6.25 ], "texture": "#voxels_atlas" },
				"east": { "uv": [ 4.5, 6, 4.25, 7.25 ], "texture": "#voxels_atlas" }
			}
		},
		{
			"__comment": "Voxels",
			"from": [ 7, 3.5, -3 ],
			"to": [ 9, 4, -2.5 ],
			"faces": {
				"down": { "uv": [ 9, 8.25, 10, 8.5 ], "texture": "#voxels_atlas", "cullface": "north" },
				"north": { "uv": [ 12, 8.25, 11, 8.5 ], "texture": "#voxels_atlas", "cullface": "north" },
				"west": { "uv": [ 12, 10.25, 12.25, 10.5 ], "texture": "#voxels_atlas", "cullface": "north" },
				"east": { "uv": [ 4.5, 5.75, 4.25, 6 ], "texture": "#voxels_atlas", "cullface": "north" }
			}
		},
		{
			"__comment": "Voxels",
			"from": [ 7, 4, -3.5 ],
			"to": [ 9, 5, -3 ],
			"faces": {
				"down": { "uv": [ 14, 8.25, 15, 8.5 ], "texture": "#voxels_atlas", "cullface": "north" },
				"up": { "uv": [ 15, 8.5, 16, 8.25 ], "texture": "#voxels_atlas", "cullface": "north" },
				"north": { "uv": [ 14.5, 10.5, 13.5, 11 ], "texture": "#voxels_atlas", "cullface": "north" },
				"west": { "uv": [ 8, 2, 8.25, 2.5 ], "texture": "#voxels_atlas", "cullface": "north" },
				"east": { "uv": [ 8.25, 1.5, 8, 2 ], "texture": "#voxels_atlas", "cullface": "north" }
			}
		},
		{
			"__comment": "Voxels",
			"from": [ 7, 5, -3 ],
			"to": [ 9, 5.5, -2.5 ],
			"faces": {
				"up": { "uv": [ 8, 8.25, 9, 8 ], "texture": "#voxels_atlas", "cullface": "north" },
				"north": { "uv": [ 10, 8, 9, 8.25 ], "texture": "#voxels_atlas", "cullface": "north" },
				"west": { "uv": [ 12, 6.75, 12.25, 7 ], "texture": "#voxels_atlas", "cullface": "north" },
				"east": { "uv": [ 11.5, 6.75, 11.25, 7 ], "texture": "#voxels_atlas", "cullface": "north" }
			}
		},
		{
			"__comment": "Voxels",
			"from": [ 7, 5.5, -2.5 ],
			"to": [ 9, 6, -2 ],
			"faces": {
				"up": { "uv": [ 12, 8.25, 13, 8 ], "texture": "#voxels_atlas", "cullface": "north" },
				"north": { "uv": [ 14, 8, 13, 8.25 ], "texture": "#voxels_atlas", "cullface": "north" },
				"west": { "uv": [ 11, 6.75, 11.25, 7 ], "texture": "#voxels_atlas", "cullface": "north" },
				"east": { "uv": [ 11, 6.75, 10.75, 7 ], "texture": "#voxels_atlas", "cullface": "north" }
			}
		},
		{
			"__comment": "Voxels",
			"from": [ 7, 5.5, 0.5 ],
			"to": [ 9, 6.5, 1 ],
			"faces": {
				"down": { "uv": [ 15, 8, 16, 8.25 ], "texture": "#voxels_atlas" },
				"north": { "uv": [ 11.75, 9.75, 10.75, 10.25 ], "texture": "#voxels_atlas" },
				"south": { "uv": [ 7.75, 9.75, 8.75, 10.25 ], "texture": "#voxels_atlas" },
				"west": { "uv": [ 8, 1, 8.25, 1.5 ], "texture": "#voxels_atlas" },
				"east": { "uv": [ 8.25, 0.5, 8, 1 ], "texture": "#voxels_atlas" }
			}
		},
		{
			"__comment": "Voxels",
			"from": [ 7, 6, -2 ],
			"to": [ 9, 6.5, -1.5 ],
			"faces": {
				"up": { "uv": [ 7, 7.5, 8, 7.25 ], "texture": "#voxels_atlas", "cullface": "north" },
				"north": { "uv": [ 8, 7, 7, 7.25 ], "texture": "#voxels_atlas", "cullface": "north" },
				"west": { "uv": [ 9, 6.75, 9.25, 7 ], "texture": "#voxels_atlas", "cullface": "north" },
				"east": { "uv": [ 9, 0, 8.75, 0.25 ], "texture": "#voxels_atlas", "cullface": "north" }
			}
		},
		{
			"__comment": "Voxels",
			"from": [ 7, 6.5, -1.5 ],
			"to": [ 9, 7.5, -1 ],
			"faces": {
				"up": { "uv": [ 7, 6.5, 8, 6.25 ], "texture": "#voxels_atlas", "cullface": "north" },
				"north": { "uv": [ 15.75, 9.75, 14.75, 10.25 ], "texture": "#voxels_atlas", "cullface": "north" },
				"south": { "uv": [ 11.75, 9.75, 12.75, 10.25 ], "texture": "#voxels_atlas", "cullface": "north" },
				"west": { "uv": [ 8, 0, 8.25, 0.5 ], "texture": "#voxels_atlas", "cullface": "north" },
				"east": { "uv": [ 9, 4.5, 8.75, 5 ], "texture": "#voxels_atlas", "cullface": "north" }
			}
		},
		{
			"__comment": "Voxels",
			"from": [ 7, 6.5, 1 ],
			"to": [ 9, 7, 1.5 ],
			"faces": {
				"down": { "uv": [ 10, 8.5, 11, 8.75 ], "texture": "#voxels_atlas" },
				"south": { "uv": [ 15, 8.75, 16, 9 ], "texture": "#voxels_atlas" },
				"west": { "uv": [ 11.75, 6.75, 12, 7 ], "texture": "#voxels_atlas" },
				"east": { "uv": [ 11.75, 6.75, 11.5, 7 ], "texture": "#voxels_atlas" }
			}
		},
		{
			"__comment": "Voxels",
			"from": [ 7, 7, 1.5 ],
			"to": [ 9, 7.5, 2.5 ],
			"faces": {
				"down": { "uv": [ 5.75, 9.75, 6.75, 10.25 ], "texture": "#voxels_atlas" },
				"south": { "uv": [ 7, 1, 8, 1.25 ], "texture": "#voxels_atlas" },
				"west": { "uv": [ 8.25, 4, 8.75, 4.25 ], "texture": "#voxels_atlas" },
				"east": { "uv": [ 8.75, 4.25, 8.25, 4.5 ], "texture": "#voxels_atlas" }
			}
		},
		{
			"__comment": "Voxels",
			"from": [ 7, 7.5, -1 ],
			"to": [ 9, 8, -0.5 ],
			"faces": {
				"down": { "uv": [ 12.25, 10.25, 13.25, 10.5 ], "texture": "#voxels_atlas", "cullface": "north" },
				"up": { "uv": [ 13.5, 10.5, 14.5, 10.25 ], "texture": "#voxels_atlas", "cullface": "north" },
				"north": { "uv": [ 12, 8.75, 11, 9 ], "texture": "#voxels_atlas", "cullface": "north" },
				"west": { "uv": [ 15, 7, 15.25, 7.25 ], "texture": "#voxels_atlas", "cullface": "north" },
				"east": { "uv": [ 15, 7, 14.75, 7.25 ], "texture": "#voxels_atlas", "cullface": "north" }
			}
		},
		{
			"__comment": "Voxels",
			"from": [ 7, 7.5, 2.5 ],
			"to": [ 9, 8, 4 ],
			"faces": {
				"down": { "uv": [ 3.25, 7.25, 4.25, 8 ], "texture": "#voxels_atlas" },
				"south": { "uv": [ 7, 3.25, 8, 3.5 ], "texture": "#voxels_atlas" },
				"west": { "uv": [ 6.25, 4.25, 7, 4.5 ], "texture": "#voxels_atlas" },
				"east": { "uv": [ 11, 10.25, 10.25, 10.5 ], "texture": "#voxels_atlas" }
			}
		},
		{
			"__comment": "Voxels",
			"from": [ 7, 8, -0.5 ],
			"to": [ 9, 8.5, 0 ],
			"faces": {
				"up": { "uv": [ 7, 2.25, 8, 2 ], "texture": "#voxels_atlas", "cullface": "north" },
				"north": { "uv": [ 8, 5.25, 7, 5.5 ], "texture": "#voxels_atlas", "cullface": "north" },
				"west": { "uv": [ 8.75, 0.25, 9, 0.5 ], "texture": "#voxels_atlas", "cullface": "north" },
				"east": { "uv": [ 16, 7, 15.75, 7.25 ], "texture": "#voxels_atlas", "cullface": "north" }
			}
		},
		{
			"__comment": "Voxels",
			"from": [ 7, 8, 4 ],
			"to": [ 9, 8.5, 12.5 ],
			"faces": {
				"down": { "uv": [ 1, 11.75, 2, 16 ], "texture": "#voxels_atlas" },
				"up": { "uv": [ 0, 11.75, 1, 7.5 ], "texture": "#voxels_atlas" },
				"south": { "uv": [ 11, 10.25, 12, 10.5 ], "texture": "#voxels_atlas" },
				"west": { "uv": [ 4.5, 11.75, 8.75, 12 ], "texture": "#voxels_atlas" },
				"east": { "uv": [ 13, 11.5, 8.75, 11.75 ], "texture": "#voxels_atlas" }
			}
		},
		{
			"__comment": "Voxels",
			"from": [ 7, 8.5, 0 ],
			"to": [ 9, 9, 1 ],
			"faces": {
				"down": { "uv": [ 14.5, 10.5, 15.5, 11 ], "texture": "#voxels_atlas" },
				"up": { "uv": [ 12.75, 10.25, 13.75, 9.75 ], "texture": "#voxels_atlas" },
				"north": { "uv": [ 2, 0, 1, 0.25 ], "texture": "#voxels_atlas", "cullface": "north" },
				"west": { "uv": [ 6.25, 1.25, 6.75, 1.5 ], "texture": "#voxels_atlas" },
				"east": { "uv": [ 6.75, 1.5, 6.25, 1.75 ], "texture": "#voxels_atlas" }
			}
		},
		{
			"__comment": "Voxels",
			"from": [ 7, 8.5, 8 ],
			"to": [ 9, 9, 16.5 ],
			"faces": {
				"down": { "uv": [ 0, 3.25, 1, 7.5 ], "texture": "#voxels_atlas", "cullface": "south" },
				"up": { "uv": [ 0, 16, 1, 11.75 ], "texture": "#voxels_atlas", "cullface": "south" },
				"south": { "uv": [ 7, 4.25, 8, 4.5 ], "texture": "#voxels_atlas", "cullface": "south" },
				"west": { "uv": [ 8.75, 11.75, 13, 12 ], "texture": "#voxels_atlas", "cullface": "south" },
				"east": { "uv": [ 8.75, 11.5, 4.5, 11.75 ], "texture": "#voxels_atlas", "cullface": "south" }
			}
		},
		{
			"__comment": "Voxels",
			"from": [ 7, 9, 0.5 ],
			"to": [ 9, 9.5, 2 ],
			"faces": {
				"down": { "uv": [ 6.25, 10.25, 7.25, 11 ], "texture": "#voxels_atlas" },
				"up": { "uv": [ 7.25, 11, 8.25, 10.25 ], "texture": "#voxels_atlas" },
				"north": { "uv": [ 8, 4.5, 7, 4.75 ], "texture": "#voxels_atlas" },
				"west": { "uv": [ 6.25, 4.5, 7, 4.75 ], "texture": "#voxels_atlas" },
				"east": { "uv": [ 7, 5, 6.25, 5.25 ], "texture": "#voxels_atlas" }
			}
		},
		{
			"__comment": "Voxels",
			"from": [ 7, 9, 10.5 ],
			"to": [ 9, 10.5, 13 ],
			"faces": {
				"up": { "uv": [ 2, 9.5, 3, 8.25 ], "texture": "#voxels_atlas" },
				"north": { "uv": [ 3, 1.25, 2, 2 ], "texture": "#voxels_atlas" },
				"south": { "uv": [ 2, 0.5, 3, 1.25 ], "texture": "#voxels_atlas" },
				"west": { "uv": [ 3, 9.75, 4.25, 10.5 ], "texture": "#voxels_atlas" },
				"east": { "uv": [ 4.25, 9, 3, 9.75 ], "texture": "#voxels_atlas" }
			}
		},
		{
			"__comment": "Voxels",
			"from": [ 7, 9, 13 ],
			"to": [ 9, 9.5, 18.5 ],
			"faces": {
				"down": { "uv": [ 1, 3.5, 2, 6.25 ], "texture": "#voxels_atlas", "cullface": "south" },
				"up": { "uv": [ 0, 3.25, 1, 0.5 ], "texture": "#voxels_atlas", "cullface": "south" },
				"south": { "uv": [ 10, 8.75, 11, 9 ], "texture": "#voxels_atlas", "cullface": "south" },
				"west": { "uv": [ 8.25, 10.5, 11, 10.75 ], "texture": "#voxels_atlas", "cullface": "south" },
				"east": { "uv": [ 11, 10.75, 8.25, 11 ], "texture": "#voxels_atlas", "cullface": "south" }
			}
		},
		{
			"__comment": "Voxels",
			"from": [ 7, 9.5, 1.5 ],
			"to": [ 9, 10, 3 ],
			"faces": {
				"down": { "uv": [ 3.25, 5, 4.25, 5.75 ], "texture": "#voxels_atlas" },
				"up": { "uv": [ 15, 12.75, 16, 12 ], "texture": "#voxels_atlas" },
				"north": { "uv": [ 8, 6, 7, 6.25 ], "texture": "#voxels_atlas" },
				"west": { "uv": [ 6.25, 2.25, 7, 2.5 ], "texture": "#voxels_atlas" },
				"east": { "uv": [ 7, 2, 6.25, 2.25 ], "texture": "#voxels_atlas" }
			}
		},
		{
			"__comment": "Voxels",
			"from": [ 7, 9.5, 13 ],
			"to": [ 7.5, 10.5, 19 ],
			"faces": {
				"down": { "uv": [ 3, 5, 3.25, 8 ], "texture": "#voxels_atlas", "cullface": "south" },
				"up": { "uv": [ 4.5, 9, 4.75, 6 ], "texture": "#voxels_atlas", "cullface": "south" },
				"south": { "uv": [ 8.75, 6, 9, 6.5 ], "texture": "#voxels_atlas", "cullface": "south" },
				"west": { "uv": [ 6, 14, 9, 14.5 ], "texture": "#voxels_atlas", "cullface": "south" },
				"east": { "uv": [ 6, 14, 3, 14.5 ], "texture": "#voxels_atlas", "cullface": "south" }
			}
		},
		{
			"__comment": "Voxels",
			"from": [ 7, 10, 3 ],
			"to": [ 9, 10.5, 4 ],
			"faces": {
				"up": { "uv": [ 2, 0.5, 3, 0 ], "texture": "#voxels_atlas" },
				"north": { "uv": [ 8, 4, 7, 4.25 ], "texture": "#voxels_atlas" },
				"west": { "uv": [ 13.25, 7, 13.75, 7.25 ], "texture": "#voxels_atlas" },
				"east": { "uv": [ 14.25, 7, 13.75, 7.25 ], "texture": "#voxels_atlas" }
			}
		},
		{
			"__comment": "Voxels",
			"from": [ 7, 10, 6.5 ],
			"to": [ 9, 10.5, 10.5 ],
			"faces": {
				"down": { "uv": [ 2, 12.5, 3, 14.5 ], "texture": "#voxels_atlas" },
				"up": { "uv": [ 1, 3.5, 2, 1.5 ], "texture": "#voxels_atlas" },
				"west": { "uv": [ 14, 12.75, 16, 13 ], "texture": "#voxels_atlas" },
				"east": { "uv": [ 10.25, 10.25, 8.25, 10.5 ], "texture": "#voxels_atlas" }
			}
		},
		{
			"__comment": "Voxels",
			"from": [ 7, 10.5, 3.5 ],
			"to": [ 7.5, 11.5, 4 ],
			"faces": {
				"up": { "uv": [ 8.75, 2.5, 9, 2.25 ], "texture": "#voxels_atlas" },
				"north": { "uv": [ 16, 9.75, 15.75, 10.25 ], "texture": "#voxels_atlas" },
				"south": { "uv": [ 6.75, 7, 7, 7.5 ], "texture": "#voxels_atlas" },
				"west": { "uv": [ 6.75, 6.5, 7, 7 ], "texture": "#voxels_atlas" },
				"east": { "uv": [ 7, 6, 6.75, 6.5 ], "texture": "#voxels_atlas" }
			}
		},
		{
			"__comment": "Voxels",
			"from": [ 7, 10.5, 5.5 ],
			"to": [ 9, 11, 6.5 ],
			"faces": {
				"up": { "uv": [ 6.75, 10.25, 7.75, 9.75 ], "texture": "#voxels_atlas" },
				"north": { "uv": [ 15.5, 10.25, 14.5, 10.5 ], "texture": "#voxels_atlas" },
				"south": { "uv": [ 14.75, 9.25, 15.75, 9.5 ], "texture": "#voxels_atlas" },
				"west": { "uv": [ 6.25, 1, 6.75, 1.25 ], "texture": "#voxels_atlas" },
				"east": { "uv": [ 6.75, 0.75, 6.25, 1 ], "texture": "#voxels_atlas" }
			}
		},
		{
			"__comment": "Voxels",
			"from": [ 7, 10.5, 6.5 ],
			"to": [ 8.5, 11, 8 ],
			"faces": {
				"up": { "uv": [ 4.5, 5.25, 5.25, 4.5 ], "texture": "#voxels_atlas" },
				"south": { "uv": [ 6.25, 3.5, 7, 3.75 ], "texture": "#voxels_atlas" },
				"west": { "uv": [ 6.25, 1.75, 7, 2 ], "texture": "#voxels_atlas" },
				"east": { "uv": [ 7, 4.75, 6.25, 5 ], "texture": "#voxels_atlas" }
			}
		},
		{
			"__comment": "Voxels",
			"from": [ 7, 11, 4 ],
			"to": [ 7.5, 12, 5 ],
			"faces": {
				"north": { "uv": [ 7, 0.25, 6.75, 0.75 ], "texture": "#voxels_atlas" },
				"south": { "uv": [ 8, 7.5, 8.25, 8 ], "texture": "#voxels_atlas" },
				"west": { "uv": [ 5.75, 0.5, 6.25, 1 ], "texture": "#voxels_atlas" },
				"east": { "uv": [ 6.25, 0, 5.75, 0.5 ], "texture": "#voxels_atlas" }
			}
		},
		{
			"__comment": "Voxels",
			"from": [ 7, 11, 5 ],
			"to": [ 7.5, 11.5, 6 ],
			"faces": {
				"down": { "uv": [ 8, 7, 8.25, 7.5 ], "texture": "#voxels_atlas" },
				"up": { "uv": [ 8, 7, 8.25, 6.5 ], "texture": "#voxels_atlas" },
				"south": { "uv": [ 9, 6.5, 9.25, 6.75 ], "texture": "#voxels_atlas" },
				"west": { "uv": [ 6.5, 0, 7, 0.25 ], "texture": "#voxels_atlas" },
				"east": { "uv": [ 7.5, 0, 7, 0.25 ], "texture": "#voxels_atlas" }
			}
		},
		{
			"__comment": "Voxels",
			"from": [ 7, 11, 6.5 ],
			"to": [ 8, 12, 7 ],
			"faces": {
				"up": { "uv": [ 8.25, 8, 8.75, 7.75 ], "texture": "#voxels_atlas" },
				"north": { "uv": [ 6.25, 2.5, 5.75, 3 ], "texture": "#voxels_atlas" },
				"south": { "uv": [ 5.75, 1, 6.25, 1.5 ], "texture": "#voxels_atlas" },
				"west": { "uv": [ 8, 6, 8.25, 6.5 ], "texture": "#voxels_atlas" },
				"east": { "uv": [ 8.25, 5.5, 8, 6 ], "texture": "#voxels_atlas" }
			}
		},
		{
			"__comment": "Voxels",
			"from": [ 7, 12, 5 ],
			"to": [ 7.5, 12.5, 5.5 ],
			"faces": {
				"down": { "uv": [ 15.25, 6.75, 15.5, 7 ], "texture": "#voxels_atlas" },
				"up": { "uv": [ 14.5, 7, 14.75, 6.75 ], "texture": "#voxels_atlas" },
				"south": { "uv": [ 12.5, 6.75, 12.75, 7 ], "texture": "#voxels_atlas" },
				"west": { "uv": [ 12.25, 6.75, 12.5, 7 ], "texture": "#voxels_atlas" },
				"east": { "uv": [ 10.75, 6.75, 10.5, 7 ], "texture": "#voxels_atlas" }
			}
		},
		{
			"__comment": "Voxels",
			"from": [ 7, 12, 6.5 ],
			"to": [ 7.5, 12.5, 7 ],
			"faces": {
				"up": { "uv": [ 9.25, 7, 9.5, 6.75 ], "texture": "#voxels_atlas" },
				"north": { "uv": [ 10.5, 6.75, 10.25, 7 ], "texture": "#voxels_atlas" },
				"south": { "uv": [ 9, 6, 9.25, 6.25 ], "texture": "#voxels_atlas" },
				"west": { "uv": [ 6.75, 0.75, 7, 1 ], "texture": "#voxels_atlas" },
				"east": { "uv": [ 9, 2.5, 8.75, 2.75 ], "texture": "#voxels_atlas" }
			}
		},
		{
			"__comment": "Voxels",
			"from": [ 7, 12.5, 4 ],
			"to": [ 7.5, 13, 5 ],
			"faces": {
				"up": { "uv": [ 8, 5, 8.25, 4.5 ], "texture": "#voxels_atlas" },
				"north": { "uv": [ 15.5, 7, 15.25, 7.25 ], "texture": "#voxels_atlas" },
				"south": { "uv": [ 15.5, 7, 15.75, 7.25 ], "texture": "#voxels_atlas" },
				"west": { "uv": [ 9.25, 7.75, 9.75, 8 ], "texture": "#voxels_atlas" },
				"east": { "uv": [ 10.25, 7.75, 9.75, 8 ], "texture": "#voxels_atlas" }
			}
		},
		{
			"__comment": "Voxels",
			"from": [ 7.5, 2.5, -2.5 ],
			"to": [ 8.5, 3, -2 ],
			"faces": {
				"down": { "uv": [ 10.25, 7.75, 10.75, 8 ], "texture": "#voxels_atlas", "cullface": "north" },
				"north": { "uv": [ 11.75, 7.75, 11.25, 8 ], "texture": "#voxels_atlas", "cullface": "north" },
				"west": { "uv": [ 8.75, 1.75, 9, 2 ], "texture": "#voxels_atlas", "cullface": "north" },
				"east": { "uv": [ 9, 1.5, 8.75, 1.75 ], "texture": "#voxels_atlas", "cullface": "north" }
			}
		},
		{
			"__comment": "Voxels",
			"from": [ 7.5, 3, -3 ],
			"to": [ 8.5, 3.5, -2.5 ],
			"faces": {
				"down": { "uv": [ 12.25, 7.75, 12.75, 8 ], "texture": "#voxels_atlas", "cullface": "north" },
				"north": { "uv": [ 13.75, 7.75, 13.25, 8 ], "texture": "#voxels_atlas", "cullface": "north" },
				"west": { "uv": [ 8.75, 4, 9, 4.25 ], "texture": "#voxels_atlas", "cullface": "north" },
				"east": { "uv": [ 9, 3.25, 8.75, 3.5 ], "texture": "#voxels_atlas", "cullface": "north" }
			}
		},
		{
			"__comment": "Voxels",
			"from": [ 7.5, 5, -3.5 ],
			"to": [ 8.5, 5.5, -3 ],
			"faces": {
				"up": { "uv": [ 14.75, 8, 15.25, 7.75 ], "texture": "#voxels_atlas", "cullface": "north" },
				"north": { "uv": [ 15.75, 7.75, 15.25, 8 ], "texture": "#voxels_atlas", "cullface": "north" },
				"west": { "uv": [ 13.25, 10.25, 13.5, 10.5 ], "texture": "#voxels_atlas", "cullface": "north" },
				"east": { "uv": [ 16, 9.25, 15.75, 9.5 ], "texture": "#voxels_atlas", "cullface": "north" }
			}
		},
		{
			"__comment": "Voxels",
			"from": [ 7.5, 5, 0.5 ],
			"to": [ 8.5, 5.5, 1 ],
			"faces": {
				"down": { "uv": [ 8.75, 7.5, 9.25, 7.75 ], "texture": "#voxels_atlas" },
				"south": { "uv": [ 10.25, 7.5, 10.75, 7.75 ], "texture": "#voxels_atlas" },
				"west": { "uv": [ 8.75, 3.75, 9, 4 ], "texture": "#voxels_atlas" },
				"east": { "uv": [ 9, 3.5, 8.75, 3.75 ], "texture": "#voxels_atlas" }
			}
		},
		{
			"__comment": "Voxels",
			"from": [ 7.5, 5.5, -3 ],
			"to": [ 8.5, 6, -2.5 ],
			"faces": {
				"up": { "uv": [ 11.25, 7.75, 11.75, 7.5 ], "texture": "#voxels_atlas", "cullface": "north" },
				"north": { "uv": [ 12.25, 7.5, 11.75, 7.75 ], "texture": "#voxels_atlas", "cullface": "north" },
				"west": { "uv": [ 8.75, 1.25, 9, 1.5 ], "texture": "#voxels_atlas", "cullface": "north" },
				"east": { "uv": [ 9, 0.5, 8.75, 0.75 ], "texture": "#voxels_atlas", "cullface": "north" }
			}
		},
		{
			"__comment": "Voxels",
			"from": [ 7.5, 5.5, -0.5 ],
			"to": [ 9.5, 7.5, 0.5 ],
			"faces": {
				"down": { "uv": [ 9.75, 9.75, 10.75, 10.25 ], "texture": "#voxels_atlas", "cullface": "north" },
				"north": { "uv": [ 3, 3.75, 2, 4.75 ], "texture": "#voxels_atlas", "cullface": "north" },
				"south": { "uv": [ 2, 4.75, 3, 5.75 ], "texture": "#voxels_atlas", "cullface": "north" },
				"east": { "uv": [ 5.75, 6.25, 5.25, 7.25 ], "texture": "#voxels_atlas", "cullface": "north" }
			}
		},
		{
			"__comment": "Voxels",
			"from": [ 7.5, 6, -1 ],
			"to": [ 9.5, 7.5, -0.5 ],
			"faces": {
				"down": { "uv": [ 7, 1.25, 8, 1.5 ], "texture": "#voxels_atlas", "cullface": "north" },
				"up": { "uv": [ 7, 1.75, 8, 1.5 ], "texture": "#voxels_atlas", "cullface": "north" },
				"north": { "uv": [ 6.25, 10.25, 5.25, 11 ], "texture": "#voxels_atlas", "cullface": "north" },
				"east": { "uv": [ 4.5, 9.75, 4.25, 10.5 ], "texture": "#voxels_atlas", "cullface": "north" }
			}
		},
		{
			"__comment": "Voxels",
			"from": [ 7.5, 6, 1 ],
			"to": [ 8.5, 6.5, 1.5 ],
			"faces": {
				"down": { "uv": [ 12.75, 7.5, 13.25, 7.75 ], "texture": "#voxels_atlas" },
				"south": { "uv": [ 14.25, 7.5, 14.75, 7.75 ], "texture": "#voxels_atlas" },
				"west": { "uv": [ 6.25, 0, 6.5, 0.25 ], "texture": "#voxels_atlas" },
				"east": { "uv": [ 14.75, 7, 14.5, 7.25 ], "texture": "#voxels_atlas" }
			}
		},
		{
			"__comment": "Voxels",
			"from": [ 7.5, 6, 3.5 ],
			"to": [ 8.5, 6.5, 5.5 ],
			"faces": {
				"down": { "uv": [ 5.25, 4.25, 5.75, 5.25 ], "texture": "#voxels_atlas" },
				"up": { "uv": [ 5.25, 8.25, 5.75, 7.25 ], "texture": "#voxels_atlas" },
				"north": { "uv": [ 15.25, 7.5, 14.75, 7.75 ], "texture": "#voxels_atlas" },
				"south": { "uv": [ 15.25, 7.5, 15.75, 7.75 ], "texture": "#voxels_atlas" },
				"west": { "uv": [ 9, 8.5, 10, 8.75 ], "texture": "#voxels_atlas" },
				"east": { "uv": [ 8, 2.25, 7, 2.5 ], "texture": "#voxels_atlas" }
			}
		},
		{
			"__comment": "Voxels",
			"from": [ 7.5, 6.5, -2 ],
			"to": [ 8.5, 7, -1.5 ],
			"faces": {
				"up": { "uv": [ 8.75, 7.5, 9.25, 7.25 ], "texture": "#voxels_atlas", "cullface": "north" },
				"north": { "uv": [ 9.75, 7.25, 9.25, 7.5 ], "texture": "#voxels_atlas", "cullface": "north" },
				"west": { "uv": [ 8.75, 3, 9, 3.25 ], "texture": "#voxels_atlas", "cullface": "north" },
				"east": { "uv": [ 9, 2.75, 8.75, 3 ], "texture": "#voxels_atlas", "cullface": "north" }
			}
		},
		{
			"__comment": "Voxels",
			"from": [ 7.5, 6.5, 1.5 ],
			"to": [ 8.5, 7, 2 ],
			"faces": {
				"down": { "uv": [ 10.25, 7.25, 10.75, 7.5 ], "texture": "#voxels_atlas" },
				"south": { "uv": [ 11.75, 7.25, 12.25, 7.5 ], "texture": "#voxels_atlas" },
				"west": { "uv": [ 8.75, 1, 9, 1.25 ], "texture": "#voxels_atlas" },
				"east": { "uv": [ 9, 0.75, 8.75, 1 ], "texture": "#voxels_atlas" }
			}
		},
		{
			"__comment": "Voxels",
			"from": [ 7.5, 6.5, 3 ],
			"to": [ 8.5, 7.5, 3.5 ],
			"faces": {
				"down": { "uv": [ 12.25, 7.25, 12.75, 7.5 ], "texture": "#voxels_atlas" },
				"north": { "uv": [ 6.25, 1.5, 5.75, 2 ], "texture": "#voxels_atlas" },
				"south": { "uv": [ 5.75, 2, 6.25, 2.5 ], "texture": "#voxels_atlas" },
				"west": { "uv": [ 8, 4, 8.25, 4.5 ], "texture": "#voxels_atlas" },
				"east": { "uv": [ 8.25, 3.5, 8, 4 ], "texture": "#voxels_atlas" }
			}
		},
		{
			"__comment": "Voxels",
			"from": [ 7.5, 6.5, 5.5 ],
			"to": [ 8.5, 8, 6 ],
			"faces": {
				"down": { "uv": [ 13.25, 7.25, 13.75, 7.5 ], "texture": "#voxels_atlas" },
				"north": { "uv": [ 6.25, 7.75, 5.75, 8.5 ], "texture": "#voxels_atlas" },
				"south": { "uv": [ 5.25, 2, 5.75, 2.75 ], "texture": "#voxels_atlas" },
				"west": { "uv": [ 4.25, 7.25, 4.5, 8 ], "texture": "#voxels_atlas" },
				"east": { "uv": [ 4.5, 9, 4.25, 9.75 ], "texture": "#voxels_atlas" }
			}
		},
		{
			"__comment": "Voxels",
			"from": [ 7.5, 7, 2.5 ],
			"to": [ 8.5, 7.5, 3 ],
			"faces": {
				"down": { "uv": [ 14.25, 7.25, 14.75, 7.5 ], "texture": "#voxels_atlas" },
				"west": { "uv": [ 14.75, 6.75, 15, 7 ], "texture": "#voxels_atlas" },
				"east": { "uv": [ 15.25, 6.75, 15, 7 ], "texture": "#voxels_atlas" }
			}
		},
		{
			"__comment": "Voxels",
			"from": [ 7.5, 7, 3.5 ],
			"to": [ 8.5, 7.5, 4 ],
			"faces": {
				"down": { "uv": [ 8.25, 6.75, 8.75, 7 ], "texture": "#voxels_atlas" },
				"south": { "uv": [ 8.25, 6, 8.75, 6.25 ], "texture": "#voxels_atlas" },
				"west": { "uv": [ 9, 5.75, 9.25, 6 ], "texture": "#voxels_atlas" },
				"east": { "uv": [ 9.25, 5.5, 9, 5.75 ], "texture": "#voxels_atlas" }
			}
		},
		{
			"__comment": "Voxels",
			"from": [ 7.5, 7.5, 4 ],
			"to": [ 8.5, 8, 5.5 ],
			"faces": {
				"down": { "uv": [ 5.75, 8.5, 6.25, 9.25 ], "texture": "#voxels_atlas" },
				"west": { "uv": [ 6.25, 4, 7, 4.25 ], "texture": "#voxels_atlas" },
				"east": { "uv": [ 7, 3.75, 6.25, 4 ], "texture": "#voxels_atlas" }
			}
		},
		{
			"__comment": "Voxels",
			"from": [ 7.5, 7.5, 6 ],
			"to": [ 8.5, 8, 9.5 ],
			"faces": {
				"down": { "uv": [ 2.5, 2, 3, 3.75 ], "texture": "#voxels_atlas" },
				"south": { "uv": [ 8.25, 5, 8.75, 5.25 ], "texture": "#voxels_atlas" },
				"west": { "uv": [ 7.5, 9.5, 9.25, 9.75 ], "texture": "#voxels_atlas" },
				"east": { "uv": [ 7.5, 9.5, 5.75, 9.75 ], "texture": "#voxels_atlas" }
			}
		},
		{
			"__comment": "Voxels",
			"from": [ 7.5, 8, 12.5 ],
			"to": [ 8.5, 8.5, 18.5 ],
			"faces": {
				"down": { "uv": [ 2.5, 9.5, 3, 12.5 ], "texture": "#voxels_atlas", "cullface": "south" },
				"up": { "uv": [ 2, 12.5, 2.5, 9.5 ], "texture": "#voxels_atlas", "cullface": "south" },
				"south": { "uv": [ 8.25, 4.5, 8.75, 4.75 ], "texture": "#voxels_atlas", "cullface": "south" },
				"west": { "uv": [ 13, 11.5, 16, 11.75 ], "texture": "#voxels_atlas", "cullface": "south" },
				"east": { "uv": [ 16, 11.75, 13, 12 ], "texture": "#voxels_atlas", "cullface": "south" }
			}
		},
		{
			"__comment": "Voxels",
			"from": [ 7.5, 8.5, 16.5 ],
			"to": [ 8.5, 9, 18.5 ],
			"faces": {
				"south": { "uv": [ 8.25, 3.5, 8.75, 3.75 ], "texture": "#voxels_atlas", "cullface": "south" },
				"west": { "uv": [ 7, 0.5, 8, 0.75 ], "texture": "#voxels_atlas", "cullface": "south" },
				"east": { "uv": [ 8, 0.25, 7, 0.5 ], "texture": "#voxels_atlas", "cullface": "south" }
			}
		},
		{
			"__comment": "Voxels",
			"from": [ 7.5, 9, 18.5 ],
			"to": [ 8.5, 9.5, 19 ],
			"faces": {
				"down": { "uv": [ 8.25, 2.75, 8.75, 3 ], "texture": "#voxels_atlas", "cullface": "south" },
				"up": { "uv": [ 8.25, 2.75, 8.75, 2.5 ], "texture": "#voxels_atlas", "cullface": "south" },
				"south": { "uv": [ 8.25, 2, 8.75, 2.25 ], "texture": "#voxels_atlas", "cullface": "south" },
				"west": { "uv": [ 9, 5.25, 9.25, 5.5 ], "texture": "#voxels_atlas", "cullface": "south" },
				"east": { "uv": [ 9, 2, 8.75, 2.25 ], "texture": "#voxels_atlas", "cullface": "south" }
			}
		},
		{
			"__comment": "Voxels",
			"from": [ 7.5, 9.5, 20.5 ],
			"to": [ 8.5, 10.5, 21.5 ],
			"faces": {
				"down": { "uv": [ 6.25, 7, 6.75, 7.5 ], "texture": "#voxels_atlas", "cullface": "south" },
				"up": { "uv": [ 6.25, 7, 6.75, 6.5 ], "texture": "#voxels_atlas", "cullface": "south" },
				"north": { "uv": [ 6.75, 6, 6.25, 6.5 ], "texture": "#voxels_atlas", "cullface": "south" },
				"south": { "uv": [ 15.5, 14.5, 16, 15 ], "texture": "#voxels_atlas", "cullface": "south" },
				"west": { "uv": [ 4.75, 6, 5.25, 6.5 ], "texture": "#voxels_atlas", "cullface": "south" },
				"east": { "uv": [ 5.75, 0, 5.25, 0.5 ], "texture": "#voxels_atlas", "cullface": "south" }
			}
		},
		{
			"__comment": "Voxels",
			"from": [ 7.5, 10, 2.5 ],
			"to": [ 8.5, 10.5, 3 ],
			"faces": {
				"up": { "uv": [ 8.25, 0.5, 8.75, 0.25 ], "texture": "#voxels_atlas" },
				"north": { "uv": [ 8.75, 0, 8.25, 0.25 ], "texture": "#voxels_atlas" },
				"west": { "uv": [ 9.5, 6.75, 9.75, 7 ], "texture": "#voxels_atlas" },
				"east": { "uv": [ 10, 6.75, 9.75, 7 ], "texture": "#voxels_atlas" }
			}
		},
		{
			"__comment": "Voxels",
			"from": [ 7.5, 10.5, 4.5 ],
			"to": [ 9, 11, 5.5 ],
			"faces": {
				"up": { "uv": [ 6.25, 9, 7, 8.5 ], "texture": "#voxels_atlas" },
				"north": { "uv": [ 7, 2.75, 6.25, 3 ], "texture": "#voxels_atlas" },
				"east": { "uv": [ 10.25, 7, 9.75, 7.25 ], "texture": "#voxels_atlas" }
			}
		},
		{
			"__comment": "Voxels",
			"from": [ 7.5, 10.5, 8 ],
			"to": [ 8.5, 11, 19 ],
			"faces": {
				"down": { "uv": [ 1, 6.25, 1.5, 11.75 ], "texture": "#voxels_atlas", "cullface": "south" },
				"up": { "uv": [ 1.5, 11.75, 2, 6.25 ], "texture": "#voxels_atlas", "cullface": "south" },
				"south": { "uv": [ 10.75, 7, 11.25, 7.25 ], "texture": "#voxels_atlas", "cullface": "south" },
				"west": { "uv": [ 8.5, 12.75, 14, 13 ], "texture": "#voxels_atlas", "cullface": "south" },
				"east": { "uv": [ 8.5, 12.75, 3, 13 ], "texture": "#voxels_atlas", "cullface": "south" }
			}
		},
		{
			"__comment": "Voxels",
			"from": [ 8, 7, 4.5 ],
			"to": [ 8.5, 7.5, 5 ],
			"faces": {
				"down": { "uv": [ 13, 6.75, 13.25, 7 ], "texture": "#voxels_atlas" },
				"north": { "uv": [ 13.75, 6.75, 13.5, 7 ], "texture": "#voxels_atlas" },
				"south": { "uv": [ 13.75, 6.75, 14, 7 ], "texture": "#voxels_atlas" },
				"west": { "uv": [ 14, 6.75, 14.25, 7 ], "texture": "#voxels_atlas" },
				"east": { "uv": [ 14.5, 6.75, 14.25, 7 ], "texture": "#voxels_atlas" }
			}
		},
		{
			"__comment": "Voxels",
			"from": [ 8.5, 5.5, -1 ],
			"to": [ 9.5, 6, -0.5 ],
			"faces": {
				"west": { "uv": [ 15.5, 6.75, 15.75, 7 ], "texture": "#voxels_atlas", "cullface": "north" },
				"east": { "uv": [ 16, 6.75, 15.75, 7 ], "texture": "#voxels_atlas", "cullface": "north" }
			}
		},
		{
			"__comment": "Voxels",
			"from": [ 8.5, 9.5, 13 ],
			"to": [ 9, 10.5, 19 ],
			"faces": {
				"down": { "uv": [ 3.25, 2, 3.5, 5 ], "texture": "#voxels_atlas", "cullface": "south" },
				"up": { "uv": [ 3, 5, 3.25, 2 ], "texture": "#voxels_atlas", "cullface": "south" },
				"south": { "uv": [ 8.75, 5, 9, 5.5 ], "texture": "#voxels_atlas", "cullface": "south" },
				"west": { "uv": [ 12, 14, 15, 14.5 ], "texture": "#voxels_atlas", "cullface": "south" },
				"east": { "uv": [ 12, 14, 9, 14.5 ], "texture": "#voxels_atlas", "cullface": "south" }
			}
		}
	],
	"display": {
		"thirdperson_righthand": {
			"rotation":  [ 20, 180, 2 ],
			"translation":  [ 0, 2, -3 ],
			"scale":  [ 0.5, 0.5, 0.5 ]
		},
		"thirdperson_lefthand": {
			"rotation":  [ 20, 180, 2 ],
			"translation":  [ 0, 2, -3 ],
			"scale":  [ 0.5, 0.5, 0.5 ]
		},
		"firstperson_righthand": {
			"rotation":  [ 45, -176, 0 ],
			"translation":  [ 0, 2, 0 ]
		},
		"firstperson_lefthand": {
			"rotation":  [ 45, -176, 0 ],
			"translation":  [ 0, 2, 0 ]
		},
		"gui": {
			"rotation":  [ 0, 90, 0 ],
			"scale":  [ 0.7, 0.7, 0.7 ]
		},
		"ground": {
			"scale":  [ 0.7, 0.7, 0.7 ]
		},
		"fixed": {
			"rotation":  [ 0, -90, 0 ],
			"scale":  [ 0.8, 0.8, 0.8 ]
		}
	}
}