{
	"credit": "Made with Blockbench",
	"textures": {
		"0": "block/black_concrete",
		"1": "block/white_concrete",
		"3": "block/spruce_log",
		"6": "block/light_gray_concrete_powder",
		"7": "item/paper",
		"particle": "block/black_concrete"
	},
	"elements": [
		{
			"from": [9, 0, 0],
			"to": [13, 13, 16],
			"faces": {
				"north": {"uv": [0, 0, 11, 16], "texture": "#3"},
				"east": {"uv": [0, 0, 16, 16], "texture": "#3"},
				"south": {"uv": [0, 0, 10, 16], "texture": "#3"},
				"west": {"uv": [0, 6, 1, 9], "texture": "#3"},
				"up": {"uv": [0, 0, 9, 16], "texture": "#3"},
				"down": {"uv": [0, 0, 1, 16], "texture": "#3"}
			}
		},
		{
			"from": [6, 0, 0],
			"to": [9, 0.5, 1],
			"rotation": {"angle": 0, "axis": "z", "origin": [9.5, 3, 8]},
			"faces": {
				"north": {"uv": [0, 0, 0.5, 3], "rotation": 90, "texture": "#3"},
				"east": {"uv": [0, 0, 0.5, 1], "rotation": 270, "texture": "#3"},
				"south": {"uv": [0, 0, 0.5, 3], "rotation": 270, "texture": "#3"},
				"west": {"uv": [0, 0, 0.5, 1], "rotation": 270, "texture": "#3"},
				"up": {"uv": [0, 0, 1, 3], "rotation": 270, "texture": "#3"},
				"down": {"uv": [0, 0, 1, 3], "rotation": 270, "texture": "#3"}
			}
		},
		{
			"from": [6, 0, 15],
			"to": [9, 0.5, 16],
			"rotation": {"angle": 0, "axis": "z", "origin": [9.5, 3, 8]},
			"faces": {
				"north": {"uv": [0, 0, 0.5, 3], "rotation": 90, "texture": "#3"},
				"east": {"uv": [0, 0, 0.5, 1], "rotation": 270, "texture": "#3"},
				"south": {"uv": [0, 0, 0.5, 3], "rotation": 270, "texture": "#3"},
				"west": {"uv": [0, 0, 0.5, 1], "rotation": 270, "texture": "#3"},
				"up": {"uv": [0, 0, 1, 3], "rotation": 270, "texture": "#3"},
				"down": {"uv": [0, 0, 1, 3], "rotation": 270, "texture": "#3"}
			}
		},
		{
			"from": [6.25, 0, 5.25],
			"to": [6.75, 2.5, 5.75],
			"rotation": {"angle": 0, "axis": "z", "origin": [9.5, 3, 8]},
			"faces": {
				"north": {"uv": [0, 0, 2.5, 0.5], "rotation": 90, "texture": "#3"},
				"east": {"uv": [0, 0, 2.5, 0.5], "rotation": 270, "texture": "#3"},
				"south": {"uv": [0, 0, 2.5, 0.5], "rotation": 270, "texture": "#3"},
				"west": {"uv": [0, 0, 2.5, 0.5], "rotation": 270, "texture": "#3"},
				"up": {"uv": [0, 0, 0.5, 0.5], "rotation": 270, "texture": "#3"},
				"down": {"uv": [0, 0, 0.5, 0.5], "rotation": 270, "texture": "#3"}
			}
		},
		{
			"from": [6.25, 0, 10.25],
			"to": [6.75, 2.5, 10.75],
			"rotation": {"angle": 0, "axis": "z", "origin": [9.5, 3, 8]},
			"faces": {
				"north": {"uv": [0, 0, 2.5, 0.5], "rotation": 90, "texture": "#3"},
				"east": {"uv": [0, 0, 2.5, 0.5], "rotation": 270, "texture": "#3"},
				"south": {"uv": [0, 0, 2.5, 0.5], "rotation": 270, "texture": "#3"},
				"west": {"uv": [0, 0, 2.5, 0.5], "rotation": 270, "texture": "#3"},
				"up": {"uv": [0, 0, 0.5, 0.5], "rotation": 270, "texture": "#3"},
				"down": {"uv": [0, 0, 0.5, 0.5], "rotation": 270, "texture": "#3"}
			}
		},
		{
			"from": [3.25, 0, 10.25],
			"to": [3.75, 2.5, 10.75],
			"rotation": {"angle": 0, "axis": "z", "origin": [9.5, 3, 8]},
			"faces": {
				"north": {"uv": [0, 0, 2.5, 0.5], "rotation": 90, "texture": "#3"},
				"east": {"uv": [0, 0, 2.5, 0.5], "rotation": 270, "texture": "#3"},
				"south": {"uv": [0, 0, 2.5, 0.5], "rotation": 270, "texture": "#3"},
				"west": {"uv": [0, 0, 2.5, 0.5], "rotation": 270, "texture": "#3"},
				"up": {"uv": [0, 0, 0.5, 0.5], "rotation": 270, "texture": "#3"},
				"down": {"uv": [0, 0, 0.5, 0.5], "rotation": 270, "texture": "#3"}
			}
		},
		{
			"from": [3.25, 0, 5.25],
			"to": [3.75, 2.5, 5.75],
			"rotation": {"angle": 0, "axis": "z", "origin": [9.5, 3, 8]},
			"faces": {
				"north": {"uv": [0, 0, 2.5, 0.5], "rotation": 90, "texture": "#3"},
				"east": {"uv": [0, 0, 2.5, 0.5], "rotation": 270, "texture": "#3"},
				"south": {"uv": [0, 0, 2.5, 0.5], "rotation": 270, "texture": "#3"},
				"west": {"uv": [0, 0, 2.5, 0.5], "rotation": 270, "texture": "#3"},
				"up": {"uv": [0, 0, 0.5, 0.5], "rotation": 270, "texture": "#3"},
				"down": {"uv": [0, 0, 0.5, 0.5], "rotation": 270, "texture": "#3"}
			}
		},
		{
			"from": [3, 2.5, 5],
			"to": [7, 3.3, 11],
			"rotation": {"angle": 0, "axis": "z", "origin": [9.5, 3, 8]},
			"faces": {
				"north": {"uv": [0, 0, 0.8, 4], "rotation": 90, "texture": "#6"},
				"east": {"uv": [0, 0, 0.8, 6], "rotation": 270, "texture": "#6"},
				"south": {"uv": [0, 0, 0.8, 4], "rotation": 270, "texture": "#6"},
				"west": {"uv": [0, 0, 0.8, 6], "rotation": 270, "texture": "#6"},
				"up": {"uv": [0, 0, 6, 4], "rotation": 270, "texture": "#6"},
				"down": {"uv": [0, 0, 6, 4], "rotation": 270, "texture": "#3"}
			}
		},
		{
			"from": [6.25, 0.5, 0.25],
			"to": [6.75, 6, 0.75],
			"rotation": {"angle": 0, "axis": "z", "origin": [9.5, 3, 8]},
			"faces": {
				"north": {"uv": [5, 0, 6, 2], "rotation": 90, "texture": "#3"},
				"east": {"uv": [5, 0, 6, 2], "rotation": 270, "texture": "#3"},
				"south": {"uv": [5, 0, 6, 3], "rotation": 270, "texture": "#3"},
				"west": {"uv": [5, 0, 6, 3], "rotation": 270, "texture": "#3"},
				"up": {"uv": [5, 0, 5.5, 0.5], "rotation": 270, "texture": "#3"},
				"down": {"uv": [5, 1, 5.5, 1.5], "rotation": 270, "texture": "#3"}
			}
		},
		{
			"from": [6.25, 0.5, 15.25],
			"to": [6.75, 6, 15.75],
			"rotation": {"angle": 0, "axis": "z", "origin": [9.5, 3, 8]},
			"faces": {
				"north": {"uv": [5, 0, 6, 2], "rotation": 90, "texture": "#3"},
				"east": {"uv": [5, 0, 6, 2], "rotation": 270, "texture": "#3"},
				"south": {"uv": [5, 0, 6, 3], "rotation": 270, "texture": "#3"},
				"west": {"uv": [5, 0, 6, 3], "rotation": 270, "texture": "#3"},
				"up": {"uv": [5, 0, 5.5, 0.5], "rotation": 270, "texture": "#3"},
				"down": {"uv": [5, 1, 5.5, 1.5], "rotation": 270, "texture": "#3"}
			}
		},
		{
			"from": [6, 6, 0],
			"to": [9, 6.65, 16],
			"rotation": {"angle": 0, "axis": "z", "origin": [9.5, 3, 8]},
			"faces": {
				"north": {"uv": [0, 0, 3, 16], "rotation": 90, "texture": "#3"},
				"east": {"uv": [0, 0, 0.65, 16], "rotation": 270, "texture": "#3"},
				"south": {"uv": [0, 0, 3, 16], "rotation": 270, "texture": "#3"},
				"west": {"uv": [0, 0, 3, 16], "rotation": 270, "texture": "#3"},
				"up": {"uv": [0, 0, 16, 16], "rotation": 270, "texture": "#3"},
				"down": {"uv": [0, 0, 16, 8], "rotation": 270, "texture": "#3"}
			}
		},
		{
			"from": [6, 6.65, 0],
			"to": [9, 7.4, 1],
			"rotation": {"angle": 0, "axis": "z", "origin": [9.5, 3, 8]},
			"faces": {
				"north": {"uv": [0, 0, 0.75, 3], "rotation": 90, "texture": "#3"},
				"east": {"uv": [0, 0, 0.75, 1], "rotation": 270, "texture": "#3"},
				"south": {"uv": [0, 0, 0.75, 3], "rotation": 270, "texture": "#3"},
				"west": {"uv": [0, 0, 0.75, 1], "rotation": 270, "texture": "#3"},
				"up": {"uv": [0, 8, 1, 11], "rotation": 270, "texture": "#3"},
				"down": {"uv": [0, 0, 1, 3], "rotation": 270, "texture": "#3"}
			}
		},
		{
			"from": [6, 6.65, 15],
			"to": [9, 7.4, 16],
			"rotation": {"angle": 0, "axis": "z", "origin": [9.5, 3, 8]},
			"faces": {
				"north": {"uv": [0, 0, 0.75, 3], "rotation": 90, "texture": "#3"},
				"east": {"uv": [0, 0, 0.75, 1], "rotation": 270, "texture": "#3"},
				"south": {"uv": [0, 0, 0.75, 3], "rotation": 270, "texture": "#3"},
				"west": {"uv": [0, 1, 0.75, 2], "rotation": 270, "texture": "#3"},
				"up": {"uv": [0, 9, 1, 11], "rotation": 270, "texture": "#3"},
				"down": {"uv": [0, 0, 1, 3], "rotation": 270, "texture": "#3"}
			}
		},
		{
			"from": [7.3, 7.4, 0],
			"to": [9, 7.75, 1],
			"rotation": {"angle": 0, "axis": "z", "origin": [9.5, 3, 8]},
			"faces": {
				"north": {"uv": [0, 0, 0.35, 1.7], "rotation": 90, "texture": "#3"},
				"east": {"uv": [0, 0, 0.35, 1], "rotation": 270, "texture": "#3"},
				"south": {"uv": [0, 0, 0.35, 1.7], "rotation": 270, "texture": "#3"},
				"west": {"uv": [0, 0, 0.35, 1], "rotation": 270, "texture": "#3"},
				"up": {"uv": [0, 9, 1, 10.7], "rotation": 270, "texture": "#3"},
				"down": {"uv": [0, 0, 1, 1.7], "rotation": 270, "texture": "#3"}
			}
		},
		{
			"from": [7.3, 7.4, 15],
			"to": [9, 7.75, 16],
			"rotation": {"angle": 0, "axis": "z", "origin": [9.5, 3, 8]},
			"faces": {
				"north": {"uv": [0, 0, 0.35, 1.7], "rotation": 90, "texture": "#3"},
				"east": {"uv": [0, 0, 0.35, 1], "rotation": 270, "texture": "#3"},
				"south": {"uv": [0, 0, 0.35, 1.7], "rotation": 270, "texture": "#3"},
				"west": {"uv": [0, 0, 0.35, 1], "rotation": 270, "texture": "#3"},
				"up": {"uv": [0, 9, 1, 10.7], "rotation": 270, "texture": "#3"},
				"down": {"uv": [0, 0, 1, 1.7], "rotation": 270, "texture": "#3"}
			}
		},
		{
			"from": [8.55, 8.6, 0.025],
			"to": [9.15, 8.95, 15.975],
			"rotation": {"angle": -22.5, "axis": "z", "origin": [8.15, 8.775, 8]},
			"faces": {
				"north": {"uv": [0, 0, 0.35, 0.6], "rotation": 90, "texture": "#3"},
				"east": {"uv": [0, 0, 0.35, 15.95], "rotation": 270, "texture": "#3"},
				"south": {"uv": [0, 0, 0.35, 0.6], "rotation": 270, "texture": "#3"},
				"west": {"uv": [0, 0, 0, 3], "rotation": 270, "texture": "#3"},
				"up": {"uv": [0, 0, 15.95, 0.6], "rotation": 270, "texture": "#3"},
				"down": {"uv": [0, 9, 1, 12], "rotation": 270, "texture": "#3"}
			}
		},
		{
			"from": [6.55, 6.625, 1],
			"to": [9.05, 7.125, 15],
			"rotation": {"angle": 0, "axis": "z", "origin": [9.55, 2.975, 8]},
			"faces": {
				"north": {"uv": [0, 0, 0.5, 2.5], "rotation": 90, "texture": "#1"},
				"east": {"uv": [0, 0, 0.5, 14], "rotation": 270, "texture": "#1"},
				"south": {"uv": [0, 0, 0.5, 2.5], "rotation": 270, "texture": "#1"},
				"west": {"uv": [0, 9, 1, 11], "rotation": 270, "texture": "#1"},
				"up": {"uv": [0, 5, 16, 11], "rotation": 270, "texture": "#1"},
				"down": {"uv": [0, 0, 14, 2.5], "rotation": 270, "texture": "#1"}
			}
		},
		{
			"from": [7.5, 7.15, 1.25],
			"to": [9, 7.35, 1.55],
			"rotation": {"angle": 0, "axis": "z", "origin": [9.5, 3, 8]},
			"faces": {
				"north": {"uv": [0, 0, 0.5, 2.5], "rotation": 90, "texture": "#0"},
				"east": {"uv": [0, 0, 0.5, 14], "rotation": 270, "texture": "#0"},
				"south": {"uv": [0, 0, 0.5, 2.5], "rotation": 270, "texture": "#0"},
				"west": {"uv": [0, 0, 0.5, 14], "rotation": 270, "texture": "#0"},
				"up": {"uv": [0, 0, 4, 6], "rotation": 270, "texture": "#0"},
				"down": {"uv": [0, 0, 14, 2.5], "rotation": 270, "texture": "#0"}
			}
		},
		{
			"from": [7.5, 7.15, 4.75],
			"to": [9, 7.35, 5.05],
			"rotation": {"angle": 0, "axis": "z", "origin": [9.5, 3, 8]},
			"faces": {
				"north": {"uv": [0, 0, 0.5, 2.5], "rotation": 90, "texture": "#0"},
				"east": {"uv": [0, 0, 0.5, 14], "rotation": 270, "texture": "#0"},
				"south": {"uv": [0, 0, 0.5, 2.5], "rotation": 270, "texture": "#0"},
				"west": {"uv": [0, 0, 0.5, 14], "rotation": 270, "texture": "#0"},
				"up": {"uv": [0, 0, 4, 6], "rotation": 270, "texture": "#0"},
				"down": {"uv": [0, 0, 14, 2.5], "rotation": 270, "texture": "#0"}
			}
		},
		{
			"from": [7.5, 7.15, 8.25],
			"to": [9, 7.35, 8.55],
			"rotation": {"angle": 0, "axis": "z", "origin": [9.5, 3, 8]},
			"faces": {
				"north": {"uv": [0, 0, 0.5, 2.5], "rotation": 90, "texture": "#0"},
				"east": {"uv": [0, 0, 0.5, 14], "rotation": 270, "texture": "#0"},
				"south": {"uv": [0, 0, 0.5, 2.5], "rotation": 270, "texture": "#0"},
				"west": {"uv": [0, 0, 0.5, 14], "rotation": 270, "texture": "#0"},
				"up": {"uv": [0, 0, 4, 6], "rotation": 270, "texture": "#0"},
				"down": {"uv": [0, 0, 14, 2.5], "rotation": 270, "texture": "#0"}
			}
		},
		{
			"from": [7.5, 7.15, 11.75],
			"to": [9, 7.35, 12.05],
			"rotation": {"angle": 0, "axis": "z", "origin": [9.5, 3, 8]},
			"faces": {
				"north": {"uv": [0, 0, 0.5, 2.5], "rotation": 90, "texture": "#0"},
				"east": {"uv": [0, 0, 0.5, 14], "rotation": 270, "texture": "#0"},
				"south": {"uv": [0, 0, 0.5, 2.5], "rotation": 270, "texture": "#0"},
				"west": {"uv": [0, 0, 0.5, 14], "rotation": 270, "texture": "#0"},
				"up": {"uv": [0, 0, 4, 6], "rotation": 270, "texture": "#0"},
				"down": {"uv": [0, 0, 14, 2.5], "rotation": 270, "texture": "#0"}
			}
		},
		{
			"from": [7.5, 7.15, 1.75],
			"to": [9, 7.35, 2.05],
			"rotation": {"angle": 0, "axis": "z", "origin": [9.5, 3, 8]},
			"faces": {
				"north": {"uv": [0, 0, 0.5, 2.5], "rotation": 90, "texture": "#0"},
				"east": {"uv": [0, 0, 0.5, 14], "rotation": 270, "texture": "#0"},
				"south": {"uv": [0, 0, 0.5, 2.5], "rotation": 270, "texture": "#0"},
				"west": {"uv": [0, 0, 0.5, 14], "rotation": 270, "texture": "#0"},
				"up": {"uv": [0, 0, 4, 6], "rotation": 270, "texture": "#0"},
				"down": {"uv": [0, 0, 14, 2.5], "rotation": 270, "texture": "#0"}
			}
		},
		{
			"from": [7.5, 7.15, 5.25],
			"to": [9, 7.35, 5.55],
			"rotation": {"angle": 0, "axis": "z", "origin": [9.5, 3, 8]},
			"faces": {
				"north": {"uv": [0, 0, 0.5, 2.5], "rotation": 90, "texture": "#0"},
				"east": {"uv": [0, 0, 0.5, 14], "rotation": 270, "texture": "#0"},
				"south": {"uv": [0, 0, 0.5, 2.5], "rotation": 270, "texture": "#0"},
				"west": {"uv": [0, 0, 0.5, 14], "rotation": 270, "texture": "#0"},
				"up": {"uv": [0, 0, 4, 6], "rotation": 270, "texture": "#0"},
				"down": {"uv": [0, 0, 14, 2.5], "rotation": 270, "texture": "#0"}
			}
		},
		{
			"from": [7.5, 7.15, 8.75],
			"to": [9, 7.35, 9.05],
			"rotation": {"angle": 0, "axis": "z", "origin": [9.5, 3, 8]},
			"faces": {
				"north": {"uv": [0, 0, 0.5, 2.5], "rotation": 90, "texture": "#0"},
				"east": {"uv": [0, 0, 0.5, 14], "rotation": 270, "texture": "#0"},
				"south": {"uv": [0, 0, 0.5, 2.5], "rotation": 270, "texture": "#0"},
				"west": {"uv": [0, 0, 0.5, 14], "rotation": 270, "texture": "#0"},
				"up": {"uv": [0, 0, 4, 6], "rotation": 270, "texture": "#0"},
				"down": {"uv": [0, 0, 14, 2.5], "rotation": 270, "texture": "#0"}
			}
		},
		{
			"from": [7.5, 7.15, 12.25],
			"to": [9, 7.35, 12.55],
			"rotation": {"angle": 0, "axis": "z", "origin": [9.5, 3, 8]},
			"faces": {
				"north": {"uv": [0, 0, 0.5, 2.5], "rotation": 90, "texture": "#0"},
				"east": {"uv": [0, 0, 0.5, 14], "rotation": 270, "texture": "#0"},
				"south": {"uv": [0, 0, 0.5, 2.5], "rotation": 270, "texture": "#0"},
				"west": {"uv": [0, 0, 0.5, 14], "rotation": 270, "texture": "#0"},
				"up": {"uv": [0, 0, 4, 6], "rotation": 270, "texture": "#0"},
				"down": {"uv": [0, 0, 14, 2.5], "rotation": 270, "texture": "#0"}
			}
		},
		{
			"from": [7.5, 7.15, 2.75],
			"to": [9, 7.35, 3.05],
			"rotation": {"angle": 0, "axis": "z", "origin": [9.5, 3, 8]},
			"faces": {
				"north": {"uv": [0, 0, 0.5, 2.5], "rotation": 90, "texture": "#0"},
				"east": {"uv": [0, 0, 0.5, 14], "rotation": 270, "texture": "#0"},
				"south": {"uv": [0, 0, 0.5, 2.5], "rotation": 270, "texture": "#0"},
				"west": {"uv": [0, 0, 0.5, 14], "rotation": 270, "texture": "#0"},
				"up": {"uv": [0, 0, 4, 6], "rotation": 270, "texture": "#0"},
				"down": {"uv": [0, 0, 14, 2.5], "rotation": 270, "texture": "#0"}
			}
		},
		{
			"from": [7.5, 7.15, 6.25],
			"to": [9, 7.35, 6.55],
			"rotation": {"angle": 0, "axis": "z", "origin": [9.5, 3, 8]},
			"faces": {
				"north": {"uv": [0, 0, 0.5, 2.5], "rotation": 90, "texture": "#0"},
				"east": {"uv": [0, 0, 0.5, 14], "rotation": 270, "texture": "#0"},
				"south": {"uv": [0, 0, 0.5, 2.5], "rotation": 270, "texture": "#0"},
				"west": {"uv": [0, 0, 0.5, 14], "rotation": 270, "texture": "#0"},
				"up": {"uv": [0, 0, 4, 6], "rotation": 270, "texture": "#0"},
				"down": {"uv": [0, 0, 14, 2.5], "rotation": 270, "texture": "#0"}
			}
		},
		{
			"from": [7.5, 7.15, 9.75],
			"to": [9, 7.35, 10.05],
			"rotation": {"angle": 0, "axis": "z", "origin": [9.5, 3, 8]},
			"faces": {
				"north": {"uv": [0, 0, 0.5, 2.5], "rotation": 90, "texture": "#0"},
				"east": {"uv": [0, 0, 0.5, 14], "rotation": 270, "texture": "#0"},
				"south": {"uv": [0, 0, 0.5, 2.5], "rotation": 270, "texture": "#0"},
				"west": {"uv": [0, 0, 0.5, 14], "rotation": 270, "texture": "#0"},
				"up": {"uv": [0, 0, 4, 6], "rotation": 270, "texture": "#0"},
				"down": {"uv": [0, 0, 14, 2.5], "rotation": 270, "texture": "#0"}
			}
		},
		{
			"from": [7.5, 7.15, 13.25],
			"to": [9, 7.35, 13.55],
			"rotation": {"angle": 0, "axis": "z", "origin": [9.5, 3, 8]},
			"faces": {
				"north": {"uv": [0, 0, 0.5, 2.5], "rotation": 90, "texture": "#0"},
				"east": {"uv": [0, 0, 0.5, 14], "rotation": 270, "texture": "#0"},
				"south": {"uv": [0, 0, 0.5, 2.5], "rotation": 270, "texture": "#0"},
				"west": {"uv": [0, 0, 0.5, 14], "rotation": 270, "texture": "#0"},
				"up": {"uv": [0, 0, 4, 6], "rotation": 270, "texture": "#0"},
				"down": {"uv": [0, 0, 14, 2.5], "rotation": 270, "texture": "#0"}
			}
		},
		{
			"from": [7.5, 7.15, 3.25],
			"to": [9, 7.35, 3.55],
			"rotation": {"angle": 0, "axis": "z", "origin": [9.5, 3, 8]},
			"faces": {
				"north": {"uv": [0, 0, 0.5, 2.5], "rotation": 90, "texture": "#0"},
				"east": {"uv": [0, 0, 0.5, 14], "rotation": 270, "texture": "#0"},
				"south": {"uv": [0, 0, 0.5, 2.5], "rotation": 270, "texture": "#0"},
				"west": {"uv": [0, 0, 0.5, 14], "rotation": 270, "texture": "#0"},
				"up": {"uv": [0, 0, 4, 6], "rotation": 270, "texture": "#0"},
				"down": {"uv": [0, 0, 14, 2.5], "rotation": 270, "texture": "#0"}
			}
		},
		{
			"from": [7.5, 7.15, 6.75],
			"to": [9, 7.35, 7.05],
			"rotation": {"angle": 0, "axis": "z", "origin": [9.5, 3, 8]},
			"faces": {
				"north": {"uv": [0, 0, 0.5, 2.5], "rotation": 90, "texture": "#0"},
				"east": {"uv": [0, 0, 0.5, 14], "rotation": 270, "texture": "#0"},
				"south": {"uv": [0, 0, 0.5, 2.5], "rotation": 270, "texture": "#0"},
				"west": {"uv": [0, 0, 0.5, 14], "rotation": 270, "texture": "#0"},
				"up": {"uv": [0, 0, 4, 6], "rotation": 270, "texture": "#0"},
				"down": {"uv": [0, 0, 14, 2.5], "rotation": 270, "texture": "#0"}
			}
		},
		{
			"from": [7.5, 7.15, 10.25],
			"to": [9, 7.35, 10.55],
			"rotation": {"angle": 0, "axis": "z", "origin": [9.5, 3, 8]},
			"faces": {
				"north": {"uv": [0, 0, 0.5, 2.5], "rotation": 90, "texture": "#0"},
				"east": {"uv": [0, 0, 0.5, 14], "rotation": 270, "texture": "#0"},
				"south": {"uv": [0, 0, 0.5, 2.5], "rotation": 270, "texture": "#0"},
				"west": {"uv": [0, 0, 0.5, 14], "rotation": 270, "texture": "#0"},
				"up": {"uv": [0, 0, 4, 6], "rotation": 270, "texture": "#0"},
				"down": {"uv": [0, 0, 14, 2.5], "rotation": 270, "texture": "#0"}
			}
		},
		{
			"from": [7.5, 7.15, 13.75],
			"to": [9, 7.35, 14.05],
			"rotation": {"angle": 0, "axis": "z", "origin": [9.5, 3, 8]},
			"faces": {
				"north": {"uv": [0, 0, 0.5, 2.5], "rotation": 90, "texture": "#0"},
				"east": {"uv": [0, 0, 0.5, 14], "rotation": 270, "texture": "#0"},
				"south": {"uv": [0, 0, 0.5, 2.5], "rotation": 270, "texture": "#0"},
				"west": {"uv": [0, 0, 0.5, 14], "rotation": 270, "texture": "#0"},
				"up": {"uv": [0, 0, 4, 6], "rotation": 270, "texture": "#0"},
				"down": {"uv": [0, 0, 14, 2.5], "rotation": 270, "texture": "#0"}
			}
		},
		{
			"from": [7.5, 7.15, 3.75],
			"to": [9, 7.35, 4.05],
			"rotation": {"angle": 0, "axis": "z", "origin": [9.5, 3, 8]},
			"faces": {
				"north": {"uv": [0, 0, 0.5, 2.5], "rotation": 90, "texture": "#0"},
				"east": {"uv": [0, 0, 0.5, 14], "rotation": 270, "texture": "#0"},
				"south": {"uv": [0, 0, 0.5, 2.5], "rotation": 270, "texture": "#0"},
				"west": {"uv": [0, 0, 0.5, 14], "rotation": 270, "texture": "#0"},
				"up": {"uv": [0, 0, 4, 6], "rotation": 270, "texture": "#0"},
				"down": {"uv": [0, 0, 14, 2.5], "rotation": 270, "texture": "#0"}
			}
		},
		{
			"from": [7.5, 7.15, 7.25],
			"to": [9, 7.35, 7.55],
			"rotation": {"angle": 0, "axis": "z", "origin": [9.5, 3, 8]},
			"faces": {
				"north": {"uv": [0, 0, 0.5, 2.5], "rotation": 90, "texture": "#0"},
				"east": {"uv": [0, 0, 0.5, 14], "rotation": 270, "texture": "#0"},
				"south": {"uv": [0, 0, 0.5, 2.5], "rotation": 270, "texture": "#0"},
				"west": {"uv": [0, 0, 0.5, 14], "rotation": 270, "texture": "#0"},
				"up": {"uv": [0, 0, 4, 6], "rotation": 270, "texture": "#0"},
				"down": {"uv": [0, 0, 14, 2.5], "rotation": 270, "texture": "#0"}
			}
		},
		{
			"from": [7.5, 7.15, 10.75],
			"to": [9, 7.35, 11.05],
			"rotation": {"angle": 0, "axis": "z", "origin": [9.5, 3, 8]},
			"faces": {
				"north": {"uv": [0, 0, 0.5, 2.5], "rotation": 90, "texture": "#0"},
				"east": {"uv": [0, 0, 0.5, 14], "rotation": 270, "texture": "#0"},
				"south": {"uv": [0, 0, 0.5, 2.5], "rotation": 270, "texture": "#0"},
				"west": {"uv": [0, 0, 0.5, 14], "rotation": 270, "texture": "#0"},
				"up": {"uv": [0, 0, 4, 6], "rotation": 270, "texture": "#0"},
				"down": {"uv": [0, 0, 14, 2.5], "rotation": 270, "texture": "#0"}
			}
		},
		{
			"from": [7.5, 7.15, 14.25],
			"to": [9, 7.35, 14.55],
			"rotation": {"angle": 0, "axis": "z", "origin": [9.5, 3, 8]},
			"faces": {
				"north": {"uv": [0, 0, 0.5, 2.5], "rotation": 90, "texture": "#0"},
				"east": {"uv": [0, 0, 0.5, 14], "rotation": 270, "texture": "#0"},
				"south": {"uv": [0, 0, 0.5, 2.5], "rotation": 270, "texture": "#0"},
				"west": {"uv": [0, 0, 0.5, 14], "rotation": 270, "texture": "#0"},
				"up": {"uv": [0, 0, 4, 6], "rotation": 270, "texture": "#0"},
				"down": {"uv": [0, 0, 14, 2.5], "rotation": 270, "texture": "#0"}
			}
		},
		{
			"from": [8.975, 7.79441, 6.56575],
			"to": [9, 10.79441, 9.56575],
			"rotation": {"angle": -22.5, "axis": "x", "origin": [8.8125, 9.50837, 7.54898]},
			"faces": {
				"north": {"uv": [0, 0, 1, 1], "texture": "#7"},
				"east": {"uv": [16, 0, 0, 16], "texture": "#7"},
				"south": {"uv": [0, 0, 1, 1], "texture": "#7"},
				"west": {"uv": [0, 0, 16, 16], "texture": "#7"},
				"up": {"uv": [0, 0, 1, 1], "texture": "#7"},
				"down": {"uv": [0, 0, 1, 1], "texture": "#7"}
			}
		},
		{
			"from": [8.925, 7.83189, 5.58193],
			"to": [8.95, 10.83189, 8.58193],
			"rotation": {"angle": 22.5, "axis": "x", "origin": [8.8125, 9.50837, 7.54898]},
			"faces": {
				"north": {"uv": [0, 0, 1, 1], "rotation": 180, "texture": "#7"},
				"east": {"uv": [16, 0, 0, 16], "rotation": 90, "texture": "#7"},
				"south": {"uv": [0, 0, 1, 1], "texture": "#7"},
				"west": {"uv": [0, 0, 16, 16], "rotation": 270, "texture": "#7"},
				"up": {"uv": [0, 0, 1, 1], "texture": "#7"},
				"down": {"uv": [0, 0, 1, 1], "rotation": 180, "texture": "#7"}
			}
		}
	],
	"gui_light": "front",
	"display": {
		"firstperson_lefthand": {
			"rotation": [0, -180, 0]
		},
		"ground": {
			"translation": [0, 2.5, 0]
		},
		"gui": {
			"rotation": [11, 91, 8]
		},
		"head": {
			"rotation": [0, 89.25, 0],
			"translation": [0, -13.75, -13.75],
			"scale": [4, 4, 4]
		},
		"fixed": {
			"rotation": [-90, 90, 0],
			"translation": [0, 4, -33],
			"scale": [4, 4, 4]
		}
	}
}