{
	"credit": "Made with Blockbench",
	"texture_size": [128, 128],
	"elements": [
		{
			"from": [1, -16, 1],
			"to": [4, 29, 4],
			"rotation": {"angle": 0, "axis": "y", "origin": [-5, 0, -5]},
			"color": 1,
			"faces": {
				"north": {"uv": [0, 0, 0.375, 5.5], "texture": "#missing"},
				"east": {"uv": [0, 0, 0.375, 5.5], "texture": "#missing"},
				"south": {"uv": [0, 0, 0.375, 5.5], "texture": "#missing"},
				"west": {"uv": [0, 0, 0.375, 5.5], "texture": "#missing"},
				"up": {"uv": [0, 0, 0.375, 0.375], "texture": "#missing"},
				"down": {"uv": [0, 0, 0.375, 0.375], "texture": "#missing"}
			}
		},
		{
			"from": [4, 12, 2],
			"to": [22, 13, 3],
			"rotation": {"angle": 0, "axis": "y", "origin": [-5, 0, -5]},
			"color": 7,
			"faces": {
				"north": {"uv": [0, 0, 2.625, 0.125], "texture": "#missing"},
				"east": {"uv": [0, 0, 0.125, 0.125], "texture": "#missing"},
				"south": {"uv": [0, 0, 2.625, 0.125], "texture": "#missing"},
				"west": {"uv": [0, 0, 0.125, 0.125], "texture": "#missing"},
				"up": {"uv": [0, 0, 2.625, 0.125], "texture": "#missing"},
				"down": {"uv": [0, 0, 2.625, 0.125], "texture": "#missing"}
			}
		},
		{
			"from": [4, 27, 2],
			"to": [22, 28, 3],
			"rotation": {"angle": 0, "axis": "y", "origin": [-5, 0, -5]},
			"color": 7,
			"faces": {
				"north": {"uv": [0, 0, 2.625, 0.125], "texture": "#missing"},
				"east": {"uv": [0, 0, 0.125, 0.125], "texture": "#missing"},
				"south": {"uv": [0, 0, 2.625, 0.125], "texture": "#missing"},
				"west": {"uv": [0, 0, 0.125, 0.125], "texture": "#missing"},
				"up": {"uv": [0, 0, 2.625, 0.125], "texture": "#missing"},
				"down": {"uv": [0, 0, 2.625, 0.125], "texture": "#missing"}
			}
		},
		{
			"from": [2, 12, 4],
			"to": [3, 13, 22],
			"rotation": {"angle": 0, "axis": "y", "origin": [-5, 0, -5]},
			"color": 7,
			"faces": {
				"north": {"uv": [0, 0, 0.125, 0.125], "texture": "#missing"},
				"east": {"uv": [0, 0, 2.625, 0.125], "texture": "#missing"},
				"south": {"uv": [0, 0, 0.125, 0.125], "texture": "#missing"},
				"west": {"uv": [0, 0, 2.625, 0.125], "texture": "#missing"},
				"up": {"uv": [0, 0, 2.625, 0.125], "rotation": 90, "texture": "#missing"},
				"down": {"uv": [0, 0, 2.625, 0.125], "rotation": 270, "texture": "#missing"}
			}
		},
		{
			"from": [2, 27, 4],
			"to": [3, 28, 22],
			"rotation": {"angle": 0, "axis": "y", "origin": [-5, 0, -5]},
			"color": 7,
			"faces": {
				"north": {"uv": [0, 0, 0.125, 0.125], "texture": "#missing"},
				"east": {"uv": [0, 0, 2.625, 0.125], "texture": "#missing"},
				"south": {"uv": [0, 0, 0.125, 0.125], "texture": "#missing"},
				"west": {"uv": [0, 0, 2.625, 0.125], "texture": "#missing"},
				"up": {"uv": [0, 0, 2.625, 0.125], "rotation": 90, "texture": "#missing"},
				"down": {"uv": [0, 0, 2.625, 0.125], "rotation": 270, "texture": "#missing"}
			}
		},
		{
			"from": [0, 29, 0],
			"to": [5, 30, 5],
			"rotation": {"angle": 0, "axis": "y", "origin": [-5, 0, -5]},
			"color": 1,
			"faces": {
				"north": {"uv": [0, 0, 0.625, 0.125], "texture": "#missing"},
				"east": {"uv": [0, 0, 0.625, 0.125], "texture": "#missing"},
				"south": {"uv": [0, 0, 0.625, 0.125], "texture": "#missing"},
				"west": {"uv": [0, 0, 0.625, 0.125], "texture": "#missing"},
				"up": {"uv": [0, 0, 0.625, 0.625], "texture": "#missing"},
				"down": {"uv": [0, 0, 0.625, 0.625], "texture": "#missing"}
			}
		},
		{
			"from": [2.25, 10, 17.5],
			"to": [2.75, 11, 23.5],
			"rotation": {"angle": -45, "axis": "x", "origin": [-5, 0, -5]},
			"color": 6,
			"faces": {
				"north": {"uv": [0, 0, 0.0625, 0.125], "texture": "#missing"},
				"east": {"uv": [0, 0, 0.75, 0.125], "texture": "#missing"},
				"south": {"uv": [0, 0, 0.0625, 0.125], "texture": "#missing"},
				"west": {"uv": [0, 0, 0.75, 0.125], "texture": "#missing"},
				"up": {"uv": [0, 0, 0.0625, 0.75], "texture": "#missing"},
				"down": {"uv": [0, 0, 0.0625, 0.75], "texture": "#missing"}
			}
		},
		{
			"from": [2.25, -0.7, 7],
			"to": [2.75, 0.3, 13],
			"rotation": {"angle": -45, "axis": "x", "origin": [-5, 0, -5]},
			"color": 6,
			"faces": {
				"north": {"uv": [0, 0, 0.0625, 0.125], "texture": "#missing"},
				"east": {"uv": [0, 0, 0.75, 0.125], "texture": "#missing"},
				"south": {"uv": [0, 0, 0.0625, 0.125], "texture": "#missing"},
				"west": {"uv": [0, 0, 0.75, 0.125], "texture": "#missing"},
				"up": {"uv": [0, 0, 0.0625, 0.75], "texture": "#missing"},
				"down": {"uv": [0, 0, 0.0625, 0.75], "texture": "#missing"}
			}
		},
		{
			"from": [-5.3, 12, 2.25],
			"to": [-4.3, 18, 2.75],
			"rotation": {"angle": -45, "axis": "z", "origin": [-5, 0, -5]},
			"color": 6,
			"faces": {
				"north": {"uv": [0, 0, 0.75, 0.125], "rotation": 90, "texture": "#missing"},
				"east": {"uv": [0, 0, 0.0625, 0.75], "texture": "#missing"},
				"south": {"uv": [0, 0, 0.75, 0.125], "rotation": 270, "texture": "#missing"},
				"west": {"uv": [0, 0, 0.0625, 0.75], "rotation": 180, "texture": "#missing"},
				"up": {"uv": [0, 0, 0.0625, 0.125], "rotation": 270, "texture": "#missing"},
				"down": {"uv": [0, 0, 0.0625, 0.125], "rotation": 270, "texture": "#missing"}
			}
		},
		{
			"from": [-16, 22.5, 2.25],
			"to": [-15, 28.5, 2.75],
			"rotation": {"angle": -45, "axis": "z", "origin": [-5, 0, -5]},
			"color": 6,
			"faces": {
				"north": {"uv": [0, 0, 0.75, 0.125], "rotation": 90, "texture": "#missing"},
				"east": {"uv": [0, 0, 0.0625, 0.75], "texture": "#missing"},
				"south": {"uv": [0, 0, 0.75, 0.125], "rotation": 270, "texture": "#missing"},
				"west": {"uv": [0, 0, 0.0625, 0.75], "rotation": 180, "texture": "#missing"},
				"up": {"uv": [0, 0, 0.0625, 0.125], "rotation": 270, "texture": "#missing"},
				"down": {"uv": [0, 0, 0.0625, 0.125], "rotation": 270, "texture": "#missing"}
			}
		},
		{
			"from": [24, 27, 2],
			"to": [25, 28, 3],
			"rotation": {"angle": 0, "axis": "y", "origin": [-5, 0, -5]},
			"color": 2,
			"faces": {
				"north": {"uv": [0, 0, 0.125, 0.125], "texture": "#missing"},
				"east": {"uv": [0, 0, 0.125, 0.125], "texture": "#missing"},
				"south": {"uv": [0, 0, 0.125, 0.125], "texture": "#missing"},
				"west": {"uv": [0, 0, 0.125, 0.125], "texture": "#missing"},
				"up": {"uv": [0, 0, 0.125, 0.125], "texture": "#missing"},
				"down": {"uv": [0, 0, 0.125, 0.125], "texture": "#missing"}
			}
		},
		{
			"from": [22.8, 28.5, 2],
			"to": [25.8, 29.5, 3],
			"rotation": {"angle": -45, "axis": "z", "origin": [23.5, 29.5, 2.5]},
			"color": 2,
			"faces": {
				"north": {"uv": [0, 0, 0.125, 0.375], "rotation": 90, "texture": "#missing"},
				"east": {"uv": [0, 0, 0.125, 0.125], "rotation": 270, "texture": "#missing"},
				"south": {"uv": [0, 0, 0.125, 0.375], "rotation": 270, "texture": "#missing"},
				"west": {"uv": [0, 0, 0.125, 0.125], "rotation": 270, "texture": "#missing"},
				"up": {"uv": [0, 0, 0.125, 0.375], "rotation": 270, "texture": "#missing"},
				"down": {"uv": [0, 0, 0.125, 0.375], "rotation": 270, "texture": "#missing"}
			}
		},
		{
			"from": [23, 26, 2],
			"to": [24, 29, 3],
			"rotation": {"angle": 0, "axis": "y", "origin": [-5, 0, -5]},
			"color": 2,
			"faces": {
				"north": {"uv": [0, 0, 0.125, 0.375], "texture": "#missing"},
				"east": {"uv": [0, 0, 0.125, 0.375], "texture": "#missing"},
				"south": {"uv": [0, 0, 0.125, 0.375], "texture": "#missing"},
				"west": {"uv": [0, 0, 0.125, 0.375], "texture": "#missing"},
				"up": {"uv": [0, 0, 0.125, 0.125], "texture": "#missing"},
				"down": {"uv": [0, 0, 0.125, 0.125], "texture": "#missing"}
			}
		},
		{
			"from": [25.32, 25.98, 2],
			"to": [26.32, 28.98, 3],
			"rotation": {"angle": -45, "axis": "z", "origin": [23.5, 29.5, 2.5]},
			"color": 2,
			"faces": {
				"north": {"uv": [0, 0, 0.125, 0.375], "texture": "#missing"},
				"east": {"uv": [0, 0, 0.125, 0.375], "texture": "#missing"},
				"south": {"uv": [0, 0, 0.125, 0.375], "texture": "#missing"},
				"west": {"uv": [0, 0, 0.125, 0.375], "texture": "#missing"},
				"up": {"uv": [0, 0, 0.125, 0.125], "texture": "#missing"},
				"down": {"uv": [0, 0, 0.125, 0.125], "texture": "#missing"}
			}
		},
		{
			"from": [22, 26, 2],
			"to": [23, 29, 3],
			"rotation": {"angle": 0, "axis": "y", "origin": [-5, 0, -5]},
			"color": 2,
			"faces": {
				"north": {"uv": [0, 0, 0.125, 0.375], "texture": "#missing"},
				"east": {"uv": [0, 0, 0.125, 0.375], "texture": "#missing"},
				"south": {"uv": [0, 0, 0.125, 0.375], "texture": "#missing"},
				"west": {"uv": [0, 0, 0.125, 0.375], "texture": "#missing"},
				"up": {"uv": [0, 0, 0.125, 0.125], "texture": "#missing"},
				"down": {"uv": [0, 0, 0.125, 0.125], "texture": "#missing"}
			}
		},
		{
			"from": [24.2, 26.8, 2],
			"to": [25.2, 27.8, 3],
			"rotation": {"angle": 45, "axis": "z", "origin": [24.5, 27.5, 2.5]},
			"color": 2,
			"faces": {
				"north": {"uv": [0, 0, 0.125, 0.125], "texture": "#missing"},
				"east": {"uv": [0, 0, 0.125, 0.125], "texture": "#missing"},
				"south": {"uv": [0, 0, 0.125, 0.125], "texture": "#missing"},
				"west": {"uv": [0, 0, 0.125, 0.125], "texture": "#missing"},
				"up": {"uv": [0, 0, 0.125, 0.125], "texture": "#missing"},
				"down": {"uv": [0, 0, 0.125, 0.125], "texture": "#missing"}
			}
		},
		{
			"from": [22.8, 13.5, 2],
			"to": [25.8, 14.5, 3],
			"rotation": {"angle": -45, "axis": "z", "origin": [23.5, 14.5, 2.5]},
			"color": 2,
			"faces": {
				"north": {"uv": [0, 0, 0.125, 0.375], "rotation": 90, "texture": "#missing"},
				"east": {"uv": [0, 0, 0.125, 0.125], "rotation": 270, "texture": "#missing"},
				"south": {"uv": [0, 0, 0.125, 0.375], "rotation": 270, "texture": "#missing"},
				"west": {"uv": [0, 0, 0.125, 0.125], "rotation": 270, "texture": "#missing"},
				"up": {"uv": [0, 0, 0.125, 0.375], "rotation": 270, "texture": "#missing"},
				"down": {"uv": [0, 0, 0.125, 0.375], "rotation": 270, "texture": "#missing"}
			}
		},
		{
			"from": [23, 11, 2],
			"to": [24, 14, 3],
			"rotation": {"angle": 0, "axis": "y", "origin": [-5, -15, -5]},
			"color": 2,
			"faces": {
				"north": {"uv": [0, 0, 0.125, 0.375], "texture": "#missing"},
				"east": {"uv": [0, 0, 0.125, 0.375], "texture": "#missing"},
				"south": {"uv": [0, 0, 0.125, 0.375], "texture": "#missing"},
				"west": {"uv": [0, 0, 0.125, 0.375], "texture": "#missing"},
				"up": {"uv": [0, 0, 0.125, 0.125], "texture": "#missing"},
				"down": {"uv": [0, 0, 0.125, 0.125], "texture": "#missing"}
			}
		},
		{
			"from": [25.32, 10.98, 2],
			"to": [26.32, 13.98, 3],
			"rotation": {"angle": -45, "axis": "z", "origin": [23.5, 14.5, 2.5]},
			"color": 2,
			"faces": {
				"north": {"uv": [0, 0, 0.125, 0.375], "texture": "#missing"},
				"east": {"uv": [0, 0, 0.125, 0.375], "texture": "#missing"},
				"south": {"uv": [0, 0, 0.125, 0.375], "texture": "#missing"},
				"west": {"uv": [0, 0, 0.125, 0.375], "texture": "#missing"},
				"up": {"uv": [0, 0, 0.125, 0.125], "texture": "#missing"},
				"down": {"uv": [0, 0, 0.125, 0.125], "texture": "#missing"}
			}
		},
		{
			"from": [22, 11, 2],
			"to": [23, 14, 3],
			"rotation": {"angle": 0, "axis": "y", "origin": [-5, -15, -5]},
			"color": 2,
			"faces": {
				"north": {"uv": [0, 0, 0.125, 0.375], "texture": "#missing"},
				"east": {"uv": [0, 0, 0.125, 0.375], "texture": "#missing"},
				"south": {"uv": [0, 0, 0.125, 0.375], "texture": "#missing"},
				"west": {"uv": [0, 0, 0.125, 0.375], "texture": "#missing"},
				"up": {"uv": [0, 0, 0.125, 0.125], "texture": "#missing"},
				"down": {"uv": [0, 0, 0.125, 0.125], "texture": "#missing"}
			}
		},
		{
			"from": [24.2, 11.8, 2],
			"to": [25.2, 12.8, 3],
			"rotation": {"angle": 45, "axis": "z", "origin": [24.5, 12.5, 2.5]},
			"color": 2,
			"faces": {
				"north": {"uv": [0, 0, 0.125, 0.125], "texture": "#missing"},
				"east": {"uv": [0, 0, 0.125, 0.125], "texture": "#missing"},
				"south": {"uv": [0, 0, 0.125, 0.125], "texture": "#missing"},
				"west": {"uv": [0, 0, 0.125, 0.125], "texture": "#missing"},
				"up": {"uv": [0, 0, 0.125, 0.125], "texture": "#missing"},
				"down": {"uv": [0, 0, 0.125, 0.125], "texture": "#missing"}
			}
		}
	],
	"display": {
		"thirdperson_righthand": {
			"translation": [0, 12, 2],
			"scale": [0.7, 0.7, 0.7]
		},
		"fixed": {
			"rotation": [-90, 0, 0],
			"translation": [-3, -3, -47],
			"scale": [2, 2, 2]
		}
	},
	"groups": [0, 1, 2, 3, 4, 5, 6, 7, 8, 9, 10,
		{
			"name": "group",
			"origin": [8, 8, 8],
			"children": [11, 12, 13, 14, 15]
		},
		{
			"name": "group",
			"origin": [8, 8, 8],
			"children": [16, 17, 18, 19, 20]
		}
	]
}