{"file_name":"rightleg","texture_size":[64,64],"textures":{"dc49c63a-421a-747d-d11d-b8f24b76e93f":"modelengine:entity/duck"},"elements":[{"name":"cube","from":[7.4,5.6,6.2],"to":[9.2,5.6,8.0],"rotation":{"angle":0.0,"axis":"x","origin":[9.8,12.2,8.6]},"faces":{"down":{"uv":[1.5,0.0,2.25,0.75],"rotation":0,"texture":"#dc49c63a-421a-747d-d11d-b8f24b76e93f","tintindex":0},"east":{"uv":[0.0,0.75,0.75,0.75],"rotation":0,"texture":"#dc49c63a-421a-747d-d11d-b8f24b76e93f","tintindex":0},"north":{"uv":[0.75,0.75,1.5,0.75],"rotation":0,"texture":"#dc49c63a-421a-747d-d11d-b8f24b76e93f","tintindex":0},"south":{"uv":[2.25,0.75,3.0,0.75],"rotation":0,"texture":"#dc49c63a-421a-747d-d11d-b8f24b76e93f","tintindex":0},"up":{"uv":[1.5,0.75,0.75,0.0],"rotation":0,"texture":"#dc49c63a-421a-747d-d11d-b8f24b76e93f","tintindex":0},"west":{"uv":[1.5,0.75,2.25,0.75],"rotation":0,"texture":"#dc49c63a-421a-747d-d11d-b8f24b76e93f","tintindex":0}}},{"name":"cube","from":[8.0,5.6,8.0],"to":[8.6,7.4,8.0],"rotation":{"angle":0.0,"axis":"x","origin":[9.8,11.6,8.6]},"faces":{"down":{"uv":[0.25,0.0,0.5,0.0],"rotation":0,"texture":"#dc49c63a-421a-747d-d11d-b8f24b76e93f","tintindex":0},"east":{"uv":[0.0,0.0,0.0,0.75],"rotation":0,"texture":"#dc49c63a-421a-747d-d11d-b8f24b76e93f","tintindex":0},"north":{"uv":[0.0,0.0,0.25,0.75],"rotation":0,"texture":"#dc49c63a-421a-747d-d11d-b8f24b76e93f","tintindex":0},"south":{"uv":[0.25,0.0,0.5,0.75],"rotation":0,"texture":"#dc49c63a-421a-747d-d11d-b8f24b76e93f","tintindex":0},"up":{"uv":[0.25,0.0,0.0,0.0],"rotation":0,"texture":"#dc49c63a-421a-747d-d11d-b8f24b76e93f","tintindex":0},"west":{"uv":[0.25,0.0,0.25,0.75],"rotation":0,"texture":"#dc49c63a-421a-747d-d11d-b8f24b76e93f","tintindex":0}}}],"display":{"head":{"translation":[0.0,-6.4,0.0],"rotation":[0.0,0.0,0.0],"scale":[3.8095,3.8095,3.8095]},"gui":{"translation":[0.0,0.0,0.0],"rotation":[35.0,225.0,0.0],"scale":[0.625,0.625,0.625]}}}