{
    "providers": [
        {
            "type": "bitmap",
            "file": "space:font/space_split.png",
            "ascent": -32768,
            "height": -3,
            "chars": [
                "\uF801"
            ]
        },
        {
            "type": "bitmap",
            "file": "space:font/space_split.png",
            "ascent": -32768,
            "height": -4,
            "chars": [
                "\uF802"
            ]
        },
        {
            "type": "bitmap",
            "file": "space:font/space_split.png",
            "ascent": -32768,
            "height": -5,
            "chars": [
                "\uF803"
            ]
        },
        {
            "type": "bitmap",
            "file": "space:font/space_split.png",
            "ascent": -32768,
            "height": -6,
            "chars": [
                "\uF804"
            ]
        },
        {
            "type": "bitmap",
            "file": "space:font/space_split.png",
            "ascent": -32768,
            "height": -7,
            "chars": [
                "\uF805"
            ]
        },
        {
            "type": "bitmap",
            "file": "space:font/space_split.png",
            "ascent": -32768,
            "height": -8,
            "chars": [
                "\uF806"
            ]
        },
        {
            "type": "bitmap",
            "file": "space:font/space_split.png",
            "ascent": -32768,
            "height": -9,
            "chars": [
                "\uF807"
            ]
        },
        {
            "type": "bitmap",
            "file": "space:font/space_split.png",
            "ascent": -32768,
            "height": -10,
            "chars": [
                "\uF808"
            ]
        },
        {
            "type": "bitmap",
            "file": "space:font/space_split.png",
            "ascent": -32768,
            "height": -18,
            "chars": [
                "\uF809"
            ]
        },
        {
            "type": "bitmap",
            "file": "space:font/space_split.png",
            "ascent": -32768,
            "height": -34,
            "chars": [
                "\uF80A"
            ]
        },
        {
            "type": "bitmap",
            "file": "space:font/space_split.png",
            "ascent": -32768,
            "height": -66,
            "chars": [
                "\uF80B"
            ]
        },
        {
            "type": "bitmap",
            "file": "space:font/space_split.png",
            "ascent": -32768,
            "height": -130,
            "chars": [
                "\uF80C"
            ]
        },
        {
            "type": "bitmap",
            "file": "space:font/space_split.png",
            "ascent": -32768,
            "height": -258,
            "chars": [
                "\uF80D"
            ]
        },
        {
            "type": "bitmap",
            "file": "space:font/space_split.png",
            "ascent": -32768,
            "height": -514,
            "chars": [
                "\uF80E"
            ]
        },
        {
            "type": "bitmap",
            "file": "space:font/space_split.png",
            "ascent": -32768,
            "height": -1026,
            "chars": [
                "\uF80F"
            ]
        },
        {
            "type": "bitmap",
            "file": "space:font/space_split.png",
            "ascent": -65536,
            "height": -32770,
            "chars": [
                "\uF800"
            ]
        },
        {
            "type": "bitmap",
            "file": "space:font/space_split.png",
            "ascent": -32768,
            "height": 0,
            "chars": [
                "\uF821"
            ]
        },
        {
            "type": "bitmap",
            "file": "space:font/space_split.png",
            "ascent": -32768,
            "height": 1,
            "chars": [
                "\uF822"
            ]
        },
        {
            "type": "bitmap",
            "file": "space:font/space_split.png",
            "ascent": -32768,
            "height": 2,
            "chars": [
                "\uF823"
            ]
        },
        {
            "type": "bitmap",
            "file": "space:font/space_split.png",
            "ascent": -32768,
            "height": 3,
            "chars": [
                "\uF824"
            ]
        },
        {
            "type": "bitmap",
            "file": "space:font/space_split.png",
            "ascent": -32768,
            "height": 4,
            "chars": [
                "\uF825"
            ]
        },
        {
            "type": "bitmap",
            "file": "space:font/space_split.png",
            "ascent": -32768,
            "height": 5,
            "chars": [
                "\uF826"
            ]
        },
        {
            "type": "bitmap",
            "file": "space:font/space_split.png",
            "ascent": -32768,
            "height": 6,
            "chars": [
                "\uF827"
            ]
        },
        {
            "type": "bitmap",
            "file": "space:font/space_split.png",
            "ascent": -32768,
            "height": 7,
            "chars": [
                "\uF828"
            ]
        },
        {
            "type": "bitmap",
            "file": "space:font/space_split.png",
            "ascent": -32768,
            "height": 15,
            "chars": [
                "\uF829"
            ]
        },
        {
            "type": "bitmap",
            "file": "space:font/space_split.png",
            "ascent": -32768,
            "height": 31,
            "chars": [
                "\uF82A"
            ]
        },
        {
            "type": "bitmap",
            "file": "space:font/space_split.png",
            "ascent": -32768,
            "height": 63,
            "chars": [
                "\uF82B"
            ]
        },
        {
            "type": "bitmap",
            "file": "space:font/space_split.png",
            "ascent": -32768,
            "height": 127,
            "chars": [
                "\uF82C"
            ]
        },
        {
            "type": "bitmap",
            "file": "space:font/space_split.png",
            "ascent": -32768,
            "height": 255,
            "chars": [
                "\uF82D"
            ]
        },
        {
            "type": "bitmap",
            "file": "space:font/space_split.png",
            "ascent": -32768,
            "height": 511,
            "chars": [
                "\uF82E"
            ]
        },
        {
            "type": "bitmap",
            "file": "space:font/space_split.png",
            "ascent": -32768,
            "height": 1023,
            "chars": [
                "\uF82F"
            ]
        },
        {
            "type": "bitmap",
            "file": "space:font/space_split.png",
            "ascent": -65536,
            "height": 32767,
            "chars": [
                "\uF820"
            ]
        },
        {
            "type": "bitmap",
            "file": "space:font/space_nosplit.png",
            "ascent": -32768,
            "height": -3,
            "chars": [
                "\uF811"
            ]
        },
        {
            "type": "bitmap",
            "file": "space:font/space_nosplit.png",
            "ascent": -32768,
            "height": -4,
            "chars": [
                "\uF812"
            ]
        },
        {
            "type": "bitmap",
            "file": "space:font/space_nosplit.png",
            "ascent": -32768,
            "height": -5,
            "chars": [
                "\uF813"
            ]
        },
        {
            "type": "bitmap",
            "file": "space:font/space_nosplit.png",
            "ascent": -32768,
            "height": -6,
            "chars": [
                "\uF814"
            ]
        },
        {
            "type": "bitmap",
            "file": "space:font/space_nosplit.png",
            "ascent": -32768,
            "height": -7,
            "chars": [
                "\uF815"
            ]
        },
        {
            "type": "bitmap",
            "file": "space:font/space_nosplit.png",
            "ascent": -32768,
            "height": -8,
            "chars": [
                "\uF816"
            ]
        },
        {
            "type": "bitmap",
            "file": "space:font/space_nosplit.png",
            "ascent": -32768,
            "height": -9,
            "chars": [
                "\uF817"
            ]
        },
        {
            "type": "bitmap",
            "file": "space:font/space_nosplit.png",
            "ascent": -32768,
            "height": -10,
            "chars": [
                "\uF818"
            ]
        },
        {
            "type": "bitmap",
            "file": "space:font/space_nosplit.png",
            "ascent": -32768,
            "height": -18,
            "chars": [
                "\uF819"
            ]
        },
        {
            "type": "bitmap",
            "file": "space:font/space_nosplit.png",
            "ascent": -32768,
            "height": -34,
            "chars": [
                "\uF81A"
            ]
        },
        {
            "type": "bitmap",
            "file": "space:font/space_nosplit.png",
            "ascent": -32768,
            "height": -66,
            "chars": [
                "\uF81B"
            ]
        },
        {
            "type": "bitmap",
            "file": "space:font/space_nosplit.png",
            "ascent": -32768,
            "height": -130,
            "chars": [
                "\uF81C"
            ]
        },
        {
            "type": "bitmap",
            "file": "space:font/space_nosplit.png",
            "ascent": -32768,
            "height": -258,
            "chars": [
                "\uF81D"
            ]
        },
        {
            "type": "bitmap",
            "file": "space:font/space_nosplit.png",
            "ascent": -32768,
            "height": -514,
            "chars": [
                "\uF81E"
            ]
        },
        {
            "type": "bitmap",
            "file": "space:font/space_nosplit.png",
            "ascent": -32768,
            "height": -1026,
            "chars": [
                "\uF81F"
            ]
        },
        {
            "type": "bitmap",
            "file": "space:font/space_nosplit.png",
            "ascent": -65536,
            "height": -32770,
            "chars": [
                "\uF810"
            ]
        },
        {
            "type": "bitmap",
            "file": "space:font/space_nosplit.png",
            "ascent": -32768,
            "height": 0,
            "chars": [
                "\uF831"
            ]
        },
        {
            "type": "bitmap",
            "file": "space:font/space_nosplit.png",
            "ascent": -32768,
            "height": 1,
            "chars": [
                "\uF832"
            ]
        },
        {
            "type": "bitmap",
            "file": "space:font/space_nosplit.png",
            "ascent": -32768,
            "height": 2,
            "chars": [
                "\uF833"
            ]
        },
        {
            "type": "bitmap",
            "file": "space:font/space_nosplit.png",
            "ascent": -32768,
            "height": 3,
            "chars": [
                "\uF834"
            ]
        },
        {
            "type": "bitmap",
            "file": "space:font/space_nosplit.png",
            "ascent": -32768,
            "height": 4,
            "chars": [
                "\uF835"
            ]
        },
        {
            "type": "bitmap",
            "file": "space:font/space_nosplit.png",
            "ascent": -32768,
            "height": 5,
            "chars": [
                "\uF836"
            ]
        },
        {
            "type": "bitmap",
            "file": "space:font/space_nosplit.png",
            "ascent": -32768,
            "height": 6,
            "chars": [
                "\uF837"
            ]
        },
        {
            "type": "bitmap",
            "file": "space:font/space_nosplit.png",
            "ascent": -32768,
            "height": 7,
            "chars": [
                "\uF838"
            ]
        },
        {
            "type": "bitmap",
            "file": "space:font/space_nosplit.png",
            "ascent": -32768,
            "height": 15,
            "chars": [
                "\uF839"
            ]
        },
        {
            "type": "bitmap",
            "file": "space:font/space_nosplit.png",
            "ascent": -32768,
            "height": 31,
            "chars": [
                "\uF83A"
            ]
        },
        {
            "type": "bitmap",
            "file": "space:font/space_nosplit.png",
            "ascent": -32768,
            "height": 63,
            "chars": [
                "\uF83B"
            ]
        },
        {
            "type": "bitmap",
            "file": "space:font/space_nosplit.png",
            "ascent": -32768,
            "height": 127,
            "chars": [
                "\uF83C"
            ]
        },
        {
            "type": "bitmap",
            "file": "space:font/space_nosplit.png",
            "ascent": -32768,
            "height": 255,
            "chars": [
                "\uF83D"
            ]
        },
        {
            "type": "bitmap",
            "file": "space:font/space_nosplit.png",
            "ascent": -32768,
            "height": 511,
            "chars": [
                "\uF83E"
            ]
        },
        {
            "type": "bitmap",
            "file": "space:font/space_nosplit.png",
            "ascent": -32768,
            "height": 1023,
            "chars": [
                "\uF83F"
            ]
        },
        {
            "type": "bitmap",
            "file": "space:font/space_nosplit.png",
            "ascent": -65536,
            "height": 32767,
            "chars": [
                "\uF830"
            ]
        },
				{
			"type": "bitmap",
			"file": "minecraft:font/cc2.png",
			"ascent": 0,
			"height": 50,
			"chars": ["\uE000"]
		},
		{
			"type": "bitmap",
			"file": "minecraft:font/ccsmall.png",
			"ascent": 8,
			"height": 10,
			"chars": ["\uE001"]
		},
		{
			"type": "bitmap",
			"file": "minecraft:font/titles/admin.png",
			"ascent": 7.75,
			"height": 7.75,
			"chars": ["\uE002"]
		},
				{
			"type": "bitmap",
			"file": "minecraft:font/titles/mod.png",
			"ascent": 7.75,
			"height": 7.75,
			"chars": ["\uE003"]
		},
		{
			"type": "bitmap",
			"file": "minecraft:font/titles/donor.png",
			"ascent": 7.75,
			"height": 7.75,
			"chars": ["\uE004"]
		},
		{
			"type": "bitmap",
			"file": "minecraft:font/titles/lifetime_donor.png",
			"ascent": 7.75,
			"height": 7.75,
			"chars": ["\uE008"]
		},
		{
			"type": "bitmap",
			"file": "minecraft:font/titles/builder.png",
			"ascent": 7.75,
			"height": 7.75,
			"chars": ["\uE005"]
		},
		{
			"type": "bitmap",
			"file": "minecraft:font/titles/chat_tick.png",
			"ascent": 8,
			"height": 10,
			"chars": ["\uE009"]
		},
		{
			"type": "bitmap",
			"file": "minecraft:font/titles/player.png",
			"ascent": 7.75,
			"height": 7.75,
			"chars": ["\uE006"]
		},
		{
			"type": "bitmap",
			"file": "minecraft:font/titles/season1champion.png",
			"ascent": 15,
			"height": 15,
			"chars": ["\uE007"]
		},
		{
			"type": "bitmap",
			"file": "minecraft:font/titles/peasant.png",
			"ascent": 7.75,
			"height": 7.75,
			"chars": ["\uE010"]
		},
		{
			"type": "bitmap",
			"file": "minecraft:font/titles/hireling.png",
			"ascent": 7.75,
			"height": 7.75,
			"chars": ["\uE011"]
		},
		{
			"type": "bitmap",
			"file": "minecraft:font/titles/merchant.png",
			"ascent": 7.75,
			"height": 7.75,
			"chars": ["\uE012"]
		},
		{
			"type": "bitmap",
			"file": "minecraft:font/titles/knight.png",
			"ascent": 7.75,
			"height": 7.75,
			"chars": ["\uE013"]
		},
		{
			"type": "bitmap",
			"file": "minecraft:font/titles/noble.png",
			"ascent": 7.75,
			"height": 7.75,
			"chars": ["\uE014"]
		},
		{
			"type": "bitmap",
			"file": "minecraft:font/titles/lord.png",
			"ascent": 7.75,
			"height": 7.75,
			"chars": ["\uE015"]
		},
		{
			"type": "bitmap",
			"file": "minecraft:font/titles/artistocrat.png",
			"ascent": 7.75,
			"height": 7.75,
			"chars": ["\uE016"]
		},
		{
			"type": "bitmap",
			"file": "minecraft:font/titles/citizen.png",
			"ascent": 7.75,
			"height": 7.75,
			"chars": ["\uE017"]
		},
		{
			"type": "bitmap",
			"file": "minecraft:font/titles/quest_item.png",
			"ascent": 7.75,
			"height": 7.75,
			"chars": ["\uE105"]
		},
		{
			"type": "bitmap",
			"file": "minecraft:font/inventory/border_inventory.png",
			"ascent": 13,
			"height": 126,
			"chars": ["\uE300"]
		},
		{
			"type": "bitmap",
			"file": "minecraft:font/inventory/amplified_beacon.png",
			"ascent": 13,
			"height": 91,
			"chars": ["\uE301"]
		},
		{
			"type": "bitmap",
			"file": "minecraft:font/inventory/jukebox.png",
			"ascent": 13,
			"height": 127,
			"chars": ["\uE302"]
		},
		{
			"type": "bitmap",
			"file": "minecraft:font/inventory/jukebox_note_editor.png",
			"ascent": 13,
			"height": 73,
			"chars": ["\uE303"]
		},
		{
			"type": "bitmap",
			"file": "minecraft:font/inventory/adminshop.png",
			"ascent": 13,
			"height": 127,
			"chars": ["\uE304"]
		},
		{
			"type": "bitmap",
			"file": "minecraft:font/inventory/painter.png",
			"ascent": 13,
			"height": 128,
			"chars": ["\uE305"]
		},
		{
			"type": "bitmap",
			"file": "minecraft:font/inventory/fragmentextractor.png",
			"ascent": 13,
			"height": 73,
			"chars": ["\uE306"]
		},
		{
			"type": "bitmap",
			"file": "minecraft:font/inventory/jukebox_song_editor.png",
			"ascent": 13,
			"height": 126,
			"chars": ["\uE307"]
		},
		{
			"type": "bitmap",
			"file": "minecraft:font/inventory/quest_page0.png",
			"ascent": 13,
			"height": 127,
			"chars": ["\uE320"]
		},
		{
			"type": "bitmap",
			"file": "minecraft:font/inventory/quest_page1.png",
			"ascent": 13,
			"height": 127,
			"chars": ["\uE321"]
		},
		{
			"type": "bitmap",
			"file": "minecraft:font/inventory/quest_page2.png",
			"ascent": 13,
			"height": 127,
			"chars": ["\uE322"]
		},
		{
			"type": "bitmap",
			"file": "minecraft:font/inventory/quest_page3.png",
			"ascent": 13,
			"height": 127,
			"chars": ["\uE323"]
		},
		{
			"type": "bitmap",
			"file": "minecraft:font/inventory/quest_page4.png",
			"ascent": 13,
			"height": 127,
			"chars": ["\uE324"]
		},
		{
			"type": "bitmap",
			"file": "minecraft:font/inventory/quest_page5.png",
			"ascent": 13,
			"height": 127,
			"chars": ["\uE325"]
		},
		{
			"type": "bitmap",
			"file": "minecraft:font/inventory/quest_page6.png",
			"ascent": 13,
			"height": 127,
			"chars": ["\uE326"]
		},
		{
			"type": "bitmap",
			"file": "minecraft:font/inventory/quest_page7.png",
			"ascent": 13,
			"height": 127,
			"chars": ["\uE327"]
		},
		{
			"type": "bitmap",
			"file": "minecraft:font/inventory/quest_page8.png",
			"ascent": 13,
			"height": 127,
			"chars": ["\uE328"]
		},
		{
			"type": "bitmap",
			"file": "minecraft:font/inventory/quest_page9.png",
			"ascent": 13,
			"height": 127,
			"chars": ["\uE329"]
		},
		{
			"type": "bitmap",
			"file": "minecraft:font/inventory/quest_page10.png",
			"ascent": 13,
			"height": 127,
			"chars": ["\uE330"]
		},
		{
			"type": "bitmap",
			"file": "minecraft:font/tooltips/tip1.png",
			"ascent": 20,
			"height": 20,
			"chars": ["\uE020"]
		},
		{
			"type": "bitmap",
			"file": "minecraft:font/tooltips/tip2.png",
			"ascent": 20,
			"height": 20,
			"chars": ["\uE021"]
		},
		{
			"type": "bitmap",
			"file": "minecraft:font/blackscreen.png",
			"ascent": 100,
			"height": 200,
			"chars": ["\uE022"]
		},
		{
			"type": "bitmap",
			"file": "minecraft:particle/heart.png",
			"ascent": 8,
			"height": 9,
			"chars": ["\u2661"]
		},
		{
			"type": "bitmap",
			"file": "minecraft:font/emojis/thonk.png",
			"ascent": 8,
			"height": 9,
			"chars": ["\uE100"]
		},
		{
			"type": "bitmap",
			"file": "minecraft:font/emojis/eyes.png",
			"ascent": 8,
			"height": 9,
			"chars": ["\uE101"]
		},
		{
			"type": "bitmap",
			"file": "minecraft:item/compass_00.png",
			"ascent": 10,
			"height": 15,
			"chars": ["\uEC00"]
		},
		{
			"type": "bitmap",
			"file": "minecraft:item/compass_01.png",
			"ascent": 10,
			"height": 15,
			"chars": ["\uEC01"]
		},
		{
			"type": "bitmap",
			"file": "minecraft:item/compass_02.png",
			"ascent": 10,
			"height": 15,
			"chars": ["\uEC02"]
		},
		{
			"type": "bitmap",
			"file": "minecraft:item/compass_03.png",
			"ascent": 10,
			"height": 15,
			"chars": ["\uEC03"]
		},
		{
			"type": "bitmap",
			"file": "minecraft:item/compass_04.png",
			"ascent": 10,
			"height": 15,
			"chars": ["\uEC04"]
		},
		{
			"type": "bitmap",
			"file": "minecraft:item/compass_05.png",
			"ascent": 10,
			"height": 15,
			"chars": ["\uEC05"]
		},
		{
			"type": "bitmap",
			"file": "minecraft:item/compass_06.png",
			"ascent": 10,
			"height": 15,
			"chars": ["\uEC06"]
		},
		{
			"type": "bitmap",
			"file": "minecraft:item/compass_07.png",
			"ascent": 10,
			"height": 15,
			"chars": ["\uEC07"]
		},
		{
			"type": "bitmap",
			"file": "minecraft:item/compass_08.png",
			"ascent": 10,
			"height": 15,
			"chars": ["\uEC08"]
		},
		{
			"type": "bitmap",
			"file": "minecraft:item/compass_09.png",
			"ascent": 10,
			"height": 15,
			"chars": ["\uEC09"]
		},
		{
			"type": "bitmap",
			"file": "minecraft:item/compass_10.png",
			"ascent": 10,
			"height": 15,
			"chars": ["\uEC10"]
		},
		{
			"type": "bitmap",
			"file": "minecraft:item/compass_11.png",
			"ascent": 10,
			"height": 15,
			"chars": ["\uEC11"]
		},
		{
			"type": "bitmap",
			"file": "minecraft:item/compass_12.png",
			"ascent": 10,
			"height": 15,
			"chars": ["\uEC12"]
		},
		{
			"type": "bitmap",
			"file": "minecraft:item/compass_13.png",
			"ascent": 10,
			"height": 15,
			"chars": ["\uEC13"]
		},
		{
			"type": "bitmap",
			"file": "minecraft:item/compass_14.png",
			"ascent": 10,
			"height": 15,
			"chars": ["\uEC14"]
		},
		{
			"type": "bitmap",
			"file": "minecraft:item/compass_15.png",
			"ascent": 10,
			"height": 15,
			"chars": ["\uEC15"]
		},
		{
			"type": "bitmap",
			"file": "minecraft:item/compass_16.png",
			"ascent": 10,
			"height": 15,
			"chars": ["\uEC16"]
		},
		{
			"type": "bitmap",
			"file": "minecraft:item/compass_17.png",
			"ascent": 10,
			"height": 15,
			"chars": ["\uEC17"]
		},
		{
			"type": "bitmap",
			"file": "minecraft:item/compass_18.png",
			"ascent": 10,
			"height": 15,
			"chars": ["\uEC18"]
		},
		{
			"type": "bitmap",
			"file": "minecraft:item/compass_19.png",
			"ascent": 10,
			"height": 15,
			"chars": ["\uEC19"]
		},
		{
			"type": "bitmap",
			"file": "minecraft:item/compass_20.png",
			"ascent": 10,
			"height": 15,
			"chars": ["\uEC20"]
		},
		{
			"type": "bitmap",
			"file": "minecraft:item/compass_21.png",
			"ascent": 10,
			"height": 15,
			"chars": ["\uEC21"]
		},
		{
			"type": "bitmap",
			"file": "minecraft:item/compass_22.png",
			"ascent": 10,
			"height": 15,
			"chars": ["\uEC22"]
		},
		{
			"type": "bitmap",
			"file": "minecraft:item/compass_23.png",
			"ascent": 10,
			"height": 15,
			"chars": ["\uEC23"]
		},
		{
			"type": "bitmap",
			"file": "minecraft:item/compass_24.png",
			"ascent": 10,
			"height": 15,
			"chars": ["\uEC24"]
		},
		{
			"type": "bitmap",
			"file": "minecraft:item/compass_25.png",
			"ascent": 10,
			"height": 15,
			"chars": ["\uEC25"]
		},
		{
			"type": "bitmap",
			"file": "minecraft:item/compass_26.png",
			"ascent": 10,
			"height": 15,
			"chars": ["\uEC26"]
		},
		{
			"type": "bitmap",
			"file": "minecraft:item/compass_27.png",
			"ascent": 10,
			"height": 15,
			"chars": ["\uEC27"]
		},
		{
			"type": "bitmap",
			"file": "minecraft:item/compass_28.png",
			"ascent": 10,
			"height": 15,
			"chars": ["\uEC28"]
		},
		{
			"type": "bitmap",
			"file": "minecraft:item/compass_29.png",
			"ascent": 10,
			"height": 15,
			"chars": ["\uEC29"]
		},
		{
			"type": "bitmap",
			"file": "minecraft:item/compass_30.png",
			"ascent": 10,
			"height": 15,
			"chars": ["\uEC30"]
		},
		{
			"type": "bitmap",
			"file": "minecraft:item/compass_31.png",
			"ascent": 10,
			"height": 15,
			"chars": ["\uEC31"]
		},
		{
			"type": "bitmap",
			"file": "minecraft:font/avatar/bartender_bob.png",
			"ascent": -2,
			"height": 41,
			"chars": ["\uEA00"]
		},
		{
			"type": "bitmap",
			"file": "minecraft:font/avatar/frame.png",
			"ascent": 4,
			"height": 53,
			"chars": ["\uEA01"]
		},
		{
			"type": "bitmap",
			"file": "minecraft:font/avatar/cc.png",
			"ascent": -2,
			"height": 41,
			"chars": ["\uEA02"]
		},
		{
			"type": "bitmap",
			"file": "minecraft:font/avatar/eric_hammerstone.png",
			"ascent": -2,
			"height": 41,
			"chars": ["\uEA03"]
		},
		{
			"type": "bitmap",
			"file": "minecraft:font/avatar/harrison_jones.png",
			"ascent": -2,
			"height": 41,
			"chars": ["\uEA04"]
		},
		{
			"type": "bitmap",
			"file": "minecraft:font/avatar/magic_rob.png",
			"ascent": -2,
			"height": 41,
			"chars": ["\uEA05"]
		},
		{
			"type": "bitmap",
			"file": "minecraft:font/avatar/mc_woof.png",
			"ascent": -2,
			"height": 41,
			"chars": ["\uEA06"]
		},
		{
			"type": "bitmap",
			"file": "minecraft:font/avatar/bjorn.png",
			"ascent": -2,
			"height": 41,
			"chars": ["\uEA07"]
		},
		{
			"type": "bitmap",
			"file": "minecraft:font/avatar/fenn.png",
			"ascent": -2,
			"height": 41,
			"chars": ["\uEA08"]
		},
		{
			"type": "bitmap",
			"file": "minecraft:font/avatar/jacqueline.png",
			"ascent": -2,
			"height": 41,
			"chars": ["\uEA09"]
		},
		{
			"type": "bitmap",
			"file": "minecraft:font/avatar/otin.png",
			"ascent": -2,
			"height": 41,
			"chars": ["\uEA10"]
		},
		{
			"type": "bitmap",
			"file": "minecraft:font/avatar/ellie.png",
			"ascent": -2,
			"height": 41,
			"chars": ["\uEA11"]
		},
		{
			"type": "bitmap",
			"file": "minecraft:font/avatar/tinkerer.png",
			"ascent": -2,
			"height": 41,
			"chars": ["\uEA12"]
		},
		{
			"type": "bitmap",
			"file": "minecraft:font/avatar/barkley.png",
			"ascent": -2,
			"height": 41,
			"chars": ["\uEA13"]
		},
		{
			"type": "bitmap",
			"file": "minecraft:font/avatar/jonah.png",
			"ascent": -2,
			"height": 41,
			"chars": ["\uEA14"]
		},
		{
			"type": "bitmap",
			"file": "minecraft:font/avatar/jack.png",
			"ascent": -2,
			"height": 41,
			"chars": ["\uEA15"]
		},
		{
			"type": "bitmap",
			"file": "minecraft:font/avatar/crowleg.png",
			"ascent": -2,
			"height": 41,
			"chars": ["\uEA16"]
		},
		{
			"type": "bitmap",
			"file": "minecraft:font/avatar/terry.png",
			"ascent": -2,
			"height": 41,
			"chars": ["\uEA17"]
		}		
    ]
}