{
	"__comment": "Designed by Pashjn with Cubik Studio - https://cubik.studio",
	"textures": {
		"particle": "items/arenaswordfire",
		"texture": "items/arenaswordfire",
		"voxels_atlas": "items/arenaswordfire"
	},
	"elements": [ 	 
		{
			"__comment": "Voxels",
			"from": [ 6, 4.5, 20 ],
			"to": [ 9, 5.5, 20.5 ],
			"faces": {
				"down": { "uv": [ 12.125, 11.375, 12.875, 11.5 ], "texture": "#voxels_atlas", "cullface": "south" },
				"up": { "uv": [ 13.625, 11.625, 14.375, 11.5 ], "texture": "#voxels_atlas", "cullface": "south" },
				"north": { "uv": [ 14.25, 14.125, 13.5, 14.375 ], "texture": "#voxels_atlas", "cullface": "south" },
				"south": { "uv": [ 14.25, 14.125, 15, 14.375 ], "texture": "#voxels_atlas", "cullface": "south" },
				"west": { "uv": [ 13.75, 8.875, 13.875, 9.125 ], "texture": "#voxels_atlas", "cullface": "south" },
				"east": { "uv": [ 13.875, 9.125, 13.75, 9.375 ], "texture": "#voxels_atlas", "cullface": "south" }
			}
		},
		{
			"__comment": "Voxels",
			"from": [ 6, 5, 19.5 ],
			"to": [ 9, 5.5, 20 ],
			"faces": {
				"down": { "uv": [ 0, 8, 0.75, 8.125 ], "texture": "#voxels_atlas", "cullface": "south" },
				"up": { "uv": [ 11.25, 15, 12, 14.875 ], "texture": "#voxels_atlas", "cullface": "south" },
				"north": { "uv": [ 12.75, 14.875, 12, 15 ], "texture": "#voxels_atlas", "cullface": "south" },
				"west": { "uv": [ 8.75, 8, 8.875, 8.125 ], "texture": "#voxels_atlas", "cullface": "south" },
				"east": { "uv": [ 16, 13.875, 15.875, 14 ], "texture": "#voxels_atlas", "cullface": "south" }
			}
		},
		{
			"__comment": "Voxels",
			"from": [ 6, 5, 20.5 ],
			"to": [ 9, 9, 21 ],
			"faces": {
				"down": { "uv": [ 13.5, 14, 14.25, 14.125 ], "texture": "#voxels_atlas", "cullface": "south" },
				"up": { "uv": [ 14.25, 14.125, 15, 14 ], "texture": "#voxels_atlas", "cullface": "south" },
				"north": { "uv": [ 6.75, 14.75, 6, 15.75 ], "texture": "#voxels_atlas", "cullface": "south" },
				"south": { "uv": [ 6, 13.75, 6.75, 14.75 ], "texture": "#voxels_atlas", "cullface": "south" },
				"west": { "uv": [ 10.75, 8.125, 10.875, 9.125 ], "texture": "#voxels_atlas", "cullface": "south" },
				"east": { "uv": [ 11.75, 11, 11.625, 12 ], "texture": "#voxels_atlas", "cullface": "south" }
			}
		},
		{
			"__comment": "Voxels",
			"from": [ 6, 5.5, 18.5 ],
			"to": [ 9, 6, 19.5 ],
			"faces": {
				"down": { "uv": [ 10.875, 12.875, 11.625, 13.125 ], "texture": "#voxels_atlas", "cullface": "south" },
				"up": { "uv": [ 11.625, 13.125, 12.375, 12.875 ], "texture": "#voxels_atlas", "cullface": "south" },
				"north": { "uv": [ 12.125, 13.125, 11.375, 13.25 ], "texture": "#voxels_atlas", "cullface": "south" },
				"south": { "uv": [ 12.125, 13.125, 12.875, 13.25 ], "texture": "#voxels_atlas", "cullface": "south" },
				"west": { "uv": [ 13.875, 9.875, 14.125, 10 ], "texture": "#voxels_atlas", "cullface": "south" },
				"east": { "uv": [ 15.875, 10, 15.625, 10.125 ], "texture": "#voxels_atlas", "cullface": "south" }
			}
		},
		{
			"__comment": "Voxels",
			"from": [ 6, 6, 6 ],
			"to": [ 9, 6.5, 18.5 ],
			"faces": {
				"down": { "uv": [ 0, 12.875, 0.75, 16 ], "texture": "#voxels_atlas", "cullface": "south" },
				"up": { "uv": [ 0, 12.875, 0.75, 9.75 ], "texture": "#voxels_atlas", "cullface": "south" },
				"north": { "uv": [ 15.375, 11.875, 14.625, 12 ], "texture": "#voxels_atlas", "cullface": "south" },
				"south": { "uv": [ 14.625, 11.75, 15.375, 11.875 ], "texture": "#voxels_atlas", "cullface": "south" },
				"west": { "uv": [ 11.25, 15.5, 14.375, 15.625 ], "texture": "#voxels_atlas", "cullface": "south" },
				"east": { "uv": [ 14.375, 15.625, 11.25, 15.75 ], "texture": "#voxels_atlas", "cullface": "south" }
			}
		},
		{
			"__comment": "Voxels",
			"from": [ 6, 6, 21 ],
			"to": [ 9, 8, 22.5 ],
			"faces": {
				"down": { "uv": [ 12.75, 14, 13.5, 14.375 ], "texture": "#voxels_atlas", "cullface": "south" },
				"up": { "uv": [ 0.75, 8.375, 1.5, 8 ], "texture": "#voxels_atlas", "cullface": "south" },
				"south": { "uv": [ 11.25, 15, 12, 15.5 ], "texture": "#voxels_atlas", "cullface": "south" },
				"west": { "uv": [ 2, 8.5, 2.375, 9 ], "texture": "#voxels_atlas", "cullface": "south" },
				"east": { "uv": [ 10.75, 8.125, 10.375, 8.625 ], "texture": "#voxels_atlas", "cullface": "south" }
			}
		},
		{
			"__comment": "Voxels",
			"from": [ 6, 6, 29 ],
			"to": [ 9, 8, 30.5 ],
			"faces": {
				"down": { "uv": [ 15.125, 14.875, 15.875, 15.25 ], "texture": "#voxels_atlas", "cullface": "south" },
				"up": { "uv": [ 14.375, 15.25, 15.125, 14.875 ], "texture": "#voxels_atlas", "cullface": "south" },
				"north": { "uv": [ 13.5, 15, 12.75, 15.5 ], "texture": "#voxels_atlas", "cullface": "south" },
				"south": { "uv": [ 12, 15, 12.75, 15.5 ], "texture": "#voxels_atlas", "cullface": "south" },
				"west": { "uv": [ 10.875, 10.875, 11.25, 11.375 ], "texture": "#voxels_atlas", "cullface": "south" },
				"east": { "uv": [ 11.25, 10.375, 10.875, 10.875 ], "texture": "#voxels_atlas", "cullface": "south" }
			}
		},
		{
			"__comment": "Voxels",
			"from": [ 6, 6.5, 22.5 ],
			"to": [ 9, 7.5, 23 ],
			"faces": {
				"down": { "uv": [ 12.125, 11.625, 12.875, 11.75 ], "texture": "#voxels_atlas", "cullface": "south" },
				"up": { "uv": [ 12.875, 11.75, 13.625, 11.625 ], "texture": "#voxels_atlas", "cullface": "south" },
				"south": { "uv": [ 13.125, 12.875, 13.875, 13.125 ], "texture": "#voxels_atlas", "cullface": "south" },
				"west": { "uv": [ 13.75, 9.375, 13.875, 9.625 ], "texture": "#voxels_atlas", "cullface": "south" },
				"east": { "uv": [ 13.875, 9.625, 13.75, 9.875 ], "texture": "#voxels_atlas", "cullface": "south" }
			}
		},
		{
			"__comment": "Voxels",
			"from": [ 6, 7.5, 6.5 ],
			"to": [ 9, 8, 18.5 ],
			"faces": {
				"down": { "uv": [ 0.75, 13, 1.5, 16 ], "texture": "#voxels_atlas", "cullface": "south" },
				"up": { "uv": [ 0.75, 13, 1.5, 10 ], "texture": "#voxels_atlas", "cullface": "south" },
				"north": { "uv": [ 14.375, 11.625, 13.625, 11.75 ], "texture": "#voxels_atlas", "cullface": "south" },
				"south": { "uv": [ 14.375, 11.625, 15.125, 11.75 ], "texture": "#voxels_atlas", "cullface": "south" },
				"west": { "uv": [ 9.625, 14.75, 12.625, 14.875 ], "texture": "#voxels_atlas", "cullface": "south" },
				"east": { "uv": [ 15.625, 14.75, 12.625, 14.875 ], "texture": "#voxels_atlas", "cullface": "south" }
			}
		},
		{
			"__comment": "Voxels",
			"from": [ 6, 8, 18.5 ],
			"to": [ 9, 8.5, 19 ],
			"faces": {
				"down": { "uv": [ 15.125, 11.625, 15.875, 11.75 ], "texture": "#voxels_atlas", "cullface": "south" },
				"up": { "uv": [ 12.125, 11.625, 12.875, 11.5 ], "texture": "#voxels_atlas", "cullface": "south" },
				"north": { "uv": [ 13.625, 11.5, 12.875, 11.625 ], "texture": "#voxels_atlas", "cullface": "south" },
				"south": { "uv": [ 12.375, 11.25, 13.125, 11.375 ], "texture": "#voxels_atlas", "cullface": "south" },
				"west": { "uv": [ 15.875, 9.875, 16, 10 ], "texture": "#voxels_atlas", "cullface": "south" },
				"east": { "uv": [ 16, 9.75, 15.875, 9.875 ], "texture": "#voxels_atlas", "cullface": "south" }
			}
		},
		{
			"__comment": "Voxels",
			"from": [ 6, 8.5, 19 ],
			"to": [ 9, 9, 19.5 ],
			"faces": {
				"down": { "uv": [ 15.125, 11.375, 15.875, 11.5 ], "texture": "#voxels_atlas", "cullface": "south" },
				"up": { "uv": [ 14.375, 11.5, 15.125, 11.375 ], "texture": "#voxels_atlas", "cullface": "south" },
				"north": { "uv": [ 14.375, 11.375, 13.625, 11.5 ], "texture": "#voxels_atlas", "cullface": "south" },
				"south": { "uv": [ 12.875, 11.375, 13.625, 11.5 ], "texture": "#voxels_atlas", "cullface": "south" },
				"west": { "uv": [ 10.625, 9.375, 10.75, 9.5 ], "texture": "#voxels_atlas", "cullface": "south" },
				"east": { "uv": [ 10.875, 8, 10.75, 8.125 ], "texture": "#voxels_atlas", "cullface": "south" }
			}
		},
		{
			"__comment": "Voxels",
			"from": [ 6, 9, 19.5 ],
			"to": [ 9, 9.5, 20.5 ],
			"faces": {
				"down": { "uv": [ 11.375, 13.25, 12.125, 13.5 ], "texture": "#voxels_atlas", "cullface": "south" },
				"up": { "uv": [ 12.125, 13.5, 12.875, 13.25 ], "texture": "#voxels_atlas", "cullface": "south" },
				"north": { "uv": [ 15.875, 11.5, 15.125, 11.625 ], "texture": "#voxels_atlas", "cullface": "south" },
				"south": { "uv": [ 14.375, 11.5, 15.125, 11.625 ], "texture": "#voxels_atlas", "cullface": "south" },
				"west": { "uv": [ 14.125, 10, 14.375, 10.125 ], "texture": "#voxels_atlas", "cullface": "south" },
				"east": { "uv": [ 14.125, 10, 13.875, 10.125 ], "texture": "#voxels_atlas", "cullface": "south" }
			}
		},
		{
			"__comment": "Voxels",
			"from": [ 6.5, 2.5, 20.5 ],
			"to": [ 8.5, 5, 22 ],
			"faces": {
				"down": { "uv": [ 12.875, 13.125, 13.375, 13.5 ], "texture": "#voxels_atlas", "cullface": "south" },
				"up": { "uv": [ 13.375, 13.5, 13.875, 13.125 ], "texture": "#voxels_atlas", "cullface": "south" },
				"north": { "uv": [ 12.75, 14, 12.25, 14.625 ], "texture": "#voxels_atlas", "cullface": "south" },
				"south": { "uv": [ 2.875, 8, 3.375, 8.625 ], "texture": "#voxels_atlas", "cullface": "south" },
				"west": { "uv": [ 10.375, 12.875, 10.75, 13.5 ], "texture": "#voxels_atlas", "cullface": "south" },
				"east": { "uv": [ 14.375, 14.875, 14, 15.5 ], "texture": "#voxels_atlas", "cullface": "south" }
			}
		},
		{
			"__comment": "Voxels",
			"from": [ 6.5, 3.5, 4.5 ],
			"to": [ 8.5, 4, 13.5 ],
			"faces": {
				"down": { "uv": [ 2.875, 8.625, 3.375, 10.875 ], "texture": "#voxels_atlas" },
				"up": { "uv": [ 2.875, 13.125, 3.375, 10.875 ], "texture": "#voxels_atlas" },
				"north": { "uv": [ 15.5, 10.875, 15, 11 ], "texture": "#voxels_atlas" },
				"south": { "uv": [ 15.5, 10.875, 16, 11 ], "texture": "#voxels_atlas" },
				"west": { "uv": [ 12.75, 14.5, 15, 14.625 ], "texture": "#voxels_atlas" },
				"east": { "uv": [ 15, 14.375, 12.75, 14.5 ], "texture": "#voxels_atlas" }
			}
		},
		{
			"__comment": "Voxels",
			"from": [ 6.5, 3.5, 19.5 ],
			"to": [ 8.5, 5, 20 ],
			"faces": {
				"down": { "uv": [ 13, 10.75, 13.5, 10.875 ], "texture": "#voxels_atlas", "cullface": "south" },
				"north": { "uv": [ 14.375, 13.125, 13.875, 13.5 ], "texture": "#voxels_atlas", "cullface": "south" },
				"south": { "uv": [ 14.375, 13.125, 14.875, 13.5 ], "texture": "#voxels_atlas", "cullface": "south" },
				"west": { "uv": [ 13.375, 9.25, 13.5, 9.625 ], "texture": "#voxels_atlas", "cullface": "south" },
				"east": { "uv": [ 13.5, 10, 13.375, 10.375 ], "texture": "#voxels_atlas", "cullface": "south" }
			}
		},
		{
			"__comment": "Voxels",
			"from": [ 6.5, 3.5, 20 ],
			"to": [ 8.5, 4.5, 20.5 ],
			"faces": {
				"down": { "uv": [ 14, 10.75, 14.5, 10.875 ], "texture": "#voxels_atlas", "cullface": "south" },
				"west": { "uv": [ 13.75, 9.875, 13.875, 10.125 ], "texture": "#voxels_atlas", "cullface": "south" },
				"east": { "uv": [ 13.5, 8, 13.375, 8.25 ], "texture": "#voxels_atlas", "cullface": "south" }
			}
		},
		{
			"__comment": "Voxels",
			"from": [ 6.5, 3.5, 22 ],
			"to": [ 8.5, 6, 22.5 ],
			"faces": {
				"down": { "uv": [ 15, 10.75, 15.5, 10.875 ], "texture": "#voxels_atlas", "cullface": "south" },
				"north": { "uv": [ 11.75, 14, 11.25, 14.625 ], "texture": "#voxels_atlas", "cullface": "south" },
				"south": { "uv": [ 11.75, 14, 12.25, 14.625 ], "texture": "#voxels_atlas", "cullface": "south" },
				"west": { "uv": [ 12.125, 8.25, 12.25, 8.875 ], "texture": "#voxels_atlas", "cullface": "south" },
				"east": { "uv": [ 12.5, 9.375, 12.375, 10 ], "texture": "#voxels_atlas", "cullface": "south" }
			}
		},
		{
			"__comment": "Voxels",
			"from": [ 6.5, 4, 5 ],
			"to": [ 8.5, 5, 13.5 ],
			"faces": {
				"up": { "uv": [ 2.375, 10.125, 2.875, 8 ], "texture": "#voxels_atlas" },
				"north": { "uv": [ 13.125, 11.75, 12.625, 12 ], "texture": "#voxels_atlas" },
				"south": { "uv": [ 13.625, 12, 14.125, 12.25 ], "texture": "#voxels_atlas" },
				"west": { "uv": [ 11.5, 15.75, 13.625, 16 ], "texture": "#voxels_atlas" },
				"east": { "uv": [ 15.75, 15.75, 13.625, 16 ], "texture": "#voxels_atlas" }
			}
		},
		{
			"__comment": "Voxels",
			"from": [ 6.5, 4, 19 ],
			"to": [ 8.5, 5.5, 19.5 ],
			"faces": {
				"down": { "uv": [ 13.375, 10.625, 13.875, 10.75 ], "texture": "#voxels_atlas", "cullface": "south" },
				"north": { "uv": [ 15.375, 13.125, 14.875, 13.5 ], "texture": "#voxels_atlas", "cullface": "south" },
				"south": { "uv": [ 15.375, 13.125, 15.875, 13.5 ], "texture": "#voxels_atlas", "cullface": "south" },
				"west": { "uv": [ 13, 8, 13.125, 8.375 ], "texture": "#voxels_atlas", "cullface": "south" },
				"east": { "uv": [ 13.125, 8.375, 13, 8.75 ], "texture": "#voxels_atlas", "cullface": "south" }
			}
		},
		{
			"__comment": "Voxels",
			"from": [ 6.5, 4.5, 13.5 ],
			"to": [ 8.5, 6, 14 ],
			"faces": {
				"down": { "uv": [ 14.375, 10.625, 14.875, 10.75 ], "texture": "#voxels_atlas" },
				"north": { "uv": [ 11.375, 12.5, 10.875, 12.875 ], "texture": "#voxels_atlas" },
				"south": { "uv": [ 10.875, 12.125, 11.375, 12.5 ], "texture": "#voxels_atlas" },
				"west": { "uv": [ 15.875, 13.125, 16, 13.5 ], "texture": "#voxels_atlas" },
				"east": { "uv": [ 13.5, 8.5, 13.375, 8.875 ], "texture": "#voxels_atlas" }
			}
		},
		{
			"__comment": "Voxels",
			"from": [ 6.5, 4.5, 18.5 ],
			"to": [ 8.5, 5.5, 19 ],
			"faces": {
				"down": { "uv": [ 15.375, 10.625, 15.875, 10.75 ], "texture": "#voxels_atlas", "cullface": "south" },
				"north": { "uv": [ 13.625, 12, 13.125, 12.25 ], "texture": "#voxels_atlas", "cullface": "south" },
				"west": { "uv": [ 13.375, 8.25, 13.5, 8.5 ], "texture": "#voxels_atlas", "cullface": "south" },
				"east": { "uv": [ 12.5, 8, 12.375, 8.25 ], "texture": "#voxels_atlas", "cullface": "south" }
			}
		},
		{
			"__comment": "Voxels",
			"from": [ 6.5, 5, 5.5 ],
			"to": [ 8.5, 5.5, 13.5 ],
			"faces": {
				"up": { "uv": [ 4, 14, 4.5, 12 ], "texture": "#voxels_atlas" },
				"north": { "uv": [ 14.375, 10.5, 13.875, 10.625 ], "texture": "#voxels_atlas" },
				"west": { "uv": [ 10.5, 13.75, 12.5, 13.875 ], "texture": "#voxels_atlas" },
				"east": { "uv": [ 12.5, 13.875, 10.5, 14 ], "texture": "#voxels_atlas" }
			}
		},
		{
			"__comment": "Voxels",
			"from": [ 6.5, 5, 14 ],
			"to": [ 8.5, 6, 14.5 ],
			"faces": {
				"down": { "uv": [ 14.875, 10.5, 15.375, 10.625 ], "texture": "#voxels_atlas" },
				"south": { "uv": [ 13.625, 11.75, 14.125, 12 ], "texture": "#voxels_atlas" },
				"west": { "uv": [ 15.875, 12.25, 16, 12.5 ], "texture": "#voxels_atlas" },
				"east": { "uv": [ 11.875, 8.5, 11.75, 8.75 ], "texture": "#voxels_atlas" }
			}
		},
		{
			"__comment": "Voxels",
			"from": [ 6.5, 5, 18 ],
			"to": [ 8.5, 6, 18.5 ],
			"faces": {
				"down": { "uv": [ 13.375, 10.375, 13.875, 10.5 ], "texture": "#voxels_atlas", "cullface": "south" },
				"north": { "uv": [ 15.375, 12.25, 14.875, 12.5 ], "texture": "#voxels_atlas", "cullface": "south" },
				"south": { "uv": [ 13.125, 12.5, 13.625, 12.75 ], "texture": "#voxels_atlas", "cullface": "south" },
				"west": { "uv": [ 15.875, 12.875, 16, 13.125 ], "texture": "#voxels_atlas", "cullface": "south" },
				"east": { "uv": [ 10.375, 8.75, 10.25, 9 ], "texture": "#voxels_atlas", "cullface": "south" }
			}
		},
		{
			"__comment": "Voxels",
			"from": [ 6.5, 5, 21 ],
			"to": [ 8.5, 6, 22 ],
			"faces": {
				"west": { "uv": [ 13.125, 9, 13.375, 9.25 ], "texture": "#voxels_atlas", "cullface": "south" },
				"east": { "uv": [ 13.375, 8.75, 13.125, 9 ], "texture": "#voxels_atlas", "cullface": "south" }
			}
		},
		{
			"__comment": "Voxels",
			"from": [ 6.5, 5.5, 6 ],
			"to": [ 8.5, 6, 13.5 ],
			"faces": {
				"north": { "uv": [ 8.75, 8, 8.25, 8.125 ], "texture": "#voxels_atlas" },
				"west": { "uv": [ 14, 13.75, 15.875, 13.875 ], "texture": "#voxels_atlas" },
				"east": { "uv": [ 15.875, 13.875, 14, 14 ], "texture": "#voxels_atlas" }
			}
		},
		{
			"__comment": "Voxels",
			"from": [ 6.5, 5.5, 14.5 ],
			"to": [ 8.5, 6, 18 ],
			"faces": {
				"down": { "uv": [ 9.25, 14.875, 9.75, 15.75 ], "texture": "#voxels_atlas", "cullface": "south" },
				"west": { "uv": [ 14.125, 12, 15, 12.125 ], "texture": "#voxels_atlas", "cullface": "south" },
				"east": { "uv": [ 16, 12.75, 15.125, 12.875 ], "texture": "#voxels_atlas", "cullface": "south" }
			}
		},
		{
			"__comment": "Voxels",
			"from": [ 6.5, 5.5, 19.5 ],
			"to": [ 8.5, 9, 20.5 ],
			"faces": {
				"down": { "uv": [ 15.125, 12, 15.625, 12.25 ], "texture": "#voxels_atlas", "cullface": "south" },
				"north": { "uv": [ 11.25, 14.875, 10.75, 15.75 ], "texture": "#voxels_atlas", "cullface": "south" },
				"west": { "uv": [ 10.375, 9.375, 10.625, 10.25 ], "texture": "#voxels_atlas", "cullface": "south" },
				"east": { "uv": [ 10.625, 10.25, 10.375, 11.125 ], "texture": "#voxels_atlas", "cullface": "south" }
			}
		},
		{
			"__comment": "Voxels",
			"from": [ 6.5, 5.5, 29 ],
			"to": [ 8.5, 6, 30.5 ],
			"faces": {
				"down": { "uv": [ 10.875, 10, 11.375, 10.375 ], "texture": "#voxels_atlas", "cullface": "south" },
				"north": { "uv": [ 15.875, 11.75, 15.375, 11.875 ], "texture": "#voxels_atlas", "cullface": "south" },
				"south": { "uv": [ 13.125, 11.25, 13.625, 11.375 ], "texture": "#voxels_atlas", "cullface": "south" },
				"west": { "uv": [ 13.875, 10.25, 14.25, 10.375 ], "texture": "#voxels_atlas", "cullface": "south" },
				"east": { "uv": [ 15.5, 10.375, 15.125, 10.5 ], "texture": "#voxels_atlas", "cullface": "south" }
			}
		},
		{
			"__comment": "Voxels",
			"from": [ 6.5, 6, 18.5 ],
			"to": [ 8.5, 8, 19.5 ],
			"faces": {
				"up": { "uv": [ 15.375, 13.125, 15.875, 12.875 ], "texture": "#voxels_atlas", "cullface": "south" },
				"north": { "uv": [ 14, 13.5, 13.5, 14 ], "texture": "#voxels_atlas", "cullface": "south" },
				"west": { "uv": [ 11.375, 8.125, 11.625, 8.625 ], "texture": "#voxels_atlas", "cullface": "south" },
				"east": { "uv": [ 11.875, 12, 11.625, 12.5 ], "texture": "#voxels_atlas", "cullface": "south" }
			}
		},
		{
			"__comment": "Voxels",
			"from": [ 6.5, 6, 28.5 ],
			"to": [ 8.5, 8, 29 ],
			"faces": {
				"down": { "uv": [ 13.625, 11.25, 14.125, 11.375 ], "texture": "#voxels_atlas", "cullface": "south" },
				"up": { "uv": [ 14.125, 11.375, 14.625, 11.25 ], "texture": "#voxels_atlas", "cullface": "south" },
				"north": { "uv": [ 10.5, 13.5, 10, 14 ], "texture": "#voxels_atlas", "cullface": "south" },
				"west": { "uv": [ 2.25, 8, 2.375, 8.5 ], "texture": "#voxels_atlas", "cullface": "south" },
				"east": { "uv": [ 11.375, 10.875, 11.25, 11.375 ], "texture": "#voxels_atlas", "cullface": "south" }
			}
		},
		{
			"__comment": "Voxels",
			"from": [ 6.5, 6, 30.5 ],
			"to": [ 8.5, 8, 31 ],
			"faces": {
				"down": { "uv": [ 14.625, 11.25, 15.125, 11.375 ], "texture": "#voxels_atlas", "cullface": "south" },
				"up": { "uv": [ 15.125, 11.375, 15.625, 11.25 ], "texture": "#voxels_atlas", "cullface": "south" },
				"south": { "uv": [ 15.5, 14.125, 16, 14.625 ], "texture": "#voxels_atlas", "cullface": "south" },
				"west": { "uv": [ 11.25, 10.375, 11.375, 10.875 ], "texture": "#voxels_atlas", "cullface": "south" },
				"east": { "uv": [ 12.5, 8.25, 12.375, 8.75 ], "texture": "#voxels_atlas", "cullface": "south" }
			}
		},
		{
			"__comment": "Voxels",
			"from": [ 6.5, 6.5, 6.5 ],
			"to": [ 8.5, 7.5, 18.5 ],
			"faces": {
				"north": { "uv": [ 12.375, 12.25, 11.875, 12.5 ], "texture": "#voxels_atlas", "cullface": "south" },
				"west": { "uv": [ 5.5, 15.75, 8.5, 16 ], "texture": "#voxels_atlas", "cullface": "south" },
				"east": { "uv": [ 11.5, 15.75, 8.5, 16 ], "texture": "#voxels_atlas", "cullface": "south" }
			}
		},
		{
			"__comment": "Voxels",
			"from": [ 6.5, 6.5, 23 ],
			"to": [ 8.5, 7.5, 28.5 ],
			"faces": {
				"down": { "uv": [ 5.5, 12.875, 6, 14.25 ], "texture": "#voxels_atlas", "cullface": "south" },
				"up": { "uv": [ 5.5, 12.875, 6, 11.5 ], "texture": "#voxels_atlas", "cullface": "south" },
				"west": { "uv": [ 14.375, 15.25, 15.75, 15.5 ], "texture": "#voxels_atlas", "cullface": "south" },
				"east": { "uv": [ 15.75, 15.5, 14.375, 15.75 ], "texture": "#voxels_atlas", "cullface": "south" }
			}
		},
		{
			"__comment": "Voxels",
			"from": [ 6.5, 8, 7 ],
			"to": [ 8.5, 8.5, 18.5 ],
			"faces": {
				"up": { "uv": [ 2.875, 16, 3.375, 13.125 ], "texture": "#voxels_atlas", "cullface": "south" },
				"north": { "uv": [ 13, 11.125, 12.5, 11.25 ], "texture": "#voxels_atlas", "cullface": "south" },
				"west": { "uv": [ 12.5, 14.625, 15.375, 14.75 ], "texture": "#voxels_atlas", "cullface": "south" },
				"east": { "uv": [ 12.5, 14.625, 9.625, 14.75 ], "texture": "#voxels_atlas", "cullface": "south" }
			}
		},
		{
			"__comment": "Voxels",
			"from": [ 6.5, 8, 19 ],
			"to": [ 8.5, 8.5, 19.5 ],
			"faces": {
				"west": { "uv": [ 14.125, 8.75, 14.25, 8.875 ], "texture": "#voxels_atlas", "cullface": "south" },
				"east": { "uv": [ 16, 11.5, 15.875, 11.625 ], "texture": "#voxels_atlas", "cullface": "south" }
			}
		},
		{
			"__comment": "Voxels",
			"from": [ 6.5, 8, 21 ],
			"to": [ 8.5, 12, 21.5 ],
			"faces": {
				"up": { "uv": [ 12.5, 11.125, 13, 11 ], "texture": "#voxels_atlas", "cullface": "south" },
				"north": { "uv": [ 5, 8, 4.5, 9 ], "texture": "#voxels_atlas", "cullface": "south" },
				"south": { "uv": [ 8.25, 14.75, 8.75, 15.75 ], "texture": "#voxels_atlas", "cullface": "south" },
				"west": { "uv": [ 11.75, 11, 11.875, 12 ], "texture": "#voxels_atlas", "cullface": "south" },
				"east": { "uv": [ 11.75, 8.5, 11.625, 9.5 ], "texture": "#voxels_atlas", "cullface": "south" }
			}
		},
		{
			"__comment": "Voxels",
			"from": [ 6.5, 8, 21.5 ],
			"to": [ 8.5, 11.5, 22 ],
			"faces": {
				"up": { "uv": [ 13.5, 11.125, 14, 11 ], "texture": "#voxels_atlas", "cullface": "south" },
				"south": { "uv": [ 9.75, 14.875, 10.25, 15.75 ], "texture": "#voxels_atlas", "cullface": "south" },
				"west": { "uv": [ 10.625, 12, 10.75, 12.875 ], "texture": "#voxels_atlas", "cullface": "south" },
				"east": { "uv": [ 10.75, 11.125, 10.625, 12 ], "texture": "#voxels_atlas", "cullface": "south" }
			}
		},
		{
			"__comment": "Voxels",
			"from": [ 6.5, 8, 22 ],
			"to": [ 8.5, 11, 22.5 ],
			"faces": {
				"up": { "uv": [ 14, 11.125, 14.5, 11 ], "texture": "#voxels_atlas", "cullface": "south" },
				"south": { "uv": [ 5.5, 8, 6, 8.75 ], "texture": "#voxels_atlas", "cullface": "south" },
				"west": { "uv": [ 10.625, 10.375, 10.75, 11.125 ], "texture": "#voxels_atlas", "cullface": "south" },
				"east": { "uv": [ 10.75, 8.625, 10.625, 9.375 ], "texture": "#voxels_atlas", "cullface": "south" }
			}
		},
		{
			"__comment": "Voxels",
			"from": [ 6.5, 8, 29 ],
			"to": [ 8.5, 8.5, 30.5 ],
			"faces": {
				"up": { "uv": [ 10.875, 13.5, 11.375, 13.125 ], "texture": "#voxels_atlas", "cullface": "south" },
				"north": { "uv": [ 15, 10.875, 14.5, 11 ], "texture": "#voxels_atlas", "cullface": "south" },
				"south": { "uv": [ 13, 10.875, 13.5, 11 ], "texture": "#voxels_atlas", "cullface": "south" },
				"west": { "uv": [ 15.625, 11.25, 16, 11.375 ], "texture": "#voxels_atlas", "cullface": "south" },
				"east": { "uv": [ 15.875, 10.375, 15.5, 10.5 ], "texture": "#voxels_atlas", "cullface": "south" }
			}
		},
		{
			"__comment": "Voxels",
			"from": [ 6.5, 8.5, 7.5 ],
			"to": [ 8.5, 9, 14.5 ],
			"faces": {
				"up": { "uv": [ 4.5, 16, 5, 14.25 ], "texture": "#voxels_atlas" },
				"north": { "uv": [ 13, 8, 12.5, 8.125 ], "texture": "#voxels_atlas" },
				"south": { "uv": [ 12.5, 8.125, 13, 8.25 ], "texture": "#voxels_atlas" },
				"west": { "uv": [ 14, 13.5, 15.75, 13.625 ], "texture": "#voxels_atlas" },
				"east": { "uv": [ 15.75, 13.625, 14, 13.75 ], "texture": "#voxels_atlas" }
			}
		},
		{
			"__comment": "Voxels",
			"from": [ 6.5, 8.5, 16.5 ],
			"to": [ 8.5, 9, 19 ],
			"faces": {
				"down": { "uv": [ 13.5, 14.875, 14, 15.5 ], "texture": "#voxels_atlas", "cullface": "south" },
				"up": { "uv": [ 9.75, 14.625, 10.25, 14 ], "texture": "#voxels_atlas", "cullface": "south" },
				"north": { "uv": [ 13, 8.5, 12.5, 8.625 ], "texture": "#voxels_atlas", "cullface": "south" },
				"west": { "uv": [ 3.375, 8, 4, 8.125 ], "texture": "#voxels_atlas", "cullface": "south" },
				"east": { "uv": [ 16, 14.625, 15.375, 14.75 ], "texture": "#voxels_atlas", "cullface": "south" }
			}
		},
		{
			"__comment": "Voxels",
			"from": [ 6.5, 9, 8 ],
			"to": [ 8.5, 9.5, 14 ],
			"faces": {
				"up": { "uv": [ 5.5, 15.75, 6, 14.25 ], "texture": "#voxels_atlas" },
				"north": { "uv": [ 13, 9.25, 12.5, 9.375 ], "texture": "#voxels_atlas" },
				"south": { "uv": [ 12.5, 9.375, 13, 9.5 ], "texture": "#voxels_atlas" },
				"west": { "uv": [ 13.875, 13, 15.375, 13.125 ], "texture": "#voxels_atlas" },
				"east": { "uv": [ 15.375, 12.875, 13.875, 13 ], "texture": "#voxels_atlas" }
			}
		},
		{
			"__comment": "Voxels",
			"from": [ 6.5, 9, 18 ],
			"to": [ 8.5, 9.5, 19.5 ],
			"faces": {
				"down": { "uv": [ 10.875, 9.25, 11.375, 9.625 ], "texture": "#voxels_atlas", "cullface": "south" },
				"up": { "uv": [ 10.875, 9.25, 11.375, 8.875 ], "texture": "#voxels_atlas", "cullface": "south" },
				"north": { "uv": [ 13, 9.5, 12.5, 9.625 ], "texture": "#voxels_atlas", "cullface": "south" },
				"west": { "uv": [ 14.25, 10.25, 14.625, 10.375 ], "texture": "#voxels_atlas", "cullface": "south" },
				"east": { "uv": [ 14.75, 10.375, 14.375, 10.5 ], "texture": "#voxels_atlas", "cullface": "south" }
			}
		},
		{
			"__comment": "Voxels",
			"from": [ 6.5, 9, 20.5 ],
			"to": [ 8.5, 11.5, 21 ],
			"faces": {
				"up": { "uv": [ 12.5, 10.25, 13, 10.125 ], "texture": "#voxels_atlas", "cullface": "south" },
				"north": { "uv": [ 10.75, 14, 10.25, 14.625 ], "texture": "#voxels_atlas", "cullface": "south" },
				"west": { "uv": [ 12.25, 8.25, 12.375, 8.875 ], "texture": "#voxels_atlas", "cullface": "south" },
				"east": { "uv": [ 12.5, 10, 12.375, 10.625 ], "texture": "#voxels_atlas", "cullface": "south" }
			}
		},
		{
			"__comment": "Voxels",
			"from": [ 6.5, 9.5, 8.5 ],
			"to": [ 8.5, 10, 13.5 ],
			"faces": {
				"up": { "uv": [ 6, 11.25, 6.5, 10 ], "texture": "#voxels_atlas" },
				"north": { "uv": [ 13, 10.625, 12.5, 10.75 ], "texture": "#voxels_atlas" },
				"south": { "uv": [ 12.5, 10.75, 13, 10.875 ], "texture": "#voxels_atlas" },
				"west": { "uv": [ 12.875, 12.75, 14.125, 12.875 ], "texture": "#voxels_atlas" },
				"east": { "uv": [ 12.875, 12.75, 11.625, 12.875 ], "texture": "#voxels_atlas" }
			}
		},
		{
			"__comment": "Voxels",
			"from": [ 6.5, 9.5, 19 ],
			"to": [ 8.5, 10.5, 20.5 ],
			"faces": {
				"down": { "uv": [ 10.875, 11.375, 11.375, 11.75 ], "texture": "#voxels_atlas", "cullface": "south" },
				"up": { "uv": [ 10.875, 12.125, 11.375, 11.75 ], "texture": "#voxels_atlas", "cullface": "south" },
				"north": { "uv": [ 14.875, 12.25, 14.375, 12.5 ], "texture": "#voxels_atlas", "cullface": "south" },
				"west": { "uv": [ 15.625, 12, 16, 12.25 ], "texture": "#voxels_atlas", "cullface": "south" },
				"east": { "uv": [ 16, 12.5, 15.625, 12.75 ], "texture": "#voxels_atlas", "cullface": "south" }
			}
		},
		{
			"__comment": "Voxels",
			"from": [ 6.5, 10, 9 ],
			"to": [ 8.5, 10.5, 13 ],
			"faces": {
				"up": { "uv": [ 8.25, 14.75, 8.75, 13.75 ], "texture": "#voxels_atlas" },
				"north": { "uv": [ 13, 10.875, 12.5, 11 ], "texture": "#voxels_atlas" },
				"south": { "uv": [ 15.5, 11, 16, 11.125 ], "texture": "#voxels_atlas" },
				"west": { "uv": [ 14.125, 12.625, 15.125, 12.75 ], "texture": "#voxels_atlas" },
				"east": { "uv": [ 15.125, 12.75, 14.125, 12.875 ], "texture": "#voxels_atlas" }
			}
		},
		{
			"__comment": "Voxels",
			"from": [ 6.5, 10.5, 19.5 ],
			"to": [ 8.5, 11, 20.5 ],
			"faces": {
				"up": { "uv": [ 12.625, 12.75, 13.125, 12.5 ], "texture": "#voxels_atlas", "cullface": "south" },
				"north": { "uv": [ 15.5, 11, 15, 11.125 ], "texture": "#voxels_atlas", "cullface": "south" },
				"west": { "uv": [ 13.875, 8.625, 14.125, 8.75 ], "texture": "#voxels_atlas", "cullface": "south" },
				"east": { "uv": [ 14.125, 8.5, 13.875, 8.625 ], "texture": "#voxels_atlas", "cullface": "south" }
			}
		},
		{
			"__comment": "Voxels",
			"from": [ 7, -1.5, -9 ],
			"to": [ 8, 5, -6 ],
			"faces": {
				"down": { "uv": [ 10.375, 8.625, 10.625, 9.375 ], "texture": "#voxels_atlas", "cullface": "north" },
				"up": { "uv": [ 10.125, 8.75, 10.375, 8 ], "texture": "#voxels_atlas", "cullface": "north" },
				"north": { "uv": [ 9.375, 13.25, 9.125, 14.875 ], "texture": "#voxels_atlas", "cullface": "north" },
				"south": { "uv": [ 8.875, 8.375, 9.125, 10 ], "texture": "#voxels_atlas", "cullface": "north" },
				"west": { "uv": [ 0.75, 8.375, 1.5, 10 ], "texture": "#voxels_atlas", "cullface": "north" },
				"east": { "uv": [ 0.75, 8.125, 0, 9.75 ], "texture": "#voxels_atlas", "cullface": "north" }
			}
		},
		{
			"__comment": "Voxels",
			"from": [ 7, -1.5, -6 ],
			"to": [ 8, 1, -5.5 ],
			"faces": {
				"down": { "uv": [ 13.5, 9.875, 13.75, 10 ], "texture": "#voxels_atlas", "cullface": "north" },
				"up": { "uv": [ 13.5, 9.875, 13.75, 9.75 ], "texture": "#voxels_atlas", "cullface": "north" },
				"south": { "uv": [ 11.375, 11, 11.625, 11.625 ], "texture": "#voxels_atlas", "cullface": "north" },
				"west": { "uv": [ 12.25, 8.875, 12.375, 9.5 ], "texture": "#voxels_atlas", "cullface": "north" },
				"east": { "uv": [ 12.5, 8.75, 12.375, 9.375 ], "texture": "#voxels_atlas", "cullface": "north" }
			}
		},
		{
			"__comment": "Voxels",
			"from": [ 7, -1, -9.5 ],
			"to": [ 8, 5.5, -9 ],
			"faces": {
				"down": { "uv": [ 8, 8, 8.25, 8.125 ], "texture": "#voxels_atlas", "cullface": "north" },
				"up": { "uv": [ 14.75, 9.625, 15, 9.5 ], "texture": "#voxels_atlas", "cullface": "north" },
				"north": { "uv": [ 9.125, 13.25, 8.875, 14.875 ], "texture": "#voxels_atlas", "cullface": "north" },
				"south": { "uv": [ 8.875, 10, 9.125, 11.625 ], "texture": "#voxels_atlas", "cullface": "north" },
				"west": { "uv": [ 10.25, 9, 10.375, 10.625 ], "texture": "#voxels_atlas", "cullface": "north" },
				"east": { "uv": [ 10.875, 11.875, 10.75, 13.5 ], "texture": "#voxels_atlas", "cullface": "north" }
			}
		},
		{
			"__comment": "Voxels",
			"from": [ 7, -1, -5.5 ],
			"to": [ 8, 0, -5 ],
			"faces": {
				"down": { "uv": [ 14.5, 9.5, 14.75, 9.625 ], "texture": "#voxels_atlas" },
				"up": { "uv": [ 14.25, 9.625, 14.5, 9.5 ], "texture": "#voxels_atlas" },
				"south": { "uv": [ 6.5, 8.75, 6.75, 9 ], "texture": "#voxels_atlas" },
				"west": { "uv": [ 13.75, 8.125, 13.875, 8.375 ], "texture": "#voxels_atlas" },
				"east": { "uv": [ 13.875, 8.375, 13.75, 8.625 ], "texture": "#voxels_atlas" }
			}
		},
		{
			"__comment": "Voxels",
			"from": [ 7, -0.5, -10.5 ],
			"to": [ 8, 5.5, -9.5 ],
			"faces": {
				"down": { "uv": [ 15.75, 15.5, 16, 15.75 ], "texture": "#voxels_atlas", "cullface": "north" },
				"up": { "uv": [ 15.75, 15.5, 16, 15.25 ], "texture": "#voxels_atlas", "cullface": "north" },
				"north": { "uv": [ 9.375, 8.75, 9.125, 10.25 ], "texture": "#voxels_atlas", "cullface": "north" },
				"west": { "uv": [ 9.375, 13.375, 9.625, 14.875 ], "texture": "#voxels_atlas", "cullface": "north" },
				"east": { "uv": [ 8, 8, 7.75, 9.5 ], "texture": "#voxels_atlas", "cullface": "north" }
			}
		},
		{
			"__comment": "Voxels",
			"from": [ 7, 0, -11 ],
			"to": [ 8, 1.5, -10.5 ],
			"faces": {
				"down": { "uv": [ 13.875, 9.5, 14.125, 9.625 ], "texture": "#voxels_atlas", "cullface": "north" },
				"up": { "uv": [ 13.875, 9.75, 14.125, 9.625 ], "texture": "#voxels_atlas", "cullface": "north" },
				"north": { "uv": [ 12.125, 9.25, 11.875, 9.625 ], "texture": "#voxels_atlas", "cullface": "north" },
				"west": { "uv": [ 13.25, 8, 13.375, 8.375 ], "texture": "#voxels_atlas", "cullface": "north" },
				"east": { "uv": [ 10.125, 8, 10, 8.375 ], "texture": "#voxels_atlas", "cullface": "north" }
			}
		},
		{
			"__comment": "Voxels",
			"from": [ 7, 2, -1.5 ],
			"to": [ 8, 11, 2 ],
			"faces": {
				"down": { "uv": [ 10.375, 11.125, 10.625, 12 ], "texture": "#voxels_atlas", "cullface": "north" },
				"up": { "uv": [ 10.375, 12.875, 10.625, 12 ], "texture": "#voxels_atlas", "cullface": "north" },
				"north": { "uv": [ 7, 13.5, 6.75, 15.75 ], "texture": "#voxels_atlas", "cullface": "north" },
				"south": { "uv": [ 6.75, 9, 7, 11.25 ], "texture": "#voxels_atlas", "cullface": "north" },
				"west": { "uv": [ 1.5, 11.5, 2.375, 13.75 ], "texture": "#voxels_atlas", "cullface": "north" },
				"east": { "uv": [ 2.375, 13.75, 1.5, 16 ], "texture": "#voxels_atlas", "cullface": "north" }
			}
		},
		{
			"__comment": "Voxels",
			"from": [ 7, 2.5, -6 ],
			"to": [ 8, 16.5, -5 ],
			"faces": {
				"down": { "uv": [ 15.75, 13.5, 16, 13.75 ], "texture": "#voxels_atlas", "cullface": "north" },
				"up": { "uv": [ 12.125, 8.25, 12.375, 8 ], "texture": "#voxels_atlas", "cullface": "north" },
				"north": { "uv": [ 5.25, 9, 5, 12.5 ], "texture": "#voxels_atlas", "cullface": "north" },
				"south": { "uv": [ 5, 12.5, 5.25, 16 ], "texture": "#voxels_atlas", "cullface": "north" },
				"west": { "uv": [ 4.75, 9, 5, 12.5 ], "texture": "#voxels_atlas", "cullface": "north" },
				"east": { "uv": [ 4.75, 9, 4.5, 12.5 ], "texture": "#voxels_atlas", "cullface": "north" }
			}
		},
		{
			"__comment": "Voxels",
			"from": [ 7, 2.5, -2.5 ],
			"to": [ 8, 11.5, -2 ],
			"faces": {
				"down": { "uv": [ 14.625, 9.875, 14.875, 10 ], "texture": "#voxels_atlas", "cullface": "north" },
				"up": { "uv": [ 14.875, 10.125, 15.125, 10 ], "texture": "#voxels_atlas", "cullface": "north" },
				"north": { "uv": [ 7.25, 9, 7, 11.25 ], "texture": "#voxels_atlas", "cullface": "north" },
				"south": { "uv": [ 7, 13.5, 7.25, 15.75 ], "texture": "#voxels_atlas", "cullface": "north" },
				"west": { "uv": [ 9.875, 11.75, 10, 14 ], "texture": "#voxels_atlas", "cullface": "north" },
				"east": { "uv": [ 9.875, 11.75, 9.75, 14 ], "texture": "#voxels_atlas", "cullface": "north" }
			}
		},
		{
			"__comment": "Voxels",
			"from": [ 7, 2.5, -2 ],
			"to": [ 8, 11, -1.5 ],
			"faces": {
				"down": { "uv": [ 13.5, 8.625, 13.75, 8.75 ], "texture": "#voxels_atlas", "cullface": "north" },
				"up": { "uv": [ 15.375, 10, 15.625, 9.875 ], "texture": "#voxels_atlas", "cullface": "north" },
				"west": { "uv": [ 3.875, 9.625, 4, 11.75 ], "texture": "#voxels_atlas", "cullface": "north" },
				"east": { "uv": [ 10, 9.625, 9.875, 11.75 ], "texture": "#voxels_atlas", "cullface": "north" }
			}
		},
		{
			"__comment": "Voxels",
			"from": [ 7, 2.5, 2 ],
			"to": [ 8, 11, 4.5 ],
			"faces": {
				"down": { "uv": [ 11.375, 9.75, 11.625, 10.375 ], "texture": "#voxels_atlas" },
				"up": { "uv": [ 11.375, 9.75, 11.625, 9.125 ], "texture": "#voxels_atlas" },
				"south": { "uv": [ 7.75, 11.5, 8, 13.625 ], "texture": "#voxels_atlas" },
				"west": { "uv": [ 3.375, 13.875, 4, 16 ], "texture": "#voxels_atlas" },
				"east": { "uv": [ 4, 11.75, 3.375, 13.875 ], "texture": "#voxels_atlas" }
			}
		},
		{
			"__comment": "Voxels",
			"from": [ 7, 2.5, 4.5 ],
			"to": [ 8, 3.5, 5 ],
			"faces": {
				"down": { "uv": [ 15.125, 9.875, 15.375, 10 ], "texture": "#voxels_atlas" },
				"south": { "uv": [ 12.75, 10.25, 13, 10.5 ], "texture": "#voxels_atlas" },
				"west": { "uv": [ 13.75, 8.625, 13.875, 8.875 ], "texture": "#voxels_atlas" },
				"east": { "uv": [ 14.25, 9, 14.125, 9.25 ], "texture": "#voxels_atlas" }
			}
		},
		{
			"__comment": "Voxels",
			"from": [ 7, 3, -5 ],
			"to": [ 8, 16.5, -4.5 ],
			"faces": {
				"down": { "uv": [ 15.25, 10.125, 15.5, 10.25 ], "texture": "#voxels_atlas", "cullface": "north" },
				"up": { "uv": [ 14.875, 10, 15.125, 9.875 ], "texture": "#voxels_atlas", "cullface": "north" },
				"south": { "uv": [ 5.25, 12.625, 5.5, 16 ], "texture": "#voxels_atlas", "cullface": "north" },
				"west": { "uv": [ 8.75, 11.5, 8.875, 14.875 ], "texture": "#voxels_atlas", "cullface": "north" },
				"east": { "uv": [ 8.875, 8.125, 8.75, 11.5 ], "texture": "#voxels_atlas", "cullface": "north" }
			}
		},
		{
			"__comment": "Voxels",
			"from": [ 7, 3, -4.5 ],
			"to": [ 8, 13, -4 ],
			"faces": {
				"down": { "uv": [ 15.375, 10.25, 15.625, 10.375 ], "texture": "#voxels_atlas", "cullface": "north" },
				"up": { "uv": [ 15.625, 10.375, 15.875, 10.25 ], "texture": "#voxels_atlas", "cullface": "north" },
				"south": { "uv": [ 6.5, 11.25, 6.75, 13.75 ], "texture": "#voxels_atlas", "cullface": "north" },
				"west": { "uv": [ 2.25, 9, 2.375, 11.5 ], "texture": "#voxels_atlas", "cullface": "north" },
				"east": { "uv": [ 9.5, 9.375, 9.375, 11.875 ], "texture": "#voxels_atlas", "cullface": "north" }
			}
		},
		{
			"__comment": "Voxels",
			"from": [ 7, 3, -4 ],
			"to": [ 8, 12, -3.5 ],
			"faces": {
				"down": { "uv": [ 13.5, 8.5, 13.75, 8.625 ], "texture": "#voxels_atlas", "cullface": "north" },
				"up": { "uv": [ 13.5, 8.5, 13.75, 8.375 ], "texture": "#voxels_atlas", "cullface": "north" },
				"south": { "uv": [ 6.75, 11.25, 7, 13.5 ], "texture": "#voxels_atlas", "cullface": "north" },
				"west": { "uv": [ 9.75, 9.5, 9.875, 11.75 ], "texture": "#voxels_atlas", "cullface": "north" },
				"east": { "uv": [ 9.75, 9.875, 9.625, 12.125 ], "texture": "#voxels_atlas", "cullface": "north" }
			}
		},
		{
			"__comment": "Voxels",
			"from": [ 7, 3, -3.5 ],
			"to": [ 8, 11.5, -2.5 ],
			"faces": {
				"down": { "uv": [ 12.5, 9.625, 12.75, 9.875 ], "texture": "#voxels_atlas", "cullface": "north" },
				"up": { "uv": [ 12.75, 9.875, 13, 9.625 ], "texture": "#voxels_atlas", "cullface": "north" },
				"west": { "uv": [ 7.25, 9.375, 7.5, 11.5 ], "texture": "#voxels_atlas", "cullface": "north" },
				"east": { "uv": [ 7.75, 13.625, 7.5, 15.75 ], "texture": "#voxels_atlas", "cullface": "north" }
			}
		},
		{
			"__comment": "Voxels",
			"from": [ 7, 3, 5 ],
			"to": [ 8, 3.5, 13 ],
			"faces": {
				"down": { "uv": [ 8, 13.75, 8.25, 15.75 ], "texture": "#voxels_atlas" },
				"south": { "uv": [ 13.875, 8.75, 14.125, 8.875 ], "texture": "#voxels_atlas" },
				"west": { "uv": [ 10.5, 13.625, 12.5, 13.75 ], "texture": "#voxels_atlas" },
				"east": { "uv": [ 12.5, 13.5, 10.5, 13.625 ], "texture": "#voxels_atlas" }
			}
		},
		{
			"__comment": "Voxels",
			"from": [ 7, 3.5, -11 ],
			"to": [ 8, 5, -10.5 ],
			"faces": {
				"down": { "uv": [ 13.875, 8.375, 14.125, 8.5 ], "texture": "#voxels_atlas", "cullface": "north" },
				"up": { "uv": [ 13.875, 8.375, 14.125, 8.25 ], "texture": "#voxels_atlas", "cullface": "north" },
				"north": { "uv": [ 12.125, 10, 11.875, 10.375 ], "texture": "#voxels_atlas", "cullface": "north" },
				"west": { "uv": [ 13.125, 8.375, 13.25, 8.75 ], "texture": "#voxels_atlas", "cullface": "north" },
				"east": { "uv": [ 13.5, 9.625, 13.375, 10 ], "texture": "#voxels_atlas", "cullface": "north" }
			}
		},
		{
			"__comment": "Voxels",
			"from": [ 7, 4, 4.5 ],
			"to": [ 8, 11.5, 5 ],
			"faces": {
				"up": { "uv": [ 15.75, 9.75, 16, 9.625 ], "texture": "#voxels_atlas" },
				"north": { "uv": [ 8.5, 10.875, 8.25, 12.75 ], "texture": "#voxels_atlas" },
				"south": { "uv": [ 8.5, 10.875, 8.75, 12.75 ], "texture": "#voxels_atlas" },
				"west": { "uv": [ 9.625, 8, 9.75, 9.875 ], "texture": "#voxels_atlas" },
				"east": { "uv": [ 10.25, 8.75, 10.125, 10.625 ], "texture": "#voxels_atlas" }
			}
		},
		{
			"__comment": "Voxels",
			"from": [ 7, 4, 13.5 ],
			"to": [ 8, 4.5, 14 ],
			"faces": {
				"down": { "uv": [ 15.5, 9.5, 15.75, 9.625 ], "texture": "#voxels_atlas" },
				"south": { "uv": [ 14.25, 9.25, 14.5, 9.375 ], "texture": "#voxels_atlas" },
				"west": { "uv": [ 15.875, 10.375, 16, 10.5 ], "texture": "#voxels_atlas" },
				"east": { "uv": [ 16, 10.25, 15.875, 10.375 ], "texture": "#voxels_atlas" }
			}
		},
		{
			"__comment": "Voxels",
			"from": [ 7, 4.5, 14 ],
			"to": [ 8, 5, 14.5 ],
			"faces": {
				"down": { "uv": [ 14.25, 8.125, 14.5, 8.25 ], "texture": "#voxels_atlas" },
				"south": { "uv": [ 14.75, 9.25, 15, 9.375 ], "texture": "#voxels_atlas" },
				"west": { "uv": [ 14.125, 8.875, 14.25, 9 ], "texture": "#voxels_atlas" },
				"east": { "uv": [ 16, 11.375, 15.875, 11.5 ], "texture": "#voxels_atlas" }
			}
		},
		{
			"__comment": "Voxels",
			"from": [ 7, 5, -8 ],
			"to": [ 8, 5.5, -6 ],
			"faces": {
				"up": { "uv": [ 11.625, 11, 11.875, 10.5 ], "texture": "#voxels_atlas", "cullface": "north" },
				"north": { "uv": [ 11.625, 8, 11.375, 8.125 ], "texture": "#voxels_atlas", "cullface": "north" },
				"west": { "uv": [ 12.5, 9.125, 13, 9.25 ], "texture": "#voxels_atlas", "cullface": "north" },
				"east": { "uv": [ 13, 9, 12.5, 9.125 ], "texture": "#voxels_atlas", "cullface": "north" }
			}
		},
		{
			"__comment": "Voxels",
			"from": [ 7, 5, 5 ],
			"to": [ 8, 11.5, 5.5 ],
			"faces": {
				"up": { "uv": [ 13.5, 10.125, 13.75, 10 ], "texture": "#voxels_atlas" },
				"south": { "uv": [ 8, 8.125, 8.25, 9.75 ], "texture": "#voxels_atlas" },
				"west": { "uv": [ 9.875, 8, 10, 9.625 ], "texture": "#voxels_atlas" },
				"east": { "uv": [ 10.875, 10.25, 10.75, 11.875 ], "texture": "#voxels_atlas" }
			}
		},
		{
			"__comment": "Voxels",
			"from": [ 7, 5, 14.5 ],
			"to": [ 8, 5.5, 15.5 ],
			"faces": {
				"down": { "uv": [ 12.5, 8.625, 12.75, 8.875 ], "texture": "#voxels_atlas" },
				"south": { "uv": [ 13.5, 9.5, 13.75, 9.625 ], "texture": "#voxels_atlas" },
				"west": { "uv": [ 13.5, 9.375, 13.75, 9.5 ], "texture": "#voxels_atlas" },
				"east": { "uv": [ 13.75, 9.25, 13.5, 9.375 ], "texture": "#voxels_atlas" }
			}
		},
		{
			"__comment": "Voxels",
			"from": [ 7, 5.5, -7.5 ],
			"to": [ 8, 6, -6 ],
			"faces": {
				"up": { "uv": [ 11.875, 10.75, 12.125, 10.375 ], "texture": "#voxels_atlas", "cullface": "north" },
				"north": { "uv": [ 5.5, 8, 5.25, 8.125 ], "texture": "#voxels_atlas", "cullface": "north" },
				"west": { "uv": [ 14.625, 10.25, 15, 10.375 ], "texture": "#voxels_atlas", "cullface": "north" },
				"east": { "uv": [ 15.375, 10.25, 15, 10.375 ], "texture": "#voxels_atlas", "cullface": "north" }
			}
		},
		{
			"__comment": "Voxels",
			"from": [ 7, 5.5, 5.5 ],
			"to": [ 8, 11.5, 6 ],
			"faces": {
				"up": { "uv": [ 13.5, 8.875, 13.75, 8.75 ], "texture": "#voxels_atlas" },
				"south": { "uv": [ 9.375, 11.875, 9.625, 13.375 ], "texture": "#voxels_atlas" },
				"west": { "uv": [ 9.75, 8, 9.875, 9.5 ], "texture": "#voxels_atlas" },
				"east": { "uv": [ 4, 8.125, 3.875, 9.625 ], "texture": "#voxels_atlas" }
			}
		},
		{
			"__comment": "Voxels",
			"from": [ 7, 6, -7 ],
			"to": [ 8, 6.5, -6 ],
			"faces": {
				"up": { "uv": [ 12.75, 8.5, 13, 8.25 ], "texture": "#voxels_atlas", "cullface": "north" },
				"north": { "uv": [ 13.75, 8.25, 13.5, 8.375 ], "texture": "#voxels_atlas", "cullface": "north" },
				"west": { "uv": [ 13.5, 8, 13.75, 8.125 ], "texture": "#voxels_atlas", "cullface": "north" },
				"east": { "uv": [ 14, 10.125, 13.75, 10.25 ], "texture": "#voxels_atlas", "cullface": "north" }
			}
		},
		{
			"__comment": "Voxels",
			"from": [ 7, 6.5, -6.5 ],
			"to": [ 8, 16.5, -6 ],
			"faces": {
				"up": { "uv": [ 14.25, 10.25, 14.5, 10.125 ], "texture": "#voxels_atlas", "cullface": "north" },
				"north": { "uv": [ 6.25, 11.25, 6, 13.75 ], "texture": "#voxels_atlas", "cullface": "north" },
				"west": { "uv": [ 9.5, 9.375, 9.625, 11.875 ], "texture": "#voxels_atlas", "cullface": "north" },
				"east": { "uv": [ 9.75, 12.125, 9.625, 14.625 ], "texture": "#voxels_atlas", "cullface": "north" }
			}
		},
		{
			"__comment": "Voxels",
			"from": [ 7, 6.5, 6 ],
			"to": [ 8, 11, 6.5 ],
			"faces": {
				"up": { "uv": [ 14.5, 10.25, 14.75, 10.125 ], "texture": "#voxels_atlas" },
				"south": { "uv": [ 5.25, 8.125, 5.5, 9.25 ], "texture": "#voxels_atlas" },
				"west": { "uv": [ 10, 8.375, 10.125, 9.5 ], "texture": "#voxels_atlas" },
				"east": { "uv": [ 10.875, 9.125, 10.75, 10.25 ], "texture": "#voxels_atlas" }
			}
		},
		{
			"__comment": "Voxels",
			"from": [ 7, 8, -7 ],
			"to": [ 8, 16, -6.5 ],
			"faces": {
				"down": { "uv": [ 14.75, 10.125, 15, 10.25 ], "texture": "#voxels_atlas", "cullface": "north" },
				"up": { "uv": [ 15, 10.25, 15.25, 10.125 ], "texture": "#voxels_atlas", "cullface": "north" },
				"north": { "uv": [ 8.25, 9.75, 8, 11.75 ], "texture": "#voxels_atlas", "cullface": "north" },
				"west": { "uv": [ 10, 9.5, 10.125, 11.5 ], "texture": "#voxels_atlas", "cullface": "north" },
				"east": { "uv": [ 10.125, 11.5, 10, 13.5 ], "texture": "#voxels_atlas", "cullface": "north" }
			}
		},
		{
			"__comment": "Voxels",
			"from": [ 7, 8, 6.5 ],
			"to": [ 8, 11, 7 ],
			"faces": {
				"up": { "uv": [ 15.75, 10.25, 16, 10.125 ], "texture": "#voxels_atlas" },
				"south": { "uv": [ 6.5, 8, 6.75, 8.75 ], "texture": "#voxels_atlas" },
				"west": { "uv": [ 11.75, 8.75, 11.875, 9.5 ], "texture": "#voxels_atlas" },
				"east": { "uv": [ 10.75, 9.5, 10.625, 10.25 ], "texture": "#voxels_atlas" }
			}
		},
		{
			"__comment": "Voxels",
			"from": [ 7, 8.5, -7.5 ],
			"to": [ 8, 16, -7 ],
			"faces": {
				"down": { "uv": [ 14.375, 10, 14.625, 10.125 ], "texture": "#voxels_atlas", "cullface": "north" },
				"up": { "uv": [ 14.625, 10.125, 14.875, 10 ], "texture": "#voxels_atlas", "cullface": "north" },
				"north": { "uv": [ 8.75, 9, 8.5, 10.875 ], "texture": "#voxels_atlas", "cullface": "north" },
				"west": { "uv": [ 10.125, 10.625, 10.25, 12.5 ], "texture": "#voxels_atlas", "cullface": "north" },
				"east": { "uv": [ 10.375, 10.625, 10.25, 12.5 ], "texture": "#voxels_atlas", "cullface": "north" }
			}
		},
		{
			"__comment": "Voxels",
			"from": [ 7, 8.5, 7 ],
			"to": [ 8, 11, 7.5 ],
			"faces": {
				"up": { "uv": [ 15.375, 10.125, 15.625, 10 ], "texture": "#voxels_atlas" },
				"south": { "uv": [ 11.375, 12.25, 11.625, 12.875 ], "texture": "#voxels_atlas" },
				"west": { "uv": [ 12.125, 8.875, 12.25, 9.5 ], "texture": "#voxels_atlas" },
				"east": { "uv": [ 12.5, 10.625, 12.375, 11.25 ], "texture": "#voxels_atlas" }
			}
		},
		{
			"__comment": "Voxels",
			"from": [ 7, 8.5, 14.5 ],
			"to": [ 8, 9, 16.5 ],
			"faces": {
				"up": { "uv": [ 11.375, 9.125, 11.625, 8.625 ], "texture": "#voxels_atlas", "cullface": "south" },
				"west": { "uv": [ 13.5, 10.875, 14, 11 ], "texture": "#voxels_atlas", "cullface": "south" },
				"east": { "uv": [ 14.5, 10.875, 14, 11 ], "texture": "#voxels_atlas", "cullface": "south" }
			}
		},
		{
			"__comment": "Voxels",
			"from": [ 7, 9, -9.5 ],
			"to": [ 8, 14.5, -7.5 ],
			"faces": {
				"down": { "uv": [ 11.125, 8, 11.375, 8.5 ], "texture": "#voxels_atlas", "cullface": "north" },
				"up": { "uv": [ 10.875, 8.5, 11.125, 8 ], "texture": "#voxels_atlas", "cullface": "north" },
				"north": { "uv": [ 7.75, 8, 7.5, 9.375 ], "texture": "#voxels_atlas", "cullface": "north" },
				"west": { "uv": [ 5.5, 10.125, 6, 11.5 ], "texture": "#voxels_atlas", "cullface": "north" },
				"east": { "uv": [ 6, 8.75, 5.5, 10.125 ], "texture": "#voxels_atlas", "cullface": "north" }
			}
		},
		{
			"__comment": "Voxels",
			"from": [ 7, 9, 7.5 ],
			"to": [ 8, 11, 8 ],
			"faces": {
				"up": { "uv": [ 13.875, 9.875, 14.125, 9.75 ], "texture": "#voxels_atlas" },
				"south": { "uv": [ 11.875, 11.75, 12.125, 12.25 ], "texture": "#voxels_atlas" },
				"west": { "uv": [ 13, 10.25, 13.125, 10.75 ], "texture": "#voxels_atlas" },
				"east": { "uv": [ 13.125, 9.75, 13, 10.25 ], "texture": "#voxels_atlas" }
			}
		},
		{
			"__comment": "Voxels",
			"from": [ 7, 9, 14 ],
			"to": [ 8, 9.5, 14.5 ],
			"faces": {
				"up": { "uv": [ 13.875, 9.375, 14.125, 9.25 ], "texture": "#voxels_atlas" },
				"south": { "uv": [ 13.875, 9, 14.125, 9.125 ], "texture": "#voxels_atlas" },
				"west": { "uv": [ 15, 12, 15.125, 12.125 ], "texture": "#voxels_atlas" },
				"east": { "uv": [ 16, 11.875, 15.875, 12 ], "texture": "#voxels_atlas" }
			}
		},
		{
			"__comment": "Voxels",
			"from": [ 7, 9.5, -10.5 ],
			"to": [ 8, 13.5, -9.5 ],
			"faces": {
				"down": { "uv": [ 13.125, 10.5, 13.375, 10.75 ], "texture": "#voxels_atlas", "cullface": "north" },
				"up": { "uv": [ 13.125, 10.5, 13.375, 10.25 ], "texture": "#voxels_atlas", "cullface": "north" },
				"north": { "uv": [ 9.625, 8.375, 9.375, 9.375 ], "texture": "#voxels_atlas", "cullface": "north" },
				"west": { "uv": [ 6.75, 8, 7, 9 ], "texture": "#voxels_atlas", "cullface": "north" },
				"east": { "uv": [ 6.75, 9, 6.5, 10 ], "texture": "#voxels_atlas", "cullface": "north" }
			}
		},
		{
			"__comment": "Voxels",
			"from": [ 7, 9.5, 8 ],
			"to": [ 8, 11, 8.5 ],
			"faces": {
				"up": { "uv": [ 13.875, 8.125, 14.125, 8 ], "texture": "#voxels_atlas" },
				"south": { "uv": [ 11.875, 8.125, 12.125, 8.5 ], "texture": "#voxels_atlas" },
				"west": { "uv": [ 13.375, 8.875, 13.5, 9.25 ], "texture": "#voxels_atlas" },
				"east": { "uv": [ 13.375, 8.375, 13.25, 8.75 ], "texture": "#voxels_atlas" }
			}
		},
		{
			"__comment": "Voxels",
			"from": [ 7, 9.5, 13.5 ],
			"to": [ 8, 10, 14 ],
			"faces": {
				"up": { "uv": [ 14.375, 9.875, 14.625, 9.75 ], "texture": "#voxels_atlas" },
				"south": { "uv": [ 14.875, 9.75, 15.125, 9.875 ], "texture": "#voxels_atlas" },
				"west": { "uv": [ 15.875, 13.75, 16, 13.875 ], "texture": "#voxels_atlas" },
				"east": { "uv": [ 10.75, 10.25, 10.625, 10.375 ], "texture": "#voxels_atlas" }
			}
		},
		{
			"__comment": "Voxels",
			"from": [ 7, 10, 8.5 ],
			"to": [ 8, 11, 9 ],
			"faces": {
				"up": { "uv": [ 15.375, 9.875, 15.625, 9.75 ], "texture": "#voxels_atlas" },
				"south": { "uv": [ 13.125, 9.75, 13.375, 10 ], "texture": "#voxels_atlas" },
				"west": { "uv": [ 14.125, 9.5, 14.25, 9.75 ], "texture": "#voxels_atlas" },
				"east": { "uv": [ 14.25, 9.25, 14.125, 9.5 ], "texture": "#voxels_atlas" }
			}
		},
		{
			"__comment": "Voxels",
			"from": [ 7, 10, 13 ],
			"to": [ 8, 10.5, 13.5 ],
			"faces": {
				"up": { "uv": [ 14.25, 9.75, 14.5, 9.625 ], "texture": "#voxels_atlas" },
				"south": { "uv": [ 14.75, 9.625, 15, 9.75 ], "texture": "#voxels_atlas" },
				"west": { "uv": [ 15.875, 11.75, 16, 11.875 ], "texture": "#voxels_atlas" },
				"east": { "uv": [ 16, 11.625, 15.875, 11.75 ], "texture": "#voxels_atlas" }
			}
		},
		{
			"__comment": "Voxels",
			"from": [ 7, 10.5, -11 ],
			"to": [ 8, 12.5, -10.5 ],
			"faces": {
				"down": { "uv": [ 15, 9.625, 15.25, 9.75 ], "texture": "#voxels_atlas", "cullface": "north" },
				"up": { "uv": [ 15.25, 9.75, 15.5, 9.625 ], "texture": "#voxels_atlas", "cullface": "north" },
				"north": { "uv": [ 12.125, 11.25, 11.875, 11.75 ], "texture": "#voxels_atlas", "cullface": "north" },
				"west": { "uv": [ 13, 9.25, 13.125, 9.75 ], "texture": "#voxels_atlas", "cullface": "north" },
				"east": { "uv": [ 13.125, 8.75, 13, 9.25 ], "texture": "#voxels_atlas", "cullface": "north" }
			}
		},
		{
			"__comment": "Voxels",
			"from": [ 7, 10.5, 9 ],
			"to": [ 8, 11, 13 ],
			"faces": {
				"up": { "uv": [ 5, 9, 5.25, 8 ], "texture": "#voxels_atlas" },
				"south": { "uv": [ 15.25, 9.5, 15.5, 9.625 ], "texture": "#voxels_atlas" },
				"west": { "uv": [ 14.125, 12.5, 15.125, 12.625 ], "texture": "#voxels_atlas" },
				"east": { "uv": [ 15.125, 12.125, 14.125, 12.25 ], "texture": "#voxels_atlas" }
			}
		},
		{
			"__comment": "Voxels",
			"from": [ 7, 11, 3 ],
			"to": [ 8, 11.5, 4.5 ],
			"faces": {
				"up": { "uv": [ 12.125, 10.625, 12.375, 10.25 ], "texture": "#voxels_atlas" },
				"north": { "uv": [ 14.5, 9.125, 14.25, 9.25 ], "texture": "#voxels_atlas" },
				"west": { "uv": [ 13.5, 10.25, 13.875, 10.375 ], "texture": "#voxels_atlas" },
				"east": { "uv": [ 10.75, 8, 10.375, 8.125 ], "texture": "#voxels_atlas" }
			}
		},
		{
			"__comment": "Voxels",
			"from": [ 7, 13.5, -10 ],
			"to": [ 8, 14, -9.5 ],
			"faces": {
				"up": { "uv": [ 14.25, 8.875, 14.5, 8.75 ], "texture": "#voxels_atlas", "cullface": "north" },
				"north": { "uv": [ 14.5, 8.625, 14.25, 8.75 ], "texture": "#voxels_atlas", "cullface": "north" },
				"west": { "uv": [ 15.875, 10.625, 16, 10.75 ], "texture": "#voxels_atlas", "cullface": "north" },
				"east": { "uv": [ 16, 10.5, 15.875, 10.625 ], "texture": "#voxels_atlas", "cullface": "north" }
			}
		},
		{
			"__comment": "Voxels",
			"from": [ 7, 14.5, -9 ],
			"to": [ 8, 15, -7.5 ],
			"faces": {
				"up": { "uv": [ 12.125, 9.875, 12.375, 9.5 ], "texture": "#voxels_atlas", "cullface": "north" },
				"north": { "uv": [ 14.5, 8.375, 14.25, 8.5 ], "texture": "#voxels_atlas", "cullface": "north" },
				"west": { "uv": [ 15.625, 14.75, 16, 14.875 ], "texture": "#voxels_atlas", "cullface": "north" },
				"east": { "uv": [ 15.125, 10.375, 14.75, 10.5 ], "texture": "#voxels_atlas", "cullface": "north" }
			}
		},
		{
			"__comment": "Voxels",
			"from": [ 7, 15, -8.5 ],
			"to": [ 8, 15.5, -7.5 ],
			"faces": {
				"up": { "uv": [ 13.125, 9.5, 13.375, 9.25 ], "texture": "#voxels_atlas", "cullface": "north" },
				"north": { "uv": [ 14.75, 9.375, 14.5, 9.5 ], "texture": "#voxels_atlas", "cullface": "north" },
				"west": { "uv": [ 15, 9.375, 15.25, 9.5 ], "texture": "#voxels_atlas", "cullface": "north" },
				"east": { "uv": [ 15.5, 9.375, 15.25, 9.5 ], "texture": "#voxels_atlas", "cullface": "north" }
			}
		},
		{
			"__comment": "Voxels",
			"from": [ 7, 15, -4.5 ],
			"to": [ 8, 16.5, -4 ],
			"faces": {
				"down": { "uv": [ 15.5, 9.375, 15.75, 9.5 ], "texture": "#voxels_atlas", "cullface": "north" },
				"up": { "uv": [ 15.75, 9.5, 16, 9.375 ], "texture": "#voxels_atlas", "cullface": "north" },
				"south": { "uv": [ 9.375, 8, 9.625, 8.375 ], "texture": "#voxels_atlas", "cullface": "north" },
				"west": { "uv": [ 13.125, 8, 13.25, 8.375 ], "texture": "#voxels_atlas", "cullface": "north" },
				"east": { "uv": [ 16, 14.875, 15.875, 15.25 ], "texture": "#voxels_atlas", "cullface": "north" }
			}
		},
		{
			"__comment": "Voxels",
			"from": [ 7, 15.5, -8 ],
			"to": [ 8, 16, -7.5 ],
			"faces": {
				"up": { "uv": [ 15.25, 9.375, 15.5, 9.25 ], "texture": "#voxels_atlas", "cullface": "north" },
				"north": { "uv": [ 15.75, 9.25, 15.5, 9.375 ], "texture": "#voxels_atlas", "cullface": "north" },
				"west": { "uv": [ 13.75, 8, 13.875, 8.125 ], "texture": "#voxels_atlas", "cullface": "north" },
				"east": { "uv": [ 16, 10, 15.875, 10.125 ], "texture": "#voxels_atlas", "cullface": "north" }
			}
		},
		{
			"__comment": "Voxels",
			"from": [ 7, 15.5, -4 ],
			"to": [ 8, 16, -3.5 ],
			"faces": {
				"down": { "uv": [ 14.5, 9.125, 14.75, 9.25 ], "texture": "#voxels_atlas", "cullface": "north" },
				"up": { "uv": [ 14.5, 9.125, 14.75, 9 ], "texture": "#voxels_atlas", "cullface": "north" },
				"south": { "uv": [ 14.5, 8.75, 14.75, 8.875 ], "texture": "#voxels_atlas", "cullface": "north" },
				"west": { "uv": [ 14.125, 8.625, 14.25, 8.75 ], "texture": "#voxels_atlas", "cullface": "north" },
				"east": { "uv": [ 14.25, 8.5, 14.125, 8.625 ], "texture": "#voxels_atlas", "cullface": "north" }
			}
		}
	],
	"display": {
		"thirdperson_righthand": {
			"rotation":  [ 91, 0, 0 ],
			"translation":  [ 0, 7.6521, 2.7826 ],
			"scale":  [ 0.55, 0.55, 0.55 ]
		},
		"thirdperson_lefthand": {
			"rotation":  [ -19, 45, 90 ],
			"translation":  [ -5, -8, 8.5 ],
			"scale":  [ 0.8, 0.8, 0.8 ]
		},
		"firstperson_righthand": {
			"rotation":  [ 100, -13, 6 ],
			"translation":  [ 4, 4, 0 ],
			"scale":  [ 0.4, 0.4, 0.4 ]
		},
		"firstperson_lefthand": {
			"rotation":  [ 100, -13, 6 ],
			"translation":  [ 4, 4, 0 ],
			"scale":  [ 0.4, 0.4, 0.4 ]
		},
		"gui": {
			"rotation":  [ 90, -45, 86 ],
			"translation":  [ 0, 0, 0.6956 ],
			"scale":  [ 0.4, 0.4, 0.4 ]
		},
		"ground": {
			"rotation":  [ -97, 31, 91 ],
			"translation":  [ 0, 0.6956, 0 ],
			"scale":  [ 0.5, 0.5, 0.5 ]
		},
		"fixed": {
			"rotation":  [ -86, -49, -79 ],
			"scale":  [ 0.48, 0.48, 0.48 ]
		}
	}
}