{
	"__comment": "Designed by Elo106 with Cubik Studio - https://cubik.studio",
	"textures": {
		"particle": "items/vampire_sword",
		"texture": "items/vampire_sword",
		"Wing": "itempieces/vampiric_wing",
		"Skull": "itempieces/vampiric_skull",
		"daedricsword_atlas": "items/vampire_sword"
	},
	"elements": [ 	 
		{
			"__comment": "Box1",
			"from": [ 2.5001, -4.625, 7.8739 ],
			"to": [ 9.0001, -0.125, 7.8749 ],
			"faces": {
				"down": { "uv": [ 0, 0, 4.75, 0.000999451 ], "texture": "#Wing", "cullface": "down" },
				"up": { "uv": [ 0, 0, 4.75, 0.001000404 ], "texture": "#Wing", "cullface": "down" },
				"north": { "uv": [ 16, 16, 0, 0 ], "texture": "#Wing", "cullface": "down" },
				"south": { "uv": [ 0, 16, 16, 0 ], "texture": "#Wing", "cullface": "down" },
				"west": { "uv": [ 0, 0, 0.001000404, 8.25 ], "texture": "#Wing", "cullface": "down", "rotation": 180 }
			}
		},
		{
			"__comment": "Box1",
			"from": [ 7, -3.625, 7.499 ],
			"to": [ 9, -1.625, 7.5 ],
			"faces": {
				"down": { "uv": [ 0, 0, 4.75, 0.000999451 ], "texture": "#Skull", "cullface": "down" },
				"up": { "uv": [ 0, 0, 4.75, 0.001000404 ], "texture": "#Skull", "cullface": "down" },
				"north": { "uv": [ 16, 16, 0, 0 ], "texture": "#Skull", "cullface": "down" },
				"south": { "uv": [ 0, 16, 16, 0 ], "texture": "#Skull", "cullface": "down" },
				"west": { "uv": [ 0, 0, 0.001000404, 8.25 ], "texture": "#Skull", "cullface": "down", "rotation": 180 },
				"east": { "uv": [ 0, 0, 0.000999928, 8.25 ], "texture": "#Skull", "cullface": "down", "rotation": 180 }
			}
		},
		{
			"__comment": "Box1",
			"from": [ 7, -4.625, 7.875 ],
			"to": [ 13.5, -0.125, 7.876 ],
			"faces": {
				"down": { "uv": [ 0, 0, 4.75, 0.000999451 ], "texture": "#Wing", "cullface": "down", "rotation": 180 },
				"up": { "uv": [ 0, 0, 4.75, 0.001000404 ], "texture": "#Wing", "cullface": "down", "rotation": 180 },
				"north": { "uv": [ 0, 16, 16, 0 ], "texture": "#Wing", "cullface": "down" },
				"south": { "uv": [ 16, 16, 0, 0 ], "texture": "#Wing", "cullface": "down" },
				"east": { "uv": [ 0, 0, 0.001000404, 8.25 ], "texture": "#Wing", "cullface": "down", "rotation": 180 }
			}
		},
		{
			"__comment": "Box1",
			"from": [ 7, -3.625, 8.25 ],
			"to": [ 9, -1.625, 8.251 ],
			"faces": {
				"down": { "uv": [ 0, 0, 4.75, 0.000999451 ], "texture": "#Skull", "cullface": "down", "rotation": 180 },
				"up": { "uv": [ 0, 0, 4.75, 0.001000404 ], "texture": "#Skull", "cullface": "down", "rotation": 180 },
				"north": { "uv": [ 0, 16, 16, 0 ], "texture": "#Skull", "cullface": "down" },
				"south": { "uv": [ 16, 16, 0, 0 ], "texture": "#Skull", "cullface": "down" },
				"west": { "uv": [ 0, 0, 0.000999928, 8.25 ], "texture": "#Skull", "cullface": "down", "rotation": 180 },
				"east": { "uv": [ 0, 0, 0.001000404, 8.25 ], "texture": "#Skull", "cullface": "down", "rotation": 180 }
			}
		},
		{
			"__comment": "Voxels",
			"from": [ 5.25, 3.5, 7.75 ],
			"to": [ 6, 3.75, 8 ],
			"faces": {
				"down": { "uv": [ 8.25, 8.75, 9, 9 ], "texture": "#daedricsword_atlas" },
				"up": { "uv": [ 12.5, 9.25, 13.25, 9 ], "texture": "#daedricsword_atlas" },
				"north": { "uv": [ 14, 9, 13.25, 9.25 ], "texture": "#daedricsword_atlas" },
				"south": { "uv": [ 14, 9, 14.75, 9.25 ], "texture": "#daedricsword_atlas" },
				"west": { "uv": [ 6, 0, 6.25, 0.25 ], "texture": "#daedricsword_atlas" },
				"east": { "uv": [ 16, 10, 15.75, 10.25 ], "texture": "#daedricsword_atlas" }
			}
		},
		{
			"__comment": "Voxels",
			"from": [ 5.25, 3.75, 7.75 ],
			"to": [ 5.75, 4, 8 ],
			"faces": {
				"up": { "uv": [ 8.5, 9.5, 9, 9.25 ], "texture": "#daedricsword_atlas" },
				"north": { "uv": [ 16, 9, 15.5, 9.25 ], "texture": "#daedricsword_atlas" },
				"south": { "uv": [ 13.75, 8.75, 14.25, 9 ], "texture": "#daedricsword_atlas" },
				"west": { "uv": [ 7, 3.5, 7.25, 3.75 ], "texture": "#daedricsword_atlas" },
				"east": { "uv": [ 7.5, 3.75, 7.25, 4 ], "texture": "#daedricsword_atlas" }
			}
		},
		{
			"__comment": "Voxels",
			"from": [ 5.25, 4, 7.75 ],
			"to": [ 5.5, 4.25, 8 ],
			"faces": {
				"up": { "uv": [ 7, 4.5, 7.25, 4.25 ], "texture": "#daedricsword_atlas" },
				"north": { "uv": [ 7.5, 4.5, 7.25, 4.75 ], "texture": "#daedricsword_atlas" },
				"south": { "uv": [ 7, 4.5, 7.25, 4.75 ], "texture": "#daedricsword_atlas" },
				"west": { "uv": [ 7, 1.75, 7.25, 2 ], "texture": "#daedricsword_atlas" },
				"east": { "uv": [ 7.5, 2.5, 7.25, 2.75 ], "texture": "#daedricsword_atlas" }
			}
		},
		{
			"__comment": "Voxels",
			"from": [ 5.5, 3, 7.75 ],
			"to": [ 6.5, 3.25, 8 ],
			"faces": {
				"down": { "uv": [ 15, 10.25, 16, 10.5 ], "texture": "#daedricsword_atlas" },
				"up": { "uv": [ 7.75, 10.25, 8.75, 10 ], "texture": "#daedricsword_atlas" },
				"north": { "uv": [ 9.75, 10, 8.75, 10.25 ], "texture": "#daedricsword_atlas" },
				"south": { "uv": [ 9.75, 10, 10.75, 10.25 ], "texture": "#daedricsword_atlas" },
				"west": { "uv": [ 7, 2.5, 7.25, 2.75 ], "texture": "#daedricsword_atlas" },
				"east": { "uv": [ 7.5, 3, 7.25, 3.25 ], "texture": "#daedricsword_atlas" }
			}
		},
		{
			"__comment": "Voxels",
			"from": [ 5.5, 3.25, 7.75 ],
			"to": [ 6, 3.5, 8 ],
			"faces": {
				"north": { "uv": [ 13.5, 8.5, 13, 8.75 ], "texture": "#daedricsword_atlas" },
				"south": { "uv": [ 11.5, 8.5, 12, 8.75 ], "texture": "#daedricsword_atlas" },
				"west": { "uv": [ 6.75, 1, 7, 1.25 ], "texture": "#daedricsword_atlas" },
				"east": { "uv": [ 7, 1.25, 6.75, 1.5 ], "texture": "#daedricsword_atlas" }
			}
		},
		{
			"__comment": "Voxels",
			"from": [ 5.75, 2.75, 7.75 ],
			"to": [ 6.75, 3, 8 ],
			"faces": {
				"down": { "uv": [ 10.75, 10, 11.75, 10.25 ], "texture": "#daedricsword_atlas" },
				"up": { "uv": [ 11.75, 10.25, 12.75, 10 ], "texture": "#daedricsword_atlas" },
				"north": { "uv": [ 13.75, 10, 12.75, 10.25 ], "texture": "#daedricsword_atlas" },
				"south": { "uv": [ 13.75, 10, 14.75, 10.25 ], "texture": "#daedricsword_atlas" },
				"west": { "uv": [ 6.75, 1.5, 7, 1.75 ], "texture": "#daedricsword_atlas" },
				"east": { "uv": [ 7, 1.75, 6.75, 2 ], "texture": "#daedricsword_atlas" }
			}
		},
		{
			"__comment": "Voxels",
			"from": [ 6, 2.25, 7.75 ],
			"to": [ 10, 2.75, 8 ],
			"faces": {
				"down": { "uv": [ 11, 12.75, 15, 13 ], "texture": "#daedricsword_atlas" },
				"up": { "uv": [ 11, 12.75, 15, 12.5 ], "texture": "#daedricsword_atlas" },
				"north": { "uv": [ 15, 15.5, 11, 16 ], "texture": "#daedricsword_atlas" },
				"south": { "uv": [ 11, 15, 15, 15.5 ], "texture": "#daedricsword_atlas" },
				"west": { "uv": [ 6.75, 5.25, 7, 5.75 ], "texture": "#daedricsword_atlas" },
				"east": { "uv": [ 7, 5.75, 6.75, 6.25 ], "texture": "#daedricsword_atlas" }
			}
		},
		{
			"__comment": "Voxels",
			"from": [ 6.25, 1.75, 7.75 ],
			"to": [ 9.75, 2.25, 8 ],
			"faces": {
				"down": { "uv": [ 9, 13, 12.5, 13.25 ], "texture": "#daedricsword_atlas" },
				"north": { "uv": [ 12.5, 13.25, 9, 13.75 ], "texture": "#daedricsword_atlas" },
				"south": { "uv": [ 12.5, 13.25, 16, 13.75 ], "texture": "#daedricsword_atlas" },
				"west": { "uv": [ 6.75, 6.25, 7, 6.75 ], "texture": "#daedricsword_atlas" },
				"east": { "uv": [ 7, 6.75, 6.75, 7.25 ], "texture": "#daedricsword_atlas" }
			}
		},
		{
			"__comment": "Voxels",
			"from": [ 6.5, 1.25, 7.75 ],
			"to": [ 9.5, 1.75, 8 ],
			"faces": {
				"down": { "uv": [ 5.5, 11.5, 8.5, 11.75 ], "texture": "#daedricsword_atlas" },
				"north": { "uv": [ 8, 12.5, 5, 13 ], "texture": "#daedricsword_atlas" },
				"south": { "uv": [ 8, 12.5, 11, 13 ], "texture": "#daedricsword_atlas" },
				"west": { "uv": [ 6.75, 7.25, 7, 7.75 ], "texture": "#daedricsword_atlas" },
				"east": { "uv": [ 7, 7.75, 6.75, 8.25 ], "texture": "#daedricsword_atlas" }
			}
		},
		{
			"__comment": "Voxels",
			"from": [ 6.75, 0, 7.75 ],
			"to": [ 9.25, 0.75, 8 ],
			"faces": {
				"down": { "uv": [ 10.5, 10.75, 13, 11 ], "texture": "#daedricsword_atlas", "cullface": "down" },
				"up": { "uv": [ 10.5, 11.25, 13, 11 ], "texture": "#daedricsword_atlas" },
				"north": { "uv": [ 6.5, 13, 4, 13.75 ], "texture": "#daedricsword_atlas" },
				"south": { "uv": [ 6.5, 13, 9, 13.75 ], "texture": "#daedricsword_atlas" },
				"west": { "uv": [ 6.5, 5.5, 6.75, 6.25 ], "texture": "#daedricsword_atlas" },
				"east": { "uv": [ 6.75, 6.25, 6.5, 7 ], "texture": "#daedricsword_atlas" }
			}
		},
		{
			"__comment": "Voxels",
			"from": [ 6.75, 1, 7.75 ],
			"to": [ 9.25, 1.25, 8 ],
			"faces": {
				"down": { "uv": [ 10.5, 11.25, 13, 11.5 ], "texture": "#daedricsword_atlas" },
				"north": { "uv": [ 15.5, 11.25, 13, 11.5 ], "texture": "#daedricsword_atlas" },
				"south": { "uv": [ 10.5, 10.5, 13, 10.75 ], "texture": "#daedricsword_atlas" },
				"west": { "uv": [ 6.75, 2.25, 7, 2.5 ], "texture": "#daedricsword_atlas" },
				"east": { "uv": [ 7, 2.5, 6.75, 2.75 ], "texture": "#daedricsword_atlas" }
			}
		},
		{
			"__comment": "Voxels",
			"from": [ 7, -1, 7.75 ],
			"to": [ 9, 0, 8 ],
			"faces": {
				"down": { "uv": [ 13, 13.75, 15, 14 ], "texture": "#daedricsword_atlas", "cullface": "down" },
				"north": { "uv": [ 15, 14, 13, 15 ], "texture": "#daedricsword_atlas", "cullface": "down" },
				"south": { "uv": [ 11, 14, 13, 15 ], "texture": "#daedricsword_atlas", "cullface": "down" },
				"west": { "uv": [ 5.75, 0, 6, 1 ], "texture": "#daedricsword_atlas", "cullface": "down" },
				"east": { "uv": [ 6.25, 0.25, 6, 1.25 ], "texture": "#daedricsword_atlas", "cullface": "down" }
			}
		},
		{
			"__comment": "Voxels",
			"from": [ 7, 0.75, 7.75 ],
			"to": [ 9, 1, 8 ],
			"faces": {
				"north": { "uv": [ 10, 10.25, 8, 10.5 ], "texture": "#daedricsword_atlas" },
				"south": { "uv": [ 10, 10.25, 12, 10.5 ], "texture": "#daedricsword_atlas" },
				"west": { "uv": [ 6.75, 2.75, 7, 3 ], "texture": "#daedricsword_atlas" },
				"east": { "uv": [ 7, 3, 6.75, 3.25 ], "texture": "#daedricsword_atlas" }
			}
		},
		{
			"__comment": "Voxels",
			"from": [ 7.25, -11, 7.5 ],
			"to": [ 8.75, -10.25, 8.25 ],
			"faces": {
				"down": { "uv": [ 5.5, 11.75, 7, 12.5 ], "texture": "#daedricsword_atlas", "cullface": "down" },
				"up": { "uv": [ 8.5, 12.5, 10, 11.75 ], "texture": "#daedricsword_atlas", "cullface": "down" },
				"north": { "uv": [ 8, 13.75, 6.5, 14.5 ], "texture": "#daedricsword_atlas", "cullface": "down" },
				"south": { "uv": [ 9.5, 13.75, 11, 14.5 ], "texture": "#daedricsword_atlas", "cullface": "down" },
				"west": { "uv": [ 13, 10.5, 13.75, 11.25 ], "texture": "#daedricsword_atlas", "cullface": "down" },
				"east": { "uv": [ 14.5, 10.5, 13.75, 11.25 ], "texture": "#daedricsword_atlas", "cullface": "down" }
			}
		},
		{
			"__comment": "Voxels",
			"from": [ 7.25, -3.5, 8 ],
			"to": [ 8.75, -2, 8.25 ],
			"faces": {
				"down": { "uv": [ 14.5, 10.5, 16, 10.75 ], "texture": "#daedricsword_atlas", "cullface": "down" },
				"up": { "uv": [ 12, 10.5, 13.5, 10.25 ], "texture": "#daedricsword_atlas", "cullface": "down" },
				"north": { "uv": [ 11, 14.5, 9.5, 16 ], "texture": "#daedricsword_atlas", "cullface": "down" },
				"west": { "uv": [ 6, 2.75, 6.25, 4.25 ], "texture": "#daedricsword_atlas", "cullface": "down" },
				"east": { "uv": [ 6.25, 1.25, 6, 2.75 ], "texture": "#daedricsword_atlas", "cullface": "down" }
			}
		},
		{
			"__comment": "Voxels",
			"from": [ 7.25, -3.25, 7.5 ],
			"to": [ 8.75, -2.5, 8 ],
			"faces": {
				"down": { "uv": [ 12, 12, 13.5, 12.5 ], "texture": "#daedricsword_atlas", "cullface": "down" },
				"up": { "uv": [ 13.5, 12.5, 15, 12 ], "texture": "#daedricsword_atlas", "cullface": "down" },
				"west": { "uv": [ 7, 9.25, 7.5, 10 ], "texture": "#daedricsword_atlas", "cullface": "down" },
				"east": { "uv": [ 8, 9.25, 7.5, 10 ], "texture": "#daedricsword_atlas", "cullface": "down" }
			}
		},
		{
			"__comment": "Voxels",
			"from": [ 7.25, -2.5, 7.75 ],
			"to": [ 8.75, -1, 8 ],
			"faces": {
				"north": { "uv": [ 8, 14.5, 6.5, 16 ], "texture": "#daedricsword_atlas", "cullface": "down" },
				"south": { "uv": [ 1, 0, 2.5, 1.5 ], "texture": "#daedricsword_atlas", "cullface": "down" },
				"west": { "uv": [ 5, 0.25, 5.25, 1.75 ], "texture": "#daedricsword_atlas", "cullface": "down" },
				"east": { "uv": [ 5.5, 0.25, 5.25, 1.75 ], "texture": "#daedricsword_atlas", "cullface": "down" }
			}
		},
		{
			"__comment": "Voxels",
			"from": [ 7.25, 2.75, 7.75 ],
			"to": [ 8.75, 7.25, 8 ],
			"faces": {
				"up": { "uv": [ 14.5, 11, 16, 10.75 ], "texture": "#daedricsword_atlas" },
				"north": { "uv": [ 2.5, 7, 1, 11.5 ], "texture": "#daedricsword_atlas" },
				"south": { "uv": [ 1, 11.5, 2.5, 16 ], "texture": "#daedricsword_atlas" },
				"west": { "uv": [ 4.25, 1.5, 4.5, 6 ], "texture": "#daedricsword_atlas" },
				"east": { "uv": [ 4.25, 1.5, 4, 6 ], "texture": "#daedricsword_atlas" }
			}
		},
		{
			"__comment": "Voxels",
			"from": [ 7.25, 12.75, 7.75 ],
			"to": [ 8.75, 15, 8 ],
			"faces": {
				"down": { "uv": [ 13.5, 10.25, 15, 10.5 ], "texture": "#daedricsword_atlas" },
				"up": { "uv": [ 6.25, 10.25, 7.75, 10 ], "texture": "#daedricsword_atlas" },
				"north": { "uv": [ 6.5, 13.75, 5, 16 ], "texture": "#daedricsword_atlas" },
				"south": { "uv": [ 3.5, 13.75, 5, 16 ], "texture": "#daedricsword_atlas" },
				"west": { "uv": [ 5.75, 1, 6, 3.25 ], "texture": "#daedricsword_atlas" },
				"east": { "uv": [ 6, 3.25, 5.75, 5.5 ], "texture": "#daedricsword_atlas" }
			}
		},
		{
			"__comment": "Voxels",
			"from": [ 7.5, -11.25, 7.5 ],
			"to": [ 8.5, -11, 8.25 ],
			"faces": {
				"down": { "uv": [ 15, 11.75, 16, 12.5 ], "texture": "#daedricsword_atlas", "cullface": "down" },
				"north": { "uv": [ 15.75, 10, 14.75, 10.25 ], "texture": "#daedricsword_atlas", "cullface": "down" },
				"south": { "uv": [ 9, 9.75, 10, 10 ], "texture": "#daedricsword_atlas", "cullface": "down" },
				"west": { "uv": [ 7.5, 8.75, 8.25, 9 ], "texture": "#daedricsword_atlas", "cullface": "down" },
				"east": { "uv": [ 7.5, 8.75, 6.75, 9 ], "texture": "#daedricsword_atlas", "cullface": "down" }
			}
		},
		{
			"__comment": "Voxels",
			"from": [ 7.5, -11, 7.25 ],
			"to": [ 8.5, -10.25, 7.5 ],
			"faces": {
				"down": { "uv": [ 15, 9.75, 16, 10 ], "texture": "#daedricsword_atlas", "cullface": "down" },
				"up": { "uv": [ 9, 9.75, 10, 9.5 ], "texture": "#daedricsword_atlas", "cullface": "down" },
				"north": { "uv": [ 10.5, 10.75, 9.5, 11.5 ], "texture": "#daedricsword_atlas", "cullface": "down" },
				"west": { "uv": [ 6.5, 1, 6.75, 1.75 ], "texture": "#daedricsword_atlas", "cullface": "down" },
				"east": { "uv": [ 6.75, 1.75, 6.5, 2.5 ], "texture": "#daedricsword_atlas", "cullface": "down" }
			}
		},
		{
			"__comment": "Voxels",
			"from": [ 7.5, -11, 8.25 ],
			"to": [ 8.5, -10.25, 8.5 ],
			"faces": {
				"down": { "uv": [ 9, 9.25, 10, 9.5 ], "texture": "#daedricsword_atlas", "cullface": "down" },
				"up": { "uv": [ 10, 10, 11, 9.75 ], "texture": "#daedricsword_atlas", "cullface": "down" },
				"south": { "uv": [ 11, 11.75, 12, 12.5 ], "texture": "#daedricsword_atlas", "cullface": "down" },
				"west": { "uv": [ 6.5, 2.5, 6.75, 3.25 ], "texture": "#daedricsword_atlas", "cullface": "down" },
				"east": { "uv": [ 6.75, 3.25, 6.5, 4 ], "texture": "#daedricsword_atlas", "cullface": "down" }
			}
		},
		{
			"__comment": "Voxels",
			"from": [ 7.5, -10.25, 7.75 ],
			"to": [ 8.5, -3.25, 8 ],
			"faces": {
				"north": { "uv": [ 1, 9, 0, 16 ], "texture": "#daedricsword_atlas", "cullface": "down" },
				"south": { "uv": [ 0, 2, 1, 9 ], "texture": "#daedricsword_atlas", "cullface": "down" },
				"west": { "uv": [ 4, 6, 4.25, 13 ], "texture": "#daedricsword_atlas", "cullface": "down" },
				"east": { "uv": [ 4.5, 6, 4.25, 13 ], "texture": "#daedricsword_atlas", "cullface": "down" }
			}
		},
		{
			"__comment": "Voxels",
			"from": [ 7.5, -3.75, 7.5 ],
			"to": [ 8.5, -3.25, 7.75 ],
			"faces": {
				"down": { "uv": [ 11, 9.75, 12, 10 ], "texture": "#daedricsword_atlas", "cullface": "down" },
				"north": { "uv": [ 16, 15.5, 15, 16 ], "texture": "#daedricsword_atlas", "cullface": "down" },
				"west": { "uv": [ 6.5, 0.5, 6.75, 1 ], "texture": "#daedricsword_atlas", "cullface": "down" },
				"east": { "uv": [ 5.75, 0, 5.5, 0.5 ], "texture": "#daedricsword_atlas", "cullface": "down" }
			}
		},
		{
			"__comment": "Voxels",
			"from": [ 7.5, -3.75, 8 ],
			"to": [ 8.5, -3.5, 8.25 ],
			"faces": {
				"down": { "uv": [ 11, 9.25, 12, 9.5 ], "texture": "#daedricsword_atlas", "cullface": "down" },
				"south": { "uv": [ 12, 9.25, 13, 9.5 ], "texture": "#daedricsword_atlas", "cullface": "down" },
				"west": { "uv": [ 6.75, 4, 7, 4.25 ], "texture": "#daedricsword_atlas", "cullface": "down" },
				"east": { "uv": [ 16, 8.75, 15.75, 9 ], "texture": "#daedricsword_atlas", "cullface": "down" }
			}
		},
		{
			"__comment": "Voxels",
			"from": [ 7.5, -2.5, 7.5 ],
			"to": [ 8.5, -2.25, 7.75 ],
			"faces": {
				"up": { "uv": [ 13, 9.75, 14, 9.5 ], "texture": "#daedricsword_atlas", "cullface": "down" },
				"west": { "uv": [ 6.75, 3.25, 7, 3.5 ], "texture": "#daedricsword_atlas", "cullface": "down" },
				"east": { "uv": [ 7, 2, 6.75, 2.25 ], "texture": "#daedricsword_atlas", "cullface": "down" }
			}
		},
		{
			"__comment": "Voxels",
			"from": [ 7.5, -2, 8 ],
			"to": [ 8.5, -1, 8.25 ],
			"faces": {
				"up": { "uv": [ 14, 9.5, 15, 9.25 ], "texture": "#daedricsword_atlas", "cullface": "down" },
				"south": { "uv": [ 2.5, 0.5, 3.5, 1.5 ], "texture": "#daedricsword_atlas", "cullface": "down" },
				"west": { "uv": [ 6.25, 3, 6.5, 4 ], "texture": "#daedricsword_atlas", "cullface": "down" },
				"east": { "uv": [ 6.5, 2, 6.25, 3 ], "texture": "#daedricsword_atlas", "cullface": "down" }
			}
		},
		{
			"__comment": "Voxels",
			"from": [ 7.5, -1.5, 7.5 ],
			"to": [ 8.5, -1, 7.75 ],
			"faces": {
				"down": { "uv": [ 15, 9.5, 16, 9.75 ], "texture": "#daedricsword_atlas", "cullface": "down" },
				"up": { "uv": [ 15, 9.5, 16, 9.25 ], "texture": "#daedricsword_atlas", "cullface": "down" },
				"north": { "uv": [ 3.5, 0, 2.5, 0.5 ], "texture": "#daedricsword_atlas", "cullface": "down" },
				"west": { "uv": [ 6.5, 0, 6.75, 0.5 ], "texture": "#daedricsword_atlas", "cullface": "down" },
				"east": { "uv": [ 7, 8.25, 6.75, 8.75 ], "texture": "#daedricsword_atlas", "cullface": "down" }
			}
		},
		{
			"__comment": "Voxels",
			"from": [ 7.5, -1, 7.5 ],
			"to": [ 8, -0.75, 7.75 ],
			"faces": {
				"up": { "uv": [ 12.5, 8.75, 13, 8.5 ], "texture": "#daedricsword_atlas", "cullface": "down" },
				"north": { "uv": [ 14.5, 8.5, 14, 8.75 ], "texture": "#daedricsword_atlas", "cullface": "down" },
				"west": { "uv": [ 7, 3.25, 7.25, 3.5 ], "texture": "#daedricsword_atlas", "cullface": "down" },
				"east": { "uv": [ 7.5, 3.25, 7.25, 3.5 ], "texture": "#daedricsword_atlas", "cullface": "down" }
			}
		},
		{
			"__comment": "Voxels",
			"from": [ 7.5, -1, 8 ],
			"to": [ 8, -0.75, 8.25 ],
			"faces": {
				"up": { "uv": [ 14.75, 9, 15.25, 8.75 ], "texture": "#daedricsword_atlas", "cullface": "down" },
				"south": { "uv": [ 7, 8.5, 7.5, 8.75 ], "texture": "#daedricsword_atlas", "cullface": "down" },
				"west": { "uv": [ 7, 2.25, 7.25, 2.5 ], "texture": "#daedricsword_atlas", "cullface": "down" },
				"east": { "uv": [ 7.5, 2.25, 7.25, 2.5 ], "texture": "#daedricsword_atlas", "cullface": "down" }
			}
		},
		{
			"__comment": "Voxels",
			"from": [ 7.5, -0.75, 7.5 ],
			"to": [ 7.75, 1.75, 7.75 ],
			"faces": {
				"up": { "uv": [ 7.25, 1.75, 7.5, 1.5 ], "texture": "#daedricsword_atlas", "cullface": "down" },
				"north": { "uv": [ 5.75, 8, 5.5, 10.5 ], "texture": "#daedricsword_atlas", "cullface": "down" },
				"south": { "uv": [ 5.75, 8, 6, 10.5 ], "texture": "#daedricsword_atlas", "cullface": "down" },
				"west": { "uv": [ 5.5, 5.5, 5.75, 8 ], "texture": "#daedricsword_atlas", "cullface": "down" },
				"east": { "uv": [ 5.75, 0.5, 5.5, 3 ], "texture": "#daedricsword_atlas", "cullface": "down" }
			}
		},
		{
			"__comment": "Voxels",
			"from": [ 7.5, -0.75, 8 ],
			"to": [ 7.75, 1.75, 8.25 ],
			"faces": {
				"up": { "uv": [ 6.75, 3.75, 7, 3.5 ], "texture": "#daedricsword_atlas", "cullface": "down" },
				"north": { "uv": [ 5.25, 1.75, 5, 4.25 ], "texture": "#daedricsword_atlas", "cullface": "down" },
				"south": { "uv": [ 5.25, 1.75, 5.5, 4.25 ], "texture": "#daedricsword_atlas", "cullface": "down" },
				"west": { "uv": [ 5.5, 3, 5.75, 5.5 ], "texture": "#daedricsword_atlas", "cullface": "down" },
				"east": { "uv": [ 6, 5.5, 5.75, 8 ], "texture": "#daedricsword_atlas", "cullface": "down" }
			}
		},
		{
			"__comment": "Voxels",
			"from": [ 7.5, 7.25, 7.75 ],
			"to": [ 8.5, 12.75, 8 ],
			"faces": {
				"north": { "uv": [ 2, 1.5, 1, 7 ], "texture": "#daedricsword_atlas" },
				"south": { "uv": [ 2.5, 10.5, 3.5, 16 ], "texture": "#daedricsword_atlas" },
				"west": { "uv": [ 2, 1.5, 2.25, 7 ], "texture": "#daedricsword_atlas" },
				"east": { "uv": [ 2.5, 1.5, 2.25, 7 ], "texture": "#daedricsword_atlas" }
			}
		},
		{
			"__comment": "Voxels",
			"from": [ 7.5, 15, 7.75 ],
			"to": [ 8.5, 16.5, 8 ],
			"faces": {
				"up": { "uv": [ 9.5, 9.25, 10.5, 9 ], "texture": "#daedricsword_atlas", "cullface": "up" },
				"north": { "uv": [ 3.5, 2.5, 2.5, 4 ], "texture": "#daedricsword_atlas", "cullface": "up" },
				"south": { "uv": [ 0, 0.5, 1, 2 ], "texture": "#daedricsword_atlas", "cullface": "up" },
				"west": { "uv": [ 4, 0, 4.25, 1.5 ], "texture": "#daedricsword_atlas", "cullface": "up" },
				"east": { "uv": [ 6.5, 4, 6.25, 5.5 ], "texture": "#daedricsword_atlas", "cullface": "up" }
			}
		},
		{
			"__comment": "Voxels",
			"from": [ 7.75, -10.25, 7.5 ],
			"to": [ 8.25, -3.75, 7.75 ],
			"faces": {
				"north": { "uv": [ 3, 4, 2.5, 10.5 ], "texture": "#daedricsword_atlas", "cullface": "down" },
				"west": { "uv": [ 4.75, 0, 5, 6.5 ], "texture": "#daedricsword_atlas", "cullface": "down" },
				"east": { "uv": [ 5, 6.5, 4.75, 13 ], "texture": "#daedricsword_atlas", "cullface": "down" }
			}
		},
		{
			"__comment": "Voxels",
			"from": [ 7.75, -10.25, 8 ],
			"to": [ 8.25, -3.75, 8.25 ],
			"faces": {
				"south": { "uv": [ 3, 4, 3.5, 10.5 ], "texture": "#daedricsword_atlas", "cullface": "down" },
				"west": { "uv": [ 4.5, 0, 4.75, 6.5 ], "texture": "#daedricsword_atlas", "cullface": "down" },
				"east": { "uv": [ 4.75, 6.5, 4.5, 13 ], "texture": "#daedricsword_atlas", "cullface": "down" }
			}
		},
		{
			"__comment": "Voxels",
			"from": [ 7.75, -2.25, 7.5 ],
			"to": [ 8.25, -1.5, 7.75 ],
			"faces": {
				"north": { "uv": [ 7, 9.25, 6.5, 10 ], "texture": "#daedricsword_atlas", "cullface": "down" },
				"west": { "uv": [ 6.5, 4.75, 6.75, 5.5 ], "texture": "#daedricsword_atlas", "cullface": "down" },
				"east": { "uv": [ 6.75, 4, 6.5, 4.75 ], "texture": "#daedricsword_atlas", "cullface": "down" }
			}
		},
		{
			"__comment": "Voxels",
			"from": [ 7.75, 0.75, 7.5 ],
			"to": [ 8.5, 1.75, 7.75 ],
			"faces": {
				"down": { "uv": [ 10.5, 8.75, 11.25, 9 ], "texture": "#daedricsword_atlas" },
				"up": { "uv": [ 14.75, 9.25, 15.5, 9 ], "texture": "#daedricsword_atlas" },
				"north": { "uv": [ 8.5, 10.5, 7.75, 11.5 ], "texture": "#daedricsword_atlas" },
				"south": { "uv": [ 7, 10.5, 7.75, 11.5 ], "texture": "#daedricsword_atlas" },
				"east": { "uv": [ 6.5, 0, 6.25, 1 ], "texture": "#daedricsword_atlas" }
			}
		},
		{
			"__comment": "Voxels",
			"from": [ 7.75, 0.75, 8 ],
			"to": [ 8.5, 1.75, 8.25 ],
			"faces": {
				"down": { "uv": [ 9, 8.75, 9.75, 9 ], "texture": "#daedricsword_atlas" },
				"up": { "uv": [ 9.75, 9, 10.5, 8.75 ], "texture": "#daedricsword_atlas" },
				"north": { "uv": [ 7, 10.5, 6.25, 11.5 ], "texture": "#daedricsword_atlas" },
				"south": { "uv": [ 5.5, 10.5, 6.25, 11.5 ], "texture": "#daedricsword_atlas" },
				"east": { "uv": [ 6.75, 7, 6.5, 8 ], "texture": "#daedricsword_atlas" }
			}
		},
		{
			"__comment": "Voxels",
			"from": [ 7.75, 1.75, 7.5 ],
			"to": [ 8.25, 2, 7.75 ],
			"faces": {
				"up": { "uv": [ 15.5, 8.75, 16, 8.5 ], "texture": "#daedricsword_atlas" },
				"north": { "uv": [ 7.5, 8.25, 7, 8.5 ], "texture": "#daedricsword_atlas" },
				"west": { "uv": [ 6.75, 0.75, 7, 1 ], "texture": "#daedricsword_atlas" },
				"east": { "uv": [ 7.25, 3.75, 7, 4 ], "texture": "#daedricsword_atlas" }
			}
		},
		{
			"__comment": "Voxels",
			"from": [ 7.75, 1.75, 8 ],
			"to": [ 8.25, 2, 8.25 ],
			"faces": {
				"up": { "uv": [ 7, 7.25, 7.5, 7 ], "texture": "#daedricsword_atlas" },
				"south": { "uv": [ 7, 6.5, 7.5, 6.75 ], "texture": "#daedricsword_atlas" },
				"west": { "uv": [ 6.75, 0.5, 7, 0.75 ], "texture": "#daedricsword_atlas" },
				"east": { "uv": [ 7, 0.25, 6.75, 0.5 ], "texture": "#daedricsword_atlas" }
			}
		},
		{
			"__comment": "Voxels",
			"from": [ 7.75, 16.5, 7.75 ],
			"to": [ 8.25, 19.25, 8 ],
			"faces": {
				"up": { "uv": [ 7, 5.75, 7.5, 5.5 ], "texture": "#daedricsword_atlas", "cullface": "up" },
				"north": { "uv": [ 5.5, 7, 5, 9.75 ], "texture": "#daedricsword_atlas", "cullface": "up" },
				"south": { "uv": [ 5, 9.75, 5.5, 12.5 ], "texture": "#daedricsword_atlas", "cullface": "up" },
				"west": { "uv": [ 5, 4.25, 5.25, 7 ], "texture": "#daedricsword_atlas", "cullface": "up" },
				"east": { "uv": [ 5.5, 4.25, 5.25, 7 ], "texture": "#daedricsword_atlas", "cullface": "up" }
			}
		},
		{
			"__comment": "Voxels",
			"from": [ 7.75, 19.25, 7.75 ],
			"to": [ 8, 19.5, 8 ],
			"faces": {
				"up": { "uv": [ 7, 1.25, 7.25, 1 ], "texture": "#daedricsword_atlas", "cullface": "up" },
				"north": { "uv": [ 7.5, 1, 7.25, 1.25 ], "texture": "#daedricsword_atlas", "cullface": "up" },
				"south": { "uv": [ 7, 0.75, 7.25, 1 ], "texture": "#daedricsword_atlas", "cullface": "up" },
				"west": { "uv": [ 7.25, 3.5, 7.5, 3.75 ], "texture": "#daedricsword_atlas", "cullface": "up" },
				"east": { "uv": [ 7.25, 3, 7, 3.25 ], "texture": "#daedricsword_atlas", "cullface": "up" }
			}
		},
		{
			"__comment": "Voxels",
			"from": [ 8, 0.5, 7.5 ],
			"to": [ 8.5, 0.75, 7.75 ],
			"faces": {
				"down": { "uv": [ 7, 5.25, 7.5, 5.5 ], "texture": "#daedricsword_atlas" },
				"north": { "uv": [ 5.5, 0, 5, 0.25 ], "texture": "#daedricsword_atlas" },
				"west": { "uv": [ 7.25, 1.75, 7.5, 2 ], "texture": "#daedricsword_atlas" },
				"east": { "uv": [ 7.25, 1.25, 7, 1.5 ], "texture": "#daedricsword_atlas" }
			}
		},
		{
			"__comment": "Voxels",
			"from": [ 8, 0.5, 8 ],
			"to": [ 8.5, 0.75, 8.25 ],
			"faces": {
				"down": { "uv": [ 11.25, 8.75, 11.75, 9 ], "texture": "#daedricsword_atlas" },
				"south": { "uv": [ 12.75, 8.75, 13.25, 9 ], "texture": "#daedricsword_atlas" },
				"west": { "uv": [ 7.25, 0.75, 7.5, 1 ], "texture": "#daedricsword_atlas" },
				"east": { "uv": [ 7, 0, 6.75, 0.25 ], "texture": "#daedricsword_atlas" }
			}
		},
		{
			"__comment": "Voxels",
			"from": [ 8.25, -1, 7.5 ],
			"to": [ 8.5, 0.5, 7.75 ],
			"faces": {
				"north": { "uv": [ 4.5, 0, 4.25, 1.5 ], "texture": "#daedricsword_atlas", "cullface": "down" },
				"south": { "uv": [ 6, 5.75, 6.25, 7.25 ], "texture": "#daedricsword_atlas", "cullface": "down" },
				"west": { "uv": [ 6, 4.25, 6.25, 5.75 ], "texture": "#daedricsword_atlas", "cullface": "down" },
				"east": { "uv": [ 6.25, 7.25, 6, 8.75 ], "texture": "#daedricsword_atlas", "cullface": "down" }
			}
		},
		{
			"__comment": "Voxels",
			"from": [ 8.25, -1, 8 ],
			"to": [ 8.5, 0.5, 8.25 ],
			"faces": {
				"north": { "uv": [ 6.25, 8.75, 6, 10.25 ], "texture": "#daedricsword_atlas", "cullface": "down" },
				"south": { "uv": [ 6.25, 8.5, 6.5, 10 ], "texture": "#daedricsword_atlas", "cullface": "down" },
				"west": { "uv": [ 6.25, 7, 6.5, 8.5 ], "texture": "#daedricsword_atlas", "cullface": "down" },
				"east": { "uv": [ 6.5, 5.5, 6.25, 7 ], "texture": "#daedricsword_atlas", "cullface": "down" }
			}
		},
		{
			"__comment": "Voxels",
			"from": [ 9.25, 2.75, 7.75 ],
			"to": [ 10.25, 3, 8 ],
			"faces": {
				"down": { "uv": [ 10.5, 9, 11.5, 9.25 ], "texture": "#daedricsword_atlas" },
				"up": { "uv": [ 11.5, 9.25, 12.5, 9 ], "texture": "#daedricsword_atlas" },
				"north": { "uv": [ 16, 14, 15, 14.25 ], "texture": "#daedricsword_atlas" },
				"south": { "uv": [ 15, 13.75, 16, 14 ], "texture": "#daedricsword_atlas" },
				"west": { "uv": [ 7, 2.75, 7.25, 3 ], "texture": "#daedricsword_atlas" },
				"east": { "uv": [ 7.5, 2.75, 7.25, 3 ], "texture": "#daedricsword_atlas" }
			}
		},
		{
			"__comment": "Voxels",
			"from": [ 9.5, 3, 7.75 ],
			"to": [ 10.5, 3.25, 8 ],
			"faces": {
				"down": { "uv": [ 15, 12.75, 16, 13 ], "texture": "#daedricsword_atlas" },
				"up": { "uv": [ 15, 12.75, 16, 12.5 ], "texture": "#daedricsword_atlas" },
				"north": { "uv": [ 9.5, 10.5, 8.5, 10.75 ], "texture": "#daedricsword_atlas" },
				"south": { "uv": [ 9.5, 10.5, 10.5, 10.75 ], "texture": "#daedricsword_atlas" },
				"west": { "uv": [ 7, 2, 7.25, 2.25 ], "texture": "#daedricsword_atlas" },
				"east": { "uv": [ 7.5, 2, 7.25, 2.25 ], "texture": "#daedricsword_atlas" }
			}
		},
		{
			"__comment": "Voxels",
			"from": [ 10, 3.25, 7.75 ],
			"to": [ 10.5, 3.75, 8 ],
			"faces": {
				"up": { "uv": [ 9.5, 8.75, 10, 8.5 ], "texture": "#daedricsword_atlas" },
				"north": { "uv": [ 8.5, 9.5, 8, 10 ], "texture": "#daedricsword_atlas" },
				"south": { "uv": [ 8.5, 9.5, 9, 10 ], "texture": "#daedricsword_atlas" },
				"west": { "uv": [ 6.75, 4.75, 7, 5.25 ], "texture": "#daedricsword_atlas" },
				"east": { "uv": [ 7, 4.25, 6.75, 4.75 ], "texture": "#daedricsword_atlas" }
			}
		},
		{
			"__comment": "Voxels",
			"from": [ 10.25, 3.75, 7.75 ],
			"to": [ 10.75, 4, 8 ],
			"faces": {
				"down": { "uv": [ 11, 8.5, 11.5, 8.75 ], "texture": "#daedricsword_atlas" },
				"up": { "uv": [ 7, 8, 7.5, 7.75 ], "texture": "#daedricsword_atlas" },
				"north": { "uv": [ 7.5, 6.25, 7, 6.5 ], "texture": "#daedricsword_atlas" },
				"south": { "uv": [ 7, 6, 7.5, 6.25 ], "texture": "#daedricsword_atlas" },
				"west": { "uv": [ 7, 0.5, 7.25, 0.75 ], "texture": "#daedricsword_atlas" },
				"east": { "uv": [ 7.5, 0.5, 7.25, 0.75 ], "texture": "#daedricsword_atlas" }
			}
		},
		{
			"__comment": "Voxels",
			"from": [ 10.5, 3.5, 7.75 ],
			"to": [ 10.75, 3.75, 8 ],
			"faces": {
				"down": { "uv": [ 7, 0.25, 7.25, 0.5 ], "texture": "#daedricsword_atlas" },
				"north": { "uv": [ 7.25, 0, 7, 0.25 ], "texture": "#daedricsword_atlas" },
				"south": { "uv": [ 7.25, 0, 7.5, 0.25 ], "texture": "#daedricsword_atlas" },
				"east": { "uv": [ 8, 8.25, 7.75, 8.5 ], "texture": "#daedricsword_atlas" }
			}
		},
		{
			"__comment": "Voxels",
			"from": [ 10.5, 4, 7.75 ],
			"to": [ 10.75, 4.25, 8 ],
			"faces": {
				"up": { "uv": [ 8.25, 8.5, 8.5, 8.25 ], "texture": "#daedricsword_atlas" },
				"north": { "uv": [ 8.75, 8.25, 8.5, 8.5 ], "texture": "#daedricsword_atlas" },
				"south": { "uv": [ 8.75, 8.25, 9, 8.5 ], "texture": "#daedricsword_atlas" },
				"west": { "uv": [ 9, 8.25, 9.25, 8.5 ], "texture": "#daedricsword_atlas" },
				"east": { "uv": [ 9.5, 8.25, 9.25, 8.5 ], "texture": "#daedricsword_atlas" }
			}
		}
	],
	"display": {
		"thirdperson_righthand": {
			"rotation":  [ 0, 85, 0 ],
			"translation":  [ 0, 8.5, 1 ],
			"scale":  [ 0.7, 0.7, 0.9 ]
		},
		"thirdperson_lefthand": {
			"rotation":  [ 0, 85, 0 ],
			"translation":  [ 0, 8.5, 1 ],
			"scale":  [ 0.7, 0.7, 0.9 ]
		},
		"firstperson_righthand": {
			"rotation":  [ 0, -72, -15 ],
			"translation":  [ 9, 5, -5 ],
			"scale":  [ 0.8, 0.8, 1 ]
		},
		"firstperson_lefthand": {
			"rotation":  [ 0, -72, -15 ],
			"translation":  [ 9, 5, -5 ],
			"scale":  [ 0.8, 0.8, 1 ]
		},
		"gui": {
			"rotation":  [ 0, 0, -45 ],
			"translation":  [ 2, 2, 0 ],
			"scale":  [ 0.7, 0.7, 0.7 ]
		},
		"fixed": {
			"rotation":  [ 0, 0, 45 ],
			"translation":  [ -2, 3, -0.5 ],
			"scale":  [ 0.8, 0.8, 0.8 ]
		}
	}
}