{
	"__comment": "Designed by Elo106 with Cubik Studio - https://cubik.studio",
	"textures": {
		"particle": "items/skelletonkey",
		"texture": "items/skelletonkey",
		"voxels_palette": "items/skelletonkey"
	},
	"elements": [ 	 
		{
			"__comment": "Voxels-B59500",
			"from": [ 6, 4, 6 ],
			"to": [ 7, 5, 7 ],
			"faces": {
				"down": { "uv": [ 2.48, 0.4799995, 3.52, 1.52 ], "texture": "#voxels_palette" },
				"up": { "uv": [ 2.48, 0.4799995, 3.52, 1.52 ], "texture": "#voxels_palette" },
				"north": { "uv": [ 2.48, 0.4799995, 3.52, 1.52 ], "texture": "#voxels_palette" },
				"south": { "uv": [ 2.48, 0.4799995, 3.52, 1.52 ], "texture": "#voxels_palette" },
				"west": { "uv": [ 2.48, 0.4799995, 3.52, 1.52 ], "texture": "#voxels_palette" },
				"east": { "uv": [ 2.48, 0.4799995, 3.52, 1.52 ], "texture": "#voxels_palette" }
			}
		},
		{
			"__comment": "Voxels-BC9C04",
			"from": [ 6, 6, 7 ],
			"to": [ 7, 7, 8 ],
			"faces": {
				"down": { "uv": [ 4.48, 0.4799995, 5.52, 1.52 ], "texture": "#voxels_palette" },
				"up": { "uv": [ 4.48, 0.4799995, 5.52, 1.52 ], "texture": "#voxels_palette" },
				"north": { "uv": [ 4.48, 0.4799995, 5.52, 1.52 ], "texture": "#voxels_palette" },
				"south": { "uv": [ 4.48, 0.4799995, 5.52, 1.52 ], "texture": "#voxels_palette" },
				"west": { "uv": [ 4.48, 0.4799995, 5.52, 1.52 ], "texture": "#voxels_palette" },
				"east": { "uv": [ 4.48, 0.4799995, 5.52, 1.52 ], "texture": "#voxels_palette" }
			}
		},
		{
			"__comment": "Voxels-BFBFBF",
			"from": [ 6, 18, 3 ],
			"to": [ 7, 22, 4 ],
			"faces": {
				"down": { "uv": [ 2.48, 4.48, 3.52, 5.52 ], "texture": "#voxels_palette" },
				"up": { "uv": [ 2.48, 4.48, 3.52, 5.52 ], "texture": "#voxels_palette" },
				"north": { "uv": [ 2.48, 4.48, 3.52, 5.52 ], "texture": "#voxels_palette" },
				"south": { "uv": [ 2.48, 4.48, 3.52, 5.52 ], "texture": "#voxels_palette" },
				"west": { "uv": [ 2.48, 4.48, 3.52, 5.52 ], "texture": "#voxels_palette" },
				"east": { "uv": [ 2.48, 4.48, 3.52, 5.52 ], "texture": "#voxels_palette" }
			}
		},
		{
			"__comment": "Voxels-BFBFBF",
			"from": [ 6, 18, 4 ],
			"to": [ 7, 19, 9 ],
			"faces": {
				"down": { "uv": [ 2.48, 4.48, 3.52, 5.52 ], "texture": "#voxels_palette" },
				"up": { "uv": [ 2.48, 4.48, 3.52, 5.52 ], "texture": "#voxels_palette" },
				"north": { "uv": [ 2.48, 4.48, 3.52, 5.52 ], "texture": "#voxels_palette" },
				"south": { "uv": [ 2.48, 4.48, 3.52, 5.52 ], "texture": "#voxels_palette" },
				"west": { "uv": [ 2.48, 4.48, 3.52, 5.52 ], "texture": "#voxels_palette" },
				"east": { "uv": [ 2.48, 4.48, 3.52, 5.52 ], "texture": "#voxels_palette" }
			}
		},
		{
			"__comment": "Voxels-D3D3D3",
			"from": [ 6, 19, 4 ],
			"to": [ 7, 23, 8 ],
			"faces": {
				"down": { "uv": [ 4.48, 4.48, 5.52, 5.52 ], "texture": "#voxels_palette" },
				"up": { "uv": [ 4.48, 4.48, 5.52, 5.52 ], "texture": "#voxels_palette" },
				"north": { "uv": [ 4.48, 4.48, 5.52, 5.52 ], "texture": "#voxels_palette" },
				"south": { "uv": [ 4.48, 4.48, 5.52, 5.52 ], "texture": "#voxels_palette" },
				"west": { "uv": [ 4.48, 4.48, 5.52, 5.52 ], "texture": "#voxels_palette" },
				"east": { "uv": [ 4.48, 4.48, 5.52, 5.52 ], "texture": "#voxels_palette" }
			}
		},
		{
			"__comment": "Voxels-BFBFBF",
			"from": [ 6, 19, 8 ],
			"to": [ 14, 20, 9 ],
			"faces": {
				"down": { "uv": [ 2.48, 4.48, 3.52, 5.52 ], "texture": "#voxels_palette" },
				"up": { "uv": [ 2.48, 4.48, 3.52, 5.52 ], "texture": "#voxels_palette" },
				"north": { "uv": [ 2.48, 4.48, 3.52, 5.52 ], "texture": "#voxels_palette" },
				"south": { "uv": [ 2.48, 4.48, 3.52, 5.52 ], "texture": "#voxels_palette" },
				"west": { "uv": [ 2.48, 4.48, 3.52, 5.52 ], "texture": "#voxels_palette" },
				"east": { "uv": [ 2.48, 4.48, 3.52, 5.52 ], "texture": "#voxels_palette" }
			}
		},
		{
			"__comment": "Voxels-D3D3D3",
			"from": [ 6, 20, 8 ],
			"to": [ 14, 24, 9 ],
			"faces": {
				"down": { "uv": [ 4.48, 4.48, 5.52, 5.52 ], "texture": "#voxels_palette" },
				"up": { "uv": [ 4.48, 4.48, 5.52, 5.52 ], "texture": "#voxels_palette" },
				"north": { "uv": [ 4.48, 4.48, 5.52, 5.52 ], "texture": "#voxels_palette" },
				"south": { "uv": [ 4.48, 4.48, 5.52, 5.52 ], "texture": "#voxels_palette" },
				"west": { "uv": [ 4.48, 4.48, 5.52, 5.52 ], "texture": "#voxels_palette" },
				"east": { "uv": [ 4.48, 4.48, 5.52, 5.52 ], "texture": "#voxels_palette" }
			}
		},
		{
			"__comment": "Voxels-BFBFBF",
			"from": [ 6, 20, 9 ],
			"to": [ 7, 21, 11 ],
			"faces": {
				"down": { "uv": [ 2.48, 4.48, 3.52, 5.52 ], "texture": "#voxels_palette" },
				"up": { "uv": [ 2.48, 4.48, 3.52, 5.52 ], "texture": "#voxels_palette" },
				"north": { "uv": [ 2.48, 4.48, 3.52, 5.52 ], "texture": "#voxels_palette" },
				"south": { "uv": [ 2.48, 4.48, 3.52, 5.52 ], "texture": "#voxels_palette" },
				"west": { "uv": [ 2.48, 4.48, 3.52, 5.52 ], "texture": "#voxels_palette" },
				"east": { "uv": [ 2.48, 4.48, 3.52, 5.52 ], "texture": "#voxels_palette" }
			}
		},
		{
			"__comment": "Voxels-D3D3D3",
			"from": [ 6, 21, 9 ],
			"to": [ 14, 24, 10 ],
			"faces": {
				"down": { "uv": [ 4.48, 4.48, 5.52, 5.52 ], "texture": "#voxels_palette" },
				"up": { "uv": [ 4.48, 4.48, 5.52, 5.52 ], "texture": "#voxels_palette" },
				"north": { "uv": [ 4.48, 4.48, 5.52, 5.52 ], "texture": "#voxels_palette" },
				"south": { "uv": [ 4.48, 4.48, 5.52, 5.52 ], "texture": "#voxels_palette" },
				"west": { "uv": [ 4.48, 4.48, 5.52, 5.52 ], "texture": "#voxels_palette" },
				"east": { "uv": [ 4.48, 4.48, 5.52, 5.52 ], "texture": "#voxels_palette" }
			}
		},
		{
			"__comment": "Voxels-BFBFBF",
			"from": [ 6, 21, 10 ],
			"to": [ 7, 22, 11 ],
			"faces": {
				"down": { "uv": [ 2.48, 4.48, 3.52, 5.52 ], "texture": "#voxels_palette" },
				"up": { "uv": [ 2.48, 4.48, 3.52, 5.52 ], "texture": "#voxels_palette" },
				"north": { "uv": [ 2.48, 4.48, 3.52, 5.52 ], "texture": "#voxels_palette" },
				"south": { "uv": [ 2.48, 4.48, 3.52, 5.52 ], "texture": "#voxels_palette" },
				"west": { "uv": [ 2.48, 4.48, 3.52, 5.52 ], "texture": "#voxels_palette" },
				"east": { "uv": [ 2.48, 4.48, 3.52, 5.52 ], "texture": "#voxels_palette" }
			}
		},
		{
			"__comment": "Voxels-D3D3D3",
			"from": [ 6, 22, 3 ],
			"to": [ 14, 23, 4 ],
			"faces": {
				"down": { "uv": [ 4.48, 4.48, 5.52, 5.52 ], "texture": "#voxels_palette" },
				"up": { "uv": [ 4.48, 4.48, 5.52, 5.52 ], "texture": "#voxels_palette" },
				"north": { "uv": [ 4.48, 4.48, 5.52, 5.52 ], "texture": "#voxels_palette" },
				"south": { "uv": [ 4.48, 4.48, 5.52, 5.52 ], "texture": "#voxels_palette" },
				"west": { "uv": [ 4.48, 4.48, 5.52, 5.52 ], "texture": "#voxels_palette" },
				"east": { "uv": [ 4.48, 4.48, 5.52, 5.52 ], "texture": "#voxels_palette" }
			}
		},
		{
			"__comment": "Voxels-D3D3D3",
			"from": [ 6, 22, 10 ],
			"to": [ 14, 23, 11 ],
			"faces": {
				"down": { "uv": [ 4.48, 4.48, 5.52, 5.52 ], "texture": "#voxels_palette" },
				"up": { "uv": [ 4.48, 4.48, 5.52, 5.52 ], "texture": "#voxels_palette" },
				"north": { "uv": [ 4.48, 4.48, 5.52, 5.52 ], "texture": "#voxels_palette" },
				"south": { "uv": [ 4.48, 4.48, 5.52, 5.52 ], "texture": "#voxels_palette" },
				"west": { "uv": [ 4.48, 4.48, 5.52, 5.52 ], "texture": "#voxels_palette" },
				"east": { "uv": [ 4.48, 4.48, 5.52, 5.52 ], "texture": "#voxels_palette" }
			}
		},
		{
			"__comment": "Voxels-BFBFBF",
			"from": [ 6, 23, 4 ],
			"to": [ 8, 24, 5 ],
			"faces": {
				"down": { "uv": [ 2.48, 4.48, 3.52, 5.52 ], "texture": "#voxels_palette" },
				"up": { "uv": [ 2.48, 4.48, 3.52, 5.52 ], "texture": "#voxels_palette" },
				"north": { "uv": [ 2.48, 4.48, 3.52, 5.52 ], "texture": "#voxels_palette" },
				"south": { "uv": [ 2.48, 4.48, 3.52, 5.52 ], "texture": "#voxels_palette" },
				"west": { "uv": [ 2.48, 4.48, 3.52, 5.52 ], "texture": "#voxels_palette" },
				"east": { "uv": [ 2.48, 4.48, 3.52, 5.52 ], "texture": "#voxels_palette" }
			}
		},
		{
			"__comment": "Voxels-BFBFBF",
			"from": [ 6, 23, 5 ],
			"to": [ 7, 24, 7 ],
			"faces": {
				"down": { "uv": [ 2.48, 4.48, 3.52, 5.52 ], "texture": "#voxels_palette" },
				"up": { "uv": [ 2.48, 4.48, 3.52, 5.52 ], "texture": "#voxels_palette" },
				"north": { "uv": [ 2.48, 4.48, 3.52, 5.52 ], "texture": "#voxels_palette" },
				"south": { "uv": [ 2.48, 4.48, 3.52, 5.52 ], "texture": "#voxels_palette" },
				"west": { "uv": [ 2.48, 4.48, 3.52, 5.52 ], "texture": "#voxels_palette" },
				"east": { "uv": [ 2.48, 4.48, 3.52, 5.52 ], "texture": "#voxels_palette" }
			}
		},
		{
			"__comment": "Voxels-D3D3D3",
			"from": [ 6, 23, 7 ],
			"to": [ 14, 24, 8 ],
			"faces": {
				"down": { "uv": [ 4.48, 4.48, 5.52, 5.52 ], "texture": "#voxels_palette" },
				"up": { "uv": [ 4.48, 4.48, 5.52, 5.52 ], "texture": "#voxels_palette" },
				"north": { "uv": [ 4.48, 4.48, 5.52, 5.52 ], "texture": "#voxels_palette" },
				"south": { "uv": [ 4.48, 4.48, 5.52, 5.52 ], "texture": "#voxels_palette" },
				"west": { "uv": [ 4.48, 4.48, 5.52, 5.52 ], "texture": "#voxels_palette" },
				"east": { "uv": [ 4.48, 4.48, 5.52, 5.52 ], "texture": "#voxels_palette" }
			}
		},
		{
			"__comment": "Voxels-BF9F07",
			"from": [ 7, 4, 6 ],
			"to": [ 8, 5, 7 ],
			"faces": {
				"down": { "uv": [ 6.48, 0.4799995, 7.52, 1.52 ], "texture": "#voxels_palette" },
				"up": { "uv": [ 6.48, 0.4799995, 7.52, 1.52 ], "texture": "#voxels_palette" },
				"north": { "uv": [ 6.48, 0.4799995, 7.52, 1.52 ], "texture": "#voxels_palette" },
				"south": { "uv": [ 6.48, 0.4799995, 7.52, 1.52 ], "texture": "#voxels_palette" },
				"west": { "uv": [ 6.48, 0.4799995, 7.52, 1.52 ], "texture": "#voxels_palette" },
				"east": { "uv": [ 6.48, 0.4799995, 7.52, 1.52 ], "texture": "#voxels_palette" }
			}
		},
		{
			"__comment": "Voxels-B49400",
			"from": [ 7, 4, 7 ],
			"to": [ 8, 5, 8 ],
			"faces": {
				"down": { "uv": [ 8.48, 0.4799995, 9.52, 1.52 ], "texture": "#voxels_palette" },
				"up": { "uv": [ 8.48, 0.4799995, 9.52, 1.52 ], "texture": "#voxels_palette" },
				"north": { "uv": [ 8.48, 0.4799995, 9.52, 1.52 ], "texture": "#voxels_palette" },
				"south": { "uv": [ 8.48, 0.4799995, 9.52, 1.52 ], "texture": "#voxels_palette" },
				"west": { "uv": [ 8.48, 0.4799995, 9.52, 1.52 ], "texture": "#voxels_palette" },
				"east": { "uv": [ 8.48, 0.4799995, 9.52, 1.52 ], "texture": "#voxels_palette" }
			}
		},
		{
			"__comment": "Voxels-BE9E06",
			"from": [ 7, 6, 6 ],
			"to": [ 8, 7, 7 ],
			"faces": {
				"down": { "uv": [ 10.48, 0.4799995, 11.52, 1.52 ], "texture": "#voxels_palette" },
				"up": { "uv": [ 10.48, 0.4799995, 11.52, 1.52 ], "texture": "#voxels_palette" },
				"north": { "uv": [ 10.48, 0.4799995, 11.52, 1.52 ], "texture": "#voxels_palette" },
				"south": { "uv": [ 10.48, 0.4799995, 11.52, 1.52 ], "texture": "#voxels_palette" },
				"west": { "uv": [ 10.48, 0.4799995, 11.52, 1.52 ], "texture": "#voxels_palette" },
				"east": { "uv": [ 10.48, 0.4799995, 11.52, 1.52 ], "texture": "#voxels_palette" }
			}
		},
		{
			"__comment": "Voxels-B29200",
			"from": [ 7, 6, 7 ],
			"to": [ 8, 7, 8 ],
			"faces": {
				"down": { "uv": [ 12.48, 0.4799995, 13.52, 1.52 ], "texture": "#voxels_palette" },
				"up": { "uv": [ 12.48, 0.4799995, 13.52, 1.52 ], "texture": "#voxels_palette" },
				"north": { "uv": [ 12.48, 0.4799995, 13.52, 1.52 ], "texture": "#voxels_palette" },
				"south": { "uv": [ 12.48, 0.4799995, 13.52, 1.52 ], "texture": "#voxels_palette" },
				"west": { "uv": [ 12.48, 0.4799995, 13.52, 1.52 ], "texture": "#voxels_palette" },
				"east": { "uv": [ 12.48, 0.4799995, 13.52, 1.52 ], "texture": "#voxels_palette" }
			}
		},
		{
			"__comment": "Voxels-D3D3D3",
			"from": [ 7, 16, 5 ],
			"to": [ 13, 24, 6 ],
			"faces": {
				"down": { "uv": [ 4.48, 4.48, 5.52, 5.52 ], "texture": "#voxels_palette" },
				"up": { "uv": [ 4.48, 4.48, 5.52, 5.52 ], "texture": "#voxels_palette" },
				"north": { "uv": [ 4.48, 4.48, 5.52, 5.52 ], "texture": "#voxels_palette" },
				"south": { "uv": [ 4.48, 4.48, 5.52, 5.52 ], "texture": "#voxels_palette" },
				"west": { "uv": [ 4.48, 4.48, 5.52, 5.52 ], "texture": "#voxels_palette" },
				"east": { "uv": [ 4.48, 4.48, 5.52, 5.52 ], "texture": "#voxels_palette" }
			}
		},
		{
			"__comment": "Voxels-D3D3D3",
			"from": [ 7, 16, 6 ],
			"to": [ 12, 24, 7 ],
			"faces": {
				"down": { "uv": [ 4.48, 4.48, 5.52, 5.52 ], "texture": "#voxels_palette" },
				"up": { "uv": [ 4.48, 4.48, 5.52, 5.52 ], "texture": "#voxels_palette" },
				"north": { "uv": [ 4.48, 4.48, 5.52, 5.52 ], "texture": "#voxels_palette" },
				"south": { "uv": [ 4.48, 4.48, 5.52, 5.52 ], "texture": "#voxels_palette" },
				"west": { "uv": [ 4.48, 4.48, 5.52, 5.52 ], "texture": "#voxels_palette" },
				"east": { "uv": [ 4.48, 4.48, 5.52, 5.52 ], "texture": "#voxels_palette" }
			}
		},
		{
			"__comment": "Voxels-D3D3D3",
			"from": [ 7, 18, 3 ],
			"to": [ 13, 19, 5 ],
			"faces": {
				"down": { "uv": [ 4.48, 4.48, 5.52, 5.52 ], "texture": "#voxels_palette" },
				"up": { "uv": [ 4.48, 4.48, 5.52, 5.52 ], "texture": "#voxels_palette" },
				"north": { "uv": [ 4.48, 4.48, 5.52, 5.52 ], "texture": "#voxels_palette" },
				"south": { "uv": [ 4.48, 4.48, 5.52, 5.52 ], "texture": "#voxels_palette" },
				"west": { "uv": [ 4.48, 4.48, 5.52, 5.52 ], "texture": "#voxels_palette" },
				"east": { "uv": [ 4.48, 4.48, 5.52, 5.52 ], "texture": "#voxels_palette" }
			}
		},
		{
			"__comment": "Voxels-D3D3D3",
			"from": [ 7, 18, 7 ],
			"to": [ 13, 23, 8 ],
			"faces": {
				"down": { "uv": [ 4.48, 4.48, 5.52, 5.52 ], "texture": "#voxels_palette" },
				"up": { "uv": [ 4.48, 4.48, 5.52, 5.52 ], "texture": "#voxels_palette" },
				"north": { "uv": [ 4.48, 4.48, 5.52, 5.52 ], "texture": "#voxels_palette" },
				"south": { "uv": [ 4.48, 4.48, 5.52, 5.52 ], "texture": "#voxels_palette" },
				"west": { "uv": [ 4.48, 4.48, 5.52, 5.52 ], "texture": "#voxels_palette" },
				"east": { "uv": [ 4.48, 4.48, 5.52, 5.52 ], "texture": "#voxels_palette" }
			}
		},
		{
			"__comment": "Voxels-D3D3D3",
			"from": [ 7, 18, 8 ],
			"to": [ 13, 19, 9 ],
			"faces": {
				"down": { "uv": [ 4.48, 4.48, 5.52, 5.52 ], "texture": "#voxels_palette" },
				"up": { "uv": [ 4.48, 4.48, 5.52, 5.52 ], "texture": "#voxels_palette" },
				"north": { "uv": [ 4.48, 4.48, 5.52, 5.52 ], "texture": "#voxels_palette" },
				"south": { "uv": [ 4.48, 4.48, 5.52, 5.52 ], "texture": "#voxels_palette" },
				"west": { "uv": [ 4.48, 4.48, 5.52, 5.52 ], "texture": "#voxels_palette" },
				"east": { "uv": [ 4.48, 4.48, 5.52, 5.52 ], "texture": "#voxels_palette" }
			}
		},
		{
			"__comment": "Voxels-797979",
			"from": [ 7, 19, 4 ],
			"to": [ 8, 20, 5 ],
			"faces": {
				"down": { "uv": [ 4.48, 6.48, 5.52, 7.52 ], "texture": "#voxels_palette" },
				"up": { "uv": [ 4.48, 6.48, 5.52, 7.52 ], "texture": "#voxels_palette" },
				"north": { "uv": [ 4.48, 6.48, 5.52, 7.52 ], "texture": "#voxels_palette" },
				"south": { "uv": [ 4.48, 6.48, 5.52, 7.52 ], "texture": "#voxels_palette" },
				"west": { "uv": [ 4.48, 6.48, 5.52, 7.52 ], "texture": "#voxels_palette" },
				"east": { "uv": [ 4.48, 6.48, 5.52, 7.52 ], "texture": "#voxels_palette" }
			}
		},
		{
			"__comment": "Voxels-D3D3D3",
			"from": [ 7, 19, 9 ],
			"to": [ 13, 21, 10 ],
			"faces": {
				"down": { "uv": [ 4.48, 4.48, 5.52, 5.52 ], "texture": "#voxels_palette" },
				"up": { "uv": [ 4.48, 4.48, 5.52, 5.52 ], "texture": "#voxels_palette" },
				"north": { "uv": [ 4.48, 4.48, 5.52, 5.52 ], "texture": "#voxels_palette" },
				"south": { "uv": [ 4.48, 4.48, 5.52, 5.52 ], "texture": "#voxels_palette" },
				"west": { "uv": [ 4.48, 4.48, 5.52, 5.52 ], "texture": "#voxels_palette" },
				"east": { "uv": [ 4.48, 4.48, 5.52, 5.52 ], "texture": "#voxels_palette" }
			}
		},
		{
			"__comment": "Voxels-787878",
			"from": [ 7, 20, 4 ],
			"to": [ 8, 21, 5 ],
			"faces": {
				"down": { "uv": [ 10.48, 4.48, 11.52, 5.52 ], "texture": "#voxels_palette" },
				"up": { "uv": [ 10.48, 4.48, 11.52, 5.52 ], "texture": "#voxels_palette" },
				"north": { "uv": [ 10.48, 4.48, 11.52, 5.52 ], "texture": "#voxels_palette" },
				"south": { "uv": [ 10.48, 4.48, 11.52, 5.52 ], "texture": "#voxels_palette" },
				"west": { "uv": [ 10.48, 4.48, 11.52, 5.52 ], "texture": "#voxels_palette" },
				"east": { "uv": [ 10.48, 4.48, 11.52, 5.52 ], "texture": "#voxels_palette" }
			}
		},
		{
			"__comment": "Voxels-BFBFBF",
			"from": [ 7, 20, 10 ],
			"to": [ 9, 21, 11 ],
			"faces": {
				"down": { "uv": [ 2.48, 4.48, 3.52, 5.52 ], "texture": "#voxels_palette" },
				"up": { "uv": [ 2.48, 4.48, 3.52, 5.52 ], "texture": "#voxels_palette" },
				"north": { "uv": [ 2.48, 4.48, 3.52, 5.52 ], "texture": "#voxels_palette" },
				"south": { "uv": [ 2.48, 4.48, 3.52, 5.52 ], "texture": "#voxels_palette" },
				"west": { "uv": [ 2.48, 4.48, 3.52, 5.52 ], "texture": "#voxels_palette" },
				"east": { "uv": [ 2.48, 4.48, 3.52, 5.52 ], "texture": "#voxels_palette" }
			}
		},
		{
			"__comment": "Voxels-D3D3D3",
			"from": [ 7, 21, 3 ],
			"to": [ 13, 22, 5 ],
			"faces": {
				"down": { "uv": [ 4.48, 4.48, 5.52, 5.52 ], "texture": "#voxels_palette" },
				"up": { "uv": [ 4.48, 4.48, 5.52, 5.52 ], "texture": "#voxels_palette" },
				"north": { "uv": [ 4.48, 4.48, 5.52, 5.52 ], "texture": "#voxels_palette" },
				"south": { "uv": [ 4.48, 4.48, 5.52, 5.52 ], "texture": "#voxels_palette" },
				"west": { "uv": [ 4.48, 4.48, 5.52, 5.52 ], "texture": "#voxels_palette" },
				"east": { "uv": [ 4.48, 4.48, 5.52, 5.52 ], "texture": "#voxels_palette" }
			}
		},
		{
			"__comment": "Voxels-D3D3D3",
			"from": [ 7, 21, 10 ],
			"to": [ 13, 22, 11 ],
			"faces": {
				"down": { "uv": [ 4.48, 4.48, 5.52, 5.52 ], "texture": "#voxels_palette" },
				"up": { "uv": [ 4.48, 4.48, 5.52, 5.52 ], "texture": "#voxels_palette" },
				"north": { "uv": [ 4.48, 4.48, 5.52, 5.52 ], "texture": "#voxels_palette" },
				"south": { "uv": [ 4.48, 4.48, 5.52, 5.52 ], "texture": "#voxels_palette" },
				"west": { "uv": [ 4.48, 4.48, 5.52, 5.52 ], "texture": "#voxels_palette" },
				"east": { "uv": [ 4.48, 4.48, 5.52, 5.52 ], "texture": "#voxels_palette" }
			}
		},
		{
			"__comment": "Voxels-D3D3D3",
			"from": [ 7, 22, 4 ],
			"to": [ 14, 23, 5 ],
			"faces": {
				"down": { "uv": [ 4.48, 4.48, 5.52, 5.52 ], "texture": "#voxels_palette" },
				"up": { "uv": [ 4.48, 4.48, 5.52, 5.52 ], "texture": "#voxels_palette" },
				"north": { "uv": [ 4.48, 4.48, 5.52, 5.52 ], "texture": "#voxels_palette" },
				"south": { "uv": [ 4.48, 4.48, 5.52, 5.52 ], "texture": "#voxels_palette" },
				"west": { "uv": [ 4.48, 4.48, 5.52, 5.52 ], "texture": "#voxels_palette" },
				"east": { "uv": [ 4.48, 4.48, 5.52, 5.52 ], "texture": "#voxels_palette" }
			}
		},
		{
			"__comment": "Voxels-BFBFBF",
			"from": [ 7, 23, 3 ],
			"to": [ 11, 24, 4 ],
			"faces": {
				"down": { "uv": [ 2.48, 4.48, 3.52, 5.52 ], "texture": "#voxels_palette" },
				"up": { "uv": [ 2.48, 4.48, 3.52, 5.52 ], "texture": "#voxels_palette" },
				"north": { "uv": [ 2.48, 4.48, 3.52, 5.52 ], "texture": "#voxels_palette" },
				"south": { "uv": [ 2.48, 4.48, 3.52, 5.52 ], "texture": "#voxels_palette" },
				"west": { "uv": [ 2.48, 4.48, 3.52, 5.52 ], "texture": "#voxels_palette" },
				"east": { "uv": [ 2.48, 4.48, 3.52, 5.52 ], "texture": "#voxels_palette" }
			}
		},
		{
			"__comment": "Voxels-D3D3D3",
			"from": [ 7, 23, 10 ],
			"to": [ 13, 24, 11 ],
			"faces": {
				"down": { "uv": [ 4.48, 4.48, 5.52, 5.52 ], "texture": "#voxels_palette" },
				"up": { "uv": [ 4.48, 4.48, 5.52, 5.52 ], "texture": "#voxels_palette" },
				"north": { "uv": [ 4.48, 4.48, 5.52, 5.52 ], "texture": "#voxels_palette" },
				"south": { "uv": [ 4.48, 4.48, 5.52, 5.52 ], "texture": "#voxels_palette" },
				"west": { "uv": [ 4.48, 4.48, 5.52, 5.52 ], "texture": "#voxels_palette" },
				"east": { "uv": [ 4.48, 4.48, 5.52, 5.52 ], "texture": "#voxels_palette" }
			}
		},
		{
			"__comment": "Voxels-B69600",
			"from": [ 7, 26, 6 ],
			"to": [ 8, 27, 7 ],
			"faces": {
				"down": { "uv": [ 10.48, 2.48, 11.52, 3.52 ], "texture": "#voxels_palette" },
				"up": { "uv": [ 10.48, 2.48, 11.52, 3.52 ], "texture": "#voxels_palette" },
				"north": { "uv": [ 10.48, 2.48, 11.52, 3.52 ], "texture": "#voxels_palette" },
				"south": { "uv": [ 10.48, 2.48, 11.52, 3.52 ], "texture": "#voxels_palette" },
				"west": { "uv": [ 10.48, 2.48, 11.52, 3.52 ], "texture": "#voxels_palette" },
				"east": { "uv": [ 10.48, 2.48, 11.52, 3.52 ], "texture": "#voxels_palette" }
			}
		},
		{
			"__comment": "Voxels-BF9F07",
			"from": [ 7, 26, 7 ],
			"to": [ 8, 27, 8 ],
			"faces": {
				"down": { "uv": [ 6.48, 0.4799995, 7.52, 1.52 ], "texture": "#voxels_palette" },
				"up": { "uv": [ 6.48, 0.4799995, 7.52, 1.52 ], "texture": "#voxels_palette" },
				"north": { "uv": [ 6.48, 0.4799995, 7.52, 1.52 ], "texture": "#voxels_palette" },
				"south": { "uv": [ 6.48, 0.4799995, 7.52, 1.52 ], "texture": "#voxels_palette" },
				"west": { "uv": [ 6.48, 0.4799995, 7.52, 1.52 ], "texture": "#voxels_palette" },
				"east": { "uv": [ 6.48, 0.4799995, 7.52, 1.52 ], "texture": "#voxels_palette" }
			}
		},
		{
			"__comment": "Voxels-B29200",
			"from": [ 7, 29, 6 ],
			"to": [ 8, 30, 7 ],
			"faces": {
				"down": { "uv": [ 12.48, 0.4799995, 13.52, 1.52 ], "texture": "#voxels_palette" },
				"up": { "uv": [ 12.48, 0.4799995, 13.52, 1.52 ], "texture": "#voxels_palette" },
				"north": { "uv": [ 12.48, 0.4799995, 13.52, 1.52 ], "texture": "#voxels_palette" },
				"south": { "uv": [ 12.48, 0.4799995, 13.52, 1.52 ], "texture": "#voxels_palette" },
				"west": { "uv": [ 12.48, 0.4799995, 13.52, 1.52 ], "texture": "#voxels_palette" },
				"east": { "uv": [ 12.48, 0.4799995, 13.52, 1.52 ], "texture": "#voxels_palette" }
			}
		},
		{
			"__comment": "Voxels-BA9A02",
			"from": [ 7, 29, 7 ],
			"to": [ 8, 30, 8 ],
			"faces": {
				"down": { "uv": [ 14.48, 2.48, 15.52, 3.52 ], "texture": "#voxels_palette" },
				"up": { "uv": [ 14.48, 2.48, 15.52, 3.52 ], "texture": "#voxels_palette" },
				"north": { "uv": [ 14.48, 2.48, 15.52, 3.52 ], "texture": "#voxels_palette" },
				"south": { "uv": [ 14.48, 2.48, 15.52, 3.52 ], "texture": "#voxels_palette" },
				"west": { "uv": [ 14.48, 2.48, 15.52, 3.52 ], "texture": "#voxels_palette" },
				"east": { "uv": [ 14.48, 2.48, 15.52, 3.52 ], "texture": "#voxels_palette" }
			}
		},
		{
			"__comment": "Voxels-B59500",
			"from": [ 8, 4, 6 ],
			"to": [ 9, 5, 7 ],
			"faces": {
				"down": { "uv": [ 2.48, 0.4799995, 3.52, 1.52 ], "texture": "#voxels_palette" },
				"up": { "uv": [ 2.48, 0.4799995, 3.52, 1.52 ], "texture": "#voxels_palette" },
				"north": { "uv": [ 2.48, 0.4799995, 3.52, 1.52 ], "texture": "#voxels_palette" },
				"south": { "uv": [ 2.48, 0.4799995, 3.52, 1.52 ], "texture": "#voxels_palette" },
				"west": { "uv": [ 2.48, 0.4799995, 3.52, 1.52 ], "texture": "#voxels_palette" },
				"east": { "uv": [ 2.48, 0.4799995, 3.52, 1.52 ], "texture": "#voxels_palette" }
			}
		},
		{
			"__comment": "Voxels-BF9F07",
			"from": [ 8, 4, 7 ],
			"to": [ 9, 5, 8 ],
			"faces": {
				"down": { "uv": [ 6.48, 0.4799995, 7.52, 1.52 ], "texture": "#voxels_palette" },
				"up": { "uv": [ 6.48, 0.4799995, 7.52, 1.52 ], "texture": "#voxels_palette" },
				"north": { "uv": [ 6.48, 0.4799995, 7.52, 1.52 ], "texture": "#voxels_palette" },
				"south": { "uv": [ 6.48, 0.4799995, 7.52, 1.52 ], "texture": "#voxels_palette" },
				"west": { "uv": [ 6.48, 0.4799995, 7.52, 1.52 ], "texture": "#voxels_palette" },
				"east": { "uv": [ 6.48, 0.4799995, 7.52, 1.52 ], "texture": "#voxels_palette" }
			}
		},
		{
			"__comment": "Voxels-B79700",
			"from": [ 8, 5, 7 ],
			"to": [ 9, 6, 8 ],
			"faces": {
				"down": { "uv": [ 14.48, 0.4799995, 15.52, 1.52 ], "texture": "#voxels_palette" },
				"up": { "uv": [ 14.48, 0.4799995, 15.52, 1.52 ], "texture": "#voxels_palette" },
				"north": { "uv": [ 14.48, 0.4799995, 15.52, 1.52 ], "texture": "#voxels_palette" },
				"south": { "uv": [ 14.48, 0.4799995, 15.52, 1.52 ], "texture": "#voxels_palette" },
				"west": { "uv": [ 14.48, 0.4799995, 15.52, 1.52 ], "texture": "#voxels_palette" },
				"east": { "uv": [ 14.48, 0.4799995, 15.52, 1.52 ], "texture": "#voxels_palette" }
			}
		},
		{
			"__comment": "Voxels-B29200",
			"from": [ 8, 6, 6 ],
			"to": [ 9, 7, 7 ],
			"faces": {
				"down": { "uv": [ 12.48, 0.4799995, 13.52, 1.52 ], "texture": "#voxels_palette" },
				"up": { "uv": [ 12.48, 0.4799995, 13.52, 1.52 ], "texture": "#voxels_palette" },
				"north": { "uv": [ 12.48, 0.4799995, 13.52, 1.52 ], "texture": "#voxels_palette" },
				"south": { "uv": [ 12.48, 0.4799995, 13.52, 1.52 ], "texture": "#voxels_palette" },
				"west": { "uv": [ 12.48, 0.4799995, 13.52, 1.52 ], "texture": "#voxels_palette" },
				"east": { "uv": [ 12.48, 0.4799995, 13.52, 1.52 ], "texture": "#voxels_palette" }
			}
		},
		{
			"__comment": "Voxels-B19100",
			"from": [ 8, 6, 7 ],
			"to": [ 9, 7, 8 ],
			"faces": {
				"down": { "uv": [ 0.48, 2.48, 1.52, 3.52 ], "texture": "#voxels_palette" },
				"up": { "uv": [ 0.48, 2.48, 1.52, 3.52 ], "texture": "#voxels_palette" },
				"north": { "uv": [ 0.48, 2.48, 1.52, 3.52 ], "texture": "#voxels_palette" },
				"south": { "uv": [ 0.48, 2.48, 1.52, 3.52 ], "texture": "#voxels_palette" },
				"west": { "uv": [ 0.48, 2.48, 1.52, 3.52 ], "texture": "#voxels_palette" },
				"east": { "uv": [ 0.48, 2.48, 1.52, 3.52 ], "texture": "#voxels_palette" }
			}
		},
		{
			"__comment": "Voxels-D3D3D3",
			"from": [ 8, 16, 3 ],
			"to": [ 9, 18, 5 ],
			"faces": {
				"down": { "uv": [ 4.48, 4.48, 5.52, 5.52 ], "texture": "#voxels_palette" },
				"up": { "uv": [ 4.48, 4.48, 5.52, 5.52 ], "texture": "#voxels_palette" },
				"north": { "uv": [ 4.48, 4.48, 5.52, 5.52 ], "texture": "#voxels_palette" },
				"south": { "uv": [ 4.48, 4.48, 5.52, 5.52 ], "texture": "#voxels_palette" },
				"west": { "uv": [ 4.48, 4.48, 5.52, 5.52 ], "texture": "#voxels_palette" },
				"east": { "uv": [ 4.48, 4.48, 5.52, 5.52 ], "texture": "#voxels_palette" }
			}
		},
		{
			"__comment": "Voxels-D3D3D3",
			"from": [ 8, 17, 7 ],
			"to": [ 12, 18, 8 ],
			"faces": {
				"down": { "uv": [ 4.48, 4.48, 5.52, 5.52 ], "texture": "#voxels_palette" },
				"up": { "uv": [ 4.48, 4.48, 5.52, 5.52 ], "texture": "#voxels_palette" },
				"north": { "uv": [ 4.48, 4.48, 5.52, 5.52 ], "texture": "#voxels_palette" },
				"south": { "uv": [ 4.48, 4.48, 5.52, 5.52 ], "texture": "#voxels_palette" },
				"west": { "uv": [ 4.48, 4.48, 5.52, 5.52 ], "texture": "#voxels_palette" },
				"east": { "uv": [ 4.48, 4.48, 5.52, 5.52 ], "texture": "#voxels_palette" }
			}
		},
		{
			"__comment": "Voxels-808080",
			"from": [ 8, 19, 4 ],
			"to": [ 9, 20, 5 ],
			"faces": {
				"down": { "uv": [ 6.48, 6.48, 7.52, 7.52 ], "texture": "#voxels_palette" },
				"up": { "uv": [ 6.48, 6.48, 7.52, 7.52 ], "texture": "#voxels_palette" },
				"north": { "uv": [ 6.48, 6.48, 7.52, 7.52 ], "texture": "#voxels_palette" },
				"south": { "uv": [ 6.48, 6.48, 7.52, 7.52 ], "texture": "#voxels_palette" },
				"west": { "uv": [ 6.48, 6.48, 7.52, 7.52 ], "texture": "#voxels_palette" },
				"east": { "uv": [ 6.48, 6.48, 7.52, 7.52 ], "texture": "#voxels_palette" }
			}
		},
		{
			"__comment": "Voxels-797979",
			"from": [ 8, 20, 4 ],
			"to": [ 9, 21, 5 ],
			"faces": {
				"down": { "uv": [ 4.48, 6.48, 5.52, 7.52 ], "texture": "#voxels_palette" },
				"up": { "uv": [ 4.48, 6.48, 5.52, 7.52 ], "texture": "#voxels_palette" },
				"north": { "uv": [ 4.48, 6.48, 5.52, 7.52 ], "texture": "#voxels_palette" },
				"south": { "uv": [ 4.48, 6.48, 5.52, 7.52 ], "texture": "#voxels_palette" },
				"west": { "uv": [ 4.48, 6.48, 5.52, 7.52 ], "texture": "#voxels_palette" },
				"east": { "uv": [ 4.48, 6.48, 5.52, 7.52 ], "texture": "#voxels_palette" }
			}
		},
		{
			"__comment": "Voxels-D3D3D3",
			"from": [ 8, 23, 4 ],
			"to": [ 14, 24, 5 ],
			"faces": {
				"down": { "uv": [ 4.48, 4.48, 5.52, 5.52 ], "texture": "#voxels_palette" },
				"up": { "uv": [ 4.48, 4.48, 5.52, 5.52 ], "texture": "#voxels_palette" },
				"north": { "uv": [ 4.48, 4.48, 5.52, 5.52 ], "texture": "#voxels_palette" },
				"south": { "uv": [ 4.48, 4.48, 5.52, 5.52 ], "texture": "#voxels_palette" },
				"west": { "uv": [ 4.48, 4.48, 5.52, 5.52 ], "texture": "#voxels_palette" },
				"east": { "uv": [ 4.48, 4.48, 5.52, 5.52 ], "texture": "#voxels_palette" }
			}
		},
		{
			"__comment": "Voxels-BD9D05",
			"from": [ 8, 25, 6 ],
			"to": [ 9, 26, 7 ],
			"faces": {
				"down": { "uv": [ 4.48, 2.48, 5.52, 3.52 ], "texture": "#voxels_palette" },
				"up": { "uv": [ 4.48, 2.48, 5.52, 3.52 ], "texture": "#voxels_palette" },
				"north": { "uv": [ 4.48, 2.48, 5.52, 3.52 ], "texture": "#voxels_palette" },
				"south": { "uv": [ 4.48, 2.48, 5.52, 3.52 ], "texture": "#voxels_palette" },
				"west": { "uv": [ 4.48, 2.48, 5.52, 3.52 ], "texture": "#voxels_palette" },
				"east": { "uv": [ 4.48, 2.48, 5.52, 3.52 ], "texture": "#voxels_palette" }
			}
		},
		{
			"__comment": "Voxels-B39300",
			"from": [ 8, 25, 7 ],
			"to": [ 9, 27, 8 ],
			"faces": {
				"down": { "uv": [ 8.48, 2.48, 9.52, 3.52 ], "texture": "#voxels_palette" },
				"up": { "uv": [ 8.48, 2.48, 9.52, 3.52 ], "texture": "#voxels_palette" },
				"north": { "uv": [ 8.48, 2.48, 9.52, 3.52 ], "texture": "#voxels_palette" },
				"south": { "uv": [ 8.48, 2.48, 9.52, 3.52 ], "texture": "#voxels_palette" },
				"west": { "uv": [ 8.48, 2.48, 9.52, 3.52 ], "texture": "#voxels_palette" },
				"east": { "uv": [ 8.48, 2.48, 9.52, 3.52 ], "texture": "#voxels_palette" }
			}
		},
		{
			"__comment": "Voxels-B39300",
			"from": [ 8, 26, 6 ],
			"to": [ 9, 27, 7 ],
			"faces": {
				"down": { "uv": [ 8.48, 2.48, 9.52, 3.52 ], "texture": "#voxels_palette" },
				"up": { "uv": [ 8.48, 2.48, 9.52, 3.52 ], "texture": "#voxels_palette" },
				"north": { "uv": [ 8.48, 2.48, 9.52, 3.52 ], "texture": "#voxels_palette" },
				"south": { "uv": [ 8.48, 2.48, 9.52, 3.52 ], "texture": "#voxels_palette" },
				"west": { "uv": [ 8.48, 2.48, 9.52, 3.52 ], "texture": "#voxels_palette" },
				"east": { "uv": [ 8.48, 2.48, 9.52, 3.52 ], "texture": "#voxels_palette" }
			}
		},
		{
			"__comment": "Voxels-B49400",
			"from": [ 8, 27, 6 ],
			"to": [ 9, 28, 7 ],
			"faces": {
				"down": { "uv": [ 8.48, 0.4799995, 9.52, 1.52 ], "texture": "#voxels_palette" },
				"up": { "uv": [ 8.48, 0.4799995, 9.52, 1.52 ], "texture": "#voxels_palette" },
				"north": { "uv": [ 8.48, 0.4799995, 9.52, 1.52 ], "texture": "#voxels_palette" },
				"south": { "uv": [ 8.48, 0.4799995, 9.52, 1.52 ], "texture": "#voxels_palette" },
				"west": { "uv": [ 8.48, 0.4799995, 9.52, 1.52 ], "texture": "#voxels_palette" },
				"east": { "uv": [ 8.48, 0.4799995, 9.52, 1.52 ], "texture": "#voxels_palette" }
			}
		},
		{
			"__comment": "Voxels-B89800",
			"from": [ 8, 27, 7 ],
			"to": [ 9, 28, 8 ],
			"faces": {
				"down": { "uv": [ 0.48, 4.48, 1.52, 5.52 ], "texture": "#voxels_palette" },
				"up": { "uv": [ 0.48, 4.48, 1.52, 5.52 ], "texture": "#voxels_palette" },
				"north": { "uv": [ 0.48, 4.48, 1.52, 5.52 ], "texture": "#voxels_palette" },
				"south": { "uv": [ 0.48, 4.48, 1.52, 5.52 ], "texture": "#voxels_palette" },
				"west": { "uv": [ 0.48, 4.48, 1.52, 5.52 ], "texture": "#voxels_palette" },
				"east": { "uv": [ 0.48, 4.48, 1.52, 5.52 ], "texture": "#voxels_palette" }
			}
		},
		{
			"__comment": "Voxels-BF9F07",
			"from": [ 8, 28, 6 ],
			"to": [ 9, 29, 7 ],
			"faces": {
				"down": { "uv": [ 6.48, 0.4799995, 7.52, 1.52 ], "texture": "#voxels_palette" },
				"up": { "uv": [ 6.48, 0.4799995, 7.52, 1.52 ], "texture": "#voxels_palette" },
				"north": { "uv": [ 6.48, 0.4799995, 7.52, 1.52 ], "texture": "#voxels_palette" },
				"south": { "uv": [ 6.48, 0.4799995, 7.52, 1.52 ], "texture": "#voxels_palette" },
				"west": { "uv": [ 6.48, 0.4799995, 7.52, 1.52 ], "texture": "#voxels_palette" },
				"east": { "uv": [ 6.48, 0.4799995, 7.52, 1.52 ], "texture": "#voxels_palette" }
			}
		},
		{
			"__comment": "Voxels-B49400",
			"from": [ 8, 28, 7 ],
			"to": [ 9, 29, 8 ],
			"faces": {
				"down": { "uv": [ 8.48, 0.4799995, 9.52, 1.52 ], "texture": "#voxels_palette" },
				"up": { "uv": [ 8.48, 0.4799995, 9.52, 1.52 ], "texture": "#voxels_palette" },
				"north": { "uv": [ 8.48, 0.4799995, 9.52, 1.52 ], "texture": "#voxels_palette" },
				"south": { "uv": [ 8.48, 0.4799995, 9.52, 1.52 ], "texture": "#voxels_palette" },
				"west": { "uv": [ 8.48, 0.4799995, 9.52, 1.52 ], "texture": "#voxels_palette" },
				"east": { "uv": [ 8.48, 0.4799995, 9.52, 1.52 ], "texture": "#voxels_palette" }
			}
		},
		{
			"__comment": "Voxels-B79700",
			"from": [ 8, 29, 6 ],
			"to": [ 9, 30, 7 ],
			"faces": {
				"down": { "uv": [ 14.48, 0.4799995, 15.52, 1.52 ], "texture": "#voxels_palette" },
				"up": { "uv": [ 14.48, 0.4799995, 15.52, 1.52 ], "texture": "#voxels_palette" },
				"north": { "uv": [ 14.48, 0.4799995, 15.52, 1.52 ], "texture": "#voxels_palette" },
				"south": { "uv": [ 14.48, 0.4799995, 15.52, 1.52 ], "texture": "#voxels_palette" },
				"west": { "uv": [ 14.48, 0.4799995, 15.52, 1.52 ], "texture": "#voxels_palette" },
				"east": { "uv": [ 14.48, 0.4799995, 15.52, 1.52 ], "texture": "#voxels_palette" }
			}
		},
		{
			"__comment": "Voxels-BC9C04",
			"from": [ 8, 29, 7 ],
			"to": [ 9, 30, 8 ],
			"faces": {
				"down": { "uv": [ 4.48, 0.4799995, 5.52, 1.52 ], "texture": "#voxels_palette" },
				"up": { "uv": [ 4.48, 0.4799995, 5.52, 1.52 ], "texture": "#voxels_palette" },
				"north": { "uv": [ 4.48, 0.4799995, 5.52, 1.52 ], "texture": "#voxels_palette" },
				"south": { "uv": [ 4.48, 0.4799995, 5.52, 1.52 ], "texture": "#voxels_palette" },
				"west": { "uv": [ 4.48, 0.4799995, 5.52, 1.52 ], "texture": "#voxels_palette" },
				"east": { "uv": [ 4.48, 0.4799995, 5.52, 1.52 ], "texture": "#voxels_palette" }
			}
		},
		{
			"__comment": "Voxels-BD9D05",
			"from": [ 8, 30, 6 ],
			"to": [ 9, 31, 7 ],
			"faces": {
				"down": { "uv": [ 4.48, 2.48, 5.52, 3.52 ], "texture": "#voxels_palette" },
				"up": { "uv": [ 4.48, 2.48, 5.52, 3.52 ], "texture": "#voxels_palette" },
				"north": { "uv": [ 4.48, 2.48, 5.52, 3.52 ], "texture": "#voxels_palette" },
				"south": { "uv": [ 4.48, 2.48, 5.52, 3.52 ], "texture": "#voxels_palette" },
				"west": { "uv": [ 4.48, 2.48, 5.52, 3.52 ], "texture": "#voxels_palette" },
				"east": { "uv": [ 4.48, 2.48, 5.52, 3.52 ], "texture": "#voxels_palette" }
			}
		},
		{
			"__comment": "Voxels-B49400",
			"from": [ 8, 30, 7 ],
			"to": [ 9, 31, 8 ],
			"faces": {
				"down": { "uv": [ 8.48, 0.4799995, 9.52, 1.52 ], "texture": "#voxels_palette" },
				"up": { "uv": [ 8.48, 0.4799995, 9.52, 1.52 ], "texture": "#voxels_palette" },
				"north": { "uv": [ 8.48, 0.4799995, 9.52, 1.52 ], "texture": "#voxels_palette" },
				"south": { "uv": [ 8.48, 0.4799995, 9.52, 1.52 ], "texture": "#voxels_palette" },
				"west": { "uv": [ 8.48, 0.4799995, 9.52, 1.52 ], "texture": "#voxels_palette" },
				"east": { "uv": [ 8.48, 0.4799995, 9.52, 1.52 ], "texture": "#voxels_palette" }
			}
		},
		{
			"__comment": "Voxels-B09000",
			"from": [ 9, 3, 6 ],
			"to": [ 10, 4, 7 ],
			"faces": {
				"down": { "uv": [ 2.48, 2.48, 3.52, 3.52 ], "texture": "#voxels_palette" },
				"up": { "uv": [ 2.48, 2.48, 3.52, 3.52 ], "texture": "#voxels_palette" },
				"north": { "uv": [ 2.48, 2.48, 3.52, 3.52 ], "texture": "#voxels_palette" },
				"south": { "uv": [ 2.48, 2.48, 3.52, 3.52 ], "texture": "#voxels_palette" },
				"west": { "uv": [ 2.48, 2.48, 3.52, 3.52 ], "texture": "#voxels_palette" },
				"east": { "uv": [ 2.48, 2.48, 3.52, 3.52 ], "texture": "#voxels_palette" }
			}
		},
		{
			"__comment": "Voxels-BD9D05",
			"from": [ 9, 3, 7 ],
			"to": [ 11, 4, 8 ],
			"faces": {
				"down": { "uv": [ 4.48, 2.48, 5.52, 3.52 ], "texture": "#voxels_palette" },
				"up": { "uv": [ 4.48, 2.48, 5.52, 3.52 ], "texture": "#voxels_palette" },
				"north": { "uv": [ 4.48, 2.48, 5.52, 3.52 ], "texture": "#voxels_palette" },
				"south": { "uv": [ 4.48, 2.48, 5.52, 3.52 ], "texture": "#voxels_palette" },
				"west": { "uv": [ 4.48, 2.48, 5.52, 3.52 ], "texture": "#voxels_palette" },
				"east": { "uv": [ 4.48, 2.48, 5.52, 3.52 ], "texture": "#voxels_palette" }
			}
		},
		{
			"__comment": "Voxels-BB9B03",
			"from": [ 9, 4, 6 ],
			"to": [ 10, 5, 7 ],
			"faces": {
				"down": { "uv": [ 6.48, 2.48, 7.52, 3.52 ], "texture": "#voxels_palette" },
				"up": { "uv": [ 6.48, 2.48, 7.52, 3.52 ], "texture": "#voxels_palette" },
				"north": { "uv": [ 6.48, 2.48, 7.52, 3.52 ], "texture": "#voxels_palette" },
				"south": { "uv": [ 6.48, 2.48, 7.52, 3.52 ], "texture": "#voxels_palette" },
				"west": { "uv": [ 6.48, 2.48, 7.52, 3.52 ], "texture": "#voxels_palette" },
				"east": { "uv": [ 6.48, 2.48, 7.52, 3.52 ], "texture": "#voxels_palette" }
			}
		},
		{
			"__comment": "Voxels-B19100",
			"from": [ 9, 4, 7 ],
			"to": [ 10, 5, 8 ],
			"faces": {
				"down": { "uv": [ 0.48, 2.48, 1.52, 3.52 ], "texture": "#voxels_palette" },
				"up": { "uv": [ 0.48, 2.48, 1.52, 3.52 ], "texture": "#voxels_palette" },
				"north": { "uv": [ 0.48, 2.48, 1.52, 3.52 ], "texture": "#voxels_palette" },
				"south": { "uv": [ 0.48, 2.48, 1.52, 3.52 ], "texture": "#voxels_palette" },
				"west": { "uv": [ 0.48, 2.48, 1.52, 3.52 ], "texture": "#voxels_palette" },
				"east": { "uv": [ 0.48, 2.48, 1.52, 3.52 ], "texture": "#voxels_palette" }
			}
		},
		{
			"__comment": "Voxels-B39300",
			"from": [ 9, 5, 6 ],
			"to": [ 10, 6, 7 ],
			"faces": {
				"down": { "uv": [ 8.48, 2.48, 9.52, 3.52 ], "texture": "#voxels_palette" },
				"up": { "uv": [ 8.48, 2.48, 9.52, 3.52 ], "texture": "#voxels_palette" },
				"north": { "uv": [ 8.48, 2.48, 9.52, 3.52 ], "texture": "#voxels_palette" },
				"south": { "uv": [ 8.48, 2.48, 9.52, 3.52 ], "texture": "#voxels_palette" },
				"west": { "uv": [ 8.48, 2.48, 9.52, 3.52 ], "texture": "#voxels_palette" },
				"east": { "uv": [ 8.48, 2.48, 9.52, 3.52 ], "texture": "#voxels_palette" }
			}
		},
		{
			"__comment": "Voxels-B29200",
			"from": [ 9, 5, 7 ],
			"to": [ 10, 6, 8 ],
			"faces": {
				"down": { "uv": [ 12.48, 0.4799995, 13.52, 1.52 ], "texture": "#voxels_palette" },
				"up": { "uv": [ 12.48, 0.4799995, 13.52, 1.52 ], "texture": "#voxels_palette" },
				"north": { "uv": [ 12.48, 0.4799995, 13.52, 1.52 ], "texture": "#voxels_palette" },
				"south": { "uv": [ 12.48, 0.4799995, 13.52, 1.52 ], "texture": "#voxels_palette" },
				"west": { "uv": [ 12.48, 0.4799995, 13.52, 1.52 ], "texture": "#voxels_palette" },
				"east": { "uv": [ 12.48, 0.4799995, 13.52, 1.52 ], "texture": "#voxels_palette" }
			}
		},
		{
			"__comment": "Voxels-B49400",
			"from": [ 9, 6, 6 ],
			"to": [ 10, 7, 7 ],
			"faces": {
				"down": { "uv": [ 8.48, 0.4799995, 9.52, 1.52 ], "texture": "#voxels_palette" },
				"up": { "uv": [ 8.48, 0.4799995, 9.52, 1.52 ], "texture": "#voxels_palette" },
				"north": { "uv": [ 8.48, 0.4799995, 9.52, 1.52 ], "texture": "#voxels_palette" },
				"south": { "uv": [ 8.48, 0.4799995, 9.52, 1.52 ], "texture": "#voxels_palette" },
				"west": { "uv": [ 8.48, 0.4799995, 9.52, 1.52 ], "texture": "#voxels_palette" },
				"east": { "uv": [ 8.48, 0.4799995, 9.52, 1.52 ], "texture": "#voxels_palette" }
			}
		},
		{
			"__comment": "Voxels-B69600",
			"from": [ 9, 6, 7 ],
			"to": [ 10, 7, 8 ],
			"faces": {
				"down": { "uv": [ 10.48, 2.48, 11.52, 3.52 ], "texture": "#voxels_palette" },
				"up": { "uv": [ 10.48, 2.48, 11.52, 3.52 ], "texture": "#voxels_palette" },
				"north": { "uv": [ 10.48, 2.48, 11.52, 3.52 ], "texture": "#voxels_palette" },
				"south": { "uv": [ 10.48, 2.48, 11.52, 3.52 ], "texture": "#voxels_palette" },
				"west": { "uv": [ 10.48, 2.48, 11.52, 3.52 ], "texture": "#voxels_palette" },
				"east": { "uv": [ 10.48, 2.48, 11.52, 3.52 ], "texture": "#voxels_palette" }
			}
		},
		{
			"__comment": "Voxels-B99901",
			"from": [ 9, 7, 6 ],
			"to": [ 11, 8, 7 ],
			"faces": {
				"down": { "uv": [ 12.48, 2.48, 13.52, 3.52 ], "texture": "#voxels_palette" },
				"up": { "uv": [ 12.48, 2.48, 13.52, 3.52 ], "texture": "#voxels_palette" },
				"north": { "uv": [ 12.48, 2.48, 13.52, 3.52 ], "texture": "#voxels_palette" },
				"south": { "uv": [ 12.48, 2.48, 13.52, 3.52 ], "texture": "#voxels_palette" },
				"west": { "uv": [ 12.48, 2.48, 13.52, 3.52 ], "texture": "#voxels_palette" },
				"east": { "uv": [ 12.48, 2.48, 13.52, 3.52 ], "texture": "#voxels_palette" }
			}
		},
		{
			"__comment": "Voxels-BA9A02",
			"from": [ 9, 7, 7 ],
			"to": [ 10, 8, 8 ],
			"faces": {
				"down": { "uv": [ 14.48, 2.48, 15.52, 3.52 ], "texture": "#voxels_palette" },
				"up": { "uv": [ 14.48, 2.48, 15.52, 3.52 ], "texture": "#voxels_palette" },
				"north": { "uv": [ 14.48, 2.48, 15.52, 3.52 ], "texture": "#voxels_palette" },
				"south": { "uv": [ 14.48, 2.48, 15.52, 3.52 ], "texture": "#voxels_palette" },
				"west": { "uv": [ 14.48, 2.48, 15.52, 3.52 ], "texture": "#voxels_palette" },
				"east": { "uv": [ 14.48, 2.48, 15.52, 3.52 ], "texture": "#voxels_palette" }
			}
		},
		{
			"__comment": "Voxels-B39300",
			"from": [ 9, 8, 6 ],
			"to": [ 10, 9, 7 ],
			"faces": {
				"down": { "uv": [ 8.48, 2.48, 9.52, 3.52 ], "texture": "#voxels_palette" },
				"up": { "uv": [ 8.48, 2.48, 9.52, 3.52 ], "texture": "#voxels_palette" },
				"north": { "uv": [ 8.48, 2.48, 9.52, 3.52 ], "texture": "#voxels_palette" },
				"south": { "uv": [ 8.48, 2.48, 9.52, 3.52 ], "texture": "#voxels_palette" },
				"west": { "uv": [ 8.48, 2.48, 9.52, 3.52 ], "texture": "#voxels_palette" },
				"east": { "uv": [ 8.48, 2.48, 9.52, 3.52 ], "texture": "#voxels_palette" }
			}
		},
		{
			"__comment": "Voxels-B99901",
			"from": [ 9, 8, 7 ],
			"to": [ 10, 9, 8 ],
			"faces": {
				"down": { "uv": [ 12.48, 2.48, 13.52, 3.52 ], "texture": "#voxels_palette" },
				"up": { "uv": [ 12.48, 2.48, 13.52, 3.52 ], "texture": "#voxels_palette" },
				"north": { "uv": [ 12.48, 2.48, 13.52, 3.52 ], "texture": "#voxels_palette" },
				"south": { "uv": [ 12.48, 2.48, 13.52, 3.52 ], "texture": "#voxels_palette" },
				"west": { "uv": [ 12.48, 2.48, 13.52, 3.52 ], "texture": "#voxels_palette" },
				"east": { "uv": [ 12.48, 2.48, 13.52, 3.52 ], "texture": "#voxels_palette" }
			}
		},
		{
			"__comment": "Voxels-BD9D05",
			"from": [ 9, 9, 6 ],
			"to": [ 10, 10, 8 ],
			"faces": {
				"down": { "uv": [ 4.48, 2.48, 5.52, 3.52 ], "texture": "#voxels_palette" },
				"up": { "uv": [ 4.48, 2.48, 5.52, 3.52 ], "texture": "#voxels_palette" },
				"north": { "uv": [ 4.48, 2.48, 5.52, 3.52 ], "texture": "#voxels_palette" },
				"south": { "uv": [ 4.48, 2.48, 5.52, 3.52 ], "texture": "#voxels_palette" },
				"west": { "uv": [ 4.48, 2.48, 5.52, 3.52 ], "texture": "#voxels_palette" },
				"east": { "uv": [ 4.48, 2.48, 5.52, 3.52 ], "texture": "#voxels_palette" }
			}
		},
		{
			"__comment": "Voxels-B69600",
			"from": [ 9, 10, 6 ],
			"to": [ 10, 11, 7 ],
			"faces": {
				"down": { "uv": [ 10.48, 2.48, 11.52, 3.52 ], "texture": "#voxels_palette" },
				"up": { "uv": [ 10.48, 2.48, 11.52, 3.52 ], "texture": "#voxels_palette" },
				"north": { "uv": [ 10.48, 2.48, 11.52, 3.52 ], "texture": "#voxels_palette" },
				"south": { "uv": [ 10.48, 2.48, 11.52, 3.52 ], "texture": "#voxels_palette" },
				"west": { "uv": [ 10.48, 2.48, 11.52, 3.52 ], "texture": "#voxels_palette" },
				"east": { "uv": [ 10.48, 2.48, 11.52, 3.52 ], "texture": "#voxels_palette" }
			}
		},
		{
			"__comment": "Voxels-B99901",
			"from": [ 9, 10, 7 ],
			"to": [ 10, 11, 8 ],
			"faces": {
				"down": { "uv": [ 12.48, 2.48, 13.52, 3.52 ], "texture": "#voxels_palette" },
				"up": { "uv": [ 12.48, 2.48, 13.52, 3.52 ], "texture": "#voxels_palette" },
				"north": { "uv": [ 12.48, 2.48, 13.52, 3.52 ], "texture": "#voxels_palette" },
				"south": { "uv": [ 12.48, 2.48, 13.52, 3.52 ], "texture": "#voxels_palette" },
				"west": { "uv": [ 12.48, 2.48, 13.52, 3.52 ], "texture": "#voxels_palette" },
				"east": { "uv": [ 12.48, 2.48, 13.52, 3.52 ], "texture": "#voxels_palette" }
			}
		},
		{
			"__comment": "Voxels-BE9E06",
			"from": [ 9, 11, 6 ],
			"to": [ 11, 12, 7 ],
			"faces": {
				"down": { "uv": [ 10.48, 0.4799995, 11.52, 1.52 ], "texture": "#voxels_palette" },
				"up": { "uv": [ 10.48, 0.4799995, 11.52, 1.52 ], "texture": "#voxels_palette" },
				"north": { "uv": [ 10.48, 0.4799995, 11.52, 1.52 ], "texture": "#voxels_palette" },
				"south": { "uv": [ 10.48, 0.4799995, 11.52, 1.52 ], "texture": "#voxels_palette" },
				"west": { "uv": [ 10.48, 0.4799995, 11.52, 1.52 ], "texture": "#voxels_palette" },
				"east": { "uv": [ 10.48, 0.4799995, 11.52, 1.52 ], "texture": "#voxels_palette" }
			}
		},
		{
			"__comment": "Voxels-B09000",
			"from": [ 9, 11, 7 ],
			"to": [ 10, 12, 8 ],
			"faces": {
				"down": { "uv": [ 2.48, 2.48, 3.52, 3.52 ], "texture": "#voxels_palette" },
				"up": { "uv": [ 2.48, 2.48, 3.52, 3.52 ], "texture": "#voxels_palette" },
				"north": { "uv": [ 2.48, 2.48, 3.52, 3.52 ], "texture": "#voxels_palette" },
				"south": { "uv": [ 2.48, 2.48, 3.52, 3.52 ], "texture": "#voxels_palette" },
				"west": { "uv": [ 2.48, 2.48, 3.52, 3.52 ], "texture": "#voxels_palette" },
				"east": { "uv": [ 2.48, 2.48, 3.52, 3.52 ], "texture": "#voxels_palette" }
			}
		},
		{
			"__comment": "Voxels-B69600",
			"from": [ 9, 12, 6 ],
			"to": [ 10, 13, 7 ],
			"faces": {
				"down": { "uv": [ 10.48, 2.48, 11.52, 3.52 ], "texture": "#voxels_palette" },
				"up": { "uv": [ 10.48, 2.48, 11.52, 3.52 ], "texture": "#voxels_palette" },
				"north": { "uv": [ 10.48, 2.48, 11.52, 3.52 ], "texture": "#voxels_palette" },
				"south": { "uv": [ 10.48, 2.48, 11.52, 3.52 ], "texture": "#voxels_palette" },
				"west": { "uv": [ 10.48, 2.48, 11.52, 3.52 ], "texture": "#voxels_palette" },
				"east": { "uv": [ 10.48, 2.48, 11.52, 3.52 ], "texture": "#voxels_palette" }
			}
		},
		{
			"__comment": "Voxels-BC9C04",
			"from": [ 9, 12, 7 ],
			"to": [ 10, 13, 8 ],
			"faces": {
				"down": { "uv": [ 4.48, 0.4799995, 5.52, 1.52 ], "texture": "#voxels_palette" },
				"up": { "uv": [ 4.48, 0.4799995, 5.52, 1.52 ], "texture": "#voxels_palette" },
				"north": { "uv": [ 4.48, 0.4799995, 5.52, 1.52 ], "texture": "#voxels_palette" },
				"south": { "uv": [ 4.48, 0.4799995, 5.52, 1.52 ], "texture": "#voxels_palette" },
				"west": { "uv": [ 4.48, 0.4799995, 5.52, 1.52 ], "texture": "#voxels_palette" },
				"east": { "uv": [ 4.48, 0.4799995, 5.52, 1.52 ], "texture": "#voxels_palette" }
			}
		},
		{
			"__comment": "Voxels-BC9C04",
			"from": [ 9, 13, 6 ],
			"to": [ 10, 14, 7 ],
			"faces": {
				"down": { "uv": [ 4.48, 0.4799995, 5.52, 1.52 ], "texture": "#voxels_palette" },
				"up": { "uv": [ 4.48, 0.4799995, 5.52, 1.52 ], "texture": "#voxels_palette" },
				"north": { "uv": [ 4.48, 0.4799995, 5.52, 1.52 ], "texture": "#voxels_palette" },
				"south": { "uv": [ 4.48, 0.4799995, 5.52, 1.52 ], "texture": "#voxels_palette" },
				"west": { "uv": [ 4.48, 0.4799995, 5.52, 1.52 ], "texture": "#voxels_palette" },
				"east": { "uv": [ 4.48, 0.4799995, 5.52, 1.52 ], "texture": "#voxels_palette" }
			}
		},
		{
			"__comment": "Voxels-BE9E06",
			"from": [ 9, 13, 7 ],
			"to": [ 10, 14, 8 ],
			"faces": {
				"down": { "uv": [ 10.48, 0.4799995, 11.52, 1.52 ], "texture": "#voxels_palette" },
				"up": { "uv": [ 10.48, 0.4799995, 11.52, 1.52 ], "texture": "#voxels_palette" },
				"north": { "uv": [ 10.48, 0.4799995, 11.52, 1.52 ], "texture": "#voxels_palette" },
				"south": { "uv": [ 10.48, 0.4799995, 11.52, 1.52 ], "texture": "#voxels_palette" },
				"west": { "uv": [ 10.48, 0.4799995, 11.52, 1.52 ], "texture": "#voxels_palette" },
				"east": { "uv": [ 10.48, 0.4799995, 11.52, 1.52 ], "texture": "#voxels_palette" }
			}
		},
		{
			"__comment": "Voxels-B09000",
			"from": [ 9, 14, 6 ],
			"to": [ 10, 15, 7 ],
			"faces": {
				"down": { "uv": [ 2.48, 2.48, 3.52, 3.52 ], "texture": "#voxels_palette" },
				"up": { "uv": [ 2.48, 2.48, 3.52, 3.52 ], "texture": "#voxels_palette" },
				"north": { "uv": [ 2.48, 2.48, 3.52, 3.52 ], "texture": "#voxels_palette" },
				"south": { "uv": [ 2.48, 2.48, 3.52, 3.52 ], "texture": "#voxels_palette" },
				"west": { "uv": [ 2.48, 2.48, 3.52, 3.52 ], "texture": "#voxels_palette" },
				"east": { "uv": [ 2.48, 2.48, 3.52, 3.52 ], "texture": "#voxels_palette" }
			}
		},
		{
			"__comment": "Voxels-B89800",
			"from": [ 9, 14, 7 ],
			"to": [ 10, 15, 8 ],
			"faces": {
				"down": { "uv": [ 0.48, 4.48, 1.52, 5.52 ], "texture": "#voxels_palette" },
				"up": { "uv": [ 0.48, 4.48, 1.52, 5.52 ], "texture": "#voxels_palette" },
				"north": { "uv": [ 0.48, 4.48, 1.52, 5.52 ], "texture": "#voxels_palette" },
				"south": { "uv": [ 0.48, 4.48, 1.52, 5.52 ], "texture": "#voxels_palette" },
				"west": { "uv": [ 0.48, 4.48, 1.52, 5.52 ], "texture": "#voxels_palette" },
				"east": { "uv": [ 0.48, 4.48, 1.52, 5.52 ], "texture": "#voxels_palette" }
			}
		},
		{
			"__comment": "Voxels-B69600",
			"from": [ 9, 15, 6 ],
			"to": [ 10, 16, 7 ],
			"faces": {
				"down": { "uv": [ 10.48, 2.48, 11.52, 3.52 ], "texture": "#voxels_palette" },
				"up": { "uv": [ 10.48, 2.48, 11.52, 3.52 ], "texture": "#voxels_palette" },
				"north": { "uv": [ 10.48, 2.48, 11.52, 3.52 ], "texture": "#voxels_palette" },
				"south": { "uv": [ 10.48, 2.48, 11.52, 3.52 ], "texture": "#voxels_palette" },
				"west": { "uv": [ 10.48, 2.48, 11.52, 3.52 ], "texture": "#voxels_palette" },
				"east": { "uv": [ 10.48, 2.48, 11.52, 3.52 ], "texture": "#voxels_palette" }
			}
		},
		{
			"__comment": "Voxels-BB9B03",
			"from": [ 9, 15, 7 ],
			"to": [ 10, 16, 8 ],
			"faces": {
				"down": { "uv": [ 6.48, 2.48, 7.52, 3.52 ], "texture": "#voxels_palette" },
				"up": { "uv": [ 6.48, 2.48, 7.52, 3.52 ], "texture": "#voxels_palette" },
				"north": { "uv": [ 6.48, 2.48, 7.52, 3.52 ], "texture": "#voxels_palette" },
				"south": { "uv": [ 6.48, 2.48, 7.52, 3.52 ], "texture": "#voxels_palette" },
				"west": { "uv": [ 6.48, 2.48, 7.52, 3.52 ], "texture": "#voxels_palette" },
				"east": { "uv": [ 6.48, 2.48, 7.52, 3.52 ], "texture": "#voxels_palette" }
			}
		},
		{
			"__comment": "Voxels-BFBFBF",
			"from": [ 9, 16, 3 ],
			"to": [ 10, 18, 4 ],
			"faces": {
				"down": { "uv": [ 2.48, 4.48, 3.52, 5.52 ], "texture": "#voxels_palette" },
				"up": { "uv": [ 2.48, 4.48, 3.52, 5.52 ], "texture": "#voxels_palette" },
				"north": { "uv": [ 2.48, 4.48, 3.52, 5.52 ], "texture": "#voxels_palette" },
				"south": { "uv": [ 2.48, 4.48, 3.52, 5.52 ], "texture": "#voxels_palette" },
				"west": { "uv": [ 2.48, 4.48, 3.52, 5.52 ], "texture": "#voxels_palette" },
				"east": { "uv": [ 2.48, 4.48, 3.52, 5.52 ], "texture": "#voxels_palette" }
			}
		},
		{
			"__comment": "Voxels-D3D3D3",
			"from": [ 9, 16, 4 ],
			"to": [ 13, 18, 5 ],
			"faces": {
				"down": { "uv": [ 4.48, 4.48, 5.52, 5.52 ], "texture": "#voxels_palette" },
				"up": { "uv": [ 4.48, 4.48, 5.52, 5.52 ], "texture": "#voxels_palette" },
				"north": { "uv": [ 4.48, 4.48, 5.52, 5.52 ], "texture": "#voxels_palette" },
				"south": { "uv": [ 4.48, 4.48, 5.52, 5.52 ], "texture": "#voxels_palette" },
				"west": { "uv": [ 4.48, 4.48, 5.52, 5.52 ], "texture": "#voxels_palette" },
				"east": { "uv": [ 4.48, 4.48, 5.52, 5.52 ], "texture": "#voxels_palette" }
			}
		},
		{
			"__comment": "Voxels-B09000",
			"from": [ 9, 16, 7 ],
			"to": [ 10, 17, 8 ],
			"faces": {
				"down": { "uv": [ 2.48, 2.48, 3.52, 3.52 ], "texture": "#voxels_palette" },
				"up": { "uv": [ 2.48, 2.48, 3.52, 3.52 ], "texture": "#voxels_palette" },
				"north": { "uv": [ 2.48, 2.48, 3.52, 3.52 ], "texture": "#voxels_palette" },
				"south": { "uv": [ 2.48, 2.48, 3.52, 3.52 ], "texture": "#voxels_palette" },
				"west": { "uv": [ 2.48, 2.48, 3.52, 3.52 ], "texture": "#voxels_palette" },
				"east": { "uv": [ 2.48, 2.48, 3.52, 3.52 ], "texture": "#voxels_palette" }
			}
		},
		{
			"__comment": "Voxels-D3D3D3",
			"from": [ 9, 17, 8 ],
			"to": [ 11, 18, 9 ],
			"faces": {
				"down": { "uv": [ 4.48, 4.48, 5.52, 5.52 ], "texture": "#voxels_palette" },
				"up": { "uv": [ 4.48, 4.48, 5.52, 5.52 ], "texture": "#voxels_palette" },
				"north": { "uv": [ 4.48, 4.48, 5.52, 5.52 ], "texture": "#voxels_palette" },
				"south": { "uv": [ 4.48, 4.48, 5.52, 5.52 ], "texture": "#voxels_palette" },
				"west": { "uv": [ 4.48, 4.48, 5.52, 5.52 ], "texture": "#voxels_palette" },
				"east": { "uv": [ 4.48, 4.48, 5.52, 5.52 ], "texture": "#voxels_palette" }
			}
		},
		{
			"__comment": "Voxels-D3D3D3",
			"from": [ 9, 18, 9 ],
			"to": [ 11, 19, 10 ],
			"faces": {
				"down": { "uv": [ 4.48, 4.48, 5.52, 5.52 ], "texture": "#voxels_palette" },
				"up": { "uv": [ 4.48, 4.48, 5.52, 5.52 ], "texture": "#voxels_palette" },
				"north": { "uv": [ 4.48, 4.48, 5.52, 5.52 ], "texture": "#voxels_palette" },
				"south": { "uv": [ 4.48, 4.48, 5.52, 5.52 ], "texture": "#voxels_palette" },
				"west": { "uv": [ 4.48, 4.48, 5.52, 5.52 ], "texture": "#voxels_palette" },
				"east": { "uv": [ 4.48, 4.48, 5.52, 5.52 ], "texture": "#voxels_palette" }
			}
		},
		{
			"__comment": "Voxels-D3D3D3",
			"from": [ 9, 19, 3 ],
			"to": [ 11, 21, 5 ],
			"faces": {
				"down": { "uv": [ 4.48, 4.48, 5.52, 5.52 ], "texture": "#voxels_palette" },
				"up": { "uv": [ 4.48, 4.48, 5.52, 5.52 ], "texture": "#voxels_palette" },
				"north": { "uv": [ 4.48, 4.48, 5.52, 5.52 ], "texture": "#voxels_palette" },
				"south": { "uv": [ 4.48, 4.48, 5.52, 5.52 ], "texture": "#voxels_palette" },
				"west": { "uv": [ 4.48, 4.48, 5.52, 5.52 ], "texture": "#voxels_palette" },
				"east": { "uv": [ 4.48, 4.48, 5.52, 5.52 ], "texture": "#voxels_palette" }
			}
		},
		{
			"__comment": "Voxels-D3D3D3",
			"from": [ 9, 19, 10 ],
			"to": [ 11, 21, 11 ],
			"faces": {
				"down": { "uv": [ 4.48, 4.48, 5.52, 5.52 ], "texture": "#voxels_palette" },
				"up": { "uv": [ 4.48, 4.48, 5.52, 5.52 ], "texture": "#voxels_palette" },
				"north": { "uv": [ 4.48, 4.48, 5.52, 5.52 ], "texture": "#voxels_palette" },
				"south": { "uv": [ 4.48, 4.48, 5.52, 5.52 ], "texture": "#voxels_palette" },
				"west": { "uv": [ 4.48, 4.48, 5.52, 5.52 ], "texture": "#voxels_palette" },
				"east": { "uv": [ 4.48, 4.48, 5.52, 5.52 ], "texture": "#voxels_palette" }
			}
		},
		{
			"__comment": "Voxels-B39300",
			"from": [ 9, 24, 6 ],
			"to": [ 10, 25, 8 ],
			"faces": {
				"down": { "uv": [ 8.48, 2.48, 9.52, 3.52 ], "texture": "#voxels_palette" },
				"up": { "uv": [ 8.48, 2.48, 9.52, 3.52 ], "texture": "#voxels_palette" },
				"north": { "uv": [ 8.48, 2.48, 9.52, 3.52 ], "texture": "#voxels_palette" },
				"south": { "uv": [ 8.48, 2.48, 9.52, 3.52 ], "texture": "#voxels_palette" },
				"west": { "uv": [ 8.48, 2.48, 9.52, 3.52 ], "texture": "#voxels_palette" },
				"east": { "uv": [ 8.48, 2.48, 9.52, 3.52 ], "texture": "#voxels_palette" }
			}
		},
		{
			"__comment": "Voxels-B99901",
			"from": [ 9, 25, 6 ],
			"to": [ 10, 27, 7 ],
			"faces": {
				"down": { "uv": [ 12.48, 2.48, 13.52, 3.52 ], "texture": "#voxels_palette" },
				"up": { "uv": [ 12.48, 2.48, 13.52, 3.52 ], "texture": "#voxels_palette" },
				"north": { "uv": [ 12.48, 2.48, 13.52, 3.52 ], "texture": "#voxels_palette" },
				"south": { "uv": [ 12.48, 2.48, 13.52, 3.52 ], "texture": "#voxels_palette" },
				"west": { "uv": [ 12.48, 2.48, 13.52, 3.52 ], "texture": "#voxels_palette" },
				"east": { "uv": [ 12.48, 2.48, 13.52, 3.52 ], "texture": "#voxels_palette" }
			}
		},
		{
			"__comment": "Voxels-B79700",
			"from": [ 9, 25, 7 ],
			"to": [ 10, 26, 8 ],
			"faces": {
				"down": { "uv": [ 14.48, 0.4799995, 15.52, 1.52 ], "texture": "#voxels_palette" },
				"up": { "uv": [ 14.48, 0.4799995, 15.52, 1.52 ], "texture": "#voxels_palette" },
				"north": { "uv": [ 14.48, 0.4799995, 15.52, 1.52 ], "texture": "#voxels_palette" },
				"south": { "uv": [ 14.48, 0.4799995, 15.52, 1.52 ], "texture": "#voxels_palette" },
				"west": { "uv": [ 14.48, 0.4799995, 15.52, 1.52 ], "texture": "#voxels_palette" },
				"east": { "uv": [ 14.48, 0.4799995, 15.52, 1.52 ], "texture": "#voxels_palette" }
			}
		},
		{
			"__comment": "Voxels-BE9E06",
			"from": [ 9, 26, 7 ],
			"to": [ 10, 27, 8 ],
			"faces": {
				"down": { "uv": [ 10.48, 0.4799995, 11.52, 1.52 ], "texture": "#voxels_palette" },
				"up": { "uv": [ 10.48, 0.4799995, 11.52, 1.52 ], "texture": "#voxels_palette" },
				"north": { "uv": [ 10.48, 0.4799995, 11.52, 1.52 ], "texture": "#voxels_palette" },
				"south": { "uv": [ 10.48, 0.4799995, 11.52, 1.52 ], "texture": "#voxels_palette" },
				"west": { "uv": [ 10.48, 0.4799995, 11.52, 1.52 ], "texture": "#voxels_palette" },
				"east": { "uv": [ 10.48, 0.4799995, 11.52, 1.52 ], "texture": "#voxels_palette" }
			}
		},
		{
			"__comment": "Voxels-BD9D05",
			"from": [ 9, 29, 6 ],
			"to": [ 11, 30, 7 ],
			"faces": {
				"down": { "uv": [ 4.48, 2.48, 5.52, 3.52 ], "texture": "#voxels_palette" },
				"up": { "uv": [ 4.48, 2.48, 5.52, 3.52 ], "texture": "#voxels_palette" },
				"north": { "uv": [ 4.48, 2.48, 5.52, 3.52 ], "texture": "#voxels_palette" },
				"south": { "uv": [ 4.48, 2.48, 5.52, 3.52 ], "texture": "#voxels_palette" },
				"west": { "uv": [ 4.48, 2.48, 5.52, 3.52 ], "texture": "#voxels_palette" },
				"east": { "uv": [ 4.48, 2.48, 5.52, 3.52 ], "texture": "#voxels_palette" }
			}
		},
		{
			"__comment": "Voxels-B89800",
			"from": [ 9, 29, 7 ],
			"to": [ 10, 30, 8 ],
			"faces": {
				"down": { "uv": [ 0.48, 4.48, 1.52, 5.52 ], "texture": "#voxels_palette" },
				"up": { "uv": [ 0.48, 4.48, 1.52, 5.52 ], "texture": "#voxels_palette" },
				"north": { "uv": [ 0.48, 4.48, 1.52, 5.52 ], "texture": "#voxels_palette" },
				"south": { "uv": [ 0.48, 4.48, 1.52, 5.52 ], "texture": "#voxels_palette" },
				"west": { "uv": [ 0.48, 4.48, 1.52, 5.52 ], "texture": "#voxels_palette" },
				"east": { "uv": [ 0.48, 4.48, 1.52, 5.52 ], "texture": "#voxels_palette" }
			}
		},
		{
			"__comment": "Voxels-B39300",
			"from": [ 9, 30, 6 ],
			"to": [ 10, 31, 7 ],
			"faces": {
				"down": { "uv": [ 8.48, 2.48, 9.52, 3.52 ], "texture": "#voxels_palette" },
				"up": { "uv": [ 8.48, 2.48, 9.52, 3.52 ], "texture": "#voxels_palette" },
				"north": { "uv": [ 8.48, 2.48, 9.52, 3.52 ], "texture": "#voxels_palette" },
				"south": { "uv": [ 8.48, 2.48, 9.52, 3.52 ], "texture": "#voxels_palette" },
				"west": { "uv": [ 8.48, 2.48, 9.52, 3.52 ], "texture": "#voxels_palette" },
				"east": { "uv": [ 8.48, 2.48, 9.52, 3.52 ], "texture": "#voxels_palette" }
			}
		},
		{
			"__comment": "Voxels-B59500",
			"from": [ 9, 30, 7 ],
			"to": [ 10, 31, 8 ],
			"faces": {
				"down": { "uv": [ 2.48, 0.4799995, 3.52, 1.52 ], "texture": "#voxels_palette" },
				"up": { "uv": [ 2.48, 0.4799995, 3.52, 1.52 ], "texture": "#voxels_palette" },
				"north": { "uv": [ 2.48, 0.4799995, 3.52, 1.52 ], "texture": "#voxels_palette" },
				"south": { "uv": [ 2.48, 0.4799995, 3.52, 1.52 ], "texture": "#voxels_palette" },
				"west": { "uv": [ 2.48, 0.4799995, 3.52, 1.52 ], "texture": "#voxels_palette" },
				"east": { "uv": [ 2.48, 0.4799995, 3.52, 1.52 ], "texture": "#voxels_palette" }
			}
		},
		{
			"__comment": "Voxels-B69600",
			"from": [ 10, 3, 6 ],
			"to": [ 11, 4, 7 ],
			"faces": {
				"down": { "uv": [ 10.48, 2.48, 11.52, 3.52 ], "texture": "#voxels_palette" },
				"up": { "uv": [ 10.48, 2.48, 11.52, 3.52 ], "texture": "#voxels_palette" },
				"north": { "uv": [ 10.48, 2.48, 11.52, 3.52 ], "texture": "#voxels_palette" },
				"south": { "uv": [ 10.48, 2.48, 11.52, 3.52 ], "texture": "#voxels_palette" },
				"west": { "uv": [ 10.48, 2.48, 11.52, 3.52 ], "texture": "#voxels_palette" },
				"east": { "uv": [ 10.48, 2.48, 11.52, 3.52 ], "texture": "#voxels_palette" }
			}
		},
		{
			"__comment": "Voxels-B39300",
			"from": [ 10, 4, 6 ],
			"to": [ 11, 5, 7 ],
			"faces": {
				"down": { "uv": [ 8.48, 2.48, 9.52, 3.52 ], "texture": "#voxels_palette" },
				"up": { "uv": [ 8.48, 2.48, 9.52, 3.52 ], "texture": "#voxels_palette" },
				"north": { "uv": [ 8.48, 2.48, 9.52, 3.52 ], "texture": "#voxels_palette" },
				"south": { "uv": [ 8.48, 2.48, 9.52, 3.52 ], "texture": "#voxels_palette" },
				"west": { "uv": [ 8.48, 2.48, 9.52, 3.52 ], "texture": "#voxels_palette" },
				"east": { "uv": [ 8.48, 2.48, 9.52, 3.52 ], "texture": "#voxels_palette" }
			}
		},
		{
			"__comment": "Voxels-B29200",
			"from": [ 10, 4, 7 ],
			"to": [ 11, 5, 8 ],
			"faces": {
				"down": { "uv": [ 12.48, 0.4799995, 13.52, 1.52 ], "texture": "#voxels_palette" },
				"up": { "uv": [ 12.48, 0.4799995, 13.52, 1.52 ], "texture": "#voxels_palette" },
				"north": { "uv": [ 12.48, 0.4799995, 13.52, 1.52 ], "texture": "#voxels_palette" },
				"south": { "uv": [ 12.48, 0.4799995, 13.52, 1.52 ], "texture": "#voxels_palette" },
				"west": { "uv": [ 12.48, 0.4799995, 13.52, 1.52 ], "texture": "#voxels_palette" },
				"east": { "uv": [ 12.48, 0.4799995, 13.52, 1.52 ], "texture": "#voxels_palette" }
			}
		},
		{
			"__comment": "Voxels-B89800",
			"from": [ 10, 5, 6 ],
			"to": [ 11, 7, 7 ],
			"faces": {
				"down": { "uv": [ 0.48, 4.48, 1.52, 5.52 ], "texture": "#voxels_palette" },
				"up": { "uv": [ 0.48, 4.48, 1.52, 5.52 ], "texture": "#voxels_palette" },
				"north": { "uv": [ 0.48, 4.48, 1.52, 5.52 ], "texture": "#voxels_palette" },
				"south": { "uv": [ 0.48, 4.48, 1.52, 5.52 ], "texture": "#voxels_palette" },
				"west": { "uv": [ 0.48, 4.48, 1.52, 5.52 ], "texture": "#voxels_palette" },
				"east": { "uv": [ 0.48, 4.48, 1.52, 5.52 ], "texture": "#voxels_palette" }
			}
		},
		{
			"__comment": "Voxels-B19100",
			"from": [ 10, 5, 7 ],
			"to": [ 11, 6, 8 ],
			"faces": {
				"down": { "uv": [ 0.48, 2.48, 1.52, 3.52 ], "texture": "#voxels_palette" },
				"up": { "uv": [ 0.48, 2.48, 1.52, 3.52 ], "texture": "#voxels_palette" },
				"north": { "uv": [ 0.48, 2.48, 1.52, 3.52 ], "texture": "#voxels_palette" },
				"south": { "uv": [ 0.48, 2.48, 1.52, 3.52 ], "texture": "#voxels_palette" },
				"west": { "uv": [ 0.48, 2.48, 1.52, 3.52 ], "texture": "#voxels_palette" },
				"east": { "uv": [ 0.48, 2.48, 1.52, 3.52 ], "texture": "#voxels_palette" }
			}
		},
		{
			"__comment": "Voxels-B89800",
			"from": [ 10, 6, 7 ],
			"to": [ 11, 7, 8 ],
			"faces": {
				"down": { "uv": [ 0.48, 4.48, 1.52, 5.52 ], "texture": "#voxels_palette" },
				"up": { "uv": [ 0.48, 4.48, 1.52, 5.52 ], "texture": "#voxels_palette" },
				"north": { "uv": [ 0.48, 4.48, 1.52, 5.52 ], "texture": "#voxels_palette" },
				"south": { "uv": [ 0.48, 4.48, 1.52, 5.52 ], "texture": "#voxels_palette" },
				"west": { "uv": [ 0.48, 4.48, 1.52, 5.52 ], "texture": "#voxels_palette" },
				"east": { "uv": [ 0.48, 4.48, 1.52, 5.52 ], "texture": "#voxels_palette" }
			}
		},
		{
			"__comment": "Voxels-BD9D05",
			"from": [ 10, 7, 7 ],
			"to": [ 11, 8, 8 ],
			"faces": {
				"down": { "uv": [ 4.48, 2.48, 5.52, 3.52 ], "texture": "#voxels_palette" },
				"up": { "uv": [ 4.48, 2.48, 5.52, 3.52 ], "texture": "#voxels_palette" },
				"north": { "uv": [ 4.48, 2.48, 5.52, 3.52 ], "texture": "#voxels_palette" },
				"south": { "uv": [ 4.48, 2.48, 5.52, 3.52 ], "texture": "#voxels_palette" },
				"west": { "uv": [ 4.48, 2.48, 5.52, 3.52 ], "texture": "#voxels_palette" },
				"east": { "uv": [ 4.48, 2.48, 5.52, 3.52 ], "texture": "#voxels_palette" }
			}
		},
		{
			"__comment": "Voxels-BC9C04",
			"from": [ 10, 8, 6 ],
			"to": [ 11, 9, 7 ],
			"faces": {
				"down": { "uv": [ 4.48, 0.4799995, 5.52, 1.52 ], "texture": "#voxels_palette" },
				"up": { "uv": [ 4.48, 0.4799995, 5.52, 1.52 ], "texture": "#voxels_palette" },
				"north": { "uv": [ 4.48, 0.4799995, 5.52, 1.52 ], "texture": "#voxels_palette" },
				"south": { "uv": [ 4.48, 0.4799995, 5.52, 1.52 ], "texture": "#voxels_palette" },
				"west": { "uv": [ 4.48, 0.4799995, 5.52, 1.52 ], "texture": "#voxels_palette" },
				"east": { "uv": [ 4.48, 0.4799995, 5.52, 1.52 ], "texture": "#voxels_palette" }
			}
		},
		{
			"__comment": "Voxels-B29200",
			"from": [ 10, 8, 7 ],
			"to": [ 11, 9, 8 ],
			"faces": {
				"down": { "uv": [ 12.48, 0.4799995, 13.52, 1.52 ], "texture": "#voxels_palette" },
				"up": { "uv": [ 12.48, 0.4799995, 13.52, 1.52 ], "texture": "#voxels_palette" },
				"north": { "uv": [ 12.48, 0.4799995, 13.52, 1.52 ], "texture": "#voxels_palette" },
				"south": { "uv": [ 12.48, 0.4799995, 13.52, 1.52 ], "texture": "#voxels_palette" },
				"west": { "uv": [ 12.48, 0.4799995, 13.52, 1.52 ], "texture": "#voxels_palette" },
				"east": { "uv": [ 12.48, 0.4799995, 13.52, 1.52 ], "texture": "#voxels_palette" }
			}
		},
		{
			"__comment": "Voxels-B19100",
			"from": [ 10, 9, 6 ],
			"to": [ 11, 10, 7 ],
			"faces": {
				"down": { "uv": [ 0.48, 2.48, 1.52, 3.52 ], "texture": "#voxels_palette" },
				"up": { "uv": [ 0.48, 2.48, 1.52, 3.52 ], "texture": "#voxels_palette" },
				"north": { "uv": [ 0.48, 2.48, 1.52, 3.52 ], "texture": "#voxels_palette" },
				"south": { "uv": [ 0.48, 2.48, 1.52, 3.52 ], "texture": "#voxels_palette" },
				"west": { "uv": [ 0.48, 2.48, 1.52, 3.52 ], "texture": "#voxels_palette" },
				"east": { "uv": [ 0.48, 2.48, 1.52, 3.52 ], "texture": "#voxels_palette" }
			}
		},
		{
			"__comment": "Voxels-B69600",
			"from": [ 10, 9, 7 ],
			"to": [ 11, 11, 8 ],
			"faces": {
				"down": { "uv": [ 10.48, 2.48, 11.52, 3.52 ], "texture": "#voxels_palette" },
				"up": { "uv": [ 10.48, 2.48, 11.52, 3.52 ], "texture": "#voxels_palette" },
				"north": { "uv": [ 10.48, 2.48, 11.52, 3.52 ], "texture": "#voxels_palette" },
				"south": { "uv": [ 10.48, 2.48, 11.52, 3.52 ], "texture": "#voxels_palette" },
				"west": { "uv": [ 10.48, 2.48, 11.52, 3.52 ], "texture": "#voxels_palette" },
				"east": { "uv": [ 10.48, 2.48, 11.52, 3.52 ], "texture": "#voxels_palette" }
			}
		},
		{
			"__comment": "Voxels-BF9F07",
			"from": [ 10, 10, 6 ],
			"to": [ 11, 11, 7 ],
			"faces": {
				"down": { "uv": [ 6.48, 0.4799995, 7.52, 1.52 ], "texture": "#voxels_palette" },
				"up": { "uv": [ 6.48, 0.4799995, 7.52, 1.52 ], "texture": "#voxels_palette" },
				"north": { "uv": [ 6.48, 0.4799995, 7.52, 1.52 ], "texture": "#voxels_palette" },
				"south": { "uv": [ 6.48, 0.4799995, 7.52, 1.52 ], "texture": "#voxels_palette" },
				"west": { "uv": [ 6.48, 0.4799995, 7.52, 1.52 ], "texture": "#voxels_palette" },
				"east": { "uv": [ 6.48, 0.4799995, 7.52, 1.52 ], "texture": "#voxels_palette" }
			}
		},
		{
			"__comment": "Voxels-BF9F07",
			"from": [ 10, 11, 7 ],
			"to": [ 11, 12, 8 ],
			"faces": {
				"down": { "uv": [ 6.48, 0.4799995, 7.52, 1.52 ], "texture": "#voxels_palette" },
				"up": { "uv": [ 6.48, 0.4799995, 7.52, 1.52 ], "texture": "#voxels_palette" },
				"north": { "uv": [ 6.48, 0.4799995, 7.52, 1.52 ], "texture": "#voxels_palette" },
				"south": { "uv": [ 6.48, 0.4799995, 7.52, 1.52 ], "texture": "#voxels_palette" },
				"west": { "uv": [ 6.48, 0.4799995, 7.52, 1.52 ], "texture": "#voxels_palette" },
				"east": { "uv": [ 6.48, 0.4799995, 7.52, 1.52 ], "texture": "#voxels_palette" }
			}
		},
		{
			"__comment": "Voxels-BA9A02",
			"from": [ 10, 12, 6 ],
			"to": [ 11, 13, 7 ],
			"faces": {
				"down": { "uv": [ 14.48, 2.48, 15.52, 3.52 ], "texture": "#voxels_palette" },
				"up": { "uv": [ 14.48, 2.48, 15.52, 3.52 ], "texture": "#voxels_palette" },
				"north": { "uv": [ 14.48, 2.48, 15.52, 3.52 ], "texture": "#voxels_palette" },
				"south": { "uv": [ 14.48, 2.48, 15.52, 3.52 ], "texture": "#voxels_palette" },
				"west": { "uv": [ 14.48, 2.48, 15.52, 3.52 ], "texture": "#voxels_palette" },
				"east": { "uv": [ 14.48, 2.48, 15.52, 3.52 ], "texture": "#voxels_palette" }
			}
		},
		{
			"__comment": "Voxels-B69600",
			"from": [ 10, 12, 7 ],
			"to": [ 11, 13, 8 ],
			"faces": {
				"down": { "uv": [ 10.48, 2.48, 11.52, 3.52 ], "texture": "#voxels_palette" },
				"up": { "uv": [ 10.48, 2.48, 11.52, 3.52 ], "texture": "#voxels_palette" },
				"north": { "uv": [ 10.48, 2.48, 11.52, 3.52 ], "texture": "#voxels_palette" },
				"south": { "uv": [ 10.48, 2.48, 11.52, 3.52 ], "texture": "#voxels_palette" },
				"west": { "uv": [ 10.48, 2.48, 11.52, 3.52 ], "texture": "#voxels_palette" },
				"east": { "uv": [ 10.48, 2.48, 11.52, 3.52 ], "texture": "#voxels_palette" }
			}
		},
		{
			"__comment": "Voxels-B79700",
			"from": [ 10, 13, 6 ],
			"to": [ 11, 14, 7 ],
			"faces": {
				"down": { "uv": [ 14.48, 0.4799995, 15.52, 1.52 ], "texture": "#voxels_palette" },
				"up": { "uv": [ 14.48, 0.4799995, 15.52, 1.52 ], "texture": "#voxels_palette" },
				"north": { "uv": [ 14.48, 0.4799995, 15.52, 1.52 ], "texture": "#voxels_palette" },
				"south": { "uv": [ 14.48, 0.4799995, 15.52, 1.52 ], "texture": "#voxels_palette" },
				"west": { "uv": [ 14.48, 0.4799995, 15.52, 1.52 ], "texture": "#voxels_palette" },
				"east": { "uv": [ 14.48, 0.4799995, 15.52, 1.52 ], "texture": "#voxels_palette" }
			}
		},
		{
			"__comment": "Voxels-BF9F07",
			"from": [ 10, 13, 7 ],
			"to": [ 11, 14, 8 ],
			"faces": {
				"down": { "uv": [ 6.48, 0.4799995, 7.52, 1.52 ], "texture": "#voxels_palette" },
				"up": { "uv": [ 6.48, 0.4799995, 7.52, 1.52 ], "texture": "#voxels_palette" },
				"north": { "uv": [ 6.48, 0.4799995, 7.52, 1.52 ], "texture": "#voxels_palette" },
				"south": { "uv": [ 6.48, 0.4799995, 7.52, 1.52 ], "texture": "#voxels_palette" },
				"west": { "uv": [ 6.48, 0.4799995, 7.52, 1.52 ], "texture": "#voxels_palette" },
				"east": { "uv": [ 6.48, 0.4799995, 7.52, 1.52 ], "texture": "#voxels_palette" }
			}
		},
		{
			"__comment": "Voxels-BF9F07",
			"from": [ 10, 14, 6 ],
			"to": [ 11, 16, 7 ],
			"faces": {
				"down": { "uv": [ 6.48, 0.4799995, 7.52, 1.52 ], "texture": "#voxels_palette" },
				"up": { "uv": [ 6.48, 0.4799995, 7.52, 1.52 ], "texture": "#voxels_palette" },
				"north": { "uv": [ 6.48, 0.4799995, 7.52, 1.52 ], "texture": "#voxels_palette" },
				"south": { "uv": [ 6.48, 0.4799995, 7.52, 1.52 ], "texture": "#voxels_palette" },
				"west": { "uv": [ 6.48, 0.4799995, 7.52, 1.52 ], "texture": "#voxels_palette" },
				"east": { "uv": [ 6.48, 0.4799995, 7.52, 1.52 ], "texture": "#voxels_palette" }
			}
		},
		{
			"__comment": "Voxels-B09000",
			"from": [ 10, 14, 7 ],
			"to": [ 11, 15, 8 ],
			"faces": {
				"down": { "uv": [ 2.48, 2.48, 3.52, 3.52 ], "texture": "#voxels_palette" },
				"up": { "uv": [ 2.48, 2.48, 3.52, 3.52 ], "texture": "#voxels_palette" },
				"north": { "uv": [ 2.48, 2.48, 3.52, 3.52 ], "texture": "#voxels_palette" },
				"south": { "uv": [ 2.48, 2.48, 3.52, 3.52 ], "texture": "#voxels_palette" },
				"west": { "uv": [ 2.48, 2.48, 3.52, 3.52 ], "texture": "#voxels_palette" },
				"east": { "uv": [ 2.48, 2.48, 3.52, 3.52 ], "texture": "#voxels_palette" }
			}
		},
		{
			"__comment": "Voxels-BE9E06",
			"from": [ 10, 15, 7 ],
			"to": [ 11, 16, 8 ],
			"faces": {
				"down": { "uv": [ 10.48, 0.4799995, 11.52, 1.52 ], "texture": "#voxels_palette" },
				"up": { "uv": [ 10.48, 0.4799995, 11.52, 1.52 ], "texture": "#voxels_palette" },
				"north": { "uv": [ 10.48, 0.4799995, 11.52, 1.52 ], "texture": "#voxels_palette" },
				"south": { "uv": [ 10.48, 0.4799995, 11.52, 1.52 ], "texture": "#voxels_palette" },
				"west": { "uv": [ 10.48, 0.4799995, 11.52, 1.52 ], "texture": "#voxels_palette" },
				"east": { "uv": [ 10.48, 0.4799995, 11.52, 1.52 ], "texture": "#voxels_palette" }
			}
		},
		{
			"__comment": "Voxels-B39300",
			"from": [ 10, 16, 7 ],
			"to": [ 11, 17, 8 ],
			"faces": {
				"down": { "uv": [ 8.48, 2.48, 9.52, 3.52 ], "texture": "#voxels_palette" },
				"up": { "uv": [ 8.48, 2.48, 9.52, 3.52 ], "texture": "#voxels_palette" },
				"north": { "uv": [ 8.48, 2.48, 9.52, 3.52 ], "texture": "#voxels_palette" },
				"south": { "uv": [ 8.48, 2.48, 9.52, 3.52 ], "texture": "#voxels_palette" },
				"west": { "uv": [ 8.48, 2.48, 9.52, 3.52 ], "texture": "#voxels_palette" },
				"east": { "uv": [ 8.48, 2.48, 9.52, 3.52 ], "texture": "#voxels_palette" }
			}
		},
		{
			"__comment": "Voxels-D3D3D3",
			"from": [ 10, 17, 3 ],
			"to": [ 11, 18, 4 ],
			"faces": {
				"down": { "uv": [ 4.48, 4.48, 5.52, 5.52 ], "texture": "#voxels_palette" },
				"up": { "uv": [ 4.48, 4.48, 5.52, 5.52 ], "texture": "#voxels_palette" },
				"north": { "uv": [ 4.48, 4.48, 5.52, 5.52 ], "texture": "#voxels_palette" },
				"south": { "uv": [ 4.48, 4.48, 5.52, 5.52 ], "texture": "#voxels_palette" },
				"west": { "uv": [ 4.48, 4.48, 5.52, 5.52 ], "texture": "#voxels_palette" },
				"east": { "uv": [ 4.48, 4.48, 5.52, 5.52 ], "texture": "#voxels_palette" }
			}
		},
		{
			"__comment": "Voxels-B79700",
			"from": [ 10, 24, 6 ],
			"to": [ 11, 25, 7 ],
			"faces": {
				"down": { "uv": [ 14.48, 0.4799995, 15.52, 1.52 ], "texture": "#voxels_palette" },
				"up": { "uv": [ 14.48, 0.4799995, 15.52, 1.52 ], "texture": "#voxels_palette" },
				"north": { "uv": [ 14.48, 0.4799995, 15.52, 1.52 ], "texture": "#voxels_palette" },
				"south": { "uv": [ 14.48, 0.4799995, 15.52, 1.52 ], "texture": "#voxels_palette" },
				"west": { "uv": [ 14.48, 0.4799995, 15.52, 1.52 ], "texture": "#voxels_palette" },
				"east": { "uv": [ 14.48, 0.4799995, 15.52, 1.52 ], "texture": "#voxels_palette" }
			}
		},
		{
			"__comment": "Voxels-BB9B03",
			"from": [ 10, 24, 7 ],
			"to": [ 11, 25, 8 ],
			"faces": {
				"down": { "uv": [ 6.48, 2.48, 7.52, 3.52 ], "texture": "#voxels_palette" },
				"up": { "uv": [ 6.48, 2.48, 7.52, 3.52 ], "texture": "#voxels_palette" },
				"north": { "uv": [ 6.48, 2.48, 7.52, 3.52 ], "texture": "#voxels_palette" },
				"south": { "uv": [ 6.48, 2.48, 7.52, 3.52 ], "texture": "#voxels_palette" },
				"west": { "uv": [ 6.48, 2.48, 7.52, 3.52 ], "texture": "#voxels_palette" },
				"east": { "uv": [ 6.48, 2.48, 7.52, 3.52 ], "texture": "#voxels_palette" }
			}
		},
		{
			"__comment": "Voxels-B19100",
			"from": [ 10, 25, 6 ],
			"to": [ 11, 26, 7 ],
			"faces": {
				"down": { "uv": [ 0.48, 2.48, 1.52, 3.52 ], "texture": "#voxels_palette" },
				"up": { "uv": [ 0.48, 2.48, 1.52, 3.52 ], "texture": "#voxels_palette" },
				"north": { "uv": [ 0.48, 2.48, 1.52, 3.52 ], "texture": "#voxels_palette" },
				"south": { "uv": [ 0.48, 2.48, 1.52, 3.52 ], "texture": "#voxels_palette" },
				"west": { "uv": [ 0.48, 2.48, 1.52, 3.52 ], "texture": "#voxels_palette" },
				"east": { "uv": [ 0.48, 2.48, 1.52, 3.52 ], "texture": "#voxels_palette" }
			}
		},
		{
			"__comment": "Voxels-B49400",
			"from": [ 10, 25, 7 ],
			"to": [ 11, 26, 8 ],
			"faces": {
				"down": { "uv": [ 8.48, 0.4799995, 9.52, 1.52 ], "texture": "#voxels_palette" },
				"up": { "uv": [ 8.48, 0.4799995, 9.52, 1.52 ], "texture": "#voxels_palette" },
				"north": { "uv": [ 8.48, 0.4799995, 9.52, 1.52 ], "texture": "#voxels_palette" },
				"south": { "uv": [ 8.48, 0.4799995, 9.52, 1.52 ], "texture": "#voxels_palette" },
				"west": { "uv": [ 8.48, 0.4799995, 9.52, 1.52 ], "texture": "#voxels_palette" },
				"east": { "uv": [ 8.48, 0.4799995, 9.52, 1.52 ], "texture": "#voxels_palette" }
			}
		},
		{
			"__comment": "Voxels-BF9F07",
			"from": [ 10, 26, 6 ],
			"to": [ 11, 27, 7 ],
			"faces": {
				"down": { "uv": [ 6.48, 0.4799995, 7.52, 1.52 ], "texture": "#voxels_palette" },
				"up": { "uv": [ 6.48, 0.4799995, 7.52, 1.52 ], "texture": "#voxels_palette" },
				"north": { "uv": [ 6.48, 0.4799995, 7.52, 1.52 ], "texture": "#voxels_palette" },
				"south": { "uv": [ 6.48, 0.4799995, 7.52, 1.52 ], "texture": "#voxels_palette" },
				"west": { "uv": [ 6.48, 0.4799995, 7.52, 1.52 ], "texture": "#voxels_palette" },
				"east": { "uv": [ 6.48, 0.4799995, 7.52, 1.52 ], "texture": "#voxels_palette" }
			}
		},
		{
			"__comment": "Voxels-B99901",
			"from": [ 10, 26, 7 ],
			"to": [ 11, 27, 8 ],
			"faces": {
				"down": { "uv": [ 12.48, 2.48, 13.52, 3.52 ], "texture": "#voxels_palette" },
				"up": { "uv": [ 12.48, 2.48, 13.52, 3.52 ], "texture": "#voxels_palette" },
				"north": { "uv": [ 12.48, 2.48, 13.52, 3.52 ], "texture": "#voxels_palette" },
				"south": { "uv": [ 12.48, 2.48, 13.52, 3.52 ], "texture": "#voxels_palette" },
				"west": { "uv": [ 12.48, 2.48, 13.52, 3.52 ], "texture": "#voxels_palette" },
				"east": { "uv": [ 12.48, 2.48, 13.52, 3.52 ], "texture": "#voxels_palette" }
			}
		},
		{
			"__comment": "Voxels-B19100",
			"from": [ 10, 29, 7 ],
			"to": [ 11, 30, 8 ],
			"faces": {
				"down": { "uv": [ 0.48, 2.48, 1.52, 3.52 ], "texture": "#voxels_palette" },
				"up": { "uv": [ 0.48, 2.48, 1.52, 3.52 ], "texture": "#voxels_palette" },
				"north": { "uv": [ 0.48, 2.48, 1.52, 3.52 ], "texture": "#voxels_palette" },
				"south": { "uv": [ 0.48, 2.48, 1.52, 3.52 ], "texture": "#voxels_palette" },
				"west": { "uv": [ 0.48, 2.48, 1.52, 3.52 ], "texture": "#voxels_palette" },
				"east": { "uv": [ 0.48, 2.48, 1.52, 3.52 ], "texture": "#voxels_palette" }
			}
		},
		{
			"__comment": "Voxels-BD9D05",
			"from": [ 10, 30, 6 ],
			"to": [ 11, 31, 7 ],
			"faces": {
				"down": { "uv": [ 4.48, 2.48, 5.52, 3.52 ], "texture": "#voxels_palette" },
				"up": { "uv": [ 4.48, 2.48, 5.52, 3.52 ], "texture": "#voxels_palette" },
				"north": { "uv": [ 4.48, 2.48, 5.52, 3.52 ], "texture": "#voxels_palette" },
				"south": { "uv": [ 4.48, 2.48, 5.52, 3.52 ], "texture": "#voxels_palette" },
				"west": { "uv": [ 4.48, 2.48, 5.52, 3.52 ], "texture": "#voxels_palette" },
				"east": { "uv": [ 4.48, 2.48, 5.52, 3.52 ], "texture": "#voxels_palette" }
			}
		},
		{
			"__comment": "Voxels-BA9A02",
			"from": [ 10, 30, 7 ],
			"to": [ 11, 31, 8 ],
			"faces": {
				"down": { "uv": [ 14.48, 2.48, 15.52, 3.52 ], "texture": "#voxels_palette" },
				"up": { "uv": [ 14.48, 2.48, 15.52, 3.52 ], "texture": "#voxels_palette" },
				"north": { "uv": [ 14.48, 2.48, 15.52, 3.52 ], "texture": "#voxels_palette" },
				"south": { "uv": [ 14.48, 2.48, 15.52, 3.52 ], "texture": "#voxels_palette" },
				"west": { "uv": [ 14.48, 2.48, 15.52, 3.52 ], "texture": "#voxels_palette" },
				"east": { "uv": [ 14.48, 2.48, 15.52, 3.52 ], "texture": "#voxels_palette" }
			}
		},
		{
			"__comment": "Voxels-BFBFBF",
			"from": [ 11, 16, 3 ],
			"to": [ 12, 18, 4 ],
			"faces": {
				"down": { "uv": [ 2.48, 4.48, 3.52, 5.52 ], "texture": "#voxels_palette" },
				"up": { "uv": [ 2.48, 4.48, 3.52, 5.52 ], "texture": "#voxels_palette" },
				"north": { "uv": [ 2.48, 4.48, 3.52, 5.52 ], "texture": "#voxels_palette" },
				"south": { "uv": [ 2.48, 4.48, 3.52, 5.52 ], "texture": "#voxels_palette" },
				"west": { "uv": [ 2.48, 4.48, 3.52, 5.52 ], "texture": "#voxels_palette" },
				"east": { "uv": [ 2.48, 4.48, 3.52, 5.52 ], "texture": "#voxels_palette" }
			}
		},
		{
			"__comment": "Voxels-787878",
			"from": [ 11, 19, 4 ],
			"to": [ 12, 20, 5 ],
			"faces": {
				"down": { "uv": [ 10.48, 4.48, 11.52, 5.52 ], "texture": "#voxels_palette" },
				"up": { "uv": [ 10.48, 4.48, 11.52, 5.52 ], "texture": "#voxels_palette" },
				"north": { "uv": [ 10.48, 4.48, 11.52, 5.52 ], "texture": "#voxels_palette" },
				"south": { "uv": [ 10.48, 4.48, 11.52, 5.52 ], "texture": "#voxels_palette" },
				"west": { "uv": [ 10.48, 4.48, 11.52, 5.52 ], "texture": "#voxels_palette" },
				"east": { "uv": [ 10.48, 4.48, 11.52, 5.52 ], "texture": "#voxels_palette" }
			}
		},
		{
			"__comment": "Voxels-7F7F7F",
			"from": [ 11, 20, 4 ],
			"to": [ 12, 21, 5 ],
			"faces": {
				"down": { "uv": [ 0.48, 6.48, 1.52, 7.52 ], "texture": "#voxels_palette" },
				"up": { "uv": [ 0.48, 6.48, 1.52, 7.52 ], "texture": "#voxels_palette" },
				"north": { "uv": [ 0.48, 6.48, 1.52, 7.52 ], "texture": "#voxels_palette" },
				"south": { "uv": [ 0.48, 6.48, 1.52, 7.52 ], "texture": "#voxels_palette" },
				"west": { "uv": [ 0.48, 6.48, 1.52, 7.52 ], "texture": "#voxels_palette" },
				"east": { "uv": [ 0.48, 6.48, 1.52, 7.52 ], "texture": "#voxels_palette" }
			}
		},
		{
			"__comment": "Voxels-BFBFBF",
			"from": [ 11, 20, 10 ],
			"to": [ 14, 21, 11 ],
			"faces": {
				"down": { "uv": [ 2.48, 4.48, 3.52, 5.52 ], "texture": "#voxels_palette" },
				"up": { "uv": [ 2.48, 4.48, 3.52, 5.52 ], "texture": "#voxels_palette" },
				"north": { "uv": [ 2.48, 4.48, 3.52, 5.52 ], "texture": "#voxels_palette" },
				"south": { "uv": [ 2.48, 4.48, 3.52, 5.52 ], "texture": "#voxels_palette" },
				"west": { "uv": [ 2.48, 4.48, 3.52, 5.52 ], "texture": "#voxels_palette" },
				"east": { "uv": [ 2.48, 4.48, 3.52, 5.52 ], "texture": "#voxels_palette" }
			}
		},
		{
			"__comment": "Voxels-D3D3D3",
			"from": [ 11, 23, 3 ],
			"to": [ 13, 24, 4 ],
			"faces": {
				"down": { "uv": [ 4.48, 4.48, 5.52, 5.52 ], "texture": "#voxels_palette" },
				"up": { "uv": [ 4.48, 4.48, 5.52, 5.52 ], "texture": "#voxels_palette" },
				"north": { "uv": [ 4.48, 4.48, 5.52, 5.52 ], "texture": "#voxels_palette" },
				"south": { "uv": [ 4.48, 4.48, 5.52, 5.52 ], "texture": "#voxels_palette" },
				"west": { "uv": [ 4.48, 4.48, 5.52, 5.52 ], "texture": "#voxels_palette" },
				"east": { "uv": [ 4.48, 4.48, 5.52, 5.52 ], "texture": "#voxels_palette" }
			}
		},
		{
			"__comment": "Voxels-B69600",
			"from": [ 11, 25, 6 ],
			"to": [ 12, 26, 7 ],
			"faces": {
				"down": { "uv": [ 10.48, 2.48, 11.52, 3.52 ], "texture": "#voxels_palette" },
				"up": { "uv": [ 10.48, 2.48, 11.52, 3.52 ], "texture": "#voxels_palette" },
				"north": { "uv": [ 10.48, 2.48, 11.52, 3.52 ], "texture": "#voxels_palette" },
				"south": { "uv": [ 10.48, 2.48, 11.52, 3.52 ], "texture": "#voxels_palette" },
				"west": { "uv": [ 10.48, 2.48, 11.52, 3.52 ], "texture": "#voxels_palette" },
				"east": { "uv": [ 10.48, 2.48, 11.52, 3.52 ], "texture": "#voxels_palette" }
			}
		},
		{
			"__comment": "Voxels-B89800",
			"from": [ 11, 25, 7 ],
			"to": [ 12, 26, 8 ],
			"faces": {
				"down": { "uv": [ 0.48, 4.48, 1.52, 5.52 ], "texture": "#voxels_palette" },
				"up": { "uv": [ 0.48, 4.48, 1.52, 5.52 ], "texture": "#voxels_palette" },
				"north": { "uv": [ 0.48, 4.48, 1.52, 5.52 ], "texture": "#voxels_palette" },
				"south": { "uv": [ 0.48, 4.48, 1.52, 5.52 ], "texture": "#voxels_palette" },
				"west": { "uv": [ 0.48, 4.48, 1.52, 5.52 ], "texture": "#voxels_palette" },
				"east": { "uv": [ 0.48, 4.48, 1.52, 5.52 ], "texture": "#voxels_palette" }
			}
		},
		{
			"__comment": "Voxels-BC9C04",
			"from": [ 11, 26, 6 ],
			"to": [ 12, 27, 7 ],
			"faces": {
				"down": { "uv": [ 4.48, 0.4799995, 5.52, 1.52 ], "texture": "#voxels_palette" },
				"up": { "uv": [ 4.48, 0.4799995, 5.52, 1.52 ], "texture": "#voxels_palette" },
				"north": { "uv": [ 4.48, 0.4799995, 5.52, 1.52 ], "texture": "#voxels_palette" },
				"south": { "uv": [ 4.48, 0.4799995, 5.52, 1.52 ], "texture": "#voxels_palette" },
				"west": { "uv": [ 4.48, 0.4799995, 5.52, 1.52 ], "texture": "#voxels_palette" },
				"east": { "uv": [ 4.48, 0.4799995, 5.52, 1.52 ], "texture": "#voxels_palette" }
			}
		},
		{
			"__comment": "Voxels-B59500",
			"from": [ 11, 26, 7 ],
			"to": [ 13, 27, 8 ],
			"faces": {
				"down": { "uv": [ 2.48, 0.4799995, 3.52, 1.52 ], "texture": "#voxels_palette" },
				"up": { "uv": [ 2.48, 0.4799995, 3.52, 1.52 ], "texture": "#voxels_palette" },
				"north": { "uv": [ 2.48, 0.4799995, 3.52, 1.52 ], "texture": "#voxels_palette" },
				"south": { "uv": [ 2.48, 0.4799995, 3.52, 1.52 ], "texture": "#voxels_palette" },
				"west": { "uv": [ 2.48, 0.4799995, 3.52, 1.52 ], "texture": "#voxels_palette" },
				"east": { "uv": [ 2.48, 0.4799995, 3.52, 1.52 ], "texture": "#voxels_palette" }
			}
		},
		{
			"__comment": "Voxels-BD9D05",
			"from": [ 11, 27, 6 ],
			"to": [ 12, 28, 7 ],
			"faces": {
				"down": { "uv": [ 4.48, 2.48, 5.52, 3.52 ], "texture": "#voxels_palette" },
				"up": { "uv": [ 4.48, 2.48, 5.52, 3.52 ], "texture": "#voxels_palette" },
				"north": { "uv": [ 4.48, 2.48, 5.52, 3.52 ], "texture": "#voxels_palette" },
				"south": { "uv": [ 4.48, 2.48, 5.52, 3.52 ], "texture": "#voxels_palette" },
				"west": { "uv": [ 4.48, 2.48, 5.52, 3.52 ], "texture": "#voxels_palette" },
				"east": { "uv": [ 4.48, 2.48, 5.52, 3.52 ], "texture": "#voxels_palette" }
			}
		},
		{
			"__comment": "Voxels-B89800",
			"from": [ 11, 27, 7 ],
			"to": [ 12, 28, 8 ],
			"faces": {
				"down": { "uv": [ 0.48, 4.48, 1.52, 5.52 ], "texture": "#voxels_palette" },
				"up": { "uv": [ 0.48, 4.48, 1.52, 5.52 ], "texture": "#voxels_palette" },
				"north": { "uv": [ 0.48, 4.48, 1.52, 5.52 ], "texture": "#voxels_palette" },
				"south": { "uv": [ 0.48, 4.48, 1.52, 5.52 ], "texture": "#voxels_palette" },
				"west": { "uv": [ 0.48, 4.48, 1.52, 5.52 ], "texture": "#voxels_palette" },
				"east": { "uv": [ 0.48, 4.48, 1.52, 5.52 ], "texture": "#voxels_palette" }
			}
		},
		{
			"__comment": "Voxels-B89800",
			"from": [ 11, 28, 6 ],
			"to": [ 12, 29, 7 ],
			"faces": {
				"down": { "uv": [ 0.48, 4.48, 1.52, 5.52 ], "texture": "#voxels_palette" },
				"up": { "uv": [ 0.48, 4.48, 1.52, 5.52 ], "texture": "#voxels_palette" },
				"north": { "uv": [ 0.48, 4.48, 1.52, 5.52 ], "texture": "#voxels_palette" },
				"south": { "uv": [ 0.48, 4.48, 1.52, 5.52 ], "texture": "#voxels_palette" },
				"west": { "uv": [ 0.48, 4.48, 1.52, 5.52 ], "texture": "#voxels_palette" },
				"east": { "uv": [ 0.48, 4.48, 1.52, 5.52 ], "texture": "#voxels_palette" }
			}
		},
		{
			"__comment": "Voxels-BF9F07",
			"from": [ 11, 28, 7 ],
			"to": [ 12, 29, 8 ],
			"faces": {
				"down": { "uv": [ 6.48, 0.4799995, 7.52, 1.52 ], "texture": "#voxels_palette" },
				"up": { "uv": [ 6.48, 0.4799995, 7.52, 1.52 ], "texture": "#voxels_palette" },
				"north": { "uv": [ 6.48, 0.4799995, 7.52, 1.52 ], "texture": "#voxels_palette" },
				"south": { "uv": [ 6.48, 0.4799995, 7.52, 1.52 ], "texture": "#voxels_palette" },
				"west": { "uv": [ 6.48, 0.4799995, 7.52, 1.52 ], "texture": "#voxels_palette" },
				"east": { "uv": [ 6.48, 0.4799995, 7.52, 1.52 ], "texture": "#voxels_palette" }
			}
		},
		{
			"__comment": "Voxels-B79700",
			"from": [ 11, 29, 6 ],
			"to": [ 12, 31, 7 ],
			"faces": {
				"down": { "uv": [ 14.48, 0.4799995, 15.52, 1.52 ], "texture": "#voxels_palette" },
				"up": { "uv": [ 14.48, 0.4799995, 15.52, 1.52 ], "texture": "#voxels_palette" },
				"north": { "uv": [ 14.48, 0.4799995, 15.52, 1.52 ], "texture": "#voxels_palette" },
				"south": { "uv": [ 14.48, 0.4799995, 15.52, 1.52 ], "texture": "#voxels_palette" },
				"west": { "uv": [ 14.48, 0.4799995, 15.52, 1.52 ], "texture": "#voxels_palette" },
				"east": { "uv": [ 14.48, 0.4799995, 15.52, 1.52 ], "texture": "#voxels_palette" }
			}
		},
		{
			"__comment": "Voxels-BB9B03",
			"from": [ 11, 29, 7 ],
			"to": [ 12, 30, 8 ],
			"faces": {
				"down": { "uv": [ 6.48, 2.48, 7.52, 3.52 ], "texture": "#voxels_palette" },
				"up": { "uv": [ 6.48, 2.48, 7.52, 3.52 ], "texture": "#voxels_palette" },
				"north": { "uv": [ 6.48, 2.48, 7.52, 3.52 ], "texture": "#voxels_palette" },
				"south": { "uv": [ 6.48, 2.48, 7.52, 3.52 ], "texture": "#voxels_palette" },
				"west": { "uv": [ 6.48, 2.48, 7.52, 3.52 ], "texture": "#voxels_palette" },
				"east": { "uv": [ 6.48, 2.48, 7.52, 3.52 ], "texture": "#voxels_palette" }
			}
		},
		{
			"__comment": "Voxels-BC9C04",
			"from": [ 11, 30, 7 ],
			"to": [ 12, 31, 8 ],
			"faces": {
				"down": { "uv": [ 4.48, 0.4799995, 5.52, 1.52 ], "texture": "#voxels_palette" },
				"up": { "uv": [ 4.48, 0.4799995, 5.52, 1.52 ], "texture": "#voxels_palette" },
				"north": { "uv": [ 4.48, 0.4799995, 5.52, 1.52 ], "texture": "#voxels_palette" },
				"south": { "uv": [ 4.48, 0.4799995, 5.52, 1.52 ], "texture": "#voxels_palette" },
				"west": { "uv": [ 4.48, 0.4799995, 5.52, 1.52 ], "texture": "#voxels_palette" },
				"east": { "uv": [ 4.48, 0.4799995, 5.52, 1.52 ], "texture": "#voxels_palette" }
			}
		},
		{
			"__comment": "Voxels-D3D3D3",
			"from": [ 12, 18, 6 ],
			"to": [ 13, 24, 7 ],
			"faces": {
				"down": { "uv": [ 4.48, 4.48, 5.52, 5.52 ], "texture": "#voxels_palette" },
				"up": { "uv": [ 4.48, 4.48, 5.52, 5.52 ], "texture": "#voxels_palette" },
				"north": { "uv": [ 4.48, 4.48, 5.52, 5.52 ], "texture": "#voxels_palette" },
				"south": { "uv": [ 4.48, 4.48, 5.52, 5.52 ], "texture": "#voxels_palette" },
				"west": { "uv": [ 4.48, 4.48, 5.52, 5.52 ], "texture": "#voxels_palette" },
				"east": { "uv": [ 4.48, 4.48, 5.52, 5.52 ], "texture": "#voxels_palette" }
			}
		},
		{
			"__comment": "Voxels-7E7E7E",
			"from": [ 12, 19, 4 ],
			"to": [ 13, 20, 5 ],
			"faces": {
				"down": { "uv": [ 2.48, 6.48, 3.52, 7.52 ], "texture": "#voxels_palette" },
				"up": { "uv": [ 2.48, 6.48, 3.52, 7.52 ], "texture": "#voxels_palette" },
				"north": { "uv": [ 2.48, 6.48, 3.52, 7.52 ], "texture": "#voxels_palette" },
				"south": { "uv": [ 2.48, 6.48, 3.52, 7.52 ], "texture": "#voxels_palette" },
				"west": { "uv": [ 2.48, 6.48, 3.52, 7.52 ], "texture": "#voxels_palette" },
				"east": { "uv": [ 2.48, 6.48, 3.52, 7.52 ], "texture": "#voxels_palette" }
			}
		},
		{
			"__comment": "Voxels-7C7C7C",
			"from": [ 12, 20, 4 ],
			"to": [ 13, 21, 5 ],
			"faces": {
				"down": { "uv": [ 6.48, 4.48, 7.52, 5.52 ], "texture": "#voxels_palette" },
				"up": { "uv": [ 6.48, 4.48, 7.52, 5.52 ], "texture": "#voxels_palette" },
				"north": { "uv": [ 6.48, 4.48, 7.52, 5.52 ], "texture": "#voxels_palette" },
				"south": { "uv": [ 6.48, 4.48, 7.52, 5.52 ], "texture": "#voxels_palette" },
				"west": { "uv": [ 6.48, 4.48, 7.52, 5.52 ], "texture": "#voxels_palette" },
				"east": { "uv": [ 6.48, 4.48, 7.52, 5.52 ], "texture": "#voxels_palette" }
			}
		},
		{
			"__comment": "Voxels-B29200",
			"from": [ 12, 26, 6 ],
			"to": [ 13, 27, 7 ],
			"faces": {
				"down": { "uv": [ 12.48, 0.4799995, 13.52, 1.52 ], "texture": "#voxels_palette" },
				"up": { "uv": [ 12.48, 0.4799995, 13.52, 1.52 ], "texture": "#voxels_palette" },
				"north": { "uv": [ 12.48, 0.4799995, 13.52, 1.52 ], "texture": "#voxels_palette" },
				"south": { "uv": [ 12.48, 0.4799995, 13.52, 1.52 ], "texture": "#voxels_palette" },
				"west": { "uv": [ 12.48, 0.4799995, 13.52, 1.52 ], "texture": "#voxels_palette" },
				"east": { "uv": [ 12.48, 0.4799995, 13.52, 1.52 ], "texture": "#voxels_palette" }
			}
		},
		{
			"__comment": "Voxels-B89800",
			"from": [ 12, 29, 6 ],
			"to": [ 13, 30, 7 ],
			"faces": {
				"down": { "uv": [ 0.48, 4.48, 1.52, 5.52 ], "texture": "#voxels_palette" },
				"up": { "uv": [ 0.48, 4.48, 1.52, 5.52 ], "texture": "#voxels_palette" },
				"north": { "uv": [ 0.48, 4.48, 1.52, 5.52 ], "texture": "#voxels_palette" },
				"south": { "uv": [ 0.48, 4.48, 1.52, 5.52 ], "texture": "#voxels_palette" },
				"west": { "uv": [ 0.48, 4.48, 1.52, 5.52 ], "texture": "#voxels_palette" },
				"east": { "uv": [ 0.48, 4.48, 1.52, 5.52 ], "texture": "#voxels_palette" }
			}
		},
		{
			"__comment": "Voxels-B39300",
			"from": [ 12, 29, 7 ],
			"to": [ 13, 30, 8 ],
			"faces": {
				"down": { "uv": [ 8.48, 2.48, 9.52, 3.52 ], "texture": "#voxels_palette" },
				"up": { "uv": [ 8.48, 2.48, 9.52, 3.52 ], "texture": "#voxels_palette" },
				"north": { "uv": [ 8.48, 2.48, 9.52, 3.52 ], "texture": "#voxels_palette" },
				"south": { "uv": [ 8.48, 2.48, 9.52, 3.52 ], "texture": "#voxels_palette" },
				"west": { "uv": [ 8.48, 2.48, 9.52, 3.52 ], "texture": "#voxels_palette" },
				"east": { "uv": [ 8.48, 2.48, 9.52, 3.52 ], "texture": "#voxels_palette" }
			}
		},
		{
			"__comment": "Voxels-BFBFBF",
			"from": [ 13, 18, 3 ],
			"to": [ 14, 22, 4 ],
			"faces": {
				"down": { "uv": [ 2.48, 4.48, 3.52, 5.52 ], "texture": "#voxels_palette" },
				"up": { "uv": [ 2.48, 4.48, 3.52, 5.52 ], "texture": "#voxels_palette" },
				"north": { "uv": [ 2.48, 4.48, 3.52, 5.52 ], "texture": "#voxels_palette" },
				"south": { "uv": [ 2.48, 4.48, 3.52, 5.52 ], "texture": "#voxels_palette" },
				"west": { "uv": [ 2.48, 4.48, 3.52, 5.52 ], "texture": "#voxels_palette" },
				"east": { "uv": [ 2.48, 4.48, 3.52, 5.52 ], "texture": "#voxels_palette" }
			}
		},
		{
			"__comment": "Voxels-BFBFBF",
			"from": [ 13, 18, 4 ],
			"to": [ 14, 19, 9 ],
			"faces": {
				"down": { "uv": [ 2.48, 4.48, 3.52, 5.52 ], "texture": "#voxels_palette" },
				"up": { "uv": [ 2.48, 4.48, 3.52, 5.52 ], "texture": "#voxels_palette" },
				"north": { "uv": [ 2.48, 4.48, 3.52, 5.52 ], "texture": "#voxels_palette" },
				"south": { "uv": [ 2.48, 4.48, 3.52, 5.52 ], "texture": "#voxels_palette" },
				"west": { "uv": [ 2.48, 4.48, 3.52, 5.52 ], "texture": "#voxels_palette" },
				"east": { "uv": [ 2.48, 4.48, 3.52, 5.52 ], "texture": "#voxels_palette" }
			}
		},
		{
			"__comment": "Voxels-D3D3D3",
			"from": [ 13, 19, 4 ],
			"to": [ 14, 22, 8 ],
			"faces": {
				"down": { "uv": [ 4.48, 4.48, 5.52, 5.52 ], "texture": "#voxels_palette" },
				"up": { "uv": [ 4.48, 4.48, 5.52, 5.52 ], "texture": "#voxels_palette" },
				"north": { "uv": [ 4.48, 4.48, 5.52, 5.52 ], "texture": "#voxels_palette" },
				"south": { "uv": [ 4.48, 4.48, 5.52, 5.52 ], "texture": "#voxels_palette" },
				"west": { "uv": [ 4.48, 4.48, 5.52, 5.52 ], "texture": "#voxels_palette" },
				"east": { "uv": [ 4.48, 4.48, 5.52, 5.52 ], "texture": "#voxels_palette" }
			}
		},
		{
			"__comment": "Voxels-BFBFBF",
			"from": [ 13, 20, 9 ],
			"to": [ 14, 21, 10 ],
			"faces": {
				"down": { "uv": [ 2.48, 4.48, 3.52, 5.52 ], "texture": "#voxels_palette" },
				"up": { "uv": [ 2.48, 4.48, 3.52, 5.52 ], "texture": "#voxels_palette" },
				"north": { "uv": [ 2.48, 4.48, 3.52, 5.52 ], "texture": "#voxels_palette" },
				"south": { "uv": [ 2.48, 4.48, 3.52, 5.52 ], "texture": "#voxels_palette" },
				"west": { "uv": [ 2.48, 4.48, 3.52, 5.52 ], "texture": "#voxels_palette" },
				"east": { "uv": [ 2.48, 4.48, 3.52, 5.52 ], "texture": "#voxels_palette" }
			}
		},
		{
			"__comment": "Voxels-BFBFBF",
			"from": [ 13, 21, 10 ],
			"to": [ 14, 22, 11 ],
			"faces": {
				"down": { "uv": [ 2.48, 4.48, 3.52, 5.52 ], "texture": "#voxels_palette" },
				"up": { "uv": [ 2.48, 4.48, 3.52, 5.52 ], "texture": "#voxels_palette" },
				"north": { "uv": [ 2.48, 4.48, 3.52, 5.52 ], "texture": "#voxels_palette" },
				"south": { "uv": [ 2.48, 4.48, 3.52, 5.52 ], "texture": "#voxels_palette" },
				"west": { "uv": [ 2.48, 4.48, 3.52, 5.52 ], "texture": "#voxels_palette" },
				"east": { "uv": [ 2.48, 4.48, 3.52, 5.52 ], "texture": "#voxels_palette" }
			}
		},
		{
			"__comment": "Voxels-D3D3D3",
			"from": [ 13, 22, 5 ],
			"to": [ 14, 24, 7 ],
			"faces": {
				"down": { "uv": [ 4.48, 4.48, 5.52, 5.52 ], "texture": "#voxels_palette" },
				"up": { "uv": [ 4.48, 4.48, 5.52, 5.52 ], "texture": "#voxels_palette" },
				"north": { "uv": [ 4.48, 4.48, 5.52, 5.52 ], "texture": "#voxels_palette" },
				"south": { "uv": [ 4.48, 4.48, 5.52, 5.52 ], "texture": "#voxels_palette" },
				"west": { "uv": [ 4.48, 4.48, 5.52, 5.52 ], "texture": "#voxels_palette" },
				"east": { "uv": [ 4.48, 4.48, 5.52, 5.52 ], "texture": "#voxels_palette" }
			}
		},
		{
			"__comment": "Voxels-D3D3D3",
			"from": [ 13, 22, 7 ],
			"to": [ 14, 23, 8 ],
			"faces": {
				"down": { "uv": [ 4.48, 4.48, 5.52, 5.52 ], "texture": "#voxels_palette" },
				"up": { "uv": [ 4.48, 4.48, 5.52, 5.52 ], "texture": "#voxels_palette" },
				"north": { "uv": [ 4.48, 4.48, 5.52, 5.52 ], "texture": "#voxels_palette" },
				"south": { "uv": [ 4.48, 4.48, 5.52, 5.52 ], "texture": "#voxels_palette" },
				"west": { "uv": [ 4.48, 4.48, 5.52, 5.52 ], "texture": "#voxels_palette" },
				"east": { "uv": [ 4.48, 4.48, 5.52, 5.52 ], "texture": "#voxels_palette" }
			}
		}
	],
	"display": {
		"thirdperson_righthand": {
			"rotation":  [ 180, 90, 0 ],
			"translation":  [ 0, 4, 0 ],
			"scale":  [ 0.2, 0.2, 0.2 ]
		},
		"thirdperson_lefthand": {
			"rotation":  [ 180, -90, 0 ],
			"translation":  [ 0, 4, 0 ],
			"scale":  [ 0.2, 0.2, 0.2 ]
		},
		"firstperson_righthand": {
			"rotation":  [ 92, 85, 0 ],
			"translation":  [ 21, -7, -22 ],
			"scale":  [ 0.5, 0.5, 0.5 ]
		},
		"firstperson_lefthand": {
			"rotation":  [ 92, -85, 0 ],
			"translation":  [ 21, -7, -22 ],
			"scale":  [ 0.5, 0.5, 0.5 ]
		},
		"gui": {
			"rotation":  [ 0, 180, 45 ],
			"translation":  [ -2, -3, 0 ],
			"scale":  [ 0.5, 0.5, 0.5 ]
		},
		"ground": {
			"translation":  [ 0, 2, 0 ],
			"scale":  [ 0.2, 0.2, 0.2 ]
		},
		"fixed": {
			"translation":  [ 0, -4, 0 ],
			"scale":  [ 0.5, 0.5, 0.5 ]
		}
	}
}