{
    "parent": "item/generated",
    "textures": {
        "layer0": "item/potion_overlay",
        "layer1": "item/potion"
    },
	"overrides": [
		{ "predicate": { "custom_model_data": 1}, "model": "item/pots/vipersting" },
		{ "predicate": { "custom_model_data": 2}, "model": "item/pots/giftofanubis" },
		{ "predicate": { "custom_model_data": 3}, "model": "item/pots/desertsand" },
		{ "predicate": { "custom_model_data": 4}, "model": "item/pots/granniesjar" },
		{ "predicate": { "custom_model_data": 5}, "model": "item/pots/smallpotion" },
		{ "predicate": { "custom_model_data": 6}, "model": "item/pots/beer1" },
		{ "predicate": { "custom_model_data": 7}, "model": "item/pots/bottle1" },
		{ "predicate": { "custom_model_data": 8}, "model": "item/pots/silvergoblet" },
		{ "predicate": { "custom_model_data": 9}, "model": "item/pots/goldgoblet" },
		{ "predicate": { "custom_model_data": 10}, "model": "item/vote/vampiric_goblet" }		
	]	
}
