{
    "parent": "builtin/entity",
    "textures": {
        "particle": "block/dark_oak_planks"
    },
    "display": {
        "thirdperson_righthand": {
            "rotation": [ 0, 90, 0 ],
            "translation": [ 10, 6, -4 ],
            "scale": [ 1, 1, 1 ]
        },
        "thirdperson_lefthand": {
            "rotation": [ 0, 90, 0 ],
            "translation": [ 10, 6, 12 ],
            "scale": [ 1, 1, 1 ]
        },
        "firstperson_righthand": {
            "rotation": [ 0, 180, 5 ],
            "translation": [ -10, 2, -10 ],
            "scale": [ 1.25, 1.25, 1.25 ]
        },
        "firstperson_lefthand": {
            "rotation": [ 0, 180, 5 ],
            "translation": [ 10, 0, -10 ],
            "scale": [ 1.25, 1.25, 1.25 ]
        },
        "gui": {
            "rotation": [ 15, -25, -5 ],
            "translation": [ 2, 3, 0 ],
            "scale": [ 0.65, 0.65, 0.65 ]
        },
        "fixed": {
            "rotation": [ 0, 180, 0 ],
            "translation": [ -2, 4, -5],
            "scale":[ 0.5, 0.5, 0.5]
        },
        "ground": {
            "rotation": [ 0, 0, 0 ],
            "translation": [ 4, 4, 2],
            "scale":[ 0.25, 0.25, 0.25]
        }
    },
    "overrides": [
        {
            "predicate": {
                "blocking": 1
            },
            "model": "item/shield_blocking"
        },
				{
            "predicate": {
				"blocking": 0,
                "custom_model_data": 1
				
            },
            "model": "item/shield/shieldofthorns"
        },
		        {
            "predicate": {
				"blocking": 1,
                "custom_model_data": 1
            },
            "model": "item/shield/shieldofthornsb"
        },
				{
            "predicate": {
				"blocking": 0,
                "custom_model_data": 2
				
            },
            "model": "item/shield/vshield"
        },
		        {
            "predicate": {
				"blocking": 1,
                "custom_model_data": 2
            },
            "model": "item/shield/vshieldb"
        },
				{
            "predicate": {
				"blocking": 0,
                "custom_model_data": 3
				
            },
            "model": "item/shield/vshieldr"
        },
		        {
            "predicate": {
				"blocking": 1,
                "custom_model_data": 3
            },
            "model": "item/shield/vshieldbr"
        },
			{
            "predicate": {
				"blocking": 0,
                "custom_model_data": 4
				
            },
            "model": "item/shield/pshield"
        },
		        {
            "predicate": {
				"blocking": 1,
                "custom_model_data": 4
            },
            "model": "item/shield/pshieldb"
        },
			{
            "predicate": {
				"blocking": 0,
                "custom_model_data": 5
				
            },
            "model": "item/shield/claiveshield"
        },
		        {
            "predicate": {
				"blocking": 1,
                "custom_model_data": 5
            },
            "model": "item/shield/claiveshieldb"
        },
			{
            "predicate": {
				"blocking": 0,
                "custom_model_data": 6
				
            },
            "model": "item/shield/umbrella"
        },
		        {
            "predicate": {
				"blocking": 1,
                "custom_model_data": 6
            },
            "model": "item/shield/umbrellab"
        },
			{
            "predicate": {
				"blocking": 0,
                "custom_model_data": 7
				
            },
            "model": "item/shield/valshield"
        },
		        {
            "predicate": {
				"blocking": 1,
                "custom_model_data": 7
            },
            "model": "item/shield/valshieldb"
        },
			{
            "predicate": {
				"blocking": 0,
                "custom_model_data": 8
				
            },
            "model": "item/shield/wingvamp"
        },
		        {
            "predicate": {
				"blocking": 1,
                "custom_model_data": 8
            },
            "model": "item/shield/wingvampb"
        },
			{
            "predicate": {
				"blocking": 0,
                "custom_model_data": 9
				
            },
            "model": "item/shield/wingangel"
        },
		        {
            "predicate": {
				"blocking": 1,
                "custom_model_data": 9
            },
            "model": "item/shield/wingangelb"
        },
			{
            "predicate": {
				"blocking": 0,
                "custom_model_data": 10
				
            },
            "model": "item/shield/cookieshield"
        },
		        {
            "predicate": {
				"blocking": 1,
                "custom_model_data": 10
            },
            "model": "item/shield/cookieshieldp"			
        },
			{
            "predicate": {
				"blocking": 0,
                "custom_model_data": 11
				
            },
            "model": "item/netheritesword/anubisglaives"
        },
		        {
            "predicate": {
				"blocking": 1,
                "custom_model_data": 11
            },
            "model": "item/shield/anubisglaivesd"			
        }		
    ]
}
