{
    "parent": "item/generated",
		"overrides": [
		{ "predicate": { "custom_model_data": 0}, "model": "item/keys/tripwire_hook" },
		{ "predicate": { "custom_model_data": 1}, "model": "item/keys/skelletonkey" },
		{ "predicate": { "custom_model_data": 2}, "model": "item/keys/goldkey" },
		{ "predicate": { "custom_model_data": 3}, "model": "item/keys/ironkey" },
		{ "predicate": { "custom_model_data": 4}, "model": "item/keys/oceankey2" },
		{ "predicate": { "custom_model_data": 5}, "model": "item/keys/rustykey" },
		{ "predicate": { "custom_model_data": 6}, "model": "item/keys/drawingofakey" },
		{ "predicate": { "custom_model_data": 7}, "model": "item/keys/rustykey" },
		{ "predicate": { "custom_model_data": 8}, "model": "item/keys/rustykey" },
		{ "predicate": { "custom_model_data": 9}, "model": "item/keys/rustykey" },
		{ "predicate": { "custom_model_data": 10}, "model": "item/keys/rustykey" }
	]
}