{
	"__comment": "Designed by Elo106 with Cubik Studio - https://cubik.studio",
	"textures": {
		"particle": "items/witherstone",
		"texture": "items/witherstone",
		"voxels_atlas": "items/witherstone",
		"portaleffect": "block/nether_portal"
	},
	"elements": [ 	 
		{
			"__comment": "Voxels",
			"from": [ -6, 4, 6 ],
			"to": [ 22, 10, 10 ],
			"faces": {
				"down": { "uv": [ 3.5, 13, 7, 13.5 ], "texture": "#voxels_atlas", "cullface": "east" },
				"up": { "uv": [ 0, 13.5, 3.5, 13 ], "texture": "#voxels_atlas", "cullface": "east" },
				"north": { "uv": [ 3.5, 15.25, 0, 16 ], "texture": "#voxels_atlas", "cullface": "east" },
				"south": { "uv": [ 3.5, 15.25, 7, 16 ], "texture": "#voxels_atlas", "cullface": "east" },
				"west": { "uv": [ 4.75, 5.5, 5.25, 6.25 ], "texture": "#voxels_atlas", "cullface": "east" },
				"east": { "uv": [ 6, 8.5, 5.5, 9.25 ], "texture": "#voxels_atlas", "cullface": "east" }
			}
		},
		{
			"__comment": "Voxels",
			"from": [ -6, 6, 0 ],
			"to": [ 22, 10, 6 ],
			"faces": {
				"down": { "uv": [ 7, 15.25, 10.5, 16 ], "texture": "#voxels_atlas" },
				"up": { "uv": [ 10.5, 16, 14, 15.25 ], "texture": "#voxels_atlas" },
				"north": { "uv": [ 10.5, 13, 7, 13.5 ], "texture": "#voxels_atlas" },
				"west": { "uv": [ 6, 8.75, 6.75, 9.25 ], "texture": "#voxels_atlas" },
				"east": { "uv": [ 6.75, 8.25, 6, 8.75 ], "texture": "#voxels_atlas" }
			}
		},
		{
			"__comment": "Voxels",
			"from": [ -6, 6, 10 ],
			"to": [ 22, 10, 16 ],
			"faces": {
				"down": { "uv": [ 0, 14.5, 3.5, 15.25 ], "texture": "#voxels_atlas" },
				"up": { "uv": [ 3.5, 15.25, 7, 14.5 ], "texture": "#voxels_atlas" },
				"south": { "uv": [ 3.5, 12.5, 7, 13 ], "texture": "#voxels_atlas" },
				"west": { "uv": [ 6, 7.75, 6.75, 8.25 ], "texture": "#voxels_atlas" },
				"east": { "uv": [ 6.75, 7.25, 6, 7.75 ], "texture": "#voxels_atlas" }
			}
		},
		{
			"__comment": "Voxels",
			"from": [ -6, 8, -2 ],
			"to": [ 22, 10, 0 ],
			"faces": {
				"down": { "uv": [ 3, 12, 6.5, 12.25 ], "texture": "#voxels_atlas" },
				"up": { "uv": [ 3, 12, 6.5, 11.75 ], "texture": "#voxels_atlas" },
				"north": { "uv": [ 13.5, 12, 10, 12.25 ], "texture": "#voxels_atlas" },
				"west": { "uv": [ 5.5, 5, 5.75, 5.25 ], "texture": "#voxels_atlas" },
				"east": { "uv": [ 6, 4.75, 5.75, 5 ], "texture": "#voxels_atlas" }
			}
		},
		{
			"__comment": "Voxels",
			"from": [ -6, 8, 16 ],
			"to": [ 22, 10, 18 ],
			"faces": {
				"down": { "uv": [ 6.5, 12.25, 10, 12.5 ], "texture": "#voxels_atlas" },
				"up": { "uv": [ 10, 12.5, 13.5, 12.25 ], "texture": "#voxels_atlas" },
				"south": { "uv": [ 6.5, 11.75, 10, 12 ], "texture": "#voxels_atlas" },
				"west": { "uv": [ 5.5, 4.25, 5.75, 4.5 ], "texture": "#voxels_atlas" },
				"east": { "uv": [ 6, 4, 5.75, 4.25 ], "texture": "#voxels_atlas" }
			}
		},
		{
			"__comment": "Voxels",
			"from": [ -6, 10, 0 ],
			"to": [ 4, 12, 4 ],
			"faces": {
				"up": { "uv": [ 4.25, 8.75, 5.5, 8.25 ], "texture": "#voxels_atlas", "cullface": "west" },
				"north": { "uv": [ 8, 6, 6.75, 6.25 ], "texture": "#voxels_atlas", "cullface": "west" },
				"south": { "uv": [ 6.75, 5.75, 8, 6 ], "texture": "#voxels_atlas", "cullface": "west" },
				"west": { "uv": [ 15.5, 10.75, 16, 11 ], "texture": "#voxels_atlas", "cullface": "west" },
				"east": { "uv": [ 5.5, 5, 5, 5.25 ], "texture": "#voxels_atlas", "cullface": "west" }
			}
		},
		{
			"__comment": "Voxels",
			"from": [ -6, 10, 4 ],
			"to": [ 2, 12, 16 ],
			"faces": {
				"down": { "uv": [ 0, 10.5, 1, 12 ], "texture": "#voxels_atlas", "cullface": "west" },
				"up": { "uv": [ 1, 12, 2, 10.5 ], "texture": "#voxels_atlas", "cullface": "west" },
				"south": { "uv": [ 6.75, 4.5, 7.75, 4.75 ], "texture": "#voxels_atlas", "cullface": "west" },
				"west": { "uv": [ 12.75, 9, 14.25, 9.25 ], "texture": "#voxels_atlas", "cullface": "west" },
				"east": { "uv": [ 15.75, 9, 14.25, 9.25 ], "texture": "#voxels_atlas", "cullface": "west" }
			}
		},
		{
			"__comment": "Voxels",
			"from": [ -4, 4, 0 ],
			"to": [ 20, 6, 6 ],
			"faces": {
				"down": { "uv": [ 10, 14.5, 13, 15.25 ], "texture": "#voxels_atlas" },
				"north": { "uv": [ 3, 5, 0, 5.25 ], "texture": "#voxels_atlas" },
				"west": { "uv": [ 6, 3, 6.75, 3.25 ], "texture": "#voxels_atlas" },
				"east": { "uv": [ 6.75, 3.25, 6, 3.5 ], "texture": "#voxels_atlas" }
			}
		},
		{
			"__comment": "Voxels",
			"from": [ -4, 4, 10 ],
			"to": [ 20, 6, 16 ],
			"faces": {
				"down": { "uv": [ 7, 14.5, 10, 15.25 ], "texture": "#voxels_atlas" },
				"south": { "uv": [ 0, 4.25, 3, 4.5 ], "texture": "#voxels_atlas" },
				"west": { "uv": [ 6, 2.75, 6.75, 3 ], "texture": "#voxels_atlas" },
				"east": { "uv": [ 6.75, 2.5, 6, 2.75 ], "texture": "#voxels_atlas" }
			}
		},
		{
			"__comment": "Voxels",
			"from": [ -4, 6, -4 ],
			"to": [ 20, 12, -2 ],
			"faces": {
				"down": { "uv": [ 0, 4, 3, 4.25 ], "texture": "#voxels_atlas" },
				"up": { "uv": [ 0, 4, 3, 3.75 ], "texture": "#voxels_atlas" },
				"north": { "uv": [ 8, 13.75, 5, 14.5 ], "texture": "#voxels_atlas" },
				"south": { "uv": [ 8, 13.75, 11, 14.5 ], "texture": "#voxels_atlas" },
				"west": { "uv": [ 5.25, 5.5, 5.5, 6.25 ], "texture": "#voxels_atlas" },
				"east": { "uv": [ 3, 11.25, 2.75, 12 ], "texture": "#voxels_atlas" }
			}
		},
		{
			"__comment": "Voxels",
			"from": [ -4, 6, -2 ],
			"to": [ 20, 8, 0 ],
			"faces": {
				"down": { "uv": [ 0, 3.5, 3, 3.75 ], "texture": "#voxels_atlas" },
				"west": { "uv": [ 5.5, 3.75, 5.75, 4 ], "texture": "#voxels_atlas" },
				"east": { "uv": [ 6, 3.75, 5.75, 4 ], "texture": "#voxels_atlas" }
			}
		},
		{
			"__comment": "Voxels",
			"from": [ -4, 6, 16 ],
			"to": [ 20, 8, 20 ],
			"faces": {
				"down": { "uv": [ 13, 12.5, 16, 13 ], "texture": "#voxels_atlas" },
				"up": { "uv": [ 10, 13, 13, 12.5 ], "texture": "#voxels_atlas" },
				"south": { "uv": [ 0, 2.25, 3, 2.5 ], "texture": "#voxels_atlas" },
				"west": { "uv": [ 5, 4.75, 5.5, 5 ], "texture": "#voxels_atlas" },
				"east": { "uv": [ 5.5, 4.5, 5, 4.75 ], "texture": "#voxels_atlas" }
			}
		},
		{
			"__comment": "Voxels",
			"from": [ -4, 8, -6 ],
			"to": [ 20, 10, -4 ],
			"faces": {
				"down": { "uv": [ 0, 2, 3, 2.25 ], "texture": "#voxels_atlas" },
				"up": { "uv": [ 0, 2, 3, 1.75 ], "texture": "#voxels_atlas" },
				"north": { "uv": [ 3, 1.5, 0, 1.75 ], "texture": "#voxels_atlas" },
				"west": { "uv": [ 5.5, 3.5, 5.75, 3.75 ], "texture": "#voxels_atlas" },
				"east": { "uv": [ 6, 3.25, 5.75, 3.5 ], "texture": "#voxels_atlas" }
			}
		},
		{
			"__comment": "Voxels",
			"from": [ -4, 8, 18 ],
			"to": [ 20, 12, 20 ],
			"faces": {
				"up": { "uv": [ 0, 1, 3, 0.75 ], "texture": "#voxels_atlas" },
				"north": { "uv": [ 10, 12.5, 7, 13 ], "texture": "#voxels_atlas" },
				"south": { "uv": [ 0, 12, 3, 12.5 ], "texture": "#voxels_atlas" },
				"west": { "uv": [ 2.75, 8.5, 3, 9 ], "texture": "#voxels_atlas" },
				"east": { "uv": [ 5.25, 0, 5, 0.5 ], "texture": "#voxels_atlas" }
			}
		},
		{
			"__comment": "Voxels",
			"from": [ -4, 8, 20 ],
			"to": [ 20, 10, 22 ],
			"faces": {
				"down": { "uv": [ 0, 0.5, 3, 0.75 ], "texture": "#voxels_atlas" },
				"up": { "uv": [ 0, 0.5, 3, 0.25 ], "texture": "#voxels_atlas" },
				"south": { "uv": [ 10, 11.75, 13, 12 ], "texture": "#voxels_atlas" },
				"west": { "uv": [ 5.5, 2.75, 5.75, 3 ], "texture": "#voxels_atlas" },
				"east": { "uv": [ 6, 2.75, 5.75, 3 ], "texture": "#voxels_atlas" }
			}
		},
		{
			"__comment": "Voxels",
			"from": [ -4, 10, -2 ],
			"to": [ 20, 12, 0 ],
			"faces": {
				"up": { "uv": [ 3, 11.75, 6, 11.5 ], "texture": "#voxels_atlas" },
				"south": { "uv": [ 0, 5.25, 3, 5.5 ], "texture": "#voxels_atlas" },
				"west": { "uv": [ 5.5, 2.5, 5.75, 2.75 ], "texture": "#voxels_atlas" },
				"east": { "uv": [ 6, 2.5, 5.75, 2.75 ], "texture": "#voxels_atlas" }
			}
		},
		{
			"__comment": "Voxels",
			"from": [ -4, 10, 16 ],
			"to": [ 20, 12, 18 ],
			"faces": {
				"up": { "uv": [ 5, 13.75, 8, 13.5 ], "texture": "#voxels_atlas" },
				"north": { "uv": [ 11, 13.5, 8, 13.75 ], "texture": "#voxels_atlas" },
				"west": { "uv": [ 5.75, 2.25, 6, 2.5 ], "texture": "#voxels_atlas" },
				"east": { "uv": [ 5.75, 2, 5.5, 2.25 ], "texture": "#voxels_atlas" }
			}
		},
		{
			"__comment": "Voxels",
			"from": [ -4, 12, 4 ],
			"to": [ 2, 14, 12 ],
			"faces": {
				"up": { "uv": [ 0, 6.5, 0.75, 5.5 ], "texture": "#voxels_atlas", "cullface": "west" },
				"north": { "uv": [ 3, 5.5, 2.25, 5.75 ], "texture": "#voxels_atlas", "cullface": "west" },
				"south": { "uv": [ 6, 4.5, 6.75, 4.75 ], "texture": "#voxels_atlas", "cullface": "west" },
				"west": { "uv": [ 6.75, 1.5, 7.75, 1.75 ], "texture": "#voxels_atlas", "cullface": "west" },
				"east": { "uv": [ 7.75, 1.25, 6.75, 1.5 ], "texture": "#voxels_atlas", "cullface": "west" }
			}
		},
		{
			"__comment": "Voxels",
			"from": [ -2, 2, 4 ],
			"to": [ 18, 4, 12 ],
			"faces": {
				"down": { "uv": [ 0, 13.5, 2.5, 14.5 ], "texture": "#voxels_atlas", "cullface": "east" },
				"up": { "uv": [ 2.5, 14.5, 5, 13.5 ], "texture": "#voxels_atlas", "cullface": "east" },
				"north": { "uv": [ 5.5, 9, 3, 9.25 ], "texture": "#voxels_atlas", "cullface": "east" },
				"south": { "uv": [ 3, 8.75, 5.5, 9 ], "texture": "#voxels_atlas", "cullface": "east" },
				"west": { "uv": [ 12.25, 7, 13.25, 7.25 ], "texture": "#voxels_atlas", "cullface": "east" },
				"east": { "uv": [ 12.25, 7, 11.25, 7.25 ], "texture": "#voxels_atlas", "cullface": "east" }
			}
		},
		{
			"__comment": "Voxels",
			"from": [ -2, 4, -4 ],
			"to": [ 18, 6, 0 ],
			"faces": {
				"down": { "uv": [ 0, 8.5, 2.5, 9 ], "texture": "#voxels_atlas" },
				"up": { "uv": [ 0, 9.5, 2.5, 9 ], "texture": "#voxels_atlas" },
				"north": { "uv": [ 5.5, 7.5, 3, 7.75 ], "texture": "#voxels_atlas" },
				"west": { "uv": [ 2.5, 9.75, 3, 10 ], "texture": "#voxels_atlas" },
				"east": { "uv": [ 3, 10, 2.5, 10.25 ], "texture": "#voxels_atlas" }
			}
		},
		{
			"__comment": "Voxels",
			"from": [ -2, 4, 16 ],
			"to": [ 18, 6, 20 ],
			"faces": {
				"down": { "uv": [ 0, 9.5, 2.5, 10 ], "texture": "#voxels_atlas" },
				"south": { "uv": [ 8, 10.5, 10.5, 10.75 ], "texture": "#voxels_atlas" },
				"west": { "uv": [ 2.5, 10.25, 3, 10.5 ], "texture": "#voxels_atlas" },
				"east": { "uv": [ 5.5, 2.25, 5, 2.5 ], "texture": "#voxels_atlas" }
			}
		},
		{
			"__comment": "Voxels",
			"from": [ -2, 6, -6 ],
			"to": [ 18, 8, -4 ],
			"faces": {
				"down": { "uv": [ 13.5, 12, 16, 12.25 ], "texture": "#voxels_atlas" },
				"north": { "uv": [ 5.5, 11.25, 3, 11.5 ], "texture": "#voxels_atlas" },
				"west": { "uv": [ 5.75, 2, 6, 2.25 ], "texture": "#voxels_atlas" },
				"east": { "uv": [ 5.75, 1.75, 5.5, 2 ], "texture": "#voxels_atlas" }
			}
		},
		{
			"__comment": "Voxels",
			"from": [ -2, 6, 20 ],
			"to": [ 18, 8, 22 ],
			"faces": {
				"down": { "uv": [ 13, 11, 15.5, 11.25 ], "texture": "#voxels_atlas" },
				"south": { "uv": [ 3, 8, 5.5, 8.25 ], "texture": "#voxels_atlas" },
				"west": { "uv": [ 5.75, 1.75, 6, 2 ], "texture": "#voxels_atlas" },
				"east": { "uv": [ 5.75, 1.25, 5.5, 1.5 ], "texture": "#voxels_atlas" }
			}
		},
		{
			"__comment": "Voxels",
			"from": [ -2, 8, -8 ],
			"to": [ 18, 10, -6 ],
			"faces": {
				"down": { "uv": [ 10.5, 10.5, 13, 10.75 ], "texture": "#voxels_atlas" },
				"up": { "uv": [ 3, 10.75, 5.5, 10.5 ], "texture": "#voxels_atlas" },
				"north": { "uv": [ 15.5, 10.75, 13, 11 ], "texture": "#voxels_atlas" },
				"west": { "uv": [ 5.75, 1.25, 6, 1.5 ], "texture": "#voxels_atlas" },
				"east": { "uv": [ 5.75, 1, 5.5, 1.25 ], "texture": "#voxels_atlas" }
			}
		},
		{
			"__comment": "Voxels",
			"from": [ -2, 8, 22 ],
			"to": [ 18, 10, 24 ],
			"faces": {
				"down": { "uv": [ 3, 9.25, 5.5, 9.5 ], "texture": "#voxels_atlas" },
				"up": { "uv": [ 13, 10.75, 15.5, 10.5 ], "texture": "#voxels_atlas" },
				"south": { "uv": [ 8, 11.25, 10.5, 11.5 ], "texture": "#voxels_atlas" },
				"west": { "uv": [ 5.75, 1, 6, 1.25 ], "texture": "#voxels_atlas" },
				"east": { "uv": [ 5.75, 0.5, 5.5, 0.75 ], "texture": "#voxels_atlas" }
			}
		},
		{
			"__comment": "Voxels",
			"from": [ -2, 10, -6 ],
			"to": [ 18, 12, -4 ],
			"faces": {
				"up": { "uv": [ 8, 11, 10.5, 10.75 ], "texture": "#voxels_atlas" },
				"north": { "uv": [ 8, 11.25, 5.5, 11.5 ], "texture": "#voxels_atlas" },
				"west": { "uv": [ 5.75, 0.5, 6, 0.75 ], "texture": "#voxels_atlas" },
				"east": { "uv": [ 3, 11, 2.75, 11.25 ], "texture": "#voxels_atlas" }
			}
		},
		{
			"__comment": "Voxels",
			"from": [ -2, 10, 20 ],
			"to": [ 18, 12, 22 ],
			"faces": {
				"up": { "uv": [ 3, 11.25, 5.5, 11 ], "texture": "#voxels_atlas" },
				"south": { "uv": [ 5.5, 10.75, 8, 11 ], "texture": "#voxels_atlas" },
				"west": { "uv": [ 5.25, 7, 5.5, 7.25 ], "texture": "#voxels_atlas" },
				"east": { "uv": [ 5.5, 6.25, 5.25, 6.5 ], "texture": "#voxels_atlas" }
			}
		},
		{
			"__comment": "Voxels",
			"from": [ -2, 12, -2 ],
			"to": [ 18, 14, 0 ],
			"faces": {
				"up": { "uv": [ 3, 10.25, 5.5, 10 ], "texture": "#voxels_atlas" },
				"north": { "uv": [ 5.5, 9.75, 3, 10 ], "texture": "#voxels_atlas" },
				"south": { "uv": [ 3, 9.5, 5.5, 9.75 ], "texture": "#voxels_atlas" },
				"west": { "uv": [ 5, 1.75, 5.25, 2 ], "texture": "#voxels_atlas" },
				"east": { "uv": [ 5.5, 1.75, 5.25, 2 ], "texture": "#voxels_atlas" }
			}
		},
		{
			"__comment": "Voxels",
			"from": [ -2, 12, 0 ],
			"to": [ 4, 14, 4 ],
			"faces": {
				"up": { "uv": [ 6, 6.75, 6.75, 6.25 ], "texture": "#voxels_atlas", "cullface": "west" },
				"south": { "uv": [ 6, 5, 6.75, 5.25 ], "texture": "#voxels_atlas", "cullface": "west" },
				"west": { "uv": [ 2.5, 9.5, 3, 9.75 ], "texture": "#voxels_atlas", "cullface": "west" },
				"east": { "uv": [ 5.5, 2.5, 5, 2.75 ], "texture": "#voxels_atlas", "cullface": "west" }
			}
		},
		{
			"__comment": "Voxels",
			"from": [ -2, 12, 12 ],
			"to": [ 4, 14, 18 ],
			"faces": {
				"down": { "uv": [ 3, 5.5, 3.75, 6.25 ], "texture": "#voxels_atlas", "cullface": "west" },
				"up": { "uv": [ 2.25, 6.5, 3, 5.75 ], "texture": "#voxels_atlas", "cullface": "west" },
				"north": { "uv": [ 6.75, 2, 6, 2.25 ], "texture": "#voxels_atlas", "cullface": "west" },
				"south": { "uv": [ 6, 2.25, 6.75, 2.5 ], "texture": "#voxels_atlas", "cullface": "west" },
				"west": { "uv": [ 6, 3.5, 6.75, 3.75 ], "texture": "#voxels_atlas", "cullface": "west" },
				"east": { "uv": [ 6.75, 3.75, 6, 4 ], "texture": "#voxels_atlas", "cullface": "west" }
			}
		},
		{
			"__comment": "Voxels",
			"from": [ 0, 2, 0 ],
			"to": [ 16, 4, 4 ],
			"faces": {
				"down": { "uv": [ 0, 7.5, 2, 8 ], "texture": "#voxels_atlas" },
				"north": { "uv": [ 5, 1.5, 3, 1.75 ], "texture": "#voxels_atlas", "cullface": "north" },
				"west": { "uv": [ 15.5, 11.25, 16, 11.5 ], "texture": "#voxels_atlas", "cullface": "west" },
				"east": { "uv": [ 5.5, 3.75, 5, 4 ], "texture": "#voxels_atlas", "cullface": "east" }
			}
		},
		{
			"__comment": "Voxels",
			"from": [ 0, 2, 12 ],
			"to": [ 16, 4, 16 ],
			"faces": {
				"down": { "uv": [ 14, 13, 16, 13.5 ], "texture": "#voxels_atlas" },
				"south": { "uv": [ 3, 0.75, 5, 1 ], "texture": "#voxels_atlas", "cullface": "south" },
				"west": { "uv": [ 5, 3.5, 5.5, 3.75 ], "texture": "#voxels_atlas", "cullface": "west" },
				"east": { "uv": [ 5.5, 4.25, 5, 4.5 ], "texture": "#voxels_atlas", "cullface": "east" }
			}
		},
		{
			"__comment": "Voxels",
			"from": [ 0, 4, -6 ],
			"to": [ 16, 6, -4 ],
			"faces": {
				"down": { "uv": [ 3, 0.5, 5, 0.75 ], "texture": "#voxels_atlas" },
				"north": { "uv": [ 5, 0, 3, 0.25 ], "texture": "#voxels_atlas" },
				"west": { "uv": [ 5.5, 7.25, 5.75, 7.5 ], "texture": "#voxels_atlas" },
				"east": { "uv": [ 6, 7.5, 5.75, 7.75 ], "texture": "#voxels_atlas" }
			}
		},
		{
			"__comment": "Voxels",
			"from": [ 0, 4, 20 ],
			"to": [ 16, 6, 22 ],
			"faces": {
				"down": { "uv": [ 7.5, 10.25, 9.5, 10.5 ], "texture": "#voxels_atlas" },
				"south": { "uv": [ 13.5, 10.25, 15.5, 10.5 ], "texture": "#voxels_atlas", "cullface": "south" },
				"west": { "uv": [ 5.5, 7.5, 5.75, 7.75 ], "texture": "#voxels_atlas", "cullface": "west" },
				"east": { "uv": [ 6, 7.75, 5.75, 8 ], "texture": "#voxels_atlas", "cullface": "east" }
			}
		},
		{
			"__comment": "Voxels",
			"from": [ 0, 6, -8 ],
			"to": [ 16, 8, -6 ],
			"faces": {
				"down": { "uv": [ 5.5, 10, 7.5, 10.25 ], "texture": "#voxels_atlas" },
				"north": { "uv": [ 11.5, 10, 9.5, 10.25 ], "texture": "#voxels_atlas" },
				"west": { "uv": [ 5, 1, 5.25, 1.25 ], "texture": "#voxels_atlas" },
				"east": { "uv": [ 5.5, 1, 5.25, 1.25 ], "texture": "#voxels_atlas" }
			}
		},
		{
			"__comment": "Voxels",
			"from": [ 0, 6, 22 ],
			"to": [ 16, 8, 24 ],
			"faces": {
				"down": { "uv": [ 13.5, 10, 15.5, 10.25 ], "texture": "#voxels_atlas" },
				"south": { "uv": [ 9.5, 9.75, 11.5, 10 ], "texture": "#voxels_atlas", "cullface": "south" },
				"west": { "uv": [ 15.5, 9.75, 15.75, 10 ], "texture": "#voxels_atlas", "cullface": "west" },
				"east": { "uv": [ 16, 9.75, 15.75, 10 ], "texture": "#voxels_atlas", "cullface": "east" }
			}
		},
		{
			"__comment": "Voxels",
			"from": [ 0, 8, -10 ],
			"to": [ 16, 10, -8 ],
			"faces": {
				"down": { "uv": [ 11.5, 9.75, 13.5, 10 ], "texture": "#voxels_atlas" },
				"up": { "uv": [ 13.5, 10, 15.5, 9.75 ], "texture": "#voxels_atlas" },
				"north": { "uv": [ 7.5, 9.5, 5.5, 9.75 ], "texture": "#voxels_atlas" },
				"west": { "uv": [ 5, 1.5, 5.25, 1.75 ], "texture": "#voxels_atlas" },
				"east": { "uv": [ 5.5, 1.25, 5.25, 1.5 ], "texture": "#voxels_atlas" }
			}
		},
		{
			"__comment": "Voxels",
			"from": [ 0, 8, 24 ],
			"to": [ 16, 10, 26 ],
			"faces": {
				"down": { "uv": [ 9.5, 9.5, 11.5, 9.75 ], "texture": "#voxels_atlas" },
				"up": { "uv": [ 11.5, 9.75, 13.5, 9.5 ], "texture": "#voxels_atlas" },
				"south": { "uv": [ 5.5, 9.25, 7.5, 9.5 ], "texture": "#voxels_atlas", "cullface": "south" },
				"west": { "uv": [ 15.75, 10.25, 16, 10.5 ], "texture": "#voxels_atlas", "cullface": "west" },
				"east": { "uv": [ 15.75, 10, 15.5, 10.25 ], "texture": "#voxels_atlas", "cullface": "east" }
			}
		},
		{
			"__comment": "Voxels",
			"from": [ 0, 10, -8 ],
			"to": [ 16, 12, -6 ],
			"faces": {
				"up": { "uv": [ 3, 5.5, 5, 5.25 ], "texture": "#voxels_atlas" },
				"north": { "uv": [ 5, 5, 3, 5.25 ], "texture": "#voxels_atlas" },
				"west": { "uv": [ 15.5, 10.25, 15.75, 10.5 ], "texture": "#voxels_atlas" },
				"east": { "uv": [ 16, 10, 15.75, 10.25 ], "texture": "#voxels_atlas" }
			}
		},
		{
			"__comment": "Voxels",
			"from": [ 0, 10, 22 ],
			"to": [ 16, 12, 24 ],
			"faces": {
				"up": { "uv": [ 3, 4.5, 5, 4.25 ], "texture": "#voxels_atlas" },
				"south": { "uv": [ 3, 3.75, 5, 4 ], "texture": "#voxels_atlas", "cullface": "south" },
				"west": { "uv": [ 15.75, 9.5, 16, 9.75 ], "texture": "#voxels_atlas", "cullface": "west" },
				"east": { "uv": [ 15.75, 9.25, 15.5, 9.5 ], "texture": "#voxels_atlas", "cullface": "east" }
			}
		},
		{
			"__comment": "Voxels",
			"from": [ 0, 12, -4 ],
			"to": [ 16, 14, -2 ],
			"faces": {
				"up": { "uv": [ 3, 3.5, 5, 3.25 ], "texture": "#voxels_atlas" },
				"north": { "uv": [ 5, 3, 3, 3.25 ], "texture": "#voxels_atlas" },
				"west": { "uv": [ 5, 0.75, 5.25, 1 ], "texture": "#voxels_atlas" },
				"east": { "uv": [ 5.5, 0.5, 5.25, 0.75 ], "texture": "#voxels_atlas" }
			}
		},
		{
			"__comment": "Voxels",
			"from": [ 0, 12, 18 ],
			"to": [ 16, 14, 20 ],
			"faces": {
				"up": { "uv": [ 3, 2.5, 5, 2.25 ], "texture": "#voxels_atlas" },
				"north": { "uv": [ 5, 2, 3, 2.25 ], "texture": "#voxels_atlas" },
				"south": { "uv": [ 3, 1.75, 5, 2 ], "texture": "#voxels_atlas", "cullface": "south" },
				"west": { "uv": [ 15.5, 9.5, 15.75, 9.75 ], "texture": "#voxels_atlas", "cullface": "west" },
				"east": { "uv": [ 16, 9.25, 15.75, 9.5 ], "texture": "#voxels_atlas", "cullface": "east" }
			}
		},
		{
			"__comment": "Voxels",
			"from": [ 2, 2, -2 ],
			"to": [ 14, 4, 0 ],
			"faces": {
				"down": { "uv": [ 12.75, 8.25, 14.25, 8.5 ], "texture": "#voxels_atlas", "cullface": "north" },
				"north": { "uv": [ 11.25, 7.75, 9.75, 8 ], "texture": "#voxels_atlas", "cullface": "north" },
				"west": { "uv": [ 5.5, 7.75, 5.75, 8 ], "texture": "#voxels_atlas", "cullface": "north" },
				"east": { "uv": [ 6, 7, 5.75, 7.25 ], "texture": "#voxels_atlas", "cullface": "north" }
			}
		},
		{
			"__comment": "Voxels",
			"from": [ 2, 2, 16 ],
			"to": [ 14, 4, 18 ],
			"faces": {
				"down": { "uv": [ 6.75, 7.5, 8.25, 7.75 ], "texture": "#voxels_atlas", "cullface": "south" },
				"south": { "uv": [ 6.75, 6.75, 8.25, 7 ], "texture": "#voxels_atlas", "cullface": "south" },
				"west": { "uv": [ 5.5, 6.75, 5.75, 7 ], "texture": "#voxels_atlas", "cullface": "south" },
				"east": { "uv": [ 6, 6.75, 5.75, 7 ], "texture": "#voxels_atlas", "cullface": "south" }
			}
		},
		{
			"__comment": "Voxels",
			"from": [ 2, 4, -8 ],
			"to": [ 14, 6, -6 ],
			"faces": {
				"down": { "uv": [ 6.75, 9, 8.25, 9.25 ], "texture": "#voxels_atlas", "cullface": "north" },
				"north": { "uv": [ 11.25, 9, 9.75, 9.25 ], "texture": "#voxels_atlas", "cullface": "north" },
				"west": { "uv": [ 5.5, 6.5, 5.75, 6.75 ], "texture": "#voxels_atlas", "cullface": "north" },
				"east": { "uv": [ 6, 6.25, 5.75, 6.5 ], "texture": "#voxels_atlas", "cullface": "north" }
			}
		},
		{
			"__comment": "Voxels",
			"from": [ 2, 4, 22 ],
			"to": [ 14, 6, 24 ],
			"faces": {
				"down": { "uv": [ 12.5, 9.25, 14, 9.5 ], "texture": "#voxels_atlas", "cullface": "south" },
				"south": { "uv": [ 14.25, 8.75, 15.75, 9 ], "texture": "#voxels_atlas", "cullface": "south" },
				"west": { "uv": [ 5.5, 6, 5.75, 6.25 ], "texture": "#voxels_atlas", "cullface": "south" },
				"east": { "uv": [ 6, 6, 5.75, 6.25 ], "texture": "#voxels_atlas", "cullface": "south" }
			}
		},
		{
			"__comment": "Voxels",
			"from": [ 2, 6, -10 ],
			"to": [ 14, 8, -8 ],
			"faces": {
				"down": { "uv": [ 6.75, 8.25, 8.25, 8.5 ], "texture": "#voxels_atlas", "cullface": "north" },
				"north": { "uv": [ 11.25, 8.25, 9.75, 8.5 ], "texture": "#voxels_atlas", "cullface": "north" },
				"west": { "uv": [ 5.5, 5.75, 5.75, 6 ], "texture": "#voxels_atlas", "cullface": "north" },
				"east": { "uv": [ 6, 5.75, 5.75, 6 ], "texture": "#voxels_atlas", "cullface": "north" }
			}
		},
		{
			"__comment": "Voxels",
			"from": [ 2, 6, 24 ],
			"to": [ 14, 8, 26 ],
			"faces": {
				"down": { "uv": [ 6.75, 6.5, 8.25, 6.75 ], "texture": "#voxels_atlas", "cullface": "south" },
				"south": { "uv": [ 11, 9.25, 12.5, 9.5 ], "texture": "#voxels_atlas", "cullface": "south" },
				"west": { "uv": [ 5.5, 5.5, 5.75, 5.75 ], "texture": "#voxels_atlas", "cullface": "south" },
				"east": { "uv": [ 6, 5.5, 5.75, 5.75 ], "texture": "#voxels_atlas", "cullface": "south" }
			}
		},
		{
			"__comment": "Voxels",
			"from": [ 2, 10, -10 ],
			"to": [ 14, 12, -8 ],
			"faces": {
				"up": { "uv": [ 14.25, 8, 15.75, 7.75 ], "texture": "#voxels_atlas", "cullface": "north" },
				"north": { "uv": [ 11.25, 8.5, 9.75, 8.75 ], "texture": "#voxels_atlas", "cullface": "north" },
				"west": { "uv": [ 5.5, 5.25, 5.75, 5.5 ], "texture": "#voxels_atlas", "cullface": "north" },
				"east": { "uv": [ 6, 5.25, 5.75, 5.5 ], "texture": "#voxels_atlas", "cullface": "north" }
			}
		},
		{
			"__comment": "Voxels",
			"from": [ 2, 10, 12 ],
			"to": [ 4, 12, 16 ],
			"faces": {
				"north": { "uv": [ 5.75, 4.5, 5.5, 4.75 ], "texture": "#voxels_atlas" },
				"east": { "uv": [ 16, 11, 15.5, 11.25 ], "texture": "#voxels_atlas" }
			}
		},
		{
			"__comment": "Voxels",
			"from": [ 2, 10, 24 ],
			"to": [ 14, 12, 26 ],
			"faces": {
				"up": { "uv": [ 6.75, 8.25, 8.25, 8 ], "texture": "#voxels_atlas", "cullface": "south" },
				"south": { "uv": [ 9.75, 8, 11.25, 8.25 ], "texture": "#voxels_atlas", "cullface": "south" },
				"west": { "uv": [ 5.5, 3, 5.75, 3.25 ], "texture": "#voxels_atlas", "cullface": "south" },
				"east": { "uv": [ 6, 3, 5.75, 3.25 ], "texture": "#voxels_atlas", "cullface": "south" }
			}
		},
		{
			"__comment": "Voxels",
			"from": [ 2, 12, -6 ],
			"to": [ 14, 14, -4 ],
			"faces": {
				"up": { "uv": [ 6.75, 9, 8.25, 8.75 ], "texture": "#voxels_atlas", "cullface": "north" },
				"north": { "uv": [ 14.25, 8.5, 12.75, 8.75 ], "texture": "#voxels_atlas", "cullface": "north" },
				"west": { "uv": [ 5.5, 2.25, 5.75, 2.5 ], "texture": "#voxels_atlas", "cullface": "north" },
				"east": { "uv": [ 5.75, 0.25, 5.5, 0.5 ], "texture": "#voxels_atlas", "cullface": "north" }
			}
		},
		{
			"__comment": "Voxels",
			"from": [ 2, 12, 20 ],
			"to": [ 14, 14, 22 ],
			"faces": {
				"up": { "uv": [ 11.25, 9, 12.75, 8.75 ], "texture": "#voxels_atlas", "cullface": "south" },
				"south": { "uv": [ 8.25, 8.75, 9.75, 9 ], "texture": "#voxels_atlas", "cullface": "south" },
				"west": { "uv": [ 5.5, 1.5, 5.75, 1.75 ], "texture": "#voxels_atlas", "cullface": "south" },
				"east": { "uv": [ 6, 1.5, 5.75, 1.75 ], "texture": "#voxels_atlas", "cullface": "south" }
			}
		},
		{
			"__comment": "Voxels",
			"from": [ 4, 2, -4 ],
			"to": [ 12, 4, -2 ],
			"faces": {
				"down": { "uv": [ 9.25, 7.5, 10.25, 7.75 ], "texture": "#voxels_atlas", "cullface": "north" },
				"north": { "uv": [ 7.75, 4.25, 6.75, 4.5 ], "texture": "#voxels_atlas", "cullface": "north" },
				"west": { "uv": [ 5.5, 0.75, 5.75, 1 ], "texture": "#voxels_atlas", "cullface": "north" },
				"east": { "uv": [ 6, 0.75, 5.75, 1 ], "texture": "#voxels_atlas", "cullface": "north" }
			}
		},
		{
			"__comment": "Voxels",
			"from": [ 4, 2, 18 ],
			"to": [ 12, 4, 20 ],
			"faces": {
				"down": { "uv": [ 6.75, 3.75, 7.75, 4 ], "texture": "#voxels_atlas", "cullface": "south" },
				"south": { "uv": [ 6.75, 1.75, 7.75, 2 ], "texture": "#voxels_atlas", "cullface": "south" },
				"west": { "uv": [ 5.25, 6.75, 5.5, 7 ], "texture": "#voxels_atlas", "cullface": "south" },
				"east": { "uv": [ 5.5, 6.5, 5.25, 6.75 ], "texture": "#voxels_atlas", "cullface": "south" }
			}
		},
		{
			"__comment": "Voxels",
			"from": [ 4, 4, -10 ],
			"to": [ 12, 6, -8 ],
			"faces": {
				"down": { "uv": [ 6.75, 3.5, 7.75, 3.75 ], "texture": "#voxels_atlas", "cullface": "north" },
				"north": { "uv": [ 4.75, 5.5, 3.75, 5.75 ], "texture": "#voxels_atlas", "cullface": "north" },
				"west": { "uv": [ 5.25, 1.5, 5.5, 1.75 ], "texture": "#voxels_atlas", "cullface": "north" },
				"east": { "uv": [ 5.25, 1.25, 5, 1.5 ], "texture": "#voxels_atlas", "cullface": "north" }
			}
		},
		{
			"__comment": "Voxels",
			"from": [ 4, 4, 24 ],
			"to": [ 12, 6, 26 ],
			"faces": {
				"down": { "uv": [ 6.75, 3, 7.75, 3.25 ], "texture": "#voxels_atlas", "cullface": "south" },
				"south": { "uv": [ 6.75, 1, 7.75, 1.25 ], "texture": "#voxels_atlas", "cullface": "south" },
				"west": { "uv": [ 5.25, 0.75, 5.5, 1 ], "texture": "#voxels_atlas", "cullface": "south" },
				"east": { "uv": [ 5.25, 0.5, 5, 0.75 ], "texture": "#voxels_atlas", "cullface": "south" }
			}
		},
		{
			"__comment": "Voxels",
			"from": [ 4, 6, -12 ],
			"to": [ 12, 10, -10 ],
			"faces": {
				"down": { "uv": [ 6.75, 0.5, 7.75, 0.75 ], "texture": "#voxels_atlas", "cullface": "north" },
				"up": { "uv": [ 6.75, 0.5, 7.75, 0.25 ], "texture": "#voxels_atlas", "cullface": "north" },
				"north": { "uv": [ 3, 10.5, 2, 11 ], "texture": "#voxels_atlas", "cullface": "north" },
				"south": { "uv": [ 2, 8, 3, 8.5 ], "texture": "#voxels_atlas", "cullface": "north" },
				"west": { "uv": [ 2.5, 9, 2.75, 9.5 ], "texture": "#voxels_atlas", "cullface": "north" },
				"east": { "uv": [ 3, 9, 2.75, 9.5 ], "texture": "#voxels_atlas", "cullface": "north" }
			}
		},
		{
			"__comment": "Voxels",
			"from": [ 4, 6, 26 ],
			"to": [ 12, 10, 28 ],
			"faces": {
				"down": { "uv": [ 6.75, 0, 7.75, 0.25 ], "texture": "#voxels_atlas", "cullface": "south" },
				"up": { "uv": [ 8.25, 7.75, 9.25, 7.5 ], "texture": "#voxels_atlas", "cullface": "south" },
				"north": { "uv": [ 3, 7.5, 2, 8 ], "texture": "#voxels_atlas", "cullface": "south" },
				"south": { "uv": [ 3.75, 5.75, 4.75, 6.25 ], "texture": "#voxels_atlas", "cullface": "south" },
				"west": { "uv": [ 2.5, 8.5, 2.75, 9 ], "texture": "#voxels_atlas", "cullface": "south" },
				"east": { "uv": [ 5.5, 0, 5.25, 0.5 ], "texture": "#voxels_atlas", "cullface": "south" }
			}
		},
		{
			"__comment": "Voxels",
			"from": [ 4, 10, 14 ],
			"to": [ 22, 12, 16 ],
			"faces": {
				"up": { "uv": [ 3, 7, 5.25, 6.75 ], "texture": "#voxels_atlas", "cullface": "east" },
				"north": { "uv": [ 5.25, 6.25, 3, 6.5 ], "texture": "#voxels_atlas", "cullface": "east" },
				"south": { "uv": [ 3, 6.5, 5.25, 6.75 ], "texture": "#voxels_atlas", "cullface": "east" },
				"east": { "uv": [ 5.75, 7, 5.5, 7.25 ], "texture": "#voxels_atlas", "cullface": "east" }
			}
		},
		{
			"__comment": "Voxels",
			"from": [ 4, 12, -8 ],
			"to": [ 12, 14, -6 ],
			"faces": {
				"up": { "uv": [ 13.25, 7.75, 14.25, 7.5 ], "texture": "#voxels_atlas", "cullface": "north" },
				"north": { "uv": [ 7.75, 0.75, 6.75, 1 ], "texture": "#voxels_atlas", "cullface": "north" },
				"west": { "uv": [ 5.75, 6.5, 6, 6.75 ], "texture": "#voxels_atlas", "cullface": "north" },
				"east": { "uv": [ 5.75, 6.25, 5.5, 6.5 ], "texture": "#voxels_atlas", "cullface": "north" }
			}
		},
		{
			"__comment": "Voxels",
			"from": [ 4, 12, 14 ],
			"to": [ 18, 14, 18 ],
			"faces": {
				"down": { "uv": [ 0, 6.5, 1.75, 7 ], "texture": "#voxels_atlas", "cullface": "east" },
				"up": { "uv": [ 0, 7.5, 1.75, 7 ], "texture": "#voxels_atlas", "cullface": "east" },
				"north": { "uv": [ 11, 9.25, 9.25, 9.5 ], "texture": "#voxels_atlas", "cullface": "east" },
				"south": { "uv": [ 7.5, 9.25, 9.25, 9.5 ], "texture": "#voxels_atlas", "cullface": "east" },
				"east": { "uv": [ 5.5, 2.75, 5, 3 ], "texture": "#voxels_atlas", "cullface": "east" }
			}
		},
		{
			"__comment": "Voxels",
			"from": [ 4, 12, 22 ],
			"to": [ 12, 14, 24 ],
			"faces": {
				"up": { "uv": [ 9.25, 7.5, 10.25, 7.25 ], "texture": "#voxels_atlas", "cullface": "south" },
				"south": { "uv": [ 11.25, 7.25, 12.25, 7.5 ], "texture": "#voxels_atlas", "cullface": "south" },
				"west": { "uv": [ 5.75, 5, 6, 5.25 ], "texture": "#voxels_atlas", "cullface": "south" },
				"east": { "uv": [ 5.75, 4.75, 5.5, 5 ], "texture": "#voxels_atlas", "cullface": "south" }
			}
		},
		{
			"__comment": "Voxels",
			"from": [ 10, 10, 12 ],
			"to": [ 22, 12, 14 ],
			"faces": {
				"up": { "uv": [ 6.75, 8, 8.25, 7.75 ], "texture": "#voxels_atlas", "cullface": "east" },
				"north": { "uv": [ 15.75, 8, 14.25, 8.25 ], "texture": "#voxels_atlas", "cullface": "east" },
				"west": { "uv": [ 5.75, 4.25, 6, 4.5 ], "texture": "#voxels_atlas", "cullface": "east" },
				"east": { "uv": [ 5.75, 4, 5.5, 4.25 ], "texture": "#voxels_atlas", "cullface": "east" }
			}
		},
		{
			"__comment": "Voxels",
			"from": [ 10, 12, 12 ],
			"to": [ 18, 14, 14 ],
			"faces": {
				"up": { "uv": [ 13.25, 7.5, 14.25, 7.25 ], "texture": "#voxels_atlas", "cullface": "east" },
				"north": { "uv": [ 15.25, 7.25, 14.25, 7.5 ], "texture": "#voxels_atlas", "cullface": "east" },
				"west": { "uv": [ 5.75, 3.5, 6, 3.75 ], "texture": "#voxels_atlas", "cullface": "east" },
				"east": { "uv": [ 5.75, 3.25, 5.5, 3.5 ], "texture": "#voxels_atlas", "cullface": "east" }
			}
		},
		{
			"__comment": "Voxels",
			"from": [ 12, 10, 0 ],
			"to": [ 22, 12, 4 ],
			"faces": {
				"up": { "uv": [ 1.75, 7, 3, 6.5 ], "texture": "#voxels_atlas", "cullface": "east" },
				"north": { "uv": [ 8, 5.5, 6.75, 5.75 ], "texture": "#voxels_atlas", "cullface": "east" },
				"south": { "uv": [ 6.75, 5.25, 8, 5.5 ], "texture": "#voxels_atlas", "cullface": "east" },
				"west": { "uv": [ 15.5, 10.5, 16, 10.75 ], "texture": "#voxels_atlas", "cullface": "east" },
				"east": { "uv": [ 5.5, 5.25, 5, 5.5 ], "texture": "#voxels_atlas", "cullface": "east" }
			}
		},
		{
			"__comment": "Voxels",
			"from": [ 12, 12, 0 ],
			"to": [ 18, 14, 4 ],
			"faces": {
				"up": { "uv": [ 6, 6.25, 6.75, 5.75 ], "texture": "#voxels_atlas", "cullface": "east" },
				"south": { "uv": [ 6, 4, 6.75, 4.25 ], "texture": "#voxels_atlas", "cullface": "east" },
				"west": { "uv": [ 5, 4, 5.5, 4.25 ], "texture": "#voxels_atlas", "cullface": "east" },
				"east": { "uv": [ 5.5, 2, 5, 2.25 ], "texture": "#voxels_atlas", "cullface": "east" }
			}
		},
		{
			"__comment": "Voxels",
			"from": [ 14, 10, 4 ],
			"to": [ 22, 12, 12 ],
			"faces": {
				"down": { "uv": [ 14, 13.5, 15, 14.5 ], "texture": "#voxels_atlas", "cullface": "east" },
				"up": { "uv": [ 15, 14.5, 16, 13.5 ], "texture": "#voxels_atlas", "cullface": "east" },
				"west": { "uv": [ 14.25, 7, 15.25, 7.25 ], "texture": "#voxels_atlas", "cullface": "east" },
				"east": { "uv": [ 9.25, 6.75, 8.25, 7 ], "texture": "#voxels_atlas", "cullface": "east" }
			}
		},
		{
			"__comment": "Voxels",
			"from": [ 14, 12, 4 ],
			"to": [ 20, 14, 12 ],
			"faces": {
				"up": { "uv": [ 0.75, 6.5, 1.5, 5.5 ], "texture": "#voxels_atlas", "cullface": "east" },
				"north": { "uv": [ 6.75, 1.75, 6, 2 ], "texture": "#voxels_atlas", "cullface": "east" },
				"south": { "uv": [ 6, 1.5, 6.75, 1.75 ], "texture": "#voxels_atlas", "cullface": "east" },
				"west": { "uv": [ 9.25, 7, 10.25, 7.25 ], "texture": "#voxels_atlas", "cullface": "east" },
				"east": { "uv": [ 15.25, 7.5, 14.25, 7.75 ], "texture": "#voxels_atlas", "cullface": "east" }
			}
		},
		{
			"__comment": "Box70",
			"from": [ 1, 11, -1 ],
			"to": [ 15, 11.001, 15 ],
			"faces": {
				"down": { "uv": [ 0, 0, 0, 1.5 ], "texture": "#portaleffect" },
				"up": { "uv": [ 0, 0, 16, 16 ], "texture": "#portaleffect" },
				"north": { "uv": [ 0, 0, 14, 0.001000404 ], "texture": "#portaleffect" },
				"south": { "uv": [ 0, 0, 14, 0.001000404 ], "texture": "#portaleffect" },
				"west": { "uv": [ 0, 0, 15, 0.001000404 ], "texture": "#portaleffect" },
				"east": { "uv": [ 0, 0, 15, 0.001000404 ], "texture": "#portaleffect" }
			}
		}
	],
	"display": {
		"thirdperson_righthand": {
			"scale":  [ 0.1, 0.1, 0.1 ]
		},
		"thirdperson_lefthand": {
			"scale":  [ 0.1, 0.1, 0.1 ]
		},
		"firstperson_righthand": {
			"rotation":  [ 47, 25, 20 ],
			"scale":  [ 0.2, 0.2, 0.2 ]
		},
		"firstperson_lefthand": {
			"rotation":  [ 47, 25, 20 ],
			"scale":  [ 0.2, 0.2, 0.2 ]
		},
		"gui": {
			"rotation":  [ 90, 0, 0 ],
			"scale":  [ 0.4, 0.4, 0.4 ]
		},
		"ground": {
			"translation":  [ 0, 5, 0 ],
			"scale":  [ 0.1, 0.1, 0.1 ]
		},
		"fixed": {
			"rotation":  [ -90, 0, 0 ],
			"scale":  [ 0.4, 0.4, 0.4 ]
		}
	}
}