{
	"__comment": "Designed by Elo106 with Cubik Studio - https://cubik.studio",
	"textures": {
		"particle": "items/runestone",
		"texture": "items/runestone",
		"runestone_atlas": "items/runestone"
	},
	"elements": [ 	 
		{
			"__comment": "Voxels",
			"from": [ -6, 4, 6 ],
			"to": [ 22, 12, 10 ],
			"faces": {
				"down": { "uv": [ 2.5, 12.25, 6, 12.75 ], "texture": "#runestone_atlas", "cullface": "east" },
				"up": { "uv": [ 11.5, 13.5, 15, 13 ], "texture": "#runestone_atlas", "cullface": "east" },
				"north": { "uv": [ 3.5, 15, 0, 16 ], "texture": "#runestone_atlas", "cullface": "east" },
				"south": { "uv": [ 3.5, 15, 7, 16 ], "texture": "#runestone_atlas", "cullface": "east" },
				"west": { "uv": [ 2.5, 5.75, 3, 6.75 ], "texture": "#runestone_atlas", "cullface": "east" },
				"east": { "uv": [ 3.5, 5.75, 3, 6.75 ], "texture": "#runestone_atlas", "cullface": "east" }
			}
		},
		{
			"__comment": "Voxels",
			"from": [ -6, 6, 0 ],
			"to": [ 22, 12, 6 ],
			"faces": {
				"down": { "uv": [ 10.5, 15.25, 14, 16 ], "texture": "#runestone_atlas" },
				"up": { "uv": [ 0, 15, 3.5, 14.25 ], "texture": "#runestone_atlas" },
				"north": { "uv": [ 7, 14.25, 3.5, 15 ], "texture": "#runestone_atlas" },
				"west": { "uv": [ 2.5, 6.75, 3.25, 7.5 ], "texture": "#runestone_atlas" },
				"east": { "uv": [ 5.5, 7.5, 4.75, 8.25 ], "texture": "#runestone_atlas" }
			}
		},
		{
			"__comment": "Voxels",
			"from": [ -6, 6, 10 ],
			"to": [ 22, 12, 16 ],
			"faces": {
				"down": { "uv": [ 10.5, 14.25, 14, 15 ], "texture": "#runestone_atlas" },
				"up": { "uv": [ 7, 16, 10.5, 15.25 ], "texture": "#runestone_atlas" },
				"south": { "uv": [ 3.5, 13.5, 7, 14.25 ], "texture": "#runestone_atlas" },
				"west": { "uv": [ 2.5, 7.5, 3.25, 8.25 ], "texture": "#runestone_atlas" },
				"east": { "uv": [ 15.75, 12.75, 15, 13.5 ], "texture": "#runestone_atlas" }
			}
		},
		{
			"__comment": "Voxels",
			"from": [ -6, 8, -2 ],
			"to": [ 22, 10, 0 ],
			"faces": {
				"down": { "uv": [ 5.5, 11.75, 9, 12 ], "texture": "#runestone_atlas" },
				"up": { "uv": [ 9, 12.25, 12.5, 12 ], "texture": "#runestone_atlas" },
				"north": { "uv": [ 12.5, 11.75, 9, 12 ], "texture": "#runestone_atlas" },
				"west": { "uv": [ 7.5, 4, 7.75, 4.25 ], "texture": "#runestone_atlas" },
				"east": { "uv": [ 7.75, 2.75, 7.5, 3 ], "texture": "#runestone_atlas" }
			}
		},
		{
			"__comment": "Voxels",
			"from": [ -6, 8, 16 ],
			"to": [ 22, 10, 18 ],
			"faces": {
				"down": { "uv": [ 7, 15, 10.5, 15.25 ], "texture": "#runestone_atlas" },
				"up": { "uv": [ 10.5, 15.25, 14, 15 ], "texture": "#runestone_atlas" },
				"south": { "uv": [ 5.5, 12, 9, 12.25 ], "texture": "#runestone_atlas" },
				"west": { "uv": [ 7.5, 2.5, 7.75, 2.75 ], "texture": "#runestone_atlas" },
				"east": { "uv": [ 7.75, 1.75, 7.5, 2 ], "texture": "#runestone_atlas" }
			}
		},
		{
			"__comment": "Voxels",
			"from": [ -4, 4, 0 ],
			"to": [ 20, 6, 6 ],
			"faces": {
				"down": { "uv": [ 13, 13.5, 16, 14.25 ], "texture": "#runestone_atlas" },
				"north": { "uv": [ 15.5, 11.75, 12.5, 12 ], "texture": "#runestone_atlas" },
				"west": { "uv": [ 9, 8.75, 9.75, 9 ], "texture": "#runestone_atlas" },
				"east": { "uv": [ 10.5, 8.75, 9.75, 9 ], "texture": "#runestone_atlas" }
			}
		},
		{
			"__comment": "Voxels",
			"from": [ -4, 4, 10 ],
			"to": [ 20, 6, 16 ],
			"faces": {
				"down": { "uv": [ 7, 13.5, 10, 14.25 ], "texture": "#runestone_atlas" },
				"south": { "uv": [ 2.5, 11.25, 5.5, 11.5 ], "texture": "#runestone_atlas" },
				"west": { "uv": [ 10.5, 8.75, 11.25, 9 ], "texture": "#runestone_atlas" },
				"east": { "uv": [ 12, 8.75, 11.25, 9 ], "texture": "#runestone_atlas" }
			}
		},
		{
			"__comment": "Voxels",
			"from": [ -4, 6, -4 ],
			"to": [ 20, 12, -2 ],
			"faces": {
				"down": { "uv": [ 2.5, 8.75, 5.5, 9 ], "texture": "#runestone_atlas" },
				"up": { "uv": [ 11.5, 11.5, 14.5, 11.25 ], "texture": "#runestone_atlas" },
				"north": { "uv": [ 8.5, 12.75, 5.5, 13.5 ], "texture": "#runestone_atlas" },
				"south": { "uv": [ 8.5, 12.75, 11.5, 13.5 ], "texture": "#runestone_atlas" },
				"west": { "uv": [ 15.75, 12.75, 16, 13.5 ], "texture": "#runestone_atlas" },
				"east": { "uv": [ 7.25, 8, 7, 8.75 ], "texture": "#runestone_atlas" }
			}
		},
		{
			"__comment": "Voxels",
			"from": [ -4, 6, -2 ],
			"to": [ 20, 8, 0 ],
			"faces": {
				"down": { "uv": [ 8.5, 11, 11.5, 11.25 ], "texture": "#runestone_atlas" },
				"west": { "uv": [ 7.5, 1.5, 7.75, 1.75 ], "texture": "#runestone_atlas" },
				"east": { "uv": [ 7.75, 0.25, 7.5, 0.5 ], "texture": "#runestone_atlas" }
			}
		},
		{
			"__comment": "Voxels",
			"from": [ -4, 6, 16 ],
			"to": [ 20, 8, 20 ],
			"faces": {
				"down": { "uv": [ 6, 12.25, 9, 12.75 ], "texture": "#runestone_atlas" },
				"up": { "uv": [ 12, 12.75, 15, 12.25 ], "texture": "#runestone_atlas" },
				"south": { "uv": [ 5.5, 11.5, 8.5, 11.75 ], "texture": "#runestone_atlas" },
				"west": { "uv": [ 6.5, 5, 7, 5.25 ], "texture": "#runestone_atlas" },
				"east": { "uv": [ 7, 4.75, 6.5, 5 ], "texture": "#runestone_atlas" }
			}
		},
		{
			"__comment": "Voxels",
			"from": [ -4, 8, -6 ],
			"to": [ 20, 10, -4 ],
			"faces": {
				"down": { "uv": [ 8.5, 11.25, 11.5, 11.5 ], "texture": "#runestone_atlas" },
				"up": { "uv": [ 2.5, 11.25, 5.5, 11 ], "texture": "#runestone_atlas" },
				"north": { "uv": [ 8.5, 11, 5.5, 11.25 ], "texture": "#runestone_atlas" },
				"west": { "uv": [ 7.5, 0, 7.75, 0.25 ], "texture": "#runestone_atlas" },
				"east": { "uv": [ 8, 7.75, 7.75, 8 ], "texture": "#runestone_atlas" }
			}
		},
		{
			"__comment": "Voxels",
			"from": [ -4, 8, 18 ],
			"to": [ 20, 12, 20 ],
			"faces": {
				"up": { "uv": [ 2.5, 8.75, 5.5, 8.5 ], "texture": "#runestone_atlas" },
				"north": { "uv": [ 12, 12.25, 9, 12.75 ], "texture": "#runestone_atlas" },
				"south": { "uv": [ 2.5, 11.75, 5.5, 12.25 ], "texture": "#runestone_atlas" },
				"west": { "uv": [ 7, 7.5, 7.25, 8 ], "texture": "#runestone_atlas" },
				"east": { "uv": [ 7.25, 7, 7, 7.5 ], "texture": "#runestone_atlas" }
			}
		},
		{
			"__comment": "Voxels",
			"from": [ -4, 8, 20 ],
			"to": [ 20, 10, 22 ],
			"faces": {
				"down": { "uv": [ 2.5, 9.25, 5.5, 9.5 ], "texture": "#runestone_atlas" },
				"up": { "uv": [ 11.5, 10.75, 14.5, 10.5 ], "texture": "#runestone_atlas" },
				"south": { "uv": [ 8.5, 10.75, 11.5, 11 ], "texture": "#runestone_atlas" },
				"west": { "uv": [ 7.75, 7.5, 8, 7.75 ], "texture": "#runestone_atlas" },
				"east": { "uv": [ 8, 6.25, 7.75, 6.5 ], "texture": "#runestone_atlas" }
			}
		},
		{
			"__comment": "Voxels",
			"from": [ -4, 10, -2 ],
			"to": [ 20, 12, 0 ],
			"faces": {
				"up": { "uv": [ 2.5, 10, 5.5, 9.75 ], "texture": "#runestone_atlas" },
				"west": { "uv": [ 7.75, 6, 8, 6.25 ], "texture": "#runestone_atlas" },
				"east": { "uv": [ 8, 5.25, 7.75, 5.5 ], "texture": "#runestone_atlas" }
			}
		},
		{
			"__comment": "Voxels",
			"from": [ -4, 10, 16 ],
			"to": [ 20, 12, 18 ],
			"faces": {
				"up": { "uv": [ 2.5, 10.25, 5.5, 10 ], "texture": "#runestone_atlas" },
				"west": { "uv": [ 7.75, 5, 8, 5.25 ], "texture": "#runestone_atlas" },
				"east": { "uv": [ 8, 4.25, 7.75, 4.5 ], "texture": "#runestone_atlas" }
			}
		},
		{
			"__comment": "Voxels",
			"from": [ -4, 12, 4 ],
			"to": [ 6, 14, 10 ],
			"faces": {
				"down": { "uv": [ 0, 8.25, 1.25, 9 ], "texture": "#runestone_atlas", "cullface": "west" },
				"up": { "uv": [ 1.25, 9, 2.5, 8.25 ], "texture": "#runestone_atlas", "cullface": "west" },
				"north": { "uv": [ 6.75, 6, 5.5, 6.25 ], "texture": "#runestone_atlas", "cullface": "west" },
				"south": { "uv": [ 5.5, 5.25, 6.75, 5.5 ], "texture": "#runestone_atlas", "cullface": "west" },
				"west": { "uv": [ 15, 8.75, 15.75, 9 ], "texture": "#runestone_atlas", "cullface": "west" },
				"east": { "uv": [ 8, 8.5, 7.25, 8.75 ], "texture": "#runestone_atlas", "cullface": "west" }
			}
		},
		{
			"__comment": "Voxels",
			"from": [ -4, 12, 10 ],
			"to": [ 4, 14, 12 ],
			"faces": {
				"up": { "uv": [ 4.5, 2, 5.5, 1.75 ], "texture": "#runestone_atlas", "cullface": "west" },
				"south": { "uv": [ 4.5, 1.25, 5.5, 1.5 ], "texture": "#runestone_atlas", "cullface": "west" },
				"west": { "uv": [ 7.75, 4, 8, 4.25 ], "texture": "#runestone_atlas", "cullface": "west" },
				"east": { "uv": [ 5.5, 6.75, 5.25, 7 ], "texture": "#runestone_atlas", "cullface": "west" }
			}
		},
		{
			"__comment": "Voxels",
			"from": [ -2, 2, 4 ],
			"to": [ 18, 4, 12 ],
			"faces": {
				"down": { "uv": [ 0, 11.5, 2.5, 12.5 ], "texture": "#runestone_atlas", "cullface": "east" },
				"up": { "uv": [ 0, 13.5, 2.5, 12.5 ], "texture": "#runestone_atlas", "cullface": "east" },
				"north": { "uv": [ 2.5, 1.5, 0, 1.75 ], "texture": "#runestone_atlas", "cullface": "east" },
				"south": { "uv": [ 0, 1.25, 2.5, 1.5 ], "texture": "#runestone_atlas", "cullface": "east" },
				"west": { "uv": [ 5.5, 5, 6.5, 5.25 ], "texture": "#runestone_atlas", "cullface": "east" },
				"east": { "uv": [ 6.5, 4.75, 5.5, 5 ], "texture": "#runestone_atlas", "cullface": "east" }
			}
		},
		{
			"__comment": "Voxels",
			"from": [ -2, 4, -4 ],
			"to": [ 18, 6, 0 ],
			"faces": {
				"down": { "uv": [ 0, 10, 2.5, 10.5 ], "texture": "#runestone_atlas" },
				"up": { "uv": [ 0, 10, 2.5, 9.5 ], "texture": "#runestone_atlas" },
				"north": { "uv": [ 2.5, 5, 0, 5.25 ], "texture": "#runestone_atlas" },
				"west": { "uv": [ 6.5, 1, 7, 1.25 ], "texture": "#runestone_atlas" },
				"east": { "uv": [ 7, 2.5, 6.5, 2.75 ], "texture": "#runestone_atlas" }
			}
		},
		{
			"__comment": "Voxels",
			"from": [ -2, 4, 16 ],
			"to": [ 18, 6, 20 ],
			"faces": {
				"down": { "uv": [ 0, 11, 2.5, 11.5 ], "texture": "#runestone_atlas" },
				"south": { "uv": [ 0, 8, 2.5, 8.25 ], "texture": "#runestone_atlas" },
				"west": { "uv": [ 6.5, 2.25, 7, 2.5 ], "texture": "#runestone_atlas" },
				"east": { "uv": [ 7, 1.5, 6.5, 1.75 ], "texture": "#runestone_atlas" }
			}
		},
		{
			"__comment": "Voxels",
			"from": [ -2, 6, -6 ],
			"to": [ 18, 8, -4 ],
			"faces": {
				"down": { "uv": [ 0, 7.25, 2.5, 7.5 ], "texture": "#runestone_atlas" },
				"north": { "uv": [ 2.5, 1.75, 0, 2 ], "texture": "#runestone_atlas" },
				"west": { "uv": [ 6.75, 6, 7, 6.25 ], "texture": "#runestone_atlas" },
				"east": { "uv": [ 7, 5.75, 6.75, 6 ], "texture": "#runestone_atlas" }
			}
		},
		{
			"__comment": "Voxels",
			"from": [ -2, 6, 20 ],
			"to": [ 18, 8, 22 ],
			"faces": {
				"down": { "uv": [ 0, 6, 2.5, 6.25 ], "texture": "#runestone_atlas" },
				"south": { "uv": [ 0, 4.5, 2.5, 4.75 ], "texture": "#runestone_atlas" },
				"west": { "uv": [ 6.75, 5.5, 7, 5.75 ], "texture": "#runestone_atlas" },
				"east": { "uv": [ 7.25, 5.75, 7, 6 ], "texture": "#runestone_atlas" }
			}
		},
		{
			"__comment": "Voxels",
			"from": [ -2, 8, -8 ],
			"to": [ 18, 10, -6 ],
			"faces": {
				"down": { "uv": [ 0, 7, 2.5, 7.25 ], "texture": "#runestone_atlas" },
				"up": { "uv": [ 0, 3.75, 2.5, 3.5 ], "texture": "#runestone_atlas" },
				"north": { "uv": [ 2.5, 5.5, 0, 5.75 ], "texture": "#runestone_atlas" },
				"west": { "uv": [ 7, 5.5, 7.25, 5.75 ], "texture": "#runestone_atlas" },
				"east": { "uv": [ 7.25, 5.25, 7, 5.5 ], "texture": "#runestone_atlas" }
			}
		},
		{
			"__comment": "Voxels",
			"from": [ -2, 8, 22 ],
			"to": [ 18, 10, 24 ],
			"faces": {
				"down": { "uv": [ 0, 4, 2.5, 4.25 ], "texture": "#runestone_atlas" },
				"up": { "uv": [ 0, 4, 2.5, 3.75 ], "texture": "#runestone_atlas" },
				"south": { "uv": [ 0, 3.25, 2.5, 3.5 ], "texture": "#runestone_atlas" },
				"west": { "uv": [ 7, 5, 7.25, 5.25 ], "texture": "#runestone_atlas" },
				"east": { "uv": [ 7.25, 4.75, 7, 5 ], "texture": "#runestone_atlas" }
			}
		},
		{
			"__comment": "Voxels",
			"from": [ -2, 10, -6 ],
			"to": [ 18, 12, -4 ],
			"faces": {
				"up": { "uv": [ 0, 2.5, 2.5, 2.25 ], "texture": "#runestone_atlas" },
				"north": { "uv": [ 2.5, 1, 0, 1.25 ], "texture": "#runestone_atlas" },
				"west": { "uv": [ 7, 4.5, 7.25, 4.75 ], "texture": "#runestone_atlas" },
				"east": { "uv": [ 7.25, 2.25, 7, 2.5 ], "texture": "#runestone_atlas" }
			}
		},
		{
			"__comment": "Voxels",
			"from": [ -2, 10, 20 ],
			"to": [ 18, 12, 22 ],
			"faces": {
				"up": { "uv": [ 0, 7.75, 2.5, 7.5 ], "texture": "#runestone_atlas" },
				"south": { "uv": [ 0, 6.25, 2.5, 6.5 ], "texture": "#runestone_atlas" },
				"west": { "uv": [ 7, 2, 7.25, 2.25 ], "texture": "#runestone_atlas" },
				"east": { "uv": [ 7.25, 1.75, 7, 2 ], "texture": "#runestone_atlas" }
			}
		},
		{
			"__comment": "Voxels",
			"from": [ -2, 12, -2 ],
			"to": [ 2, 14, 4 ],
			"faces": {
				"down": { "uv": [ 4.5, 0.25, 5, 1 ], "texture": "#runestone_atlas", "cullface": "west" },
				"up": { "uv": [ 5, 1, 5.5, 0.25 ], "texture": "#runestone_atlas", "cullface": "west" },
				"north": { "uv": [ 7, 0.75, 6.5, 1 ], "texture": "#runestone_atlas", "cullface": "west" },
				"west": { "uv": [ 14.25, 8.75, 15, 9 ], "texture": "#runestone_atlas", "cullface": "west" },
				"east": { "uv": [ 14.25, 8.75, 13.5, 9 ], "texture": "#runestone_atlas", "cullface": "west" }
			}
		},
		{
			"__comment": "Voxels",
			"from": [ -2, 12, 12 ],
			"to": [ 4, 14, 18 ],
			"faces": {
				"down": { "uv": [ 3.25, 7.5, 4, 8.25 ], "texture": "#runestone_atlas", "cullface": "west" },
				"up": { "uv": [ 4, 8.25, 4.75, 7.5 ], "texture": "#runestone_atlas", "cullface": "west" },
				"south": { "uv": [ 8.75, 8.5, 9.5, 8.75 ], "texture": "#runestone_atlas", "cullface": "west" },
				"west": { "uv": [ 9.5, 8.5, 10.25, 8.75 ], "texture": "#runestone_atlas", "cullface": "west" },
				"east": { "uv": [ 11, 8.5, 10.25, 8.75 ], "texture": "#runestone_atlas", "cullface": "west" }
			}
		},
		{
			"__comment": "Voxels",
			"from": [ 0, 2, 0 ],
			"to": [ 16, 4, 4 ],
			"faces": {
				"down": { "uv": [ 14, 15.5, 16, 16 ], "texture": "#runestone_atlas" },
				"north": { "uv": [ 4.5, 3.75, 2.5, 4 ], "texture": "#runestone_atlas", "cullface": "north" },
				"west": { "uv": [ 15.5, 8.5, 16, 8.75 ], "texture": "#runestone_atlas", "cullface": "west" },
				"east": { "uv": [ 16, 11.75, 15.5, 12 ], "texture": "#runestone_atlas", "cullface": "east" }
			}
		},
		{
			"__comment": "Voxels",
			"from": [ 0, 2, 12 ],
			"to": [ 16, 4, 16 ],
			"faces": {
				"down": { "uv": [ 14, 14.5, 16, 15 ], "texture": "#runestone_atlas" },
				"south": { "uv": [ 2.5, 2.5, 4.5, 2.75 ], "texture": "#runestone_atlas", "cullface": "south" },
				"west": { "uv": [ 12, 8, 12.5, 8.25 ], "texture": "#runestone_atlas", "cullface": "west" },
				"east": { "uv": [ 2.5, 0, 2, 0.25 ], "texture": "#runestone_atlas", "cullface": "east" }
			}
		},
		{
			"__comment": "Voxels",
			"from": [ 0, 4, -6 ],
			"to": [ 16, 6, -4 ],
			"faces": {
				"down": { "uv": [ 2.5, 1.75, 4.5, 2 ], "texture": "#runestone_atlas" },
				"north": { "uv": [ 4.5, 1.25, 2.5, 1.5 ], "texture": "#runestone_atlas" },
				"west": { "uv": [ 7, 1.5, 7.25, 1.75 ], "texture": "#runestone_atlas" },
				"east": { "uv": [ 7.25, 0.75, 7, 1 ], "texture": "#runestone_atlas" }
			}
		},
		{
			"__comment": "Voxels",
			"from": [ 0, 4, 20 ],
			"to": [ 16, 6, 22 ],
			"faces": {
				"down": { "uv": [ 2.5, 0.25, 4.5, 0.5 ], "texture": "#runestone_atlas" },
				"south": { "uv": [ 7.5, 10.25, 9.5, 10.5 ], "texture": "#runestone_atlas", "cullface": "south" },
				"west": { "uv": [ 7, 0.5, 7.25, 0.75 ], "texture": "#runestone_atlas", "cullface": "west" },
				"east": { "uv": [ 7.25, 0.25, 7, 0.5 ], "texture": "#runestone_atlas", "cullface": "east" }
			}
		},
		{
			"__comment": "Voxels",
			"from": [ 0, 6, -8 ],
			"to": [ 16, 8, -6 ],
			"faces": {
				"down": { "uv": [ 13.5, 10.25, 15.5, 10.5 ], "texture": "#runestone_atlas" },
				"north": { "uv": [ 9.5, 10, 7.5, 10.25 ], "texture": "#runestone_atlas" },
				"west": { "uv": [ 7, 0, 7.25, 0.25 ], "texture": "#runestone_atlas" },
				"east": { "uv": [ 7.5, 5.25, 7.25, 5.5 ], "texture": "#runestone_atlas" }
			}
		},
		{
			"__comment": "Voxels",
			"from": [ 0, 6, 22 ],
			"to": [ 16, 8, 24 ],
			"faces": {
				"down": { "uv": [ 14, 14.25, 16, 14.5 ], "texture": "#runestone_atlas" },
				"south": { "uv": [ 3.25, 7, 5.25, 7.25 ], "texture": "#runestone_atlas", "cullface": "south" },
				"west": { "uv": [ 7.25, 5, 7.5, 5.25 ], "texture": "#runestone_atlas", "cullface": "west" },
				"east": { "uv": [ 7.5, 4.75, 7.25, 5 ], "texture": "#runestone_atlas", "cullface": "east" }
			}
		},
		{
			"__comment": "Voxels",
			"from": [ 0, 8, -10 ],
			"to": [ 16, 10, -8 ],
			"faces": {
				"down": { "uv": [ 3.5, 6.25, 5.5, 6.5 ], "texture": "#runestone_atlas" },
				"up": { "uv": [ 3.5, 6.25, 5.5, 6 ], "texture": "#runestone_atlas" },
				"north": { "uv": [ 5.5, 5.75, 3.5, 6 ], "texture": "#runestone_atlas" },
				"west": { "uv": [ 7.25, 4.5, 7.5, 4.75 ], "texture": "#runestone_atlas" },
				"east": { "uv": [ 7.5, 4.25, 7.25, 4.5 ], "texture": "#runestone_atlas" }
			}
		},
		{
			"__comment": "Voxels",
			"from": [ 0, 8, 24 ],
			"to": [ 16, 10, 26 ],
			"faces": {
				"down": { "uv": [ 3.5, 5.25, 5.5, 5.5 ], "texture": "#runestone_atlas" },
				"up": { "uv": [ 3.5, 5.25, 5.5, 5 ], "texture": "#runestone_atlas" },
				"south": { "uv": [ 2.5, 4.5, 4.5, 4.75 ], "texture": "#runestone_atlas", "cullface": "south" },
				"west": { "uv": [ 7.25, 4, 7.5, 4.25 ], "texture": "#runestone_atlas", "cullface": "west" },
				"east": { "uv": [ 7.5, 3.75, 7.25, 4 ], "texture": "#runestone_atlas", "cullface": "east" }
			}
		},
		{
			"__comment": "Voxels",
			"from": [ 0, 10, -8 ],
			"to": [ 16, 12, -6 ],
			"faces": {
				"up": { "uv": [ 2.5, 3.25, 4.5, 3 ], "texture": "#runestone_atlas" },
				"north": { "uv": [ 4.5, 2.25, 2.5, 2.5 ], "texture": "#runestone_atlas" },
				"west": { "uv": [ 7.25, 5.5, 7.5, 5.75 ], "texture": "#runestone_atlas" },
				"east": { "uv": [ 7.5, 5.75, 7.25, 6 ], "texture": "#runestone_atlas" }
			}
		},
		{
			"__comment": "Voxels",
			"from": [ 0, 10, 22 ],
			"to": [ 16, 12, 24 ],
			"faces": {
				"up": { "uv": [ 2.5, 0.75, 4.5, 0.5 ], "texture": "#runestone_atlas" },
				"south": { "uv": [ 11.5, 10.25, 13.5, 10.5 ], "texture": "#runestone_atlas", "cullface": "south" },
				"west": { "uv": [ 5.25, 7.25, 5.5, 7.5 ], "texture": "#runestone_atlas", "cullface": "west" },
				"east": { "uv": [ 5.5, 7, 5.25, 7.25 ], "texture": "#runestone_atlas", "cullface": "east" }
			}
		},
		{
			"__comment": "Voxels",
			"from": [ 0, 12, -4 ],
			"to": [ 16, 14, -2 ],
			"faces": {
				"up": { "uv": [ 13.5, 10.25, 15.5, 10 ], "texture": "#runestone_atlas" },
				"north": { "uv": [ 5.25, 6.75, 3.25, 7 ], "texture": "#runestone_atlas" },
				"south": { "uv": [ 3.5, 6.5, 5.5, 6.75 ], "texture": "#runestone_atlas" },
				"west": { "uv": [ 6.75, 5.25, 7, 5.5 ], "texture": "#runestone_atlas" },
				"east": { "uv": [ 16, 8.75, 15.75, 9 ], "texture": "#runestone_atlas" }
			}
		},
		{
			"__comment": "Voxels",
			"from": [ 0, 12, 18 ],
			"to": [ 4, 14, 20 ],
			"faces": {
				"up": { "uv": [ 15.5, 10.25, 16, 10 ], "texture": "#runestone_atlas", "cullface": "south" },
				"south": { "uv": [ 15.5, 8.25, 16, 8.5 ], "texture": "#runestone_atlas", "cullface": "south" },
				"west": { "uv": [ 7.25, 3.5, 7.5, 3.75 ], "texture": "#runestone_atlas", "cullface": "south" },
				"east": { "uv": [ 7.5, 2.75, 7.25, 3 ], "texture": "#runestone_atlas", "cullface": "south" }
			}
		},
		{
			"__comment": "Voxels",
			"from": [ 2, 2, -2 ],
			"to": [ 14, 4, 0 ],
			"faces": {
				"down": { "uv": [ 5.5, 8.75, 7, 9 ], "texture": "#runestone_atlas", "cullface": "north" },
				"north": { "uv": [ 16, 11.25, 14.5, 11.5 ], "texture": "#runestone_atlas", "cullface": "north" },
				"west": { "uv": [ 7.25, 2.5, 7.5, 2.75 ], "texture": "#runestone_atlas", "cullface": "north" },
				"east": { "uv": [ 7.5, 2.25, 7.25, 2.5 ], "texture": "#runestone_atlas", "cullface": "north" }
			}
		},
		{
			"__comment": "Voxels",
			"from": [ 2, 2, 16 ],
			"to": [ 14, 4, 18 ],
			"faces": {
				"down": { "uv": [ 11.5, 9.75, 13, 10 ], "texture": "#runestone_atlas", "cullface": "south" },
				"south": { "uv": [ 11.5, 9.5, 13, 9.75 ], "texture": "#runestone_atlas", "cullface": "south" },
				"west": { "uv": [ 7.25, 2, 7.5, 2.25 ], "texture": "#runestone_atlas", "cullface": "south" },
				"east": { "uv": [ 7.5, 1.25, 7.25, 1.5 ], "texture": "#runestone_atlas", "cullface": "south" }
			}
		},
		{
			"__comment": "Voxels",
			"from": [ 2, 4, -8 ],
			"to": [ 14, 6, -6 ],
			"faces": {
				"down": { "uv": [ 14.5, 11.5, 16, 11.75 ], "texture": "#runestone_atlas", "cullface": "north" },
				"north": { "uv": [ 10, 9.25, 8.5, 9.5 ], "texture": "#runestone_atlas", "cullface": "north" },
				"west": { "uv": [ 7.25, 1, 7.5, 1.25 ], "texture": "#runestone_atlas", "cullface": "north" },
				"east": { "uv": [ 7.5, 0.75, 7.25, 1 ], "texture": "#runestone_atlas", "cullface": "north" }
			}
		},
		{
			"__comment": "Voxels",
			"from": [ 2, 4, 22 ],
			"to": [ 14, 6, 24 ],
			"faces": {
				"down": { "uv": [ 5.5, 8, 7, 8.25 ], "texture": "#runestone_atlas", "cullface": "south" },
				"south": { "uv": [ 5.5, 7.25, 7, 7.5 ], "texture": "#runestone_atlas", "cullface": "south" },
				"west": { "uv": [ 7.25, 0.5, 7.5, 0.75 ], "texture": "#runestone_atlas", "cullface": "south" },
				"east": { "uv": [ 7.75, 7.75, 7.5, 8 ], "texture": "#runestone_atlas", "cullface": "south" }
			}
		},
		{
			"__comment": "Voxels",
			"from": [ 2, 6, -10 ],
			"to": [ 14, 8, -8 ],
			"faces": {
				"down": { "uv": [ 5.5, 6.5, 7, 6.75 ], "texture": "#runestone_atlas", "cullface": "north" },
				"north": { "uv": [ 11.5, 9.25, 10, 9.5 ], "texture": "#runestone_atlas", "cullface": "north" },
				"west": { "uv": [ 7.5, 7.5, 7.75, 7.75 ], "texture": "#runestone_atlas", "cullface": "north" },
				"east": { "uv": [ 7.75, 7.25, 7.5, 7.5 ], "texture": "#runestone_atlas", "cullface": "north" }
			}
		},
		{
			"__comment": "Voxels",
			"from": [ 2, 6, 24 ],
			"to": [ 14, 8, 26 ],
			"faces": {
				"down": { "uv": [ 10, 9, 11.5, 9.25 ], "texture": "#runestone_atlas", "cullface": "south" },
				"south": { "uv": [ 14.5, 9, 16, 9.25 ], "texture": "#runestone_atlas", "cullface": "south" },
				"west": { "uv": [ 7.5, 7, 7.75, 7.25 ], "texture": "#runestone_atlas", "cullface": "south" },
				"east": { "uv": [ 7.75, 6.75, 7.5, 7 ], "texture": "#runestone_atlas", "cullface": "south" }
			}
		},
		{
			"__comment": "Voxels",
			"from": [ 2, 10, -10 ],
			"to": [ 14, 12, -8 ],
			"faces": {
				"up": { "uv": [ 7, 10, 8.5, 9.75 ], "texture": "#runestone_atlas", "cullface": "north" },
				"north": { "uv": [ 10, 9.75, 8.5, 10 ], "texture": "#runestone_atlas", "cullface": "north" },
				"west": { "uv": [ 7.5, 6.5, 7.75, 6.75 ], "texture": "#runestone_atlas", "cullface": "north" },
				"east": { "uv": [ 7.75, 6.25, 7.5, 6.5 ], "texture": "#runestone_atlas", "cullface": "north" }
			}
		},
		{
			"__comment": "Voxels",
			"from": [ 2, 10, 24 ],
			"to": [ 14, 12, 26 ],
			"faces": {
				"up": { "uv": [ 14.5, 11, 16, 10.75 ], "texture": "#runestone_atlas", "cullface": "south" },
				"south": { "uv": [ 13, 9.5, 14.5, 9.75 ], "texture": "#runestone_atlas", "cullface": "south" },
				"west": { "uv": [ 7.5, 6, 7.75, 6.25 ], "texture": "#runestone_atlas", "cullface": "south" },
				"east": { "uv": [ 7.75, 5.75, 7.5, 6 ], "texture": "#runestone_atlas", "cullface": "south" }
			}
		},
		{
			"__comment": "Voxels",
			"from": [ 2, 12, -6 ],
			"to": [ 14, 14, -4 ],
			"faces": {
				"up": { "uv": [ 5.5, 7.25, 7, 7 ], "texture": "#runestone_atlas", "cullface": "north" },
				"north": { "uv": [ 7, 6.75, 5.5, 7 ], "texture": "#runestone_atlas", "cullface": "north" },
				"west": { "uv": [ 7.5, 5.5, 7.75, 5.75 ], "texture": "#runestone_atlas", "cullface": "north" },
				"east": { "uv": [ 7.75, 4.75, 7.5, 5 ], "texture": "#runestone_atlas", "cullface": "north" }
			}
		},
		{
			"__comment": "Voxels",
			"from": [ 2, 12, 20 ],
			"to": [ 14, 14, 22 ],
			"faces": {
				"up": { "uv": [ 14.5, 10, 16, 9.75 ], "texture": "#runestone_atlas", "cullface": "south" },
				"north": { "uv": [ 14.5, 9.25, 13, 9.5 ], "texture": "#runestone_atlas", "cullface": "south" },
				"south": { "uv": [ 14.5, 9.5, 16, 9.75 ], "texture": "#runestone_atlas", "cullface": "south" },
				"west": { "uv": [ 7.5, 4.5, 7.75, 4.75 ], "texture": "#runestone_atlas", "cullface": "south" },
				"east": { "uv": [ 7.75, 4.25, 7.5, 4.5 ], "texture": "#runestone_atlas", "cullface": "south" }
			}
		},
		{
			"__comment": "Voxels",
			"from": [ 4, 2, -4 ],
			"to": [ 12, 4, -2 ],
			"faces": {
				"down": { "uv": [ 5.5, 1.25, 6.5, 1.5 ], "texture": "#runestone_atlas", "cullface": "north" },
				"north": { "uv": [ 6.5, 1.5, 5.5, 1.75 ], "texture": "#runestone_atlas", "cullface": "north" },
				"west": { "uv": [ 7.5, 3.25, 7.75, 3.5 ], "texture": "#runestone_atlas", "cullface": "north" },
				"east": { "uv": [ 7.75, 3, 7.5, 3.25 ], "texture": "#runestone_atlas", "cullface": "north" }
			}
		},
		{
			"__comment": "Voxels",
			"from": [ 4, 2, 18 ],
			"to": [ 12, 4, 20 ],
			"faces": {
				"down": { "uv": [ 5.5, 0.75, 6.5, 1 ], "texture": "#runestone_atlas", "cullface": "south" },
				"south": { "uv": [ 5.5, 0, 6.5, 0.25 ], "texture": "#runestone_atlas", "cullface": "south" },
				"west": { "uv": [ 7.5, 1.25, 7.75, 1.5 ], "texture": "#runestone_atlas", "cullface": "south" },
				"east": { "uv": [ 7.75, 1, 7.5, 1.25 ], "texture": "#runestone_atlas", "cullface": "south" }
			}
		},
		{
			"__comment": "Voxels",
			"from": [ 4, 4, -10 ],
			"to": [ 12, 6, -8 ],
			"faces": {
				"down": { "uv": [ 7, 8.75, 8, 9 ], "texture": "#runestone_atlas", "cullface": "north" },
				"north": { "uv": [ 5.5, 5.5, 4.5, 5.75 ], "texture": "#runestone_atlas", "cullface": "north" },
				"west": { "uv": [ 7.75, 6.75, 8, 7 ], "texture": "#runestone_atlas", "cullface": "north" },
				"east": { "uv": [ 8, 6.5, 7.75, 6.75 ], "texture": "#runestone_atlas", "cullface": "north" }
			}
		},
		{
			"__comment": "Voxels",
			"from": [ 4, 4, 24 ],
			"to": [ 12, 6, 26 ],
			"faces": {
				"down": { "uv": [ 4.5, 4.5, 5.5, 4.75 ], "texture": "#runestone_atlas", "cullface": "south" },
				"south": { "uv": [ 4.5, 3.75, 5.5, 4 ], "texture": "#runestone_atlas", "cullface": "south" },
				"west": { "uv": [ 7.75, 4.75, 8, 5 ], "texture": "#runestone_atlas", "cullface": "south" },
				"east": { "uv": [ 8, 4.5, 7.75, 4.75 ], "texture": "#runestone_atlas", "cullface": "south" }
			}
		},
		{
			"__comment": "Voxels",
			"from": [ 4, 6, -12 ],
			"to": [ 12, 10, -10 ],
			"faces": {
				"down": { "uv": [ 4.5, 3.5, 5.5, 3.75 ], "texture": "#runestone_atlas", "cullface": "north" },
				"up": { "uv": [ 4.5, 3.5, 5.5, 3.25 ], "texture": "#runestone_atlas", "cullface": "north" },
				"north": { "uv": [ 16, 12.25, 15, 12.75 ], "texture": "#runestone_atlas", "cullface": "north" },
				"south": { "uv": [ 2.5, 5, 3.5, 5.5 ], "texture": "#runestone_atlas", "cullface": "north" },
				"west": { "uv": [ 7, 6.5, 7.25, 7 ], "texture": "#runestone_atlas", "cullface": "north" },
				"east": { "uv": [ 6.75, 0, 6.5, 0.5 ], "texture": "#runestone_atlas", "cullface": "north" }
			}
		},
		{
			"__comment": "Voxels",
			"from": [ 4, 6, 26 ],
			"to": [ 12, 10, 28 ],
			"faces": {
				"down": { "uv": [ 4.5, 3, 5.5, 3.25 ], "texture": "#runestone_atlas", "cullface": "south" },
				"up": { "uv": [ 4.5, 3, 5.5, 2.75 ], "texture": "#runestone_atlas", "cullface": "south" },
				"north": { "uv": [ 3.5, 4, 2.5, 4.5 ], "texture": "#runestone_atlas", "cullface": "south" },
				"south": { "uv": [ 3.5, 4, 4.5, 4.5 ], "texture": "#runestone_atlas", "cullface": "south" },
				"west": { "uv": [ 6.75, 0, 7, 0.5 ], "texture": "#runestone_atlas", "cullface": "south" },
				"east": { "uv": [ 7.25, 6, 7, 6.5 ], "texture": "#runestone_atlas", "cullface": "south" }
			}
		},
		{
			"__comment": "Voxels",
			"from": [ 4, 12, -8 ],
			"to": [ 12, 14, -6 ],
			"faces": {
				"up": { "uv": [ 4.5, 2.75, 5.5, 2.5 ], "texture": "#runestone_atlas", "cullface": "north" },
				"north": { "uv": [ 5.5, 2.25, 4.5, 2.5 ], "texture": "#runestone_atlas", "cullface": "north" },
				"west": { "uv": [ 7, 4.25, 7.25, 4.5 ], "texture": "#runestone_atlas", "cullface": "north" },
				"east": { "uv": [ 7.25, 4, 7, 4.25 ], "texture": "#runestone_atlas", "cullface": "north" }
			}
		},
		{
			"__comment": "Voxels",
			"from": [ 4, 12, 0 ],
			"to": [ 6, 14, 2 ],
			"faces": {
				"up": { "uv": [ 7, 3.75, 7.25, 3.5 ], "texture": "#runestone_atlas" },
				"north": { "uv": [ 7.25, 3.25, 7, 3.5 ], "texture": "#runestone_atlas", "cullface": "north" },
				"south": { "uv": [ 7, 3, 7.25, 3.25 ], "texture": "#runestone_atlas" },
				"west": { "uv": [ 7, 2.75, 7.25, 3 ], "texture": "#runestone_atlas" },
				"east": { "uv": [ 7.25, 2.5, 7, 2.75 ], "texture": "#runestone_atlas" }
			}
		},
		{
			"__comment": "Voxels",
			"from": [ 4, 12, 22 ],
			"to": [ 12, 14, 24 ],
			"faces": {
				"up": { "uv": [ 5.5, 4, 6.5, 3.75 ], "texture": "#runestone_atlas", "cullface": "south" },
				"south": { "uv": [ 5.5, 3.25, 6.5, 3.5 ], "texture": "#runestone_atlas", "cullface": "south" },
				"west": { "uv": [ 7, 1.25, 7.25, 1.5 ], "texture": "#runestone_atlas", "cullface": "south" },
				"east": { "uv": [ 7.25, 1, 7, 1.25 ], "texture": "#runestone_atlas", "cullface": "south" }
			}
		},
		{
			"__comment": "Voxels",
			"from": [ 6, 12, 8 ],
			"to": [ 14, 14, 10 ],
			"faces": {
				"up": { "uv": [ 5.5, 3, 6.5, 2.75 ], "texture": "#runestone_atlas" },
				"north": { "uv": [ 6.5, 2.5, 5.5, 2.75 ], "texture": "#runestone_atlas" },
				"south": { "uv": [ 5.5, 2.25, 6.5, 2.5 ], "texture": "#runestone_atlas" },
				"east": { "uv": [ 15, 8, 14.75, 8.25 ], "texture": "#runestone_atlas" }
			}
		},
		{
			"__comment": "Voxels",
			"from": [ 6, 12, 12 ],
			"to": [ 8, 14, 14 ],
			"faces": {
				"up": { "uv": [ 15.25, 8.25, 15.5, 8 ], "texture": "#runestone_atlas" },
				"north": { "uv": [ 15.75, 8, 15.5, 8.25 ], "texture": "#runestone_atlas" },
				"south": { "uv": [ 15.75, 8, 16, 8.25 ], "texture": "#runestone_atlas" },
				"west": { "uv": [ 7.25, 7.75, 7.5, 8 ], "texture": "#runestone_atlas" },
				"east": { "uv": [ 7.5, 7.5, 7.25, 7.75 ], "texture": "#runestone_atlas" }
			}
		},
		{
			"__comment": "Voxels",
			"from": [ 6, 12, 18 ],
			"to": [ 8, 14, 20 ],
			"faces": {
				"up": { "uv": [ 7.25, 7.25, 7.5, 7 ], "texture": "#runestone_atlas", "cullface": "south" },
				"north": { "uv": [ 7.5, 6.75, 7.25, 7 ], "texture": "#runestone_atlas", "cullface": "south" },
				"west": { "uv": [ 7.25, 6.25, 7.5, 6.5 ], "texture": "#runestone_atlas", "cullface": "south" },
				"east": { "uv": [ 7.5, 6, 7.25, 6.25 ], "texture": "#runestone_atlas", "cullface": "south" }
			}
		},
		{
			"__comment": "Voxels",
			"from": [ 8, 12, -2 ],
			"to": [ 18, 14, 2 ],
			"faces": {
				"down": { "uv": [ 1.25, 2.75, 2.5, 3.25 ], "texture": "#runestone_atlas", "cullface": "east" },
				"up": { "uv": [ 0, 3.25, 1.25, 2.75 ], "texture": "#runestone_atlas", "cullface": "east" },
				"north": { "uv": [ 6.75, 5.75, 5.5, 6 ], "texture": "#runestone_atlas", "cullface": "east" },
				"south": { "uv": [ 5.5, 5.5, 6.75, 5.75 ], "texture": "#runestone_atlas", "cullface": "east" },
				"west": { "uv": [ 8.5, 8, 9, 8.25 ], "texture": "#runestone_atlas", "cullface": "east" },
				"east": { "uv": [ 9.5, 8, 9, 8.25 ], "texture": "#runestone_atlas", "cullface": "east" }
			}
		},
		{
			"__comment": "Voxels",
			"from": [ 8, 12, 4 ],
			"to": [ 20, 14, 6 ],
			"faces": {
				"up": { "uv": [ 8.5, 9.75, 10, 9.5 ], "texture": "#runestone_atlas", "cullface": "east" },
				"north": { "uv": [ 13, 9.25, 11.5, 9.5 ], "texture": "#runestone_atlas", "cullface": "east" },
				"south": { "uv": [ 14.5, 9.25, 16, 9.5 ], "texture": "#runestone_atlas", "cullface": "east" },
				"west": { "uv": [ 7.25, 3.25, 7.5, 3.5 ], "texture": "#runestone_atlas", "cullface": "east" },
				"east": { "uv": [ 7.5, 3, 7.25, 3.25 ], "texture": "#runestone_atlas", "cullface": "east" }
			}
		},
		{
			"__comment": "Voxels",
			"from": [ 8, 12, 6 ],
			"to": [ 12, 14, 8 ],
			"faces": {
				"up": { "uv": [ 6.5, 1.5, 7, 1.25 ], "texture": "#runestone_atlas" },
				"west": { "uv": [ 7.25, 1.75, 7.5, 2 ], "texture": "#runestone_atlas" },
				"east": { "uv": [ 7.5, 1.5, 7.25, 1.75 ], "texture": "#runestone_atlas" }
			}
		},
		{
			"__comment": "Voxels",
			"from": [ 8, 12, 10 ],
			"to": [ 14, 14, 12 ],
			"faces": {
				"up": { "uv": [ 11, 8.75, 11.75, 8.5 ], "texture": "#runestone_atlas" },
				"south": { "uv": [ 12.5, 8.5, 13.25, 8.75 ], "texture": "#runestone_atlas" },
				"west": { "uv": [ 7.25, 0.25, 7.5, 0.5 ], "texture": "#runestone_atlas" },
				"east": { "uv": [ 7.5, 0, 7.25, 0.25 ], "texture": "#runestone_atlas" }
			}
		},
		{
			"__comment": "Voxels",
			"from": [ 8, 12, 14 ],
			"to": [ 12, 14, 18 ],
			"faces": {
				"down": { "uv": [ 2, 9, 2.5, 9.5 ], "texture": "#runestone_atlas", "cullface": "south" },
				"up": { "uv": [ 5.5, 2.25, 6, 1.75 ], "texture": "#runestone_atlas", "cullface": "south" },
				"north": { "uv": [ 7, 4.5, 6.5, 4.75 ], "texture": "#runestone_atlas", "cullface": "south" },
				"south": { "uv": [ 6.5, 4.25, 7, 4.5 ], "texture": "#runestone_atlas", "cullface": "south" },
				"west": { "uv": [ 6.5, 4, 7, 4.25 ], "texture": "#runestone_atlas", "cullface": "south" },
				"east": { "uv": [ 7, 3.75, 6.5, 4 ], "texture": "#runestone_atlas", "cullface": "south" }
			}
		},
		{
			"__comment": "Voxels",
			"from": [ 10, 12, 12 ],
			"to": [ 14, 14, 14 ],
			"faces": {
				"up": { "uv": [ 6.5, 3.5, 7, 3.25 ], "texture": "#runestone_atlas" },
				"south": { "uv": [ 6.5, 2.75, 7, 3 ], "texture": "#runestone_atlas" },
				"west": { "uv": [ 7.5, 5.25, 7.75, 5.5 ], "texture": "#runestone_atlas" },
				"east": { "uv": [ 7.75, 5, 7.5, 5.25 ], "texture": "#runestone_atlas" }
			}
		},
		{
			"__comment": "Voxels",
			"from": [ 10, 12, 18 ],
			"to": [ 16, 14, 20 ],
			"faces": {
				"up": { "uv": [ 14, 8.75, 14.75, 8.5 ], "texture": "#runestone_atlas", "cullface": "south" },
				"north": { "uv": [ 15.5, 8.5, 14.75, 8.75 ], "texture": "#runestone_atlas", "cullface": "south" },
				"south": { "uv": [ 7.25, 8.25, 8, 8.5 ], "texture": "#runestone_atlas", "cullface": "south" },
				"west": { "uv": [ 7.5, 3.75, 7.75, 4 ], "texture": "#runestone_atlas", "cullface": "south" },
				"east": { "uv": [ 7.75, 3.5, 7.5, 3.75 ], "texture": "#runestone_atlas", "cullface": "south" }
			}
		},
		{
			"__comment": "Voxels",
			"from": [ 12, 12, 2 ],
			"to": [ 18, 14, 4 ],
			"faces": {
				"up": { "uv": [ 8, 8.5, 8.75, 8.25 ], "texture": "#runestone_atlas", "cullface": "east" },
				"west": { "uv": [ 7.5, 2.25, 7.75, 2.5 ], "texture": "#runestone_atlas", "cullface": "east" },
				"east": { "uv": [ 7.75, 2, 7.5, 2.25 ], "texture": "#runestone_atlas", "cullface": "east" }
			}
		},
		{
			"__comment": "Voxels",
			"from": [ 12, 12, 16 ],
			"to": [ 18, 14, 18 ],
			"faces": {
				"up": { "uv": [ 11, 8.5, 11.75, 8.25 ], "texture": "#runestone_atlas" },
				"north": { "uv": [ 12.5, 8.25, 11.75, 8.5 ], "texture": "#runestone_atlas" },
				"south": { "uv": [ 12.5, 8.25, 13.25, 8.5 ], "texture": "#runestone_atlas" },
				"east": { "uv": [ 7.75, 0.5, 7.5, 0.75 ], "texture": "#runestone_atlas" }
			}
		},
		{
			"__comment": "Voxels",
			"from": [ 14, 12, 6 ],
			"to": [ 20, 14, 8 ],
			"faces": {
				"up": { "uv": [ 14, 8.5, 14.75, 8.25 ], "texture": "#runestone_atlas", "cullface": "east" },
				"south": { "uv": [ 7.25, 8, 8, 8.25 ], "texture": "#runestone_atlas", "cullface": "east" },
				"west": { "uv": [ 7.75, 7.25, 8, 7.5 ], "texture": "#runestone_atlas", "cullface": "east" },
				"east": { "uv": [ 8, 7, 7.75, 7.25 ], "texture": "#runestone_atlas", "cullface": "east" }
			}
		},
		{
			"__comment": "Voxels",
			"from": [ 14, 12, 14 ],
			"to": [ 18, 14, 16 ],
			"faces": {
				"up": { "uv": [ 10.5, 8.25, 11, 8 ], "texture": "#runestone_atlas", "cullface": "east" },
				"north": { "uv": [ 11.5, 8, 11, 8.25 ], "texture": "#runestone_atlas", "cullface": "east" },
				"west": { "uv": [ 7.75, 5.75, 8, 6 ], "texture": "#runestone_atlas", "cullface": "east" },
				"east": { "uv": [ 8, 5.5, 7.75, 5.75 ], "texture": "#runestone_atlas", "cullface": "east" }
			}
		},
		{
			"__comment": "Voxels",
			"from": [ 16, 12, 8 ],
			"to": [ 20, 14, 12 ],
			"faces": {
				"down": { "uv": [ 6, 1.75, 6.5, 2.25 ], "texture": "#runestone_atlas", "cullface": "east" },
				"up": { "uv": [ 6.5, 2.25, 7, 1.75 ], "texture": "#runestone_atlas", "cullface": "east" },
				"south": { "uv": [ 13, 8, 13.5, 8.25 ], "texture": "#runestone_atlas", "cullface": "east" },
				"west": { "uv": [ 13.5, 8, 14, 8.25 ], "texture": "#runestone_atlas", "cullface": "east" },
				"east": { "uv": [ 14.5, 8, 14, 8.25 ], "texture": "#runestone_atlas", "cullface": "east" }
			}
		},
		{
			"__comment": "Voxels",
			"from": [ 16, 12, 12 ],
			"to": [ 18, 14, 14 ],
			"faces": {
				"up": { "uv": [ 7.75, 3.75, 8, 3.5 ], "texture": "#runestone_atlas", "cullface": "east" },
				"west": { "uv": [ 7.75, 2.75, 8, 3 ], "texture": "#runestone_atlas", "cullface": "east" },
				"east": { "uv": [ 8, 2.5, 7.75, 2.75 ], "texture": "#runestone_atlas", "cullface": "east" }
			}
		}
	],
	"display": {
		"thirdperson_righthand": {
			"scale":  [ 0.1, 0.1, 0.1 ]
		},
		"thirdperson_lefthand": {
			"scale":  [ 0.1, 0.1, 0.1 ]
		},
		"firstperson_righthand": {
			"rotation":  [ 47, 25, 20 ],
			"scale":  [ 0.2, 0.2, 0.2 ]
		},
		"firstperson_lefthand": {
			"rotation":  [ 47, 25, 20 ],
			"scale":  [ 0.2, 0.2, 0.2 ]
		},
		"gui": {
			"rotation":  [ 90, 0, 0 ],
			"scale":  [ 0.4, 0.4, 0.4 ]
		},
		"ground": {
			"translation":  [ 0, 5, 0 ],
			"scale":  [ 0.1, 0.1, 0.1 ]
		},
		"fixed": {
			"rotation":  [ -90, 180, 0 ],
			"scale":  [ 0.4, 0.4, 0.4 ]
		}
	}
}