{"file_name":"cacti","texture_size":[16,16],"textures":{"5c4de9d8-42ab-3519-8327-aaf8cfc78532":"minecraft:block/cactus_side"},"elements":[{"name":"cube","from":[6.8,8.6,7.4],"to":[10.4,14.0,8.6],"rotation":{"angle":0.0,"axis":"x","origin":[8.0,8.0,8.0]},"faces":{"down":{"uv":[11.0,4.0,5.0,6.0],"rotation":0,"texture":"#5c4de9d8-42ab-3519-8327-aaf8cfc78532","tintindex":0},"east":{"uv":[8.0,3.0,10.0,12.0],"rotation":0,"texture":"#5c4de9d8-42ab-3519-8327-aaf8cfc78532","tintindex":0},"north":{"uv":[5.0,7.0,11.0,16.0],"rotation":0,"texture":"#5c4de9d8-42ab-3519-8327-aaf8cfc78532","tintindex":0},"south":{"uv":[5.0,7.0,11.0,16.0],"rotation":0,"texture":"#5c4de9d8-42ab-3519-8327-aaf8cfc78532","tintindex":0},"up":{"uv":[5.0,4.0,11.0,6.0],"rotation":0,"texture":"#5c4de9d8-42ab-3519-8327-aaf8cfc78532","tintindex":0},"west":{"uv":[4.0,1.0,6.0,10.0],"rotation":0,"texture":"#5c4de9d8-42ab-3519-8327-aaf8cfc78532","tintindex":0}}},{"name":"cube","from":[8.3,15.650001,3.1999998],"to":[8.9,20.45,6.8],"rotation":{"angle":-45.0,"axis":"x","origin":[8.0,17.75,8.3]},"faces":{"down":{"uv":[11.0,8.0,5.0,9.0],"rotation":270,"texture":"#5c4de9d8-42ab-3519-8327-aaf8cfc78532","tintindex":0},"east":{"uv":[5.0,7.0,11.0,15.0],"rotation":0,"texture":"#5c4de9d8-42ab-3519-8327-aaf8cfc78532","tintindex":0},"north":{"uv":[5.0,2.0,6.0,10.0],"rotation":0,"texture":"#5c4de9d8-42ab-3519-8327-aaf8cfc78532","tintindex":0},"south":{"uv":[1.0,3.0,2.0,11.0],"rotation":0,"texture":"#5c4de9d8-42ab-3519-8327-aaf8cfc78532","tintindex":0},"up":{"uv":[5.0,0.0,11.0,1.0],"rotation":90,"texture":"#5c4de9d8-42ab-3519-8327-aaf8cfc78532","tintindex":0},"west":{"uv":[5.0,3.0,11.0,11.0],"rotation":0,"texture":"#5c4de9d8-42ab-3519-8327-aaf8cfc78532","tintindex":0}}},{"name":"cube","from":[7.4,17.940811,8.336396],"to":[9.8,18.540813,11.936397],"rotation":{"angle":-45.0,"axis":"x","origin":[9.8,15.840813,8.936396]},"faces":{"down":{"uv":[10.0,8.0,6.0,14.0],"rotation":0,"texture":"#5c4de9d8-42ab-3519-8327-aaf8cfc78532","tintindex":0},"east":{"uv":[5.0,3.0,6.0,9.0],"rotation":270,"texture":"#5c4de9d8-42ab-3519-8327-aaf8cfc78532","tintindex":0},"north":{"uv":[6.0,4.0,10.0,5.0],"rotation":180,"texture":"#5c4de9d8-42ab-3519-8327-aaf8cfc78532","tintindex":0},"south":{"uv":[6.0,0.0,10.0,1.0],"rotation":0,"texture":"#5c4de9d8-42ab-3519-8327-aaf8cfc78532","tintindex":0},"up":{"uv":[6.0,0.0,10.0,6.0],"rotation":180,"texture":"#5c4de9d8-42ab-3519-8327-aaf8cfc78532","tintindex":0},"west":{"uv":[5.0,3.0,6.0,9.0],"rotation":90,"texture":"#5c4de9d8-42ab-3519-8327-aaf8cfc78532","tintindex":0}}},{"name":"cube","from":[8.0,8.0,7.7],"to":[9.2,8.6,8.3],"rotation":{"angle":0.0,"axis":"x","origin":[8.0,8.0,8.0]},"faces":{"down":{"uv":[12.0,6.0,10.0,7.0],"rotation":0,"texture":"#5c4de9d8-42ab-3519-8327-aaf8cfc78532","tintindex":0},"east":{"uv":[10.0,0.0,11.0,1.0],"rotation":0,"texture":"#5c4de9d8-42ab-3519-8327-aaf8cfc78532","tintindex":0},"north":{"uv":[9.0,5.0,11.0,6.0],"rotation":0,"texture":"#5c4de9d8-42ab-3519-8327-aaf8cfc78532","tintindex":0},"south":{"uv":[9.0,8.0,11.0,9.0],"rotation":0,"texture":"#5c4de9d8-42ab-3519-8327-aaf8cfc78532","tintindex":0},"up":{"uv":[5.0,5.0,7.0,6.0],"rotation":0,"texture":"#5c4de9d8-42ab-3519-8327-aaf8cfc78532","tintindex":0},"west":{"uv":[10.0,6.0,11.0,7.0],"rotation":0,"texture":"#5c4de9d8-42ab-3519-8327-aaf8cfc78532","tintindex":0}}},{"name":"cube","from":[8.6,15.650001,6.8],"to":[8.6,20.45,7.4],"rotation":{"angle":-45.0,"axis":"x","origin":[8.0,17.75,8.3]},"faces":{"down":{"uv":[11.0,8.0,5.0,9.0],"rotation":270,"texture":"#5c4de9d8-42ab-3519-8327-aaf8cfc78532","tintindex":0},"east":{"uv":[0.0,0.0,1.0,8.0],"rotation":0,"texture":"#5c4de9d8-42ab-3519-8327-aaf8cfc78532","tintindex":0},"north":{"uv":[5.0,2.0,6.0,10.0],"rotation":0,"texture":"#5c4de9d8-42ab-3519-8327-aaf8cfc78532","tintindex":0},"south":{"uv":[1.0,3.0,2.0,11.0],"rotation":0,"texture":"#5c4de9d8-42ab-3519-8327-aaf8cfc78532","tintindex":0},"up":{"uv":[5.0,0.0,11.0,1.0],"rotation":90,"texture":"#5c4de9d8-42ab-3519-8327-aaf8cfc78532","tintindex":0},"west":{"uv":[0.0,0.0,1.0,8.0],"rotation":0,"texture":"#5c4de9d8-42ab-3519-8327-aaf8cfc78532","tintindex":0}}},{"name":"cube","from":[8.6,15.650001,2.6],"to":[8.6,20.45,3.1999998],"rotation":{"angle":-45.0,"axis":"x","origin":[8.0,17.75,8.3]},"faces":{"down":{"uv":[11.0,8.0,5.0,9.0],"rotation":270,"texture":"#5c4de9d8-42ab-3519-8327-aaf8cfc78532","tintindex":0},"east":{"uv":[0.0,5.0,1.0,13.0],"rotation":0,"texture":"#5c4de9d8-42ab-3519-8327-aaf8cfc78532","tintindex":0},"north":{"uv":[5.0,2.0,6.0,10.0],"rotation":0,"texture":"#5c4de9d8-42ab-3519-8327-aaf8cfc78532","tintindex":0},"south":{"uv":[1.0,3.0,2.0,11.0],"rotation":0,"texture":"#5c4de9d8-42ab-3519-8327-aaf8cfc78532","tintindex":0},"up":{"uv":[5.0,0.0,11.0,1.0],"rotation":90,"texture":"#5c4de9d8-42ab-3519-8327-aaf8cfc78532","tintindex":0},"west":{"uv":[0.0,5.0,1.0,13.0],"rotation":0,"texture":"#5c4de9d8-42ab-3519-8327-aaf8cfc78532","tintindex":0}}},{"name":"cube","from":[7.7,15.650001,5.0],"to":[8.3,20.45,5.0],"rotation":{"angle":-45.0,"axis":"x","origin":[8.0,17.75,8.3]},"faces":{"down":{"uv":[11.0,8.0,5.0,9.0],"rotation":270,"texture":"#5c4de9d8-42ab-3519-8327-aaf8cfc78532","tintindex":0},"east":{"uv":[0.0,5.0,1.0,13.0],"rotation":0,"texture":"#5c4de9d8-42ab-3519-8327-aaf8cfc78532","tintindex":0},"north":{"uv":[15.0,5.0,16.0,13.0],"rotation":0,"texture":"#5c4de9d8-42ab-3519-8327-aaf8cfc78532","tintindex":0},"south":{"uv":[15.0,5.0,16.0,13.0],"rotation":0,"texture":"#5c4de9d8-42ab-3519-8327-aaf8cfc78532","tintindex":0},"up":{"uv":[5.0,0.0,11.0,1.0],"rotation":90,"texture":"#5c4de9d8-42ab-3519-8327-aaf8cfc78532","tintindex":0},"west":{"uv":[0.0,5.0,1.0,13.0],"rotation":0,"texture":"#5c4de9d8-42ab-3519-8327-aaf8cfc78532","tintindex":0}}},{"name":"cube","from":[8.9,15.650001,5.0],"to":[9.5,20.45,5.0],"rotation":{"angle":-45.0,"axis":"x","origin":[8.0,17.75,8.3]},"faces":{"down":{"uv":[11.0,8.0,5.0,9.0],"rotation":270,"texture":"#5c4de9d8-42ab-3519-8327-aaf8cfc78532","tintindex":0},"east":{"uv":[0.0,5.0,1.0,13.0],"rotation":0,"texture":"#5c4de9d8-42ab-3519-8327-aaf8cfc78532","tintindex":0},"north":{"uv":[0.0,0.0,1.0,8.0],"rotation":0,"texture":"#5c4de9d8-42ab-3519-8327-aaf8cfc78532","tintindex":0},"south":{"uv":[0.0,0.0,1.0,8.0],"rotation":0,"texture":"#5c4de9d8-42ab-3519-8327-aaf8cfc78532","tintindex":0},"up":{"uv":[5.0,0.0,11.0,1.0],"rotation":90,"texture":"#5c4de9d8-42ab-3519-8327-aaf8cfc78532","tintindex":0},"west":{"uv":[0.0,5.0,1.0,13.0],"rotation":0,"texture":"#5c4de9d8-42ab-3519-8327-aaf8cfc78532","tintindex":0}}},{"name":"cube","from":[9.8,18.240812,8.336396],"to":[10.4,18.240812,11.936397],"rotation":{"angle":-45.0,"axis":"x","origin":[9.8,15.840813,8.936396]},"faces":{"down":{"uv":[1.0,1.0,0.0,7.0],"rotation":0,"texture":"#5c4de9d8-42ab-3519-8327-aaf8cfc78532","tintindex":0},"east":{"uv":[5.0,3.0,6.0,9.0],"rotation":270,"texture":"#5c4de9d8-42ab-3519-8327-aaf8cfc78532","tintindex":0},"north":{"uv":[6.0,4.0,10.0,5.0],"rotation":180,"texture":"#5c4de9d8-42ab-3519-8327-aaf8cfc78532","tintindex":0},"south":{"uv":[6.0,0.0,10.0,1.0],"rotation":0,"texture":"#5c4de9d8-42ab-3519-8327-aaf8cfc78532","tintindex":0},"up":{"uv":[0.0,1.0,1.0,7.0],"rotation":180,"texture":"#5c4de9d8-42ab-3519-8327-aaf8cfc78532","tintindex":0},"west":{"uv":[5.0,3.0,6.0,9.0],"rotation":90,"texture":"#5c4de9d8-42ab-3519-8327-aaf8cfc78532","tintindex":0}}},{"name":"cube","from":[6.8,18.240812,8.336396],"to":[7.4,18.240812,11.936397],"rotation":{"angle":-45.0,"axis":"x","origin":[9.8,15.840813,8.936396]},"faces":{"down":{"uv":[1.0,3.0,0.0,9.0],"rotation":0,"texture":"#5c4de9d8-42ab-3519-8327-aaf8cfc78532","tintindex":0},"east":{"uv":[5.0,3.0,6.0,9.0],"rotation":270,"texture":"#5c4de9d8-42ab-3519-8327-aaf8cfc78532","tintindex":0},"north":{"uv":[6.0,4.0,10.0,5.0],"rotation":180,"texture":"#5c4de9d8-42ab-3519-8327-aaf8cfc78532","tintindex":0},"south":{"uv":[6.0,0.0,10.0,1.0],"rotation":0,"texture":"#5c4de9d8-42ab-3519-8327-aaf8cfc78532","tintindex":0},"up":{"uv":[0.0,3.0,1.0,9.0],"rotation":180,"texture":"#5c4de9d8-42ab-3519-8327-aaf8cfc78532","tintindex":0},"west":{"uv":[5.0,3.0,6.0,9.0],"rotation":90,"texture":"#5c4de9d8-42ab-3519-8327-aaf8cfc78532","tintindex":0}}},{"name":"cube","from":[6.2,8.6,8.0],"to":[6.8,14.0,8.0],"rotation":{"angle":0.0,"axis":"x","origin":[8.0,8.0,8.0]},"faces":{"down":{"uv":[11.0,4.0,5.0,6.0],"rotation":0,"texture":"#5c4de9d8-42ab-3519-8327-aaf8cfc78532","tintindex":0},"east":{"uv":[8.0,3.0,10.0,12.0],"rotation":0,"texture":"#5c4de9d8-42ab-3519-8327-aaf8cfc78532","tintindex":0},"north":{"uv":[0.0,0.0,1.0,9.0],"rotation":0,"texture":"#5c4de9d8-42ab-3519-8327-aaf8cfc78532","tintindex":0},"south":{"uv":[0.0,1.0,1.0,10.0],"rotation":0,"texture":"#5c4de9d8-42ab-3519-8327-aaf8cfc78532","tintindex":0},"up":{"uv":[5.0,4.0,11.0,6.0],"rotation":0,"texture":"#5c4de9d8-42ab-3519-8327-aaf8cfc78532","tintindex":0},"west":{"uv":[4.0,1.0,4.0,10.0],"rotation":0,"texture":"#5c4de9d8-42ab-3519-8327-aaf8cfc78532","tintindex":0}}},{"name":"cube","from":[10.4,8.6,8.0],"to":[11.0,14.0,8.0],"rotation":{"angle":0.0,"axis":"x","origin":[8.0,8.0,8.0]},"faces":{"down":{"uv":[11.0,4.0,5.0,6.0],"rotation":0,"texture":"#5c4de9d8-42ab-3519-8327-aaf8cfc78532","tintindex":0},"east":{"uv":[8.0,3.0,10.0,12.0],"rotation":0,"texture":"#5c4de9d8-42ab-3519-8327-aaf8cfc78532","tintindex":0},"north":{"uv":[0.0,5.0,1.0,14.0],"rotation":0,"texture":"#5c4de9d8-42ab-3519-8327-aaf8cfc78532","tintindex":0},"south":{"uv":[0.0,5.0,1.0,14.0],"rotation":0,"texture":"#5c4de9d8-42ab-3519-8327-aaf8cfc78532","tintindex":0},"up":{"uv":[5.0,4.0,11.0,6.0],"rotation":0,"texture":"#5c4de9d8-42ab-3519-8327-aaf8cfc78532","tintindex":0},"west":{"uv":[4.0,1.0,4.0,10.0],"rotation":0,"texture":"#5c4de9d8-42ab-3519-8327-aaf8cfc78532","tintindex":0}}}],"display":{"head":{"translation":[0.0,-6.4,0.0],"rotation":[0.0,0.0,0.0],"scale":[3.8095,3.8095,3.8095]},"gui":{"translation":[0.0,0.0,0.0],"rotation":[35.0,225.0,0.0],"scale":[0.625,0.625,0.625]}}}